alpha,K,mixture_id,n,cost_scheme,eta_hat,eta_ci_low,eta_ci_high,separation_status,n_pairs,level,mixture_key
0.2,2,0,1000,constant,0.6969333333333333,0.6811275128880724,0.7127391537785942,separated,60,0.95,mixture/0.2/2/5/0
0.2,2,1,1000,constant,0.4500666666666667,0.43494408100118975,0.4651892523321437,separated,60,0.95,mixture/0.2/2/5/1
0.2,2,2,1000,constant,1.6354333333333333,1.6183387604722617,1.6525279061944051,separated,60,0.95,mixture/0.2/2/5/2
0.2,2,3,1000,constant,0.7406333333333334,0.7312349362360584,0.7500317304306083,separated,60,0.95,mixture/0.2/2/5/3
0.2,2,4,1000,constant,1.3187000000000002,1.2798960273588254,1.357503972641175,separated,60,0.95,mixture/0.2/2/5/4
0.2,2,5,1000,constant,0.4197666666666665,0.40899419507183854,0.4305391382614945,separated,60,0.95,mixture/0.2/2/5/5
0.2,2,6,1000,constant,0.36809999999999987,0.3498949243721561,0.38630507562784355,separated,60,0.95,mixture/0.2/2/5/6
0.2,2,7,1000,constant,0.31633333333333324,0.3077066493082249,0.3249600173584416,separated,60,0.95,mixture/0.2/2/5/7
0.2,2,8,1000,constant,1.395033333333333,1.365412280239827,1.424654386426839,separated,60,0.95,mixture/0.2/2/5/8
0.2,2,9,1000,constant,0.5779666666666661,0.5622087152613748,0.5937246180719573,separated,60,0.95,mixture/0.2/2/5/9
0.2,2,10,1000,constant,0.3032333333333337,0.2951376854008424,0.311328981265825,separated,60,0.95,mixture/0.2/2/5/10
0.2,2,11,1000,constant,0.22353333333333336,0.20651659224140118,0.24055007442526555,separated,60,0.95,mixture/0.2/2/5/11
0.2,2,12,1000,constant,1.6415,1.5683284596364049,1.7146715403635953,separated,60,0.95,mixture/0.2/2/5/12
0.2,2,13,1000,constant,0.3948666666666669,0.38158683389515524,0.4081464994381786,separated,60,0.95,mixture/0.2/2/5/13
0.2,2,14,1000,constant,0.2683333333333333,0.2576330370150127,0.2790336296516539,separated,60,0.95,mixture/0.2/2/5/14
0.2,2,15,1000,constant,0.3612333333333334,0.35406327691907136,0.36840338974759546,separated,60,0.95,mixture/0.2/2/5/15
0.2,2,16,1000,constant,0.6472666666666669,0.6338184107026843,0.6607149226306493,separated,60,0.95,mixture/0.2/2/5/16
0.2,2,17,1000,constant,0.3855333333333334,0.3707811541255034,0.4002855125411634,separated,60,0.95,mixture/0.2/2/5/17
0.2,2,18,1000,constant,0.19563333333333333,0.17365043579184836,0.2176162308748183,separated,60,0.95,mixture/0.2/2/5/18
0.2,2,19,1000,constant,0.25916666666666655,0.25072948258417094,0.26760385074916215,separated,60,0.95,mixture/0.2/2/5/19
0.2,2,20,1000,constant,0.2890666666666669,0.27685794512672157,0.30127538820661226,separated,60,0.95,mixture/0.2/2/5/20
0.2,2,21,1000,constant,0.2885333333333333,0.2786126764239576,0.298453990242709,separated,60,0.95,mixture/0.2/2/5/21
0.2,2,22,1000,constant,0.7672999999999996,0.7525132550354074,0.7820867449645919,separated,60,0.95,mixture/0.2/2/5/22
0.2,2,23,1000,constant,0.30389999999999995,0.2922099573999585,0.3155900426000414,separated,60,0.95,mixture/0.2/2/5/23
0.2,2,24,1000,constant,0.48749999999999993,0.46364963211970855,0.5113503678802913,separated,60,0.95,mixture/0.2/2/5/24
0.2,2,25,1000,constant,0.4991,0.4881531941437468,0.5100468058562532,separated,60,0.95,mixture/0.2/2/5/25
0.2,2,26,1000,constant,0.7021666666666666,0.6914366905311878,0.7128966428021454,separated,60,0.95,mixture/0.2/2/5/26
0.2,2,27,1000,constant,0.3920999999999999,0.38289548075546165,0.40130451924453814,separated,60,0.95,mixture/0.2/2/5/27
0.2,2,28,1000,constant,0.31789999999999974,0.3083006288417097,0.32749937115828975,separated,60,0.95,mixture/0.2/2/5/28
0.2,2,29,1000,constant,0.4238333333333334,0.41370550182098326,0.43396116484568353,separated,60,0.95,mixture/0.2/2/5/29
0.2,3,0,1000,constant,0.18389999999999984,0.1735888950131571,0.19421110498684258,separated,60,0.95,mixture/0.2/3/5/0
0.2,3,1,1000,constant,0.29326666666666656,0.2784464847475251,0.30808684858580804,separated,60,0.95,mixture/0.2/3/5/1
0.2,3,2,1000,constant,0.2784333333333332,0.2611350675892058,0.2957315990774606,separated,60,0.95,mixture/0.2/3/5/2
0.2,3,3,1000,constant,0.42680000000000007,0.41083625140211755,0.441452798794741,separated,60,0.95,mixture/0.2/3/5/3
0.2,3,4,1000,constant,0.4660999999999999,0.4555375187425072,0.4766624812574926,separated,60,0.95,mixture/0.2/3/5/4
0.2,3,5,1000,constant,0.17493333333333327,0.13768791878584719,0.21217874788081936,separated,60,0.95,mixture/0.2/3/5/5
0.2,3,6,1000,constant,0.14706666666666657,0.12702405591101984,0.1671092774223133,separated,60,0.95,mixture/0.2/3/5/6
0.2,3,7,1000,constant,0.6644999999999996,0.6379974015057058,0.6910025984942936,separated,60,0.95,mixture/0.2/3/5/7
0.2,3,8,1000,constant,-0.008033333333333226,-0.04479648898812538,0.02872982232145893,uncertain,60,0.95,mixture/0.2/3/5/8
0.2,3,9,1000,constant,0.24806666666666655,0.23425740757790525,0.26187592575542784,separated,60,0.95,mixture/0.2/3/5/9
0.2,3,10,1000,constant,0.0522999999999999,-0.01466743521314573,0.07057743417923423,uncertain,60,0.95,mixture/0.2/3/5/10
0.2,3,11,1000,constant,0.6030999999999996,0.5883671811011959,0.6178328188988034,separated,60,0.95,mixture/0.2/3/5/11
0.2,3,12,1000,constant,0.7063999999999997,0.6867983966163856,0.7260016033836139,separated,60,0.95,mixture/0.2/3/5/12
0.2,3,13,1000,constant,1.0522666666666667,1.0070071552487332,1.0975261780846004,separated,60,0.95,mixture/0.2/3/5/13
0.2,3,14,1000,constant,0.615,0.6041944611304118,0.6258055388695885,separated,60,0.95,mixture/0.2/3/5/14
0.2,3,15,1000,constant,0.5439333333333336,0.5227338891142281,0.5651327775524391,separated,60,0.95,mixture/0.2/3/5/15
0.2,3,16,1000,constant,0.4015333333333333,0.3788518525114897,0.4242148141551769,separated,60,0.95,mixture/0.2/3/5/16
0.2,3,17,1000,constant,0.2226666666666668,0.20652810539115607,0.23585718375220022,separated,60,0.95,mixture/0.2/3/5/17
0.2,3,18,1000,constant,0.37176666666666647,0.3580757239868919,0.385457609346441,separated,60,0.95,mixture/0.2/3/5/18
0.2,3,19,1000,constant,0.6734000000000002,0.6628614739111831,0.6839385260888173,separated,60,0.95,mixture/0.2/3/5/19
0.2,3,20,1000,constant,0.8854333333333333,0.8665638188351659,0.9043028478315007,separated,60,0.95,mixture/0.2/3/5/20
0.2,3,21,1000,constant,0.6041333333333332,0.5864309133634548,0.6218357533032116,separated,60,0.95,mixture/0.2/3/5/21
0.2,3,22,1000,constant,0.2426666666666668,0.2285099732894591,0.2568233600438745,separated,60,0.95,mixture/0.2/3/5/22
0.2,3,23,1000,constant,0.5166,0.47886871486021043,0.5543312851397895,separated,60,0.95,mixture/0.2/3/5/23
0.2,3,24,1000,constant,0.2653000000000001,0.25072603199303023,0.27987396800696995,separated,60,0.95,mixture/0.2/3/5/24
0.2,3,25,1000,constant,0.6606,0.6458429393107085,0.6753570606892915,separated,60,0.95,mixture/0.2/3/5/25
0.2,3,26,1000,constant,0.5961333333333334,0.5325612262258531,0.6278049544723079,separated,60,0.95,mixture/0.2/3/5/26
0.2,3,27,1000,constant,0.5900666666666666,0.5688468838827372,0.6112864494505961,separated,60,0.95,mixture/0.2/3/5/27
0.2,3,28,1000,constant,0.4698999999999999,0.45428025184293136,0.4855197481570684,separated,60,0.95,mixture/0.2/3/5/28
0.2,3,29,1000,constant,0.2185999999999998,0.20463000841922452,0.23256999158077507,separated,60,0.95,mixture/0.2/3/5/29
0.2,4,0,1000,constant,0.3268,0.31622951028636503,0.3373704897136349,separated,60,0.95,mixture/0.2/4/5/0
0.2,4,1,1000,constant,0.3057999999999999,0.29464827762068047,0.31695172237931935,separated,60,0.95,mixture/0.2/4/5/1
0.2,4,2,1000,constant,0.3138666666666665,0.3022967002271698,0.3254366331061632,separated,60,0.95,mixture/0.2/4/5/2
0.2,4,3,1000,constant,0.20446666666666657,0.19657608206252541,0.21235725127080773,separated,60,0.95,mixture/0.2/4/5/3
0.2,4,4,1000,constant,0.1173333333333334,0.1026700763686913,0.1319965902979755,separated,60,0.95,mixture/0.2/4/5/4
0.2,4,5,1000,constant,0.11506666666666676,0.09070021185548394,0.13943312147784964,separated,60,0.95,mixture/0.2/4/5/5
0.2,4,6,1000,constant,0.42883333333333307,0.40780473563580344,0.4469240392376117,separated,60,0.95,mixture/0.2/4/5/6
0.2,4,7,1000,constant,0.39573333333333327,0.37393958429233376,0.4175270823743328,separated,60,0.95,mixture/0.2/4/5/7
0.2,4,8,1000,constant,0.12603333333333344,0.11157425572134716,0.14049241094531972,separated,60,0.95,mixture/0.2/4/5/8
0.2,4,9,1000,constant,0.4156333333333331,0.40493183450707604,0.4263348321595901,separated,60,0.95,mixture/0.2/4/5/9
0.2,4,10,1000,constant,0.21099999999999974,0.19830781208041826,0.22369218791958123,separated,60,0.95,mixture/0.2/4/5/10
0.2,4,11,1000,constant,0.21486666666666665,0.20372109393282722,0.22601223940050608,separated,60,0.95,mixture/0.2/4/5/11
0.2,4,12,1000,constant,0.22666666666666657,0.20591186450773458,0.24742146882559857,separated,60,0.95,mixture/0.2/4/5/12
0.2,4,13,1000,constant,0.24499999999999977,0.2323091300563972,0.2569817387096315,separated,60,0.95,mixture/0.2/4/5/13
0.2,4,14,1000,constant,0.12426666666666675,0.11166017699134223,0.13687315634199126,separated,60,0.95,mixture/0.2/4/5/14
0.2,4,15,1000,constant,0.6181333333333334,0.5996550265528744,0.6366116401137922,separated,60,0.95,mixture/0.2/4/5/15
0.2,4,16,1000,constant,0.2374666666666666,0.223252292523063,0.2516810408102702,separated,60,0.95,mixture/0.2/4/5/16
0.2,4,17,1000,constant,0.10160000000000002,0.09214414206198207,0.11105585793801798,separated,60,0.95,mixture/0.2/4/5/17
0.2,4,18,1000,constant,0.10006666666666675,0.06469928234779276,0.13543405098554073,separated,60,0.95,mixture/0.2/4/5/18
0.2,4,19,1000,constant,0.24573333333333336,0.22955451691961815,0.2619121497470486,separated,60,0.95,mixture/0.2/4/5/19
0.2,4,20,1000,constant,0.2886333333333332,0.27885324339028095,0.2984134232763854,separated,60,0.95,mixture/0.2/4/5/20
0.2,4,21,1000,constant,0.13250000000000006,0.11289454277700384,0.1521054572229963,separated,60,0.95,mixture/0.2/4/5/21
0.2,4,22,1000,constant,0.2214666666666667,0.20829221241920226,0.23464112091413114,separated,60,0.95,mixture/0.2/4/5/22
0.2,4,23,1000,constant,0.09206666666666674,0.07873167763309308,0.1054016557002404,separated,60,0.95,mixture/0.2/4/5/23
0.2,4,24,1000,constant,0.14773333333333338,0.13072210138829532,0.16474456527837145,separated,60,0.95,mixture/0.2/4/5/24
0.2,4,25,1000,constant,0.12250000000000005,0.11325695797007962,0.1317430420299205,separated,60,0.95,mixture/0.2/4/5/25
0.2,4,26,1000,constant,-0.18803333333333327,-0.44716170371123876,0.0710950370445721,uncertain,60,0.95,mixture/0.2/4/5/26
0.2,4,27,1000,constant,0.1545333333333334,0.14426929655178022,0.1647973701148866,separated,60,0.95,mixture/0.2/4/5/27
0.2,4,28,1000,constant,0.2826333333333334,0.27089853690002086,0.29436812976664595,separated,60,0.95,mixture/0.2/4/5/28
0.2,4,29,1000,constant,0.0764999999999999,0.06606195003671811,0.0869380499632817,separated,60,0.95,mixture/0.2/4/5/29
0.2,5,0,1000,constant,0.21689999999999987,0.20278843495886534,0.2310115650411344,separated,60,0.95,mixture/0.2/5/5/0
0.2,5,1,1000,constant,0.0022333333333336425,-0.016904624575633243,0.021371291242300527,uncertain,60,0.95,mixture/0.2/5/5/1
0.2,5,2,1000,constant,0.12236666666666673,0.08102192202441016,0.1637114113089233,separated,60,0.95,mixture/0.2/5/5/2
0.2,5,3,1000,constant,0.28200000000000003,0.2687262400071506,0.29527375999284944,separated,60,0.95,mixture/0.2/5/5/3
0.2,5,4,1000,constant,0.15673333333333328,0.14651635434457444,0.16695031232209212,separated,60,0.95,mixture/0.2/5/5/4
0.2,5,5,1000,constant,0.2667666666666666,0.24391279140825028,0.2896205419250829,separated,60,0.95,mixture/0.2/5/5/5
0.2,5,6,1000,constant,0.4519666666666665,0.3857466055650616,0.5181867277682715,separated,60,0.95,mixture/0.2/5/5/6
0.2,5,7,1000,constant,0.1803666666666669,0.16195990596844434,0.19877342736488945,separated,60,0.95,mixture/0.2/5/5/7
0.2,5,8,1000,constant,0.061833333333333296,0.04167494453782339,0.0819917221288432,separated,60,0.95,mixture/0.2/5/5/8
0.2,5,9,1000,constant,0.10126666666666662,0.08408226431736587,0.11845106901596736,separated,60,0.95,mixture/0.2/5/5/9
0.2,5,10,1000,constant,0.04360000000000008,0.021313060647510373,0.06588693935248979,separated,60,0.95,mixture/0.2/5/5/10
0.2,5,11,1000,constant,0.12249999999999983,0.11131622728880208,0.13368377271119758,separated,60,0.95,mixture/0.2/5/5/11
0.2,5,12,1000,constant,0.02290000000000003,0.006727958605232787,0.039072041394767276,separated,60,0.95,mixture/0.2/5/5/12
0.2,5,13,1000,constant,0.11946666666666672,0.08632314370119532,0.15261018963213813,separated,60,0.95,mixture/0.2/5/5/13
0.2,5,14,1000,constant,0.14156666666666662,0.11732247082812186,0.16581086250521138,separated,60,0.95,mixture/0.2/5/5/14
0.2,5,15,1000,constant,0.1198999999999999,0.0978125162584288,0.141987483741571,separated,60,0.95,mixture/0.2/5/5/15
0.2,5,16,1000,constant,-0.042266666666666675,-0.061276955733291505,-0.023256377600041844,nonseparated,60,0.95,mixture/0.2/5/5/16
0.2,5,17,1000,constant,0.07779999999999998,0.06703241565307838,0.08856758434692158,separated,60,0.95,mixture/0.2/5/5/17
0.2,5,18,1000,constant,0.11196666666666666,0.09794904005520433,0.125984293278129,separated,60,0.95,mixture/0.2/5/5/18
0.2,5,19,1000,constant,0.12206666666666666,0.11120716458999574,0.13292616874333757,separated,60,0.95,mixture/0.2/5/5/19
0.2,5,20,1000,constant,-0.5263666666666665,-0.541464177753481,-0.5112691555798521,nonseparated,60,0.95,mixture/0.2/5/5/20
0.2,5,21,1000,constant,0.1750666666666666,0.15282552481596112,0.19554744320457784,separated,60,0.95,mixture/0.2/5/5/21
0.2,5,22,1000,constant,0.2718999999999998,0.2397342651219888,0.3040657348780108,separated,60,0.95,mixture/0.2/5/5/22
0.2,5,23,1000,constant,0.0045999999999999375,-0.006513492361186923,0.015713492361186798,uncertain,60,0.95,mixture/0.2/5/5/23
0.2,5,24,1000,constant,0.19669999999999987,0.16543662626603917,0.22796337373396058,separated,60,0.95,mixture/0.2/5/5/24
0.2,5,25,1000,constant,0.3416666666666667,0.31297343488561624,0.35400795220858583,separated,60,0.95,mixture/0.2/5/5/25
0.2,5,26,1000,constant,0.10403333333333342,0.08782907914354521,0.12023758752312164,separated,60,0.95,mixture/0.2/5/5/26
0.2,5,27,1000,constant,0.08176666666666643,0.07112385372570529,0.0917009030587369,separated,60,0.95,mixture/0.2/5/5/27
0.2,5,28,1000,constant,-0.24733333333333346,-0.26398045707537904,-0.23068620959128788,nonseparated,60,0.95,mixture/0.2/5/5/28
0.2,5,29,1000,constant,0.13526666666666676,0.11599531237082683,0.15453802096250668,separated,60,0.95,mixture/0.2/5/5/29
0.2,6,0,1000,constant,0.23673333333333335,0.22304546102930556,0.25042120563736114,separated,60,0.95,mixture/0.2/6/5/0
0.2,6,1,1000,constant,0.2548333333333336,0.23951646111116798,0.2701502055554992,separated,60,0.95,mixture/0.2/6/5/1
0.2,6,2,1000,constant,0.02643333333333331,0.013251418302362095,0.03961524836430452,separated,60,0.95,mixture/0.2/6/5/2
0.2,6,3,1000,constant,0.22363333333333346,0.21050649740845795,0.23676016925820897,separated,60,0.95,mixture/0.2/6/5/3
0.2,6,4,1000,constant,0.03420000000000012,0.017017543613004116,0.05138245638699612,separated,60,0.95,mixture/0.2/6/5/4
0.2,6,5,1000,constant,0.16456666666666664,0.15267460397029364,0.17645872936303963,separated,60,0.95,mixture/0.2/6/5/5
0.2,6,6,1000,constant,0.18433333333333346,0.16647844012020652,0.19830926196748033,separated,60,0.95,mixture/0.2/6/5/6
0.2,6,7,1000,constant,-0.16389999999999993,-0.1787110581960062,-0.14908894180399368,nonseparated,60,0.95,mixture/0.2/6/5/7
0.2,6,8,1000,constant,0.14790000000000003,0.13386861941516293,0.16193138058483714,separated,60,0.95,mixture/0.2/6/5/8
0.2,6,9,1000,constant,0.11186666666666645,0.02005094835893606,0.20239609389659485,separated,60,0.95,mixture/0.2/6/5/9
0.2,6,10,1000,constant,0.0926999999999999,0.07551493333323367,0.10988506666676612,separated,60,0.95,mixture/0.2/6/5/10
0.2,6,11,1000,constant,0.12513333333333343,0.10873419642714555,0.1415324702395213,separated,60,0.95,mixture/0.2/6/5/11
0.2,6,12,1000,constant,0.28579999999999994,0.2674542330977763,0.3041457669022236,separated,60,0.95,mixture/0.2/6/5/12
0.2,6,13,1000,constant,-0.1964333333333334,-0.22091514938634293,-0.17195151728032387,nonseparated,60,0.95,mixture/0.2/6/5/13
0.2,6,14,1000,constant,0.21963333333333335,0.20582793596050442,0.23343873070616228,separated,60,0.95,mixture/0.2/6/5/14
0.2,6,15,1000,constant,-0.1272333333333333,-0.1505939835336511,-0.10387268313301551,nonseparated,60,0.95,mixture/0.2/6/5/15
0.2,6,16,1000,constant,0.29566666666666674,0.23496361815543965,0.3366622776557826,separated,60,0.95,mixture/0.2/6/5/16
0.2,6,17,1000,constant,0.13503333333333323,0.11443624960206844,0.15563041706459801,separated,60,0.95,mixture/0.2/6/5/17
0.2,6,18,1000,constant,0.20109999999999995,0.16529773605223597,0.23690226394776392,separated,60,0.95,mixture/0.2/6/5/18
0.2,6,19,1000,constant,0.044499999999999984,0.013237265069178106,0.07576273493082186,separated,60,0.95,mixture/0.2/6/5/19
0.2,6,20,1000,constant,0.16233333333333333,0.1460088217646449,0.17865784490202175,separated,60,0.95,mixture/0.2/6/5/20
0.2,6,21,1000,constant,0.15613333333333335,0.1432362356610951,0.16903043100557158,separated,60,0.95,mixture/0.2/6/5/21
0.2,6,22,1000,constant,0.049000000000000155,0.020649398658397322,0.07735060134160299,separated,60,0.95,mixture/0.2/6/5/22
0.2,6,23,1000,constant,0.12369999999999992,0.1053065043001592,0.14209349569984064,separated,60,0.95,mixture/0.2/6/5/23
0.2,6,24,1000,constant,0.11686666666666656,0.10307924459699769,0.13065408873633544,separated,60,0.95,mixture/0.2/6/5/24
0.2,6,25,1000,constant,0.14223333333333343,0.12315852099461744,0.16130814567204943,separated,60,0.95,mixture/0.2/6/5/25
0.2,6,26,1000,constant,0.23163333333333325,0.21913995984039747,0.24412670682626902,separated,60,0.95,mixture/0.2/6/5/26
0.2,6,27,1000,constant,0.11856666666666671,0.09862192915575052,0.1385114041775829,separated,60,0.95,mixture/0.2/6/5/27
0.2,6,28,1000,constant,0.15926666666666678,0.14863460855973543,0.16989872477359813,separated,60,0.95,mixture/0.2/6/5/28
0.2,6,29,1000,constant,0.30856666666666666,0.29780222680062246,0.31933110653271085,separated,60,0.95,mixture/0.2/6/5/29
0.2,7,0,1000,constant,0.00663333333333338,-0.012732690962921955,0.025999357629588715,uncertain,60,0.95,mixture/0.2/7/5/0
0.2,7,1,1000,constant,0.05623333333333347,0.044371449932936624,0.06809521673373031,separated,60,0.95,mixture/0.2/7/5/1
0.2,7,2,1000,constant,0.3614666666666666,0.3483058920642944,0.3746274412690388,separated,60,0.95,mixture/0.2/7/5/2
0.2,7,3,1000,constant,-0.5129666666666668,-0.543514786534302,-0.4824185467990316,nonseparated,60,0.95,mixture/0.2/7/5/3
0.2,7,4,1000,constant,0.09163333333333334,0.0665859948253229,0.11668067184134379,separated,60,0.95,mixture/0.2/7/5/4
0.2,7,5,1000,constant,0.08500000000000008,0.059106745304437935,0.11089325469556222,separated,60,0.95,mixture/0.2/7/5/5
0.2,7,6,1000,constant,0.13073333333333348,0.08227811426692411,0.1776411766659035,separated,60,0.95,mixture/0.2/7/5/6
0.2,7,7,1000,constant,0.1552,0.14016919821007545,0.17023080178992456,separated,60,0.95,mixture/0.2/7/5/7
0.2,7,8,1000,constant,0.11586666666666645,0.09156284907900825,0.14017048425432466,separated,60,0.95,mixture/0.2/7/5/8
0.2,7,9,1000,constant,0.1668333333333334,0.13802522239532722,0.18605026053238338,separated,60,0.95,mixture/0.2/7/5/9
0.2,7,10,1000,constant,-0.20456666666666684,-0.2391223576760222,-0.1700109756573115,nonseparated,60,0.95,mixture/0.2/7/5/10
0.2,7,11,1000,constant,0.12053333333333327,0.11020813325831702,0.13085853340834952,separated,60,0.95,mixture/0.2/7/5/11
0.2,7,12,1000,constant,0.047766666666666624,0.020233443481980196,0.07529988985135305,separated,60,0.95,mixture/0.2/7/5/12
0.2,7,13,1000,constant,-0.018033333333333457,-0.0284999658318007,-0.0075667008348662135,nonseparated,60,0.95,mixture/0.2/7/5/13
0.2,7,14,1000,constant,0.023333333333333317,0.011910372779215805,0.03475629388745083,separated,60,0.95,mixture/0.2/7/5/14
0.2,7,15,1000,constant,0.00996666666666668,-0.00961731108614483,0.02955064441947819,uncertain,60,0.95,mixture/0.2/7/5/15
0.2,7,16,1000,constant,0.12739999999999996,0.09348914700717148,0.1613108529928285,separated,60,0.95,mixture/0.2/7/5/16
0.2,7,17,1000,constant,0.14019999999999988,0.1232387445906441,0.154816091179802,separated,60,0.95,mixture/0.2/7/5/17
0.2,7,18,1000,constant,0.06453333333333355,0.027473585560865765,0.10159308110580134,separated,60,0.95,mixture/0.2/7/5/18
0.2,7,19,1000,constant,0.04589999999999994,0.03378763094965509,0.05801236905034479,separated,60,0.95,mixture/0.2/7/5/19
0.2,7,20,1000,constant,0.11726666666666663,0.0965777745812747,0.13795555875205856,separated,60,0.95,mixture/0.2/7/5/20
0.2,7,21,1000,constant,0.14293333333333347,0.1273159840939898,0.15855068257267713,separated,60,0.95,mixture/0.2/7/5/21
0.2,7,22,1000,constant,0.05600000000000016,0.015159097841799474,0.08120135254104033,separated,60,0.95,mixture/0.2/7/5/22
0.2,7,23,1000,constant,-0.07963333333333322,-0.09626719702844588,-0.06299946963822056,nonseparated,60,0.95,mixture/0.2/7/5/23
0.2,7,24,1000,constant,0.03473333333333328,0.011626991078686477,0.05783967558798009,separated,60,0.95,mixture/0.2/7/5/24
0.2,7,25,1000,constant,-0.08219999999999983,-0.10096890849148477,-0.06343109150851489,nonseparated,60,0.95,mixture/0.2/7/5/25
0.2,7,26,1000,constant,0.04283333333333317,0.023020833430044352,0.06264583323662198,separated,60,0.95,mixture/0.2/7/5/26
0.2,7,27,1000,constant,0.1012666666666664,0.08613882627202085,0.11639450706131194,separated,60,0.95,mixture/0.2/7/5/27
0.2,7,28,1000,constant,0.11440000000000017,0.09626406145674027,0.13253593854326007,separated,60,0.95,mixture/0.2/7/5/28
0.2,7,29,1000,constant,0.09620000000000006,0.08156154874180521,0.11083845125819491,separated,60,0.95,mixture/0.2/7/5/29
0.2,8,0,1000,constant,0.05809999999999993,0.030689951875364052,0.0855100481246358,separated,60,0.95,mixture/0.2/8/5/0
0.2,8,1,1000,constant,0.045666666666666744,0.017101023550701533,0.07423230978263196,separated,60,0.95,mixture/0.2/8/5/1
0.2,8,2,1000,constant,0.08836666666666693,0.07170185555591091,0.10503147777742294,separated,60,0.95,mixture/0.2/8/5/2
0.2,8,3,1000,constant,-0.008399999999999963,-0.02521803672709677,0.008418036727096845,uncertain,60,0.95,mixture/0.2/8/5/3
0.2,8,4,1000,constant,-0.08666666666666667,-0.11674614498690683,-0.05658718834642651,nonseparated,60,0.95,mixture/0.2/8/5/4
0.2,8,5,1000,constant,0.06666666666666676,0.0526121692723005,0.08072116406103302,separated,60,0.95,mixture/0.2/8/5/5
0.2,8,6,1000,constant,-0.02976666666666672,-0.0455499730059048,-0.01398336032742864,nonseparated,60,0.95,mixture/0.2/8/5/6
0.2,8,7,1000,constant,0.0006333333333332636,-0.04072431502294516,0.041990981689611684,uncertain,60,0.95,mixture/0.2/8/5/7
0.2,8,8,1000,constant,0.039033333333333364,0.02161094859053636,0.05645571807613037,separated,60,0.95,mixture/0.2/8/5/8
0.2,8,9,1000,constant,0.08399999999999996,0.07329547376653489,0.09470452623346504,separated,60,0.95,mixture/0.2/8/5/9
0.2,8,10,1000,constant,-0.06809999999999994,-0.08836378847652926,-0.04783621152347062,nonseparated,60,0.95,mixture/0.2/8/5/10
0.2,8,11,1000,constant,-0.16826666666666668,-0.17996866016065877,-0.15656467317267458,nonseparated,60,0.95,mixture/0.2/8/5/11
0.2,8,12,1000,constant,0.010766666666666591,-0.010474613116115306,0.03200794644944849,uncertain,60,0.95,mixture/0.2/8/5/12
0.2,8,13,1000,constant,0.17586666666666673,0.16010310473296535,0.19095039681269527,separated,60,0.95,mixture/0.2/8/5/13
0.2,8,14,1000,constant,0.03599999999999992,0.022327720766026182,0.04967227923397366,separated,60,0.95,mixture/0.2/8/5/14
0.2,8,15,1000,constant,0.053400000000000114,0.032206019755380955,0.07459398024461927,separated,60,0.95,mixture/0.2/8/5/15
0.2,8,16,1000,constant,0.04693333333333316,0.029168579388595517,0.0646980872780708,separated,60,0.95,mixture/0.2/8/5/16
0.2,8,17,1000,constant,0.11246666666666638,0.0955986530711761,0.12933468026215666,separated,60,0.95,mixture/0.2/8/5/17
0.2,8,18,1000,constant,0.1448666666666668,0.11545991473446682,0.1742734185988668,separated,60,0.95,mixture/0.2/8/5/18
0.2,8,19,1000,constant,-0.08373333333333349,-0.11281851142347621,-0.0604642881150258,nonseparated,60,0.95,mixture/0.2/8/5/19
0.2,8,20,1000,constant,-0.041999999999999815,-0.07705592865781885,-0.00694407134218078,nonseparated,60,0.95,mixture/0.2/8/5/20
0.2,8,21,1000,constant,-0.17676666666666674,-0.6003293844332523,0.21023002661895673,uncertain,60,0.95,mixture/0.2/8/5/21
0.2,8,22,1000,constant,-0.08193333333333319,-0.10888888265762331,-0.054977784009043074,nonseparated,60,0.95,mixture/0.2/8/5/22
0.2,8,23,1000,constant,-0.2659333333333332,-0.30228939824178536,-0.22957726842488102,nonseparated,60,0.95,mixture/0.2/8/5/23
0.2,8,24,1000,constant,0.013633333333333275,-0.032874116479269855,0.060140783145936405,uncertain,60,0.95,mixture/0.2/8/5/24
0.2,8,25,1000,constant,0.04859999999999998,0.018655370150195916,0.07854462984980404,separated,60,0.95,mixture/0.2/8/5/25
0.2,8,26,1000,constant,-0.07363333333333333,-0.1251002744063966,-0.022166392260270062,nonseparated,60,0.95,mixture/0.2/8/5/26
0.2,8,27,1000,constant,0.09170000000000023,0.07977791908395693,0.10362208091604352,separated,60,0.95,mixture/0.2/8/5/27
0.2,8,28,1000,constant,0.025666666666666393,0.0010973830069135326,0.050235950326419254,separated,60,0.95,mixture/0.2/8/5/28
0.2,8,29,1000,constant,0.11709999999999998,0.10263175177686101,0.13156824822313895,separated,60,0.95,mixture/0.2/8/5/29
0.2,9,0,1000,constant,0.04513333333333347,-0.09782143718449687,0.07139765424088129,uncertain,60,0.95,mixture/0.2/9/5/0
0.2,9,1,1000,constant,-0.2529666666666668,-0.27822872515333014,-0.22770460818000343,nonseparated,60,0.95,mixture/0.2/9/5/1
0.2,9,2,1000,constant,0.04953333333333321,0.02799344261814174,0.07107322404852467,separated,60,0.95,mixture/0.2/9/5/2
0.2,9,3,1000,constant,-0.10409999999999997,-0.12502487232942427,-0.08317512767057567,nonseparated,60,0.95,mixture/0.2/9/5/3
0.2,9,4,1000,constant,-0.2438999999999999,-0.27423811054861286,-0.21356188945138693,nonseparated,60,0.95,mixture/0.2/9/5/4
0.2,9,5,1000,constant,0.18933333333333335,0.17415144741720068,0.20451521924946603,separated,60,0.95,mixture/0.2/9/5/5
0.2,9,6,1000,constant,-0.1014666666666667,-0.153745549211882,-0.04918778412145142,nonseparated,60,0.95,mixture/0.2/9/5/6
0.2,9,7,1000,constant,0.11483333333333345,0.09240984132981733,0.13725682533684957,separated,60,0.95,mixture/0.2/9/5/7
0.2,9,8,1000,constant,-0.06563333333333354,-0.090872023871713,-0.04039464279495408,nonseparated,60,0.95,mixture/0.2/9/5/8
0.2,9,9,1000,constant,-0.01223333333333343,-0.04549878961191822,0.021032122945251364,uncertain,60,0.95,mixture/0.2/9/5/9
0.2,9,10,1000,constant,-0.31600000000000006,-0.6147145990003756,-0.0172854009996245,nonseparated,60,0.95,mixture/0.2/9/5/10
0.2,9,11,1000,constant,-0.05580000000000018,-0.07762253067463398,-0.03397746932536638,nonseparated,60,0.95,mixture/0.2/9/5/11
0.2,9,12,1000,constant,0.16463333333333363,0.14942508504671848,0.1798415816199488,separated,60,0.95,mixture/0.2/9/5/12
0.2,9,13,1000,constant,0.19556666666666656,0.16460438745625705,0.22652894587707606,separated,60,0.95,mixture/0.2/9/5/13
0.2,9,14,1000,constant,-0.03373333333333317,-0.055308202895021696,-0.012158463771644645,nonseparated,60,0.95,mixture/0.2/9/5/14
0.2,9,15,1000,constant,0.012266666666666648,-0.012897448272279677,0.03743078160561297,uncertain,60,0.95,mixture/0.2/9/5/15
0.2,9,16,1000,constant,0.15093333333333336,0.1353275187072973,0.16653914795936942,separated,60,0.95,mixture/0.2/9/5/16
0.2,9,17,1000,constant,-0.1977,-0.21781433323781374,-0.17758566676218623,nonseparated,60,0.95,mixture/0.2/9/5/17
0.2,9,18,1000,constant,-0.4260333333333334,-0.4407299232042249,-0.41133674346244187,nonseparated,60,0.95,mixture/0.2/9/5/18
0.2,9,19,1000,constant,0.16816666666666658,0.14885721613083225,0.1874761172025009,separated,60,0.95,mixture/0.2/9/5/19
0.2,9,20,1000,constant,-0.11483333333333329,-0.13125589623928052,-0.09841077042738605,nonseparated,60,0.95,mixture/0.2/9/5/20
0.2,9,21,1000,constant,-0.06246666666666656,-0.1339556283075216,-0.04035512911909389,nonseparated,60,0.95,mixture/0.2/9/5/21
0.2,9,22,1000,constant,0.17033333333333356,0.15411848834368902,0.1865481783229781,separated,60,0.95,mixture/0.2/9/5/22
0.2,9,23,1000,constant,-0.19180000000000003,-0.22028403876728586,-0.1633159612327142,nonseparated,60,0.95,mixture/0.2/9/5/23
0.2,9,24,1000,constant,0.08350000000000002,0.07043313430268927,0.09656686569731077,separated,60,0.95,mixture/0.2/9/5/24
0.2,9,25,1000,constant,-0.08943333333333336,-0.11375406301022084,-0.06511260365644589,nonseparated,60,0.95,mixture/0.2/9/5/25
0.2,9,26,1000,constant,-0.19839999999999974,-0.2166569694660691,-0.18014303053393038,nonseparated,60,0.95,mixture/0.2/9/5/26
0.2,9,27,1000,constant,0.02376666666666649,-0.001344776648176338,0.04887810998150932,uncertain,60,0.95,mixture/0.2/9/5/27
0.2,9,28,1000,constant,-0.0871666666666665,-0.10872152842384941,-0.0656118049094836,nonseparated,60,0.95,mixture/0.2/9/5/28
0.2,9,29,1000,constant,0.17579999999999996,0.16302579775089987,0.1885742022491,separated,60,0.95,mixture/0.2/9/5/29
0.2,10,0,1000,constant,-0.36196666666666655,-0.4060109556358828,-0.3179223776974503,nonseparated,60,0.95,mixture/0.2/10/5/0
0.2,10,1,1000,constant,-0.0829000000000002,-0.09594812785924833,-0.06985187214075206,nonseparated,60,0.95,mixture/0.2/10/5/1
0.2,10,2,1000,constant,-0.007833333333333248,-0.033800202810339575,0.01813353614367308,uncertain,60,0.95,mixture/0.2/10/5/2
0.2,10,3,1000,constant,-0.06753333333333311,-0.08546230641388697,-0.049604360252779256,nonseparated,60,0.95,mixture/0.2/10/5/3
0.2,10,4,1000,constant,0.14683333333333348,0.10264912557042116,0.1910175410962458,separated,60,0.95,mixture/0.2/10/5/4
0.2,10,5,1000,constant,0.05930000000000013,0.024862120373191576,0.09373787962680868,separated,60,0.95,mixture/0.2/10/5/5
0.2,10,6,1000,constant,-0.21383333333333338,-0.23494042142524724,-0.1927262452414195,nonseparated,60,0.95,mixture/0.2/10/5/6
0.2,10,7,1000,constant,0.04716666666666669,0.02757355211160495,0.06675978122172843,separated,60,0.95,mixture/0.2/10/5/7
0.2,10,8,1000,constant,0.03136666666666654,-0.0036647520437194103,0.0663980853770525,uncertain,60,0.95,mixture/0.2/10/5/8
0.2,10,9,1000,constant,0.013633333333333275,0.001646976188295901,0.02561969047837065,separated,60,0.95,mixture/0.2/10/5/9
0.2,10,10,1000,constant,-0.1416333333333334,-0.18226615966899323,-0.10410257558984914,nonseparated,60,0.95,mixture/0.2/10/5/10
0.2,10,11,1000,constant,-0.014966666666666795,-0.04262062543265588,-0.0008954683015964804,nonseparated,60,0.95,mixture/0.2/10/5/11
0.2,10,12,1000,constant,0.10043333333333315,0.07660275243296588,0.12426391423370042,separated,60,0.95,mixture/0.2/10/5/12
0.2,10,13,1000,constant,-0.24773333333333336,-0.2784869814451958,-0.21697968522147093,nonseparated,60,0.95,mixture/0.2/10/5/13
0.2,10,14,1000,constant,-0.0234000000000002,-0.041748927129068525,-0.005051072870931872,nonseparated,60,0.95,mixture/0.2/10/5/14
0.2,10,15,1000,constant,-0.05599999999999994,-0.07522864359210746,-0.03677135640789242,nonseparated,60,0.95,mixture/0.2/10/5/15
0.2,10,16,1000,constant,0.09413333333333329,0.07651560572429628,0.1117510609423703,separated,60,0.95,mixture/0.2/10/5/16
0.2,10,17,1000,constant,0.09466666666666679,0.0628090311666446,0.12652430216668897,separated,60,0.95,mixture/0.2/10/5/17
0.2,10,18,1000,constant,-0.04406666666666659,-0.0985393103736788,0.0019397561331184754,uncertain,60,0.95,mixture/0.2/10/5/18
0.2,10,19,1000,constant,0.10550000000000015,0.055269949278141106,0.1557300507218592,separated,60,0.95,mixture/0.2/10/5/19
0.2,10,20,1000,constant,-0.05256666666666676,-0.07647208378397113,-0.028661249549362333,nonseparated,60,0.95,mixture/0.2/10/5/20
0.2,10,21,1000,constant,-0.09616666666666684,-0.11231254866682172,-0.08002078466651197,nonseparated,60,0.95,mixture/0.2/10/5/21
0.2,10,22,1000,constant,-0.18603333333333322,-0.23453771291528608,-0.16487077924833632,nonseparated,60,0.95,mixture/0.2/10/5/22
0.2,10,23,1000,constant,0.09549999999999992,0.0822116644355465,0.10878833556445333,separated,60,0.95,mixture/0.2/10/5/23
0.2,10,24,1000,constant,-0.4179666666666667,-0.4349536037545193,-0.4009797295788141,nonseparated,60,0.95,mixture/0.2/10/5/24
0.2,10,25,1000,constant,0.024333333333333318,0.007096162777139092,0.041570503889527544,separated,60,0.95,mixture/0.2/10/5/25
0.2,10,26,1000,constant,-0.08036666666666648,-0.13615173290764526,-0.02458160042568769,nonseparated,60,0.95,mixture/0.2/10/5/26
0.2,10,27,1000,constant,-0.2414333333333331,-0.26359646399817455,-0.21927020266849168,nonseparated,60,0.95,mixture/0.2/10/5/27
0.2,10,28,1000,constant,-0.3505333333333334,-0.3790201478769619,-0.32503431580820136,nonseparated,60,0.95,mixture/0.2/10/5/28
0.2,10,29,1000,constant,-0.2445000000000001,-0.2718721580267976,-0.21828899619689685,nonseparated,60,0.95,mixture/0.2/10/5/29
0.3,2,0,1000,constant,0.19843333333333346,0.17658659558448164,0.22028007108218528,separated,60,0.95,mixture/0.3/2/5/0
0.3,2,1,1000,constant,0.4078666666666664,0.39835567589493204,0.4173776574384007,separated,60,0.95,mixture/0.3/2/5/1
0.3,2,2,1000,constant,0.49916666666666687,0.48342572095933545,0.5149076123739983,separated,60,0.95,mixture/0.3/2/5/2
0.3,2,3,1000,constant,0.2513333333333335,0.24131419241005903,0.261352474256608,separated,60,0.95,mixture/0.3/2/5/3
0.3,2,4,1000,constant,0.1619999999999998,0.1548621527624765,0.16913784723752312,separated,60,0.95,mixture/0.3/2/5/4
0.3,2,5,1000,constant,0.8646666666666665,0.8529336169473052,0.8763997163860278,separated,60,0.95,mixture/0.3/2/5/5
0.3,2,6,1000,constant,0.3610000000000001,0.35031434408276063,0.37168565591723957,separated,60,0.95,mixture/0.3/2/5/6
0.3,2,7,1000,constant,0.43930000000000013,0.42845493224675657,0.4501450677532437,separated,60,0.95,mixture/0.3/2/5/7
0.3,2,8,1000,constant,0.19660000000000005,0.1838755912546184,0.20932440874538172,separated,60,0.95,mixture/0.3/2/5/8
0.3,2,9,1000,constant,0.6614333333333333,0.646565478173258,0.6763011884934086,separated,60,0.95,mixture/0.3/2/5/9
0.3,2,10,1000,constant,0.23376666666666668,0.22578492227523472,0.24174841105809863,separated,60,0.95,mixture/0.3/2/5/10
0.3,2,11,1000,constant,0.6436333333333333,0.6271892839641394,0.6600773827025271,separated,60,0.95,mixture/0.3/2/5/11
0.3,2,12,1000,constant,0.7866000000000001,0.7701516293913219,0.8030483706086783,separated,60,0.95,mixture/0.3/2/5/12
0.3,2,13,1000,constant,0.2957666666666666,0.28605256006450874,0.3054807732688245,separated,60,0.95,mixture/0.3/2/5/13
0.3,2,14,1000,constant,0.5113333333333334,0.4884252025768304,0.5342414640898364,separated,60,0.95,mixture/0.3/2/5/14
0.3,2,15,1000,constant,0.3239333333333333,0.31467387188221374,0.33319279478445285,separated,60,0.95,mixture/0.3/2/5/15
0.3,2,16,1000,constant,0.7315666666666666,0.7010637711704297,0.7620695621629034,separated,60,0.95,mixture/0.3/2/5/16
0.3,2,17,1000,constant,0.29146666666666665,0.27763950954759453,0.30529382378573877,separated,60,0.95,mixture/0.3/2/5/17
0.3,2,18,1000,constant,0.4035666666666671,0.38693258729810776,0.4202007460352264,separated,60,0.95,mixture/0.3/2/5/18
0.3,2,19,1000,constant,0.37616666666666654,0.35065742148337753,0.40167591184995555,separated,60,0.95,mixture/0.3/2/5/19
0.3,2,20,1000,constant,0.17053333333333331,0.15609821826555415,0.18496844840111248,separated,60,0.95,mixture/0.3/2/5/20
0.3,2,21,1000,constant,0.5768000000000005,0.5587608879426752,0.5948391120573259,separated,60,0.95,mixture/0.3/2/5/21
0.3,2,22,1000,constant,0.1969333333333334,0.17651000234752123,0.21735666431914558,separated,60,0.95,mixture/0.3/2/5/22
0.3,2,23,1000,constant,0.38246666666666673,0.37356399549942776,0.3913693378339057,separated,60,0.95,mixture/0.3/2/5/23
0.3,2,24,1000,constant,0.252,0.24008109543531175,0.26391890456468825,separated,60,0.95,mixture/0.3/2/5/24
0.3,2,25,1000,constant,0.46546666666666703,0.4527841906582859,0.47814914267504816,separated,60,0.95,mixture/0.3/2/5/25
0.3,2,26,1000,constant,0.1934666666666668,0.18353900605356133,0.20339432727977225,separated,60,0.95,mixture/0.3/2/5/26
0.3,2,27,1000,constant,0.4278666666666668,0.4182310383974166,0.43750229493591697,separated,60,0.95,mixture/0.3/2/5/27
0.3,2,28,1000,constant,0.5473333333333331,0.5352571004083273,0.5594095662583389,separated,60,0.95,mixture/0.3/2/5/28
0.3,2,29,1000,constant,0.6426666666666666,0.6144919544786367,0.6708413788546965,separated,60,0.95,mixture/0.3/2/5/29
0.3,3,0,1000,constant,0.26439999999999997,0.24700674734874706,0.2817932526512529,separated,60,0.95,mixture/0.3/3/5/0
0.3,3,1,1000,constant,0.3344666666666665,0.3226586439024747,0.3462746894308584,separated,60,0.95,mixture/0.3/3/5/1
0.3,3,2,1000,constant,0.13296666666666668,0.11399196200397776,0.1519413713293556,separated,60,0.95,mixture/0.3/3/5/2
0.3,3,3,1000,constant,0.3928999999999999,0.3688449564170988,0.41695504358290103,separated,60,0.95,mixture/0.3/3/5/3
0.3,3,4,1000,constant,0.28983333333333317,0.2631015400163119,0.3165651266503544,separated,60,0.95,mixture/0.3/3/5/4
0.3,3,5,1000,constant,0.24423333333333352,0.22670292728421904,0.261763739382448,separated,60,0.95,mixture/0.3/3/5/5
0.3,3,6,1000,constant,0.3017333333333332,0.28455119863139866,0.3189154680352677,separated,60,0.95,mixture/0.3/3/5/6
0.3,3,7,1000,constant,0.14533333333333331,0.134772866636799,0.15589380002986764,separated,60,0.95,mixture/0.3/3/5/7
0.3,3,8,1000,constant,0.3057999999999996,0.28939071074658096,0.3222092892534183,separated,60,0.95,mixture/0.3/3/5/8
0.3,3,9,1000,constant,0.8960333333333332,0.8740937450564227,0.9179729216102439,separated,60,0.95,mixture/0.3/3/5/9
0.3,3,10,1000,constant,0.2545333333333334,0.2385965576047564,0.2704701090619104,separated,60,0.95,mixture/0.3/3/5/10
0.3,3,11,1000,constant,0.24186666666666662,0.22890959711471848,0.2548237362186147,separated,60,0.95,mixture/0.3/3/5/11
0.3,3,12,1000,constant,0.24706666666666655,0.23272632054701003,0.26140701278632306,separated,60,0.95,mixture/0.3/3/5/12
0.3,3,13,1000,constant,0.3351666666666666,0.3195490812517767,0.3507842520815565,separated,60,0.95,mixture/0.3/3/5/13
0.3,3,14,1000,constant,0.10586666666666678,0.0925978550016251,0.11913547833170846,separated,60,0.95,mixture/0.3/3/5/14
0.3,3,15,1000,constant,0.36016666666666675,0.34432539724282074,0.37600793609051275,separated,60,0.95,mixture/0.3/3/5/15
0.3,3,16,1000,constant,0.20100000000000018,0.191620827820704,0.21037917217929636,separated,60,0.95,mixture/0.3/3/5/16
0.3,3,17,1000,constant,0.2664333333333332,0.2503714268627877,0.2824952398038787,separated,60,0.95,mixture/0.3/3/5/17
0.3,3,18,1000,constant,0.22089999999999987,0.19910788585447092,0.23833376922926497,separated,60,0.95,mixture/0.3/3/5/18
0.3,3,19,1000,constant,0.18199999999999994,0.16040382282519783,0.20359617717480205,separated,60,0.95,mixture/0.3/3/5/19
0.3,3,20,1000,constant,0.1081000000000002,0.08912137065519721,0.12707862934480318,separated,60,0.95,mixture/0.3/3/5/20
0.3,3,21,1000,constant,-0.06519999999999998,-0.08209243601841193,-0.04830756398158803,nonseparated,60,0.95,mixture/0.3/3/5/21
0.3,3,22,1000,constant,0.6572333333333338,0.638413683101034,0.6760529835656336,separated,60,0.95,mixture/0.3/3/5/22
0.3,3,23,1000,constant,0.12706666666666666,0.11539934572930499,0.13873398760402833,separated,60,0.95,mixture/0.3/3/5/23
0.3,3,24,1000,constant,0.3422333333333334,0.32935350498143234,0.35511316168523444,separated,60,0.95,mixture/0.3/3/5/24
0.3,3,25,1000,constant,0.35326666666666673,0.33794052582589906,0.3685928075074345,separated,60,0.95,mixture/0.3/3/5/25
0.3,3,26,1000,constant,0.34516666666666673,0.3277813808945952,0.3625519524387383,separated,60,0.95,mixture/0.3/3/5/26
0.3,3,27,1000,constant,0.6211999999999998,0.5901968214296852,0.6467201446286545,separated,60,0.95,mixture/0.3/3/5/27
0.3,3,28,1000,constant,0.09333333333333327,0.08079142248010007,0.10587524418656646,separated,60,0.95,mixture/0.3/3/5/28
0.3,3,29,1000,constant,0.159366666666667,0.14762304046499364,0.17111029286834034,separated,60,0.95,mixture/0.3/3/5/29
0.3,4,0,1000,constant,0.2365666666666666,0.21975070699736843,0.25338262633596476,separated,60,0.95,mixture/0.3/4/5/0
0.3,4,1,1000,constant,0.3347333333333333,0.31804095709514446,0.3514257095715222,separated,60,0.95,mixture/0.3/4/5/1
0.3,4,2,1000,constant,0.23983333333333334,0.22141635304659202,0.25295486499030406,separated,60,0.95,mixture/0.3/4/5/2
0.3,4,3,1000,constant,0.4493999999999999,0.43391884219873633,0.4648811578012635,separated,60,0.95,mixture/0.3/4/5/3
0.3,4,4,1000,constant,0.139,0.1281894837977171,0.14981051620228292,separated,60,0.95,mixture/0.3/4/5/4
0.3,4,5,1000,constant,0.5379,0.5272245564682018,0.5485754435317983,separated,60,0.95,mixture/0.3/4/5/5
0.3,4,6,1000,constant,0.14216666666666666,0.12805945759863002,0.1562738757347033,separated,60,0.95,mixture/0.3/4/5/6
0.3,4,7,1000,constant,0.12759999999999994,0.11775167867555592,0.13744832132444396,separated,60,0.95,mixture/0.3/4/5/7
0.3,4,8,1000,constant,0.19126666666666658,0.17978038237375749,0.20275295095957568,separated,60,0.95,mixture/0.3/4/5/8
0.3,4,9,1000,constant,0.24396666666666678,0.22422787134438416,0.25701729550856833,separated,60,0.95,mixture/0.3/4/5/9
0.3,4,10,1000,constant,-0.02320000000000011,-0.040494437460572796,-0.0059055625394274225,nonseparated,60,0.95,mixture/0.3/4/5/10
0.3,4,11,1000,constant,0.05989999999999973,0.04701689049421465,0.07278310950578482,separated,60,0.95,mixture/0.3/4/5/11
0.3,4,12,1000,constant,0.2155999999999999,0.20457284024801592,0.2266271597519839,separated,60,0.95,mixture/0.3/4/5/12
0.3,4,13,1000,constant,0.13383333333333347,0.125210910874763,0.14245575579190395,separated,60,0.95,mixture/0.3/4/5/13
0.3,4,14,1000,constant,0.1312000000000002,0.11814611118989393,0.14425388881010648,separated,60,0.95,mixture/0.3/4/5/14
0.3,4,15,1000,constant,0.1867000000000001,0.1653156469294741,0.20808435307052608,separated,60,0.95,mixture/0.3/4/5/15
0.3,4,16,1000,constant,0.3378,0.3202246447979479,0.3553753552020521,separated,60,0.95,mixture/0.3/4/5/16
0.3,4,17,1000,constant,0.03723333333333334,0.01787983988212072,0.05658682678454596,separated,60,0.95,mixture/0.3/4/5/17
0.3,4,18,1000,constant,0.21909999999999996,0.20992395474032421,0.2282760452596757,separated,60,0.95,mixture/0.3/4/5/18
0.3,4,19,1000,constant,0.12383333333333335,0.11313302634121891,0.1345336403254478,separated,60,0.95,mixture/0.3/4/5/19
0.3,4,20,1000,constant,0.15123333333333322,0.14020191761259426,0.16226474905407218,separated,60,0.95,mixture/0.3/4/5/20
0.3,4,21,1000,constant,0.1194333333333335,0.1060595104891584,0.1328071561775086,separated,60,0.95,mixture/0.3/4/5/21
0.3,4,22,1000,constant,0.11530000000000007,0.10511154312311177,0.12548845687688837,separated,60,0.95,mixture/0.3/4/5/22
0.3,4,23,1000,constant,0.2779666666666665,0.26637769471107986,0.2895556386222531,separated,60,0.95,mixture/0.3/4/5/23
0.3,4,24,1000,constant,0.13803333333333356,0.11004082156726802,0.1660258450993991,separated,60,0.95,mixture/0.3/4/5/24
0.3,4,25,1000,constant,0.06380000000000008,0.051730162670402535,0.07586983732959762,separated,60,0.95,mixture/0.3/4/5/25
0.3,4,26,1000,constant,-0.023033333333333128,-0.04318873368475218,-0.0028779329819140775,nonseparated,60,0.95,mixture/0.3/4/5/26
0.3,4,27,1000,constant,0.24119999999999975,0.22538483929966524,0.25701516070033426,separated,60,0.95,mixture/0.3/4/5/27
0.3,4,28,1000,constant,0.21146666666666647,0.1987045798131366,0.22422875352019633,separated,60,0.95,mixture/0.3/4/5/28
0.3,4,29,1000,constant,0.19043333333333334,0.174005410197402,0.20686125646926468,separated,60,0.95,mixture/0.3/4/5/29
0.3,5,0,1000,constant,0.2251333333333333,0.2096029262050091,0.2406637404616575,separated,60,0.95,mixture/0.3/5/5/0
0.3,5,1,1000,constant,0.1813999999999999,0.16543074367161004,0.19736925632838975,separated,60,0.95,mixture/0.3/5/5/1
0.3,5,2,1000,constant,0.10006666666666675,0.08850151108544957,0.11163182224788393,separated,60,0.95,mixture/0.3/5/5/2
0.3,5,3,1000,constant,0.054300000000000015,0.035809316329469265,0.07279068367053076,separated,60,0.95,mixture/0.3/5/5/3
0.3,5,4,1000,constant,0.22956666666666647,0.2107891345930083,0.24834419874032465,separated,60,0.95,mixture/0.3/5/5/4
0.3,5,5,1000,constant,0.09419999999999984,0.08308518408502497,0.10531481591497471,separated,60,0.95,mixture/0.3/5/5/5
0.3,5,6,1000,constant,0.08299999999999985,0.06519262755825928,0.10080737244174043,separated,60,0.95,mixture/0.3/5/5/6
0.3,5,7,1000,constant,0.20996666666666686,0.19367165784980367,0.22626167548353004,separated,60,0.95,mixture/0.3/5/5/7
0.3,5,8,1000,constant,0.2676666666666666,0.2527364005008763,0.2825969328324569,separated,60,0.95,mixture/0.3/5/5/8
0.3,5,9,1000,constant,0.14213333333333333,0.1319044085330524,0.15236225813361426,separated,60,0.95,mixture/0.3/5/5/9
0.3,5,10,1000,constant,0.19916666666666671,0.18386217132593263,0.2144711620074008,separated,60,0.95,mixture/0.3/5/5/10
0.3,5,11,1000,constant,0.18589999999999984,0.1699417476310945,0.2018582523689052,separated,60,0.95,mixture/0.3/5/5/11
0.3,5,12,1000,constant,0.20889999999999997,0.1985368878231274,0.21926311217687255,separated,60,0.95,mixture/0.3/5/5/12
0.3,5,13,1000,constant,0.10949999999999993,0.09874663601102107,0.12025336398897879,separated,60,0.95,mixture/0.3/5/5/13
0.3,5,14,1000,constant,0.14966666666666684,0.13252574711505105,0.16680758621828262,separated,60,0.95,mixture/0.3/5/5/14
0.3,5,15,1000,constant,0.09449999999999992,0.08020061250347676,0.10879938749652307,separated,60,0.95,mixture/0.3/5/5/15
0.3,5,16,1000,constant,0.13293333333333335,0.10685694113446109,0.1590097255322056,separated,60,0.95,mixture/0.3/5/5/16
0.3,5,17,1000,constant,0.11253333333333326,0.10320636022189444,0.12186030644477208,separated,60,0.95,mixture/0.3/5/5/17
0.3,5,18,1000,constant,0.047499999999999876,0.03611245905807381,0.05888754094192594,separated,60,0.95,mixture/0.3/5/5/18
0.3,5,19,1000,constant,0.21140000000000003,0.19739792112595478,0.2254020788740453,separated,60,0.95,mixture/0.3/5/5/19
0.3,5,20,1000,constant,0.08183333333333342,0.06661656459113685,0.09705010207553,separated,60,0.95,mixture/0.3/5/5/20
0.3,5,21,1000,constant,0.16046666666666676,0.14922375504288765,0.17170957829044586,separated,60,0.95,mixture/0.3/5/5/21
0.3,5,22,1000,constant,0.18756666666666666,0.17509302632146706,0.20004030701186626,separated,60,0.95,mixture/0.3/5/5/22
0.3,5,23,1000,constant,0.08733333333333337,0.07200415625947965,0.1026625104071871,separated,60,0.95,mixture/0.3/5/5/23
0.3,5,24,1000,constant,0.2702,0.26057767227470197,0.279822327725298,separated,60,0.95,mixture/0.3/5/5/24
0.3,5,25,1000,constant,-0.22590000000000016,-0.24126583080331804,-0.21053416919668227,nonseparated,60,0.95,mixture/0.3/5/5/25
0.3,5,26,1000,constant,0.1277666666666667,0.11624893377160894,0.13928439956172445,separated,60,0.95,mixture/0.3/5/5/26
0.3,5,27,1000,constant,0.3336333333333332,0.31987750911708346,0.347389157549583,separated,60,0.95,mixture/0.3/5/5/27
0.3,5,28,1000,constant,0.14993333333333336,0.13904488512933677,0.16082178153732996,separated,60,0.95,mixture/0.3/5/5/28
0.3,5,29,1000,constant,0.19740000000000002,0.18054883255665677,0.21425116744334327,separated,60,0.95,mixture/0.3/5/5/29
0.3,6,0,1000,constant,0.034399999999999986,0.021488984271971656,0.047311015728028316,separated,60,0.95,mixture/0.3/6/5/0
0.3,6,1,1000,constant,-0.10566666666666669,-0.13349758468284634,-0.07783574865048704,nonseparated,60,0.95,mixture/0.3/6/5/1
0.3,6,2,1000,constant,0.07346666666666668,0.058591815092197796,0.08834151824113556,separated,60,0.95,mixture/0.3/6/5/2
0.3,6,3,1000,constant,0.03959999999999986,0.012570123044325143,0.06662987695567457,separated,60,0.95,mixture/0.3/6/5/3
0.3,6,4,1000,constant,0.1663333333333331,0.15514779588746797,0.17751887077919826,separated,60,0.95,mixture/0.3/6/5/4
0.3,6,5,1000,constant,0.12056666666666693,0.10876631613781107,0.1323670171955228,separated,60,0.95,mixture/0.3/6/5/5
0.3,6,6,1000,constant,0.26153333333333306,0.24093543971918363,0.2821312269474825,separated,60,0.95,mixture/0.3/6/5/6
0.3,6,7,1000,constant,0.15033333333333343,0.13998875906820718,0.16067790759845968,separated,60,0.95,mixture/0.3/6/5/7
0.3,6,8,1000,constant,0.029933333333333367,0.01665686250783882,0.043209804158827914,separated,60,0.95,mixture/0.3/6/5/8
0.3,6,9,1000,constant,0.10183333333333322,0.08941273349106704,0.1142539331755994,separated,60,0.95,mixture/0.3/6/5/9
0.3,6,10,1000,constant,-0.24223333333333336,-0.27638107392336964,-0.2080913998828836,nonseparated,60,0.95,mixture/0.3/6/5/10
0.3,6,11,1000,constant,-0.07926666666666693,-0.09665310240716118,-0.061880230926172675,nonseparated,60,0.95,mixture/0.3/6/5/11
0.3,6,12,1000,constant,0.07719999999999994,0.06413771982680538,0.09026228017319449,separated,60,0.95,mixture/0.3/6/5/12
0.3,6,13,1000,constant,0.03176666666666683,0.020572242002446783,0.04296109133088688,separated,60,0.95,mixture/0.3/6/5/13
0.3,6,14,1000,constant,0.1466666666666666,0.133413989122958,0.15991934421037524,separated,60,0.95,mixture/0.3/6/5/14
0.3,6,15,1000,constant,-0.06129999999999991,-0.07451890556670271,-0.04808109443329711,nonseparated,60,0.95,mixture/0.3/6/5/15
0.3,6,16,1000,constant,0.09530000000000005,0.0844927614681078,0.1061072385318923,separated,60,0.95,mixture/0.3/6/5/16
0.3,6,17,1000,constant,0.09363333333333346,0.07691764912583365,0.11034901754083326,separated,60,0.95,mixture/0.3/6/5/17
0.3,6,18,1000,constant,0.19463333333333332,0.16559999648221646,0.2236666701844502,separated,60,0.95,mixture/0.3/6/5/18
0.3,6,19,1000,constant,0.14533333333333331,0.13364311313792332,0.1570235535287433,separated,60,0.95,mixture/0.3/6/5/19
0.3,6,20,1000,constant,0.012166666666666548,-0.0012276869962265513,0.025561020329559647,uncertain,60,0.95,mixture/0.3/6/5/20
0.3,6,21,1000,constant,0.11863333333333326,0.0966795594174995,0.13637757549625362,separated,60,0.95,mixture/0.3/6/5/21
0.3,6,22,1000,constant,0.09443333333333348,0.07919971704179429,0.10966694962487267,separated,60,0.95,mixture/0.3/6/5/22
0.3,6,23,1000,constant,0.10836666666666683,0.09692065936050831,0.11981267397282536,separated,60,0.95,mixture/0.3/6/5/23
0.3,6,24,1000,constant,0.11310000000000009,0.094207556756565,0.13199244324343518,separated,60,0.95,mixture/0.3/6/5/24
0.3,6,25,1000,constant,0.1183333333333334,0.10265246257571703,0.13401420409094977,separated,60,0.95,mixture/0.3/6/5/25
0.3,6,26,1000,constant,0.08823333333333327,0.07117005120509401,0.10529661546157254,separated,60,0.95,mixture/0.3/6/5/26
0.3,6,27,1000,constant,-0.011866666666666803,-0.027061301593075737,0.003327968259742131,uncertain,60,0.95,mixture/0.3/6/5/27
0.3,6,28,1000,constant,0.08066666666666655,0.06873985860865328,0.09259347472467983,separated,60,0.95,mixture/0.3/6/5/28
0.3,6,29,1000,constant,0.06413333333333349,0.04634306169589297,0.081923604970774,separated,60,0.95,mixture/0.3/6/5/29
0.3,7,0,1000,constant,0.1244333333333335,0.1043667983098937,0.1444998683567733,separated,60,0.95,mixture/0.3/7/5/0
0.3,7,1,1000,constant,0.13179999999999992,0.11714770568383903,0.1464522943161608,separated,60,0.95,mixture/0.3/7/5/1
0.3,7,2,1000,constant,0.0353,0.01606315149507198,0.054536848504928015,separated,60,0.95,mixture/0.3/7/5/2
0.3,7,3,1000,constant,0.10146666666666648,0.08050617632676449,0.12242715700656848,separated,60,0.95,mixture/0.3/7/5/3
0.3,7,4,1000,constant,0.025733333333333275,0.007344091429940192,0.04412257523672636,separated,60,0.95,mixture/0.3/7/5/4
0.3,7,5,1000,constant,0.1384666666666663,0.07220563242286049,0.1931416145239193,separated,60,0.95,mixture/0.3/7/5/5
0.3,7,6,1000,constant,0.1661999999999999,0.15566351752671803,0.17673648247328178,separated,60,0.95,mixture/0.3/7/5/6
0.3,7,7,1000,constant,0.18499999999999994,0.17465249870786603,0.19448629319510635,separated,60,0.95,mixture/0.3/7/5/7
0.3,7,8,1000,constant,-0.005266666666666753,-0.021870080202413544,0.011336746869080039,uncertain,60,0.95,mixture/0.3/7/5/8
0.3,7,9,1000,constant,0.04149999999999987,0.02879903278734619,0.05420096721265355,separated,60,0.95,mixture/0.3/7/5/9
0.3,7,10,1000,constant,0.05920000000000014,0.047600458311884086,0.0707995416881162,separated,60,0.95,mixture/0.3/7/5/10
0.3,7,11,1000,constant,0.07956666666666679,0.06849326438492331,0.09064006894841026,separated,60,0.95,mixture/0.3/7/5/11
0.3,7,12,1000,constant,0.18263333333333331,0.15819191317170034,0.19659180907038654,separated,60,0.95,mixture/0.3/7/5/12
0.3,7,13,1000,constant,0.12146666666666706,0.10464940998233574,0.13828392335099837,separated,60,0.95,mixture/0.3/7/5/13
0.3,7,14,1000,constant,0.13806666666666656,0.12589479102108692,0.1502385423122462,separated,60,0.95,mixture/0.3/7/5/14
0.3,7,15,1000,constant,0.01006666666666678,-0.00396765175745073,0.024100985090784288,uncertain,60,0.95,mixture/0.3/7/5/15
0.3,7,16,1000,constant,-0.11406666666666687,-0.14209466981163332,-0.08603866352170042,nonseparated,60,0.95,mixture/0.3/7/5/16
0.3,7,17,1000,constant,0.0793666666666667,0.06658914927225068,0.09214418406108271,separated,60,0.95,mixture/0.3/7/5/17
0.3,7,18,1000,constant,0.0940000000000002,0.07517350811344825,0.11282649188655214,separated,60,0.95,mixture/0.3/7/5/18
0.3,7,19,1000,constant,0.11289999999999989,0.09923337733654747,0.1265666226634523,separated,60,0.95,mixture/0.3/7/5/19
0.3,7,20,1000,constant,0.07859999999999978,0.06091104862263097,0.09628895137736859,separated,60,0.95,mixture/0.3/7/5/20
0.3,7,21,1000,constant,-0.00436666666666663,-0.01907694453511699,0.010343611201783731,uncertain,60,0.95,mixture/0.3/7/5/21
0.3,7,22,1000,constant,-0.0032333333333334213,-0.023178494737529864,0.016711828070863022,uncertain,60,0.95,mixture/0.3/7/5/22
0.3,7,23,1000,constant,0.08289999999999975,0.06711187415642839,0.09868812584357112,separated,60,0.95,mixture/0.3/7/5/23
0.3,7,24,1000,constant,-0.05343333333333322,-0.06872302248218487,-0.03814364418448157,nonseparated,60,0.95,mixture/0.3/7/5/24
0.3,7,25,1000,constant,0.045566666666666644,0.02785130946480352,0.06145786706215772,separated,60,0.95,mixture/0.3/7/5/25
0.3,7,26,1000,constant,0.00883333333333336,-0.007960844832918257,0.025627511499584976,uncertain,60,0.95,mixture/0.3/7/5/26
0.3,7,27,1000,constant,0.053233333333333355,0.04003797263312814,0.06642869403353857,separated,60,0.95,mixture/0.3/7/5/27
0.3,7,28,1000,constant,0.05146666666666666,0.03712722940633473,0.0658061039269986,separated,60,0.95,mixture/0.3/7/5/28
0.3,7,29,1000,constant,0.08616666666666684,0.06295452016025571,0.10387287280904012,separated,60,0.95,mixture/0.3/7/5/29
0.3,8,0,1000,constant,0.1703666666666669,0.15883260632683827,0.1819007270064955,separated,60,0.95,mixture/0.3/8/5/0
0.3,8,1,1000,constant,0.026866666666666705,0.016983844055448283,0.03674948927788513,separated,60,0.95,mixture/0.3/8/5/1
0.3,8,2,1000,constant,0.05400000000000016,0.04120417189340575,0.06679582810659457,separated,60,0.95,mixture/0.3/8/5/2
0.3,8,3,1000,constant,0.13546666666666685,0.11959838202701412,0.15133495130631958,separated,60,0.95,mixture/0.3/8/5/3
0.3,8,4,1000,constant,0.15400000000000003,0.12956131907321067,0.17613850267263553,separated,60,0.95,mixture/0.3/8/5/4
0.3,8,5,1000,constant,-0.022666666666666502,-0.040033893722128844,-0.00529943961120416,nonseparated,60,0.95,mixture/0.3/8/5/5
0.3,8,6,1000,constant,-0.03259999999999996,-0.045278483845000994,-0.01992151615499893,nonseparated,60,0.95,mixture/0.3/8/5/6
0.3,8,7,1000,constant,0.1288999999999999,0.10979852204460039,0.14800147795539942,separated,60,0.95,mixture/0.3/8/5/7
0.3,8,8,1000,constant,0.08796666666666675,0.07587923848465827,0.10005409484867522,separated,60,0.95,mixture/0.3/8/5/8
0.3,8,9,1000,constant,0.08376666666666677,0.06419621038582313,0.10333712294751041,separated,60,0.95,mixture/0.3/8/5/9
0.3,8,10,1000,constant,-0.014799999999999813,-0.03143680108943547,0.0018368010894358466,uncertain,60,0.95,mixture/0.3/8/5/10
0.3,8,11,1000,constant,0.04293333333333327,0.029765345173267788,0.05610132149339875,separated,60,0.95,mixture/0.3/8/5/11
0.3,8,12,1000,constant,0.0545333333333331,0.03869366829407106,0.06959816451943535,separated,60,0.95,mixture/0.3/8/5/12
0.3,8,13,1000,constant,0.12960000000000005,0.10705227364309977,0.15214772635690033,separated,60,0.95,mixture/0.3/8/5/13
0.3,8,14,1000,constant,0.030000000000000027,0.012214536720920544,0.04778546327907951,separated,60,0.95,mixture/0.3/8/5/14
0.3,8,15,1000,constant,-0.009599999999999942,-0.02825473225408881,0.009054732254088926,uncertain,60,0.95,mixture/0.3/8/5/15
0.3,8,16,1000,constant,0.13693333333333335,0.11844136708704422,0.15542529957962248,separated,60,0.95,mixture/0.3/8/5/16
0.3,8,17,1000,constant,0.13196666666666668,0.12011132947594216,0.1438220038573912,separated,60,0.95,mixture/0.3/8/5/17
0.3,8,18,1000,constant,0.06930000000000003,0.05194899215237059,0.08665100784762947,separated,60,0.95,mixture/0.3/8/5/18
0.3,8,19,1000,constant,-0.19946666666666646,-0.21640723302082765,-0.18252610031250527,nonseparated,60,0.95,mixture/0.3/8/5/19
0.3,8,20,1000,constant,-0.07743333333333313,-0.08923156457133419,-0.06563510209533208,nonseparated,60,0.95,mixture/0.3/8/5/20
0.3,8,21,1000,constant,0.11476666666666668,0.08301518316324907,0.1465181501700843,separated,60,0.95,mixture/0.3/8/5/21
0.3,8,22,1000,constant,0.11296666666666666,0.09098056154554524,0.1329766971967853,separated,60,0.95,mixture/0.3/8/5/22
0.3,8,23,1000,constant,0.007399999999999851,-0.013315823844430974,0.028115823844430676,uncertain,60,0.95,mixture/0.3/8/5/23
0.3,8,24,1000,constant,0.06276666666666642,0.04238056787026778,0.08315276546306505,separated,60,0.95,mixture/0.3/8/5/24
0.3,8,25,1000,constant,0.030000000000000027,0.01146715418150357,0.048532845818496484,separated,60,0.95,mixture/0.3/8/5/25
0.3,8,26,1000,constant,0.05239999999999978,0.03420729672045131,0.07059270327954825,separated,60,0.95,mixture/0.3/8/5/26
0.3,8,27,1000,constant,-0.1293333333333334,-0.16438257301322973,-0.10592057544138589,nonseparated,60,0.95,mixture/0.3/8/5/27
0.3,8,28,1000,constant,-0.19380000000000008,-0.2435094350305601,-0.14409056496944006,nonseparated,60,0.95,mixture/0.3/8/5/28
0.3,8,29,1000,constant,0.009099999999999664,-0.011859147852031793,0.03005914785203112,uncertain,60,0.95,mixture/0.3/8/5/29
0.3,9,0,1000,constant,-0.06676666666666675,-0.07992123036617127,-0.053612102967162234,nonseparated,60,0.95,mixture/0.3/9/5/0
0.3,9,1,1000,constant,0.11623333333333341,0.10190095873304683,0.13056570793362,separated,60,0.95,mixture/0.3/9/5/1
0.3,9,2,1000,constant,-0.10333333333333328,-0.1181521326719116,-0.08851453399475495,nonseparated,60,0.95,mixture/0.3/9/5/2
0.3,9,3,1000,constant,-0.08433333333333337,-0.10878932361065408,-0.059877343056012666,nonseparated,60,0.95,mixture/0.3/9/5/3
0.3,9,4,1000,constant,-0.01773333333333338,-0.050425237645182475,0.014958570978515717,uncertain,60,0.95,mixture/0.3/9/5/4
0.3,9,5,1000,constant,0.026133333333333453,0.007833350637730607,0.0444333160289363,separated,60,0.95,mixture/0.3/9/5/5
0.3,9,6,1000,constant,0.0416333333333333,0.02452778519740395,0.05873888146926265,separated,60,0.95,mixture/0.3/9/5/6
0.3,9,7,1000,constant,0.08319999999999994,0.04542824133868095,0.12097175866131893,separated,60,0.95,mixture/0.3/9/5/7
0.3,9,8,1000,constant,0.033566666666666634,0.006725644191200475,0.06040768914213279,separated,60,0.95,mixture/0.3/9/5/8
0.3,9,9,1000,constant,0.07256666666666645,0.049041444094862774,0.09609188923847012,separated,60,0.95,mixture/0.3/9/5/9
0.3,9,10,1000,constant,0.03979999999999995,0.017002014232483487,0.0625979857675164,separated,60,0.95,mixture/0.3/9/5/10
0.3,9,11,1000,constant,-0.1595999999999998,-0.18510949955033235,-0.13409050044966725,nonseparated,60,0.95,mixture/0.3/9/5/11
0.3,9,12,1000,constant,0.005266666666666642,-0.00901953994158955,0.019552873274922833,uncertain,60,0.95,mixture/0.3/9/5/12
0.3,9,13,1000,constant,-0.031366666666666654,-0.042743540290196114,-0.019989793043137194,nonseparated,60,0.95,mixture/0.3/9/5/13
0.3,9,14,1000,constant,-0.037966666666666815,-0.049960748207616534,-0.025972585125717096,nonseparated,60,0.95,mixture/0.3/9/5/14
0.3,9,15,1000,constant,-0.014600000000000168,-0.025630138447193973,-0.0035698615528063637,nonseparated,60,0.95,mixture/0.3/9/5/15
0.3,9,16,1000,constant,-0.024433333333333418,-0.03852452242536808,-0.010342144241298756,nonseparated,60,0.95,mixture/0.3/9/5/16
0.3,9,17,1000,constant,-0.035566666666666746,-0.05581275229680127,-0.015320581036532221,nonseparated,60,0.95,mixture/0.3/9/5/17
0.3,9,18,1000,constant,0.008366666666666855,-0.006913281780393188,0.0236466151137269,uncertain,60,0.95,mixture/0.3/9/5/18
0.3,9,19,1000,constant,0.052999999999999825,0.03885038395060503,0.06714961604939462,separated,60,0.95,mixture/0.3/9/5/19
0.3,9,20,1000,constant,-0.04499999999999971,-0.06678120534486809,-0.024090821722238753,nonseparated,60,0.95,mixture/0.3/9/5/20
0.3,9,21,1000,constant,0.06330000000000002,0.04209119154020735,0.0845088084597927,separated,60,0.95,mixture/0.3/9/5/21
0.3,9,22,1000,constant,-0.314,-0.36504650005481787,-0.26295349994518213,nonseparated,60,0.95,mixture/0.3/9/5/22
0.3,9,23,1000,constant,-0.011066666666666669,-0.056869920773713445,0.021381197966702348,uncertain,60,0.95,mixture/0.3/9/5/23
0.3,9,24,1000,constant,-0.008066666666666666,-0.03250179738256964,0.015695672561340523,uncertain,60,0.95,mixture/0.3/9/5/24
0.3,9,25,1000,constant,-0.0010666666666664382,-0.027115811682766555,0.015056245065027118,uncertain,60,0.95,mixture/0.3/9/5/25
0.3,9,26,1000,constant,0.12603333333333344,0.11469585621006129,0.1373708104566056,separated,60,0.95,mixture/0.3/9/5/26
0.3,9,27,1000,constant,0.0005333333333333856,-0.017254645975694705,0.018321312642361476,uncertain,60,0.95,mixture/0.3/9/5/27
0.3,9,28,1000,constant,-0.028199999999999892,-0.0495358530137916,-0.006864146986208186,nonseparated,60,0.95,mixture/0.3/9/5/28
0.3,9,29,1000,constant,-0.0022000000000000908,-0.018138725789255905,0.011510005520236843,uncertain,60,0.95,mixture/0.3/9/5/29
0.3,10,0,1000,constant,0.12379999999999991,0.1061556802752407,0.14065980776084153,separated,60,0.95,mixture/0.3/10/5/0
0.3,10,1,1000,constant,0.04679999999999984,0.030945830249862194,0.06265416975013749,separated,60,0.95,mixture/0.3/10/5/1
0.3,10,2,1000,constant,-0.13219999999999987,-0.15260472745434106,-0.11179527254565869,nonseparated,60,0.95,mixture/0.3/10/5/2
0.3,10,3,1000,constant,-0.02389999999999981,-0.03977151690090408,-0.00802848309909554,nonseparated,60,0.95,mixture/0.3/10/5/3
0.3,10,4,1000,constant,-0.46293333333333336,-0.4846242253246593,-0.4412424413420074,nonseparated,60,0.95,mixture/0.3/10/5/4
0.3,10,5,1000,constant,0.018133333333333335,-0.021271511089515194,0.05753817775618186,uncertain,60,0.95,mixture/0.3/10/5/5
0.3,10,6,1000,constant,0.16683333333333328,0.1512561366291737,0.18241053003749286,separated,60,0.95,mixture/0.3/10/5/6
0.3,10,7,1000,constant,0.07529999999999992,0.026817787135997362,0.10738866847393091,separated,60,0.95,mixture/0.3/10/5/7
0.3,10,8,1000,constant,-0.10926666666666673,-0.1442915875892946,-0.07424174574403886,nonseparated,60,0.95,mixture/0.3/10/5/8
0.3,10,9,1000,constant,-0.007899999999999796,-0.023711781878606786,0.007911781878607194,uncertain,60,0.95,mixture/0.3/10/5/9
0.3,10,10,1000,constant,0.013166666666666771,-0.01650831248632456,0.0428416458196581,uncertain,60,0.95,mixture/0.3/10/5/10
0.3,10,11,1000,constant,-0.10940000000000005,-0.1370237756967181,-0.08177622430328202,nonseparated,60,0.95,mixture/0.3/10/5/11
0.3,10,12,1000,constant,-0.18303333333333355,-0.21119794759164262,-0.15486871907502447,nonseparated,60,0.95,mixture/0.3/10/5/12
0.3,10,13,1000,constant,0.10039999999999993,0.08196423360011873,0.11883576639988114,separated,60,0.95,mixture/0.3/10/5/13
0.3,10,14,1000,constant,-0.04543333333333344,-0.0674028751726704,-0.03256491830818076,nonseparated,60,0.95,mixture/0.3/10/5/14
0.3,10,15,1000,constant,-0.08410000000000006,-0.11152361490437657,-0.05667638509562356,nonseparated,60,0.95,mixture/0.3/10/5/15
0.3,10,16,1000,constant,-0.02966666666666662,-0.04655998031038566,-0.012773353022947576,nonseparated,60,0.95,mixture/0.3/10/5/16
0.3,10,17,1000,constant,0.011933333333333351,-0.004342638727671488,0.02820930539433819,uncertain,60,0.95,mixture/0.3/10/5/17
0.3,10,18,1000,constant,0.026733333333333498,0.00955153211103199,0.03741659535454567,separated,60,0.95,mixture/0.3/10/5/18
0.3,10,19,1000,constant,-0.10330000000000006,-0.1206827635095542,-0.08591723649044591,nonseparated,60,0.95,mixture/0.3/10/5/19
0.3,10,20,1000,constant,-0.11963333333333337,-0.14230622273402482,-0.09696044393264192,nonseparated,60,0.95,mixture/0.3/10/5/20
0.3,10,21,1000,constant,0.014633333333333276,-0.0018077681407205892,0.03107443480738714,uncertain,60,0.95,mixture/0.3/10/5/21
0.3,10,22,1000,constant,-0.020666666666666722,-0.03711892043358023,-0.004214412899753217,nonseparated,60,0.95,mixture/0.3/10/5/22
0.3,10,23,1000,constant,-0.06143333333333312,-0.08478582118318867,-0.038080845483477566,nonseparated,60,0.95,mixture/0.3/10/5/23
0.3,10,24,1000,constant,0.019899999999999918,0.00446167003825737,0.035338329961742465,separated,60,0.95,mixture/0.3/10/5/24
0.3,10,25,1000,constant,-0.0021333333333335425,-0.030541990696909993,0.013034496730202627,uncertain,60,0.95,mixture/0.3/10/5/25
0.3,10,26,1000,constant,-0.2272333333333333,-0.24754369626792827,-0.2069229703987383,nonseparated,60,0.95,mixture/0.3/10/5/26
0.3,10,27,1000,constant,0.10063333333333346,0.08203067545970244,0.11923599120696449,separated,60,0.95,mixture/0.3/10/5/27
0.3,10,28,1000,constant,-0.02533333333333332,-0.046004131848344176,-0.004662534818322461,nonseparated,60,0.95,mixture/0.3/10/5/28
0.3,10,29,1000,constant,0.09813333333333318,0.08148784240361118,0.11477882426305519,separated,60,0.95,mixture/0.3/10/5/29
0.4,2,0,1000,constant,0.3105333333333332,0.3004121400547344,0.32065452661193206,separated,60,0.95,mixture/0.4/2/5/0
0.4,2,1,1000,constant,0.28426666666666667,0.27145391241463535,0.297079420918698,separated,60,0.95,mixture/0.4/2/5/1
0.4,2,2,1000,constant,0.2054666666666667,0.19646767235743168,0.2144656609759017,separated,60,0.95,mixture/0.4/2/5/2
0.4,2,3,1000,constant,0.36819999999999997,0.3545032517119846,0.38189674828801534,separated,60,0.95,mixture/0.4/2/5/3
0.4,2,4,1000,constant,0.5793666666666666,0.562189446414583,0.5965438869187502,separated,60,0.95,mixture/0.4/2/5/4
0.4,2,5,1000,constant,0.6164333333333333,0.6015718687204021,0.6304287950215987,separated,60,0.95,mixture/0.4/2/5/5
0.4,2,6,1000,constant,0.22216666666666673,0.2110410057868548,0.23329232754647866,separated,60,0.95,mixture/0.4/2/5/6
0.4,2,7,1000,constant,0.5673666666666666,0.5401563744158473,0.5945769589174859,separated,60,0.95,mixture/0.4/2/5/7
0.4,2,8,1000,constant,0.10836666666666661,0.09952921701463835,0.11720411631869487,separated,60,0.95,mixture/0.4/2/5/8
0.4,2,9,1000,constant,0.134,0.12280155279326788,0.14519844720673214,separated,60,0.95,mixture/0.4/2/5/9
0.4,2,10,1000,constant,0.10323333333333318,0.09004052306039989,0.11642614360626646,separated,60,0.95,mixture/0.4/2/5/10
0.4,2,11,1000,constant,0.21109999999999973,0.1986307595675436,0.22356924043245585,separated,60,0.95,mixture/0.4/2/5/11
0.4,2,12,1000,constant,0.42020000000000024,0.40571044696279734,0.43468955303720314,separated,60,0.95,mixture/0.4/2/5/12
0.4,2,13,1000,constant,0.3308,0.3219119591585099,0.33968804084149007,separated,60,0.95,mixture/0.4/2/5/13
0.4,2,14,1000,constant,0.22863333333333313,0.2187251942236048,0.23854147244306145,separated,60,0.95,mixture/0.4/2/5/14
0.4,2,15,1000,constant,0.34299999999999975,0.3282074944977602,0.3577925055022393,separated,60,0.95,mixture/0.4/2/5/15
0.4,2,16,1000,constant,0.33916666666666684,0.3295649744596354,0.3487683588736983,separated,60,0.95,mixture/0.4/2/5/16
0.4,2,17,1000,constant,0.17156666666666665,0.16324660966102067,0.17988672367231262,separated,60,0.95,mixture/0.4/2/5/17
0.4,2,18,1000,constant,0.9382666666666666,0.9229094114079961,0.9536239219253371,separated,60,0.95,mixture/0.4/2/5/18
0.4,2,19,1000,constant,0.5468333333333335,0.5315836555281267,0.5620830111385403,separated,60,0.95,mixture/0.4/2/5/19
0.4,2,20,1000,constant,0.18399999999999983,0.17589727445258108,0.19210272554741858,separated,60,0.95,mixture/0.4/2/5/20
0.4,2,21,1000,constant,0.23176666666666645,0.22240520613393233,0.24112812719940058,separated,60,0.95,mixture/0.4/2/5/21
0.4,2,22,1000,constant,0.7401666666666666,0.7242654117959443,0.756067921537389,separated,60,0.95,mixture/0.4/2/5/22
0.4,2,23,1000,constant,0.4394666666666668,0.4251266875316907,0.4529617623836174,separated,60,0.95,mixture/0.4/2/5/23
0.4,2,24,1000,constant,0.6874666666666671,0.6709939210537585,0.7039394122795757,separated,60,0.95,mixture/0.4/2/5/24
0.4,2,25,1000,constant,0.2862333333333331,0.2742437126689068,0.29822295399775944,separated,60,0.95,mixture/0.4/2/5/25
0.4,2,26,1000,constant,0.4935666666666664,0.48102521839739876,0.506108114935934,separated,60,0.95,mixture/0.4/2/5/26
0.4,2,27,1000,constant,0.19196666666666673,0.1833407007929322,0.20059263254040127,separated,60,0.95,mixture/0.4/2/5/27
0.4,2,28,1000,constant,0.3923333333333332,0.3700334424185049,0.4146332242481615,separated,60,0.95,mixture/0.4/2/5/28
0.4,2,29,1000,constant,0.1808333333333334,0.17087516392804614,0.19079150273862067,separated,60,0.95,mixture/0.4/2/5/29
0.4,3,0,1000,constant,0.5155666666666666,0.49612847653068715,0.5350048568026461,separated,60,0.95,mixture/0.4/3/5/0
0.4,3,1,1000,constant,0.1467333333333336,0.1319359538346878,0.1615307128319794,separated,60,0.95,mixture/0.4/3/5/1
0.4,3,2,1000,constant,0.20743333333333314,0.19290237989507675,0.22196428677158953,separated,60,0.95,mixture/0.4/3/5/2
0.4,3,3,1000,constant,0.08043333333333358,0.06878309494004653,0.09208357172662063,separated,60,0.95,mixture/0.4/3/5/3
0.4,3,4,1000,constant,0.14086666666666703,0.13016007972018706,0.151573253613147,separated,60,0.95,mixture/0.4/3/5/4
0.4,3,5,1000,constant,0.18963333333333365,0.16914863156499538,0.21011803510167193,separated,60,0.95,mixture/0.4/3/5/5
0.4,3,6,1000,constant,0.027033333333333243,0.017283727258531,0.036782939408135484,separated,60,0.95,mixture/0.4/3/5/6
0.4,3,7,1000,constant,0.1524333333333332,0.14269350609736875,0.16217316056929765,separated,60,0.95,mixture/0.4/3/5/7
0.4,3,8,1000,constant,0.17386666666666672,0.16440420666747457,0.18332912666585888,separated,60,0.95,mixture/0.4/3/5/8
0.4,3,9,1000,constant,0.26966666666666683,0.2565996595640574,0.2827336737692763,separated,60,0.95,mixture/0.4/3/5/9
0.4,3,10,1000,constant,0.12109999999999987,0.10915236667367745,0.1330476333263223,separated,60,0.95,mixture/0.4/3/5/10
0.4,3,11,1000,constant,0.2945333333333334,0.28082607950743943,0.3082405871592274,separated,60,0.95,mixture/0.4/3/5/11
0.4,3,12,1000,constant,0.15200000000000014,0.13973778034721152,0.16426221965278875,separated,60,0.95,mixture/0.4/3/5/12
0.4,3,13,1000,constant,0.16589999999999983,0.15415947947290576,0.1776405205270939,separated,60,0.95,mixture/0.4/3/5/13
0.4,3,14,1000,constant,0.34199999999999997,0.3288493808477737,0.35515061915222623,separated,60,0.95,mixture/0.4/3/5/14
0.4,3,15,1000,constant,0.10776666666666668,0.09429292044683213,0.12124041288650123,separated,60,0.95,mixture/0.4/3/5/15
0.4,3,16,1000,constant,0.23206666666666687,0.22123399366806773,0.242899339665266,separated,60,0.95,mixture/0.4/3/5/16
0.4,3,17,1000,constant,0.31163333333333343,0.29083935915885073,0.3324273075078161,separated,60,0.95,mixture/0.4/3/5/17
0.4,3,18,1000,constant,0.10786666666666689,0.09681941755998269,0.11891391577335109,separated,60,0.95,mixture/0.4/3/5/18
0.4,3,19,1000,constant,0.492766666666667,0.4727424667494884,0.5127908665838457,separated,60,0.95,mixture/0.4/3/5/19
0.4,3,20,1000,constant,0.1563000000000001,0.14637810896315828,0.16622189103684193,separated,60,0.95,mixture/0.4/3/5/20
0.4,3,21,1000,constant,0.10756666666666648,0.08952644553946087,0.12560688779387208,separated,60,0.95,mixture/0.4/3/5/21
0.4,3,22,1000,constant,0.15663333333333362,0.14720040149915858,0.16606626516750866,separated,60,0.95,mixture/0.4/3/5/22
0.4,3,23,1000,constant,0.25526666666666664,0.24474079052736541,0.26579254280596787,separated,60,0.95,mixture/0.4/3/5/23
0.4,3,24,1000,constant,0.1127999999999999,0.09747361116851239,0.12812638883148741,separated,60,0.95,mixture/0.4/3/5/24
0.4,3,25,1000,constant,0.07799999999999996,0.06863959076396442,0.0873604092360355,separated,60,0.95,mixture/0.4/3/5/25
0.4,3,26,1000,constant,0.33976666666666644,0.3249522941503057,0.3545810391830272,separated,60,0.95,mixture/0.4/3/5/26
0.4,3,27,1000,constant,0.24130000000000007,0.2287385889819914,0.25386141101800874,separated,60,0.95,mixture/0.4/3/5/27
0.4,3,28,1000,constant,0.24776666666666647,0.23585343741919573,0.2596798959141372,separated,60,0.95,mixture/0.4/3/5/28
0.4,3,29,1000,constant,0.036966666666666814,0.0265188460228869,0.04741448731044673,separated,60,0.95,mixture/0.4/3/5/29
0.4,4,0,1000,constant,0.20673333333333344,0.1927367026641852,0.22072996400248168,separated,60,0.95,mixture/0.4/4/5/0
0.4,4,1,1000,constant,0.10283333333333322,0.09082913347719812,0.11483753318946832,separated,60,0.95,mixture/0.4/4/5/1
0.4,4,2,1000,constant,0.04466666666666674,0.02621416344075822,0.06311916989257527,separated,60,0.95,mixture/0.4/4/5/2
0.4,4,3,1000,constant,0.013633333333333164,-0.0011259439596806864,0.028392610626347015,uncertain,60,0.95,mixture/0.4/4/5/3
0.4,4,4,1000,constant,0.31489999999999996,0.29996104922015465,0.32983895077984526,separated,60,0.95,mixture/0.4/4/5/4
0.4,4,5,1000,constant,0.17976666666666652,0.16075916883816876,0.19877416449516427,separated,60,0.95,mixture/0.4/4/5/5
0.4,4,6,1000,constant,0.20639999999999992,0.19441333471754452,0.21838666528245532,separated,60,0.95,mixture/0.4/4/5/6
0.4,4,7,1000,constant,0.27470000000000006,0.26057276580450184,0.2888272341954983,separated,60,0.95,mixture/0.4/4/5/7
0.4,4,8,1000,constant,0.07666666666666655,0.059726560774277626,0.09360677255905547,separated,60,0.95,mixture/0.4/4/5/8
0.4,4,9,1000,constant,0.056499999999999995,0.037216008813386936,0.07578399118661305,separated,60,0.95,mixture/0.4/4/5/9
0.4,4,10,1000,constant,0.16083333333333338,0.150396068146748,0.17127059851991877,separated,60,0.95,mixture/0.4/4/5/10
0.4,4,11,1000,constant,0.10206666666666664,0.0915819946135964,0.11255133871973688,separated,60,0.95,mixture/0.4/4/5/11
0.4,4,12,1000,constant,0.17233333333333323,0.159196784167687,0.18466390098609686,separated,60,0.95,mixture/0.4/4/5/12
0.4,4,13,1000,constant,0.22029999999999983,0.20797032646044145,0.2326296735395582,separated,60,0.95,mixture/0.4/4/5/13
0.4,4,14,1000,constant,0.1835333333333331,0.16893300601577643,0.19813366065088978,separated,60,0.95,mixture/0.4/4/5/14
0.4,4,15,1000,constant,0.15356666666666685,0.13427930491911966,0.16664326803608698,separated,60,0.95,mixture/0.4/4/5/15
0.4,4,16,1000,constant,0.18869999999999987,0.1772690296337569,0.20013097036624283,separated,60,0.95,mixture/0.4/4/5/16
0.4,4,17,1000,constant,0.06373333333333342,0.05099675214978816,0.07646991451687868,separated,60,0.95,mixture/0.4/4/5/17
0.4,4,18,1000,constant,0.09940000000000004,0.08704835087111329,0.1117516491288868,separated,60,0.95,mixture/0.4/4/5/18
0.4,4,19,1000,constant,0.12606666666666677,0.11189334289943886,0.14023999043389468,separated,60,0.95,mixture/0.4/4/5/19
0.4,4,20,1000,constant,0.10856666666666659,0.09404477818839496,0.12308855514493822,separated,60,0.95,mixture/0.4/4/5/20
0.4,4,21,1000,constant,-0.15629999999999988,-0.16937128828698733,-0.14322871171301244,nonseparated,60,0.95,mixture/0.4/4/5/21
0.4,4,22,1000,constant,-0.0340666666666668,-0.046776107777481646,-0.021357225555851955,nonseparated,60,0.95,mixture/0.4/4/5/22
0.4,4,23,1000,constant,0.1167999999999999,0.10577519903588928,0.12782480096411053,separated,60,0.95,mixture/0.4/4/5/23
0.4,4,24,1000,constant,0.11933333333333329,0.10751204566299444,0.13115462100367214,separated,60,0.95,mixture/0.4/4/5/24
0.4,4,25,1000,constant,0.2213666666666667,0.20781790844048842,0.234915424892845,separated,60,0.95,mixture/0.4/4/5/25
0.4,4,26,1000,constant,0.14039999999999997,0.12695973108390812,0.15384026891609182,separated,60,0.95,mixture/0.4/4/5/26
0.4,4,27,1000,constant,-0.027766666666666828,-0.04270133055266967,-0.012832002780663987,nonseparated,60,0.95,mixture/0.4/4/5/27
0.4,4,28,1000,constant,0.20186666666666653,0.18894554524416918,0.21478778808916388,separated,60,0.95,mixture/0.4/4/5/28
0.4,4,29,1000,constant,0.20033333333333336,0.17591465012419638,0.22475201654247035,separated,60,0.95,mixture/0.4/4/5/29
0.4,5,0,1000,constant,0.1335333333333335,0.12212132204759962,0.14494534461906738,separated,60,0.95,mixture/0.4/5/5/0
0.4,5,1,1000,constant,0.00873333333333326,-0.0051417827108843905,0.02260844937755091,uncertain,60,0.95,mixture/0.4/5/5/1
0.4,5,2,1000,constant,0.1777333333333333,0.16481971091484093,0.19064695575182566,separated,60,0.95,mixture/0.4/5/5/2
0.4,5,3,1000,constant,0.02756666666666674,0.013526984207980819,0.04160634912535266,separated,60,0.95,mixture/0.4/5/5/3
0.4,5,4,1000,constant,0.12106666666666666,0.11094593039946987,0.13118740293386344,separated,60,0.95,mixture/0.4/5/5/4
0.4,5,5,1000,constant,0.12183333333333346,0.10423336145715001,0.1394333052095169,separated,60,0.95,mixture/0.4/5/5/5
0.4,5,6,1000,constant,0.03926666666666656,0.024349431434954272,0.05418390189837885,separated,60,0.95,mixture/0.4/5/5/6
0.4,5,7,1000,constant,0.08223333333333327,0.07083207142666625,0.09363459524000028,separated,60,0.95,mixture/0.4/5/5/7
0.4,5,8,1000,constant,0.11193333333333322,0.09635410923213183,0.1275125574345346,separated,60,0.95,mixture/0.4/5/5/8
0.4,5,9,1000,constant,0.09996666666666665,0.08771727780349992,0.11221605552983338,separated,60,0.95,mixture/0.4/5/5/9
0.4,5,10,1000,constant,0.03943333333333332,0.02639219076359267,0.05247447590307397,separated,60,0.95,mixture/0.4/5/5/10
0.4,5,11,1000,constant,0.12726666666666675,0.11551496247764304,0.13901837085569047,separated,60,0.95,mixture/0.4/5/5/11
0.4,5,12,1000,constant,-0.33393333333333347,-0.35945335142651325,-0.3084133152401537,nonseparated,60,0.95,mixture/0.4/5/5/12
0.4,5,13,1000,constant,0.21760000000000002,0.20438766207173042,0.2308123379282696,separated,60,0.95,mixture/0.4/5/5/13
0.4,5,14,1000,constant,0.06676666666666675,0.05557226100136148,0.07796107233197203,separated,60,0.95,mixture/0.4/5/5/14
0.4,5,15,1000,constant,-0.0072666666666665325,-0.02981087963353879,0.015277546300205724,uncertain,60,0.95,mixture/0.4/5/5/15
0.4,5,16,1000,constant,-0.07443333333333313,-0.08910993974078985,-0.05975672692587641,nonseparated,60,0.95,mixture/0.4/5/5/16
0.4,5,17,1000,constant,0.033199999999999896,0.017655265699309197,0.048744734300690595,separated,60,0.95,mixture/0.4/5/5/17
0.4,5,18,1000,constant,0.11193333333333322,0.10026605618717421,0.12360061047949222,separated,60,0.95,mixture/0.4/5/5/18
0.4,5,19,1000,constant,0.1704000000000001,0.15585657664437635,0.18494342335562386,separated,60,0.95,mixture/0.4/5/5/19
0.4,5,20,1000,constant,0.13259999999999983,0.11842509001087109,0.14317757770837702,separated,60,0.95,mixture/0.4/5/5/20
0.4,5,21,1000,constant,0.07663333333333355,0.05522029494015124,0.09804637172651587,separated,60,0.95,mixture/0.4/5/5/21
0.4,5,22,1000,constant,0.07753333333333323,0.0636406099172061,0.09142605674946036,separated,60,0.95,mixture/0.4/5/5/22
0.4,5,23,1000,constant,0.1034666666666667,0.0924675760960798,0.11446575723725361,separated,60,0.95,mixture/0.4/5/5/23
0.4,5,24,1000,constant,0.11613333333333331,0.10150314942951988,0.13076351723714674,separated,60,0.95,mixture/0.4/5/5/24
0.4,5,25,1000,constant,-0.02293333333333314,-0.036374425020810675,-0.009492241645855604,nonseparated,60,0.95,mixture/0.4/5/5/25
0.4,5,26,1000,constant,0.11556666666666648,0.10292446286630152,0.12820887046703144,separated,60,0.95,mixture/0.4/5/5/26
0.4,5,27,1000,constant,0.007799999999999918,-0.0020470336923519294,0.017647033692351766,uncertain,60,0.95,mixture/0.4/5/5/27
0.4,5,28,1000,constant,-0.12313333333333332,-0.13696868955531993,-0.1092979771113467,nonseparated,60,0.95,mixture/0.4/5/5/28
0.4,5,29,1000,constant,0.2234666666666668,0.21138455325362304,0.23554878007971058,separated,60,0.95,mixture/0.4/5/5/29
0.4,6,0,1000,constant,0.005066666666666775,-0.008326615346357813,0.018459948679691363,uncertain,60,0.95,mixture/0.4/6/5/0
0.4,6,1,1000,constant,0.08710000000000018,0.07118953160569907,0.10301046839430128,separated,60,0.95,mixture/0.4/6/5/1
0.4,6,2,1000,constant,0.05369999999999986,0.03714367911839889,0.07025632088160083,separated,60,0.95,mixture/0.4/6/5/2
0.4,6,3,1000,constant,0.10679999999999978,0.09175640549315756,0.12184359450684201,separated,60,0.95,mixture/0.4/6/5/3
0.4,6,4,1000,constant,0.06063333333333332,0.033818746016199275,0.08744792065046736,separated,60,0.95,mixture/0.4/6/5/4
0.4,6,5,1000,constant,0.0760666666666665,0.05943282740737643,0.09270050592595658,separated,60,0.95,mixture/0.4/6/5/5
0.4,6,6,1000,constant,0.048666666666666414,0.035721231078023497,0.06161210225530933,separated,60,0.95,mixture/0.4/6/5/6
0.4,6,7,1000,constant,0.0864666666666668,0.07688058493652061,0.09605274839681299,separated,60,0.95,mixture/0.4/6/5/7
0.4,6,8,1000,constant,0.0677000000000001,0.056967542031352014,0.07843245796864817,separated,60,0.95,mixture/0.4/6/5/8
0.4,6,9,1000,constant,0.010500000000000176,-0.006166731365999989,0.02716673136600034,uncertain,60,0.95,mixture/0.4/6/5/9
0.4,6,10,1000,constant,0.035800000000000054,0.0215835644234591,0.05001643557654101,separated,60,0.95,mixture/0.4/6/5/10
0.4,6,11,1000,constant,0.08843333333333347,0.0761181675207252,0.10074849914594175,separated,60,0.95,mixture/0.4/6/5/11
0.4,6,12,1000,constant,0.047900000000000165,0.03413279295282723,0.0616672070471731,separated,60,0.95,mixture/0.4/6/5/12
0.4,6,13,1000,constant,0.11996666666666633,0.09681765304704015,0.1431156802862925,separated,60,0.95,mixture/0.4/6/5/13
0.4,6,14,1000,constant,0.06946666666666657,0.053580133201694746,0.08535320013163838,separated,60,0.95,mixture/0.4/6/5/14
0.4,6,15,1000,constant,0.014466666666666517,0.00018503774137368367,0.02874829559195935,separated,60,0.95,mixture/0.4/6/5/15
0.4,6,16,1000,constant,0.10843333333333316,0.09171586217878636,0.12515080448787996,separated,60,0.95,mixture/0.4/6/5/16
0.4,6,17,1000,constant,0.11319999999999986,0.09853866443772052,0.1278613355622792,separated,60,0.95,mixture/0.4/6/5/17
0.4,6,18,1000,constant,0.18703333333333316,0.17270064843630417,0.20136601823036215,separated,60,0.95,mixture/0.4/6/5/18
0.4,6,19,1000,constant,0.07613333333333328,0.0508851651965303,0.10138150147013625,separated,60,0.95,mixture/0.4/6/5/19
0.4,6,20,1000,constant,0.0854999999999998,0.07370661104261667,0.09729338895738293,separated,60,0.95,mixture/0.4/6/5/20
0.4,6,21,1000,constant,0.1448666666666668,0.12880621732801512,0.16082947623756216,separated,60,0.95,mixture/0.4/6/5/21
0.4,6,22,1000,constant,0.09513333333333329,0.08269684758819429,0.1075698190784723,separated,60,0.95,mixture/0.4/6/5/22
0.4,6,23,1000,constant,0.1273333333333333,0.10728236701477967,0.14738429965188693,separated,60,0.95,mixture/0.4/6/5/23
0.4,6,24,1000,constant,-0.02956666666666674,-0.04609358877424452,-0.013039744559088962,nonseparated,60,0.95,mixture/0.4/6/5/24
0.4,6,25,1000,constant,0.004966666666666786,-0.009787057899649176,0.019720391232982748,uncertain,60,0.95,mixture/0.4/6/5/25
0.4,6,26,1000,constant,-0.08529999999999982,-0.09920739204397344,-0.0713926079560262,nonseparated,60,0.95,mixture/0.4/6/5/26
0.4,6,27,1000,constant,0.06403333333333339,0.05121426181605815,0.07685240485060862,separated,60,0.95,mixture/0.4/6/5/27
0.4,6,28,1000,constant,0.06323333333333314,0.046732583812713946,0.07973408285395234,separated,60,0.95,mixture/0.4/6/5/28
0.4,6,29,1000,constant,0.02183333333333337,0.005494153356900622,0.03817251330976612,separated,60,0.95,mixture/0.4/6/5/29
0.4,7,0,1000,constant,-0.04156666666666686,-0.05721959486864847,-0.025913738464685254,nonseparated,60,0.95,mixture/0.4/7/5/0
0.4,7,1,1000,constant,-0.0005999999999999339,-0.015145433852071788,0.01394543385207192,uncertain,60,0.95,mixture/0.4/7/5/1
0.4,7,2,1000,constant,0.08500000000000019,0.07386433820804317,0.0961356617919572,separated,60,0.95,mixture/0.4/7/5/2
0.4,7,3,1000,constant,0.0711666666666666,0.05357473883047559,0.08875859450285761,separated,60,0.95,mixture/0.4/7/5/3
0.4,7,4,1000,constant,0.06243333333333334,0.05143350763665733,0.07343315903000935,separated,60,0.95,mixture/0.4/7/5/4
0.4,7,5,1000,constant,0.010500000000000065,-0.008095031692061383,0.029095031692061513,uncertain,60,0.95,mixture/0.4/7/5/5
0.4,7,6,1000,constant,-0.37363333333333343,-0.39830967856986144,-0.3489569880968054,nonseparated,60,0.95,mixture/0.4/7/5/6
0.4,7,7,1000,constant,0.1013666666666666,0.08696605428590631,0.1157672790474269,separated,60,0.95,mixture/0.4/7/5/7
0.4,7,8,1000,constant,-0.10376666666666656,-0.12967178929442824,-0.07941117500216022,nonseparated,60,0.95,mixture/0.4/7/5/8
0.4,7,9,1000,constant,-0.010100000000000109,-0.028259089523300585,0.008059089523300367,uncertain,60,0.95,mixture/0.4/7/5/9
0.4,7,10,1000,constant,-0.04706666666666648,-0.06570244653888424,-0.028430886794448718,nonseparated,60,0.95,mixture/0.4/7/5/10
0.4,7,11,1000,constant,0.1311000000000001,0.10626788997611503,0.14812003797837148,separated,60,0.95,mixture/0.4/7/5/11
0.4,7,12,1000,constant,0.08366666666666644,0.062365039357333396,0.1009232177872178,separated,60,0.95,mixture/0.4/7/5/12
0.4,7,13,1000,constant,0.011533333333333173,-0.009403369316864918,0.024770093687254358,uncertain,60,0.95,mixture/0.4/7/5/13
0.4,7,14,1000,constant,0.08830000000000005,0.07323909597053901,0.10336090402946108,separated,60,0.95,mixture/0.4/7/5/14
0.4,7,15,1000,constant,0.05246666666666677,0.034894765032854935,0.07003856830047861,separated,60,0.95,mixture/0.4/7/5/15
0.4,7,16,1000,constant,0.01843333333333319,0.004816977537375644,0.03204968912929074,separated,60,0.95,mixture/0.4/7/5/16
0.4,7,17,1000,constant,-0.0021999999999999797,-0.026165719577389224,0.021765719577389264,uncertain,60,0.95,mixture/0.4/7/5/17
0.4,7,18,1000,constant,0.02513333333333323,0.012772505946286095,0.037494160720380365,separated,60,0.95,mixture/0.4/7/5/18
0.4,7,19,1000,constant,0.11309999999999987,0.10023594735743413,0.1259640526425656,separated,60,0.95,mixture/0.4/7/5/19
0.4,7,20,1000,constant,-0.08123333333333327,-0.09311781970172084,-0.0693488469649457,nonseparated,60,0.95,mixture/0.4/7/5/20
0.4,7,21,1000,constant,0.05476666666666652,0.03964404713796854,0.0698892861953645,separated,60,0.95,mixture/0.4/7/5/21
0.4,7,22,1000,constant,0.0827333333333331,0.06802896773766398,0.09743769892900223,separated,60,0.95,mixture/0.4/7/5/22
0.4,7,23,1000,constant,0.03090000000000004,0.010973685405474942,0.050826314594525135,separated,60,0.95,mixture/0.4/7/5/23
0.4,7,24,1000,constant,0.0898000000000001,0.0769683005561741,0.10263169944382611,separated,60,0.95,mixture/0.4/7/5/24
0.4,7,25,1000,constant,-0.008400000000000185,-0.019155932684103316,0.002355932684102946,uncertain,60,0.95,mixture/0.4/7/5/25
0.4,7,26,1000,constant,-0.015600000000000058,-0.03003697797238103,-0.0011630220276190872,nonseparated,60,0.95,mixture/0.4/7/5/26
0.4,7,27,1000,constant,0.06753333333333322,0.054725987951103394,0.08034067871556305,separated,60,0.95,mixture/0.4/7/5/27
0.4,7,28,1000,constant,0.044366666666666776,0.02418412164622563,0.06454921168710792,separated,60,0.95,mixture/0.4/7/5/28
0.4,7,29,1000,constant,0.04706666666666659,0.03595525588071358,0.0581780774526196,separated,60,0.95,mixture/0.4/7/5/29
0.4,8,0,1000,constant,-0.16223333333333323,-0.1842305530252043,-0.14023611364146216,nonseparated,60,0.95,mixture/0.4/8/5/0
0.4,8,1,1000,constant,-0.035800000000000165,-0.04800754606190849,-0.02359245393809184,nonseparated,60,0.95,mixture/0.4/8/5/1
0.4,8,2,1000,constant,-0.0663999999999999,-0.08697598639261439,-0.045824013607385417,nonseparated,60,0.95,mixture/0.4/8/5/2
0.4,8,3,1000,constant,0.03630000000000022,0.024401527387004518,0.048198472612995924,separated,60,0.95,mixture/0.4/8/5/3
0.4,8,4,1000,constant,0.08313333333333328,0.06602387809093058,0.10024278857573599,separated,60,0.95,mixture/0.4/8/5/4
0.4,8,5,1000,constant,0.016766666666666485,0.006033282860490874,0.027500050472842097,separated,60,0.95,mixture/0.4/8/5/5
0.4,8,6,1000,constant,0.026100000000000012,0.0016632931819147156,0.04944111529807571,separated,60,0.95,mixture/0.4/8/5/6
0.4,8,7,1000,constant,0.12456666666666671,0.11367723198688517,0.13545610134644825,separated,60,0.95,mixture/0.4/8/5/7
0.4,8,8,1000,constant,0.05913333333333337,0.04425381688939445,0.0740128497772723,separated,60,0.95,mixture/0.4/8/5/8
0.4,8,9,1000,constant,-0.04689999999999983,-0.06471251019913682,-0.029087489800862842,nonseparated,60,0.95,mixture/0.4/8/5/9
0.4,8,10,1000,constant,0.12113333333333309,0.09867131806336815,0.14359534860329803,separated,60,0.95,mixture/0.4/8/5/10
0.4,8,11,1000,constant,-0.02603333333333324,-0.04160799787377489,-0.01045866879289159,nonseparated,60,0.95,mixture/0.4/8/5/11
0.4,8,12,1000,constant,0.11683333333333334,0.10315025396629662,0.13024184345951406,separated,60,0.95,mixture/0.4/8/5/12
0.4,8,13,1000,constant,-0.017866666666666697,-0.0303455759162109,-0.0066527310412488605,nonseparated,60,0.95,mixture/0.4/8/5/13
0.4,8,14,1000,constant,0.046366666666666556,0.02848073594349021,0.0642525973898429,separated,60,0.95,mixture/0.4/8/5/14
0.4,8,15,1000,constant,0.06700000000000028,0.05440489786694103,0.07959510213305954,separated,60,0.95,mixture/0.4/8/5/15
0.4,8,16,1000,constant,-0.09386666666666688,-0.11104002036901839,-0.07669331296431536,nonseparated,60,0.95,mixture/0.4/8/5/16
0.4,8,17,1000,constant,0.014566666666666617,0.001721317989741622,0.02741201534359161,separated,60,0.95,mixture/0.4/8/5/17
0.4,8,18,1000,constant,-0.017133333333333223,-0.0319859553340216,-0.002280711332644847,nonseparated,60,0.95,mixture/0.4/8/5/18
0.4,8,19,1000,constant,0.004000000000000115,-0.009184102754416168,0.017184102754416397,uncertain,60,0.95,mixture/0.4/8/5/19
0.4,8,20,1000,constant,0.013633333333333275,-0.0035401942516414264,0.030806860918307977,uncertain,60,0.95,mixture/0.4/8/5/20
0.4,8,21,1000,constant,0.028233333333333444,0.011319262086835535,0.04514740457983135,separated,60,0.95,mixture/0.4/8/5/21
0.4,8,22,1000,constant,0.01773333333333338,0.005325712293138052,0.030140954373528706,separated,60,0.95,mixture/0.4/8/5/22
0.4,8,23,1000,constant,-0.3052000000000001,-0.32017978624239934,-0.2902202137576008,nonseparated,60,0.95,mixture/0.4/8/5/23
0.4,8,24,1000,constant,0.030033333333333356,0.016961861704174797,0.043104804962491916,separated,60,0.95,mixture/0.4/8/5/24
0.4,8,25,1000,constant,0.07303333333333328,0.05532379919806174,0.09074286746860483,separated,60,0.95,mixture/0.4/8/5/25
0.4,8,26,1000,constant,-0.09066666666666656,-0.10814956887898908,-0.07318376445434405,nonseparated,60,0.95,mixture/0.4/8/5/26
0.4,8,27,1000,constant,-0.052066666666666594,-0.07930306861988623,-0.02483026471344696,nonseparated,60,0.95,mixture/0.4/8/5/27
0.4,8,28,1000,constant,0.004266666666666752,-0.009071225470904443,0.017604558804237946,uncertain,60,0.95,mixture/0.4/8/5/28
0.4,8,29,1000,constant,0.0678333333333333,0.053270718887606594,0.08008928298852092,separated,60,0.95,mixture/0.4/8/5/29
0.4,9,0,1000,constant,0.11053333333333326,0.09719191588013487,0.12387475078653165,separated,60,0.95,mixture/0.4/9/5/0
0.4,9,1,1000,constant,-0.018033333333333568,-0.03523975510803079,-0.0008269115586363451,nonseparated,60,0.95,mixture/0.4/9/5/1
0.4,9,2,1000,constant,-0.2391000000000001,-0.25602541159534775,-0.22217458840465243,nonseparated,60,0.95,mixture/0.4/9/5/2
0.4,9,3,1000,constant,0.01739999999999997,0.00113235464356376,0.03366764535643618,separated,60,0.95,mixture/0.4/9/5/3
0.4,9,4,1000,constant,-0.08860000000000012,-0.10373746020422137,-0.07346253979577888,nonseparated,60,0.95,mixture/0.4/9/5/4
0.4,9,5,1000,constant,0.014066666666666783,0.0012534198585384404,0.026879913474795125,separated,60,0.95,mixture/0.4/9/5/5
0.4,9,6,1000,constant,0.055333333333333234,0.04389968134343125,0.06676698532323522,separated,60,0.95,mixture/0.4/9/5/6
0.4,9,7,1000,constant,0.04343333333333299,0.028180131335889702,0.05868653533077628,separated,60,0.95,mixture/0.4/9/5/7
0.4,9,8,1000,constant,0.09906666666666686,0.08088149945876699,0.11725183387456672,separated,60,0.95,mixture/0.4/9/5/8
0.4,9,9,1000,constant,0.08610000000000007,0.074161124454596,0.09803887554540414,separated,60,0.95,mixture/0.4/9/5/9
0.4,9,10,1000,constant,0.14079999999999981,0.12676269091590509,0.15483730908409454,separated,60,0.95,mixture/0.4/9/5/10
0.4,9,11,1000,constant,0.09916666666666663,0.06976937504978675,0.12243388881105177,separated,60,0.95,mixture/0.4/9/5/11
0.4,9,12,1000,constant,0.019299999999999984,0.005110438075483503,0.033489561924516464,separated,60,0.95,mixture/0.4/9/5/12
0.4,9,13,1000,constant,0.11986666666666668,0.10403312051908808,0.13570021281424527,separated,60,0.95,mixture/0.4/9/5/13
0.4,9,14,1000,constant,-0.08009999999999995,-0.10946772480517653,-0.05073227519482337,nonseparated,60,0.95,mixture/0.4/9/5/14
0.4,9,15,1000,constant,-0.00896666666666679,-0.027031748109602183,0.009098414776268604,uncertain,60,0.95,mixture/0.4/9/5/15
0.4,9,16,1000,constant,0.08600000000000019,0.04818445453877285,0.10797935534626713,separated,60,0.95,mixture/0.4/9/5/16
0.4,9,17,1000,constant,0.04543333333333344,0.02950643610316661,0.06136023056350026,separated,60,0.95,mixture/0.4/9/5/17
0.4,9,18,1000,constant,0.030033333333333023,0.01461893433588668,0.041430583267464516,separated,60,0.95,mixture/0.4/9/5/18
0.4,9,19,1000,constant,0.046433333333333326,0.03147749373746622,0.06138917292920043,separated,60,0.95,mixture/0.4/9/5/19
0.4,9,20,1000,constant,0.10143333333333338,0.08494657244986537,0.11792009421680139,separated,60,0.95,mixture/0.4/9/5/20
0.4,9,21,1000,constant,0.022766666666666602,0.00830120319731531,0.037232130136017894,separated,60,0.95,mixture/0.4/9/5/21
0.4,9,22,1000,constant,0.05196666666666638,0.039174389509260554,0.06475894382407221,separated,60,0.95,mixture/0.4/9/5/22
0.4,9,23,1000,constant,0.03290000000000015,0.019717064089349146,0.04608293591065116,separated,60,0.95,mixture/0.4/9/5/23
0.4,9,24,1000,constant,0.08023333333333338,0.06995759315916983,0.09050907350749693,separated,60,0.95,mixture/0.4/9/5/24
0.4,9,25,1000,constant,0.055233333333333245,0.041941939539280715,0.06852472712738578,separated,60,0.95,mixture/0.4/9/5/25
0.4,9,26,1000,constant,0.02326666666666677,0.005049116354111205,0.04148421697922233,separated,60,0.95,mixture/0.4/9/5/26
0.4,9,27,1000,constant,0.05503333333333338,0.04038352787481159,0.06968313879185517,separated,60,0.95,mixture/0.4/9/5/27
0.4,9,28,1000,constant,-0.02753333333333341,-0.038799902018731514,-0.016266764647935306,nonseparated,60,0.95,mixture/0.4/9/5/28
0.4,9,29,1000,constant,-0.06063333333333332,-0.07496998935054822,-0.04629667731611842,nonseparated,60,0.95,mixture/0.4/9/5/29
0.4,10,0,1000,constant,-0.07699999999999996,-0.09281928913391557,-0.06118071086608434,nonseparated,60,0.95,mixture/0.4/10/5/0
0.4,10,1,1000,constant,-0.011599999999999944,-0.024678254692235724,0.0014782546922358364,uncertain,60,0.95,mixture/0.4/10/5/1
0.4,10,2,1000,constant,0.09453333333333325,0.08287318494450724,0.10619348172215926,separated,60,0.95,mixture/0.4/10/5/2
0.4,10,3,1000,constant,0.06786666666666641,0.056134751535103944,0.07959858179822887,separated,60,0.95,mixture/0.4/10/5/3
0.4,10,4,1000,constant,0.03883333333333305,0.024965247217069386,0.05270141944959672,separated,60,0.95,mixture/0.4/10/5/4
0.4,10,5,1000,constant,0.04933333333333323,0.03703606223105749,0.06163060443560897,separated,60,0.95,mixture/0.4/10/5/5
0.4,10,6,1000,constant,0.061033333333333495,0.04113083707124443,0.08093582959542256,separated,60,0.95,mixture/0.4/10/5/6
0.4,10,7,1000,constant,0.03403333333333358,0.018121148203003146,0.04994551846366402,separated,60,0.95,mixture/0.4/10/5/7
0.4,10,8,1000,constant,-0.13256666666666683,-0.1457696062628786,-0.11936372707045506,nonseparated,60,0.95,mixture/0.4/10/5/8
0.4,10,9,1000,constant,0.00556666666666672,-0.009734642034801233,0.020867975368134672,uncertain,60,0.95,mixture/0.4/10/5/9
0.4,10,10,1000,constant,-0.11183333333333345,-0.13955098020177958,-0.08411568646488732,nonseparated,60,0.95,mixture/0.4/10/5/10
0.4,10,11,1000,constant,-0.18996666666666673,-0.2099911534809143,-0.16994217985241922,nonseparated,60,0.95,mixture/0.4/10/5/11
0.4,10,12,1000,constant,0.008133333333333104,-0.009449348345892727,0.025716015012558935,uncertain,60,0.95,mixture/0.4/10/5/12
0.4,10,13,1000,constant,0.06040000000000012,0.04480362185479292,0.07599637814520732,separated,60,0.95,mixture/0.4/10/5/13
0.4,10,14,1000,constant,-0.17969999999999986,-0.19525616533216927,-0.16414383466783045,nonseparated,60,0.95,mixture/0.4/10/5/14
0.4,10,15,1000,constant,-0.09570000000000001,-0.1097014588347025,-0.08169854116529751,nonseparated,60,0.95,mixture/0.4/10/5/15
0.4,10,16,1000,constant,-0.05293333333333339,-0.06420084038497531,-0.041665826281691465,nonseparated,60,0.95,mixture/0.4/10/5/16
0.4,10,17,1000,constant,-0.010366666666666524,-0.02521496343502616,0.004481630101693113,uncertain,60,0.95,mixture/0.4/10/5/17
0.4,10,18,1000,constant,0.011966666666666792,-0.0053036743312929735,0.029237007664626558,uncertain,60,0.95,mixture/0.4/10/5/18
0.4,10,19,1000,constant,-0.08879999999999988,-0.10355892151990964,-0.07404107848009012,nonseparated,60,0.95,mixture/0.4/10/5/19
0.4,10,20,1000,constant,-0.0030333333333335544,-0.017160153530934252,0.011093486864267144,uncertain,60,0.95,mixture/0.4/10/5/20
0.4,10,21,1000,constant,0.09893333333333343,0.0855367217864006,0.11232994488026626,separated,60,0.95,mixture/0.4/10/5/21
0.4,10,22,1000,constant,-0.2566666666666668,-0.27761198217529415,-0.2357213511580395,nonseparated,60,0.95,mixture/0.4/10/5/22
0.4,10,23,1000,constant,-0.06566666666666676,-0.08063491649671395,-0.050698416836619575,nonseparated,60,0.95,mixture/0.4/10/5/23
0.4,10,24,1000,constant,0.02960000000000018,0.012297894155088862,0.0469021058449115,separated,60,0.95,mixture/0.4/10/5/24
0.4,10,25,1000,constant,-0.05736666666666679,-0.0770989293113955,-0.03763440402193807,nonseparated,60,0.95,mixture/0.4/10/5/25
0.4,10,26,1000,constant,-0.09023333333333339,-0.1096172787448445,-0.07084938792182227,nonseparated,60,0.95,mixture/0.4/10/5/26
0.4,10,27,1000,constant,-0.014166666666666772,-0.031309186966845814,0.002975853633512271,uncertain,60,0.95,mixture/0.4/10/5/27
0.4,10,28,1000,constant,-0.01843333333333308,-0.03252453105742403,-0.004342135609242126,nonseparated,60,0.95,mixture/0.4/10/5/28
0.4,10,29,1000,constant,0.06286666666666663,0.05011917417667788,0.07561415915665537,separated,60,0.95,mixture/0.4/10/5/29
0.5,2,0,1000,constant,0.2237,0.2107632937844265,0.23663670621557353,separated,60,0.95,mixture/0.5/2/5/0
0.5,2,1,1000,constant,0.12403333333333344,0.11421284509838792,0.13385382156827896,separated,60,0.95,mixture/0.5/2/5/1
0.5,2,2,1000,constant,0.3276333333333332,0.31764556600329574,0.3376211006633707,separated,60,0.95,mixture/0.5/2/5/2
0.5,2,3,1000,constant,0.1432,0.13350408599527286,0.15289591400472713,separated,60,0.95,mixture/0.5/2/5/3
0.5,2,4,1000,constant,0.5773666666666667,0.5520273201825187,0.6027060131508147,separated,60,0.95,mixture/0.5/2/5/4
0.5,2,5,1000,constant,0.31796666666666695,0.3052886968105667,0.3306446365227672,separated,60,0.95,mixture/0.5/2/5/5
0.5,2,6,1000,constant,0.2637333333333335,0.25286893573713576,0.2745977309295312,separated,60,0.95,mixture/0.5/2/5/6
0.5,2,7,1000,constant,0.40016666666666667,0.3846328231291103,0.41570051020422305,separated,60,0.95,mixture/0.5/2/5/7
0.5,2,8,1000,constant,0.23336666666666672,0.21880909719648745,0.247924236136846,separated,60,0.95,mixture/0.5/2/5/8
0.5,2,9,1000,constant,0.2502666666666665,0.24090600591737354,0.2596273274159594,separated,60,0.95,mixture/0.5/2/5/9
0.5,2,10,1000,constant,0.2065999999999999,0.19643397889633663,0.21676602110366316,separated,60,0.95,mixture/0.5/2/5/10
0.5,2,11,1000,constant,0.23363333333333314,0.22222698416078068,0.2450396825058856,separated,60,0.95,mixture/0.5/2/5/11
0.5,2,12,1000,constant,0.2526999999999998,0.2418775159468931,0.2635224840531065,separated,60,0.95,mixture/0.5/2/5/12
0.5,2,13,1000,constant,0.28646666666666654,0.27459878137828975,0.2983345519550433,separated,60,0.95,mixture/0.5/2/5/13
0.5,2,14,1000,constant,0.18230000000000013,0.17398263092989275,0.1906173690701075,separated,60,0.95,mixture/0.5/2/5/14
0.5,2,15,1000,constant,0.19400000000000017,0.18224668553915757,0.20575331446084277,separated,60,0.95,mixture/0.5/2/5/15
0.5,2,16,1000,constant,0.45553333333333357,0.4429368576001087,0.46812980906655843,separated,60,0.95,mixture/0.5/2/5/16
0.5,2,17,1000,constant,0.4170999999999999,0.39903369546357137,0.43516630453642846,separated,60,0.95,mixture/0.5/2/5/17
0.5,2,18,1000,constant,0.7180333333333333,0.698729938856918,0.7373367278097486,separated,60,0.95,mixture/0.5/2/5/18
0.5,2,19,1000,constant,0.1556333333333334,0.1465242812356098,0.16474238543105701,separated,60,0.95,mixture/0.5/2/5/19
0.5,2,20,1000,constant,0.32666666666666677,0.31504110828412735,0.3382922250492063,separated,60,0.95,mixture/0.5/2/5/20
0.5,2,21,1000,constant,0.18606666666666682,0.1771645411495738,0.19496879218375984,separated,60,0.95,mixture/0.5/2/5/21
0.5,2,22,1000,constant,0.36729999999999985,0.3562556335148771,0.3783443664851226,separated,60,0.95,mixture/0.5/2/5/22
0.5,2,23,1000,constant,0.2352666666666664,0.2221061558885804,0.2484271774447524,separated,60,0.95,mixture/0.5/2/5/23
0.5,2,24,1000,constant,0.21296666666666653,0.20406412694385978,0.22186920638947327,separated,60,0.95,mixture/0.5/2/5/24
0.5,2,25,1000,constant,0.46586666666666665,0.45079142845940523,0.48094190487392807,separated,60,0.95,mixture/0.5/2/5/25
0.5,2,26,1000,constant,0.3569,0.3415885608917294,0.3722114391082706,separated,60,0.95,mixture/0.5/2/5/26
0.5,2,27,1000,constant,0.5188000000000003,0.5048121020029148,0.5327878979970857,separated,60,0.95,mixture/0.5/2/5/27
0.5,2,28,1000,constant,0.05416666666666681,0.0429201792858408,0.06541315404749282,separated,60,0.95,mixture/0.5/2/5/28
0.5,2,29,1000,constant,0.4013333333333332,0.3933605960473767,0.4093060706192897,separated,60,0.95,mixture/0.5/2/5/29
0.5,3,0,1000,constant,0.046666666666666745,0.035690846701192935,0.057642486632140555,separated,60,0.95,mixture/0.5/3/5/0
0.5,3,1,1000,constant,0.2291333333333334,0.21549950760369352,0.2427671590629733,separated,60,0.95,mixture/0.5/3/5/1
0.5,3,2,1000,constant,0.3730333333333332,0.35712832989387067,0.38807179205143216,separated,60,0.95,mixture/0.5/3/5/2
0.5,3,3,1000,constant,0.06550000000000011,0.056486963914511024,0.0745130360854892,separated,60,0.95,mixture/0.5/3/5/3
0.5,3,4,1000,constant,0.4377000000000001,0.4151875841174334,0.4602124158825668,separated,60,0.95,mixture/0.5/3/5/4
0.5,3,5,1000,constant,0.05720000000000025,0.04544987567850978,0.06895012432149072,separated,60,0.95,mixture/0.5/3/5/5
0.5,3,6,1000,constant,0.1769333333333334,0.16140119833664368,0.1924654683300231,separated,60,0.95,mixture/0.5/3/5/6
0.5,3,7,1000,constant,0.3542333333333332,0.33933264386000106,0.3691340228066653,separated,60,0.95,mixture/0.5/3/5/7
0.5,3,8,1000,constant,0.09966666666666668,0.0911102593673161,0.10822307396601727,separated,60,0.95,mixture/0.5/3/5/8
0.5,3,9,1000,constant,0.16063333333333318,0.14904722375524548,0.17221944291142088,separated,60,0.95,mixture/0.5/3/5/9
0.5,3,10,1000,constant,0.17336666666666634,0.160883684414043,0.18551219546209052,separated,60,0.95,mixture/0.5/3/5/10
0.5,3,11,1000,constant,0.18030000000000013,0.16853166894380034,0.19206833105619991,separated,60,0.95,mixture/0.5/3/5/11
0.5,3,12,1000,constant,0.10609999999999986,0.09647063982976245,0.11572936017023727,separated,60,0.95,mixture/0.5/3/5/12
0.5,3,13,1000,constant,0.07803333333333351,0.067701465567791,0.08836520109887602,separated,60,0.95,mixture/0.5/3/5/13
0.5,3,14,1000,constant,0.21886666666666665,0.20630694397869265,0.23142638935464066,separated,60,0.95,mixture/0.5/3/5/14
0.5,3,15,1000,constant,0.015799999999999925,0.0047560522018413876,0.026843947798158463,separated,60,0.95,mixture/0.5/3/5/15
0.5,3,16,1000,constant,0.19323333333333337,0.18421447166288707,0.20225219500377967,separated,60,0.95,mixture/0.5/3/5/16
0.5,3,17,1000,constant,0.28,0.2704752058616605,0.28952479413833954,separated,60,0.95,mixture/0.5/3/5/17
0.5,3,18,1000,constant,0.0891333333333334,0.07974210651115865,0.09852456015550815,separated,60,0.95,mixture/0.5/3/5/18
0.5,3,19,1000,constant,0.123,0.1114542106865869,0.1345457893134131,separated,60,0.95,mixture/0.5/3/5/19
0.5,3,20,1000,constant,0.29156666666666675,0.27964364681477827,0.30348968651855524,separated,60,0.95,mixture/0.5/3/5/20
0.5,3,21,1000,constant,0.11493333333333311,0.10560692534799077,0.12425974131867545,separated,60,0.95,mixture/0.5/3/5/21
0.5,3,22,1000,constant,0.2773,0.2649499966711918,0.2896500033288082,separated,60,0.95,mixture/0.5/3/5/22
0.5,3,23,1000,constant,0.1909333333333335,0.17801416927142277,0.20385249739524425,separated,60,0.95,mixture/0.5/3/5/23
0.5,3,24,1000,constant,0.13003333333333345,0.11939156793543082,0.14067509873123607,separated,60,0.95,mixture/0.5/3/5/24
0.5,3,25,1000,constant,0.26669999999999994,0.25241108693855485,0.280988913061445,separated,60,0.95,mixture/0.5/3/5/25
0.5,3,26,1000,constant,0.34993333333333354,0.32761886374664695,0.37224780292002024,separated,60,0.95,mixture/0.5/3/5/26
0.5,3,27,1000,constant,0.1181333333333332,0.10832634256744877,0.12794032409921763,separated,60,0.95,mixture/0.5/3/5/27
0.5,3,28,1000,constant,0.07150000000000001,0.061690348440816,0.08130965155918402,separated,60,0.95,mixture/0.5/3/5/28
0.5,3,29,1000,constant,0.2598666666666667,0.24754102775024245,0.27219230558309093,separated,60,0.95,mixture/0.5/3/5/29
0.5,4,0,1000,constant,0.17469999999999986,0.16396139700569112,0.1854386029943086,separated,60,0.95,mixture/0.5/4/5/0
0.5,4,1,1000,constant,0.14000000000000012,0.13087072443660108,0.14912927556339917,separated,60,0.95,mixture/0.5/4/5/1
0.5,4,2,1000,constant,0.07283333333333342,0.06012152912962421,0.08554513753704263,separated,60,0.95,mixture/0.5/4/5/2
0.5,4,3,1000,constant,0.08706666666666674,0.07341301576562398,0.1007203175677095,separated,60,0.95,mixture/0.5/4/5/3
0.5,4,4,1000,constant,0.17836666666666667,0.16752801322802846,0.18920532010530489,separated,60,0.95,mixture/0.5/4/5/4
0.5,4,5,1000,constant,0.07289999999999996,0.05749353685454439,0.08830646314545554,separated,60,0.95,mixture/0.5/4/5/5
0.5,4,6,1000,constant,0.11416666666666642,0.09856445453798912,0.1297688787953437,separated,60,0.95,mixture/0.5/4/5/6
0.5,4,7,1000,constant,0.1518666666666666,0.1334948060335014,0.1702385272998318,separated,60,0.95,mixture/0.5/4/5/7
0.5,4,8,1000,constant,0.17013333333333325,0.15316153123303566,0.18710513543363083,separated,60,0.95,mixture/0.5/4/5/8
0.5,4,9,1000,constant,0.1076999999999998,0.09675682220719939,0.1186431777928002,separated,60,0.95,mixture/0.5/4/5/9
0.5,4,10,1000,constant,0.1019000000000001,0.08784320229279818,0.11595679770720202,separated,60,0.95,mixture/0.5/4/5/10
0.5,4,11,1000,constant,0.14566666666666683,0.1340829540778734,0.15725037925546026,separated,60,0.95,mixture/0.5/4/5/11
0.5,4,12,1000,constant,0.17233333333333367,0.1626508274898517,0.18201583917681563,separated,60,0.95,mixture/0.5/4/5/12
0.5,4,13,1000,constant,0.09803333333333353,0.08906594553956482,0.10700072112710224,separated,60,0.95,mixture/0.5/4/5/13
0.5,4,14,1000,constant,0.07579999999999998,0.062353177055703424,0.08924682294429653,separated,60,0.95,mixture/0.5/4/5/14
0.5,4,15,1000,constant,0.07140000000000024,0.062475470154909396,0.08032452984509109,separated,60,0.95,mixture/0.5/4/5/15
0.5,4,16,1000,constant,0.15280000000000027,0.14053863823594182,0.16506136176405872,separated,60,0.95,mixture/0.5/4/5/16
0.5,4,17,1000,constant,0.10893333333333344,0.09685663716701742,0.12101002949964945,separated,60,0.95,mixture/0.5/4/5/17
0.5,4,18,1000,constant,0.23119999999999996,0.21525868771776824,0.24714131228223168,separated,60,0.95,mixture/0.5/4/5/18
0.5,4,19,1000,constant,0.1429666666666669,0.128946461417636,0.15698687191569782,separated,60,0.95,mixture/0.5/4/5/19
0.5,4,20,1000,constant,0.1276333333333335,0.11601054643817676,0.1392561202284902,separated,60,0.95,mixture/0.5/4/5/20
0.5,4,21,1000,constant,0.10023333333333329,0.09059314955429765,0.10987351711236892,separated,60,0.95,mixture/0.5/4/5/21
0.5,4,22,1000,constant,0.19589999999999974,0.1856151786622795,0.20618482133771998,separated,60,0.95,mixture/0.5/4/5/22
0.5,4,23,1000,constant,0.15996666666666648,0.14636660224490228,0.17356673108843068,separated,60,0.95,mixture/0.5/4/5/23
0.5,4,24,1000,constant,0.054466666666666774,0.045631619184811845,0.0633017141485217,separated,60,0.95,mixture/0.5/4/5/24
0.5,4,25,1000,constant,0.09420000000000017,0.08237586652580287,0.10570769286156279,separated,60,0.95,mixture/0.5/4/5/25
0.5,4,26,1000,constant,0.12080000000000013,0.11156093821010782,0.13003906178989244,separated,60,0.95,mixture/0.5/4/5/26
0.5,4,27,1000,constant,0.11830000000000007,0.10691613133807953,0.1296838686619206,separated,60,0.95,mixture/0.5/4/5/27
0.5,4,28,1000,constant,-0.01979999999999993,-0.04036866710742537,0.0007686671074255136,uncertain,60,0.95,mixture/0.5/4/5/28
0.5,4,29,1000,constant,0.14423333333333344,0.13143118997328906,0.1570354766933778,separated,60,0.95,mixture/0.5/4/5/29
0.5,5,0,1000,constant,0.06416666666666682,0.051802362236902155,0.07653097109643148,separated,60,0.95,mixture/0.5/5/5/0
0.5,5,1,1000,constant,0.04516666666666669,0.03322669957762214,0.057106633755711234,separated,60,0.95,mixture/0.5/5/5/1
0.5,5,2,1000,constant,0.0922666666666665,0.0775018348899923,0.10583206455056948,separated,60,0.95,mixture/0.5/5/5/2
0.5,5,3,1000,constant,0.09253333333333347,0.08005188616798176,0.10501478049868518,separated,60,0.95,mixture/0.5/5/5/3
0.5,5,4,1000,constant,0.043366666666666775,0.030437416984597676,0.056295916348735875,separated,60,0.95,mixture/0.5/5/5/4
0.5,5,5,1000,constant,0.12449999999999994,0.11048237985152876,0.13851762014847113,separated,60,0.95,mixture/0.5/5/5/5
0.5,5,6,1000,constant,0.06819999999999993,0.05194250067908501,0.08445749932091484,separated,60,0.95,mixture/0.5/5/5/6
0.5,5,7,1000,constant,0.03639999999999988,0.026039113824564364,0.04676088617543539,separated,60,0.95,mixture/0.5/5/5/7
0.5,5,8,1000,constant,0.018233333333333324,0.007321941015132616,0.02914472565153403,separated,60,0.95,mixture/0.5/5/5/8
0.5,5,9,1000,constant,0.023366666666666536,0.011125661207144089,0.03560767212618898,separated,60,0.95,mixture/0.5/5/5/9
0.5,5,10,1000,constant,0.07923333333333338,0.06547953443771726,0.0929871322289495,separated,60,0.95,mixture/0.5/5/5/10
0.5,5,11,1000,constant,0.0981333333333334,0.08301097540379032,0.11325569126287649,separated,60,0.95,mixture/0.5/5/5/11
0.5,5,12,1000,constant,0.027033333333333354,0.015850360730041646,0.03821630593662506,separated,60,0.95,mixture/0.5/5/5/12
0.5,5,13,1000,constant,0.06453333333333333,0.05219109131779953,0.07687557534886713,separated,60,0.95,mixture/0.5/5/5/13
0.5,5,14,1000,constant,-0.00356666666666694,-0.01614997361211823,0.00901664027878435,uncertain,60,0.95,mixture/0.5/5/5/14
0.5,5,15,1000,constant,0.11306666666666676,0.10040249399322054,0.12573083934011298,separated,60,0.95,mixture/0.5/5/5/15
0.5,5,16,1000,constant,0.01746666666666652,0.00656491603870879,0.02836841729462425,separated,60,0.95,mixture/0.5/5/5/16
0.5,5,17,1000,constant,0.06766666666666654,0.05647299423615393,0.07886033909717916,separated,60,0.95,mixture/0.5/5/5/17
0.5,5,18,1000,constant,0.09526666666666683,0.0853836223244746,0.10514971100885906,separated,60,0.95,mixture/0.5/5/5/18
0.5,5,19,1000,constant,0.04540000000000011,0.032506809714407114,0.0582931902855931,separated,60,0.95,mixture/0.5/5/5/19
0.5,5,20,1000,constant,0.014966666666666573,-0.00045139915978709144,0.030384732493120237,uncertain,60,0.95,mixture/0.5/5/5/20
0.5,5,21,1000,constant,0.11360000000000026,0.09993211131946311,0.1272678886805374,separated,60,0.95,mixture/0.5/5/5/21
0.5,5,22,1000,constant,0.18930000000000002,0.17232149277010522,0.20627850722989483,separated,60,0.95,mixture/0.5/5/5/22
0.5,5,23,1000,constant,0.07243333333333335,0.06100824545585648,0.08385842121081022,separated,60,0.95,mixture/0.5/5/5/23
0.5,5,24,1000,constant,0.12736666666666674,0.11432458235556076,0.14040875097777272,separated,60,0.95,mixture/0.5/5/5/24
0.5,5,25,1000,constant,-0.10866666666666658,-0.1306975579758647,-0.08663577535746847,nonseparated,60,0.95,mixture/0.5/5/5/25
0.5,5,26,1000,constant,0.0659666666666665,0.053392196852818596,0.07854113648051442,separated,60,0.95,mixture/0.5/5/5/26
0.5,5,27,1000,constant,0.03486666666666682,0.020617972863872236,0.04911536046946141,separated,60,0.95,mixture/0.5/5/5/27
0.5,5,28,1000,constant,0.0878000000000001,0.07722123214675591,0.09837876785324429,separated,60,0.95,mixture/0.5/5/5/28
0.5,5,29,1000,constant,0.09286666666666687,0.08214090041996247,0.10359243291337128,separated,60,0.95,mixture/0.5/5/5/29
0.5,6,0,1000,constant,0.0484,0.035227702031599306,0.06157229796840069,separated,60,0.95,mixture/0.5/6/5/0
0.5,6,1,1000,constant,0.03496666666666637,0.023738208567326446,0.04619512476600629,separated,60,0.95,mixture/0.5/6/5/1
0.5,6,2,1000,constant,0.09293333333333342,0.08075157222445861,0.10511509444220823,separated,60,0.95,mixture/0.5/6/5/2
0.5,6,3,1000,constant,0.05313333333333348,0.03364965467283143,0.07261701199383552,separated,60,0.95,mixture/0.5/6/5/3
0.5,6,4,1000,constant,0.032233333333333336,0.02204993380703235,0.04241673285963432,separated,60,0.95,mixture/0.5/6/5/4
0.5,6,5,1000,constant,0.060933333333333506,0.04891775240738394,0.07294891425928307,separated,60,0.95,mixture/0.5/6/5/5
0.5,6,6,1000,constant,0.05289999999999995,0.04464012002979967,0.061159879970200226,separated,60,0.95,mixture/0.5/6/5/6
0.5,6,7,1000,constant,0.058533333333333326,0.04023140097996469,0.07683526568670196,separated,60,0.95,mixture/0.5/6/5/7
0.5,6,8,1000,constant,0.08363333333333323,0.06461611122630417,0.09777185110671205,separated,60,0.95,mixture/0.5/6/5/8
0.5,6,9,1000,constant,0.0363,0.023965958147022737,0.04863404185297726,separated,60,0.95,mixture/0.5/6/5/9
0.5,6,10,1000,constant,0.11060000000000003,0.09827528586359302,0.12292471413640704,separated,60,0.95,mixture/0.5/6/5/10
0.5,6,11,1000,constant,0.0771666666666666,0.05879971134335604,0.08778624152600245,separated,60,0.95,mixture/0.5/6/5/11
0.5,6,12,1000,constant,0.0710333333333335,0.05991841526538022,0.08214825140128679,separated,60,0.95,mixture/0.5/6/5/12
0.5,6,13,1000,constant,0.06846666666666668,0.052484281170664504,0.08444905216266885,separated,60,0.95,mixture/0.5/6/5/13
0.5,6,14,1000,constant,0.027766666666666717,0.01592972766847045,0.039603605664862984,separated,60,0.95,mixture/0.5/6/5/14
0.5,6,15,1000,constant,0.016766666666666596,0.00430271134932525,0.029230621984007943,separated,60,0.95,mixture/0.5/6/5/15
0.5,6,16,1000,constant,0.09563333333333357,0.07912918600506236,0.11213748066160478,separated,60,0.95,mixture/0.5/6/5/16
0.5,6,17,1000,constant,0.005966666666666676,-0.00804782572333429,0.01998115905666764,uncertain,60,0.95,mixture/0.5/6/5/17
0.5,6,18,1000,constant,0.07403333333333317,0.057315577525493544,0.0907510891411728,separated,60,0.95,mixture/0.5/6/5/18
0.5,6,19,1000,constant,0.07360000000000011,0.06029976687895067,0.08690023312104955,separated,60,0.95,mixture/0.5/6/5/19
0.5,6,20,1000,constant,0.05390000000000017,0.0391037144990104,0.06869628550098994,separated,60,0.95,mixture/0.5/6/5/20
0.5,6,21,1000,constant,-0.08113333333333317,-0.09455434473206759,-0.06771232193459875,nonseparated,60,0.95,mixture/0.5/6/5/21
0.5,6,22,1000,constant,0.01983333333333337,0.0004217720924662993,0.03924489457420044,separated,60,0.95,mixture/0.5/6/5/22
0.5,6,23,1000,constant,0.05200000000000027,0.037644338859450954,0.06635566114054958,separated,60,0.95,mixture/0.5/6/5/23
0.5,6,24,1000,constant,0.02636666666666654,0.00971405482597687,0.04301927850735621,separated,60,0.95,mixture/0.5/6/5/24
0.5,6,25,1000,constant,0.10766666666666647,0.0912718339609413,0.12406149937239164,separated,60,0.95,mixture/0.5/6/5/25
0.5,6,26,1000,constant,0.030033333333333245,0.016764781503033843,0.04330188516363265,separated,60,0.95,mixture/0.5/6/5/26
0.5,6,27,1000,constant,-0.08016666666666672,-0.08979545759088892,-0.07053787574244452,nonseparated,60,0.95,mixture/0.5/6/5/27
0.5,6,28,1000,constant,0.09546666666666681,0.08317183533411243,0.10776149799922119,separated,60,0.95,mixture/0.5/6/5/28
0.5,6,29,1000,constant,0.04936666666666656,0.038714841763616836,0.06001849156971628,separated,60,0.95,mixture/0.5/6/5/29
0.5,7,0,1000,constant,-0.03390000000000015,-0.06138179023091983,-0.006418209769080474,nonseparated,60,0.95,mixture/0.5/7/5/0
0.5,7,1,1000,constant,0.01079999999999992,-0.0026127534816094977,0.02421275348160934,uncertain,60,0.95,mixture/0.5/7/5/1
0.5,7,2,1000,constant,0.07603333333333329,0.0618743339527833,0.09019233271388327,separated,60,0.95,mixture/0.5/7/5/2
0.5,7,3,1000,constant,0.04366666666666674,0.032983937696969834,0.05434939563636365,separated,60,0.95,mixture/0.5/7/5/3
0.5,7,4,1000,constant,0.09506666666666652,0.08163870349887548,0.1083924617653984,separated,60,0.95,mixture/0.5/7/5/4
0.5,7,5,1000,constant,0.06093333333333362,0.050561446426165,0.07130522024050223,separated,60,0.95,mixture/0.5/7/5/5
0.5,7,6,1000,constant,0.019166666666666554,0.007929876421627569,0.03040345691170554,separated,60,0.95,mixture/0.5/7/5/6
0.5,7,7,1000,constant,0.1180000000000001,0.1048074720301877,0.1311925279698125,separated,60,0.95,mixture/0.5/7/5/7
0.5,7,8,1000,constant,0.01523333333333321,0.0028887482818833465,0.027577918384783073,separated,60,0.95,mixture/0.5/7/5/8
0.5,7,9,1000,constant,-0.03296666666666659,-0.04508008271274078,-0.0208532506205924,nonseparated,60,0.95,mixture/0.5/7/5/9
0.5,7,10,1000,constant,-0.012733333333333152,-0.024750211332267957,-0.0007164553343983471,nonseparated,60,0.95,mixture/0.5/7/5/10
0.5,7,11,1000,constant,0.02063333333333328,0.011702658725775805,0.029564007940890757,separated,60,0.95,mixture/0.5/7/5/11
0.5,7,12,1000,constant,-0.01853333333333329,-0.031853002693728594,-0.0052136639729379874,nonseparated,60,0.95,mixture/0.5/7/5/12
0.5,7,13,1000,constant,0.05033333333333323,0.03839562207484293,0.06227104459182353,separated,60,0.95,mixture/0.5/7/5/13
0.5,7,14,1000,constant,-0.04023333333333334,-0.051687525579471205,-0.02877914108719548,nonseparated,60,0.95,mixture/0.5/7/5/14
0.5,7,15,1000,constant,-0.05230000000000001,-0.06738667255589559,-0.03721332744410444,nonseparated,60,0.95,mixture/0.5/7/5/15
0.5,7,16,1000,constant,0.06383333333333352,0.05171029612796163,0.07584547377045736,separated,60,0.95,mixture/0.5/7/5/16
0.5,7,17,1000,constant,0.01556666666666684,0.0017065341712183546,0.029426799162115325,separated,60,0.95,mixture/0.5/7/5/17
0.5,7,18,1000,constant,0.10543333333333327,0.08826142662862813,0.12260524003803841,separated,60,0.95,mixture/0.5/7/5/18
0.5,7,19,1000,constant,-0.14546666666666663,-0.15788058493524848,-0.13305274839808479,nonseparated,60,0.95,mixture/0.5/7/5/19
0.5,7,20,1000,constant,0.05746666666666678,0.042006338364503626,0.07292699496882993,separated,60,0.95,mixture/0.5/7/5/20
0.5,7,21,1000,constant,-0.04163333333333319,-0.058536350197335385,-0.024730316469330993,nonseparated,60,0.95,mixture/0.5/7/5/21
0.5,7,22,1000,constant,0.09533333333333349,0.08238262727874646,0.10736236858021786,separated,60,0.95,mixture/0.5/7/5/22
0.5,7,23,1000,constant,0.07709999999999995,0.057078369555302655,0.09712163044469724,separated,60,0.95,mixture/0.5/7/5/23
0.5,7,24,1000,constant,0.0413,0.02293456644116465,0.05966543355883536,separated,60,0.95,mixture/0.5/7/5/24
0.5,7,25,1000,constant,0.025399999999999978,0.014889247213364931,0.035910752786635025,separated,60,0.95,mixture/0.5/7/5/25
0.5,7,26,1000,constant,0.08406666666666662,0.07173238341826327,0.09640094991506998,separated,60,0.95,mixture/0.5/7/5/26
0.5,7,27,1000,constant,-0.02976666666666672,-0.04140571756637801,-0.01812761576695543,nonseparated,60,0.95,mixture/0.5/7/5/27
0.5,7,28,1000,constant,-0.05053333333333321,-0.071922952121658,-0.036065522886941204,nonseparated,60,0.95,mixture/0.5/7/5/28
0.5,7,29,1000,constant,-0.17463333333333342,-0.19050352038736384,-0.158763146279303,nonseparated,60,0.95,mixture/0.5/7/5/29
0.5,8,0,1000,constant,0.02103333333333346,0.009235644271478605,0.032831022395188314,separated,60,0.95,mixture/0.5/8/5/0
0.5,8,1,1000,constant,-0.01306666666666656,-0.026165583091252387,3.22497579192671e-05,uncertain,60,0.95,mixture/0.5/8/5/1
0.5,8,2,1000,constant,0.04079999999999995,0.026743743091633743,0.05485625690836615,separated,60,0.95,mixture/0.5/8/5/2
0.5,8,3,1000,constant,-0.023833333333333484,-0.03684781539764215,-0.01081885126902482,nonseparated,60,0.95,mixture/0.5/8/5/3
0.5,8,4,1000,constant,0.028366666666666762,0.01654899805627652,0.040184335277057004,separated,60,0.95,mixture/0.5/8/5/4
0.5,8,5,1000,constant,0.004266666666666641,-0.00892558866494697,0.01661925822332344,uncertain,60,0.95,mixture/0.5/8/5/5
0.5,8,6,1000,constant,0.05363333333333298,0.0395956953590374,0.06767097130762856,separated,60,0.95,mixture/0.5/8/5/6
0.5,8,7,1000,constant,0.015533333333333399,0.0012191502879219662,0.02984751637874483,separated,60,0.95,mixture/0.5/8/5/7
0.5,8,8,1000,constant,-0.0363,-0.04997357039402639,-0.022626429605973608,nonseparated,60,0.95,mixture/0.5/8/5/8
0.5,8,9,1000,constant,0.0006333333333333746,-0.01695482694579875,0.0182214936124655,uncertain,60,0.95,mixture/0.5/8/5/9
0.5,8,10,1000,constant,0.07053333333333311,0.05336594846224929,0.08770071820441694,separated,60,0.95,mixture/0.5/8/5/10
0.5,8,11,1000,constant,-0.0762666666666666,-0.09699748620906679,-0.0555358471242664,nonseparated,60,0.95,mixture/0.5/8/5/11
0.5,8,12,1000,constant,-0.04959999999999998,-0.06500474088785835,-0.03419525911214161,nonseparated,60,0.95,mixture/0.5/8/5/12
0.5,8,13,1000,constant,0.11266666666666669,0.09894383587025968,0.12607489019374685,separated,60,0.95,mixture/0.5/8/5/13
0.5,8,14,1000,constant,0.04156666666666664,0.024249934591991762,0.05888339874134152,separated,60,0.95,mixture/0.5/8/5/14
0.5,8,15,1000,constant,0.02959999999999985,0.014351355255090348,0.04484864474490935,separated,60,0.95,mixture/0.5/8/5/15
0.5,8,16,1000,constant,-0.05903333333333338,-0.07819306006804938,-0.039873606598617384,nonseparated,60,0.95,mixture/0.5/8/5/16
0.5,8,17,1000,constant,0.07886666666666664,0.06719996775676929,0.090533365576564,separated,60,0.95,mixture/0.5/8/5/17
0.5,8,18,1000,constant,-0.02739999999999998,-0.03977937301032841,-0.015020626989671548,nonseparated,60,0.95,mixture/0.5/8/5/18
0.5,8,19,1000,constant,-0.03489999999999982,-0.04725037993655201,-0.02254962006344763,nonseparated,60,0.95,mixture/0.5/8/5/19
0.5,8,20,1000,constant,-0.0041000000000001036,-0.01745835670274587,0.009258356702745663,uncertain,60,0.95,mixture/0.5/8/5/20
0.5,8,21,1000,constant,0.05736666666666679,0.046169867533438214,0.06856346579989536,separated,60,0.95,mixture/0.5/8/5/21
0.5,8,22,1000,constant,0.0872333333333335,0.07292353382660532,0.10154313284006167,separated,60,0.95,mixture/0.5/8/5/22
0.5,8,23,1000,constant,0.09296666666666653,0.06982440730089312,0.11610892603243994,separated,60,0.95,mixture/0.5/8/5/23
0.5,8,24,1000,constant,0.05906666666666649,0.043798071025977325,0.07433526230735565,separated,60,0.95,mixture/0.5/8/5/24
0.5,8,25,1000,constant,0.05819999999999992,0.04474119402903254,0.0716588059709673,separated,60,0.95,mixture/0.5/8/5/25
0.5,8,26,1000,constant,-0.09266666666666667,-0.10485512914679551,-0.08047820418653784,nonseparated,60,0.95,mixture/0.5/8/5/26
0.5,8,27,1000,constant,-0.014133333333333331,-0.025733238641139855,-0.002533428025526807,nonseparated,60,0.95,mixture/0.5/8/5/27
0.5,8,28,1000,constant,-0.055266666666666575,-0.06601258224570583,-0.04452075108762732,nonseparated,60,0.95,mixture/0.5/8/5/28
0.5,8,29,1000,constant,-0.021933333333333582,-0.03557703906210952,-0.008289627604557648,nonseparated,60,0.95,mixture/0.5/8/5/29
0.5,9,0,1000,constant,-0.07056666666666656,-0.08216033569403192,-0.058972997639301195,nonseparated,60,0.95,mixture/0.5/9/5/0
0.5,9,1,1000,constant,-0.03070000000000006,-0.0438542530406546,-0.01754574695934552,nonseparated,60,0.95,mixture/0.5/9/5/1
0.5,9,2,1000,constant,0.05776666666666663,0.04286640808345776,0.0726669252498755,separated,60,0.95,mixture/0.5/9/5/2
0.5,9,3,1000,constant,-0.09476666666666655,-0.10975962273379514,-0.07977371059953797,nonseparated,60,0.95,mixture/0.5/9/5/3
0.5,9,4,1000,constant,0.04036666666666655,0.02943569211725494,0.05129764121607816,separated,60,0.95,mixture/0.5/9/5/4
0.5,9,5,1000,constant,0.009466666666666623,-0.007012080652871178,0.025945413986204424,uncertain,60,0.95,mixture/0.5/9/5/5
0.5,9,6,1000,constant,0.012766666666666704,-0.0012673101225890715,0.02680064345592248,uncertain,60,0.95,mixture/0.5/9/5/6
0.5,9,7,1000,constant,0.007900000000000018,-0.007874571077538861,0.019188297112815778,uncertain,60,0.95,mixture/0.5/9/5/7
0.5,9,8,1000,constant,0.03589999999999993,0.023095460844727245,0.04870453915527262,separated,60,0.95,mixture/0.5/9/5/8
0.5,9,9,1000,constant,0.010766666666666702,-0.0013418870806437555,0.02105360643599341,uncertain,60,0.95,mixture/0.5/9/5/9
0.5,9,10,1000,constant,-0.04820000000000002,-0.06285427589618708,-0.03354572410381296,nonseparated,60,0.95,mixture/0.5/9/5/10
0.5,9,11,1000,constant,-0.03323333333333334,-0.049036624041865484,-0.01743004262480119,nonseparated,60,0.95,mixture/0.5/9/5/11
0.5,9,12,1000,constant,0.005166666666666653,-0.011464539534441487,0.021272543544614164,uncertain,60,0.95,mixture/0.5/9/5/12
0.5,9,13,1000,constant,-0.09109999999999996,-0.11290434602699895,-0.06929565397300097,nonseparated,60,0.95,mixture/0.5/9/5/13
0.5,9,14,1000,constant,-0.031233333333333335,-0.0571819870150978,-0.005284679651568869,nonseparated,60,0.95,mixture/0.5/9/5/14
0.5,9,15,1000,constant,0.0842666666666666,0.06536083283732474,0.10317250049600846,separated,60,0.95,mixture/0.5/9/5/15
0.5,9,16,1000,constant,-0.07773333333333343,-0.09716528960714321,-0.05830137705952365,nonseparated,60,0.95,mixture/0.5/9/5/16
0.5,9,17,1000,constant,0.010000000000000009,-0.0015154803578941722,0.02151548035789419,uncertain,60,0.95,mixture/0.5/9/5/17
0.5,9,18,1000,constant,-0.05593333333333306,-0.0698813677083322,-0.041985298958333916,nonseparated,60,0.95,mixture/0.5/9/5/18
0.5,9,19,1000,constant,0.010199999999999987,-0.0022945763920320106,0.022694576392031984,uncertain,60,0.95,mixture/0.5/9/5/19
0.5,9,20,1000,constant,0.03369999999999984,0.01151060248200142,0.05396222033748255,separated,60,0.95,mixture/0.5/9/5/20
0.5,9,21,1000,constant,0.04423333333333335,0.027617593150359943,0.06084907351630675,separated,60,0.95,mixture/0.5/9/5/21
0.5,9,22,1000,constant,-0.08436666666666659,-0.09729407025580405,-0.07143926307752912,nonseparated,60,0.95,mixture/0.5/9/5/22
0.5,9,23,1000,constant,-0.03816666666666668,-0.052386464307254466,-0.0239468690260789,nonseparated,60,0.95,mixture/0.5/9/5/23
0.5,9,24,1000,constant,0.05403333333333327,0.0406690883131503,0.06739757835351623,separated,60,0.95,mixture/0.5/9/5/24
0.5,9,25,1000,constant,-0.011000000000000232,-0.021864321760379002,-0.00013567823962146175,nonseparated,60,0.95,mixture/0.5/9/5/25
0.5,9,26,1000,constant,-0.16290000000000004,-0.19746265594688617,-0.12833734405311392,nonseparated,60,0.95,mixture/0.5/9/5/26
0.5,9,27,1000,constant,-0.15639999999999987,-0.17181396633947876,-0.14098603366052098,nonseparated,60,0.95,mixture/0.5/9/5/27
0.5,9,28,1000,constant,0.058633333333333315,0.04524617753435467,0.06995406011617367,separated,60,0.95,mixture/0.5/9/5/28
0.5,9,29,1000,constant,-0.12696666666666667,-0.14061899817113654,-0.1133143351621968,nonseparated,60,0.95,mixture/0.5/9/5/29
0.5,10,0,1000,constant,0.015399999999999858,0.0002809598301832805,0.02972184773048514,separated,60,0.95,mixture/0.5/10/5/0
0.5,10,1,1000,constant,0.07989999999999986,0.06859440986301746,0.09120559013698226,separated,60,0.95,mixture/0.5/10/5/1
0.5,10,2,1000,constant,-0.03490000000000004,-0.0488632343869565,-0.020936765613043584,nonseparated,60,0.95,mixture/0.5/10/5/2
0.5,10,3,1000,constant,-0.029266666666666663,-0.04300401816115229,-0.015529315172181035,nonseparated,60,0.95,mixture/0.5/10/5/3
0.5,10,4,1000,constant,-0.012566666666666615,-0.03790680950701808,0.01277347617368485,uncertain,60,0.95,mixture/0.5/10/5/4
0.5,10,5,1000,constant,-0.020233333333333325,-0.03146818945966179,-0.008998477207004862,nonseparated,60,0.95,mixture/0.5/10/5/5
0.5,10,6,1000,constant,-0.007699999999999929,-0.017596514596768364,0.0021965145967685062,uncertain,60,0.95,mixture/0.5/10/5/6
0.5,10,7,1000,constant,-0.0005666666666669373,-0.018351351492139956,0.01721801815880608,uncertain,60,0.95,mixture/0.5/10/5/7
0.5,10,8,1000,constant,0.031333333333333324,0.017334513884257885,0.04533215278240876,separated,60,0.95,mixture/0.5/10/5/8
0.5,10,9,1000,constant,0.040266666666666784,0.02706809928227849,0.05346523405105508,separated,60,0.95,mixture/0.5/10/5/9
0.5,10,10,1000,constant,0.0687000000000001,0.054242243295621884,0.0831577567043783,separated,60,0.95,mixture/0.5/10/5/10
0.5,10,11,1000,constant,-0.0011666666666666492,-0.01578980070043301,0.013456467367099711,uncertain,60,0.95,mixture/0.5/10/5/11
0.5,10,12,1000,constant,-0.025833333333333264,-0.03828448922143024,-0.013382177445236287,nonseparated,60,0.95,mixture/0.5/10/5/12
0.5,10,13,1000,constant,-0.0305333333333333,-0.04668163333214759,-0.014385033334519015,nonseparated,60,0.95,mixture/0.5/10/5/13
0.5,10,14,1000,constant,0.05043333333333344,0.0284819179086766,0.07238474875799028,separated,60,0.95,mixture/0.5/10/5/14
0.5,10,15,1000,constant,-0.022433333333333638,-0.04249118407832564,-0.0023754825883416375,nonseparated,60,0.95,mixture/0.5/10/5/15
0.5,10,16,1000,constant,-0.06256666666666666,-0.07885379649191016,-0.04627953684142316,nonseparated,60,0.95,mixture/0.5/10/5/16
0.5,10,17,1000,constant,-0.05136666666666667,-0.0713500053396059,-0.03138332799372745,nonseparated,60,0.95,mixture/0.5/10/5/17
0.5,10,18,1000,constant,0.01853333333333329,0.0022635932503808354,0.034803073416285746,separated,60,0.95,mixture/0.5/10/5/18
0.5,10,19,1000,constant,0.015933333333333244,0.000708386855318599,0.03115827981134789,separated,60,0.95,mixture/0.5/10/5/19
0.5,10,20,1000,constant,-0.10299999999999998,-0.11933798192507039,-0.08666201807492957,nonseparated,60,0.95,mixture/0.5/10/5/20
0.5,10,21,1000,constant,0.0013666666666666272,-0.011210490957663799,0.013943824290997053,uncertain,60,0.95,mixture/0.5/10/5/21
0.5,10,22,1000,constant,0.006900000000000017,-0.008899118749251755,0.02269911874925179,uncertain,60,0.95,mixture/0.5/10/5/22
0.5,10,23,1000,constant,-0.0038333333333333552,-0.018552255448968658,0.010885588782301947,uncertain,60,0.95,mixture/0.5/10/5/23
0.5,10,24,1000,constant,0.03466666666666662,0.017465251410054505,0.05186808192327874,separated,60,0.95,mixture/0.5/10/5/24
0.5,10,25,1000,constant,-0.08259999999999978,-0.0936963644675326,-0.07150363553246697,nonseparated,60,0.95,mixture/0.5/10/5/25
0.5,10,26,1000,constant,-0.008433333333333182,-0.04225471126767599,0.024086655985573246,uncertain,60,0.95,mixture/0.5/10/5/26
0.5,10,27,1000,constant,-0.013433333333333075,-0.026084810956135795,-0.0007818557105303547,nonseparated,60,0.95,mixture/0.5/10/5/27
0.5,10,28,1000,constant,0.0031333333333333213,-0.009451471006755363,0.015718137673422006,uncertain,60,0.95,mixture/0.5/10/5/28
0.5,10,29,1000,constant,-0.022399999999999975,-0.036721988673102945,-0.008078011326897006,nonseparated,60,0.95,mixture/0.5/10/5/29
1.0,2,0,1000,constant,0.12506666666666677,0.11585556511383532,0.13427776821949822,separated,60,0.95,mixture/1.0/2/5/0
1.0,2,1,1000,constant,0.1269,0.11772838005052355,0.13607161994947647,separated,60,0.95,mixture/1.0/2/5/1
1.0,2,2,1000,constant,0.13646666666666651,0.12772543320005425,0.14520790013327878,separated,60,0.95,mixture/1.0/2/5/2
1.0,2,3,1000,constant,0.11796666666666666,0.10973833311177006,0.12619500022156327,separated,60,0.95,mixture/1.0/2/5/3
1.0,2,4,1000,constant,0.18963333333333343,0.17874701035868634,0.20051965630798052,separated,60,0.95,mixture/1.0/2/5/4
1.0,2,5,1000,constant,0.036499999999999866,0.0280591022153156,0.04494089778468413,separated,60,0.95,mixture/1.0/2/5/5
1.0,2,6,1000,constant,0.19876666666666676,0.18756860379623042,0.2099647295371031,separated,60,0.95,mixture/1.0/2/5/6
1.0,2,7,1000,constant,0.0558333333333334,0.04579176511044036,0.06587490155622644,separated,60,0.95,mixture/1.0/2/5/7
1.0,2,8,1000,constant,0.13316666666666666,0.12446572061561023,0.14186761271772308,separated,60,0.95,mixture/1.0/2/5/8
1.0,2,9,1000,constant,0.12970000000000037,0.12055288145146192,0.13884711854853882,separated,60,0.95,mixture/1.0/2/5/9
1.0,2,10,1000,constant,0.20739999999999992,0.19744880705874746,0.21735119294125238,separated,60,0.95,mixture/1.0/2/5/10
1.0,2,11,1000,constant,0.2585666666666666,0.24751095209710428,0.26962238123622895,separated,60,0.95,mixture/1.0/2/5/11
1.0,2,12,1000,constant,0.1281333333333332,0.11914586554617923,0.1371208011204872,separated,60,0.95,mixture/1.0/2/5/12
1.0,2,13,1000,constant,0.12280000000000002,0.1140796098359913,0.13152039016400874,separated,60,0.95,mixture/1.0/2/5/13
1.0,2,14,1000,constant,0.1747000000000002,0.16515065966005105,0.18424934033994933,separated,60,0.95,mixture/1.0/2/5/14
1.0,2,15,1000,constant,0.28100000000000014,0.2708057028890557,0.2911942971109446,separated,60,0.95,mixture/1.0/2/5/15
1.0,2,16,1000,constant,0.20776666666666677,0.1980597240845563,0.21747360924877712,separated,60,0.95,mixture/1.0/2/5/16
1.0,2,17,1000,constant,0.036966666666666814,0.02885156527842969,0.04508176805490394,separated,60,0.95,mixture/1.0/2/5/17
1.0,2,18,1000,constant,0.17546666666666666,0.16636100813595467,0.18457232519737865,separated,60,0.95,mixture/1.0/2/5/18
1.0,2,19,1000,constant,0.08506666666666673,0.07681411612073086,0.09331921721260261,separated,60,0.95,mixture/1.0/2/5/19
1.0,2,20,1000,constant,0.2567666666666667,0.24696893913859663,0.26656439419473676,separated,60,0.95,mixture/1.0/2/5/20
1.0,2,21,1000,constant,0.21676666666666677,0.20113304950048105,0.2324002838328525,separated,60,0.95,mixture/1.0/2/5/21
1.0,2,22,1000,constant,0.19599999999999995,0.18212719262198873,0.20987280737801117,separated,60,0.95,mixture/1.0/2/5/22
1.0,2,23,1000,constant,0.0739666666666664,0.06563305048350054,0.08230028284983226,separated,60,0.95,mixture/1.0/2/5/23
1.0,2,24,1000,constant,0.14690000000000003,0.13664218106241977,0.1571578189375803,separated,60,0.95,mixture/1.0/2/5/24
1.0,2,25,1000,constant,0.08113333333333361,0.07397306799953929,0.08829359866712794,separated,60,0.95,mixture/1.0/2/5/25
1.0,2,26,1000,constant,0.17186666666666672,0.16069200132462025,0.1830413320087132,separated,60,0.95,mixture/1.0/2/5/26
1.0,2,27,1000,constant,0.04646666666666677,0.03815930174438176,0.05477403158895178,separated,60,0.95,mixture/1.0/2/5/27
1.0,2,28,1000,constant,0.16390000000000005,0.15526662296767624,0.17253337703232385,separated,60,0.95,mixture/1.0/2/5/28
1.0,2,29,1000,constant,0.11603333333333332,0.10722161004826891,0.12484505661839773,separated,60,0.95,mixture/1.0/2/5/29
1.0,3,0,1000,constant,0.09959999999999991,0.08775964491716348,0.1111307846666496,separated,60,0.95,mixture/1.0/3/5/0
1.0,3,1,1000,constant,0.08093333333333341,0.07224524581051162,0.08962142085615521,separated,60,0.95,mixture/1.0/3/5/1
1.0,3,2,1000,constant,0.10006666666666642,0.08939051817474775,0.11074281515858508,separated,60,0.95,mixture/1.0/3/5/2
1.0,3,3,1000,constant,0.09093333333333331,0.08160253982301313,0.10026412684365349,separated,60,0.95,mixture/1.0/3/5/3
1.0,3,4,1000,constant,0.03976666666666662,0.029021198140223525,0.05051213519310971,separated,60,0.95,mixture/1.0/3/5/4
1.0,3,5,1000,constant,0.07033333333333314,0.060644542418518355,0.08002212424814792,separated,60,0.95,mixture/1.0/3/5/5
1.0,3,6,1000,constant,0.11169999999999991,0.10013311284430892,0.1232668871556909,separated,60,0.95,mixture/1.0/3/5/6
1.0,3,7,1000,constant,0.025599999999999845,0.016389267155211162,0.03481073284478853,separated,60,0.95,mixture/1.0/3/5/7
1.0,3,8,1000,constant,0.07953333333333346,0.06817687882222268,0.09088978784444424,separated,60,0.95,mixture/1.0/3/5/8
1.0,3,9,1000,constant,0.03923333333333301,0.030241109747810913,0.048225556918855106,separated,60,0.95,mixture/1.0/3/5/9
1.0,3,10,1000,constant,0.11870000000000014,0.10771226832322589,0.12835754131909327,separated,60,0.95,mixture/1.0/3/5/10
1.0,3,11,1000,constant,0.013666666666666605,0.0023762433893400603,0.02495708994399315,separated,60,0.95,mixture/1.0/3/5/11
1.0,3,12,1000,constant,0.0951333333333334,0.08507215927409195,0.10519450739257485,separated,60,0.95,mixture/1.0/3/5/12
1.0,3,13,1000,constant,0.20636666666666648,0.19523625327984095,0.217497080053492,separated,60,0.95,mixture/1.0/3/5/13
1.0,3,14,1000,constant,0.08833333333333349,0.07854359994304516,0.09812306672362181,separated,60,0.95,mixture/1.0/3/5/14
1.0,3,15,1000,constant,0.062000000000000166,0.05245613547864225,0.07154386452135808,separated,60,0.95,mixture/1.0/3/5/15
1.0,3,16,1000,constant,0.12139999999999995,0.10818972674925442,0.13461027325074548,separated,60,0.95,mixture/1.0/3/5/16
1.0,3,17,1000,constant,0.10526666666666673,0.09682387448230756,0.1137094588510259,separated,60,0.95,mixture/1.0/3/5/17
1.0,3,18,1000,constant,0.02436666666666676,0.01565750039852043,0.03307583293481309,separated,60,0.95,mixture/1.0/3/5/18
1.0,3,19,1000,constant,0.07316666666666649,0.06339857231369583,0.08293476101963715,separated,60,0.95,mixture/1.0/3/5/19
1.0,3,20,1000,constant,0.0652666666666668,0.05757255888018875,0.07296077445314486,separated,60,0.95,mixture/1.0/3/5/20
1.0,3,21,1000,constant,0.01106666666666678,0.0021833320720083815,0.01995000126132518,separated,60,0.95,mixture/1.0/3/5/21
1.0,3,22,1000,constant,0.4867333333333336,0.47297838389534363,0.5004882827713235,separated,60,0.95,mixture/1.0/3/5/22
1.0,3,23,1000,constant,0.12836666666666674,0.11671486528338126,0.14001846804995222,separated,60,0.95,mixture/1.0/3/5/23
1.0,3,24,1000,constant,0.10023333333333306,0.0914793636815947,0.10898730298507142,separated,60,0.95,mixture/1.0/3/5/24
1.0,3,25,1000,constant,0.08436666666666681,0.0752185541233884,0.09351477920994522,separated,60,0.95,mixture/1.0/3/5/25
1.0,3,26,1000,constant,0.06320000000000026,0.055141868651686465,0.07125813134831405,separated,60,0.95,mixture/1.0/3/5/26
1.0,3,27,1000,constant,0.1603000000000001,0.14709489520627506,0.17350510479372516,separated,60,0.95,mixture/1.0/3/5/27
1.0,3,28,1000,constant,0.21153333333333368,0.20149325329612522,0.22157341337054215,separated,60,0.95,mixture/1.0/3/5/28
1.0,3,29,1000,constant,0.022733333333333272,0.013978635839122733,0.03148803082754381,separated,60,0.95,mixture/1.0/3/5/29
1.0,4,0,1000,constant,0.14236666666666664,0.1335318947707239,0.15120143856260937,separated,60,0.95,mixture/1.0/4/5/0
1.0,4,1,1000,constant,0.02733333333333321,0.016517411456016262,0.03814925521065016,separated,60,0.95,mixture/1.0/4/5/1
1.0,4,2,1000,constant,-0.006699999999999928,-0.01727656107837572,0.003876561078375862,uncertain,60,0.95,mixture/1.0/4/5/2
1.0,4,3,1000,constant,-0.00023333333333330764,-0.009775961139596334,0.009309294472929719,uncertain,60,0.95,mixture/1.0/4/5/3
1.0,4,4,1000,constant,0.03260000000000007,0.022675745927547286,0.04252425407245286,separated,60,0.95,mixture/1.0/4/5/4
1.0,4,5,1000,constant,-0.03770000000000007,-0.04847650534951509,-0.026923494650485047,nonseparated,60,0.95,mixture/1.0/4/5/5
1.0,4,6,1000,constant,0.061733333333333196,0.05192396248060749,0.07148034984784846,separated,60,0.95,mixture/1.0/4/5/6
1.0,4,7,1000,constant,-0.048499999999999654,-0.05897626890467744,-0.03802373109532187,nonseparated,60,0.95,mixture/1.0/4/5/7
1.0,4,8,1000,constant,0.040066666666666584,0.029778869598826363,0.050354463734506805,separated,60,0.95,mixture/1.0/4/5/8
1.0,4,9,1000,constant,0.09413333333333318,0.08249357269715096,0.1057730939695154,separated,60,0.95,mixture/1.0/4/5/9
1.0,4,10,1000,constant,0.025066666666666904,0.015589765066175598,0.03454356826715821,separated,60,0.95,mixture/1.0/4/5/10
1.0,4,11,1000,constant,0.07636666666666703,0.06604210468528704,0.08669122864804701,separated,60,0.95,mixture/1.0/4/5/11
1.0,4,12,1000,constant,0.04396666666666693,0.0339922991305297,0.05394103420280416,separated,60,0.95,mixture/1.0/4/5/12
1.0,4,13,1000,constant,0.03320000000000023,0.02165368325200312,0.04474631674799734,separated,60,0.95,mixture/1.0/4/5/13
1.0,4,14,1000,constant,0.16089999999999993,0.148155315812334,0.17364468418766588,separated,60,0.95,mixture/1.0/4/5/14
1.0,4,15,1000,constant,0.041133333333333466,0.03281018176160033,0.0494564849050666,separated,60,0.95,mixture/1.0/4/5/15
1.0,4,16,1000,constant,0.06716666666666649,0.05822112602241869,0.07611220731091428,separated,60,0.95,mixture/1.0/4/5/16
1.0,4,17,1000,constant,0.07489999999999997,0.06636789801751386,0.08343210198248607,separated,60,0.95,mixture/1.0/4/5/17
1.0,4,18,1000,constant,0.018833333333333258,0.007545720817991208,0.030120945848675307,separated,60,0.95,mixture/1.0/4/5/18
1.0,4,19,1000,constant,0.04870000000000008,0.03841216607276954,0.058987833927230615,separated,60,0.95,mixture/1.0/4/5/19
1.0,4,20,1000,constant,0.06183333333333352,0.05103260602253512,0.07263406064413191,separated,60,0.95,mixture/1.0/4/5/20
1.0,4,21,1000,constant,0.09110000000000029,0.08161271471976916,0.10058728528023142,separated,60,0.95,mixture/1.0/4/5/21
1.0,4,22,1000,constant,0.005599999999999827,-0.004607687945533345,0.015807687945533,uncertain,60,0.95,mixture/1.0/4/5/22
1.0,4,23,1000,constant,0.05679999999999996,0.04617613772435736,0.06742386227564257,separated,60,0.95,mixture/1.0/4/5/23
1.0,4,24,1000,constant,0.050900000000000056,0.0407248911133663,0.06107510888663381,separated,60,0.95,mixture/1.0/4/5/24
1.0,4,25,1000,constant,0.03269999999999984,0.02232774326378173,0.04307225673621795,separated,60,0.95,mixture/1.0/4/5/25
1.0,4,26,1000,constant,0.10826666666666662,0.09816637898743041,0.11836695434590283,separated,60,0.95,mixture/1.0/4/5/26
1.0,4,27,1000,constant,0.0739666666666664,0.0626128204231785,0.0853205129101543,separated,60,0.95,mixture/1.0/4/5/27
1.0,4,28,1000,constant,0.01216666666666677,0.0018426181838763211,0.02249071514945722,separated,60,0.95,mixture/1.0/4/5/28
1.0,4,29,1000,constant,0.09389999999999998,0.08319181959929933,0.10460818040070063,separated,60,0.95,mixture/1.0/4/5/29
1.0,5,0,1000,constant,0.07190000000000019,0.06110217145247909,0.08269782854752128,separated,60,0.95,mixture/1.0/5/5/0
1.0,5,1,1000,constant,-0.006933333333333236,-0.015387329703054675,0.0015206630363882034,uncertain,60,0.95,mixture/1.0/5/5/1
1.0,5,2,1000,constant,0.020433333333333303,0.010478755937480821,0.030387910729185785,separated,60,0.95,mixture/1.0/5/5/2
1.0,5,3,1000,constant,0.07480000000000009,0.0645748043967902,0.08502519560320998,separated,60,0.95,mixture/1.0/5/5/3
1.0,5,4,1000,constant,0.05723333333333347,0.04890381724739279,0.06556284941927415,separated,60,0.95,mixture/1.0/5/5/4
1.0,5,5,1000,constant,0.009566666666666612,-0.0013180243108252832,0.020451357644158508,uncertain,60,0.95,mixture/1.0/5/5/5
1.0,5,6,1000,constant,0.06139999999999968,0.05064503885369076,0.0721549611463086,separated,60,0.95,mixture/1.0/5/5/6
1.0,5,7,1000,constant,0.01646666666666674,0.006107914086919686,0.026825419246413795,separated,60,0.95,mixture/1.0/5/5/7
1.0,5,8,1000,constant,0.06863333333333299,0.05614292213571148,0.0811237445309545,separated,60,0.95,mixture/1.0/5/5/8
1.0,5,9,1000,constant,0.019033333333333236,0.00821101214634068,0.02985565452032579,separated,60,0.95,mixture/1.0/5/5/9
1.0,5,10,1000,constant,0.07873333333333343,0.06666085284878576,0.09000329068178603,separated,60,0.95,mixture/1.0/5/5/10
1.0,5,11,1000,constant,0.03066666666666651,0.018190011691103902,0.043143321642229115,separated,60,0.95,mixture/1.0/5/5/11
1.0,5,12,1000,constant,0.021399999999999975,0.00905744245839979,0.03374255754160016,separated,60,0.95,mixture/1.0/5/5/12
1.0,5,13,1000,constant,0.047866666666666835,0.03932639454901987,0.0564069387843138,separated,60,0.95,mixture/1.0/5/5/13
1.0,5,14,1000,constant,0.010299999999999865,-0.0006797709154666709,0.0212797709154664,uncertain,60,0.95,mixture/1.0/5/5/14
1.0,5,15,1000,constant,0.02316666666666667,0.014573023787349482,0.031760309545983856,separated,60,0.95,mixture/1.0/5/5/15
1.0,5,16,1000,constant,0.025733333333333386,0.015236510783150692,0.03576999749601961,separated,60,0.95,mixture/1.0/5/5/16
1.0,5,17,1000,constant,0.10789999999999988,0.09721614506494758,0.11858385493505219,separated,60,0.95,mixture/1.0/5/5/17
1.0,5,18,1000,constant,0.07059999999999989,0.05896028168100542,0.08223971831899435,separated,60,0.95,mixture/1.0/5/5/18
1.0,5,19,1000,constant,0.04236666666666655,0.031044227352639675,0.05368910598069343,separated,60,0.95,mixture/1.0/5/5/19
1.0,5,20,1000,constant,0.011433333333333406,0.0021375911193588504,0.020729075547307962,separated,60,0.95,mixture/1.0/5/5/20
1.0,5,21,1000,constant,0.053133333333333366,0.042248664727975394,0.06401800193869134,separated,60,0.95,mixture/1.0/5/5/21
1.0,5,22,1000,constant,0.05730000000000013,0.04649262719470382,0.06810737280529644,separated,60,0.95,mixture/1.0/5/5/22
1.0,5,23,1000,constant,0.07540000000000013,0.06397649737376265,0.08682350262623761,separated,60,0.95,mixture/1.0/5/5/23
1.0,5,24,1000,constant,-0.017999999999999905,-0.028392269918282143,-0.007607730081717667,nonseparated,60,0.95,mixture/1.0/5/5/24
1.0,5,25,1000,constant,-0.02110000000000023,-0.03032814824508534,-0.01187185175491512,nonseparated,60,0.95,mixture/1.0/5/5/25
1.0,5,26,1000,constant,0.020600000000000063,0.00724480523211557,0.03237487869688227,separated,60,0.95,mixture/1.0/5/5/26
1.0,5,27,1000,constant,0.04673333333333318,0.03635370559434459,0.05711296107232178,separated,60,0.95,mixture/1.0/5/5/27
1.0,5,28,1000,constant,0.01220000000000021,0.0005555462612029105,0.02384445373879751,separated,60,0.95,mixture/1.0/5/5/28
1.0,5,29,1000,constant,0.01680000000000026,0.00584599789390472,0.0277540021060958,separated,60,0.95,mixture/1.0/5/5/29
1.0,6,0,1000,constant,0.04229999999999978,0.03263582600136017,0.051511258046253006,separated,60,0.95,mixture/1.0/6/5/0
1.0,6,1,1000,constant,0.08343333333333314,0.0702568402510323,0.09660982641563398,separated,60,0.95,mixture/1.0/6/5/1
1.0,6,2,1000,constant,0.023799999999999932,0.013398178258900773,0.03363184362263183,separated,60,0.95,mixture/1.0/6/5/2
1.0,6,3,1000,constant,0.046633333333333304,0.03760649410261063,0.055660172564055976,separated,60,0.95,mixture/1.0/6/5/3
1.0,6,4,1000,constant,-0.00646666666666651,-0.02008445763354627,0.007151124300213252,uncertain,60,0.95,mixture/1.0/6/5/4
1.0,6,5,1000,constant,0.04393333333333305,0.030917754264362052,0.05694891240230404,separated,60,0.95,mixture/1.0/6/5/5
1.0,6,6,1000,constant,0.0018999999999999018,-0.00845183776645253,0.012251837766452334,uncertain,60,0.95,mixture/1.0/6/5/6
1.0,6,7,1000,constant,0.030700000000000283,0.020385597714615233,0.04101440228538533,separated,60,0.95,mixture/1.0/6/5/7
1.0,6,8,1000,constant,0.07366666666666677,0.061863662960868204,0.08546967037246533,separated,60,0.95,mixture/1.0/6/5/8
1.0,6,9,1000,constant,0.03513333333333346,0.026017116725056577,0.044249549941610344,separated,60,0.95,mixture/1.0/6/5/9
1.0,6,10,1000,constant,-0.009133333333333438,-0.019885976568339903,0.0016193099016730272,uncertain,60,0.95,mixture/1.0/6/5/10
1.0,6,11,1000,constant,0.029199999999999893,0.01949204545077765,0.038907954549222135,separated,60,0.95,mixture/1.0/6/5/11
1.0,6,12,1000,constant,0.010000000000000231,0.0009710913662938081,0.019028908633706654,separated,60,0.95,mixture/1.0/6/5/12
1.0,6,13,1000,constant,-0.0070666666666666655,-0.018623976663602604,0.004490643330269273,uncertain,60,0.95,mixture/1.0/6/5/13
1.0,6,14,1000,constant,0.045433333333333215,0.03436902394503849,0.05649764272162794,separated,60,0.95,mixture/1.0/6/5/14
1.0,6,15,1000,constant,0.05583333333333351,0.046042449296852306,0.06562421736981472,separated,60,0.95,mixture/1.0/6/5/15
1.0,6,16,1000,constant,0.02296666666666658,0.011500378748115603,0.03443295458521756,separated,60,0.95,mixture/1.0/6/5/16
1.0,6,17,1000,constant,0.03843333333333321,0.02633836681104429,0.05052829985562213,separated,60,0.95,mixture/1.0/6/5/17
1.0,6,18,1000,constant,0.05246666666666666,0.0422530611611216,0.06268027217221173,separated,60,0.95,mixture/1.0/6/5/18
1.0,6,19,1000,constant,-0.020200000000000107,-0.03301280939759954,-0.007387190602400673,nonseparated,60,0.95,mixture/1.0/6/5/19
1.0,6,20,1000,constant,0.025566666666666515,0.013186846685577125,0.037946486647755906,separated,60,0.95,mixture/1.0/6/5/20
1.0,6,21,1000,constant,0.03936666666666666,0.029455195169424964,0.04927813816390836,separated,60,0.95,mixture/1.0/6/5/21
1.0,6,22,1000,constant,0.0515000000000001,0.041921567424178297,0.061078432575821906,separated,60,0.95,mixture/1.0/6/5/22
1.0,6,23,1000,constant,0.048799999999999955,0.03829999533897066,0.05930000466102925,separated,60,0.95,mixture/1.0/6/5/23
1.0,6,24,1000,constant,-0.03796666666666659,-0.048040286182234104,-0.027893047151099082,nonseparated,60,0.95,mixture/1.0/6/5/24
1.0,6,25,1000,constant,0.023900000000000143,0.011839750104892577,0.03596024989510771,separated,60,0.95,mixture/1.0/6/5/25
1.0,6,26,1000,constant,-0.04036666666666666,-0.051352531128577183,-0.02938080220475614,nonseparated,60,0.95,mixture/1.0/6/5/26
1.0,6,27,1000,constant,0.060933333333333284,0.04493302579848424,0.07693364086818233,separated,60,0.95,mixture/1.0/6/5/27
1.0,6,28,1000,constant,0.0397333333333334,0.02914879759452571,0.050317869072141086,separated,60,0.95,mixture/1.0/6/5/28
1.0,6,29,1000,constant,0.013533333333333286,0.00266142208781317,0.024405244578853402,separated,60,0.95,mixture/1.0/6/5/29
1.0,7,0,1000,constant,-0.03956666666666664,-0.05185426927985126,-0.027279064053482016,nonseparated,60,0.95,mixture/1.0/7/5/0
1.0,7,1,1000,constant,-0.01656666666666695,-0.027239182246475147,-0.0058941510868587565,nonseparated,60,0.95,mixture/1.0/7/5/1
1.0,7,2,1000,constant,0.026533333333333076,0.014363124946460859,0.03870354172020529,separated,60,0.95,mixture/1.0/7/5/2
1.0,7,3,1000,constant,0.0010666666666666602,-0.010373333943352492,0.012506667276685812,uncertain,60,0.95,mixture/1.0/7/5/3
1.0,7,4,1000,constant,0.03430000000000022,0.021887359410033724,0.046712640589966714,separated,60,0.95,mixture/1.0/7/5/4
1.0,7,5,1000,constant,-0.03076666666666683,-0.041222719452423506,-0.020310613880910156,nonseparated,60,0.95,mixture/1.0/7/5/5
1.0,7,6,1000,constant,-0.012633333333333385,-0.026822845221301628,0.0015561785546348572,uncertain,60,0.95,mixture/1.0/7/5/6
1.0,7,7,1000,constant,0.05903333333333338,0.0450100668749418,0.07305659979172496,separated,60,0.95,mixture/1.0/7/5/7
1.0,7,8,1000,constant,0.009266666666666756,-0.0010013900376504292,0.019534723370983942,uncertain,60,0.95,mixture/1.0/7/5/8
1.0,7,9,1000,constant,-0.0034000000000001807,-0.015912044136598857,0.009112044136598496,uncertain,60,0.95,mixture/1.0/7/5/9
1.0,7,10,1000,constant,0.026633333333333176,0.014959687262697585,0.038306979403968766,separated,60,0.95,mixture/1.0/7/5/10
1.0,7,11,1000,constant,0.018133333333333335,0.006952217123933679,0.02931444954273299,separated,60,0.95,mixture/1.0/7/5/11
1.0,7,12,1000,constant,0.031399999999999983,0.020525803330030512,0.042274196669969455,separated,60,0.95,mixture/1.0/7/5/12
1.0,7,13,1000,constant,0.03966666666666685,0.028345573161638105,0.050987760171695595,separated,60,0.95,mixture/1.0/7/5/13
1.0,7,14,1000,constant,0.013666666666666716,0.0013042613095585187,0.026029072023774913,separated,60,0.95,mixture/1.0/7/5/14
1.0,7,15,1000,constant,-0.03400000000000025,-0.045211882122202396,-0.02278811787779811,nonseparated,60,0.95,mixture/1.0/7/5/15
1.0,7,16,1000,constant,-0.012466666666666737,-0.024215994953461717,-0.000717338379871757,nonseparated,60,0.95,mixture/1.0/7/5/16
1.0,7,17,1000,constant,-0.026699999999999835,-0.038110963350983074,-0.015289036649016596,nonseparated,60,0.95,mixture/1.0/7/5/17
1.0,7,18,1000,constant,0.020266666666666766,0.009809215993926368,0.030724117339407164,separated,60,0.95,mixture/1.0/7/5/18
1.0,7,19,1000,constant,0.035833333333333606,0.025574469784348963,0.04609219688231825,separated,60,0.95,mixture/1.0/7/5/19
1.0,7,20,1000,constant,0.048200000000000354,0.03581686349287039,0.06058313650713032,separated,60,0.95,mixture/1.0/7/5/20
1.0,7,21,1000,constant,-0.0166333333333335,-0.02680637481472259,-0.006460291851944411,nonseparated,60,0.95,mixture/1.0/7/5/21
1.0,7,22,1000,constant,0.00873333333333337,-0.003924753962062932,0.021391420628729674,uncertain,60,0.95,mixture/1.0/7/5/22
1.0,7,23,1000,constant,0.02073333333333327,0.010280119126188425,0.031186547540478116,separated,60,0.95,mixture/1.0/7/5/23
1.0,7,24,1000,constant,-0.02419999999999989,-0.03540194700998833,-0.012998052990011444,nonseparated,60,0.95,mixture/1.0/7/5/24
1.0,7,25,1000,constant,-0.013500000000000068,-0.024601865782562515,-0.0023981342174376197,nonseparated,60,0.95,mixture/1.0/7/5/25
1.0,7,26,1000,constant,-0.03756666666666664,-0.049521002495403144,-0.02561233083793013,nonseparated,60,0.95,mixture/1.0/7/5/26
1.0,7,27,1000,constant,0.07500000000000007,0.06419133027033874,0.08580866972966139,separated,60,0.95,mixture/1.0/7/5/27
1.0,7,28,1000,constant,0.010466666666666624,-0.0007026091974433601,0.02163594253077661,uncertain,60,0.95,mixture/1.0/7/5/28
1.0,7,29,1000,constant,0.0022000000000000908,-0.012032116984391217,0.0164321169843914,uncertain,60,0.95,mixture/1.0/7/5/29
1.0,8,0,1000,constant,0.04346666666666654,0.03241217601829238,0.0545211573150407,separated,60,0.95,mixture/1.0/8/5/0
1.0,8,1,1000,constant,0.0128999999999998,0.0007227066635008272,0.025077293336498774,separated,60,0.95,mixture/1.0/8/5/1
1.0,8,2,1000,constant,-0.02756666666666685,-0.03722367082997857,-0.017909662503355128,nonseparated,60,0.95,mixture/1.0/8/5/2
1.0,8,3,1000,constant,0.02956666666666663,0.018413497134777468,0.04071983619855579,separated,60,0.95,mixture/1.0/8/5/3
1.0,8,4,1000,constant,-0.06459999999999999,-0.07856157118097928,-0.0506384288190207,nonseparated,60,0.95,mixture/1.0/8/5/4
1.0,8,5,1000,constant,0.055366666666666564,0.043634406561769756,0.06709892677156337,separated,60,0.95,mixture/1.0/8/5/5
1.0,8,6,1000,constant,-0.011866666666666581,-0.022472317368236516,-0.0012610159650966457,nonseparated,60,0.95,mixture/1.0/8/5/6
1.0,8,7,1000,constant,0.022800000000000153,0.010610030624647049,0.03498996937535326,separated,60,0.95,mixture/1.0/8/5/7
1.0,8,8,1000,constant,-0.031533333333333524,-0.04382461063805987,-0.01924205602860718,nonseparated,60,0.95,mixture/1.0/8/5/8
1.0,8,9,1000,constant,-0.03146666666666664,-0.04244250701071772,-0.020490826322615563,nonseparated,60,0.95,mixture/1.0/8/5/9
1.0,8,10,1000,constant,0.00896666666666679,-0.0032089718981408444,0.021142305231474423,uncertain,60,0.95,mixture/1.0/8/5/10
1.0,8,11,1000,constant,-0.05286666666666662,-0.06402671663502812,-0.04170661669830511,nonseparated,60,0.95,mixture/1.0/8/5/11
1.0,8,12,1000,constant,-0.02626666666666655,-0.0380093211144662,-0.0145240122188669,nonseparated,60,0.95,mixture/1.0/8/5/12
1.0,8,13,1000,constant,0.0075666666666667215,-0.004528805366752708,0.01966213870008615,uncertain,60,0.95,mixture/1.0/8/5/13
1.0,8,14,1000,constant,0.022433333333333416,0.012083567330070988,0.032783099336595845,separated,60,0.95,mixture/1.0/8/5/14
1.0,8,15,1000,constant,-0.00226666666666675,-0.01381733955227038,0.00928400621893688,uncertain,60,0.95,mixture/1.0/8/5/15
1.0,8,16,1000,constant,0.014166666666666883,0.0014708870686563902,0.026862446264677375,separated,60,0.95,mixture/1.0/8/5/16
1.0,8,17,1000,constant,0.027800000000000047,0.01654566881961339,0.0390543311803867,separated,60,0.95,mixture/1.0/8/5/17
1.0,8,18,1000,constant,0.05403333333333327,0.03683484536577686,0.07020744222223985,separated,60,0.95,mixture/1.0/8/5/18
1.0,8,19,1000,constant,-0.027933333333333366,-0.04053152595720555,-0.015335140709461181,nonseparated,60,0.95,mixture/1.0/8/5/19
1.0,8,20,1000,constant,0.018999999999999906,0.006463396584325154,0.03153660341567466,separated,60,0.95,mixture/1.0/8/5/20
1.0,8,21,1000,constant,-0.009766666666666923,-0.02203931486414812,0.0015589758231088213,uncertain,60,0.95,mixture/1.0/8/5/21
1.0,8,22,1000,constant,-0.022766666666666602,-0.03330930863371662,-0.012224024699616587,nonseparated,60,0.95,mixture/1.0/8/5/22
1.0,8,23,1000,constant,-0.026633333333333287,-0.039448715474505236,-0.013817951192161337,nonseparated,60,0.95,mixture/1.0/8/5/23
1.0,8,24,1000,constant,-0.06013333333333337,-0.0720944062586284,-0.04817226040803835,nonseparated,60,0.95,mixture/1.0/8/5/24
1.0,8,25,1000,constant,-0.0016666666666665941,-0.012677558852512871,0.009344225519179683,uncertain,60,0.95,mixture/1.0/8/5/25
1.0,8,26,1000,constant,0.034399999999999986,0.02308112317348665,0.04571887682651332,separated,60,0.95,mixture/1.0/8/5/26
1.0,8,27,1000,constant,0.028966666666666474,0.01685613026184818,0.04107720307148477,separated,60,0.95,mixture/1.0/8/5/27
1.0,8,28,1000,constant,0.020266666666666655,0.009379114529643018,0.03027886080155373,separated,60,0.95,mixture/1.0/8/5/28
1.0,8,29,1000,constant,-0.005933333333333235,-0.018595564688758448,0.006728898022091978,uncertain,60,0.95,mixture/1.0/8/5/29
1.0,9,0,1000,constant,0.009633333333333383,-0.002202516221030626,0.02146918288769739,uncertain,60,0.95,mixture/1.0/9/5/0
1.0,9,1,1000,constant,0.044466666666666654,0.032892686673739235,0.05604064665959407,separated,60,0.95,mixture/1.0/9/5/1
1.0,9,2,1000,constant,0.037733333333333285,0.027587914005797187,0.047878752660869384,separated,60,0.95,mixture/1.0/9/5/2
1.0,9,3,1000,constant,-0.033566666666666634,-0.04648474996993546,-0.02064858336339781,nonseparated,60,0.95,mixture/1.0/9/5/3
1.0,9,4,1000,constant,-0.04903333333333337,-0.06064417231196961,-0.03742249435469713,nonseparated,60,0.95,mixture/1.0/9/5/4
1.0,9,5,1000,constant,-0.0001666666666666483,-0.012439665481458584,0.012106332148125287,uncertain,60,0.95,mixture/1.0/9/5/5
1.0,9,6,1000,constant,-0.053033333333333155,-0.06598470342268481,-0.0400819632439815,nonseparated,60,0.95,mixture/1.0/9/5/6
1.0,9,7,1000,constant,0.051899999999999946,0.03905539084913634,0.06474460915086355,separated,60,0.95,mixture/1.0/9/5/7
1.0,9,8,1000,constant,0.0014666666666665051,-0.010971876293168425,0.013905209626501436,uncertain,60,0.95,mixture/1.0/9/5/8
1.0,9,9,1000,constant,-0.053233333333333355,-0.06667230791951806,-0.03979435874714865,nonseparated,60,0.95,mixture/1.0/9/5/9
1.0,9,10,1000,constant,0.036866666666666714,0.025058287022788228,0.0486750463105452,separated,60,0.95,mixture/1.0/9/5/10
1.0,9,11,1000,constant,-0.06040000000000012,-0.07101729308698901,-0.04978270691301123,nonseparated,60,0.95,mixture/1.0/9/5/11
1.0,9,12,1000,constant,-0.0313333333333331,-0.04424641827680198,-0.018420248389864224,nonseparated,60,0.95,mixture/1.0/9/5/12
1.0,9,13,1000,constant,-0.029333333333333544,-0.039963875134699456,-0.018702791531967633,nonseparated,60,0.95,mixture/1.0/9/5/13
1.0,9,14,1000,constant,0.028833333333333377,0.01910667779929842,0.03855998886736833,separated,60,0.95,mixture/1.0/9/5/14
1.0,9,15,1000,constant,0.0318666666666666,0.022978794940767044,0.040663602345644034,separated,60,0.95,mixture/1.0/9/5/15
1.0,9,16,1000,constant,-0.0043999999999999595,-0.016419675610076068,0.0072356378330784565,uncertain,60,0.95,mixture/1.0/9/5/16
1.0,9,17,1000,constant,-0.00536666666666652,-0.01586308838206396,0.005129755048730922,uncertain,60,0.95,mixture/1.0/9/5/17
1.0,9,18,1000,constant,0.006366666666666743,-0.004145188833526436,0.01687852216685992,uncertain,60,0.95,mixture/1.0/9/5/18
1.0,9,19,1000,constant,-0.032266666666666666,-0.045039680841143626,-0.019493652492189706,nonseparated,60,0.95,mixture/1.0/9/5/19
1.0,9,20,1000,constant,0.011666666666666825,0.0015137220121825834,0.021819611321151067,separated,60,0.95,mixture/1.0/9/5/20
1.0,9,21,1000,constant,-0.008666666666666822,-0.020935083230738116,0.0036017498974044715,uncertain,60,0.95,mixture/1.0/9/5/21
1.0,9,22,1000,constant,0.03423333333333334,0.024375963914490262,0.044090702752176414,separated,60,0.95,mixture/1.0/9/5/22
1.0,9,23,1000,constant,-0.016233333333333322,-0.030444541934737113,-0.002022124731929531,nonseparated,60,0.95,mixture/1.0/9/5/23
1.0,9,24,1000,constant,0.013966666666666794,-6.160467712579276e-05,0.027803910620466055,uncertain,60,0.95,mixture/1.0/9/5/24
1.0,9,25,1000,constant,-0.00983333333333336,-0.023479971626742646,0.003813304960075925,uncertain,60,0.95,mixture/1.0/9/5/25
1.0,9,26,1000,constant,-0.04000000000000026,-0.05309658449181964,-0.026903415508180872,nonseparated,60,0.95,mixture/1.0/9/5/26
1.0,9,27,1000,constant,0.011766666666666592,0.0005392562648719457,0.02299407706846124,separated,60,0.95,mixture/1.0/9/5/27
1.0,9,28,1000,constant,-0.04233333333333322,-0.05902364206230437,-0.02693753818957345,nonseparated,60,0.95,mixture/1.0/9/5/28
1.0,9,29,1000,constant,-0.08586666666666676,-0.09969155394756257,-0.07204177938577094,nonseparated,60,0.95,mixture/1.0/9/5/29
1.0,10,0,1000,constant,-0.004833333333333134,-0.019173079037618446,0.009506412370952178,uncertain,60,0.95,mixture/1.0/10/5/0
1.0,10,1,1000,constant,-0.07240000000000002,-0.08533289382047315,-0.059467106179526885,nonseparated,60,0.95,mixture/1.0/10/5/1
1.0,10,2,1000,constant,0.0042999999999998595,-0.008380049212760587,0.016980049212760306,uncertain,60,0.95,mixture/1.0/10/5/2
1.0,10,3,1000,constant,-0.0036000000000000476,-0.014816001344668539,0.007616001344668444,uncertain,60,0.95,mixture/1.0/10/5/3
1.0,10,4,1000,constant,0.004366666666666741,-0.00927212416175438,0.018005457495087862,uncertain,60,0.95,mixture/1.0/10/5/4
1.0,10,5,1000,constant,-0.006033333333333335,-0.01859420736968509,0.00652754070301842,uncertain,60,0.95,mixture/1.0/10/5/5
1.0,10,6,1000,constant,0.011399999999999855,-0.0025889290016892774,0.025388929001688987,uncertain,60,0.95,mixture/1.0/10/5/6
1.0,10,7,1000,constant,-0.020999999999999686,-0.03448882437845857,-0.0075111756215408,nonseparated,60,0.95,mixture/1.0/10/5/7
1.0,10,8,1000,constant,-0.0027333333333333654,-0.014376993848749131,0.0089103271820824,uncertain,60,0.95,mixture/1.0/10/5/8
1.0,10,9,1000,constant,0.02413333333333334,0.013219261804043203,0.03446386362064824,separated,60,0.95,mixture/1.0/10/5/9
1.0,10,10,1000,constant,0.012533333333333285,-3.5113800180730514e-05,0.0251017804668473,uncertain,60,0.95,mixture/1.0/10/5/10
1.0,10,11,1000,constant,-0.002666666666666817,-0.01462243912211747,0.009289105788783836,uncertain,60,0.95,mixture/1.0/10/5/11
1.0,10,12,1000,constant,-0.060966666666666725,-0.07189709412160128,-0.05003623921173217,nonseparated,60,0.95,mixture/1.0/10/5/12
1.0,10,13,1000,constant,-0.009800000000000031,-0.020655026136610632,0.0010550261366105707,uncertain,60,0.95,mixture/1.0/10/5/13
1.0,10,14,1000,constant,-0.07719999999999982,-0.08972898429550247,-0.06467101570449718,nonseparated,60,0.95,mixture/1.0/10/5/14
1.0,10,15,1000,constant,-0.033700000000000174,-0.047943868426020386,-0.019456131573979962,nonseparated,60,0.95,mixture/1.0/10/5/15
1.0,10,16,1000,constant,-0.009766666666666812,-0.02202285489839395,0.0024895215650603264,uncertain,60,0.95,mixture/1.0/10/5/16
1.0,10,17,1000,constant,-0.10520000000000018,-0.11814485812304487,-0.0922551418769555,nonseparated,60,0.95,mixture/1.0/10/5/17
1.0,10,18,1000,constant,-0.021500000000000297,-0.032463593638036414,-0.010536406361964179,nonseparated,60,0.95,mixture/1.0/10/5/18
1.0,10,19,1000,constant,0.011299999999999755,-0.0003901132559028797,0.02299011325590239,uncertain,60,0.95,mixture/1.0/10/5/19
1.0,10,20,1000,constant,0.0023333333333332984,-0.009605278308643328,0.014271944975309925,uncertain,60,0.95,mixture/1.0/10/5/20
1.0,10,21,1000,constant,-0.04126666666666712,-0.05351830247907041,-0.029015030854263824,nonseparated,60,0.95,mixture/1.0/10/5/21
1.0,10,22,1000,constant,-0.017966666666666797,-0.030509090478782253,-0.005424242854551342,nonseparated,60,0.95,mixture/1.0/10/5/22
1.0,10,23,1000,constant,-0.09233333333333316,-0.10546569819018015,-0.07920096847648617,nonseparated,60,0.95,mixture/1.0/10/5/23
1.0,10,24,1000,constant,-0.012699999999999934,-0.025615932370479655,-0.0018073396530973174,nonseparated,60,0.95,mixture/1.0/10/5/24
1.0,10,25,1000,constant,0.02106666666666679,0.010134562527625235,0.03199877080570834,separated,60,0.95,mixture/1.0/10/5/25
1.0,10,26,1000,constant,-0.007499999999999951,-0.01934472357433703,0.004344723574337128,uncertain,60,0.95,mixture/1.0/10/5/26
1.0,10,27,1000,constant,-0.01426666666666665,-0.0269823321835031,-0.0015510011498302,nonseparated,60,0.95,mixture/1.0/10/5/27
1.0,10,28,1000,constant,-0.0233000000000001,-0.034051673452136,-0.012548326547864197,nonseparated,60,0.95,mixture/1.0/10/5/28
1.0,10,29,1000,constant,0.028066666666666684,0.016856346729642535,0.03927698660369083,separated,60,0.95,mixture/1.0/10/5/29
5.0,2,0,1000,constant,0.02300000000000002,0.015804527146658698,0.030195472853341343,separated,60,0.95,mixture/5.0/2/5/0
5.0,2,1,1000,constant,0.048666666666666636,0.04098834666782103,0.05634498666551224,separated,60,0.95,mixture/5.0/2/5/1
5.0,2,2,1000,constant,0.047633333333333305,0.039928716220942295,0.055337950445724315,separated,60,0.95,mixture/5.0/2/5/2
5.0,2,3,1000,constant,0.008466666666666622,0.001976741314988595,0.01495659201834465,separated,60,0.95,mixture/5.0/2/5/3
5.0,2,4,1000,constant,0.0337666666666665,0.026537899997185144,0.04099543333614786,separated,60,0.95,mixture/5.0/2/5/4
5.0,2,5,1000,constant,0.023299999999999876,0.016461053290729777,0.030138946709269976,separated,60,0.95,mixture/5.0/2/5/5
5.0,2,6,1000,constant,0.018500000000000294,0.011190172937892151,0.025809827062108437,separated,60,0.95,mixture/5.0/2/5/6
5.0,2,7,1000,constant,0.05019999999999991,0.04200596699147641,0.058394033008523416,separated,60,0.95,mixture/5.0/2/5/7
5.0,2,8,1000,constant,0.0354000000000001,0.027439606524441773,0.04336039347555842,separated,60,0.95,mixture/5.0/2/5/8
5.0,2,9,1000,constant,0.004566666666666497,-0.0023295786135504315,0.011462911946883425,uncertain,60,0.95,mixture/5.0/2/5/9
5.0,2,10,1000,constant,0.02093333333333336,0.013939243182193195,0.027927423484473524,separated,60,0.95,mixture/5.0/2/5/10
5.0,2,11,1000,constant,0.054533333333333434,0.04646132886067078,0.06260533780599609,separated,60,0.95,mixture/5.0/2/5/11
5.0,2,12,1000,constant,0.028733333333333166,0.02105954174125313,0.0364071249254132,separated,60,0.95,mixture/5.0/2/5/12
5.0,2,13,1000,constant,0.008933333333333238,0.001321471999953694,0.01654519466671278,separated,60,0.95,mixture/5.0/2/5/13
5.0,2,14,1000,constant,0.05090000000000017,0.043757062354722764,0.05804293764527757,separated,60,0.95,mixture/5.0/2/5/14
5.0,2,15,1000,constant,0.011099999999999888,0.0036341406826486677,0.018565859317351108,separated,60,0.95,mixture/5.0/2/5/15
5.0,2,16,1000,constant,0.04403333333333326,0.036062578949044743,0.05200408771762177,separated,60,0.95,mixture/5.0/2/5/16
5.0,2,17,1000,constant,0.025566666666666626,0.0195011466944085,0.03163218663892475,separated,60,0.95,mixture/5.0/2/5/17
5.0,2,18,1000,constant,0.005766666666666587,-0.00127873941310519,0.012812072746438363,uncertain,60,0.95,mixture/5.0/2/5/18
5.0,2,19,1000,constant,0.010166666666666657,0.003783443571873657,0.016549889761459657,separated,60,0.95,mixture/5.0/2/5/19
5.0,2,20,1000,constant,0.015066666666666673,0.007679758491722755,0.02245357484161059,separated,60,0.95,mixture/5.0/2/5/20
5.0,2,21,1000,constant,0.002866666666666684,-0.0032399062149016666,0.008973239548235035,uncertain,60,0.95,mixture/5.0/2/5/21
5.0,2,22,1000,constant,0.01756666666666673,0.010265392769445048,0.024867940563888413,separated,60,0.95,mixture/5.0/2/5/22
5.0,2,23,1000,constant,0.00986666666666658,0.0023532010650457735,0.017380132268287385,separated,60,0.95,mixture/5.0/2/5/23
5.0,2,24,1000,constant,0.05870000000000031,0.05157158709171694,0.06582841290828367,separated,60,0.95,mixture/5.0/2/5/24
5.0,2,25,1000,constant,0.03519999999999979,0.02860177871517411,0.041798221284825465,separated,60,0.95,mixture/5.0/2/5/25
5.0,2,26,1000,constant,0.022900000000000142,0.015475606994506785,0.0303243930054935,separated,60,0.95,mixture/5.0/2/5/26
5.0,2,27,1000,constant,0.05023333333333313,0.04311238540291773,0.05735428126374853,separated,60,0.95,mixture/5.0/2/5/27
5.0,2,28,1000,constant,0.04159999999999997,0.035470751570900405,0.047729248429099536,separated,60,0.95,mixture/5.0/2/5/28
5.0,2,29,1000,constant,0.054166666666666474,0.04675276814838325,0.0615805651849497,separated,60,0.95,mixture/5.0/2/5/29
5.0,3,0,1000,constant,0.0005666666666667153,-0.006943389300793412,0.008076722634126843,uncertain,60,0.95,mixture/5.0/3/5/0
5.0,3,1,1000,constant,0.0017333333333334755,-0.006275289810354634,0.009741956477021585,uncertain,60,0.95,mixture/5.0/3/5/1
5.0,3,2,1000,constant,0.011866666666666692,0.00366753068848491,0.020065802644848474,separated,60,0.95,mixture/5.0/3/5/2
5.0,3,3,1000,constant,0.03310000000000002,0.025301547332737928,0.04089845266726211,separated,60,0.95,mixture/5.0/3/5/3
5.0,3,4,1000,constant,0.006266666666666754,-0.0022688355628730505,0.014802168896206558,uncertain,60,0.95,mixture/5.0/3/5/4
5.0,3,5,1000,constant,0.014366666666666528,0.00652113032675794,0.022212203006575115,separated,60,0.95,mixture/5.0/3/5/5
5.0,3,6,1000,constant,0.021566666666666623,0.013357028255028491,0.029776305078304754,separated,60,0.95,mixture/5.0/3/5/6
5.0,3,7,1000,constant,0.02289999999999992,0.01522225289602075,0.03057774710397909,separated,60,0.95,mixture/5.0/3/5/7
5.0,3,8,1000,constant,0.02216666666666678,0.013429848405115075,0.030903484928218483,separated,60,0.95,mixture/5.0/3/5/8
5.0,3,9,1000,constant,0.018899999999999917,0.011580564080749367,0.026219435919250467,separated,60,0.95,mixture/5.0/3/5/9
5.0,3,10,1000,constant,0.015799999999999925,0.008520892696851967,0.023079107303147883,separated,60,0.95,mixture/5.0/3/5/10
5.0,3,11,1000,constant,0.005366666666666742,-0.0022986466954478812,0.013031980028781365,uncertain,60,0.95,mixture/5.0/3/5/11
5.0,3,12,1000,constant,0.010966666666666569,0.002426790918346744,0.019506542414986394,separated,60,0.95,mixture/5.0/3/5/12
5.0,3,13,1000,constant,0.011633333333333384,0.003426705617756265,0.019839961048910504,separated,60,0.95,mixture/5.0/3/5/13
5.0,3,14,1000,constant,0.024000000000000132,0.016860526816610655,0.03113947318338961,separated,60,0.95,mixture/5.0/3/5/14
5.0,3,15,1000,constant,-0.009766666666666701,-0.01732037019475019,-0.0022129631385832127,nonseparated,60,0.95,mixture/5.0/3/5/15
5.0,3,16,1000,constant,0.015233333333333321,0.007578634459200706,0.022888032207465936,separated,60,0.95,mixture/5.0/3/5/16
5.0,3,17,1000,constant,0.02506666666666668,0.017457857364184592,0.03267547596914877,separated,60,0.95,mixture/5.0/3/5/17
5.0,3,18,1000,constant,0.018100000000000005,0.01054960882693301,0.025650391173067,separated,60,0.95,mixture/5.0/3/5/18
5.0,3,19,1000,constant,-0.015900000000000025,-0.023598534096051393,-0.008201465903948657,nonseparated,60,0.95,mixture/5.0/3/5/19
5.0,3,20,1000,constant,0.019166666666666776,0.011420251255285119,0.02622357232591155,separated,60,0.95,mixture/5.0/3/5/20
5.0,3,21,1000,constant,0.012800000000000034,0.005379655331487432,0.020220344668512635,separated,60,0.95,mixture/5.0/3/5/21
5.0,3,22,1000,constant,0.010733333333333483,0.0029866357557236656,0.0184800309109433,separated,60,0.95,mixture/5.0/3/5/22
5.0,3,23,1000,constant,0.0015333333333334975,-0.0060489394910308025,0.009115606157697798,uncertain,60,0.95,mixture/5.0/3/5/23
5.0,3,24,1000,constant,0.030000000000000138,0.021623516400283926,0.03837648359971635,separated,60,0.95,mixture/5.0/3/5/24
5.0,3,25,1000,constant,0.039899999999999936,0.031846896806045355,0.047953103193954516,separated,60,0.95,mixture/5.0/3/5/25
5.0,3,26,1000,constant,0.008166666666666433,-0.0003392506818065133,0.01667258401513938,uncertain,60,0.95,mixture/5.0/3/5/26
5.0,3,27,1000,constant,0.020966666666666467,0.013164413848785528,0.028768919484547406,separated,60,0.95,mixture/5.0/3/5/27
5.0,3,28,1000,constant,0.01416666666666666,0.006213818795325676,0.022119514538007645,separated,60,0.95,mixture/5.0/3/5/28
5.0,3,29,1000,constant,0.0014666666666668382,-0.00633168584261945,0.009265019175953126,uncertain,60,0.95,mixture/5.0/3/5/29
5.0,4,0,1000,constant,0.021066666666666567,0.01169160585193707,0.030441727481396064,separated,60,0.95,mixture/5.0/4/5/0
5.0,4,1,1000,constant,-0.002466666666666839,-0.010973141767966599,0.006039808434632921,uncertain,60,0.95,mixture/5.0/4/5/1
5.0,4,2,1000,constant,-0.01629999999999998,-0.024278773365960515,-0.008321226634039447,nonseparated,60,0.95,mixture/5.0/4/5/2
5.0,4,3,1000,constant,-0.006933333333333347,-0.015186039784665262,0.001319373117998568,uncertain,60,0.95,mixture/5.0/4/5/3
5.0,4,4,1000,constant,-0.0002666666666667483,-0.008430464808061311,0.007897131474727814,uncertain,60,0.95,mixture/5.0/4/5/4
5.0,4,5,1000,constant,0.001200000000000201,-0.007028329460332161,0.009428329460332563,uncertain,60,0.95,mixture/5.0/4/5/5
5.0,4,6,1000,constant,-0.02519999999999989,-0.034058505040900244,-0.016341494959099534,nonseparated,60,0.95,mixture/5.0/4/5/6
5.0,4,7,1000,constant,0.026566666666666405,0.018997546491681172,0.03413578684165164,separated,60,0.95,mixture/5.0/4/5/7
5.0,4,8,1000,constant,-0.01403333333333312,-0.02098537866601602,-0.007081288000650221,nonseparated,60,0.95,mixture/5.0/4/5/8
5.0,4,9,1000,constant,0.0037000000000000366,-0.0052276757117852846,0.012627675711785358,uncertain,60,0.95,mixture/5.0/4/5/9
5.0,4,10,1000,constant,-0.0020999999999999908,-0.011279715470890017,0.007079715470890036,uncertain,60,0.95,mixture/5.0/4/5/10
5.0,4,11,1000,constant,-0.011033333333333117,-0.019318679590953458,-0.0027479870757127767,nonseparated,60,0.95,mixture/5.0/4/5/11
5.0,4,12,1000,constant,-0.017166666666666663,-0.025313319392479494,-0.009020013940853833,nonseparated,60,0.95,mixture/5.0/4/5/12
5.0,4,13,1000,constant,0.010200000000000098,0.0021988883573865747,0.01820111164261362,separated,60,0.95,mixture/5.0/4/5/13
5.0,4,14,1000,constant,0.006366666666666854,-0.0021738814913033755,0.014907214824637083,uncertain,60,0.95,mixture/5.0/4/5/14
5.0,4,15,1000,constant,0.011466666666666736,0.0018170171724614104,0.021116316160872062,separated,60,0.95,mixture/5.0/4/5/15
5.0,4,16,1000,constant,-0.00993333333333335,-0.01878692292394568,-0.0010797437427210177,nonseparated,60,0.95,mixture/5.0/4/5/16
5.0,4,17,1000,constant,-0.018433333333333413,-0.027060214144145833,-0.009806452522520992,nonseparated,60,0.95,mixture/5.0/4/5/17
5.0,4,18,1000,constant,0.00023333333333330764,-0.00853816688143949,0.009004833548106106,uncertain,60,0.95,mixture/5.0/4/5/18
5.0,4,19,1000,constant,-0.003466666666666396,-0.011565197003431504,0.004631863670098713,uncertain,60,0.95,mixture/5.0/4/5/19
5.0,4,20,1000,constant,0.003866666666666796,-0.003510673104627604,0.011244006437961196,uncertain,60,0.95,mixture/5.0/4/5/20
5.0,4,21,1000,constant,0.0076666666666664884,-0.0008507529966752525,0.01618408633000823,uncertain,60,0.95,mixture/5.0/4/5/21
5.0,4,22,1000,constant,-0.0015666666666667162,-0.010754903531582816,0.007177360365026142,uncertain,60,0.95,mixture/5.0/4/5/22
5.0,4,23,1000,constant,0.0048000000000001375,-0.0033485200916620883,0.012948520091662363,uncertain,60,0.95,mixture/5.0/4/5/23
5.0,4,24,1000,constant,-0.011066666666666669,-0.018884589267414098,-0.00324874406591924,nonseparated,60,0.95,mixture/5.0/4/5/24
5.0,4,25,1000,constant,0.011233333333333206,0.003404232677606922,0.01906243398905949,separated,60,0.95,mixture/5.0/4/5/25
5.0,4,26,1000,constant,0.015266666666666984,0.007947335273885026,0.022585998059448942,separated,60,0.95,mixture/5.0/4/5/26
5.0,4,27,1000,constant,-0.014433333333333187,-0.02341779813599043,-0.005448868530675943,nonseparated,60,0.95,mixture/5.0/4/5/27
5.0,4,28,1000,constant,0.01079999999999981,0.0015077313279797666,0.020092268672019853,separated,60,0.95,mixture/5.0/4/5/28
5.0,4,29,1000,constant,0.01880000000000004,0.010264162314715053,0.027335837685285025,separated,60,0.95,mixture/5.0/4/5/29
5.0,5,0,1000,constant,0.007433333333333625,-0.0011697879947796253,0.016036454661446875,uncertain,60,0.95,mixture/5.0/5/5/0
5.0,5,1,1000,constant,-0.012633333333333274,-0.021536964229994737,-0.0037297024366718112,nonseparated,60,0.95,mixture/5.0/5/5/1
5.0,5,2,1000,constant,-0.0004999999999999449,-0.00944509245830194,0.00844509245830205,uncertain,60,0.95,mixture/5.0/5/5/2
5.0,5,3,1000,constant,-0.001000000000000112,-0.010734164710986316,0.008734164710986092,uncertain,60,0.95,mixture/5.0/5/5/3
5.0,5,4,1000,constant,-0.027866666666666484,-0.03844378745262311,-0.017289545880709856,nonseparated,60,0.95,mixture/5.0/5/5/4
5.0,5,5,1000,constant,0.006533333333333391,-0.0018563443165163784,0.014643383922555042,uncertain,60,0.95,mixture/5.0/5/5/5
5.0,5,6,1000,constant,-0.02210000000000012,-0.03053375905735123,-0.01366624094264901,nonseparated,60,0.95,mixture/5.0/5/5/6
5.0,5,7,1000,constant,-0.013933333333333464,-0.023547598991610963,-0.004319067675055965,nonseparated,60,0.95,mixture/5.0/5/5/7
5.0,5,8,1000,constant,-0.006166666666666876,-0.014187241397717876,0.0018539080643841244,uncertain,60,0.95,mixture/5.0/5/5/8
5.0,5,9,1000,constant,-0.018166666666666886,-0.027647817032950606,-0.008685516300383167,nonseparated,60,0.95,mixture/5.0/5/5/9
5.0,5,10,1000,constant,-0.023466666666666636,-0.03163813586161213,-0.015295197471721145,nonseparated,60,0.95,mixture/5.0/5/5/10
5.0,5,11,1000,constant,-0.008466666666666733,-0.017650267506720718,0.0007169341733872514,uncertain,60,0.95,mixture/5.0/5/5/11
5.0,5,12,1000,constant,0.0049000000000000155,-0.003674906759962626,0.013474906759962657,uncertain,60,0.95,mixture/5.0/5/5/12
5.0,5,13,1000,constant,0.013833333333333253,0.005284707402461453,0.022381959264205054,separated,60,0.95,mixture/5.0/5/5/13
5.0,5,14,1000,constant,0.0027333333333334764,-0.005712529367383534,0.011092957529804548,uncertain,60,0.95,mixture/5.0/5/5/14
5.0,5,15,1000,constant,-0.012700000000000156,-0.020694441886311532,-0.004705558113688779,nonseparated,60,0.95,mixture/5.0/5/5/15
5.0,5,16,1000,constant,0.020400000000000085,0.011182172630678333,0.029617827369321836,separated,60,0.95,mixture/5.0/5/5/16
5.0,5,17,1000,constant,-0.014566666666666617,-0.024184219353357683,-0.00494911397997555,nonseparated,60,0.95,mixture/5.0/5/5/17
5.0,5,18,1000,constant,-0.008499999999999841,-0.01615993334614174,-0.0008400666538579404,nonseparated,60,0.95,mixture/5.0/5/5/18
5.0,5,19,1000,constant,-0.0034333333333332883,-0.011842413174623312,0.004975746507956735,uncertain,60,0.95,mixture/5.0/5/5/19
5.0,5,20,1000,constant,0.0032999999999998586,-0.0055920946123863,0.012192094612386017,uncertain,60,0.95,mixture/5.0/5/5/20
5.0,5,21,1000,constant,-0.006199999999999872,-0.01573790490040816,0.003337904900408417,uncertain,60,0.95,mixture/5.0/5/5/21
5.0,5,22,1000,constant,0.009766666666666812,0.0018586468914643106,0.017336973471591133,separated,60,0.95,mixture/5.0/5/5/22
5.0,5,23,1000,constant,-0.009766666666666812,-0.019588757552768454,5.542421943482978e-05,uncertain,60,0.95,mixture/5.0/5/5/23
5.0,5,24,1000,constant,0.005999999999999894,-0.0025330335838725793,0.014533033583872368,uncertain,60,0.95,mixture/5.0/5/5/24
5.0,5,25,1000,constant,-0.024466666666666526,-0.03384374529279133,-0.015089588040541724,nonseparated,60,0.95,mixture/5.0/5/5/25
5.0,5,26,1000,constant,0.012033333333333451,0.0034911247757019037,0.020575541890965,separated,60,0.95,mixture/5.0/5/5/26
5.0,5,27,1000,constant,-0.012799999999999923,-0.021123966986317022,-0.004476033013682823,nonseparated,60,0.95,mixture/5.0/5/5/27
5.0,5,28,1000,constant,0.005266666666666642,-0.0037897277131336837,0.014323061046466967,uncertain,60,0.95,mixture/5.0/5/5/28
5.0,5,29,1000,constant,-0.0007666666666668043,-0.009591709616148303,0.008058376282814694,uncertain,60,0.95,mixture/5.0/5/5/29
5.0,6,0,1000,constant,-0.011399999999999855,-0.019924876564108907,-0.002875123435890803,nonseparated,60,0.95,mixture/5.0/6/5/0
5.0,6,1,1000,constant,-0.005933333333333235,-0.014290375182714143,0.0024237085160476735,uncertain,60,0.95,mixture/5.0/6/5/1
5.0,6,2,1000,constant,0.0002666666666666373,-0.009218511744014779,0.009737595655893272,uncertain,60,0.95,mixture/5.0/6/5/2
5.0,6,3,1000,constant,-0.010399999999999854,-0.018354868704680283,-0.002445131295319425,nonseparated,60,0.95,mixture/5.0/6/5/3
5.0,6,4,1000,constant,-0.003266666666666529,-0.012294093561228125,0.005760760227895068,uncertain,60,0.95,mixture/5.0/6/5/4
5.0,6,5,1000,constant,0.004566666666666719,-0.004946454317636517,0.014079787650969955,uncertain,60,0.95,mixture/5.0/6/5/5
5.0,6,6,1000,constant,-0.0042999999999998595,-0.01409795621004828,0.00549795621004856,uncertain,60,0.95,mixture/5.0/6/5/6
5.0,6,7,1000,constant,0.008466666666666733,-0.0014104603553384276,0.018343793688671894,uncertain,60,0.95,mixture/5.0/6/5/7
5.0,6,8,1000,constant,-0.02833333333333321,-0.03672223600510449,-0.01994443066156193,nonseparated,60,0.95,mixture/5.0/6/5/8
5.0,6,9,1000,constant,-0.025899999999999923,-0.03489147477112642,-0.016908525228873428,nonseparated,60,0.95,mixture/5.0/6/5/9
5.0,6,10,1000,constant,-0.020499999999999963,-0.03004578478348574,-0.010954215216514185,nonseparated,60,0.95,mixture/5.0/6/5/10
5.0,6,11,1000,constant,-0.029766666666666497,-0.03795853086253709,-0.021574802470795906,nonseparated,60,0.95,mixture/5.0/6/5/11
5.0,6,12,1000,constant,-0.018166666666666775,-0.027539813195263996,-0.008793520138069555,nonseparated,60,0.95,mixture/5.0/6/5/12
5.0,6,13,1000,constant,-0.010333333333333194,-0.01889022975242538,-0.0017764369142410086,nonseparated,60,0.95,mixture/5.0/6/5/13
5.0,6,14,1000,constant,-0.022666666666666502,-0.0322489700607026,-0.013084363272630406,nonseparated,60,0.95,mixture/5.0/6/5/14
5.0,6,15,1000,constant,-0.013833333333333253,-0.023475796435898144,-0.004190870230768362,nonseparated,60,0.95,mixture/5.0/6/5/15
5.0,6,16,1000,constant,-0.01110000000000011,-0.0197711842506052,-0.002428815749395019,nonseparated,60,0.95,mixture/5.0/6/5/16
5.0,6,17,1000,constant,-0.03229999999999977,-0.04105468209906982,-0.02354531790092973,nonseparated,60,0.95,mixture/5.0/6/5/17
5.0,6,18,1000,constant,-0.0020999999999999908,-0.010832285179982026,0.006632285179982045,uncertain,60,0.95,mixture/5.0/6/5/18
5.0,6,19,1000,constant,-0.0003666666666667373,-0.009538470602790117,0.008227463021111658,uncertain,60,0.95,mixture/5.0/6/5/19
5.0,6,20,1000,constant,-0.015600000000000058,-0.024665796164454967,-0.006534203835545149,nonseparated,60,0.95,mixture/5.0/6/5/20
5.0,6,21,1000,constant,-0.014600000000000168,-0.02300985747092632,-0.006190142529074016,nonseparated,60,0.95,mixture/5.0/6/5/21
5.0,6,22,1000,constant,-0.009066666666666556,-0.018267911305958173,0.00013457797262506066,uncertain,60,0.95,mixture/5.0/6/5/22
5.0,6,23,1000,constant,-0.032566666666666744,-0.04323527426333229,-0.021898059070001197,nonseparated,60,0.95,mixture/5.0/6/5/23
5.0,6,24,1000,constant,-0.016966666666666463,-0.026559479675848263,-0.007373853657484664,nonseparated,60,0.95,mixture/5.0/6/5/24
5.0,6,25,1000,constant,-0.008866666666666578,-0.019052122782448833,0.001318789449115676,uncertain,60,0.95,mixture/5.0/6/5/25
5.0,6,26,1000,constant,-0.00783333333333347,-0.017012199563855912,0.0013455328971889724,uncertain,60,0.95,mixture/5.0/6/5/26
5.0,6,27,1000,constant,-0.005233333333333423,-0.013908756305124337,0.0034420896384574906,uncertain,60,0.95,mixture/5.0/6/5/27
5.0,6,28,1000,constant,-0.002266666666666861,-0.01081544114135391,0.0062821078080201875,uncertain,60,0.95,mixture/5.0/6/5/28
5.0,6,29,1000,constant,-0.01419999999999988,-0.022863234063111748,-0.005536765936888011,nonseparated,60,0.95,mixture/5.0/6/5/29
5.0,7,0,1000,constant,-0.01759999999999995,-0.028068214560351912,-0.007131785439647986,nonseparated,60,0.95,mixture/5.0/7/5/0
5.0,7,1,1000,constant,-0.012833333333333474,-0.02184316144208498,-0.003823505224581969,nonseparated,60,0.95,mixture/5.0/7/5/1
5.0,7,2,1000,constant,-0.028599999999999737,-0.038935599973559665,-0.01826440002643981,nonseparated,60,0.95,mixture/5.0/7/5/2
5.0,7,3,1000,constant,-0.012466666666666515,-0.02256705716442986,-0.0023662761689031697,nonseparated,60,0.95,mixture/5.0/7/5/3
5.0,7,4,1000,constant,-0.004566666666666386,-0.013579451260479436,0.004446117927146664,uncertain,60,0.95,mixture/5.0/7/5/4
5.0,7,5,1000,constant,0.007833333333333359,-0.001884611187333296,0.017551277854000014,uncertain,60,0.95,mixture/5.0/7/5/5
5.0,7,6,1000,constant,-0.0070666666666667766,-0.015616565775502633,0.0014832324421690801,uncertain,60,0.95,mixture/5.0/7/5/6
5.0,7,7,1000,constant,-1.1102230246251565e-16,-0.009517609653609815,0.009517609653609593,uncertain,60,0.95,mixture/5.0/7/5/7
5.0,7,8,1000,constant,-0.004933333333333345,-0.014004024358755696,0.004137357692089005,uncertain,60,0.95,mixture/5.0/7/5/8
5.0,7,9,1000,constant,-0.03646666666666665,-0.046525653900456376,-0.026407679432876918,nonseparated,60,0.95,mixture/5.0/7/5/9
5.0,7,10,1000,constant,-0.010566666666666613,-0.02071074293879427,-0.0004225903945389575,nonseparated,60,0.95,mixture/5.0/7/5/10
5.0,7,11,1000,constant,0.002866666666666462,-0.006555730286420758,0.012289063619753682,uncertain,60,0.95,mixture/5.0/7/5/11
5.0,7,12,1000,constant,-0.017566666666666397,-0.027060805344420236,-0.008072527988912559,nonseparated,60,0.95,mixture/5.0/7/5/12
5.0,7,13,1000,constant,-0.0006000000000000449,-0.010162325493396684,0.008962325493396595,uncertain,60,0.95,mixture/5.0/7/5/13
5.0,7,14,1000,constant,-0.02626666666666655,-0.03612377608809547,-0.016409557245237627,nonseparated,60,0.95,mixture/5.0/7/5/14
5.0,7,15,1000,constant,-0.03400000000000003,-0.04314795683533068,-0.02485204316466938,nonseparated,60,0.95,mixture/5.0/7/5/15
5.0,7,16,1000,constant,-0.0244000000000002,-0.033900453618531445,-0.014899546381468953,nonseparated,60,0.95,mixture/5.0/7/5/16
5.0,7,17,1000,constant,-0.012000000000000233,-0.021025498623538086,-0.0029745013764623796,nonseparated,60,0.95,mixture/5.0/7/5/17
5.0,7,18,1000,constant,-0.023866666666666703,-0.03426106007969665,-0.013472273253636757,nonseparated,60,0.95,mixture/5.0/7/5/18
5.0,7,19,1000,constant,-0.003866666666666796,-0.012195447484210753,0.004143730620679076,uncertain,60,0.95,mixture/5.0/7/5/19
5.0,7,20,1000,constant,-0.010633333333333383,-0.01995413549591407,-0.0018595205072164944,nonseparated,60,0.95,mixture/5.0/7/5/20
5.0,7,21,1000,constant,-0.023500000000000076,-0.03198543836385148,-0.015014561636148671,nonseparated,60,0.95,mixture/5.0/7/5/21
5.0,7,22,1000,constant,-0.020399999999999974,-0.02952191092722134,-0.011278089072778608,nonseparated,60,0.95,mixture/5.0/7/5/22
5.0,7,23,1000,constant,-0.03426666666666678,-0.04285171748118788,-0.02568161585214568,nonseparated,60,0.95,mixture/5.0/7/5/23
5.0,7,24,1000,constant,-0.017599999999999727,-0.026120920586769958,-0.009079079413229496,nonseparated,60,0.95,mixture/5.0/7/5/24
5.0,7,25,1000,constant,-0.012066666666666559,-0.021465849074612242,-0.002667484258720876,nonseparated,60,0.95,mixture/5.0/7/5/25
5.0,7,26,1000,constant,-0.018299999999999872,-0.02736556541435342,-0.009234434585646323,nonseparated,60,0.95,mixture/5.0/7/5/26
5.0,7,27,1000,constant,-0.027633333333333288,-0.03685638298402172,-0.018410283682644857,nonseparated,60,0.95,mixture/5.0/7/5/27
5.0,7,28,1000,constant,-0.008966666666666678,-0.018178896328523098,0.0002455629951897409,uncertain,60,0.95,mixture/5.0/7/5/28
5.0,7,29,1000,constant,-0.023566666666666847,-0.03372353180801624,-0.013409801525317455,nonseparated,60,0.95,mixture/5.0/7/5/29
5.0,8,0,1000,constant,-0.040799999999999614,-0.05048728253924284,-0.03111271746075639,nonseparated,60,0.95,mixture/5.0/8/5/0
5.0,8,1,1000,constant,-0.005300000000000082,-0.016276523188940795,0.00567652318894063,uncertain,60,0.95,mixture/5.0/8/5/1
5.0,8,2,1000,constant,-0.03206666666666658,-0.040503512521613105,-0.023629820811720048,nonseparated,60,0.95,mixture/5.0/8/5/2
5.0,8,3,1000,constant,-0.011633333333333495,-0.021436614197737125,-0.0018300524689298658,nonseparated,60,0.95,mixture/5.0/8/5/3
5.0,8,4,1000,constant,-0.043099999999999916,-0.05240672903055654,-0.03379327096944329,nonseparated,60,0.95,mixture/5.0/8/5/4
5.0,8,5,1000,constant,-0.030133333333333123,-0.04055490223879166,-0.01971176442787459,nonseparated,60,0.95,mixture/5.0/8/5/5
5.0,8,6,1000,constant,-0.0185333333333334,-0.027997060485646874,-0.009069606181019929,nonseparated,60,0.95,mixture/5.0/8/5/6
5.0,8,7,1000,constant,-0.006700000000000039,-0.016138447428965974,0.0027384474289658955,uncertain,60,0.95,mixture/5.0/8/5/7
5.0,8,8,1000,constant,-0.002766666666666917,-0.013396466619489122,0.00783618703594946,uncertain,60,0.95,mixture/5.0/8/5/8
5.0,8,9,1000,constant,0.008999999999999897,0.0007341703003750366,0.01714304058150551,separated,60,0.95,mixture/5.0/8/5/9
5.0,8,10,1000,constant,-0.0185333333333334,-0.027927564109792247,-0.009139102556874557,nonseparated,60,0.95,mixture/5.0/8/5/10
5.0,8,11,1000,constant,-0.009066666666666556,-0.018963628967011426,0.0008302956336783129,uncertain,60,0.95,mixture/5.0/8/5/11
5.0,8,12,1000,constant,-0.01996666666666691,-0.03001476898126243,-0.00991856435207139,nonseparated,60,0.95,mixture/5.0/8/5/12
5.0,8,13,1000,constant,-0.011066666666666669,-0.02088898080759094,-0.0012443525257423982,nonseparated,60,0.95,mixture/5.0/8/5/13
5.0,8,14,1000,constant,-0.012366666666666748,-0.02140748655261715,-0.0036307205987179403,nonseparated,60,0.95,mixture/5.0/8/5/14
5.0,8,15,1000,constant,-0.010133333333333439,-0.01952705919940312,-0.0007396074672637587,nonseparated,60,0.95,mixture/5.0/8/5/15
5.0,8,16,1000,constant,-0.01739999999999986,-0.027690740470460273,-0.007109259529539447,nonseparated,60,0.95,mixture/5.0/8/5/16
5.0,8,17,1000,constant,-0.005533333333333501,-0.015451920504242156,0.004385253837575154,uncertain,60,0.95,mixture/5.0/8/5/17
5.0,8,18,1000,constant,-0.01316666666666666,-0.02231432981138337,-0.004019003521949949,nonseparated,60,0.95,mixture/5.0/8/5/18
5.0,8,19,1000,constant,-0.0047999999999999154,-0.014974725576685222,0.005374725576685391,uncertain,60,0.95,mixture/5.0/8/5/19
5.0,8,20,1000,constant,-0.01959999999999995,-0.029027577054300924,-0.010172422945698978,nonseparated,60,0.95,mixture/5.0/8/5/20
5.0,8,21,1000,constant,-0.021199999999999886,-0.030254810057175563,-0.012145189942824208,nonseparated,60,0.95,mixture/5.0/8/5/21
5.0,8,22,1000,constant,-0.03723333333333334,-0.046745719030897304,-0.027720947635769377,nonseparated,60,0.95,mixture/5.0/8/5/22
5.0,8,23,1000,constant,0.0006999999999999229,-0.008594548471708041,0.009215967755222487,uncertain,60,0.95,mixture/5.0/8/5/23
5.0,8,24,1000,constant,-0.03320000000000001,-0.044351693323563146,-0.02204830667643687,nonseparated,60,0.95,mixture/5.0/8/5/24
5.0,8,25,1000,constant,-0.016100000000000003,-0.02524772974516032,-0.0069522702548396875,nonseparated,60,0.95,mixture/5.0/8/5/25
5.0,8,26,1000,constant,-0.013733333333333153,-0.02456278745065199,-0.0029038792160143156,nonseparated,60,0.95,mixture/5.0/8/5/26
5.0,8,27,1000,constant,-0.022399999999999864,-0.030567767815551594,-0.014232232184448135,nonseparated,60,0.95,mixture/5.0/8/5/27
5.0,8,28,1000,constant,-0.008099999999999885,-0.017133174936300954,0.0002831242115189925,uncertain,60,0.95,mixture/5.0/8/5/28
5.0,8,29,1000,constant,0.0032999999999999696,-0.006792482141102507,0.013091463362523093,uncertain,60,0.95,mixture/5.0/8/5/29
5.0,9,0,1000,constant,-0.0030000000000000027,-0.013459485848090202,0.007292987194195355,uncertain,60,0.95,mixture/5.0/9/5/0
5.0,9,1,1000,constant,-0.02093333333333325,-0.030137862050513053,-0.011728804616153443,nonseparated,60,0.95,mixture/5.0/9/5/1
5.0,9,2,1000,constant,-0.05579999999999996,-0.06502979707584877,-0.04657020292415115,nonseparated,60,0.95,mixture/5.0/9/5/2
5.0,9,3,1000,constant,-0.0016666666666665941,-0.010864439693751282,0.007531106360418094,uncertain,60,0.95,mixture/5.0/9/5/3
5.0,9,4,1000,constant,-0.014533333333333176,-0.024493283574164137,-0.0045733830925022145,nonseparated,60,0.95,mixture/5.0/9/5/4
5.0,9,5,1000,constant,-0.03043333333333309,-0.04049661878673838,-0.0203700478799278,nonseparated,60,0.95,mixture/5.0/9/5/5
5.0,9,6,1000,constant,-0.020299999999999985,-0.029076114024962463,-0.011523885975037507,nonseparated,60,0.95,mixture/5.0/9/5/6
5.0,9,7,1000,constant,-0.011599999999999944,-0.020845361184732458,-0.002354638815267429,nonseparated,60,0.95,mixture/5.0/9/5/7
5.0,9,8,1000,constant,-0.021166666666666556,-0.03040514666041927,-0.011928186672913843,nonseparated,60,0.95,mixture/5.0/9/5/8
5.0,9,9,1000,constant,-0.028066666666666795,-0.03730772963710405,-0.018825603696229543,nonseparated,60,0.95,mixture/5.0/9/5/9
5.0,9,10,1000,constant,-0.036499999999999755,-0.046600201760087834,-0.026399798239911676,nonseparated,60,0.95,mixture/5.0/9/5/10
5.0,9,11,1000,constant,-0.03493333333333315,-0.0453621253772325,-0.0245045412894338,nonseparated,60,0.95,mixture/5.0/9/5/11
5.0,9,12,1000,constant,-0.015866666666666696,-0.025707319416094943,-0.006026013917238449,nonseparated,60,0.95,mixture/5.0/9/5/12
5.0,9,13,1000,constant,-0.011599999999999944,-0.02129114667427734,-0.0019088533257225482,nonseparated,60,0.95,mixture/5.0/9/5/13
5.0,9,14,1000,constant,-0.02973333333333361,-0.03952443878547551,-0.01994222788119171,nonseparated,60,0.95,mixture/5.0/9/5/14
5.0,9,15,1000,constant,-0.009000000000000008,-0.018986360841627303,0.0009863608416272873,uncertain,60,0.95,mixture/5.0/9/5/15
5.0,9,16,1000,constant,-0.026399999999999757,-0.035939384903031946,-0.01686061509696757,nonseparated,60,0.95,mixture/5.0/9/5/16
5.0,9,17,1000,constant,-0.03310000000000013,-0.04321673593629105,-0.022983264063709208,nonseparated,60,0.95,mixture/5.0/9/5/17
5.0,9,18,1000,constant,-0.019366666666666865,-0.029298700692871993,-0.009434632640461738,nonseparated,60,0.95,mixture/5.0/9/5/18
5.0,9,19,1000,constant,-0.01626666666666665,-0.02663253948104838,-0.005900793852284925,nonseparated,60,0.95,mixture/5.0/9/5/19
5.0,9,20,1000,constant,-0.01883333333333348,-0.028993189472624747,-0.008673477194042212,nonseparated,60,0.95,mixture/5.0/9/5/20
5.0,9,21,1000,constant,0.0036333333333332662,-0.0059480994486426075,0.01321476611530914,uncertain,60,0.95,mixture/5.0/9/5/21
5.0,9,22,1000,constant,-0.017066666666666563,-0.02621299418126677,-0.007920339152066358,nonseparated,60,0.95,mixture/5.0/9/5/22
5.0,9,23,1000,constant,-0.002766666666666695,-0.013404770418954937,0.007871437085621547,uncertain,60,0.95,mixture/5.0/9/5/23
5.0,9,24,1000,constant,-0.03613333333333346,-0.044318583513422216,-0.027948083153244707,nonseparated,60,0.95,mixture/5.0/9/5/24
5.0,9,25,1000,constant,-0.01649999999999996,-0.025931724237290177,-0.0070682757627097414,nonseparated,60,0.95,mixture/5.0/9/5/25
5.0,9,26,1000,constant,-0.0284333333333332,-0.03779830010368912,-0.01906836656297728,nonseparated,60,0.95,mixture/5.0/9/5/26
5.0,9,27,1000,constant,-0.018766666666666598,-0.02775095353482837,-0.009782379798504826,nonseparated,60,0.95,mixture/5.0/9/5/27
5.0,9,28,1000,constant,0.0012333333333331975,-0.00859264341498589,0.011059310081652285,uncertain,60,0.95,mixture/5.0/9/5/28
5.0,9,29,1000,constant,-0.007833333333333137,-0.01741998417760937,0.0016172270399027466,uncertain,60,0.95,mixture/5.0/9/5/29
5.0,10,0,1000,constant,-0.014766666666666595,-0.02597990637912928,-0.0035534269542039087,nonseparated,60,0.95,mixture/5.0/10/5/0
5.0,10,1,1000,constant,-0.009600000000000053,-0.018710407453734756,-0.0004895925462653494,nonseparated,60,0.95,mixture/5.0/10/5/1
5.0,10,2,1000,constant,-0.011700000000000155,-0.02260902036913337,-0.0007909796308669392,nonseparated,60,0.95,mixture/5.0/10/5/2
5.0,10,3,1000,constant,-0.021266666666666656,-0.03088314262074454,-0.01165019071258877,nonseparated,60,0.95,mixture/5.0/10/5/3
5.0,10,4,1000,constant,-0.01333333333333353,-0.023631799012838295,-0.0030348676538287656,nonseparated,60,0.95,mixture/5.0/10/5/4
5.0,10,5,1000,constant,-0.012900000000000023,-0.023115941920143657,-0.0026840580798563884,nonseparated,60,0.95,mixture/5.0/10/5/5
5.0,10,6,1000,constant,-0.007033333333333336,-0.016490824684101346,0.0024241580174346744,uncertain,60,0.95,mixture/5.0/10/5/6
5.0,10,7,1000,constant,-0.03279999999999994,-0.04238321325888239,-0.02321678674111749,nonseparated,60,0.95,mixture/5.0/10/5/7
5.0,10,8,1000,constant,-0.014133333333333331,-0.023777414773671346,-0.0047766150104436855,nonseparated,60,0.95,mixture/5.0/10/5/8
5.0,10,9,1000,constant,-0.002266666666666861,-0.011763107551136187,0.006578257474784466,uncertain,60,0.95,mixture/5.0/10/5/9
5.0,10,10,1000,constant,-0.02746666666666664,-0.03730602189051413,-0.01762731144281915,nonseparated,60,0.95,mixture/5.0/10/5/10
5.0,10,11,1000,constant,-0.017699999999999938,-0.028773145096172903,-0.006782721609839615,nonseparated,60,0.95,mixture/5.0/10/5/11
5.0,10,12,1000,constant,-0.03670000000000018,-0.04614659354586215,-0.027253406454138207,nonseparated,60,0.95,mixture/5.0/10/5/12
5.0,10,13,1000,constant,-0.028033333333333466,-0.03744027359806523,-0.0186263930686017,nonseparated,60,0.95,mixture/5.0/10/5/13
5.0,10,14,1000,constant,-0.00043333333333306356,-0.01024518812897468,0.009378521462308553,uncertain,60,0.95,mixture/5.0/10/5/14
5.0,10,15,1000,constant,-0.02750000000000008,-0.03679660532926032,-0.018203394670739836,nonseparated,60,0.95,mixture/5.0/10/5/15
5.0,10,16,1000,constant,-0.037566666666666415,-0.04740814023300388,-0.02772519310032895,nonseparated,60,0.95,mixture/5.0/10/5/16
5.0,10,17,1000,constant,-0.009399999999999964,-0.01888275513962978,-0.0003765945972072915,nonseparated,60,0.95,mixture/5.0/10/5/17
5.0,10,18,1000,constant,-0.029100000000000015,-0.03848188404690789,-0.01971811595309214,nonseparated,60,0.95,mixture/5.0/10/5/18
5.0,10,19,1000,constant,-0.04173333333333329,-0.052074727230675855,-0.03139193943599072,nonseparated,60,0.95,mixture/5.0/10/5/19
5.0,10,20,1000,constant,-0.01743333333333319,-0.02702727316361675,-0.00783939350304963,nonseparated,60,0.95,mixture/5.0/10/5/20
5.0,10,21,1000,constant,-0.025133333333333563,-0.03402426250258617,-0.01624240416408096,nonseparated,60,0.95,mixture/5.0/10/5/21
5.0,10,22,1000,constant,-0.016266666666666763,-0.026597821341613814,-0.005935511991719711,nonseparated,60,0.95,mixture/5.0/10/5/22
5.0,10,23,1000,constant,-0.023600000000000176,-0.03376958965040178,-0.013430410349598576,nonseparated,60,0.95,mixture/5.0/10/5/23
5.0,10,24,1000,constant,-0.0070666666666663325,-0.01662139714778732,0.0023764044050137434,uncertain,60,0.95,mixture/5.0/10/5/24
5.0,10,25,1000,constant,-0.03203333333333336,-0.04222789189608611,-0.021838774770580605,nonseparated,60,0.95,mixture/5.0/10/5/25
5.0,10,26,1000,constant,-0.021300000000000097,-0.03188336021326699,-0.010716639786733206,nonseparated,60,0.95,mixture/5.0/10/5/26
5.0,10,27,1000,constant,-0.026833333333333376,-0.036395490123591,-0.01727117654307575,nonseparated,60,0.95,mixture/5.0/10/5/27
5.0,10,28,1000,constant,-0.02186666666666659,-0.031051855349312985,-0.012681477984020195,nonseparated,60,0.95,mixture/5.0/10/5/28
5.0,10,29,1000,constant,-0.012466666666666737,-0.02114061517117649,-0.0037927181621569828,nonseparated,60,0.95,mixture/5.0/10/5/29
10.0,2,0,1000,constant,0.05026666666666657,0.042705074067033943,0.0578282592662992,separated,60,0.95,mixture/10.0/2/5/0
10.0,2,1,1000,constant,0.005066666666666775,-0.001606880558767454,0.011740213892101004,uncertain,60,0.95,mixture/10.0/2/5/1
10.0,2,2,1000,constant,0.014566666666666839,0.007617547285047155,0.021515786048286523,separated,60,0.95,mixture/10.0/2/5/2
10.0,2,3,1000,constant,0.00656666666666661,-0.00011365427483045476,0.013246987608163674,uncertain,60,0.95,mixture/10.0/2/5/3
10.0,2,4,1000,constant,0.00883333333333347,0.002460911977803959,0.015205754688862982,separated,60,0.95,mixture/10.0/2/5/4
10.0,2,5,1000,constant,0.01983333333333326,0.012385199592618412,0.027281467074048105,separated,60,0.95,mixture/10.0/2/5/5
10.0,2,6,1000,constant,-0.004833333333333356,-0.011737834568637195,0.002071167901970483,uncertain,60,0.95,mixture/10.0/2/5/6
10.0,2,7,1000,constant,0.0034333333333336213,-0.0031889676711580606,0.010055634337825303,uncertain,60,0.95,mixture/10.0/2/5/7
10.0,2,8,1000,constant,0.014366666666666528,0.0072319284858924915,0.021501404847440564,separated,60,0.95,mixture/10.0/2/5/8
10.0,2,9,1000,constant,0.0022333333333335315,-0.004573909209490079,0.009040575876157142,uncertain,60,0.95,mixture/10.0/2/5/9
10.0,2,10,1000,constant,-0.003766666666666807,-0.00977474644582832,0.0022414131124947057,uncertain,60,0.95,mixture/10.0/2/5/10
10.0,2,11,1000,constant,0.0046999999999999265,-0.001133297873043615,0.010533297873043468,uncertain,60,0.95,mixture/10.0/2/5/11
10.0,2,12,1000,constant,0.007966666666666455,0.0013693499577104307,0.01456398337562248,separated,60,0.95,mixture/10.0/2/5/12
10.0,2,13,1000,constant,0.010600000000000165,0.004562954604460101,0.01663704539554023,separated,60,0.95,mixture/10.0/2/5/13
10.0,2,14,1000,constant,0.006366666666666854,-0.0003405057274804557,0.013073839060814163,uncertain,60,0.95,mixture/10.0/2/5/14
10.0,2,15,1000,constant,0.006100000000000105,-0.0017653245934519113,0.013965324593452122,uncertain,60,0.95,mixture/10.0/2/5/15
10.0,2,16,1000,constant,0.006133333333333324,0.0001053524243177506,0.012161314242348897,separated,60,0.95,mixture/10.0/2/5/16
10.0,2,17,1000,constant,0.026533333333333298,0.019438463140993845,0.03362820352567275,separated,60,0.95,mixture/10.0/2/5/17
10.0,2,18,1000,constant,0.009299999999999975,0.0028357241169765235,0.015764275883023426,separated,60,0.95,mixture/10.0/2/5/18
10.0,2,19,1000,constant,0.016166666666666885,0.008807702382574112,0.023525630950759657,separated,60,0.95,mixture/10.0/2/5/19
10.0,2,20,1000,constant,0.007500000000000173,0.00029006298307010514,0.014709937016930241,separated,60,0.95,mixture/10.0/2/5/20
10.0,2,21,1000,constant,0.02420000000000022,0.018027459330861806,0.030372540669138637,separated,60,0.95,mixture/10.0/2/5/21
10.0,2,22,1000,constant,0.02086666666666659,0.013844041928014472,0.027889291405318706,separated,60,0.95,mixture/10.0/2/5/22
10.0,2,23,1000,constant,-0.004333333333333411,-0.010212962924633029,0.0015462962579662065,uncertain,60,0.95,mixture/10.0/2/5/23
10.0,2,24,1000,constant,0.002866666666666795,-0.002914548959879193,0.008647882293212783,uncertain,60,0.95,mixture/10.0/2/5/24
10.0,2,25,1000,constant,0.015166666666666662,0.008672555610780619,0.021660777722552704,separated,60,0.95,mixture/10.0/2/5/25
10.0,2,26,1000,constant,0.017733333333333157,0.010325427884292138,0.025141238782374176,separated,60,0.95,mixture/10.0/2/5/26
10.0,2,27,1000,constant,0.00663333333333338,0.00039323844892558135,0.012873428217741179,separated,60,0.95,mixture/10.0/2/5/27
10.0,2,28,1000,constant,0.014733333333333265,0.008113717116321584,0.021352949550344946,separated,60,0.95,mixture/10.0/2/5/28
10.0,2,29,1000,constant,0.0008333333333333526,-0.00523171855184279,0.006898385218509495,uncertain,60,0.95,mixture/10.0/2/5/29
10.0,3,0,1000,constant,0.0012000000000000899,-0.005690951798862587,0.008090951798862767,uncertain,60,0.95,mixture/10.0/3/5/0
10.0,3,1,1000,constant,0.0037000000000000366,-0.0042253768166710115,0.011625376816671085,uncertain,60,0.95,mixture/10.0/3/5/1
10.0,3,2,1000,constant,0.0008666666666667933,-0.0064620314013995594,0.008195364734733146,uncertain,60,0.95,mixture/10.0/3/5/2
10.0,3,3,1000,constant,0.0016666666666664831,-0.0060118843811286515,0.009345217714461618,uncertain,60,0.95,mixture/10.0/3/5/3
10.0,3,4,1000,constant,0.005133333333333323,-0.0019704239878158836,0.01223709065448253,uncertain,60,0.95,mixture/10.0/3/5/4
10.0,3,5,1000,constant,0.009366666666666745,0.001994303424554089,0.0167390299087794,separated,60,0.95,mixture/10.0/3/5/5
10.0,3,6,1000,constant,0.012333333333333307,0.005216249850332533,0.019450416816334082,separated,60,0.95,mixture/10.0/3/5/6
10.0,3,7,1000,constant,0.0009333333333331195,-0.006529051911298822,0.008395718577965061,uncertain,60,0.95,mixture/10.0/3/5/7
10.0,3,8,1000,constant,-0.01780000000000015,-0.024544999141316914,-0.011055000858683384,nonseparated,60,0.95,mixture/10.0/3/5/8
10.0,3,9,1000,constant,0.0002666666666666373,-0.006928075621808416,0.0070616782131036615,uncertain,60,0.95,mixture/10.0/3/5/9
10.0,3,10,1000,constant,0.006466666666666732,-0.0013105267291979583,0.014243860062531422,uncertain,60,0.95,mixture/10.0/3/5/10
10.0,3,11,1000,constant,-0.0004333333333332856,-0.008079564688954877,0.0072128980222883055,uncertain,60,0.95,mixture/10.0/3/5/11
10.0,3,12,1000,constant,0.008266666666666866,0.0015441487906433515,0.014989184542690381,separated,60,0.95,mixture/10.0/3/5/12
10.0,3,13,1000,constant,-0.0014333333333331755,-0.009234330487804088,0.006367663821137737,uncertain,60,0.95,mixture/10.0/3/5/13
10.0,3,14,1000,constant,-0.007866666666666688,-0.01636473901691282,0.0006314056835794446,uncertain,60,0.95,mixture/10.0/3/5/14
10.0,3,15,1000,constant,0.00983333333333336,0.001999023807611744,0.017667642859054977,separated,60,0.95,mixture/10.0/3/5/15
10.0,3,16,1000,constant,0.005633333333333268,-0.0016175459334117903,0.012884212600078326,uncertain,60,0.95,mixture/10.0/3/5/16
10.0,3,17,1000,constant,0.0006666666666664822,-0.006421065353289346,0.00775439868662231,uncertain,60,0.95,mixture/10.0/3/5/17
10.0,3,18,1000,constant,-0.008433333333333293,-0.01567698134557316,-0.0011896853210934255,nonseparated,60,0.95,mixture/10.0/3/5/18
10.0,3,19,1000,constant,0.006066666666666665,-0.0006049563058549978,0.012738289639188327,uncertain,60,0.95,mixture/10.0/3/5/19
10.0,3,20,1000,constant,-0.01003333333333345,-0.017464990096085375,-0.0026016765705815237,nonseparated,60,0.95,mixture/10.0/3/5/20
10.0,3,21,1000,constant,-0.003666666666666374,-0.010915779692048266,0.0035824463587155186,uncertain,60,0.95,mixture/10.0/3/5/21
10.0,3,22,1000,constant,0.008233333333333315,0.001321051723270128,0.015145614943396501,separated,60,0.95,mixture/10.0/3/5/22
10.0,3,23,1000,constant,0.007133333333333214,-3.439759658763197e-05,0.01430106426325406,uncertain,60,0.95,mixture/10.0/3/5/23
10.0,3,24,1000,constant,-0.013433333333333186,-0.021372688028373332,-0.00549397863829304,nonseparated,60,0.95,mixture/10.0/3/5/24
10.0,3,25,1000,constant,-0.008500000000000063,-0.015323288812735703,-0.0016767111872644236,nonseparated,60,0.95,mixture/10.0/3/5/25
10.0,3,26,1000,constant,-0.0022999999999999687,-0.010235379234364128,0.005635379234364191,uncertain,60,0.95,mixture/10.0/3/5/26
10.0,3,27,1000,constant,0.0004333333333332856,-0.0071209964665875924,0.007987663133254164,uncertain,60,0.95,mixture/10.0/3/5/27
10.0,3,28,1000,constant,0.008633333333333493,0.0015836738108124804,0.01545832792124513,separated,60,0.95,mixture/10.0/3/5/28
10.0,3,29,1000,constant,0.003533333333333055,-0.0036790622426037256,0.010745728909269836,uncertain,60,0.95,mixture/10.0/3/5/29
10.0,4,0,1000,constant,0.0022333333333333094,-0.005621127683192562,0.01008779434985918,uncertain,60,0.95,mixture/10.0/4/5/0
10.0,4,1,1000,constant,-0.0076666666666664884,-0.014421408638763622,-0.0009119246945693549,nonseparated,60,0.95,mixture/10.0/4/5/1
10.0,4,2,1000,constant,-0.0027333333333334764,-0.011137200217839482,0.00567053355117253,uncertain,60,0.95,mixture/10.0/4/5/2
10.0,4,3,1000,constant,0.004133333333333322,-0.0030394300498106652,0.01130609671647731,uncertain,60,0.95,mixture/10.0/4/5/3
10.0,4,4,1000,constant,-0.0031333333333333213,-0.010341629230271598,0.004074962563604956,uncertain,60,0.95,mixture/10.0/4/5/4
10.0,4,5,1000,constant,-0.015733333333333377,-0.023986098914454357,-0.007480567752212397,nonseparated,60,0.95,mixture/10.0/4/5/5
10.0,4,6,1000,constant,-0.00876666666666659,-0.01646106187393026,-0.0010722714594029181,nonseparated,60,0.95,mixture/10.0/4/5/6
10.0,4,7,1000,constant,-0.011366666666666636,-0.019946090530248317,-0.002787242803084955,nonseparated,60,0.95,mixture/10.0/4/5/7
10.0,4,8,1000,constant,0.005733333333333257,-0.0017573232523521165,0.01322398991901863,uncertain,60,0.95,mixture/10.0/4/5/8
10.0,4,9,1000,constant,-0.010533333333333172,-0.01851577567472662,-0.002550890991939725,nonseparated,60,0.95,mixture/10.0/4/5/9
10.0,4,10,1000,constant,-0.019133333333333336,-0.02706738649236251,-0.01119928017430416,nonseparated,60,0.95,mixture/10.0/4/5/10
10.0,4,11,1000,constant,-0.0027333333333332543,-0.011359601014555576,0.005892934347889067,uncertain,60,0.95,mixture/10.0/4/5/11
10.0,4,12,1000,constant,0.002266666666666972,-0.005659766247431031,0.010193099580764975,uncertain,60,0.95,mixture/10.0/4/5/12
10.0,4,13,1000,constant,-0.00020000000000031104,-0.007519640797875038,0.007119640797874416,uncertain,60,0.95,mixture/10.0/4/5/13
10.0,4,14,1000,constant,0.008366666666666633,0.000503631428643514,0.016229701904689753,separated,60,0.95,mixture/10.0/4/5/14
10.0,4,15,1000,constant,-0.0033333333333335213,-0.011996778593042268,0.005330111926375225,uncertain,60,0.95,mixture/10.0/4/5/15
10.0,4,16,1000,constant,-0.030566666666666853,-0.03891982331029242,-0.022213510023041283,nonseparated,60,0.95,mixture/10.0/4/5/16
10.0,4,17,1000,constant,-0.011700000000000155,-0.019674020627977518,-0.003725979372022792,nonseparated,60,0.95,mixture/10.0/4/5/17
10.0,4,18,1000,constant,-0.025766666666666715,-0.03391803013101635,-0.01761530320231708,nonseparated,60,0.95,mixture/10.0/4/5/18
10.0,4,19,1000,constant,-0.0010999999999999899,-0.008435516001826349,0.006235516001826369,uncertain,60,0.95,mixture/10.0/4/5/19
10.0,4,20,1000,constant,-0.005933333333333346,-0.013690898121475503,0.0018242314548088112,uncertain,60,0.95,mixture/10.0/4/5/20
10.0,4,21,1000,constant,-0.015566666666666618,-0.02364195083666898,-0.007491382496664256,nonseparated,60,0.95,mixture/10.0/4/5/21
10.0,4,22,1000,constant,-0.01880000000000004,-0.02687580097494857,-0.010724199025051506,nonseparated,60,0.95,mixture/10.0/4/5/22
10.0,4,23,1000,constant,-0.0005333333333331636,-0.009057253246694486,0.007990586580028158,uncertain,60,0.95,mixture/10.0/4/5/23
10.0,4,24,1000,constant,-0.009733333333333372,-0.018017231624202323,-0.0014494350424644198,nonseparated,60,0.95,mixture/10.0/4/5/24
10.0,4,25,1000,constant,-0.004833333333333467,-0.01291509274935343,0.0032484260826864952,uncertain,60,0.95,mixture/10.0/4/5/25
10.0,4,26,1000,constant,0.0043999999999999595,-0.0038584763695748148,0.012658476369574734,uncertain,60,0.95,mixture/10.0/4/5/26
10.0,4,27,1000,constant,-0.011933333333333351,-0.020871535166055,-0.002995131500611703,nonseparated,60,0.95,mixture/10.0/4/5/27
10.0,4,28,1000,constant,0.007833333333333248,0.0004390958008311241,0.015227570865835371,separated,60,0.95,mixture/10.0/4/5/28
10.0,4,29,1000,constant,-0.008500000000000285,-0.016142578476405323,-0.0020310994064859367,nonseparated,60,0.95,mixture/10.0/4/5/29
10.0,5,0,1000,constant,-0.00043333333333339663,-0.009256824288444765,0.008390157621777972,uncertain,60,0.95,mixture/10.0/5/5/0
10.0,5,1,1000,constant,-0.020666666666666722,-0.029652832198651335,-0.011680501134682109,nonseparated,60,0.95,mixture/10.0/5/5/1
10.0,5,2,1000,constant,-0.0008666666666666822,-0.008653158168300812,0.006919824834967447,uncertain,60,0.95,mixture/10.0/5/5/2
10.0,5,3,1000,constant,-0.004666666666666597,-0.012768917578879435,0.0034355842455462415,uncertain,60,0.95,mixture/10.0/5/5/3
10.0,5,4,1000,constant,-0.010633333333333272,-0.01874918658581526,-0.0025174800808512865,nonseparated,60,0.95,mixture/10.0/5/5/4
10.0,5,5,1000,constant,0.0032333333333335323,-0.004996839486231641,0.011463506152898706,uncertain,60,0.95,mixture/10.0/5/5/5
10.0,5,6,1000,constant,-0.01203333333333323,-0.020135925367464114,-0.003930741299202345,nonseparated,60,0.95,mixture/10.0/5/5/6
10.0,5,7,1000,constant,-0.0006666666666668153,-0.008928067090455905,0.007594733757122274,uncertain,60,0.95,mixture/10.0/5/5/7
10.0,5,8,1000,constant,0.007933333333333459,-0.00033194251537060904,0.016198609182037527,uncertain,60,0.95,mixture/10.0/5/5/8
10.0,5,9,1000,constant,0.0,-0.00854177750238283,0.00843695879466222,uncertain,60,0.95,mixture/10.0/5/5/9
10.0,5,10,1000,constant,-0.013666666666666494,-0.02244540596705691,-0.004887927366276079,nonseparated,60,0.95,mixture/10.0/5/5/10
10.0,5,11,1000,constant,-0.006366666666666632,-0.013843232660949223,0.0011098993276159597,uncertain,60,0.95,mixture/10.0/5/5/11
10.0,5,12,1000,constant,-0.014000000000000012,-0.022192225650427444,-0.005807774349572581,nonseparated,60,0.95,mixture/10.0/5/5/12
10.0,5,13,1000,constant,-0.008199999999999985,-0.01577842753835612,-0.0006215724616438489,nonseparated,60,0.95,mixture/10.0/5/5/13
10.0,5,14,1000,constant,-0.0076666666666669325,-0.015230277489318267,-0.0001030558440155982,nonseparated,60,0.95,mixture/10.0/5/5/14
10.0,5,15,1000,constant,-0.005099999999999993,-0.013132302612599012,0.002932302612599025,uncertain,60,0.95,mixture/10.0/5/5/15
10.0,5,16,1000,constant,-0.00759999999999994,-0.01481737275604078,-0.0003826272439590994,nonseparated,60,0.95,mixture/10.0/5/5/16
10.0,5,17,1000,constant,-0.008299999999999863,-0.01677991958728653,0.00017991958728680313,uncertain,60,0.95,mixture/10.0/5/5/17
10.0,5,18,1000,constant,-0.020433333333333525,-0.02881542924157543,-0.012051237425091621,nonseparated,60,0.95,mixture/10.0/5/5/18
10.0,5,19,1000,constant,-0.011699999999999822,-0.020191897671580916,-0.003208102328418727,nonseparated,60,0.95,mixture/10.0/5/5/19
10.0,5,20,1000,constant,-0.015833333333333366,-0.024138662485685636,-0.007790825239921362,nonseparated,60,0.95,mixture/10.0/5/5/20
10.0,5,21,1000,constant,-0.0041999999999998705,-0.012455752474676896,0.0040557524746771545,uncertain,60,0.95,mixture/10.0/5/5/21
10.0,5,22,1000,constant,-0.00653333333333328,-0.015167859678589801,0.0021011930119232414,uncertain,60,0.95,mixture/10.0/5/5/22
10.0,5,23,1000,constant,0.002866666666666795,-0.006214102124272647,0.01194582440157721,uncertain,60,0.95,mixture/10.0/5/5/23
10.0,5,24,1000,constant,0.010166666666666324,0.0020191067489877534,0.018314226584344895,separated,60,0.95,mixture/10.0/5/5/24
10.0,5,25,1000,constant,-0.005166666666666653,-0.014438935221800953,0.004105601888467647,uncertain,60,0.95,mixture/10.0/5/5/25
10.0,5,26,1000,constant,-0.016900000000000137,-0.025004714695055275,-0.008795285304945,nonseparated,60,0.95,mixture/10.0/5/5/26
10.0,5,27,1000,constant,0.005733333333333368,-0.0024372752922743324,0.013903941958941068,uncertain,60,0.95,mixture/10.0/5/5/27
10.0,5,28,1000,constant,0.004766666666666808,-0.0042007310414217125,0.013523936587520713,uncertain,60,0.95,mixture/10.0/5/5/28
10.0,5,29,1000,constant,0.000500000000000167,-0.007348496322186593,0.008348496322186927,uncertain,60,0.95,mixture/10.0/5/5/29
10.0,6,0,1000,constant,-0.019166666666666554,-0.028429052582372938,-0.00990428075096017,nonseparated,60,0.95,mixture/10.0/6/5/0
10.0,6,1,1000,constant,-0.027133333333333343,-0.036006667703031736,-0.01825999896363495,nonseparated,60,0.95,mixture/10.0/6/5/1
10.0,6,2,1000,constant,-0.030033333333333356,-0.03887350222633568,-0.021193164440331036,nonseparated,60,0.95,mixture/10.0/6/5/2
10.0,6,3,1000,constant,-0.021099999999999897,-0.02946847959012522,-0.012731520409874575,nonseparated,60,0.95,mixture/10.0/6/5/3
10.0,6,4,1000,constant,-0.013833333333333475,-0.022232660152997408,-0.005434006513669543,nonseparated,60,0.95,mixture/10.0/6/5/4
10.0,6,5,1000,constant,-0.01513333333333311,-0.02468577699693042,-0.0055808896697358,nonseparated,60,0.95,mixture/10.0/6/5/5
10.0,6,6,1000,constant,-0.016533333333333067,-0.02491496332078591,-0.008151703345880223,nonseparated,60,0.95,mixture/10.0/6/5/6
10.0,6,7,1000,constant,-0.020499999999999963,-0.028767263194618642,-0.012232736805381283,nonseparated,60,0.95,mixture/10.0/6/5/7
10.0,6,8,1000,constant,-0.02963333333333318,-0.036656010802673555,-0.0226106558639928,nonseparated,60,0.95,mixture/10.0/6/5/8
10.0,6,9,1000,constant,-0.0033333333333334103,-0.012142067681610413,0.005475401014943593,uncertain,60,0.95,mixture/10.0/6/5/9
10.0,6,10,1000,constant,-0.021166666666666667,-0.028247910591386205,-0.014085422741947129,nonseparated,60,0.95,mixture/10.0/6/5/10
10.0,6,11,1000,constant,0.0045000000000001705,-0.004784468485514393,0.013784468485514734,uncertain,60,0.95,mixture/10.0/6/5/11
10.0,6,12,1000,constant,-0.0037333333333332552,-0.013080737167958212,0.005614070501291701,uncertain,60,0.95,mixture/10.0/6/5/12
10.0,6,13,1000,constant,-0.016333333333333422,-0.0251164959725656,-0.007550170694101244,nonseparated,60,0.95,mixture/10.0/6/5/13
10.0,6,14,1000,constant,-0.004933333333333234,-0.014814870235476008,0.0045465012824824624,uncertain,60,0.95,mixture/10.0/6/5/14
10.0,6,15,1000,constant,-0.0026333333333333764,-0.00988620763185133,0.0046195409651845765,uncertain,60,0.95,mixture/10.0/6/5/15
10.0,6,16,1000,constant,-0.01106666666666678,-0.020936682150163644,-0.0017202507878135709,nonseparated,60,0.95,mixture/10.0/6/5/16
10.0,6,17,1000,constant,-0.01766666666666672,-0.026184589324996566,-0.009148744008336873,nonseparated,60,0.95,mixture/10.0/6/5/17
10.0,6,18,1000,constant,0.002966666666666784,-0.005177793684071674,0.011111127017405242,uncertain,60,0.95,mixture/10.0/6/5/18
10.0,6,19,1000,constant,-0.015766666666666707,-0.024875306430080846,-0.006658026903252567,nonseparated,60,0.95,mixture/10.0/6/5/19
10.0,6,20,1000,constant,-0.0011333333333333195,-0.010183121825336539,0.0079164551586699,uncertain,60,0.95,mixture/10.0/6/5/20
10.0,6,21,1000,constant,-0.0034999999999997256,-0.011881163668931438,0.004526419443701801,uncertain,60,0.95,mixture/10.0/6/5/21
10.0,6,22,1000,constant,0.004133333333333433,-0.00492908256448743,0.013195749231154297,uncertain,60,0.95,mixture/10.0/6/5/22
10.0,6,23,1000,constant,-0.0118999999999998,-0.020734239564342727,-0.0035975445230636005,nonseparated,60,0.95,mixture/10.0/6/5/23
10.0,6,24,1000,constant,-0.0018666666666667941,-0.01114792864363534,0.0074145953103017526,uncertain,60,0.95,mixture/10.0/6/5/24
10.0,6,25,1000,constant,-0.008533333333333282,-0.017730696491987552,0.0006640298253209886,uncertain,60,0.95,mixture/10.0/6/5/25
10.0,6,26,1000,constant,0.005066666666666775,-0.004272370582012575,0.014379136797067704,uncertain,60,0.95,mixture/10.0/6/5/26
10.0,6,27,1000,constant,-0.014033333333333342,-0.023453010109244388,-0.0046136565574222965,nonseparated,60,0.95,mixture/10.0/6/5/27
10.0,6,28,1000,constant,-0.01286666666666647,-0.022145178658736886,-0.0035881546745960557,nonseparated,60,0.95,mixture/10.0/6/5/28
10.0,6,29,1000,constant,-0.023499999999999743,-0.03140523136568041,-0.015594768634319078,nonseparated,60,0.95,mixture/10.0/6/5/29
10.0,7,0,1000,constant,-0.0023999999999997357,-0.011176777538062233,0.006376777538062761,uncertain,60,0.95,mixture/10.0/7/5/0
10.0,7,1,1000,constant,-0.02203333333333346,-0.031562179255029466,-0.012504487411637455,nonseparated,60,0.95,mixture/10.0/7/5/1
10.0,7,2,1000,constant,-0.014933333333333132,-0.0240950257185798,-0.005771640948086465,nonseparated,60,0.95,mixture/10.0/7/5/2
10.0,7,3,1000,constant,-0.009499999999999842,-0.018399806814313302,-0.0006001931856863818,nonseparated,60,0.95,mixture/10.0/7/5/3
10.0,7,4,1000,constant,-0.02203333333333335,-0.031140986208251675,-0.012925680458415023,nonseparated,60,0.95,mixture/10.0/7/5/4
10.0,7,5,1000,constant,-0.013466666666666627,-0.02322651089648453,-0.003769511135271464,nonseparated,60,0.95,mixture/10.0/7/5/5
10.0,7,6,1000,constant,-0.012800000000000034,-0.022296803265276277,-0.00330319673472379,nonseparated,60,0.95,mixture/10.0/7/5/6
10.0,7,7,1000,constant,-0.000600000000000156,-0.008923585372161758,0.007723585372161446,uncertain,60,0.95,mixture/10.0/7/5/7
10.0,7,8,1000,constant,-0.0030333333333334433,-0.011972185476743613,0.005905518810076726,uncertain,60,0.95,mixture/10.0/7/5/8
10.0,7,9,1000,constant,-0.006066666666666998,-0.01423058440538727,0.0020972510720532744,uncertain,60,0.95,mixture/10.0/7/5/9
10.0,7,10,1000,constant,-0.017099999999999782,-0.027225385284594172,-0.006974614715405392,nonseparated,60,0.95,mixture/10.0/7/5/10
10.0,7,11,1000,constant,-0.006866666666666799,-0.01573701775129932,0.001254231163923647,uncertain,60,0.95,mixture/10.0/7/5/11
10.0,7,12,1000,constant,-0.01856666666666662,-0.02699620047505935,-0.01013713285827389,nonseparated,60,0.95,mixture/10.0/7/5/12
10.0,7,13,1000,constant,0.0025000000000000577,-0.0066915921430710235,0.011691592143071139,uncertain,60,0.95,mixture/10.0/7/5/13
10.0,7,14,1000,constant,-0.016100000000000003,-0.024883954257363894,-0.0073160457426361125,nonseparated,60,0.95,mixture/10.0/7/5/14
10.0,7,15,1000,constant,-0.04073333333333329,-0.050578133922005164,-0.030888532744661412,nonseparated,60,0.95,mixture/10.0/7/5/15
10.0,7,16,1000,constant,-0.008133333333333437,-0.016758775006940452,0.0004921083402735782,uncertain,60,0.95,mixture/10.0/7/5/16
10.0,7,17,1000,constant,-0.003933333333333344,-0.012323501989399466,0.004456835322732777,uncertain,60,0.95,mixture/10.0/7/5/17
10.0,7,18,1000,constant,-0.012433333333333407,-0.02137957826689929,-0.003487088399767524,nonseparated,60,0.95,mixture/10.0/7/5/18
10.0,7,19,1000,constant,-0.009399999999999964,-0.018501485102542792,-0.00040950713924603477,nonseparated,60,0.95,mixture/10.0/7/5/19
10.0,7,20,1000,constant,-0.01670000000000016,-0.02525650762787246,-0.008143492372127858,nonseparated,60,0.95,mixture/10.0/7/5/20
10.0,7,21,1000,constant,-0.04386666666666683,-0.05252909256111726,-0.0352042407722164,nonseparated,60,0.95,mixture/10.0/7/5/21
10.0,7,22,1000,constant,-0.008366666666666744,-0.01716659966289258,0.00043326632955908995,uncertain,60,0.95,mixture/10.0/7/5/22
10.0,7,23,1000,constant,-0.027900000000000147,-0.03613108236869189,-0.019668917631308402,nonseparated,60,0.95,mixture/10.0/7/5/23
10.0,7,24,1000,constant,-0.01203333333333334,-0.021503770945869305,-0.0025628957207973757,nonseparated,60,0.95,mixture/10.0/7/5/24
10.0,7,25,1000,constant,-0.010466666666666624,-0.019254279868301416,-0.0016790534650318323,nonseparated,60,0.95,mixture/10.0/7/5/25
10.0,7,26,1000,constant,-0.012300000000000089,-0.020103144444321597,-0.0044968555556785805,nonseparated,60,0.95,mixture/10.0/7/5/26
10.0,7,27,1000,constant,-0.03669999999999962,-0.045399976576843803,-0.02800002342315544,nonseparated,60,0.95,mixture/10.0/7/5/27
10.0,7,28,1000,constant,-0.006966666666666788,-0.015906475391507247,0.0019731420581736714,uncertain,60,0.95,mixture/10.0/7/5/28
10.0,7,29,1000,constant,-0.023633333333333395,-0.032312909755885744,-0.014975667113608981,nonseparated,60,0.95,mixture/10.0/7/5/29
10.0,8,0,1000,constant,-0.023633333333333062,-0.03301155161830738,-0.014255115048358746,nonseparated,60,0.95,mixture/10.0/8/5/0
10.0,8,1,1000,constant,-0.02419999999999989,-0.033331138459966825,-0.015068861540032952,nonseparated,60,0.95,mixture/10.0/8/5/1
10.0,8,2,1000,constant,-0.010100000000000109,-0.019224435692963948,-0.001746651620723405,nonseparated,60,0.95,mixture/10.0/8/5/2
10.0,8,3,1000,constant,-0.03490000000000004,-0.044129295545884184,-0.0256707044541159,nonseparated,60,0.95,mixture/10.0/8/5/3
10.0,8,4,1000,constant,-0.014799999999999924,-0.023688948545919297,-0.0059110514540805514,nonseparated,60,0.95,mixture/10.0/8/5/4
10.0,8,5,1000,constant,-0.02516666666666656,-0.03457538407916516,-0.015757949254167958,nonseparated,60,0.95,mixture/10.0/8/5/5
10.0,8,6,1000,constant,-0.0042000000000000925,-0.013354953060698782,0.004954953060698597,uncertain,60,0.95,mixture/10.0/8/5/6
10.0,8,7,1000,constant,-0.01566666666666705,-0.0246064274793254,-0.006726905854008702,nonseparated,60,0.95,mixture/10.0/8/5/7
10.0,8,8,1000,constant,-0.0074666666666667325,-0.016015779567890465,0.0010824462345569996,uncertain,60,0.95,mixture/10.0/8/5/8
10.0,8,9,1000,constant,-0.014766666666666817,-0.023538272198447285,-0.005995061134886348,nonseparated,60,0.95,mixture/10.0/8/5/9
10.0,8,10,1000,constant,-0.010200000000000098,-0.018829574285469053,-0.0018050635077474508,nonseparated,60,0.95,mixture/10.0/8/5/10
10.0,8,11,1000,constant,-0.025733333333333608,-0.034044563744901835,-0.01742210292176538,nonseparated,60,0.95,mixture/10.0/8/5/11
10.0,8,12,1000,constant,-0.01533333333333331,-0.02355539986263011,-0.007111266804036509,nonseparated,60,0.95,mixture/10.0/8/5/12
10.0,8,13,1000,constant,-0.010299999999999976,-0.018994200977854314,-0.0016057990221456375,nonseparated,60,0.95,mixture/10.0/8/5/13
10.0,8,14,1000,constant,-0.012800000000000034,-0.020844083914500544,-0.005483764859103846,nonseparated,60,0.95,mixture/10.0/8/5/14
10.0,8,15,1000,constant,-0.01866666666666661,-0.027856356565481688,-0.00947697676785153,nonseparated,60,0.95,mixture/10.0/8/5/15
10.0,8,16,1000,constant,-0.004899999999999904,-0.013597536415469125,0.003797536415469316,uncertain,60,0.95,mixture/10.0/8/5/16
10.0,8,17,1000,constant,-0.021333333333333537,-0.030348624028578963,-0.012425086181626854,nonseparated,60,0.95,mixture/10.0/8/5/17
10.0,8,18,1000,constant,-0.01636666666666653,-0.025411029207884406,-0.007322304125448653,nonseparated,60,0.95,mixture/10.0/8/5/18
10.0,8,19,1000,constant,-0.023733333333333162,-0.03349216973615543,-0.014146043754231674,nonseparated,60,0.95,mixture/10.0/8/5/19
10.0,8,20,1000,constant,-0.004833333333333134,-0.015042942210231391,0.00521885054327953,uncertain,60,0.95,mixture/10.0/8/5/20
10.0,8,21,1000,constant,-0.02736666666666654,-0.03652086122196507,-0.018212472111368005,nonseparated,60,0.95,mixture/10.0/8/5/21
10.0,8,22,1000,constant,-0.0041999999999999815,-0.013697812631822348,0.004684906406058675,uncertain,60,0.95,mixture/10.0/8/5/22
10.0,8,23,1000,constant,-0.00790000000000013,-0.017100646189602164,0.0013006461896019061,uncertain,60,0.95,mixture/10.0/8/5/23
10.0,8,24,1000,constant,-0.04129999999999989,-0.05064218833083878,-0.03195781166916101,nonseparated,60,0.95,mixture/10.0/8/5/24
10.0,8,25,1000,constant,-0.026966666666666583,-0.035881752324071314,-0.018051581009261852,nonseparated,60,0.95,mixture/10.0/8/5/25
10.0,8,26,1000,constant,-0.02860000000000007,-0.037806853769696724,-0.019393146230303415,nonseparated,60,0.95,mixture/10.0/8/5/26
10.0,8,27,1000,constant,-0.023833333333333373,-0.03292652903731352,-0.014740137629353223,nonseparated,60,0.95,mixture/10.0/8/5/27
10.0,8,28,1000,constant,-0.005666666666667042,-0.015127156925840546,0.0037938235925064623,uncertain,60,0.95,mixture/10.0/8/5/28
10.0,8,29,1000,constant,-0.01110000000000011,-0.020277101020989452,-0.0019228989790107676,nonseparated,60,0.95,mixture/10.0/8/5/29
10.0,9,0,1000,constant,-0.024433333333333307,-0.03410192556890801,-0.014764741097758605,nonseparated,60,0.95,mixture/10.0/9/5/0
10.0,9,1,1000,constant,-0.017166666666666663,-0.02596877924910479,-0.008364554084228537,nonseparated,60,0.95,mixture/10.0/9/5/1
10.0,9,2,1000,constant,-0.009099999999999997,-0.018548399013719297,0.0003483990137193027,uncertain,60,0.95,mixture/10.0/9/5/2
10.0,9,3,1000,constant,-0.012766666666666482,-0.02152631182767961,-0.004007021505653352,nonseparated,60,0.95,mixture/10.0/9/5/3
10.0,9,4,1000,constant,-0.015933333333333355,-0.025285620781967166,-0.006585026349664402,nonseparated,60,0.95,mixture/10.0/9/5/4
10.0,9,5,1000,constant,-0.012833333333333252,-0.02250988540277976,-0.003156781263886743,nonseparated,60,0.95,mixture/10.0/9/5/5
10.0,9,6,1000,constant,-0.009733333333333372,-0.019449882497737714,-3.451022904121803e-05,nonseparated,60,0.95,mixture/10.0/9/5/6
10.0,9,7,1000,constant,-0.0122000000000001,-0.021739943001882533,-0.002660056998117666,nonseparated,60,0.95,mixture/10.0/9/5/7
10.0,9,8,1000,constant,-0.015066666666666784,-0.024318123114339563,-0.005815210218994005,nonseparated,60,0.95,mixture/10.0/9/5/8
10.0,9,9,1000,constant,-0.011633333333333606,-0.020688978069225872,-0.002577688597441341,nonseparated,60,0.95,mixture/10.0/9/5/9
10.0,9,10,1000,constant,-0.012666666666666493,-0.022933476556331045,-0.0023998567770019408,nonseparated,60,0.95,mixture/10.0/9/5/10
10.0,9,11,1000,constant,-0.02726666666666655,-0.036910550357507343,-0.017622782975825757,nonseparated,60,0.95,mixture/10.0/9/5/11
10.0,9,12,1000,constant,-0.014066666666666672,-0.023228162013547937,-0.004999568264424714,nonseparated,60,0.95,mixture/10.0/9/5/12
10.0,9,13,1000,constant,-0.01323333333333332,-0.022909214155095836,-0.0035574525115708022,nonseparated,60,0.95,mixture/10.0/9/5/13
10.0,9,14,1000,constant,-0.01863333333333317,-0.028475953883455807,-0.00879071278321053,nonseparated,60,0.95,mixture/10.0/9/5/14
10.0,9,15,1000,constant,-0.024699999999999833,-0.03481438197507958,-0.014585618024920088,nonseparated,60,0.95,mixture/10.0/9/5/15
10.0,9,16,1000,constant,-0.013933333333333353,-0.02331690557150745,-0.004549761095159255,nonseparated,60,0.95,mixture/10.0/9/5/16
10.0,9,17,1000,constant,-0.011866666666666692,-0.021521372520232007,-0.0028929706052637227,nonseparated,60,0.95,mixture/10.0/9/5/17
10.0,9,18,1000,constant,-0.02416666666666667,-0.03298164580543017,-0.015351687527903168,nonseparated,60,0.95,mixture/10.0/9/5/18
10.0,9,19,1000,constant,-0.009833333333333139,-0.020403648699028443,-0.0006485109297853509,nonseparated,60,0.95,mixture/10.0/9/5/19
10.0,9,20,1000,constant,-0.012466666666666626,-0.021276995965156198,-0.003656337368177054,nonseparated,60,0.95,mixture/10.0/9/5/20
10.0,9,21,1000,constant,-0.012399999999999967,-0.022031315612253244,-0.004006569446075026,nonseparated,60,0.95,mixture/10.0/9/5/21
10.0,9,22,1000,constant,-0.018266666666666875,-0.027076550134125243,-0.009456783199208507,nonseparated,60,0.95,mixture/10.0/9/5/22
10.0,9,23,1000,constant,-0.023900000000000143,-0.03265731947533246,-0.015142680524667829,nonseparated,60,0.95,mixture/10.0/9/5/23
10.0,9,24,1000,constant,-0.03976666666666662,-0.04884995528191938,-0.030683378051413857,nonseparated,60,0.95,mixture/10.0/9/5/24
10.0,9,25,1000,constant,-0.02939999999999987,-0.03891370511120673,-0.01988629488879301,nonseparated,60,0.95,mixture/10.0/9/5/25
10.0,9,26,1000,constant,-0.019766666666666488,-0.029423870836621124,-0.010595983191370562,nonseparated,60,0.95,mixture/10.0/9/5/26
10.0,9,27,1000,constant,-0.01753333333333329,-0.0258452200916105,-0.00922144657505608,nonseparated,60,0.95,mixture/10.0/9/5/27
10.0,9,28,1000,constant,-0.005133333333333323,-0.013775299477678526,0.0035086328110118803,uncertain,60,0.95,mixture/10.0/9/5/28
10.0,9,29,1000,constant,-0.018433333333333524,-0.027816651189580544,-0.009050015477086504,nonseparated,60,0.95,mixture/10.0/9/5/29
10.0,10,0,1000,constant,-0.042100000000000026,-0.05094857073264103,-0.03325142926735902,nonseparated,60,0.95,mixture/10.0/10/5/0
10.0,10,1,1000,constant,-0.024533333333333185,-0.03522619549252848,-0.013840471174137892,nonseparated,60,0.95,mixture/10.0/10/5/1
10.0,10,2,1000,constant,-0.01880000000000004,-0.027507473814180283,-0.010092526185819795,nonseparated,60,0.95,mixture/10.0/10/5/2
10.0,10,3,1000,constant,-0.007033333333333336,-0.01606343377563857,0.0019967671089718975,uncertain,60,0.95,mixture/10.0/10/5/3
10.0,10,4,1000,constant,-0.008233333333333315,-0.018226655873025632,0.0016592458098181329,uncertain,60,0.95,mixture/10.0/10/5/4
10.0,10,5,1000,constant,-0.010199999999999765,-0.01837628229425281,-0.002335965821771757,nonseparated,60,0.95,mixture/10.0/10/5/5
10.0,10,6,1000,constant,-0.03873333333333351,-0.048523872797748946,-0.02894279386891807,nonseparated,60,0.95,mixture/10.0/10/5/6
10.0,10,7,1000,constant,-0.017599999999999838,-0.027158949331600013,-0.008041050668399663,nonseparated,60,0.95,mixture/10.0/10/5/7
10.0,10,8,1000,constant,-0.01880000000000004,-0.027821500420734502,-0.009778499579265576,nonseparated,60,0.95,mixture/10.0/10/5/8
10.0,10,9,1000,constant,-0.005033333333333445,-0.015202155110536908,0.005135488443870018,uncertain,60,0.95,mixture/10.0/10/5/9
10.0,10,10,1000,constant,-0.009900000000000131,-0.01863567061691651,-0.0011643293830837509,nonseparated,60,0.95,mixture/10.0/10/5/10
10.0,10,11,1000,constant,-0.01419999999999988,-0.023427248741265005,-0.004972751258734753,nonseparated,60,0.95,mixture/10.0/10/5/11
10.0,10,12,1000,constant,-0.03283333333333305,-0.04235460648944811,-0.023312060177217986,nonseparated,60,0.95,mixture/10.0/10/5/12
10.0,10,13,1000,constant,-0.006966666666666899,-0.015670649904208078,0.001737316570874281,uncertain,60,0.95,mixture/10.0/10/5/13
10.0,10,14,1000,constant,-0.015666666666666607,-0.024956490371492945,-0.006376842961840268,nonseparated,60,0.95,mixture/10.0/10/5/14
10.0,10,15,1000,constant,-0.01729999999999976,-0.028007414289813015,-0.006592585710186505,nonseparated,60,0.95,mixture/10.0/10/5/15
10.0,10,16,1000,constant,-0.022499999999999964,-0.03215678716486181,-0.012843212835138118,nonseparated,60,0.95,mixture/10.0/10/5/16
10.0,10,17,1000,constant,-0.03293333333333337,-0.04331297015823077,-0.022553696508435972,nonseparated,60,0.95,mixture/10.0/10/5/17
10.0,10,18,1000,constant,-0.0045999999999999375,-0.015470523995910868,0.006270523995910993,uncertain,60,0.95,mixture/10.0/10/5/18
10.0,10,19,1000,constant,-0.031299999999999994,-0.04009425277322687,-0.02250574722677312,nonseparated,60,0.95,mixture/10.0/10/5/19
10.0,10,20,1000,constant,-0.01956666666666651,-0.02842496101391656,-0.01070837231941646,nonseparated,60,0.95,mixture/10.0/10/5/20
10.0,10,21,1000,constant,-0.026966666666666694,-0.036531981798503144,-0.017401351534830245,nonseparated,60,0.95,mixture/10.0/10/5/21
10.0,10,22,1000,constant,-0.02969999999999995,-0.03992988686996013,-0.019470113130039768,nonseparated,60,0.95,mixture/10.0/10/5/22
10.0,10,23,1000,constant,-0.01663333333333339,-0.026591989194472587,-0.00667467747219419,nonseparated,60,0.95,mixture/10.0/10/5/23
10.0,10,24,1000,constant,-0.006233333333333313,-0.01667571964798842,0.0038766776109372403,uncertain,60,0.95,mixture/10.0/10/5/24
10.0,10,25,1000,constant,-0.02853333333333341,-0.03831310426205681,-0.018753562404610014,nonseparated,60,0.95,mixture/10.0/10/5/25
10.0,10,26,1000,constant,-0.011699999999999933,-0.021838173159274055,-0.0015618268407258107,nonseparated,60,0.95,mixture/10.0/10/5/26
10.0,10,27,1000,constant,-0.03643333333333321,-0.046796922971210964,-0.02606974369545545,nonseparated,60,0.95,mixture/10.0/10/5/27
10.0,10,28,1000,constant,-0.009933333333333239,-0.019631062559983814,-0.0012998924215079644,nonseparated,60,0.95,mixture/10.0/10/5/28
10.0,10,29,1000,constant,-0.010800000000000032,-0.019562774268363614,-0.0020372257316364495,nonseparated,60,0.95,mixture/10.0/10/5/29
