alpha,K,mixture_id,dataset_id,n,N,d,cost_scheme,rule,threshold,k_hat,k_correct,exact_recovery,mixture_key
0.2,2,0,0,1000,800,5,constant,safeguard,0.25029582497516817,2,1,1,mixture/0.2/2/5/0
0.2,2,0,0,1000,800,5,constant,asw-pam,,2,1,1,mixture/0.2/2/5/0
0.2,2,1,0,1000,800,5,constant,safeguard,0.18024427868867288,2,1,1,mixture/0.2/2/5/1
0.2,2,1,0,1000,800,5,constant,asw-pam,,2,1,1,mixture/0.2/2/5/1
0.2,2,2,0,1000,800,5,constant,safeguard,0.468363393571843,2,1,1,mixture/0.2/2/5/2
0.2,2,2,0,1000,800,5,constant,asw-pam,,2,1,1,mixture/0.2/2/5/2
0.2,2,3,0,1000,800,5,constant,safeguard,0.21959895376262234,2,1,1,mixture/0.2/2/5/3
0.2,2,3,0,1000,800,5,constant,asw-pam,,2,1,1,mixture/0.2/2/5/3
0.2,2,4,0,1000,800,5,constant,safeguard,0.3940199977667886,2,1,1,mixture/0.2/2/5/4
0.2,2,4,0,1000,800,5,constant,asw-pam,,2,1,1,mixture/0.2/2/5/4
0.2,2,5,0,1000,800,5,constant,safeguard,0.14133647795243792,2,1,1,mixture/0.2/2/5/5
0.2,2,5,0,1000,800,5,constant,asw-pam,,2,1,1,mixture/0.2/2/5/5
0.2,2,6,0,1000,800,5,constant,safeguard,0.13690872872099863,2,1,1,mixture/0.2/2/5/6
0.2,2,6,0,1000,800,5,constant,asw-pam,,2,1,1,mixture/0.2/2/5/6
0.2,2,7,0,1000,800,5,constant,safeguard,0.13038687879655705,2,1,1,mixture/0.2/2/5/7
0.2,2,7,0,1000,800,5,constant,asw-pam,,2,1,1,mixture/0.2/2/5/7
0.2,2,8,0,1000,800,5,constant,safeguard,0.43462292932185675,2,1,1,mixture/0.2/2/5/8
0.2,2,8,0,1000,800,5,constant,asw-pam,,2,1,1,mixture/0.2/2/5/8
0.2,2,9,0,1000,800,5,constant,safeguard,0.2218864428643163,2,1,1,mixture/0.2/2/5/9
0.2,2,9,0,1000,800,5,constant,asw-pam,,2,1,1,mixture/0.2/2/5/9
0.2,2,10,0,1000,800,5,constant,safeguard,0.11320777358467912,2,1,1,mixture/0.2/2/5/10
0.2,2,10,0,1000,800,5,constant,asw-pam,,2,1,1,mixture/0.2/2/5/10
0.2,2,11,0,1000,800,5,constant,safeguard,0.1126942766958465,2,1,1,mixture/0.2/2/5/11
0.2,2,11,0,1000,800,5,constant,asw-pam,,2,1,1,mixture/0.2/2/5/11
0.2,2,12,0,1000,800,5,constant,safeguard,0.4054574432752585,2,1,1,mixture/0.2/2/5/12
0.2,2,12,0,1000,800,5,constant,asw-pam,,2,1,1,mixture/0.2/2/5/12
0.2,2,13,0,1000,800,5,constant,safeguard,0.14228141129465935,2,1,1,mixture/0.2/2/5/13
0.2,2,13,0,1000,800,5,constant,asw-pam,,2,1,1,mixture/0.2/2/5/13
0.2,2,14,0,1000,800,5,constant,safeguard,0.11171392035015158,2,1,1,mixture/0.2/2/5/14
0.2,2,14,0,1000,800,5,constant,asw-pam,,2,1,1,mixture/0.2/2/5/14
0.2,2,15,0,1000,800,5,constant,safeguard,0.17956789448297764,2,1,1,mixture/0.2/2/5/15
0.2,2,15,0,1000,800,5,constant,asw-pam,,2,1,1,mixture/0.2/2/5/15
0.2,2,16,0,1000,800,5,constant,safeguard,0.18814597861433013,2,1,1,mixture/0.2/2/5/16
0.2,2,16,0,1000,800,5,constant,asw-pam,,2,1,1,mixture/0.2/2/5/16
0.2,2,17,0,1000,800,5,constant,safeguard,0.11879393923934004,2,1,1,mixture/0.2/2/5/17
0.2,2,17,0,1000,800,5,constant,asw-pam,,2,1,1,mixture/0.2/2/5/17
0.2,2,18,0,1000,800,5,constant,safeguard,0.1522891985664117,2,1,1,mixture/0.2/2/5/18
0.2,2,18,0,1000,800,5,constant,asw-pam,,2,1,1,mixture/0.2/2/5/18
0.2,2,19,0,1000,800,5,constant,safeguard,0.11574109036984234,2,1,1,mixture/0.2/2/5/19
0.2,2,19,0,1000,800,5,constant,asw-pam,,2,1,1,mixture/0.2/2/5/19
0.2,2,20,0,1000,800,5,constant,safeguard,0.11665333257134138,2,1,1,mixture/0.2/2/5/20
0.2,2,20,0,1000,800,5,constant,asw-pam,,2,1,1,mixture/0.2/2/5/20
0.2,2,21,0,1000,800,5,constant,safeguard,0.11857487086225299,2,1,1,mixture/0.2/2/5/21
0.2,2,21,0,1000,800,5,constant,asw-pam,,2,1,1,mixture/0.2/2/5/21
0.2,2,22,0,1000,800,5,constant,safeguard,0.22474580424143384,2,1,1,mixture/0.2/2/5/22
0.2,2,22,0,1000,800,5,constant,asw-pam,,2,1,1,mixture/0.2/2/5/22
0.2,2,23,0,1000,800,5,constant,safeguard,0.12688577540449514,2,1,1,mixture/0.2/2/5/23
0.2,2,23,0,1000,800,5,constant,asw-pam,,2,1,1,mixture/0.2/2/5/23
0.2,2,24,0,1000,800,5,constant,safeguard,0.21132912719263297,2,1,1,mixture/0.2/2/5/24
0.2,2,24,0,1000,800,5,constant,asw-pam,,2,1,1,mixture/0.2/2/5/24
0.2,2,25,0,1000,800,5,constant,safeguard,0.22074269831346935,2,1,1,mixture/0.2/2/5/25
0.2,2,25,0,1000,800,5,constant,asw-pam,,2,1,1,mixture/0.2/2/5/25
0.2,2,26,0,1000,800,5,constant,safeguard,0.1990115518473765,2,1,1,mixture/0.2/2/5/26
0.2,2,26,0,1000,800,5,constant,asw-pam,,2,1,1,mixture/0.2/2/5/26
0.2,2,27,0,1000,800,5,constant,safeguard,0.11661903789690586,2,1,1,mixture/0.2/2/5/27
0.2,2,27,0,1000,800,5,constant,asw-pam,,2,1,1,mixture/0.2/2/5/27
0.2,2,28,0,1000,800,5,constant,safeguard,0.10363397126425278,2,1,1,mixture/0.2/2/5/28
0.2,2,28,0,1000,800,5,constant,asw-pam,,2,1,1,mixture/0.2/2/5/28
0.2,2,29,0,1000,800,5,constant,safeguard,0.136105601550792,2,1,1,mixture/0.2/2/5/29
0.2,2,29,0,1000,800,5,constant,asw-pam,,2,1,1,mixture/0.2/2/5/29
0.2,3,0,0,1000,800,5,constant,safeguard,0.3293984306439336,2,0,0,mixture/0.2/3/5/0
0.2,3,0,0,1000,800,5,constant,asw-pam,,2,0,0,mixture/0.2/3/5/0
0.2,3,1,0,1000,800,5,constant,safeguard,0.33797651477528595,3,1,1,mixture/0.2/3/5/1
0.2,3,1,0,1000,800,5,constant,asw-pam,,2,0,0,mixture/0.2/3/5/1
0.2,3,2,0,1000,800,5,constant,safeguard,0.18471474496178908,3,1,1,mixture/0.2/3/5/2
0.2,3,2,0,1000,800,5,constant,asw-pam,,2,0,0,mixture/0.2/3/5/2
0.2,3,3,0,1000,800,5,constant,safeguard,0.2121646141821169,3,1,1,mixture/0.2/3/5/3
0.2,3,3,0,1000,800,5,constant,asw-pam,,3,1,1,mixture/0.2/3/5/3
0.2,3,4,0,1000,800,5,constant,safeguard,0.30938290100411114,3,1,1,mixture/0.2/3/5/4
0.2,3,4,0,1000,800,5,constant,asw-pam,,3,1,1,mixture/0.2/3/5/4
0.2,3,5,0,1000,800,5,constant,safeguard,0.40031059279644704,2,0,0,mixture/0.2/3/5/5
0.2,3,5,0,1000,800,5,constant,asw-pam,,2,0,0,mixture/0.2/3/5/5
0.2,3,6,0,1000,800,5,constant,safeguard,0.15955236484315533,3,1,1,mixture/0.2/3/5/6
0.2,3,6,0,1000,800,5,constant,asw-pam,,3,1,1,mixture/0.2/3/5/6
0.2,3,7,0,1000,800,5,constant,safeguard,0.21845520921177536,3,1,1,mixture/0.2/3/5/7
0.2,3,7,0,1000,800,5,constant,asw-pam,,3,1,1,mixture/0.2/3/5/7
0.2,3,8,0,1000,800,5,constant,safeguard,0.19398969044771433,3,1,1,mixture/0.2/3/5/8
0.2,3,8,0,1000,800,5,constant,asw-pam,,2,0,0,mixture/0.2/3/5/8
0.2,3,9,0,1000,800,5,constant,safeguard,0.16641483214823727,3,1,1,mixture/0.2/3/5/9
0.2,3,9,0,1000,800,5,constant,asw-pam,,2,0,0,mixture/0.2/3/5/9
0.2,3,10,0,1000,800,5,constant,safeguard,0.23618324974990376,2,0,0,mixture/0.2/3/5/10
0.2,3,10,0,1000,800,5,constant,asw-pam,,2,0,0,mixture/0.2/3/5/10
0.2,3,11,0,1000,800,5,constant,safeguard,0.45578220351252613,3,1,1,mixture/0.2/3/5/11
0.2,3,11,0,1000,800,5,constant,asw-pam,,3,1,1,mixture/0.2/3/5/11
0.2,3,12,0,1000,800,5,constant,safeguard,0.30537979507614665,3,1,1,mixture/0.2/3/5/12
0.2,3,12,0,1000,800,5,constant,asw-pam,,3,1,1,mixture/0.2/3/5/12
0.2,3,13,0,1000,800,5,constant,safeguard,0.3917325086650946,3,1,1,mixture/0.2/3/5/13
0.2,3,13,0,1000,800,5,constant,asw-pam,,3,1,1,mixture/0.2/3/5/13
0.2,3,14,0,1000,800,5,constant,safeguard,0.45120722530913815,3,1,1,mixture/0.2/3/5/14
0.2,3,14,0,1000,800,5,constant,asw-pam,,3,1,1,mixture/0.2/3/5/14
0.2,3,15,0,1000,800,5,constant,safeguard,0.19329282909314155,3,1,1,mixture/0.2/3/5/15
0.2,3,15,0,1000,800,5,constant,asw-pam,,3,1,1,mixture/0.2/3/5/15
0.2,3,16,0,1000,800,5,constant,safeguard,0.1944222209522357,4,0,0,mixture/0.2/3/5/16
0.2,3,16,0,1000,800,5,constant,asw-pam,,3,1,1,mixture/0.2/3/5/16
0.2,3,17,0,1000,800,5,constant,safeguard,0.13278554138158272,3,1,1,mixture/0.2/3/5/17
0.2,3,17,0,1000,800,5,constant,asw-pam,,2,0,0,mixture/0.2/3/5/17
0.2,3,18,0,1000,800,5,constant,safeguard,0.22188644286431636,3,1,1,mixture/0.2/3/5/18
0.2,3,18,0,1000,800,5,constant,asw-pam,,3,1,1,mixture/0.2/3/5/18
0.2,3,19,0,1000,800,5,constant,safeguard,0.23675512202532725,3,1,1,mixture/0.2/3/5/19
0.2,3,19,0,1000,800,5,constant,asw-pam,,3,1,1,mixture/0.2/3/5/19
0.2,3,20,0,1000,800,5,constant,safeguard,0.3688576176481548,3,1,1,mixture/0.2/3/5/20
0.2,3,20,0,1000,800,5,constant,asw-pam,,3,1,1,mixture/0.2/3/5/20
0.2,3,21,0,1000,800,5,constant,safeguard,0.2070177637033055,3,1,1,mixture/0.2/3/5/21
0.2,3,21,0,1000,800,5,constant,asw-pam,,3,1,1,mixture/0.2/3/5/21
0.2,3,22,0,1000,800,5,constant,safeguard,0.12638377286859256,3,1,1,mixture/0.2/3/5/22
0.2,3,22,0,1000,800,5,constant,asw-pam,,3,1,1,mixture/0.2/3/5/22
0.2,3,23,0,1000,800,5,constant,safeguard,0.27392681992785445,3,1,1,mixture/0.2/3/5/23
0.2,3,23,0,1000,800,5,constant,asw-pam,,3,1,1,mixture/0.2/3/5/23
0.2,3,24,0,1000,800,5,constant,safeguard,0.1818553835846716,3,1,1,mixture/0.2/3/5/24
0.2,3,24,0,1000,800,5,constant,asw-pam,,2,0,0,mixture/0.2/3/5/24
0.2,3,25,0,1000,800,5,constant,safeguard,0.29908920004648826,3,1,1,mixture/0.2/3/5/25
0.2,3,25,0,1000,800,5,constant,asw-pam,,3,1,1,mixture/0.2/3/5/25
0.2,3,26,0,1000,800,5,constant,safeguard,0.4260448451905043,3,1,1,mixture/0.2/3/5/26
0.2,3,26,0,1000,800,5,constant,asw-pam,,3,1,1,mixture/0.2/3/5/26
0.2,3,27,0,1000,800,5,constant,safeguard,0.18986159544060055,3,1,1,mixture/0.2/3/5/27
0.2,3,27,0,1000,800,5,constant,asw-pam,,3,1,1,mixture/0.2/3/5/27
0.2,3,28,0,1000,800,5,constant,safeguard,0.16412734304654325,3,1,1,mixture/0.2/3/5/28
0.2,3,28,0,1000,800,5,constant,asw-pam,,3,1,1,mixture/0.2/3/5/28
0.2,3,29,0,1000,800,5,constant,safeguard,0.20415840232618795,3,1,1,mixture/0.2/3/5/29
0.2,3,29,0,1000,800,5,constant,asw-pam,,2,0,0,mixture/0.2/3/5/29
0.2,4,0,0,1000,800,5,constant,safeguard,0.19043346771602407,4,1,1,mixture/0.2/4/5/0
0.2,4,0,0,1000,800,5,constant,asw-pam,,4,1,1,mixture/0.2/4/5/0
0.2,4,1,0,1000,800,5,constant,safeguard,0.2579143962159966,4,1,1,mixture/0.2/4/5/1
0.2,4,1,0,1000,800,5,constant,asw-pam,,2,0,0,mixture/0.2/4/5/1
0.2,4,2,0,1000,800,5,constant,safeguard,0.32253596333885154,4,1,1,mixture/0.2/4/5/2
0.2,4,2,0,1000,800,5,constant,asw-pam,,4,1,1,mixture/0.2/4/5/2
0.2,4,3,0,1000,800,5,constant,safeguard,0.11574109036984234,4,1,1,mixture/0.2/4/5/3
0.2,4,3,0,1000,800,5,constant,asw-pam,,4,1,1,mixture/0.2/4/5/3
0.2,4,4,0,1000,800,5,constant,safeguard,0.13711309200802094,4,1,1,mixture/0.2/4/5/4
0.2,4,4,0,1000,800,5,constant,asw-pam,,2,0,0,mixture/0.2/4/5/4
0.2,4,5,0,1000,800,5,constant,safeguard,0.35341706621172037,3,0,0,mixture/0.2/4/5/5
0.2,4,5,0,1000,800,5,constant,asw-pam,,3,0,0,mixture/0.2/4/5/5
0.2,4,6,0,1000,800,5,constant,safeguard,0.2756424367541249,4,1,1,mixture/0.2/4/5/6
0.2,4,6,0,1000,800,5,constant,asw-pam,,4,1,1,mixture/0.2/4/5/6
0.2,4,7,0,1000,800,5,constant,safeguard,0.3974512314193296,4,1,1,mixture/0.2/4/5/7
0.2,4,7,0,1000,800,5,constant,asw-pam,,3,0,0,mixture/0.2/4/5/7
0.2,4,8,0,1000,800,5,constant,safeguard,0.15326176981349687,4,1,1,mixture/0.2/4/5/8
0.2,4,8,0,1000,800,5,constant,asw-pam,,3,0,0,mixture/0.2/4/5/8
0.2,4,9,0,1000,800,5,constant,safeguard,0.25162380118633815,4,1,1,mixture/0.2/4/5/9
0.2,4,9,0,1000,800,5,constant,asw-pam,,4,1,1,mixture/0.2/4/5/9
0.2,4,10,0,1000,800,5,constant,safeguard,0.19729593502110604,4,1,1,mixture/0.2/4/5/10
0.2,4,10,0,1000,800,5,constant,asw-pam,,4,1,1,mixture/0.2/4/5/10
0.2,4,11,0,1000,800,5,constant,safeguard,0.14239619658045044,4,1,1,mixture/0.2/4/5/11
0.2,4,11,0,1000,800,5,constant,asw-pam,,4,1,1,mixture/0.2/4/5/11
0.2,4,12,0,1000,800,5,constant,safeguard,0.14468368568214443,4,1,1,mixture/0.2/4/5/12
0.2,4,12,0,1000,800,5,constant,asw-pam,,4,1,1,mixture/0.2/4/5/12
0.2,4,13,0,1000,800,5,constant,safeguard,0.13896496292790947,4,1,1,mixture/0.2/4/5/13
0.2,4,13,0,1000,800,5,constant,asw-pam,,4,1,1,mixture/0.2/4/5/13
0.2,4,14,0,1000,800,5,constant,safeguard,0.11061645447219873,4,1,1,mixture/0.2/4/5/14
0.2,4,14,0,1000,800,5,constant,asw-pam,,4,1,1,mixture/0.2/4/5/14
0.2,4,15,0,1000,800,5,constant,safeguard,0.2624893744193845,4,1,1,mixture/0.2/4/5/15
0.2,4,15,0,1000,800,5,constant,asw-pam,,4,1,1,mixture/0.2/4/5/15
0.2,4,16,0,1000,800,5,constant,safeguard,0.1629835984956963,4,1,1,mixture/0.2/4/5/16
0.2,4,16,0,1000,800,5,constant,asw-pam,,3,0,0,mixture/0.2/4/5/16
0.2,4,17,0,1000,800,5,constant,safeguard,0.3288265583685101,4,1,1,mixture/0.2/4/5/17
0.2,4,17,0,1000,800,5,constant,asw-pam,,2,0,0,mixture/0.2/4/5/17
0.2,4,18,0,1000,800,5,constant,safeguard,0.15336231610144643,4,1,1,mixture/0.2/4/5/18
0.2,4,18,0,1000,800,5,constant,asw-pam,,3,0,0,mixture/0.2/4/5/18
0.2,4,19,0,1000,800,5,constant,safeguard,0.13959942693292124,4,1,1,mixture/0.2/4/5/19
0.2,4,19,0,1000,800,5,constant,asw-pam,,4,1,1,mixture/0.2/4/5/19
0.2,4,20,0,1000,800,5,constant,safeguard,0.31567349603376965,4,1,1,mixture/0.2/4/5/20
0.2,4,20,0,1000,800,5,constant,asw-pam,,4,1,1,mixture/0.2/4/5/20
0.2,4,21,0,1000,800,5,constant,safeguard,0.12939860895697455,4,1,1,mixture/0.2/4/5/21
0.2,4,21,0,1000,800,5,constant,asw-pam,,4,1,1,mixture/0.2/4/5/21
0.2,4,22,0,1000,800,5,constant,safeguard,0.21559584783465785,4,1,1,mixture/0.2/4/5/22
0.2,4,22,0,1000,800,5,constant,asw-pam,,4,1,1,mixture/0.2/4/5/22
0.2,4,23,0,1000,800,5,constant,safeguard,0.30423605052529973,4,1,1,mixture/0.2/4/5/23
0.2,4,23,0,1000,800,5,constant,asw-pam,,3,0,0,mixture/0.2/4/5/23
0.2,4,24,0,1000,800,5,constant,safeguard,0.140399430198274,4,1,1,mixture/0.2/4/5/24
0.2,4,24,0,1000,800,5,constant,asw-pam,,4,1,1,mixture/0.2/4/5/24
0.2,4,25,0,1000,800,5,constant,safeguard,0.2138802310083874,4,1,1,mixture/0.2/4/5/25
0.2,4,25,0,1000,800,5,constant,asw-pam,,3,0,0,mixture/0.2/4/5/25
0.2,4,26,0,1000,800,5,constant,safeguard,0.16641483214823727,16,0,0,mixture/0.2/4/5/26
0.2,4,26,0,1000,800,5,constant,asw-pam,,4,1,0,mixture/0.2/4/5/26
0.2,4,27,0,1000,800,5,constant,safeguard,0.204158402326188,4,1,1,mixture/0.2/4/5/27
0.2,4,27,0,1000,800,5,constant,asw-pam,,4,1,1,mixture/0.2/4/5/27
0.2,4,28,0,1000,800,5,constant,safeguard,0.14353994113129742,4,1,1,mixture/0.2/4/5/28
0.2,4,28,0,1000,800,5,constant,asw-pam,,4,1,1,mixture/0.2/4/5/28
0.2,4,29,0,1000,800,5,constant,safeguard,0.15612113119061435,4,1,1,mixture/0.2/4/5/29
0.2,4,29,0,1000,800,5,constant,asw-pam,,2,0,0,mixture/0.2/4/5/29
0.2,5,0,0,1000,800,5,constant,safeguard,0.1469711747838384,5,1,1,mixture/0.2/5/5/0
0.2,5,0,0,1000,800,5,constant,asw-pam,,5,1,1,mixture/0.2/5/5/0
0.2,5,1,0,1000,800,5,constant,safeguard,0.12238066694062809,5,1,1,mixture/0.2/5/5/1
0.2,5,1,0,1000,800,5,constant,asw-pam,,5,1,1,mixture/0.2/5/5/1
0.2,5,2,0,1000,800,5,constant,safeguard,0.19565275362232945,5,1,1,mixture/0.2/5/5/2
0.2,5,2,0,1000,800,5,constant,asw-pam,,4,0,0,mixture/0.2/5/5/2
0.2,5,3,0,1000,800,5,constant,safeguard,0.20072716867364698,5,1,1,mixture/0.2/5/5/3
0.2,5,3,0,1000,800,5,constant,asw-pam,,5,1,1,mixture/0.2/5/5/3
0.2,5,4,0,1000,800,5,constant,safeguard,0.11723381646181662,5,1,1,mixture/0.2/5/5/4
0.2,5,4,0,1000,800,5,constant,asw-pam,,4,0,0,mixture/0.2/5/5/4
0.2,5,5,0,1000,800,5,constant,safeguard,0.23618324974990368,5,1,1,mixture/0.2/5/5/5
0.2,5,5,0,1000,800,5,constant,asw-pam,,5,1,1,mixture/0.2/5/5/5
0.2,5,6,0,1000,800,5,constant,safeguard,0.3768638295040837,5,1,1,mixture/0.2/5/5/6
0.2,5,6,0,1000,800,5,constant,asw-pam,,5,1,1,mixture/0.2/5/5/6
0.2,5,7,0,1000,800,5,constant,safeguard,0.16188885075878456,5,1,1,mixture/0.2/5/5/7
0.2,5,7,0,1000,800,5,constant,asw-pam,,2,0,0,mixture/0.2/5/5/7
0.2,5,8,0,1000,800,5,constant,safeguard,0.12961481396815716,5,1,1,mixture/0.2/5/5/8
0.2,5,8,0,1000,800,5,constant,asw-pam,,4,0,0,mixture/0.2/5/5/8
0.2,5,9,0,1000,800,5,constant,safeguard,0.1091054535758869,5,1,1,mixture/0.2/5/5/9
0.2,5,9,0,1000,800,5,constant,asw-pam,,5,1,1,mixture/0.2/5/5/9
0.2,5,10,0,1000,800,5,constant,safeguard,0.21331666601557403,4,0,0,mixture/0.2/5/5/10
0.2,5,10,0,1000,800,5,constant,asw-pam,,3,0,0,mixture/0.2/5/5/10
0.2,5,11,0,1000,800,5,constant,safeguard,0.13438998472452152,5,1,1,mixture/0.2/5/5/11
0.2,5,11,0,1000,800,5,constant,asw-pam,,2,0,0,mixture/0.2/5/5/11
0.2,5,12,0,1000,800,5,constant,safeguard,0.11094322143215818,5,1,1,mixture/0.2/5/5/12
0.2,5,12,0,1000,800,5,constant,asw-pam,,5,1,1,mixture/0.2/5/5/12
0.2,5,13,0,1000,800,5,constant,safeguard,0.272211203101584,5,1,1,mixture/0.2/5/5/13
0.2,5,13,0,1000,800,5,constant,asw-pam,,2,0,0,mixture/0.2/5/5/13
0.2,5,14,0,1000,800,5,constant,safeguard,0.12236012422353947,5,1,1,mixture/0.2/5/5/14
0.2,5,14,0,1000,800,5,constant,asw-pam,,5,1,1,mixture/0.2/5/5/14
0.2,5,15,0,1000,800,5,constant,safeguard,0.20758963597872895,4,0,0,mixture/0.2/5/5/15
0.2,5,15,0,1000,800,5,constant,asw-pam,,4,0,0,mixture/0.2/5/5/15
0.2,5,16,0,1000,800,5,constant,safeguard,0.15554925891519084,5,1,1,mixture/0.2/5/5/16
0.2,5,16,0,1000,800,5,constant,asw-pam,,4,0,0,mixture/0.2/5/5/16
0.2,5,17,0,1000,800,5,constant,safeguard,0.12924313424571005,5,1,1,mixture/0.2/5/5/17
0.2,5,17,0,1000,800,5,constant,asw-pam,,5,1,1,mixture/0.2/5/5/17
0.2,5,18,0,1000,800,5,constant,safeguard,0.15497738663976734,5,1,1,mixture/0.2/5/5/18
0.2,5,18,0,1000,800,5,constant,asw-pam,,4,0,0,mixture/0.2/5/5/18
0.2,5,19,0,1000,800,5,constant,safeguard,0.16698670442366073,5,1,1,mixture/0.2/5/5/19
0.2,5,19,0,1000,800,5,constant,asw-pam,,5,1,1,mixture/0.2/5/5/19
0.2,5,20,0,1000,800,5,constant,safeguard,0.3459827266312149,3,0,0,mixture/0.2/5/5/20
0.2,5,20,0,1000,800,5,constant,asw-pam,,2,0,0,mixture/0.2/5/5/20
0.2,5,21,0,1000,800,5,constant,safeguard,0.2031748015872047,5,1,1,mixture/0.2/5/5/21
0.2,5,21,0,1000,800,5,constant,asw-pam,,5,1,1,mixture/0.2/5/5/21
0.2,5,22,0,1000,800,5,constant,safeguard,0.18814597861433008,5,1,1,mixture/0.2/5/5/22
0.2,5,22,0,1000,800,5,constant,asw-pam,,5,1,1,mixture/0.2/5/5/22
0.2,5,23,0,1000,800,5,constant,safeguard,0.13896496292790947,5,1,1,mixture/0.2/5/5/23
0.2,5,23,0,1000,800,5,constant,asw-pam,,2,0,0,mixture/0.2/5/5/23
0.2,5,24,0,1000,800,5,constant,safeguard,0.19729593502110604,5,1,1,mixture/0.2/5/5/24
0.2,5,24,0,1000,800,5,constant,asw-pam,,5,1,1,mixture/0.2/5/5/24
0.2,5,25,0,1000,800,5,constant,safeguard,0.19901155184737654,19,0,0,mixture/0.2/5/5/25
0.2,5,25,0,1000,800,5,constant,asw-pam,,5,1,0,mixture/0.2/5/5/25
0.2,5,26,0,1000,800,5,constant,safeguard,0.1778522776567072,5,1,1,mixture/0.2/5/5/26
0.2,5,26,0,1000,800,5,constant,asw-pam,,5,1,1,mixture/0.2/5/5/26
0.2,5,27,0,1000,800,5,constant,safeguard,0.10865573233046419,5,1,1,mixture/0.2/5/5/27
0.2,5,27,0,1000,800,5,constant,asw-pam,,3,0,0,mixture/0.2/5/5/27
0.2,5,28,0,1000,800,5,constant,safeguard,0.3099547732795347,4,0,0,mixture/0.2/5/5/28
0.2,5,28,0,1000,800,5,constant,asw-pam,,4,0,0,mixture/0.2/5/5/28
0.2,5,29,0,1000,800,5,constant,safeguard,0.18471474496178913,5,1,1,mixture/0.2/5/5/29
0.2,5,29,0,1000,800,5,constant,asw-pam,,4,0,0,mixture/0.2/5/5/29
0.2,6,0,0,1000,800,5,constant,safeguard,0.24190197250413864,6,1,1,mixture/0.2/6/5/0
0.2,6,0,0,1000,800,5,constant,asw-pam,,6,1,1,mixture/0.2/6/5/0
0.2,6,1,0,1000,800,5,constant,safeguard,0.1604992211819109,6,1,1,mixture/0.2/6/5/1
0.2,6,1,0,1000,800,5,constant,asw-pam,,6,1,1,mixture/0.2/6/5/1
0.2,6,2,0,1000,800,5,constant,safeguard,0.15612113119061435,6,1,1,mixture/0.2/6/5/2
0.2,6,2,0,1000,800,5,constant,asw-pam,,6,1,1,mixture/0.2/6/5/2
0.2,6,3,0,1000,800,5,constant,safeguard,0.18757410633890656,6,1,1,mixture/0.2/6/5/3
0.2,6,3,0,1000,800,5,constant,asw-pam,,6,1,1,mixture/0.2/6/5/3
0.2,6,4,0,1000,800,5,constant,safeguard,0.3070954119024172,5,0,0,mixture/0.2/6/5/4
0.2,6,4,0,1000,800,5,constant,asw-pam,,2,0,0,mixture/0.2/6/5/4
0.2,6,5,0,1000,800,5,constant,safeguard,0.3099547732795347,5,0,0,mixture/0.2/6/5/5
0.2,6,5,0,1000,800,5,constant,asw-pam,,5,0,0,mixture/0.2/6/5/5
0.2,6,6,0,1000,800,5,constant,safeguard,0.11634431657799195,6,1,1,mixture/0.2/6/5/6
0.2,6,6,0,1000,800,5,constant,asw-pam,,6,1,1,mixture/0.2/6/5/6
0.2,6,7,0,1000,800,5,constant,safeguard,0.11478675881825381,7,0,0,mixture/0.2/6/5/7
0.2,6,7,0,1000,800,5,constant,asw-pam,,3,0,0,mixture/0.2/6/5/7
0.2,6,8,0,1000,800,5,constant,safeguard,0.15497738663976734,6,1,1,mixture/0.2/6/5/8
0.2,6,8,0,1000,800,5,constant,asw-pam,,6,1,1,mixture/0.2/6/5/8
0.2,6,9,0,1000,800,5,constant,safeguard,0.25048005663549117,5,0,0,mixture/0.2/6/5/9
0.2,6,9,0,1000,800,5,constant,asw-pam,,6,1,0,mixture/0.2/6/5/9
0.2,6,10,0,1000,800,5,constant,safeguard,0.16927419352535475,6,1,1,mixture/0.2/6/5/10
0.2,6,10,0,1000,800,5,constant,asw-pam,,4,0,0,mixture/0.2/6/5/10
0.2,6,11,0,1000,800,5,constant,safeguard,0.2813611595083599,4,0,0,mixture/0.2/6/5/11
0.2,6,11,0,1000,800,5,constant,asw-pam,,4,0,0,mixture/0.2/6/5/11
0.2,6,12,0,1000,800,5,constant,safeguard,0.3877294027371301,5,0,0,mixture/0.2/6/5/12
0.2,6,12,0,1000,800,5,constant,asw-pam,,5,0,0,mixture/0.2/6/5/12
0.2,6,13,0,1000,800,5,constant,safeguard,0.38601378591085955,4,0,0,mixture/0.2/6/5/13
0.2,6,13,0,1000,800,5,constant,asw-pam,,2,0,0,mixture/0.2/6/5/13
0.2,6,14,0,1000,800,5,constant,safeguard,0.2407582279532917,6,1,1,mixture/0.2/6/5/14
0.2,6,14,0,1000,800,5,constant,asw-pam,,6,1,1,mixture/0.2/6/5/14
0.2,6,15,0,1000,800,5,constant,safeguard,0.21845520921177536,5,0,0,mixture/0.2/6/5/15
0.2,6,15,0,1000,800,5,constant,asw-pam,,4,0,0,mixture/0.2/6/5/15
0.2,6,16,0,1000,800,5,constant,safeguard,0.2968017109447943,6,1,1,mixture/0.2/6/5/16
0.2,6,16,0,1000,800,5,constant,asw-pam,,6,1,1,mixture/0.2/6/5/16
0.2,6,17,0,1000,800,5,constant,safeguard,0.40545744327525846,2,0,0,mixture/0.2/6/5/17
0.2,6,17,0,1000,800,5,constant,asw-pam,,2,0,0,mixture/0.2/6/5/17
0.2,6,18,0,1000,800,5,constant,safeguard,0.16927419352535475,6,1,1,mixture/0.2/6/5/18
0.2,6,18,0,1000,800,5,constant,asw-pam,,6,1,1,mixture/0.2/6/5/18
0.2,6,19,0,1000,800,5,constant,safeguard,0.30309230597445275,5,0,0,mixture/0.2/6/5/19
0.2,6,19,0,1000,800,5,constant,asw-pam,,5,0,0,mixture/0.2/6/5/19
0.2,6,20,0,1000,800,5,constant,safeguard,0.1612679816694258,6,1,1,mixture/0.2/6/5/20
0.2,6,20,0,1000,800,5,constant,asw-pam,,5,0,0,mixture/0.2/6/5/20
0.2,6,21,0,1000,800,5,constant,safeguard,0.15669300346603784,6,1,1,mixture/0.2/6/5/21
0.2,6,21,0,1000,800,5,constant,asw-pam,,5,0,0,mixture/0.2/6/5/21
0.2,6,22,0,1000,800,5,constant,safeguard,0.1646992153219668,6,1,1,mixture/0.2/6/5/22
0.2,6,22,0,1000,800,5,constant,asw-pam,,5,0,0,mixture/0.2/6/5/22
0.2,6,23,0,1000,800,5,constant,safeguard,0.15955236484315533,6,1,1,mixture/0.2/6/5/23
0.2,6,23,0,1000,800,5,constant,asw-pam,,6,1,1,mixture/0.2/6/5/23
0.2,6,24,0,1000,800,5,constant,safeguard,0.14754304705926194,6,1,1,mixture/0.2/6/5/24
0.2,6,24,0,1000,800,5,constant,asw-pam,,2,0,0,mixture/0.2/6/5/24
0.2,6,25,0,1000,800,5,constant,safeguard,0.156204993518133,6,1,1,mixture/0.2/6/5/25
0.2,6,25,0,1000,800,5,constant,asw-pam,,6,1,1,mixture/0.2/6/5/25
0.2,6,26,0,1000,800,5,constant,safeguard,0.35055770483460286,6,1,1,mixture/0.2/6/5/26
0.2,6,26,0,1000,800,5,constant,asw-pam,,6,1,1,mixture/0.2/6/5/26
0.2,6,27,0,1000,800,5,constant,safeguard,0.20987712508042292,5,0,0,mixture/0.2/6/5/27
0.2,6,27,0,1000,800,5,constant,asw-pam,,4,0,0,mixture/0.2/6/5/27
0.2,6,28,0,1000,800,5,constant,safeguard,0.20758963597872895,6,1,1,mixture/0.2/6/5/28
0.2,6,28,0,1000,800,5,constant,asw-pam,,5,0,0,mixture/0.2/6/5/28
0.2,6,29,0,1000,800,5,constant,safeguard,0.2573425239405731,6,1,1,mixture/0.2/6/5/29
0.2,6,29,0,1000,800,5,constant,asw-pam,,6,1,1,mixture/0.2/6/5/29
0.2,7,0,0,1000,800,5,constant,safeguard,0.1458274302329914,7,1,1,mixture/0.2/7/5/0
0.2,7,0,0,1000,800,5,constant,asw-pam,,6,0,0,mixture/0.2/7/5/0
0.2,7,1,0,1000,800,5,constant,safeguard,0.133818112449098,6,0,0,mixture/0.2/7/5/1
0.2,7,1,0,1000,800,5,constant,asw-pam,,6,0,0,mixture/0.2/7/5/1
0.2,7,2,0,1000,800,5,constant,safeguard,0.2504800566354911,7,1,1,mixture/0.2/7/5/2
0.2,7,2,0,1000,800,5,constant,asw-pam,,7,1,1,mixture/0.2/7/5/2
0.2,7,3,0,1000,800,5,constant,safeguard,0.14204224723651754,6,0,0,mixture/0.2/7/5/3
0.2,7,3,0,1000,800,5,constant,asw-pam,,2,0,0,mixture/0.2/7/5/3
0.2,7,4,0,1000,800,5,constant,safeguard,0.37915131860577767,4,0,0,mixture/0.2/7/5/4
0.2,7,4,0,1000,800,5,constant,asw-pam,,4,0,0,mixture/0.2/7/5/4
0.2,7,5,0,1000,800,5,constant,safeguard,0.12723207142855136,12,0,0,mixture/0.2/7/5/5
0.2,7,5,0,1000,800,5,constant,asw-pam,,7,1,1,mixture/0.2/7/5/5
0.2,7,6,0,1000,800,5,constant,safeguard,0.1612679816694258,34,0,0,mixture/0.2/7/5/6
0.2,7,6,0,1000,800,5,constant,asw-pam,,7,1,0,mixture/0.2/7/5/6
0.2,7,7,0,1000,800,5,constant,safeguard,0.33969213160155654,6,0,0,mixture/0.2/7/5/7
0.2,7,7,0,1000,800,5,constant,asw-pam,,7,1,1,mixture/0.2/7/5/7
0.2,7,8,0,1000,800,5,constant,safeguard,0.16870232124993126,14,0,0,mixture/0.2/7/5/8
0.2,7,8,0,1000,800,5,constant,asw-pam,,5,0,0,mixture/0.2/7/5/8
0.2,7,9,0,1000,800,5,constant,safeguard,0.16813044897450774,7,1,1,mixture/0.2/7/5/9
0.2,7,9,0,1000,800,5,constant,asw-pam,,4,0,0,mixture/0.2/7/5/9
0.2,7,10,0,1000,800,5,constant,safeguard,0.27278307537700747,6,0,0,mixture/0.2/7/5/10
0.2,7,10,0,1000,800,5,constant,asw-pam,,6,0,0,mixture/0.2/7/5/10
0.2,7,11,0,1000,800,5,constant,safeguard,0.18357100041094215,6,0,0,mixture/0.2/7/5/11
0.2,7,11,0,1000,800,5,constant,asw-pam,,7,1,1,mixture/0.2/7/5/11
0.2,7,12,0,1000,800,5,constant,safeguard,0.13740451229854142,20,0,0,mixture/0.2/7/5/12
0.2,7,12,0,1000,800,5,constant,asw-pam,,2,0,0,mixture/0.2/7/5/12
0.2,7,13,0,1000,800,5,constant,safeguard,0.11323071053385216,7,1,1,mixture/0.2/7/5/13
0.2,7,13,0,1000,800,5,constant,asw-pam,,7,1,1,mixture/0.2/7/5/13
0.2,7,14,0,1000,800,5,constant,safeguard,0.2499081843600676,7,1,1,mixture/0.2/7/5/14
0.2,7,14,0,1000,800,5,constant,asw-pam,,7,1,1,mixture/0.2/7/5/14
0.2,7,15,0,1000,800,5,constant,safeguard,0.15554925891519084,7,1,1,mixture/0.2/7/5/15
0.2,7,15,0,1000,800,5,constant,asw-pam,,7,1,1,mixture/0.2/7/5/15
0.2,7,16,0,1000,800,5,constant,safeguard,0.15840862029230832,7,1,1,mixture/0.2/7/5/16
0.2,7,16,0,1000,800,5,constant,asw-pam,,6,0,0,mixture/0.2/7/5/16
0.2,7,17,0,1000,800,5,constant,safeguard,0.1475430470592619,7,1,1,mixture/0.2/7/5/17
0.2,7,17,0,1000,800,5,constant,asw-pam,,7,1,1,mixture/0.2/7/5/17
0.2,7,18,0,1000,800,5,constant,safeguard,0.16412734304654328,12,0,0,mixture/0.2/7/5/18
0.2,7,18,0,1000,800,5,constant,asw-pam,,6,0,0,mixture/0.2/7/5/18
0.2,7,19,0,1000,800,5,constant,safeguard,0.14068057975417997,19,0,0,mixture/0.2/7/5/19
0.2,7,19,0,1000,800,5,constant,asw-pam,,3,0,0,mixture/0.2/7/5/19
0.2,7,20,0,1000,800,5,constant,safeguard,0.1744210440041662,7,1,1,mixture/0.2/7/5/20
0.2,7,20,0,1000,800,5,constant,asw-pam,,6,0,0,mixture/0.2/7/5/20
0.2,7,21,0,1000,800,5,constant,safeguard,0.13099618315050257,9,0,0,mixture/0.2/7/5/21
0.2,7,21,0,1000,800,5,constant,asw-pam,,7,1,1,mixture/0.2/7/5/21
0.2,7,22,0,1000,800,5,constant,safeguard,0.14228141129465935,6,0,0,mixture/0.2/7/5/22
0.2,7,22,0,1000,800,5,constant,asw-pam,,5,0,0,mixture/0.2/7/5/22
0.2,7,23,0,1000,800,5,constant,safeguard,0.3917325086650946,3,0,0,mixture/0.2/7/5/23
0.2,7,23,0,1000,800,5,constant,asw-pam,,2,0,0,mixture/0.2/7/5/23
0.2,7,24,0,1000,800,5,constant,safeguard,0.17899602220755417,7,1,1,mixture/0.2/7/5/24
0.2,7,24,0,1000,800,5,constant,asw-pam,,7,1,1,mixture/0.2/7/5/24
0.2,7,25,0,1000,800,5,constant,safeguard,0.1646992153219668,5,0,0,mixture/0.2/7/5/25
0.2,7,25,0,1000,800,5,constant,asw-pam,,4,0,0,mixture/0.2/7/5/25
0.2,7,26,0,1000,800,5,constant,safeguard,0.1343899847245215,7,1,1,mixture/0.2/7/5/26
0.2,7,26,0,1000,800,5,constant,asw-pam,,7,1,1,mixture/0.2/7/5/26
0.2,7,27,0,1000,800,5,constant,safeguard,0.19272095681771811,7,1,1,mixture/0.2/7/5/27
0.2,7,27,0,1000,800,5,constant,asw-pam,,6,0,0,mixture/0.2/7/5/27
0.2,7,28,0,1000,800,5,constant,safeguard,0.2842205208854774,5,0,0,mixture/0.2/7/5/28
0.2,7,28,0,1000,800,5,constant,asw-pam,,2,0,0,mixture/0.2/7/5/28
0.2,7,29,0,1000,800,5,constant,safeguard,0.18757410633890662,7,1,1,mixture/0.2/7/5/29
0.2,7,29,0,1000,800,5,constant,asw-pam,,7,1,1,mixture/0.2/7/5/29
0.2,8,0,0,1000,800,5,constant,safeguard,0.2161677201100814,8,1,1,mixture/0.2/8/5/0
0.2,8,0,0,1000,800,5,constant,asw-pam,,7,0,0,mixture/0.2/8/5/0
0.2,8,1,0,1000,800,5,constant,safeguard,0.14125245202960346,8,1,1,mixture/0.2/8/5/1
0.2,8,1,0,1000,800,5,constant,asw-pam,,8,1,1,mixture/0.2/8/5/1
0.2,8,2,0,1000,800,5,constant,safeguard,0.22932078244482176,8,1,1,mixture/0.2/8/5/2
0.2,8,2,0,1000,800,5,constant,asw-pam,,8,1,1,mixture/0.2/8/5/2
0.2,8,3,0,1000,800,5,constant,safeguard,0.1355337292753685,8,1,1,mixture/0.2/8/5/3
0.2,8,3,0,1000,800,5,constant,asw-pam,,8,1,1,mixture/0.2/8/5/3
0.2,8,4,0,1000,800,5,constant,safeguard,0.13711309200802085,7,0,0,mixture/0.2/8/5/4
0.2,8,4,0,1000,800,5,constant,asw-pam,,7,0,0,mixture/0.2/8/5/4
0.2,8,5,0,1000,800,5,constant,safeguard,0.1715616826270487,8,1,1,mixture/0.2/8/5/5
0.2,8,5,0,1000,800,5,constant,asw-pam,,6,0,0,mixture/0.2/8/5/5
0.2,8,6,0,1000,800,5,constant,safeguard,0.31109851783038167,7,0,0,mixture/0.2/8/5/6
0.2,8,6,0,1000,800,5,constant,asw-pam,,2,0,0,mixture/0.2/8/5/6
0.2,8,7,0,1000,800,5,constant,safeguard,0.13438998472452152,31,0,0,mixture/0.2/8/5/7
0.2,8,7,0,1000,800,5,constant,asw-pam,,2,0,0,mixture/0.2/8/5/7
0.2,8,8,0,1000,800,5,constant,safeguard,0.27907367040666586,8,1,1,mixture/0.2/8/5/8
0.2,8,8,0,1000,800,5,constant,asw-pam,,2,0,0,mixture/0.2/8/5/8
0.2,8,9,0,1000,800,5,constant,safeguard,0.15326176981349687,8,1,1,mixture/0.2/8/5/9
0.2,8,9,0,1000,800,5,constant,asw-pam,,8,1,1,mixture/0.2/8/5/9
0.2,8,10,0,1000,800,5,constant,safeguard,0.15955236484315533,8,1,1,mixture/0.2/8/5/10
0.2,8,10,0,1000,800,5,constant,asw-pam,,5,0,0,mixture/0.2/8/5/10
0.2,8,11,0,1000,800,5,constant,safeguard,0.099196774141098,8,1,1,mixture/0.2/8/5/11
0.2,8,11,0,1000,800,5,constant,asw-pam,,8,1,1,mixture/0.2/8/5/11
0.2,8,12,0,1000,800,5,constant,safeguard,0.18471474496178908,8,1,1,mixture/0.2/8/5/12
0.2,8,12,0,1000,800,5,constant,asw-pam,,5,0,0,mixture/0.2/8/5/12
0.2,8,13,0,1000,800,5,constant,safeguard,0.3139578792074991,6,0,0,mixture/0.2/8/5/13
0.2,8,13,0,1000,800,5,constant,asw-pam,,4,0,0,mixture/0.2/8/5/13
0.2,8,14,0,1000,800,5,constant,safeguard,0.15497738663976734,8,1,1,mixture/0.2/8/5/14
0.2,8,14,0,1000,800,5,constant,asw-pam,,8,1,1,mixture/0.2/8/5/14
0.2,8,15,0,1000,800,5,constant,safeguard,0.24476133388125618,7,0,0,mixture/0.2/8/5/15
0.2,8,15,0,1000,800,5,constant,asw-pam,,8,1,1,mixture/0.2/8/5/15
0.2,8,16,0,1000,800,5,constant,safeguard,0.13667747382621548,8,1,1,mixture/0.2/8/5/16
0.2,8,16,0,1000,800,5,constant,asw-pam,,8,1,1,mixture/0.2/8/5/16
0.2,8,17,0,1000,800,5,constant,safeguard,0.1469711747838384,12,0,0,mixture/0.2/8/5/17
0.2,8,17,0,1000,800,5,constant,asw-pam,,8,1,1,mixture/0.2/8/5/17
0.2,8,18,0,1000,800,5,constant,safeguard,0.20873338052957593,8,1,1,mixture/0.2/8/5/18
0.2,8,18,0,1000,800,5,constant,asw-pam,,7,0,0,mixture/0.2/8/5/18
0.2,8,19,0,1000,800,5,constant,safeguard,0.20873338052957593,8,1,1,mixture/0.2/8/5/19
0.2,8,19,0,1000,800,5,constant,asw-pam,,3,0,0,mixture/0.2/8/5/19
0.2,8,20,0,1000,800,5,constant,safeguard,0.17989997220677947,7,0,0,mixture/0.2/8/5/20
0.2,8,20,0,1000,800,5,constant,asw-pam,,7,0,0,mixture/0.2/8/5/20
0.2,8,21,0,1000,800,5,constant,safeguard,0.20873338052957593,28,0,0,mixture/0.2/8/5/21
0.2,8,21,0,1000,800,5,constant,asw-pam,,7,0,0,mixture/0.2/8/5/21
0.2,8,22,0,1000,800,5,constant,safeguard,0.1313468690148342,47,0,0,mixture/0.2/8/5/22
0.2,8,22,0,1000,800,5,constant,asw-pam,,2,0,0,mixture/0.2/8/5/22
0.2,8,23,0,1000,800,5,constant,safeguard,0.16183985394484932,7,0,0,mixture/0.2/8/5/23
0.2,8,23,0,1000,800,5,constant,asw-pam,,7,0,0,mixture/0.2/8/5/23
0.2,8,24,0,1000,800,5,constant,safeguard,0.136105601550792,10,0,0,mixture/0.2/8/5/24
0.2,8,24,0,1000,800,5,constant,asw-pam,,6,0,0,mixture/0.2/8/5/24
0.2,8,25,0,1000,800,5,constant,safeguard,0.18185538358467165,7,0,0,mixture/0.2/8/5/25
0.2,8,25,0,1000,800,5,constant,asw-pam,,6,0,0,mixture/0.2/8/5/25
0.2,8,26,0,1000,800,5,constant,safeguard,0.1618398539448493,8,1,1,mixture/0.2/8/5/26
0.2,8,26,0,1000,800,5,constant,asw-pam,,4,0,0,mixture/0.2/8/5/26
0.2,8,27,0,1000,800,5,constant,safeguard,0.2327520160973627,6,0,0,mixture/0.2/8/5/27
0.2,8,27,0,1000,800,5,constant,asw-pam,,3,0,0,mixture/0.2/8/5/27
0.2,8,28,0,1000,800,5,constant,safeguard,0.1538336420889204,8,1,1,mixture/0.2/8/5/28
0.2,8,28,0,1000,800,5,constant,asw-pam,,3,0,0,mixture/0.2/8/5/28
0.2,8,29,0,1000,800,5,constant,safeguard,0.13249905660041514,8,1,1,mixture/0.2/8/5/29
0.2,8,29,0,1000,800,5,constant,asw-pam,,5,0,0,mixture/0.2/8/5/29
0.2,9,0,0,1000,800,5,constant,safeguard,0.1473499236511508,39,0,0,mixture/0.2/9/5/0
0.2,9,0,0,1000,800,5,constant,asw-pam,,9,1,0,mixture/0.2/9/5/0
0.2,9,1,0,1000,800,5,constant,safeguard,0.2218864428643163,9,1,1,mixture/0.2/9/5/1
0.2,9,1,0,1000,800,5,constant,asw-pam,,8,0,0,mixture/0.2/9/5/1
0.2,9,2,0,1000,800,5,constant,safeguard,0.259630013042267,7,0,0,mixture/0.2/9/5/2
0.2,9,2,0,1000,800,5,constant,asw-pam,,9,1,1,mixture/0.2/9/5/2
0.2,9,3,0,1000,800,5,constant,safeguard,0.18128351130924814,9,1,1,mixture/0.2/9/5/3
0.2,9,3,0,1000,800,5,constant,asw-pam,,9,1,1,mixture/0.2/9/5/3
0.2,9,4,0,1000,800,5,constant,safeguard,0.16412734304654322,7,0,0,mixture/0.2/9/5/4
0.2,9,4,0,1000,800,5,constant,asw-pam,,3,0,0,mixture/0.2/9/5/4
0.2,9,5,0,1000,800,5,constant,safeguard,0.34197962070325044,7,0,0,mixture/0.2/9/5/5
0.2,9,5,0,1000,800,5,constant,asw-pam,,9,1,1,mixture/0.2/9/5/5
0.2,9,6,0,1000,800,5,constant,safeguard,0.30652353962699375,6,0,0,mixture/0.2/9/5/6
0.2,9,6,0,1000,800,5,constant,asw-pam,,3,0,0,mixture/0.2/9/5/6
0.2,9,7,0,1000,800,5,constant,safeguard,0.18471474496178916,9,1,1,mixture/0.2/9/5/7
0.2,9,7,0,1000,800,5,constant,asw-pam,,9,1,1,mixture/0.2/9/5/7
0.2,9,8,0,1000,800,5,constant,safeguard,0.11265883825842864,9,1,1,mixture/0.2/9/5/8
0.2,9,8,0,1000,800,5,constant,asw-pam,,9,1,1,mixture/0.2/9/5/8
0.2,9,9,0,1000,800,5,constant,safeguard,0.1618398539448493,9,1,1,mixture/0.2/9/5/9
0.2,9,9,0,1000,800,5,constant,asw-pam,,8,0,0,mixture/0.2/9/5/9
0.2,9,10,0,1000,800,5,constant,safeguard,0.13953683520333296,23,0,0,mixture/0.2/9/5/10
0.2,9,10,0,1000,800,5,constant,asw-pam,,2,0,0,mixture/0.2/9/5/10
0.2,9,11,0,1000,800,5,constant,safeguard,0.2561987793897261,9,1,1,mixture/0.2/9/5/11
0.2,9,11,0,1000,800,5,constant,asw-pam,,8,0,0,mixture/0.2/9/5/11
0.2,9,12,0,1000,800,5,constant,safeguard,0.17098981035162522,9,1,1,mixture/0.2/9/5/12
0.2,9,12,0,1000,800,5,constant,asw-pam,,9,1,1,mixture/0.2/9/5/12
0.2,9,13,0,1000,800,5,constant,safeguard,0.1721335549024722,12,0,0,mixture/0.2/9/5/13
0.2,9,13,0,1000,800,5,constant,asw-pam,,9,1,1,mixture/0.2/9/5/13
0.2,9,14,0,1000,800,5,constant,safeguard,0.2556269071143026,9,1,1,mixture/0.2/9/5/14
0.2,9,14,0,1000,800,5,constant,asw-pam,,4,0,0,mixture/0.2/9/5/14
0.2,9,15,0,1000,800,5,constant,safeguard,0.1475430470592619,9,1,1,mixture/0.2/9/5/15
0.2,9,15,0,1000,800,5,constant,asw-pam,,7,0,0,mixture/0.2/9/5/15
0.2,9,16,0,1000,800,5,constant,safeguard,0.2847923931609009,7,0,0,mixture/0.2/9/5/16
0.2,9,16,0,1000,800,5,constant,asw-pam,,9,1,1,mixture/0.2/9/5/16
0.2,9,17,0,1000,800,5,constant,safeguard,0.16755857669908428,9,1,1,mixture/0.2/9/5/17
0.2,9,17,0,1000,800,5,constant,asw-pam,,8,0,0,mixture/0.2/9/5/17
0.2,9,18,0,1000,800,5,constant,safeguard,0.30709541190241724,4,0,0,mixture/0.2/9/5/18
0.2,9,18,0,1000,800,5,constant,asw-pam,,2,0,0,mixture/0.2/9/5/18
0.2,9,19,0,1000,800,5,constant,safeguard,0.2773580535803954,9,1,1,mixture/0.2/9/5/19
0.2,9,19,0,1000,800,5,constant,asw-pam,,9,1,1,mixture/0.2/9/5/19
0.2,9,20,0,1000,800,5,constant,safeguard,0.17956789448297764,8,0,0,mixture/0.2/9/5/20
0.2,9,20,0,1000,800,5,constant,asw-pam,,6,0,0,mixture/0.2/9/5/20
0.2,9,21,0,1000,800,5,constant,safeguard,0.1744210440041662,43,0,0,mixture/0.2/9/5/21
0.2,9,21,0,1000,800,5,constant,asw-pam,,6,0,0,mixture/0.2/9/5/21
0.2,9,22,0,1000,800,5,constant,safeguard,0.29051111591513584,9,1,1,mixture/0.2/9/5/22
0.2,9,22,0,1000,800,5,constant,asw-pam,,9,1,1,mixture/0.2/9/5/22
0.2,9,23,0,1000,800,5,constant,safeguard,0.19500844591941205,8,0,0,mixture/0.2/9/5/23
0.2,9,23,0,1000,800,5,constant,asw-pam,,8,0,0,mixture/0.2/9/5/23
0.2,9,24,0,1000,800,5,constant,safeguard,0.1784241499321307,10,0,0,mixture/0.2/9/5/24
0.2,9,24,0,1000,800,5,constant,asw-pam,,8,0,0,mixture/0.2/9/5/24
0.2,9,25,0,1000,800,5,constant,safeguard,0.16984606580077827,8,0,0,mixture/0.2/9/5/25
0.2,9,25,0,1000,800,5,constant,asw-pam,,6,0,0,mixture/0.2/9/5/25
0.2,9,26,0,1000,800,5,constant,safeguard,0.17213355490247223,9,1,1,mixture/0.2/9/5/26
0.2,9,26,0,1000,800,5,constant,asw-pam,,8,0,0,mixture/0.2/9/5/26
0.2,9,27,0,1000,800,5,constant,safeguard,0.3008048168727588,8,0,0,mixture/0.2/9/5/27
0.2,9,27,0,1000,800,5,constant,asw-pam,,8,0,0,mixture/0.2/9/5/27
0.2,9,28,0,1000,800,5,constant,safeguard,0.21159274190669342,9,1,1,mixture/0.2/9/5/28
0.2,9,28,0,1000,800,5,constant,asw-pam,,9,1,1,mixture/0.2/9/5/28
0.2,9,29,0,1000,800,5,constant,safeguard,0.23389576064820977,9,1,1,mixture/0.2/9/5/29
0.2,9,29,0,1000,800,5,constant,asw-pam,,9,1,1,mixture/0.2/9/5/29
0.2,10,0,0,1000,800,5,constant,safeguard,0.16927419352535475,8,0,0,mixture/0.2/10/5/0
0.2,10,0,0,1000,800,5,constant,asw-pam,,7,0,0,mixture/0.2/10/5/0
0.2,10,1,0,1000,800,5,constant,safeguard,0.15211802526264986,12,0,0,mixture/0.2/10/5/1
0.2,10,1,0,1000,800,5,constant,asw-pam,,6,0,0,mixture/0.2/10/5/1
0.2,10,2,0,1000,800,5,constant,safeguard,0.2258895487922808,10,1,1,mixture/0.2/10/5/2
0.2,10,2,0,1000,800,5,constant,asw-pam,,9,0,0,mixture/0.2/10/5/2
0.2,10,3,0,1000,800,5,constant,safeguard,0.1887178508897536,10,1,1,mixture/0.2/10/5/3
0.2,10,3,0,1000,800,5,constant,asw-pam,,8,0,0,mixture/0.2/10/5/3
0.2,10,4,0,1000,800,5,constant,safeguard,0.27163933082616043,10,1,1,mixture/0.2/10/5/4
0.2,10,4,0,1000,800,5,constant,asw-pam,,10,1,1,mixture/0.2/10/5/4
0.2,10,5,0,1000,800,5,constant,safeguard,0.1978678072965295,10,1,1,mixture/0.2/10/5/5
0.2,10,5,0,1000,800,5,constant,asw-pam,,9,0,0,mixture/0.2/10/5/5
0.2,10,6,0,1000,800,5,constant,safeguard,0.18128351130924814,9,0,0,mixture/0.2/10/5/6
0.2,10,6,0,1000,800,5,constant,asw-pam,,6,0,0,mixture/0.2/10/5/6
0.2,10,7,0,1000,800,5,constant,safeguard,0.19443657364398853,14,0,0,mixture/0.2/10/5/7
0.2,10,7,0,1000,800,5,constant,asw-pam,,8,0,0,mixture/0.2/10/5/7
0.2,10,8,0,1000,800,5,constant,safeguard,0.27735805358039545,7,0,0,mixture/0.2/10/5/8
0.2,10,8,0,1000,800,5,constant,asw-pam,,2,0,0,mixture/0.2/10/5/8
0.2,10,9,0,1000,800,5,constant,safeguard,0.1646992153219668,13,0,0,mixture/0.2/10/5/9
0.2,10,9,0,1000,800,5,constant,asw-pam,,9,0,0,mixture/0.2/10/5/9
0.2,10,10,0,1000,800,5,constant,safeguard,0.18471474496178908,10,1,0,mixture/0.2/10/5/10
0.2,10,10,0,1000,800,5,constant,asw-pam,,9,0,0,mixture/0.2/10/5/10
0.2,10,11,0,1000,800,5,constant,safeguard,0.1870022340634831,9,0,0,mixture/0.2/10/5/11
0.2,10,11,0,1000,800,5,constant,asw-pam,,6,0,0,mixture/0.2/10/5/11
0.2,10,12,0,1000,800,5,constant,safeguard,0.14228141129465927,10,1,1,mixture/0.2/10/5/12
0.2,10,12,0,1000,800,5,constant,asw-pam,,10,1,1,mixture/0.2/10/5/12
0.2,10,13,0,1000,800,5,constant,safeguard,0.2613456298685376,7,0,0,mixture/0.2/10/5/13
0.2,10,13,0,1000,800,5,constant,asw-pam,,8,0,0,mixture/0.2/10/5/13
0.2,10,14,0,1000,800,5,constant,safeguard,0.26935184172446647,7,0,0,mixture/0.2/10/5/14
0.2,10,14,0,1000,800,5,constant,asw-pam,,10,1,1,mixture/0.2/10/5/14
0.2,10,15,0,1000,800,5,constant,safeguard,0.17270542717789575,10,1,1,mixture/0.2/10/5/15
0.2,10,15,0,1000,800,5,constant,asw-pam,,2,0,0,mixture/0.2/10/5/15
0.2,10,16,0,1000,800,5,constant,safeguard,0.15383364208892036,10,1,1,mixture/0.2/10/5/16
0.2,10,16,0,1000,800,5,constant,asw-pam,,10,1,1,mixture/0.2/10/5/16
0.2,10,17,0,1000,800,5,constant,safeguard,0.23218014382193927,10,1,1,mixture/0.2/10/5/17
0.2,10,17,0,1000,800,5,constant,asw-pam,,10,1,1,mixture/0.2/10/5/17
0.2,10,18,0,1000,800,5,constant,safeguard,0.15937377450509235,10,1,1,mixture/0.2/10/5/18
0.2,10,18,0,1000,800,5,constant,asw-pam,,8,0,0,mixture/0.2/10/5/18
0.2,10,19,0,1000,800,5,constant,safeguard,0.16069610939400228,10,1,1,mixture/0.2/10/5/19
0.2,10,19,0,1000,800,5,constant,asw-pam,,8,0,0,mixture/0.2/10/5/19
0.2,10,20,0,1000,800,5,constant,safeguard,0.1481149193346854,10,1,1,mixture/0.2/10/5/20
0.2,10,20,0,1000,800,5,constant,asw-pam,,9,0,0,mixture/0.2/10/5/20
0.2,10,21,0,1000,800,5,constant,safeguard,0.2419019725041387,9,0,0,mixture/0.2/10/5/21
0.2,10,21,0,1000,800,5,constant,asw-pam,,8,0,0,mixture/0.2/10/5/21
0.2,10,22,0,1000,800,5,constant,safeguard,0.27049558627531345,9,0,0,mixture/0.2/10/5/22
0.2,10,22,0,1000,800,5,constant,asw-pam,,8,0,0,mixture/0.2/10/5/22
0.2,10,23,0,1000,800,5,constant,safeguard,0.20072716867364698,10,1,1,mixture/0.2/10/5/23
0.2,10,23,0,1000,800,5,constant,asw-pam,,9,0,0,mixture/0.2/10/5/23
0.2,10,24,0,1000,800,5,constant,safeguard,0.19901155184737654,8,0,0,mixture/0.2/10/5/24
0.2,10,24,0,1000,800,5,constant,asw-pam,,8,0,0,mixture/0.2/10/5/24
0.2,10,25,0,1000,800,5,constant,safeguard,0.1978678072965295,10,1,1,mixture/0.2/10/5/25
0.2,10,25,0,1000,800,5,constant,asw-pam,,10,1,1,mixture/0.2/10/5/25
0.2,10,26,0,1000,800,5,constant,safeguard,0.1635554707711198,10,1,1,mixture/0.2/10/5/26
0.2,10,26,0,1000,800,5,constant,asw-pam,,9,0,0,mixture/0.2/10/5/26
0.2,10,27,0,1000,800,5,constant,safeguard,0.20587401915245845,8,0,0,mixture/0.2/10/5/27
0.2,10,27,0,1000,800,5,constant,asw-pam,,8,0,0,mixture/0.2/10/5/27
0.2,10,28,0,1000,800,5,constant,safeguard,0.1858584895126361,9,0,0,mixture/0.2/10/5/28
0.2,10,28,0,1000,800,5,constant,asw-pam,,9,0,0,mixture/0.2/10/5/28
0.2,10,29,0,1000,800,5,constant,safeguard,0.12089665007765936,9,0,0,mixture/0.2/10/5/29
0.2,10,29,0,1000,800,5,constant,asw-pam,,9,0,0,mixture/0.2/10/5/29
0.3,2,0,0,1000,800,5,constant,safeguard,0.12933676971379798,2,1,1,mixture/0.3/2/5/0
0.3,2,0,0,1000,800,5,constant,asw-pam,,2,1,1,mixture/0.3/2/5/0
0.3,2,1,0,1000,800,5,constant,safeguard,0.11952130556351058,2,1,1,mixture/0.3/2/5/1
0.3,2,1,0,1000,800,5,constant,asw-pam,,2,1,1,mixture/0.3/2/5/1
0.3,2,2,0,1000,800,5,constant,safeguard,0.15436320805165982,2,1,1,mixture/0.3/2/5/2
0.3,2,2,0,1000,800,5,constant,asw-pam,,2,1,1,mixture/0.3/2/5/2
0.3,2,3,0,1000,800,5,constant,safeguard,0.10641428475538411,2,1,1,mixture/0.3/2/5/3
0.3,2,3,0,1000,800,5,constant,asw-pam,,2,1,1,mixture/0.3/2/5/3
0.3,2,4,0,1000,800,5,constant,safeguard,0.07461903242471044,2,1,1,mixture/0.3/2/5/4
0.3,2,4,0,1000,800,5,constant,asw-pam,,2,1,1,mixture/0.3/2/5/4
0.3,2,5,0,1000,800,5,constant,safeguard,0.3133860069320757,2,1,1,mixture/0.3/2/5/5
0.3,2,5,0,1000,800,5,constant,asw-pam,,2,1,1,mixture/0.3/2/5/5
0.3,2,6,0,1000,800,5,constant,safeguard,0.12123692238978111,2,1,1,mixture/0.3/2/5/6
0.3,2,6,0,1000,800,5,constant,asw-pam,,2,1,1,mixture/0.3/2/5/6
0.3,2,7,0,1000,800,5,constant,safeguard,0.1629835984956963,2,1,1,mixture/0.3/2/5/7
0.3,2,7,0,1000,800,5,constant,asw-pam,,2,1,1,mixture/0.3/2/5/7
0.3,2,8,0,1000,800,5,constant,safeguard,0.08858893836140037,2,1,1,mixture/0.3/2/5/8
0.3,2,8,0,1000,800,5,constant,asw-pam,,2,1,1,mixture/0.3/2/5/8
0.3,2,9,0,1000,800,5,constant,safeguard,0.1749929162795897,2,1,1,mixture/0.3/2/5/9
0.3,2,9,0,1000,800,5,constant,asw-pam,,2,1,1,mixture/0.3/2/5/9
0.3,2,10,0,1000,800,5,constant,safeguard,0.09295160030897805,2,1,1,mixture/0.3/2/5/10
0.3,2,10,0,1000,800,5,constant,asw-pam,,2,1,1,mixture/0.3/2/5/10
0.3,2,11,0,1000,800,5,constant,safeguard,0.24018635567786817,2,1,1,mixture/0.3/2/5/11
0.3,2,11,0,1000,800,5,constant,asw-pam,,2,1,1,mixture/0.3/2/5/11
0.3,2,12,0,1000,800,5,constant,safeguard,0.2293207824448218,2,1,1,mixture/0.3/2/5/12
0.3,2,12,0,1000,800,5,constant,asw-pam,,2,1,1,mixture/0.3/2/5/12
0.3,2,13,0,1000,800,5,constant,safeguard,0.16298359849569627,2,1,1,mixture/0.3/2/5/13
0.3,2,13,0,1000,800,5,constant,asw-pam,,2,1,1,mixture/0.3/2/5/13
0.3,2,14,0,1000,800,5,constant,safeguard,0.2584862684914201,2,1,1,mixture/0.3/2/5/14
0.3,2,14,0,1000,800,5,constant,asw-pam,,2,1,1,mixture/0.3/2/5/14
0.3,2,15,0,1000,800,5,constant,safeguard,0.12409628376689857,2,1,1,mixture/0.3/2/5/15
0.3,2,15,0,1000,800,5,constant,asw-pam,,2,1,1,mixture/0.3/2/5/15
0.3,2,16,0,1000,800,5,constant,safeguard,0.23904261112702122,2,1,1,mixture/0.3/2/5/16
0.3,2,16,0,1000,800,5,constant,asw-pam,,2,1,1,mixture/0.3/2/5/16
0.3,2,17,0,1000,800,5,constant,safeguard,0.13326664999166152,2,1,1,mixture/0.3/2/5/17
0.3,2,17,0,1000,800,5,constant,asw-pam,,2,1,1,mixture/0.3/2/5/17
0.3,2,18,0,1000,800,5,constant,safeguard,0.13818827736099748,2,1,1,mixture/0.3/2/5/18
0.3,2,18,0,1000,800,5,constant,asw-pam,,2,1,1,mixture/0.3/2/5/18
0.3,2,19,0,1000,800,5,constant,safeguard,0.15861904047118688,2,1,1,mixture/0.3/2/5/19
0.3,2,19,0,1000,800,5,constant,asw-pam,,2,1,1,mixture/0.3/2/5/19
0.3,2,20,0,1000,800,5,constant,safeguard,0.12649110640673522,2,1,1,mixture/0.3/2/5/20
0.3,2,20,0,1000,800,5,constant,asw-pam,,2,1,1,mixture/0.3/2/5/20
0.3,2,21,0,1000,800,5,constant,safeguard,0.24304571705498568,2,1,1,mixture/0.3/2/5/21
0.3,2,21,0,1000,800,5,constant,asw-pam,,2,1,1,mixture/0.3/2/5/21
0.3,2,22,0,1000,800,5,constant,safeguard,0.14549226783578575,2,1,1,mixture/0.3/2/5/22
0.3,2,22,0,1000,800,5,constant,asw-pam,,2,1,1,mixture/0.3/2/5/22
0.3,2,23,0,1000,800,5,constant,safeguard,0.12066505011435762,2,1,1,mixture/0.3/2/5/23
0.3,2,23,0,1000,800,5,constant,asw-pam,,2,1,1,mixture/0.3/2/5/23
0.3,2,24,0,1000,800,5,constant,safeguard,0.10039920318408894,2,1,1,mixture/0.3/2/5/24
0.3,2,24,0,1000,800,5,constant,asw-pam,,2,1,1,mixture/0.3/2/5/24
0.3,2,25,0,1000,800,5,constant,safeguard,0.16641483214823727,2,1,1,mixture/0.3/2/5/25
0.3,2,25,0,1000,800,5,constant,asw-pam,,2,1,1,mixture/0.3/2/5/25
0.3,2,26,0,1000,800,5,constant,safeguard,0.14353994113129742,2,1,1,mixture/0.3/2/5/26
0.3,2,26,0,1000,800,5,constant,asw-pam,,2,1,1,mixture/0.3/2/5/26
0.3,2,27,0,1000,800,5,constant,safeguard,0.12981500652113354,2,1,1,mixture/0.3/2/5/27
0.3,2,27,0,1000,800,5,constant,asw-pam,,2,1,1,mixture/0.3/2/5/27
0.3,2,28,0,1000,800,5,constant,safeguard,0.15612113119061435,2,1,1,mixture/0.3/2/5/28
0.3,2,28,0,1000,800,5,constant,asw-pam,,2,1,1,mixture/0.3/2/5/28
0.3,2,29,0,1000,800,5,constant,safeguard,0.19500844591941202,2,1,1,mixture/0.3/2/5/29
0.3,2,29,0,1000,800,5,constant,asw-pam,,2,1,1,mixture/0.3/2/5/29
0.3,3,0,0,1000,800,5,constant,safeguard,0.12524002831774556,3,1,1,mixture/0.3/3/5/0
0.3,3,0,0,1000,800,5,constant,asw-pam,,3,1,1,mixture/0.3/3/5/0
0.3,3,1,0,1000,800,5,constant,safeguard,0.26592060807192547,3,1,1,mixture/0.3/3/5/1
0.3,3,1,0,1000,800,5,constant,asw-pam,,2,0,0,mixture/0.3/3/5/1
0.3,3,2,0,1000,800,5,constant,safeguard,0.10307278981380087,3,1,1,mixture/0.3/3/5/2
0.3,3,2,0,1000,800,5,constant,asw-pam,,3,1,1,mixture/0.3/3/5/2
0.3,3,3,0,1000,800,5,constant,safeguard,0.15864425612041544,3,1,1,mixture/0.3/3/5/3
0.3,3,3,0,1000,800,5,constant,asw-pam,,3,1,1,mixture/0.3/3/5/3
0.3,3,4,0,1000,800,5,constant,safeguard,0.12409628376689856,5,0,0,mixture/0.3/3/5/4
0.3,3,4,0,1000,800,5,constant,asw-pam,,3,1,1,mixture/0.3/3/5/4
0.3,3,5,0,1000,800,5,constant,safeguard,0.132674367898251,3,1,1,mixture/0.3/3/5/5
0.3,3,5,0,1000,800,5,constant,asw-pam,,3,1,1,mixture/0.3/3/5/5
0.3,3,6,0,1000,800,5,constant,safeguard,0.14228141129465938,3,1,1,mixture/0.3/3/5/6
0.3,3,6,0,1000,800,5,constant,asw-pam,,3,1,1,mixture/0.3/3/5/6
0.3,3,7,0,1000,800,5,constant,safeguard,0.10533755265810944,3,1,1,mixture/0.3/3/5/7
0.3,3,7,0,1000,800,5,constant,asw-pam,,3,1,1,mixture/0.3/3/5/7
0.3,3,8,0,1000,800,5,constant,safeguard,0.1441118134067209,3,1,1,mixture/0.3/3/5/8
0.3,3,8,0,1000,800,5,constant,asw-pam,,3,1,1,mixture/0.3/3/5/8
0.3,3,9,0,1000,800,5,constant,safeguard,0.2670643526227725,3,1,1,mixture/0.3/3/5/9
0.3,3,9,0,1000,800,5,constant,asw-pam,,3,1,1,mixture/0.3/3/5/9
0.3,3,10,0,1000,800,5,constant,safeguard,0.1995834241228,3,1,1,mixture/0.3/3/5/10
0.3,3,10,0,1000,800,5,constant,asw-pam,,2,0,0,mixture/0.3/3/5/10
0.3,3,11,0,1000,800,5,constant,safeguard,0.137249346101639,3,1,1,mixture/0.3/3/5/11
0.3,3,11,0,1000,800,5,constant,asw-pam,,2,0,0,mixture/0.3/3/5/11
0.3,3,12,0,1000,800,5,constant,safeguard,0.10751744044572477,3,1,1,mixture/0.3/3/5/12
0.3,3,12,0,1000,800,5,constant,asw-pam,,3,1,1,mixture/0.3/3/5/12
0.3,3,13,0,1000,800,5,constant,safeguard,0.16431676725154992,3,1,1,mixture/0.3/3/5/13
0.3,3,13,0,1000,800,5,constant,asw-pam,,3,1,1,mixture/0.3/3/5/13
0.3,3,14,0,1000,800,5,constant,safeguard,0.3614232780676493,2,0,0,mixture/0.3/3/5/14
0.3,3,14,0,1000,800,5,constant,asw-pam,,2,0,0,mixture/0.3/3/5/14
0.3,3,15,0,1000,800,5,constant,safeguard,0.23446763292363326,3,1,1,mixture/0.3/3/5/15
0.3,3,15,0,1000,800,5,constant,asw-pam,,3,1,1,mixture/0.3/3/5/15
0.3,3,16,0,1000,800,5,constant,safeguard,0.09533100230250377,3,1,1,mixture/0.3/3/5/16
0.3,3,16,0,1000,800,5,constant,asw-pam,,3,1,1,mixture/0.3/3/5/16
0.3,3,17,0,1000,800,5,constant,safeguard,0.15268989753807335,3,1,1,mixture/0.3/3/5/17
0.3,3,17,0,1000,800,5,constant,asw-pam,,2,0,0,mixture/0.3/3/5/17
0.3,3,18,0,1000,800,5,constant,safeguard,0.11256997823576237,3,1,1,mixture/0.3/3/5/18
0.3,3,18,0,1000,800,5,constant,asw-pam,,3,1,1,mixture/0.3/3/5/18
0.3,3,19,0,1000,800,5,constant,safeguard,0.19091359302050748,3,1,1,mixture/0.3/3/5/19
0.3,3,19,0,1000,800,5,constant,asw-pam,,2,0,0,mixture/0.3/3/5/19
0.3,3,20,0,1000,800,5,constant,safeguard,0.12638377286859254,3,1,1,mixture/0.3/3/5/20
0.3,3,20,0,1000,800,5,constant,asw-pam,,2,0,0,mixture/0.3/3/5/20
0.3,3,21,0,1000,800,5,constant,safeguard,0.050199601592044514,3,1,1,mixture/0.3/3/5/21
0.3,3,21,0,1000,800,5,constant,asw-pam,,3,1,0,mixture/0.3/3/5/21
0.3,3,22,0,1000,800,5,constant,safeguard,0.3179609851354636,3,1,1,mixture/0.3/3/5/22
0.3,3,22,0,1000,800,5,constant,asw-pam,,3,1,1,mixture/0.3/3/5/22
0.3,3,23,0,1000,800,5,constant,safeguard,0.11323071053385216,3,1,1,mixture/0.3/3/5/23
0.3,3,23,0,1000,800,5,constant,asw-pam,,3,1,1,mixture/0.3/3/5/23
0.3,3,24,0,1000,800,5,constant,safeguard,0.14068057975417994,3,1,1,mixture/0.3/3/5/24
0.3,3,24,0,1000,800,5,constant,asw-pam,,3,1,1,mixture/0.3/3/5/24
0.3,3,25,0,1000,800,5,constant,safeguard,0.13266499161421588,3,1,1,mixture/0.3/3/5/25
0.3,3,25,0,1000,800,5,constant,asw-pam,,3,1,1,mixture/0.3/3/5/25
0.3,3,26,0,1000,800,5,constant,safeguard,0.16412734304654325,3,1,1,mixture/0.3/3/5/26
0.3,3,26,0,1000,800,5,constant,asw-pam,,3,1,1,mixture/0.3/3/5/26
0.3,3,27,0,1000,800,5,constant,safeguard,0.198439679571953,3,1,1,mixture/0.3/3/5/27
0.3,3,27,0,1000,800,5,constant,asw-pam,,3,1,1,mixture/0.3/3/5/27
0.3,3,28,0,1000,800,5,constant,safeguard,0.12633289357882993,3,1,1,mixture/0.3/3/5/28
0.3,3,28,0,1000,800,5,constant,asw-pam,,2,0,0,mixture/0.3/3/5/28
0.3,3,29,0,1000,800,5,constant,safeguard,0.11849050594878904,3,1,1,mixture/0.3/3/5/29
0.3,3,29,0,1000,800,5,constant,asw-pam,,3,1,1,mixture/0.3/3/5/29
0.3,4,0,0,1000,800,5,constant,safeguard,0.1596370884224591,4,1,1,mixture/0.3/4/5/0
0.3,4,0,0,1000,800,5,constant,asw-pam,,2,0,0,mixture/0.3/4/5/0
0.3,4,1,0,1000,800,5,constant,safeguard,0.13084341787036907,4,1,1,mixture/0.3/4/5/1
0.3,4,1,0,1000,800,5,constant,asw-pam,,4,1,1,mixture/0.3/4/5/1
0.3,4,2,0,1000,800,5,constant,safeguard,0.3025204336990292,4,1,1,mixture/0.3/4/5/2
0.3,4,2,0,1000,800,5,constant,asw-pam,,2,0,0,mixture/0.3/4/5/2
0.3,4,3,0,1000,800,5,constant,safeguard,0.22417393196601032,4,1,1,mixture/0.3/4/5/3
0.3,4,3,0,1000,800,5,constant,asw-pam,,4,1,1,mixture/0.3/4/5/3
0.3,4,4,0,1000,800,5,constant,safeguard,0.12961481396815727,4,1,1,mixture/0.3/4/5/4
0.3,4,4,0,1000,800,5,constant,asw-pam,,3,0,0,mixture/0.3/4/5/4
0.3,4,5,0,1000,800,5,constant,safeguard,0.2590581407668435,5,0,0,mixture/0.3/4/5/5
0.3,4,5,0,1000,800,5,constant,asw-pam,,4,1,1,mixture/0.3/4/5/5
0.3,4,6,0,1000,800,5,constant,safeguard,0.16188885075878456,4,1,1,mixture/0.3/4/5/6
0.3,4,6,0,1000,800,5,constant,asw-pam,,4,1,1,mixture/0.3/4/5/6
0.3,4,7,0,1000,800,5,constant,safeguard,0.15497738663976734,4,1,1,mixture/0.3/4/5/7
0.3,4,7,0,1000,800,5,constant,asw-pam,,2,0,0,mixture/0.3/4/5/7
0.3,4,8,0,1000,800,5,constant,safeguard,0.12871674327763258,4,1,1,mixture/0.3/4/5/8
0.3,4,8,0,1000,800,5,constant,asw-pam,,2,0,0,mixture/0.3/4/5/8
0.3,4,9,0,1000,800,5,constant,safeguard,0.22131457058889284,4,1,1,mixture/0.3/4/5/9
0.3,4,9,0,1000,800,5,constant,asw-pam,,2,0,0,mixture/0.3/4/5/9
0.3,4,10,0,1000,800,5,constant,safeguard,0.09474175425861613,4,1,1,mixture/0.3/4/5/10
0.3,4,10,0,1000,800,5,constant,asw-pam,,2,0,0,mixture/0.3/4/5/10
0.3,4,11,0,1000,800,5,constant,safeguard,0.15097428071180288,4,1,1,mixture/0.3/4/5/11
0.3,4,11,0,1000,800,5,constant,asw-pam,,2,0,0,mixture/0.3/4/5/11
0.3,4,12,0,1000,800,5,constant,safeguard,0.1366774738262155,4,1,1,mixture/0.3/4/5/12
0.3,4,12,0,1000,800,5,constant,asw-pam,,4,1,1,mixture/0.3/4/5/12
0.3,4,13,0,1000,800,5,constant,safeguard,0.11609007191096962,4,1,1,mixture/0.3/4/5/13
0.3,4,13,0,1000,800,5,constant,asw-pam,,4,1,1,mixture/0.3/4/5/13
0.3,4,14,0,1000,800,5,constant,safeguard,0.11593101396951543,4,1,1,mixture/0.3/4/5/14
0.3,4,14,0,1000,800,5,constant,asw-pam,,4,1,1,mixture/0.3/4/5/14
0.3,4,15,0,1000,800,5,constant,safeguard,0.23618324974990376,3,0,0,mixture/0.3/4/5/15
0.3,4,15,0,1000,800,5,constant,asw-pam,,2,0,0,mixture/0.3/4/5/15
0.3,4,16,0,1000,800,5,constant,safeguard,0.16584295987281378,4,1,1,mixture/0.3/4/5/16
0.3,4,16,0,1000,800,5,constant,asw-pam,,4,1,1,mixture/0.3/4/5/16
0.3,4,17,0,1000,800,5,constant,safeguard,0.13192422067232393,4,1,1,mixture/0.3/4/5/17
0.3,4,17,0,1000,800,5,constant,asw-pam,,3,0,0,mixture/0.3/4/5/17
0.3,4,18,0,1000,800,5,constant,safeguard,0.11894943328808712,4,1,1,mixture/0.3/4/5/18
0.3,4,18,0,1000,800,5,constant,asw-pam,,4,1,1,mixture/0.3/4/5/18
0.3,4,19,0,1000,800,5,constant,safeguard,0.09785703858180059,4,1,1,mixture/0.3/4/5/19
0.3,4,19,0,1000,800,5,constant,asw-pam,,4,1,1,mixture/0.3/4/5/19
0.3,4,20,0,1000,800,5,constant,safeguard,0.11466472866579318,4,1,1,mixture/0.3/4/5/20
0.3,4,20,0,1000,800,5,constant,asw-pam,,4,1,1,mixture/0.3/4/5/20
0.3,4,21,0,1000,800,5,constant,safeguard,0.11027239001672183,4,1,1,mixture/0.3/4/5/21
0.3,4,21,0,1000,800,5,constant,asw-pam,,2,0,0,mixture/0.3/4/5/21
0.3,4,22,0,1000,800,5,constant,safeguard,0.16984606580077827,4,1,1,mixture/0.3/4/5/22
0.3,4,22,0,1000,800,5,constant,asw-pam,,2,0,0,mixture/0.3/4/5/22
0.3,4,23,0,1000,800,5,constant,safeguard,0.19672406274568252,4,1,1,mixture/0.3/4/5/23
0.3,4,23,0,1000,800,5,constant,asw-pam,,4,1,1,mixture/0.3/4/5/23
0.3,4,24,0,1000,800,5,constant,safeguard,0.16099689437998493,4,1,1,mixture/0.3/4/5/24
0.3,4,24,0,1000,800,5,constant,asw-pam,,3,0,0,mixture/0.3/4/5/24
0.3,4,25,0,1000,800,5,constant,safeguard,0.12099586769803328,4,1,1,mixture/0.3/4/5/25
0.3,4,25,0,1000,800,5,constant,asw-pam,,3,0,0,mixture/0.3/4/5/25
0.3,4,26,0,1000,800,5,constant,safeguard,0.22646142106770428,3,0,0,mixture/0.3/4/5/26
0.3,4,26,0,1000,800,5,constant,asw-pam,,2,0,0,mixture/0.3/4/5/26
0.3,4,27,0,1000,800,5,constant,safeguard,0.15256474035634845,4,1,1,mixture/0.3/4/5/27
0.3,4,27,0,1000,800,5,constant,asw-pam,,2,0,0,mixture/0.3/4/5/27
0.3,4,28,0,1000,800,5,constant,safeguard,0.133818112449098,4,1,1,mixture/0.3/4/5/28
0.3,4,28,0,1000,800,5,constant,asw-pam,,4,1,1,mixture/0.3/4/5/28
0.3,4,29,0,1000,800,5,constant,safeguard,0.12325583150504488,4,1,1,mixture/0.3/4/5/29
0.3,4,29,0,1000,800,5,constant,asw-pam,,4,1,1,mixture/0.3/4/5/29
0.3,5,0,0,1000,800,5,constant,safeguard,0.41460739968203447,3,0,0,mixture/0.3/5/5/0
0.3,5,0,0,1000,800,5,constant,asw-pam,,2,0,0,mixture/0.3/5/5/0
0.3,5,1,0,1000,800,5,constant,safeguard,0.10939835464941862,5,1,1,mixture/0.3/5/5/1
0.3,5,1,0,1000,800,5,constant,asw-pam,,5,1,1,mixture/0.3/5/5/1
0.3,5,2,0,1000,800,5,constant,safeguard,0.11232096865679166,5,1,1,mixture/0.3/5/5/2
0.3,5,2,0,1000,800,5,constant,asw-pam,,2,0,0,mixture/0.3/5/5/2
0.3,5,3,0,1000,800,5,constant,safeguard,0.13266499161421605,5,1,1,mixture/0.3/5/5/3
0.3,5,3,0,1000,800,5,constant,asw-pam,,2,0,0,mixture/0.3/5/5/3
0.3,5,4,0,1000,800,5,constant,safeguard,0.14983053616095587,5,1,1,mixture/0.3/5/5/4
0.3,5,4,0,1000,800,5,constant,asw-pam,,5,1,1,mixture/0.3/5/5/4
0.3,5,5,0,1000,800,5,constant,safeguard,0.11952130556351061,5,1,1,mixture/0.3/5/5/5
0.3,5,5,0,1000,800,5,constant,asw-pam,,2,0,0,mixture/0.3/5/5/5
0.3,5,6,0,1000,800,5,constant,safeguard,0.13386560424545216,5,1,1,mixture/0.3/5/5/6
0.3,5,6,0,1000,800,5,constant,asw-pam,,5,1,1,mixture/0.3/5/5/6
0.3,5,7,0,1000,800,5,constant,safeguard,0.23389576064820977,5,1,1,mixture/0.3/5/5/7
0.3,5,7,0,1000,800,5,constant,asw-pam,,5,1,1,mixture/0.3/5/5/7
0.3,5,8,0,1000,800,5,constant,safeguard,0.2453332061566797,5,1,1,mixture/0.3/5/5/8
0.3,5,8,0,1000,800,5,constant,asw-pam,,5,1,1,mixture/0.3/5/5/8
0.3,5,9,0,1000,800,5,constant,safeguard,0.2670643526227725,4,0,0,mixture/0.3/5/5/9
0.3,5,9,0,1000,800,5,constant,asw-pam,,3,0,0,mixture/0.3/5/5/9
0.3,5,10,0,1000,800,5,constant,safeguard,0.23160827154651575,5,1,1,mixture/0.3/5/5/10
0.3,5,10,0,1000,800,5,constant,asw-pam,,5,1,1,mixture/0.3/5/5/10
0.3,5,11,0,1000,800,5,constant,safeguard,0.16755857669908428,5,1,1,mixture/0.3/5/5/11
0.3,5,11,0,1000,800,5,constant,asw-pam,,5,1,1,mixture/0.3/5/5/11
0.3,5,12,0,1000,800,5,constant,safeguard,0.16012423711857882,5,1,1,mixture/0.3/5/5/12
0.3,5,12,0,1000,800,5,constant,asw-pam,,5,1,1,mixture/0.3/5/5/12
0.3,5,13,0,1000,800,5,constant,safeguard,0.11603447763488235,5,1,1,mixture/0.3/5/5/13
0.3,5,13,0,1000,800,5,constant,asw-pam,,4,0,0,mixture/0.3/5/5/13
0.3,5,14,0,1000,800,5,constant,safeguard,0.16870232124993123,5,1,1,mixture/0.3/5/5/14
0.3,5,14,0,1000,800,5,constant,asw-pam,,2,0,0,mixture/0.3/5/5/14
0.3,5,15,0,1000,800,5,constant,safeguard,0.09674709297958245,5,1,1,mixture/0.3/5/5/15
0.3,5,15,0,1000,800,5,constant,asw-pam,,5,1,1,mixture/0.3/5/5/15
0.3,5,16,0,1000,800,5,constant,safeguard,0.18931455305918762,5,1,1,mixture/0.3/5/5/16
0.3,5,16,0,1000,800,5,constant,asw-pam,,4,0,0,mixture/0.3/5/5/16
0.3,5,17,0,1000,800,5,constant,safeguard,0.13953683520333296,6,0,0,mixture/0.3/5/5/17
0.3,5,17,0,1000,800,5,constant,asw-pam,,4,0,0,mixture/0.3/5/5/17
0.3,5,18,0,1000,800,5,constant,safeguard,0.1469711747838384,5,1,1,mixture/0.3/5/5/18
0.3,5,18,0,1000,800,5,constant,asw-pam,,3,0,0,mixture/0.3/5/5/18
0.3,5,19,0,1000,800,5,constant,safeguard,0.17156168262704874,5,1,1,mixture/0.3/5/5/19
0.3,5,19,0,1000,800,5,constant,asw-pam,,4,0,0,mixture/0.3/5/5/19
0.3,5,20,0,1000,800,5,constant,safeguard,0.11224972160321829,5,1,1,mixture/0.3/5/5/20
0.3,5,20,0,1000,800,5,constant,asw-pam,,4,0,0,mixture/0.3/5/5/20
0.3,5,21,0,1000,800,5,constant,safeguard,0.2035865300507645,5,1,1,mixture/0.3/5/5/21
0.3,5,21,0,1000,800,5,constant,asw-pam,,3,0,0,mixture/0.3/5/5/21
0.3,5,22,0,1000,800,5,constant,safeguard,0.11939849245279445,5,1,1,mixture/0.3/5/5/22
0.3,5,22,0,1000,800,5,constant,asw-pam,,5,1,1,mixture/0.3/5/5/22
0.3,5,23,0,1000,800,5,constant,safeguard,0.25677065166514956,3,0,0,mixture/0.3/5/5/23
0.3,5,23,0,1000,800,5,constant,asw-pam,,2,0,0,mixture/0.3/5/5/23
0.3,5,24,0,1000,800,5,constant,safeguard,0.13553372927536847,12,0,0,mixture/0.3/5/5/24
0.3,5,24,0,1000,800,5,constant,asw-pam,,5,1,1,mixture/0.3/5/5/24
0.3,5,25,0,1000,800,5,constant,safeguard,0.2539112902880321,4,0,0,mixture/0.3/5/5/25
0.3,5,25,0,1000,800,5,constant,asw-pam,,2,0,0,mixture/0.3/5/5/25
0.3,5,26,0,1000,800,5,constant,safeguard,0.21159274190669342,5,1,1,mixture/0.3/5/5/26
0.3,5,26,0,1000,800,5,constant,asw-pam,,2,0,0,mixture/0.3/5/5/26
0.3,5,27,0,1000,800,5,constant,safeguard,0.21044899735584643,5,1,1,mixture/0.3/5/5/27
0.3,5,27,0,1000,800,5,constant,asw-pam,,5,1,1,mixture/0.3/5/5/27
0.3,5,28,0,1000,800,5,constant,safeguard,0.1475430470592619,5,1,1,mixture/0.3/5/5/28
0.3,5,28,0,1000,800,5,constant,asw-pam,,5,1,1,mixture/0.3/5/5/28
0.3,5,29,0,1000,800,5,constant,safeguard,0.26534873579650203,4,0,0,mixture/0.3/5/5/29
0.3,5,29,0,1000,800,5,constant,asw-pam,,2,0,0,mixture/0.3/5/5/29
0.3,6,0,0,1000,800,5,constant,safeguard,0.2979454554956413,4,0,0,mixture/0.3/6/5/0
0.3,6,0,0,1000,800,5,constant,asw-pam,,2,0,0,mixture/0.3/6/5/0
0.3,6,1,0,1000,800,5,constant,safeguard,0.10495713410721545,8,0,0,mixture/0.3/6/5/1
0.3,6,1,0,1000,800,5,constant,asw-pam,,3,0,0,mixture/0.3/6/5/1
0.3,6,2,0,1000,800,5,constant,safeguard,0.1624117262202728,6,1,1,mixture/0.3/6/5/2
0.3,6,2,0,1000,800,5,constant,asw-pam,,3,0,0,mixture/0.3/6/5/2
0.3,6,3,0,1000,800,5,constant,safeguard,0.13953683520333296,6,1,1,mixture/0.3/6/5/3
0.3,6,3,0,1000,800,5,constant,asw-pam,,6,1,1,mixture/0.3/6/5/3
0.3,6,4,0,1000,800,5,constant,safeguard,0.2682080971736195,5,0,0,mixture/0.3/6/5/4
0.3,6,4,0,1000,800,5,constant,asw-pam,,2,0,0,mixture/0.3/6/5/4
0.3,6,5,0,1000,800,5,constant,safeguard,0.2293207824448218,6,1,1,mixture/0.3/6/5/5
0.3,6,5,0,1000,800,5,constant,asw-pam,,2,0,0,mixture/0.3/6/5/5
0.3,6,6,0,1000,800,5,constant,safeguard,0.19100533999144756,6,1,1,mixture/0.3/6/5/6
0.3,6,6,0,1000,800,5,constant,asw-pam,,6,1,1,mixture/0.3/6/5/6
0.3,6,7,0,1000,800,5,constant,safeguard,0.16870232124993123,6,1,1,mixture/0.3/6/5/7
0.3,6,7,0,1000,800,5,constant,asw-pam,,3,0,0,mixture/0.3/6/5/7
0.3,6,8,0,1000,800,5,constant,safeguard,0.12652272523147767,6,1,1,mixture/0.3/6/5/8
0.3,6,8,0,1000,800,5,constant,asw-pam,,6,1,1,mixture/0.3/6/5/8
0.3,6,9,0,1000,800,5,constant,safeguard,0.22989265472024525,4,0,0,mixture/0.3/6/5/9
0.3,6,9,0,1000,800,5,constant,asw-pam,,4,0,0,mixture/0.3/6/5/9
0.3,6,10,0,1000,800,5,constant,safeguard,0.13782121837706252,4,0,0,mixture/0.3/6/5/10
0.3,6,10,0,1000,800,5,constant,asw-pam,,2,0,0,mixture/0.3/6/5/10
0.3,6,11,0,1000,800,5,constant,safeguard,0.1290116273829608,5,0,0,mixture/0.3/6/5/11
0.3,6,11,0,1000,800,5,constant,asw-pam,,3,0,0,mixture/0.3/6/5/11
0.3,6,12,0,1000,800,5,constant,safeguard,0.29451422184310033,3,0,0,mixture/0.3/6/5/12
0.3,6,12,0,1000,800,5,constant,asw-pam,,2,0,0,mixture/0.3/6/5/12
0.3,6,13,0,1000,800,5,constant,safeguard,0.11666194418639314,5,0,0,mixture/0.3/6/5/13
0.3,6,13,0,1000,800,5,constant,asw-pam,,3,0,0,mixture/0.3/6/5/13
0.3,6,14,0,1000,800,5,constant,safeguard,0.11515207336387831,6,1,1,mixture/0.3/6/5/14
0.3,6,14,0,1000,800,5,constant,asw-pam,,6,1,1,mixture/0.3/6/5/14
0.3,6,15,0,1000,800,5,constant,safeguard,0.12581190059316907,6,1,1,mixture/0.3/6/5/15
0.3,6,15,0,1000,800,5,constant,asw-pam,,5,0,0,mixture/0.3/6/5/15
0.3,6,16,0,1000,800,5,constant,safeguard,0.11265883825842866,6,1,1,mixture/0.3/6/5/16
0.3,6,16,0,1000,800,5,constant,asw-pam,,4,0,0,mixture/0.3/6/5/16
0.3,6,17,0,1000,800,5,constant,safeguard,0.20816150825415244,6,1,1,mixture/0.3/6/5/17
0.3,6,17,0,1000,800,5,constant,asw-pam,,5,0,0,mixture/0.3/6/5/17
0.3,6,18,0,1000,800,5,constant,safeguard,0.1529705854077836,6,1,1,mixture/0.3/6/5/18
0.3,6,18,0,1000,800,5,constant,asw-pam,,6,1,1,mixture/0.3/6/5/18
0.3,6,19,0,1000,800,5,constant,safeguard,0.10592450141492293,6,1,1,mixture/0.3/6/5/19
0.3,6,19,0,1000,800,5,constant,asw-pam,,6,1,1,mixture/0.3/6/5/19
0.3,6,20,0,1000,800,5,constant,safeguard,0.11663618649458671,6,1,1,mixture/0.3/6/5/20
0.3,6,20,0,1000,800,5,constant,asw-pam,,5,0,0,mixture/0.3/6/5/20
0.3,6,21,0,1000,800,5,constant,safeguard,0.15440551436434383,6,1,1,mixture/0.3/6/5/21
0.3,6,21,0,1000,800,5,constant,asw-pam,,4,0,0,mixture/0.3/6/5/21
0.3,6,22,0,1000,800,5,constant,safeguard,0.16755857669908425,6,1,1,mixture/0.3/6/5/22
0.3,6,22,0,1000,800,5,constant,asw-pam,,6,1,1,mixture/0.3/6/5/22
0.3,6,23,0,1000,800,5,constant,safeguard,0.2807892872329364,5,0,0,mixture/0.3/6/5/23
0.3,6,23,0,1000,800,5,constant,asw-pam,,2,0,0,mixture/0.3/6/5/23
0.3,6,24,0,1000,800,5,constant,safeguard,0.14125245202960346,6,1,1,mixture/0.3/6/5/24
0.3,6,24,0,1000,800,5,constant,asw-pam,,6,1,1,mixture/0.3/6/5/24
0.3,6,25,0,1000,800,5,constant,safeguard,0.1606961093940023,5,0,0,mixture/0.3/6/5/25
0.3,6,25,0,1000,800,5,constant,asw-pam,,4,0,0,mixture/0.3/6/5/25
0.3,6,26,0,1000,800,5,constant,safeguard,0.2470488229829501,4,0,0,mixture/0.3/6/5/26
0.3,6,26,0,1000,800,5,constant,asw-pam,,2,0,0,mixture/0.3/6/5/26
0.3,6,27,0,1000,800,5,constant,safeguard,0.09633275663033841,6,1,1,mixture/0.3/6/5/27
0.3,6,27,0,1000,800,5,constant,asw-pam,,5,0,0,mixture/0.3/6/5/27
0.3,6,28,0,1000,800,5,constant,safeguard,0.12809938969486304,6,1,1,mixture/0.3/6/5/28
0.3,6,28,0,1000,800,5,constant,asw-pam,,3,0,0,mixture/0.3/6/5/28
0.3,6,29,0,1000,800,5,constant,safeguard,0.17327729945331916,6,1,1,mixture/0.3/6/5/29
0.3,6,29,0,1000,800,5,constant,asw-pam,,2,0,0,mixture/0.3/6/5/29
0.3,7,0,0,1000,800,5,constant,safeguard,0.12178669878110669,7,1,1,mixture/0.3/7/5/0
0.3,7,0,0,1000,800,5,constant,asw-pam,,6,0,0,mixture/0.3/7/5/0
0.3,7,1,0,1000,800,5,constant,safeguard,0.1978678072965295,7,1,1,mixture/0.3/7/5/1
0.3,7,1,0,1000,800,5,constant,asw-pam,,7,1,1,mixture/0.3/7/5/1
0.3,7,2,0,1000,800,5,constant,safeguard,0.2144521032838109,5,0,0,mixture/0.3/7/5/2
0.3,7,2,0,1000,800,5,constant,asw-pam,,3,0,0,mixture/0.3/7/5/2
0.3,7,3,0,1000,800,5,constant,safeguard,0.12663332894621387,7,1,1,mixture/0.3/7/5/3
0.3,7,3,0,1000,800,5,constant,asw-pam,,7,1,1,mixture/0.3/7/5/3
0.3,7,4,0,1000,800,5,constant,safeguard,0.12690153663372233,7,1,1,mixture/0.3/7/5/4
0.3,7,4,0,1000,800,5,constant,asw-pam,,7,1,1,mixture/0.3/7/5/4
0.3,7,5,0,1000,800,5,constant,safeguard,0.21102086963126993,7,1,1,mixture/0.3/7/5/5
0.3,7,5,0,1000,800,5,constant,asw-pam,,5,0,0,mixture/0.3/7/5/5
0.3,7,6,0,1000,800,5,constant,safeguard,0.1955803181948355,7,1,1,mixture/0.3/7/5/6
0.3,7,6,0,1000,800,5,constant,asw-pam,,7,1,1,mixture/0.3/7/5/6
0.3,7,7,0,1000,800,5,constant,safeguard,0.19443657364398853,7,1,1,mixture/0.3/7/5/7
0.3,7,7,0,1000,800,5,constant,asw-pam,,6,0,0,mixture/0.3/7/5/7
0.3,7,8,0,1000,800,5,constant,safeguard,0.10643307756520061,7,1,1,mixture/0.3/7/5/8
0.3,7,8,0,1000,800,5,constant,asw-pam,,7,1,1,mixture/0.3/7/5/8
0.3,7,9,0,1000,800,5,constant,safeguard,0.10322790320451157,7,1,1,mixture/0.3/7/5/9
0.3,7,9,0,1000,800,5,constant,asw-pam,,2,0,0,mixture/0.3/7/5/9
0.3,7,10,0,1000,800,5,constant,safeguard,0.10495713410721545,7,1,1,mixture/0.3/7/5/10
0.3,7,10,0,1000,800,5,constant,asw-pam,,7,1,1,mixture/0.3/7/5/10
0.3,7,11,0,1000,800,5,constant,safeguard,0.10583005244258357,7,1,1,mixture/0.3/7/5/11
0.3,7,11,0,1000,800,5,constant,asw-pam,,7,1,1,mixture/0.3/7/5/11
0.3,7,12,0,1000,800,5,constant,safeguard,0.24590507843210313,7,1,1,mixture/0.3/7/5/12
0.3,7,12,0,1000,800,5,constant,asw-pam,,2,0,0,mixture/0.3/7/5/12
0.3,7,13,0,1000,800,5,constant,safeguard,0.13652838532700806,7,1,1,mixture/0.3/7/5/13
0.3,7,13,0,1000,800,5,constant,asw-pam,,7,1,1,mixture/0.3/7/5/13
0.3,7,14,0,1000,800,5,constant,safeguard,0.15898049256773183,7,1,1,mixture/0.3/7/5/14
0.3,7,14,0,1000,800,5,constant,asw-pam,,7,1,1,mixture/0.3/7/5/14
0.3,7,15,0,1000,800,5,constant,safeguard,0.1238386046433018,7,1,1,mixture/0.3/7/5/15
0.3,7,15,0,1000,800,5,constant,asw-pam,,3,0,0,mixture/0.3/7/5/15
0.3,7,16,0,1000,800,5,constant,safeguard,0.13134686901483422,6,0,0,mixture/0.3/7/5/16
0.3,7,16,0,1000,800,5,constant,asw-pam,,2,0,0,mixture/0.3/7/5/16
0.3,7,17,0,1000,800,5,constant,safeguard,0.12793748473375585,7,1,1,mixture/0.3/7/5/17
0.3,7,17,0,1000,800,5,constant,asw-pam,,7,1,1,mixture/0.3/7/5/17
0.3,7,18,0,1000,800,5,constant,safeguard,0.16217274740226845,7,1,1,mixture/0.3/7/5/18
0.3,7,18,0,1000,800,5,constant,asw-pam,,3,0,0,mixture/0.3/7/5/18
0.3,7,19,0,1000,800,5,constant,safeguard,0.11456002793295736,7,1,1,mixture/0.3/7/5/19
0.3,7,19,0,1000,800,5,constant,asw-pam,,7,1,1,mixture/0.3/7/5/19
0.3,7,20,0,1000,800,5,constant,safeguard,0.15726487574146134,7,1,1,mixture/0.3/7/5/20
0.3,7,20,0,1000,800,5,constant,asw-pam,,4,0,0,mixture/0.3/7/5/20
0.3,7,21,0,1000,800,5,constant,safeguard,0.11380258280927565,7,1,1,mixture/0.3/7/5/21
0.3,7,21,0,1000,800,5,constant,asw-pam,,2,0,0,mixture/0.3/7/5/21
0.3,7,22,0,1000,800,5,constant,safeguard,0.10733126291998994,7,1,1,mixture/0.3/7/5/22
0.3,7,22,0,1000,800,5,constant,asw-pam,,6,0,0,mixture/0.3/7/5/22
0.3,7,23,0,1000,800,5,constant,safeguard,0.12066505011435762,7,1,1,mixture/0.3/7/5/23
0.3,7,23,0,1000,800,5,constant,asw-pam,,7,1,1,mixture/0.3/7/5/23
0.3,7,24,0,1000,800,5,constant,safeguard,0.1251239385569363,5,0,0,mixture/0.3/7/5/24
0.3,7,24,0,1000,800,5,constant,asw-pam,,4,0,0,mixture/0.3/7/5/24
0.3,7,25,0,1000,800,5,constant,safeguard,0.1235244114914751,7,1,1,mixture/0.3/7/5/25
0.3,7,25,0,1000,800,5,constant,asw-pam,,7,1,1,mixture/0.3/7/5/25
0.3,7,26,0,1000,800,5,constant,safeguard,0.14068057975417994,7,1,1,mixture/0.3/7/5/26
0.3,7,26,0,1000,800,5,constant,asw-pam,,2,0,0,mixture/0.3/7/5/26
0.3,7,27,0,1000,800,5,constant,safeguard,0.22588954879228082,5,0,0,mixture/0.3/7/5/27
0.3,7,27,0,1000,800,5,constant,asw-pam,,2,0,0,mixture/0.3/7/5/27
0.3,7,28,0,1000,800,5,constant,safeguard,0.17613666083043664,7,1,1,mixture/0.3/7/5/28
0.3,7,28,0,1000,800,5,constant,asw-pam,,2,0,0,mixture/0.3/7/5/28
0.3,7,29,0,1000,800,5,constant,safeguard,0.11299557513460434,7,1,1,mixture/0.3/7/5/29
0.3,7,29,0,1000,800,5,constant,asw-pam,,3,0,0,mixture/0.3/7/5/29
0.3,8,0,0,1000,800,5,constant,safeguard,0.2590581407668435,7,0,0,mixture/0.3/8/5/0
0.3,8,0,0,1000,800,5,constant,asw-pam,,8,1,1,mixture/0.3/8/5/0
0.3,8,1,0,1000,800,5,constant,safeguard,0.1036918511745258,8,1,1,mixture/0.3/8/5/1
0.3,8,1,0,1000,800,5,constant,asw-pam,,8,1,1,mixture/0.3/8/5/1
0.3,8,2,0,1000,800,5,constant,safeguard,0.17041793807620176,8,1,1,mixture/0.3/8/5/2
0.3,8,2,0,1000,800,5,constant,asw-pam,,8,1,1,mixture/0.3/8/5/2
0.3,8,3,0,1000,800,5,constant,safeguard,0.32882655836851,4,0,0,mixture/0.3/8/5/3
0.3,8,3,0,1000,800,5,constant,asw-pam,,8,1,1,mixture/0.3/8/5/3
0.3,8,4,0,1000,800,5,constant,safeguard,0.12123692238978111,8,1,1,mixture/0.3/8/5/4
0.3,8,4,0,1000,800,5,constant,asw-pam,,8,1,1,mixture/0.3/8/5/4
0.3,8,5,0,1000,800,5,constant,safeguard,0.11609007191096964,8,1,1,mixture/0.3/8/5/5
0.3,8,5,0,1000,800,5,constant,asw-pam,,6,0,0,mixture/0.3/8/5/5
0.3,8,6,0,1000,800,5,constant,safeguard,0.11969962405955989,8,1,1,mixture/0.3/8/5/6
0.3,8,6,0,1000,800,5,constant,asw-pam,,7,0,0,mixture/0.3/8/5/6
0.3,8,7,0,1000,800,5,constant,safeguard,0.2933704772922533,4,0,0,mixture/0.3/8/5/7
0.3,8,7,0,1000,800,5,constant,asw-pam,,2,0,0,mixture/0.3/8/5/7
0.3,8,8,0,1000,800,5,constant,safeguard,0.31853285741088716,5,0,0,mixture/0.3/8/5/8
0.3,8,8,0,1000,800,5,constant,asw-pam,,2,0,0,mixture/0.3/8/5/8
0.3,8,9,0,1000,800,5,constant,safeguard,0.12330450113438687,8,1,1,mixture/0.3/8/5/9
0.3,8,9,0,1000,800,5,constant,asw-pam,,8,1,1,mixture/0.3/8/5/9
0.3,8,10,0,1000,800,5,constant,safeguard,0.3219640910634281,2,0,0,mixture/0.3/8/5/10
0.3,8,10,0,1000,800,5,constant,asw-pam,,2,0,0,mixture/0.3/8/5/10
0.3,8,11,0,1000,800,5,constant,safeguard,0.16183985394484932,7,0,0,mixture/0.3/8/5/11
0.3,8,11,0,1000,800,5,constant,asw-pam,,2,0,0,mixture/0.3/8/5/11
0.3,8,12,0,1000,800,5,constant,safeguard,0.12457929201917921,7,0,0,mixture/0.3/8/5/12
0.3,8,12,0,1000,800,5,constant,asw-pam,,6,0,0,mixture/0.3/8/5/12
0.3,8,13,0,1000,800,5,constant,safeguard,0.19901155184737654,8,1,1,mixture/0.3/8/5/13
0.3,8,13,0,1000,800,5,constant,asw-pam,,8,1,1,mixture/0.3/8/5/13
0.3,8,14,0,1000,800,5,constant,safeguard,0.1526898975380734,8,1,1,mixture/0.3/8/5/14
0.3,8,14,0,1000,800,5,constant,asw-pam,,5,0,0,mixture/0.3/8/5/14
0.3,8,15,0,1000,800,5,constant,safeguard,0.20358653005076446,8,1,1,mixture/0.3/8/5/15
0.3,8,15,0,1000,800,5,constant,asw-pam,,7,0,0,mixture/0.3/8/5/15
0.3,8,16,0,1000,800,5,constant,safeguard,0.3259671969913926,4,0,0,mixture/0.3/8/5/16
0.3,8,16,0,1000,800,5,constant,asw-pam,,5,0,0,mixture/0.3/8/5/16
0.3,8,17,0,1000,800,5,constant,safeguard,0.15612113119061435,8,1,1,mixture/0.3/8/5/17
0.3,8,17,0,1000,800,5,constant,asw-pam,,8,1,1,mixture/0.3/8/5/17
0.3,8,18,0,1000,800,5,constant,safeguard,0.13210249562282753,8,1,1,mixture/0.3/8/5/18
0.3,8,18,0,1000,800,5,constant,asw-pam,,2,0,0,mixture/0.3/8/5/18
0.3,8,19,0,1000,800,5,constant,safeguard,0.30595166735157014,3,0,0,mixture/0.3/8/5/19
0.3,8,19,0,1000,800,5,constant,asw-pam,,2,0,0,mixture/0.3/8/5/19
0.3,8,20,0,1000,800,5,constant,safeguard,0.10959927007056197,8,1,1,mixture/0.3/8/5/20
0.3,8,20,0,1000,800,5,constant,asw-pam,,6,0,0,mixture/0.3/8/5/20
0.3,8,21,0,1000,800,5,constant,safeguard,0.17613666083043672,8,1,1,mixture/0.3/8/5/21
0.3,8,21,0,1000,800,5,constant,asw-pam,,8,1,1,mixture/0.3/8/5/21
0.3,8,22,0,1000,800,5,constant,safeguard,0.127247789764695,9,0,0,mixture/0.3/8/5/22
0.3,8,22,0,1000,800,5,constant,asw-pam,,8,1,1,mixture/0.3/8/5/22
0.3,8,23,0,1000,800,5,constant,safeguard,0.13105723940324687,8,1,1,mixture/0.3/8/5/23
0.3,8,23,0,1000,800,5,constant,asw-pam,,8,1,1,mixture/0.3/8/5/23
0.3,8,24,0,1000,800,5,constant,safeguard,0.1650696822557069,10,0,0,mixture/0.3/8/5/24
0.3,8,24,0,1000,800,5,constant,asw-pam,,2,0,0,mixture/0.3/8/5/24
0.3,8,25,0,1000,800,5,constant,safeguard,0.1761366608304367,8,1,1,mixture/0.3/8/5/25
0.3,8,25,0,1000,800,5,constant,asw-pam,,8,1,1,mixture/0.3/8/5/25
0.3,8,26,0,1000,800,5,constant,safeguard,0.1119821414333554,9,0,0,mixture/0.3/8/5/26
0.3,8,26,0,1000,800,5,constant,asw-pam,,8,1,1,mixture/0.3/8/5/26
0.3,8,27,0,1000,800,5,constant,safeguard,0.1389649629279095,6,0,0,mixture/0.3/8/5/27
0.3,8,27,0,1000,800,5,constant,asw-pam,,2,0,0,mixture/0.3/8/5/27
0.3,8,28,0,1000,800,5,constant,safeguard,0.17670853310586018,7,0,0,mixture/0.3/8/5/28
0.3,8,28,0,1000,800,5,constant,asw-pam,,2,0,0,mixture/0.3/8/5/28
0.3,8,29,0,1000,800,5,constant,safeguard,0.14734992365115063,8,1,1,mixture/0.3/8/5/29
0.3,8,29,0,1000,800,5,constant,asw-pam,,2,0,0,mixture/0.3/8/5/29
0.3,9,0,0,1000,800,5,constant,safeguard,0.11665333257134153,9,1,1,mixture/0.3/9/5/0
0.3,9,0,0,1000,800,5,constant,asw-pam,,8,0,0,mixture/0.3/9/5/0
0.3,9,1,0,1000,800,5,constant,safeguard,0.10939835464941879,9,1,1,mixture/0.3/9/5/1
0.3,9,1,0,1000,800,5,constant,asw-pam,,8,0,0,mixture/0.3/9/5/1
0.3,9,2,0,1000,800,5,constant,safeguard,0.1504024084363794,8,0,0,mixture/0.3/9/5/2
0.3,9,2,0,1000,800,5,constant,asw-pam,,4,0,0,mixture/0.3/9/5/2
0.3,9,3,0,1000,800,5,constant,safeguard,0.15211802526264986,9,1,1,mixture/0.3/9/5/3
0.3,9,3,0,1000,800,5,constant,asw-pam,,9,1,1,mixture/0.3/9/5/3
0.3,9,4,0,1000,800,5,constant,safeguard,0.12743625857659197,12,0,0,mixture/0.3/9/5/4
0.3,9,4,0,1000,800,5,constant,asw-pam,,8,0,0,mixture/0.3/9/5/4
0.3,9,5,0,1000,800,5,constant,safeguard,0.15497738663976732,9,1,1,mixture/0.3/9/5/5
0.3,9,5,0,1000,800,5,constant,asw-pam,,8,0,0,mixture/0.3/9/5/5
0.3,9,6,0,1000,800,5,constant,safeguard,0.18414287268636562,9,1,1,mixture/0.3/9/5/6
0.3,9,6,0,1000,800,5,constant,asw-pam,,2,0,0,mixture/0.3/9/5/6
0.3,9,7,0,1000,800,5,constant,safeguard,0.21559584783465788,9,1,1,mixture/0.3/9/5/7
0.3,9,7,0,1000,800,5,constant,asw-pam,,9,1,1,mixture/0.3/9/5/7
0.3,9,8,0,1000,800,5,constant,safeguard,0.13356646285651205,8,0,0,mixture/0.3/9/5/8
0.3,9,8,0,1000,800,5,constant,asw-pam,,7,0,0,mixture/0.3/9/5/8
0.3,9,9,0,1000,800,5,constant,safeguard,0.2556269071143026,5,0,0,mixture/0.3/9/5/9
0.3,9,9,0,1000,800,5,constant,asw-pam,,3,0,0,mixture/0.3/9/5/9
0.3,9,10,0,1000,800,5,constant,safeguard,0.1200931778389341,9,1,1,mixture/0.3/9/5/10
0.3,9,10,0,1000,800,5,constant,asw-pam,,8,0,0,mixture/0.3/9/5/10
0.3,9,11,0,1000,800,5,constant,safeguard,0.17213355490247223,9,1,0,mixture/0.3/9/5/11
0.3,9,11,0,1000,800,5,constant,asw-pam,,8,0,0,mixture/0.3/9/5/11
0.3,9,12,0,1000,800,5,constant,safeguard,0.2796455426820894,6,0,0,mixture/0.3/9/5/12
0.3,9,12,0,1000,800,5,constant,asw-pam,,8,0,0,mixture/0.3/9/5/12
0.3,9,13,0,1000,800,5,constant,safeguard,0.21159274190669344,6,0,0,mixture/0.3/9/5/13
0.3,9,13,0,1000,800,5,constant,asw-pam,,2,0,0,mixture/0.3/9/5/13
0.3,9,14,0,1000,800,5,constant,safeguard,0.14811491933468537,9,1,1,mixture/0.3/9/5/14
0.3,9,14,0,1000,800,5,constant,asw-pam,,2,0,0,mixture/0.3/9/5/14
0.3,9,15,0,1000,800,5,constant,safeguard,0.1263328935788301,9,1,1,mixture/0.3/9/5/15
0.3,9,15,0,1000,800,5,constant,asw-pam,,6,0,0,mixture/0.3/9/5/15
0.3,9,16,0,1000,800,5,constant,safeguard,0.20015529639822352,8,0,0,mixture/0.3/9/5/16
0.3,9,16,0,1000,800,5,constant,asw-pam,,2,0,0,mixture/0.3/9/5/16
0.3,9,17,0,1000,800,5,constant,safeguard,0.17442104400416622,7,0,0,mixture/0.3/9/5/17
0.3,9,17,0,1000,800,5,constant,asw-pam,,7,0,0,mixture/0.3/9/5/17
0.3,9,18,0,1000,800,5,constant,safeguard,0.30194856142360577,4,0,0,mixture/0.3/9/5/18
0.3,9,18,0,1000,800,5,constant,asw-pam,,2,0,0,mixture/0.3/9/5/18
0.3,9,19,0,1000,800,5,constant,safeguard,0.24762069525837366,6,0,0,mixture/0.3/9/5/19
0.3,9,19,0,1000,800,5,constant,asw-pam,,2,0,0,mixture/0.3/9/5/19
0.3,9,20,0,1000,800,5,constant,safeguard,0.11565465835840756,9,1,1,mixture/0.3/9/5/20
0.3,9,20,0,1000,800,5,constant,asw-pam,,8,0,0,mixture/0.3/9/5/20
0.3,9,21,0,1000,800,5,constant,safeguard,0.17556478855501317,9,1,1,mixture/0.3/9/5/21
0.3,9,21,0,1000,800,5,constant,asw-pam,,7,0,0,mixture/0.3/9/5/21
0.3,9,22,0,1000,800,5,constant,safeguard,0.1978678072965295,7,0,0,mixture/0.3/9/5/22
0.3,9,22,0,1000,800,5,constant,asw-pam,,3,0,0,mixture/0.3/9/5/22
0.3,9,23,0,1000,800,5,constant,safeguard,0.1219836054558153,11,0,0,mixture/0.3/9/5/23
0.3,9,23,0,1000,800,5,constant,asw-pam,,9,1,0,mixture/0.3/9/5/23
0.3,9,24,0,1000,800,5,constant,safeguard,0.18928972316517712,9,1,1,mixture/0.3/9/5/24
0.3,9,24,0,1000,800,5,constant,asw-pam,,4,0,0,mixture/0.3/9/5/24
0.3,9,25,0,1000,800,5,constant,safeguard,0.12680693987317881,9,1,1,mixture/0.3/9/5/25
0.3,9,25,0,1000,800,5,constant,asw-pam,,9,1,1,mixture/0.3/9/5/25
0.3,9,26,0,1000,800,5,constant,safeguard,0.18528661723721265,9,1,1,mixture/0.3/9/5/26
0.3,9,26,0,1000,800,5,constant,asw-pam,,8,0,0,mixture/0.3/9/5/26
0.3,9,27,0,1000,800,5,constant,safeguard,0.15097428071180288,9,1,1,mixture/0.3/9/5/27
0.3,9,27,0,1000,800,5,constant,asw-pam,,7,0,0,mixture/0.3/9/5/27
0.3,9,28,0,1000,800,5,constant,safeguard,0.2127364864575404,6,0,0,mixture/0.3/9/5/28
0.3,9,28,0,1000,800,5,constant,asw-pam,,8,0,0,mixture/0.3/9/5/28
0.3,9,29,0,1000,800,5,constant,safeguard,0.0992773891679269,9,1,1,mixture/0.3/9/5/29
0.3,9,29,0,1000,800,5,constant,asw-pam,,9,1,1,mixture/0.3/9/5/29
0.3,10,0,0,1000,800,5,constant,safeguard,0.1789960222075542,10,1,1,mixture/0.3/10/5/0
0.3,10,0,0,1000,800,5,constant,asw-pam,,10,1,1,mixture/0.3/10/5/0
0.3,10,1,0,1000,800,5,constant,safeguard,0.1196996240595599,10,1,1,mixture/0.3/10/5/1
0.3,10,1,0,1000,800,5,constant,asw-pam,,10,1,1,mixture/0.3/10/5/1
0.3,10,2,0,1000,800,5,constant,safeguard,0.1727054271778957,9,0,0,mixture/0.3/10/5/2
0.3,10,2,0,1000,800,5,constant,asw-pam,,2,0,0,mixture/0.3/10/5/2
0.3,10,3,0,1000,800,5,constant,safeguard,0.20244278549991748,8,0,0,mixture/0.3/10/5/3
0.3,10,3,0,1000,800,5,constant,asw-pam,,2,0,0,mixture/0.3/10/5/3
0.3,10,4,0,1000,800,5,constant,safeguard,0.20930525280499945,6,0,0,mixture/0.3/10/5/4
0.3,10,4,0,1000,800,5,constant,asw-pam,,2,0,0,mixture/0.3/10/5/4
0.3,10,5,0,1000,800,5,constant,safeguard,0.1171665481270144,25,0,0,mixture/0.3/10/5/5
0.3,10,5,0,1000,800,5,constant,asw-pam,,9,0,0,mixture/0.3/10/5/5
0.3,10,6,0,1000,800,5,constant,safeguard,0.1463993025084149,10,1,1,mixture/0.3/10/5/6
0.3,10,6,0,1000,800,5,constant,asw-pam,,10,1,1,mixture/0.3/10/5/6
0.3,10,7,0,1000,800,5,constant,safeguard,0.1870022340634831,9,0,0,mixture/0.3/10/5/7
0.3,10,7,0,1000,800,5,constant,asw-pam,,10,1,1,mixture/0.3/10/5/7
0.3,10,8,0,1000,800,5,constant,safeguard,0.198439679571953,9,0,0,mixture/0.3/10/5/8
0.3,10,8,0,1000,800,5,constant,asw-pam,,9,0,0,mixture/0.3/10/5/8
0.3,10,9,0,1000,800,5,constant,safeguard,0.10699532700076209,11,0,0,mixture/0.3/10/5/9
0.3,10,9,0,1000,800,5,constant,asw-pam,,9,0,0,mixture/0.3/10/5/9
0.3,10,10,0,1000,800,5,constant,safeguard,0.135292276202302,10,1,1,mixture/0.3/10/5/10
0.3,10,10,0,1000,800,5,constant,asw-pam,,6,0,0,mixture/0.3/10/5/10
0.3,10,11,0,1000,800,5,constant,safeguard,0.3637107671693433,4,0,0,mixture/0.3/10/5/11
0.3,10,11,0,1000,800,5,constant,asw-pam,,2,0,0,mixture/0.3/10/5/11
0.3,10,12,0,1000,800,5,constant,safeguard,0.2476206952583736,7,0,0,mixture/0.3/10/5/12
0.3,10,12,0,1000,800,5,constant,asw-pam,,9,0,0,mixture/0.3/10/5/12
0.3,10,13,0,1000,800,5,constant,safeguard,0.19500844591941202,10,1,1,mixture/0.3/10/5/13
0.3,10,13,0,1000,800,5,constant,asw-pam,,10,1,1,mixture/0.3/10/5/13
0.3,10,14,0,1000,800,5,constant,safeguard,0.19157721226687108,9,0,0,mixture/0.3/10/5/14
0.3,10,14,0,1000,800,5,constant,asw-pam,,2,0,0,mixture/0.3/10/5/14
0.3,10,15,0,1000,800,5,constant,safeguard,0.1761366608304367,9,0,0,mixture/0.3/10/5/15
0.3,10,15,0,1000,800,5,constant,asw-pam,,8,0,0,mixture/0.3/10/5/15
0.3,10,16,0,1000,800,5,constant,safeguard,0.21559584783465788,8,0,0,mixture/0.3/10/5/16
0.3,10,16,0,1000,800,5,constant,asw-pam,,4,0,0,mixture/0.3/10/5/16
0.3,10,17,0,1000,800,5,constant,safeguard,0.12119405926034499,10,1,1,mixture/0.3/10/5/17
0.3,10,17,0,1000,800,5,constant,asw-pam,,10,1,1,mixture/0.3/10/5/17
0.3,10,18,0,1000,800,5,constant,safeguard,0.24819256753379712,6,0,0,mixture/0.3/10/5/18
0.3,10,18,0,1000,800,5,constant,asw-pam,,2,0,0,mixture/0.3/10/5/18
0.3,10,19,0,1000,800,5,constant,safeguard,0.1612679816694258,9,0,0,mixture/0.3/10/5/19
0.3,10,19,0,1000,800,5,constant,asw-pam,,6,0,0,mixture/0.3/10/5/19
0.3,10,20,0,1000,800,5,constant,safeguard,0.10426888318189666,9,0,0,mixture/0.3/10/5/20
0.3,10,20,0,1000,800,5,constant,asw-pam,,8,0,0,mixture/0.3/10/5/20
0.3,10,21,0,1000,800,5,constant,safeguard,0.2127364864575404,8,0,0,mixture/0.3/10/5/21
0.3,10,21,0,1000,800,5,constant,asw-pam,,2,0,0,mixture/0.3/10/5/21
0.3,10,22,0,1000,800,5,constant,safeguard,0.13200000000000006,8,0,0,mixture/0.3/10/5/22
0.3,10,22,0,1000,800,5,constant,asw-pam,,8,0,0,mixture/0.3/10/5/22
0.3,10,23,0,1000,800,5,constant,safeguard,0.11155267813907477,10,1,1,mixture/0.3/10/5/23
0.3,10,23,0,1000,800,5,constant,asw-pam,,8,0,0,mixture/0.3/10/5/23
0.3,10,24,0,1000,800,5,constant,safeguard,0.11185705163287656,9,0,0,mixture/0.3/10/5/24
0.3,10,24,0,1000,800,5,constant,asw-pam,,9,0,0,mixture/0.3/10/5/24
0.3,10,25,0,1000,800,5,constant,safeguard,0.13626444877516664,56,0,0,mixture/0.3/10/5/25
0.3,10,25,0,1000,800,5,constant,asw-pam,,10,1,1,mixture/0.3/10/5/25
0.3,10,26,0,1000,800,5,constant,safeguard,0.15905973720586875,9,0,0,mixture/0.3/10/5/26
0.3,10,26,0,1000,800,5,constant,asw-pam,,7,0,0,mixture/0.3/10/5/26
0.3,10,27,0,1000,800,5,constant,safeguard,0.2556269071143026,7,0,0,mixture/0.3/10/5/27
0.3,10,27,0,1000,800,5,constant,asw-pam,,2,0,0,mixture/0.3/10/5/27
0.3,10,28,0,1000,800,5,constant,safeguard,0.12079735096433204,10,1,1,mixture/0.3/10/5/28
0.3,10,28,0,1000,800,5,constant,asw-pam,,9,0,0,mixture/0.3/10/5/28
0.3,10,29,0,1000,800,5,constant,safeguard,0.19500844591941202,10,1,1,mixture/0.3/10/5/29
0.3,10,29,0,1000,800,5,constant,asw-pam,,10,1,1,mixture/0.3/10/5/29
0.4,2,0,0,1000,800,5,constant,safeguard,0.09991996797437425,2,1,1,mixture/0.4/2/5/0
0.4,2,0,0,1000,800,5,constant,asw-pam,,2,1,1,mixture/0.4/2/5/0
0.4,2,1,0,1000,800,5,constant,safeguard,0.155884572681199,2,1,1,mixture/0.4/2/5/1
0.4,2,1,0,1000,800,5,constant,asw-pam,,2,1,1,mixture/0.4/2/5/1
0.4,2,2,0,1000,800,5,constant,safeguard,0.08609297300012343,2,1,1,mixture/0.4/2/5/2
0.4,2,2,0,1000,800,5,constant,asw-pam,,2,1,1,mixture/0.4/2/5/2
0.4,2,3,0,1000,800,5,constant,safeguard,0.12765578717786363,2,1,1,mixture/0.4/2/5/3
0.4,2,3,0,1000,800,5,constant,asw-pam,,2,1,1,mixture/0.4/2/5/3
0.4,2,4,0,1000,800,5,constant,safeguard,0.18013976675840115,2,1,1,mixture/0.4/2/5/4
0.4,2,4,0,1000,800,5,constant,asw-pam,,2,1,1,mixture/0.4/2/5/4
0.4,2,5,0,1000,800,5,constant,safeguard,0.17842414993213065,2,1,1,mixture/0.4/2/5/5
0.4,2,5,0,1000,800,5,constant,asw-pam,,2,1,1,mixture/0.4/2/5/5
0.4,2,6,0,1000,800,5,constant,safeguard,0.11384199576606172,2,1,1,mixture/0.4/2/5/6
0.4,2,6,0,1000,800,5,constant,asw-pam,,2,1,1,mixture/0.4/2/5/6
0.4,2,7,0,1000,800,5,constant,safeguard,0.15226293048539413,2,1,1,mixture/0.4/2/5/7
0.4,2,7,0,1000,800,5,constant,asw-pam,,2,1,1,mixture/0.4/2/5/7
0.4,2,8,0,1000,800,5,constant,safeguard,0.08119113252073781,2,1,1,mixture/0.4/2/5/8
0.4,2,8,0,1000,800,5,constant,asw-pam,,2,1,1,mixture/0.4/2/5/8
0.4,2,9,0,1000,800,5,constant,safeguard,0.09474175425861596,2,1,1,mixture/0.4/2/5/9
0.4,2,9,0,1000,800,5,constant,asw-pam,,2,1,1,mixture/0.4/2/5/9
0.4,2,10,0,1000,800,5,constant,safeguard,0.08926365441768562,2,1,1,mixture/0.4/2/5/10
0.4,2,10,0,1000,800,5,constant,asw-pam,,2,1,1,mixture/0.4/2/5/10
0.4,2,11,0,1000,800,5,constant,safeguard,0.1133313725320574,2,1,1,mixture/0.4/2/5/11
0.4,2,11,0,1000,800,5,constant,asw-pam,,2,1,1,mixture/0.4/2/5/11
0.4,2,12,0,1000,800,5,constant,safeguard,0.12871674327763274,2,1,1,mixture/0.4/2/5/12
0.4,2,12,0,1000,800,5,constant,asw-pam,,2,1,1,mixture/0.4/2/5/12
0.4,2,13,0,1000,800,5,constant,safeguard,0.11323071053385214,2,1,1,mixture/0.4/2/5/13
0.4,2,13,0,1000,800,5,constant,asw-pam,,2,1,1,mixture/0.4/2/5/13
0.4,2,14,0,1000,800,5,constant,safeguard,0.14468368568214443,2,1,1,mixture/0.4/2/5/14
0.4,2,14,0,1000,800,5,constant,asw-pam,,2,1,1,mixture/0.4/2/5/14
0.4,2,15,0,1000,800,5,constant,safeguard,0.1419859147943907,2,1,1,mixture/0.4/2/5/15
0.4,2,15,0,1000,800,5,constant,asw-pam,,2,1,1,mixture/0.4/2/5/15
0.4,2,16,0,1000,800,5,constant,safeguard,0.12204917041913892,2,1,1,mixture/0.4/2/5/16
0.4,2,16,0,1000,800,5,constant,asw-pam,,2,1,1,mixture/0.4/2/5/16
0.4,2,17,0,1000,800,5,constant,safeguard,0.08579044235810893,2,1,1,mixture/0.4/2/5/17
0.4,2,17,0,1000,800,5,constant,asw-pam,,2,1,1,mixture/0.4/2/5/17
0.4,2,18,0,1000,800,5,constant,safeguard,0.32425158016512207,2,1,1,mixture/0.4/2/5/18
0.4,2,18,0,1000,800,5,constant,asw-pam,,2,1,1,mixture/0.4/2/5/18
0.4,2,19,0,1000,800,5,constant,safeguard,0.1572648757414613,2,1,1,mixture/0.4/2/5/19
0.4,2,19,0,1000,800,5,constant,asw-pam,,2,1,1,mixture/0.4/2/5/19
0.4,2,20,0,1000,800,5,constant,safeguard,0.10357605900979247,2,1,1,mixture/0.4/2/5/20
0.4,2,20,0,1000,800,5,constant,asw-pam,,2,1,1,mixture/0.4/2/5/20
0.4,2,21,0,1000,800,5,constant,safeguard,0.0879772697916911,2,1,1,mixture/0.4/2/5/21
0.4,2,21,0,1000,800,5,constant,asw-pam,,2,1,1,mixture/0.4/2/5/21
0.4,2,22,0,1000,800,5,constant,safeguard,0.24247384477956216,2,1,1,mixture/0.4/2/5/22
0.4,2,22,0,1000,800,5,constant,asw-pam,,2,1,1,mixture/0.4/2/5/22
0.4,2,23,0,1000,800,5,constant,safeguard,0.13192422067232393,2,1,1,mixture/0.4/2/5/23
0.4,2,23,0,1000,800,5,constant,asw-pam,,2,1,1,mixture/0.4/2/5/23
0.4,2,24,0,1000,800,5,constant,safeguard,0.2533394180126086,2,1,1,mixture/0.4/2/5/24
0.4,2,24,0,1000,800,5,constant,asw-pam,,2,1,1,mixture/0.4/2/5/24
0.4,2,25,0,1000,800,5,constant,safeguard,0.13598529332247666,2,1,1,mixture/0.4/2/5/25
0.4,2,25,0,1000,800,5,constant,asw-pam,,2,1,1,mixture/0.4/2/5/25
0.4,2,26,0,1000,800,5,constant,safeguard,0.19100533999144756,2,1,1,mixture/0.4/2/5/26
0.4,2,26,0,1000,800,5,constant,asw-pam,,2,1,1,mixture/0.4/2/5/26
0.4,2,27,0,1000,800,5,constant,safeguard,0.10688311372709915,2,1,1,mixture/0.4/2/5/27
0.4,2,27,0,1000,800,5,constant,asw-pam,,2,1,1,mixture/0.4/2/5/27
0.4,2,28,0,1000,800,5,constant,safeguard,0.17286989327236835,2,1,1,mixture/0.4/2/5/28
0.4,2,28,0,1000,800,5,constant,asw-pam,,2,1,1,mixture/0.4/2/5/28
0.4,2,29,0,1000,800,5,constant,safeguard,0.09707728879609281,2,1,1,mixture/0.4/2/5/29
0.4,2,29,0,1000,800,5,constant,asw-pam,,2,1,1,mixture/0.4/2/5/29
0.4,3,0,0,1000,800,5,constant,safeguard,0.15955236484315533,3,1,1,mixture/0.4/3/5/0
0.4,3,0,0,1000,800,5,constant,asw-pam,,3,1,1,mixture/0.4/3/5/0
0.4,3,1,0,1000,800,5,constant,safeguard,0.13839075113604962,3,1,1,mixture/0.4/3/5/1
0.4,3,1,0,1000,800,5,constant,asw-pam,,2,0,0,mixture/0.4/3/5/1
0.4,3,2,0,1000,800,5,constant,safeguard,0.24476133388125618,3,1,1,mixture/0.4/3/5/2
0.4,3,2,0,1000,800,5,constant,asw-pam,,2,0,0,mixture/0.4/3/5/2
0.4,3,3,0,1000,800,5,constant,safeguard,0.19272095681771803,3,1,1,mixture/0.4/3/5/3
0.4,3,3,0,1000,800,5,constant,asw-pam,,2,0,0,mixture/0.4/3/5/3
0.4,3,4,0,1000,800,5,constant,safeguard,0.09101648202386206,3,1,1,mixture/0.4/3/5/4
0.4,3,4,0,1000,800,5,constant,asw-pam,,2,0,0,mixture/0.4/3/5/4
0.4,3,5,0,1000,800,5,constant,safeguard,0.12798437404620933,3,1,1,mixture/0.4/3/5/5
0.4,3,5,0,1000,800,5,constant,asw-pam,,2,0,0,mixture/0.4/3/5/5
0.4,3,6,0,1000,800,5,constant,safeguard,0.08428523002282197,3,1,1,mixture/0.4/3/5/6
0.4,3,6,0,1000,800,5,constant,asw-pam,,2,0,0,mixture/0.4/3/5/6
0.4,3,7,0,1000,800,5,constant,safeguard,0.10932520294973148,3,1,1,mixture/0.4/3/5/7
0.4,3,7,0,1000,800,5,constant,asw-pam,,2,0,0,mixture/0.4/3/5/7
0.4,3,8,0,1000,800,5,constant,safeguard,0.09612491872558337,3,1,1,mixture/0.4/3/5/8
0.4,3,8,0,1000,800,5,constant,asw-pam,,2,0,0,mixture/0.4/3/5/8
0.4,3,9,0,1000,800,5,constant,safeguard,0.17670853310586018,3,1,1,mixture/0.4/3/5/9
0.4,3,9,0,1000,800,5,constant,asw-pam,,2,0,0,mixture/0.4/3/5/9
0.4,3,10,0,1000,800,5,constant,safeguard,0.0950999474237498,3,1,1,mixture/0.4/3/5/10
0.4,3,10,0,1000,800,5,constant,asw-pam,,2,0,0,mixture/0.4/3/5/10
0.4,3,11,0,1000,800,5,constant,safeguard,0.14983053616095587,3,1,1,mixture/0.4/3/5/11
0.4,3,11,0,1000,800,5,constant,asw-pam,,3,1,1,mixture/0.4/3/5/11
0.4,3,12,0,1000,800,5,constant,safeguard,0.10751744044572496,3,1,1,mixture/0.4/3/5/12
0.4,3,12,0,1000,800,5,constant,asw-pam,,2,0,0,mixture/0.4/3/5/12
0.4,3,13,0,1000,800,5,constant,safeguard,0.09722139682189311,3,1,1,mixture/0.4/3/5/13
0.4,3,13,0,1000,800,5,constant,asw-pam,,3,1,1,mixture/0.4/3/5/13
0.4,3,14,0,1000,800,5,constant,safeguard,0.15383364208892036,3,1,1,mixture/0.4/3/5/14
0.4,3,14,0,1000,800,5,constant,asw-pam,,3,1,1,mixture/0.4/3/5/14
0.4,3,15,0,1000,800,5,constant,safeguard,0.1394560862780826,3,1,1,mixture/0.4/3/5/15
0.4,3,15,0,1000,800,5,constant,asw-pam,,2,0,0,mixture/0.4/3/5/15
0.4,3,16,0,1000,800,5,constant,safeguard,0.11224972160321814,3,1,1,mixture/0.4/3/5/16
0.4,3,16,0,1000,800,5,constant,asw-pam,,3,1,1,mixture/0.4/3/5/16
0.4,3,17,0,1000,800,5,constant,safeguard,0.15095694750490957,3,1,1,mixture/0.4/3/5/17
0.4,3,17,0,1000,800,5,constant,asw-pam,,3,1,1,mixture/0.4/3/5/17
0.4,3,18,0,1000,800,5,constant,safeguard,0.12198360545581532,3,1,1,mixture/0.4/3/5/18
0.4,3,18,0,1000,800,5,constant,asw-pam,,2,0,0,mixture/0.4/3/5/18
0.4,3,19,0,1000,800,5,constant,safeguard,0.1795678944829777,3,1,1,mixture/0.4/3/5/19
0.4,3,19,0,1000,800,5,constant,asw-pam,,3,1,1,mixture/0.4/3/5/19
0.4,3,20,0,1000,800,5,constant,safeguard,0.10200000000000004,3,1,1,mixture/0.4/3/5/20
0.4,3,20,0,1000,800,5,constant,asw-pam,,3,1,1,mixture/0.4/3/5/20
0.4,3,21,0,1000,800,5,constant,safeguard,0.14703741020570246,3,1,1,mixture/0.4/3/5/21
0.4,3,21,0,1000,800,5,constant,asw-pam,,2,0,0,mixture/0.4/3/5/21
0.4,3,22,0,1000,800,5,constant,safeguard,0.09486832980505142,3,1,1,mixture/0.4/3/5/22
0.4,3,22,0,1000,800,5,constant,asw-pam,,3,1,1,mixture/0.4/3/5/22
0.4,3,23,0,1000,800,5,constant,safeguard,0.10632027088001617,3,1,1,mixture/0.4/3/5/23
0.4,3,23,0,1000,800,5,constant,asw-pam,,2,0,0,mixture/0.4/3/5/23
0.4,3,24,0,1000,800,5,constant,safeguard,0.1207973509643319,3,1,1,mixture/0.4/3/5/24
0.4,3,24,0,1000,800,5,constant,asw-pam,,2,0,0,mixture/0.4/3/5/24
0.4,3,25,0,1000,800,5,constant,safeguard,0.08979977728257446,3,1,1,mixture/0.4/3/5/25
0.4,3,25,0,1000,800,5,constant,asw-pam,,3,1,1,mixture/0.4/3/5/25
0.4,3,26,0,1000,800,5,constant,safeguard,0.12774975538137057,3,1,1,mixture/0.4/3/5/26
0.4,3,26,0,1000,800,5,constant,asw-pam,,3,1,1,mixture/0.4/3/5/26
0.4,3,27,0,1000,800,5,constant,safeguard,0.16412734304654325,3,1,1,mixture/0.4/3/5/27
0.4,3,27,0,1000,800,5,constant,asw-pam,,2,0,0,mixture/0.4/3/5/27
0.4,3,28,0,1000,800,5,constant,safeguard,0.18986159544060058,3,1,1,mixture/0.4/3/5/28
0.4,3,28,0,1000,800,5,constant,asw-pam,,2,0,0,mixture/0.4/3/5/28
0.4,3,29,0,1000,800,5,constant,safeguard,0.08313843876330601,3,1,1,mixture/0.4/3/5/29
0.4,3,29,0,1000,800,5,constant,asw-pam,,2,0,0,mixture/0.4/3/5/29
0.4,4,0,0,1000,800,5,constant,safeguard,0.15898049256773183,4,1,1,mixture/0.4/4/5/0
0.4,4,0,0,1000,800,5,constant,asw-pam,,4,1,1,mixture/0.4/4/5/0
0.4,4,1,0,1000,800,5,constant,safeguard,0.14182432430502695,4,1,1,mixture/0.4/4/5/1
0.4,4,1,0,1000,800,5,constant,asw-pam,,2,0,0,mixture/0.4/4/5/1
0.4,4,2,0,1000,800,5,constant,safeguard,0.10908712114635719,4,1,1,mixture/0.4/4/5/2
0.4,4,2,0,1000,800,5,constant,asw-pam,,4,1,0,mixture/0.4/4/5/2
0.4,4,3,0,1000,800,5,constant,safeguard,0.09826494797230602,4,1,1,mixture/0.4/4/5/3
0.4,4,3,0,1000,800,5,constant,asw-pam,,2,0,0,mixture/0.4/4/5/3
0.4,4,4,0,1000,800,5,constant,safeguard,0.14239619658045047,4,1,1,mixture/0.4/4/5/4
0.4,4,4,0,1000,800,5,constant,asw-pam,,4,1,1,mixture/0.4/4/5/4
0.4,4,5,0,1000,800,5,constant,safeguard,0.30194856142360577,3,0,0,mixture/0.4/4/5/5
0.4,4,5,0,1000,800,5,constant,asw-pam,,3,0,0,mixture/0.4/4/5/5
0.4,4,6,0,1000,800,5,constant,safeguard,0.16012423711857882,4,1,1,mixture/0.4/4/5/6
0.4,4,6,0,1000,800,5,constant,asw-pam,,3,0,0,mixture/0.4/4/5/6
0.4,4,7,0,1000,800,5,constant,safeguard,0.16412734304654328,5,0,0,mixture/0.4/4/5/7
0.4,4,7,0,1000,800,5,constant,asw-pam,,4,1,1,mixture/0.4/4/5/7
0.4,4,8,0,1000,800,5,constant,safeguard,0.10648943609579298,4,1,1,mixture/0.4/4/5/8
0.4,4,8,0,1000,800,5,constant,asw-pam,,3,0,0,mixture/0.4/4/5/8
0.4,4,9,0,1000,800,5,constant,safeguard,0.09967948635501694,4,1,1,mixture/0.4/4/5/9
0.4,4,9,0,1000,800,5,constant,asw-pam,,4,1,0,mixture/0.4/4/5/9
0.4,4,10,0,1000,800,5,constant,safeguard,0.1189494332880871,4,1,1,mixture/0.4/4/5/10
0.4,4,10,0,1000,800,5,constant,asw-pam,,4,1,1,mixture/0.4/4/5/10
0.4,4,11,0,1000,800,5,constant,safeguard,0.10075713374248003,4,1,1,mixture/0.4/4/5/11
0.4,4,11,0,1000,800,5,constant,asw-pam,,2,0,0,mixture/0.4/4/5/11
0.4,4,12,0,1000,800,5,constant,safeguard,0.18871785088975357,4,1,1,mixture/0.4/4/5/12
0.4,4,12,0,1000,800,5,constant,asw-pam,,2,0,0,mixture/0.4/4/5/12
0.4,4,13,0,1000,800,5,constant,safeguard,0.34140774842782695,2,0,0,mixture/0.4/4/5/13
0.4,4,13,0,1000,800,5,constant,asw-pam,,2,0,0,mixture/0.4/4/5/13
0.4,4,14,0,1000,800,5,constant,safeguard,0.09997999799959993,4,1,1,mixture/0.4/4/5/14
0.4,4,14,0,1000,800,5,constant,asw-pam,,4,1,1,mixture/0.4/4/5/14
0.4,4,15,0,1000,800,5,constant,safeguard,0.24075822795329166,2,0,0,mixture/0.4/4/5/15
0.4,4,15,0,1000,800,5,constant,asw-pam,,2,0,0,mixture/0.4/4/5/15
0.4,4,16,0,1000,800,5,constant,safeguard,0.15040240843637934,4,1,1,mixture/0.4/4/5/16
0.4,4,16,0,1000,800,5,constant,asw-pam,,2,0,0,mixture/0.4/4/5/16
0.4,4,17,0,1000,800,5,constant,safeguard,0.12638377286859254,4,1,1,mixture/0.4/4/5/17
0.4,4,17,0,1000,800,5,constant,asw-pam,,3,0,0,mixture/0.4/4/5/17
0.4,4,18,0,1000,800,5,constant,safeguard,0.15612113119061433,4,1,1,mixture/0.4/4/5/18
0.4,4,18,0,1000,800,5,constant,asw-pam,,3,0,0,mixture/0.4/4/5/18
0.4,4,19,0,1000,800,5,constant,safeguard,0.11299557513460418,4,1,1,mixture/0.4/4/5/19
0.4,4,19,0,1000,800,5,constant,asw-pam,,4,1,1,mixture/0.4/4/5/19
0.4,4,20,0,1000,800,5,constant,safeguard,0.11630993078838975,4,1,1,mixture/0.4/4/5/20
0.4,4,20,0,1000,800,5,constant,asw-pam,,4,1,1,mixture/0.4/4/5/20
0.4,4,21,0,1000,800,5,constant,safeguard,0.12364465212858991,4,1,1,mixture/0.4/4/5/21
0.4,4,21,0,1000,800,5,constant,asw-pam,,3,0,0,mixture/0.4/4/5/21
0.4,4,22,0,1000,800,5,constant,safeguard,0.10992724866929042,4,1,1,mixture/0.4/4/5/22
0.4,4,22,0,1000,800,5,constant,asw-pam,,2,0,0,mixture/0.4/4/5/22
0.4,4,23,0,1000,800,5,constant,safeguard,0.10461357464497621,4,1,1,mixture/0.4/4/5/23
0.4,4,23,0,1000,800,5,constant,asw-pam,,3,0,0,mixture/0.4/4/5/23
0.4,4,24,0,1000,800,5,constant,safeguard,0.09742689567054873,4,1,1,mixture/0.4/4/5/24
0.4,4,24,0,1000,800,5,constant,asw-pam,,4,1,1,mixture/0.4/4/5/24
0.4,4,25,0,1000,800,5,constant,safeguard,0.1698460658007782,4,1,1,mixture/0.4/4/5/25
0.4,4,25,0,1000,800,5,constant,asw-pam,,4,1,1,mixture/0.4/4/5/25
0.4,4,26,0,1000,800,5,constant,safeguard,0.1175755076535926,4,1,1,mixture/0.4/4/5/26
0.4,4,26,0,1000,800,5,constant,asw-pam,,3,0,0,mixture/0.4/4/5/26
0.4,4,27,0,1000,800,5,constant,safeguard,0.1176095234239133,4,1,1,mixture/0.4/4/5/27
0.4,4,27,0,1000,800,5,constant,asw-pam,,4,1,1,mixture/0.4/4/5/27
0.4,4,28,0,1000,800,5,constant,safeguard,0.14868679161010892,4,1,1,mixture/0.4/4/5/28
0.4,4,28,0,1000,800,5,constant,asw-pam,,4,1,1,mixture/0.4/4/5/28
0.4,4,29,0,1000,800,5,constant,safeguard,0.15612113119061435,4,1,1,mixture/0.4/4/5/29
0.4,4,29,0,1000,800,5,constant,asw-pam,,2,0,0,mixture/0.4/4/5/29
0.4,5,0,0,1000,800,5,constant,safeguard,0.11726892171415243,5,1,1,mixture/0.4/5/5/0
0.4,5,0,0,1000,800,5,constant,asw-pam,,5,1,1,mixture/0.4/5/5/0
0.4,5,1,0,1000,800,5,constant,safeguard,0.11777945491468371,4,0,0,mixture/0.4/5/5/1
0.4,5,1,0,1000,800,5,constant,asw-pam,,2,0,0,mixture/0.4/5/5/1
0.4,5,2,0,1000,800,5,constant,safeguard,0.26592060807192547,3,0,0,mixture/0.4/5/5/2
0.4,5,2,0,1000,800,5,constant,asw-pam,,2,0,0,mixture/0.4/5/5/2
0.4,5,3,0,1000,800,5,constant,safeguard,0.11246332735607645,5,1,1,mixture/0.4/5/5/3
0.4,5,3,0,1000,800,5,constant,asw-pam,,4,0,0,mixture/0.4/5/5/3
0.4,5,4,0,1000,800,5,constant,safeguard,0.11027239001672182,5,1,1,mixture/0.4/5/5/4
0.4,5,4,0,1000,800,5,constant,asw-pam,,5,1,1,mixture/0.4/5/5/4
0.4,5,5,0,1000,800,5,constant,safeguard,0.1311640194565568,5,1,1,mixture/0.4/5/5/5
0.4,5,5,0,1000,800,5,constant,asw-pam,,5,1,1,mixture/0.4/5/5/5
0.4,5,6,0,1000,800,5,constant,safeguard,0.10571660229122,5,1,1,mixture/0.4/5/5/6
0.4,5,6,0,1000,800,5,constant,asw-pam,,3,0,0,mixture/0.4/5/5/6
0.4,5,7,0,1000,800,5,constant,safeguard,0.1226702898015653,5,1,1,mixture/0.4/5/5/7
0.4,5,7,0,1000,800,5,constant,asw-pam,,4,0,0,mixture/0.4/5/5/7
0.4,5,8,0,1000,800,5,constant,safeguard,0.11466472866579333,5,1,1,mixture/0.4/5/5/8
0.4,5,8,0,1000,800,5,constant,asw-pam,,2,0,0,mixture/0.4/5/5/8
0.4,5,9,0,1000,800,5,constant,safeguard,0.10751744044572493,5,1,1,mixture/0.4/5/5/9
0.4,5,9,0,1000,800,5,constant,asw-pam,,5,1,1,mixture/0.4/5/5/9
0.4,5,10,0,1000,800,5,constant,safeguard,0.12089665007765936,5,1,1,mixture/0.4/5/5/10
0.4,5,10,0,1000,800,5,constant,asw-pam,,4,0,0,mixture/0.4/5/5/10
0.4,5,11,0,1000,800,5,constant,safeguard,0.11666194418639314,5,1,1,mixture/0.4/5/5/11
0.4,5,11,0,1000,800,5,constant,asw-pam,,2,0,0,mixture/0.4/5/5/11
0.4,5,12,0,1000,800,5,constant,safeguard,0.138393090652486,4,0,0,mixture/0.4/5/5/12
0.4,5,12,0,1000,800,5,constant,asw-pam,,3,0,0,mixture/0.4/5/5/12
0.4,5,13,0,1000,800,5,constant,safeguard,0.14228141129465918,5,1,1,mixture/0.4/5/5/13
0.4,5,13,0,1000,800,5,constant,asw-pam,,5,1,1,mixture/0.4/5/5/13
0.4,5,14,0,1000,800,5,constant,safeguard,0.12124355652982133,5,1,1,mixture/0.4/5/5/14
0.4,5,14,0,1000,800,5,constant,asw-pam,,2,0,0,mixture/0.4/5/5/14
0.4,5,15,0,1000,800,5,constant,safeguard,0.13266499161421605,5,1,1,mixture/0.4/5/5/15
0.4,5,15,0,1000,800,5,constant,asw-pam,,4,0,0,mixture/0.4/5/5/15
0.4,5,16,0,1000,800,5,constant,safeguard,0.31681724058461663,4,0,0,mixture/0.4/5/5/16
0.4,5,16,0,1000,800,5,constant,asw-pam,,2,0,0,mixture/0.4/5/5/16
0.4,5,17,0,1000,800,5,constant,safeguard,0.1698460658007782,5,1,1,mixture/0.4/5/5/17
0.4,5,17,0,1000,800,5,constant,asw-pam,,2,0,0,mixture/0.4/5/5/17
0.4,5,18,0,1000,800,5,constant,safeguard,0.09757048734120378,5,1,1,mixture/0.4/5/5/18
0.4,5,18,0,1000,800,5,constant,asw-pam,,5,1,1,mixture/0.4/5/5/18
0.4,5,19,0,1000,800,5,constant,safeguard,0.26592060807192547,5,1,1,mixture/0.4/5/5/19
0.4,5,19,0,1000,800,5,constant,asw-pam,,4,0,0,mixture/0.4/5/5/19
0.4,5,20,0,1000,800,5,constant,safeguard,0.10958102025442186,5,1,1,mixture/0.4/5/5/20
0.4,5,20,0,1000,800,5,constant,asw-pam,,5,1,1,mixture/0.4/5/5/20
0.4,5,21,0,1000,800,5,constant,safeguard,0.10720074626605922,5,1,1,mixture/0.4/5/5/21
0.4,5,21,0,1000,800,5,constant,asw-pam,,2,0,0,mixture/0.4/5/5/21
0.4,5,22,0,1000,800,5,constant,safeguard,0.12809938969486304,5,1,1,mixture/0.4/5/5/22
0.4,5,22,0,1000,800,5,constant,asw-pam,,2,0,0,mixture/0.4/5/5/22
0.4,5,23,0,1000,800,5,constant,safeguard,0.10814804667676627,5,1,1,mixture/0.4/5/5/23
0.4,5,23,0,1000,800,5,constant,asw-pam,,5,1,1,mixture/0.4/5/5/23
0.4,5,24,0,1000,800,5,constant,safeguard,0.09509994742374969,5,1,1,mixture/0.4/5/5/24
0.4,5,24,0,1000,800,5,constant,asw-pam,,5,1,1,mixture/0.4/5/5/24
0.4,5,25,0,1000,800,5,constant,safeguard,0.0914549069213893,5,1,1,mixture/0.4/5/5/25
0.4,5,25,0,1000,800,5,constant,asw-pam,,3,0,0,mixture/0.4/5/5/25
0.4,5,26,0,1000,800,5,constant,safeguard,0.11336666176614715,5,1,1,mixture/0.4/5/5/26
0.4,5,26,0,1000,800,5,constant,asw-pam,,4,0,0,mixture/0.4/5/5/26
0.4,5,27,0,1000,800,5,constant,safeguard,0.12383860464330163,5,1,1,mixture/0.4/5/5/27
0.4,5,27,0,1000,800,5,constant,asw-pam,,4,0,0,mixture/0.4/5/5/27
0.4,5,28,0,1000,800,5,constant,safeguard,0.14353994113129745,4,0,0,mixture/0.4/5/5/28
0.4,5,28,0,1000,800,5,constant,asw-pam,,2,0,0,mixture/0.4/5/5/28
0.4,5,29,0,1000,800,5,constant,safeguard,0.22017082603804586,5,1,1,mixture/0.4/5/5/29
0.4,5,29,0,1000,800,5,constant,asw-pam,,3,0,0,mixture/0.4/5/5/29
0.4,6,0,0,1000,800,5,constant,safeguard,0.09687104830649872,6,1,1,mixture/0.4/6/5/0
0.4,6,0,0,1000,800,5,constant,asw-pam,,6,1,1,mixture/0.4/6/5/0
0.4,6,1,0,1000,800,5,constant,safeguard,0.09070832376358857,6,1,1,mixture/0.4/6/5/1
0.4,6,1,0,1000,800,5,constant,asw-pam,,2,0,0,mixture/0.4/6/5/1
0.4,6,2,0,1000,800,5,constant,safeguard,0.1587702742959148,5,0,0,mixture/0.4/6/5/2
0.4,6,2,0,1000,800,5,constant,asw-pam,,2,0,0,mixture/0.4/6/5/2
0.4,6,3,0,1000,800,5,constant,safeguard,0.23904261112702124,5,0,0,mixture/0.4/6/5/3
0.4,6,3,0,1000,800,5,constant,asw-pam,,2,0,0,mixture/0.4/6/5/3
0.4,6,4,0,1000,800,5,constant,safeguard,0.12638377286859256,6,1,1,mixture/0.4/6/5/4
0.4,6,4,0,1000,800,5,constant,asw-pam,,4,0,0,mixture/0.4/6/5/4
0.4,6,5,0,1000,800,5,constant,safeguard,0.08843076387773662,6,1,1,mixture/0.4/6/5/5
0.4,6,5,0,1000,800,5,constant,asw-pam,,6,1,1,mixture/0.4/6/5/5
0.4,6,6,0,1000,800,5,constant,safeguard,0.1130663522008206,6,1,1,mixture/0.4/6/5/6
0.4,6,6,0,1000,800,5,constant,asw-pam,,6,1,1,mixture/0.4/6/5/6
0.4,6,7,0,1000,800,5,constant,safeguard,0.10332473082471581,6,1,1,mixture/0.4/6/5/7
0.4,6,7,0,1000,800,5,constant,asw-pam,,6,1,1,mixture/0.4/6/5/7
0.4,6,8,0,1000,800,5,constant,safeguard,0.11095945205344164,6,1,1,mixture/0.4/6/5/8
0.4,6,8,0,1000,800,5,constant,asw-pam,,6,1,1,mixture/0.4/6/5/8
0.4,6,9,0,1000,800,5,constant,safeguard,0.21502397555923441,4,0,0,mixture/0.4/6/5/9
0.4,6,9,0,1000,800,5,constant,asw-pam,,2,0,0,mixture/0.4/6/5/9
0.4,6,10,0,1000,800,5,constant,safeguard,0.10246950765959603,6,1,1,mixture/0.4/6/5/10
0.4,6,10,0,1000,800,5,constant,asw-pam,,4,0,0,mixture/0.4/6/5/10
0.4,6,11,0,1000,800,5,constant,safeguard,0.09599999999999989,6,1,1,mixture/0.4/6/5/11
0.4,6,11,0,1000,800,5,constant,asw-pam,,6,1,1,mixture/0.4/6/5/11
0.4,6,12,0,1000,800,5,constant,safeguard,0.200727168673647,4,0,0,mixture/0.4/6/5/12
0.4,6,12,0,1000,800,5,constant,asw-pam,,2,0,0,mixture/0.4/6/5/12
0.4,6,13,0,1000,800,5,constant,safeguard,0.13153062334740404,6,1,1,mixture/0.4/6/5/13
0.4,6,13,0,1000,800,5,constant,asw-pam,,6,1,1,mixture/0.4/6/5/13
0.4,6,14,0,1000,800,5,constant,safeguard,0.14832396974191323,6,1,1,mixture/0.4/6/5/14
0.4,6,14,0,1000,800,5,constant,asw-pam,,2,0,0,mixture/0.4/6/5/14
0.4,6,15,0,1000,800,5,constant,safeguard,0.11426285485668566,6,1,1,mixture/0.4/6/5/15
0.4,6,15,0,1000,800,5,constant,asw-pam,,4,0,0,mixture/0.4/6/5/15
0.4,6,16,0,1000,800,5,constant,safeguard,0.1532617698134968,6,1,1,mixture/0.4/6/5/16
0.4,6,16,0,1000,800,5,constant,asw-pam,,6,1,1,mixture/0.4/6/5/16
0.4,6,17,0,1000,800,5,constant,safeguard,0.10965400129498243,6,1,1,mixture/0.4/6/5/17
0.4,6,17,0,1000,800,5,constant,asw-pam,,6,1,1,mixture/0.4/6/5/17
0.4,6,18,0,1000,800,5,constant,safeguard,0.19500844591941202,6,1,1,mixture/0.4/6/5/18
0.4,6,18,0,1000,800,5,constant,asw-pam,,6,1,1,mixture/0.4/6/5/18
0.4,6,19,0,1000,800,5,constant,safeguard,0.1463993025084149,6,1,1,mixture/0.4/6/5/19
0.4,6,19,0,1000,800,5,constant,asw-pam,,2,0,0,mixture/0.4/6/5/19
0.4,6,20,0,1000,800,5,constant,safeguard,0.1304607220584035,6,1,1,mixture/0.4/6/5/20
0.4,6,20,0,1000,800,5,constant,asw-pam,,6,1,1,mixture/0.4/6/5/20
0.4,6,21,0,1000,800,5,constant,safeguard,0.10409610943738486,6,1,1,mixture/0.4/6/5/21
0.4,6,21,0,1000,800,5,constant,asw-pam,,6,1,1,mixture/0.4/6/5/21
0.4,6,22,0,1000,800,5,constant,safeguard,0.11256997823576236,6,1,1,mixture/0.4/6/5/22
0.4,6,22,0,1000,800,5,constant,asw-pam,,3,0,0,mixture/0.4/6/5/22
0.4,6,23,0,1000,800,5,constant,safeguard,0.11939849245279445,6,1,1,mixture/0.4/6/5/23
0.4,6,23,0,1000,800,5,constant,asw-pam,,2,0,0,mixture/0.4/6/5/23
0.4,6,24,0,1000,800,5,constant,safeguard,0.12603174203350506,6,1,1,mixture/0.4/6/5/24
0.4,6,24,0,1000,800,5,constant,asw-pam,,4,0,0,mixture/0.4/6/5/24
0.4,6,25,0,1000,800,5,constant,safeguard,0.10003999200319844,5,0,0,mixture/0.4/6/5/25
0.4,6,25,0,1000,800,5,constant,asw-pam,,4,0,0,mixture/0.4/6/5/25
0.4,6,26,0,1000,800,5,constant,safeguard,0.09217374897442333,6,1,1,mixture/0.4/6/5/26
0.4,6,26,0,1000,800,5,constant,asw-pam,,5,0,0,mixture/0.4/6/5/26
0.4,6,27,0,1000,800,5,constant,safeguard,0.1023327904437283,6,1,1,mixture/0.4/6/5/27
0.4,6,27,0,1000,800,5,constant,asw-pam,,6,1,1,mixture/0.4/6/5/27
0.4,6,28,0,1000,800,5,constant,safeguard,0.12809938969486306,6,1,1,mixture/0.4/6/5/28
0.4,6,28,0,1000,800,5,constant,asw-pam,,4,0,0,mixture/0.4/6/5/28
0.4,6,29,0,1000,800,5,constant,safeguard,0.17213355490247223,6,1,1,mixture/0.4/6/5/29
0.4,6,29,0,1000,800,5,constant,asw-pam,,3,0,0,mixture/0.4/6/5/29
0.4,7,0,0,1000,800,5,constant,safeguard,0.1275931032618927,6,0,0,mixture/0.4/7/5/0
0.4,7,0,0,1000,800,5,constant,asw-pam,,2,0,0,mixture/0.4/7/5/0
0.4,7,1,0,1000,800,5,constant,safeguard,0.3316859197456275,3,0,0,mixture/0.4/7/5/1
0.4,7,1,0,1000,800,5,constant,asw-pam,,2,0,0,mixture/0.4/7/5/1
0.4,7,2,0,1000,800,5,constant,safeguard,0.11889491158161485,7,1,1,mixture/0.4/7/5/2
0.4,7,2,0,1000,800,5,constant,asw-pam,,4,0,0,mixture/0.4/7/5/2
0.4,7,3,0,1000,800,5,constant,safeguard,0.10424970023937724,7,1,1,mixture/0.4/7/5/3
0.4,7,3,0,1000,800,5,constant,asw-pam,,6,0,0,mixture/0.4/7/5/3
0.4,7,4,0,1000,800,5,constant,safeguard,0.1749929162795897,6,0,0,mixture/0.4/7/5/4
0.4,7,4,0,1000,800,5,constant,asw-pam,,2,0,0,mixture/0.4/7/5/4
0.4,7,5,0,1000,800,5,constant,safeguard,0.11499565209172045,7,1,1,mixture/0.4/7/5/5
0.4,7,5,0,1000,800,5,constant,asw-pam,,2,0,0,mixture/0.4/7/5/5
0.4,7,6,0,1000,800,5,constant,safeguard,0.23904261112702124,5,0,0,mixture/0.4/7/5/6
0.4,7,6,0,1000,800,5,constant,asw-pam,,2,0,0,mixture/0.4/7/5/6
0.4,7,7,0,1000,800,5,constant,safeguard,0.1150999565595053,7,1,1,mixture/0.4/7/5/7
0.4,7,7,0,1000,800,5,constant,asw-pam,,3,0,0,mixture/0.4/7/5/7
0.4,7,8,0,1000,800,5,constant,safeguard,0.15097428071180288,6,0,0,mixture/0.4/7/5/8
0.4,7,8,0,1000,800,5,constant,asw-pam,,4,0,0,mixture/0.4/7/5/8
0.4,7,9,0,1000,800,5,constant,safeguard,0.11399999999999988,11,0,0,mixture/0.4/7/5/9
0.4,7,9,0,1000,800,5,constant,asw-pam,,7,1,1,mixture/0.4/7/5/9
0.4,7,10,0,1000,800,5,constant,safeguard,0.25848626849142003,3,0,0,mixture/0.4/7/5/10
0.4,7,10,0,1000,800,5,constant,asw-pam,,2,0,0,mixture/0.4/7/5/10
0.4,7,11,0,1000,800,5,constant,safeguard,0.17956789448297766,7,1,1,mixture/0.4/7/5/11
0.4,7,11,0,1000,800,5,constant,asw-pam,,7,1,1,mixture/0.4/7/5/11
0.4,7,12,0,1000,800,5,constant,safeguard,0.20587401915245848,6,0,0,mixture/0.4/7/5/12
0.4,7,12,0,1000,800,5,constant,asw-pam,,7,1,1,mixture/0.4/7/5/12
0.4,7,13,0,1000,800,5,constant,safeguard,0.22417393196601032,2,0,0,mixture/0.4/7/5/13
0.4,7,13,0,1000,800,5,constant,asw-pam,,2,0,0,mixture/0.4/7/5/13
0.4,7,14,0,1000,800,5,constant,safeguard,0.10770329614269013,7,1,1,mixture/0.4/7/5/14
0.4,7,14,0,1000,800,5,constant,asw-pam,,6,0,0,mixture/0.4/7/5/14
0.4,7,15,0,1000,800,5,constant,safeguard,0.22817703789397478,5,0,0,mixture/0.4/7/5/15
0.4,7,15,0,1000,800,5,constant,asw-pam,,5,0,0,mixture/0.4/7/5/15
0.4,7,16,0,1000,800,5,constant,safeguard,0.10923369443537104,7,1,1,mixture/0.4/7/5/16
0.4,7,16,0,1000,800,5,constant,asw-pam,,6,0,0,mixture/0.4/7/5/16
0.4,7,17,0,1000,800,5,constant,safeguard,0.1439999999999999,6,0,0,mixture/0.4/7/5/17
0.4,7,17,0,1000,800,5,constant,asw-pam,,2,0,0,mixture/0.4/7/5/17
0.4,7,18,0,1000,800,5,constant,safeguard,0.10461357464497607,7,1,1,mixture/0.4/7/5/18
0.4,7,18,0,1000,800,5,constant,asw-pam,,6,0,0,mixture/0.4/7/5/18
0.4,7,19,0,1000,800,5,constant,safeguard,0.19500844591941208,7,1,1,mixture/0.4/7/5/19
0.4,7,19,0,1000,800,5,constant,asw-pam,,2,0,0,mixture/0.4/7/5/19
0.4,7,20,0,1000,800,5,constant,safeguard,0.11224972160321828,7,1,1,mixture/0.4/7/5/20
0.4,7,20,0,1000,800,5,constant,asw-pam,,7,1,1,mixture/0.4/7/5/20
0.4,7,21,0,1000,800,5,constant,safeguard,0.09822423326246943,7,1,1,mixture/0.4/7/5/21
0.4,7,21,0,1000,800,5,constant,asw-pam,,6,0,0,mixture/0.4/7/5/21
0.4,7,22,0,1000,800,5,constant,safeguard,0.1254272697622013,7,1,1,mixture/0.4/7/5/22
0.4,7,22,0,1000,800,5,constant,asw-pam,,2,0,0,mixture/0.4/7/5/22
0.4,7,23,0,1000,800,5,constant,safeguard,0.13977124167724925,7,1,1,mixture/0.4/7/5/23
0.4,7,23,0,1000,800,5,constant,asw-pam,,2,0,0,mixture/0.4/7/5/23
0.4,7,24,0,1000,800,5,constant,safeguard,0.10846197490365006,7,1,1,mixture/0.4/7/5/24
0.4,7,24,0,1000,800,5,constant,asw-pam,,7,1,1,mixture/0.4/7/5/24
0.4,7,25,0,1000,800,5,constant,safeguard,0.25219567346176164,2,0,0,mixture/0.4/7/5/25
0.4,7,25,0,1000,800,5,constant,asw-pam,,2,0,0,mixture/0.4/7/5/25
0.4,7,26,0,1000,800,5,constant,safeguard,0.10564090116995395,7,1,1,mixture/0.4/7/5/26
0.4,7,26,0,1000,800,5,constant,asw-pam,,2,0,0,mixture/0.4/7/5/26
0.4,7,27,0,1000,800,5,constant,safeguard,0.10146920715172662,7,1,1,mixture/0.4/7/5/27
0.4,7,27,0,1000,800,5,constant,asw-pam,,7,1,1,mixture/0.4/7/5/27
0.4,7,28,0,1000,800,5,constant,safeguard,0.15760710643876444,5,0,0,mixture/0.4/7/5/28
0.4,7,28,0,1000,800,5,constant,asw-pam,,4,0,0,mixture/0.4/7/5/28
0.4,7,29,0,1000,800,5,constant,safeguard,0.12981500652113354,7,1,1,mixture/0.4/7/5/29
0.4,7,29,0,1000,800,5,constant,asw-pam,,3,0,0,mixture/0.4/7/5/29
0.4,8,0,0,1000,800,5,constant,safeguard,0.13798550648528277,7,0,0,mixture/0.4/8/5/0
0.4,8,0,0,1000,800,5,constant,asw-pam,,2,0,0,mixture/0.4/8/5/0
0.4,8,1,0,1000,800,5,constant,safeguard,0.12466815604232208,7,0,0,mixture/0.4/8/5/1
0.4,8,1,0,1000,800,5,constant,asw-pam,,6,0,0,mixture/0.4/8/5/1
0.4,8,2,0,1000,800,5,constant,safeguard,0.10748023074035527,8,1,1,mixture/0.4/8/5/2
0.4,8,2,0,1000,800,5,constant,asw-pam,,5,0,0,mixture/0.4/8/5/2
0.4,8,3,0,1000,800,5,constant,safeguard,0.1009950493836208,8,1,1,mixture/0.4/8/5/3
0.4,8,3,0,1000,800,5,constant,asw-pam,,8,1,1,mixture/0.4/8/5/3
0.4,8,4,0,1000,800,5,constant,safeguard,0.1242577965360726,8,1,1,mixture/0.4/8/5/4
0.4,8,4,0,1000,800,5,constant,asw-pam,,4,0,0,mixture/0.4/8/5/4
0.4,8,5,0,1000,800,5,constant,safeguard,0.10357605900979246,8,1,1,mixture/0.4/8/5/5
0.4,8,5,0,1000,800,5,constant,asw-pam,,2,0,0,mixture/0.4/8/5/5
0.4,8,6,0,1000,800,5,constant,safeguard,0.12638377286859256,8,1,1,mixture/0.4/8/5/6
0.4,8,6,0,1000,800,5,constant,asw-pam,,3,0,0,mixture/0.4/8/5/6
0.4,8,7,0,1000,800,5,constant,safeguard,0.11415778554264273,8,1,1,mixture/0.4/8/5/7
0.4,8,7,0,1000,800,5,constant,asw-pam,,8,1,1,mixture/0.4/8/5/7
0.4,8,8,0,1000,800,5,constant,safeguard,0.14125245202960346,8,1,1,mixture/0.4/8/5/8
0.4,8,8,0,1000,800,5,constant,asw-pam,,2,0,0,mixture/0.4/8/5/8
0.4,8,9,0,1000,800,5,constant,safeguard,0.17785227765670714,6,0,0,mixture/0.4/8/5/9
0.4,8,9,0,1000,800,5,constant,asw-pam,,2,0,0,mixture/0.4/8/5/9
0.4,8,10,0,1000,800,5,constant,safeguard,0.18242725586009512,8,1,1,mixture/0.4/8/5/10
0.4,8,10,0,1000,800,5,constant,asw-pam,,8,1,1,mixture/0.4/8/5/10
0.4,8,11,0,1000,800,5,constant,safeguard,0.10357605900979247,8,1,1,mixture/0.4/8/5/11
0.4,8,11,0,1000,800,5,constant,asw-pam,,5,0,0,mixture/0.4/8/5/11
0.4,8,12,0,1000,800,5,constant,safeguard,0.14832396974191334,7,0,0,mixture/0.4/8/5/12
0.4,8,12,0,1000,800,5,constant,asw-pam,,8,1,1,mixture/0.4/8/5/12
0.4,8,13,0,1000,800,5,constant,safeguard,0.10278132126023683,8,1,1,mixture/0.4/8/5/13
0.4,8,13,0,1000,800,5,constant,asw-pam,,4,0,0,mixture/0.4/8/5/13
0.4,8,14,0,1000,800,5,constant,safeguard,0.11352532757054708,8,1,1,mixture/0.4/8/5/14
0.4,8,14,0,1000,800,5,constant,asw-pam,,6,0,0,mixture/0.4/8/5/14
0.4,8,15,0,1000,800,5,constant,safeguard,0.08919641248391107,8,1,1,mixture/0.4/8/5/15
0.4,8,15,0,1000,800,5,constant,asw-pam,,2,0,0,mixture/0.4/8/5/15
0.4,8,16,0,1000,800,5,constant,safeguard,0.1744210440041662,7,0,0,mixture/0.4/8/5/16
0.4,8,16,0,1000,800,5,constant,asw-pam,,4,0,0,mixture/0.4/8/5/16
0.4,8,17,0,1000,800,5,constant,safeguard,0.2327520160973627,6,0,0,mixture/0.4/8/5/17
0.4,8,17,0,1000,800,5,constant,asw-pam,,2,0,0,mixture/0.4/8/5/17
0.4,8,18,0,1000,800,5,constant,safeguard,0.20644589142788194,7,0,0,mixture/0.4/8/5/18
0.4,8,18,0,1000,800,5,constant,asw-pam,,2,0,0,mixture/0.4/8/5/18
0.4,8,19,0,1000,800,5,constant,safeguard,0.11224972160321829,8,1,1,mixture/0.4/8/5/19
0.4,8,19,0,1000,800,5,constant,asw-pam,,8,1,1,mixture/0.4/8/5/19
0.4,8,20,0,1000,800,5,constant,safeguard,0.1087749971270972,8,1,1,mixture/0.4/8/5/20
0.4,8,20,0,1000,800,5,constant,asw-pam,,4,0,0,mixture/0.4/8/5/20
0.4,8,21,0,1000,800,5,constant,safeguard,0.19500844591941205,7,0,0,mixture/0.4/8/5/21
0.4,8,21,0,1000,800,5,constant,asw-pam,,8,1,1,mixture/0.4/8/5/21
0.4,8,22,0,1000,800,5,constant,safeguard,0.09797958971132716,8,1,1,mixture/0.4/8/5/22
0.4,8,22,0,1000,800,5,constant,asw-pam,,2,0,0,mixture/0.4/8/5/22
0.4,8,23,0,1000,800,5,constant,safeguard,0.14182432430502692,6,0,0,mixture/0.4/8/5/23
0.4,8,23,0,1000,800,5,constant,asw-pam,,6,0,0,mixture/0.4/8/5/23
0.4,8,24,0,1000,800,5,constant,safeguard,0.11933147112141045,8,1,1,mixture/0.4/8/5/24
0.4,8,24,0,1000,800,5,constant,asw-pam,,8,1,1,mixture/0.4/8/5/24
0.4,8,25,0,1000,800,5,constant,safeguard,0.12231107881136513,8,1,1,mixture/0.4/8/5/25
0.4,8,25,0,1000,800,5,constant,asw-pam,,8,1,1,mixture/0.4/8/5/25
0.4,8,26,0,1000,800,5,constant,safeguard,0.14125245202960343,8,1,1,mixture/0.4/8/5/26
0.4,8,26,0,1000,800,5,constant,asw-pam,,3,0,0,mixture/0.4/8/5/26
0.4,8,27,0,1000,800,5,constant,safeguard,0.1612679816694258,6,0,0,mixture/0.4/8/5/27
0.4,8,27,0,1000,800,5,constant,asw-pam,,3,0,0,mixture/0.4/8/5/27
0.4,8,28,0,1000,800,5,constant,safeguard,0.15497738663976734,8,1,1,mixture/0.4/8/5/28
0.4,8,28,0,1000,800,5,constant,asw-pam,,2,0,0,mixture/0.4/8/5/28
0.4,8,29,0,1000,800,5,constant,safeguard,0.1219344085974095,7,0,0,mixture/0.4/8/5/29
0.4,8,29,0,1000,800,5,constant,asw-pam,,8,1,1,mixture/0.4/8/5/29
0.4,9,0,0,1000,800,5,constant,safeguard,0.15669300346603782,9,1,1,mixture/0.4/9/5/0
0.4,9,0,0,1000,800,5,constant,asw-pam,,2,0,0,mixture/0.4/9/5/0
0.4,9,1,0,1000,800,5,constant,safeguard,0.1789960222075542,9,1,1,mixture/0.4/9/5/1
0.4,9,1,0,1000,800,5,constant,asw-pam,,2,0,0,mixture/0.4/9/5/1
0.4,9,2,0,1000,800,5,constant,safeguard,0.1190965994476753,9,1,0,mixture/0.4/9/5/2
0.4,9,2,0,1000,800,5,constant,asw-pam,,3,0,0,mixture/0.4/9/5/2
0.4,9,3,0,1000,800,5,constant,safeguard,0.11027239001672183,9,1,1,mixture/0.4/9/5/3
0.4,9,3,0,1000,800,5,constant,asw-pam,,9,1,1,mixture/0.4/9/5/3
0.4,9,4,0,1000,800,5,constant,safeguard,0.1635554707711198,8,0,0,mixture/0.4/9/5/4
0.4,9,4,0,1000,800,5,constant,asw-pam,,4,0,0,mixture/0.4/9/5/4
0.4,9,5,0,1000,800,5,constant,safeguard,0.14468368568214443,7,0,0,mixture/0.4/9/5/5
0.4,9,5,0,1000,800,5,constant,asw-pam,,8,0,0,mixture/0.4/9/5/5
0.4,9,6,0,1000,800,5,constant,safeguard,0.1892897231651771,4,0,0,mixture/0.4/9/5/6
0.4,9,6,0,1000,800,5,constant,asw-pam,,2,0,0,mixture/0.4/9/5/6
0.4,9,7,0,1000,800,5,constant,safeguard,0.11256997823576236,8,0,0,mixture/0.4/9/5/7
0.4,9,7,0,1000,800,5,constant,asw-pam,,8,0,0,mixture/0.4/9/5/7
0.4,9,8,0,1000,800,5,constant,safeguard,0.14182432430502698,9,1,1,mixture/0.4/9/5/8
0.4,9,8,0,1000,800,5,constant,asw-pam,,9,1,1,mixture/0.4/9/5/8
0.4,9,9,0,1000,800,5,constant,safeguard,0.18013976675840118,6,0,0,mixture/0.4/9/5/9
0.4,9,9,0,1000,800,5,constant,asw-pam,,3,0,0,mixture/0.4/9/5/9
0.4,9,10,0,1000,800,5,constant,safeguard,0.11572380913191553,9,1,1,mixture/0.4/9/5/10
0.4,9,10,0,1000,800,5,constant,asw-pam,,9,1,1,mixture/0.4/9/5/10
0.4,9,11,0,1000,800,5,constant,safeguard,0.10388455130576446,9,1,1,mixture/0.4/9/5/11
0.4,9,11,0,1000,800,5,constant,asw-pam,,9,1,1,mixture/0.4/9/5/11
0.4,9,12,0,1000,800,5,constant,safeguard,0.10322790320451156,9,1,1,mixture/0.4/9/5/12
0.4,9,12,0,1000,800,5,constant,asw-pam,,9,1,1,mixture/0.4/9/5/12
0.4,9,13,0,1000,800,5,constant,safeguard,0.12013325934144972,9,1,1,mixture/0.4/9/5/13
0.4,9,13,0,1000,800,5,constant,asw-pam,,9,1,1,mixture/0.4/9/5/13
0.4,9,14,0,1000,800,5,constant,safeguard,0.10833282051160671,9,1,1,mixture/0.4/9/5/14
0.4,9,14,0,1000,800,5,constant,asw-pam,,8,0,0,mixture/0.4/9/5/14
0.4,9,15,0,1000,800,5,constant,safeguard,0.10648943609579299,12,0,0,mixture/0.4/9/5/15
0.4,9,15,0,1000,800,5,constant,asw-pam,,7,0,0,mixture/0.4/9/5/15
0.4,9,16,0,1000,800,5,constant,safeguard,0.11299557513460418,9,1,1,mixture/0.4/9/5/16
0.4,9,16,0,1000,800,5,constant,asw-pam,,2,0,0,mixture/0.4/9/5/16
0.4,9,17,0,1000,800,5,constant,safeguard,0.0996393496566491,9,1,1,mixture/0.4/9/5/17
0.4,9,17,0,1000,800,5,constant,asw-pam,,7,0,0,mixture/0.4/9/5/17
0.4,9,18,0,1000,800,5,constant,safeguard,0.10241093691593674,9,1,1,mixture/0.4/9/5/18
0.4,9,18,0,1000,800,5,constant,asw-pam,,9,1,1,mixture/0.4/9/5/18
0.4,9,19,0,1000,800,5,constant,safeguard,0.10146920715172662,9,1,1,mixture/0.4/9/5/19
0.4,9,19,0,1000,800,5,constant,asw-pam,,6,0,0,mixture/0.4/9/5/19
0.4,9,20,0,1000,800,5,constant,safeguard,0.13105723940324707,9,1,1,mixture/0.4/9/5/20
0.4,9,20,0,1000,800,5,constant,asw-pam,,2,0,0,mixture/0.4/9/5/20
0.4,9,21,0,1000,800,5,constant,safeguard,0.13724934610163897,9,1,1,mixture/0.4/9/5/21
0.4,9,21,0,1000,800,5,constant,asw-pam,,9,1,1,mixture/0.4/9/5/21
0.4,9,22,0,1000,800,5,constant,safeguard,0.10814804667676624,9,1,1,mixture/0.4/9/5/22
0.4,9,22,0,1000,800,5,constant,asw-pam,,2,0,0,mixture/0.4/9/5/22
0.4,9,23,0,1000,800,5,constant,safeguard,0.11323071053385216,9,1,1,mixture/0.4/9/5/23
0.4,9,23,0,1000,800,5,constant,asw-pam,,4,0,0,mixture/0.4/9/5/23
0.4,9,24,0,1000,800,5,constant,safeguard,0.1441118134067209,8,0,0,mixture/0.4/9/5/24
0.4,9,24,0,1000,800,5,constant,asw-pam,,7,0,0,mixture/0.4/9/5/24
0.4,9,25,0,1000,800,5,constant,safeguard,0.10833282051160677,9,1,1,mixture/0.4/9/5/25
0.4,9,25,0,1000,800,5,constant,asw-pam,,8,0,0,mixture/0.4/9/5/25
0.4,9,26,0,1000,800,5,constant,safeguard,0.17098981035162522,8,0,0,mixture/0.4/9/5/26
0.4,9,26,0,1000,800,5,constant,asw-pam,,6,0,0,mixture/0.4/9/5/26
0.4,9,27,0,1000,800,5,constant,safeguard,0.14068057975417994,9,1,1,mixture/0.4/9/5/27
0.4,9,27,0,1000,800,5,constant,asw-pam,,9,1,1,mixture/0.4/9/5/27
0.4,9,28,0,1000,800,5,constant,safeguard,0.12867126197028655,8,0,0,mixture/0.4/9/5/28
0.4,9,28,0,1000,800,5,constant,asw-pam,,2,0,0,mixture/0.4/9/5/28
0.4,9,29,0,1000,800,5,constant,safeguard,0.13610560155079196,8,0,0,mixture/0.4/9/5/29
0.4,9,29,0,1000,800,5,constant,asw-pam,,4,0,0,mixture/0.4/9/5/29
0.4,10,0,0,1000,800,5,constant,safeguard,0.11276524287208364,10,1,1,mixture/0.4/10/5/0
0.4,10,0,0,1000,800,5,constant,asw-pam,,9,0,0,mixture/0.4/10/5/0
0.4,10,1,0,1000,800,5,constant,safeguard,0.12383860464330182,10,1,1,mixture/0.4/10/5/1
0.4,10,1,0,1000,800,5,constant,asw-pam,,4,0,0,mixture/0.4/10/5/1
0.4,10,2,0,1000,800,5,constant,safeguard,0.1190965994476753,10,1,1,mixture/0.4/10/5/2
0.4,10,2,0,1000,800,5,constant,asw-pam,,9,0,0,mixture/0.4/10/5/2
0.4,10,3,0,1000,800,5,constant,safeguard,0.11336666176614715,10,1,1,mixture/0.4/10/5/3
0.4,10,3,0,1000,800,5,constant,asw-pam,,10,1,1,mixture/0.4/10/5/3
0.4,10,4,0,1000,800,5,constant,safeguard,0.11396490687926705,11,0,0,mixture/0.4/10/5/4
0.4,10,4,0,1000,800,5,constant,asw-pam,,2,0,0,mixture/0.4/10/5/4
0.4,10,5,0,1000,800,5,constant,safeguard,0.1215894732285652,10,1,1,mixture/0.4/10/5/5
0.4,10,5,0,1000,800,5,constant,asw-pam,,10,1,1,mixture/0.4/10/5/5
0.4,10,6,0,1000,800,5,constant,safeguard,0.19043346771602407,8,0,0,mixture/0.4/10/5/6
0.4,10,6,0,1000,800,5,constant,asw-pam,,9,0,0,mixture/0.4/10/5/6
0.4,10,7,0,1000,800,5,constant,safeguard,0.18471474496178913,6,0,0,mixture/0.4/10/5/7
0.4,10,7,0,1000,800,5,constant,asw-pam,,4,0,0,mixture/0.4/10/5/7
0.4,10,8,0,1000,800,5,constant,safeguard,0.11921409312660972,9,0,0,mixture/0.4/10/5/8
0.4,10,8,0,1000,800,5,constant,asw-pam,,9,0,0,mixture/0.4/10/5/8
0.4,10,9,0,1000,800,5,constant,safeguard,0.10461357464497621,10,1,1,mixture/0.4/10/5/9
0.4,10,9,0,1000,800,5,constant,asw-pam,,10,1,1,mixture/0.4/10/5/9
0.4,10,10,0,1000,800,5,constant,safeguard,0.11849050594878907,9,0,0,mixture/0.4/10/5/10
0.4,10,10,0,1000,800,5,constant,asw-pam,,9,0,0,mixture/0.4/10/5/10
0.4,10,11,0,1000,800,5,constant,safeguard,0.14182432430502695,10,1,1,mixture/0.4/10/5/11
0.4,10,11,0,1000,800,5,constant,asw-pam,,9,0,0,mixture/0.4/10/5/11
0.4,10,12,0,1000,800,5,constant,safeguard,0.23789886657617423,7,0,0,mixture/0.4/10/5/12
0.4,10,12,0,1000,800,5,constant,asw-pam,,3,0,0,mixture/0.4/10/5/12
0.4,10,13,0,1000,800,5,constant,safeguard,0.2602018853176905,5,0,0,mixture/0.4/10/5/13
0.4,10,13,0,1000,800,5,constant,asw-pam,,2,0,0,mixture/0.4/10/5/13
0.4,10,14,0,1000,800,5,constant,safeguard,0.10688311372709915,9,0,0,mixture/0.4/10/5/14
0.4,10,14,0,1000,800,5,constant,asw-pam,,8,0,0,mixture/0.4/10/5/14
0.4,10,15,0,1000,800,5,constant,safeguard,0.1509742807118029,9,0,0,mixture/0.4/10/5/15
0.4,10,15,0,1000,800,5,constant,asw-pam,,9,0,0,mixture/0.4/10/5/15
0.4,10,16,0,1000,800,5,constant,safeguard,0.0857904423581089,10,1,1,mixture/0.4/10/5/16
0.4,10,16,0,1000,800,5,constant,asw-pam,,10,1,1,mixture/0.4/10/5/16
0.4,10,17,0,1000,800,5,constant,safeguard,0.09929753269845132,10,1,1,mixture/0.4/10/5/17
0.4,10,17,0,1000,800,5,constant,asw-pam,,10,1,1,mixture/0.4/10/5/17
0.4,10,18,0,1000,800,5,constant,safeguard,0.14754304705926186,9,0,0,mixture/0.4/10/5/18
0.4,10,18,0,1000,800,5,constant,asw-pam,,7,0,0,mixture/0.4/10/5/18
0.4,10,19,0,1000,800,5,constant,safeguard,0.1235244114914751,9,0,0,mixture/0.4/10/5/19
0.4,10,19,0,1000,800,5,constant,asw-pam,,2,0,0,mixture/0.4/10/5/19
0.4,10,20,0,1000,800,5,constant,safeguard,0.14296806885587393,9,0,0,mixture/0.4/10/5/20
0.4,10,20,0,1000,800,5,constant,asw-pam,,9,0,0,mixture/0.4/10/5/20
0.4,10,21,0,1000,800,5,constant,safeguard,0.09859006035092995,10,1,1,mixture/0.4/10/5/21
0.4,10,21,0,1000,800,5,constant,asw-pam,,10,1,1,mixture/0.4/10/5/21
0.4,10,22,0,1000,800,5,constant,safeguard,0.18814597861433008,6,0,0,mixture/0.4/10/5/22
0.4,10,22,0,1000,800,5,constant,asw-pam,,2,0,0,mixture/0.4/10/5/22
0.4,10,23,0,1000,800,5,constant,safeguard,0.10598113039593422,10,1,1,mixture/0.4/10/5/23
0.4,10,23,0,1000,800,5,constant,asw-pam,,8,0,0,mixture/0.4/10/5/23
0.4,10,24,0,1000,800,5,constant,safeguard,0.1245150593301871,10,1,1,mixture/0.4/10/5/24
0.4,10,24,0,1000,800,5,constant,asw-pam,,10,1,1,mixture/0.4/10/5/24
0.4,10,25,0,1000,800,5,constant,safeguard,0.26077375759311405,6,0,0,mixture/0.4/10/5/25
0.4,10,25,0,1000,800,5,constant,asw-pam,,2,0,0,mixture/0.4/10/5/25
0.4,10,26,0,1000,800,5,constant,safeguard,0.12328828005937957,11,0,0,mixture/0.4/10/5/26
0.4,10,26,0,1000,800,5,constant,asw-pam,,3,0,0,mixture/0.4/10/5/26
0.4,10,27,0,1000,800,5,constant,safeguard,0.1257298691640137,10,1,1,mixture/0.4/10/5/27
0.4,10,27,0,1000,800,5,constant,asw-pam,,9,0,0,mixture/0.4/10/5/27
0.4,10,28,0,1000,800,5,constant,safeguard,0.11665333257134136,10,1,1,mixture/0.4/10/5/28
0.4,10,28,0,1000,800,5,constant,asw-pam,,9,0,0,mixture/0.4/10/5/28
0.4,10,29,0,1000,800,5,constant,safeguard,0.1910053399914476,7,0,0,mixture/0.4/10/5/29
0.4,10,29,0,1000,800,5,constant,asw-pam,,10,1,1,mixture/0.4/10/5/29
0.5,2,0,0,1000,800,5,constant,safeguard,0.10015987220439122,2,1,1,mixture/0.5/2/5/0
0.5,2,0,0,1000,800,5,constant,asw-pam,,2,1,1,mixture/0.5/2/5/0
0.5,2,1,0,1000,800,5,constant,safeguard,0.08646386528486917,2,1,1,mixture/0.5/2/5/1
0.5,2,1,0,1000,800,5,constant,asw-pam,,2,1,1,mixture/0.5/2/5/1
0.5,2,2,0,1000,800,5,constant,safeguard,0.09979979959899722,2,1,1,mixture/0.5/2/5/2
0.5,2,2,0,1000,800,5,constant,asw-pam,,2,1,1,mixture/0.5/2/5/2
0.5,2,3,0,1000,800,5,constant,safeguard,0.09208691546577075,2,1,1,mixture/0.5/2/5/3
0.5,2,3,0,1000,800,5,constant,asw-pam,,2,1,1,mixture/0.5/2/5/3
0.5,2,4,0,1000,800,5,constant,safeguard,0.16755857669908428,2,1,1,mixture/0.5/2/5/4
0.5,2,4,0,1000,800,5,constant,asw-pam,,2,1,1,mixture/0.5/2/5/4
0.5,2,5,0,1000,800,5,constant,safeguard,0.12585706178041825,2,1,1,mixture/0.5/2/5/5
0.5,2,5,0,1000,800,5,constant,asw-pam,,2,1,1,mixture/0.5/2/5/5
0.5,2,6,0,1000,800,5,constant,safeguard,0.12732635233917594,2,1,1,mixture/0.5/2/5/6
0.5,2,6,0,1000,800,5,constant,asw-pam,,2,1,1,mixture/0.5/2/5/6
0.5,2,7,0,1000,800,5,constant,safeguard,0.1406413879339934,2,1,1,mixture/0.5/2/5/7
0.5,2,7,0,1000,800,5,constant,asw-pam,,2,1,1,mixture/0.5/2/5/7
0.5,2,8,0,1000,800,5,constant,safeguard,0.1126765281680261,2,1,1,mixture/0.5/2/5/8
0.5,2,8,0,1000,800,5,constant,asw-pam,,2,1,1,mixture/0.5/2/5/8
0.5,2,9,0,1000,800,5,constant,safeguard,0.1024109369159369,2,1,1,mixture/0.5/2/5/9
0.5,2,9,0,1000,800,5,constant,asw-pam,,2,1,1,mixture/0.5/2/5/9
0.5,2,10,0,1000,800,5,constant,safeguard,0.09059801322324904,2,1,1,mixture/0.5/2/5/10
0.5,2,10,0,1000,800,5,constant,asw-pam,,2,1,1,mixture/0.5/2/5/10
0.5,2,11,0,1000,800,5,constant,safeguard,0.1048999523355469,2,1,1,mixture/0.5/2/5/11
0.5,2,11,0,1000,800,5,constant,asw-pam,,2,1,1,mixture/0.5/2/5/11
0.5,2,12,0,1000,800,5,constant,safeguard,0.10315037566582093,2,1,1,mixture/0.5/2/5/12
0.5,2,12,0,1000,800,5,constant,asw-pam,,2,1,1,mixture/0.5/2/5/12
0.5,2,13,0,1000,800,5,constant,safeguard,0.10569768209379053,2,1,1,mixture/0.5/2/5/13
0.5,2,13,0,1000,800,5,constant,asw-pam,,2,1,1,mixture/0.5/2/5/13
0.5,2,14,0,1000,800,5,constant,safeguard,0.08449852069711046,2,1,1,mixture/0.5/2/5/14
0.5,2,14,0,1000,800,5,constant,asw-pam,,2,1,1,mixture/0.5/2/5/14
0.5,2,15,0,1000,800,5,constant,safeguard,0.0921737489744232,2,1,1,mixture/0.5/2/5/15
0.5,2,15,0,1000,800,5,constant,asw-pam,,2,1,1,mixture/0.5/2/5/15
0.5,2,16,0,1000,800,5,constant,safeguard,0.1389649629279095,2,1,1,mixture/0.5/2/5/16
0.5,2,16,0,1000,800,5,constant,asw-pam,,2,1,1,mixture/0.5/2/5/16
0.5,2,17,0,1000,800,5,constant,safeguard,0.13038687879655705,2,1,1,mixture/0.5/2/5/17
0.5,2,17,0,1000,800,5,constant,asw-pam,,2,1,1,mixture/0.5/2/5/17
0.5,2,18,0,1000,800,5,constant,safeguard,0.25276754573718513,2,1,1,mixture/0.5/2/5/18
0.5,2,18,0,1000,800,5,constant,asw-pam,,2,1,1,mixture/0.5/2/5/18
0.5,2,19,0,1000,800,5,constant,safeguard,0.07919595949289338,2,1,1,mixture/0.5/2/5/19
0.5,2,19,0,1000,800,5,constant,asw-pam,,2,1,1,mixture/0.5/2/5/19
0.5,2,20,0,1000,800,5,constant,safeguard,0.11366617790706261,2,1,1,mixture/0.5/2/5/20
0.5,2,20,0,1000,800,5,constant,asw-pam,,2,1,1,mixture/0.5/2/5/20
0.5,2,21,0,1000,800,5,constant,safeguard,0.08119113252073779,2,1,1,mixture/0.5/2/5/21
0.5,2,21,0,1000,800,5,constant,asw-pam,,2,1,1,mixture/0.5/2/5/21
0.5,2,22,0,1000,800,5,constant,safeguard,0.12930583900195697,2,1,1,mixture/0.5/2/5/22
0.5,2,22,0,1000,800,5,constant,asw-pam,,2,1,1,mixture/0.5/2/5/22
0.5,2,23,0,1000,800,5,constant,safeguard,0.09533100230250392,2,1,1,mixture/0.5/2/5/23
0.5,2,23,0,1000,800,5,constant,asw-pam,,2,1,1,mixture/0.5/2/5/23
0.5,2,24,0,1000,800,5,constant,safeguard,0.08908422980528038,2,1,1,mixture/0.5/2/5/24
0.5,2,24,0,1000,800,5,constant,asw-pam,,2,1,1,mixture/0.5/2/5/24
0.5,2,25,0,1000,800,5,constant,safeguard,0.1601242371185788,2,1,1,mixture/0.5/2/5/25
0.5,2,25,0,1000,800,5,constant,asw-pam,,2,1,1,mixture/0.5/2/5/25
0.5,2,26,0,1000,800,5,constant,safeguard,0.14451297519600106,2,1,1,mixture/0.5/2/5/26
0.5,2,26,0,1000,800,5,constant,asw-pam,,2,1,1,mixture/0.5/2/5/26
0.5,2,27,0,1000,800,5,constant,safeguard,0.17327729945331924,2,1,1,mixture/0.5/2/5/27
0.5,2,27,0,1000,800,5,constant,asw-pam,,2,1,1,mixture/0.5/2/5/27
0.5,2,28,0,1000,800,5,constant,safeguard,0.06092618484691129,2,1,1,mixture/0.5/2/5/28
0.5,2,28,0,1000,800,5,constant,asw-pam,,2,1,1,mixture/0.5/2/5/28
0.5,2,29,0,1000,800,5,constant,safeguard,0.16047429700734014,2,1,1,mixture/0.5/2/5/29
0.5,2,29,0,1000,800,5,constant,asw-pam,,2,1,1,mixture/0.5/2/5/29
0.5,3,0,0,1000,800,5,constant,safeguard,0.12054874532735699,2,0,0,mixture/0.5/3/5/0
0.5,3,0,0,1000,800,5,constant,asw-pam,,2,0,0,mixture/0.5/3/5/0
0.5,3,1,0,1000,800,5,constant,safeguard,0.11366617790706263,3,1,1,mixture/0.5/3/5/1
0.5,3,1,0,1000,800,5,constant,asw-pam,,3,1,1,mixture/0.5/3/5/1
0.5,3,2,0,1000,800,5,constant,safeguard,0.12524002831774558,3,1,1,mixture/0.5/3/5/2
0.5,3,2,0,1000,800,5,constant,asw-pam,,3,1,1,mixture/0.5/3/5/2
0.5,3,3,0,1000,800,5,constant,safeguard,0.11780568873724012,3,1,1,mixture/0.5/3/5/3
0.5,3,3,0,1000,800,5,constant,asw-pam,,3,1,1,mixture/0.5/3/5/3
0.5,3,4,0,1000,800,5,constant,safeguard,0.15383364208892034,3,1,1,mixture/0.5/3/5/4
0.5,3,4,0,1000,800,5,constant,asw-pam,,3,1,1,mixture/0.5/3/5/4
0.5,3,5,0,1000,800,5,constant,safeguard,0.0983056458195561,3,1,1,mixture/0.5/3/5/5
0.5,3,5,0,1000,800,5,constant,asw-pam,,3,1,1,mixture/0.5/3/5/5
0.5,3,6,0,1000,800,5,constant,safeguard,0.11939849245279445,3,1,1,mixture/0.5/3/5/6
0.5,3,6,0,1000,800,5,constant,asw-pam,,3,1,1,mixture/0.5/3/5/6
0.5,3,7,0,1000,800,5,constant,safeguard,0.14879516121164685,3,1,1,mixture/0.5/3/5/7
0.5,3,7,0,1000,800,5,constant,asw-pam,,3,1,1,mixture/0.5/3/5/7
0.5,3,8,0,1000,800,5,constant,safeguard,0.10119288512538818,3,1,1,mixture/0.5/3/5/8
0.5,3,8,0,1000,800,5,constant,asw-pam,,3,1,1,mixture/0.5/3/5/8
0.5,3,9,0,1000,800,5,constant,safeguard,0.09919677414109786,3,1,1,mixture/0.5/3/5/9
0.5,3,9,0,1000,800,5,constant,asw-pam,,3,1,1,mixture/0.5/3/5/9
0.5,3,10,0,1000,800,5,constant,safeguard,0.114786758818254,3,1,1,mixture/0.5/3/5/10
0.5,3,10,0,1000,800,5,constant,asw-pam,,2,0,0,mixture/0.5/3/5/10
0.5,3,11,0,1000,800,5,constant,safeguard,0.11278297743897352,3,1,1,mixture/0.5/3/5/11
0.5,3,11,0,1000,800,5,constant,asw-pam,,3,1,1,mixture/0.5/3/5/11
0.5,3,12,0,1000,800,5,constant,safeguard,0.07332121111929348,3,1,1,mixture/0.5/3/5/12
0.5,3,12,0,1000,800,5,constant,asw-pam,,3,1,1,mixture/0.5/3/5/12
0.5,3,13,0,1000,800,5,constant,safeguard,0.136105601550792,2,0,0,mixture/0.5/3/5/13
0.5,3,13,0,1000,800,5,constant,asw-pam,,2,0,0,mixture/0.5/3/5/13
0.5,3,14,0,1000,800,5,constant,safeguard,0.1481149193346854,3,1,1,mixture/0.5/3/5/14
0.5,3,14,0,1000,800,5,constant,asw-pam,,3,1,1,mixture/0.5/3/5/14
0.5,3,15,0,1000,800,5,constant,safeguard,0.08529947244854452,3,1,1,mixture/0.5/3/5/15
0.5,3,15,0,1000,800,5,constant,asw-pam,,2,0,0,mixture/0.5/3/5/15
0.5,3,16,0,1000,800,5,constant,safeguard,0.10217631819555846,3,1,1,mixture/0.5/3/5/16
0.5,3,16,0,1000,800,5,constant,asw-pam,,2,0,0,mixture/0.5/3/5/16
0.5,3,17,0,1000,800,5,constant,safeguard,0.14296806885587393,3,1,1,mixture/0.5/3/5/17
0.5,3,17,0,1000,800,5,constant,asw-pam,,2,0,0,mixture/0.5/3/5/17
0.5,3,18,0,1000,800,5,constant,safeguard,0.09256349172324897,3,1,1,mixture/0.5/3/5/18
0.5,3,18,0,1000,800,5,constant,asw-pam,,2,0,0,mixture/0.5/3/5/18
0.5,3,19,0,1000,800,5,constant,safeguard,0.10015987220439136,3,1,1,mixture/0.5/3/5/19
0.5,3,19,0,1000,800,5,constant,asw-pam,,3,1,1,mixture/0.5/3/5/19
0.5,3,20,0,1000,800,5,constant,safeguard,0.11723381646181663,3,1,1,mixture/0.5/3/5/20
0.5,3,20,0,1000,800,5,constant,asw-pam,,3,1,1,mixture/0.5/3/5/20
0.5,3,21,0,1000,800,5,constant,safeguard,0.0919782583005354,3,1,1,mixture/0.5/3/5/21
0.5,3,21,0,1000,800,5,constant,asw-pam,,3,1,1,mixture/0.5/3/5/21
0.5,3,22,0,1000,800,5,constant,safeguard,0.1412524520296035,3,1,1,mixture/0.5/3/5/22
0.5,3,22,0,1000,800,5,constant,asw-pam,,3,1,1,mixture/0.5/3/5/22
0.5,3,23,0,1000,800,5,constant,safeguard,0.11061645447219855,3,1,1,mixture/0.5/3/5/23
0.5,3,23,0,1000,800,5,constant,asw-pam,,3,1,1,mixture/0.5/3/5/23
0.5,3,24,0,1000,800,5,constant,safeguard,0.08049844718999248,3,1,1,mixture/0.5/3/5/24
0.5,3,24,0,1000,800,5,constant,asw-pam,,3,1,1,mixture/0.5/3/5/24
0.5,3,25,0,1000,800,5,constant,safeguard,0.11447270417003336,3,1,1,mixture/0.5/3/5/25
0.5,3,25,0,1000,800,5,constant,asw-pam,,3,1,1,mixture/0.5/3/5/25
0.5,3,26,0,1000,800,5,constant,safeguard,0.18585848951263614,3,1,1,mixture/0.5/3/5/26
0.5,3,26,0,1000,800,5,constant,asw-pam,,2,0,0,mixture/0.5/3/5/26
0.5,3,27,0,1000,800,5,constant,safeguard,0.0803741251896405,3,1,1,mixture/0.5/3/5/27
0.5,3,27,0,1000,800,5,constant,asw-pam,,3,1,1,mixture/0.5/3/5/27
0.5,3,28,0,1000,800,5,constant,safeguard,0.06548282217497964,3,1,1,mixture/0.5/3/5/28
0.5,3,28,0,1000,800,5,constant,asw-pam,,3,1,1,mixture/0.5/3/5/28
0.5,3,29,0,1000,800,5,constant,safeguard,0.13038687879655705,3,1,1,mixture/0.5/3/5/29
0.5,3,29,0,1000,800,5,constant,asw-pam,,3,1,1,mixture/0.5/3/5/29
0.5,4,0,0,1000,800,5,constant,safeguard,0.11598275733918371,4,1,1,mixture/0.5/4/5/0
0.5,4,0,0,1000,800,5,constant,asw-pam,,2,0,0,mixture/0.5/4/5/0
0.5,4,1,0,1000,800,5,constant,safeguard,0.10766615066955822,4,1,1,mixture/0.5/4/5/1
0.5,4,1,0,1000,800,5,constant,asw-pam,,4,1,1,mixture/0.5/4/5/1
0.5,4,2,0,1000,800,5,constant,safeguard,0.09019977827023748,4,1,1,mixture/0.5/4/5/2
0.5,4,2,0,1000,800,5,constant,asw-pam,,3,0,0,mixture/0.5/4/5/2
0.5,4,3,0,1000,800,5,constant,safeguard,0.11865917579353065,4,1,1,mixture/0.5/4/5/3
0.5,4,3,0,1000,800,5,constant,asw-pam,,3,0,0,mixture/0.5/4/5/3
0.5,4,4,0,1000,800,5,constant,safeguard,0.10031948963187567,4,1,1,mixture/0.5/4/5/4
0.5,4,4,0,1000,800,5,constant,asw-pam,,4,1,1,mixture/0.5/4/5/4
0.5,4,5,0,1000,800,5,constant,safeguard,0.11921409312660988,4,1,1,mixture/0.5/4/5/5
0.5,4,5,0,1000,800,5,constant,asw-pam,,2,0,0,mixture/0.5/4/5/5
0.5,4,6,0,1000,800,5,constant,safeguard,0.09883319280484673,4,1,1,mixture/0.5/4/5/6
0.5,4,6,0,1000,800,5,constant,asw-pam,,4,1,1,mixture/0.5/4/5/6
0.5,4,7,0,1000,800,5,constant,safeguard,0.13058330674324348,4,1,1,mixture/0.5/4/5/7
0.5,4,7,0,1000,800,5,constant,asw-pam,,2,0,0,mixture/0.5/4/5/7
0.5,4,8,0,1000,800,5,constant,safeguard,0.11352532757054688,4,1,1,mixture/0.5/4/5/8
0.5,4,8,0,1000,800,5,constant,asw-pam,,4,1,1,mixture/0.5/4/5/8
0.5,4,9,0,1000,800,5,constant,safeguard,0.0942337519151179,4,1,1,mixture/0.5/4/5/9
0.5,4,9,0,1000,800,5,constant,asw-pam,,4,1,1,mixture/0.5/4/5/9
0.5,4,10,0,1000,800,5,constant,safeguard,0.09977975746613142,4,1,1,mixture/0.5/4/5/10
0.5,4,10,0,1000,800,5,constant,asw-pam,,4,1,1,mixture/0.5/4/5/10
0.5,4,11,0,1000,800,5,constant,safeguard,0.12533156027114645,4,1,1,mixture/0.5/4/5/11
0.5,4,11,0,1000,800,5,constant,asw-pam,,3,0,0,mixture/0.5/4/5/11
0.5,4,12,0,1000,800,5,constant,safeguard,0.08908422980528023,4,1,1,mixture/0.5/4/5/12
0.5,4,12,0,1000,800,5,constant,asw-pam,,4,1,1,mixture/0.5/4/5/12
0.5,4,13,0,1000,800,5,constant,safeguard,0.1515461529872264,3,0,0,mixture/0.5/4/5/13
0.5,4,13,0,1000,800,5,constant,asw-pam,,2,0,0,mixture/0.5/4/5/13
0.5,4,14,0,1000,800,5,constant,safeguard,0.09121403400793109,4,1,1,mixture/0.5/4/5/14
0.5,4,14,0,1000,800,5,constant,asw-pam,,4,1,1,mixture/0.5/4/5/14
0.5,4,15,0,1000,800,5,constant,safeguard,0.11574109036984234,4,1,1,mixture/0.5/4/5/15
0.5,4,15,0,1000,800,5,constant,asw-pam,,2,0,0,mixture/0.5/4/5/15
0.5,4,16,0,1000,800,5,constant,safeguard,0.09791833331914923,4,1,1,mixture/0.5/4/5/16
0.5,4,16,0,1000,800,5,constant,asw-pam,,4,1,1,mixture/0.5/4/5/16
0.5,4,17,0,1000,800,5,constant,safeguard,0.10182337649086273,4,1,1,mixture/0.5/4/5/17
0.5,4,17,0,1000,800,5,constant,asw-pam,,2,0,0,mixture/0.5/4/5/17
0.5,4,18,0,1000,800,5,constant,safeguard,0.14772948250095508,4,1,1,mixture/0.5/4/5/18
0.5,4,18,0,1000,800,5,constant,asw-pam,,4,1,1,mixture/0.5/4/5/18
0.5,4,19,0,1000,800,5,constant,safeguard,0.10497618777608572,4,1,1,mixture/0.5/4/5/19
0.5,4,19,0,1000,800,5,constant,asw-pam,,4,1,1,mixture/0.5/4/5/19
0.5,4,20,0,1000,800,5,constant,safeguard,0.1578367480168848,3,0,0,mixture/0.5/4/5/20
0.5,4,20,0,1000,800,5,constant,asw-pam,,3,0,0,mixture/0.5/4/5/20
0.5,4,21,0,1000,800,5,constant,safeguard,0.11818629362155313,4,1,1,mixture/0.5/4/5/21
0.5,4,21,0,1000,800,5,constant,asw-pam,,2,0,0,mixture/0.5/4/5/21
0.5,4,22,0,1000,800,5,constant,safeguard,0.11094142598686935,4,1,1,mixture/0.5/4/5/22
0.5,4,22,0,1000,800,5,constant,asw-pam,,4,1,1,mixture/0.5/4/5/22
0.5,4,23,0,1000,800,5,constant,safeguard,0.12122705968553382,4,1,1,mixture/0.5/4/5/23
0.5,4,23,0,1000,800,5,constant,asw-pam,,4,1,1,mixture/0.5/4/5/23
0.5,4,24,0,1000,800,5,constant,safeguard,0.08529947244854452,4,1,1,mixture/0.5/4/5/24
0.5,4,24,0,1000,800,5,constant,asw-pam,,3,0,0,mixture/0.5/4/5/24
0.5,4,25,0,1000,800,5,constant,safeguard,0.10287856919689335,4,1,1,mixture/0.5/4/5/25
0.5,4,25,0,1000,800,5,constant,asw-pam,,4,1,1,mixture/0.5/4/5/25
0.5,4,26,0,1000,800,5,constant,safeguard,0.08428523002282197,4,1,1,mixture/0.5/4/5/26
0.5,4,26,0,1000,800,5,constant,asw-pam,,4,1,1,mixture/0.5/4/5/26
0.5,4,27,0,1000,800,5,constant,safeguard,0.10965400129498226,4,1,1,mixture/0.5/4/5/27
0.5,4,27,0,1000,800,5,constant,asw-pam,,2,0,0,mixture/0.5/4/5/27
0.5,4,28,0,1000,800,5,constant,safeguard,0.11276524287208364,4,1,1,mixture/0.5/4/5/28
0.5,4,28,0,1000,800,5,constant,asw-pam,,2,0,0,mixture/0.5/4/5/28
0.5,4,29,0,1000,800,5,constant,safeguard,0.133818112449098,4,1,1,mixture/0.5/4/5/29
0.5,4,29,0,1000,800,5,constant,asw-pam,,3,0,0,mixture/0.5/4/5/29
0.5,5,0,0,1000,800,5,constant,safeguard,0.20244278549991748,2,0,0,mixture/0.5/5/5/0
0.5,5,0,0,1000,800,5,constant,asw-pam,,2,0,0,mixture/0.5/5/5/0
0.5,5,1,0,1000,800,5,constant,safeguard,0.15554925891519084,4,0,0,mixture/0.5/5/5/1
0.5,5,1,0,1000,800,5,constant,asw-pam,,2,0,0,mixture/0.5/5/5/1
0.5,5,2,0,1000,800,5,constant,safeguard,0.12896511156122795,5,1,1,mixture/0.5/5/5/2
0.5,5,2,0,1000,800,5,constant,asw-pam,,3,0,0,mixture/0.5/5/5/2
0.5,5,3,0,1000,800,5,constant,safeguard,0.13038687879655703,5,1,1,mixture/0.5/5/5/3
0.5,5,3,0,1000,800,5,constant,asw-pam,,4,0,0,mixture/0.5/5/5/3
0.5,5,4,0,1000,800,5,constant,safeguard,0.117643529358822,5,1,1,mixture/0.5/5/5/4
0.5,5,4,0,1000,800,5,constant,asw-pam,,2,0,0,mixture/0.5/5/5/4
0.5,5,5,0,1000,800,5,constant,safeguard,0.10998181667894022,5,1,1,mixture/0.5/5/5/5
0.5,5,5,0,1000,800,5,constant,asw-pam,,3,0,0,mixture/0.5/5/5/5
0.5,5,6,0,1000,800,5,constant,safeguard,0.1134900876728889,5,1,1,mixture/0.5/5/5/6
0.5,5,6,0,1000,800,5,constant,asw-pam,,4,0,0,mixture/0.5/5/5/6
0.5,5,7,0,1000,800,5,constant,safeguard,0.09699484522385717,5,1,1,mixture/0.5/5/5/7
0.5,5,7,0,1000,800,5,constant,asw-pam,,5,1,1,mixture/0.5/5/5/7
0.5,5,8,0,1000,800,5,constant,safeguard,0.0952470471983253,5,1,1,mixture/0.5/5/5/8
0.5,5,8,0,1000,800,5,constant,asw-pam,,5,1,1,mixture/0.5/5/5/8
0.5,5,9,0,1000,800,5,constant,safeguard,0.08182909018191518,5,1,1,mixture/0.5/5/5/9
0.5,5,9,0,1000,800,5,constant,asw-pam,,5,1,1,mixture/0.5/5/5/9
0.5,5,10,0,1000,800,5,constant,safeguard,0.10641428475538428,5,1,1,mixture/0.5/5/5/10
0.5,5,10,0,1000,800,5,constant,asw-pam,,5,1,1,mixture/0.5/5/5/10
0.5,5,11,0,1000,800,5,constant,safeguard,0.10939835464941879,5,1,1,mixture/0.5/5/5/11
0.5,5,11,0,1000,800,5,constant,asw-pam,,5,1,1,mixture/0.5/5/5/11
0.5,5,12,0,1000,800,5,constant,safeguard,0.09879271228182779,5,1,1,mixture/0.5/5/5/12
0.5,5,12,0,1000,800,5,constant,asw-pam,,4,0,0,mixture/0.5/5/5/12
0.5,5,13,0,1000,800,5,constant,safeguard,0.10954451150103325,4,0,0,mixture/0.5/5/5/13
0.5,5,13,0,1000,800,5,constant,asw-pam,,2,0,0,mixture/0.5/5/5/13
0.5,5,14,0,1000,800,5,constant,safeguard,0.0922605007573664,5,1,1,mixture/0.5/5/5/14
0.5,5,14,0,1000,800,5,constant,asw-pam,,5,1,1,mixture/0.5/5/5/14
0.5,5,15,0,1000,800,5,constant,safeguard,0.09329523031752486,5,1,1,mixture/0.5/5/5/15
0.5,5,15,0,1000,800,5,constant,asw-pam,,5,1,1,mixture/0.5/5/5/15
0.5,5,16,0,1000,800,5,constant,safeguard,0.0952470471983253,5,1,1,mixture/0.5/5/5/16
0.5,5,16,0,1000,800,5,constant,asw-pam,,4,0,0,mixture/0.5/5/5/16
0.5,5,17,0,1000,800,5,constant,safeguard,0.1463993025084149,5,1,1,mixture/0.5/5/5/17
0.5,5,17,0,1000,800,5,constant,asw-pam,,3,0,0,mixture/0.5/5/5/17
0.5,5,18,0,1000,800,5,constant,safeguard,0.10065783625729299,5,1,1,mixture/0.5/5/5/18
0.5,5,18,0,1000,800,5,constant,asw-pam,,2,0,0,mixture/0.5/5/5/18
0.5,5,19,0,1000,800,5,constant,safeguard,0.09486832980505129,5,1,1,mixture/0.5/5/5/19
0.5,5,19,0,1000,800,5,constant,asw-pam,,2,0,0,mixture/0.5/5/5/19
0.5,5,20,0,1000,800,5,constant,safeguard,0.10970870521521969,5,1,1,mixture/0.5/5/5/20
0.5,5,20,0,1000,800,5,constant,asw-pam,,2,0,0,mixture/0.5/5/5/20
0.5,5,21,0,1000,800,5,constant,safeguard,0.10733126291998994,5,1,1,mixture/0.5/5/5/21
0.5,5,21,0,1000,800,5,constant,asw-pam,,5,1,1,mixture/0.5/5/5/21
0.5,5,22,0,1000,800,5,constant,safeguard,0.12173742234826566,5,1,1,mixture/0.5/5/5/22
0.5,5,22,0,1000,800,5,constant,asw-pam,,5,1,1,mixture/0.5/5/5/22
0.5,5,23,0,1000,800,5,constant,safeguard,0.08163332652783425,5,1,1,mixture/0.5/5/5/23
0.5,5,23,0,1000,800,5,constant,asw-pam,,5,1,1,mixture/0.5/5/5/23
0.5,5,24,0,1000,800,5,constant,safeguard,0.24190197250413864,3,0,0,mixture/0.5/5/5/24
0.5,5,24,0,1000,800,5,constant,asw-pam,,3,0,0,mixture/0.5/5/5/24
0.5,5,25,0,1000,800,5,constant,safeguard,0.11953242237987154,4,0,0,mixture/0.5/5/5/25
0.5,5,25,0,1000,800,5,constant,asw-pam,,3,0,0,mixture/0.5/5/5/25
0.5,5,26,0,1000,800,5,constant,safeguard,0.1003992031840891,5,1,1,mixture/0.5/5/5/26
0.5,5,26,0,1000,800,5,constant,asw-pam,,4,0,0,mixture/0.5/5/5/26
0.5,5,27,0,1000,800,5,constant,safeguard,0.18986159544060055,5,1,1,mixture/0.5/5/5/27
0.5,5,27,0,1000,800,5,constant,asw-pam,,4,0,0,mixture/0.5/5/5/27
0.5,5,28,0,1000,800,5,constant,safeguard,0.08352245207128443,5,1,1,mixture/0.5/5/5/28
0.5,5,28,0,1000,800,5,constant,asw-pam,,5,1,1,mixture/0.5/5/5/28
0.5,5,29,0,1000,800,5,constant,safeguard,0.10233279044372812,5,1,1,mixture/0.5/5/5/29
0.5,5,29,0,1000,800,5,constant,asw-pam,,5,1,1,mixture/0.5/5/5/29
0.5,6,0,0,1000,800,5,constant,safeguard,0.09791833331914913,6,1,1,mixture/0.5/6/5/0
0.5,6,0,0,1000,800,5,constant,asw-pam,,5,0,0,mixture/0.5/6/5/0
0.5,6,1,0,1000,800,5,constant,safeguard,0.11155267813907477,6,1,1,mixture/0.5/6/5/1
0.5,6,1,0,1000,800,5,constant,asw-pam,,2,0,0,mixture/0.5/6/5/1
0.5,6,2,0,1000,800,5,constant,safeguard,0.10932520294973164,6,1,1,mixture/0.5/6/5/2
0.5,6,2,0,1000,800,5,constant,asw-pam,,6,1,1,mixture/0.5/6/5/2
0.5,6,3,0,1000,800,5,constant,safeguard,0.12165525060596445,6,1,1,mixture/0.5/6/5/3
0.5,6,3,0,1000,800,5,constant,asw-pam,,5,0,0,mixture/0.5/6/5/3
0.5,6,4,0,1000,800,5,constant,safeguard,0.11164228589562294,6,1,1,mixture/0.5/6/5/4
0.5,6,4,0,1000,800,5,constant,asw-pam,,2,0,0,mixture/0.5/6/5/4
0.5,6,5,0,1000,800,5,constant,safeguard,0.1463993025084149,6,1,1,mixture/0.5/6/5/5
0.5,6,5,0,1000,800,5,constant,asw-pam,,2,0,0,mixture/0.5/6/5/5
0.5,6,6,0,1000,800,5,constant,safeguard,0.1052805775060149,6,1,1,mixture/0.5/6/5/6
0.5,6,6,0,1000,800,5,constant,asw-pam,,6,1,1,mixture/0.5/6/5/6
0.5,6,7,0,1000,800,5,constant,safeguard,0.10203920815059282,6,1,1,mixture/0.5/6/5/7
0.5,6,7,0,1000,800,5,constant,asw-pam,,5,0,0,mixture/0.5/6/5/7
0.5,6,8,0,1000,800,5,constant,safeguard,0.09732420048477157,6,1,1,mixture/0.5/6/5/8
0.5,6,8,0,1000,800,5,constant,asw-pam,,6,1,1,mixture/0.5/6/5/8
0.5,6,9,0,1000,800,5,constant,safeguard,0.10844353369380773,6,1,1,mixture/0.5/6/5/9
0.5,6,9,0,1000,800,5,constant,asw-pam,,5,0,0,mixture/0.5/6/5/9
0.5,6,10,0,1000,800,5,constant,safeguard,0.12016655108639829,6,1,1,mixture/0.5/6/5/10
0.5,6,10,0,1000,800,5,constant,asw-pam,,2,0,0,mixture/0.5/6/5/10
0.5,6,11,0,1000,800,5,constant,safeguard,0.12359611644384288,6,1,1,mixture/0.5/6/5/11
0.5,6,11,0,1000,800,5,constant,asw-pam,,2,0,0,mixture/0.5/6/5/11
0.5,6,12,0,1000,800,5,constant,safeguard,0.12296340919151524,6,1,1,mixture/0.5/6/5/12
0.5,6,12,0,1000,800,5,constant,asw-pam,,2,0,0,mixture/0.5/6/5/12
0.5,6,13,0,1000,800,5,constant,safeguard,0.10409610943738488,5,0,0,mixture/0.5/6/5/13
0.5,6,13,0,1000,800,5,constant,asw-pam,,5,0,0,mixture/0.5/6/5/13
0.5,6,14,0,1000,800,5,constant,safeguard,0.37514821267781323,2,0,0,mixture/0.5/6/5/14
0.5,6,14,0,1000,800,5,constant,asw-pam,,2,0,0,mixture/0.5/6/5/14
0.5,6,15,0,1000,800,5,constant,safeguard,0.10818502669038821,6,1,1,mixture/0.5/6/5/15
0.5,6,15,0,1000,800,5,constant,asw-pam,,2,0,0,mixture/0.5/6/5/15
0.5,6,16,0,1000,800,5,constant,safeguard,0.12059850745345074,6,1,1,mixture/0.5/6/5/16
0.5,6,16,0,1000,800,5,constant,asw-pam,,4,0,0,mixture/0.5/6/5/16
0.5,6,17,0,1000,800,5,constant,safeguard,0.10266450214168482,6,1,1,mixture/0.5/6/5/17
0.5,6,17,0,1000,800,5,constant,asw-pam,,3,0,0,mixture/0.5/6/5/17
0.5,6,18,0,1000,800,5,constant,safeguard,0.10322790320451156,6,1,1,mixture/0.5/6/5/18
0.5,6,18,0,1000,800,5,constant,asw-pam,,4,0,0,mixture/0.5/6/5/18
0.5,6,19,0,1000,800,5,constant,safeguard,0.10081666528902852,6,1,1,mixture/0.5/6/5/19
0.5,6,19,0,1000,800,5,constant,asw-pam,,2,0,0,mixture/0.5/6/5/19
0.5,6,20,0,1000,800,5,constant,safeguard,0.11879393923934004,6,1,1,mixture/0.5/6/5/20
0.5,6,20,0,1000,800,5,constant,asw-pam,,6,1,1,mixture/0.5/6/5/20
0.5,6,21,0,1000,800,5,constant,safeguard,0.137249346101639,5,0,0,mixture/0.5/6/5/21
0.5,6,21,0,1000,800,5,constant,asw-pam,,2,0,0,mixture/0.5/6/5/21
0.5,6,22,0,1000,800,5,constant,safeguard,0.1186423195997112,6,1,1,mixture/0.5/6/5/22
0.5,6,22,0,1000,800,5,constant,asw-pam,,4,0,0,mixture/0.5/6/5/22
0.5,6,23,0,1000,800,5,constant,safeguard,0.09070832376358857,6,1,1,mixture/0.5/6/5/23
0.5,6,23,0,1000,800,5,constant,asw-pam,,5,0,0,mixture/0.5/6/5/23
0.5,6,24,0,1000,800,5,constant,safeguard,0.10766615066955806,6,1,1,mixture/0.5/6/5/24
0.5,6,24,0,1000,800,5,constant,asw-pam,,4,0,0,mixture/0.5/6/5/24
0.5,6,25,0,1000,800,5,constant,safeguard,0.11030865786510148,6,1,1,mixture/0.5/6/5/25
0.5,6,25,0,1000,800,5,constant,asw-pam,,5,0,0,mixture/0.5/6/5/25
0.5,6,26,0,1000,800,5,constant,safeguard,0.10087616170334797,6,1,1,mixture/0.5/6/5/26
0.5,6,26,0,1000,800,5,constant,asw-pam,,3,0,0,mixture/0.5/6/5/26
0.5,6,27,0,1000,800,5,constant,safeguard,0.11757550765359258,5,0,0,mixture/0.5/6/5/27
0.5,6,27,0,1000,800,5,constant,asw-pam,,2,0,0,mixture/0.5/6/5/27
0.5,6,28,0,1000,800,5,constant,safeguard,0.10677078252031315,6,1,1,mixture/0.5/6/5/28
0.5,6,28,0,1000,800,5,constant,asw-pam,,5,0,0,mixture/0.5/6/5/28
0.5,6,29,0,1000,800,5,constant,safeguard,0.09637427042525411,6,1,1,mixture/0.5/6/5/29
0.5,6,29,0,1000,800,5,constant,asw-pam,,4,0,0,mixture/0.5/6/5/29
0.5,7,0,0,1000,800,5,constant,safeguard,0.12354756169184405,10,0,0,mixture/0.5/7/5/0
0.5,7,0,0,1000,800,5,constant,asw-pam,,3,0,0,mixture/0.5/7/5/0
0.5,7,1,0,1000,800,5,constant,safeguard,0.10899541274750973,6,0,0,mixture/0.5/7/5/1
0.5,7,1,0,1000,800,5,constant,asw-pam,,6,0,0,mixture/0.5/7/5/1
0.5,7,2,0,1000,800,5,constant,safeguard,0.10699532700076209,7,1,1,mixture/0.5/7/5/2
0.5,7,2,0,1000,800,5,constant,asw-pam,,7,1,1,mixture/0.5/7/5/2
0.5,7,3,0,1000,800,5,constant,safeguard,0.1504024084363794,6,0,0,mixture/0.5/7/5/3
0.5,7,3,0,1000,800,5,constant,asw-pam,,6,0,0,mixture/0.5/7/5/3
0.5,7,4,0,1000,800,5,constant,safeguard,0.1169615321377076,7,1,1,mixture/0.5/7/5/4
0.5,7,4,0,1000,800,5,constant,asw-pam,,7,1,1,mixture/0.5/7/5/4
0.5,7,5,0,1000,800,5,constant,safeguard,0.07994998436522677,7,1,1,mixture/0.5/7/5/5
0.5,7,5,0,1000,800,5,constant,asw-pam,,7,1,1,mixture/0.5/7/5/5
0.5,7,6,0,1000,800,5,constant,safeguard,0.10190191362285603,6,0,0,mixture/0.5/7/5/6
0.5,7,6,0,1000,800,5,constant,asw-pam,,4,0,0,mixture/0.5/7/5/6
0.5,7,7,0,1000,800,5,constant,safeguard,0.15497738663976734,7,1,1,mixture/0.5/7/5/7
0.5,7,7,0,1000,800,5,constant,asw-pam,,3,0,0,mixture/0.5/7/5/7
0.5,7,8,0,1000,800,5,constant,safeguard,0.09410632284814863,7,1,1,mixture/0.5/7/5/8
0.5,7,8,0,1000,800,5,constant,asw-pam,,5,0,0,mixture/0.5/7/5/8
0.5,7,9,0,1000,800,5,constant,safeguard,0.13153062334740404,7,1,1,mixture/0.5/7/5/9
0.5,7,9,0,1000,800,5,constant,asw-pam,,4,0,0,mixture/0.5/7/5/9
0.5,7,10,0,1000,800,5,constant,safeguard,0.08975522268926756,7,1,1,mixture/0.5/7/5/10
0.5,7,10,0,1000,800,5,constant,asw-pam,,2,0,0,mixture/0.5/7/5/10
0.5,7,11,0,1000,800,5,constant,safeguard,0.13038687879655703,24,0,0,mixture/0.5/7/5/11
0.5,7,11,0,1000,800,5,constant,asw-pam,,4,0,0,mixture/0.5/7/5/11
0.5,7,12,0,1000,800,5,constant,safeguard,0.1749929162795897,6,0,0,mixture/0.5/7/5/12
0.5,7,12,0,1000,800,5,constant,asw-pam,,2,0,0,mixture/0.5/7/5/12
0.5,7,13,0,1000,800,5,constant,safeguard,0.10923369443537105,7,1,1,mixture/0.5/7/5/13
0.5,7,13,0,1000,800,5,constant,asw-pam,,4,0,0,mixture/0.5/7/5/13
0.5,7,14,0,1000,800,5,constant,safeguard,0.09859006035092995,6,0,0,mixture/0.5/7/5/14
0.5,7,14,0,1000,800,5,constant,asw-pam,,3,0,0,mixture/0.5/7/5/14
0.5,7,15,0,1000,800,5,constant,safeguard,0.139536835203333,6,0,0,mixture/0.5/7/5/15
0.5,7,15,0,1000,800,5,constant,asw-pam,,2,0,0,mixture/0.5/7/5/15
0.5,7,16,0,1000,800,5,constant,safeguard,0.08979977728257463,7,1,1,mixture/0.5/7/5/16
0.5,7,16,0,1000,800,5,constant,asw-pam,,7,1,1,mixture/0.5/7/5/16
0.5,7,17,0,1000,800,5,constant,safeguard,0.09423375191511801,7,1,1,mixture/0.5/7/5/17
0.5,7,17,0,1000,800,5,constant,asw-pam,,7,1,1,mixture/0.5/7/5/17
0.5,7,18,0,1000,800,5,constant,safeguard,0.10198039027185575,9,0,0,mixture/0.5/7/5/18
0.5,7,18,0,1000,800,5,constant,asw-pam,,7,1,1,mixture/0.5/7/5/18
0.5,7,19,0,1000,800,5,constant,safeguard,0.08400000000000002,8,0,0,mixture/0.5/7/5/19
0.5,7,19,0,1000,800,5,constant,asw-pam,,2,0,0,mixture/0.5/7/5/19
0.5,7,20,0,1000,800,5,constant,safeguard,0.11095945205344147,7,1,1,mixture/0.5/7/5/20
0.5,7,20,0,1000,800,5,constant,asw-pam,,7,1,1,mixture/0.5/7/5/20
0.5,7,21,0,1000,800,5,constant,safeguard,0.1295993827145792,7,1,1,mixture/0.5/7/5/21
0.5,7,21,0,1000,800,5,constant,asw-pam,,5,0,0,mixture/0.5/7/5/21
0.5,7,22,0,1000,800,5,constant,safeguard,0.10426888318189666,7,1,1,mixture/0.5/7/5/22
0.5,7,22,0,1000,800,5,constant,asw-pam,,7,1,1,mixture/0.5/7/5/22
0.5,7,23,0,1000,800,5,constant,safeguard,0.11749042514179618,7,1,1,mixture/0.5/7/5/23
0.5,7,23,0,1000,800,5,constant,asw-pam,,7,1,1,mixture/0.5/7/5/23
0.5,7,24,0,1000,800,5,constant,safeguard,0.15726487574146134,5,0,0,mixture/0.5/7/5/24
0.5,7,24,0,1000,800,5,constant,asw-pam,,2,0,0,mixture/0.5/7/5/24
0.5,7,25,0,1000,800,5,constant,safeguard,0.268779969449043,3,0,0,mixture/0.5/7/5/25
0.5,7,25,0,1000,800,5,constant,asw-pam,,2,0,0,mixture/0.5/7/5/25
0.5,7,26,0,1000,800,5,constant,safeguard,0.08409518416651447,7,1,1,mixture/0.5/7/5/26
0.5,7,26,0,1000,800,5,constant,asw-pam,,2,0,0,mixture/0.5/7/5/26
0.5,7,27,0,1000,800,5,constant,safeguard,0.09589577675789472,7,1,1,mixture/0.5/7/5/27
0.5,7,27,0,1000,800,5,constant,asw-pam,,6,0,0,mixture/0.5/7/5/27
0.5,7,28,0,1000,800,5,constant,safeguard,0.10899541274750961,7,1,1,mixture/0.5/7/5/28
0.5,7,28,0,1000,800,5,constant,asw-pam,,2,0,0,mixture/0.5/7/5/28
0.5,7,29,0,1000,800,5,constant,safeguard,0.10266450214168484,7,1,1,mixture/0.5/7/5/29
0.5,7,29,0,1000,800,5,constant,asw-pam,,2,0,0,mixture/0.5/7/5/29
0.5,8,0,0,1000,800,5,constant,safeguard,0.15783674801688483,8,1,1,mixture/0.5/8/5/0
0.5,8,0,0,1000,800,5,constant,asw-pam,,2,0,0,mixture/0.5/8/5/0
0.5,8,1,0,1000,800,5,constant,safeguard,0.10656453443805783,8,1,1,mixture/0.5/8/5/1
0.5,8,1,0,1000,800,5,constant,asw-pam,,4,0,0,mixture/0.5/8/5/1
0.5,8,2,0,1000,800,5,constant,safeguard,0.10888526071052965,8,1,1,mixture/0.5/8/5/2
0.5,8,2,0,1000,800,5,constant,asw-pam,,2,0,0,mixture/0.5/8/5/2
0.5,8,3,0,1000,800,5,constant,safeguard,0.13145341380123993,8,1,1,mixture/0.5/8/5/3
0.5,8,3,0,1000,800,5,constant,asw-pam,,7,0,0,mixture/0.5/8/5/3
0.5,8,4,0,1000,800,5,constant,safeguard,0.14582743023299144,8,1,1,mixture/0.5/8/5/4
0.5,8,4,0,1000,800,5,constant,asw-pam,,2,0,0,mixture/0.5/8/5/4
0.5,8,5,0,1000,800,5,constant,safeguard,0.11634431657799195,8,1,1,mixture/0.5/8/5/5
0.5,8,5,0,1000,800,5,constant,asw-pam,,3,0,0,mixture/0.5/8/5/5
0.5,8,6,0,1000,800,5,constant,safeguard,0.15612113119061435,7,0,0,mixture/0.5/8/5/6
0.5,8,6,0,1000,800,5,constant,asw-pam,,2,0,0,mixture/0.5/8/5/6
0.5,8,7,0,1000,800,5,constant,safeguard,0.10712609392673669,8,1,1,mixture/0.5/8/5/7
0.5,8,7,0,1000,800,5,constant,asw-pam,,8,1,1,mixture/0.5/8/5/7
0.5,8,8,0,1000,800,5,constant,safeguard,0.10866462165764905,8,1,1,mixture/0.5/8/5/8
0.5,8,8,0,1000,800,5,constant,asw-pam,,2,0,0,mixture/0.5/8/5/8
0.5,8,9,0,1000,800,5,constant,safeguard,0.1767085331058602,6,0,0,mixture/0.5/8/5/9
0.5,8,9,0,1000,800,5,constant,asw-pam,,6,0,0,mixture/0.5/8/5/9
0.5,8,10,0,1000,800,5,constant,safeguard,0.12528367810692664,6,0,0,mixture/0.5/8/5/10
0.5,8,10,0,1000,800,5,constant,asw-pam,,2,0,0,mixture/0.5/8/5/10
0.5,8,11,0,1000,800,5,constant,safeguard,0.12828094168659665,8,1,1,mixture/0.5/8/5/11
0.5,8,11,0,1000,800,5,constant,asw-pam,,2,0,0,mixture/0.5/8/5/11
0.5,8,12,0,1000,800,5,constant,safeguard,0.09295160030897806,8,1,1,mixture/0.5/8/5/12
0.5,8,12,0,1000,800,5,constant,asw-pam,,2,0,0,mixture/0.5/8/5/12
0.5,8,13,0,1000,800,5,constant,safeguard,0.2447613338812562,4,0,0,mixture/0.5/8/5/13
0.5,8,13,0,1000,800,5,constant,asw-pam,,2,0,0,mixture/0.5/8/5/13
0.5,8,14,0,1000,800,5,constant,safeguard,0.16412734304654328,7,0,0,mixture/0.5/8/5/14
0.5,8,14,0,1000,800,5,constant,asw-pam,,8,1,1,mixture/0.5/8/5/14
0.5,8,15,0,1000,800,5,constant,safeguard,0.1486867916101089,6,0,0,mixture/0.5/8/5/15
0.5,8,15,0,1000,800,5,constant,asw-pam,,3,0,0,mixture/0.5/8/5/15
0.5,8,16,0,1000,800,5,constant,safeguard,0.09436100889668353,8,1,1,mixture/0.5/8/5/16
0.5,8,16,0,1000,800,5,constant,asw-pam,,2,0,0,mixture/0.5/8/5/16
0.5,8,17,0,1000,800,5,constant,safeguard,0.13553372927536847,8,1,1,mixture/0.5/8/5/17
0.5,8,17,0,1000,800,5,constant,asw-pam,,8,1,1,mixture/0.5/8/5/17
0.5,8,18,0,1000,800,5,constant,safeguard,0.2333238883727862,3,0,0,mixture/0.5/8/5/18
0.5,8,18,0,1000,800,5,constant,asw-pam,,2,0,0,mixture/0.5/8/5/18
0.5,8,19,0,1000,800,5,constant,safeguard,0.10592450141492292,8,1,1,mixture/0.5/8/5/19
0.5,8,19,0,1000,800,5,constant,asw-pam,,2,0,0,mixture/0.5/8/5/19
0.5,8,20,0,1000,800,5,constant,safeguard,0.14353994113129742,8,1,1,mixture/0.5/8/5/20
0.5,8,20,0,1000,800,5,constant,asw-pam,,7,0,0,mixture/0.5/8/5/20
0.5,8,21,0,1000,800,5,constant,safeguard,0.16412734304654328,8,1,1,mixture/0.5/8/5/21
0.5,8,21,0,1000,800,5,constant,asw-pam,,2,0,0,mixture/0.5/8/5/21
0.5,8,22,0,1000,800,5,constant,safeguard,0.11333137253205755,8,1,1,mixture/0.5/8/5/22
0.5,8,22,0,1000,800,5,constant,asw-pam,,2,0,0,mixture/0.5/8/5/22
0.5,8,23,0,1000,800,5,constant,safeguard,0.12441864811996639,8,1,1,mixture/0.5/8/5/23
0.5,8,23,0,1000,800,5,constant,asw-pam,,5,0,0,mixture/0.5/8/5/23
0.5,8,24,0,1000,800,5,constant,safeguard,0.19100533999144761,6,0,0,mixture/0.5/8/5/24
0.5,8,24,0,1000,800,5,constant,asw-pam,,2,0,0,mixture/0.5/8/5/24
0.5,8,25,0,1000,800,5,constant,safeguard,0.1028785691968934,8,1,1,mixture/0.5/8/5/25
0.5,8,25,0,1000,800,5,constant,asw-pam,,8,1,1,mixture/0.5/8/5/25
0.5,8,26,0,1000,800,5,constant,safeguard,0.12901162738296096,7,0,0,mixture/0.5/8/5/26
0.5,8,26,0,1000,800,5,constant,asw-pam,,7,0,0,mixture/0.5/8/5/26
0.5,8,27,0,1000,800,5,constant,safeguard,0.0836181798414674,8,1,1,mixture/0.5/8/5/27
0.5,8,27,0,1000,800,5,constant,asw-pam,,8,1,1,mixture/0.5/8/5/27
0.5,8,28,0,1000,800,5,constant,safeguard,0.10965400129498226,6,0,0,mixture/0.5/8/5/28
0.5,8,28,0,1000,800,5,constant,asw-pam,,3,0,0,mixture/0.5/8/5/28
0.5,8,29,0,1000,800,5,constant,safeguard,0.10866462165764905,8,1,1,mixture/0.5/8/5/29
0.5,8,29,0,1000,800,5,constant,asw-pam,,8,1,1,mixture/0.5/8/5/29
0.5,9,0,0,1000,800,5,constant,safeguard,0.10426888318189666,9,1,1,mixture/0.5/9/5/0
0.5,9,0,0,1000,800,5,constant,asw-pam,,9,1,1,mixture/0.5/9/5/0
0.5,9,1,0,1000,800,5,constant,safeguard,0.09748846085563143,8,0,0,mixture/0.5/9/5/1
0.5,9,1,0,1000,800,5,constant,asw-pam,,7,0,0,mixture/0.5/9/5/1
0.5,9,2,0,1000,800,5,constant,safeguard,0.09267146270562479,9,1,1,mixture/0.5/9/5/2
0.5,9,2,0,1000,800,5,constant,asw-pam,,9,1,1,mixture/0.5/9/5/2
0.5,9,3,0,1000,800,5,constant,safeguard,0.11720068259186876,8,0,0,mixture/0.5/9/5/3
0.5,9,3,0,1000,800,5,constant,asw-pam,,9,1,1,mixture/0.5/9/5/3
0.5,9,4,0,1000,800,5,constant,safeguard,0.10965400129498246,9,1,1,mixture/0.5/9/5/4
0.5,9,4,0,1000,800,5,constant,asw-pam,,5,0,0,mixture/0.5/9/5/4
0.5,9,5,0,1000,800,5,constant,safeguard,0.15440551436434385,8,0,0,mixture/0.5/9/5/5
0.5,9,5,0,1000,800,5,constant,asw-pam,,2,0,0,mixture/0.5/9/5/5
0.5,9,6,0,1000,800,5,constant,safeguard,0.10351811435686031,9,1,1,mixture/0.5/9/5/6
0.5,9,6,0,1000,800,5,constant,asw-pam,,9,1,1,mixture/0.5/9/5/6
0.5,9,7,0,1000,800,5,constant,safeguard,0.12868566353716332,9,1,0,mixture/0.5/9/5/7
0.5,9,7,0,1000,800,5,constant,asw-pam,,3,0,0,mixture/0.5/9/5/7
0.5,9,8,0,1000,800,5,constant,safeguard,0.10632027088001614,9,1,1,mixture/0.5/9/5/8
0.5,9,8,0,1000,800,5,constant,asw-pam,,2,0,0,mixture/0.5/9/5/8
0.5,9,9,0,1000,800,5,constant,safeguard,0.19958342412280003,3,0,0,mixture/0.5/9/5/9
0.5,9,9,0,1000,800,5,constant,asw-pam,,2,0,0,mixture/0.5/9/5/9
0.5,9,10,0,1000,800,5,constant,safeguard,0.09931767214348114,9,1,1,mixture/0.5/9/5/10
0.5,9,10,0,1000,800,5,constant,asw-pam,,7,0,0,mixture/0.5/9/5/10
0.5,9,11,0,1000,800,5,constant,safeguard,0.12059850745345073,8,0,0,mixture/0.5/9/5/11
0.5,9,11,0,1000,800,5,constant,asw-pam,,5,0,0,mixture/0.5/9/5/11
0.5,9,12,0,1000,800,5,constant,safeguard,0.0989545350148239,9,1,1,mixture/0.5/9/5/12
0.5,9,12,0,1000,800,5,constant,asw-pam,,2,0,0,mixture/0.5/9/5/12
0.5,9,13,0,1000,800,5,constant,safeguard,0.10695793565696754,8,0,0,mixture/0.5/9/5/13
0.5,9,13,0,1000,800,5,constant,asw-pam,,8,0,0,mixture/0.5/9/5/13
0.5,9,14,0,1000,800,5,constant,safeguard,0.08804544281222058,9,1,1,mixture/0.5/9/5/14
0.5,9,14,0,1000,800,5,constant,asw-pam,,2,0,0,mixture/0.5/9/5/14
0.5,9,15,0,1000,800,5,constant,safeguard,0.11726892171415243,9,1,1,mixture/0.5/9/5/15
0.5,9,15,0,1000,800,5,constant,asw-pam,,9,1,1,mixture/0.5/9/5/15
0.5,9,16,0,1000,800,5,constant,safeguard,0.11063453348751469,9,1,1,mixture/0.5/9/5/16
0.5,9,16,0,1000,800,5,constant,asw-pam,,5,0,0,mixture/0.5/9/5/16
0.5,9,17,0,1000,800,5,constant,safeguard,0.11232096865679181,8,0,0,mixture/0.5/9/5/17
0.5,9,17,0,1000,800,5,constant,asw-pam,,6,0,0,mixture/0.5/9/5/17
0.5,9,18,0,1000,800,5,constant,safeguard,0.08939798655450808,9,1,1,mixture/0.5/9/5/18
0.5,9,18,0,1000,800,5,constant,asw-pam,,6,0,0,mixture/0.5/9/5/18
0.5,9,19,0,1000,800,5,constant,safeguard,0.11192854863706582,9,1,1,mixture/0.5/9/5/19
0.5,9,19,0,1000,800,5,constant,asw-pam,,7,0,0,mixture/0.5/9/5/19
0.5,9,20,0,1000,800,5,constant,safeguard,0.11232096865679166,9,1,1,mixture/0.5/9/5/20
0.5,9,20,0,1000,800,5,constant,asw-pam,,3,0,0,mixture/0.5/9/5/20
0.5,9,21,0,1000,800,5,constant,safeguard,0.1053375526581096,9,1,1,mixture/0.5/9/5/21
0.5,9,21,0,1000,800,5,constant,asw-pam,,3,0,0,mixture/0.5/9/5/21
0.5,9,22,0,1000,800,5,constant,safeguard,0.09333809511662432,9,1,1,mixture/0.5/9/5/22
0.5,9,22,0,1000,800,5,constant,asw-pam,,8,0,0,mixture/0.5/9/5/22
0.5,9,23,0,1000,800,5,constant,safeguard,0.13839309065248595,9,1,1,mixture/0.5/9/5/23
0.5,9,23,0,1000,800,5,constant,asw-pam,,8,0,0,mixture/0.5/9/5/23
0.5,9,24,0,1000,800,5,constant,safeguard,0.10166612021711073,9,1,1,mixture/0.5/9/5/24
0.5,9,24,0,1000,800,5,constant,asw-pam,,4,0,0,mixture/0.5/9/5/24
0.5,9,25,0,1000,800,5,constant,safeguard,0.09077444574328167,9,1,1,mixture/0.5/9/5/25
0.5,9,25,0,1000,800,5,constant,asw-pam,,8,0,0,mixture/0.5/9/5/25
0.5,9,26,0,1000,800,5,constant,safeguard,0.16241172622027278,8,0,0,mixture/0.5/9/5/26
0.5,9,26,0,1000,800,5,constant,asw-pam,,2,0,0,mixture/0.5/9/5/26
0.5,9,27,0,1000,800,5,constant,safeguard,0.11509995655950514,7,0,0,mixture/0.5/9/5/27
0.5,9,27,0,1000,800,5,constant,asw-pam,,3,0,0,mixture/0.5/9/5/27
0.5,9,28,0,1000,800,5,constant,safeguard,0.11696153213770745,9,1,1,mixture/0.5/9/5/28
0.5,9,28,0,1000,800,5,constant,asw-pam,,9,1,1,mixture/0.5/9/5/28
0.5,9,29,0,1000,800,5,constant,safeguard,0.09651942809610928,8,0,0,mixture/0.5/9/5/29
0.5,9,29,0,1000,800,5,constant,asw-pam,,2,0,0,mixture/0.5/9/5/29
0.5,10,0,0,1000,800,5,constant,safeguard,0.08843076387773662,10,1,1,mixture/0.5/10/5/0
0.5,10,0,0,1000,800,5,constant,asw-pam,,8,0,0,mixture/0.5/10/5/0
0.5,10,1,0,1000,800,5,constant,safeguard,0.11288932633336055,10,1,1,mixture/0.5/10/5/1
0.5,10,1,0,1000,800,5,constant,asw-pam,,10,1,1,mixture/0.5/10/5/1
0.5,10,2,0,1000,800,5,constant,safeguard,0.09997999799959993,10,1,1,mixture/0.5/10/5/2
0.5,10,2,0,1000,800,5,constant,asw-pam,,8,0,0,mixture/0.5/10/5/2
0.5,10,3,0,1000,800,5,constant,safeguard,0.0965608616365864,10,1,1,mixture/0.5/10/5/3
0.5,10,3,0,1000,800,5,constant,asw-pam,,10,1,1,mixture/0.5/10/5/3
0.5,10,4,0,1000,800,5,constant,safeguard,0.12929037087115178,10,1,1,mixture/0.5/10/5/4
0.5,10,4,0,1000,800,5,constant,asw-pam,,7,0,0,mixture/0.5/10/5/4
0.5,10,5,0,1000,800,5,constant,safeguard,0.136105601550792,8,0,0,mixture/0.5/10/5/5
0.5,10,5,0,1000,800,5,constant,asw-pam,,2,0,0,mixture/0.5/10/5/5
0.5,10,6,0,1000,800,5,constant,safeguard,0.08818163074019447,9,0,0,mixture/0.5/10/5/6
0.5,10,6,0,1000,800,5,constant,asw-pam,,10,1,1,mixture/0.5/10/5/6
0.5,10,7,0,1000,800,5,constant,safeguard,0.10958102025442168,10,1,1,mixture/0.5/10/5/7
0.5,10,7,0,1000,800,5,constant,asw-pam,,10,1,1,mixture/0.5/10/5/7
0.5,10,8,0,1000,800,5,constant,safeguard,0.2024427854999175,5,0,0,mixture/0.5/10/5/8
0.5,10,8,0,1000,800,5,constant,asw-pam,,2,0,0,mixture/0.5/10/5/8
0.5,10,9,0,1000,800,5,constant,safeguard,0.09707728879609281,10,1,1,mixture/0.5/10/5/9
0.5,10,9,0,1000,800,5,constant,asw-pam,,10,1,1,mixture/0.5/10/5/9
0.5,10,10,0,1000,800,5,constant,safeguard,0.10770329614268999,10,1,1,mixture/0.5/10/5/10
0.5,10,10,0,1000,800,5,constant,asw-pam,,10,1,1,mixture/0.5/10/5/10
0.5,10,11,0,1000,800,5,constant,safeguard,0.13782121837706246,9,0,0,mixture/0.5/10/5/11
0.5,10,11,0,1000,800,5,constant,asw-pam,,10,1,1,mixture/0.5/10/5/11
0.5,10,12,0,1000,800,5,constant,safeguard,0.10888526071052965,8,0,0,mixture/0.5/10/5/12
0.5,10,12,0,1000,800,5,constant,asw-pam,,7,0,0,mixture/0.5/10/5/12
0.5,10,13,0,1000,800,5,constant,safeguard,0.11760952342391313,10,1,1,mixture/0.5/10/5/13
0.5,10,13,0,1000,800,5,constant,asw-pam,,2,0,0,mixture/0.5/10/5/13
0.5,10,14,0,1000,800,5,constant,safeguard,0.13221195104830713,10,1,1,mixture/0.5/10/5/14
0.5,10,14,0,1000,800,5,constant,asw-pam,,10,1,1,mixture/0.5/10/5/14
0.5,10,15,0,1000,800,5,constant,safeguard,0.08847598544237857,10,1,1,mixture/0.5/10/5/15
0.5,10,15,0,1000,800,5,constant,asw-pam,,10,1,1,mixture/0.5/10/5/15
0.5,10,16,0,1000,800,5,constant,safeguard,0.13724934610163897,8,0,0,mixture/0.5/10/5/16
0.5,10,16,0,1000,800,5,constant,asw-pam,,7,0,0,mixture/0.5/10/5/16
0.5,10,17,0,1000,800,5,constant,safeguard,0.10533755265810944,10,1,1,mixture/0.5/10/5/17
0.5,10,17,0,1000,800,5,constant,asw-pam,,10,1,0,mixture/0.5/10/5/17
0.5,10,18,0,1000,800,5,constant,safeguard,0.09612491872558326,10,1,1,mixture/0.5/10/5/18
0.5,10,18,0,1000,800,5,constant,asw-pam,,9,0,0,mixture/0.5/10/5/18
0.5,10,19,0,1000,800,5,constant,safeguard,0.11879393923934004,9,0,0,mixture/0.5/10/5/19
0.5,10,19,0,1000,800,5,constant,asw-pam,,4,0,0,mixture/0.5/10/5/19
0.5,10,20,0,1000,800,5,constant,safeguard,0.10733126291998994,10,1,1,mixture/0.5/10/5/20
0.5,10,20,0,1000,800,5,constant,asw-pam,,10,1,1,mixture/0.5/10/5/20
0.5,10,21,0,1000,800,5,constant,safeguard,0.10783320453366863,10,1,1,mixture/0.5/10/5/21
0.5,10,21,0,1000,800,5,constant,asw-pam,,2,0,0,mixture/0.5/10/5/21
0.5,10,22,0,1000,800,5,constant,safeguard,0.16298359849569627,6,0,0,mixture/0.5/10/5/22
0.5,10,22,0,1000,800,5,constant,asw-pam,,3,0,0,mixture/0.5/10/5/22
0.5,10,23,0,1000,800,5,constant,safeguard,0.117643529358822,10,1,1,mixture/0.5/10/5/23
0.5,10,23,0,1000,800,5,constant,asw-pam,,9,0,0,mixture/0.5/10/5/23
0.5,10,24,0,1000,800,5,constant,safeguard,0.11032678731840247,10,1,1,mixture/0.5/10/5/24
0.5,10,24,0,1000,800,5,constant,asw-pam,,4,0,0,mixture/0.5/10/5/24
0.5,10,25,0,1000,800,5,constant,safeguard,0.08765842800324457,10,1,1,mixture/0.5/10/5/25
0.5,10,25,0,1000,800,5,constant,asw-pam,,8,0,0,mixture/0.5/10/5/25
0.5,10,26,0,1000,800,5,constant,safeguard,0.12542726976220114,10,1,1,mixture/0.5/10/5/26
0.5,10,26,0,1000,800,5,constant,asw-pam,,8,0,0,mixture/0.5/10/5/26
0.5,10,27,0,1000,800,5,constant,safeguard,0.10632027088001614,10,1,1,mixture/0.5/10/5/27
0.5,10,27,0,1000,800,5,constant,asw-pam,,4,0,0,mixture/0.5/10/5/27
0.5,10,28,0,1000,800,5,constant,safeguard,0.16698670442366076,7,0,0,mixture/0.5/10/5/28
0.5,10,28,0,1000,800,5,constant,asw-pam,,2,0,0,mixture/0.5/10/5/28
0.5,10,29,0,1000,800,5,constant,safeguard,0.10958102025442168,10,1,1,mixture/0.5/10/5/29
0.5,10,29,0,1000,800,5,constant,asw-pam,,9,0,0,mixture/0.5/10/5/29
1.0,2,0,0,1000,800,5,constant,safeguard,0.07884161337770813,2,1,1,mixture/1.0/2/5/0
1.0,2,0,0,1000,800,5,constant,asw-pam,,2,1,1,mixture/1.0/2/5/0
1.0,2,1,0,1000,800,5,constant,safeguard,0.07149825172687783,2,1,1,mixture/1.0/2/5/1
1.0,2,1,0,1000,800,5,constant,asw-pam,,2,1,1,mixture/1.0/2/5/1
1.0,2,2,0,1000,800,5,constant,safeguard,0.0706540869306227,2,1,1,mixture/1.0/2/5/2
1.0,2,2,0,1000,800,5,constant,asw-pam,,2,1,1,mixture/1.0/2/5/2
1.0,2,3,0,1000,800,5,constant,safeguard,0.07589466384404103,2,1,1,mixture/1.0/2/5/3
1.0,2,3,0,1000,800,5,constant,asw-pam,,2,1,1,mixture/1.0/2/5/3
1.0,2,4,0,1000,800,5,constant,safeguard,0.08881441324469797,2,1,1,mixture/1.0/2/5/4
1.0,2,4,0,1000,800,5,constant,asw-pam,,2,1,1,mixture/1.0/2/5/4
1.0,2,5,0,1000,800,5,constant,safeguard,0.0634980314655501,2,1,1,mixture/1.0/2/5/5
1.0,2,5,0,1000,800,5,constant,asw-pam,,2,1,1,mixture/1.0/2/5/5
1.0,2,6,0,1000,800,5,constant,safeguard,0.09033271832508964,2,1,1,mixture/1.0/2/5/6
1.0,2,6,0,1000,800,5,constant,asw-pam,,2,1,1,mixture/1.0/2/5/6
1.0,2,7,0,1000,800,5,constant,safeguard,0.06280127387243038,2,1,1,mixture/1.0/2/5/7
1.0,2,7,0,1000,800,5,constant,asw-pam,,2,1,1,mixture/1.0/2/5/7
1.0,2,8,0,1000,800,5,constant,safeguard,0.06997142273814361,2,1,1,mixture/1.0/2/5/8
1.0,2,8,0,1000,800,5,constant,asw-pam,,2,1,1,mixture/1.0/2/5/8
1.0,2,9,0,1000,800,5,constant,safeguard,0.07348469228349525,2,1,1,mixture/1.0/2/5/9
1.0,2,9,0,1000,800,5,constant,asw-pam,,2,1,1,mixture/1.0/2/5/9
1.0,2,10,0,1000,800,5,constant,safeguard,0.08995554457619612,2,1,1,mixture/1.0/2/5/10
1.0,2,10,0,1000,800,5,constant,asw-pam,,2,1,1,mixture/1.0/2/5/10
1.0,2,11,0,1000,800,5,constant,safeguard,0.0979183333191492,2,1,1,mixture/1.0/2/5/11
1.0,2,11,0,1000,800,5,constant,asw-pam,,2,1,1,mixture/1.0/2/5/11
1.0,2,12,0,1000,800,5,constant,safeguard,0.07200000000000004,2,1,1,mixture/1.0/2/5/12
1.0,2,12,0,1000,800,5,constant,asw-pam,,2,1,1,mixture/1.0/2/5/12
1.0,2,13,0,1000,800,5,constant,safeguard,0.07149825172687795,2,1,1,mixture/1.0/2/5/13
1.0,2,13,0,1000,800,5,constant,asw-pam,,2,1,1,mixture/1.0/2/5/13
1.0,2,14,0,1000,800,5,constant,safeguard,0.08079603950689665,2,1,1,mixture/1.0/2/5/14
1.0,2,14,0,1000,800,5,constant,asw-pam,,2,1,1,mixture/1.0/2/5/14
1.0,2,15,0,1000,800,5,constant,safeguard,0.11306635220082042,2,1,1,mixture/1.0/2/5/15
1.0,2,15,0,1000,800,5,constant,asw-pam,,2,1,1,mixture/1.0/2/5/15
1.0,2,16,0,1000,800,5,constant,safeguard,0.1101998185116472,2,1,1,mixture/1.0/2/5/16
1.0,2,16,0,1000,800,5,constant,asw-pam,,2,1,1,mixture/1.0/2/5/16
1.0,2,17,0,1000,800,5,constant,safeguard,0.06225752966509355,2,1,1,mixture/1.0/2/5/17
1.0,2,17,0,1000,800,5,constant,asw-pam,,2,1,0,mixture/1.0/2/5/17
1.0,2,18,0,1000,800,5,constant,safeguard,0.08313843876330616,2,1,1,mixture/1.0/2/5/18
1.0,2,18,0,1000,800,5,constant,asw-pam,,2,1,1,mixture/1.0/2/5/18
1.0,2,19,0,1000,800,5,constant,safeguard,0.06948381106416077,2,1,1,mixture/1.0/2/5/19
1.0,2,19,0,1000,800,5,constant,asw-pam,,2,1,1,mixture/1.0/2/5/19
1.0,2,20,0,1000,800,5,constant,safeguard,0.10003999200319845,2,1,1,mixture/1.0/2/5/20
1.0,2,20,0,1000,800,5,constant,asw-pam,,2,1,1,mixture/1.0/2/5/20
1.0,2,21,0,1000,800,5,constant,safeguard,0.12998461447417525,2,1,1,mixture/1.0/2/5/21
1.0,2,21,0,1000,800,5,constant,asw-pam,,2,1,1,mixture/1.0/2/5/21
1.0,2,22,0,1000,800,5,constant,safeguard,0.11665333257134139,2,1,1,mixture/1.0/2/5/22
1.0,2,22,0,1000,800,5,constant,asw-pam,,2,1,1,mixture/1.0/2/5/22
1.0,2,23,0,1000,800,5,constant,safeguard,0.0659696900098826,2,1,1,mixture/1.0/2/5/23
1.0,2,23,0,1000,800,5,constant,asw-pam,,2,1,1,mixture/1.0/2/5/23
1.0,2,24,0,1000,800,5,constant,safeguard,0.07823042886243183,2,1,1,mixture/1.0/2/5/24
1.0,2,24,0,1000,800,5,constant,asw-pam,,2,1,1,mixture/1.0/2/5/24
1.0,2,25,0,1000,800,5,constant,safeguard,0.06092618484691129,2,1,1,mixture/1.0/2/5/25
1.0,2,25,0,1000,800,5,constant,asw-pam,,2,1,1,mixture/1.0/2/5/25
1.0,2,26,0,1000,800,5,constant,safeguard,0.08316249154516721,2,1,1,mixture/1.0/2/5/26
1.0,2,26,0,1000,800,5,constant,asw-pam,,2,1,1,mixture/1.0/2/5/26
1.0,2,27,0,1000,800,5,constant,safeguard,0.08246211251235326,2,1,1,mixture/1.0/2/5/27
1.0,2,27,0,1000,800,5,constant,asw-pam,,2,1,1,mixture/1.0/2/5/27
1.0,2,28,0,1000,800,5,constant,safeguard,0.08357032966310476,2,1,1,mixture/1.0/2/5/28
1.0,2,28,0,1000,800,5,constant,asw-pam,,2,1,1,mixture/1.0/2/5/28
1.0,2,29,0,1000,800,5,constant,safeguard,0.07649836599562115,2,1,1,mixture/1.0/2/5/29
1.0,2,29,0,1000,800,5,constant,asw-pam,,2,1,1,mixture/1.0/2/5/29
1.0,3,0,0,1000,800,5,constant,safeguard,0.07200000000000004,3,1,1,mixture/1.0/3/5/0
1.0,3,0,0,1000,800,5,constant,asw-pam,,3,1,1,mixture/1.0/3/5/0
1.0,3,1,0,1000,800,5,constant,safeguard,0.06400000000000003,3,1,1,mixture/1.0/3/5/1
1.0,3,1,0,1000,800,5,constant,asw-pam,,3,1,1,mixture/1.0/3/5/1
1.0,3,2,0,1000,800,5,constant,safeguard,0.09256349172324911,3,1,1,mixture/1.0/3/5/2
1.0,3,2,0,1000,800,5,constant,asw-pam,,3,1,1,mixture/1.0/3/5/2
1.0,3,3,0,1000,800,5,constant,safeguard,0.06881860213634106,3,1,1,mixture/1.0/3/5/3
1.0,3,3,0,1000,800,5,constant,asw-pam,,3,1,1,mixture/1.0/3/5/3
1.0,3,4,0,1000,800,5,constant,safeguard,0.08532291603080622,3,1,1,mixture/1.0/3/5/4
1.0,3,4,0,1000,800,5,constant,asw-pam,,2,0,0,mixture/1.0/3/5/4
1.0,3,5,0,1000,800,5,constant,safeguard,0.08000000000000003,3,1,1,mixture/1.0/3/5/5
1.0,3,5,0,1000,800,5,constant,asw-pam,,2,0,0,mixture/1.0/3/5/5
1.0,3,6,0,1000,800,5,constant,safeguard,0.08611620056644397,3,1,1,mixture/1.0/3/5/6
1.0,3,6,0,1000,800,5,constant,asw-pam,,3,1,1,mixture/1.0/3/5/6
1.0,3,7,0,1000,800,5,constant,safeguard,0.06177378084592203,3,1,1,mixture/1.0/3/5/7
1.0,3,7,0,1000,800,5,constant,asw-pam,,2,0,0,mixture/1.0/3/5/7
1.0,3,8,0,1000,800,5,constant,safeguard,0.09033271832508977,3,1,1,mixture/1.0/3/5/8
1.0,3,8,0,1000,800,5,constant,asw-pam,,3,1,1,mixture/1.0/3/5/8
1.0,3,9,0,1000,800,5,constant,safeguard,0.07797435475847175,3,1,1,mixture/1.0/3/5/9
1.0,3,9,0,1000,800,5,constant,asw-pam,,2,0,0,mixture/1.0/3/5/9
1.0,3,10,0,1000,800,5,constant,safeguard,0.08121576201698784,3,1,1,mixture/1.0/3/5/10
1.0,3,10,0,1000,800,5,constant,asw-pam,,3,1,1,mixture/1.0/3/5/10
1.0,3,11,0,1000,800,5,constant,safeguard,0.0888594395660923,3,1,1,mixture/1.0/3/5/11
1.0,3,11,0,1000,800,5,constant,asw-pam,,3,1,1,mixture/1.0/3/5/11
1.0,3,12,0,1000,800,5,constant,safeguard,0.07776888838089437,3,1,1,mixture/1.0/3/5/12
1.0,3,12,0,1000,800,5,constant,asw-pam,,2,0,0,mixture/1.0/3/5/12
1.0,3,13,0,1000,800,5,constant,safeguard,0.09070832376358857,3,1,1,mixture/1.0/3/5/13
1.0,3,13,0,1000,800,5,constant,asw-pam,,3,1,1,mixture/1.0/3/5/13
1.0,3,14,0,1000,800,5,constant,safeguard,0.07779460135510692,3,1,1,mixture/1.0/3/5/14
1.0,3,14,0,1000,800,5,constant,asw-pam,,2,0,0,mixture/1.0/3/5/14
1.0,3,15,0,1000,800,5,constant,safeguard,0.07959899496852964,3,1,1,mixture/1.0/3/5/15
1.0,3,15,0,1000,800,5,constant,asw-pam,,3,1,1,mixture/1.0/3/5/15
1.0,3,16,0,1000,800,5,constant,safeguard,0.08178019320104352,3,1,1,mixture/1.0/3/5/16
1.0,3,16,0,1000,800,5,constant,asw-pam,,2,0,0,mixture/1.0/3/5/16
1.0,3,17,0,1000,800,5,constant,safeguard,0.10217631819555831,3,1,1,mixture/1.0/3/5/17
1.0,3,17,0,1000,800,5,constant,asw-pam,,2,0,0,mixture/1.0/3/5/17
1.0,3,18,0,1000,800,5,constant,safeguard,0.08390470785361218,3,1,1,mixture/1.0/3/5/18
1.0,3,18,0,1000,800,5,constant,asw-pam,,2,0,0,mixture/1.0/3/5/18
1.0,3,19,0,1000,800,5,constant,safeguard,0.07589466384404112,3,1,1,mixture/1.0/3/5/19
1.0,3,19,0,1000,800,5,constant,asw-pam,,3,1,1,mixture/1.0/3/5/19
1.0,3,20,0,1000,800,5,constant,safeguard,0.09059801322324904,2,0,0,mixture/1.0/3/5/20
1.0,3,20,0,1000,800,5,constant,asw-pam,,2,0,0,mixture/1.0/3/5/20
1.0,3,21,0,1000,800,5,constant,safeguard,0.07547184905645285,3,1,1,mixture/1.0/3/5/21
1.0,3,21,0,1000,800,5,constant,asw-pam,,2,0,0,mixture/1.0/3/5/21
1.0,3,22,0,1000,800,5,constant,safeguard,0.17728040538128367,3,1,1,mixture/1.0/3/5/22
1.0,3,22,0,1000,800,5,constant,asw-pam,,3,1,1,mixture/1.0/3/5/22
1.0,3,23,0,1000,800,5,constant,safeguard,0.08409518416651444,3,1,1,mixture/1.0/3/5/23
1.0,3,23,0,1000,800,5,constant,asw-pam,,3,1,1,mixture/1.0/3/5/23
1.0,3,24,0,1000,800,5,constant,safeguard,0.07691553809211767,3,1,1,mixture/1.0/3/5/24
1.0,3,24,0,1000,800,5,constant,asw-pam,,3,1,1,mixture/1.0/3/5/24
1.0,3,25,0,1000,800,5,constant,safeguard,0.07200000000000004,3,1,1,mixture/1.0/3/5/25
1.0,3,25,0,1000,800,5,constant,asw-pam,,3,1,1,mixture/1.0/3/5/25
1.0,3,26,0,1000,800,5,constant,safeguard,0.06334035048845241,3,1,1,mixture/1.0/3/5/26
1.0,3,26,0,1000,800,5,constant,asw-pam,,3,1,1,mixture/1.0/3/5/26
1.0,3,27,0,1000,800,5,constant,safeguard,0.08800000000000004,3,1,1,mixture/1.0/3/5/27
1.0,3,27,0,1000,800,5,constant,asw-pam,,3,1,1,mixture/1.0/3/5/27
1.0,3,28,0,1000,800,5,constant,safeguard,0.11061645447219873,3,1,1,mixture/1.0/3/5/28
1.0,3,28,0,1000,800,5,constant,asw-pam,,3,1,1,mixture/1.0/3/5/28
1.0,3,29,0,1000,800,5,constant,safeguard,0.08178019320104352,3,1,1,mixture/1.0/3/5/29
1.0,3,29,0,1000,800,5,constant,asw-pam,,3,1,1,mixture/1.0/3/5/29
1.0,4,0,0,1000,800,5,constant,safeguard,0.08611620056644384,4,1,1,mixture/1.0/4/5/0
1.0,4,0,0,1000,800,5,constant,asw-pam,,4,1,1,mixture/1.0/4/5/0
1.0,4,1,0,1000,800,5,constant,safeguard,0.08121576201698784,4,1,1,mixture/1.0/4/5/1
1.0,4,1,0,1000,800,5,constant,asw-pam,,2,0,0,mixture/1.0/4/5/1
1.0,4,2,0,1000,800,5,constant,safeguard,0.09267146270562465,4,1,1,mixture/1.0/4/5/2
1.0,4,2,0,1000,800,5,constant,asw-pam,,3,0,0,mixture/1.0/4/5/2
1.0,4,3,0,1000,800,5,constant,safeguard,0.08246211251235311,3,0,0,mixture/1.0/4/5/3
1.0,4,3,0,1000,800,5,constant,asw-pam,,2,0,0,mixture/1.0/4/5/3
1.0,4,4,0,1000,800,5,constant,safeguard,0.09070832376358857,3,0,0,mixture/1.0/4/5/4
1.0,4,4,0,1000,800,5,constant,asw-pam,,3,0,0,mixture/1.0/4/5/4
1.0,4,5,0,1000,800,5,constant,safeguard,0.08409518416651444,3,0,0,mixture/1.0/4/5/5
1.0,4,5,0,1000,800,5,constant,asw-pam,,2,0,0,mixture/1.0/4/5/5
1.0,4,6,0,1000,800,5,constant,safeguard,0.09465727652959376,4,1,1,mixture/1.0/4/5/6
1.0,4,6,0,1000,800,5,constant,asw-pam,,2,0,0,mixture/1.0/4/5/6
1.0,4,7,0,1000,800,5,constant,safeguard,0.07093659140387283,4,1,1,mixture/1.0/4/5/7
1.0,4,7,0,1000,800,5,constant,asw-pam,,2,0,0,mixture/1.0/4/5/7
1.0,4,8,0,1000,800,5,constant,safeguard,0.10099504938362083,3,0,0,mixture/1.0/4/5/8
1.0,4,8,0,1000,800,5,constant,asw-pam,,2,0,0,mixture/1.0/4/5/8
1.0,4,9,0,1000,800,5,constant,safeguard,0.09785703858180059,4,1,1,mixture/1.0/4/5/9
1.0,4,9,0,1000,800,5,constant,asw-pam,,2,0,0,mixture/1.0/4/5/9
1.0,4,10,0,1000,800,5,constant,safeguard,0.07683749084919422,4,1,1,mixture/1.0/4/5/10
1.0,4,10,0,1000,800,5,constant,asw-pam,,2,0,0,mixture/1.0/4/5/10
1.0,4,11,0,1000,800,5,constant,safeguard,0.08485281374238575,4,1,1,mixture/1.0/4/5/11
1.0,4,11,0,1000,800,5,constant,asw-pam,,3,0,0,mixture/1.0/4/5/11
1.0,4,12,0,1000,800,5,constant,safeguard,0.08489994110716453,4,1,1,mixture/1.0/4/5/12
1.0,4,12,0,1000,800,5,constant,asw-pam,,2,0,0,mixture/1.0/4/5/12
1.0,4,13,0,1000,800,5,constant,safeguard,0.07467261881037789,4,1,1,mixture/1.0/4/5/13
1.0,4,13,0,1000,800,5,constant,asw-pam,,3,0,0,mixture/1.0/4/5/13
1.0,4,14,0,1000,800,5,constant,safeguard,0.08777243302996665,4,1,1,mixture/1.0/4/5/14
1.0,4,14,0,1000,800,5,constant,asw-pam,,4,1,1,mixture/1.0/4/5/14
1.0,4,15,0,1000,800,5,constant,safeguard,0.08313843876330616,4,1,1,mixture/1.0/4/5/15
1.0,4,15,0,1000,800,5,constant,asw-pam,,2,0,0,mixture/1.0/4/5/15
1.0,4,16,0,1000,800,5,constant,safeguard,0.0881816307401943,4,1,1,mixture/1.0/4/5/16
1.0,4,16,0,1000,800,5,constant,asw-pam,,4,1,1,mixture/1.0/4/5/16
1.0,4,17,0,1000,800,5,constant,safeguard,0.07467261881037789,4,1,1,mixture/1.0/4/5/17
1.0,4,17,0,1000,800,5,constant,asw-pam,,4,1,1,mixture/1.0/4/5/17
1.0,4,18,0,1000,800,5,constant,safeguard,0.07779460135510695,4,1,1,mixture/1.0/4/5/18
1.0,4,18,0,1000,800,5,constant,asw-pam,,4,1,1,mixture/1.0/4/5/18
1.0,4,19,0,1000,800,5,constant,safeguard,0.08131420540102453,4,1,1,mixture/1.0/4/5/19
1.0,4,19,0,1000,800,5,constant,asw-pam,,2,0,0,mixture/1.0/4/5/19
1.0,4,20,0,1000,800,5,constant,safeguard,0.07467261881037789,4,1,1,mixture/1.0/4/5/20
1.0,4,20,0,1000,800,5,constant,asw-pam,,4,1,1,mixture/1.0/4/5/20
1.0,4,21,0,1000,800,5,constant,safeguard,0.10299514551666991,4,1,1,mixture/1.0/4/5/21
1.0,4,21,0,1000,800,5,constant,asw-pam,,3,0,0,mixture/1.0/4/5/21
1.0,4,22,0,1000,800,5,constant,safeguard,0.06545227268781431,4,1,1,mixture/1.0/4/5/22
1.0,4,22,0,1000,800,5,constant,asw-pam,,2,0,0,mixture/1.0/4/5/22
1.0,4,23,0,1000,800,5,constant,safeguard,0.07110555533852475,4,1,1,mixture/1.0/4/5/23
1.0,4,23,0,1000,800,5,constant,asw-pam,,3,0,0,mixture/1.0/4/5/23
1.0,4,24,0,1000,800,5,constant,safeguard,0.0885889383614003,4,1,1,mixture/1.0/4/5/24
1.0,4,24,0,1000,800,5,constant,asw-pam,,3,0,0,mixture/1.0/4/5/24
1.0,4,25,0,1000,800,5,constant,safeguard,0.07028513356322234,4,1,1,mixture/1.0/4/5/25
1.0,4,25,0,1000,800,5,constant,asw-pam,,3,0,0,mixture/1.0/4/5/25
1.0,4,26,0,1000,800,5,constant,safeguard,0.09145490692138944,4,1,1,mixture/1.0/4/5/26
1.0,4,26,0,1000,800,5,constant,asw-pam,,3,0,0,mixture/1.0/4/5/26
1.0,4,27,0,1000,800,5,constant,safeguard,0.10463269087622669,4,1,1,mixture/1.0/4/5/27
1.0,4,27,0,1000,800,5,constant,asw-pam,,4,1,1,mixture/1.0/4/5/27
1.0,4,28,0,1000,800,5,constant,safeguard,0.07329392880723469,4,1,1,mixture/1.0/4/5/28
1.0,4,28,0,1000,800,5,constant,asw-pam,,4,1,1,mixture/1.0/4/5/28
1.0,4,29,0,1000,800,5,constant,safeguard,0.12420950044179396,4,1,1,mixture/1.0/4/5/29
1.0,4,29,0,1000,800,5,constant,asw-pam,,2,0,0,mixture/1.0/4/5/29
1.0,5,0,0,1000,800,5,constant,safeguard,0.08777243302996682,5,1,1,mixture/1.0/5/5/0
1.0,5,0,0,1000,800,5,constant,asw-pam,,2,0,0,mixture/1.0/5/5/0
1.0,5,1,0,1000,800,5,constant,safeguard,0.07493997598078067,4,0,0,mixture/1.0/5/5/1
1.0,5,1,0,1000,800,5,constant,asw-pam,,3,0,0,mixture/1.0/5/5/1
1.0,5,2,0,1000,800,5,constant,safeguard,0.06893475175845637,5,1,1,mixture/1.0/5/5/2
1.0,5,2,0,1000,800,5,constant,asw-pam,,2,0,0,mixture/1.0/5/5/2
1.0,5,3,0,1000,800,5,constant,safeguard,0.07848566748139438,5,1,1,mixture/1.0/5/5/3
1.0,5,3,0,1000,800,5,constant,asw-pam,,4,0,0,mixture/1.0/5/5/3
1.0,5,4,0,1000,800,5,constant,safeguard,0.09566608594481123,5,1,1,mixture/1.0/5/5/4
1.0,5,4,0,1000,800,5,constant,asw-pam,,2,0,0,mixture/1.0/5/5/4
1.0,5,5,0,1000,800,5,constant,safeguard,0.06997142273814363,5,1,1,mixture/1.0/5/5/5
1.0,5,5,0,1000,800,5,constant,asw-pam,,5,1,1,mixture/1.0/5/5/5
1.0,5,6,0,1000,800,5,constant,safeguard,0.08000000000000002,5,1,1,mixture/1.0/5/5/6
1.0,5,6,0,1000,800,5,constant,asw-pam,,5,1,1,mixture/1.0/5/5/6
1.0,5,7,0,1000,800,5,constant,safeguard,0.07236021006050221,5,1,1,mixture/1.0/5/5/7
1.0,5,7,0,1000,800,5,constant,asw-pam,,3,0,0,mixture/1.0/5/5/7
1.0,5,8,0,1000,800,5,constant,safeguard,0.07894301742396224,5,1,1,mixture/1.0/5/5/8
1.0,5,8,0,1000,800,5,constant,asw-pam,,5,1,1,mixture/1.0/5/5/8
1.0,5,9,0,1000,800,5,constant,safeguard,0.07959899496852964,5,1,1,mixture/1.0/5/5/9
1.0,5,9,0,1000,800,5,constant,asw-pam,,2,0,0,mixture/1.0/5/5/9
1.0,5,10,0,1000,800,5,constant,safeguard,0.0871779788708134,5,1,1,mixture/1.0/5/5/10
1.0,5,10,0,1000,800,5,constant,asw-pam,,5,1,1,mixture/1.0/5/5/10
1.0,5,11,0,1000,800,5,constant,safeguard,0.0790948797331408,5,1,1,mixture/1.0/5/5/11
1.0,5,11,0,1000,800,5,constant,asw-pam,,2,0,0,mixture/1.0/5/5/11
1.0,5,12,0,1000,800,5,constant,safeguard,0.0916515138991167,5,1,1,mixture/1.0/5/5/12
1.0,5,12,0,1000,800,5,constant,asw-pam,,2,0,0,mixture/1.0/5/5/12
1.0,5,13,0,1000,800,5,constant,safeguard,0.06948381106416088,5,1,1,mixture/1.0/5/5/13
1.0,5,13,0,1000,800,5,constant,asw-pam,,5,1,1,mixture/1.0/5/5/13
1.0,5,14,0,1000,800,5,constant,safeguard,0.06800000000000003,5,1,1,mixture/1.0/5/5/14
1.0,5,14,0,1000,800,5,constant,asw-pam,,2,0,0,mixture/1.0/5/5/14
1.0,5,15,0,1000,800,5,constant,safeguard,0.08246211251235323,4,0,0,mixture/1.0/5/5/15
1.0,5,15,0,1000,800,5,constant,asw-pam,,2,0,0,mixture/1.0/5/5/15
1.0,5,16,0,1000,800,5,constant,safeguard,0.08182909018191503,4,0,0,mixture/1.0/5/5/16
1.0,5,16,0,1000,800,5,constant,asw-pam,,2,0,0,mixture/1.0/5/5/16
1.0,5,17,0,1000,800,5,constant,safeguard,0.09256349172324911,5,1,1,mixture/1.0/5/5/17
1.0,5,17,0,1000,800,5,constant,asw-pam,,4,0,0,mixture/1.0/5/5/17
1.0,5,18,0,1000,800,5,constant,safeguard,0.0922605007573664,5,1,1,mixture/1.0/5/5/18
1.0,5,18,0,1000,800,5,constant,asw-pam,,2,0,0,mixture/1.0/5/5/18
1.0,5,19,0,1000,800,5,constant,safeguard,0.0956242647030554,3,0,0,mixture/1.0/5/5/19
1.0,5,19,0,1000,800,5,constant,asw-pam,,3,0,0,mixture/1.0/5/5/19
1.0,5,20,0,1000,800,5,constant,safeguard,0.07557777451076478,5,1,1,mixture/1.0/5/5/20
1.0,5,20,0,1000,800,5,constant,asw-pam,,4,0,0,mixture/1.0/5/5/20
1.0,5,21,0,1000,800,5,constant,safeguard,0.07541883053985925,5,1,1,mixture/1.0/5/5/21
1.0,5,21,0,1000,800,5,constant,asw-pam,,5,1,1,mixture/1.0/5/5/21
1.0,5,22,0,1000,800,5,constant,safeguard,0.06572670690061996,5,1,1,mixture/1.0/5/5/22
1.0,5,22,0,1000,800,5,constant,asw-pam,,5,1,1,mixture/1.0/5/5/22
1.0,5,23,0,1000,800,5,constant,safeguard,0.08497058314499194,5,1,1,mixture/1.0/5/5/23
1.0,5,23,0,1000,800,5,constant,asw-pam,,5,1,1,mixture/1.0/5/5/23
1.0,5,24,0,1000,800,5,constant,safeguard,0.07647221717722054,5,1,1,mixture/1.0/5/5/24
1.0,5,24,0,1000,800,5,constant,asw-pam,,5,1,1,mixture/1.0/5/5/24
1.0,5,25,0,1000,800,5,constant,safeguard,0.07329392880723479,5,1,1,mixture/1.0/5/5/25
1.0,5,25,0,1000,800,5,constant,asw-pam,,4,0,0,mixture/1.0/5/5/25
1.0,5,26,0,1000,800,5,constant,safeguard,0.07823042886243183,5,1,1,mixture/1.0/5/5/26
1.0,5,26,0,1000,800,5,constant,asw-pam,,3,0,0,mixture/1.0/5/5/26
1.0,5,27,0,1000,800,5,constant,safeguard,0.08975522268926756,5,1,1,mixture/1.0/5/5/27
1.0,5,27,0,1000,800,5,constant,asw-pam,,5,1,1,mixture/1.0/5/5/27
1.0,5,28,0,1000,800,5,constant,safeguard,0.07994998436522677,5,1,1,mixture/1.0/5/5/28
1.0,5,28,0,1000,800,5,constant,asw-pam,,3,0,0,mixture/1.0/5/5/28
1.0,5,29,0,1000,800,5,constant,safeguard,0.07445804187594515,5,1,1,mixture/1.0/5/5/29
1.0,5,29,0,1000,800,5,constant,asw-pam,,2,0,0,mixture/1.0/5/5/29
1.0,6,0,0,1000,800,5,constant,safeguard,0.08079603950689665,6,1,1,mixture/1.0/6/5/0
1.0,6,0,0,1000,800,5,constant,asw-pam,,4,0,0,mixture/1.0/6/5/0
1.0,6,1,0,1000,800,5,constant,safeguard,0.09939818911831347,6,1,1,mixture/1.0/6/5/1
1.0,6,1,0,1000,800,5,constant,asw-pam,,6,1,1,mixture/1.0/6/5/1
1.0,6,2,0,1000,800,5,constant,safeguard,0.07499333303701063,6,1,1,mixture/1.0/6/5/2
1.0,6,2,0,1000,800,5,constant,asw-pam,,4,0,0,mixture/1.0/6/5/2
1.0,6,3,0,1000,800,5,constant,safeguard,0.0773045923603508,6,1,1,mixture/1.0/6/5/3
1.0,6,3,0,1000,800,5,constant,asw-pam,,5,0,0,mixture/1.0/6/5/3
1.0,6,4,0,1000,800,5,constant,safeguard,0.07048404074682442,6,1,1,mixture/1.0/6/5/4
1.0,6,4,0,1000,800,5,constant,asw-pam,,4,0,0,mixture/1.0/6/5/4
1.0,6,5,0,1000,800,5,constant,safeguard,0.08049844718999245,6,1,1,mixture/1.0/6/5/5
1.0,6,5,0,1000,800,5,constant,asw-pam,,6,1,1,mixture/1.0/6/5/5
1.0,6,6,0,1000,800,5,constant,safeguard,0.0749399759807808,6,1,1,mixture/1.0/6/5/6
1.0,6,6,0,1000,800,5,constant,asw-pam,,6,1,1,mixture/1.0/6/5/6
1.0,6,7,0,1000,800,5,constant,safeguard,0.07776888838089421,5,0,0,mixture/1.0/6/5/7
1.0,6,7,0,1000,800,5,constant,asw-pam,,4,0,0,mixture/1.0/6/5/7
1.0,6,8,0,1000,800,5,constant,safeguard,0.08988882021697697,6,1,1,mixture/1.0/6/5/8
1.0,6,8,0,1000,800,5,constant,asw-pam,,6,1,1,mixture/1.0/6/5/8
1.0,6,9,0,1000,800,5,constant,safeguard,0.06734983296193098,6,1,1,mixture/1.0/6/5/9
1.0,6,9,0,1000,800,5,constant,asw-pam,,6,1,1,mixture/1.0/6/5/9
1.0,6,10,0,1000,800,5,constant,safeguard,0.07683749084919422,6,1,1,mixture/1.0/6/5/10
1.0,6,10,0,1000,800,5,constant,asw-pam,,6,1,1,mixture/1.0/6/5/10
1.0,6,11,0,1000,800,5,constant,safeguard,0.1003992031840891,6,1,1,mixture/1.0/6/5/11
1.0,6,11,0,1000,800,5,constant,asw-pam,,3,0,0,mixture/1.0/6/5/11
1.0,6,12,0,1000,800,5,constant,safeguard,0.06406246951218779,6,1,1,mixture/1.0/6/5/12
1.0,6,12,0,1000,800,5,constant,asw-pam,,5,0,0,mixture/1.0/6/5/12
1.0,6,13,0,1000,800,5,constant,safeguard,0.07647221717722066,5,0,0,mixture/1.0/6/5/13
1.0,6,13,0,1000,800,5,constant,asw-pam,,3,0,0,mixture/1.0/6/5/13
1.0,6,14,0,1000,800,5,constant,safeguard,0.09338094023942993,5,0,0,mixture/1.0/6/5/14
1.0,6,14,0,1000,800,5,constant,asw-pam,,4,0,0,mixture/1.0/6/5/14
1.0,6,15,0,1000,800,5,constant,safeguard,0.07149825172687795,6,1,1,mixture/1.0/6/5/15
1.0,6,15,0,1000,800,5,constant,asw-pam,,3,0,0,mixture/1.0/6/5/15
1.0,6,16,0,1000,800,5,constant,safeguard,0.08368990381163073,6,1,1,mixture/1.0/6/5/16
1.0,6,16,0,1000,800,5,constant,asw-pam,,3,0,0,mixture/1.0/6/5/16
1.0,6,17,0,1000,800,5,constant,safeguard,0.10529957264870533,4,0,0,mixture/1.0/6/5/17
1.0,6,17,0,1000,800,5,constant,asw-pam,,5,0,0,mixture/1.0/6/5/17
1.0,6,18,0,1000,800,5,constant,safeguard,0.08270429251254136,6,1,1,mixture/1.0/6/5/18
1.0,6,18,0,1000,800,5,constant,asw-pam,,6,1,1,mixture/1.0/6/5/18
1.0,6,19,0,1000,800,5,constant,safeguard,0.08316249154516721,6,1,1,mixture/1.0/6/5/19
1.0,6,19,0,1000,800,5,constant,asw-pam,,6,1,1,mixture/1.0/6/5/19
1.0,6,20,0,1000,800,5,constant,safeguard,0.1080740486888504,5,0,0,mixture/1.0/6/5/20
1.0,6,20,0,1000,800,5,constant,asw-pam,,2,0,0,mixture/1.0/6/5/20
1.0,6,21,0,1000,800,5,constant,safeguard,0.0773045923603508,6,1,1,mixture/1.0/6/5/21
1.0,6,21,0,1000,800,5,constant,asw-pam,,6,1,1,mixture/1.0/6/5/21
1.0,6,22,0,1000,800,5,constant,safeguard,0.07512655988397184,6,1,1,mixture/1.0/6/5/22
1.0,6,22,0,1000,800,5,constant,asw-pam,,6,1,1,mixture/1.0/6/5/22
1.0,6,23,0,1000,800,5,constant,safeguard,0.10003999200319845,6,1,1,mixture/1.0/6/5/23
1.0,6,23,0,1000,800,5,constant,asw-pam,,5,0,0,mixture/1.0/6/5/23
1.0,6,24,0,1000,800,5,constant,safeguard,0.0803741251896404,5,0,0,mixture/1.0/6/5/24
1.0,6,24,0,1000,800,5,constant,asw-pam,,5,0,0,mixture/1.0/6/5/24
1.0,6,25,0,1000,800,5,constant,safeguard,0.07797435475847175,6,1,1,mixture/1.0/6/5/25
1.0,6,25,0,1000,800,5,constant,asw-pam,,6,1,1,mixture/1.0/6/5/25
1.0,6,26,0,1000,800,5,constant,safeguard,0.08368990381163073,6,1,1,mixture/1.0/6/5/26
1.0,6,26,0,1000,800,5,constant,asw-pam,,5,0,0,mixture/1.0/6/5/26
1.0,6,27,0,1000,800,5,constant,safeguard,0.08569714114251425,6,1,1,mixture/1.0/6/5/27
1.0,6,27,0,1000,800,5,constant,asw-pam,,6,1,1,mixture/1.0/6/5/27
1.0,6,28,0,1000,800,5,constant,safeguard,0.07691553809211768,5,0,0,mixture/1.0/6/5/28
1.0,6,28,0,1000,800,5,constant,asw-pam,,2,0,0,mixture/1.0/6/5/28
1.0,6,29,0,1000,800,5,constant,safeguard,0.0820487659870641,5,0,0,mixture/1.0/6/5/29
1.0,6,29,0,1000,800,5,constant,asw-pam,,2,0,0,mixture/1.0/6/5/29
1.0,7,0,0,1000,800,5,constant,safeguard,0.09338094023943007,5,0,0,mixture/1.0/7/5/0
1.0,7,0,0,1000,800,5,constant,asw-pam,,5,0,0,mixture/1.0/7/5/0
1.0,7,1,0,1000,800,5,constant,safeguard,0.08804544281222061,7,1,1,mixture/1.0/7/5/1
1.0,7,1,0,1000,800,5,constant,asw-pam,,5,0,0,mixture/1.0/7/5/1
1.0,7,2,0,1000,800,5,constant,safeguard,0.07899367063252603,7,1,1,mixture/1.0/7/5/2
1.0,7,2,0,1000,800,5,constant,asw-pam,,2,0,0,mixture/1.0/7/5/2
1.0,7,3,0,1000,800,5,constant,safeguard,0.08494704232638112,7,1,1,mixture/1.0/7/5/3
1.0,7,3,0,1000,800,5,constant,asw-pam,,3,0,0,mixture/1.0/7/5/3
1.0,7,4,0,1000,800,5,constant,safeguard,0.10091580649234295,7,1,1,mixture/1.0/7/5/4
1.0,7,4,0,1000,800,5,constant,asw-pam,,2,0,0,mixture/1.0/7/5/4
1.0,7,5,0,1000,800,5,constant,safeguard,0.07776888838089437,7,1,1,mixture/1.0/7/5/5
1.0,7,5,0,1000,800,5,constant,asw-pam,,2,0,0,mixture/1.0/7/5/5
1.0,7,6,0,1000,800,5,constant,safeguard,0.07894301742396222,7,1,1,mixture/1.0/7/5/6
1.0,7,6,0,1000,800,5,constant,asw-pam,,7,1,1,mixture/1.0/7/5/6
1.0,7,7,0,1000,800,5,constant,safeguard,0.0922605007573664,7,1,1,mixture/1.0/7/5/7
1.0,7,7,0,1000,800,5,constant,asw-pam,,7,1,1,mixture/1.0/7/5/7
1.0,7,8,0,1000,800,5,constant,safeguard,0.10119288512538804,6,0,0,mixture/1.0/7/5/8
1.0,7,8,0,1000,800,5,constant,asw-pam,,6,0,0,mixture/1.0/7/5/8
1.0,7,9,0,1000,800,5,constant,safeguard,0.08313843876330616,6,0,0,mixture/1.0/7/5/9
1.0,7,9,0,1000,800,5,constant,asw-pam,,6,0,0,mixture/1.0/7/5/9
1.0,7,10,0,1000,800,5,constant,safeguard,0.08357032966310464,7,1,1,mixture/1.0/7/5/10
1.0,7,10,0,1000,800,5,constant,asw-pam,,6,0,0,mixture/1.0/7/5/10
1.0,7,11,0,1000,800,5,constant,safeguard,0.07866384175718859,7,1,1,mixture/1.0/7/5/11
1.0,7,11,0,1000,800,5,constant,asw-pam,,7,1,1,mixture/1.0/7/5/11
1.0,7,12,0,1000,800,5,constant,safeguard,0.07748548251124211,7,1,1,mixture/1.0/7/5/12
1.0,7,12,0,1000,800,5,constant,asw-pam,,7,1,1,mixture/1.0/7/5/12
1.0,7,13,0,1000,800,5,constant,safeguard,0.08611620056644397,7,1,1,mixture/1.0/7/5/13
1.0,7,13,0,1000,800,5,constant,asw-pam,,2,0,0,mixture/1.0/7/5/13
1.0,7,14,0,1000,800,5,constant,safeguard,0.08890444308357154,5,0,0,mixture/1.0/7/5/14
1.0,7,14,0,1000,800,5,constant,asw-pam,,3,0,0,mixture/1.0/7/5/14
1.0,7,15,0,1000,800,5,constant,safeguard,0.09033271832508978,7,1,1,mixture/1.0/7/5/15
1.0,7,15,0,1000,800,5,constant,asw-pam,,2,0,0,mixture/1.0/7/5/15
1.0,7,16,0,1000,800,5,constant,safeguard,0.08736131867136628,6,0,0,mixture/1.0/7/5/16
1.0,7,16,0,1000,800,5,constant,asw-pam,,6,0,0,mixture/1.0/7/5/16
1.0,7,17,0,1000,800,5,constant,safeguard,0.0697423830966507,7,1,1,mixture/1.0/7/5/17
1.0,7,17,0,1000,800,5,constant,asw-pam,,5,0,0,mixture/1.0/7/5/17
1.0,7,18,0,1000,800,5,constant,safeguard,0.07499333303701063,7,1,1,mixture/1.0/7/5/18
1.0,7,18,0,1000,800,5,constant,asw-pam,,7,1,1,mixture/1.0/7/5/18
1.0,7,19,0,1000,800,5,constant,safeguard,0.1589804925677318,3,0,0,mixture/1.0/7/5/19
1.0,7,19,0,1000,800,5,constant,asw-pam,,2,0,0,mixture/1.0/7/5/19
1.0,7,20,0,1000,800,5,constant,safeguard,0.1003992031840891,7,1,1,mixture/1.0/7/5/20
1.0,7,20,0,1000,800,5,constant,asw-pam,,2,0,0,mixture/1.0/7/5/20
1.0,7,21,0,1000,800,5,constant,safeguard,0.08037412518964053,7,1,1,mixture/1.0/7/5/21
1.0,7,21,0,1000,800,5,constant,asw-pam,,4,0,0,mixture/1.0/7/5/21
1.0,7,22,0,1000,800,5,constant,safeguard,0.08674099376880581,7,1,1,mixture/1.0/7/5/22
1.0,7,22,0,1000,800,5,constant,asw-pam,,7,1,1,mixture/1.0/7/5/22
1.0,7,23,0,1000,800,5,constant,safeguard,0.08777243302996679,6,0,0,mixture/1.0/7/5/23
1.0,7,23,0,1000,800,5,constant,asw-pam,,7,1,1,mixture/1.0/7/5/23
1.0,7,24,0,1000,800,5,constant,safeguard,0.09143303560529972,7,1,1,mixture/1.0/7/5/24
1.0,7,24,0,1000,800,5,constant,asw-pam,,7,1,0,mixture/1.0/7/5/24
1.0,7,25,0,1000,800,5,constant,safeguard,0.07649836599562104,7,1,1,mixture/1.0/7/5/25
1.0,7,25,0,1000,800,5,constant,asw-pam,,6,0,0,mixture/1.0/7/5/25
1.0,7,26,0,1000,800,5,constant,safeguard,0.08224354077980825,6,0,0,mixture/1.0/7/5/26
1.0,7,26,0,1000,800,5,constant,asw-pam,,6,0,0,mixture/1.0/7/5/26
1.0,7,27,0,1000,800,5,constant,safeguard,0.09748846085563156,7,1,1,mixture/1.0/7/5/27
1.0,7,27,0,1000,800,5,constant,asw-pam,,7,1,1,mixture/1.0/7/5/27
1.0,7,28,0,1000,800,5,constant,safeguard,0.0782304288624318,7,1,1,mixture/1.0/7/5/28
1.0,7,28,0,1000,800,5,constant,asw-pam,,6,0,0,mixture/1.0/7/5/28
1.0,7,29,0,1000,800,5,constant,safeguard,0.11288932633336073,5,0,0,mixture/1.0/7/5/29
1.0,7,29,0,1000,800,5,constant,asw-pam,,3,0,0,mixture/1.0/7/5/29
1.0,8,0,0,1000,800,5,constant,safeguard,0.07699350621968067,8,1,1,mixture/1.0/8/5/0
1.0,8,0,0,1000,800,5,constant,asw-pam,,3,0,0,mixture/1.0/8/5/0
1.0,8,1,0,1000,800,5,constant,safeguard,0.08485281374238574,8,1,1,mixture/1.0/8/5/1
1.0,8,1,0,1000,800,5,constant,asw-pam,,5,0,0,mixture/1.0/8/5/1
1.0,8,2,0,1000,800,5,constant,safeguard,0.07048404074682442,8,1,1,mixture/1.0/8/5/2
1.0,8,2,0,1000,800,5,constant,asw-pam,,8,1,1,mixture/1.0/8/5/2
1.0,8,3,0,1000,800,5,constant,safeguard,0.09509994742374983,6,0,0,mixture/1.0/8/5/3
1.0,8,3,0,1000,800,5,constant,asw-pam,,8,1,1,mixture/1.0/8/5/3
1.0,8,4,0,1000,800,5,constant,safeguard,0.08226785520481256,8,1,1,mixture/1.0/8/5/4
1.0,8,4,0,1000,800,5,constant,asw-pam,,4,0,0,mixture/1.0/8/5/4
1.0,8,5,0,1000,800,5,constant,safeguard,0.08084553172563097,8,1,1,mixture/1.0/8/5/5
1.0,8,5,0,1000,800,5,constant,asw-pam,,8,1,1,mixture/1.0/8/5/5
1.0,8,6,0,1000,800,5,constant,safeguard,0.0697423830966508,8,1,1,mixture/1.0/8/5/6
1.0,8,6,0,1000,800,5,constant,asw-pam,,8,1,0,mixture/1.0/8/5/6
1.0,8,7,0,1000,800,5,constant,safeguard,0.0952470471983253,7,0,0,mixture/1.0/8/5/7
1.0,8,7,0,1000,800,5,constant,asw-pam,,2,0,0,mixture/1.0/8/5/7
1.0,8,8,0,1000,800,5,constant,safeguard,0.0773045923603508,8,1,1,mixture/1.0/8/5/8
1.0,8,8,0,1000,800,5,constant,asw-pam,,2,0,0,mixture/1.0/8/5/8
1.0,8,9,0,1000,800,5,constant,safeguard,0.0684105255059482,8,1,1,mixture/1.0/8/5/9
1.0,8,9,0,1000,800,5,constant,asw-pam,,8,1,1,mixture/1.0/8/5/9
1.0,8,10,0,1000,800,5,constant,safeguard,0.09469952481401361,6,0,0,mixture/1.0/8/5/10
1.0,8,10,0,1000,800,5,constant,asw-pam,,2,0,0,mixture/1.0/8/5/10
1.0,8,11,0,1000,800,5,constant,safeguard,0.07141428428542851,8,1,1,mixture/1.0/8/5/11
1.0,8,11,0,1000,800,5,constant,asw-pam,,2,0,0,mixture/1.0/8/5/11
1.0,8,12,0,1000,800,5,constant,safeguard,0.0813142054010244,8,1,1,mixture/1.0/8/5/12
1.0,8,12,0,1000,800,5,constant,asw-pam,,8,1,0,mixture/1.0/8/5/12
1.0,8,13,0,1000,800,5,constant,safeguard,0.08004998438475805,8,1,1,mixture/1.0/8/5/13
1.0,8,13,0,1000,800,5,constant,asw-pam,,7,0,0,mixture/1.0/8/5/13
1.0,8,14,0,1000,800,5,constant,safeguard,0.0668131723539602,8,1,1,mixture/1.0/8/5/14
1.0,8,14,0,1000,800,5,constant,asw-pam,,8,1,1,mixture/1.0/8/5/14
1.0,8,15,0,1000,800,5,constant,safeguard,0.08131420540102442,6,0,0,mixture/1.0/8/5/15
1.0,8,15,0,1000,800,5,constant,asw-pam,,6,0,0,mixture/1.0/8/5/15
1.0,8,16,0,1000,800,5,constant,safeguard,0.0952470471983253,8,1,1,mixture/1.0/8/5/16
1.0,8,16,0,1000,800,5,constant,asw-pam,,8,1,1,mixture/1.0/8/5/16
1.0,8,17,0,1000,800,5,constant,safeguard,0.07397296803562775,8,1,1,mixture/1.0/8/5/17
1.0,8,17,0,1000,800,5,constant,asw-pam,,8,1,1,mixture/1.0/8/5/17
1.0,8,18,0,1000,800,5,constant,safeguard,0.08988882021697683,8,1,1,mixture/1.0/8/5/18
1.0,8,18,0,1000,800,5,constant,asw-pam,,8,1,1,mixture/1.0/8/5/18
1.0,8,19,0,1000,800,5,constant,safeguard,0.07499333303701074,8,1,1,mixture/1.0/8/5/19
1.0,8,19,0,1000,800,5,constant,asw-pam,,2,0,0,mixture/1.0/8/5/19
1.0,8,20,0,1000,800,5,constant,safeguard,0.07914543574963756,8,1,1,mixture/1.0/8/5/20
1.0,8,20,0,1000,800,5,constant,asw-pam,,7,0,0,mixture/1.0/8/5/20
1.0,8,21,0,1000,800,5,constant,safeguard,0.08407139822793473,8,1,1,mixture/1.0/8/5/21
1.0,8,21,0,1000,800,5,constant,asw-pam,,5,0,0,mixture/1.0/8/5/21
1.0,8,22,0,1000,800,5,constant,safeguard,0.1059811303959342,6,0,0,mixture/1.0/8/5/22
1.0,8,22,0,1000,800,5,constant,asw-pam,,2,0,0,mixture/1.0/8/5/22
1.0,8,23,0,1000,800,5,constant,safeguard,0.0803741251896404,8,1,1,mixture/1.0/8/5/23
1.0,8,23,0,1000,800,5,constant,asw-pam,,8,1,0,mixture/1.0/8/5/23
1.0,8,24,0,1000,800,5,constant,safeguard,0.1046135746449762,6,0,0,mixture/1.0/8/5/24
1.0,8,24,0,1000,800,5,constant,asw-pam,,3,0,0,mixture/1.0/8/5/24
1.0,8,25,0,1000,800,5,constant,safeguard,0.09138927727036696,8,1,1,mixture/1.0/8/5/25
1.0,8,25,0,1000,800,5,constant,asw-pam,,2,0,0,mixture/1.0/8/5/25
1.0,8,26,0,1000,800,5,constant,safeguard,0.07028513356322225,8,1,1,mixture/1.0/8/5/26
1.0,8,26,0,1000,800,5,constant,asw-pam,,8,1,1,mixture/1.0/8/5/26
1.0,8,27,0,1000,800,5,constant,safeguard,0.07914543574963753,8,1,1,mixture/1.0/8/5/27
1.0,8,27,0,1000,800,5,constant,asw-pam,,6,0,0,mixture/1.0/8/5/27
1.0,8,28,0,1000,800,5,constant,safeguard,0.08497058314499191,7,0,0,mixture/1.0/8/5/28
1.0,8,28,0,1000,800,5,constant,asw-pam,,7,0,0,mixture/1.0/8/5/28
1.0,8,29,0,1000,800,5,constant,safeguard,0.09019977827023748,7,0,0,mixture/1.0/8/5/29
1.0,8,29,0,1000,800,5,constant,asw-pam,,8,1,1,mixture/1.0/8/5/29
1.0,9,0,0,1000,800,5,constant,safeguard,0.07241546796092663,9,1,1,mixture/1.0/9/5/0
1.0,9,0,0,1000,800,5,constant,asw-pam,,7,0,0,mixture/1.0/9/5/0
1.0,9,1,0,1000,800,5,constant,safeguard,0.07846018098373217,9,1,1,mixture/1.0/9/5/1
1.0,9,1,0,1000,800,5,constant,asw-pam,,9,1,1,mixture/1.0/9/5/1
1.0,9,2,0,1000,800,5,constant,safeguard,0.07636753236814718,9,1,1,mixture/1.0/9/5/2
1.0,9,2,0,1000,800,5,constant,asw-pam,,9,1,1,mixture/1.0/9/5/2
1.0,9,3,0,1000,800,5,constant,safeguard,0.17098981035162525,2,0,0,mixture/1.0/9/5/3
1.0,9,3,0,1000,800,5,constant,asw-pam,,2,0,0,mixture/1.0/9/5/3
1.0,9,4,0,1000,800,5,constant,safeguard,0.07989993742175265,7,0,0,mixture/1.0/9/5/4
1.0,9,4,0,1000,800,5,constant,asw-pam,,2,0,0,mixture/1.0/9/5/4
1.0,9,5,0,1000,800,5,constant,safeguard,0.07445804187594515,9,1,1,mixture/1.0/9/5/5
1.0,9,5,0,1000,800,5,constant,asw-pam,,9,1,1,mixture/1.0/9/5/5
1.0,9,6,0,1000,800,5,constant,safeguard,0.08858893836140044,8,0,0,mixture/1.0/9/5/6
1.0,9,6,0,1000,800,5,constant,asw-pam,,8,0,0,mixture/1.0/9/5/6
1.0,9,7,0,1000,800,5,constant,safeguard,0.08736131867136625,9,1,1,mixture/1.0/9/5/7
1.0,9,7,0,1000,800,5,constant,asw-pam,,2,0,0,mixture/1.0/9/5/7
1.0,9,8,0,1000,800,5,constant,safeguard,0.08049844718999248,9,1,1,mixture/1.0/9/5/8
1.0,9,8,0,1000,800,5,constant,asw-pam,,2,0,0,mixture/1.0/9/5/8
1.0,9,9,0,1000,800,5,constant,safeguard,0.0809444253793923,9,1,1,mixture/1.0/9/5/9
1.0,9,9,0,1000,800,5,constant,asw-pam,,9,1,1,mixture/1.0/9/5/9
1.0,9,10,0,1000,800,5,constant,safeguard,0.08246211251235326,9,1,1,mixture/1.0/9/5/10
1.0,9,10,0,1000,800,5,constant,asw-pam,,5,0,0,mixture/1.0/9/5/10
1.0,9,11,0,1000,800,5,constant,safeguard,0.06919537556802481,9,1,1,mixture/1.0/9/5/11
1.0,9,11,0,1000,800,5,constant,asw-pam,,9,1,0,mixture/1.0/9/5/11
1.0,9,12,0,1000,800,5,constant,safeguard,0.10146920715172662,6,0,0,mixture/1.0/9/5/12
1.0,9,12,0,1000,800,5,constant,asw-pam,,2,0,0,mixture/1.0/9/5/12
1.0,9,13,0,1000,800,5,constant,safeguard,0.07868926229162405,9,1,1,mixture/1.0/9/5/13
1.0,9,13,0,1000,800,5,constant,asw-pam,,9,1,1,mixture/1.0/9/5/13
1.0,9,14,0,1000,800,5,constant,safeguard,0.09256349172324911,8,0,0,mixture/1.0/9/5/14
1.0,9,14,0,1000,800,5,constant,asw-pam,,9,1,0,mixture/1.0/9/5/14
1.0,9,15,0,1000,800,5,constant,safeguard,0.0809938269252664,8,0,0,mixture/1.0/9/5/15
1.0,9,15,0,1000,800,5,constant,asw-pam,,4,0,0,mixture/1.0/9/5/15
1.0,9,16,0,1000,800,5,constant,safeguard,0.0876127844552381,6,0,0,mixture/1.0/9/5/16
1.0,9,16,0,1000,800,5,constant,asw-pam,,3,0,0,mixture/1.0/9/5/16
1.0,9,17,0,1000,800,5,constant,safeguard,0.07397296803562772,9,1,1,mixture/1.0/9/5/17
1.0,9,17,0,1000,800,5,constant,asw-pam,,8,0,0,mixture/1.0/9/5/17
1.0,9,18,0,1000,800,5,constant,safeguard,0.07200000000000004,9,1,1,mixture/1.0/9/5/18
1.0,9,18,0,1000,800,5,constant,asw-pam,,2,0,0,mixture/1.0/9/5/18
1.0,9,19,0,1000,800,5,constant,safeguard,0.07149825172687795,9,1,1,mixture/1.0/9/5/19
1.0,9,19,0,1000,800,5,constant,asw-pam,,8,0,0,mixture/1.0/9/5/19
1.0,9,20,0,1000,800,5,constant,safeguard,0.0678822509939086,9,1,1,mixture/1.0/9/5/20
1.0,9,20,0,1000,800,5,constant,asw-pam,,6,0,0,mixture/1.0/9/5/20
1.0,9,21,0,1000,800,5,constant,safeguard,0.07397296803562775,9,1,1,mixture/1.0/9/5/21
1.0,9,21,0,1000,800,5,constant,asw-pam,,2,0,0,mixture/1.0/9/5/21
1.0,9,22,0,1000,800,5,constant,safeguard,0.09939818911831332,8,0,0,mixture/1.0/9/5/22
1.0,9,22,0,1000,800,5,constant,asw-pam,,3,0,0,mixture/1.0/9/5/22
1.0,9,23,0,1000,800,5,constant,safeguard,0.08485281374238575,9,1,1,mixture/1.0/9/5/23
1.0,9,23,0,1000,800,5,constant,asw-pam,,9,1,1,mixture/1.0/9/5/23
1.0,9,24,0,1000,800,5,constant,safeguard,0.0813142054010245,9,1,1,mixture/1.0/9/5/24
1.0,9,24,0,1000,800,5,constant,asw-pam,,8,0,0,mixture/1.0/9/5/24
1.0,9,25,0,1000,800,5,constant,safeguard,0.07048404074682442,9,1,1,mixture/1.0/9/5/25
1.0,9,25,0,1000,800,5,constant,asw-pam,,6,0,0,mixture/1.0/9/5/25
1.0,9,26,0,1000,800,5,constant,safeguard,0.07868926229162403,9,1,1,mixture/1.0/9/5/26
1.0,9,26,0,1000,800,5,constant,asw-pam,,3,0,0,mixture/1.0/9/5/26
1.0,9,27,0,1000,800,5,constant,safeguard,0.07099295739719542,9,1,1,mixture/1.0/9/5/27
1.0,9,27,0,1000,800,5,constant,asw-pam,,9,1,0,mixture/1.0/9/5/27
1.0,9,28,0,1000,800,5,constant,safeguard,0.08178019320104339,9,1,1,mixture/1.0/9/5/28
1.0,9,28,0,1000,800,5,constant,asw-pam,,3,0,0,mixture/1.0/9/5/28
1.0,9,29,0,1000,800,5,constant,safeguard,0.10158740079360226,8,0,0,mixture/1.0/9/5/29
1.0,9,29,0,1000,800,5,constant,asw-pam,,4,0,0,mixture/1.0/9/5/29
1.0,10,0,0,1000,800,5,constant,safeguard,0.07641989269817123,10,1,1,mixture/1.0/10/5/0
1.0,10,0,0,1000,800,5,constant,asw-pam,,2,0,0,mixture/1.0/10/5/0
1.0,10,1,0,1000,800,5,constant,safeguard,0.06627216610312363,9,0,0,mixture/1.0/10/5/1
1.0,10,1,0,1000,800,5,constant,asw-pam,,7,0,0,mixture/1.0/10/5/1
1.0,10,2,0,1000,800,5,constant,safeguard,0.08818163074019433,8,0,0,mixture/1.0/10/5/2
1.0,10,2,0,1000,800,5,constant,asw-pam,,10,1,1,mixture/1.0/10/5/2
1.0,10,3,0,1000,800,5,constant,safeguard,0.1624117262202728,2,0,0,mixture/1.0/10/5/3
1.0,10,3,0,1000,800,5,constant,asw-pam,,2,0,0,mixture/1.0/10/5/3
1.0,10,4,0,1000,800,5,constant,safeguard,0.07397296803562765,10,1,1,mixture/1.0/10/5/4
1.0,10,4,0,1000,800,5,constant,asw-pam,,10,1,1,mixture/1.0/10/5/4
1.0,10,5,0,1000,800,5,constant,safeguard,0.08313843876330616,10,1,1,mixture/1.0/10/5/5
1.0,10,5,0,1000,800,5,constant,asw-pam,,3,0,0,mixture/1.0/10/5/5
1.0,10,6,0,1000,800,5,constant,safeguard,0.07549834435270754,10,1,1,mixture/1.0/10/5/6
1.0,10,6,0,1000,800,5,constant,asw-pam,,9,0,0,mixture/1.0/10/5/6
1.0,10,7,0,1000,800,5,constant,safeguard,0.07868926229162405,8,0,0,mixture/1.0/10/5/7
1.0,10,7,0,1000,800,5,constant,asw-pam,,4,0,0,mixture/1.0/10/5/7
1.0,10,8,0,1000,800,5,constant,safeguard,0.06945502141674127,10,1,1,mixture/1.0/10/5/8
1.0,10,8,0,1000,800,5,constant,asw-pam,,3,0,0,mixture/1.0/10/5/8
1.0,10,9,0,1000,800,5,constant,safeguard,0.10287856919689353,7,0,0,mixture/1.0/10/5/9
1.0,10,9,0,1000,800,5,constant,asw-pam,,2,0,0,mixture/1.0/10/5/9
1.0,10,10,0,1000,800,5,constant,safeguard,0.10203920815059282,7,0,0,mixture/1.0/10/5/10
1.0,10,10,0,1000,800,5,constant,asw-pam,,10,1,1,mixture/1.0/10/5/10
1.0,10,11,0,1000,800,5,constant,safeguard,0.09822423326246944,6,0,0,mixture/1.0/10/5/11
1.0,10,11,0,1000,800,5,constant,asw-pam,,3,0,0,mixture/1.0/10/5/11
1.0,10,12,0,1000,800,5,constant,safeguard,0.07445804187594518,10,1,1,mixture/1.0/10/5/12
1.0,10,12,0,1000,800,5,constant,asw-pam,,10,1,0,mixture/1.0/10/5/12
1.0,10,13,0,1000,800,5,constant,safeguard,0.0684105255059482,10,1,1,mixture/1.0/10/5/13
1.0,10,13,0,1000,800,5,constant,asw-pam,,10,1,1,mixture/1.0/10/5/13
1.0,10,14,0,1000,800,5,constant,safeguard,0.10091580649234279,8,0,0,mixture/1.0/10/5/14
1.0,10,14,0,1000,800,5,constant,asw-pam,,8,0,0,mixture/1.0/10/5/14
1.0,10,15,0,1000,800,5,constant,safeguard,0.13778243719719874,5,0,0,mixture/1.0/10/5/15
1.0,10,15,0,1000,800,5,constant,asw-pam,,2,0,0,mixture/1.0/10/5/15
1.0,10,16,0,1000,800,5,constant,safeguard,0.08131420540102442,10,1,1,mixture/1.0/10/5/16
1.0,10,16,0,1000,800,5,constant,asw-pam,,5,0,0,mixture/1.0/10/5/16
1.0,10,17,0,1000,800,5,constant,safeguard,0.08586035173466275,9,0,0,mixture/1.0/10/5/17
1.0,10,17,0,1000,800,5,constant,asw-pam,,4,0,0,mixture/1.0/10/5/17
1.0,10,18,0,1000,800,5,constant,safeguard,0.07188880302244575,10,1,1,mixture/1.0/10/5/18
1.0,10,18,0,1000,800,5,constant,asw-pam,,10,1,1,mixture/1.0/10/5/18
1.0,10,19,0,1000,800,5,constant,safeguard,0.07748548251124208,10,1,1,mixture/1.0/10/5/19
1.0,10,19,0,1000,800,5,constant,asw-pam,,10,1,1,mixture/1.0/10/5/19
1.0,10,20,0,1000,800,5,constant,safeguard,0.09143303560529958,6,0,0,mixture/1.0/10/5/20
1.0,10,20,0,1000,800,5,constant,asw-pam,,2,0,0,mixture/1.0/10/5/20
1.0,10,21,0,1000,800,5,constant,safeguard,0.09637427042525411,5,0,0,mixture/1.0/10/5/21
1.0,10,21,0,1000,800,5,constant,asw-pam,,6,0,0,mixture/1.0/10/5/21
1.0,10,22,0,1000,800,5,constant,safeguard,0.07589466384404114,10,1,1,mixture/1.0/10/5/22
1.0,10,22,0,1000,800,5,constant,asw-pam,,10,1,1,mixture/1.0/10/5/22
1.0,10,23,0,1000,800,5,constant,safeguard,0.06893475175845637,10,1,1,mixture/1.0/10/5/23
1.0,10,23,0,1000,800,5,constant,asw-pam,,8,0,0,mixture/1.0/10/5/23
1.0,10,24,0,1000,800,5,constant,safeguard,0.08138795979750324,10,1,1,mixture/1.0/10/5/24
1.0,10,24,0,1000,800,5,constant,asw-pam,,2,0,0,mixture/1.0/10/5/24
1.0,10,25,0,1000,800,5,constant,safeguard,0.0759999999999999,10,1,0,mixture/1.0/10/5/25
1.0,10,25,0,1000,800,5,constant,asw-pam,,10,1,1,mixture/1.0/10/5/25
1.0,10,26,0,1000,800,5,constant,safeguard,0.07914543574963756,10,1,1,mixture/1.0/10/5/26
1.0,10,26,0,1000,800,5,constant,asw-pam,,9,0,0,mixture/1.0/10/5/26
1.0,10,27,0,1000,800,5,constant,safeguard,0.08357032966310474,8,0,0,mixture/1.0/10/5/27
1.0,10,27,0,1000,800,5,constant,asw-pam,,8,0,0,mixture/1.0/10/5/27
1.0,10,28,0,1000,800,5,constant,safeguard,0.11726892171415243,6,0,0,mixture/1.0/10/5/28
1.0,10,28,0,1000,800,5,constant,asw-pam,,2,0,0,mixture/1.0/10/5/28
1.0,10,29,0,1000,800,5,constant,safeguard,0.07599999999999993,10,1,1,mixture/1.0/10/5/29
1.0,10,29,0,1000,800,5,constant,asw-pam,,10,1,1,mixture/1.0/10/5/29
5.0,2,0,0,1000,800,5,constant,safeguard,0.03954743986657036,6,0,0,mixture/5.0/2/5/0
5.0,2,0,0,1000,800,5,constant,asw-pam,,2,1,0,mixture/5.0/2/5/0
5.0,2,1,0,1000,800,5,constant,safeguard,0.050159744815937816,2,1,1,mixture/5.0/2/5/1
5.0,2,1,0,1000,800,5,constant,asw-pam,,2,1,1,mixture/5.0/2/5/1
5.0,2,2,0,1000,800,5,constant,safeguard,0.05299056519796701,2,1,1,mixture/5.0/2/5/2
5.0,2,2,0,1000,800,5,constant,asw-pam,,2,1,1,mixture/5.0/2/5/2
5.0,2,3,0,1000,800,5,constant,safeguard,0.04039801975344828,2,1,1,mixture/5.0/2/5/3
5.0,2,3,0,1000,800,5,constant,asw-pam,,2,1,0,mixture/5.0/2/5/3
5.0,2,4,0,1000,800,5,constant,safeguard,0.043634848458542826,2,1,1,mixture/5.0/2/5/4
5.0,2,4,0,1000,800,5,constant,asw-pam,,2,1,0,mixture/5.0/2/5/4
5.0,2,5,0,1000,800,5,constant,safeguard,0.040000000000000036,2,1,1,mixture/5.0/2/5/5
5.0,2,5,0,1000,800,5,constant,asw-pam,,2,1,0,mixture/5.0/2/5/5
5.0,2,6,0,1000,800,5,constant,safeguard,0.0395474398665703,2,1,1,mixture/5.0/2/5/6
5.0,2,6,0,1000,800,5,constant,asw-pam,,2,1,0,mixture/5.0/2/5/6
5.0,2,7,0,1000,800,5,constant,safeguard,0.050833060108555345,2,1,1,mixture/5.0/2/5/7
5.0,2,7,0,1000,800,5,constant,asw-pam,,2,1,1,mixture/5.0/2/5/7
5.0,2,8,0,1000,800,5,constant,safeguard,0.04363484845854285,2,1,1,mixture/5.0/2/5/8
5.0,2,8,0,1000,800,5,constant,asw-pam,,2,1,1,mixture/5.0/2/5/8
5.0,2,9,0,1000,800,5,constant,safeguard,0.038884444190447134,9,0,0,mixture/5.0/2/5/9
5.0,2,9,0,1000,800,5,constant,asw-pam,,2,1,0,mixture/5.0/2/5/9
5.0,2,10,0,1000,800,5,constant,safeguard,0.03919183588453088,2,1,1,mixture/5.0/2/5/10
5.0,2,10,0,1000,800,5,constant,asw-pam,,2,1,0,mixture/5.0/2/5/10
5.0,2,11,0,1000,800,5,constant,safeguard,0.04664761515876241,2,1,1,mixture/5.0/2/5/11
5.0,2,11,0,1000,800,5,constant,asw-pam,,2,1,1,mixture/5.0/2/5/11
5.0,2,12,0,1000,800,5,constant,safeguard,0.04489988864128729,3,0,0,mixture/5.0/2/5/12
5.0,2,12,0,1000,800,5,constant,asw-pam,,2,1,0,mixture/5.0/2/5/12
5.0,2,13,0,1000,800,5,constant,safeguard,0.0420475920832572,2,1,1,mixture/5.0/2/5/13
5.0,2,13,0,1000,800,5,constant,asw-pam,,2,1,0,mixture/5.0/2/5/13
5.0,2,14,0,1000,800,5,constant,safeguard,0.0512249938994628,2,1,1,mixture/5.0/2/5/14
5.0,2,14,0,1000,800,5,constant,asw-pam,,2,1,1,mixture/5.0/2/5/14
5.0,2,15,0,1000,800,5,constant,safeguard,0.040398019753448346,2,1,1,mixture/5.0/2/5/15
5.0,2,15,0,1000,800,5,constant,asw-pam,,2,1,0,mixture/5.0/2/5/15
5.0,2,16,0,1000,800,5,constant,safeguard,0.04799999999999993,2,1,1,mixture/5.0/2/5/16
5.0,2,16,0,1000,800,5,constant,asw-pam,,2,1,1,mixture/5.0/2/5/16
5.0,2,17,0,1000,800,5,constant,safeguard,0.040398019753448235,2,1,1,mixture/5.0/2/5/17
5.0,2,17,0,1000,800,5,constant,asw-pam,,2,1,0,mixture/5.0/2/5/17
5.0,2,18,0,1000,800,5,constant,safeguard,0.04039801975344828,2,1,1,mixture/5.0/2/5/18
5.0,2,18,0,1000,800,5,constant,asw-pam,,2,1,0,mixture/5.0/2/5/18
5.0,2,19,0,1000,800,5,constant,safeguard,0.0377888872553824,23,0,0,mixture/5.0/2/5/19
5.0,2,19,0,1000,800,5,constant,asw-pam,,2,1,0,mixture/5.0/2/5/19
5.0,2,20,0,1000,800,5,constant,safeguard,0.04284857057125707,2,1,1,mixture/5.0/2/5/20
5.0,2,20,0,1000,800,5,constant,asw-pam,,2,1,0,mixture/5.0/2/5/20
5.0,2,21,0,1000,800,5,constant,safeguard,0.03778888725538234,12,0,0,mixture/5.0/2/5/21
5.0,2,21,0,1000,800,5,constant,asw-pam,,2,1,0,mixture/5.0/2/5/21
5.0,2,22,0,1000,800,5,constant,safeguard,0.05407402333838302,2,1,1,mixture/5.0/2/5/22
5.0,2,22,0,1000,800,5,constant,asw-pam,,2,1,0,mixture/5.0/2/5/22
5.0,2,23,0,1000,800,5,constant,safeguard,0.03752332607858747,10,0,0,mixture/5.0/2/5/23
5.0,2,23,0,1000,800,5,constant,asw-pam,,2,1,0,mixture/5.0/2/5/23
5.0,2,24,0,1000,800,5,constant,safeguard,0.050833060108555345,2,1,1,mixture/5.0/2/5/24
5.0,2,24,0,1000,800,5,constant,asw-pam,,2,1,1,mixture/5.0/2/5/24
5.0,2,25,0,1000,800,5,constant,safeguard,0.0420475920832572,2,1,1,mixture/5.0/2/5/25
5.0,2,25,0,1000,800,5,constant,asw-pam,,2,1,1,mixture/5.0/2/5/25
5.0,2,26,0,1000,800,5,constant,safeguard,0.04326661530556784,2,1,1,mixture/5.0/2/5/26
5.0,2,26,0,1000,800,5,constant,asw-pam,,2,1,0,mixture/5.0/2/5/26
5.0,2,27,0,1000,800,5,constant,safeguard,0.04454211490264021,2,1,1,mixture/5.0/2/5/27
5.0,2,27,0,1000,800,5,constant,asw-pam,,2,1,1,mixture/5.0/2/5/27
5.0,2,28,0,1000,800,5,constant,safeguard,0.0466476151587624,2,1,1,mixture/5.0/2/5/28
5.0,2,28,0,1000,800,5,constant,asw-pam,,2,1,1,mixture/5.0/2/5/28
5.0,2,29,0,1000,800,5,constant,safeguard,0.05230678732248809,2,1,1,mixture/5.0/2/5/29
5.0,2,29,0,1000,800,5,constant,asw-pam,,2,1,1,mixture/5.0/2/5/29
5.0,3,0,0,1000,800,5,constant,safeguard,0.056533176100410296,2,0,0,mixture/5.0/3/5/0
5.0,3,0,0,1000,800,5,constant,asw-pam,,2,0,0,mixture/5.0/3/5/0
5.0,3,1,0,1000,800,5,constant,safeguard,0.04204759208325724,3,1,1,mixture/5.0/3/5/1
5.0,3,1,0,1000,800,5,constant,asw-pam,,3,1,0,mixture/5.0/3/5/1
5.0,3,2,0,1000,800,5,constant,safeguard,0.04284857057125709,4,0,0,mixture/5.0/3/5/2
5.0,3,2,0,1000,800,5,constant,asw-pam,,3,1,0,mixture/5.0/3/5/2
5.0,3,3,0,1000,800,5,constant,safeguard,0.050833060108555345,3,1,1,mixture/5.0/3/5/3
5.0,3,3,0,1000,800,5,constant,asw-pam,,2,0,0,mixture/5.0/3/5/3
5.0,3,4,0,1000,800,5,constant,safeguard,0.042848570571257134,3,1,1,mixture/5.0/3/5/4
5.0,3,4,0,1000,800,5,constant,asw-pam,,2,0,0,mixture/5.0/3/5/4
5.0,3,5,0,1000,800,5,constant,safeguard,0.04363484845854285,4,0,0,mixture/5.0/3/5/5
5.0,3,5,0,1000,800,5,constant,asw-pam,,3,1,0,mixture/5.0/3/5/5
5.0,3,6,0,1000,800,5,constant,safeguard,0.03954743986657036,6,0,0,mixture/5.0/3/5/6
5.0,3,6,0,1000,800,5,constant,asw-pam,,3,1,0,mixture/5.0/3/5/6
5.0,3,7,0,1000,800,5,constant,safeguard,0.04284857057125709,3,1,0,mixture/5.0/3/5/7
5.0,3,7,0,1000,800,5,constant,asw-pam,,2,0,0,mixture/5.0/3/5/7
5.0,3,8,0,1000,800,5,constant,safeguard,0.04947726750741193,3,1,1,mixture/5.0/3/5/8
5.0,3,8,0,1000,800,5,constant,asw-pam,,2,0,0,mixture/5.0/3/5/8
5.0,3,9,0,1000,800,5,constant,safeguard,0.04204759208325727,3,1,1,mixture/5.0/3/5/9
5.0,3,9,0,1000,800,5,constant,asw-pam,,3,1,0,mixture/5.0/3/5/9
5.0,3,10,0,1000,800,5,constant,safeguard,0.04737087712930805,3,1,1,mixture/5.0/3/5/10
5.0,3,10,0,1000,800,5,constant,asw-pam,,2,0,0,mixture/5.0/3/5/10
5.0,3,11,0,1000,800,5,constant,safeguard,0.041231056256176596,2,0,0,mixture/5.0/3/5/11
5.0,3,11,0,1000,800,5,constant,asw-pam,,2,0,0,mixture/5.0/3/5/11
5.0,3,12,0,1000,800,5,constant,safeguard,0.04363484845854285,3,1,1,mixture/5.0/3/5/12
5.0,3,12,0,1000,800,5,constant,asw-pam,,3,1,0,mixture/5.0/3/5/12
5.0,3,13,0,1000,800,5,constant,safeguard,0.03954743986657036,10,0,0,mixture/5.0/3/5/13
5.0,3,13,0,1000,800,5,constant,asw-pam,,2,0,0,mixture/5.0/3/5/13
5.0,3,14,0,1000,800,5,constant,safeguard,0.040398019753448346,5,0,0,mixture/5.0/3/5/14
5.0,3,14,0,1000,800,5,constant,asw-pam,,3,1,0,mixture/5.0/3/5/14
5.0,3,15,0,1000,800,5,constant,safeguard,0.037788887255382354,26,0,0,mixture/5.0/3/5/15
5.0,3,15,0,1000,800,5,constant,asw-pam,,3,1,0,mixture/5.0/3/5/15
5.0,3,16,0,1000,800,5,constant,safeguard,0.03919183588453088,2,0,0,mixture/5.0/3/5/16
5.0,3,16,0,1000,800,5,constant,asw-pam,,3,1,0,mixture/5.0/3/5/16
5.0,3,17,0,1000,800,5,constant,safeguard,0.041231056256176575,3,1,1,mixture/5.0/3/5/17
5.0,3,17,0,1000,800,5,constant,asw-pam,,3,1,0,mixture/5.0/3/5/17
5.0,3,18,0,1000,800,5,constant,safeguard,0.044407206622349,3,1,1,mixture/5.0/3/5/18
5.0,3,18,0,1000,800,5,constant,asw-pam,,3,1,0,mixture/5.0/3/5/18
5.0,3,19,0,1000,800,5,constant,safeguard,0.045912961132995984,2,0,0,mixture/5.0/3/5/19
5.0,3,19,0,1000,800,5,constant,asw-pam,,2,0,0,mixture/5.0/3/5/19
5.0,3,20,0,1000,800,5,constant,safeguard,0.03954743986657036,7,0,0,mixture/5.0/3/5/20
5.0,3,20,0,1000,800,5,constant,asw-pam,,2,0,0,mixture/5.0/3/5/20
5.0,3,21,0,1000,800,5,constant,safeguard,0.04591296113299595,5,0,0,mixture/5.0/3/5/21
5.0,3,21,0,1000,800,5,constant,asw-pam,,2,0,0,mixture/5.0/3/5/21
5.0,3,22,0,1000,800,5,constant,safeguard,0.04039801975344828,4,0,0,mixture/5.0/3/5/22
5.0,3,22,0,1000,800,5,constant,asw-pam,,3,1,0,mixture/5.0/3/5/22
5.0,3,23,0,1000,800,5,constant,safeguard,0.03687817782917152,10,0,0,mixture/5.0/3/5/23
5.0,3,23,0,1000,800,5,constant,asw-pam,,3,1,0,mixture/5.0/3/5/23
5.0,3,24,0,1000,800,5,constant,safeguard,0.04737087712930805,3,1,1,mixture/5.0/3/5/24
5.0,3,24,0,1000,800,5,constant,asw-pam,,3,1,1,mixture/5.0/3/5/24
5.0,3,25,0,1000,800,5,constant,safeguard,0.05299056519796709,3,1,1,mixture/5.0/3/5/25
5.0,3,25,0,1000,800,5,constant,asw-pam,,3,1,1,mixture/5.0/3/5/25
5.0,3,26,0,1000,800,5,constant,safeguard,0.04440720662234908,3,1,1,mixture/5.0/3/5/26
5.0,3,26,0,1000,800,5,constant,asw-pam,,2,0,0,mixture/5.0/3/5/26
5.0,3,27,0,1000,800,5,constant,safeguard,0.04737087712930805,3,1,1,mixture/5.0/3/5/27
5.0,3,27,0,1000,800,5,constant,asw-pam,,2,0,0,mixture/5.0/3/5/27
5.0,3,28,0,1000,800,5,constant,safeguard,0.04799999999999993,3,1,1,mixture/5.0/3/5/28
5.0,3,28,0,1000,800,5,constant,asw-pam,,3,1,0,mixture/5.0/3/5/28
5.0,3,29,0,1000,800,5,constant,safeguard,0.040398019753448235,3,1,0,mixture/5.0/3/5/29
5.0,3,29,0,1000,800,5,constant,asw-pam,,2,0,0,mixture/5.0/3/5/29
5.0,4,0,0,1000,800,5,constant,safeguard,0.047244047244070865,4,1,1,mixture/5.0/4/5/0
5.0,4,0,0,1000,800,5,constant,asw-pam,,4,1,0,mixture/5.0/4/5/0
5.0,4,1,0,1000,800,5,constant,safeguard,0.0440908153700972,3,0,0,mixture/5.0/4/5/1
5.0,4,1,0,1000,800,5,constant,asw-pam,,3,0,0,mixture/5.0/4/5/1
5.0,4,2,0,1000,800,5,constant,safeguard,0.03979949748426477,44,0,0,mixture/5.0/4/5/2
5.0,4,2,0,1000,800,5,constant,asw-pam,,4,1,0,mixture/5.0/4/5/2
5.0,4,3,0,1000,800,5,constant,safeguard,0.05230678732248801,3,0,0,mixture/5.0/4/5/3
5.0,4,3,0,1000,800,5,constant,asw-pam,,2,0,0,mixture/5.0/4/5/3
5.0,4,4,0,1000,800,5,constant,safeguard,0.040398019753448304,2,0,0,mixture/5.0/4/5/4
5.0,4,4,0,1000,800,5,constant,asw-pam,,2,0,0,mixture/5.0/4/5/4
5.0,4,5,0,1000,800,5,constant,safeguard,0.04440720662234903,3,0,0,mixture/5.0/4/5/5
5.0,4,5,0,1000,800,5,constant,asw-pam,,2,0,0,mixture/5.0/4/5/5
5.0,4,6,0,1000,800,5,constant,safeguard,0.04363484845854285,4,1,1,mixture/5.0/4/5/6
5.0,4,6,0,1000,800,5,constant,asw-pam,,2,0,0,mixture/5.0/4/5/6
5.0,4,7,0,1000,800,5,constant,safeguard,0.05230678732248809,3,0,0,mixture/5.0/4/5/7
5.0,4,7,0,1000,800,5,constant,asw-pam,,3,0,0,mixture/5.0/4/5/7
5.0,4,8,0,1000,800,5,constant,safeguard,0.040398019753448346,5,0,0,mixture/5.0/4/5/8
5.0,4,8,0,1000,800,5,constant,asw-pam,,2,0,0,mixture/5.0/4/5/8
5.0,4,9,0,1000,800,5,constant,safeguard,0.045166359162544856,3,0,0,mixture/5.0/4/5/9
5.0,4,9,0,1000,800,5,constant,asw-pam,,2,0,0,mixture/5.0/4/5/9
5.0,4,10,0,1000,800,5,constant,safeguard,0.046475800154488926,4,1,1,mixture/5.0/4/5/10
5.0,4,10,0,1000,800,5,constant,asw-pam,,4,1,0,mixture/5.0/4/5/10
5.0,4,11,0,1000,800,5,constant,safeguard,0.04947726750741193,3,0,0,mixture/5.0/4/5/11
5.0,4,11,0,1000,800,5,constant,asw-pam,,2,0,0,mixture/5.0/4/5/11
5.0,4,12,0,1000,800,5,constant,safeguard,0.041231056256176526,5,0,0,mixture/5.0/4/5/12
5.0,4,12,0,1000,800,5,constant,asw-pam,,2,0,0,mixture/5.0/4/5/12
5.0,4,13,0,1000,800,5,constant,safeguard,0.04180908992073367,19,0,0,mixture/5.0/4/5/13
5.0,4,13,0,1000,800,5,constant,asw-pam,,3,0,0,mixture/5.0/4/5/13
5.0,4,14,0,1000,800,5,constant,safeguard,0.041231056256176644,4,1,0,mixture/5.0/4/5/14
5.0,4,14,0,1000,800,5,constant,asw-pam,,2,0,0,mixture/5.0/4/5/14
5.0,4,15,0,1000,800,5,constant,safeguard,0.043634848458542826,3,0,0,mixture/5.0/4/5/15
5.0,4,15,0,1000,800,5,constant,asw-pam,,2,0,0,mixture/5.0/4/5/15
5.0,4,16,0,1000,800,5,constant,safeguard,0.045912961132995984,4,1,1,mixture/5.0/4/5/16
5.0,4,16,0,1000,800,5,constant,asw-pam,,2,0,0,mixture/5.0/4/5/16
5.0,4,17,0,1000,800,5,constant,safeguard,0.04284857057125709,4,1,1,mixture/5.0/4/5/17
5.0,4,17,0,1000,800,5,constant,asw-pam,,2,0,0,mixture/5.0/4/5/17
5.0,4,18,0,1000,800,5,constant,safeguard,0.03954743986657041,6,0,0,mixture/5.0/4/5/18
5.0,4,18,0,1000,800,5,constant,asw-pam,,3,0,0,mixture/5.0/4/5/18
5.0,4,19,0,1000,800,5,constant,safeguard,0.042848570571257134,4,1,0,mixture/5.0/4/5/19
5.0,4,19,0,1000,800,5,constant,asw-pam,,2,0,0,mixture/5.0/4/5/19
5.0,4,20,0,1000,800,5,constant,safeguard,0.0420475920832572,3,0,0,mixture/5.0/4/5/20
5.0,4,20,0,1000,800,5,constant,asw-pam,,3,0,0,mixture/5.0/4/5/20
5.0,4,21,0,1000,800,5,constant,safeguard,0.04569463863518342,4,1,1,mixture/5.0/4/5/21
5.0,4,21,0,1000,800,5,constant,asw-pam,,2,0,0,mixture/5.0/4/5/21
5.0,4,22,0,1000,800,5,constant,safeguard,0.04204759208325727,2,0,0,mixture/5.0/4/5/22
5.0,4,22,0,1000,800,5,constant,asw-pam,,3,0,0,mixture/5.0/4/5/22
5.0,4,23,0,1000,800,5,constant,safeguard,0.047244047244070865,4,1,1,mixture/5.0/4/5/23
5.0,4,23,0,1000,800,5,constant,asw-pam,,4,1,0,mixture/5.0/4/5/23
5.0,4,24,0,1000,800,5,constant,safeguard,0.03954743986657035,4,1,0,mixture/5.0/4/5/24
5.0,4,24,0,1000,800,5,constant,asw-pam,,4,1,0,mixture/5.0/4/5/24
5.0,4,25,0,1000,800,5,constant,safeguard,0.04039801975344828,3,0,0,mixture/5.0/4/5/25
5.0,4,25,0,1000,800,5,constant,asw-pam,,4,1,0,mixture/5.0/4/5/25
5.0,4,26,0,1000,800,5,constant,safeguard,0.04799999999999993,2,0,0,mixture/5.0/4/5/26
5.0,4,26,0,1000,800,5,constant,asw-pam,,2,0,0,mixture/5.0/4/5/26
5.0,4,27,0,1000,800,5,constant,safeguard,0.048744230427815685,2,0,0,mixture/5.0/4/5/27
5.0,4,27,0,1000,800,5,constant,asw-pam,,2,0,0,mixture/5.0/4/5/27
5.0,4,28,0,1000,800,5,constant,safeguard,0.044899888641287224,4,1,1,mixture/5.0/4/5/28
5.0,4,28,0,1000,800,5,constant,asw-pam,,4,1,0,mixture/5.0/4/5/28
5.0,4,29,0,1000,800,5,constant,safeguard,0.04284857057125709,3,0,0,mixture/5.0/4/5/29
5.0,4,29,0,1000,800,5,constant,asw-pam,,3,0,0,mixture/5.0/4/5/29
5.0,5,0,0,1000,800,5,constant,safeguard,0.04284857057125709,4,0,0,mixture/5.0/5/5/0
5.0,5,0,0,1000,800,5,constant,asw-pam,,3,0,0,mixture/5.0/5/5/0
5.0,5,1,0,1000,800,5,constant,safeguard,0.04363484845854285,5,1,1,mixture/5.0/5/5/1
5.0,5,1,0,1000,800,5,constant,asw-pam,,2,0,0,mixture/5.0/5/5/1
5.0,5,2,0,1000,800,5,constant,safeguard,0.04069397989875154,7,0,0,mixture/5.0/5/5/2
5.0,5,2,0,1000,800,5,constant,asw-pam,,2,0,0,mixture/5.0/5/5/2
5.0,5,3,0,1000,800,5,constant,safeguard,0.045912961132996026,3,0,0,mixture/5.0/5/5/3
5.0,5,3,0,1000,800,5,constant,asw-pam,,5,1,0,mixture/5.0/5/5/3
5.0,5,4,0,1000,800,5,constant,safeguard,0.04874423042781576,6,0,0,mixture/5.0/5/5/4
5.0,5,4,0,1000,800,5,constant,asw-pam,,5,1,0,mixture/5.0/5/5/4
5.0,5,5,0,1000,800,5,constant,safeguard,0.03687817782917153,16,0,0,mixture/5.0/5/5/5
5.0,5,5,0,1000,800,5,constant,asw-pam,,5,1,0,mixture/5.0/5/5/5
5.0,5,6,0,1000,800,5,constant,safeguard,0.045166359162544856,4,0,0,mixture/5.0/5/5/6
5.0,5,6,0,1000,800,5,constant,asw-pam,,3,0,0,mixture/5.0/5/5/6
5.0,5,7,0,1000,800,5,constant,safeguard,0.03954743986657036,28,0,0,mixture/5.0/5/5/7
5.0,5,7,0,1000,800,5,constant,asw-pam,,3,0,0,mixture/5.0/5/5/7
5.0,5,8,0,1000,800,5,constant,safeguard,0.04440720662234908,4,0,0,mixture/5.0/5/5/8
5.0,5,8,0,1000,800,5,constant,asw-pam,,4,0,0,mixture/5.0/5/5/8
5.0,5,9,0,1000,800,5,constant,safeguard,0.04242640687119278,3,0,0,mixture/5.0/5/5/9
5.0,5,9,0,1000,800,5,constant,asw-pam,,2,0,0,mixture/5.0/5/5/9
5.0,5,10,0,1000,800,5,constant,safeguard,0.0440908153700972,4,0,0,mixture/5.0/5/5/10
5.0,5,10,0,1000,800,5,constant,asw-pam,,3,0,0,mixture/5.0/5/5/10
5.0,5,11,0,1000,800,5,constant,safeguard,0.043266615305567795,6,0,0,mixture/5.0/5/5/11
5.0,5,11,0,1000,800,5,constant,asw-pam,,2,0,0,mixture/5.0/5/5/11
5.0,5,12,0,1000,800,5,constant,safeguard,0.04737087712930805,3,0,0,mixture/5.0/5/5/12
5.0,5,12,0,1000,800,5,constant,asw-pam,,2,0,0,mixture/5.0/5/5/12
5.0,5,13,0,1000,800,5,constant,safeguard,0.04204759208325727,4,0,0,mixture/5.0/5/5/13
5.0,5,13,0,1000,800,5,constant,asw-pam,,3,0,0,mixture/5.0/5/5/13
5.0,5,14,0,1000,800,5,constant,safeguard,0.040398019753448304,3,0,0,mixture/5.0/5/5/14
5.0,5,14,0,1000,800,5,constant,asw-pam,,3,0,0,mixture/5.0/5/5/14
5.0,5,15,0,1000,800,5,constant,safeguard,0.04409081537009713,2,0,0,mixture/5.0/5/5/15
5.0,5,15,0,1000,800,5,constant,asw-pam,,2,0,0,mixture/5.0/5/5/15
5.0,5,16,0,1000,800,5,constant,safeguard,0.04874423042781576,5,1,1,mixture/5.0/5/5/16
5.0,5,16,0,1000,800,5,constant,asw-pam,,4,0,0,mixture/5.0/5/5/16
5.0,5,17,0,1000,800,5,constant,safeguard,0.043266615305567795,5,1,0,mixture/5.0/5/5/17
5.0,5,17,0,1000,800,5,constant,asw-pam,,3,0,0,mixture/5.0/5/5/17
5.0,5,18,0,1000,800,5,constant,safeguard,0.04204759208325731,4,0,0,mixture/5.0/5/5/18
5.0,5,18,0,1000,800,5,constant,asw-pam,,2,0,0,mixture/5.0/5/5/18
5.0,5,19,0,1000,800,5,constant,safeguard,0.04204759208325727,3,0,0,mixture/5.0/5/5/19
5.0,5,19,0,1000,800,5,constant,asw-pam,,3,0,0,mixture/5.0/5/5/19
5.0,5,20,0,1000,800,5,constant,safeguard,0.04069397989875154,8,0,0,mixture/5.0/5/5/20
5.0,5,20,0,1000,800,5,constant,asw-pam,,2,0,0,mixture/5.0/5/5/20
5.0,5,21,0,1000,800,5,constant,safeguard,0.04069397989875158,11,0,0,mixture/5.0/5/5/21
5.0,5,21,0,1000,800,5,constant,asw-pam,,2,0,0,mixture/5.0/5/5/21
5.0,5,22,0,1000,800,5,constant,safeguard,0.04440720662234908,4,0,0,mixture/5.0/5/5/22
5.0,5,22,0,1000,800,5,constant,asw-pam,,2,0,0,mixture/5.0/5/5/22
5.0,5,23,0,1000,800,5,constant,safeguard,0.043634848458542895,5,1,0,mixture/5.0/5/5/23
5.0,5,23,0,1000,800,5,constant,asw-pam,,2,0,0,mixture/5.0/5/5/23
5.0,5,24,0,1000,800,5,constant,safeguard,0.044090815370097174,3,0,0,mixture/5.0/5/5/24
5.0,5,24,0,1000,800,5,constant,asw-pam,,2,0,0,mixture/5.0/5/5/24
5.0,5,25,0,1000,800,5,constant,safeguard,0.04409081537009713,3,0,0,mixture/5.0/5/5/25
5.0,5,25,0,1000,800,5,constant,asw-pam,,2,0,0,mixture/5.0/5/5/25
5.0,5,26,0,1000,800,5,constant,safeguard,0.03954743986657041,10,0,0,mixture/5.0/5/5/26
5.0,5,26,0,1000,800,5,constant,asw-pam,,5,1,0,mixture/5.0/5/5/26
5.0,5,27,0,1000,800,5,constant,safeguard,0.048744230427815685,3,0,0,mixture/5.0/5/5/27
5.0,5,27,0,1000,800,5,constant,asw-pam,,4,0,0,mixture/5.0/5/5/27
5.0,5,28,0,1000,800,5,constant,safeguard,0.046475800154488926,4,0,0,mixture/5.0/5/5/28
5.0,5,28,0,1000,800,5,constant,asw-pam,,3,0,0,mixture/5.0/5/5/28
5.0,5,29,0,1000,800,5,constant,safeguard,0.05499090833947004,3,0,0,mixture/5.0/5/5/29
5.0,5,29,0,1000,800,5,constant,asw-pam,,2,0,0,mixture/5.0/5/5/29
5.0,6,0,0,1000,800,5,constant,safeguard,0.04156921938165298,9,0,0,mixture/5.0/6/5/0
5.0,6,0,0,1000,800,5,constant,asw-pam,,6,1,0,mixture/5.0/6/5/0
5.0,6,1,0,1000,800,5,constant,safeguard,0.03954743986657041,21,0,0,mixture/5.0/6/5/1
5.0,6,1,0,1000,800,5,constant,asw-pam,,4,0,0,mixture/5.0/6/5/1
5.0,6,2,0,1000,800,5,constant,safeguard,0.04204759208325727,5,0,0,mixture/5.0/6/5/2
5.0,6,2,0,1000,800,5,constant,asw-pam,,5,0,0,mixture/5.0/6/5/2
5.0,6,3,0,1000,800,5,constant,safeguard,0.040398019753448346,10,0,0,mixture/5.0/6/5/3
5.0,6,3,0,1000,800,5,constant,asw-pam,,2,0,0,mixture/5.0/6/5/3
5.0,6,4,0,1000,800,5,constant,safeguard,0.041231056256176596,5,0,0,mixture/5.0/6/5/4
5.0,6,4,0,1000,800,5,constant,asw-pam,,3,0,0,mixture/5.0/6/5/4
5.0,6,5,0,1000,800,5,constant,safeguard,0.038884444190447086,32,0,0,mixture/5.0/6/5/5
5.0,6,5,0,1000,800,5,constant,asw-pam,,2,0,0,mixture/5.0/6/5/5
5.0,6,6,0,1000,800,5,constant,safeguard,0.044899888641287224,3,0,0,mixture/5.0/6/5/6
5.0,6,6,0,1000,800,5,constant,asw-pam,,2,0,0,mixture/5.0/6/5/6
5.0,6,7,0,1000,800,5,constant,safeguard,0.04440720662234903,3,0,0,mixture/5.0/6/5/7
5.0,6,7,0,1000,800,5,constant,asw-pam,,2,0,0,mixture/5.0/6/5/7
5.0,6,8,0,1000,800,5,constant,safeguard,0.040398019753448304,9,0,0,mixture/5.0/6/5/8
5.0,6,8,0,1000,800,5,constant,asw-pam,,2,0,0,mixture/5.0/6/5/8
5.0,6,9,0,1000,800,5,constant,safeguard,0.046475800154488926,2,0,0,mixture/5.0/6/5/9
5.0,6,9,0,1000,800,5,constant,asw-pam,,2,0,0,mixture/5.0/6/5/9
5.0,6,10,0,1000,800,5,constant,safeguard,0.044899888641287224,4,0,0,mixture/5.0/6/5/10
5.0,6,10,0,1000,800,5,constant,asw-pam,,2,0,0,mixture/5.0/6/5/10
5.0,6,11,0,1000,800,5,constant,safeguard,0.04878524367060188,3,0,0,mixture/5.0/6/5/11
5.0,6,11,0,1000,800,5,constant,asw-pam,,2,0,0,mixture/5.0/6/5/11
5.0,6,12,0,1000,800,5,constant,safeguard,0.042848570571257134,6,1,0,mixture/5.0/6/5/12
5.0,6,12,0,1000,800,5,constant,asw-pam,,2,0,0,mixture/5.0/6/5/12
5.0,6,13,0,1000,800,5,constant,safeguard,0.0377888872553824,34,0,0,mixture/5.0/6/5/13
5.0,6,13,0,1000,800,5,constant,asw-pam,,2,0,0,mixture/5.0/6/5/13
5.0,6,14,0,1000,800,5,constant,safeguard,0.03867815921162747,25,0,0,mixture/5.0/6/5/14
5.0,6,14,0,1000,800,5,constant,asw-pam,,5,0,0,mixture/5.0/6/5/14
5.0,6,15,0,1000,800,5,constant,safeguard,0.043266615305567795,5,0,0,mixture/5.0/6/5/15
5.0,6,15,0,1000,800,5,constant,asw-pam,,4,0,0,mixture/5.0/6/5/15
5.0,6,16,0,1000,800,5,constant,safeguard,0.045166359162544856,5,0,0,mixture/5.0/6/5/16
5.0,6,16,0,1000,800,5,constant,asw-pam,,3,0,0,mixture/5.0/6/5/16
5.0,6,17,0,1000,800,5,constant,safeguard,0.044899888641287265,6,1,0,mixture/5.0/6/5/17
5.0,6,17,0,1000,800,5,constant,asw-pam,,2,0,0,mixture/5.0/6/5/17
5.0,6,18,0,1000,800,5,constant,safeguard,0.03867815921162742,14,0,0,mixture/5.0/6/5/18
5.0,6,18,0,1000,800,5,constant,asw-pam,,6,1,0,mixture/5.0/6/5/18
5.0,6,19,0,1000,800,5,constant,safeguard,0.042848570571257134,5,0,0,mixture/5.0/6/5/19
5.0,6,19,0,1000,800,5,constant,asw-pam,,5,0,0,mixture/5.0/6/5/19
5.0,6,20,0,1000,800,5,constant,safeguard,0.047244047244070796,4,0,0,mixture/5.0/6/5/20
5.0,6,20,0,1000,800,5,constant,asw-pam,,4,0,0,mixture/5.0/6/5/20
5.0,6,21,0,1000,800,5,constant,safeguard,0.0451663591625449,2,0,0,mixture/5.0/6/5/21
5.0,6,21,0,1000,800,5,constant,asw-pam,,2,0,0,mixture/5.0/6/5/21
5.0,6,22,0,1000,800,5,constant,safeguard,0.04326661530556784,3,0,0,mixture/5.0/6/5/22
5.0,6,22,0,1000,800,5,constant,asw-pam,,3,0,0,mixture/5.0/6/5/22
5.0,6,23,0,1000,800,5,constant,safeguard,0.044899888641287224,7,0,0,mixture/5.0/6/5/23
5.0,6,23,0,1000,800,5,constant,asw-pam,,2,0,0,mixture/5.0/6/5/23
5.0,6,24,0,1000,800,5,constant,safeguard,0.048744230427815685,4,0,0,mixture/5.0/6/5/24
5.0,6,24,0,1000,800,5,constant,asw-pam,,5,0,0,mixture/5.0/6/5/24
5.0,6,25,0,1000,800,5,constant,safeguard,0.04156921938165298,9,0,0,mixture/5.0/6/5/25
5.0,6,25,0,1000,800,5,constant,asw-pam,,4,0,0,mixture/5.0/6/5/25
5.0,6,26,0,1000,800,5,constant,safeguard,0.04284857057125709,4,0,0,mixture/5.0/6/5/26
5.0,6,26,0,1000,800,5,constant,asw-pam,,3,0,0,mixture/5.0/6/5/26
5.0,6,27,0,1000,800,5,constant,safeguard,0.04069397989875158,12,0,0,mixture/5.0/6/5/27
5.0,6,27,0,1000,800,5,constant,asw-pam,,3,0,0,mixture/5.0/6/5/27
5.0,6,28,0,1000,800,5,constant,safeguard,0.04326661530556784,4,0,0,mixture/5.0/6/5/28
5.0,6,28,0,1000,800,5,constant,asw-pam,,5,0,0,mixture/5.0/6/5/28
5.0,6,29,0,1000,800,5,constant,safeguard,0.040398019753448346,2,0,0,mixture/5.0/6/5/29
5.0,6,29,0,1000,800,5,constant,asw-pam,,2,0,0,mixture/5.0/6/5/29
5.0,7,0,0,1000,800,5,constant,safeguard,0.047749345545253216,8,0,0,mixture/5.0/7/5/0
5.0,7,0,0,1000,800,5,constant,asw-pam,,4,0,0,mixture/5.0/7/5/0
5.0,7,1,0,1000,800,5,constant,safeguard,0.044899888641287224,5,0,0,mixture/5.0/7/5/1
5.0,7,1,0,1000,800,5,constant,asw-pam,,5,0,0,mixture/5.0/7/5/1
5.0,7,2,0,1000,800,5,constant,safeguard,0.046475800154489044,4,0,0,mixture/5.0/7/5/2
5.0,7,2,0,1000,800,5,constant,asw-pam,,3,0,0,mixture/5.0/7/5/2
5.0,7,3,0,1000,800,5,constant,safeguard,0.043634848458542895,5,0,0,mixture/5.0/7/5/3
5.0,7,3,0,1000,800,5,constant,asw-pam,,3,0,0,mixture/5.0/7/5/3
5.0,7,4,0,1000,800,5,constant,safeguard,0.04069397989875158,15,0,0,mixture/5.0/7/5/4
5.0,7,4,0,1000,800,5,constant,asw-pam,,2,0,0,mixture/5.0/7/5/4
5.0,7,5,0,1000,800,5,constant,safeguard,0.040398019753448346,4,0,0,mixture/5.0/7/5/5
5.0,7,5,0,1000,800,5,constant,asw-pam,,7,1,0,mixture/5.0/7/5/5
5.0,7,6,0,1000,800,5,constant,safeguard,0.04156921938165298,11,0,0,mixture/5.0/7/5/6
5.0,7,6,0,1000,800,5,constant,asw-pam,,7,1,0,mixture/5.0/7/5/6
5.0,7,7,0,1000,800,5,constant,safeguard,0.03954743986657041,15,0,0,mixture/5.0/7/5/7
5.0,7,7,0,1000,800,5,constant,asw-pam,,2,0,0,mixture/5.0/7/5/7
5.0,7,8,0,1000,800,5,constant,safeguard,0.04284857057125709,3,0,0,mixture/5.0/7/5/8
5.0,7,8,0,1000,800,5,constant,asw-pam,,5,0,0,mixture/5.0/7/5/8
5.0,7,9,0,1000,800,5,constant,safeguard,0.04874423042781576,3,0,0,mixture/5.0/7/5/9
5.0,7,9,0,1000,800,5,constant,asw-pam,,7,1,0,mixture/5.0/7/5/9
5.0,7,10,0,1000,800,5,constant,safeguard,0.043266615305567795,8,0,0,mixture/5.0/7/5/10
5.0,7,10,0,1000,800,5,constant,asw-pam,,6,0,0,mixture/5.0/7/5/10
5.0,7,11,0,1000,800,5,constant,safeguard,0.049477267507411896,4,0,0,mixture/5.0/7/5/11
5.0,7,11,0,1000,800,5,constant,asw-pam,,3,0,0,mixture/5.0/7/5/11
5.0,7,12,0,1000,800,5,constant,safeguard,0.04799999999999993,4,0,0,mixture/5.0/7/5/12
5.0,7,12,0,1000,800,5,constant,asw-pam,,2,0,0,mixture/5.0/7/5/12
5.0,7,13,0,1000,800,5,constant,safeguard,0.04069397989875158,6,0,0,mixture/5.0/7/5/13
5.0,7,13,0,1000,800,5,constant,asw-pam,,4,0,0,mixture/5.0/7/5/13
5.0,7,14,0,1000,800,5,constant,safeguard,0.04326661530556784,11,0,0,mixture/5.0/7/5/14
5.0,7,14,0,1000,800,5,constant,asw-pam,,6,0,0,mixture/5.0/7/5/14
5.0,7,15,0,1000,800,5,constant,safeguard,0.043266615305567795,7,1,0,mixture/5.0/7/5/15
5.0,7,15,0,1000,800,5,constant,asw-pam,,3,0,0,mixture/5.0/7/5/15
5.0,7,16,0,1000,800,5,constant,safeguard,0.0406939798987516,12,0,0,mixture/5.0/7/5/16
5.0,7,16,0,1000,800,5,constant,asw-pam,,2,0,0,mixture/5.0/7/5/16
5.0,7,17,0,1000,800,5,constant,safeguard,0.04242640687119278,6,0,0,mixture/5.0/7/5/17
5.0,7,17,0,1000,800,5,constant,asw-pam,,5,0,0,mixture/5.0/7/5/17
5.0,7,18,0,1000,800,5,constant,safeguard,0.041231056256176596,11,0,0,mixture/5.0/7/5/18
5.0,7,18,0,1000,800,5,constant,asw-pam,,6,0,0,mixture/5.0/7/5/18
5.0,7,19,0,1000,800,5,constant,safeguard,0.040398019753448346,5,0,0,mixture/5.0/7/5/19
5.0,7,19,0,1000,800,5,constant,asw-pam,,7,1,0,mixture/5.0/7/5/19
5.0,7,20,0,1000,800,5,constant,safeguard,0.04156921938165309,31,0,0,mixture/5.0/7/5/20
5.0,7,20,0,1000,800,5,constant,asw-pam,,3,0,0,mixture/5.0/7/5/20
5.0,7,21,0,1000,800,5,constant,safeguard,0.043266615305567795,7,1,0,mixture/5.0/7/5/21
5.0,7,21,0,1000,800,5,constant,asw-pam,,4,0,0,mixture/5.0/7/5/21
5.0,7,22,0,1000,800,5,constant,safeguard,0.042426406871192826,9,0,0,mixture/5.0/7/5/22
5.0,7,22,0,1000,800,5,constant,asw-pam,,3,0,0,mixture/5.0/7/5/22
5.0,7,23,0,1000,800,5,constant,safeguard,0.04069397989875158,15,0,0,mixture/5.0/7/5/23
5.0,7,23,0,1000,800,5,constant,asw-pam,,4,0,0,mixture/5.0/7/5/23
5.0,7,24,0,1000,800,5,constant,safeguard,0.03867815921162747,21,0,0,mixture/5.0/7/5/24
5.0,7,24,0,1000,800,5,constant,asw-pam,,2,0,0,mixture/5.0/7/5/24
5.0,7,25,0,1000,800,5,constant,safeguard,0.04156921938165298,22,0,0,mixture/5.0/7/5/25
5.0,7,25,0,1000,800,5,constant,asw-pam,,7,1,0,mixture/5.0/7/5/25
5.0,7,26,0,1000,800,5,constant,safeguard,0.04284857057125709,9,0,0,mixture/5.0/7/5/26
5.0,7,26,0,1000,800,5,constant,asw-pam,,7,1,0,mixture/5.0/7/5/26
5.0,7,27,0,1000,800,5,constant,safeguard,0.046475800154489,4,0,0,mixture/5.0/7/5/27
5.0,7,27,0,1000,800,5,constant,asw-pam,,7,1,0,mixture/5.0/7/5/27
5.0,7,28,0,1000,800,5,constant,safeguard,0.04069397989875158,11,0,0,mixture/5.0/7/5/28
5.0,7,28,0,1000,800,5,constant,asw-pam,,2,0,0,mixture/5.0/7/5/28
5.0,7,29,0,1000,800,5,constant,safeguard,0.041231056256176644,10,0,0,mixture/5.0/7/5/29
5.0,7,29,0,1000,800,5,constant,asw-pam,,2,0,0,mixture/5.0/7/5/29
5.0,8,0,0,1000,800,5,constant,safeguard,0.04242640687119278,3,0,0,mixture/5.0/8/5/0
5.0,8,0,0,1000,800,5,constant,asw-pam,,2,0,0,mixture/5.0/8/5/0
5.0,8,1,0,1000,800,5,constant,safeguard,0.043266615305567795,9,0,0,mixture/5.0/8/5/1
5.0,8,1,0,1000,800,5,constant,asw-pam,,5,0,0,mixture/5.0/8/5/1
5.0,8,2,0,1000,800,5,constant,safeguard,0.040398019753448346,13,0,0,mixture/5.0/8/5/2
5.0,8,2,0,1000,800,5,constant,asw-pam,,6,0,0,mixture/5.0/8/5/2
5.0,8,3,0,1000,800,5,constant,safeguard,0.045694638635183374,4,0,0,mixture/5.0/8/5/3
5.0,8,3,0,1000,800,5,constant,asw-pam,,7,0,0,mixture/5.0/8/5/3
5.0,8,4,0,1000,800,5,constant,safeguard,0.044899888641287224,5,0,0,mixture/5.0/8/5/4
5.0,8,4,0,1000,800,5,constant,asw-pam,,3,0,0,mixture/5.0/8/5/4
5.0,8,5,0,1000,800,5,constant,safeguard,0.04156921938165298,14,0,0,mixture/5.0/8/5/5
5.0,8,5,0,1000,800,5,constant,asw-pam,,4,0,0,mixture/5.0/8/5/5
5.0,8,6,0,1000,800,5,constant,safeguard,0.04409081537009713,3,0,0,mixture/5.0/8/5/6
5.0,8,6,0,1000,800,5,constant,asw-pam,,6,0,0,mixture/5.0/8/5/6
5.0,8,7,0,1000,800,5,constant,safeguard,0.04409081537009713,4,0,0,mixture/5.0/8/5/7
5.0,8,7,0,1000,800,5,constant,asw-pam,,7,0,0,mixture/5.0/8/5/7
5.0,8,8,0,1000,800,5,constant,safeguard,0.048744230427815734,3,0,0,mixture/5.0/8/5/8
5.0,8,8,0,1000,800,5,constant,asw-pam,,8,1,0,mixture/5.0/8/5/8
5.0,8,9,0,1000,800,5,constant,safeguard,0.04156921938165298,5,0,0,mixture/5.0/8/5/9
5.0,8,9,0,1000,800,5,constant,asw-pam,,2,0,0,mixture/5.0/8/5/9
5.0,8,10,0,1000,800,5,constant,safeguard,0.044090815370097174,7,0,0,mixture/5.0/8/5/10
5.0,8,10,0,1000,800,5,constant,asw-pam,,8,1,0,mixture/5.0/8/5/10
5.0,8,11,0,1000,800,5,constant,safeguard,0.04409081537009713,6,0,0,mixture/5.0/8/5/11
5.0,8,11,0,1000,800,5,constant,asw-pam,,7,0,0,mixture/5.0/8/5/11
5.0,8,12,0,1000,800,5,constant,safeguard,0.04363484845854285,7,0,0,mixture/5.0/8/5/12
5.0,8,12,0,1000,800,5,constant,asw-pam,,4,0,0,mixture/5.0/8/5/12
5.0,8,13,0,1000,800,5,constant,safeguard,0.04242640687119278,7,0,0,mixture/5.0/8/5/13
5.0,8,13,0,1000,800,5,constant,asw-pam,,3,0,0,mixture/5.0/8/5/13
5.0,8,14,0,1000,800,5,constant,safeguard,0.04569463863518344,8,1,0,mixture/5.0/8/5/14
5.0,8,14,0,1000,800,5,constant,asw-pam,,5,0,0,mixture/5.0/8/5/14
5.0,8,15,0,1000,800,5,constant,safeguard,0.04947726750741193,5,0,0,mixture/5.0/8/5/15
5.0,8,15,0,1000,800,5,constant,asw-pam,,2,0,0,mixture/5.0/8/5/15
5.0,8,16,0,1000,800,5,constant,safeguard,0.046475800154488926,2,0,0,mixture/5.0/8/5/16
5.0,8,16,0,1000,800,5,constant,asw-pam,,4,0,0,mixture/5.0/8/5/16
5.0,8,17,0,1000,800,5,constant,safeguard,0.043266615305567906,8,1,0,mixture/5.0/8/5/17
5.0,8,17,0,1000,800,5,constant,asw-pam,,6,0,0,mixture/5.0/8/5/17
5.0,8,18,0,1000,800,5,constant,safeguard,0.043266615305567795,2,0,0,mixture/5.0/8/5/18
5.0,8,18,0,1000,800,5,constant,asw-pam,,8,1,0,mixture/5.0/8/5/18
5.0,8,19,0,1000,800,5,constant,safeguard,0.03979949748426472,38,0,0,mixture/5.0/8/5/19
5.0,8,19,0,1000,800,5,constant,asw-pam,,8,1,0,mixture/5.0/8/5/19
5.0,8,20,0,1000,800,5,constant,safeguard,0.043266615305567795,8,1,0,mixture/5.0/8/5/20
5.0,8,20,0,1000,800,5,constant,asw-pam,,8,1,0,mixture/5.0/8/5/20
5.0,8,21,0,1000,800,5,constant,safeguard,0.040398019753448346,12,0,0,mixture/5.0/8/5/21
5.0,8,21,0,1000,800,5,constant,asw-pam,,4,0,0,mixture/5.0/8/5/21
5.0,8,22,0,1000,800,5,constant,safeguard,0.044899888641287224,7,0,0,mixture/5.0/8/5/22
5.0,8,22,0,1000,800,5,constant,asw-pam,,2,0,0,mixture/5.0/8/5/22
5.0,8,23,0,1000,800,5,constant,safeguard,0.040398019753448346,8,1,0,mixture/5.0/8/5/23
5.0,8,23,0,1000,800,5,constant,asw-pam,,7,0,0,mixture/5.0/8/5/23
5.0,8,24,0,1000,800,5,constant,safeguard,0.047244047244070865,7,0,0,mixture/5.0/8/5/24
5.0,8,24,0,1000,800,5,constant,asw-pam,,2,0,0,mixture/5.0/8/5/24
5.0,8,25,0,1000,800,5,constant,safeguard,0.041569219381653026,11,0,0,mixture/5.0/8/5/25
5.0,8,25,0,1000,800,5,constant,asw-pam,,5,0,0,mixture/5.0/8/5/25
5.0,8,26,0,1000,800,5,constant,safeguard,0.04409081537009713,6,0,0,mixture/5.0/8/5/26
5.0,8,26,0,1000,800,5,constant,asw-pam,,3,0,0,mixture/5.0/8/5/26
5.0,8,27,0,1000,800,5,constant,safeguard,0.040398019753448304,7,0,0,mixture/5.0/8/5/27
5.0,8,27,0,1000,800,5,constant,asw-pam,,3,0,0,mixture/5.0/8/5/27
5.0,8,28,0,1000,800,5,constant,safeguard,0.044899888641287265,5,0,0,mixture/5.0/8/5/28
5.0,8,28,0,1000,800,5,constant,asw-pam,,2,0,0,mixture/5.0/8/5/28
5.0,8,29,0,1000,800,5,constant,safeguard,0.042426406871192826,7,0,0,mixture/5.0/8/5/29
5.0,8,29,0,1000,800,5,constant,asw-pam,,8,1,0,mixture/5.0/8/5/29
5.0,9,0,0,1000,800,5,constant,safeguard,0.041569219381653026,14,0,0,mixture/5.0/9/5/0
5.0,9,0,0,1000,800,5,constant,asw-pam,,8,0,0,mixture/5.0/9/5/0
5.0,9,1,0,1000,800,5,constant,safeguard,0.04326661530556784,10,0,0,mixture/5.0/9/5/1
5.0,9,1,0,1000,800,5,constant,asw-pam,,5,0,0,mixture/5.0/9/5/1
5.0,9,2,0,1000,800,5,constant,safeguard,0.04156921938165298,14,0,0,mixture/5.0/9/5/2
5.0,9,2,0,1000,800,5,constant,asw-pam,,2,0,0,mixture/5.0/9/5/2
5.0,9,3,0,1000,800,5,constant,safeguard,0.046475800154489,2,0,0,mixture/5.0/9/5/3
5.0,9,3,0,1000,800,5,constant,asw-pam,,8,0,0,mixture/5.0/9/5/3
5.0,9,4,0,1000,800,5,constant,safeguard,0.04069397989875154,13,0,0,mixture/5.0/9/5/4
5.0,9,4,0,1000,800,5,constant,asw-pam,,9,1,0,mixture/5.0/9/5/4
5.0,9,5,0,1000,800,5,constant,safeguard,0.043266615305567795,8,0,0,mixture/5.0/9/5/5
5.0,9,5,0,1000,800,5,constant,asw-pam,,7,0,0,mixture/5.0/9/5/5
5.0,9,6,0,1000,800,5,constant,safeguard,0.043266615305567795,5,0,0,mixture/5.0/9/5/6
5.0,9,6,0,1000,800,5,constant,asw-pam,,2,0,0,mixture/5.0/9/5/6
5.0,9,7,0,1000,800,5,constant,safeguard,0.041569219381653026,13,0,0,mixture/5.0/9/5/7
5.0,9,7,0,1000,800,5,constant,asw-pam,,6,0,0,mixture/5.0/9/5/7
5.0,9,8,0,1000,800,5,constant,safeguard,0.04326661530556784,7,0,0,mixture/5.0/9/5/8
5.0,9,8,0,1000,800,5,constant,asw-pam,,2,0,0,mixture/5.0/9/5/8
5.0,9,9,0,1000,800,5,constant,safeguard,0.042426406871192826,6,0,0,mixture/5.0/9/5/9
5.0,9,9,0,1000,800,5,constant,asw-pam,,4,0,0,mixture/5.0/9/5/9
5.0,9,10,0,1000,800,5,constant,safeguard,0.046475800154488926,2,0,0,mixture/5.0/9/5/10
5.0,9,10,0,1000,800,5,constant,asw-pam,,2,0,0,mixture/5.0/9/5/10
5.0,9,11,0,1000,800,5,constant,safeguard,0.044899888641287265,5,0,0,mixture/5.0/9/5/11
5.0,9,11,0,1000,800,5,constant,asw-pam,,4,0,0,mixture/5.0/9/5/11
5.0,9,12,0,1000,800,5,constant,safeguard,0.047999999999999966,2,0,0,mixture/5.0/9/5/12
5.0,9,12,0,1000,800,5,constant,asw-pam,,2,0,0,mixture/5.0/9/5/12
5.0,9,13,0,1000,800,5,constant,safeguard,0.04156921938165305,15,0,0,mixture/5.0/9/5/13
5.0,9,13,0,1000,800,5,constant,asw-pam,,7,0,0,mixture/5.0/9/5/13
5.0,9,14,0,1000,800,5,constant,safeguard,0.043266615305567795,4,0,0,mixture/5.0/9/5/14
5.0,9,14,0,1000,800,5,constant,asw-pam,,6,0,0,mixture/5.0/9/5/14
5.0,9,15,0,1000,800,5,constant,safeguard,0.043266615305567864,8,0,0,mixture/5.0/9/5/15
5.0,9,15,0,1000,800,5,constant,asw-pam,,3,0,0,mixture/5.0/9/5/15
5.0,9,16,0,1000,800,5,constant,safeguard,0.045694638635183374,5,0,0,mixture/5.0/9/5/16
5.0,9,16,0,1000,800,5,constant,asw-pam,,7,0,0,mixture/5.0/9/5/16
5.0,9,17,0,1000,800,5,constant,safeguard,0.04724404724407091,5,0,0,mixture/5.0/9/5/17
5.0,9,17,0,1000,800,5,constant,asw-pam,,5,0,0,mixture/5.0/9/5/17
5.0,9,18,0,1000,800,5,constant,safeguard,0.044899888641287224,3,0,0,mixture/5.0/9/5/18
5.0,9,18,0,1000,800,5,constant,asw-pam,,8,0,0,mixture/5.0/9/5/18
5.0,9,19,0,1000,800,5,constant,safeguard,0.043266615305567795,10,0,0,mixture/5.0/9/5/19
5.0,9,19,0,1000,800,5,constant,asw-pam,,2,0,0,mixture/5.0/9/5/19
5.0,9,20,0,1000,800,5,constant,safeguard,0.03979949748426477,42,0,0,mixture/5.0/9/5/20
5.0,9,20,0,1000,800,5,constant,asw-pam,,2,0,0,mixture/5.0/9/5/20
5.0,9,21,0,1000,800,5,constant,safeguard,0.046475800154488926,4,0,0,mixture/5.0/9/5/21
5.0,9,21,0,1000,800,5,constant,asw-pam,,8,0,0,mixture/5.0/9/5/21
5.0,9,22,0,1000,800,5,constant,safeguard,0.04204759208325731,4,0,0,mixture/5.0/9/5/22
5.0,9,22,0,1000,800,5,constant,asw-pam,,9,1,0,mixture/5.0/9/5/22
5.0,9,23,0,1000,800,5,constant,safeguard,0.043266615305567795,5,0,0,mixture/5.0/9/5/23
5.0,9,23,0,1000,800,5,constant,asw-pam,,6,0,0,mixture/5.0/9/5/23
5.0,9,24,0,1000,800,5,constant,safeguard,0.04242640687119278,6,0,0,mixture/5.0/9/5/24
5.0,9,24,0,1000,800,5,constant,asw-pam,,2,0,0,mixture/5.0/9/5/24
5.0,9,25,0,1000,800,5,constant,safeguard,0.043266615305567864,12,0,0,mixture/5.0/9/5/25
5.0,9,25,0,1000,800,5,constant,asw-pam,,4,0,0,mixture/5.0/9/5/25
5.0,9,26,0,1000,800,5,constant,safeguard,0.043266615305567795,11,0,0,mixture/5.0/9/5/26
5.0,9,26,0,1000,800,5,constant,asw-pam,,5,0,0,mixture/5.0/9/5/26
5.0,9,27,0,1000,800,5,constant,safeguard,0.04326661530556784,9,1,0,mixture/5.0/9/5/27
5.0,9,27,0,1000,800,5,constant,asw-pam,,3,0,0,mixture/5.0/9/5/27
5.0,9,28,0,1000,800,5,constant,safeguard,0.04489988864128729,3,0,0,mixture/5.0/9/5/28
5.0,9,28,0,1000,800,5,constant,asw-pam,,2,0,0,mixture/5.0/9/5/28
5.0,9,29,0,1000,800,5,constant,safeguard,0.042848570571257134,11,0,0,mixture/5.0/9/5/29
5.0,9,29,0,1000,800,5,constant,asw-pam,,8,0,0,mixture/5.0/9/5/29
5.0,10,0,0,1000,800,5,constant,safeguard,0.04569463863518344,5,0,0,mixture/5.0/10/5/0
5.0,10,0,0,1000,800,5,constant,asw-pam,,8,0,0,mixture/5.0/10/5/0
5.0,10,1,0,1000,800,5,constant,safeguard,0.03867815921162742,16,0,0,mixture/5.0/10/5/1
5.0,10,1,0,1000,800,5,constant,asw-pam,,2,0,0,mixture/5.0/10/5/1
5.0,10,2,0,1000,800,5,constant,safeguard,0.04156921938165298,16,0,0,mixture/5.0/10/5/2
5.0,10,2,0,1000,800,5,constant,asw-pam,,8,0,0,mixture/5.0/10/5/2
5.0,10,3,0,1000,800,5,constant,safeguard,0.043266615305567864,11,0,0,mixture/5.0/10/5/3
5.0,10,3,0,1000,800,5,constant,asw-pam,,9,0,0,mixture/5.0/10/5/3
5.0,10,4,0,1000,800,5,constant,safeguard,0.044899888641287265,5,0,0,mixture/5.0/10/5/4
5.0,10,4,0,1000,800,5,constant,asw-pam,,9,0,0,mixture/5.0/10/5/4
5.0,10,5,0,1000,800,5,constant,safeguard,0.04069397989875154,14,0,0,mixture/5.0/10/5/5
5.0,10,5,0,1000,800,5,constant,asw-pam,,2,0,0,mixture/5.0/10/5/5
5.0,10,6,0,1000,800,5,constant,safeguard,0.04069397989875165,14,0,0,mixture/5.0/10/5/6
5.0,10,6,0,1000,800,5,constant,asw-pam,,2,0,0,mixture/5.0/10/5/6
5.0,10,7,0,1000,800,5,constant,safeguard,0.04489988864128729,8,0,0,mixture/5.0/10/5/7
5.0,10,7,0,1000,800,5,constant,asw-pam,,4,0,0,mixture/5.0/10/5/7
5.0,10,8,0,1000,800,5,constant,safeguard,0.04409081537009713,6,0,0,mixture/5.0/10/5/8
5.0,10,8,0,1000,800,5,constant,asw-pam,,7,0,0,mixture/5.0/10/5/8
5.0,10,9,0,1000,800,5,constant,safeguard,0.0440908153700972,8,0,0,mixture/5.0/10/5/9
5.0,10,9,0,1000,800,5,constant,asw-pam,,3,0,0,mixture/5.0/10/5/9
5.0,10,10,0,1000,800,5,constant,safeguard,0.04156921938165309,21,0,0,mixture/5.0/10/5/10
5.0,10,10,0,1000,800,5,constant,asw-pam,,10,1,0,mixture/5.0/10/5/10
5.0,10,11,0,1000,800,5,constant,safeguard,0.04569463863518342,4,0,0,mixture/5.0/10/5/11
5.0,10,11,0,1000,800,5,constant,asw-pam,,2,0,0,mixture/5.0/10/5/11
5.0,10,12,0,1000,800,5,constant,safeguard,0.042426406871192826,7,0,0,mixture/5.0/10/5/12
5.0,10,12,0,1000,800,5,constant,asw-pam,,2,0,0,mixture/5.0/10/5/12
5.0,10,13,0,1000,800,5,constant,safeguard,0.044899888641287265,5,0,0,mixture/5.0/10/5/13
5.0,10,13,0,1000,800,5,constant,asw-pam,,2,0,0,mixture/5.0/10/5/13
5.0,10,14,0,1000,800,5,constant,safeguard,0.04069397989875154,13,0,0,mixture/5.0/10/5/14
5.0,10,14,0,1000,800,5,constant,asw-pam,,10,1,0,mixture/5.0/10/5/14
5.0,10,15,0,1000,800,5,constant,safeguard,0.04242640687119278,4,0,0,mixture/5.0/10/5/15
5.0,10,15,0,1000,800,5,constant,asw-pam,,2,0,0,mixture/5.0/10/5/15
5.0,10,16,0,1000,800,5,constant,safeguard,0.043266615305567795,10,1,0,mixture/5.0/10/5/16
5.0,10,16,0,1000,800,5,constant,asw-pam,,2,0,0,mixture/5.0/10/5/16
5.0,10,17,0,1000,800,5,constant,safeguard,0.047999999999999966,2,0,0,mixture/5.0/10/5/17
5.0,10,17,0,1000,800,5,constant,asw-pam,,5,0,0,mixture/5.0/10/5/17
5.0,10,18,0,1000,800,5,constant,safeguard,0.04156921938165298,7,0,0,mixture/5.0/10/5/18
5.0,10,18,0,1000,800,5,constant,asw-pam,,4,0,0,mixture/5.0/10/5/18
5.0,10,19,0,1000,800,5,constant,safeguard,0.04409081537009724,11,0,0,mixture/5.0/10/5/19
5.0,10,19,0,1000,800,5,constant,asw-pam,,2,0,0,mixture/5.0/10/5/19
5.0,10,20,0,1000,800,5,constant,safeguard,0.038884444190447134,23,0,0,mixture/5.0/10/5/20
5.0,10,20,0,1000,800,5,constant,asw-pam,,2,0,0,mixture/5.0/10/5/20
5.0,10,21,0,1000,800,5,constant,safeguard,0.04069397989875154,18,0,0,mixture/5.0/10/5/21
5.0,10,21,0,1000,800,5,constant,asw-pam,,7,0,0,mixture/5.0/10/5/21
5.0,10,22,0,1000,800,5,constant,safeguard,0.044899888641287224,8,0,0,mixture/5.0/10/5/22
5.0,10,22,0,1000,800,5,constant,asw-pam,,2,0,0,mixture/5.0/10/5/22
5.0,10,23,0,1000,800,5,constant,safeguard,0.04489988864128729,5,0,0,mixture/5.0/10/5/23
5.0,10,23,0,1000,800,5,constant,asw-pam,,2,0,0,mixture/5.0/10/5/23
5.0,10,24,0,1000,800,5,constant,safeguard,0.03979949748426477,23,0,0,mixture/5.0/10/5/24
5.0,10,24,0,1000,800,5,constant,asw-pam,,2,0,0,mixture/5.0/10/5/24
5.0,10,25,0,1000,800,5,constant,safeguard,0.04069397989875154,14,0,0,mixture/5.0/10/5/25
5.0,10,25,0,1000,800,5,constant,asw-pam,,9,0,0,mixture/5.0/10/5/25
5.0,10,26,0,1000,800,5,constant,safeguard,0.048744230427815685,6,0,0,mixture/5.0/10/5/26
5.0,10,26,0,1000,800,5,constant,asw-pam,,7,0,0,mixture/5.0/10/5/26
5.0,10,27,0,1000,800,5,constant,safeguard,0.04242640687119284,10,1,0,mixture/5.0/10/5/27
5.0,10,27,0,1000,800,5,constant,asw-pam,,7,0,0,mixture/5.0/10/5/27
5.0,10,28,0,1000,800,5,constant,safeguard,0.04569463863518342,7,0,0,mixture/5.0/10/5/28
5.0,10,28,0,1000,800,5,constant,asw-pam,,6,0,0,mixture/5.0/10/5/28
5.0,10,29,0,1000,800,5,constant,safeguard,0.04156921938165298,7,0,0,mixture/5.0/10/5/29
5.0,10,29,0,1000,800,5,constant,asw-pam,,3,0,0,mixture/5.0/10/5/29
10.0,2,0,0,1000,800,5,constant,safeguard,0.04454211490264018,2,1,1,mixture/10.0/2/5/0
10.0,2,0,0,1000,800,5,constant,asw-pam,,2,1,1,mixture/10.0/2/5/0
10.0,2,1,0,1000,800,5,constant,safeguard,0.03594440151122278,60,0,0,mixture/10.0/2/5/1
10.0,2,1,0,1000,800,5,constant,asw-pam,,2,1,0,mixture/10.0/2/5/1
10.0,2,2,0,1000,800,5,constant,safeguard,0.03687817782917152,12,0,0,mixture/10.0/2/5/2
10.0,2,2,0,1000,800,5,constant,asw-pam,,2,1,0,mixture/10.0/2/5/2
10.0,2,3,0,1000,800,5,constant,safeguard,0.03778888725538234,14,0,0,mixture/10.0/2/5/3
10.0,2,3,0,1000,800,5,constant,asw-pam,,2,1,0,mixture/10.0/2/5/3
10.0,2,4,0,1000,800,5,constant,safeguard,0.03487119154832542,29,0,0,mixture/10.0/2/5/4
10.0,2,4,0,1000,800,5,constant,asw-pam,,2,1,0,mixture/10.0/2/5/4
10.0,2,5,0,1000,800,5,constant,safeguard,0.03778888725538234,9,0,0,mixture/10.0/2/5/5
10.0,2,5,0,1000,800,5,constant,asw-pam,,2,1,0,mixture/10.0/2/5/5
10.0,2,6,0,1000,800,5,constant,safeguard,0.03687817782917152,18,0,0,mixture/10.0/2/5/6
10.0,2,6,0,1000,800,5,constant,asw-pam,,2,1,0,mixture/10.0/2/5/6
10.0,2,7,0,1000,800,5,constant,safeguard,0.03577708763999662,43,0,0,mixture/10.0/2/5/7
10.0,2,7,0,1000,800,5,constant,asw-pam,,2,1,0,mixture/10.0/2/5/7
10.0,2,8,0,1000,800,5,constant,safeguard,0.03487119154832542,31,0,0,mixture/10.0/2/5/8
10.0,2,8,0,1000,800,5,constant,asw-pam,,2,1,0,mixture/10.0/2/5/8
10.0,2,9,0,1000,800,5,constant,safeguard,0.03687817782917152,6,0,0,mixture/10.0/2/5/9
10.0,2,9,0,1000,800,5,constant,asw-pam,,2,1,0,mixture/10.0/2/5/9
10.0,2,10,0,1000,800,5,constant,safeguard,0.03487119154832542,28,0,0,mixture/10.0/2/5/10
10.0,2,10,0,1000,800,5,constant,asw-pam,,2,1,0,mixture/10.0/2/5/10
10.0,2,11,0,1000,800,5,constant,safeguard,0.03752332607858747,4,0,0,mixture/10.0/2/5/11
10.0,2,11,0,1000,800,5,constant,asw-pam,,3,0,0,mixture/10.0/2/5/11
10.0,2,12,0,1000,800,5,constant,safeguard,0.03687817782917147,9,0,0,mixture/10.0/2/5/12
10.0,2,12,0,1000,800,5,constant,asw-pam,,2,1,0,mixture/10.0/2/5/12
10.0,2,13,0,1000,800,5,constant,safeguard,0.03687817782917152,7,0,0,mixture/10.0/2/5/13
10.0,2,13,0,1000,800,5,constant,asw-pam,,2,1,0,mixture/10.0/2/5/13
10.0,2,14,0,1000,800,5,constant,safeguard,0.035777087639996666,32,0,0,mixture/10.0/2/5/14
10.0,2,14,0,1000,800,5,constant,asw-pam,,2,1,0,mixture/10.0/2/5/14
10.0,2,15,0,1000,800,5,constant,safeguard,0.03594440151122283,148,0,0,mixture/10.0/2/5/15
10.0,2,15,0,1000,800,5,constant,asw-pam,,2,1,0,mixture/10.0/2/5/15
10.0,2,16,0,1000,800,5,constant,safeguard,0.03687817782917147,10,0,0,mixture/10.0/2/5/16
10.0,2,16,0,1000,800,5,constant,asw-pam,,2,1,0,mixture/10.0/2/5/16
10.0,2,17,0,1000,800,5,constant,safeguard,0.040398019753448304,3,0,0,mixture/10.0/2/5/17
10.0,2,17,0,1000,800,5,constant,asw-pam,,2,1,0,mixture/10.0/2/5/17
10.0,2,18,0,1000,800,5,constant,safeguard,0.04204759208325724,2,1,1,mixture/10.0/2/5/18
10.0,2,18,0,1000,800,5,constant,asw-pam,,2,1,0,mixture/10.0/2/5/18
10.0,2,19,0,1000,800,5,constant,safeguard,0.0420475920832572,2,1,1,mixture/10.0/2/5/19
10.0,2,19,0,1000,800,5,constant,asw-pam,,2,1,0,mixture/10.0/2/5/19
10.0,2,20,0,1000,800,5,constant,safeguard,0.03594440151122278,51,0,0,mixture/10.0/2/5/20
10.0,2,20,0,1000,800,5,constant,asw-pam,,3,0,0,mixture/10.0/2/5/20
10.0,2,21,0,1000,800,5,constant,safeguard,0.03954743986657035,3,0,0,mixture/10.0/2/5/21
10.0,2,21,0,1000,800,5,constant,asw-pam,,2,1,0,mixture/10.0/2/5/21
10.0,2,22,0,1000,800,5,constant,safeguard,0.03687817782917152,8,0,0,mixture/10.0/2/5/22
10.0,2,22,0,1000,800,5,constant,asw-pam,,2,1,0,mixture/10.0/2/5/22
10.0,2,23,0,1000,800,5,constant,safeguard,0.03487119154832537,10,0,0,mixture/10.0/2/5/23
10.0,2,23,0,1000,800,5,constant,asw-pam,,2,1,0,mixture/10.0/2/5/23
10.0,2,24,0,1000,800,5,constant,safeguard,0.03487119154832542,17,0,0,mixture/10.0/2/5/24
10.0,2,24,0,1000,800,5,constant,asw-pam,,2,1,0,mixture/10.0/2/5/24
10.0,2,25,0,1000,800,5,constant,safeguard,0.03778888725538229,9,0,0,mixture/10.0/2/5/25
10.0,2,25,0,1000,800,5,constant,asw-pam,,2,1,0,mixture/10.0/2/5/25
10.0,2,26,0,1000,800,5,constant,safeguard,0.03778888725538229,11,0,0,mixture/10.0/2/5/26
10.0,2,26,0,1000,800,5,constant,asw-pam,,2,1,0,mixture/10.0/2/5/26
10.0,2,27,0,1000,800,5,constant,safeguard,0.03577708763999662,37,0,0,mixture/10.0/2/5/27
10.0,2,27,0,1000,800,5,constant,asw-pam,,2,1,0,mixture/10.0/2/5/27
10.0,2,28,0,1000,800,5,constant,safeguard,0.03867815921162741,3,0,0,mixture/10.0/2/5/28
10.0,2,28,0,1000,800,5,constant,asw-pam,,2,1,0,mixture/10.0/2/5/28
10.0,2,29,0,1000,800,5,constant,safeguard,0.03594440151122278,58,0,0,mixture/10.0/2/5/29
10.0,2,29,0,1000,800,5,constant,asw-pam,,2,1,0,mixture/10.0/2/5/29
10.0,3,0,0,1000,800,5,constant,safeguard,0.03867815921162742,8,0,0,mixture/10.0/3/5/0
10.0,3,0,0,1000,800,5,constant,asw-pam,,2,0,0,mixture/10.0/3/5/0
10.0,3,1,0,1000,800,5,constant,safeguard,0.041231056256176596,2,0,0,mixture/10.0/3/5/1
10.0,3,1,0,1000,800,5,constant,asw-pam,,2,0,0,mixture/10.0/3/5/1
10.0,3,2,0,1000,800,5,constant,safeguard,0.035777087639996666,44,0,0,mixture/10.0/3/5/2
10.0,3,2,0,1000,800,5,constant,asw-pam,,2,0,0,mixture/10.0/3/5/2
10.0,3,3,0,1000,800,5,constant,safeguard,0.03867815921162736,3,1,0,mixture/10.0/3/5/3
10.0,3,3,0,1000,800,5,constant,asw-pam,,3,1,0,mixture/10.0/3/5/3
10.0,3,4,0,1000,800,5,constant,safeguard,0.03778888725538229,11,0,0,mixture/10.0/3/5/4
10.0,3,4,0,1000,800,5,constant,asw-pam,,3,1,0,mixture/10.0/3/5/4
10.0,3,5,0,1000,800,5,constant,safeguard,0.040398019753448304,4,0,0,mixture/10.0/3/5/5
10.0,3,5,0,1000,800,5,constant,asw-pam,,2,0,0,mixture/10.0/3/5/5
10.0,3,6,0,1000,800,5,constant,safeguard,0.03954743986657036,13,0,0,mixture/10.0/3/5/6
10.0,3,6,0,1000,800,5,constant,asw-pam,,3,1,0,mixture/10.0/3/5/6
10.0,3,7,0,1000,800,5,constant,safeguard,0.03594440151122278,72,0,0,mixture/10.0/3/5/7
10.0,3,7,0,1000,800,5,constant,asw-pam,,2,0,0,mixture/10.0/3/5/7
10.0,3,8,0,1000,800,5,constant,safeguard,0.03778888725538229,24,0,0,mixture/10.0/3/5/8
10.0,3,8,0,1000,800,5,constant,asw-pam,,2,0,0,mixture/10.0/3/5/8
10.0,3,9,0,1000,800,5,constant,safeguard,0.03594440151122283,122,0,0,mixture/10.0/3/5/9
10.0,3,9,0,1000,800,5,constant,asw-pam,,2,0,0,mixture/10.0/3/5/9
10.0,3,10,0,1000,800,5,constant,safeguard,0.037788887255382354,38,0,0,mixture/10.0/3/5/10
10.0,3,10,0,1000,800,5,constant,asw-pam,,2,0,0,mixture/10.0/3/5/10
10.0,3,11,0,1000,800,5,constant,safeguard,0.03778888725538229,28,0,0,mixture/10.0/3/5/11
10.0,3,11,0,1000,800,5,constant,asw-pam,,4,0,0,mixture/10.0/3/5/11
10.0,3,12,0,1000,800,5,constant,safeguard,0.03778888725538229,18,0,0,mixture/10.0/3/5/12
10.0,3,12,0,1000,800,5,constant,asw-pam,,3,1,0,mixture/10.0/3/5/12
10.0,3,13,0,1000,800,5,constant,safeguard,0.03778888725538234,16,0,0,mixture/10.0/3/5/13
10.0,3,13,0,1000,800,5,constant,asw-pam,,2,0,0,mixture/10.0/3/5/13
10.0,3,14,0,1000,800,5,constant,safeguard,0.04069397989875154,5,0,0,mixture/10.0/3/5/14
10.0,3,14,0,1000,800,5,constant,asw-pam,,2,0,0,mixture/10.0/3/5/14
10.0,3,15,0,1000,800,5,constant,safeguard,0.03867815921162742,10,0,0,mixture/10.0/3/5/15
10.0,3,15,0,1000,800,5,constant,asw-pam,,3,1,0,mixture/10.0/3/5/15
10.0,3,16,0,1000,800,5,constant,safeguard,0.036878177829171584,41,0,0,mixture/10.0/3/5/16
10.0,3,16,0,1000,800,5,constant,asw-pam,,2,0,0,mixture/10.0/3/5/16
10.0,3,17,0,1000,800,5,constant,safeguard,0.03687817782917147,29,0,0,mixture/10.0/3/5/17
10.0,3,17,0,1000,800,5,constant,asw-pam,,3,1,0,mixture/10.0/3/5/17
10.0,3,18,0,1000,800,5,constant,safeguard,0.03778888725538229,13,0,0,mixture/10.0/3/5/18
10.0,3,18,0,1000,800,5,constant,asw-pam,,3,1,0,mixture/10.0/3/5/18
10.0,3,19,0,1000,800,5,constant,safeguard,0.03594440151122283,86,0,0,mixture/10.0/3/5/19
10.0,3,19,0,1000,800,5,constant,asw-pam,,3,1,0,mixture/10.0/3/5/19
10.0,3,20,0,1000,800,5,constant,safeguard,0.03867815921162736,7,0,0,mixture/10.0/3/5/20
10.0,3,20,0,1000,800,5,constant,asw-pam,,2,0,0,mixture/10.0/3/5/20
10.0,3,21,0,1000,800,5,constant,safeguard,0.03687817782917147,16,0,0,mixture/10.0/3/5/21
10.0,3,21,0,1000,800,5,constant,asw-pam,,2,0,0,mixture/10.0/3/5/21
10.0,3,22,0,1000,800,5,constant,safeguard,0.03778888725538234,10,0,0,mixture/10.0/3/5/22
10.0,3,22,0,1000,800,5,constant,asw-pam,,3,1,0,mixture/10.0/3/5/22
10.0,3,23,0,1000,800,5,constant,safeguard,0.03867815921162742,5,0,0,mixture/10.0/3/5/23
10.0,3,23,0,1000,800,5,constant,asw-pam,,2,0,0,mixture/10.0/3/5/23
10.0,3,24,0,1000,800,5,constant,safeguard,0.03594440151122283,107,0,0,mixture/10.0/3/5/24
10.0,3,24,0,1000,800,5,constant,asw-pam,,2,0,0,mixture/10.0/3/5/24
10.0,3,25,0,1000,800,5,constant,safeguard,0.03687817782917147,29,0,0,mixture/10.0/3/5/25
10.0,3,25,0,1000,800,5,constant,asw-pam,,2,0,0,mixture/10.0/3/5/25
10.0,3,26,0,1000,800,5,constant,safeguard,0.03687817782917147,32,0,0,mixture/10.0/3/5/26
10.0,3,26,0,1000,800,5,constant,asw-pam,,2,0,0,mixture/10.0/3/5/26
10.0,3,27,0,1000,800,5,constant,safeguard,0.041231056256176526,4,0,0,mixture/10.0/3/5/27
10.0,3,27,0,1000,800,5,constant,asw-pam,,3,1,0,mixture/10.0/3/5/27
10.0,3,28,0,1000,800,5,constant,safeguard,0.03778888725538234,20,0,0,mixture/10.0/3/5/28
10.0,3,28,0,1000,800,5,constant,asw-pam,,2,0,0,mixture/10.0/3/5/28
10.0,3,29,0,1000,800,5,constant,safeguard,0.03687817782917147,14,0,0,mixture/10.0/3/5/29
10.0,3,29,0,1000,800,5,constant,asw-pam,,2,0,0,mixture/10.0/3/5/29
10.0,4,0,0,1000,800,5,constant,safeguard,0.03778888725538234,27,0,0,mixture/10.0/4/5/0
10.0,4,0,0,1000,800,5,constant,asw-pam,,3,0,0,mixture/10.0/4/5/0
10.0,4,1,0,1000,800,5,constant,safeguard,0.03687817782917147,15,0,0,mixture/10.0/4/5/1
10.0,4,1,0,1000,800,5,constant,asw-pam,,2,0,0,mixture/10.0/4/5/1
10.0,4,2,0,1000,800,5,constant,safeguard,0.037788887255382354,27,0,0,mixture/10.0/4/5/2
10.0,4,2,0,1000,800,5,constant,asw-pam,,2,0,0,mixture/10.0/4/5/2
10.0,4,3,0,1000,800,5,constant,safeguard,0.03687817782917152,8,0,0,mixture/10.0/4/5/3
10.0,4,3,0,1000,800,5,constant,asw-pam,,2,0,0,mixture/10.0/4/5/3
10.0,4,4,0,1000,800,5,constant,safeguard,0.0395474398665703,3,0,0,mixture/10.0/4/5/4
10.0,4,4,0,1000,800,5,constant,asw-pam,,2,0,0,mixture/10.0/4/5/4
10.0,4,5,0,1000,800,5,constant,safeguard,0.0377888872553824,78,0,0,mixture/10.0/4/5/5
10.0,4,5,0,1000,800,5,constant,asw-pam,,3,0,0,mixture/10.0/4/5/5
10.0,4,6,0,1000,800,5,constant,safeguard,0.03778888725538229,35,0,0,mixture/10.0/4/5/6
10.0,4,6,0,1000,800,5,constant,asw-pam,,2,0,0,mixture/10.0/4/5/6
10.0,4,7,0,1000,800,5,constant,safeguard,0.03867815921162736,3,0,0,mixture/10.0/4/5/7
10.0,4,7,0,1000,800,5,constant,asw-pam,,3,0,0,mixture/10.0/4/5/7
10.0,4,8,0,1000,800,5,constant,safeguard,0.03867815921162736,4,1,0,mixture/10.0/4/5/8
10.0,4,8,0,1000,800,5,constant,asw-pam,,4,1,0,mixture/10.0/4/5/8
10.0,4,9,0,1000,800,5,constant,safeguard,0.03867815921162741,7,0,0,mixture/10.0/4/5/9
10.0,4,9,0,1000,800,5,constant,asw-pam,,3,0,0,mixture/10.0/4/5/9
10.0,4,10,0,1000,800,5,constant,safeguard,0.03687817782917147,20,0,0,mixture/10.0/4/5/10
10.0,4,10,0,1000,800,5,constant,asw-pam,,2,0,0,mixture/10.0/4/5/10
10.0,4,11,0,1000,800,5,constant,safeguard,0.03687817782917153,34,0,0,mixture/10.0/4/5/11
10.0,4,11,0,1000,800,5,constant,asw-pam,,3,0,0,mixture/10.0/4/5/11
10.0,4,12,0,1000,800,5,constant,safeguard,0.037788887255382354,48,0,0,mixture/10.0/4/5/12
10.0,4,12,0,1000,800,5,constant,asw-pam,,2,0,0,mixture/10.0/4/5/12
10.0,4,13,0,1000,800,5,constant,safeguard,0.03867815921162742,7,0,0,mixture/10.0/4/5/13
10.0,4,13,0,1000,800,5,constant,asw-pam,,2,0,0,mixture/10.0/4/5/13
10.0,4,14,0,1000,800,5,constant,safeguard,0.03687817782917147,18,0,0,mixture/10.0/4/5/14
10.0,4,14,0,1000,800,5,constant,asw-pam,,2,0,0,mixture/10.0/4/5/14
10.0,4,15,0,1000,800,5,constant,safeguard,0.03687817782917153,36,0,0,mixture/10.0/4/5/15
10.0,4,15,0,1000,800,5,constant,asw-pam,,2,0,0,mixture/10.0/4/5/15
10.0,4,16,0,1000,800,5,constant,safeguard,0.037788887255382354,44,0,0,mixture/10.0/4/5/16
10.0,4,16,0,1000,800,5,constant,asw-pam,,2,0,0,mixture/10.0/4/5/16
10.0,4,17,0,1000,800,5,constant,safeguard,0.03778888725538234,27,0,0,mixture/10.0/4/5/17
10.0,4,17,0,1000,800,5,constant,asw-pam,,2,0,0,mixture/10.0/4/5/17
10.0,4,18,0,1000,800,5,constant,safeguard,0.03687817782917152,11,0,0,mixture/10.0/4/5/18
10.0,4,18,0,1000,800,5,constant,asw-pam,,2,0,0,mixture/10.0/4/5/18
10.0,4,19,0,1000,800,5,constant,safeguard,0.03867815921162747,9,0,0,mixture/10.0/4/5/19
10.0,4,19,0,1000,800,5,constant,asw-pam,,4,1,0,mixture/10.0/4/5/19
10.0,4,20,0,1000,800,5,constant,safeguard,0.037788887255382354,34,0,0,mixture/10.0/4/5/20
10.0,4,20,0,1000,800,5,constant,asw-pam,,2,0,0,mixture/10.0/4/5/20
10.0,4,21,0,1000,800,5,constant,safeguard,0.03867815921162747,8,0,0,mixture/10.0/4/5/21
10.0,4,21,0,1000,800,5,constant,asw-pam,,2,0,0,mixture/10.0/4/5/21
10.0,4,22,0,1000,800,5,constant,safeguard,0.043634848458542895,2,0,0,mixture/10.0/4/5/22
10.0,4,22,0,1000,800,5,constant,asw-pam,,2,0,0,mixture/10.0/4/5/22
10.0,4,23,0,1000,800,5,constant,safeguard,0.037788887255382354,51,0,0,mixture/10.0/4/5/23
10.0,4,23,0,1000,800,5,constant,asw-pam,,2,0,0,mixture/10.0/4/5/23
10.0,4,24,0,1000,800,5,constant,safeguard,0.03954743986657035,7,0,0,mixture/10.0/4/5/24
10.0,4,24,0,1000,800,5,constant,asw-pam,,2,0,0,mixture/10.0/4/5/24
10.0,4,25,0,1000,800,5,constant,safeguard,0.03687817782917147,16,0,0,mixture/10.0/4/5/25
10.0,4,25,0,1000,800,5,constant,asw-pam,,2,0,0,mixture/10.0/4/5/25
10.0,4,26,0,1000,800,5,constant,safeguard,0.038884444190447086,14,0,0,mixture/10.0/4/5/26
10.0,4,26,0,1000,800,5,constant,asw-pam,,4,1,0,mixture/10.0/4/5/26
10.0,4,27,0,1000,800,5,constant,safeguard,0.037788887255382354,52,0,0,mixture/10.0/4/5/27
10.0,4,27,0,1000,800,5,constant,asw-pam,,2,0,0,mixture/10.0/4/5/27
10.0,4,28,0,1000,800,5,constant,safeguard,0.03778888725538234,26,0,0,mixture/10.0/4/5/28
10.0,4,28,0,1000,800,5,constant,asw-pam,,2,0,0,mixture/10.0/4/5/28
10.0,4,29,0,1000,800,5,constant,safeguard,0.0377888872553824,35,0,0,mixture/10.0/4/5/29
10.0,4,29,0,1000,800,5,constant,asw-pam,,2,0,0,mixture/10.0/4/5/29
10.0,5,0,0,1000,800,5,constant,safeguard,0.037788887255382354,81,0,0,mixture/10.0/5/5/0
10.0,5,0,0,1000,800,5,constant,asw-pam,,2,0,0,mixture/10.0/5/5/0
10.0,5,1,0,1000,800,5,constant,safeguard,0.040398019753448346,4,0,0,mixture/10.0/5/5/1
10.0,5,1,0,1000,800,5,constant,asw-pam,,3,0,0,mixture/10.0/5/5/1
10.0,5,2,0,1000,800,5,constant,safeguard,0.037788887255382354,40,0,0,mixture/10.0/5/5/2
10.0,5,2,0,1000,800,5,constant,asw-pam,,4,0,0,mixture/10.0/5/5/2
10.0,5,3,0,1000,800,5,constant,safeguard,0.03979949748426477,17,0,0,mixture/10.0/5/5/3
10.0,5,3,0,1000,800,5,constant,asw-pam,,3,0,0,mixture/10.0/5/5/3
10.0,5,4,0,1000,800,5,constant,safeguard,0.037788887255382354,28,0,0,mixture/10.0/5/5/4
10.0,5,4,0,1000,800,5,constant,asw-pam,,3,0,0,mixture/10.0/5/5/4
10.0,5,5,0,1000,800,5,constant,safeguard,0.03867815921162742,11,0,0,mixture/10.0/5/5/5
10.0,5,5,0,1000,800,5,constant,asw-pam,,4,0,0,mixture/10.0/5/5/5
10.0,5,6,0,1000,800,5,constant,safeguard,0.037788887255382354,51,0,0,mixture/10.0/5/5/6
10.0,5,6,0,1000,800,5,constant,asw-pam,,3,0,0,mixture/10.0/5/5/6
10.0,5,7,0,1000,800,5,constant,safeguard,0.037788887255382354,19,0,0,mixture/10.0/5/5/7
10.0,5,7,0,1000,800,5,constant,asw-pam,,3,0,0,mixture/10.0/5/5/7
10.0,5,8,0,1000,800,5,constant,safeguard,0.03778888725538229,25,0,0,mixture/10.0/5/5/8
10.0,5,8,0,1000,800,5,constant,asw-pam,,2,0,0,mixture/10.0/5/5/8
10.0,5,9,0,1000,800,5,constant,safeguard,0.03687817782917152,17,0,0,mixture/10.0/5/5/9
10.0,5,9,0,1000,800,5,constant,asw-pam,,2,0,0,mixture/10.0/5/5/9
10.0,5,10,0,1000,800,5,constant,safeguard,0.03687817782917152,28,0,0,mixture/10.0/5/5/10
10.0,5,10,0,1000,800,5,constant,asw-pam,,2,0,0,mixture/10.0/5/5/10
10.0,5,11,0,1000,800,5,constant,safeguard,0.03867815921162742,5,1,0,mixture/10.0/5/5/11
10.0,5,11,0,1000,800,5,constant,asw-pam,,4,0,0,mixture/10.0/5/5/11
10.0,5,12,0,1000,800,5,constant,safeguard,0.03867815921162742,5,1,0,mixture/10.0/5/5/12
10.0,5,12,0,1000,800,5,constant,asw-pam,,2,0,0,mixture/10.0/5/5/12
10.0,5,13,0,1000,800,5,constant,safeguard,0.03778888725538229,22,0,0,mixture/10.0/5/5/13
10.0,5,13,0,1000,800,5,constant,asw-pam,,3,0,0,mixture/10.0/5/5/13
10.0,5,14,0,1000,800,5,constant,safeguard,0.037788887255382354,59,0,0,mixture/10.0/5/5/14
10.0,5,14,0,1000,800,5,constant,asw-pam,,5,1,0,mixture/10.0/5/5/14
10.0,5,15,0,1000,800,5,constant,safeguard,0.037788887255382354,75,0,0,mixture/10.0/5/5/15
10.0,5,15,0,1000,800,5,constant,asw-pam,,4,0,0,mixture/10.0/5/5/15
10.0,5,16,0,1000,800,5,constant,safeguard,0.037788887255382354,55,0,0,mixture/10.0/5/5/16
10.0,5,16,0,1000,800,5,constant,asw-pam,,3,0,0,mixture/10.0/5/5/16
10.0,5,17,0,1000,800,5,constant,safeguard,0.03687817782917153,53,0,0,mixture/10.0/5/5/17
10.0,5,17,0,1000,800,5,constant,asw-pam,,2,0,0,mixture/10.0/5/5/17
10.0,5,18,0,1000,800,5,constant,safeguard,0.037788887255382354,71,0,0,mixture/10.0/5/5/18
10.0,5,18,0,1000,800,5,constant,asw-pam,,2,0,0,mixture/10.0/5/5/18
10.0,5,19,0,1000,800,5,constant,safeguard,0.0377888872553824,34,0,0,mixture/10.0/5/5/19
10.0,5,19,0,1000,800,5,constant,asw-pam,,4,0,0,mixture/10.0/5/5/19
10.0,5,20,0,1000,800,5,constant,safeguard,0.03687817782917152,23,0,0,mixture/10.0/5/5/20
10.0,5,20,0,1000,800,5,constant,asw-pam,,2,0,0,mixture/10.0/5/5/20
10.0,5,21,0,1000,800,5,constant,safeguard,0.03687817782917147,8,0,0,mixture/10.0/5/5/21
10.0,5,21,0,1000,800,5,constant,asw-pam,,3,0,0,mixture/10.0/5/5/21
10.0,5,22,0,1000,800,5,constant,safeguard,0.0377888872553824,74,0,0,mixture/10.0/5/5/22
10.0,5,22,0,1000,800,5,constant,asw-pam,,2,0,0,mixture/10.0/5/5/22
10.0,5,23,0,1000,800,5,constant,safeguard,0.03687817782917147,18,0,0,mixture/10.0/5/5/23
10.0,5,23,0,1000,800,5,constant,asw-pam,,3,0,0,mixture/10.0/5/5/23
10.0,5,24,0,1000,800,5,constant,safeguard,0.03867815921162736,9,0,0,mixture/10.0/5/5/24
10.0,5,24,0,1000,800,5,constant,asw-pam,,3,0,0,mixture/10.0/5/5/24
10.0,5,25,0,1000,800,5,constant,safeguard,0.044899888641287224,3,0,0,mixture/10.0/5/5/25
10.0,5,25,0,1000,800,5,constant,asw-pam,,3,0,0,mixture/10.0/5/5/25
10.0,5,26,0,1000,800,5,constant,safeguard,0.037788887255382354,57,0,0,mixture/10.0/5/5/26
10.0,5,26,0,1000,800,5,constant,asw-pam,,2,0,0,mixture/10.0/5/5/26
10.0,5,27,0,1000,800,5,constant,safeguard,0.03867815921162742,9,0,0,mixture/10.0/5/5/27
10.0,5,27,0,1000,800,5,constant,asw-pam,,5,1,0,mixture/10.0/5/5/27
10.0,5,28,0,1000,800,5,constant,safeguard,0.037788887255382354,41,0,0,mixture/10.0/5/5/28
10.0,5,28,0,1000,800,5,constant,asw-pam,,2,0,0,mixture/10.0/5/5/28
10.0,5,29,0,1000,800,5,constant,safeguard,0.037788887255382354,44,0,0,mixture/10.0/5/5/29
10.0,5,29,0,1000,800,5,constant,asw-pam,,2,0,0,mixture/10.0/5/5/29
10.0,6,0,0,1000,800,5,constant,safeguard,0.037788887255382354,45,0,0,mixture/10.0/6/5/0
10.0,6,0,0,1000,800,5,constant,asw-pam,,5,0,0,mixture/10.0/6/5/0
10.0,6,1,0,1000,800,5,constant,safeguard,0.03954743986657036,14,0,0,mixture/10.0/6/5/1
10.0,6,1,0,1000,800,5,constant,asw-pam,,3,0,0,mixture/10.0/6/5/1
10.0,6,2,0,1000,800,5,constant,safeguard,0.037788887255382354,101,0,0,mixture/10.0/6/5/2
10.0,6,2,0,1000,800,5,constant,asw-pam,,2,0,0,mixture/10.0/6/5/2
10.0,6,3,0,1000,800,5,constant,safeguard,0.03867815921162742,12,0,0,mixture/10.0/6/5/3
10.0,6,3,0,1000,800,5,constant,asw-pam,,2,0,0,mixture/10.0/6/5/3
10.0,6,4,0,1000,800,5,constant,safeguard,0.037788887255382354,40,0,0,mixture/10.0/6/5/4
10.0,6,4,0,1000,800,5,constant,asw-pam,,4,0,0,mixture/10.0/6/5/4
10.0,6,5,0,1000,800,5,constant,safeguard,0.03687817782917153,65,0,0,mixture/10.0/6/5/5
10.0,6,5,0,1000,800,5,constant,asw-pam,,2,0,0,mixture/10.0/6/5/5
10.0,6,6,0,1000,800,5,constant,safeguard,0.0377888872553824,44,0,0,mixture/10.0/6/5/6
10.0,6,6,0,1000,800,5,constant,asw-pam,,4,0,0,mixture/10.0/6/5/6
10.0,6,7,0,1000,800,5,constant,safeguard,0.037788887255382354,53,0,0,mixture/10.0/6/5/7
10.0,6,7,0,1000,800,5,constant,asw-pam,,4,0,0,mixture/10.0/6/5/7
10.0,6,8,0,1000,800,5,constant,safeguard,0.037788887255382354,72,0,0,mixture/10.0/6/5/8
10.0,6,8,0,1000,800,5,constant,asw-pam,,2,0,0,mixture/10.0/6/5/8
10.0,6,9,0,1000,800,5,constant,safeguard,0.036878177829171584,68,0,0,mixture/10.0/6/5/9
10.0,6,9,0,1000,800,5,constant,asw-pam,,3,0,0,mixture/10.0/6/5/9
10.0,6,10,0,1000,800,5,constant,safeguard,0.036878177829171584,47,0,0,mixture/10.0/6/5/10
10.0,6,10,0,1000,800,5,constant,asw-pam,,2,0,0,mixture/10.0/6/5/10
10.0,6,11,0,1000,800,5,constant,safeguard,0.03687817782917153,58,0,0,mixture/10.0/6/5/11
10.0,6,11,0,1000,800,5,constant,asw-pam,,3,0,0,mixture/10.0/6/5/11
10.0,6,12,0,1000,800,5,constant,safeguard,0.037788887255382354,58,0,0,mixture/10.0/6/5/12
10.0,6,12,0,1000,800,5,constant,asw-pam,,4,0,0,mixture/10.0/6/5/12
10.0,6,13,0,1000,800,5,constant,safeguard,0.037788887255382354,37,0,0,mixture/10.0/6/5/13
10.0,6,13,0,1000,800,5,constant,asw-pam,,3,0,0,mixture/10.0/6/5/13
10.0,6,14,0,1000,800,5,constant,safeguard,0.040398019753448304,6,1,0,mixture/10.0/6/5/14
10.0,6,14,0,1000,800,5,constant,asw-pam,,2,0,0,mixture/10.0/6/5/14
10.0,6,15,0,1000,800,5,constant,safeguard,0.037788887255382354,29,0,0,mixture/10.0/6/5/15
10.0,6,15,0,1000,800,5,constant,asw-pam,,2,0,0,mixture/10.0/6/5/15
10.0,6,16,0,1000,800,5,constant,safeguard,0.03687817782917153,57,0,0,mixture/10.0/6/5/16
10.0,6,16,0,1000,800,5,constant,asw-pam,,3,0,0,mixture/10.0/6/5/16
10.0,6,17,0,1000,800,5,constant,safeguard,0.04069397989875154,4,0,0,mixture/10.0/6/5/17
10.0,6,17,0,1000,800,5,constant,asw-pam,,2,0,0,mixture/10.0/6/5/17
10.0,6,18,0,1000,800,5,constant,safeguard,0.03687817782917153,48,0,0,mixture/10.0/6/5/18
10.0,6,18,0,1000,800,5,constant,asw-pam,,5,0,0,mixture/10.0/6/5/18
10.0,6,19,0,1000,800,5,constant,safeguard,0.037788887255382354,33,0,0,mixture/10.0/6/5/19
10.0,6,19,0,1000,800,5,constant,asw-pam,,3,0,0,mixture/10.0/6/5/19
10.0,6,20,0,1000,800,5,constant,safeguard,0.037788887255382354,51,0,0,mixture/10.0/6/5/20
10.0,6,20,0,1000,800,5,constant,asw-pam,,2,0,0,mixture/10.0/6/5/20
10.0,6,21,0,1000,800,5,constant,safeguard,0.037788887255382354,46,0,0,mixture/10.0/6/5/21
10.0,6,21,0,1000,800,5,constant,asw-pam,,2,0,0,mixture/10.0/6/5/21
10.0,6,22,0,1000,800,5,constant,safeguard,0.037788887255382354,52,0,0,mixture/10.0/6/5/22
10.0,6,22,0,1000,800,5,constant,asw-pam,,5,0,0,mixture/10.0/6/5/22
10.0,6,23,0,1000,800,5,constant,safeguard,0.03687817782917147,12,0,0,mixture/10.0/6/5/23
10.0,6,23,0,1000,800,5,constant,asw-pam,,2,0,0,mixture/10.0/6/5/23
10.0,6,24,0,1000,800,5,constant,safeguard,0.037947331922020475,87,0,0,mixture/10.0/6/5/24
10.0,6,24,0,1000,800,5,constant,asw-pam,,5,0,0,mixture/10.0/6/5/24
10.0,6,25,0,1000,800,5,constant,safeguard,0.03594440151122289,156,0,0,mixture/10.0/6/5/25
10.0,6,25,0,1000,800,5,constant,asw-pam,,2,0,0,mixture/10.0/6/5/25
10.0,6,26,0,1000,800,5,constant,safeguard,0.0377888872553824,44,0,0,mixture/10.0/6/5/26
10.0,6,26,0,1000,800,5,constant,asw-pam,,6,1,0,mixture/10.0/6/5/26
10.0,6,27,0,1000,800,5,constant,safeguard,0.037788887255382354,39,0,0,mixture/10.0/6/5/27
10.0,6,27,0,1000,800,5,constant,asw-pam,,2,0,0,mixture/10.0/6/5/27
10.0,6,28,0,1000,800,5,constant,safeguard,0.036878177829171584,40,0,0,mixture/10.0/6/5/28
10.0,6,28,0,1000,800,5,constant,asw-pam,,2,0,0,mixture/10.0/6/5/28
10.0,6,29,0,1000,800,5,constant,safeguard,0.03687817782917153,15,0,0,mixture/10.0/6/5/29
10.0,6,29,0,1000,800,5,constant,asw-pam,,3,0,0,mixture/10.0/6/5/29
10.0,7,0,0,1000,800,5,constant,safeguard,0.037788887255382354,60,0,0,mixture/10.0/7/5/0
10.0,7,0,0,1000,800,5,constant,asw-pam,,3,0,0,mixture/10.0/7/5/0
10.0,7,1,0,1000,800,5,constant,safeguard,0.03867815921162742,11,0,0,mixture/10.0/7/5/1
10.0,7,1,0,1000,800,5,constant,asw-pam,,3,0,0,mixture/10.0/7/5/1
10.0,7,2,0,1000,800,5,constant,safeguard,0.03867815921162742,6,0,0,mixture/10.0/7/5/2
10.0,7,2,0,1000,800,5,constant,asw-pam,,2,0,0,mixture/10.0/7/5/2
10.0,7,3,0,1000,800,5,constant,safeguard,0.037788887255382354,37,0,0,mixture/10.0/7/5/3
10.0,7,3,0,1000,800,5,constant,asw-pam,,3,0,0,mixture/10.0/7/5/3
10.0,7,4,0,1000,800,5,constant,safeguard,0.037788887255382354,39,0,0,mixture/10.0/7/5/4
10.0,7,4,0,1000,800,5,constant,asw-pam,,2,0,0,mixture/10.0/7/5/4
10.0,7,5,0,1000,800,5,constant,safeguard,0.038884444190447086,10,0,0,mixture/10.0/7/5/5
10.0,7,5,0,1000,800,5,constant,asw-pam,,2,0,0,mixture/10.0/7/5/5
10.0,7,6,0,1000,800,5,constant,safeguard,0.03594440151122289,265,0,0,mixture/10.0/7/5/6
10.0,7,6,0,1000,800,5,constant,asw-pam,,2,0,0,mixture/10.0/7/5/6
10.0,7,7,0,1000,800,5,constant,safeguard,0.037788887255382354,38,0,0,mixture/10.0/7/5/7
10.0,7,7,0,1000,800,5,constant,asw-pam,,2,0,0,mixture/10.0/7/5/7
10.0,7,8,0,1000,800,5,constant,safeguard,0.03979949748426472,17,0,0,mixture/10.0/7/5/8
10.0,7,8,0,1000,800,5,constant,asw-pam,,3,0,0,mixture/10.0/7/5/8
10.0,7,9,0,1000,800,5,constant,safeguard,0.0377888872553824,49,0,0,mixture/10.0/7/5/9
10.0,7,9,0,1000,800,5,constant,asw-pam,,2,0,0,mixture/10.0/7/5/9
10.0,7,10,0,1000,800,5,constant,safeguard,0.037788887255382354,43,0,0,mixture/10.0/7/5/10
10.0,7,10,0,1000,800,5,constant,asw-pam,,3,0,0,mixture/10.0/7/5/10
10.0,7,11,0,1000,800,5,constant,safeguard,0.037788887255382354,69,0,0,mixture/10.0/7/5/11
10.0,7,11,0,1000,800,5,constant,asw-pam,,3,0,0,mixture/10.0/7/5/11
10.0,7,12,0,1000,800,5,constant,safeguard,0.03954743986657036,11,0,0,mixture/10.0/7/5/12
10.0,7,12,0,1000,800,5,constant,asw-pam,,4,0,0,mixture/10.0/7/5/12
10.0,7,13,0,1000,800,5,constant,safeguard,0.036878177829171584,28,0,0,mixture/10.0/7/5/13
10.0,7,13,0,1000,800,5,constant,asw-pam,,2,0,0,mixture/10.0/7/5/13
10.0,7,14,0,1000,800,5,constant,safeguard,0.036878177829171584,61,0,0,mixture/10.0/7/5/14
10.0,7,14,0,1000,800,5,constant,asw-pam,,4,0,0,mixture/10.0/7/5/14
10.0,7,15,0,1000,800,5,constant,safeguard,0.03867815921162742,9,0,0,mixture/10.0/7/5/15
10.0,7,15,0,1000,800,5,constant,asw-pam,,2,0,0,mixture/10.0/7/5/15
10.0,7,16,0,1000,800,5,constant,safeguard,0.037788887255382354,51,0,0,mixture/10.0/7/5/16
10.0,7,16,0,1000,800,5,constant,asw-pam,,4,0,0,mixture/10.0/7/5/16
10.0,7,17,0,1000,800,5,constant,safeguard,0.038884444190447134,32,0,0,mixture/10.0/7/5/17
10.0,7,17,0,1000,800,5,constant,asw-pam,,4,0,0,mixture/10.0/7/5/17
10.0,7,18,0,1000,800,5,constant,safeguard,0.036878177829171584,28,0,0,mixture/10.0/7/5/18
10.0,7,18,0,1000,800,5,constant,asw-pam,,3,0,0,mixture/10.0/7/5/18
10.0,7,19,0,1000,800,5,constant,safeguard,0.03867815921162747,7,1,0,mixture/10.0/7/5/19
10.0,7,19,0,1000,800,5,constant,asw-pam,,2,0,0,mixture/10.0/7/5/19
10.0,7,20,0,1000,800,5,constant,safeguard,0.03687817782917153,34,0,0,mixture/10.0/7/5/20
10.0,7,20,0,1000,800,5,constant,asw-pam,,2,0,0,mixture/10.0/7/5/20
10.0,7,21,0,1000,800,5,constant,safeguard,0.03867815921162747,11,0,0,mixture/10.0/7/5/21
10.0,7,21,0,1000,800,5,constant,asw-pam,,2,0,0,mixture/10.0/7/5/21
10.0,7,22,0,1000,800,5,constant,safeguard,0.037788887255382354,48,0,0,mixture/10.0/7/5/22
10.0,7,22,0,1000,800,5,constant,asw-pam,,3,0,0,mixture/10.0/7/5/22
10.0,7,23,0,1000,800,5,constant,safeguard,0.03687817782917153,59,0,0,mixture/10.0/7/5/23
10.0,7,23,0,1000,800,5,constant,asw-pam,,2,0,0,mixture/10.0/7/5/23
10.0,7,24,0,1000,800,5,constant,safeguard,0.038884444190447086,14,0,0,mixture/10.0/7/5/24
10.0,7,24,0,1000,800,5,constant,asw-pam,,4,0,0,mixture/10.0/7/5/24
10.0,7,25,0,1000,800,5,constant,safeguard,0.036878177829171584,34,0,0,mixture/10.0/7/5/25
10.0,7,25,0,1000,800,5,constant,asw-pam,,2,0,0,mixture/10.0/7/5/25
10.0,7,26,0,1000,800,5,constant,safeguard,0.03979949748426472,12,0,0,mixture/10.0/7/5/26
10.0,7,26,0,1000,800,5,constant,asw-pam,,3,0,0,mixture/10.0/7/5/26
10.0,7,27,0,1000,800,5,constant,safeguard,0.037788887255382354,69,0,0,mixture/10.0/7/5/27
10.0,7,27,0,1000,800,5,constant,asw-pam,,2,0,0,mixture/10.0/7/5/27
10.0,7,28,0,1000,800,5,constant,safeguard,0.038884444190447086,19,0,0,mixture/10.0/7/5/28
10.0,7,28,0,1000,800,5,constant,asw-pam,,5,0,0,mixture/10.0/7/5/28
10.0,7,29,0,1000,800,5,constant,safeguard,0.04409081537009713,2,0,0,mixture/10.0/7/5/29
10.0,7,29,0,1000,800,5,constant,asw-pam,,4,0,0,mixture/10.0/7/5/29
10.0,8,0,0,1000,800,5,constant,safeguard,0.04724404724407084,2,0,0,mixture/10.0/8/5/0
10.0,8,0,0,1000,800,5,constant,asw-pam,,2,0,0,mixture/10.0/8/5/0
10.0,8,1,0,1000,800,5,constant,safeguard,0.038884444190447086,22,0,0,mixture/10.0/8/5/1
10.0,8,1,0,1000,800,5,constant,asw-pam,,2,0,0,mixture/10.0/8/5/1
10.0,8,2,0,1000,800,5,constant,safeguard,0.038884444190447086,18,0,0,mixture/10.0/8/5/2
10.0,8,2,0,1000,800,5,constant,asw-pam,,2,0,0,mixture/10.0/8/5/2
10.0,8,3,0,1000,800,5,constant,safeguard,0.04069397989875158,4,0,0,mixture/10.0/8/5/3
10.0,8,3,0,1000,800,5,constant,asw-pam,,6,0,0,mixture/10.0/8/5/3
10.0,8,4,0,1000,800,5,constant,safeguard,0.037788887255382354,46,0,0,mixture/10.0/8/5/4
10.0,8,4,0,1000,800,5,constant,asw-pam,,4,0,0,mixture/10.0/8/5/4
10.0,8,5,0,1000,800,5,constant,safeguard,0.037788887255382354,77,0,0,mixture/10.0/8/5/5
10.0,8,5,0,1000,800,5,constant,asw-pam,,2,0,0,mixture/10.0/8/5/5
10.0,8,6,0,1000,800,5,constant,safeguard,0.03954743986657036,11,0,0,mixture/10.0/8/5/6
10.0,8,6,0,1000,800,5,constant,asw-pam,,5,0,0,mixture/10.0/8/5/6
10.0,8,7,0,1000,800,5,constant,safeguard,0.03979949748426472,16,0,0,mixture/10.0/8/5/7
10.0,8,7,0,1000,800,5,constant,asw-pam,,2,0,0,mixture/10.0/8/5/7
10.0,8,8,0,1000,800,5,constant,safeguard,0.038884444190447086,11,0,0,mixture/10.0/8/5/8
10.0,8,8,0,1000,800,5,constant,asw-pam,,4,0,0,mixture/10.0/8/5/8
10.0,8,9,0,1000,800,5,constant,safeguard,0.03979949748426472,19,0,0,mixture/10.0/8/5/9
10.0,8,9,0,1000,800,5,constant,asw-pam,,2,0,0,mixture/10.0/8/5/9
10.0,8,10,0,1000,800,5,constant,safeguard,0.03979949748426472,15,0,0,mixture/10.0/8/5/10
10.0,8,10,0,1000,800,5,constant,asw-pam,,3,0,0,mixture/10.0/8/5/10
10.0,8,11,0,1000,800,5,constant,safeguard,0.03687817782917153,40,0,0,mixture/10.0/8/5/11
10.0,8,11,0,1000,800,5,constant,asw-pam,,3,0,0,mixture/10.0/8/5/11
10.0,8,12,0,1000,800,5,constant,safeguard,0.038884444190447086,12,0,0,mixture/10.0/8/5/12
10.0,8,12,0,1000,800,5,constant,asw-pam,,2,0,0,mixture/10.0/8/5/12
10.0,8,13,0,1000,800,5,constant,safeguard,0.038884444190447086,8,1,0,mixture/10.0/8/5/13
10.0,8,13,0,1000,800,5,constant,asw-pam,,3,0,0,mixture/10.0/8/5/13
10.0,8,14,0,1000,800,5,constant,safeguard,0.036878177829171584,50,0,0,mixture/10.0/8/5/14
10.0,8,14,0,1000,800,5,constant,asw-pam,,4,0,0,mixture/10.0/8/5/14
10.0,8,15,0,1000,800,5,constant,safeguard,0.038884444190447134,15,0,0,mixture/10.0/8/5/15
10.0,8,15,0,1000,800,5,constant,asw-pam,,2,0,0,mixture/10.0/8/5/15
10.0,8,16,0,1000,800,5,constant,safeguard,0.037947331922020475,103,0,0,mixture/10.0/8/5/16
10.0,8,16,0,1000,800,5,constant,asw-pam,,2,0,0,mixture/10.0/8/5/16
10.0,8,17,0,1000,800,5,constant,safeguard,0.037788887255382354,52,0,0,mixture/10.0/8/5/17
10.0,8,17,0,1000,800,5,constant,asw-pam,,2,0,0,mixture/10.0/8/5/17
10.0,8,18,0,1000,800,5,constant,safeguard,0.0377888872553824,41,0,0,mixture/10.0/8/5/18
10.0,8,18,0,1000,800,5,constant,asw-pam,,2,0,0,mixture/10.0/8/5/18
10.0,8,19,0,1000,800,5,constant,safeguard,0.037788887255382354,77,0,0,mixture/10.0/8/5/19
10.0,8,19,0,1000,800,5,constant,asw-pam,,2,0,0,mixture/10.0/8/5/19
10.0,8,20,0,1000,800,5,constant,safeguard,0.03979949748426472,28,0,0,mixture/10.0/8/5/20
10.0,8,20,0,1000,800,5,constant,asw-pam,,7,0,0,mixture/10.0/8/5/20
10.0,8,21,0,1000,800,5,constant,safeguard,0.037788887255382354,64,0,0,mixture/10.0/8/5/21
10.0,8,21,0,1000,800,5,constant,asw-pam,,2,0,0,mixture/10.0/8/5/21
10.0,8,22,0,1000,800,5,constant,safeguard,0.03979949748426472,17,0,0,mixture/10.0/8/5/22
10.0,8,22,0,1000,800,5,constant,asw-pam,,2,0,0,mixture/10.0/8/5/22
10.0,8,23,0,1000,800,5,constant,safeguard,0.038884444190447086,14,0,0,mixture/10.0/8/5/23
10.0,8,23,0,1000,800,5,constant,asw-pam,,2,0,0,mixture/10.0/8/5/23
10.0,8,24,0,1000,800,5,constant,safeguard,0.04069397989875158,7,0,0,mixture/10.0/8/5/24
10.0,8,24,0,1000,800,5,constant,asw-pam,,3,0,0,mixture/10.0/8/5/24
10.0,8,25,0,1000,800,5,constant,safeguard,0.037788887255382354,43,0,0,mixture/10.0/8/5/25
10.0,8,25,0,1000,800,5,constant,asw-pam,,6,0,0,mixture/10.0/8/5/25
10.0,8,26,0,1000,800,5,constant,safeguard,0.0377888872553824,69,0,0,mixture/10.0/8/5/26
10.0,8,26,0,1000,800,5,constant,asw-pam,,2,0,0,mixture/10.0/8/5/26
10.0,8,27,0,1000,800,5,constant,safeguard,0.03979949748426472,8,1,0,mixture/10.0/8/5/27
10.0,8,27,0,1000,800,5,constant,asw-pam,,2,0,0,mixture/10.0/8/5/27
10.0,8,28,0,1000,800,5,constant,safeguard,0.037788887255382354,52,0,0,mixture/10.0/8/5/28
10.0,8,28,0,1000,800,5,constant,asw-pam,,3,0,0,mixture/10.0/8/5/28
10.0,8,29,0,1000,800,5,constant,safeguard,0.03979949748426472,14,0,0,mixture/10.0/8/5/29
10.0,8,29,0,1000,800,5,constant,asw-pam,,2,0,0,mixture/10.0/8/5/29
10.0,9,0,0,1000,800,5,constant,safeguard,0.03979949748426472,10,0,0,mixture/10.0/9/5/0
10.0,9,0,0,1000,800,5,constant,asw-pam,,3,0,0,mixture/10.0/9/5/0
10.0,9,1,0,1000,800,5,constant,safeguard,0.03867815921162742,10,0,0,mixture/10.0/9/5/1
10.0,9,1,0,1000,800,5,constant,asw-pam,,5,0,0,mixture/10.0/9/5/1
10.0,9,2,0,1000,800,5,constant,safeguard,0.036878177829171584,67,0,0,mixture/10.0/9/5/2
10.0,9,2,0,1000,800,5,constant,asw-pam,,2,0,0,mixture/10.0/9/5/2
10.0,9,3,0,1000,800,5,constant,safeguard,0.03687817782917153,30,0,0,mixture/10.0/9/5/3
10.0,9,3,0,1000,800,5,constant,asw-pam,,2,0,0,mixture/10.0/9/5/3
10.0,9,4,0,1000,800,5,constant,safeguard,0.038884444190447086,24,0,0,mixture/10.0/9/5/4
10.0,9,4,0,1000,800,5,constant,asw-pam,,2,0,0,mixture/10.0/9/5/4
10.0,9,5,0,1000,800,5,constant,safeguard,0.03979949748426472,11,0,0,mixture/10.0/9/5/5
10.0,9,5,0,1000,800,5,constant,asw-pam,,2,0,0,mixture/10.0/9/5/5
10.0,9,6,0,1000,800,5,constant,safeguard,0.04069397989875154,4,0,0,mixture/10.0/9/5/6
10.0,9,6,0,1000,800,5,constant,asw-pam,,2,0,0,mixture/10.0/9/5/6
10.0,9,7,0,1000,800,5,constant,safeguard,0.038884444190447086,11,0,0,mixture/10.0/9/5/7
10.0,9,7,0,1000,800,5,constant,asw-pam,,2,0,0,mixture/10.0/9/5/7
10.0,9,8,0,1000,800,5,constant,safeguard,0.04156921938165298,2,0,0,mixture/10.0/9/5/8
10.0,9,8,0,1000,800,5,constant,asw-pam,,4,0,0,mixture/10.0/9/5/8
10.0,9,9,0,1000,800,5,constant,safeguard,0.03687817782917153,68,0,0,mixture/10.0/9/5/9
10.0,9,9,0,1000,800,5,constant,asw-pam,,6,0,0,mixture/10.0/9/5/9
10.0,9,10,0,1000,800,5,constant,safeguard,0.038884444190447086,23,0,0,mixture/10.0/9/5/10
10.0,9,10,0,1000,800,5,constant,asw-pam,,2,0,0,mixture/10.0/9/5/10
10.0,9,11,0,1000,800,5,constant,safeguard,0.0377888872553824,62,0,0,mixture/10.0/9/5/11
10.0,9,11,0,1000,800,5,constant,asw-pam,,2,0,0,mixture/10.0/9/5/11
10.0,9,12,0,1000,800,5,constant,safeguard,0.038884444190447134,16,0,0,mixture/10.0/9/5/12
10.0,9,12,0,1000,800,5,constant,asw-pam,,2,0,0,mixture/10.0/9/5/12
10.0,9,13,0,1000,800,5,constant,safeguard,0.03867815921162742,7,0,0,mixture/10.0/9/5/13
10.0,9,13,0,1000,800,5,constant,asw-pam,,2,0,0,mixture/10.0/9/5/13
10.0,9,14,0,1000,800,5,constant,safeguard,0.03979949748426477,17,0,0,mixture/10.0/9/5/14
10.0,9,14,0,1000,800,5,constant,asw-pam,,2,0,0,mixture/10.0/9/5/14
10.0,9,15,0,1000,800,5,constant,safeguard,0.036878177829171584,32,0,0,mixture/10.0/9/5/15
10.0,9,15,0,1000,800,5,constant,asw-pam,,2,0,0,mixture/10.0/9/5/15
10.0,9,16,0,1000,800,5,constant,safeguard,0.03979949748426472,17,0,0,mixture/10.0/9/5/16
10.0,9,16,0,1000,800,5,constant,asw-pam,,2,0,0,mixture/10.0/9/5/16
10.0,9,17,0,1000,800,5,constant,safeguard,0.03794733192202053,91,0,0,mixture/10.0/9/5/17
10.0,9,17,0,1000,800,5,constant,asw-pam,,2,0,0,mixture/10.0/9/5/17
10.0,9,18,0,1000,800,5,constant,safeguard,0.038884444190447086,17,0,0,mixture/10.0/9/5/18
10.0,9,18,0,1000,800,5,constant,asw-pam,,2,0,0,mixture/10.0/9/5/18
10.0,9,19,0,1000,800,5,constant,safeguard,0.038884444190447086,11,0,0,mixture/10.0/9/5/19
10.0,9,19,0,1000,800,5,constant,asw-pam,,2,0,0,mixture/10.0/9/5/19
10.0,9,20,0,1000,800,5,constant,safeguard,0.038884444190447086,18,0,0,mixture/10.0/9/5/20
10.0,9,20,0,1000,800,5,constant,asw-pam,,2,0,0,mixture/10.0/9/5/20
10.0,9,21,0,1000,800,5,constant,safeguard,0.038884444190447134,11,0,0,mixture/10.0/9/5/21
10.0,9,21,0,1000,800,5,constant,asw-pam,,2,0,0,mixture/10.0/9/5/21
10.0,9,22,0,1000,800,5,constant,safeguard,0.037788887255382354,71,0,0,mixture/10.0/9/5/22
10.0,9,22,0,1000,800,5,constant,asw-pam,,3,0,0,mixture/10.0/9/5/22
10.0,9,23,0,1000,800,5,constant,safeguard,0.037947331922020475,73,0,0,mixture/10.0/9/5/23
10.0,9,23,0,1000,800,5,constant,asw-pam,,2,0,0,mixture/10.0/9/5/23
10.0,9,24,0,1000,800,5,constant,safeguard,0.04069397989875154,7,0,0,mixture/10.0/9/5/24
10.0,9,24,0,1000,800,5,constant,asw-pam,,2,0,0,mixture/10.0/9/5/24
10.0,9,25,0,1000,800,5,constant,safeguard,0.038884444190447086,20,0,0,mixture/10.0/9/5/25
10.0,9,25,0,1000,800,5,constant,asw-pam,,3,0,0,mixture/10.0/9/5/25
10.0,9,26,0,1000,800,5,constant,safeguard,0.038884444190447134,14,0,0,mixture/10.0/9/5/26
10.0,9,26,0,1000,800,5,constant,asw-pam,,2,0,0,mixture/10.0/9/5/26
10.0,9,27,0,1000,800,5,constant,safeguard,0.03687817782917153,29,0,0,mixture/10.0/9/5/27
10.0,9,27,0,1000,800,5,constant,asw-pam,,2,0,0,mixture/10.0/9/5/27
10.0,9,28,0,1000,800,5,constant,safeguard,0.03687817782917153,63,0,0,mixture/10.0/9/5/28
10.0,9,28,0,1000,800,5,constant,asw-pam,,2,0,0,mixture/10.0/9/5/28
10.0,9,29,0,1000,800,5,constant,safeguard,0.04069397989875154,5,0,0,mixture/10.0/9/5/29
10.0,9,29,0,1000,800,5,constant,asw-pam,,3,0,0,mixture/10.0/9/5/29
10.0,10,0,0,1000,800,5,constant,safeguard,0.038884444190447134,26,0,0,mixture/10.0/10/5/0
10.0,10,0,0,1000,800,5,constant,asw-pam,,2,0,0,mixture/10.0/10/5/0
10.0,10,1,0,1000,800,5,constant,safeguard,0.04069397989875154,6,0,0,mixture/10.0/10/5/1
10.0,10,1,0,1000,800,5,constant,asw-pam,,2,0,0,mixture/10.0/10/5/1
10.0,10,2,0,1000,800,5,constant,safeguard,0.03979949748426472,21,0,0,mixture/10.0/10/5/2
10.0,10,2,0,1000,800,5,constant,asw-pam,,3,0,0,mixture/10.0/10/5/2
10.0,10,3,0,1000,800,5,constant,safeguard,0.036878177829171584,43,0,0,mixture/10.0/10/5/3
10.0,10,3,0,1000,800,5,constant,asw-pam,,2,0,0,mixture/10.0/10/5/3
10.0,10,4,0,1000,800,5,constant,safeguard,0.04069397989875154,7,0,0,mixture/10.0/10/5/4
10.0,10,4,0,1000,800,5,constant,asw-pam,,3,0,0,mixture/10.0/10/5/4
10.0,10,5,0,1000,800,5,constant,safeguard,0.0377888872553824,51,0,0,mixture/10.0/10/5/5
10.0,10,5,0,1000,800,5,constant,asw-pam,,2,0,0,mixture/10.0/10/5/5
10.0,10,6,0,1000,800,5,constant,safeguard,0.03979949748426477,22,0,0,mixture/10.0/10/5/6
10.0,10,6,0,1000,800,5,constant,asw-pam,,2,0,0,mixture/10.0/10/5/6
10.0,10,7,0,1000,800,5,constant,safeguard,0.041569219381653026,5,0,0,mixture/10.0/10/5/7
10.0,10,7,0,1000,800,5,constant,asw-pam,,2,0,0,mixture/10.0/10/5/7
10.0,10,8,0,1000,800,5,constant,safeguard,0.03794733192202053,89,0,0,mixture/10.0/10/5/8
10.0,10,8,0,1000,800,5,constant,asw-pam,,2,0,0,mixture/10.0/10/5/8
10.0,10,9,0,1000,800,5,constant,safeguard,0.037947331922020475,67,0,0,mixture/10.0/10/5/9
10.0,10,9,0,1000,800,5,constant,asw-pam,,2,0,0,mixture/10.0/10/5/9
10.0,10,10,0,1000,800,5,constant,safeguard,0.03979949748426472,24,0,0,mixture/10.0/10/5/10
10.0,10,10,0,1000,800,5,constant,asw-pam,,6,0,0,mixture/10.0/10/5/10
10.0,10,11,0,1000,800,5,constant,safeguard,0.038884444190447134,15,0,0,mixture/10.0/10/5/11
10.0,10,11,0,1000,800,5,constant,asw-pam,,3,0,0,mixture/10.0/10/5/11
10.0,10,12,0,1000,800,5,constant,safeguard,0.037788887255382354,78,0,0,mixture/10.0/10/5/12
10.0,10,12,0,1000,800,5,constant,asw-pam,,3,0,0,mixture/10.0/10/5/12
10.0,10,13,0,1000,800,5,constant,safeguard,0.038884444190447086,18,0,0,mixture/10.0/10/5/13
10.0,10,13,0,1000,800,5,constant,asw-pam,,3,0,0,mixture/10.0/10/5/13
10.0,10,14,0,1000,800,5,constant,safeguard,0.037788887255382354,61,0,0,mixture/10.0/10/5/14
10.0,10,14,0,1000,800,5,constant,asw-pam,,2,0,0,mixture/10.0/10/5/14
10.0,10,15,0,1000,800,5,constant,safeguard,0.037788887255382354,43,0,0,mixture/10.0/10/5/15
10.0,10,15,0,1000,800,5,constant,asw-pam,,2,0,0,mixture/10.0/10/5/15
10.0,10,16,0,1000,800,5,constant,safeguard,0.04069397989875154,3,0,0,mixture/10.0/10/5/16
10.0,10,16,0,1000,800,5,constant,asw-pam,,2,0,0,mixture/10.0/10/5/16
10.0,10,17,0,1000,800,5,constant,safeguard,0.037788887255382354,38,0,0,mixture/10.0/10/5/17
10.0,10,17,0,1000,800,5,constant,asw-pam,,2,0,0,mixture/10.0/10/5/17
10.0,10,18,0,1000,800,5,constant,safeguard,0.03794733192202053,89,0,0,mixture/10.0/10/5/18
10.0,10,18,0,1000,800,5,constant,asw-pam,,2,0,0,mixture/10.0/10/5/18
10.0,10,19,0,1000,800,5,constant,safeguard,0.03979949748426472,13,0,0,mixture/10.0/10/5/19
10.0,10,19,0,1000,800,5,constant,asw-pam,,3,0,0,mixture/10.0/10/5/19
10.0,10,20,0,1000,800,5,constant,safeguard,0.03979949748426472,28,0,0,mixture/10.0/10/5/20
10.0,10,20,0,1000,800,5,constant,asw-pam,,4,0,0,mixture/10.0/10/5/20
10.0,10,21,0,1000,800,5,constant,safeguard,0.036878177829171584,80,0,0,mixture/10.0/10/5/21
10.0,10,21,0,1000,800,5,constant,asw-pam,,2,0,0,mixture/10.0/10/5/21
10.0,10,22,0,1000,800,5,constant,safeguard,0.037788887255382354,71,0,0,mixture/10.0/10/5/22
10.0,10,22,0,1000,800,5,constant,asw-pam,,2,0,0,mixture/10.0/10/5/22
10.0,10,23,0,1000,800,5,constant,safeguard,0.037947331922020475,126,0,0,mixture/10.0/10/5/23
10.0,10,23,0,1000,800,5,constant,asw-pam,,2,0,0,mixture/10.0/10/5/23
10.0,10,24,0,1000,800,5,constant,safeguard,0.038884444190447086,11,0,0,mixture/10.0/10/5/24
10.0,10,24,0,1000,800,5,constant,asw-pam,,2,0,0,mixture/10.0/10/5/24
10.0,10,25,0,1000,800,5,constant,safeguard,0.037788887255382354,98,0,0,mixture/10.0/10/5/25
10.0,10,25,0,1000,800,5,constant,asw-pam,,2,0,0,mixture/10.0/10/5/25
10.0,10,26,0,1000,800,5,constant,safeguard,0.03687817782917153,33,0,0,mixture/10.0/10/5/26
10.0,10,26,0,1000,800,5,constant,asw-pam,,2,0,0,mixture/10.0/10/5/26
10.0,10,27,0,1000,800,5,constant,safeguard,0.03794733192202053,142,0,0,mixture/10.0/10/5/27
10.0,10,27,0,1000,800,5,constant,asw-pam,,3,0,0,mixture/10.0/10/5/27
10.0,10,28,0,1000,800,5,constant,safeguard,0.04069397989875154,3,0,0,mixture/10.0/10/5/28
10.0,10,28,0,1000,800,5,constant,asw-pam,,5,0,0,mixture/10.0/10/5/28
10.0,10,29,0,1000,800,5,constant,safeguard,0.04069397989875154,3,0,0,mixture/10.0/10/5/29
10.0,10,29,0,1000,800,5,constant,asw-pam,,5,0,0,mixture/10.0/10/5/29
