alpha,K,d,mixture_id,n,N,cost_scheme,algorithm,dataset_id,exact_recovery,ari,k_hat,k_correct,exact_recovery_at_k_hat,pam_one_swap_certified,pam_hit_cap,mixture_key
0.2,2,5,0,1000,800,constant,single,0,1,1.0,2,1,1,,,mixture/0.2/2/5/0
0.2,2,5,0,1000,800,constant,complete,0,1,1.0,2,1,1,,,mixture/0.2/2/5/0
0.2,2,5,0,1000,800,constant,average,0,1,1.0,2,1,1,,,mixture/0.2/2/5/0
0.2,2,5,0,1000,800,constant,pam,0,1,1.0,2,1,1,1,0,mixture/0.2/2/5/0
0.2,2,5,1,1000,800,constant,single,0,1,1.0,2,1,1,,,mixture/0.2/2/5/1
0.2,2,5,1,1000,800,constant,complete,0,1,1.0,2,1,1,,,mixture/0.2/2/5/1
0.2,2,5,1,1000,800,constant,average,0,1,1.0,2,1,1,,,mixture/0.2/2/5/1
0.2,2,5,1,1000,800,constant,pam,0,1,1.0,2,1,1,1,0,mixture/0.2/2/5/1
0.2,2,5,2,1000,800,constant,single,0,1,1.0,2,1,1,,,mixture/0.2/2/5/2
0.2,2,5,2,1000,800,constant,complete,0,1,1.0,2,1,1,,,mixture/0.2/2/5/2
0.2,2,5,2,1000,800,constant,average,0,1,1.0,2,1,1,,,mixture/0.2/2/5/2
0.2,2,5,2,1000,800,constant,pam,0,1,1.0,2,1,1,1,0,mixture/0.2/2/5/2
0.2,2,5,3,1000,800,constant,single,0,1,1.0,2,1,1,,,mixture/0.2/2/5/3
0.2,2,5,3,1000,800,constant,complete,0,1,1.0,2,1,1,,,mixture/0.2/2/5/3
0.2,2,5,3,1000,800,constant,average,0,1,1.0,2,1,1,,,mixture/0.2/2/5/3
0.2,2,5,3,1000,800,constant,pam,0,1,1.0,2,1,1,1,0,mixture/0.2/2/5/3
0.2,2,5,4,1000,800,constant,single,0,1,1.0,2,1,1,,,mixture/0.2/2/5/4
0.2,2,5,4,1000,800,constant,complete,0,1,1.0,2,1,1,,,mixture/0.2/2/5/4
0.2,2,5,4,1000,800,constant,average,0,1,1.0,2,1,1,,,mixture/0.2/2/5/4
0.2,2,5,4,1000,800,constant,pam,0,1,1.0,2,1,1,1,0,mixture/0.2/2/5/4
0.2,2,5,5,1000,800,constant,single,0,1,1.0,2,1,1,,,mixture/0.2/2/5/5
0.2,2,5,5,1000,800,constant,complete,0,1,1.0,2,1,1,,,mixture/0.2/2/5/5
0.2,2,5,5,1000,800,constant,average,0,1,1.0,2,1,1,,,mixture/0.2/2/5/5
0.2,2,5,5,1000,800,constant,pam,0,1,1.0,2,1,1,1,0,mixture/0.2/2/5/5
0.2,2,5,6,1000,800,constant,single,0,1,1.0,2,1,1,,,mixture/0.2/2/5/6
0.2,2,5,6,1000,800,constant,complete,0,1,1.0,2,1,1,,,mixture/0.2/2/5/6
0.2,2,5,6,1000,800,constant,average,0,1,1.0,2,1,1,,,mixture/0.2/2/5/6
0.2,2,5,6,1000,800,constant,pam,0,1,1.0,2,1,1,1,0,mixture/0.2/2/5/6
0.2,2,5,7,1000,800,constant,single,0,1,1.0,2,1,1,,,mixture/0.2/2/5/7
0.2,2,5,7,1000,800,constant,complete,0,1,1.0,2,1,1,,,mixture/0.2/2/5/7
0.2,2,5,7,1000,800,constant,average,0,1,1.0,2,1,1,,,mixture/0.2/2/5/7
0.2,2,5,7,1000,800,constant,pam,0,1,1.0,2,1,1,1,0,mixture/0.2/2/5/7
0.2,2,5,8,1000,800,constant,single,0,1,1.0,2,1,1,,,mixture/0.2/2/5/8
0.2,2,5,8,1000,800,constant,complete,0,1,1.0,2,1,1,,,mixture/0.2/2/5/8
0.2,2,5,8,1000,800,constant,average,0,1,1.0,2,1,1,,,mixture/0.2/2/5/8
0.2,2,5,8,1000,800,constant,pam,0,1,1.0,2,1,1,1,0,mixture/0.2/2/5/8
0.2,2,5,9,1000,800,constant,single,0,1,1.0,2,1,1,,,mixture/0.2/2/5/9
0.2,2,5,9,1000,800,constant,complete,0,1,1.0,2,1,1,,,mixture/0.2/2/5/9
0.2,2,5,9,1000,800,constant,average,0,1,1.0,2,1,1,,,mixture/0.2/2/5/9
0.2,2,5,9,1000,800,constant,pam,0,1,1.0,2,1,1,1,0,mixture/0.2/2/5/9
0.2,2,5,10,1000,800,constant,single,0,1,1.0,2,1,1,,,mixture/0.2/2/5/10
0.2,2,5,10,1000,800,constant,complete,0,1,1.0,2,1,1,,,mixture/0.2/2/5/10
0.2,2,5,10,1000,800,constant,average,0,1,1.0,2,1,1,,,mixture/0.2/2/5/10
0.2,2,5,10,1000,800,constant,pam,0,1,1.0,2,1,1,1,0,mixture/0.2/2/5/10
0.2,2,5,11,1000,800,constant,single,0,1,1.0,2,1,1,,,mixture/0.2/2/5/11
0.2,2,5,11,1000,800,constant,complete,0,1,1.0,2,1,1,,,mixture/0.2/2/5/11
0.2,2,5,11,1000,800,constant,average,0,1,1.0,2,1,1,,,mixture/0.2/2/5/11
0.2,2,5,11,1000,800,constant,pam,0,1,1.0,2,1,1,1,0,mixture/0.2/2/5/11
0.2,2,5,12,1000,800,constant,single,0,1,1.0,2,1,1,,,mixture/0.2/2/5/12
0.2,2,5,12,1000,800,constant,complete,0,1,1.0,2,1,1,,,mixture/0.2/2/5/12
0.2,2,5,12,1000,800,constant,average,0,1,1.0,2,1,1,,,mixture/0.2/2/5/12
0.2,2,5,12,1000,800,constant,pam,0,1,1.0,2,1,1,1,0,mixture/0.2/2/5/12
0.2,2,5,13,1000,800,constant,single,0,1,1.0,2,1,1,,,mixture/0.2/2/5/13
0.2,2,5,13,1000,800,constant,complete,0,1,1.0,2,1,1,,,mixture/0.2/2/5/13
0.2,2,5,13,1000,800,constant,average,0,1,1.0,2,1,1,,,mixture/0.2/2/5/13
0.2,2,5,13,1000,800,constant,pam,0,1,1.0,2,1,1,1,0,mixture/0.2/2/5/13
0.2,2,5,14,1000,800,constant,single,0,1,1.0,2,1,1,,,mixture/0.2/2/5/14
0.2,2,5,14,1000,800,constant,complete,0,1,1.0,2,1,1,,,mixture/0.2/2/5/14
0.2,2,5,14,1000,800,constant,average,0,1,1.0,2,1,1,,,mixture/0.2/2/5/14
0.2,2,5,14,1000,800,constant,pam,0,1,1.0,2,1,1,1,0,mixture/0.2/2/5/14
0.2,2,5,15,1000,800,constant,single,0,1,1.0,2,1,1,,,mixture/0.2/2/5/15
0.2,2,5,15,1000,800,constant,complete,0,1,1.0,2,1,1,,,mixture/0.2/2/5/15
0.2,2,5,15,1000,800,constant,average,0,1,1.0,2,1,1,,,mixture/0.2/2/5/15
0.2,2,5,15,1000,800,constant,pam,0,1,1.0,2,1,1,1,0,mixture/0.2/2/5/15
0.2,2,5,16,1000,800,constant,single,0,1,1.0,2,1,1,,,mixture/0.2/2/5/16
0.2,2,5,16,1000,800,constant,complete,0,1,1.0,2,1,1,,,mixture/0.2/2/5/16
0.2,2,5,16,1000,800,constant,average,0,1,1.0,2,1,1,,,mixture/0.2/2/5/16
0.2,2,5,16,1000,800,constant,pam,0,1,1.0,2,1,1,1,0,mixture/0.2/2/5/16
0.2,2,5,17,1000,800,constant,single,0,1,1.0,2,1,1,,,mixture/0.2/2/5/17
0.2,2,5,17,1000,800,constant,complete,0,1,1.0,2,1,1,,,mixture/0.2/2/5/17
0.2,2,5,17,1000,800,constant,average,0,1,1.0,2,1,1,,,mixture/0.2/2/5/17
0.2,2,5,17,1000,800,constant,pam,0,1,1.0,2,1,1,1,0,mixture/0.2/2/5/17
0.2,2,5,18,1000,800,constant,single,0,1,1.0,2,1,1,,,mixture/0.2/2/5/18
0.2,2,5,18,1000,800,constant,complete,0,1,1.0,2,1,1,,,mixture/0.2/2/5/18
0.2,2,5,18,1000,800,constant,average,0,1,1.0,2,1,1,,,mixture/0.2/2/5/18
0.2,2,5,18,1000,800,constant,pam,0,1,1.0,2,1,1,1,0,mixture/0.2/2/5/18
0.2,2,5,19,1000,800,constant,single,0,1,1.0,2,1,1,,,mixture/0.2/2/5/19
0.2,2,5,19,1000,800,constant,complete,0,1,1.0,2,1,1,,,mixture/0.2/2/5/19
0.2,2,5,19,1000,800,constant,average,0,1,1.0,2,1,1,,,mixture/0.2/2/5/19
0.2,2,5,19,1000,800,constant,pam,0,1,1.0,2,1,1,1,0,mixture/0.2/2/5/19
0.2,2,5,20,1000,800,constant,single,0,1,1.0,2,1,1,,,mixture/0.2/2/5/20
0.2,2,5,20,1000,800,constant,complete,0,1,1.0,2,1,1,,,mixture/0.2/2/5/20
0.2,2,5,20,1000,800,constant,average,0,1,1.0,2,1,1,,,mixture/0.2/2/5/20
0.2,2,5,20,1000,800,constant,pam,0,1,1.0,2,1,1,1,0,mixture/0.2/2/5/20
0.2,2,5,21,1000,800,constant,single,0,1,1.0,2,1,1,,,mixture/0.2/2/5/21
0.2,2,5,21,1000,800,constant,complete,0,1,1.0,2,1,1,,,mixture/0.2/2/5/21
0.2,2,5,21,1000,800,constant,average,0,1,1.0,2,1,1,,,mixture/0.2/2/5/21
0.2,2,5,21,1000,800,constant,pam,0,1,1.0,2,1,1,1,0,mixture/0.2/2/5/21
0.2,2,5,22,1000,800,constant,single,0,1,1.0,2,1,1,,,mixture/0.2/2/5/22
0.2,2,5,22,1000,800,constant,complete,0,1,1.0,2,1,1,,,mixture/0.2/2/5/22
0.2,2,5,22,1000,800,constant,average,0,1,1.0,2,1,1,,,mixture/0.2/2/5/22
0.2,2,5,22,1000,800,constant,pam,0,1,1.0,2,1,1,1,0,mixture/0.2/2/5/22
0.2,2,5,23,1000,800,constant,single,0,1,1.0,2,1,1,,,mixture/0.2/2/5/23
0.2,2,5,23,1000,800,constant,complete,0,1,1.0,2,1,1,,,mixture/0.2/2/5/23
0.2,2,5,23,1000,800,constant,average,0,1,1.0,2,1,1,,,mixture/0.2/2/5/23
0.2,2,5,23,1000,800,constant,pam,0,1,1.0,2,1,1,1,0,mixture/0.2/2/5/23
0.2,2,5,24,1000,800,constant,single,0,1,1.0,2,1,1,,,mixture/0.2/2/5/24
0.2,2,5,24,1000,800,constant,complete,0,1,1.0,2,1,1,,,mixture/0.2/2/5/24
0.2,2,5,24,1000,800,constant,average,0,1,1.0,2,1,1,,,mixture/0.2/2/5/24
0.2,2,5,24,1000,800,constant,pam,0,1,1.0,2,1,1,1,0,mixture/0.2/2/5/24
0.2,2,5,25,1000,800,constant,single,0,1,1.0,2,1,1,,,mixture/0.2/2/5/25
0.2,2,5,25,1000,800,constant,complete,0,1,1.0,2,1,1,,,mixture/0.2/2/5/25
0.2,2,5,25,1000,800,constant,average,0,1,1.0,2,1,1,,,mixture/0.2/2/5/25
0.2,2,5,25,1000,800,constant,pam,0,1,1.0,2,1,1,1,0,mixture/0.2/2/5/25
0.2,2,5,26,1000,800,constant,single,0,1,1.0,2,1,1,,,mixture/0.2/2/5/26
0.2,2,5,26,1000,800,constant,complete,0,1,1.0,2,1,1,,,mixture/0.2/2/5/26
0.2,2,5,26,1000,800,constant,average,0,1,1.0,2,1,1,,,mixture/0.2/2/5/26
0.2,2,5,26,1000,800,constant,pam,0,1,1.0,2,1,1,1,0,mixture/0.2/2/5/26
0.2,2,5,27,1000,800,constant,single,0,1,1.0,2,1,1,,,mixture/0.2/2/5/27
0.2,2,5,27,1000,800,constant,complete,0,1,1.0,2,1,1,,,mixture/0.2/2/5/27
0.2,2,5,27,1000,800,constant,average,0,1,1.0,2,1,1,,,mixture/0.2/2/5/27
0.2,2,5,27,1000,800,constant,pam,0,1,1.0,2,1,1,1,0,mixture/0.2/2/5/27
0.2,2,5,28,1000,800,constant,single,0,1,1.0,2,1,1,,,mixture/0.2/2/5/28
0.2,2,5,28,1000,800,constant,complete,0,1,1.0,2,1,1,,,mixture/0.2/2/5/28
0.2,2,5,28,1000,800,constant,average,0,1,1.0,2,1,1,,,mixture/0.2/2/5/28
0.2,2,5,28,1000,800,constant,pam,0,1,1.0,2,1,1,1,0,mixture/0.2/2/5/28
0.2,2,5,29,1000,800,constant,single,0,1,1.0,2,1,1,,,mixture/0.2/2/5/29
0.2,2,5,29,1000,800,constant,complete,0,1,1.0,2,1,1,,,mixture/0.2/2/5/29
0.2,2,5,29,1000,800,constant,average,0,1,1.0,2,1,1,,,mixture/0.2/2/5/29
0.2,2,5,29,1000,800,constant,pam,0,1,1.0,2,1,1,1,0,mixture/0.2/2/5/29
0.2,3,5,0,1000,800,constant,single,0,1,1.0,2,0,0,,,mixture/0.2/3/5/0
0.2,3,5,0,1000,800,constant,complete,0,1,1.0,2,0,0,,,mixture/0.2/3/5/0
0.2,3,5,0,1000,800,constant,average,0,1,1.0,2,0,0,,,mixture/0.2/3/5/0
0.2,3,5,0,1000,800,constant,pam,0,1,1.0,2,0,0,1,0,mixture/0.2/3/5/0
0.2,3,5,1,1000,800,constant,single,0,1,1.0,3,1,1,,,mixture/0.2/3/5/1
0.2,3,5,1,1000,800,constant,complete,0,1,1.0,3,1,1,,,mixture/0.2/3/5/1
0.2,3,5,1,1000,800,constant,average,0,1,1.0,3,1,1,,,mixture/0.2/3/5/1
0.2,3,5,1,1000,800,constant,pam,0,1,1.0,3,1,1,1,0,mixture/0.2/3/5/1
0.2,3,5,2,1000,800,constant,single,0,1,1.0,3,1,1,,,mixture/0.2/3/5/2
0.2,3,5,2,1000,800,constant,complete,0,1,1.0,3,1,1,,,mixture/0.2/3/5/2
0.2,3,5,2,1000,800,constant,average,0,1,1.0,3,1,1,,,mixture/0.2/3/5/2
0.2,3,5,2,1000,800,constant,pam,0,1,1.0,3,1,1,1,0,mixture/0.2/3/5/2
0.2,3,5,3,1000,800,constant,single,0,1,1.0,3,1,1,,,mixture/0.2/3/5/3
0.2,3,5,3,1000,800,constant,complete,0,1,1.0,3,1,1,,,mixture/0.2/3/5/3
0.2,3,5,3,1000,800,constant,average,0,1,1.0,3,1,1,,,mixture/0.2/3/5/3
0.2,3,5,3,1000,800,constant,pam,0,1,1.0,3,1,1,1,0,mixture/0.2/3/5/3
0.2,3,5,4,1000,800,constant,single,0,1,1.0,3,1,1,,,mixture/0.2/3/5/4
0.2,3,5,4,1000,800,constant,complete,0,1,1.0,3,1,1,,,mixture/0.2/3/5/4
0.2,3,5,4,1000,800,constant,average,0,1,1.0,3,1,1,,,mixture/0.2/3/5/4
0.2,3,5,4,1000,800,constant,pam,0,1,1.0,3,1,1,1,0,mixture/0.2/3/5/4
0.2,3,5,5,1000,800,constant,single,0,0,0.5843759612182353,2,0,0,,,mixture/0.2/3/5/5
0.2,3,5,5,1000,800,constant,complete,0,1,1.0,2,0,0,,,mixture/0.2/3/5/5
0.2,3,5,5,1000,800,constant,average,0,1,1.0,2,0,0,,,mixture/0.2/3/5/5
0.2,3,5,5,1000,800,constant,pam,0,0,0.996317728306896,2,0,0,1,0,mixture/0.2/3/5/5
0.2,3,5,6,1000,800,constant,single,0,1,1.0,3,1,1,,,mixture/0.2/3/5/6
0.2,3,5,6,1000,800,constant,complete,0,1,1.0,3,1,1,,,mixture/0.2/3/5/6
0.2,3,5,6,1000,800,constant,average,0,1,1.0,3,1,1,,,mixture/0.2/3/5/6
0.2,3,5,6,1000,800,constant,pam,0,1,1.0,3,1,1,1,0,mixture/0.2/3/5/6
0.2,3,5,7,1000,800,constant,single,0,1,1.0,3,1,1,,,mixture/0.2/3/5/7
0.2,3,5,7,1000,800,constant,complete,0,1,1.0,3,1,1,,,mixture/0.2/3/5/7
0.2,3,5,7,1000,800,constant,average,0,1,1.0,3,1,1,,,mixture/0.2/3/5/7
0.2,3,5,7,1000,800,constant,pam,0,1,1.0,3,1,1,1,0,mixture/0.2/3/5/7
0.2,3,5,8,1000,800,constant,single,0,0,0.5734832281897466,3,1,0,,,mixture/0.2/3/5/8
0.2,3,5,8,1000,800,constant,complete,0,0,0.5716414667550802,3,1,0,,,mixture/0.2/3/5/8
0.2,3,5,8,1000,800,constant,average,0,0,0.5716414667550802,3,1,0,,,mixture/0.2/3/5/8
0.2,3,5,8,1000,800,constant,pam,0,1,1.0,3,1,1,1,0,mixture/0.2/3/5/8
0.2,3,5,9,1000,800,constant,single,0,1,1.0,3,1,1,,,mixture/0.2/3/5/9
0.2,3,5,9,1000,800,constant,complete,0,1,1.0,3,1,1,,,mixture/0.2/3/5/9
0.2,3,5,9,1000,800,constant,average,0,1,1.0,3,1,1,,,mixture/0.2/3/5/9
0.2,3,5,9,1000,800,constant,pam,0,1,1.0,3,1,1,1,0,mixture/0.2/3/5/9
0.2,3,5,10,1000,800,constant,single,0,0,0.565801847008368,2,0,0,,,mixture/0.2/3/5/10
0.2,3,5,10,1000,800,constant,complete,0,0,0.5132309532081788,2,0,0,,,mixture/0.2/3/5/10
0.2,3,5,10,1000,800,constant,average,0,0,0.5522631887315859,2,0,0,,,mixture/0.2/3/5/10
0.2,3,5,10,1000,800,constant,pam,0,0,0.9962237583766552,2,0,0,1,0,mixture/0.2/3/5/10
0.2,3,5,11,1000,800,constant,single,0,1,1.0,3,1,1,,,mixture/0.2/3/5/11
0.2,3,5,11,1000,800,constant,complete,0,1,1.0,3,1,1,,,mixture/0.2/3/5/11
0.2,3,5,11,1000,800,constant,average,0,1,1.0,3,1,1,,,mixture/0.2/3/5/11
0.2,3,5,11,1000,800,constant,pam,0,1,1.0,3,1,1,1,0,mixture/0.2/3/5/11
0.2,3,5,12,1000,800,constant,single,0,1,1.0,3,1,1,,,mixture/0.2/3/5/12
0.2,3,5,12,1000,800,constant,complete,0,1,1.0,3,1,1,,,mixture/0.2/3/5/12
0.2,3,5,12,1000,800,constant,average,0,1,1.0,3,1,1,,,mixture/0.2/3/5/12
0.2,3,5,12,1000,800,constant,pam,0,1,1.0,3,1,1,1,0,mixture/0.2/3/5/12
0.2,3,5,13,1000,800,constant,single,0,1,1.0,3,1,1,,,mixture/0.2/3/5/13
0.2,3,5,13,1000,800,constant,complete,0,1,1.0,3,1,1,,,mixture/0.2/3/5/13
0.2,3,5,13,1000,800,constant,average,0,1,1.0,3,1,1,,,mixture/0.2/3/5/13
0.2,3,5,13,1000,800,constant,pam,0,1,1.0,3,1,1,1,0,mixture/0.2/3/5/13
0.2,3,5,14,1000,800,constant,single,0,1,1.0,3,1,1,,,mixture/0.2/3/5/14
0.2,3,5,14,1000,800,constant,complete,0,1,1.0,3,1,1,,,mixture/0.2/3/5/14
0.2,3,5,14,1000,800,constant,average,0,1,1.0,3,1,1,,,mixture/0.2/3/5/14
0.2,3,5,14,1000,800,constant,pam,0,1,1.0,3,1,1,1,0,mixture/0.2/3/5/14
0.2,3,5,15,1000,800,constant,single,0,1,1.0,3,1,1,,,mixture/0.2/3/5/15
0.2,3,5,15,1000,800,constant,complete,0,1,1.0,3,1,1,,,mixture/0.2/3/5/15
0.2,3,5,15,1000,800,constant,average,0,1,1.0,3,1,1,,,mixture/0.2/3/5/15
0.2,3,5,15,1000,800,constant,pam,0,1,1.0,3,1,1,1,0,mixture/0.2/3/5/15
0.2,3,5,16,1000,800,constant,single,0,1,1.0,4,0,0,,,mixture/0.2/3/5/16
0.2,3,5,16,1000,800,constant,complete,0,1,1.0,4,0,0,,,mixture/0.2/3/5/16
0.2,3,5,16,1000,800,constant,average,0,1,1.0,4,0,0,,,mixture/0.2/3/5/16
0.2,3,5,16,1000,800,constant,pam,0,1,1.0,4,0,0,1,0,mixture/0.2/3/5/16
0.2,3,5,17,1000,800,constant,single,0,1,1.0,3,1,1,,,mixture/0.2/3/5/17
0.2,3,5,17,1000,800,constant,complete,0,1,1.0,3,1,1,,,mixture/0.2/3/5/17
0.2,3,5,17,1000,800,constant,average,0,1,1.0,3,1,1,,,mixture/0.2/3/5/17
0.2,3,5,17,1000,800,constant,pam,0,1,1.0,3,1,1,1,0,mixture/0.2/3/5/17
0.2,3,5,18,1000,800,constant,single,0,1,1.0,3,1,1,,,mixture/0.2/3/5/18
0.2,3,5,18,1000,800,constant,complete,0,1,1.0,3,1,1,,,mixture/0.2/3/5/18
0.2,3,5,18,1000,800,constant,average,0,1,1.0,3,1,1,,,mixture/0.2/3/5/18
0.2,3,5,18,1000,800,constant,pam,0,1,1.0,3,1,1,1,0,mixture/0.2/3/5/18
0.2,3,5,19,1000,800,constant,single,0,1,1.0,3,1,1,,,mixture/0.2/3/5/19
0.2,3,5,19,1000,800,constant,complete,0,1,1.0,3,1,1,,,mixture/0.2/3/5/19
0.2,3,5,19,1000,800,constant,average,0,1,1.0,3,1,1,,,mixture/0.2/3/5/19
0.2,3,5,19,1000,800,constant,pam,0,1,1.0,3,1,1,1,0,mixture/0.2/3/5/19
0.2,3,5,20,1000,800,constant,single,0,1,1.0,3,1,1,,,mixture/0.2/3/5/20
0.2,3,5,20,1000,800,constant,complete,0,1,1.0,3,1,1,,,mixture/0.2/3/5/20
0.2,3,5,20,1000,800,constant,average,0,1,1.0,3,1,1,,,mixture/0.2/3/5/20
0.2,3,5,20,1000,800,constant,pam,0,1,1.0,3,1,1,1,0,mixture/0.2/3/5/20
0.2,3,5,21,1000,800,constant,single,0,1,1.0,3,1,1,,,mixture/0.2/3/5/21
0.2,3,5,21,1000,800,constant,complete,0,1,1.0,3,1,1,,,mixture/0.2/3/5/21
0.2,3,5,21,1000,800,constant,average,0,1,1.0,3,1,1,,,mixture/0.2/3/5/21
0.2,3,5,21,1000,800,constant,pam,0,1,1.0,3,1,1,1,0,mixture/0.2/3/5/21
0.2,3,5,22,1000,800,constant,single,0,1,1.0,3,1,1,,,mixture/0.2/3/5/22
0.2,3,5,22,1000,800,constant,complete,0,1,1.0,3,1,1,,,mixture/0.2/3/5/22
0.2,3,5,22,1000,800,constant,average,0,1,1.0,3,1,1,,,mixture/0.2/3/5/22
0.2,3,5,22,1000,800,constant,pam,0,1,1.0,3,1,1,1,0,mixture/0.2/3/5/22
0.2,3,5,23,1000,800,constant,single,0,1,1.0,3,1,1,,,mixture/0.2/3/5/23
0.2,3,5,23,1000,800,constant,complete,0,1,1.0,3,1,1,,,mixture/0.2/3/5/23
0.2,3,5,23,1000,800,constant,average,0,1,1.0,3,1,1,,,mixture/0.2/3/5/23
0.2,3,5,23,1000,800,constant,pam,0,1,1.0,3,1,1,1,0,mixture/0.2/3/5/23
0.2,3,5,24,1000,800,constant,single,0,1,1.0,3,1,1,,,mixture/0.2/3/5/24
0.2,3,5,24,1000,800,constant,complete,0,1,1.0,3,1,1,,,mixture/0.2/3/5/24
0.2,3,5,24,1000,800,constant,average,0,1,1.0,3,1,1,,,mixture/0.2/3/5/24
0.2,3,5,24,1000,800,constant,pam,0,1,1.0,3,1,1,1,0,mixture/0.2/3/5/24
0.2,3,5,25,1000,800,constant,single,0,1,1.0,3,1,1,,,mixture/0.2/3/5/25
0.2,3,5,25,1000,800,constant,complete,0,1,1.0,3,1,1,,,mixture/0.2/3/5/25
0.2,3,5,25,1000,800,constant,average,0,1,1.0,3,1,1,,,mixture/0.2/3/5/25
0.2,3,5,25,1000,800,constant,pam,0,1,1.0,3,1,1,1,0,mixture/0.2/3/5/25
0.2,3,5,26,1000,800,constant,single,0,1,1.0,3,1,1,,,mixture/0.2/3/5/26
0.2,3,5,26,1000,800,constant,complete,0,1,1.0,3,1,1,,,mixture/0.2/3/5/26
0.2,3,5,26,1000,800,constant,average,0,1,1.0,3,1,1,,,mixture/0.2/3/5/26
0.2,3,5,26,1000,800,constant,pam,0,1,1.0,3,1,1,1,0,mixture/0.2/3/5/26
0.2,3,5,27,1000,800,constant,single,0,1,1.0,3,1,1,,,mixture/0.2/3/5/27
0.2,3,5,27,1000,800,constant,complete,0,1,1.0,3,1,1,,,mixture/0.2/3/5/27
0.2,3,5,27,1000,800,constant,average,0,1,1.0,3,1,1,,,mixture/0.2/3/5/27
0.2,3,5,27,1000,800,constant,pam,0,1,1.0,3,1,1,1,0,mixture/0.2/3/5/27
0.2,3,5,28,1000,800,constant,single,0,1,1.0,3,1,1,,,mixture/0.2/3/5/28
0.2,3,5,28,1000,800,constant,complete,0,1,1.0,3,1,1,,,mixture/0.2/3/5/28
0.2,3,5,28,1000,800,constant,average,0,1,1.0,3,1,1,,,mixture/0.2/3/5/28
0.2,3,5,28,1000,800,constant,pam,0,1,1.0,3,1,1,1,0,mixture/0.2/3/5/28
0.2,3,5,29,1000,800,constant,single,0,1,1.0,3,1,1,,,mixture/0.2/3/5/29
0.2,3,5,29,1000,800,constant,complete,0,1,1.0,3,1,1,,,mixture/0.2/3/5/29
0.2,3,5,29,1000,800,constant,average,0,1,1.0,3,1,1,,,mixture/0.2/3/5/29
0.2,3,5,29,1000,800,constant,pam,0,1,1.0,3,1,1,1,0,mixture/0.2/3/5/29
0.2,4,5,0,1000,800,constant,single,0,1,1.0,4,1,1,,,mixture/0.2/4/5/0
0.2,4,5,0,1000,800,constant,complete,0,1,1.0,4,1,1,,,mixture/0.2/4/5/0
0.2,4,5,0,1000,800,constant,average,0,1,1.0,4,1,1,,,mixture/0.2/4/5/0
0.2,4,5,0,1000,800,constant,pam,0,1,1.0,4,1,1,1,0,mixture/0.2/4/5/0
0.2,4,5,1,1000,800,constant,single,0,1,1.0,4,1,1,,,mixture/0.2/4/5/1
0.2,4,5,1,1000,800,constant,complete,0,1,1.0,4,1,1,,,mixture/0.2/4/5/1
0.2,4,5,1,1000,800,constant,average,0,1,1.0,4,1,1,,,mixture/0.2/4/5/1
0.2,4,5,1,1000,800,constant,pam,0,1,1.0,4,1,1,1,0,mixture/0.2/4/5/1
0.2,4,5,2,1000,800,constant,single,0,1,1.0,4,1,1,,,mixture/0.2/4/5/2
0.2,4,5,2,1000,800,constant,complete,0,1,1.0,4,1,1,,,mixture/0.2/4/5/2
0.2,4,5,2,1000,800,constant,average,0,1,1.0,4,1,1,,,mixture/0.2/4/5/2
0.2,4,5,2,1000,800,constant,pam,0,1,1.0,4,1,1,1,0,mixture/0.2/4/5/2
0.2,4,5,3,1000,800,constant,single,0,1,1.0,4,1,1,,,mixture/0.2/4/5/3
0.2,4,5,3,1000,800,constant,complete,0,1,1.0,4,1,1,,,mixture/0.2/4/5/3
0.2,4,5,3,1000,800,constant,average,0,1,1.0,4,1,1,,,mixture/0.2/4/5/3
0.2,4,5,3,1000,800,constant,pam,0,1,1.0,4,1,1,1,0,mixture/0.2/4/5/3
0.2,4,5,4,1000,800,constant,single,0,1,1.0,4,1,1,,,mixture/0.2/4/5/4
0.2,4,5,4,1000,800,constant,complete,0,1,1.0,4,1,1,,,mixture/0.2/4/5/4
0.2,4,5,4,1000,800,constant,average,0,1,1.0,4,1,1,,,mixture/0.2/4/5/4
0.2,4,5,4,1000,800,constant,pam,0,1,1.0,4,1,1,1,0,mixture/0.2/4/5/4
0.2,4,5,5,1000,800,constant,single,0,0,0.7217762948456681,3,0,0,,,mixture/0.2/4/5/5
0.2,4,5,5,1000,800,constant,complete,0,1,1.0,3,0,0,,,mixture/0.2/4/5/5
0.2,4,5,5,1000,800,constant,average,0,1,1.0,3,0,0,,,mixture/0.2/4/5/5
0.2,4,5,5,1000,800,constant,pam,0,1,1.0,3,0,0,1,0,mixture/0.2/4/5/5
0.2,4,5,6,1000,800,constant,single,0,1,1.0,4,1,1,,,mixture/0.2/4/5/6
0.2,4,5,6,1000,800,constant,complete,0,1,1.0,4,1,1,,,mixture/0.2/4/5/6
0.2,4,5,6,1000,800,constant,average,0,1,1.0,4,1,1,,,mixture/0.2/4/5/6
0.2,4,5,6,1000,800,constant,pam,0,1,1.0,4,1,1,1,0,mixture/0.2/4/5/6
0.2,4,5,7,1000,800,constant,single,0,1,1.0,4,1,1,,,mixture/0.2/4/5/7
0.2,4,5,7,1000,800,constant,complete,0,1,1.0,4,1,1,,,mixture/0.2/4/5/7
0.2,4,5,7,1000,800,constant,average,0,1,1.0,4,1,1,,,mixture/0.2/4/5/7
0.2,4,5,7,1000,800,constant,pam,0,1,1.0,4,1,1,1,0,mixture/0.2/4/5/7
0.2,4,5,8,1000,800,constant,single,0,1,1.0,4,1,1,,,mixture/0.2/4/5/8
0.2,4,5,8,1000,800,constant,complete,0,1,1.0,4,1,1,,,mixture/0.2/4/5/8
0.2,4,5,8,1000,800,constant,average,0,1,1.0,4,1,1,,,mixture/0.2/4/5/8
0.2,4,5,8,1000,800,constant,pam,0,1,1.0,4,1,1,1,0,mixture/0.2/4/5/8
0.2,4,5,9,1000,800,constant,single,0,1,1.0,4,1,1,,,mixture/0.2/4/5/9
0.2,4,5,9,1000,800,constant,complete,0,1,1.0,4,1,1,,,mixture/0.2/4/5/9
0.2,4,5,9,1000,800,constant,average,0,1,1.0,4,1,1,,,mixture/0.2/4/5/9
0.2,4,5,9,1000,800,constant,pam,0,1,1.0,4,1,1,1,0,mixture/0.2/4/5/9
0.2,4,5,10,1000,800,constant,single,0,1,1.0,4,1,1,,,mixture/0.2/4/5/10
0.2,4,5,10,1000,800,constant,complete,0,1,1.0,4,1,1,,,mixture/0.2/4/5/10
0.2,4,5,10,1000,800,constant,average,0,1,1.0,4,1,1,,,mixture/0.2/4/5/10
0.2,4,5,10,1000,800,constant,pam,0,1,1.0,4,1,1,1,0,mixture/0.2/4/5/10
0.2,4,5,11,1000,800,constant,single,0,1,1.0,4,1,1,,,mixture/0.2/4/5/11
0.2,4,5,11,1000,800,constant,complete,0,1,1.0,4,1,1,,,mixture/0.2/4/5/11
0.2,4,5,11,1000,800,constant,average,0,1,1.0,4,1,1,,,mixture/0.2/4/5/11
0.2,4,5,11,1000,800,constant,pam,0,1,1.0,4,1,1,1,0,mixture/0.2/4/5/11
0.2,4,5,12,1000,800,constant,single,0,1,1.0,4,1,1,,,mixture/0.2/4/5/12
0.2,4,5,12,1000,800,constant,complete,0,1,1.0,4,1,1,,,mixture/0.2/4/5/12
0.2,4,5,12,1000,800,constant,average,0,1,1.0,4,1,1,,,mixture/0.2/4/5/12
0.2,4,5,12,1000,800,constant,pam,0,1,1.0,4,1,1,1,0,mixture/0.2/4/5/12
0.2,4,5,13,1000,800,constant,single,0,1,1.0,4,1,1,,,mixture/0.2/4/5/13
0.2,4,5,13,1000,800,constant,complete,0,1,1.0,4,1,1,,,mixture/0.2/4/5/13
0.2,4,5,13,1000,800,constant,average,0,1,1.0,4,1,1,,,mixture/0.2/4/5/13
0.2,4,5,13,1000,800,constant,pam,0,1,1.0,4,1,1,1,0,mixture/0.2/4/5/13
0.2,4,5,14,1000,800,constant,single,0,1,1.0,4,1,1,,,mixture/0.2/4/5/14
0.2,4,5,14,1000,800,constant,complete,0,1,1.0,4,1,1,,,mixture/0.2/4/5/14
0.2,4,5,14,1000,800,constant,average,0,1,1.0,4,1,1,,,mixture/0.2/4/5/14
0.2,4,5,14,1000,800,constant,pam,0,1,1.0,4,1,1,1,0,mixture/0.2/4/5/14
0.2,4,5,15,1000,800,constant,single,0,1,1.0,4,1,1,,,mixture/0.2/4/5/15
0.2,4,5,15,1000,800,constant,complete,0,1,1.0,4,1,1,,,mixture/0.2/4/5/15
0.2,4,5,15,1000,800,constant,average,0,1,1.0,4,1,1,,,mixture/0.2/4/5/15
0.2,4,5,15,1000,800,constant,pam,0,1,1.0,4,1,1,1,0,mixture/0.2/4/5/15
0.2,4,5,16,1000,800,constant,single,0,1,1.0,4,1,1,,,mixture/0.2/4/5/16
0.2,4,5,16,1000,800,constant,complete,0,1,1.0,4,1,1,,,mixture/0.2/4/5/16
0.2,4,5,16,1000,800,constant,average,0,1,1.0,4,1,1,,,mixture/0.2/4/5/16
0.2,4,5,16,1000,800,constant,pam,0,1,1.0,4,1,1,1,0,mixture/0.2/4/5/16
0.2,4,5,17,1000,800,constant,single,0,1,1.0,4,1,1,,,mixture/0.2/4/5/17
0.2,4,5,17,1000,800,constant,complete,0,1,1.0,4,1,1,,,mixture/0.2/4/5/17
0.2,4,5,17,1000,800,constant,average,0,1,1.0,4,1,1,,,mixture/0.2/4/5/17
0.2,4,5,17,1000,800,constant,pam,0,1,1.0,4,1,1,1,0,mixture/0.2/4/5/17
0.2,4,5,18,1000,800,constant,single,0,0,0.7102326629827318,4,1,0,,,mixture/0.2/4/5/18
0.2,4,5,18,1000,800,constant,complete,0,1,1.0,4,1,1,,,mixture/0.2/4/5/18
0.2,4,5,18,1000,800,constant,average,0,1,1.0,4,1,1,,,mixture/0.2/4/5/18
0.2,4,5,18,1000,800,constant,pam,0,1,1.0,4,1,1,1,0,mixture/0.2/4/5/18
0.2,4,5,19,1000,800,constant,single,0,1,1.0,4,1,1,,,mixture/0.2/4/5/19
0.2,4,5,19,1000,800,constant,complete,0,1,1.0,4,1,1,,,mixture/0.2/4/5/19
0.2,4,5,19,1000,800,constant,average,0,1,1.0,4,1,1,,,mixture/0.2/4/5/19
0.2,4,5,19,1000,800,constant,pam,0,1,1.0,4,1,1,1,0,mixture/0.2/4/5/19
0.2,4,5,20,1000,800,constant,single,0,1,1.0,4,1,1,,,mixture/0.2/4/5/20
0.2,4,5,20,1000,800,constant,complete,0,1,1.0,4,1,1,,,mixture/0.2/4/5/20
0.2,4,5,20,1000,800,constant,average,0,1,1.0,4,1,1,,,mixture/0.2/4/5/20
0.2,4,5,20,1000,800,constant,pam,0,1,1.0,4,1,1,1,0,mixture/0.2/4/5/20
0.2,4,5,21,1000,800,constant,single,0,1,1.0,4,1,1,,,mixture/0.2/4/5/21
0.2,4,5,21,1000,800,constant,complete,0,1,1.0,4,1,1,,,mixture/0.2/4/5/21
0.2,4,5,21,1000,800,constant,average,0,1,1.0,4,1,1,,,mixture/0.2/4/5/21
0.2,4,5,21,1000,800,constant,pam,0,1,1.0,4,1,1,1,0,mixture/0.2/4/5/21
0.2,4,5,22,1000,800,constant,single,0,1,1.0,4,1,1,,,mixture/0.2/4/5/22
0.2,4,5,22,1000,800,constant,complete,0,1,1.0,4,1,1,,,mixture/0.2/4/5/22
0.2,4,5,22,1000,800,constant,average,0,1,1.0,4,1,1,,,mixture/0.2/4/5/22
0.2,4,5,22,1000,800,constant,pam,0,1,1.0,4,1,1,1,0,mixture/0.2/4/5/22
0.2,4,5,23,1000,800,constant,single,0,1,1.0,4,1,1,,,mixture/0.2/4/5/23
0.2,4,5,23,1000,800,constant,complete,0,1,1.0,4,1,1,,,mixture/0.2/4/5/23
0.2,4,5,23,1000,800,constant,average,0,1,1.0,4,1,1,,,mixture/0.2/4/5/23
0.2,4,5,23,1000,800,constant,pam,0,1,1.0,4,1,1,1,0,mixture/0.2/4/5/23
0.2,4,5,24,1000,800,constant,single,0,1,1.0,4,1,1,,,mixture/0.2/4/5/24
0.2,4,5,24,1000,800,constant,complete,0,0,0.6329823404998488,4,1,0,,,mixture/0.2/4/5/24
0.2,4,5,24,1000,800,constant,average,0,1,1.0,4,1,1,,,mixture/0.2/4/5/24
0.2,4,5,24,1000,800,constant,pam,0,1,1.0,4,1,1,1,0,mixture/0.2/4/5/24
0.2,4,5,25,1000,800,constant,single,0,1,1.0,4,1,1,,,mixture/0.2/4/5/25
0.2,4,5,25,1000,800,constant,complete,0,1,1.0,4,1,1,,,mixture/0.2/4/5/25
0.2,4,5,25,1000,800,constant,average,0,1,1.0,4,1,1,,,mixture/0.2/4/5/25
0.2,4,5,25,1000,800,constant,pam,0,1,1.0,4,1,1,1,0,mixture/0.2/4/5/25
0.2,4,5,26,1000,800,constant,single,0,1,1.0,16,0,0,,,mixture/0.2/4/5/26
0.2,4,5,26,1000,800,constant,complete,0,0,0.4479065306089476,16,0,0,,,mixture/0.2/4/5/26
0.2,4,5,26,1000,800,constant,average,0,0,0.6318439565348157,16,0,0,,,mixture/0.2/4/5/26
0.2,4,5,26,1000,800,constant,pam,0,0,0.6115524892711093,16,0,0,1,0,mixture/0.2/4/5/26
0.2,4,5,27,1000,800,constant,single,0,1,1.0,4,1,1,,,mixture/0.2/4/5/27
0.2,4,5,27,1000,800,constant,complete,0,1,1.0,4,1,1,,,mixture/0.2/4/5/27
0.2,4,5,27,1000,800,constant,average,0,1,1.0,4,1,1,,,mixture/0.2/4/5/27
0.2,4,5,27,1000,800,constant,pam,0,1,1.0,4,1,1,1,0,mixture/0.2/4/5/27
0.2,4,5,28,1000,800,constant,single,0,1,1.0,4,1,1,,,mixture/0.2/4/5/28
0.2,4,5,28,1000,800,constant,complete,0,1,1.0,4,1,1,,,mixture/0.2/4/5/28
0.2,4,5,28,1000,800,constant,average,0,1,1.0,4,1,1,,,mixture/0.2/4/5/28
0.2,4,5,28,1000,800,constant,pam,0,1,1.0,4,1,1,1,0,mixture/0.2/4/5/28
0.2,4,5,29,1000,800,constant,single,0,1,1.0,4,1,1,,,mixture/0.2/4/5/29
0.2,4,5,29,1000,800,constant,complete,0,1,1.0,4,1,1,,,mixture/0.2/4/5/29
0.2,4,5,29,1000,800,constant,average,0,1,1.0,4,1,1,,,mixture/0.2/4/5/29
0.2,4,5,29,1000,800,constant,pam,0,1,1.0,4,1,1,1,0,mixture/0.2/4/5/29
0.2,5,5,0,1000,800,constant,single,0,1,1.0,5,1,1,,,mixture/0.2/5/5/0
0.2,5,5,0,1000,800,constant,complete,0,1,1.0,5,1,1,,,mixture/0.2/5/5/0
0.2,5,5,0,1000,800,constant,average,0,1,1.0,5,1,1,,,mixture/0.2/5/5/0
0.2,5,5,0,1000,800,constant,pam,0,1,1.0,5,1,1,1,0,mixture/0.2/5/5/0
0.2,5,5,1,1000,800,constant,single,0,0,0.5013369847983232,5,1,0,,,mixture/0.2/5/5/1
0.2,5,5,1,1000,800,constant,complete,0,0,0.7243986836318074,5,1,0,,,mixture/0.2/5/5/1
0.2,5,5,1,1000,800,constant,average,0,0,0.7965367339291967,5,1,0,,,mixture/0.2/5/5/1
0.2,5,5,1,1000,800,constant,pam,0,1,1.0,5,1,1,1,0,mixture/0.2/5/5/1
0.2,5,5,2,1000,800,constant,single,0,1,1.0,5,1,1,,,mixture/0.2/5/5/2
0.2,5,5,2,1000,800,constant,complete,0,1,1.0,5,1,1,,,mixture/0.2/5/5/2
0.2,5,5,2,1000,800,constant,average,0,1,1.0,5,1,1,,,mixture/0.2/5/5/2
0.2,5,5,2,1000,800,constant,pam,0,1,1.0,5,1,1,1,0,mixture/0.2/5/5/2
0.2,5,5,3,1000,800,constant,single,0,1,1.0,5,1,1,,,mixture/0.2/5/5/3
0.2,5,5,3,1000,800,constant,complete,0,1,1.0,5,1,1,,,mixture/0.2/5/5/3
0.2,5,5,3,1000,800,constant,average,0,1,1.0,5,1,1,,,mixture/0.2/5/5/3
0.2,5,5,3,1000,800,constant,pam,0,1,1.0,5,1,1,1,0,mixture/0.2/5/5/3
0.2,5,5,4,1000,800,constant,single,0,1,1.0,5,1,1,,,mixture/0.2/5/5/4
0.2,5,5,4,1000,800,constant,complete,0,1,1.0,5,1,1,,,mixture/0.2/5/5/4
0.2,5,5,4,1000,800,constant,average,0,1,1.0,5,1,1,,,mixture/0.2/5/5/4
0.2,5,5,4,1000,800,constant,pam,0,1,1.0,5,1,1,1,0,mixture/0.2/5/5/4
0.2,5,5,5,1000,800,constant,single,0,1,1.0,5,1,1,,,mixture/0.2/5/5/5
0.2,5,5,5,1000,800,constant,complete,0,1,1.0,5,1,1,,,mixture/0.2/5/5/5
0.2,5,5,5,1000,800,constant,average,0,1,1.0,5,1,1,,,mixture/0.2/5/5/5
0.2,5,5,5,1000,800,constant,pam,0,1,1.0,5,1,1,1,0,mixture/0.2/5/5/5
0.2,5,5,6,1000,800,constant,single,0,1,1.0,5,1,1,,,mixture/0.2/5/5/6
0.2,5,5,6,1000,800,constant,complete,0,1,1.0,5,1,1,,,mixture/0.2/5/5/6
0.2,5,5,6,1000,800,constant,average,0,1,1.0,5,1,1,,,mixture/0.2/5/5/6
0.2,5,5,6,1000,800,constant,pam,0,1,1.0,5,1,1,1,0,mixture/0.2/5/5/6
0.2,5,5,7,1000,800,constant,single,0,1,1.0,5,1,1,,,mixture/0.2/5/5/7
0.2,5,5,7,1000,800,constant,complete,0,1,1.0,5,1,1,,,mixture/0.2/5/5/7
0.2,5,5,7,1000,800,constant,average,0,1,1.0,5,1,1,,,mixture/0.2/5/5/7
0.2,5,5,7,1000,800,constant,pam,0,1,1.0,5,1,1,1,0,mixture/0.2/5/5/7
0.2,5,5,8,1000,800,constant,single,0,1,1.0,5,1,1,,,mixture/0.2/5/5/8
0.2,5,5,8,1000,800,constant,complete,0,0,0.7246964200315126,5,1,0,,,mixture/0.2/5/5/8
0.2,5,5,8,1000,800,constant,average,0,1,1.0,5,1,1,,,mixture/0.2/5/5/8
0.2,5,5,8,1000,800,constant,pam,0,1,1.0,5,1,1,1,0,mixture/0.2/5/5/8
0.2,5,5,9,1000,800,constant,single,0,1,1.0,5,1,1,,,mixture/0.2/5/5/9
0.2,5,5,9,1000,800,constant,complete,0,1,1.0,5,1,1,,,mixture/0.2/5/5/9
0.2,5,5,9,1000,800,constant,average,0,1,1.0,5,1,1,,,mixture/0.2/5/5/9
0.2,5,5,9,1000,800,constant,pam,0,1,1.0,5,1,1,1,0,mixture/0.2/5/5/9
0.2,5,5,10,1000,800,constant,single,0,0,0.8132989079645092,4,0,0,,,mixture/0.2/5/5/10
0.2,5,5,10,1000,800,constant,complete,0,1,1.0,4,0,0,,,mixture/0.2/5/5/10
0.2,5,5,10,1000,800,constant,average,0,1,1.0,4,0,0,,,mixture/0.2/5/5/10
0.2,5,5,10,1000,800,constant,pam,0,1,1.0,4,0,0,1,0,mixture/0.2/5/5/10
0.2,5,5,11,1000,800,constant,single,0,1,1.0,5,1,1,,,mixture/0.2/5/5/11
0.2,5,5,11,1000,800,constant,complete,0,1,1.0,5,1,1,,,mixture/0.2/5/5/11
0.2,5,5,11,1000,800,constant,average,0,1,1.0,5,1,1,,,mixture/0.2/5/5/11
0.2,5,5,11,1000,800,constant,pam,0,1,1.0,5,1,1,1,0,mixture/0.2/5/5/11
0.2,5,5,12,1000,800,constant,single,0,0,0.7966736253732075,5,1,0,,,mixture/0.2/5/5/12
0.2,5,5,12,1000,800,constant,complete,0,1,1.0,5,1,1,,,mixture/0.2/5/5/12
0.2,5,5,12,1000,800,constant,average,0,0,0.7966736253732075,5,1,0,,,mixture/0.2/5/5/12
0.2,5,5,12,1000,800,constant,pam,0,1,1.0,5,1,1,1,0,mixture/0.2/5/5/12
0.2,5,5,13,1000,800,constant,single,0,1,1.0,5,1,1,,,mixture/0.2/5/5/13
0.2,5,5,13,1000,800,constant,complete,0,1,1.0,5,1,1,,,mixture/0.2/5/5/13
0.2,5,5,13,1000,800,constant,average,0,1,1.0,5,1,1,,,mixture/0.2/5/5/13
0.2,5,5,13,1000,800,constant,pam,0,1,1.0,5,1,1,1,0,mixture/0.2/5/5/13
0.2,5,5,14,1000,800,constant,single,0,1,1.0,5,1,1,,,mixture/0.2/5/5/14
0.2,5,5,14,1000,800,constant,complete,0,1,1.0,5,1,1,,,mixture/0.2/5/5/14
0.2,5,5,14,1000,800,constant,average,0,1,1.0,5,1,1,,,mixture/0.2/5/5/14
0.2,5,5,14,1000,800,constant,pam,0,1,1.0,5,1,1,1,0,mixture/0.2/5/5/14
0.2,5,5,15,1000,800,constant,single,0,1,1.0,4,0,0,,,mixture/0.2/5/5/15
0.2,5,5,15,1000,800,constant,complete,0,1,1.0,4,0,0,,,mixture/0.2/5/5/15
0.2,5,5,15,1000,800,constant,average,0,1,1.0,4,0,0,,,mixture/0.2/5/5/15
0.2,5,5,15,1000,800,constant,pam,0,1,1.0,4,0,0,1,0,mixture/0.2/5/5/15
0.2,5,5,16,1000,800,constant,single,0,0,0.8030777268330044,5,1,0,,,mixture/0.2/5/5/16
0.2,5,5,16,1000,800,constant,complete,0,0,0.751021637131253,5,1,0,,,mixture/0.2/5/5/16
0.2,5,5,16,1000,800,constant,average,0,0,0.7987001599503247,5,1,0,,,mixture/0.2/5/5/16
0.2,5,5,16,1000,800,constant,pam,0,1,1.0,5,1,1,1,0,mixture/0.2/5/5/16
0.2,5,5,17,1000,800,constant,single,0,1,1.0,5,1,1,,,mixture/0.2/5/5/17
0.2,5,5,17,1000,800,constant,complete,0,1,1.0,5,1,1,,,mixture/0.2/5/5/17
0.2,5,5,17,1000,800,constant,average,0,1,1.0,5,1,1,,,mixture/0.2/5/5/17
0.2,5,5,17,1000,800,constant,pam,0,1,1.0,5,1,1,1,0,mixture/0.2/5/5/17
0.2,5,5,18,1000,800,constant,single,0,1,1.0,5,1,1,,,mixture/0.2/5/5/18
0.2,5,5,18,1000,800,constant,complete,0,1,1.0,5,1,1,,,mixture/0.2/5/5/18
0.2,5,5,18,1000,800,constant,average,0,1,1.0,5,1,1,,,mixture/0.2/5/5/18
0.2,5,5,18,1000,800,constant,pam,0,1,1.0,5,1,1,1,0,mixture/0.2/5/5/18
0.2,5,5,19,1000,800,constant,single,0,1,1.0,5,1,1,,,mixture/0.2/5/5/19
0.2,5,5,19,1000,800,constant,complete,0,1,1.0,5,1,1,,,mixture/0.2/5/5/19
0.2,5,5,19,1000,800,constant,average,0,1,1.0,5,1,1,,,mixture/0.2/5/5/19
0.2,5,5,19,1000,800,constant,pam,0,1,1.0,5,1,1,1,0,mixture/0.2/5/5/19
0.2,5,5,20,1000,800,constant,single,0,0,0.7779540579000632,3,0,0,,,mixture/0.2/5/5/20
0.2,5,5,20,1000,800,constant,complete,0,0,0.7074274726723431,3,0,0,,,mixture/0.2/5/5/20
0.2,5,5,20,1000,800,constant,average,0,0,0.7779540579000632,3,0,0,,,mixture/0.2/5/5/20
0.2,5,5,20,1000,800,constant,pam,0,0,0.7051483223307529,3,0,0,1,0,mixture/0.2/5/5/20
0.2,5,5,21,1000,800,constant,single,0,1,1.0,5,1,1,,,mixture/0.2/5/5/21
0.2,5,5,21,1000,800,constant,complete,0,1,1.0,5,1,1,,,mixture/0.2/5/5/21
0.2,5,5,21,1000,800,constant,average,0,1,1.0,5,1,1,,,mixture/0.2/5/5/21
0.2,5,5,21,1000,800,constant,pam,0,1,1.0,5,1,1,1,0,mixture/0.2/5/5/21
0.2,5,5,22,1000,800,constant,single,0,1,1.0,5,1,1,,,mixture/0.2/5/5/22
0.2,5,5,22,1000,800,constant,complete,0,1,1.0,5,1,1,,,mixture/0.2/5/5/22
0.2,5,5,22,1000,800,constant,average,0,1,1.0,5,1,1,,,mixture/0.2/5/5/22
0.2,5,5,22,1000,800,constant,pam,0,1,1.0,5,1,1,1,0,mixture/0.2/5/5/22
0.2,5,5,23,1000,800,constant,single,0,0,0.7929003227706369,5,1,0,,,mixture/0.2/5/5/23
0.2,5,5,23,1000,800,constant,complete,0,1,1.0,5,1,1,,,mixture/0.2/5/5/23
0.2,5,5,23,1000,800,constant,average,0,0,0.7929003227706369,5,1,0,,,mixture/0.2/5/5/23
0.2,5,5,23,1000,800,constant,pam,0,1,1.0,5,1,1,1,0,mixture/0.2/5/5/23
0.2,5,5,24,1000,800,constant,single,0,1,1.0,5,1,1,,,mixture/0.2/5/5/24
0.2,5,5,24,1000,800,constant,complete,0,1,1.0,5,1,1,,,mixture/0.2/5/5/24
0.2,5,5,24,1000,800,constant,average,0,1,1.0,5,1,1,,,mixture/0.2/5/5/24
0.2,5,5,24,1000,800,constant,pam,0,1,1.0,5,1,1,1,0,mixture/0.2/5/5/24
0.2,5,5,25,1000,800,constant,single,0,1,1.0,19,0,0,,,mixture/0.2/5/5/25
0.2,5,5,25,1000,800,constant,complete,0,0,0.45916654098033016,19,0,0,,,mixture/0.2/5/5/25
0.2,5,5,25,1000,800,constant,average,0,1,1.0,19,0,0,,,mixture/0.2/5/5/25
0.2,5,5,25,1000,800,constant,pam,0,0,0.9937995623181167,19,0,0,1,0,mixture/0.2/5/5/25
0.2,5,5,26,1000,800,constant,single,0,1,1.0,5,1,1,,,mixture/0.2/5/5/26
0.2,5,5,26,1000,800,constant,complete,0,1,1.0,5,1,1,,,mixture/0.2/5/5/26
0.2,5,5,26,1000,800,constant,average,0,1,1.0,5,1,1,,,mixture/0.2/5/5/26
0.2,5,5,26,1000,800,constant,pam,0,1,1.0,5,1,1,1,0,mixture/0.2/5/5/26
0.2,5,5,27,1000,800,constant,single,0,1,1.0,5,1,1,,,mixture/0.2/5/5/27
0.2,5,5,27,1000,800,constant,complete,0,1,1.0,5,1,1,,,mixture/0.2/5/5/27
0.2,5,5,27,1000,800,constant,average,0,1,1.0,5,1,1,,,mixture/0.2/5/5/27
0.2,5,5,27,1000,800,constant,pam,0,1,1.0,5,1,1,1,0,mixture/0.2/5/5/27
0.2,5,5,28,1000,800,constant,single,0,0,0.7837792430166192,4,0,0,,,mixture/0.2/5/5/28
0.2,5,5,28,1000,800,constant,complete,0,0,0.7199030450674847,4,0,0,,,mixture/0.2/5/5/28
0.2,5,5,28,1000,800,constant,average,0,0,0.7837792430166192,4,0,0,,,mixture/0.2/5/5/28
0.2,5,5,28,1000,800,constant,pam,0,1,1.0,4,0,0,1,0,mixture/0.2/5/5/28
0.2,5,5,29,1000,800,constant,single,0,1,1.0,5,1,1,,,mixture/0.2/5/5/29
0.2,5,5,29,1000,800,constant,complete,0,1,1.0,5,1,1,,,mixture/0.2/5/5/29
0.2,5,5,29,1000,800,constant,average,0,1,1.0,5,1,1,,,mixture/0.2/5/5/29
0.2,5,5,29,1000,800,constant,pam,0,1,1.0,5,1,1,1,0,mixture/0.2/5/5/29
0.2,6,5,0,1000,800,constant,single,0,1,1.0,6,1,1,,,mixture/0.2/6/5/0
0.2,6,5,0,1000,800,constant,complete,0,1,1.0,6,1,1,,,mixture/0.2/6/5/0
0.2,6,5,0,1000,800,constant,average,0,1,1.0,6,1,1,,,mixture/0.2/6/5/0
0.2,6,5,0,1000,800,constant,pam,0,1,1.0,6,1,1,1,0,mixture/0.2/6/5/0
0.2,6,5,1,1000,800,constant,single,0,1,1.0,6,1,1,,,mixture/0.2/6/5/1
0.2,6,5,1,1000,800,constant,complete,0,1,1.0,6,1,1,,,mixture/0.2/6/5/1
0.2,6,5,1,1000,800,constant,average,0,1,1.0,6,1,1,,,mixture/0.2/6/5/1
0.2,6,5,1,1000,800,constant,pam,0,1,1.0,6,1,1,1,0,mixture/0.2/6/5/1
0.2,6,5,2,1000,800,constant,single,0,0,0.82328686710814,6,1,0,,,mixture/0.2/6/5/2
0.2,6,5,2,1000,800,constant,complete,0,0,0.7891571282636931,6,1,0,,,mixture/0.2/6/5/2
0.2,6,5,2,1000,800,constant,average,0,1,1.0,6,1,1,,,mixture/0.2/6/5/2
0.2,6,5,2,1000,800,constant,pam,0,1,1.0,6,1,1,1,0,mixture/0.2/6/5/2
0.2,6,5,3,1000,800,constant,single,0,1,1.0,6,1,1,,,mixture/0.2/6/5/3
0.2,6,5,3,1000,800,constant,complete,0,1,1.0,6,1,1,,,mixture/0.2/6/5/3
0.2,6,5,3,1000,800,constant,average,0,1,1.0,6,1,1,,,mixture/0.2/6/5/3
0.2,6,5,3,1000,800,constant,pam,0,1,1.0,6,1,1,1,0,mixture/0.2/6/5/3
0.2,6,5,4,1000,800,constant,single,0,0,0.8251695633119608,5,0,0,,,mixture/0.2/6/5/4
0.2,6,5,4,1000,800,constant,complete,0,1,1.0,5,0,0,,,mixture/0.2/6/5/4
0.2,6,5,4,1000,800,constant,average,0,1,1.0,5,0,0,,,mixture/0.2/6/5/4
0.2,6,5,4,1000,800,constant,pam,0,1,1.0,5,0,0,1,0,mixture/0.2/6/5/4
0.2,6,5,5,1000,800,constant,single,0,1,1.0,5,0,0,,,mixture/0.2/6/5/5
0.2,6,5,5,1000,800,constant,complete,0,1,1.0,5,0,0,,,mixture/0.2/6/5/5
0.2,6,5,5,1000,800,constant,average,0,1,1.0,5,0,0,,,mixture/0.2/6/5/5
0.2,6,5,5,1000,800,constant,pam,0,1,1.0,5,0,0,1,0,mixture/0.2/6/5/5
0.2,6,5,6,1000,800,constant,single,0,1,1.0,6,1,1,,,mixture/0.2/6/5/6
0.2,6,5,6,1000,800,constant,complete,0,1,1.0,6,1,1,,,mixture/0.2/6/5/6
0.2,6,5,6,1000,800,constant,average,0,1,1.0,6,1,1,,,mixture/0.2/6/5/6
0.2,6,5,6,1000,800,constant,pam,0,1,1.0,6,1,1,1,0,mixture/0.2/6/5/6
0.2,6,5,7,1000,800,constant,single,0,0,0.5994391360051554,7,0,0,,,mixture/0.2/6/5/7
0.2,6,5,7,1000,800,constant,complete,0,0,0.7914514029544691,7,0,0,,,mixture/0.2/6/5/7
0.2,6,5,7,1000,800,constant,average,0,0,0.8147391440865372,7,0,0,,,mixture/0.2/6/5/7
0.2,6,5,7,1000,800,constant,pam,0,0,0.9972263798311136,7,0,0,1,0,mixture/0.2/6/5/7
0.2,6,5,8,1000,800,constant,single,0,1,1.0,6,1,1,,,mixture/0.2/6/5/8
0.2,6,5,8,1000,800,constant,complete,0,1,1.0,6,1,1,,,mixture/0.2/6/5/8
0.2,6,5,8,1000,800,constant,average,0,1,1.0,6,1,1,,,mixture/0.2/6/5/8
0.2,6,5,8,1000,800,constant,pam,0,1,1.0,6,1,1,1,0,mixture/0.2/6/5/8
0.2,6,5,9,1000,800,constant,single,0,0,0.8191271754226026,5,0,0,,,mixture/0.2/6/5/9
0.2,6,5,9,1000,800,constant,complete,0,0,0.8236858967553846,5,0,0,,,mixture/0.2/6/5/9
0.2,6,5,9,1000,800,constant,average,0,0,0.8201254161678059,5,0,0,,,mixture/0.2/6/5/9
0.2,6,5,9,1000,800,constant,pam,0,0,0.9764570211699144,5,0,0,1,0,mixture/0.2/6/5/9
0.2,6,5,10,1000,800,constant,single,0,1,1.0,6,1,1,,,mixture/0.2/6/5/10
0.2,6,5,10,1000,800,constant,complete,0,1,1.0,6,1,1,,,mixture/0.2/6/5/10
0.2,6,5,10,1000,800,constant,average,0,1,1.0,6,1,1,,,mixture/0.2/6/5/10
0.2,6,5,10,1000,800,constant,pam,0,1,1.0,6,1,1,1,0,mixture/0.2/6/5/10
0.2,6,5,11,1000,800,constant,single,0,1,1.0,4,0,0,,,mixture/0.2/6/5/11
0.2,6,5,11,1000,800,constant,complete,0,1,1.0,4,0,0,,,mixture/0.2/6/5/11
0.2,6,5,11,1000,800,constant,average,0,1,1.0,4,0,0,,,mixture/0.2/6/5/11
0.2,6,5,11,1000,800,constant,pam,0,1,1.0,4,0,0,1,0,mixture/0.2/6/5/11
0.2,6,5,12,1000,800,constant,single,0,1,1.0,5,0,0,,,mixture/0.2/6/5/12
0.2,6,5,12,1000,800,constant,complete,0,1,1.0,5,0,0,,,mixture/0.2/6/5/12
0.2,6,5,12,1000,800,constant,average,0,1,1.0,5,0,0,,,mixture/0.2/6/5/12
0.2,6,5,12,1000,800,constant,pam,0,1,1.0,5,0,0,1,0,mixture/0.2/6/5/12
0.2,6,5,13,1000,800,constant,single,0,0,0.8154815454969024,4,0,0,,,mixture/0.2/6/5/13
0.2,6,5,13,1000,800,constant,complete,0,0,0.7516932444664893,4,0,0,,,mixture/0.2/6/5/13
0.2,6,5,13,1000,800,constant,average,0,0,0.8154815454969024,4,0,0,,,mixture/0.2/6/5/13
0.2,6,5,13,1000,800,constant,pam,0,1,1.0,4,0,0,1,0,mixture/0.2/6/5/13
0.2,6,5,14,1000,800,constant,single,0,1,1.0,6,1,1,,,mixture/0.2/6/5/14
0.2,6,5,14,1000,800,constant,complete,0,1,1.0,6,1,1,,,mixture/0.2/6/5/14
0.2,6,5,14,1000,800,constant,average,0,1,1.0,6,1,1,,,mixture/0.2/6/5/14
0.2,6,5,14,1000,800,constant,pam,0,1,1.0,6,1,1,1,0,mixture/0.2/6/5/14
0.2,6,5,15,1000,800,constant,single,0,0,0.8386324036166669,5,0,0,,,mixture/0.2/6/5/15
0.2,6,5,15,1000,800,constant,complete,0,0,0.8399693974272369,5,0,0,,,mixture/0.2/6/5/15
0.2,6,5,15,1000,800,constant,average,0,0,0.8399693974272369,5,0,0,,,mixture/0.2/6/5/15
0.2,6,5,15,1000,800,constant,pam,0,0,0.994366295813291,5,0,0,1,0,mixture/0.2/6/5/15
0.2,6,5,16,1000,800,constant,single,0,1,1.0,6,1,1,,,mixture/0.2/6/5/16
0.2,6,5,16,1000,800,constant,complete,0,1,1.0,6,1,1,,,mixture/0.2/6/5/16
0.2,6,5,16,1000,800,constant,average,0,1,1.0,6,1,1,,,mixture/0.2/6/5/16
0.2,6,5,16,1000,800,constant,pam,0,1,1.0,6,1,1,1,0,mixture/0.2/6/5/16
0.2,6,5,17,1000,800,constant,single,0,1,1.0,2,0,0,,,mixture/0.2/6/5/17
0.2,6,5,17,1000,800,constant,complete,0,1,1.0,2,0,0,,,mixture/0.2/6/5/17
0.2,6,5,17,1000,800,constant,average,0,1,1.0,2,0,0,,,mixture/0.2/6/5/17
0.2,6,5,17,1000,800,constant,pam,0,1,1.0,2,0,0,1,0,mixture/0.2/6/5/17
0.2,6,5,18,1000,800,constant,single,0,1,1.0,6,1,1,,,mixture/0.2/6/5/18
0.2,6,5,18,1000,800,constant,complete,0,1,1.0,6,1,1,,,mixture/0.2/6/5/18
0.2,6,5,18,1000,800,constant,average,0,1,1.0,6,1,1,,,mixture/0.2/6/5/18
0.2,6,5,18,1000,800,constant,pam,0,1,1.0,6,1,1,1,0,mixture/0.2/6/5/18
0.2,6,5,19,1000,800,constant,single,0,0,0.8232556903425589,5,0,0,,,mixture/0.2/6/5/19
0.2,6,5,19,1000,800,constant,complete,0,1,1.0,5,0,0,,,mixture/0.2/6/5/19
0.2,6,5,19,1000,800,constant,average,0,1,1.0,5,0,0,,,mixture/0.2/6/5/19
0.2,6,5,19,1000,800,constant,pam,0,1,1.0,5,0,0,1,0,mixture/0.2/6/5/19
0.2,6,5,20,1000,800,constant,single,0,1,1.0,6,1,1,,,mixture/0.2/6/5/20
0.2,6,5,20,1000,800,constant,complete,0,1,1.0,6,1,1,,,mixture/0.2/6/5/20
0.2,6,5,20,1000,800,constant,average,0,1,1.0,6,1,1,,,mixture/0.2/6/5/20
0.2,6,5,20,1000,800,constant,pam,0,1,1.0,6,1,1,1,0,mixture/0.2/6/5/20
0.2,6,5,21,1000,800,constant,single,0,1,1.0,6,1,1,,,mixture/0.2/6/5/21
0.2,6,5,21,1000,800,constant,complete,0,1,1.0,6,1,1,,,mixture/0.2/6/5/21
0.2,6,5,21,1000,800,constant,average,0,1,1.0,6,1,1,,,mixture/0.2/6/5/21
0.2,6,5,21,1000,800,constant,pam,0,1,1.0,6,1,1,1,0,mixture/0.2/6/5/21
0.2,6,5,22,1000,800,constant,single,0,1,1.0,6,1,1,,,mixture/0.2/6/5/22
0.2,6,5,22,1000,800,constant,complete,0,0,0.7768554404765424,6,1,0,,,mixture/0.2/6/5/22
0.2,6,5,22,1000,800,constant,average,0,1,1.0,6,1,1,,,mixture/0.2/6/5/22
0.2,6,5,22,1000,800,constant,pam,0,1,1.0,6,1,1,1,0,mixture/0.2/6/5/22
0.2,6,5,23,1000,800,constant,single,0,1,1.0,6,1,1,,,mixture/0.2/6/5/23
0.2,6,5,23,1000,800,constant,complete,0,1,1.0,6,1,1,,,mixture/0.2/6/5/23
0.2,6,5,23,1000,800,constant,average,0,1,1.0,6,1,1,,,mixture/0.2/6/5/23
0.2,6,5,23,1000,800,constant,pam,0,1,1.0,6,1,1,1,0,mixture/0.2/6/5/23
0.2,6,5,24,1000,800,constant,single,0,1,1.0,6,1,1,,,mixture/0.2/6/5/24
0.2,6,5,24,1000,800,constant,complete,0,1,1.0,6,1,1,,,mixture/0.2/6/5/24
0.2,6,5,24,1000,800,constant,average,0,1,1.0,6,1,1,,,mixture/0.2/6/5/24
0.2,6,5,24,1000,800,constant,pam,0,1,1.0,6,1,1,1,0,mixture/0.2/6/5/24
0.2,6,5,25,1000,800,constant,single,0,1,1.0,6,1,1,,,mixture/0.2/6/5/25
0.2,6,5,25,1000,800,constant,complete,0,1,1.0,6,1,1,,,mixture/0.2/6/5/25
0.2,6,5,25,1000,800,constant,average,0,1,1.0,6,1,1,,,mixture/0.2/6/5/25
0.2,6,5,25,1000,800,constant,pam,0,1,1.0,6,1,1,1,0,mixture/0.2/6/5/25
0.2,6,5,26,1000,800,constant,single,0,1,1.0,6,1,1,,,mixture/0.2/6/5/26
0.2,6,5,26,1000,800,constant,complete,0,1,1.0,6,1,1,,,mixture/0.2/6/5/26
0.2,6,5,26,1000,800,constant,average,0,1,1.0,6,1,1,,,mixture/0.2/6/5/26
0.2,6,5,26,1000,800,constant,pam,0,1,1.0,6,1,1,1,0,mixture/0.2/6/5/26
0.2,6,5,27,1000,800,constant,single,0,0,0.829021413681699,5,0,0,,,mixture/0.2/6/5/27
0.2,6,5,27,1000,800,constant,complete,0,1,1.0,5,0,0,,,mixture/0.2/6/5/27
0.2,6,5,27,1000,800,constant,average,0,1,1.0,5,0,0,,,mixture/0.2/6/5/27
0.2,6,5,27,1000,800,constant,pam,0,1,1.0,5,0,0,1,0,mixture/0.2/6/5/27
0.2,6,5,28,1000,800,constant,single,0,1,1.0,6,1,1,,,mixture/0.2/6/5/28
0.2,6,5,28,1000,800,constant,complete,0,1,1.0,6,1,1,,,mixture/0.2/6/5/28
0.2,6,5,28,1000,800,constant,average,0,1,1.0,6,1,1,,,mixture/0.2/6/5/28
0.2,6,5,28,1000,800,constant,pam,0,1,1.0,6,1,1,1,0,mixture/0.2/6/5/28
0.2,6,5,29,1000,800,constant,single,0,1,1.0,6,1,1,,,mixture/0.2/6/5/29
0.2,6,5,29,1000,800,constant,complete,0,1,1.0,6,1,1,,,mixture/0.2/6/5/29
0.2,6,5,29,1000,800,constant,average,0,1,1.0,6,1,1,,,mixture/0.2/6/5/29
0.2,6,5,29,1000,800,constant,pam,0,1,1.0,6,1,1,0,1,mixture/0.2/6/5/29
0.2,7,5,0,1000,800,constant,single,0,0,0.8710363839007526,7,1,0,,,mixture/0.2/7/5/0
0.2,7,5,0,1000,800,constant,complete,0,0,0.8614356648501883,7,1,0,,,mixture/0.2/7/5/0
0.2,7,5,0,1000,800,constant,average,0,0,0.8684947144331554,7,1,0,,,mixture/0.2/7/5/0
0.2,7,5,0,1000,800,constant,pam,0,0,0.9973185176756154,7,1,0,1,0,mixture/0.2/7/5/0
0.2,7,5,1,1000,800,constant,single,0,1,1.0,6,0,0,,,mixture/0.2/7/5/1
0.2,7,5,1,1000,800,constant,complete,0,1,1.0,6,0,0,,,mixture/0.2/7/5/1
0.2,7,5,1,1000,800,constant,average,0,1,1.0,6,0,0,,,mixture/0.2/7/5/1
0.2,7,5,1,1000,800,constant,pam,0,1,1.0,6,0,0,1,0,mixture/0.2/7/5/1
0.2,7,5,2,1000,800,constant,single,0,1,1.0,7,1,1,,,mixture/0.2/7/5/2
0.2,7,5,2,1000,800,constant,complete,0,1,1.0,7,1,1,,,mixture/0.2/7/5/2
0.2,7,5,2,1000,800,constant,average,0,1,1.0,7,1,1,,,mixture/0.2/7/5/2
0.2,7,5,2,1000,800,constant,pam,0,1,1.0,7,1,1,1,0,mixture/0.2/7/5/2
0.2,7,5,3,1000,800,constant,single,0,0,0.5883330994659832,6,0,0,,,mixture/0.2/7/5/3
0.2,7,5,3,1000,800,constant,complete,0,0,0.8088749385050369,6,0,0,,,mixture/0.2/7/5/3
0.2,7,5,3,1000,800,constant,average,0,0,0.5857877475951917,6,0,0,,,mixture/0.2/7/5/3
0.2,7,5,3,1000,800,constant,pam,0,0,0.7729789445580892,6,0,0,1,0,mixture/0.2/7/5/3
0.2,7,5,4,1000,800,constant,single,0,0,0.8749766980237927,4,0,0,,,mixture/0.2/7/5/4
0.2,7,5,4,1000,800,constant,complete,0,1,1.0,4,0,0,,,mixture/0.2/7/5/4
0.2,7,5,4,1000,800,constant,average,0,1,1.0,4,0,0,,,mixture/0.2/7/5/4
0.2,7,5,4,1000,800,constant,pam,0,1,1.0,4,0,0,1,0,mixture/0.2/7/5/4
0.2,7,5,5,1000,800,constant,single,0,1,1.0,12,0,0,,,mixture/0.2/7/5/5
0.2,7,5,5,1000,800,constant,complete,0,0,0.8164097049927007,12,0,0,,,mixture/0.2/7/5/5
0.2,7,5,5,1000,800,constant,average,0,1,1.0,12,0,0,,,mixture/0.2/7/5/5
0.2,7,5,5,1000,800,constant,pam,0,1,1.0,12,0,0,1,0,mixture/0.2/7/5/5
0.2,7,5,6,1000,800,constant,single,0,1,1.0,34,0,0,,,mixture/0.2/7/5/6
0.2,7,5,6,1000,800,constant,complete,0,0,0.5674807497047742,34,0,0,,,mixture/0.2/7/5/6
0.2,7,5,6,1000,800,constant,average,0,1,1.0,34,0,0,,,mixture/0.2/7/5/6
0.2,7,5,6,1000,800,constant,pam,0,0,0.9969498583792687,34,0,0,1,0,mixture/0.2/7/5/6
0.2,7,5,7,1000,800,constant,single,0,1,1.0,6,0,0,,,mixture/0.2/7/5/7
0.2,7,5,7,1000,800,constant,complete,0,1,1.0,6,0,0,,,mixture/0.2/7/5/7
0.2,7,5,7,1000,800,constant,average,0,1,1.0,6,0,0,,,mixture/0.2/7/5/7
0.2,7,5,7,1000,800,constant,pam,0,1,1.0,6,0,0,1,0,mixture/0.2/7/5/7
0.2,7,5,8,1000,800,constant,single,0,0,0.8614168909465119,14,0,0,,,mixture/0.2/7/5/8
0.2,7,5,8,1000,800,constant,complete,0,0,0.8546338250069895,14,0,0,,,mixture/0.2/7/5/8
0.2,7,5,8,1000,800,constant,average,0,1,1.0,14,0,0,,,mixture/0.2/7/5/8
0.2,7,5,8,1000,800,constant,pam,0,1,1.0,14,0,0,1,0,mixture/0.2/7/5/8
0.2,7,5,9,1000,800,constant,single,0,1,1.0,7,1,1,,,mixture/0.2/7/5/9
0.2,7,5,9,1000,800,constant,complete,0,1,1.0,7,1,1,,,mixture/0.2/7/5/9
0.2,7,5,9,1000,800,constant,average,0,1,1.0,7,1,1,,,mixture/0.2/7/5/9
0.2,7,5,9,1000,800,constant,pam,0,1,1.0,7,1,1,1,0,mixture/0.2/7/5/9
0.2,7,5,10,1000,800,constant,single,0,0,0.7164549866034529,6,0,0,,,mixture/0.2/7/5/10
0.2,7,5,10,1000,800,constant,complete,0,0,0.8174147953401554,6,0,0,,,mixture/0.2/7/5/10
0.2,7,5,10,1000,800,constant,average,0,0,0.8520615689671555,6,0,0,,,mixture/0.2/7/5/10
0.2,7,5,10,1000,800,constant,pam,0,1,1.0,6,0,0,1,0,mixture/0.2/7/5/10
0.2,7,5,11,1000,800,constant,single,0,1,1.0,6,0,0,,,mixture/0.2/7/5/11
0.2,7,5,11,1000,800,constant,complete,0,1,1.0,6,0,0,,,mixture/0.2/7/5/11
0.2,7,5,11,1000,800,constant,average,0,1,1.0,6,0,0,,,mixture/0.2/7/5/11
0.2,7,5,11,1000,800,constant,pam,0,1,1.0,6,0,0,1,0,mixture/0.2/7/5/11
0.2,7,5,12,1000,800,constant,single,0,0,0.8717343265538774,20,0,0,,,mixture/0.2/7/5/12
0.2,7,5,12,1000,800,constant,complete,0,0,0.8559368822932875,20,0,0,,,mixture/0.2/7/5/12
0.2,7,5,12,1000,800,constant,average,0,0,0.7263150245270941,20,0,0,,,mixture/0.2/7/5/12
0.2,7,5,12,1000,800,constant,pam,0,0,0.9942212604423023,20,0,0,1,0,mixture/0.2/7/5/12
0.2,7,5,13,1000,800,constant,single,0,0,0.6103550563198453,7,1,0,,,mixture/0.2/7/5/13
0.2,7,5,13,1000,800,constant,complete,0,0,0.8019852399510625,7,1,0,,,mixture/0.2/7/5/13
0.2,7,5,13,1000,800,constant,average,0,0,0.8419287295384452,7,1,0,,,mixture/0.2/7/5/13
0.2,7,5,13,1000,800,constant,pam,0,1,1.0,7,1,1,1,0,mixture/0.2/7/5/13
0.2,7,5,14,1000,800,constant,single,0,0,0.848437467066862,7,1,0,,,mixture/0.2/7/5/14
0.2,7,5,14,1000,800,constant,complete,0,1,1.0,7,1,1,,,mixture/0.2/7/5/14
0.2,7,5,14,1000,800,constant,average,0,1,1.0,7,1,1,,,mixture/0.2/7/5/14
0.2,7,5,14,1000,800,constant,pam,0,1,1.0,7,1,1,1,0,mixture/0.2/7/5/14
0.2,7,5,15,1000,800,constant,single,0,0,0.8597880288956508,7,1,0,,,mixture/0.2/7/5/15
0.2,7,5,15,1000,800,constant,complete,0,0,0.8400596222216897,7,1,0,,,mixture/0.2/7/5/15
0.2,7,5,15,1000,800,constant,average,0,0,0.8597880288956508,7,1,0,,,mixture/0.2/7/5/15
0.2,7,5,15,1000,800,constant,pam,0,1,1.0,7,1,1,1,0,mixture/0.2/7/5/15
0.2,7,5,16,1000,800,constant,single,0,0,0.8872584346082384,7,1,0,,,mixture/0.2/7/5/16
0.2,7,5,16,1000,800,constant,complete,0,1,1.0,7,1,1,,,mixture/0.2/7/5/16
0.2,7,5,16,1000,800,constant,average,0,1,1.0,7,1,1,,,mixture/0.2/7/5/16
0.2,7,5,16,1000,800,constant,pam,0,1,1.0,7,1,1,1,0,mixture/0.2/7/5/16
0.2,7,5,17,1000,800,constant,single,0,1,1.0,7,1,1,,,mixture/0.2/7/5/17
0.2,7,5,17,1000,800,constant,complete,0,1,1.0,7,1,1,,,mixture/0.2/7/5/17
0.2,7,5,17,1000,800,constant,average,0,1,1.0,7,1,1,,,mixture/0.2/7/5/17
0.2,7,5,17,1000,800,constant,pam,0,1,1.0,7,1,1,1,0,mixture/0.2/7/5/17
0.2,7,5,18,1000,800,constant,single,0,0,0.859021509813108,12,0,0,,,mixture/0.2/7/5/18
0.2,7,5,18,1000,800,constant,complete,0,0,0.5646600525526273,12,0,0,,,mixture/0.2/7/5/18
0.2,7,5,18,1000,800,constant,average,0,0,0.9943301414863659,12,0,0,,,mixture/0.2/7/5/18
0.2,7,5,18,1000,800,constant,pam,0,0,0.9887619844707342,12,0,0,1,0,mixture/0.2/7/5/18
0.2,7,5,19,1000,800,constant,single,0,0,0.8260973755691214,19,0,0,,,mixture/0.2/7/5/19
0.2,7,5,19,1000,800,constant,complete,0,0,0.37729867788736693,19,0,0,,,mixture/0.2/7/5/19
0.2,7,5,19,1000,800,constant,average,0,0,0.8251172380347015,19,0,0,,,mixture/0.2/7/5/19
0.2,7,5,19,1000,800,constant,pam,0,1,1.0,19,0,0,1,0,mixture/0.2/7/5/19
0.2,7,5,20,1000,800,constant,single,0,1,1.0,7,1,1,,,mixture/0.2/7/5/20
0.2,7,5,20,1000,800,constant,complete,0,1,1.0,7,1,1,,,mixture/0.2/7/5/20
0.2,7,5,20,1000,800,constant,average,0,1,1.0,7,1,1,,,mixture/0.2/7/5/20
0.2,7,5,20,1000,800,constant,pam,0,1,1.0,7,1,1,1,0,mixture/0.2/7/5/20
0.2,7,5,21,1000,800,constant,single,0,1,1.0,9,0,0,,,mixture/0.2/7/5/21
0.2,7,5,21,1000,800,constant,complete,0,1,1.0,9,0,0,,,mixture/0.2/7/5/21
0.2,7,5,21,1000,800,constant,average,0,1,1.0,9,0,0,,,mixture/0.2/7/5/21
0.2,7,5,21,1000,800,constant,pam,0,1,1.0,9,0,0,1,0,mixture/0.2/7/5/21
0.2,7,5,22,1000,800,constant,single,0,0,0.8647956677909179,6,0,0,,,mixture/0.2/7/5/22
0.2,7,5,22,1000,800,constant,complete,0,0,0.8016322349886597,6,0,0,,,mixture/0.2/7/5/22
0.2,7,5,22,1000,800,constant,average,0,1,1.0,6,0,0,,,mixture/0.2/7/5/22
0.2,7,5,22,1000,800,constant,pam,0,1,1.0,6,0,0,1,0,mixture/0.2/7/5/22
0.2,7,5,23,1000,800,constant,single,0,0,0.8308557312709002,3,0,0,,,mixture/0.2/7/5/23
0.2,7,5,23,1000,800,constant,complete,0,0,0.8038414982638399,3,0,0,,,mixture/0.2/7/5/23
0.2,7,5,23,1000,800,constant,average,0,0,0.8308557312709002,3,0,0,,,mixture/0.2/7/5/23
0.2,7,5,23,1000,800,constant,pam,0,1,1.0,3,0,0,1,0,mixture/0.2/7/5/23
0.2,7,5,24,1000,800,constant,single,0,0,0.8544079010867169,7,1,0,,,mixture/0.2/7/5/24
0.2,7,5,24,1000,800,constant,complete,0,1,1.0,7,1,1,,,mixture/0.2/7/5/24
0.2,7,5,24,1000,800,constant,average,0,0,0.8528711164847872,7,1,0,,,mixture/0.2/7/5/24
0.2,7,5,24,1000,800,constant,pam,0,1,1.0,7,1,1,1,0,mixture/0.2/7/5/24
0.2,7,5,25,1000,800,constant,single,0,0,0.7531767266066156,5,0,0,,,mixture/0.2/7/5/25
0.2,7,5,25,1000,800,constant,complete,0,0,0.7805713911494109,5,0,0,,,mixture/0.2/7/5/25
0.2,7,5,25,1000,800,constant,average,0,0,0.7516877989341924,5,0,0,,,mixture/0.2/7/5/25
0.2,7,5,25,1000,800,constant,pam,0,1,1.0,5,0,0,1,0,mixture/0.2/7/5/25
0.2,7,5,26,1000,800,constant,single,0,0,0.8380998890001605,7,1,0,,,mixture/0.2/7/5/26
0.2,7,5,26,1000,800,constant,complete,0,1,1.0,7,1,1,,,mixture/0.2/7/5/26
0.2,7,5,26,1000,800,constant,average,0,1,1.0,7,1,1,,,mixture/0.2/7/5/26
0.2,7,5,26,1000,800,constant,pam,0,1,1.0,7,1,1,1,0,mixture/0.2/7/5/26
0.2,7,5,27,1000,800,constant,single,0,1,1.0,7,1,1,,,mixture/0.2/7/5/27
0.2,7,5,27,1000,800,constant,complete,0,1,1.0,7,1,1,,,mixture/0.2/7/5/27
0.2,7,5,27,1000,800,constant,average,0,1,1.0,7,1,1,,,mixture/0.2/7/5/27
0.2,7,5,27,1000,800,constant,pam,0,1,1.0,7,1,1,1,0,mixture/0.2/7/5/27
0.2,7,5,28,1000,800,constant,single,0,1,1.0,5,0,0,,,mixture/0.2/7/5/28
0.2,7,5,28,1000,800,constant,complete,0,1,1.0,5,0,0,,,mixture/0.2/7/5/28
0.2,7,5,28,1000,800,constant,average,0,1,1.0,5,0,0,,,mixture/0.2/7/5/28
0.2,7,5,28,1000,800,constant,pam,0,1,1.0,5,0,0,1,0,mixture/0.2/7/5/28
0.2,7,5,29,1000,800,constant,single,0,1,1.0,7,1,1,,,mixture/0.2/7/5/29
0.2,7,5,29,1000,800,constant,complete,0,1,1.0,7,1,1,,,mixture/0.2/7/5/29
0.2,7,5,29,1000,800,constant,average,0,1,1.0,7,1,1,,,mixture/0.2/7/5/29
0.2,7,5,29,1000,800,constant,pam,0,1,1.0,7,1,1,1,0,mixture/0.2/7/5/29
0.2,8,5,0,1000,800,constant,single,0,1,1.0,8,1,1,,,mixture/0.2/8/5/0
0.2,8,5,0,1000,800,constant,complete,0,0,0.8504661534766941,8,1,0,,,mixture/0.2/8/5/0
0.2,8,5,0,1000,800,constant,average,0,1,1.0,8,1,1,,,mixture/0.2/8/5/0
0.2,8,5,0,1000,800,constant,pam,0,1,1.0,8,1,1,1,0,mixture/0.2/8/5/0
0.2,8,5,1,1000,800,constant,single,0,1,1.0,8,1,1,,,mixture/0.2/8/5/1
0.2,8,5,1,1000,800,constant,complete,0,0,0.8693193113231472,8,1,0,,,mixture/0.2/8/5/1
0.2,8,5,1,1000,800,constant,average,0,1,1.0,8,1,1,,,mixture/0.2/8/5/1
0.2,8,5,1,1000,800,constant,pam,0,1,1.0,8,1,1,1,0,mixture/0.2/8/5/1
0.2,8,5,2,1000,800,constant,single,0,1,1.0,8,1,1,,,mixture/0.2/8/5/2
0.2,8,5,2,1000,800,constant,complete,0,0,0.8365348408091806,8,1,0,,,mixture/0.2/8/5/2
0.2,8,5,2,1000,800,constant,average,0,1,1.0,8,1,1,,,mixture/0.2/8/5/2
0.2,8,5,2,1000,800,constant,pam,0,1,1.0,8,1,1,1,0,mixture/0.2/8/5/2
0.2,8,5,3,1000,800,constant,single,0,0,0.6417389281659638,8,1,0,,,mixture/0.2/8/5/3
0.2,8,5,3,1000,800,constant,complete,0,0,0.850030796089413,8,1,0,,,mixture/0.2/8/5/3
0.2,8,5,3,1000,800,constant,average,0,0,0.8427705222273304,8,1,0,,,mixture/0.2/8/5/3
0.2,8,5,3,1000,800,constant,pam,0,1,1.0,8,1,1,1,0,mixture/0.2/8/5/3
0.2,8,5,4,1000,800,constant,single,0,0,0.8809965854152398,7,0,0,,,mixture/0.2/8/5/4
0.2,8,5,4,1000,800,constant,complete,0,0,0.8533873460421565,7,0,0,,,mixture/0.2/8/5/4
0.2,8,5,4,1000,800,constant,average,0,0,0.8795691995211228,7,0,0,,,mixture/0.2/8/5/4
0.2,8,5,4,1000,800,constant,pam,0,0,0.9919512340444102,7,0,0,1,0,mixture/0.2/8/5/4
0.2,8,5,5,1000,800,constant,single,0,0,0.8785186077632725,8,1,0,,,mixture/0.2/8/5/5
0.2,8,5,5,1000,800,constant,complete,0,1,1.0,8,1,1,,,mixture/0.2/8/5/5
0.2,8,5,5,1000,800,constant,average,0,1,1.0,8,1,1,,,mixture/0.2/8/5/5
0.2,8,5,5,1000,800,constant,pam,0,1,1.0,8,1,1,1,0,mixture/0.2/8/5/5
0.2,8,5,6,1000,800,constant,single,0,0,0.6591826898311414,7,0,0,,,mixture/0.2/8/5/6
0.2,8,5,6,1000,800,constant,complete,0,0,0.8321358373924487,7,0,0,,,mixture/0.2/8/5/6
0.2,8,5,6,1000,800,constant,average,0,0,0.8629379835573582,7,0,0,,,mixture/0.2/8/5/6
0.2,8,5,6,1000,800,constant,pam,0,1,1.0,7,0,0,1,0,mixture/0.2/8/5/6
0.2,8,5,7,1000,800,constant,single,0,0,0.7478543321727656,31,0,0,,,mixture/0.2/8/5/7
0.2,8,5,7,1000,800,constant,complete,0,0,0.7260033688862506,31,0,0,,,mixture/0.2/8/5/7
0.2,8,5,7,1000,800,constant,average,0,0,0.8736378696065061,31,0,0,,,mixture/0.2/8/5/7
0.2,8,5,7,1000,800,constant,pam,0,0,0.9968843740485064,31,0,0,1,0,mixture/0.2/8/5/7
0.2,8,5,8,1000,800,constant,single,0,1,1.0,8,1,1,,,mixture/0.2/8/5/8
0.2,8,5,8,1000,800,constant,complete,0,0,0.8529777335632214,8,1,0,,,mixture/0.2/8/5/8
0.2,8,5,8,1000,800,constant,average,0,1,1.0,8,1,1,,,mixture/0.2/8/5/8
0.2,8,5,8,1000,800,constant,pam,0,1,1.0,8,1,1,1,0,mixture/0.2/8/5/8
0.2,8,5,9,1000,800,constant,single,0,1,1.0,8,1,1,,,mixture/0.2/8/5/9
0.2,8,5,9,1000,800,constant,complete,0,1,1.0,8,1,1,,,mixture/0.2/8/5/9
0.2,8,5,9,1000,800,constant,average,0,1,1.0,8,1,1,,,mixture/0.2/8/5/9
0.2,8,5,9,1000,800,constant,pam,0,1,1.0,8,1,1,1,0,mixture/0.2/8/5/9
0.2,8,5,10,1000,800,constant,single,0,0,0.8516428854369268,8,1,0,,,mixture/0.2/8/5/10
0.2,8,5,10,1000,800,constant,complete,0,0,0.7023807779165934,8,1,0,,,mixture/0.2/8/5/10
0.2,8,5,10,1000,800,constant,average,0,0,0.8517134365899891,8,1,0,,,mixture/0.2/8/5/10
0.2,8,5,10,1000,800,constant,pam,0,1,1.0,8,1,1,1,0,mixture/0.2/8/5/10
0.2,8,5,11,1000,800,constant,single,0,0,0.6554570783268624,8,1,0,,,mixture/0.2/8/5/11
0.2,8,5,11,1000,800,constant,complete,0,0,0.8219326518720717,8,1,0,,,mixture/0.2/8/5/11
0.2,8,5,11,1000,800,constant,average,0,0,0.8496896515504625,8,1,0,,,mixture/0.2/8/5/11
0.2,8,5,11,1000,800,constant,pam,0,1,1.0,8,1,1,1,0,mixture/0.2/8/5/11
0.2,8,5,12,1000,800,constant,single,0,0,0.5919035888317997,8,1,0,,,mixture/0.2/8/5/12
0.2,8,5,12,1000,800,constant,complete,0,0,0.8577006437757105,8,1,0,,,mixture/0.2/8/5/12
0.2,8,5,12,1000,800,constant,average,0,0,0.8695123018064476,8,1,0,,,mixture/0.2/8/5/12
0.2,8,5,12,1000,800,constant,pam,0,1,1.0,8,1,1,1,0,mixture/0.2/8/5/12
0.2,8,5,13,1000,800,constant,single,0,1,1.0,6,0,0,,,mixture/0.2/8/5/13
0.2,8,5,13,1000,800,constant,complete,0,1,1.0,6,0,0,,,mixture/0.2/8/5/13
0.2,8,5,13,1000,800,constant,average,0,1,1.0,6,0,0,,,mixture/0.2/8/5/13
0.2,8,5,13,1000,800,constant,pam,0,1,1.0,6,0,0,1,0,mixture/0.2/8/5/13
0.2,8,5,14,1000,800,constant,single,0,0,0.9016478972076386,8,1,0,,,mixture/0.2/8/5/14
0.2,8,5,14,1000,800,constant,complete,0,1,1.0,8,1,1,,,mixture/0.2/8/5/14
0.2,8,5,14,1000,800,constant,average,0,1,1.0,8,1,1,,,mixture/0.2/8/5/14
0.2,8,5,14,1000,800,constant,pam,0,1,1.0,8,1,1,1,0,mixture/0.2/8/5/14
0.2,8,5,15,1000,800,constant,single,0,0,0.8646321820711572,7,0,0,,,mixture/0.2/8/5/15
0.2,8,5,15,1000,800,constant,complete,0,1,1.0,7,0,0,,,mixture/0.2/8/5/15
0.2,8,5,15,1000,800,constant,average,0,1,1.0,7,0,0,,,mixture/0.2/8/5/15
0.2,8,5,15,1000,800,constant,pam,0,1,1.0,7,0,0,1,0,mixture/0.2/8/5/15
0.2,8,5,16,1000,800,constant,single,0,0,0.8672177079057692,8,1,0,,,mixture/0.2/8/5/16
0.2,8,5,16,1000,800,constant,complete,0,0,0.8306046087286505,8,1,0,,,mixture/0.2/8/5/16
0.2,8,5,16,1000,800,constant,average,0,0,0.8747241797111079,8,1,0,,,mixture/0.2/8/5/16
0.2,8,5,16,1000,800,constant,pam,0,1,1.0,8,1,1,1,0,mixture/0.2/8/5/16
0.2,8,5,17,1000,800,constant,single,0,1,1.0,12,0,0,,,mixture/0.2/8/5/17
0.2,8,5,17,1000,800,constant,complete,0,1,1.0,12,0,0,,,mixture/0.2/8/5/17
0.2,8,5,17,1000,800,constant,average,0,1,1.0,12,0,0,,,mixture/0.2/8/5/17
0.2,8,5,17,1000,800,constant,pam,0,1,1.0,12,0,0,1,0,mixture/0.2/8/5/17
0.2,8,5,18,1000,800,constant,single,0,1,1.0,8,1,1,,,mixture/0.2/8/5/18
0.2,8,5,18,1000,800,constant,complete,0,1,1.0,8,1,1,,,mixture/0.2/8/5/18
0.2,8,5,18,1000,800,constant,average,0,1,1.0,8,1,1,,,mixture/0.2/8/5/18
0.2,8,5,18,1000,800,constant,pam,0,1,1.0,8,1,1,1,0,mixture/0.2/8/5/18
0.2,8,5,19,1000,800,constant,single,0,0,0.7659402657164408,8,1,0,,,mixture/0.2/8/5/19
0.2,8,5,19,1000,800,constant,complete,0,0,0.8448995402594285,8,1,0,,,mixture/0.2/8/5/19
0.2,8,5,19,1000,800,constant,average,0,0,0.8607285330738111,8,1,0,,,mixture/0.2/8/5/19
0.2,8,5,19,1000,800,constant,pam,0,1,1.0,8,1,1,1,0,mixture/0.2/8/5/19
0.2,8,5,20,1000,800,constant,single,0,0,0.7687442720561218,7,0,0,,,mixture/0.2/8/5/20
0.2,8,5,20,1000,800,constant,complete,0,0,0.8867798306871177,7,0,0,,,mixture/0.2/8/5/20
0.2,8,5,20,1000,800,constant,average,0,0,0.9046514233233395,7,0,0,,,mixture/0.2/8/5/20
0.2,8,5,20,1000,800,constant,pam,0,1,1.0,7,0,0,1,0,mixture/0.2/8/5/20
0.2,8,5,21,1000,800,constant,single,0,0,0.6038176689370993,28,0,0,,,mixture/0.2/8/5/21
0.2,8,5,21,1000,800,constant,complete,0,0,0.6260584086991641,28,0,0,,,mixture/0.2/8/5/21
0.2,8,5,21,1000,800,constant,average,0,0,0.7308833811686819,28,0,0,,,mixture/0.2/8/5/21
0.2,8,5,21,1000,800,constant,pam,0,0,0.7363480085365463,28,0,0,1,0,mixture/0.2/8/5/21
0.2,8,5,22,1000,800,constant,single,0,0,0.8702100570921883,47,0,0,,,mixture/0.2/8/5/22
0.2,8,5,22,1000,800,constant,complete,0,0,0.7467506039800134,47,0,0,,,mixture/0.2/8/5/22
0.2,8,5,22,1000,800,constant,average,0,0,0.8702100570921883,47,0,0,,,mixture/0.2/8/5/22
0.2,8,5,22,1000,800,constant,pam,0,0,0.9970996515547923,47,0,0,1,0,mixture/0.2/8/5/22
0.2,8,5,23,1000,800,constant,single,0,0,0.8691175640334657,7,0,0,,,mixture/0.2/8/5/23
0.2,8,5,23,1000,800,constant,complete,0,0,0.8329827397364052,7,0,0,,,mixture/0.2/8/5/23
0.2,8,5,23,1000,800,constant,average,0,0,0.8691175640334657,7,0,0,,,mixture/0.2/8/5/23
0.2,8,5,23,1000,800,constant,pam,0,0,0.9915421024885873,7,0,0,1,0,mixture/0.2/8/5/23
0.2,8,5,24,1000,800,constant,single,0,0,0.6728013339736971,10,0,0,,,mixture/0.2/8/5/24
0.2,8,5,24,1000,800,constant,complete,0,0,0.7232882362808029,10,0,0,,,mixture/0.2/8/5/24
0.2,8,5,24,1000,800,constant,average,0,0,0.8551699947136047,10,0,0,,,mixture/0.2/8/5/24
0.2,8,5,24,1000,800,constant,pam,0,0,0.9855624574525269,10,0,0,1,0,mixture/0.2/8/5/24
0.2,8,5,25,1000,800,constant,single,0,0,0.8665870249679988,7,0,0,,,mixture/0.2/8/5/25
0.2,8,5,25,1000,800,constant,complete,0,0,0.8091638704833782,7,0,0,,,mixture/0.2/8/5/25
0.2,8,5,25,1000,800,constant,average,0,1,1.0,7,0,0,,,mixture/0.2/8/5/25
0.2,8,5,25,1000,800,constant,pam,0,1,1.0,7,0,0,1,0,mixture/0.2/8/5/25
0.2,8,5,26,1000,800,constant,single,0,0,0.7633796828389917,8,1,0,,,mixture/0.2/8/5/26
0.2,8,5,26,1000,800,constant,complete,0,1,1.0,8,1,1,,,mixture/0.2/8/5/26
0.2,8,5,26,1000,800,constant,average,0,0,0.8650334719728583,8,1,0,,,mixture/0.2/8/5/26
0.2,8,5,26,1000,800,constant,pam,0,0,0.9971028013284872,8,1,0,1,0,mixture/0.2/8/5/26
0.2,8,5,27,1000,800,constant,single,0,1,1.0,6,0,0,,,mixture/0.2/8/5/27
0.2,8,5,27,1000,800,constant,complete,0,1,1.0,6,0,0,,,mixture/0.2/8/5/27
0.2,8,5,27,1000,800,constant,average,0,1,1.0,6,0,0,,,mixture/0.2/8/5/27
0.2,8,5,27,1000,800,constant,pam,0,1,1.0,6,0,0,1,0,mixture/0.2/8/5/27
0.2,8,5,28,1000,800,constant,single,0,0,0.6396555597298476,8,1,0,,,mixture/0.2/8/5/28
0.2,8,5,28,1000,800,constant,complete,0,0,0.8237346319220806,8,1,0,,,mixture/0.2/8/5/28
0.2,8,5,28,1000,800,constant,average,0,0,0.8502331912844969,8,1,0,,,mixture/0.2/8/5/28
0.2,8,5,28,1000,800,constant,pam,0,1,1.0,8,1,1,1,0,mixture/0.2/8/5/28
0.2,8,5,29,1000,800,constant,single,0,1,1.0,8,1,1,,,mixture/0.2/8/5/29
0.2,8,5,29,1000,800,constant,complete,0,1,1.0,8,1,1,,,mixture/0.2/8/5/29
0.2,8,5,29,1000,800,constant,average,0,1,1.0,8,1,1,,,mixture/0.2/8/5/29
0.2,8,5,29,1000,800,constant,pam,0,1,1.0,8,1,1,1,0,mixture/0.2/8/5/29
0.2,9,5,0,1000,800,constant,single,0,1,1.0,39,0,0,,,mixture/0.2/9/5/0
0.2,9,5,0,1000,800,constant,complete,0,0,0.610913890799422,39,0,0,,,mixture/0.2/9/5/0
0.2,9,5,0,1000,800,constant,average,0,0,0.8543019448621918,39,0,0,,,mixture/0.2/9/5/0
0.2,9,5,0,1000,800,constant,pam,0,0,0.9634641928008052,39,0,0,1,0,mixture/0.2/9/5/0
0.2,9,5,1,1000,800,constant,single,0,0,0.8696119532857938,9,1,0,,,mixture/0.2/9/5/1
0.2,9,5,1,1000,800,constant,complete,0,0,0.8546347282610949,9,1,0,,,mixture/0.2/9/5/1
0.2,9,5,1,1000,800,constant,average,0,0,0.8696119532857938,9,1,0,,,mixture/0.2/9/5/1
0.2,9,5,1,1000,800,constant,pam,0,0,0.9910604247979421,9,1,0,1,0,mixture/0.2/9/5/1
0.2,9,5,2,1000,800,constant,single,0,0,0.8795135708936483,7,0,0,,,mixture/0.2/9/5/2
0.2,9,5,2,1000,800,constant,complete,0,0,0.8795135708936483,7,0,0,,,mixture/0.2/9/5/2
0.2,9,5,2,1000,800,constant,average,0,0,0.8795135708936483,7,0,0,,,mixture/0.2/9/5/2
0.2,9,5,2,1000,800,constant,pam,0,1,1.0,7,0,0,1,0,mixture/0.2/9/5/2
0.2,9,5,3,1000,800,constant,single,0,0,0.7336676965339479,9,1,0,,,mixture/0.2/9/5/3
0.2,9,5,3,1000,800,constant,complete,0,0,0.765164166747031,9,1,0,,,mixture/0.2/9/5/3
0.2,9,5,3,1000,800,constant,average,0,0,0.8929977784624851,9,1,0,,,mixture/0.2/9/5/3
0.2,9,5,3,1000,800,constant,pam,0,1,1.0,9,1,1,1,0,mixture/0.2/9/5/3
0.2,9,5,4,1000,800,constant,single,0,0,0.5504239908265967,7,0,0,,,mixture/0.2/9/5/4
0.2,9,5,4,1000,800,constant,complete,0,0,0.8893820816156816,7,0,0,,,mixture/0.2/9/5/4
0.2,9,5,4,1000,800,constant,average,0,0,0.7462780943301603,7,0,0,,,mixture/0.2/9/5/4
0.2,9,5,4,1000,800,constant,pam,0,1,1.0,7,0,0,1,0,mixture/0.2/9/5/4
0.2,9,5,5,1000,800,constant,single,0,1,1.0,7,0,0,,,mixture/0.2/9/5/5
0.2,9,5,5,1000,800,constant,complete,0,1,1.0,7,0,0,,,mixture/0.2/9/5/5
0.2,9,5,5,1000,800,constant,average,0,1,1.0,7,0,0,,,mixture/0.2/9/5/5
0.2,9,5,5,1000,800,constant,pam,0,1,1.0,7,0,0,1,0,mixture/0.2/9/5/5
0.2,9,5,6,1000,800,constant,single,0,0,0.8693827555339567,6,0,0,,,mixture/0.2/9/5/6
0.2,9,5,6,1000,800,constant,complete,0,1,1.0,6,0,0,,,mixture/0.2/9/5/6
0.2,9,5,6,1000,800,constant,average,0,0,0.8693827555339567,6,0,0,,,mixture/0.2/9/5/6
0.2,9,5,6,1000,800,constant,pam,0,1,1.0,6,0,0,1,0,mixture/0.2/9/5/6
0.2,9,5,7,1000,800,constant,single,0,1,1.0,9,1,1,,,mixture/0.2/9/5/7
0.2,9,5,7,1000,800,constant,complete,0,1,1.0,9,1,1,,,mixture/0.2/9/5/7
0.2,9,5,7,1000,800,constant,average,0,1,1.0,9,1,1,,,mixture/0.2/9/5/7
0.2,9,5,7,1000,800,constant,pam,0,1,1.0,9,1,1,1,0,mixture/0.2/9/5/7
0.2,9,5,8,1000,800,constant,single,0,0,0.7121786624478177,9,1,0,,,mixture/0.2/9/5/8
0.2,9,5,8,1000,800,constant,complete,0,0,0.7640539578113049,9,1,0,,,mixture/0.2/9/5/8
0.2,9,5,8,1000,800,constant,average,0,0,0.8885074896139333,9,1,0,,,mixture/0.2/9/5/8
0.2,9,5,8,1000,800,constant,pam,0,1,1.0,9,1,1,1,0,mixture/0.2/9/5/8
0.2,9,5,9,1000,800,constant,single,0,0,0.8783394456978157,9,1,0,,,mixture/0.2/9/5/9
0.2,9,5,9,1000,800,constant,complete,0,0,0.863731621602624,9,1,0,,,mixture/0.2/9/5/9
0.2,9,5,9,1000,800,constant,average,0,0,0.8768748410739086,9,1,0,,,mixture/0.2/9/5/9
0.2,9,5,9,1000,800,constant,pam,0,1,1.0,9,1,1,1,0,mixture/0.2/9/5/9
0.2,9,5,10,1000,800,constant,single,0,0,0.6894913195324192,23,0,0,,,mixture/0.2/9/5/10
0.2,9,5,10,1000,800,constant,complete,0,0,0.6166852322676134,23,0,0,,,mixture/0.2/9/5/10
0.2,9,5,10,1000,800,constant,average,0,0,0.6083118969317495,23,0,0,,,mixture/0.2/9/5/10
0.2,9,5,10,1000,800,constant,pam,0,0,0.8372580997003586,23,0,0,0,1,mixture/0.2/9/5/10
0.2,9,5,11,1000,800,constant,single,0,0,0.883037176454313,9,1,0,,,mixture/0.2/9/5/11
0.2,9,5,11,1000,800,constant,complete,0,0,0.8467763516572975,9,1,0,,,mixture/0.2/9/5/11
0.2,9,5,11,1000,800,constant,average,0,0,0.8800643035244136,9,1,0,,,mixture/0.2/9/5/11
0.2,9,5,11,1000,800,constant,pam,0,1,1.0,9,1,1,1,0,mixture/0.2/9/5/11
0.2,9,5,12,1000,800,constant,single,0,1,1.0,9,1,1,,,mixture/0.2/9/5/12
0.2,9,5,12,1000,800,constant,complete,0,1,1.0,9,1,1,,,mixture/0.2/9/5/12
0.2,9,5,12,1000,800,constant,average,0,1,1.0,9,1,1,,,mixture/0.2/9/5/12
0.2,9,5,12,1000,800,constant,pam,0,1,1.0,9,1,1,1,0,mixture/0.2/9/5/12
0.2,9,5,13,1000,800,constant,single,0,1,1.0,12,0,0,,,mixture/0.2/9/5/13
0.2,9,5,13,1000,800,constant,complete,0,0,0.8817839426770269,12,0,0,,,mixture/0.2/9/5/13
0.2,9,5,13,1000,800,constant,average,0,1,1.0,12,0,0,,,mixture/0.2/9/5/13
0.2,9,5,13,1000,800,constant,pam,0,1,1.0,12,0,0,1,0,mixture/0.2/9/5/13
0.2,9,5,14,1000,800,constant,single,0,0,0.8953342260118299,9,1,0,,,mixture/0.2/9/5/14
0.2,9,5,14,1000,800,constant,complete,0,0,0.8635955946911067,9,1,0,,,mixture/0.2/9/5/14
0.2,9,5,14,1000,800,constant,average,0,0,0.8939686189310129,9,1,0,,,mixture/0.2/9/5/14
0.2,9,5,14,1000,800,constant,pam,0,1,1.0,9,1,1,1,0,mixture/0.2/9/5/14
0.2,9,5,15,1000,800,constant,single,0,0,0.6786144423649239,9,1,0,,,mixture/0.2/9/5/15
0.2,9,5,15,1000,800,constant,complete,0,0,0.8682755531987556,9,1,0,,,mixture/0.2/9/5/15
0.2,9,5,15,1000,800,constant,average,0,0,0.8723093639550769,9,1,0,,,mixture/0.2/9/5/15
0.2,9,5,15,1000,800,constant,pam,0,1,1.0,9,1,1,1,0,mixture/0.2/9/5/15
0.2,9,5,16,1000,800,constant,single,0,1,1.0,7,0,0,,,mixture/0.2/9/5/16
0.2,9,5,16,1000,800,constant,complete,0,1,1.0,7,0,0,,,mixture/0.2/9/5/16
0.2,9,5,16,1000,800,constant,average,0,1,1.0,7,0,0,,,mixture/0.2/9/5/16
0.2,9,5,16,1000,800,constant,pam,0,1,1.0,7,0,0,1,0,mixture/0.2/9/5/16
0.2,9,5,17,1000,800,constant,single,0,0,0.6792744179358376,9,1,0,,,mixture/0.2/9/5/17
0.2,9,5,17,1000,800,constant,complete,0,0,0.8347976208991107,9,1,0,,,mixture/0.2/9/5/17
0.2,9,5,17,1000,800,constant,average,0,0,0.6753693529758078,9,1,0,,,mixture/0.2/9/5/17
0.2,9,5,17,1000,800,constant,pam,0,1,1.0,9,1,1,1,0,mixture/0.2/9/5/17
0.2,9,5,18,1000,800,constant,single,0,0,0.8838764743229908,4,0,0,,,mixture/0.2/9/5/18
0.2,9,5,18,1000,800,constant,complete,0,0,0.865451392637025,4,0,0,,,mixture/0.2/9/5/18
0.2,9,5,18,1000,800,constant,average,0,0,0.8828216438427985,4,0,0,,,mixture/0.2/9/5/18
0.2,9,5,18,1000,800,constant,pam,0,0,0.9915860788484143,4,0,0,1,0,mixture/0.2/9/5/18
0.2,9,5,19,1000,800,constant,single,0,1,1.0,9,1,1,,,mixture/0.2/9/5/19
0.2,9,5,19,1000,800,constant,complete,0,1,1.0,9,1,1,,,mixture/0.2/9/5/19
0.2,9,5,19,1000,800,constant,average,0,1,1.0,9,1,1,,,mixture/0.2/9/5/19
0.2,9,5,19,1000,800,constant,pam,0,1,1.0,9,1,1,1,0,mixture/0.2/9/5/19
0.2,9,5,20,1000,800,constant,single,0,0,0.7145413941263781,8,0,0,,,mixture/0.2/9/5/20
0.2,9,5,20,1000,800,constant,complete,0,0,0.8554040342440797,8,0,0,,,mixture/0.2/9/5/20
0.2,9,5,20,1000,800,constant,average,0,0,0.7145413941263781,8,0,0,,,mixture/0.2/9/5/20
0.2,9,5,20,1000,800,constant,pam,0,1,1.0,8,0,0,1,0,mixture/0.2/9/5/20
0.2,9,5,21,1000,800,constant,single,0,0,0.7719741645236948,43,0,0,,,mixture/0.2/9/5/21
0.2,9,5,21,1000,800,constant,complete,0,0,0.585285198603711,43,0,0,,,mixture/0.2/9/5/21
0.2,9,5,21,1000,800,constant,average,0,0,0.7585179998509006,43,0,0,,,mixture/0.2/9/5/21
0.2,9,5,21,1000,800,constant,pam,0,0,0.9745096502190085,43,0,0,1,0,mixture/0.2/9/5/21
0.2,9,5,22,1000,800,constant,single,0,1,1.0,9,1,1,,,mixture/0.2/9/5/22
0.2,9,5,22,1000,800,constant,complete,0,1,1.0,9,1,1,,,mixture/0.2/9/5/22
0.2,9,5,22,1000,800,constant,average,0,1,1.0,9,1,1,,,mixture/0.2/9/5/22
0.2,9,5,22,1000,800,constant,pam,0,1,1.0,9,1,1,0,1,mixture/0.2/9/5/22
0.2,9,5,23,1000,800,constant,single,0,0,0.6698581495297515,8,0,0,,,mixture/0.2/9/5/23
0.2,9,5,23,1000,800,constant,complete,0,0,0.856878215073498,8,0,0,,,mixture/0.2/9/5/23
0.2,9,5,23,1000,800,constant,average,0,0,0.8713822607568608,8,0,0,,,mixture/0.2/9/5/23
0.2,9,5,23,1000,800,constant,pam,0,1,1.0,8,0,0,1,0,mixture/0.2/9/5/23
0.2,9,5,24,1000,800,constant,single,0,1,1.0,10,0,0,,,mixture/0.2/9/5/24
0.2,9,5,24,1000,800,constant,complete,0,0,0.9163973120676757,10,0,0,,,mixture/0.2/9/5/24
0.2,9,5,24,1000,800,constant,average,0,0,0.9163973120676757,10,0,0,,,mixture/0.2/9/5/24
0.2,9,5,24,1000,800,constant,pam,0,1,1.0,10,0,0,1,0,mixture/0.2/9/5/24
0.2,9,5,25,1000,800,constant,single,0,0,0.7960119163110367,8,0,0,,,mixture/0.2/9/5/25
0.2,9,5,25,1000,800,constant,complete,0,0,0.7566574795577178,8,0,0,,,mixture/0.2/9/5/25
0.2,9,5,25,1000,800,constant,average,0,0,0.7960119163110367,8,0,0,,,mixture/0.2/9/5/25
0.2,9,5,25,1000,800,constant,pam,0,1,1.0,8,0,0,1,0,mixture/0.2/9/5/25
0.2,9,5,26,1000,800,constant,single,0,0,0.8953035264948654,9,1,0,,,mixture/0.2/9/5/26
0.2,9,5,26,1000,800,constant,complete,0,0,0.8706535852627854,9,1,0,,,mixture/0.2/9/5/26
0.2,9,5,26,1000,800,constant,average,0,0,0.8952251359598515,9,1,0,,,mixture/0.2/9/5/26
0.2,9,5,26,1000,800,constant,pam,0,1,1.0,9,1,1,1,0,mixture/0.2/9/5/26
0.2,9,5,27,1000,800,constant,single,0,0,0.8842346172544763,8,0,0,,,mixture/0.2/9/5/27
0.2,9,5,27,1000,800,constant,complete,0,1,1.0,8,0,0,,,mixture/0.2/9/5/27
0.2,9,5,27,1000,800,constant,average,0,1,1.0,8,0,0,,,mixture/0.2/9/5/27
0.2,9,5,27,1000,800,constant,pam,0,1,1.0,8,0,0,1,0,mixture/0.2/9/5/27
0.2,9,5,28,1000,800,constant,single,0,0,0.3579633275295601,9,1,0,,,mixture/0.2/9/5/28
0.2,9,5,28,1000,800,constant,complete,0,0,0.5977628474729353,9,1,0,,,mixture/0.2/9/5/28
0.2,9,5,28,1000,800,constant,average,0,0,0.6167169918379362,9,1,0,,,mixture/0.2/9/5/28
0.2,9,5,28,1000,800,constant,pam,0,1,1.0,9,1,1,1,0,mixture/0.2/9/5/28
0.2,9,5,29,1000,800,constant,single,0,1,1.0,9,1,1,,,mixture/0.2/9/5/29
0.2,9,5,29,1000,800,constant,complete,0,1,1.0,9,1,1,,,mixture/0.2/9/5/29
0.2,9,5,29,1000,800,constant,average,0,1,1.0,9,1,1,,,mixture/0.2/9/5/29
0.2,9,5,29,1000,800,constant,pam,0,1,1.0,9,1,1,1,0,mixture/0.2/9/5/29
0.2,10,5,0,1000,800,constant,single,0,0,0.6928785803385444,8,0,0,,,mixture/0.2/10/5/0
0.2,10,5,0,1000,800,constant,complete,0,0,0.6076514013476765,8,0,0,,,mixture/0.2/10/5/0
0.2,10,5,0,1000,800,constant,average,0,0,0.687164743661312,8,0,0,,,mixture/0.2/10/5/0
0.2,10,5,0,1000,800,constant,pam,0,0,0.816172408546569,8,0,0,1,0,mixture/0.2/10/5/0
0.2,10,5,1,1000,800,constant,single,0,0,0.7392955840931685,12,0,0,,,mixture/0.2/10/5/1
0.2,10,5,1,1000,800,constant,complete,0,0,0.8709303001382773,12,0,0,,,mixture/0.2/10/5/1
0.2,10,5,1,1000,800,constant,average,0,0,0.8875428636695215,12,0,0,,,mixture/0.2/10/5/1
0.2,10,5,1,1000,800,constant,pam,0,1,1.0,12,0,0,1,0,mixture/0.2/10/5/1
0.2,10,5,2,1000,800,constant,single,0,0,0.9046647767131921,10,1,0,,,mixture/0.2/10/5/2
0.2,10,5,2,1000,800,constant,complete,0,0,0.8960881362265559,10,1,0,,,mixture/0.2/10/5/2
0.2,10,5,2,1000,800,constant,average,0,0,0.9046647767131921,10,1,0,,,mixture/0.2/10/5/2
0.2,10,5,2,1000,800,constant,pam,0,1,1.0,10,1,1,1,0,mixture/0.2/10/5/2
0.2,10,5,3,1000,800,constant,single,0,0,0.716450645670331,10,1,0,,,mixture/0.2/10/5/3
0.2,10,5,3,1000,800,constant,complete,0,0,0.8959494301809615,10,1,0,,,mixture/0.2/10/5/3
0.2,10,5,3,1000,800,constant,average,0,0,0.7153068078386579,10,1,0,,,mixture/0.2/10/5/3
0.2,10,5,3,1000,800,constant,pam,0,1,1.0,10,1,1,1,0,mixture/0.2/10/5/3
0.2,10,5,4,1000,800,constant,single,0,1,1.0,10,1,1,,,mixture/0.2/10/5/4
0.2,10,5,4,1000,800,constant,complete,0,0,0.8508750825499819,10,1,0,,,mixture/0.2/10/5/4
0.2,10,5,4,1000,800,constant,average,0,1,1.0,10,1,1,,,mixture/0.2/10/5/4
0.2,10,5,4,1000,800,constant,pam,0,1,1.0,10,1,1,1,0,mixture/0.2/10/5/4
0.2,10,5,5,1000,800,constant,single,0,0,0.9094788719867428,10,1,0,,,mixture/0.2/10/5/5
0.2,10,5,5,1000,800,constant,complete,0,1,1.0,10,1,1,,,mixture/0.2/10/5/5
0.2,10,5,5,1000,800,constant,average,0,1,1.0,10,1,1,,,mixture/0.2/10/5/5
0.2,10,5,5,1000,800,constant,pam,0,1,1.0,10,1,1,1,0,mixture/0.2/10/5/5
0.2,10,5,6,1000,800,constant,single,0,0,0.8041157558419861,9,0,0,,,mixture/0.2/10/5/6
0.2,10,5,6,1000,800,constant,complete,0,0,0.7686297774694826,9,0,0,,,mixture/0.2/10/5/6
0.2,10,5,6,1000,800,constant,average,0,0,0.8014021907458427,9,0,0,,,mixture/0.2/10/5/6
0.2,10,5,6,1000,800,constant,pam,0,1,1.0,9,0,0,1,0,mixture/0.2/10/5/6
0.2,10,5,7,1000,800,constant,single,0,0,0.8173905267660799,14,0,0,,,mixture/0.2/10/5/7
0.2,10,5,7,1000,800,constant,complete,0,0,0.7606038577910839,14,0,0,,,mixture/0.2/10/5/7
0.2,10,5,7,1000,800,constant,average,0,0,0.8859890602395878,14,0,0,,,mixture/0.2/10/5/7
0.2,10,5,7,1000,800,constant,pam,0,1,1.0,14,0,0,1,0,mixture/0.2/10/5/7
0.2,10,5,8,1000,800,constant,single,0,0,0.8990044024754976,7,0,0,,,mixture/0.2/10/5/8
0.2,10,5,8,1000,800,constant,complete,0,0,0.7660820394152532,7,0,0,,,mixture/0.2/10/5/8
0.2,10,5,8,1000,800,constant,average,0,0,0.8899413140892339,7,0,0,,,mixture/0.2/10/5/8
0.2,10,5,8,1000,800,constant,pam,0,1,1.0,7,0,0,1,0,mixture/0.2/10/5/8
0.2,10,5,9,1000,800,constant,single,0,0,0.7295941122036338,13,0,0,,,mixture/0.2/10/5/9
0.2,10,5,9,1000,800,constant,complete,0,0,0.7060336152636542,13,0,0,,,mixture/0.2/10/5/9
0.2,10,5,9,1000,800,constant,average,0,0,0.8936820351579389,13,0,0,,,mixture/0.2/10/5/9
0.2,10,5,9,1000,800,constant,pam,0,1,1.0,13,0,0,0,1,mixture/0.2/10/5/9
0.2,10,5,10,1000,800,constant,single,0,0,0.7920976776243479,10,1,0,,,mixture/0.2/10/5/10
0.2,10,5,10,1000,800,constant,complete,0,0,0.764354084387527,10,1,0,,,mixture/0.2/10/5/10
0.2,10,5,10,1000,800,constant,average,0,0,0.8619430014778364,10,1,0,,,mixture/0.2/10/5/10
0.2,10,5,10,1000,800,constant,pam,0,0,0.9913479320628009,10,1,0,1,0,mixture/0.2/10/5/10
0.2,10,5,11,1000,800,constant,single,0,0,0.8173287419265494,9,0,0,,,mixture/0.2/10/5/11
0.2,10,5,11,1000,800,constant,complete,0,0,0.880139694293261,9,0,0,,,mixture/0.2/10/5/11
0.2,10,5,11,1000,800,constant,average,0,0,0.9010901635955975,9,0,0,,,mixture/0.2/10/5/11
0.2,10,5,11,1000,800,constant,pam,0,0,0.9920486457794684,9,0,0,1,0,mixture/0.2/10/5/11
0.2,10,5,12,1000,800,constant,single,0,0,0.9015570552890247,10,1,0,,,mixture/0.2/10/5/12
0.2,10,5,12,1000,800,constant,complete,0,0,0.8896654737121278,10,1,0,,,mixture/0.2/10/5/12
0.2,10,5,12,1000,800,constant,average,0,0,0.8896654737121278,10,1,0,,,mixture/0.2/10/5/12
0.2,10,5,12,1000,800,constant,pam,0,1,1.0,10,1,1,1,0,mixture/0.2/10/5/12
0.2,10,5,13,1000,800,constant,single,0,0,0.5524412467950166,7,0,0,,,mixture/0.2/10/5/13
0.2,10,5,13,1000,800,constant,complete,0,0,0.765097924100565,7,0,0,,,mixture/0.2/10/5/13
0.2,10,5,13,1000,800,constant,average,0,0,0.7299634847274111,7,0,0,,,mixture/0.2/10/5/13
0.2,10,5,13,1000,800,constant,pam,0,0,0.9946331009743801,7,0,0,1,0,mixture/0.2/10/5/13
0.2,10,5,14,1000,800,constant,single,0,0,0.8227526678955343,7,0,0,,,mixture/0.2/10/5/14
0.2,10,5,14,1000,800,constant,complete,0,0,0.8888821789762377,7,0,0,,,mixture/0.2/10/5/14
0.2,10,5,14,1000,800,constant,average,0,0,0.9235174102670829,7,0,0,,,mixture/0.2/10/5/14
0.2,10,5,14,1000,800,constant,pam,0,1,1.0,7,0,0,1,0,mixture/0.2/10/5/14
0.2,10,5,15,1000,800,constant,single,0,0,0.8866801047296743,10,1,0,,,mixture/0.2/10/5/15
0.2,10,5,15,1000,800,constant,complete,0,0,0.8818031444044516,10,1,0,,,mixture/0.2/10/5/15
0.2,10,5,15,1000,800,constant,average,0,0,0.8854119692107084,10,1,0,,,mixture/0.2/10/5/15
0.2,10,5,15,1000,800,constant,pam,0,1,1.0,10,1,1,1,0,mixture/0.2/10/5/15
0.2,10,5,16,1000,800,constant,single,0,1,1.0,10,1,1,,,mixture/0.2/10/5/16
0.2,10,5,16,1000,800,constant,complete,0,1,1.0,10,1,1,,,mixture/0.2/10/5/16
0.2,10,5,16,1000,800,constant,average,0,1,1.0,10,1,1,,,mixture/0.2/10/5/16
0.2,10,5,16,1000,800,constant,pam,0,1,1.0,10,1,1,1,0,mixture/0.2/10/5/16
0.2,10,5,17,1000,800,constant,single,0,1,1.0,10,1,1,,,mixture/0.2/10/5/17
0.2,10,5,17,1000,800,constant,complete,0,0,0.8819604019880305,10,1,0,,,mixture/0.2/10/5/17
0.2,10,5,17,1000,800,constant,average,0,1,1.0,10,1,1,,,mixture/0.2/10/5/17
0.2,10,5,17,1000,800,constant,pam,0,1,1.0,10,1,1,1,0,mixture/0.2/10/5/17
0.2,10,5,18,1000,800,constant,single,0,0,0.6757225384966851,10,1,0,,,mixture/0.2/10/5/18
0.2,10,5,18,1000,800,constant,complete,0,0,0.9010140922211634,10,1,0,,,mixture/0.2/10/5/18
0.2,10,5,18,1000,800,constant,average,0,0,0.7963662873941976,10,1,0,,,mixture/0.2/10/5/18
0.2,10,5,18,1000,800,constant,pam,0,1,1.0,10,1,1,1,0,mixture/0.2/10/5/18
0.2,10,5,19,1000,800,constant,single,0,0,0.9052640970835688,10,1,0,,,mixture/0.2/10/5/19
0.2,10,5,19,1000,800,constant,complete,0,1,1.0,10,1,1,,,mixture/0.2/10/5/19
0.2,10,5,19,1000,800,constant,average,0,1,1.0,10,1,1,,,mixture/0.2/10/5/19
0.2,10,5,19,1000,800,constant,pam,0,1,1.0,10,1,1,1,0,mixture/0.2/10/5/19
0.2,10,5,20,1000,800,constant,single,0,0,0.8799726153172802,10,1,0,,,mixture/0.2/10/5/20
0.2,10,5,20,1000,800,constant,complete,0,1,1.0,10,1,1,,,mixture/0.2/10/5/20
0.2,10,5,20,1000,800,constant,average,0,0,0.8818074234835036,10,1,0,,,mixture/0.2/10/5/20
0.2,10,5,20,1000,800,constant,pam,0,1,1.0,10,1,1,1,0,mixture/0.2/10/5/20
0.2,10,5,21,1000,800,constant,single,0,0,0.810019818782496,9,0,0,,,mixture/0.2/10/5/21
0.2,10,5,21,1000,800,constant,complete,0,0,0.8636444253719036,9,0,0,,,mixture/0.2/10/5/21
0.2,10,5,21,1000,800,constant,average,0,0,0.8962440895438576,9,0,0,,,mixture/0.2/10/5/21
0.2,10,5,21,1000,800,constant,pam,0,1,1.0,9,0,0,1,0,mixture/0.2/10/5/21
0.2,10,5,22,1000,800,constant,single,0,0,0.8174688484797908,9,0,0,,,mixture/0.2/10/5/22
0.2,10,5,22,1000,800,constant,complete,0,0,0.7918820403317515,9,0,0,,,mixture/0.2/10/5/22
0.2,10,5,22,1000,800,constant,average,0,0,0.8094599898463896,9,0,0,,,mixture/0.2/10/5/22
0.2,10,5,22,1000,800,constant,pam,0,1,1.0,9,0,0,1,0,mixture/0.2/10/5/22
0.2,10,5,23,1000,800,constant,single,0,1,1.0,10,1,1,,,mixture/0.2/10/5/23
0.2,10,5,23,1000,800,constant,complete,0,1,1.0,10,1,1,,,mixture/0.2/10/5/23
0.2,10,5,23,1000,800,constant,average,0,1,1.0,10,1,1,,,mixture/0.2/10/5/23
0.2,10,5,23,1000,800,constant,pam,0,1,1.0,10,1,1,1,0,mixture/0.2/10/5/23
0.2,10,5,24,1000,800,constant,single,0,0,0.8051260957390273,8,0,0,,,mixture/0.2/10/5/24
0.2,10,5,24,1000,800,constant,complete,0,0,0.7786954794363175,8,0,0,,,mixture/0.2/10/5/24
0.2,10,5,24,1000,800,constant,average,0,0,0.8039670344367801,8,0,0,,,mixture/0.2/10/5/24
0.2,10,5,24,1000,800,constant,pam,0,0,0.8496524700017803,8,0,0,1,0,mixture/0.2/10/5/24
0.2,10,5,25,1000,800,constant,single,0,0,0.9123521540281847,10,1,0,,,mixture/0.2/10/5/25
0.2,10,5,25,1000,800,constant,complete,0,0,0.8802577415607481,10,1,0,,,mixture/0.2/10/5/25
0.2,10,5,25,1000,800,constant,average,0,1,1.0,10,1,1,,,mixture/0.2/10/5/25
0.2,10,5,25,1000,800,constant,pam,0,1,1.0,10,1,1,1,0,mixture/0.2/10/5/25
0.2,10,5,26,1000,800,constant,single,0,0,0.889364528149597,10,1,0,,,mixture/0.2/10/5/26
0.2,10,5,26,1000,800,constant,complete,0,0,0.8731947794665071,10,1,0,,,mixture/0.2/10/5/26
0.2,10,5,26,1000,800,constant,average,0,0,0.8880306754175994,10,1,0,,,mixture/0.2/10/5/26
0.2,10,5,26,1000,800,constant,pam,0,1,1.0,10,1,1,1,0,mixture/0.2/10/5/26
0.2,10,5,27,1000,800,constant,single,0,0,0.9028297858992297,8,0,0,,,mixture/0.2/10/5/27
0.2,10,5,27,1000,800,constant,complete,0,0,0.8800001512684714,8,0,0,,,mixture/0.2/10/5/27
0.2,10,5,27,1000,800,constant,average,0,0,0.9028297858992297,8,0,0,,,mixture/0.2/10/5/27
0.2,10,5,27,1000,800,constant,pam,0,0,0.982036327766666,8,0,0,1,0,mixture/0.2/10/5/27
0.2,10,5,28,1000,800,constant,single,0,0,0.9036673064258668,9,0,0,,,mixture/0.2/10/5/28
0.2,10,5,28,1000,800,constant,complete,0,0,0.8986428872254092,9,0,0,,,mixture/0.2/10/5/28
0.2,10,5,28,1000,800,constant,average,0,0,0.9036673064258668,9,0,0,,,mixture/0.2/10/5/28
0.2,10,5,28,1000,800,constant,pam,0,0,0.9844989006057416,9,0,0,1,0,mixture/0.2/10/5/28
0.2,10,5,29,1000,800,constant,single,0,0,0.8976173223821112,9,0,0,,,mixture/0.2/10/5/29
0.2,10,5,29,1000,800,constant,complete,0,0,0.8902588147760252,9,0,0,,,mixture/0.2/10/5/29
0.2,10,5,29,1000,800,constant,average,0,0,0.8966130685298948,9,0,0,,,mixture/0.2/10/5/29
0.2,10,5,29,1000,800,constant,pam,0,0,0.9892280318728695,9,0,0,1,0,mixture/0.2/10/5/29
0.3,2,5,0,1000,800,constant,single,0,1,1.0,2,1,1,,,mixture/0.3/2/5/0
0.3,2,5,0,1000,800,constant,complete,0,1,1.0,2,1,1,,,mixture/0.3/2/5/0
0.3,2,5,0,1000,800,constant,average,0,1,1.0,2,1,1,,,mixture/0.3/2/5/0
0.3,2,5,0,1000,800,constant,pam,0,1,1.0,2,1,1,1,0,mixture/0.3/2/5/0
0.3,2,5,1,1000,800,constant,single,0,1,1.0,2,1,1,,,mixture/0.3/2/5/1
0.3,2,5,1,1000,800,constant,complete,0,1,1.0,2,1,1,,,mixture/0.3/2/5/1
0.3,2,5,1,1000,800,constant,average,0,1,1.0,2,1,1,,,mixture/0.3/2/5/1
0.3,2,5,1,1000,800,constant,pam,0,1,1.0,2,1,1,1,0,mixture/0.3/2/5/1
0.3,2,5,2,1000,800,constant,single,0,1,1.0,2,1,1,,,mixture/0.3/2/5/2
0.3,2,5,2,1000,800,constant,complete,0,1,1.0,2,1,1,,,mixture/0.3/2/5/2
0.3,2,5,2,1000,800,constant,average,0,1,1.0,2,1,1,,,mixture/0.3/2/5/2
0.3,2,5,2,1000,800,constant,pam,0,1,1.0,2,1,1,1,0,mixture/0.3/2/5/2
0.3,2,5,3,1000,800,constant,single,0,1,1.0,2,1,1,,,mixture/0.3/2/5/3
0.3,2,5,3,1000,800,constant,complete,0,1,1.0,2,1,1,,,mixture/0.3/2/5/3
0.3,2,5,3,1000,800,constant,average,0,1,1.0,2,1,1,,,mixture/0.3/2/5/3
0.3,2,5,3,1000,800,constant,pam,0,1,1.0,2,1,1,1,0,mixture/0.3/2/5/3
0.3,2,5,4,1000,800,constant,single,0,1,1.0,2,1,1,,,mixture/0.3/2/5/4
0.3,2,5,4,1000,800,constant,complete,0,1,1.0,2,1,1,,,mixture/0.3/2/5/4
0.3,2,5,4,1000,800,constant,average,0,1,1.0,2,1,1,,,mixture/0.3/2/5/4
0.3,2,5,4,1000,800,constant,pam,0,1,1.0,2,1,1,1,0,mixture/0.3/2/5/4
0.3,2,5,5,1000,800,constant,single,0,1,1.0,2,1,1,,,mixture/0.3/2/5/5
0.3,2,5,5,1000,800,constant,complete,0,1,1.0,2,1,1,,,mixture/0.3/2/5/5
0.3,2,5,5,1000,800,constant,average,0,1,1.0,2,1,1,,,mixture/0.3/2/5/5
0.3,2,5,5,1000,800,constant,pam,0,1,1.0,2,1,1,1,0,mixture/0.3/2/5/5
0.3,2,5,6,1000,800,constant,single,0,1,1.0,2,1,1,,,mixture/0.3/2/5/6
0.3,2,5,6,1000,800,constant,complete,0,1,1.0,2,1,1,,,mixture/0.3/2/5/6
0.3,2,5,6,1000,800,constant,average,0,1,1.0,2,1,1,,,mixture/0.3/2/5/6
0.3,2,5,6,1000,800,constant,pam,0,1,1.0,2,1,1,1,0,mixture/0.3/2/5/6
0.3,2,5,7,1000,800,constant,single,0,1,1.0,2,1,1,,,mixture/0.3/2/5/7
0.3,2,5,7,1000,800,constant,complete,0,1,1.0,2,1,1,,,mixture/0.3/2/5/7
0.3,2,5,7,1000,800,constant,average,0,1,1.0,2,1,1,,,mixture/0.3/2/5/7
0.3,2,5,7,1000,800,constant,pam,0,1,1.0,2,1,1,1,0,mixture/0.3/2/5/7
0.3,2,5,8,1000,800,constant,single,0,1,1.0,2,1,1,,,mixture/0.3/2/5/8
0.3,2,5,8,1000,800,constant,complete,0,1,1.0,2,1,1,,,mixture/0.3/2/5/8
0.3,2,5,8,1000,800,constant,average,0,1,1.0,2,1,1,,,mixture/0.3/2/5/8
0.3,2,5,8,1000,800,constant,pam,0,1,1.0,2,1,1,1,0,mixture/0.3/2/5/8
0.3,2,5,9,1000,800,constant,single,0,1,1.0,2,1,1,,,mixture/0.3/2/5/9
0.3,2,5,9,1000,800,constant,complete,0,1,1.0,2,1,1,,,mixture/0.3/2/5/9
0.3,2,5,9,1000,800,constant,average,0,1,1.0,2,1,1,,,mixture/0.3/2/5/9
0.3,2,5,9,1000,800,constant,pam,0,1,1.0,2,1,1,1,0,mixture/0.3/2/5/9
0.3,2,5,10,1000,800,constant,single,0,1,1.0,2,1,1,,,mixture/0.3/2/5/10
0.3,2,5,10,1000,800,constant,complete,0,1,1.0,2,1,1,,,mixture/0.3/2/5/10
0.3,2,5,10,1000,800,constant,average,0,1,1.0,2,1,1,,,mixture/0.3/2/5/10
0.3,2,5,10,1000,800,constant,pam,0,1,1.0,2,1,1,1,0,mixture/0.3/2/5/10
0.3,2,5,11,1000,800,constant,single,0,1,1.0,2,1,1,,,mixture/0.3/2/5/11
0.3,2,5,11,1000,800,constant,complete,0,1,1.0,2,1,1,,,mixture/0.3/2/5/11
0.3,2,5,11,1000,800,constant,average,0,1,1.0,2,1,1,,,mixture/0.3/2/5/11
0.3,2,5,11,1000,800,constant,pam,0,1,1.0,2,1,1,1,0,mixture/0.3/2/5/11
0.3,2,5,12,1000,800,constant,single,0,1,1.0,2,1,1,,,mixture/0.3/2/5/12
0.3,2,5,12,1000,800,constant,complete,0,1,1.0,2,1,1,,,mixture/0.3/2/5/12
0.3,2,5,12,1000,800,constant,average,0,1,1.0,2,1,1,,,mixture/0.3/2/5/12
0.3,2,5,12,1000,800,constant,pam,0,1,1.0,2,1,1,1,0,mixture/0.3/2/5/12
0.3,2,5,13,1000,800,constant,single,0,1,1.0,2,1,1,,,mixture/0.3/2/5/13
0.3,2,5,13,1000,800,constant,complete,0,1,1.0,2,1,1,,,mixture/0.3/2/5/13
0.3,2,5,13,1000,800,constant,average,0,1,1.0,2,1,1,,,mixture/0.3/2/5/13
0.3,2,5,13,1000,800,constant,pam,0,1,1.0,2,1,1,1,0,mixture/0.3/2/5/13
0.3,2,5,14,1000,800,constant,single,0,1,1.0,2,1,1,,,mixture/0.3/2/5/14
0.3,2,5,14,1000,800,constant,complete,0,1,1.0,2,1,1,,,mixture/0.3/2/5/14
0.3,2,5,14,1000,800,constant,average,0,1,1.0,2,1,1,,,mixture/0.3/2/5/14
0.3,2,5,14,1000,800,constant,pam,0,1,1.0,2,1,1,1,0,mixture/0.3/2/5/14
0.3,2,5,15,1000,800,constant,single,0,1,1.0,2,1,1,,,mixture/0.3/2/5/15
0.3,2,5,15,1000,800,constant,complete,0,1,1.0,2,1,1,,,mixture/0.3/2/5/15
0.3,2,5,15,1000,800,constant,average,0,1,1.0,2,1,1,,,mixture/0.3/2/5/15
0.3,2,5,15,1000,800,constant,pam,0,1,1.0,2,1,1,1,0,mixture/0.3/2/5/15
0.3,2,5,16,1000,800,constant,single,0,1,1.0,2,1,1,,,mixture/0.3/2/5/16
0.3,2,5,16,1000,800,constant,complete,0,1,1.0,2,1,1,,,mixture/0.3/2/5/16
0.3,2,5,16,1000,800,constant,average,0,1,1.0,2,1,1,,,mixture/0.3/2/5/16
0.3,2,5,16,1000,800,constant,pam,0,1,1.0,2,1,1,1,0,mixture/0.3/2/5/16
0.3,2,5,17,1000,800,constant,single,0,1,1.0,2,1,1,,,mixture/0.3/2/5/17
0.3,2,5,17,1000,800,constant,complete,0,1,1.0,2,1,1,,,mixture/0.3/2/5/17
0.3,2,5,17,1000,800,constant,average,0,1,1.0,2,1,1,,,mixture/0.3/2/5/17
0.3,2,5,17,1000,800,constant,pam,0,1,1.0,2,1,1,1,0,mixture/0.3/2/5/17
0.3,2,5,18,1000,800,constant,single,0,1,1.0,2,1,1,,,mixture/0.3/2/5/18
0.3,2,5,18,1000,800,constant,complete,0,1,1.0,2,1,1,,,mixture/0.3/2/5/18
0.3,2,5,18,1000,800,constant,average,0,1,1.0,2,1,1,,,mixture/0.3/2/5/18
0.3,2,5,18,1000,800,constant,pam,0,1,1.0,2,1,1,1,0,mixture/0.3/2/5/18
0.3,2,5,19,1000,800,constant,single,0,1,1.0,2,1,1,,,mixture/0.3/2/5/19
0.3,2,5,19,1000,800,constant,complete,0,1,1.0,2,1,1,,,mixture/0.3/2/5/19
0.3,2,5,19,1000,800,constant,average,0,1,1.0,2,1,1,,,mixture/0.3/2/5/19
0.3,2,5,19,1000,800,constant,pam,0,1,1.0,2,1,1,1,0,mixture/0.3/2/5/19
0.3,2,5,20,1000,800,constant,single,0,1,1.0,2,1,1,,,mixture/0.3/2/5/20
0.3,2,5,20,1000,800,constant,complete,0,1,1.0,2,1,1,,,mixture/0.3/2/5/20
0.3,2,5,20,1000,800,constant,average,0,1,1.0,2,1,1,,,mixture/0.3/2/5/20
0.3,2,5,20,1000,800,constant,pam,0,1,1.0,2,1,1,1,0,mixture/0.3/2/5/20
0.3,2,5,21,1000,800,constant,single,0,1,1.0,2,1,1,,,mixture/0.3/2/5/21
0.3,2,5,21,1000,800,constant,complete,0,1,1.0,2,1,1,,,mixture/0.3/2/5/21
0.3,2,5,21,1000,800,constant,average,0,1,1.0,2,1,1,,,mixture/0.3/2/5/21
0.3,2,5,21,1000,800,constant,pam,0,1,1.0,2,1,1,1,0,mixture/0.3/2/5/21
0.3,2,5,22,1000,800,constant,single,0,1,1.0,2,1,1,,,mixture/0.3/2/5/22
0.3,2,5,22,1000,800,constant,complete,0,1,1.0,2,1,1,,,mixture/0.3/2/5/22
0.3,2,5,22,1000,800,constant,average,0,1,1.0,2,1,1,,,mixture/0.3/2/5/22
0.3,2,5,22,1000,800,constant,pam,0,1,1.0,2,1,1,1,0,mixture/0.3/2/5/22
0.3,2,5,23,1000,800,constant,single,0,1,1.0,2,1,1,,,mixture/0.3/2/5/23
0.3,2,5,23,1000,800,constant,complete,0,1,1.0,2,1,1,,,mixture/0.3/2/5/23
0.3,2,5,23,1000,800,constant,average,0,1,1.0,2,1,1,,,mixture/0.3/2/5/23
0.3,2,5,23,1000,800,constant,pam,0,1,1.0,2,1,1,1,0,mixture/0.3/2/5/23
0.3,2,5,24,1000,800,constant,single,0,1,1.0,2,1,1,,,mixture/0.3/2/5/24
0.3,2,5,24,1000,800,constant,complete,0,1,1.0,2,1,1,,,mixture/0.3/2/5/24
0.3,2,5,24,1000,800,constant,average,0,1,1.0,2,1,1,,,mixture/0.3/2/5/24
0.3,2,5,24,1000,800,constant,pam,0,1,1.0,2,1,1,1,0,mixture/0.3/2/5/24
0.3,2,5,25,1000,800,constant,single,0,1,1.0,2,1,1,,,mixture/0.3/2/5/25
0.3,2,5,25,1000,800,constant,complete,0,1,1.0,2,1,1,,,mixture/0.3/2/5/25
0.3,2,5,25,1000,800,constant,average,0,1,1.0,2,1,1,,,mixture/0.3/2/5/25
0.3,2,5,25,1000,800,constant,pam,0,1,1.0,2,1,1,1,0,mixture/0.3/2/5/25
0.3,2,5,26,1000,800,constant,single,0,1,1.0,2,1,1,,,mixture/0.3/2/5/26
0.3,2,5,26,1000,800,constant,complete,0,1,1.0,2,1,1,,,mixture/0.3/2/5/26
0.3,2,5,26,1000,800,constant,average,0,1,1.0,2,1,1,,,mixture/0.3/2/5/26
0.3,2,5,26,1000,800,constant,pam,0,1,1.0,2,1,1,1,0,mixture/0.3/2/5/26
0.3,2,5,27,1000,800,constant,single,0,1,1.0,2,1,1,,,mixture/0.3/2/5/27
0.3,2,5,27,1000,800,constant,complete,0,1,1.0,2,1,1,,,mixture/0.3/2/5/27
0.3,2,5,27,1000,800,constant,average,0,1,1.0,2,1,1,,,mixture/0.3/2/5/27
0.3,2,5,27,1000,800,constant,pam,0,1,1.0,2,1,1,1,0,mixture/0.3/2/5/27
0.3,2,5,28,1000,800,constant,single,0,1,1.0,2,1,1,,,mixture/0.3/2/5/28
0.3,2,5,28,1000,800,constant,complete,0,1,1.0,2,1,1,,,mixture/0.3/2/5/28
0.3,2,5,28,1000,800,constant,average,0,1,1.0,2,1,1,,,mixture/0.3/2/5/28
0.3,2,5,28,1000,800,constant,pam,0,1,1.0,2,1,1,1,0,mixture/0.3/2/5/28
0.3,2,5,29,1000,800,constant,single,0,1,1.0,2,1,1,,,mixture/0.3/2/5/29
0.3,2,5,29,1000,800,constant,complete,0,1,1.0,2,1,1,,,mixture/0.3/2/5/29
0.3,2,5,29,1000,800,constant,average,0,1,1.0,2,1,1,,,mixture/0.3/2/5/29
0.3,2,5,29,1000,800,constant,pam,0,1,1.0,2,1,1,1,0,mixture/0.3/2/5/29
0.3,3,5,0,1000,800,constant,single,0,1,1.0,3,1,1,,,mixture/0.3/3/5/0
0.3,3,5,0,1000,800,constant,complete,0,1,1.0,3,1,1,,,mixture/0.3/3/5/0
0.3,3,5,0,1000,800,constant,average,0,1,1.0,3,1,1,,,mixture/0.3/3/5/0
0.3,3,5,0,1000,800,constant,pam,0,1,1.0,3,1,1,1,0,mixture/0.3/3/5/0
0.3,3,5,1,1000,800,constant,single,0,1,1.0,3,1,1,,,mixture/0.3/3/5/1
0.3,3,5,1,1000,800,constant,complete,0,1,1.0,3,1,1,,,mixture/0.3/3/5/1
0.3,3,5,1,1000,800,constant,average,0,1,1.0,3,1,1,,,mixture/0.3/3/5/1
0.3,3,5,1,1000,800,constant,pam,0,1,1.0,3,1,1,1,0,mixture/0.3/3/5/1
0.3,3,5,2,1000,800,constant,single,0,1,1.0,3,1,1,,,mixture/0.3/3/5/2
0.3,3,5,2,1000,800,constant,complete,0,1,1.0,3,1,1,,,mixture/0.3/3/5/2
0.3,3,5,2,1000,800,constant,average,0,1,1.0,3,1,1,,,mixture/0.3/3/5/2
0.3,3,5,2,1000,800,constant,pam,0,1,1.0,3,1,1,1,0,mixture/0.3/3/5/2
0.3,3,5,3,1000,800,constant,single,0,1,1.0,3,1,1,,,mixture/0.3/3/5/3
0.3,3,5,3,1000,800,constant,complete,0,1,1.0,3,1,1,,,mixture/0.3/3/5/3
0.3,3,5,3,1000,800,constant,average,0,1,1.0,3,1,1,,,mixture/0.3/3/5/3
0.3,3,5,3,1000,800,constant,pam,0,1,1.0,3,1,1,1,0,mixture/0.3/3/5/3
0.3,3,5,4,1000,800,constant,single,0,1,1.0,5,0,0,,,mixture/0.3/3/5/4
0.3,3,5,4,1000,800,constant,complete,0,1,1.0,5,0,0,,,mixture/0.3/3/5/4
0.3,3,5,4,1000,800,constant,average,0,1,1.0,5,0,0,,,mixture/0.3/3/5/4
0.3,3,5,4,1000,800,constant,pam,0,1,1.0,5,0,0,1,0,mixture/0.3/3/5/4
0.3,3,5,5,1000,800,constant,single,0,1,1.0,3,1,1,,,mixture/0.3/3/5/5
0.3,3,5,5,1000,800,constant,complete,0,1,1.0,3,1,1,,,mixture/0.3/3/5/5
0.3,3,5,5,1000,800,constant,average,0,1,1.0,3,1,1,,,mixture/0.3/3/5/5
0.3,3,5,5,1000,800,constant,pam,0,1,1.0,3,1,1,1,0,mixture/0.3/3/5/5
0.3,3,5,6,1000,800,constant,single,0,1,1.0,3,1,1,,,mixture/0.3/3/5/6
0.3,3,5,6,1000,800,constant,complete,0,1,1.0,3,1,1,,,mixture/0.3/3/5/6
0.3,3,5,6,1000,800,constant,average,0,1,1.0,3,1,1,,,mixture/0.3/3/5/6
0.3,3,5,6,1000,800,constant,pam,0,1,1.0,3,1,1,1,0,mixture/0.3/3/5/6
0.3,3,5,7,1000,800,constant,single,0,1,1.0,3,1,1,,,mixture/0.3/3/5/7
0.3,3,5,7,1000,800,constant,complete,0,1,1.0,3,1,1,,,mixture/0.3/3/5/7
0.3,3,5,7,1000,800,constant,average,0,1,1.0,3,1,1,,,mixture/0.3/3/5/7
0.3,3,5,7,1000,800,constant,pam,0,1,1.0,3,1,1,1,0,mixture/0.3/3/5/7
0.3,3,5,8,1000,800,constant,single,0,1,1.0,3,1,1,,,mixture/0.3/3/5/8
0.3,3,5,8,1000,800,constant,complete,0,1,1.0,3,1,1,,,mixture/0.3/3/5/8
0.3,3,5,8,1000,800,constant,average,0,1,1.0,3,1,1,,,mixture/0.3/3/5/8
0.3,3,5,8,1000,800,constant,pam,0,1,1.0,3,1,1,1,0,mixture/0.3/3/5/8
0.3,3,5,9,1000,800,constant,single,0,1,1.0,3,1,1,,,mixture/0.3/3/5/9
0.3,3,5,9,1000,800,constant,complete,0,1,1.0,3,1,1,,,mixture/0.3/3/5/9
0.3,3,5,9,1000,800,constant,average,0,1,1.0,3,1,1,,,mixture/0.3/3/5/9
0.3,3,5,9,1000,800,constant,pam,0,1,1.0,3,1,1,1,0,mixture/0.3/3/5/9
0.3,3,5,10,1000,800,constant,single,0,1,1.0,3,1,1,,,mixture/0.3/3/5/10
0.3,3,5,10,1000,800,constant,complete,0,1,1.0,3,1,1,,,mixture/0.3/3/5/10
0.3,3,5,10,1000,800,constant,average,0,1,1.0,3,1,1,,,mixture/0.3/3/5/10
0.3,3,5,10,1000,800,constant,pam,0,1,1.0,3,1,1,0,1,mixture/0.3/3/5/10
0.3,3,5,11,1000,800,constant,single,0,1,1.0,3,1,1,,,mixture/0.3/3/5/11
0.3,3,5,11,1000,800,constant,complete,0,1,1.0,3,1,1,,,mixture/0.3/3/5/11
0.3,3,5,11,1000,800,constant,average,0,1,1.0,3,1,1,,,mixture/0.3/3/5/11
0.3,3,5,11,1000,800,constant,pam,0,1,1.0,3,1,1,1,0,mixture/0.3/3/5/11
0.3,3,5,12,1000,800,constant,single,0,1,1.0,3,1,1,,,mixture/0.3/3/5/12
0.3,3,5,12,1000,800,constant,complete,0,1,1.0,3,1,1,,,mixture/0.3/3/5/12
0.3,3,5,12,1000,800,constant,average,0,1,1.0,3,1,1,,,mixture/0.3/3/5/12
0.3,3,5,12,1000,800,constant,pam,0,1,1.0,3,1,1,1,0,mixture/0.3/3/5/12
0.3,3,5,13,1000,800,constant,single,0,1,1.0,3,1,1,,,mixture/0.3/3/5/13
0.3,3,5,13,1000,800,constant,complete,0,1,1.0,3,1,1,,,mixture/0.3/3/5/13
0.3,3,5,13,1000,800,constant,average,0,1,1.0,3,1,1,,,mixture/0.3/3/5/13
0.3,3,5,13,1000,800,constant,pam,0,1,1.0,3,1,1,1,0,mixture/0.3/3/5/13
0.3,3,5,14,1000,800,constant,single,0,1,1.0,2,0,0,,,mixture/0.3/3/5/14
0.3,3,5,14,1000,800,constant,complete,0,1,1.0,2,0,0,,,mixture/0.3/3/5/14
0.3,3,5,14,1000,800,constant,average,0,1,1.0,2,0,0,,,mixture/0.3/3/5/14
0.3,3,5,14,1000,800,constant,pam,0,1,1.0,2,0,0,1,0,mixture/0.3/3/5/14
0.3,3,5,15,1000,800,constant,single,0,1,1.0,3,1,1,,,mixture/0.3/3/5/15
0.3,3,5,15,1000,800,constant,complete,0,1,1.0,3,1,1,,,mixture/0.3/3/5/15
0.3,3,5,15,1000,800,constant,average,0,1,1.0,3,1,1,,,mixture/0.3/3/5/15
0.3,3,5,15,1000,800,constant,pam,0,1,1.0,3,1,1,1,0,mixture/0.3/3/5/15
0.3,3,5,16,1000,800,constant,single,0,1,1.0,3,1,1,,,mixture/0.3/3/5/16
0.3,3,5,16,1000,800,constant,complete,0,1,1.0,3,1,1,,,mixture/0.3/3/5/16
0.3,3,5,16,1000,800,constant,average,0,1,1.0,3,1,1,,,mixture/0.3/3/5/16
0.3,3,5,16,1000,800,constant,pam,0,1,1.0,3,1,1,1,0,mixture/0.3/3/5/16
0.3,3,5,17,1000,800,constant,single,0,1,1.0,3,1,1,,,mixture/0.3/3/5/17
0.3,3,5,17,1000,800,constant,complete,0,1,1.0,3,1,1,,,mixture/0.3/3/5/17
0.3,3,5,17,1000,800,constant,average,0,1,1.0,3,1,1,,,mixture/0.3/3/5/17
0.3,3,5,17,1000,800,constant,pam,0,1,1.0,3,1,1,1,0,mixture/0.3/3/5/17
0.3,3,5,18,1000,800,constant,single,0,1,1.0,3,1,1,,,mixture/0.3/3/5/18
0.3,3,5,18,1000,800,constant,complete,0,1,1.0,3,1,1,,,mixture/0.3/3/5/18
0.3,3,5,18,1000,800,constant,average,0,1,1.0,3,1,1,,,mixture/0.3/3/5/18
0.3,3,5,18,1000,800,constant,pam,0,1,1.0,3,1,1,1,0,mixture/0.3/3/5/18
0.3,3,5,19,1000,800,constant,single,0,1,1.0,3,1,1,,,mixture/0.3/3/5/19
0.3,3,5,19,1000,800,constant,complete,0,1,1.0,3,1,1,,,mixture/0.3/3/5/19
0.3,3,5,19,1000,800,constant,average,0,1,1.0,3,1,1,,,mixture/0.3/3/5/19
0.3,3,5,19,1000,800,constant,pam,0,1,1.0,3,1,1,1,0,mixture/0.3/3/5/19
0.3,3,5,20,1000,800,constant,single,0,1,1.0,3,1,1,,,mixture/0.3/3/5/20
0.3,3,5,20,1000,800,constant,complete,0,0,0.46353925158161247,3,1,0,,,mixture/0.3/3/5/20
0.3,3,5,20,1000,800,constant,average,0,1,1.0,3,1,1,,,mixture/0.3/3/5/20
0.3,3,5,20,1000,800,constant,pam,0,1,1.0,3,1,1,1,0,mixture/0.3/3/5/20
0.3,3,5,21,1000,800,constant,single,0,0,2.085128683041006e-05,3,1,0,,,mixture/0.3/3/5/21
0.3,3,5,21,1000,800,constant,complete,0,0,0.4677053114937134,3,1,0,,,mixture/0.3/3/5/21
0.3,3,5,21,1000,800,constant,average,0,0,0.0026095746625369944,3,1,0,,,mixture/0.3/3/5/21
0.3,3,5,21,1000,800,constant,pam,0,0,0.9650186226623658,3,1,0,1,0,mixture/0.3/3/5/21
0.3,3,5,22,1000,800,constant,single,0,1,1.0,3,1,1,,,mixture/0.3/3/5/22
0.3,3,5,22,1000,800,constant,complete,0,1,1.0,3,1,1,,,mixture/0.3/3/5/22
0.3,3,5,22,1000,800,constant,average,0,1,1.0,3,1,1,,,mixture/0.3/3/5/22
0.3,3,5,22,1000,800,constant,pam,0,1,1.0,3,1,1,1,0,mixture/0.3/3/5/22
0.3,3,5,23,1000,800,constant,single,0,1,1.0,3,1,1,,,mixture/0.3/3/5/23
0.3,3,5,23,1000,800,constant,complete,0,1,1.0,3,1,1,,,mixture/0.3/3/5/23
0.3,3,5,23,1000,800,constant,average,0,1,1.0,3,1,1,,,mixture/0.3/3/5/23
0.3,3,5,23,1000,800,constant,pam,0,1,1.0,3,1,1,1,0,mixture/0.3/3/5/23
0.3,3,5,24,1000,800,constant,single,0,1,1.0,3,1,1,,,mixture/0.3/3/5/24
0.3,3,5,24,1000,800,constant,complete,0,1,1.0,3,1,1,,,mixture/0.3/3/5/24
0.3,3,5,24,1000,800,constant,average,0,1,1.0,3,1,1,,,mixture/0.3/3/5/24
0.3,3,5,24,1000,800,constant,pam,0,1,1.0,3,1,1,1,0,mixture/0.3/3/5/24
0.3,3,5,25,1000,800,constant,single,0,1,1.0,3,1,1,,,mixture/0.3/3/5/25
0.3,3,5,25,1000,800,constant,complete,0,1,1.0,3,1,1,,,mixture/0.3/3/5/25
0.3,3,5,25,1000,800,constant,average,0,1,1.0,3,1,1,,,mixture/0.3/3/5/25
0.3,3,5,25,1000,800,constant,pam,0,1,1.0,3,1,1,1,0,mixture/0.3/3/5/25
0.3,3,5,26,1000,800,constant,single,0,1,1.0,3,1,1,,,mixture/0.3/3/5/26
0.3,3,5,26,1000,800,constant,complete,0,1,1.0,3,1,1,,,mixture/0.3/3/5/26
0.3,3,5,26,1000,800,constant,average,0,1,1.0,3,1,1,,,mixture/0.3/3/5/26
0.3,3,5,26,1000,800,constant,pam,0,1,1.0,3,1,1,1,0,mixture/0.3/3/5/26
0.3,3,5,27,1000,800,constant,single,0,1,1.0,3,1,1,,,mixture/0.3/3/5/27
0.3,3,5,27,1000,800,constant,complete,0,1,1.0,3,1,1,,,mixture/0.3/3/5/27
0.3,3,5,27,1000,800,constant,average,0,1,1.0,3,1,1,,,mixture/0.3/3/5/27
0.3,3,5,27,1000,800,constant,pam,0,1,1.0,3,1,1,1,0,mixture/0.3/3/5/27
0.3,3,5,28,1000,800,constant,single,0,1,1.0,3,1,1,,,mixture/0.3/3/5/28
0.3,3,5,28,1000,800,constant,complete,0,1,1.0,3,1,1,,,mixture/0.3/3/5/28
0.3,3,5,28,1000,800,constant,average,0,1,1.0,3,1,1,,,mixture/0.3/3/5/28
0.3,3,5,28,1000,800,constant,pam,0,1,1.0,3,1,1,1,0,mixture/0.3/3/5/28
0.3,3,5,29,1000,800,constant,single,0,1,1.0,3,1,1,,,mixture/0.3/3/5/29
0.3,3,5,29,1000,800,constant,complete,0,1,1.0,3,1,1,,,mixture/0.3/3/5/29
0.3,3,5,29,1000,800,constant,average,0,1,1.0,3,1,1,,,mixture/0.3/3/5/29
0.3,3,5,29,1000,800,constant,pam,0,1,1.0,3,1,1,1,0,mixture/0.3/3/5/29
0.3,4,5,0,1000,800,constant,single,0,1,1.0,4,1,1,,,mixture/0.3/4/5/0
0.3,4,5,0,1000,800,constant,complete,0,1,1.0,4,1,1,,,mixture/0.3/4/5/0
0.3,4,5,0,1000,800,constant,average,0,1,1.0,4,1,1,,,mixture/0.3/4/5/0
0.3,4,5,0,1000,800,constant,pam,0,1,1.0,4,1,1,1,0,mixture/0.3/4/5/0
0.3,4,5,1,1000,800,constant,single,0,1,1.0,4,1,1,,,mixture/0.3/4/5/1
0.3,4,5,1,1000,800,constant,complete,0,1,1.0,4,1,1,,,mixture/0.3/4/5/1
0.3,4,5,1,1000,800,constant,average,0,1,1.0,4,1,1,,,mixture/0.3/4/5/1
0.3,4,5,1,1000,800,constant,pam,0,1,1.0,4,1,1,1,0,mixture/0.3/4/5/1
0.3,4,5,2,1000,800,constant,single,0,1,1.0,4,1,1,,,mixture/0.3/4/5/2
0.3,4,5,2,1000,800,constant,complete,0,1,1.0,4,1,1,,,mixture/0.3/4/5/2
0.3,4,5,2,1000,800,constant,average,0,1,1.0,4,1,1,,,mixture/0.3/4/5/2
0.3,4,5,2,1000,800,constant,pam,0,1,1.0,4,1,1,1,0,mixture/0.3/4/5/2
0.3,4,5,3,1000,800,constant,single,0,1,1.0,4,1,1,,,mixture/0.3/4/5/3
0.3,4,5,3,1000,800,constant,complete,0,1,1.0,4,1,1,,,mixture/0.3/4/5/3
0.3,4,5,3,1000,800,constant,average,0,1,1.0,4,1,1,,,mixture/0.3/4/5/3
0.3,4,5,3,1000,800,constant,pam,0,1,1.0,4,1,1,1,0,mixture/0.3/4/5/3
0.3,4,5,4,1000,800,constant,single,0,1,1.0,4,1,1,,,mixture/0.3/4/5/4
0.3,4,5,4,1000,800,constant,complete,0,1,1.0,4,1,1,,,mixture/0.3/4/5/4
0.3,4,5,4,1000,800,constant,average,0,1,1.0,4,1,1,,,mixture/0.3/4/5/4
0.3,4,5,4,1000,800,constant,pam,0,1,1.0,4,1,1,1,0,mixture/0.3/4/5/4
0.3,4,5,5,1000,800,constant,single,0,1,1.0,5,0,0,,,mixture/0.3/4/5/5
0.3,4,5,5,1000,800,constant,complete,0,1,1.0,5,0,0,,,mixture/0.3/4/5/5
0.3,4,5,5,1000,800,constant,average,0,1,1.0,5,0,0,,,mixture/0.3/4/5/5
0.3,4,5,5,1000,800,constant,pam,0,1,1.0,5,0,0,0,1,mixture/0.3/4/5/5
0.3,4,5,6,1000,800,constant,single,0,1,1.0,4,1,1,,,mixture/0.3/4/5/6
0.3,4,5,6,1000,800,constant,complete,0,1,1.0,4,1,1,,,mixture/0.3/4/5/6
0.3,4,5,6,1000,800,constant,average,0,1,1.0,4,1,1,,,mixture/0.3/4/5/6
0.3,4,5,6,1000,800,constant,pam,0,1,1.0,4,1,1,1,0,mixture/0.3/4/5/6
0.3,4,5,7,1000,800,constant,single,0,1,1.0,4,1,1,,,mixture/0.3/4/5/7
0.3,4,5,7,1000,800,constant,complete,0,1,1.0,4,1,1,,,mixture/0.3/4/5/7
0.3,4,5,7,1000,800,constant,average,0,1,1.0,4,1,1,,,mixture/0.3/4/5/7
0.3,4,5,7,1000,800,constant,pam,0,1,1.0,4,1,1,1,0,mixture/0.3/4/5/7
0.3,4,5,8,1000,800,constant,single,0,1,1.0,4,1,1,,,mixture/0.3/4/5/8
0.3,4,5,8,1000,800,constant,complete,0,1,1.0,4,1,1,,,mixture/0.3/4/5/8
0.3,4,5,8,1000,800,constant,average,0,1,1.0,4,1,1,,,mixture/0.3/4/5/8
0.3,4,5,8,1000,800,constant,pam,0,1,1.0,4,1,1,1,0,mixture/0.3/4/5/8
0.3,4,5,9,1000,800,constant,single,0,1,1.0,4,1,1,,,mixture/0.3/4/5/9
0.3,4,5,9,1000,800,constant,complete,0,1,1.0,4,1,1,,,mixture/0.3/4/5/9
0.3,4,5,9,1000,800,constant,average,0,1,1.0,4,1,1,,,mixture/0.3/4/5/9
0.3,4,5,9,1000,800,constant,pam,0,1,1.0,4,1,1,1,0,mixture/0.3/4/5/9
0.3,4,5,10,1000,800,constant,single,0,0,0.30388500748848085,4,1,0,,,mixture/0.3/4/5/10
0.3,4,5,10,1000,800,constant,complete,0,1,1.0,4,1,1,,,mixture/0.3/4/5/10
0.3,4,5,10,1000,800,constant,average,0,0,0.7048915625636317,4,1,0,,,mixture/0.3/4/5/10
0.3,4,5,10,1000,800,constant,pam,0,1,1.0,4,1,1,1,0,mixture/0.3/4/5/10
0.3,4,5,11,1000,800,constant,single,0,1,1.0,4,1,1,,,mixture/0.3/4/5/11
0.3,4,5,11,1000,800,constant,complete,0,1,1.0,4,1,1,,,mixture/0.3/4/5/11
0.3,4,5,11,1000,800,constant,average,0,1,1.0,4,1,1,,,mixture/0.3/4/5/11
0.3,4,5,11,1000,800,constant,pam,0,1,1.0,4,1,1,1,0,mixture/0.3/4/5/11
0.3,4,5,12,1000,800,constant,single,0,1,1.0,4,1,1,,,mixture/0.3/4/5/12
0.3,4,5,12,1000,800,constant,complete,0,1,1.0,4,1,1,,,mixture/0.3/4/5/12
0.3,4,5,12,1000,800,constant,average,0,1,1.0,4,1,1,,,mixture/0.3/4/5/12
0.3,4,5,12,1000,800,constant,pam,0,1,1.0,4,1,1,1,0,mixture/0.3/4/5/12
0.3,4,5,13,1000,800,constant,single,0,1,1.0,4,1,1,,,mixture/0.3/4/5/13
0.3,4,5,13,1000,800,constant,complete,0,1,1.0,4,1,1,,,mixture/0.3/4/5/13
0.3,4,5,13,1000,800,constant,average,0,1,1.0,4,1,1,,,mixture/0.3/4/5/13
0.3,4,5,13,1000,800,constant,pam,0,1,1.0,4,1,1,1,0,mixture/0.3/4/5/13
0.3,4,5,14,1000,800,constant,single,0,1,1.0,4,1,1,,,mixture/0.3/4/5/14
0.3,4,5,14,1000,800,constant,complete,0,1,1.0,4,1,1,,,mixture/0.3/4/5/14
0.3,4,5,14,1000,800,constant,average,0,1,1.0,4,1,1,,,mixture/0.3/4/5/14
0.3,4,5,14,1000,800,constant,pam,0,1,1.0,4,1,1,1,0,mixture/0.3/4/5/14
0.3,4,5,15,1000,800,constant,single,0,1,1.0,3,0,0,,,mixture/0.3/4/5/15
0.3,4,5,15,1000,800,constant,complete,0,1,1.0,3,0,0,,,mixture/0.3/4/5/15
0.3,4,5,15,1000,800,constant,average,0,1,1.0,3,0,0,,,mixture/0.3/4/5/15
0.3,4,5,15,1000,800,constant,pam,0,1,1.0,3,0,0,1,0,mixture/0.3/4/5/15
0.3,4,5,16,1000,800,constant,single,0,1,1.0,4,1,1,,,mixture/0.3/4/5/16
0.3,4,5,16,1000,800,constant,complete,0,1,1.0,4,1,1,,,mixture/0.3/4/5/16
0.3,4,5,16,1000,800,constant,average,0,1,1.0,4,1,1,,,mixture/0.3/4/5/16
0.3,4,5,16,1000,800,constant,pam,0,1,1.0,4,1,1,1,0,mixture/0.3/4/5/16
0.3,4,5,17,1000,800,constant,single,0,0,0.7132946277909458,4,1,0,,,mixture/0.3/4/5/17
0.3,4,5,17,1000,800,constant,complete,0,0,0.6354279069607,4,1,0,,,mixture/0.3/4/5/17
0.3,4,5,17,1000,800,constant,average,0,0,0.7132946277909458,4,1,0,,,mixture/0.3/4/5/17
0.3,4,5,17,1000,800,constant,pam,0,1,1.0,4,1,1,1,0,mixture/0.3/4/5/17
0.3,4,5,18,1000,800,constant,single,0,1,1.0,4,1,1,,,mixture/0.3/4/5/18
0.3,4,5,18,1000,800,constant,complete,0,1,1.0,4,1,1,,,mixture/0.3/4/5/18
0.3,4,5,18,1000,800,constant,average,0,1,1.0,4,1,1,,,mixture/0.3/4/5/18
0.3,4,5,18,1000,800,constant,pam,0,1,1.0,4,1,1,1,0,mixture/0.3/4/5/18
0.3,4,5,19,1000,800,constant,single,0,1,1.0,4,1,1,,,mixture/0.3/4/5/19
0.3,4,5,19,1000,800,constant,complete,0,1,1.0,4,1,1,,,mixture/0.3/4/5/19
0.3,4,5,19,1000,800,constant,average,0,1,1.0,4,1,1,,,mixture/0.3/4/5/19
0.3,4,5,19,1000,800,constant,pam,0,1,1.0,4,1,1,1,0,mixture/0.3/4/5/19
0.3,4,5,20,1000,800,constant,single,0,1,1.0,4,1,1,,,mixture/0.3/4/5/20
0.3,4,5,20,1000,800,constant,complete,0,1,1.0,4,1,1,,,mixture/0.3/4/5/20
0.3,4,5,20,1000,800,constant,average,0,1,1.0,4,1,1,,,mixture/0.3/4/5/20
0.3,4,5,20,1000,800,constant,pam,0,1,1.0,4,1,1,1,0,mixture/0.3/4/5/20
0.3,4,5,21,1000,800,constant,single,0,1,1.0,4,1,1,,,mixture/0.3/4/5/21
0.3,4,5,21,1000,800,constant,complete,0,1,1.0,4,1,1,,,mixture/0.3/4/5/21
0.3,4,5,21,1000,800,constant,average,0,1,1.0,4,1,1,,,mixture/0.3/4/5/21
0.3,4,5,21,1000,800,constant,pam,0,1,1.0,4,1,1,1,0,mixture/0.3/4/5/21
0.3,4,5,22,1000,800,constant,single,0,1,1.0,4,1,1,,,mixture/0.3/4/5/22
0.3,4,5,22,1000,800,constant,complete,0,1,1.0,4,1,1,,,mixture/0.3/4/5/22
0.3,4,5,22,1000,800,constant,average,0,1,1.0,4,1,1,,,mixture/0.3/4/5/22
0.3,4,5,22,1000,800,constant,pam,0,1,1.0,4,1,1,1,0,mixture/0.3/4/5/22
0.3,4,5,23,1000,800,constant,single,0,1,1.0,4,1,1,,,mixture/0.3/4/5/23
0.3,4,5,23,1000,800,constant,complete,0,1,1.0,4,1,1,,,mixture/0.3/4/5/23
0.3,4,5,23,1000,800,constant,average,0,1,1.0,4,1,1,,,mixture/0.3/4/5/23
0.3,4,5,23,1000,800,constant,pam,0,1,1.0,4,1,1,1,0,mixture/0.3/4/5/23
0.3,4,5,24,1000,800,constant,single,0,0,0.6966566088454972,4,1,0,,,mixture/0.3/4/5/24
0.3,4,5,24,1000,800,constant,complete,0,1,1.0,4,1,1,,,mixture/0.3/4/5/24
0.3,4,5,24,1000,800,constant,average,0,1,1.0,4,1,1,,,mixture/0.3/4/5/24
0.3,4,5,24,1000,800,constant,pam,0,1,1.0,4,1,1,1,0,mixture/0.3/4/5/24
0.3,4,5,25,1000,800,constant,single,0,1,1.0,4,1,1,,,mixture/0.3/4/5/25
0.3,4,5,25,1000,800,constant,complete,0,1,1.0,4,1,1,,,mixture/0.3/4/5/25
0.3,4,5,25,1000,800,constant,average,0,1,1.0,4,1,1,,,mixture/0.3/4/5/25
0.3,4,5,25,1000,800,constant,pam,0,1,1.0,4,1,1,1,0,mixture/0.3/4/5/25
0.3,4,5,26,1000,800,constant,single,0,0,0.7066147210916182,3,0,0,,,mixture/0.3/4/5/26
0.3,4,5,26,1000,800,constant,complete,0,1,1.0,3,0,0,,,mixture/0.3/4/5/26
0.3,4,5,26,1000,800,constant,average,0,0,0.7066147210916182,3,0,0,,,mixture/0.3/4/5/26
0.3,4,5,26,1000,800,constant,pam,0,0,0.9899204121441102,3,0,0,1,0,mixture/0.3/4/5/26
0.3,4,5,27,1000,800,constant,single,0,1,1.0,4,1,1,,,mixture/0.3/4/5/27
0.3,4,5,27,1000,800,constant,complete,0,1,1.0,4,1,1,,,mixture/0.3/4/5/27
0.3,4,5,27,1000,800,constant,average,0,1,1.0,4,1,1,,,mixture/0.3/4/5/27
0.3,4,5,27,1000,800,constant,pam,0,1,1.0,4,1,1,1,0,mixture/0.3/4/5/27
0.3,4,5,28,1000,800,constant,single,0,1,1.0,4,1,1,,,mixture/0.3/4/5/28
0.3,4,5,28,1000,800,constant,complete,0,1,1.0,4,1,1,,,mixture/0.3/4/5/28
0.3,4,5,28,1000,800,constant,average,0,1,1.0,4,1,1,,,mixture/0.3/4/5/28
0.3,4,5,28,1000,800,constant,pam,0,1,1.0,4,1,1,1,0,mixture/0.3/4/5/28
0.3,4,5,29,1000,800,constant,single,0,1,1.0,4,1,1,,,mixture/0.3/4/5/29
0.3,4,5,29,1000,800,constant,complete,0,1,1.0,4,1,1,,,mixture/0.3/4/5/29
0.3,4,5,29,1000,800,constant,average,0,1,1.0,4,1,1,,,mixture/0.3/4/5/29
0.3,4,5,29,1000,800,constant,pam,0,1,1.0,4,1,1,1,0,mixture/0.3/4/5/29
0.3,5,5,0,1000,800,constant,single,0,1,1.0,3,0,0,,,mixture/0.3/5/5/0
0.3,5,5,0,1000,800,constant,complete,0,1,1.0,3,0,0,,,mixture/0.3/5/5/0
0.3,5,5,0,1000,800,constant,average,0,1,1.0,3,0,0,,,mixture/0.3/5/5/0
0.3,5,5,0,1000,800,constant,pam,0,1,1.0,3,0,0,0,1,mixture/0.3/5/5/0
0.3,5,5,1,1000,800,constant,single,0,1,1.0,5,1,1,,,mixture/0.3/5/5/1
0.3,5,5,1,1000,800,constant,complete,0,1,1.0,5,1,1,,,mixture/0.3/5/5/1
0.3,5,5,1,1000,800,constant,average,0,1,1.0,5,1,1,,,mixture/0.3/5/5/1
0.3,5,5,1,1000,800,constant,pam,0,1,1.0,5,1,1,1,0,mixture/0.3/5/5/1
0.3,5,5,2,1000,800,constant,single,0,1,1.0,5,1,1,,,mixture/0.3/5/5/2
0.3,5,5,2,1000,800,constant,complete,0,1,1.0,5,1,1,,,mixture/0.3/5/5/2
0.3,5,5,2,1000,800,constant,average,0,1,1.0,5,1,1,,,mixture/0.3/5/5/2
0.3,5,5,2,1000,800,constant,pam,0,1,1.0,5,1,1,1,0,mixture/0.3/5/5/2
0.3,5,5,3,1000,800,constant,single,0,1,1.0,5,1,1,,,mixture/0.3/5/5/3
0.3,5,5,3,1000,800,constant,complete,0,0,0.7327177099683798,5,1,0,,,mixture/0.3/5/5/3
0.3,5,5,3,1000,800,constant,average,0,1,1.0,5,1,1,,,mixture/0.3/5/5/3
0.3,5,5,3,1000,800,constant,pam,0,1,1.0,5,1,1,1,0,mixture/0.3/5/5/3
0.3,5,5,4,1000,800,constant,single,0,1,1.0,5,1,1,,,mixture/0.3/5/5/4
0.3,5,5,4,1000,800,constant,complete,0,1,1.0,5,1,1,,,mixture/0.3/5/5/4
0.3,5,5,4,1000,800,constant,average,0,1,1.0,5,1,1,,,mixture/0.3/5/5/4
0.3,5,5,4,1000,800,constant,pam,0,1,1.0,5,1,1,1,0,mixture/0.3/5/5/4
0.3,5,5,5,1000,800,constant,single,0,1,1.0,5,1,1,,,mixture/0.3/5/5/5
0.3,5,5,5,1000,800,constant,complete,0,1,1.0,5,1,1,,,mixture/0.3/5/5/5
0.3,5,5,5,1000,800,constant,average,0,1,1.0,5,1,1,,,mixture/0.3/5/5/5
0.3,5,5,5,1000,800,constant,pam,0,1,1.0,5,1,1,1,0,mixture/0.3/5/5/5
0.3,5,5,6,1000,800,constant,single,0,1,1.0,5,1,1,,,mixture/0.3/5/5/6
0.3,5,5,6,1000,800,constant,complete,0,1,1.0,5,1,1,,,mixture/0.3/5/5/6
0.3,5,5,6,1000,800,constant,average,0,1,1.0,5,1,1,,,mixture/0.3/5/5/6
0.3,5,5,6,1000,800,constant,pam,0,1,1.0,5,1,1,1,0,mixture/0.3/5/5/6
0.3,5,5,7,1000,800,constant,single,0,1,1.0,5,1,1,,,mixture/0.3/5/5/7
0.3,5,5,7,1000,800,constant,complete,0,1,1.0,5,1,1,,,mixture/0.3/5/5/7
0.3,5,5,7,1000,800,constant,average,0,1,1.0,5,1,1,,,mixture/0.3/5/5/7
0.3,5,5,7,1000,800,constant,pam,0,1,1.0,5,1,1,1,0,mixture/0.3/5/5/7
0.3,5,5,8,1000,800,constant,single,0,1,1.0,5,1,1,,,mixture/0.3/5/5/8
0.3,5,5,8,1000,800,constant,complete,0,1,1.0,5,1,1,,,mixture/0.3/5/5/8
0.3,5,5,8,1000,800,constant,average,0,1,1.0,5,1,1,,,mixture/0.3/5/5/8
0.3,5,5,8,1000,800,constant,pam,0,1,1.0,5,1,1,1,0,mixture/0.3/5/5/8
0.3,5,5,9,1000,800,constant,single,0,1,1.0,4,0,0,,,mixture/0.3/5/5/9
0.3,5,5,9,1000,800,constant,complete,0,1,1.0,4,0,0,,,mixture/0.3/5/5/9
0.3,5,5,9,1000,800,constant,average,0,1,1.0,4,0,0,,,mixture/0.3/5/5/9
0.3,5,5,9,1000,800,constant,pam,0,1,1.0,4,0,0,1,0,mixture/0.3/5/5/9
0.3,5,5,10,1000,800,constant,single,0,1,1.0,5,1,1,,,mixture/0.3/5/5/10
0.3,5,5,10,1000,800,constant,complete,0,1,1.0,5,1,1,,,mixture/0.3/5/5/10
0.3,5,5,10,1000,800,constant,average,0,1,1.0,5,1,1,,,mixture/0.3/5/5/10
0.3,5,5,10,1000,800,constant,pam,0,1,1.0,5,1,1,1,0,mixture/0.3/5/5/10
0.3,5,5,11,1000,800,constant,single,0,1,1.0,5,1,1,,,mixture/0.3/5/5/11
0.3,5,5,11,1000,800,constant,complete,0,1,1.0,5,1,1,,,mixture/0.3/5/5/11
0.3,5,5,11,1000,800,constant,average,0,1,1.0,5,1,1,,,mixture/0.3/5/5/11
0.3,5,5,11,1000,800,constant,pam,0,1,1.0,5,1,1,1,0,mixture/0.3/5/5/11
0.3,5,5,12,1000,800,constant,single,0,1,1.0,5,1,1,,,mixture/0.3/5/5/12
0.3,5,5,12,1000,800,constant,complete,0,1,1.0,5,1,1,,,mixture/0.3/5/5/12
0.3,5,5,12,1000,800,constant,average,0,1,1.0,5,1,1,,,mixture/0.3/5/5/12
0.3,5,5,12,1000,800,constant,pam,0,1,1.0,5,1,1,1,0,mixture/0.3/5/5/12
0.3,5,5,13,1000,800,constant,single,0,1,1.0,5,1,1,,,mixture/0.3/5/5/13
0.3,5,5,13,1000,800,constant,complete,0,1,1.0,5,1,1,,,mixture/0.3/5/5/13
0.3,5,5,13,1000,800,constant,average,0,1,1.0,5,1,1,,,mixture/0.3/5/5/13
0.3,5,5,13,1000,800,constant,pam,0,1,1.0,5,1,1,1,0,mixture/0.3/5/5/13
0.3,5,5,14,1000,800,constant,single,0,1,1.0,5,1,1,,,mixture/0.3/5/5/14
0.3,5,5,14,1000,800,constant,complete,0,1,1.0,5,1,1,,,mixture/0.3/5/5/14
0.3,5,5,14,1000,800,constant,average,0,1,1.0,5,1,1,,,mixture/0.3/5/5/14
0.3,5,5,14,1000,800,constant,pam,0,1,1.0,5,1,1,1,0,mixture/0.3/5/5/14
0.3,5,5,15,1000,800,constant,single,0,1,1.0,5,1,1,,,mixture/0.3/5/5/15
0.3,5,5,15,1000,800,constant,complete,0,1,1.0,5,1,1,,,mixture/0.3/5/5/15
0.3,5,5,15,1000,800,constant,average,0,1,1.0,5,1,1,,,mixture/0.3/5/5/15
0.3,5,5,15,1000,800,constant,pam,0,1,1.0,5,1,1,1,0,mixture/0.3/5/5/15
0.3,5,5,16,1000,800,constant,single,0,0,0.8109762960638878,5,1,0,,,mixture/0.3/5/5/16
0.3,5,5,16,1000,800,constant,complete,0,1,1.0,5,1,1,,,mixture/0.3/5/5/16
0.3,5,5,16,1000,800,constant,average,0,1,1.0,5,1,1,,,mixture/0.3/5/5/16
0.3,5,5,16,1000,800,constant,pam,0,1,1.0,5,1,1,1,0,mixture/0.3/5/5/16
0.3,5,5,17,1000,800,constant,single,0,1,1.0,6,0,0,,,mixture/0.3/5/5/17
0.3,5,5,17,1000,800,constant,complete,0,1,1.0,6,0,0,,,mixture/0.3/5/5/17
0.3,5,5,17,1000,800,constant,average,0,1,1.0,6,0,0,,,mixture/0.3/5/5/17
0.3,5,5,17,1000,800,constant,pam,0,1,1.0,6,0,0,1,0,mixture/0.3/5/5/17
0.3,5,5,18,1000,800,constant,single,0,1,1.0,5,1,1,,,mixture/0.3/5/5/18
0.3,5,5,18,1000,800,constant,complete,0,1,1.0,5,1,1,,,mixture/0.3/5/5/18
0.3,5,5,18,1000,800,constant,average,0,1,1.0,5,1,1,,,mixture/0.3/5/5/18
0.3,5,5,18,1000,800,constant,pam,0,1,1.0,5,1,1,1,0,mixture/0.3/5/5/18
0.3,5,5,19,1000,800,constant,single,0,1,1.0,5,1,1,,,mixture/0.3/5/5/19
0.3,5,5,19,1000,800,constant,complete,0,1,1.0,5,1,1,,,mixture/0.3/5/5/19
0.3,5,5,19,1000,800,constant,average,0,1,1.0,5,1,1,,,mixture/0.3/5/5/19
0.3,5,5,19,1000,800,constant,pam,0,1,1.0,5,1,1,1,0,mixture/0.3/5/5/19
0.3,5,5,20,1000,800,constant,single,0,1,1.0,5,1,1,,,mixture/0.3/5/5/20
0.3,5,5,20,1000,800,constant,complete,0,1,1.0,5,1,1,,,mixture/0.3/5/5/20
0.3,5,5,20,1000,800,constant,average,0,1,1.0,5,1,1,,,mixture/0.3/5/5/20
0.3,5,5,20,1000,800,constant,pam,0,1,1.0,5,1,1,1,0,mixture/0.3/5/5/20
0.3,5,5,21,1000,800,constant,single,0,1,1.0,5,1,1,,,mixture/0.3/5/5/21
0.3,5,5,21,1000,800,constant,complete,0,1,1.0,5,1,1,,,mixture/0.3/5/5/21
0.3,5,5,21,1000,800,constant,average,0,1,1.0,5,1,1,,,mixture/0.3/5/5/21
0.3,5,5,21,1000,800,constant,pam,0,1,1.0,5,1,1,1,0,mixture/0.3/5/5/21
0.3,5,5,22,1000,800,constant,single,0,1,1.0,5,1,1,,,mixture/0.3/5/5/22
0.3,5,5,22,1000,800,constant,complete,0,1,1.0,5,1,1,,,mixture/0.3/5/5/22
0.3,5,5,22,1000,800,constant,average,0,1,1.0,5,1,1,,,mixture/0.3/5/5/22
0.3,5,5,22,1000,800,constant,pam,0,1,1.0,5,1,1,1,0,mixture/0.3/5/5/22
0.3,5,5,23,1000,800,constant,single,0,1,1.0,3,0,0,,,mixture/0.3/5/5/23
0.3,5,5,23,1000,800,constant,complete,0,1,1.0,3,0,0,,,mixture/0.3/5/5/23
0.3,5,5,23,1000,800,constant,average,0,1,1.0,3,0,0,,,mixture/0.3/5/5/23
0.3,5,5,23,1000,800,constant,pam,0,1,1.0,3,0,0,1,0,mixture/0.3/5/5/23
0.3,5,5,24,1000,800,constant,single,0,1,1.0,12,0,0,,,mixture/0.3/5/5/24
0.3,5,5,24,1000,800,constant,complete,0,0,0.7332842327547898,12,0,0,,,mixture/0.3/5/5/24
0.3,5,5,24,1000,800,constant,average,0,1,1.0,12,0,0,,,mixture/0.3/5/5/24
0.3,5,5,24,1000,800,constant,pam,0,1,1.0,12,0,0,1,0,mixture/0.3/5/5/24
0.3,5,5,25,1000,800,constant,single,0,0,0.7883120018641867,4,0,0,,,mixture/0.3/5/5/25
0.3,5,5,25,1000,800,constant,complete,0,0,0.7496494546938477,4,0,0,,,mixture/0.3/5/5/25
0.3,5,5,25,1000,800,constant,average,0,0,0.7867414366411081,4,0,0,,,mixture/0.3/5/5/25
0.3,5,5,25,1000,800,constant,pam,0,1,1.0,4,0,0,1,0,mixture/0.3/5/5/25
0.3,5,5,26,1000,800,constant,single,0,1,1.0,5,1,1,,,mixture/0.3/5/5/26
0.3,5,5,26,1000,800,constant,complete,0,1,1.0,5,1,1,,,mixture/0.3/5/5/26
0.3,5,5,26,1000,800,constant,average,0,1,1.0,5,1,1,,,mixture/0.3/5/5/26
0.3,5,5,26,1000,800,constant,pam,0,1,1.0,5,1,1,1,0,mixture/0.3/5/5/26
0.3,5,5,27,1000,800,constant,single,0,1,1.0,5,1,1,,,mixture/0.3/5/5/27
0.3,5,5,27,1000,800,constant,complete,0,1,1.0,5,1,1,,,mixture/0.3/5/5/27
0.3,5,5,27,1000,800,constant,average,0,1,1.0,5,1,1,,,mixture/0.3/5/5/27
0.3,5,5,27,1000,800,constant,pam,0,1,1.0,5,1,1,1,0,mixture/0.3/5/5/27
0.3,5,5,28,1000,800,constant,single,0,1,1.0,5,1,1,,,mixture/0.3/5/5/28
0.3,5,5,28,1000,800,constant,complete,0,1,1.0,5,1,1,,,mixture/0.3/5/5/28
0.3,5,5,28,1000,800,constant,average,0,1,1.0,5,1,1,,,mixture/0.3/5/5/28
0.3,5,5,28,1000,800,constant,pam,0,1,1.0,5,1,1,1,0,mixture/0.3/5/5/28
0.3,5,5,29,1000,800,constant,single,0,1,1.0,4,0,0,,,mixture/0.3/5/5/29
0.3,5,5,29,1000,800,constant,complete,0,1,1.0,4,0,0,,,mixture/0.3/5/5/29
0.3,5,5,29,1000,800,constant,average,0,1,1.0,4,0,0,,,mixture/0.3/5/5/29
0.3,5,5,29,1000,800,constant,pam,0,1,1.0,4,0,0,1,0,mixture/0.3/5/5/29
0.3,6,5,0,1000,800,constant,single,0,0,0.8241583896718218,4,0,0,,,mixture/0.3/6/5/0
0.3,6,5,0,1000,800,constant,complete,0,1,1.0,4,0,0,,,mixture/0.3/6/5/0
0.3,6,5,0,1000,800,constant,average,0,0,0.9882172336311539,4,0,0,,,mixture/0.3/6/5/0
0.3,6,5,0,1000,800,constant,pam,0,0,0.9970207798390822,4,0,0,1,0,mixture/0.3/6/5/0
0.3,6,5,1,1000,800,constant,single,0,0,0.5293410948718191,8,0,0,,,mixture/0.3/6/5/1
0.3,6,5,1,1000,800,constant,complete,0,0,0.7688205655012307,8,0,0,,,mixture/0.3/6/5/1
0.3,6,5,1,1000,800,constant,average,0,0,0.8099409137752132,8,0,0,,,mixture/0.3/6/5/1
0.3,6,5,1,1000,800,constant,pam,0,1,1.0,8,0,0,1,0,mixture/0.3/6/5/1
0.3,6,5,2,1000,800,constant,single,0,1,1.0,6,1,1,,,mixture/0.3/6/5/2
0.3,6,5,2,1000,800,constant,complete,0,1,1.0,6,1,1,,,mixture/0.3/6/5/2
0.3,6,5,2,1000,800,constant,average,0,1,1.0,6,1,1,,,mixture/0.3/6/5/2
0.3,6,5,2,1000,800,constant,pam,0,1,1.0,6,1,1,1,0,mixture/0.3/6/5/2
0.3,6,5,3,1000,800,constant,single,0,0,0.7889428954314651,6,1,0,,,mixture/0.3/6/5/3
0.3,6,5,3,1000,800,constant,complete,0,1,1.0,6,1,1,,,mixture/0.3/6/5/3
0.3,6,5,3,1000,800,constant,average,0,1,1.0,6,1,1,,,mixture/0.3/6/5/3
0.3,6,5,3,1000,800,constant,pam,0,1,1.0,6,1,1,1,0,mixture/0.3/6/5/3
0.3,6,5,4,1000,800,constant,single,0,1,1.0,5,0,0,,,mixture/0.3/6/5/4
0.3,6,5,4,1000,800,constant,complete,0,1,1.0,5,0,0,,,mixture/0.3/6/5/4
0.3,6,5,4,1000,800,constant,average,0,1,1.0,5,0,0,,,mixture/0.3/6/5/4
0.3,6,5,4,1000,800,constant,pam,0,1,1.0,5,0,0,1,0,mixture/0.3/6/5/4
0.3,6,5,5,1000,800,constant,single,0,1,1.0,6,1,1,,,mixture/0.3/6/5/5
0.3,6,5,5,1000,800,constant,complete,0,1,1.0,6,1,1,,,mixture/0.3/6/5/5
0.3,6,5,5,1000,800,constant,average,0,1,1.0,6,1,1,,,mixture/0.3/6/5/5
0.3,6,5,5,1000,800,constant,pam,0,1,1.0,6,1,1,1,0,mixture/0.3/6/5/5
0.3,6,5,6,1000,800,constant,single,0,1,1.0,6,1,1,,,mixture/0.3/6/5/6
0.3,6,5,6,1000,800,constant,complete,0,1,1.0,6,1,1,,,mixture/0.3/6/5/6
0.3,6,5,6,1000,800,constant,average,0,1,1.0,6,1,1,,,mixture/0.3/6/5/6
0.3,6,5,6,1000,800,constant,pam,0,1,1.0,6,1,1,1,0,mixture/0.3/6/5/6
0.3,6,5,7,1000,800,constant,single,0,1,1.0,6,1,1,,,mixture/0.3/6/5/7
0.3,6,5,7,1000,800,constant,complete,0,1,1.0,6,1,1,,,mixture/0.3/6/5/7
0.3,6,5,7,1000,800,constant,average,0,1,1.0,6,1,1,,,mixture/0.3/6/5/7
0.3,6,5,7,1000,800,constant,pam,0,1,1.0,6,1,1,1,0,mixture/0.3/6/5/7
0.3,6,5,8,1000,800,constant,single,0,1,1.0,6,1,1,,,mixture/0.3/6/5/8
0.3,6,5,8,1000,800,constant,complete,0,1,1.0,6,1,1,,,mixture/0.3/6/5/8
0.3,6,5,8,1000,800,constant,average,0,1,1.0,6,1,1,,,mixture/0.3/6/5/8
0.3,6,5,8,1000,800,constant,pam,0,1,1.0,6,1,1,1,0,mixture/0.3/6/5/8
0.3,6,5,9,1000,800,constant,single,0,1,1.0,4,0,0,,,mixture/0.3/6/5/9
0.3,6,5,9,1000,800,constant,complete,0,1,1.0,4,0,0,,,mixture/0.3/6/5/9
0.3,6,5,9,1000,800,constant,average,0,1,1.0,4,0,0,,,mixture/0.3/6/5/9
0.3,6,5,9,1000,800,constant,pam,0,1,1.0,4,0,0,1,0,mixture/0.3/6/5/9
0.3,6,5,10,1000,800,constant,single,0,0,0.6750042893032816,4,0,0,,,mixture/0.3/6/5/10
0.3,6,5,10,1000,800,constant,complete,0,0,0.7924493545718422,4,0,0,,,mixture/0.3/6/5/10
0.3,6,5,10,1000,800,constant,average,0,0,0.8228621385135971,4,0,0,,,mixture/0.3/6/5/10
0.3,6,5,10,1000,800,constant,pam,0,0,0.9909187282074002,4,0,0,1,0,mixture/0.3/6/5/10
0.3,6,5,11,1000,800,constant,single,0,0,0.8152679717060463,5,0,0,,,mixture/0.3/6/5/11
0.3,6,5,11,1000,800,constant,complete,0,0,0.7733086208381195,5,0,0,,,mixture/0.3/6/5/11
0.3,6,5,11,1000,800,constant,average,0,0,0.8152679717060463,5,0,0,,,mixture/0.3/6/5/11
0.3,6,5,11,1000,800,constant,pam,0,1,1.0,5,0,0,1,0,mixture/0.3/6/5/11
0.3,6,5,12,1000,800,constant,single,0,1,1.0,3,0,0,,,mixture/0.3/6/5/12
0.3,6,5,12,1000,800,constant,complete,0,1,1.0,3,0,0,,,mixture/0.3/6/5/12
0.3,6,5,12,1000,800,constant,average,0,1,1.0,3,0,0,,,mixture/0.3/6/5/12
0.3,6,5,12,1000,800,constant,pam,0,1,1.0,3,0,0,1,0,mixture/0.3/6/5/12
0.3,6,5,13,1000,800,constant,single,0,0,0.7970292661713557,5,0,0,,,mixture/0.3/6/5/13
0.3,6,5,13,1000,800,constant,complete,0,1,1.0,5,0,0,,,mixture/0.3/6/5/13
0.3,6,5,13,1000,800,constant,average,0,1,1.0,5,0,0,,,mixture/0.3/6/5/13
0.3,6,5,13,1000,800,constant,pam,0,1,1.0,5,0,0,1,0,mixture/0.3/6/5/13
0.3,6,5,14,1000,800,constant,single,0,1,1.0,6,1,1,,,mixture/0.3/6/5/14
0.3,6,5,14,1000,800,constant,complete,0,1,1.0,6,1,1,,,mixture/0.3/6/5/14
0.3,6,5,14,1000,800,constant,average,0,1,1.0,6,1,1,,,mixture/0.3/6/5/14
0.3,6,5,14,1000,800,constant,pam,0,1,1.0,6,1,1,1,0,mixture/0.3/6/5/14
0.3,6,5,15,1000,800,constant,single,0,0,0.8369347042727057,6,1,0,,,mixture/0.3/6/5/15
0.3,6,5,15,1000,800,constant,complete,0,0,0.7910354717593525,6,1,0,,,mixture/0.3/6/5/15
0.3,6,5,15,1000,800,constant,average,0,0,0.8355139581941279,6,1,0,,,mixture/0.3/6/5/15
0.3,6,5,15,1000,800,constant,pam,0,1,1.0,6,1,1,1,0,mixture/0.3/6/5/15
0.3,6,5,16,1000,800,constant,single,0,1,1.0,6,1,1,,,mixture/0.3/6/5/16
0.3,6,5,16,1000,800,constant,complete,0,1,1.0,6,1,1,,,mixture/0.3/6/5/16
0.3,6,5,16,1000,800,constant,average,0,1,1.0,6,1,1,,,mixture/0.3/6/5/16
0.3,6,5,16,1000,800,constant,pam,0,1,1.0,6,1,1,1,0,mixture/0.3/6/5/16
0.3,6,5,17,1000,800,constant,single,0,1,1.0,6,1,1,,,mixture/0.3/6/5/17
0.3,6,5,17,1000,800,constant,complete,0,1,1.0,6,1,1,,,mixture/0.3/6/5/17
0.3,6,5,17,1000,800,constant,average,0,1,1.0,6,1,1,,,mixture/0.3/6/5/17
0.3,6,5,17,1000,800,constant,pam,0,1,1.0,6,1,1,1,0,mixture/0.3/6/5/17
0.3,6,5,18,1000,800,constant,single,0,1,1.0,6,1,1,,,mixture/0.3/6/5/18
0.3,6,5,18,1000,800,constant,complete,0,1,1.0,6,1,1,,,mixture/0.3/6/5/18
0.3,6,5,18,1000,800,constant,average,0,1,1.0,6,1,1,,,mixture/0.3/6/5/18
0.3,6,5,18,1000,800,constant,pam,0,1,1.0,6,1,1,1,0,mixture/0.3/6/5/18
0.3,6,5,19,1000,800,constant,single,0,1,1.0,6,1,1,,,mixture/0.3/6/5/19
0.3,6,5,19,1000,800,constant,complete,0,1,1.0,6,1,1,,,mixture/0.3/6/5/19
0.3,6,5,19,1000,800,constant,average,0,1,1.0,6,1,1,,,mixture/0.3/6/5/19
0.3,6,5,19,1000,800,constant,pam,0,1,1.0,6,1,1,1,0,mixture/0.3/6/5/19
0.3,6,5,20,1000,800,constant,single,0,0,0.8344480978520998,6,1,0,,,mixture/0.3/6/5/20
0.3,6,5,20,1000,800,constant,complete,0,0,0.7904304554831608,6,1,0,,,mixture/0.3/6/5/20
0.3,6,5,20,1000,800,constant,average,0,0,0.8344480978520998,6,1,0,,,mixture/0.3/6/5/20
0.3,6,5,20,1000,800,constant,pam,0,1,1.0,6,1,1,1,0,mixture/0.3/6/5/20
0.3,6,5,21,1000,800,constant,single,0,1,1.0,6,1,1,,,mixture/0.3/6/5/21
0.3,6,5,21,1000,800,constant,complete,0,1,1.0,6,1,1,,,mixture/0.3/6/5/21
0.3,6,5,21,1000,800,constant,average,0,1,1.0,6,1,1,,,mixture/0.3/6/5/21
0.3,6,5,21,1000,800,constant,pam,0,1,1.0,6,1,1,1,0,mixture/0.3/6/5/21
0.3,6,5,22,1000,800,constant,single,0,1,1.0,6,1,1,,,mixture/0.3/6/5/22
0.3,6,5,22,1000,800,constant,complete,0,1,1.0,6,1,1,,,mixture/0.3/6/5/22
0.3,6,5,22,1000,800,constant,average,0,1,1.0,6,1,1,,,mixture/0.3/6/5/22
0.3,6,5,22,1000,800,constant,pam,0,1,1.0,6,1,1,1,0,mixture/0.3/6/5/22
0.3,6,5,23,1000,800,constant,single,0,1,1.0,5,0,0,,,mixture/0.3/6/5/23
0.3,6,5,23,1000,800,constant,complete,0,1,1.0,5,0,0,,,mixture/0.3/6/5/23
0.3,6,5,23,1000,800,constant,average,0,1,1.0,5,0,0,,,mixture/0.3/6/5/23
0.3,6,5,23,1000,800,constant,pam,0,1,1.0,5,0,0,1,0,mixture/0.3/6/5/23
0.3,6,5,24,1000,800,constant,single,0,1,1.0,6,1,1,,,mixture/0.3/6/5/24
0.3,6,5,24,1000,800,constant,complete,0,1,1.0,6,1,1,,,mixture/0.3/6/5/24
0.3,6,5,24,1000,800,constant,average,0,1,1.0,6,1,1,,,mixture/0.3/6/5/24
0.3,6,5,24,1000,800,constant,pam,0,1,1.0,6,1,1,1,0,mixture/0.3/6/5/24
0.3,6,5,25,1000,800,constant,single,0,1,1.0,5,0,0,,,mixture/0.3/6/5/25
0.3,6,5,25,1000,800,constant,complete,0,1,1.0,5,0,0,,,mixture/0.3/6/5/25
0.3,6,5,25,1000,800,constant,average,0,1,1.0,5,0,0,,,mixture/0.3/6/5/25
0.3,6,5,25,1000,800,constant,pam,0,1,1.0,5,0,0,1,0,mixture/0.3/6/5/25
0.3,6,5,26,1000,800,constant,single,0,1,1.0,4,0,0,,,mixture/0.3/6/5/26
0.3,6,5,26,1000,800,constant,complete,0,1,1.0,4,0,0,,,mixture/0.3/6/5/26
0.3,6,5,26,1000,800,constant,average,0,1,1.0,4,0,0,,,mixture/0.3/6/5/26
0.3,6,5,26,1000,800,constant,pam,0,1,1.0,4,0,0,1,0,mixture/0.3/6/5/26
0.3,6,5,27,1000,800,constant,single,0,0,0.8442052733803652,6,1,0,,,mixture/0.3/6/5/27
0.3,6,5,27,1000,800,constant,complete,0,1,1.0,6,1,1,,,mixture/0.3/6/5/27
0.3,6,5,27,1000,800,constant,average,0,0,0.8442052733803652,6,1,0,,,mixture/0.3/6/5/27
0.3,6,5,27,1000,800,constant,pam,0,1,1.0,6,1,1,1,0,mixture/0.3/6/5/27
0.3,6,5,28,1000,800,constant,single,0,1,1.0,6,1,1,,,mixture/0.3/6/5/28
0.3,6,5,28,1000,800,constant,complete,0,1,1.0,6,1,1,,,mixture/0.3/6/5/28
0.3,6,5,28,1000,800,constant,average,0,1,1.0,6,1,1,,,mixture/0.3/6/5/28
0.3,6,5,28,1000,800,constant,pam,0,1,1.0,6,1,1,1,0,mixture/0.3/6/5/28
0.3,6,5,29,1000,800,constant,single,0,0,0.829103278810493,6,1,0,,,mixture/0.3/6/5/29
0.3,6,5,29,1000,800,constant,complete,0,1,1.0,6,1,1,,,mixture/0.3/6/5/29
0.3,6,5,29,1000,800,constant,average,0,1,1.0,6,1,1,,,mixture/0.3/6/5/29
0.3,6,5,29,1000,800,constant,pam,0,1,1.0,6,1,1,1,0,mixture/0.3/6/5/29
0.3,7,5,0,1000,800,constant,single,0,1,1.0,7,1,1,,,mixture/0.3/7/5/0
0.3,7,5,0,1000,800,constant,complete,0,1,1.0,7,1,1,,,mixture/0.3/7/5/0
0.3,7,5,0,1000,800,constant,average,0,1,1.0,7,1,1,,,mixture/0.3/7/5/0
0.3,7,5,0,1000,800,constant,pam,0,1,1.0,7,1,1,1,0,mixture/0.3/7/5/0
0.3,7,5,1,1000,800,constant,single,0,1,1.0,7,1,1,,,mixture/0.3/7/5/1
0.3,7,5,1,1000,800,constant,complete,0,1,1.0,7,1,1,,,mixture/0.3/7/5/1
0.3,7,5,1,1000,800,constant,average,0,1,1.0,7,1,1,,,mixture/0.3/7/5/1
0.3,7,5,1,1000,800,constant,pam,0,1,1.0,7,1,1,1,0,mixture/0.3/7/5/1
0.3,7,5,2,1000,800,constant,single,0,0,0.8396803731172728,5,0,0,,,mixture/0.3/7/5/2
0.3,7,5,2,1000,800,constant,complete,0,1,1.0,5,0,0,,,mixture/0.3/7/5/2
0.3,7,5,2,1000,800,constant,average,0,1,1.0,5,0,0,,,mixture/0.3/7/5/2
0.3,7,5,2,1000,800,constant,pam,0,1,1.0,5,0,0,1,0,mixture/0.3/7/5/2
0.3,7,5,3,1000,800,constant,single,0,1,1.0,7,1,1,,,mixture/0.3/7/5/3
0.3,7,5,3,1000,800,constant,complete,0,1,1.0,7,1,1,,,mixture/0.3/7/5/3
0.3,7,5,3,1000,800,constant,average,0,1,1.0,7,1,1,,,mixture/0.3/7/5/3
0.3,7,5,3,1000,800,constant,pam,0,1,1.0,7,1,1,1,0,mixture/0.3/7/5/3
0.3,7,5,4,1000,800,constant,single,0,0,0.833439611671753,7,1,0,,,mixture/0.3/7/5/4
0.3,7,5,4,1000,800,constant,complete,0,1,1.0,7,1,1,,,mixture/0.3/7/5/4
0.3,7,5,4,1000,800,constant,average,0,1,1.0,7,1,1,,,mixture/0.3/7/5/4
0.3,7,5,4,1000,800,constant,pam,0,1,1.0,7,1,1,1,0,mixture/0.3/7/5/4
0.3,7,5,5,1000,800,constant,single,0,0,0.8696861142565738,7,1,0,,,mixture/0.3/7/5/5
0.3,7,5,5,1000,800,constant,complete,0,1,1.0,7,1,1,,,mixture/0.3/7/5/5
0.3,7,5,5,1000,800,constant,average,0,1,1.0,7,1,1,,,mixture/0.3/7/5/5
0.3,7,5,5,1000,800,constant,pam,0,1,1.0,7,1,1,1,0,mixture/0.3/7/5/5
0.3,7,5,6,1000,800,constant,single,0,1,1.0,7,1,1,,,mixture/0.3/7/5/6
0.3,7,5,6,1000,800,constant,complete,0,1,1.0,7,1,1,,,mixture/0.3/7/5/6
0.3,7,5,6,1000,800,constant,average,0,1,1.0,7,1,1,,,mixture/0.3/7/5/6
0.3,7,5,6,1000,800,constant,pam,0,1,1.0,7,1,1,1,0,mixture/0.3/7/5/6
0.3,7,5,7,1000,800,constant,single,0,1,1.0,7,1,1,,,mixture/0.3/7/5/7
0.3,7,5,7,1000,800,constant,complete,0,1,1.0,7,1,1,,,mixture/0.3/7/5/7
0.3,7,5,7,1000,800,constant,average,0,1,1.0,7,1,1,,,mixture/0.3/7/5/7
0.3,7,5,7,1000,800,constant,pam,0,1,1.0,7,1,1,1,0,mixture/0.3/7/5/7
0.3,7,5,8,1000,800,constant,single,0,0,0.632589264106934,7,1,0,,,mixture/0.3/7/5/8
0.3,7,5,8,1000,800,constant,complete,0,0,0.8070398100979672,7,1,0,,,mixture/0.3/7/5/8
0.3,7,5,8,1000,800,constant,average,0,0,0.8446760647953538,7,1,0,,,mixture/0.3/7/5/8
0.3,7,5,8,1000,800,constant,pam,0,1,1.0,7,1,1,1,0,mixture/0.3/7/5/8
0.3,7,5,9,1000,800,constant,single,0,0,0.6150671171938425,7,1,0,,,mixture/0.3/7/5/9
0.3,7,5,9,1000,800,constant,complete,0,1,1.0,7,1,1,,,mixture/0.3/7/5/9
0.3,7,5,9,1000,800,constant,average,0,1,1.0,7,1,1,,,mixture/0.3/7/5/9
0.3,7,5,9,1000,800,constant,pam,0,1,1.0,7,1,1,1,0,mixture/0.3/7/5/9
0.3,7,5,10,1000,800,constant,single,0,1,1.0,7,1,1,,,mixture/0.3/7/5/10
0.3,7,5,10,1000,800,constant,complete,0,1,1.0,7,1,1,,,mixture/0.3/7/5/10
0.3,7,5,10,1000,800,constant,average,0,1,1.0,7,1,1,,,mixture/0.3/7/5/10
0.3,7,5,10,1000,800,constant,pam,0,1,1.0,7,1,1,1,0,mixture/0.3/7/5/10
0.3,7,5,11,1000,800,constant,single,0,1,1.0,7,1,1,,,mixture/0.3/7/5/11
0.3,7,5,11,1000,800,constant,complete,0,1,1.0,7,1,1,,,mixture/0.3/7/5/11
0.3,7,5,11,1000,800,constant,average,0,1,1.0,7,1,1,,,mixture/0.3/7/5/11
0.3,7,5,11,1000,800,constant,pam,0,1,1.0,7,1,1,1,0,mixture/0.3/7/5/11
0.3,7,5,12,1000,800,constant,single,0,1,1.0,7,1,1,,,mixture/0.3/7/5/12
0.3,7,5,12,1000,800,constant,complete,0,1,1.0,7,1,1,,,mixture/0.3/7/5/12
0.3,7,5,12,1000,800,constant,average,0,1,1.0,7,1,1,,,mixture/0.3/7/5/12
0.3,7,5,12,1000,800,constant,pam,0,1,1.0,7,1,1,1,0,mixture/0.3/7/5/12
0.3,7,5,13,1000,800,constant,single,0,1,1.0,7,1,1,,,mixture/0.3/7/5/13
0.3,7,5,13,1000,800,constant,complete,0,1,1.0,7,1,1,,,mixture/0.3/7/5/13
0.3,7,5,13,1000,800,constant,average,0,1,1.0,7,1,1,,,mixture/0.3/7/5/13
0.3,7,5,13,1000,800,constant,pam,0,1,1.0,7,1,1,1,0,mixture/0.3/7/5/13
0.3,7,5,14,1000,800,constant,single,0,1,1.0,7,1,1,,,mixture/0.3/7/5/14
0.3,7,5,14,1000,800,constant,complete,0,1,1.0,7,1,1,,,mixture/0.3/7/5/14
0.3,7,5,14,1000,800,constant,average,0,1,1.0,7,1,1,,,mixture/0.3/7/5/14
0.3,7,5,14,1000,800,constant,pam,0,1,1.0,7,1,1,1,0,mixture/0.3/7/5/14
0.3,7,5,15,1000,800,constant,single,0,0,0.6529294920410299,7,1,0,,,mixture/0.3/7/5/15
0.3,7,5,15,1000,800,constant,complete,0,0,0.8220639895897364,7,1,0,,,mixture/0.3/7/5/15
0.3,7,5,15,1000,800,constant,average,0,0,0.8600801931536988,7,1,0,,,mixture/0.3/7/5/15
0.3,7,5,15,1000,800,constant,pam,0,0,0.9944082326013034,7,1,0,1,0,mixture/0.3/7/5/15
0.3,7,5,16,1000,800,constant,single,0,0,0.8645569048035874,6,0,0,,,mixture/0.3/7/5/16
0.3,7,5,16,1000,800,constant,complete,0,0,0.8302690421264228,6,0,0,,,mixture/0.3/7/5/16
0.3,7,5,16,1000,800,constant,average,0,0,0.8645569048035874,6,0,0,,,mixture/0.3/7/5/16
0.3,7,5,16,1000,800,constant,pam,0,0,0.9839698172584803,6,0,0,1,0,mixture/0.3/7/5/16
0.3,7,5,17,1000,800,constant,single,0,1,1.0,7,1,1,,,mixture/0.3/7/5/17
0.3,7,5,17,1000,800,constant,complete,0,0,0.8306275166831721,7,1,0,,,mixture/0.3/7/5/17
0.3,7,5,17,1000,800,constant,average,0,1,1.0,7,1,1,,,mixture/0.3/7/5/17
0.3,7,5,17,1000,800,constant,pam,0,1,1.0,7,1,1,1,0,mixture/0.3/7/5/17
0.3,7,5,18,1000,800,constant,single,0,1,1.0,7,1,1,,,mixture/0.3/7/5/18
0.3,7,5,18,1000,800,constant,complete,0,1,1.0,7,1,1,,,mixture/0.3/7/5/18
0.3,7,5,18,1000,800,constant,average,0,1,1.0,7,1,1,,,mixture/0.3/7/5/18
0.3,7,5,18,1000,800,constant,pam,0,1,1.0,7,1,1,1,0,mixture/0.3/7/5/18
0.3,7,5,19,1000,800,constant,single,0,1,1.0,7,1,1,,,mixture/0.3/7/5/19
0.3,7,5,19,1000,800,constant,complete,0,1,1.0,7,1,1,,,mixture/0.3/7/5/19
0.3,7,5,19,1000,800,constant,average,0,1,1.0,7,1,1,,,mixture/0.3/7/5/19
0.3,7,5,19,1000,800,constant,pam,0,1,1.0,7,1,1,1,0,mixture/0.3/7/5/19
0.3,7,5,20,1000,800,constant,single,0,1,1.0,7,1,1,,,mixture/0.3/7/5/20
0.3,7,5,20,1000,800,constant,complete,0,1,1.0,7,1,1,,,mixture/0.3/7/5/20
0.3,7,5,20,1000,800,constant,average,0,1,1.0,7,1,1,,,mixture/0.3/7/5/20
0.3,7,5,20,1000,800,constant,pam,0,1,1.0,7,1,1,1,0,mixture/0.3/7/5/20
0.3,7,5,21,1000,800,constant,single,0,0,0.5455381131661093,7,1,0,,,mixture/0.3/7/5/21
0.3,7,5,21,1000,800,constant,complete,0,1,1.0,7,1,1,,,mixture/0.3/7/5/21
0.3,7,5,21,1000,800,constant,average,0,0,0.8237469793994722,7,1,0,,,mixture/0.3/7/5/21
0.3,7,5,21,1000,800,constant,pam,0,1,1.0,7,1,1,1,0,mixture/0.3/7/5/21
0.3,7,5,22,1000,800,constant,single,0,0,0.8453257229087473,7,1,0,,,mixture/0.3/7/5/22
0.3,7,5,22,1000,800,constant,complete,0,0,0.8293780846080139,7,1,0,,,mixture/0.3/7/5/22
0.3,7,5,22,1000,800,constant,average,0,0,0.8440324089096656,7,1,0,,,mixture/0.3/7/5/22
0.3,7,5,22,1000,800,constant,pam,0,1,1.0,7,1,1,1,0,mixture/0.3/7/5/22
0.3,7,5,23,1000,800,constant,single,0,1,1.0,7,1,1,,,mixture/0.3/7/5/23
0.3,7,5,23,1000,800,constant,complete,0,1,1.0,7,1,1,,,mixture/0.3/7/5/23
0.3,7,5,23,1000,800,constant,average,0,1,1.0,7,1,1,,,mixture/0.3/7/5/23
0.3,7,5,23,1000,800,constant,pam,0,1,1.0,7,1,1,1,0,mixture/0.3/7/5/23
0.3,7,5,24,1000,800,constant,single,0,0,0.6208018825802828,5,0,0,,,mixture/0.3/7/5/24
0.3,7,5,24,1000,800,constant,complete,0,0,0.8197858028556969,5,0,0,,,mixture/0.3/7/5/24
0.3,7,5,24,1000,800,constant,average,0,0,0.6202459187726019,5,0,0,,,mixture/0.3/7/5/24
0.3,7,5,24,1000,800,constant,pam,0,0,0.9833273456117089,5,0,0,1,0,mixture/0.3/7/5/24
0.3,7,5,25,1000,800,constant,single,0,1,1.0,7,1,1,,,mixture/0.3/7/5/25
0.3,7,5,25,1000,800,constant,complete,0,0,0.8118354824355773,7,1,0,,,mixture/0.3/7/5/25
0.3,7,5,25,1000,800,constant,average,0,1,1.0,7,1,1,,,mixture/0.3/7/5/25
0.3,7,5,25,1000,800,constant,pam,0,1,1.0,7,1,1,1,0,mixture/0.3/7/5/25
0.3,7,5,26,1000,800,constant,single,0,0,0.8336135480954469,7,1,0,,,mixture/0.3/7/5/26
0.3,7,5,26,1000,800,constant,complete,0,1,1.0,7,1,1,,,mixture/0.3/7/5/26
0.3,7,5,26,1000,800,constant,average,0,0,0.8336135480954469,7,1,0,,,mixture/0.3/7/5/26
0.3,7,5,26,1000,800,constant,pam,0,1,1.0,7,1,1,1,0,mixture/0.3/7/5/26
0.3,7,5,27,1000,800,constant,single,0,0,0.849805229006288,5,0,0,,,mixture/0.3/7/5/27
0.3,7,5,27,1000,800,constant,complete,0,1,1.0,5,0,0,,,mixture/0.3/7/5/27
0.3,7,5,27,1000,800,constant,average,0,1,1.0,5,0,0,,,mixture/0.3/7/5/27
0.3,7,5,27,1000,800,constant,pam,0,1,1.0,5,0,0,1,0,mixture/0.3/7/5/27
0.3,7,5,28,1000,800,constant,single,0,0,0.8711977385870529,7,1,0,,,mixture/0.3/7/5/28
0.3,7,5,28,1000,800,constant,complete,0,1,1.0,7,1,1,,,mixture/0.3/7/5/28
0.3,7,5,28,1000,800,constant,average,0,1,1.0,7,1,1,,,mixture/0.3/7/5/28
0.3,7,5,28,1000,800,constant,pam,0,1,1.0,7,1,1,1,0,mixture/0.3/7/5/28
0.3,7,5,29,1000,800,constant,single,0,0,0.8392240523834854,7,1,0,,,mixture/0.3/7/5/29
0.3,7,5,29,1000,800,constant,complete,0,1,1.0,7,1,1,,,mixture/0.3/7/5/29
0.3,7,5,29,1000,800,constant,average,0,1,1.0,7,1,1,,,mixture/0.3/7/5/29
0.3,7,5,29,1000,800,constant,pam,0,1,1.0,7,1,1,1,0,mixture/0.3/7/5/29
0.3,8,5,0,1000,800,constant,single,0,1,1.0,7,0,0,,,mixture/0.3/8/5/0
0.3,8,5,0,1000,800,constant,complete,0,1,1.0,7,0,0,,,mixture/0.3/8/5/0
0.3,8,5,0,1000,800,constant,average,0,1,1.0,7,0,0,,,mixture/0.3/8/5/0
0.3,8,5,0,1000,800,constant,pam,0,1,1.0,7,0,0,1,0,mixture/0.3/8/5/0
0.3,8,5,1,1000,800,constant,single,0,0,0.7558031284556325,8,1,0,,,mixture/0.3/8/5/1
0.3,8,5,1,1000,800,constant,complete,0,1,1.0,8,1,1,,,mixture/0.3/8/5/1
0.3,8,5,1,1000,800,constant,average,0,1,1.0,8,1,1,,,mixture/0.3/8/5/1
0.3,8,5,1,1000,800,constant,pam,0,1,1.0,8,1,1,1,0,mixture/0.3/8/5/1
0.3,8,5,2,1000,800,constant,single,0,1,1.0,8,1,1,,,mixture/0.3/8/5/2
0.3,8,5,2,1000,800,constant,complete,0,1,1.0,8,1,1,,,mixture/0.3/8/5/2
0.3,8,5,2,1000,800,constant,average,0,1,1.0,8,1,1,,,mixture/0.3/8/5/2
0.3,8,5,2,1000,800,constant,pam,0,1,1.0,8,1,1,1,0,mixture/0.3/8/5/2
0.3,8,5,3,1000,800,constant,single,0,1,1.0,4,0,0,,,mixture/0.3/8/5/3
0.3,8,5,3,1000,800,constant,complete,0,1,1.0,4,0,0,,,mixture/0.3/8/5/3
0.3,8,5,3,1000,800,constant,average,0,1,1.0,4,0,0,,,mixture/0.3/8/5/3
0.3,8,5,3,1000,800,constant,pam,0,1,1.0,4,0,0,1,0,mixture/0.3/8/5/3
0.3,8,5,4,1000,800,constant,single,0,1,1.0,8,1,1,,,mixture/0.3/8/5/4
0.3,8,5,4,1000,800,constant,complete,0,1,1.0,8,1,1,,,mixture/0.3/8/5/4
0.3,8,5,4,1000,800,constant,average,0,1,1.0,8,1,1,,,mixture/0.3/8/5/4
0.3,8,5,4,1000,800,constant,pam,0,1,1.0,8,1,1,1,0,mixture/0.3/8/5/4
0.3,8,5,5,1000,800,constant,single,0,0,0.8639911271966063,8,1,0,,,mixture/0.3/8/5/5
0.3,8,5,5,1000,800,constant,complete,0,0,0.8249708056571393,8,1,0,,,mixture/0.3/8/5/5
0.3,8,5,5,1000,800,constant,average,0,0,0.8639911271966063,8,1,0,,,mixture/0.3/8/5/5
0.3,8,5,5,1000,800,constant,pam,0,1,1.0,8,1,1,1,0,mixture/0.3/8/5/5
0.3,8,5,6,1000,800,constant,single,0,0,0.8844790280360653,8,1,0,,,mixture/0.3/8/5/6
0.3,8,5,6,1000,800,constant,complete,0,0,0.8290707924138997,8,1,0,,,mixture/0.3/8/5/6
0.3,8,5,6,1000,800,constant,average,0,0,0.8844790280360653,8,1,0,,,mixture/0.3/8/5/6
0.3,8,5,6,1000,800,constant,pam,0,1,1.0,8,1,1,1,0,mixture/0.3/8/5/6
0.3,8,5,7,1000,800,constant,single,0,1,1.0,4,0,0,,,mixture/0.3/8/5/7
0.3,8,5,7,1000,800,constant,complete,0,1,1.0,4,0,0,,,mixture/0.3/8/5/7
0.3,8,5,7,1000,800,constant,average,0,1,1.0,4,0,0,,,mixture/0.3/8/5/7
0.3,8,5,7,1000,800,constant,pam,0,1,1.0,4,0,0,1,0,mixture/0.3/8/5/7
0.3,8,5,8,1000,800,constant,single,0,1,1.0,5,0,0,,,mixture/0.3/8/5/8
0.3,8,5,8,1000,800,constant,complete,0,1,1.0,5,0,0,,,mixture/0.3/8/5/8
0.3,8,5,8,1000,800,constant,average,0,1,1.0,5,0,0,,,mixture/0.3/8/5/8
0.3,8,5,8,1000,800,constant,pam,0,1,1.0,5,0,0,1,0,mixture/0.3/8/5/8
0.3,8,5,9,1000,800,constant,single,0,1,1.0,8,1,1,,,mixture/0.3/8/5/9
0.3,8,5,9,1000,800,constant,complete,0,1,1.0,8,1,1,,,mixture/0.3/8/5/9
0.3,8,5,9,1000,800,constant,average,0,1,1.0,8,1,1,,,mixture/0.3/8/5/9
0.3,8,5,9,1000,800,constant,pam,0,1,1.0,8,1,1,1,0,mixture/0.3/8/5/9
0.3,8,5,10,1000,800,constant,single,0,0,0.7653612494351378,2,0,0,,,mixture/0.3/8/5/10
0.3,8,5,10,1000,800,constant,complete,0,1,1.0,2,0,0,,,mixture/0.3/8/5/10
0.3,8,5,10,1000,800,constant,average,0,0,0.8562424576344962,2,0,0,,,mixture/0.3/8/5/10
0.3,8,5,10,1000,800,constant,pam,0,0,0.9428931806580644,2,0,0,1,0,mixture/0.3/8/5/10
0.3,8,5,11,1000,800,constant,single,0,1,1.0,7,0,0,,,mixture/0.3/8/5/11
0.3,8,5,11,1000,800,constant,complete,0,1,1.0,7,0,0,,,mixture/0.3/8/5/11
0.3,8,5,11,1000,800,constant,average,0,1,1.0,7,0,0,,,mixture/0.3/8/5/11
0.3,8,5,11,1000,800,constant,pam,0,1,1.0,7,0,0,1,0,mixture/0.3/8/5/11
0.3,8,5,12,1000,800,constant,single,0,0,0.8675159694694783,7,0,0,,,mixture/0.3/8/5/12
0.3,8,5,12,1000,800,constant,complete,0,1,1.0,7,0,0,,,mixture/0.3/8/5/12
0.3,8,5,12,1000,800,constant,average,0,1,1.0,7,0,0,,,mixture/0.3/8/5/12
0.3,8,5,12,1000,800,constant,pam,0,1,1.0,7,0,0,1,0,mixture/0.3/8/5/12
0.3,8,5,13,1000,800,constant,single,0,1,1.0,8,1,1,,,mixture/0.3/8/5/13
0.3,8,5,13,1000,800,constant,complete,0,1,1.0,8,1,1,,,mixture/0.3/8/5/13
0.3,8,5,13,1000,800,constant,average,0,1,1.0,8,1,1,,,mixture/0.3/8/5/13
0.3,8,5,13,1000,800,constant,pam,0,1,1.0,8,1,1,1,0,mixture/0.3/8/5/13
0.3,8,5,14,1000,800,constant,single,0,0,0.7452783284747864,8,1,0,,,mixture/0.3/8/5/14
0.3,8,5,14,1000,800,constant,complete,0,0,0.8452664503653907,8,1,0,,,mixture/0.3/8/5/14
0.3,8,5,14,1000,800,constant,average,0,0,0.8518358891442612,8,1,0,,,mixture/0.3/8/5/14
0.3,8,5,14,1000,800,constant,pam,0,1,1.0,8,1,1,1,0,mixture/0.3/8/5/14
0.3,8,5,15,1000,800,constant,single,0,0,0.8626760917834719,8,1,0,,,mixture/0.3/8/5/15
0.3,8,5,15,1000,800,constant,complete,0,0,0.8287911821501067,8,1,0,,,mixture/0.3/8/5/15
0.3,8,5,15,1000,800,constant,average,0,0,0.8599249234460435,8,1,0,,,mixture/0.3/8/5/15
0.3,8,5,15,1000,800,constant,pam,0,1,1.0,8,1,1,1,0,mixture/0.3/8/5/15
0.3,8,5,16,1000,800,constant,single,0,1,1.0,4,0,0,,,mixture/0.3/8/5/16
0.3,8,5,16,1000,800,constant,complete,0,1,1.0,4,0,0,,,mixture/0.3/8/5/16
0.3,8,5,16,1000,800,constant,average,0,1,1.0,4,0,0,,,mixture/0.3/8/5/16
0.3,8,5,16,1000,800,constant,pam,0,1,1.0,4,0,0,1,0,mixture/0.3/8/5/16
0.3,8,5,17,1000,800,constant,single,0,1,1.0,8,1,1,,,mixture/0.3/8/5/17
0.3,8,5,17,1000,800,constant,complete,0,1,1.0,8,1,1,,,mixture/0.3/8/5/17
0.3,8,5,17,1000,800,constant,average,0,1,1.0,8,1,1,,,mixture/0.3/8/5/17
0.3,8,5,17,1000,800,constant,pam,0,1,1.0,8,1,1,1,0,mixture/0.3/8/5/17
0.3,8,5,18,1000,800,constant,single,0,1,1.0,8,1,1,,,mixture/0.3/8/5/18
0.3,8,5,18,1000,800,constant,complete,0,1,1.0,8,1,1,,,mixture/0.3/8/5/18
0.3,8,5,18,1000,800,constant,average,0,1,1.0,8,1,1,,,mixture/0.3/8/5/18
0.3,8,5,18,1000,800,constant,pam,0,1,1.0,8,1,1,1,0,mixture/0.3/8/5/18
0.3,8,5,19,1000,800,constant,single,0,0,0.48774235798931503,3,0,0,,,mixture/0.3/8/5/19
0.3,8,5,19,1000,800,constant,complete,0,0,0.643679965536942,3,0,0,,,mixture/0.3/8/5/19
0.3,8,5,19,1000,800,constant,average,0,0,0.6884496956388065,3,0,0,,,mixture/0.3/8/5/19
0.3,8,5,19,1000,800,constant,pam,0,0,0.831994960301287,3,0,0,1,0,mixture/0.3/8/5/19
0.3,8,5,20,1000,800,constant,single,0,0,0.8952152865305656,8,1,0,,,mixture/0.3/8/5/20
0.3,8,5,20,1000,800,constant,complete,0,0,0.8616056944880893,8,1,0,,,mixture/0.3/8/5/20
0.3,8,5,20,1000,800,constant,average,0,0,0.8952152865305656,8,1,0,,,mixture/0.3/8/5/20
0.3,8,5,20,1000,800,constant,pam,0,1,1.0,8,1,1,1,0,mixture/0.3/8/5/20
0.3,8,5,21,1000,800,constant,single,0,0,0.88062937584409,8,1,0,,,mixture/0.3/8/5/21
0.3,8,5,21,1000,800,constant,complete,0,0,0.8520906213136914,8,1,0,,,mixture/0.3/8/5/21
0.3,8,5,21,1000,800,constant,average,0,1,1.0,8,1,1,,,mixture/0.3/8/5/21
0.3,8,5,21,1000,800,constant,pam,0,1,1.0,8,1,1,1,0,mixture/0.3/8/5/21
0.3,8,5,22,1000,800,constant,single,0,1,1.0,9,0,0,,,mixture/0.3/8/5/22
0.3,8,5,22,1000,800,constant,complete,0,1,1.0,9,0,0,,,mixture/0.3/8/5/22
0.3,8,5,22,1000,800,constant,average,0,1,1.0,9,0,0,,,mixture/0.3/8/5/22
0.3,8,5,22,1000,800,constant,pam,0,1,1.0,9,0,0,1,0,mixture/0.3/8/5/22
0.3,8,5,23,1000,800,constant,single,0,0,0.7781844871381213,8,1,0,,,mixture/0.3/8/5/23
0.3,8,5,23,1000,800,constant,complete,0,0,0.828323315658767,8,1,0,,,mixture/0.3/8/5/23
0.3,8,5,23,1000,800,constant,average,0,0,0.8964960000572484,8,1,0,,,mixture/0.3/8/5/23
0.3,8,5,23,1000,800,constant,pam,0,1,1.0,8,1,1,1,0,mixture/0.3/8/5/23
0.3,8,5,24,1000,800,constant,single,0,0,0.8605882143531391,10,0,0,,,mixture/0.3/8/5/24
0.3,8,5,24,1000,800,constant,complete,0,0,0.8593987622078962,10,0,0,,,mixture/0.3/8/5/24
0.3,8,5,24,1000,800,constant,average,0,0,0.8831228490347117,10,0,0,,,mixture/0.3/8/5/24
0.3,8,5,24,1000,800,constant,pam,0,1,1.0,10,0,0,1,0,mixture/0.3/8/5/24
0.3,8,5,25,1000,800,constant,single,0,0,0.8774171530669592,8,1,0,,,mixture/0.3/8/5/25
0.3,8,5,25,1000,800,constant,complete,0,1,1.0,8,1,1,,,mixture/0.3/8/5/25
0.3,8,5,25,1000,800,constant,average,0,1,1.0,8,1,1,,,mixture/0.3/8/5/25
0.3,8,5,25,1000,800,constant,pam,0,1,1.0,8,1,1,1,0,mixture/0.3/8/5/25
0.3,8,5,26,1000,800,constant,single,0,0,0.869214818853161,9,0,0,,,mixture/0.3/8/5/26
0.3,8,5,26,1000,800,constant,complete,0,1,1.0,9,0,0,,,mixture/0.3/8/5/26
0.3,8,5,26,1000,800,constant,average,0,1,1.0,9,0,0,,,mixture/0.3/8/5/26
0.3,8,5,26,1000,800,constant,pam,0,1,1.0,9,0,0,1,0,mixture/0.3/8/5/26
0.3,8,5,27,1000,800,constant,single,0,0,0.6029624235422725,6,0,0,,,mixture/0.3/8/5/27
0.3,8,5,27,1000,800,constant,complete,0,0,0.7350100405157066,6,0,0,,,mixture/0.3/8/5/27
0.3,8,5,27,1000,800,constant,average,0,0,0.7739374949342332,6,0,0,,,mixture/0.3/8/5/27
0.3,8,5,27,1000,800,constant,pam,0,1,1.0,6,0,0,1,0,mixture/0.3/8/5/27
0.3,8,5,28,1000,800,constant,single,0,0,0.877409246561608,7,0,0,,,mixture/0.3/8/5/28
0.3,8,5,28,1000,800,constant,complete,0,0,0.8834669088617214,7,0,0,,,mixture/0.3/8/5/28
0.3,8,5,28,1000,800,constant,average,0,0,0.877409246561608,7,0,0,,,mixture/0.3/8/5/28
0.3,8,5,28,1000,800,constant,pam,0,0,0.9595902002289168,7,0,0,1,0,mixture/0.3/8/5/28
0.3,8,5,29,1000,800,constant,single,0,0,0.6412651465382084,8,1,0,,,mixture/0.3/8/5/29
0.3,8,5,29,1000,800,constant,complete,0,1,1.0,8,1,1,,,mixture/0.3/8/5/29
0.3,8,5,29,1000,800,constant,average,0,1,1.0,8,1,1,,,mixture/0.3/8/5/29
0.3,8,5,29,1000,800,constant,pam,0,1,1.0,8,1,1,1,0,mixture/0.3/8/5/29
0.3,9,5,0,1000,800,constant,single,0,0,0.8973587115948342,9,1,0,,,mixture/0.3/9/5/0
0.3,9,5,0,1000,800,constant,complete,0,0,0.8767965324837002,9,1,0,,,mixture/0.3/9/5/0
0.3,9,5,0,1000,800,constant,average,0,0,0.8973587115948342,9,1,0,,,mixture/0.3/9/5/0
0.3,9,5,0,1000,800,constant,pam,0,1,1.0,9,1,1,1,0,mixture/0.3/9/5/0
0.3,9,5,1,1000,800,constant,single,0,1,1.0,9,1,1,,,mixture/0.3/9/5/1
0.3,9,5,1,1000,800,constant,complete,0,1,1.0,9,1,1,,,mixture/0.3/9/5/1
0.3,9,5,1,1000,800,constant,average,0,1,1.0,9,1,1,,,mixture/0.3/9/5/1
0.3,9,5,1,1000,800,constant,pam,0,1,1.0,9,1,1,1,0,mixture/0.3/9/5/1
0.3,9,5,2,1000,800,constant,single,0,0,0.7794305376903411,8,0,0,,,mixture/0.3/9/5/2
0.3,9,5,2,1000,800,constant,complete,0,0,0.8778902955675774,8,0,0,,,mixture/0.3/9/5/2
0.3,9,5,2,1000,800,constant,average,0,0,0.7794305376903411,8,0,0,,,mixture/0.3/9/5/2
0.3,9,5,2,1000,800,constant,pam,0,1,1.0,8,0,0,1,0,mixture/0.3/9/5/2
0.3,9,5,3,1000,800,constant,single,0,0,0.8841365349039694,9,1,0,,,mixture/0.3/9/5/3
0.3,9,5,3,1000,800,constant,complete,0,0,0.8762100229255044,9,1,0,,,mixture/0.3/9/5/3
0.3,9,5,3,1000,800,constant,average,0,0,0.884215507337688,9,1,0,,,mixture/0.3/9/5/3
0.3,9,5,3,1000,800,constant,pam,0,1,1.0,9,1,1,1,0,mixture/0.3/9/5/3
0.3,9,5,4,1000,800,constant,single,0,0,0.9032725748669157,12,0,0,,,mixture/0.3/9/5/4
0.3,9,5,4,1000,800,constant,complete,0,0,0.889537390597334,12,0,0,,,mixture/0.3/9/5/4
0.3,9,5,4,1000,800,constant,average,0,0,0.8988463499860507,12,0,0,,,mixture/0.3/9/5/4
0.3,9,5,4,1000,800,constant,pam,0,1,1.0,12,0,0,1,0,mixture/0.3/9/5/4
0.3,9,5,5,1000,800,constant,single,0,0,0.8941904350852582,9,1,0,,,mixture/0.3/9/5/5
0.3,9,5,5,1000,800,constant,complete,0,0,0.8703269264559297,9,1,0,,,mixture/0.3/9/5/5
0.3,9,5,5,1000,800,constant,average,0,1,1.0,9,1,1,,,mixture/0.3/9/5/5
0.3,9,5,5,1000,800,constant,pam,0,1,1.0,9,1,1,1,0,mixture/0.3/9/5/5
0.3,9,5,6,1000,800,constant,single,0,0,0.894709755715101,9,1,0,,,mixture/0.3/9/5/6
0.3,9,5,6,1000,800,constant,complete,0,1,1.0,9,1,1,,,mixture/0.3/9/5/6
0.3,9,5,6,1000,800,constant,average,0,1,1.0,9,1,1,,,mixture/0.3/9/5/6
0.3,9,5,6,1000,800,constant,pam,0,1,1.0,9,1,1,1,0,mixture/0.3/9/5/6
0.3,9,5,7,1000,800,constant,single,0,1,1.0,9,1,1,,,mixture/0.3/9/5/7
0.3,9,5,7,1000,800,constant,complete,0,0,0.8738883195562007,9,1,0,,,mixture/0.3/9/5/7
0.3,9,5,7,1000,800,constant,average,0,1,1.0,9,1,1,,,mixture/0.3/9/5/7
0.3,9,5,7,1000,800,constant,pam,0,1,1.0,9,1,1,1,0,mixture/0.3/9/5/7
0.3,9,5,8,1000,800,constant,single,0,0,0.9091973529241554,8,0,0,,,mixture/0.3/9/5/8
0.3,9,5,8,1000,800,constant,complete,0,0,0.9023164351405216,8,0,0,,,mixture/0.3/9/5/8
0.3,9,5,8,1000,800,constant,average,0,0,0.9091973529241554,8,0,0,,,mixture/0.3/9/5/8
0.3,9,5,8,1000,800,constant,pam,0,1,1.0,8,0,0,1,0,mixture/0.3/9/5/8
0.3,9,5,9,1000,800,constant,single,0,1,1.0,5,0,0,,,mixture/0.3/9/5/9
0.3,9,5,9,1000,800,constant,complete,0,0,0.8834239230438972,5,0,0,,,mixture/0.3/9/5/9
0.3,9,5,9,1000,800,constant,average,0,1,1.0,5,0,0,,,mixture/0.3/9/5/9
0.3,9,5,9,1000,800,constant,pam,0,1,1.0,5,0,0,1,0,mixture/0.3/9/5/9
0.3,9,5,10,1000,800,constant,single,0,0,0.7622455226062776,9,1,0,,,mixture/0.3/9/5/10
0.3,9,5,10,1000,800,constant,complete,0,1,1.0,9,1,1,,,mixture/0.3/9/5/10
0.3,9,5,10,1000,800,constant,average,0,0,0.8757047398608673,9,1,0,,,mixture/0.3/9/5/10
0.3,9,5,10,1000,800,constant,pam,0,1,1.0,9,1,1,1,0,mixture/0.3/9/5/10
0.3,9,5,11,1000,800,constant,single,0,0,0.9027412310563562,9,1,0,,,mixture/0.3/9/5/11
0.3,9,5,11,1000,800,constant,complete,0,0,0.9045551623507918,9,1,0,,,mixture/0.3/9/5/11
0.3,9,5,11,1000,800,constant,average,0,0,0.9027412310563562,9,1,0,,,mixture/0.3/9/5/11
0.3,9,5,11,1000,800,constant,pam,0,1,1.0,9,1,1,1,0,mixture/0.3/9/5/11
0.3,9,5,12,1000,800,constant,single,0,0,0.9011241143231224,6,0,0,,,mixture/0.3/9/5/12
0.3,9,5,12,1000,800,constant,complete,0,0,0.8708328490281763,6,0,0,,,mixture/0.3/9/5/12
0.3,9,5,12,1000,800,constant,average,0,0,0.8939769793224567,6,0,0,,,mixture/0.3/9/5/12
0.3,9,5,12,1000,800,constant,pam,0,1,1.0,6,0,0,1,0,mixture/0.3/9/5/12
0.3,9,5,13,1000,800,constant,single,0,0,0.6412557064956415,6,0,0,,,mixture/0.3/9/5/13
0.3,9,5,13,1000,800,constant,complete,0,0,0.7572291286918236,6,0,0,,,mixture/0.3/9/5/13
0.3,9,5,13,1000,800,constant,average,0,0,0.7953976135988041,6,0,0,,,mixture/0.3/9/5/13
0.3,9,5,13,1000,800,constant,pam,0,1,1.0,6,0,0,1,0,mixture/0.3/9/5/13
0.3,9,5,14,1000,800,constant,single,0,0,0.4818834787838468,9,1,0,,,mixture/0.3/9/5/14
0.3,9,5,14,1000,800,constant,complete,0,0,0.7533461858817624,9,1,0,,,mixture/0.3/9/5/14
0.3,9,5,14,1000,800,constant,average,0,0,0.807960365899475,9,1,0,,,mixture/0.3/9/5/14
0.3,9,5,14,1000,800,constant,pam,0,1,1.0,9,1,1,1,0,mixture/0.3/9/5/14
0.3,9,5,15,1000,800,constant,single,0,0,0.5117897744968514,9,1,0,,,mixture/0.3/9/5/15
0.3,9,5,15,1000,800,constant,complete,0,0,0.8859233389320917,9,1,0,,,mixture/0.3/9/5/15
0.3,9,5,15,1000,800,constant,average,0,0,0.7786034583748007,9,1,0,,,mixture/0.3/9/5/15
0.3,9,5,15,1000,800,constant,pam,0,1,1.0,9,1,1,1,0,mixture/0.3/9/5/15
0.3,9,5,16,1000,800,constant,single,0,0,0.706970418332616,8,0,0,,,mixture/0.3/9/5/16
0.3,9,5,16,1000,800,constant,complete,0,0,0.8527377428213558,8,0,0,,,mixture/0.3/9/5/16
0.3,9,5,16,1000,800,constant,average,0,0,0.8802744763620054,8,0,0,,,mixture/0.3/9/5/16
0.3,9,5,16,1000,800,constant,pam,0,0,0.9943030952036874,8,0,0,1,0,mixture/0.3/9/5/16
0.3,9,5,17,1000,800,constant,single,0,0,0.8902791057777786,7,0,0,,,mixture/0.3/9/5/17
0.3,9,5,17,1000,800,constant,complete,0,0,0.7772420666064367,7,0,0,,,mixture/0.3/9/5/17
0.3,9,5,17,1000,800,constant,average,0,0,0.8902791057777786,7,0,0,,,mixture/0.3/9/5/17
0.3,9,5,17,1000,800,constant,pam,0,1,1.0,7,0,0,1,0,mixture/0.3/9/5/17
0.3,9,5,18,1000,800,constant,single,0,0,0.8805950944114774,4,0,0,,,mixture/0.3/9/5/18
0.3,9,5,18,1000,800,constant,complete,0,0,0.8766572008728897,4,0,0,,,mixture/0.3/9/5/18
0.3,9,5,18,1000,800,constant,average,0,0,0.8805950944114774,4,0,0,,,mixture/0.3/9/5/18
0.3,9,5,18,1000,800,constant,pam,0,1,1.0,4,0,0,1,0,mixture/0.3/9/5/18
0.3,9,5,19,1000,800,constant,single,0,1,1.0,6,0,0,,,mixture/0.3/9/5/19
0.3,9,5,19,1000,800,constant,complete,0,1,1.0,6,0,0,,,mixture/0.3/9/5/19
0.3,9,5,19,1000,800,constant,average,0,1,1.0,6,0,0,,,mixture/0.3/9/5/19
0.3,9,5,19,1000,800,constant,pam,0,1,1.0,6,0,0,1,0,mixture/0.3/9/5/19
0.3,9,5,20,1000,800,constant,single,0,0,0.697535073665979,9,1,0,,,mixture/0.3/9/5/20
0.3,9,5,20,1000,800,constant,complete,0,0,0.7520512823360586,9,1,0,,,mixture/0.3/9/5/20
0.3,9,5,20,1000,800,constant,average,0,0,0.7627774803204802,9,1,0,,,mixture/0.3/9/5/20
0.3,9,5,20,1000,800,constant,pam,0,1,1.0,9,1,1,1,0,mixture/0.3/9/5/20
0.3,9,5,21,1000,800,constant,single,0,1,1.0,9,1,1,,,mixture/0.3/9/5/21
0.3,9,5,21,1000,800,constant,complete,0,1,1.0,9,1,1,,,mixture/0.3/9/5/21
0.3,9,5,21,1000,800,constant,average,0,1,1.0,9,1,1,,,mixture/0.3/9/5/21
0.3,9,5,21,1000,800,constant,pam,0,1,1.0,9,1,1,1,0,mixture/0.3/9/5/21
0.3,9,5,22,1000,800,constant,single,0,0,0.877620476942023,7,0,0,,,mixture/0.3/9/5/22
0.3,9,5,22,1000,800,constant,complete,0,0,0.643758673676407,7,0,0,,,mixture/0.3/9/5/22
0.3,9,5,22,1000,800,constant,average,0,0,0.877620476942023,7,0,0,,,mixture/0.3/9/5/22
0.3,9,5,22,1000,800,constant,pam,0,0,0.8487291470560527,7,0,0,1,0,mixture/0.3/9/5/22
0.3,9,5,23,1000,800,constant,single,0,0,0.47191320212017124,11,0,0,,,mixture/0.3/9/5/23
0.3,9,5,23,1000,800,constant,complete,0,0,0.8862476782682934,11,0,0,,,mixture/0.3/9/5/23
0.3,9,5,23,1000,800,constant,average,0,0,0.7778135320236698,11,0,0,,,mixture/0.3/9/5/23
0.3,9,5,23,1000,800,constant,pam,0,0,0.9975030111990484,11,0,0,1,0,mixture/0.3/9/5/23
0.3,9,5,24,1000,800,constant,single,0,0,0.7795896455561463,9,1,0,,,mixture/0.3/9/5/24
0.3,9,5,24,1000,800,constant,complete,0,1,1.0,9,1,1,,,mixture/0.3/9/5/24
0.3,9,5,24,1000,800,constant,average,0,0,0.8721536252506512,9,1,0,,,mixture/0.3/9/5/24
0.3,9,5,24,1000,800,constant,pam,0,0,0.9940623166812851,9,1,0,1,0,mixture/0.3/9/5/24
0.3,9,5,25,1000,800,constant,single,0,0,0.8759672585157723,9,1,0,,,mixture/0.3/9/5/25
0.3,9,5,25,1000,800,constant,complete,0,0,0.762075148524986,9,1,0,,,mixture/0.3/9/5/25
0.3,9,5,25,1000,800,constant,average,0,0,0.872375980906213,9,1,0,,,mixture/0.3/9/5/25
0.3,9,5,25,1000,800,constant,pam,0,1,1.0,9,1,1,1,0,mixture/0.3/9/5/25
0.3,9,5,26,1000,800,constant,single,0,1,1.0,9,1,1,,,mixture/0.3/9/5/26
0.3,9,5,26,1000,800,constant,complete,0,1,1.0,9,1,1,,,mixture/0.3/9/5/26
0.3,9,5,26,1000,800,constant,average,0,1,1.0,9,1,1,,,mixture/0.3/9/5/26
0.3,9,5,26,1000,800,constant,pam,0,1,1.0,9,1,1,1,0,mixture/0.3/9/5/26
0.3,9,5,27,1000,800,constant,single,0,0,0.7869701158132235,9,1,0,,,mixture/0.3/9/5/27
0.3,9,5,27,1000,800,constant,complete,0,0,0.7490665378649436,9,1,0,,,mixture/0.3/9/5/27
0.3,9,5,27,1000,800,constant,average,0,0,0.7840923072121964,9,1,0,,,mixture/0.3/9/5/27
0.3,9,5,27,1000,800,constant,pam,0,1,1.0,9,1,1,1,0,mixture/0.3/9/5/27
0.3,9,5,28,1000,800,constant,single,0,0,0.8985558279011746,6,0,0,,,mixture/0.3/9/5/28
0.3,9,5,28,1000,800,constant,complete,0,0,0.8771123544735574,6,0,0,,,mixture/0.3/9/5/28
0.3,9,5,28,1000,800,constant,average,0,0,0.8985558279011746,6,0,0,,,mixture/0.3/9/5/28
0.3,9,5,28,1000,800,constant,pam,0,0,0.9897871249849937,6,0,0,1,0,mixture/0.3/9/5/28
0.3,9,5,29,1000,800,constant,single,0,0,0.24258687982875088,9,1,0,,,mixture/0.3/9/5/29
0.3,9,5,29,1000,800,constant,complete,0,0,0.8844432217720477,9,1,0,,,mixture/0.3/9/5/29
0.3,9,5,29,1000,800,constant,average,0,0,0.7845403886905281,9,1,0,,,mixture/0.3/9/5/29
0.3,9,5,29,1000,800,constant,pam,0,1,1.0,9,1,1,1,0,mixture/0.3/9/5/29
0.3,10,5,0,1000,800,constant,single,0,1,1.0,10,1,1,,,mixture/0.3/10/5/0
0.3,10,5,0,1000,800,constant,complete,0,1,1.0,10,1,1,,,mixture/0.3/10/5/0
0.3,10,5,0,1000,800,constant,average,0,1,1.0,10,1,1,,,mixture/0.3/10/5/0
0.3,10,5,0,1000,800,constant,pam,0,1,1.0,10,1,1,1,0,mixture/0.3/10/5/0
0.3,10,5,1,1000,800,constant,single,0,0,0.8968114754494205,10,1,0,,,mixture/0.3/10/5/1
0.3,10,5,1,1000,800,constant,complete,0,1,1.0,10,1,1,,,mixture/0.3/10/5/1
0.3,10,5,1,1000,800,constant,average,0,1,1.0,10,1,1,,,mixture/0.3/10/5/1
0.3,10,5,1,1000,800,constant,pam,0,1,1.0,10,1,1,1,0,mixture/0.3/10/5/1
0.3,10,5,2,1000,800,constant,single,0,0,0.7918280321706086,9,0,0,,,mixture/0.3/10/5/2
0.3,10,5,2,1000,800,constant,complete,0,0,0.8665641422840661,9,0,0,,,mixture/0.3/10/5/2
0.3,10,5,2,1000,800,constant,average,0,0,0.8788652424511595,9,0,0,,,mixture/0.3/10/5/2
0.3,10,5,2,1000,800,constant,pam,0,1,1.0,9,0,0,1,0,mixture/0.3/10/5/2
0.3,10,5,3,1000,800,constant,single,0,0,0.8360658579985208,8,0,0,,,mixture/0.3/10/5/3
0.3,10,5,3,1000,800,constant,complete,0,0,0.917589112717519,8,0,0,,,mixture/0.3/10/5/3
0.3,10,5,3,1000,800,constant,average,0,0,0.917589112717519,8,0,0,,,mixture/0.3/10/5/3
0.3,10,5,3,1000,800,constant,pam,0,1,1.0,8,0,0,1,0,mixture/0.3/10/5/3
0.3,10,5,4,1000,800,constant,single,0,0,0.6304799013342591,6,0,0,,,mixture/0.3/10/5/4
0.3,10,5,4,1000,800,constant,complete,0,0,0.8051628060013056,6,0,0,,,mixture/0.3/10/5/4
0.3,10,5,4,1000,800,constant,average,0,0,0.6304799013342591,6,0,0,,,mixture/0.3/10/5/4
0.3,10,5,4,1000,800,constant,pam,0,1,1.0,6,0,0,1,0,mixture/0.3/10/5/4
0.3,10,5,5,1000,800,constant,single,0,0,0.9198021013249633,25,0,0,,,mixture/0.3/10/5/5
0.3,10,5,5,1000,800,constant,complete,0,0,0.9117888776940085,25,0,0,,,mixture/0.3/10/5/5
0.3,10,5,5,1000,800,constant,average,0,0,0.9173613973104006,25,0,0,,,mixture/0.3/10/5/5
0.3,10,5,5,1000,800,constant,pam,0,1,1.0,25,0,0,1,0,mixture/0.3/10/5/5
0.3,10,5,6,1000,800,constant,single,0,1,1.0,10,1,1,,,mixture/0.3/10/5/6
0.3,10,5,6,1000,800,constant,complete,0,1,1.0,10,1,1,,,mixture/0.3/10/5/6
0.3,10,5,6,1000,800,constant,average,0,1,1.0,10,1,1,,,mixture/0.3/10/5/6
0.3,10,5,6,1000,800,constant,pam,0,1,1.0,10,1,1,1,0,mixture/0.3/10/5/6
0.3,10,5,7,1000,800,constant,single,0,0,0.9067309314738419,9,0,0,,,mixture/0.3/10/5/7
0.3,10,5,7,1000,800,constant,complete,0,0,0.7991869305230236,9,0,0,,,mixture/0.3/10/5/7
0.3,10,5,7,1000,800,constant,average,0,1,1.0,9,0,0,,,mixture/0.3/10/5/7
0.3,10,5,7,1000,800,constant,pam,0,1,1.0,9,0,0,1,0,mixture/0.3/10/5/7
0.3,10,5,8,1000,800,constant,single,0,0,0.8076350315115954,9,0,0,,,mixture/0.3/10/5/8
0.3,10,5,8,1000,800,constant,complete,0,1,1.0,9,0,0,,,mixture/0.3/10/5/8
0.3,10,5,8,1000,800,constant,average,0,0,0.9018982418036392,9,0,0,,,mixture/0.3/10/5/8
0.3,10,5,8,1000,800,constant,pam,0,1,1.0,9,0,0,1,0,mixture/0.3/10/5/8
0.3,10,5,9,1000,800,constant,single,0,0,0.9094253031471664,11,0,0,,,mixture/0.3/10/5/9
0.3,10,5,9,1000,800,constant,complete,0,0,0.9057049132957016,11,0,0,,,mixture/0.3/10/5/9
0.3,10,5,9,1000,800,constant,average,0,0,0.9094599760103196,11,0,0,,,mixture/0.3/10/5/9
0.3,10,5,9,1000,800,constant,pam,0,1,1.0,11,0,0,1,0,mixture/0.3/10/5/9
0.3,10,5,10,1000,800,constant,single,0,0,0.8006603930053463,10,1,0,,,mixture/0.3/10/5/10
0.3,10,5,10,1000,800,constant,complete,0,1,1.0,10,1,1,,,mixture/0.3/10/5/10
0.3,10,5,10,1000,800,constant,average,0,0,0.8772294476273993,10,1,0,,,mixture/0.3/10/5/10
0.3,10,5,10,1000,800,constant,pam,0,1,1.0,10,1,1,1,0,mixture/0.3/10/5/10
0.3,10,5,11,1000,800,constant,single,0,0,0.29592381030139997,4,0,0,,,mixture/0.3/10/5/11
0.3,10,5,11,1000,800,constant,complete,0,0,0.8931461831219364,4,0,0,,,mixture/0.3/10/5/11
0.3,10,5,11,1000,800,constant,average,0,0,0.9186345255729375,4,0,0,,,mixture/0.3/10/5/11
0.3,10,5,11,1000,800,constant,pam,0,1,1.0,4,0,0,1,0,mixture/0.3/10/5/11
0.3,10,5,12,1000,800,constant,single,0,0,0.8862709085004434,7,0,0,,,mixture/0.3/10/5/12
0.3,10,5,12,1000,800,constant,complete,0,0,0.8639163715762923,7,0,0,,,mixture/0.3/10/5/12
0.3,10,5,12,1000,800,constant,average,0,0,0.8862709085004434,7,0,0,,,mixture/0.3/10/5/12
0.3,10,5,12,1000,800,constant,pam,0,0,0.9913419015351201,7,0,0,1,0,mixture/0.3/10/5/12
0.3,10,5,13,1000,800,constant,single,0,1,1.0,10,1,1,,,mixture/0.3/10/5/13
0.3,10,5,13,1000,800,constant,complete,0,1,1.0,10,1,1,,,mixture/0.3/10/5/13
0.3,10,5,13,1000,800,constant,average,0,1,1.0,10,1,1,,,mixture/0.3/10/5/13
0.3,10,5,13,1000,800,constant,pam,0,1,1.0,10,1,1,1,0,mixture/0.3/10/5/13
0.3,10,5,14,1000,800,constant,single,0,0,0.7250333748848047,9,0,0,,,mixture/0.3/10/5/14
0.3,10,5,14,1000,800,constant,complete,0,0,0.7703068899669546,9,0,0,,,mixture/0.3/10/5/14
0.3,10,5,14,1000,800,constant,average,0,0,0.7227037157397203,9,0,0,,,mixture/0.3/10/5/14
0.3,10,5,14,1000,800,constant,pam,0,1,1.0,9,0,0,1,0,mixture/0.3/10/5/14
0.3,10,5,15,1000,800,constant,single,0,0,0.8088993712920202,9,0,0,,,mixture/0.3/10/5/15
0.3,10,5,15,1000,800,constant,complete,0,0,0.7815640197822223,9,0,0,,,mixture/0.3/10/5/15
0.3,10,5,15,1000,800,constant,average,0,0,0.8088993712920202,9,0,0,,,mixture/0.3/10/5/15
0.3,10,5,15,1000,800,constant,pam,0,0,0.9916978931732878,9,0,0,1,0,mixture/0.3/10/5/15
0.3,10,5,16,1000,800,constant,single,0,0,0.7478841512753702,8,0,0,,,mixture/0.3/10/5/16
0.3,10,5,16,1000,800,constant,complete,0,0,0.8886977537089717,8,0,0,,,mixture/0.3/10/5/16
0.3,10,5,16,1000,800,constant,average,0,0,0.9113124087766742,8,0,0,,,mixture/0.3/10/5/16
0.3,10,5,16,1000,800,constant,pam,0,1,1.0,8,0,0,1,0,mixture/0.3/10/5/16
0.3,10,5,17,1000,800,constant,single,0,0,0.865158646743391,10,1,0,,,mixture/0.3/10/5/17
0.3,10,5,17,1000,800,constant,complete,0,1,1.0,10,1,1,,,mixture/0.3/10/5/17
0.3,10,5,17,1000,800,constant,average,0,1,1.0,10,1,1,,,mixture/0.3/10/5/17
0.3,10,5,17,1000,800,constant,pam,0,1,1.0,10,1,1,1,0,mixture/0.3/10/5/17
0.3,10,5,18,1000,800,constant,single,0,0,0.7454092261435737,6,0,0,,,mixture/0.3/10/5/18
0.3,10,5,18,1000,800,constant,complete,0,0,0.8744526832967325,6,0,0,,,mixture/0.3/10/5/18
0.3,10,5,18,1000,800,constant,average,0,1,1.0,6,0,0,,,mixture/0.3/10/5/18
0.3,10,5,18,1000,800,constant,pam,0,0,0.9972542749609082,6,0,0,1,0,mixture/0.3/10/5/18
0.3,10,5,19,1000,800,constant,single,0,0,0.5998912486740928,9,0,0,,,mixture/0.3/10/5/19
0.3,10,5,19,1000,800,constant,complete,0,0,0.8912462560647798,9,0,0,,,mixture/0.3/10/5/19
0.3,10,5,19,1000,800,constant,average,0,0,0.9174706998749403,9,0,0,,,mixture/0.3/10/5/19
0.3,10,5,19,1000,800,constant,pam,0,1,1.0,9,0,0,1,0,mixture/0.3/10/5/19
0.3,10,5,20,1000,800,constant,single,0,0,0.5200667469546243,9,0,0,,,mixture/0.3/10/5/20
0.3,10,5,20,1000,800,constant,complete,0,0,0.8465332731364789,9,0,0,,,mixture/0.3/10/5/20
0.3,10,5,20,1000,800,constant,average,0,0,0.8737906322079919,9,0,0,,,mixture/0.3/10/5/20
0.3,10,5,20,1000,800,constant,pam,0,0,0.9969024942133603,9,0,0,1,0,mixture/0.3/10/5/20
0.3,10,5,21,1000,800,constant,single,0,0,0.9077792102527962,8,0,0,,,mixture/0.3/10/5/21
0.3,10,5,21,1000,800,constant,complete,0,0,0.8942594644555271,8,0,0,,,mixture/0.3/10/5/21
0.3,10,5,21,1000,800,constant,average,0,0,0.9062826142517972,8,0,0,,,mixture/0.3/10/5/21
0.3,10,5,21,1000,800,constant,pam,0,1,1.0,8,0,0,1,0,mixture/0.3/10/5/21
0.3,10,5,22,1000,800,constant,single,0,0,0.7978995134942829,8,0,0,,,mixture/0.3/10/5/22
0.3,10,5,22,1000,800,constant,complete,0,0,0.875918770676417,8,0,0,,,mixture/0.3/10/5/22
0.3,10,5,22,1000,800,constant,average,0,0,0.7956554234198366,8,0,0,,,mixture/0.3/10/5/22
0.3,10,5,22,1000,800,constant,pam,0,1,1.0,8,0,0,1,0,mixture/0.3/10/5/22
0.3,10,5,23,1000,800,constant,single,0,0,0.9065704640233814,10,1,0,,,mixture/0.3/10/5/23
0.3,10,5,23,1000,800,constant,complete,0,0,0.8975135305907453,10,1,0,,,mixture/0.3/10/5/23
0.3,10,5,23,1000,800,constant,average,0,0,0.9051796431773078,10,1,0,,,mixture/0.3/10/5/23
0.3,10,5,23,1000,800,constant,pam,0,1,1.0,10,1,1,1,0,mixture/0.3/10/5/23
0.3,10,5,24,1000,800,constant,single,0,0,0.8363781669498861,9,0,0,,,mixture/0.3/10/5/24
0.3,10,5,24,1000,800,constant,complete,0,1,1.0,9,0,0,,,mixture/0.3/10/5/24
0.3,10,5,24,1000,800,constant,average,0,1,1.0,9,0,0,,,mixture/0.3/10/5/24
0.3,10,5,24,1000,800,constant,pam,0,0,0.9892575377381119,9,0,0,1,0,mixture/0.3/10/5/24
0.3,10,5,25,1000,800,constant,single,0,0,0.9098953296716129,56,0,0,,,mixture/0.3/10/5/25
0.3,10,5,25,1000,800,constant,complete,0,0,0.6198624505380536,56,0,0,,,mixture/0.3/10/5/25
0.3,10,5,25,1000,800,constant,average,0,0,0.9098953296716129,56,0,0,,,mixture/0.3/10/5/25
0.3,10,5,25,1000,800,constant,pam,0,1,1.0,56,0,0,1,0,mixture/0.3/10/5/25
0.3,10,5,26,1000,800,constant,single,0,0,0.5164774259880298,9,0,0,,,mixture/0.3/10/5/26
0.3,10,5,26,1000,800,constant,complete,0,0,0.6993843459063478,9,0,0,,,mixture/0.3/10/5/26
0.3,10,5,26,1000,800,constant,average,0,0,0.7313402399902581,9,0,0,,,mixture/0.3/10/5/26
0.3,10,5,26,1000,800,constant,pam,0,0,0.8665483326314743,9,0,0,1,0,mixture/0.3/10/5/26
0.3,10,5,27,1000,800,constant,single,0,1,1.0,7,0,0,,,mixture/0.3/10/5/27
0.3,10,5,27,1000,800,constant,complete,0,1,1.0,7,0,0,,,mixture/0.3/10/5/27
0.3,10,5,27,1000,800,constant,average,0,1,1.0,7,0,0,,,mixture/0.3/10/5/27
0.3,10,5,27,1000,800,constant,pam,0,1,1.0,7,0,0,1,0,mixture/0.3/10/5/27
0.3,10,5,28,1000,800,constant,single,0,0,0.8896841587542273,10,1,0,,,mixture/0.3/10/5/28
0.3,10,5,28,1000,800,constant,complete,0,0,0.8726692520110154,10,1,0,,,mixture/0.3/10/5/28
0.3,10,5,28,1000,800,constant,average,0,0,0.8865650443570969,10,1,0,,,mixture/0.3/10/5/28
0.3,10,5,28,1000,800,constant,pam,0,1,1.0,10,1,1,1,0,mixture/0.3/10/5/28
0.3,10,5,29,1000,800,constant,single,0,1,1.0,10,1,1,,,mixture/0.3/10/5/29
0.3,10,5,29,1000,800,constant,complete,0,0,0.8664756193582416,10,1,0,,,mixture/0.3/10/5/29
0.3,10,5,29,1000,800,constant,average,0,1,1.0,10,1,1,,,mixture/0.3/10/5/29
0.3,10,5,29,1000,800,constant,pam,0,1,1.0,10,1,1,1,0,mixture/0.3/10/5/29
0.4,2,5,0,1000,800,constant,single,0,1,1.0,2,1,1,,,mixture/0.4/2/5/0
0.4,2,5,0,1000,800,constant,complete,0,1,1.0,2,1,1,,,mixture/0.4/2/5/0
0.4,2,5,0,1000,800,constant,average,0,1,1.0,2,1,1,,,mixture/0.4/2/5/0
0.4,2,5,0,1000,800,constant,pam,0,1,1.0,2,1,1,1,0,mixture/0.4/2/5/0
0.4,2,5,1,1000,800,constant,single,0,1,1.0,2,1,1,,,mixture/0.4/2/5/1
0.4,2,5,1,1000,800,constant,complete,0,1,1.0,2,1,1,,,mixture/0.4/2/5/1
0.4,2,5,1,1000,800,constant,average,0,1,1.0,2,1,1,,,mixture/0.4/2/5/1
0.4,2,5,1,1000,800,constant,pam,0,1,1.0,2,1,1,1,0,mixture/0.4/2/5/1
0.4,2,5,2,1000,800,constant,single,0,1,1.0,2,1,1,,,mixture/0.4/2/5/2
0.4,2,5,2,1000,800,constant,complete,0,1,1.0,2,1,1,,,mixture/0.4/2/5/2
0.4,2,5,2,1000,800,constant,average,0,1,1.0,2,1,1,,,mixture/0.4/2/5/2
0.4,2,5,2,1000,800,constant,pam,0,1,1.0,2,1,1,1,0,mixture/0.4/2/5/2
0.4,2,5,3,1000,800,constant,single,0,1,1.0,2,1,1,,,mixture/0.4/2/5/3
0.4,2,5,3,1000,800,constant,complete,0,1,1.0,2,1,1,,,mixture/0.4/2/5/3
0.4,2,5,3,1000,800,constant,average,0,1,1.0,2,1,1,,,mixture/0.4/2/5/3
0.4,2,5,3,1000,800,constant,pam,0,1,1.0,2,1,1,1,0,mixture/0.4/2/5/3
0.4,2,5,4,1000,800,constant,single,0,1,1.0,2,1,1,,,mixture/0.4/2/5/4
0.4,2,5,4,1000,800,constant,complete,0,1,1.0,2,1,1,,,mixture/0.4/2/5/4
0.4,2,5,4,1000,800,constant,average,0,1,1.0,2,1,1,,,mixture/0.4/2/5/4
0.4,2,5,4,1000,800,constant,pam,0,1,1.0,2,1,1,1,0,mixture/0.4/2/5/4
0.4,2,5,5,1000,800,constant,single,0,1,1.0,2,1,1,,,mixture/0.4/2/5/5
0.4,2,5,5,1000,800,constant,complete,0,1,1.0,2,1,1,,,mixture/0.4/2/5/5
0.4,2,5,5,1000,800,constant,average,0,1,1.0,2,1,1,,,mixture/0.4/2/5/5
0.4,2,5,5,1000,800,constant,pam,0,1,1.0,2,1,1,1,0,mixture/0.4/2/5/5
0.4,2,5,6,1000,800,constant,single,0,1,1.0,2,1,1,,,mixture/0.4/2/5/6
0.4,2,5,6,1000,800,constant,complete,0,1,1.0,2,1,1,,,mixture/0.4/2/5/6
0.4,2,5,6,1000,800,constant,average,0,1,1.0,2,1,1,,,mixture/0.4/2/5/6
0.4,2,5,6,1000,800,constant,pam,0,1,1.0,2,1,1,1,0,mixture/0.4/2/5/6
0.4,2,5,7,1000,800,constant,single,0,1,1.0,2,1,1,,,mixture/0.4/2/5/7
0.4,2,5,7,1000,800,constant,complete,0,1,1.0,2,1,1,,,mixture/0.4/2/5/7
0.4,2,5,7,1000,800,constant,average,0,1,1.0,2,1,1,,,mixture/0.4/2/5/7
0.4,2,5,7,1000,800,constant,pam,0,1,1.0,2,1,1,1,0,mixture/0.4/2/5/7
0.4,2,5,8,1000,800,constant,single,0,1,1.0,2,1,1,,,mixture/0.4/2/5/8
0.4,2,5,8,1000,800,constant,complete,0,1,1.0,2,1,1,,,mixture/0.4/2/5/8
0.4,2,5,8,1000,800,constant,average,0,1,1.0,2,1,1,,,mixture/0.4/2/5/8
0.4,2,5,8,1000,800,constant,pam,0,1,1.0,2,1,1,1,0,mixture/0.4/2/5/8
0.4,2,5,9,1000,800,constant,single,0,1,1.0,2,1,1,,,mixture/0.4/2/5/9
0.4,2,5,9,1000,800,constant,complete,0,1,1.0,2,1,1,,,mixture/0.4/2/5/9
0.4,2,5,9,1000,800,constant,average,0,1,1.0,2,1,1,,,mixture/0.4/2/5/9
0.4,2,5,9,1000,800,constant,pam,0,1,1.0,2,1,1,1,0,mixture/0.4/2/5/9
0.4,2,5,10,1000,800,constant,single,0,1,1.0,2,1,1,,,mixture/0.4/2/5/10
0.4,2,5,10,1000,800,constant,complete,0,1,1.0,2,1,1,,,mixture/0.4/2/5/10
0.4,2,5,10,1000,800,constant,average,0,1,1.0,2,1,1,,,mixture/0.4/2/5/10
0.4,2,5,10,1000,800,constant,pam,0,1,1.0,2,1,1,1,0,mixture/0.4/2/5/10
0.4,2,5,11,1000,800,constant,single,0,1,1.0,2,1,1,,,mixture/0.4/2/5/11
0.4,2,5,11,1000,800,constant,complete,0,1,1.0,2,1,1,,,mixture/0.4/2/5/11
0.4,2,5,11,1000,800,constant,average,0,1,1.0,2,1,1,,,mixture/0.4/2/5/11
0.4,2,5,11,1000,800,constant,pam,0,1,1.0,2,1,1,1,0,mixture/0.4/2/5/11
0.4,2,5,12,1000,800,constant,single,0,1,1.0,2,1,1,,,mixture/0.4/2/5/12
0.4,2,5,12,1000,800,constant,complete,0,1,1.0,2,1,1,,,mixture/0.4/2/5/12
0.4,2,5,12,1000,800,constant,average,0,1,1.0,2,1,1,,,mixture/0.4/2/5/12
0.4,2,5,12,1000,800,constant,pam,0,1,1.0,2,1,1,1,0,mixture/0.4/2/5/12
0.4,2,5,13,1000,800,constant,single,0,1,1.0,2,1,1,,,mixture/0.4/2/5/13
0.4,2,5,13,1000,800,constant,complete,0,1,1.0,2,1,1,,,mixture/0.4/2/5/13
0.4,2,5,13,1000,800,constant,average,0,1,1.0,2,1,1,,,mixture/0.4/2/5/13
0.4,2,5,13,1000,800,constant,pam,0,1,1.0,2,1,1,1,0,mixture/0.4/2/5/13
0.4,2,5,14,1000,800,constant,single,0,1,1.0,2,1,1,,,mixture/0.4/2/5/14
0.4,2,5,14,1000,800,constant,complete,0,1,1.0,2,1,1,,,mixture/0.4/2/5/14
0.4,2,5,14,1000,800,constant,average,0,1,1.0,2,1,1,,,mixture/0.4/2/5/14
0.4,2,5,14,1000,800,constant,pam,0,1,1.0,2,1,1,1,0,mixture/0.4/2/5/14
0.4,2,5,15,1000,800,constant,single,0,1,1.0,2,1,1,,,mixture/0.4/2/5/15
0.4,2,5,15,1000,800,constant,complete,0,1,1.0,2,1,1,,,mixture/0.4/2/5/15
0.4,2,5,15,1000,800,constant,average,0,1,1.0,2,1,1,,,mixture/0.4/2/5/15
0.4,2,5,15,1000,800,constant,pam,0,1,1.0,2,1,1,1,0,mixture/0.4/2/5/15
0.4,2,5,16,1000,800,constant,single,0,1,1.0,2,1,1,,,mixture/0.4/2/5/16
0.4,2,5,16,1000,800,constant,complete,0,1,1.0,2,1,1,,,mixture/0.4/2/5/16
0.4,2,5,16,1000,800,constant,average,0,1,1.0,2,1,1,,,mixture/0.4/2/5/16
0.4,2,5,16,1000,800,constant,pam,0,1,1.0,2,1,1,1,0,mixture/0.4/2/5/16
0.4,2,5,17,1000,800,constant,single,0,1,1.0,2,1,1,,,mixture/0.4/2/5/17
0.4,2,5,17,1000,800,constant,complete,0,1,1.0,2,1,1,,,mixture/0.4/2/5/17
0.4,2,5,17,1000,800,constant,average,0,1,1.0,2,1,1,,,mixture/0.4/2/5/17
0.4,2,5,17,1000,800,constant,pam,0,1,1.0,2,1,1,1,0,mixture/0.4/2/5/17
0.4,2,5,18,1000,800,constant,single,0,1,1.0,2,1,1,,,mixture/0.4/2/5/18
0.4,2,5,18,1000,800,constant,complete,0,1,1.0,2,1,1,,,mixture/0.4/2/5/18
0.4,2,5,18,1000,800,constant,average,0,1,1.0,2,1,1,,,mixture/0.4/2/5/18
0.4,2,5,18,1000,800,constant,pam,0,1,1.0,2,1,1,1,0,mixture/0.4/2/5/18
0.4,2,5,19,1000,800,constant,single,0,1,1.0,2,1,1,,,mixture/0.4/2/5/19
0.4,2,5,19,1000,800,constant,complete,0,1,1.0,2,1,1,,,mixture/0.4/2/5/19
0.4,2,5,19,1000,800,constant,average,0,1,1.0,2,1,1,,,mixture/0.4/2/5/19
0.4,2,5,19,1000,800,constant,pam,0,1,1.0,2,1,1,1,0,mixture/0.4/2/5/19
0.4,2,5,20,1000,800,constant,single,0,1,1.0,2,1,1,,,mixture/0.4/2/5/20
0.4,2,5,20,1000,800,constant,complete,0,1,1.0,2,1,1,,,mixture/0.4/2/5/20
0.4,2,5,20,1000,800,constant,average,0,1,1.0,2,1,1,,,mixture/0.4/2/5/20
0.4,2,5,20,1000,800,constant,pam,0,1,1.0,2,1,1,1,0,mixture/0.4/2/5/20
0.4,2,5,21,1000,800,constant,single,0,1,1.0,2,1,1,,,mixture/0.4/2/5/21
0.4,2,5,21,1000,800,constant,complete,0,1,1.0,2,1,1,,,mixture/0.4/2/5/21
0.4,2,5,21,1000,800,constant,average,0,1,1.0,2,1,1,,,mixture/0.4/2/5/21
0.4,2,5,21,1000,800,constant,pam,0,1,1.0,2,1,1,1,0,mixture/0.4/2/5/21
0.4,2,5,22,1000,800,constant,single,0,1,1.0,2,1,1,,,mixture/0.4/2/5/22
0.4,2,5,22,1000,800,constant,complete,0,1,1.0,2,1,1,,,mixture/0.4/2/5/22
0.4,2,5,22,1000,800,constant,average,0,1,1.0,2,1,1,,,mixture/0.4/2/5/22
0.4,2,5,22,1000,800,constant,pam,0,1,1.0,2,1,1,1,0,mixture/0.4/2/5/22
0.4,2,5,23,1000,800,constant,single,0,1,1.0,2,1,1,,,mixture/0.4/2/5/23
0.4,2,5,23,1000,800,constant,complete,0,1,1.0,2,1,1,,,mixture/0.4/2/5/23
0.4,2,5,23,1000,800,constant,average,0,1,1.0,2,1,1,,,mixture/0.4/2/5/23
0.4,2,5,23,1000,800,constant,pam,0,1,1.0,2,1,1,1,0,mixture/0.4/2/5/23
0.4,2,5,24,1000,800,constant,single,0,1,1.0,2,1,1,,,mixture/0.4/2/5/24
0.4,2,5,24,1000,800,constant,complete,0,1,1.0,2,1,1,,,mixture/0.4/2/5/24
0.4,2,5,24,1000,800,constant,average,0,1,1.0,2,1,1,,,mixture/0.4/2/5/24
0.4,2,5,24,1000,800,constant,pam,0,1,1.0,2,1,1,1,0,mixture/0.4/2/5/24
0.4,2,5,25,1000,800,constant,single,0,1,1.0,2,1,1,,,mixture/0.4/2/5/25
0.4,2,5,25,1000,800,constant,complete,0,1,1.0,2,1,1,,,mixture/0.4/2/5/25
0.4,2,5,25,1000,800,constant,average,0,1,1.0,2,1,1,,,mixture/0.4/2/5/25
0.4,2,5,25,1000,800,constant,pam,0,1,1.0,2,1,1,1,0,mixture/0.4/2/5/25
0.4,2,5,26,1000,800,constant,single,0,1,1.0,2,1,1,,,mixture/0.4/2/5/26
0.4,2,5,26,1000,800,constant,complete,0,1,1.0,2,1,1,,,mixture/0.4/2/5/26
0.4,2,5,26,1000,800,constant,average,0,1,1.0,2,1,1,,,mixture/0.4/2/5/26
0.4,2,5,26,1000,800,constant,pam,0,1,1.0,2,1,1,1,0,mixture/0.4/2/5/26
0.4,2,5,27,1000,800,constant,single,0,1,1.0,2,1,1,,,mixture/0.4/2/5/27
0.4,2,5,27,1000,800,constant,complete,0,1,1.0,2,1,1,,,mixture/0.4/2/5/27
0.4,2,5,27,1000,800,constant,average,0,1,1.0,2,1,1,,,mixture/0.4/2/5/27
0.4,2,5,27,1000,800,constant,pam,0,1,1.0,2,1,1,1,0,mixture/0.4/2/5/27
0.4,2,5,28,1000,800,constant,single,0,1,1.0,2,1,1,,,mixture/0.4/2/5/28
0.4,2,5,28,1000,800,constant,complete,0,1,1.0,2,1,1,,,mixture/0.4/2/5/28
0.4,2,5,28,1000,800,constant,average,0,1,1.0,2,1,1,,,mixture/0.4/2/5/28
0.4,2,5,28,1000,800,constant,pam,0,1,1.0,2,1,1,1,0,mixture/0.4/2/5/28
0.4,2,5,29,1000,800,constant,single,0,1,1.0,2,1,1,,,mixture/0.4/2/5/29
0.4,2,5,29,1000,800,constant,complete,0,1,1.0,2,1,1,,,mixture/0.4/2/5/29
0.4,2,5,29,1000,800,constant,average,0,1,1.0,2,1,1,,,mixture/0.4/2/5/29
0.4,2,5,29,1000,800,constant,pam,0,1,1.0,2,1,1,1,0,mixture/0.4/2/5/29
0.4,3,5,0,1000,800,constant,single,0,1,1.0,3,1,1,,,mixture/0.4/3/5/0
0.4,3,5,0,1000,800,constant,complete,0,1,1.0,3,1,1,,,mixture/0.4/3/5/0
0.4,3,5,0,1000,800,constant,average,0,1,1.0,3,1,1,,,mixture/0.4/3/5/0
0.4,3,5,0,1000,800,constant,pam,0,1,1.0,3,1,1,1,0,mixture/0.4/3/5/0
0.4,3,5,1,1000,800,constant,single,0,1,1.0,3,1,1,,,mixture/0.4/3/5/1
0.4,3,5,1,1000,800,constant,complete,0,1,1.0,3,1,1,,,mixture/0.4/3/5/1
0.4,3,5,1,1000,800,constant,average,0,1,1.0,3,1,1,,,mixture/0.4/3/5/1
0.4,3,5,1,1000,800,constant,pam,0,1,1.0,3,1,1,1,0,mixture/0.4/3/5/1
0.4,3,5,2,1000,800,constant,single,0,1,1.0,3,1,1,,,mixture/0.4/3/5/2
0.4,3,5,2,1000,800,constant,complete,0,1,1.0,3,1,1,,,mixture/0.4/3/5/2
0.4,3,5,2,1000,800,constant,average,0,1,1.0,3,1,1,,,mixture/0.4/3/5/2
0.4,3,5,2,1000,800,constant,pam,0,1,1.0,3,1,1,1,0,mixture/0.4/3/5/2
0.4,3,5,3,1000,800,constant,single,0,1,1.0,3,1,1,,,mixture/0.4/3/5/3
0.4,3,5,3,1000,800,constant,complete,0,1,1.0,3,1,1,,,mixture/0.4/3/5/3
0.4,3,5,3,1000,800,constant,average,0,1,1.0,3,1,1,,,mixture/0.4/3/5/3
0.4,3,5,3,1000,800,constant,pam,0,1,1.0,3,1,1,1,0,mixture/0.4/3/5/3
0.4,3,5,4,1000,800,constant,single,0,1,1.0,3,1,1,,,mixture/0.4/3/5/4
0.4,3,5,4,1000,800,constant,complete,0,1,1.0,3,1,1,,,mixture/0.4/3/5/4
0.4,3,5,4,1000,800,constant,average,0,1,1.0,3,1,1,,,mixture/0.4/3/5/4
0.4,3,5,4,1000,800,constant,pam,0,1,1.0,3,1,1,1,0,mixture/0.4/3/5/4
0.4,3,5,5,1000,800,constant,single,0,1,1.0,3,1,1,,,mixture/0.4/3/5/5
0.4,3,5,5,1000,800,constant,complete,0,1,1.0,3,1,1,,,mixture/0.4/3/5/5
0.4,3,5,5,1000,800,constant,average,0,1,1.0,3,1,1,,,mixture/0.4/3/5/5
0.4,3,5,5,1000,800,constant,pam,0,1,1.0,3,1,1,1,0,mixture/0.4/3/5/5
0.4,3,5,6,1000,800,constant,single,0,0,0.554348872246731,3,1,0,,,mixture/0.4/3/5/6
0.4,3,5,6,1000,800,constant,complete,0,1,1.0,3,1,1,,,mixture/0.4/3/5/6
0.4,3,5,6,1000,800,constant,average,0,1,1.0,3,1,1,,,mixture/0.4/3/5/6
0.4,3,5,6,1000,800,constant,pam,0,1,1.0,3,1,1,1,0,mixture/0.4/3/5/6
0.4,3,5,7,1000,800,constant,single,0,1,1.0,3,1,1,,,mixture/0.4/3/5/7
0.4,3,5,7,1000,800,constant,complete,0,1,1.0,3,1,1,,,mixture/0.4/3/5/7
0.4,3,5,7,1000,800,constant,average,0,1,1.0,3,1,1,,,mixture/0.4/3/5/7
0.4,3,5,7,1000,800,constant,pam,0,1,1.0,3,1,1,1,0,mixture/0.4/3/5/7
0.4,3,5,8,1000,800,constant,single,0,1,1.0,3,1,1,,,mixture/0.4/3/5/8
0.4,3,5,8,1000,800,constant,complete,0,1,1.0,3,1,1,,,mixture/0.4/3/5/8
0.4,3,5,8,1000,800,constant,average,0,1,1.0,3,1,1,,,mixture/0.4/3/5/8
0.4,3,5,8,1000,800,constant,pam,0,1,1.0,3,1,1,1,0,mixture/0.4/3/5/8
0.4,3,5,9,1000,800,constant,single,0,1,1.0,3,1,1,,,mixture/0.4/3/5/9
0.4,3,5,9,1000,800,constant,complete,0,1,1.0,3,1,1,,,mixture/0.4/3/5/9
0.4,3,5,9,1000,800,constant,average,0,1,1.0,3,1,1,,,mixture/0.4/3/5/9
0.4,3,5,9,1000,800,constant,pam,0,1,1.0,3,1,1,1,0,mixture/0.4/3/5/9
0.4,3,5,10,1000,800,constant,single,0,1,1.0,3,1,1,,,mixture/0.4/3/5/10
0.4,3,5,10,1000,800,constant,complete,0,1,1.0,3,1,1,,,mixture/0.4/3/5/10
0.4,3,5,10,1000,800,constant,average,0,1,1.0,3,1,1,,,mixture/0.4/3/5/10
0.4,3,5,10,1000,800,constant,pam,0,1,1.0,3,1,1,1,0,mixture/0.4/3/5/10
0.4,3,5,11,1000,800,constant,single,0,1,1.0,3,1,1,,,mixture/0.4/3/5/11
0.4,3,5,11,1000,800,constant,complete,0,1,1.0,3,1,1,,,mixture/0.4/3/5/11
0.4,3,5,11,1000,800,constant,average,0,1,1.0,3,1,1,,,mixture/0.4/3/5/11
0.4,3,5,11,1000,800,constant,pam,0,1,1.0,3,1,1,1,0,mixture/0.4/3/5/11
0.4,3,5,12,1000,800,constant,single,0,1,1.0,3,1,1,,,mixture/0.4/3/5/12
0.4,3,5,12,1000,800,constant,complete,0,1,1.0,3,1,1,,,mixture/0.4/3/5/12
0.4,3,5,12,1000,800,constant,average,0,1,1.0,3,1,1,,,mixture/0.4/3/5/12
0.4,3,5,12,1000,800,constant,pam,0,1,1.0,3,1,1,1,0,mixture/0.4/3/5/12
0.4,3,5,13,1000,800,constant,single,0,1,1.0,3,1,1,,,mixture/0.4/3/5/13
0.4,3,5,13,1000,800,constant,complete,0,1,1.0,3,1,1,,,mixture/0.4/3/5/13
0.4,3,5,13,1000,800,constant,average,0,1,1.0,3,1,1,,,mixture/0.4/3/5/13
0.4,3,5,13,1000,800,constant,pam,0,1,1.0,3,1,1,1,0,mixture/0.4/3/5/13
0.4,3,5,14,1000,800,constant,single,0,1,1.0,3,1,1,,,mixture/0.4/3/5/14
0.4,3,5,14,1000,800,constant,complete,0,1,1.0,3,1,1,,,mixture/0.4/3/5/14
0.4,3,5,14,1000,800,constant,average,0,1,1.0,3,1,1,,,mixture/0.4/3/5/14
0.4,3,5,14,1000,800,constant,pam,0,1,1.0,3,1,1,1,0,mixture/0.4/3/5/14
0.4,3,5,15,1000,800,constant,single,0,1,1.0,3,1,1,,,mixture/0.4/3/5/15
0.4,3,5,15,1000,800,constant,complete,0,1,1.0,3,1,1,,,mixture/0.4/3/5/15
0.4,3,5,15,1000,800,constant,average,0,1,1.0,3,1,1,,,mixture/0.4/3/5/15
0.4,3,5,15,1000,800,constant,pam,0,1,1.0,3,1,1,1,0,mixture/0.4/3/5/15
0.4,3,5,16,1000,800,constant,single,0,1,1.0,3,1,1,,,mixture/0.4/3/5/16
0.4,3,5,16,1000,800,constant,complete,0,1,1.0,3,1,1,,,mixture/0.4/3/5/16
0.4,3,5,16,1000,800,constant,average,0,1,1.0,3,1,1,,,mixture/0.4/3/5/16
0.4,3,5,16,1000,800,constant,pam,0,1,1.0,3,1,1,1,0,mixture/0.4/3/5/16
0.4,3,5,17,1000,800,constant,single,0,1,1.0,3,1,1,,,mixture/0.4/3/5/17
0.4,3,5,17,1000,800,constant,complete,0,1,1.0,3,1,1,,,mixture/0.4/3/5/17
0.4,3,5,17,1000,800,constant,average,0,1,1.0,3,1,1,,,mixture/0.4/3/5/17
0.4,3,5,17,1000,800,constant,pam,0,1,1.0,3,1,1,1,0,mixture/0.4/3/5/17
0.4,3,5,18,1000,800,constant,single,0,1,1.0,3,1,1,,,mixture/0.4/3/5/18
0.4,3,5,18,1000,800,constant,complete,0,1,1.0,3,1,1,,,mixture/0.4/3/5/18
0.4,3,5,18,1000,800,constant,average,0,1,1.0,3,1,1,,,mixture/0.4/3/5/18
0.4,3,5,18,1000,800,constant,pam,0,1,1.0,3,1,1,1,0,mixture/0.4/3/5/18
0.4,3,5,19,1000,800,constant,single,0,1,1.0,3,1,1,,,mixture/0.4/3/5/19
0.4,3,5,19,1000,800,constant,complete,0,1,1.0,3,1,1,,,mixture/0.4/3/5/19
0.4,3,5,19,1000,800,constant,average,0,1,1.0,3,1,1,,,mixture/0.4/3/5/19
0.4,3,5,19,1000,800,constant,pam,0,1,1.0,3,1,1,1,0,mixture/0.4/3/5/19
0.4,3,5,20,1000,800,constant,single,0,1,1.0,3,1,1,,,mixture/0.4/3/5/20
0.4,3,5,20,1000,800,constant,complete,0,1,1.0,3,1,1,,,mixture/0.4/3/5/20
0.4,3,5,20,1000,800,constant,average,0,1,1.0,3,1,1,,,mixture/0.4/3/5/20
0.4,3,5,20,1000,800,constant,pam,0,1,1.0,3,1,1,1,0,mixture/0.4/3/5/20
0.4,3,5,21,1000,800,constant,single,0,1,1.0,3,1,1,,,mixture/0.4/3/5/21
0.4,3,5,21,1000,800,constant,complete,0,1,1.0,3,1,1,,,mixture/0.4/3/5/21
0.4,3,5,21,1000,800,constant,average,0,1,1.0,3,1,1,,,mixture/0.4/3/5/21
0.4,3,5,21,1000,800,constant,pam,0,1,1.0,3,1,1,1,0,mixture/0.4/3/5/21
0.4,3,5,22,1000,800,constant,single,0,1,1.0,3,1,1,,,mixture/0.4/3/5/22
0.4,3,5,22,1000,800,constant,complete,0,1,1.0,3,1,1,,,mixture/0.4/3/5/22
0.4,3,5,22,1000,800,constant,average,0,1,1.0,3,1,1,,,mixture/0.4/3/5/22
0.4,3,5,22,1000,800,constant,pam,0,1,1.0,3,1,1,1,0,mixture/0.4/3/5/22
0.4,3,5,23,1000,800,constant,single,0,1,1.0,3,1,1,,,mixture/0.4/3/5/23
0.4,3,5,23,1000,800,constant,complete,0,1,1.0,3,1,1,,,mixture/0.4/3/5/23
0.4,3,5,23,1000,800,constant,average,0,1,1.0,3,1,1,,,mixture/0.4/3/5/23
0.4,3,5,23,1000,800,constant,pam,0,1,1.0,3,1,1,1,0,mixture/0.4/3/5/23
0.4,3,5,24,1000,800,constant,single,0,1,1.0,3,1,1,,,mixture/0.4/3/5/24
0.4,3,5,24,1000,800,constant,complete,0,1,1.0,3,1,1,,,mixture/0.4/3/5/24
0.4,3,5,24,1000,800,constant,average,0,1,1.0,3,1,1,,,mixture/0.4/3/5/24
0.4,3,5,24,1000,800,constant,pam,0,1,1.0,3,1,1,1,0,mixture/0.4/3/5/24
0.4,3,5,25,1000,800,constant,single,0,1,1.0,3,1,1,,,mixture/0.4/3/5/25
0.4,3,5,25,1000,800,constant,complete,0,1,1.0,3,1,1,,,mixture/0.4/3/5/25
0.4,3,5,25,1000,800,constant,average,0,1,1.0,3,1,1,,,mixture/0.4/3/5/25
0.4,3,5,25,1000,800,constant,pam,0,1,1.0,3,1,1,1,0,mixture/0.4/3/5/25
0.4,3,5,26,1000,800,constant,single,0,1,1.0,3,1,1,,,mixture/0.4/3/5/26
0.4,3,5,26,1000,800,constant,complete,0,1,1.0,3,1,1,,,mixture/0.4/3/5/26
0.4,3,5,26,1000,800,constant,average,0,1,1.0,3,1,1,,,mixture/0.4/3/5/26
0.4,3,5,26,1000,800,constant,pam,0,1,1.0,3,1,1,1,0,mixture/0.4/3/5/26
0.4,3,5,27,1000,800,constant,single,0,1,1.0,3,1,1,,,mixture/0.4/3/5/27
0.4,3,5,27,1000,800,constant,complete,0,1,1.0,3,1,1,,,mixture/0.4/3/5/27
0.4,3,5,27,1000,800,constant,average,0,1,1.0,3,1,1,,,mixture/0.4/3/5/27
0.4,3,5,27,1000,800,constant,pam,0,1,1.0,3,1,1,1,0,mixture/0.4/3/5/27
0.4,3,5,28,1000,800,constant,single,0,1,1.0,3,1,1,,,mixture/0.4/3/5/28
0.4,3,5,28,1000,800,constant,complete,0,1,1.0,3,1,1,,,mixture/0.4/3/5/28
0.4,3,5,28,1000,800,constant,average,0,1,1.0,3,1,1,,,mixture/0.4/3/5/28
0.4,3,5,28,1000,800,constant,pam,0,1,1.0,3,1,1,1,0,mixture/0.4/3/5/28
0.4,3,5,29,1000,800,constant,single,0,0,0.5777291188835497,3,1,0,,,mixture/0.4/3/5/29
0.4,3,5,29,1000,800,constant,complete,0,1,1.0,3,1,1,,,mixture/0.4/3/5/29
0.4,3,5,29,1000,800,constant,average,0,1,1.0,3,1,1,,,mixture/0.4/3/5/29
0.4,3,5,29,1000,800,constant,pam,0,1,1.0,3,1,1,1,0,mixture/0.4/3/5/29
0.4,4,5,0,1000,800,constant,single,0,1,1.0,4,1,1,,,mixture/0.4/4/5/0
0.4,4,5,0,1000,800,constant,complete,0,1,1.0,4,1,1,,,mixture/0.4/4/5/0
0.4,4,5,0,1000,800,constant,average,0,1,1.0,4,1,1,,,mixture/0.4/4/5/0
0.4,4,5,0,1000,800,constant,pam,0,1,1.0,4,1,1,1,0,mixture/0.4/4/5/0
0.4,4,5,1,1000,800,constant,single,0,1,1.0,4,1,1,,,mixture/0.4/4/5/1
0.4,4,5,1,1000,800,constant,complete,0,1,1.0,4,1,1,,,mixture/0.4/4/5/1
0.4,4,5,1,1000,800,constant,average,0,1,1.0,4,1,1,,,mixture/0.4/4/5/1
0.4,4,5,1,1000,800,constant,pam,0,1,1.0,4,1,1,1,0,mixture/0.4/4/5/1
0.4,4,5,2,1000,800,constant,single,0,1,1.0,4,1,1,,,mixture/0.4/4/5/2
0.4,4,5,2,1000,800,constant,complete,0,0,0.6122788337935895,4,1,0,,,mixture/0.4/4/5/2
0.4,4,5,2,1000,800,constant,average,0,1,1.0,4,1,1,,,mixture/0.4/4/5/2
0.4,4,5,2,1000,800,constant,pam,0,0,0.996612601784038,4,1,0,1,0,mixture/0.4/4/5/2
0.4,4,5,3,1000,800,constant,single,0,1,1.0,4,1,1,,,mixture/0.4/4/5/3
0.4,4,5,3,1000,800,constant,complete,0,0,0.6555212727316501,4,1,0,,,mixture/0.4/4/5/3
0.4,4,5,3,1000,800,constant,average,0,0,0.6946907501445644,4,1,0,,,mixture/0.4/4/5/3
0.4,4,5,3,1000,800,constant,pam,0,1,1.0,4,1,1,1,0,mixture/0.4/4/5/3
0.4,4,5,4,1000,800,constant,single,0,1,1.0,4,1,1,,,mixture/0.4/4/5/4
0.4,4,5,4,1000,800,constant,complete,0,1,1.0,4,1,1,,,mixture/0.4/4/5/4
0.4,4,5,4,1000,800,constant,average,0,1,1.0,4,1,1,,,mixture/0.4/4/5/4
0.4,4,5,4,1000,800,constant,pam,0,1,1.0,4,1,1,1,0,mixture/0.4/4/5/4
0.4,4,5,5,1000,800,constant,single,0,1,1.0,3,0,0,,,mixture/0.4/4/5/5
0.4,4,5,5,1000,800,constant,complete,0,1,1.0,3,0,0,,,mixture/0.4/4/5/5
0.4,4,5,5,1000,800,constant,average,0,1,1.0,3,0,0,,,mixture/0.4/4/5/5
0.4,4,5,5,1000,800,constant,pam,0,1,1.0,3,0,0,1,0,mixture/0.4/4/5/5
0.4,4,5,6,1000,800,constant,single,0,1,1.0,4,1,1,,,mixture/0.4/4/5/6
0.4,4,5,6,1000,800,constant,complete,0,1,1.0,4,1,1,,,mixture/0.4/4/5/6
0.4,4,5,6,1000,800,constant,average,0,1,1.0,4,1,1,,,mixture/0.4/4/5/6
0.4,4,5,6,1000,800,constant,pam,0,1,1.0,4,1,1,1,0,mixture/0.4/4/5/6
0.4,4,5,7,1000,800,constant,single,0,1,1.0,5,0,0,,,mixture/0.4/4/5/7
0.4,4,5,7,1000,800,constant,complete,0,1,1.0,5,0,0,,,mixture/0.4/4/5/7
0.4,4,5,7,1000,800,constant,average,0,1,1.0,5,0,0,,,mixture/0.4/4/5/7
0.4,4,5,7,1000,800,constant,pam,0,1,1.0,5,0,0,1,0,mixture/0.4/4/5/7
0.4,4,5,8,1000,800,constant,single,0,1,1.0,4,1,1,,,mixture/0.4/4/5/8
0.4,4,5,8,1000,800,constant,complete,0,1,1.0,4,1,1,,,mixture/0.4/4/5/8
0.4,4,5,8,1000,800,constant,average,0,1,1.0,4,1,1,,,mixture/0.4/4/5/8
0.4,4,5,8,1000,800,constant,pam,0,1,1.0,4,1,1,1,0,mixture/0.4/4/5/8
0.4,4,5,9,1000,800,constant,single,0,0,0.7132323041492982,4,1,0,,,mixture/0.4/4/5/9
0.4,4,5,9,1000,800,constant,complete,0,1,1.0,4,1,1,,,mixture/0.4/4/5/9
0.4,4,5,9,1000,800,constant,average,0,1,1.0,4,1,1,,,mixture/0.4/4/5/9
0.4,4,5,9,1000,800,constant,pam,0,0,0.9933462453289673,4,1,0,1,0,mixture/0.4/4/5/9
0.4,4,5,10,1000,800,constant,single,0,1,1.0,4,1,1,,,mixture/0.4/4/5/10
0.4,4,5,10,1000,800,constant,complete,0,1,1.0,4,1,1,,,mixture/0.4/4/5/10
0.4,4,5,10,1000,800,constant,average,0,1,1.0,4,1,1,,,mixture/0.4/4/5/10
0.4,4,5,10,1000,800,constant,pam,0,1,1.0,4,1,1,1,0,mixture/0.4/4/5/10
0.4,4,5,11,1000,800,constant,single,0,1,1.0,4,1,1,,,mixture/0.4/4/5/11
0.4,4,5,11,1000,800,constant,complete,0,1,1.0,4,1,1,,,mixture/0.4/4/5/11
0.4,4,5,11,1000,800,constant,average,0,1,1.0,4,1,1,,,mixture/0.4/4/5/11
0.4,4,5,11,1000,800,constant,pam,0,1,1.0,4,1,1,1,0,mixture/0.4/4/5/11
0.4,4,5,12,1000,800,constant,single,0,1,1.0,4,1,1,,,mixture/0.4/4/5/12
0.4,4,5,12,1000,800,constant,complete,0,1,1.0,4,1,1,,,mixture/0.4/4/5/12
0.4,4,5,12,1000,800,constant,average,0,1,1.0,4,1,1,,,mixture/0.4/4/5/12
0.4,4,5,12,1000,800,constant,pam,0,1,1.0,4,1,1,1,0,mixture/0.4/4/5/12
0.4,4,5,13,1000,800,constant,single,0,1,1.0,2,0,0,,,mixture/0.4/4/5/13
0.4,4,5,13,1000,800,constant,complete,0,1,1.0,2,0,0,,,mixture/0.4/4/5/13
0.4,4,5,13,1000,800,constant,average,0,1,1.0,2,0,0,,,mixture/0.4/4/5/13
0.4,4,5,13,1000,800,constant,pam,0,1,1.0,2,0,0,1,0,mixture/0.4/4/5/13
0.4,4,5,14,1000,800,constant,single,0,1,1.0,4,1,1,,,mixture/0.4/4/5/14
0.4,4,5,14,1000,800,constant,complete,0,1,1.0,4,1,1,,,mixture/0.4/4/5/14
0.4,4,5,14,1000,800,constant,average,0,1,1.0,4,1,1,,,mixture/0.4/4/5/14
0.4,4,5,14,1000,800,constant,pam,0,1,1.0,4,1,1,1,0,mixture/0.4/4/5/14
0.4,4,5,15,1000,800,constant,single,0,1,1.0,2,0,0,,,mixture/0.4/4/5/15
0.4,4,5,15,1000,800,constant,complete,0,1,1.0,2,0,0,,,mixture/0.4/4/5/15
0.4,4,5,15,1000,800,constant,average,0,1,1.0,2,0,0,,,mixture/0.4/4/5/15
0.4,4,5,15,1000,800,constant,pam,0,1,1.0,2,0,0,1,0,mixture/0.4/4/5/15
0.4,4,5,16,1000,800,constant,single,0,1,1.0,4,1,1,,,mixture/0.4/4/5/16
0.4,4,5,16,1000,800,constant,complete,0,1,1.0,4,1,1,,,mixture/0.4/4/5/16
0.4,4,5,16,1000,800,constant,average,0,1,1.0,4,1,1,,,mixture/0.4/4/5/16
0.4,4,5,16,1000,800,constant,pam,0,1,1.0,4,1,1,1,0,mixture/0.4/4/5/16
0.4,4,5,17,1000,800,constant,single,0,1,1.0,4,1,1,,,mixture/0.4/4/5/17
0.4,4,5,17,1000,800,constant,complete,0,1,1.0,4,1,1,,,mixture/0.4/4/5/17
0.4,4,5,17,1000,800,constant,average,0,1,1.0,4,1,1,,,mixture/0.4/4/5/17
0.4,4,5,17,1000,800,constant,pam,0,1,1.0,4,1,1,1,0,mixture/0.4/4/5/17
0.4,4,5,18,1000,800,constant,single,0,1,1.0,4,1,1,,,mixture/0.4/4/5/18
0.4,4,5,18,1000,800,constant,complete,0,1,1.0,4,1,1,,,mixture/0.4/4/5/18
0.4,4,5,18,1000,800,constant,average,0,1,1.0,4,1,1,,,mixture/0.4/4/5/18
0.4,4,5,18,1000,800,constant,pam,0,1,1.0,4,1,1,1,0,mixture/0.4/4/5/18
0.4,4,5,19,1000,800,constant,single,0,1,1.0,4,1,1,,,mixture/0.4/4/5/19
0.4,4,5,19,1000,800,constant,complete,0,1,1.0,4,1,1,,,mixture/0.4/4/5/19
0.4,4,5,19,1000,800,constant,average,0,1,1.0,4,1,1,,,mixture/0.4/4/5/19
0.4,4,5,19,1000,800,constant,pam,0,1,1.0,4,1,1,1,0,mixture/0.4/4/5/19
0.4,4,5,20,1000,800,constant,single,0,1,1.0,4,1,1,,,mixture/0.4/4/5/20
0.4,4,5,20,1000,800,constant,complete,0,1,1.0,4,1,1,,,mixture/0.4/4/5/20
0.4,4,5,20,1000,800,constant,average,0,1,1.0,4,1,1,,,mixture/0.4/4/5/20
0.4,4,5,20,1000,800,constant,pam,0,1,1.0,4,1,1,1,0,mixture/0.4/4/5/20
0.4,4,5,21,1000,800,constant,single,0,0,0.7194659028079978,4,1,0,,,mixture/0.4/4/5/21
0.4,4,5,21,1000,800,constant,complete,0,0,0.6450940783118106,4,1,0,,,mixture/0.4/4/5/21
0.4,4,5,21,1000,800,constant,average,0,0,0.7148291752122694,4,1,0,,,mixture/0.4/4/5/21
0.4,4,5,21,1000,800,constant,pam,0,1,1.0,4,1,1,1,0,mixture/0.4/4/5/21
0.4,4,5,22,1000,800,constant,single,0,0,0.3181379909432256,4,1,0,,,mixture/0.4/4/5/22
0.4,4,5,22,1000,800,constant,complete,0,0,0.6490739005195552,4,1,0,,,mixture/0.4/4/5/22
0.4,4,5,22,1000,800,constant,average,0,0,0.3181379909432256,4,1,0,,,mixture/0.4/4/5/22
0.4,4,5,22,1000,800,constant,pam,0,1,1.0,4,1,1,1,0,mixture/0.4/4/5/22
0.4,4,5,23,1000,800,constant,single,0,1,1.0,4,1,1,,,mixture/0.4/4/5/23
0.4,4,5,23,1000,800,constant,complete,0,1,1.0,4,1,1,,,mixture/0.4/4/5/23
0.4,4,5,23,1000,800,constant,average,0,1,1.0,4,1,1,,,mixture/0.4/4/5/23
0.4,4,5,23,1000,800,constant,pam,0,1,1.0,4,1,1,1,0,mixture/0.4/4/5/23
0.4,4,5,24,1000,800,constant,single,0,1,1.0,4,1,1,,,mixture/0.4/4/5/24
0.4,4,5,24,1000,800,constant,complete,0,1,1.0,4,1,1,,,mixture/0.4/4/5/24
0.4,4,5,24,1000,800,constant,average,0,1,1.0,4,1,1,,,mixture/0.4/4/5/24
0.4,4,5,24,1000,800,constant,pam,0,1,1.0,4,1,1,1,0,mixture/0.4/4/5/24
0.4,4,5,25,1000,800,constant,single,0,1,1.0,4,1,1,,,mixture/0.4/4/5/25
0.4,4,5,25,1000,800,constant,complete,0,1,1.0,4,1,1,,,mixture/0.4/4/5/25
0.4,4,5,25,1000,800,constant,average,0,1,1.0,4,1,1,,,mixture/0.4/4/5/25
0.4,4,5,25,1000,800,constant,pam,0,1,1.0,4,1,1,1,0,mixture/0.4/4/5/25
0.4,4,5,26,1000,800,constant,single,0,1,1.0,4,1,1,,,mixture/0.4/4/5/26
0.4,4,5,26,1000,800,constant,complete,0,1,1.0,4,1,1,,,mixture/0.4/4/5/26
0.4,4,5,26,1000,800,constant,average,0,1,1.0,4,1,1,,,mixture/0.4/4/5/26
0.4,4,5,26,1000,800,constant,pam,0,1,1.0,4,1,1,1,0,mixture/0.4/4/5/26
0.4,4,5,27,1000,800,constant,single,0,0,0.7011611420331758,4,1,0,,,mixture/0.4/4/5/27
0.4,4,5,27,1000,800,constant,complete,0,0,0.6288213284357682,4,1,0,,,mixture/0.4/4/5/27
0.4,4,5,27,1000,800,constant,average,0,0,0.7011611420331758,4,1,0,,,mixture/0.4/4/5/27
0.4,4,5,27,1000,800,constant,pam,0,1,1.0,4,1,1,1,0,mixture/0.4/4/5/27
0.4,4,5,28,1000,800,constant,single,0,1,1.0,4,1,1,,,mixture/0.4/4/5/28
0.4,4,5,28,1000,800,constant,complete,0,1,1.0,4,1,1,,,mixture/0.4/4/5/28
0.4,4,5,28,1000,800,constant,average,0,1,1.0,4,1,1,,,mixture/0.4/4/5/28
0.4,4,5,28,1000,800,constant,pam,0,1,1.0,4,1,1,1,0,mixture/0.4/4/5/28
0.4,4,5,29,1000,800,constant,single,0,1,1.0,4,1,1,,,mixture/0.4/4/5/29
0.4,4,5,29,1000,800,constant,complete,0,1,1.0,4,1,1,,,mixture/0.4/4/5/29
0.4,4,5,29,1000,800,constant,average,0,1,1.0,4,1,1,,,mixture/0.4/4/5/29
0.4,4,5,29,1000,800,constant,pam,0,1,1.0,4,1,1,1,0,mixture/0.4/4/5/29
0.4,5,5,0,1000,800,constant,single,0,1,1.0,5,1,1,,,mixture/0.4/5/5/0
0.4,5,5,0,1000,800,constant,complete,0,1,1.0,5,1,1,,,mixture/0.4/5/5/0
0.4,5,5,0,1000,800,constant,average,0,1,1.0,5,1,1,,,mixture/0.4/5/5/0
0.4,5,5,0,1000,800,constant,pam,0,1,1.0,5,1,1,1,0,mixture/0.4/5/5/0
0.4,5,5,1,1000,800,constant,single,0,0,0.77613845175751,4,0,0,,,mixture/0.4/5/5/1
0.4,5,5,1,1000,800,constant,complete,0,0,0.7039814203728555,4,0,0,,,mixture/0.4/5/5/1
0.4,5,5,1,1000,800,constant,average,0,0,0.7775372398060124,4,0,0,,,mixture/0.4/5/5/1
0.4,5,5,1,1000,800,constant,pam,0,0,0.990580783056396,4,0,0,1,0,mixture/0.4/5/5/1
0.4,5,5,2,1000,800,constant,single,0,1,1.0,3,0,0,,,mixture/0.4/5/5/2
0.4,5,5,2,1000,800,constant,complete,0,1,1.0,3,0,0,,,mixture/0.4/5/5/2
0.4,5,5,2,1000,800,constant,average,0,1,1.0,3,0,0,,,mixture/0.4/5/5/2
0.4,5,5,2,1000,800,constant,pam,0,1,1.0,3,0,0,1,0,mixture/0.4/5/5/2
0.4,5,5,3,1000,800,constant,single,0,0,0.769834933875507,5,1,0,,,mixture/0.4/5/5/3
0.4,5,5,3,1000,800,constant,complete,0,1,1.0,5,1,1,,,mixture/0.4/5/5/3
0.4,5,5,3,1000,800,constant,average,0,1,1.0,5,1,1,,,mixture/0.4/5/5/3
0.4,5,5,3,1000,800,constant,pam,0,1,1.0,5,1,1,1,0,mixture/0.4/5/5/3
0.4,5,5,4,1000,800,constant,single,0,1,1.0,5,1,1,,,mixture/0.4/5/5/4
0.4,5,5,4,1000,800,constant,complete,0,1,1.0,5,1,1,,,mixture/0.4/5/5/4
0.4,5,5,4,1000,800,constant,average,0,1,1.0,5,1,1,,,mixture/0.4/5/5/4
0.4,5,5,4,1000,800,constant,pam,0,1,1.0,5,1,1,1,0,mixture/0.4/5/5/4
0.4,5,5,5,1000,800,constant,single,0,1,1.0,5,1,1,,,mixture/0.4/5/5/5
0.4,5,5,5,1000,800,constant,complete,0,1,1.0,5,1,1,,,mixture/0.4/5/5/5
0.4,5,5,5,1000,800,constant,average,0,1,1.0,5,1,1,,,mixture/0.4/5/5/5
0.4,5,5,5,1000,800,constant,pam,0,1,1.0,5,1,1,1,0,mixture/0.4/5/5/5
0.4,5,5,6,1000,800,constant,single,0,0,0.7712475649054382,5,1,0,,,mixture/0.4/5/5/6
0.4,5,5,6,1000,800,constant,complete,0,1,1.0,5,1,1,,,mixture/0.4/5/5/6
0.4,5,5,6,1000,800,constant,average,0,1,1.0,5,1,1,,,mixture/0.4/5/5/6
0.4,5,5,6,1000,800,constant,pam,0,1,1.0,5,1,1,1,0,mixture/0.4/5/5/6
0.4,5,5,7,1000,800,constant,single,0,1,1.0,5,1,1,,,mixture/0.4/5/5/7
0.4,5,5,7,1000,800,constant,complete,0,1,1.0,5,1,1,,,mixture/0.4/5/5/7
0.4,5,5,7,1000,800,constant,average,0,1,1.0,5,1,1,,,mixture/0.4/5/5/7
0.4,5,5,7,1000,800,constant,pam,0,1,1.0,5,1,1,1,0,mixture/0.4/5/5/7
0.4,5,5,8,1000,800,constant,single,0,1,1.0,5,1,1,,,mixture/0.4/5/5/8
0.4,5,5,8,1000,800,constant,complete,0,1,1.0,5,1,1,,,mixture/0.4/5/5/8
0.4,5,5,8,1000,800,constant,average,0,1,1.0,5,1,1,,,mixture/0.4/5/5/8
0.4,5,5,8,1000,800,constant,pam,0,1,1.0,5,1,1,1,0,mixture/0.4/5/5/8
0.4,5,5,9,1000,800,constant,single,0,1,1.0,5,1,1,,,mixture/0.4/5/5/9
0.4,5,5,9,1000,800,constant,complete,0,1,1.0,5,1,1,,,mixture/0.4/5/5/9
0.4,5,5,9,1000,800,constant,average,0,1,1.0,5,1,1,,,mixture/0.4/5/5/9
0.4,5,5,9,1000,800,constant,pam,0,1,1.0,5,1,1,1,0,mixture/0.4/5/5/9
0.4,5,5,10,1000,800,constant,single,0,0,0.778830503887192,5,1,0,,,mixture/0.4/5/5/10
0.4,5,5,10,1000,800,constant,complete,0,1,1.0,5,1,1,,,mixture/0.4/5/5/10
0.4,5,5,10,1000,800,constant,average,0,1,1.0,5,1,1,,,mixture/0.4/5/5/10
0.4,5,5,10,1000,800,constant,pam,0,1,1.0,5,1,1,1,0,mixture/0.4/5/5/10
0.4,5,5,11,1000,800,constant,single,0,1,1.0,5,1,1,,,mixture/0.4/5/5/11
0.4,5,5,11,1000,800,constant,complete,0,1,1.0,5,1,1,,,mixture/0.4/5/5/11
0.4,5,5,11,1000,800,constant,average,0,1,1.0,5,1,1,,,mixture/0.4/5/5/11
0.4,5,5,11,1000,800,constant,pam,0,1,1.0,5,1,1,1,0,mixture/0.4/5/5/11
0.4,5,5,12,1000,800,constant,single,0,0,0.7631527492210032,4,0,0,,,mixture/0.4/5/5/12
0.4,5,5,12,1000,800,constant,complete,0,0,0.7115752863780725,4,0,0,,,mixture/0.4/5/5/12
0.4,5,5,12,1000,800,constant,average,0,0,0.7631527492210032,4,0,0,,,mixture/0.4/5/5/12
0.4,5,5,12,1000,800,constant,pam,0,0,0.9650931400741517,4,0,0,1,0,mixture/0.4/5/5/12
0.4,5,5,13,1000,800,constant,single,0,1,1.0,5,1,1,,,mixture/0.4/5/5/13
0.4,5,5,13,1000,800,constant,complete,0,1,1.0,5,1,1,,,mixture/0.4/5/5/13
0.4,5,5,13,1000,800,constant,average,0,1,1.0,5,1,1,,,mixture/0.4/5/5/13
0.4,5,5,13,1000,800,constant,pam,0,1,1.0,5,1,1,1,0,mixture/0.4/5/5/13
0.4,5,5,14,1000,800,constant,single,0,1,1.0,5,1,1,,,mixture/0.4/5/5/14
0.4,5,5,14,1000,800,constant,complete,0,1,1.0,5,1,1,,,mixture/0.4/5/5/14
0.4,5,5,14,1000,800,constant,average,0,1,1.0,5,1,1,,,mixture/0.4/5/5/14
0.4,5,5,14,1000,800,constant,pam,0,1,1.0,5,1,1,1,0,mixture/0.4/5/5/14
0.4,5,5,15,1000,800,constant,single,0,0,0.7529281869959968,5,1,0,,,mixture/0.4/5/5/15
0.4,5,5,15,1000,800,constant,complete,0,0,0.7078026741229937,5,1,0,,,mixture/0.4/5/5/15
0.4,5,5,15,1000,800,constant,average,0,0,0.747555367012813,5,1,0,,,mixture/0.4/5/5/15
0.4,5,5,15,1000,800,constant,pam,0,1,1.0,5,1,1,1,0,mixture/0.4/5/5/15
0.4,5,5,16,1000,800,constant,single,0,0,0.8045281875252971,4,0,0,,,mixture/0.4/5/5/16
0.4,5,5,16,1000,800,constant,complete,0,0,0.740875083892795,4,0,0,,,mixture/0.4/5/5/16
0.4,5,5,16,1000,800,constant,average,0,0,0.8045281875252971,4,0,0,,,mixture/0.4/5/5/16
0.4,5,5,16,1000,800,constant,pam,0,1,1.0,4,0,0,1,0,mixture/0.4/5/5/16
0.4,5,5,17,1000,800,constant,single,0,0,0.7771271123394959,5,1,0,,,mixture/0.4/5/5/17
0.4,5,5,17,1000,800,constant,complete,0,0,0.7315093063419466,5,1,0,,,mixture/0.4/5/5/17
0.4,5,5,17,1000,800,constant,average,0,1,1.0,5,1,1,,,mixture/0.4/5/5/17
0.4,5,5,17,1000,800,constant,pam,0,1,1.0,5,1,1,1,0,mixture/0.4/5/5/17
0.4,5,5,18,1000,800,constant,single,0,1,1.0,5,1,1,,,mixture/0.4/5/5/18
0.4,5,5,18,1000,800,constant,complete,0,1,1.0,5,1,1,,,mixture/0.4/5/5/18
0.4,5,5,18,1000,800,constant,average,0,1,1.0,5,1,1,,,mixture/0.4/5/5/18
0.4,5,5,18,1000,800,constant,pam,0,1,1.0,5,1,1,1,0,mixture/0.4/5/5/18
0.4,5,5,19,1000,800,constant,single,0,1,1.0,5,1,1,,,mixture/0.4/5/5/19
0.4,5,5,19,1000,800,constant,complete,0,1,1.0,5,1,1,,,mixture/0.4/5/5/19
0.4,5,5,19,1000,800,constant,average,0,1,1.0,5,1,1,,,mixture/0.4/5/5/19
0.4,5,5,19,1000,800,constant,pam,0,1,1.0,5,1,1,1,0,mixture/0.4/5/5/19
0.4,5,5,20,1000,800,constant,single,0,1,1.0,5,1,1,,,mixture/0.4/5/5/20
0.4,5,5,20,1000,800,constant,complete,0,1,1.0,5,1,1,,,mixture/0.4/5/5/20
0.4,5,5,20,1000,800,constant,average,0,1,1.0,5,1,1,,,mixture/0.4/5/5/20
0.4,5,5,20,1000,800,constant,pam,0,1,1.0,5,1,1,1,0,mixture/0.4/5/5/20
0.4,5,5,21,1000,800,constant,single,0,1,1.0,5,1,1,,,mixture/0.4/5/5/21
0.4,5,5,21,1000,800,constant,complete,0,0,0.7031786831935916,5,1,0,,,mixture/0.4/5/5/21
0.4,5,5,21,1000,800,constant,average,0,1,1.0,5,1,1,,,mixture/0.4/5/5/21
0.4,5,5,21,1000,800,constant,pam,0,1,1.0,5,1,1,1,0,mixture/0.4/5/5/21
0.4,5,5,22,1000,800,constant,single,0,1,1.0,5,1,1,,,mixture/0.4/5/5/22
0.4,5,5,22,1000,800,constant,complete,0,1,1.0,5,1,1,,,mixture/0.4/5/5/22
0.4,5,5,22,1000,800,constant,average,0,1,1.0,5,1,1,,,mixture/0.4/5/5/22
0.4,5,5,22,1000,800,constant,pam,0,1,1.0,5,1,1,1,0,mixture/0.4/5/5/22
0.4,5,5,23,1000,800,constant,single,0,1,1.0,5,1,1,,,mixture/0.4/5/5/23
0.4,5,5,23,1000,800,constant,complete,0,1,1.0,5,1,1,,,mixture/0.4/5/5/23
0.4,5,5,23,1000,800,constant,average,0,1,1.0,5,1,1,,,mixture/0.4/5/5/23
0.4,5,5,23,1000,800,constant,pam,0,1,1.0,5,1,1,1,0,mixture/0.4/5/5/23
0.4,5,5,24,1000,800,constant,single,0,1,1.0,5,1,1,,,mixture/0.4/5/5/24
0.4,5,5,24,1000,800,constant,complete,0,1,1.0,5,1,1,,,mixture/0.4/5/5/24
0.4,5,5,24,1000,800,constant,average,0,1,1.0,5,1,1,,,mixture/0.4/5/5/24
0.4,5,5,24,1000,800,constant,pam,0,1,1.0,5,1,1,1,0,mixture/0.4/5/5/24
0.4,5,5,25,1000,800,constant,single,0,0,0.8051991368899994,5,1,0,,,mixture/0.4/5/5/25
0.4,5,5,25,1000,800,constant,complete,0,0,0.7460696502325054,5,1,0,,,mixture/0.4/5/5/25
0.4,5,5,25,1000,800,constant,average,0,0,0.8051991368899994,5,1,0,,,mixture/0.4/5/5/25
0.4,5,5,25,1000,800,constant,pam,0,1,1.0,5,1,1,1,0,mixture/0.4/5/5/25
0.4,5,5,26,1000,800,constant,single,0,1,1.0,5,1,1,,,mixture/0.4/5/5/26
0.4,5,5,26,1000,800,constant,complete,0,1,1.0,5,1,1,,,mixture/0.4/5/5/26
0.4,5,5,26,1000,800,constant,average,0,1,1.0,5,1,1,,,mixture/0.4/5/5/26
0.4,5,5,26,1000,800,constant,pam,0,1,1.0,5,1,1,1,0,mixture/0.4/5/5/26
0.4,5,5,27,1000,800,constant,single,0,0,0.7928078200938624,5,1,0,,,mixture/0.4/5/5/27
0.4,5,5,27,1000,800,constant,complete,0,0,0.7819530334193293,5,1,0,,,mixture/0.4/5/5/27
0.4,5,5,27,1000,800,constant,average,0,0,0.7928078200938624,5,1,0,,,mixture/0.4/5/5/27
0.4,5,5,27,1000,800,constant,pam,0,1,1.0,5,1,1,1,0,mixture/0.4/5/5/27
0.4,5,5,28,1000,800,constant,single,0,0,0.8033915933702576,4,0,0,,,mixture/0.4/5/5/28
0.4,5,5,28,1000,800,constant,complete,0,0,0.7769526380012708,4,0,0,,,mixture/0.4/5/5/28
0.4,5,5,28,1000,800,constant,average,0,0,0.8033915933702576,4,0,0,,,mixture/0.4/5/5/28
0.4,5,5,28,1000,800,constant,pam,0,0,0.8626393522474797,4,0,0,1,0,mixture/0.4/5/5/28
0.4,5,5,29,1000,800,constant,single,0,1,1.0,5,1,1,,,mixture/0.4/5/5/29
0.4,5,5,29,1000,800,constant,complete,0,1,1.0,5,1,1,,,mixture/0.4/5/5/29
0.4,5,5,29,1000,800,constant,average,0,1,1.0,5,1,1,,,mixture/0.4/5/5/29
0.4,5,5,29,1000,800,constant,pam,0,1,1.0,5,1,1,1,0,mixture/0.4/5/5/29
0.4,6,5,0,1000,800,constant,single,0,0,0.8348447925389515,6,1,0,,,mixture/0.4/6/5/0
0.4,6,5,0,1000,800,constant,complete,0,1,1.0,6,1,1,,,mixture/0.4/6/5/0
0.4,6,5,0,1000,800,constant,average,0,0,0.8348447925389515,6,1,0,,,mixture/0.4/6/5/0
0.4,6,5,0,1000,800,constant,pam,0,1,1.0,6,1,1,1,0,mixture/0.4/6/5/0
0.4,6,5,1,1000,800,constant,single,0,1,1.0,6,1,1,,,mixture/0.4/6/5/1
0.4,6,5,1,1000,800,constant,complete,0,1,1.0,6,1,1,,,mixture/0.4/6/5/1
0.4,6,5,1,1000,800,constant,average,0,1,1.0,6,1,1,,,mixture/0.4/6/5/1
0.4,6,5,1,1000,800,constant,pam,0,1,1.0,6,1,1,1,0,mixture/0.4/6/5/1
0.4,6,5,2,1000,800,constant,single,0,0,0.8048183738065381,5,0,0,,,mixture/0.4/6/5/2
0.4,6,5,2,1000,800,constant,complete,0,1,1.0,5,0,0,,,mixture/0.4/6/5/2
0.4,6,5,2,1000,800,constant,average,0,1,1.0,5,0,0,,,mixture/0.4/6/5/2
0.4,6,5,2,1000,800,constant,pam,0,1,1.0,5,0,0,1,0,mixture/0.4/6/5/2
0.4,6,5,3,1000,800,constant,single,0,1,1.0,5,0,0,,,mixture/0.4/6/5/3
0.4,6,5,3,1000,800,constant,complete,0,1,1.0,5,0,0,,,mixture/0.4/6/5/3
0.4,6,5,3,1000,800,constant,average,0,1,1.0,5,0,0,,,mixture/0.4/6/5/3
0.4,6,5,3,1000,800,constant,pam,0,1,1.0,5,0,0,1,0,mixture/0.4/6/5/3
0.4,6,5,4,1000,800,constant,single,0,0,0.8364220971799403,6,1,0,,,mixture/0.4/6/5/4
0.4,6,5,4,1000,800,constant,complete,0,1,1.0,6,1,1,,,mixture/0.4/6/5/4
0.4,6,5,4,1000,800,constant,average,0,1,1.0,6,1,1,,,mixture/0.4/6/5/4
0.4,6,5,4,1000,800,constant,pam,0,0,0.9943132914506125,6,1,0,1,0,mixture/0.4/6/5/4
0.4,6,5,5,1000,800,constant,single,0,1,1.0,6,1,1,,,mixture/0.4/6/5/5
0.4,6,5,5,1000,800,constant,complete,0,1,1.0,6,1,1,,,mixture/0.4/6/5/5
0.4,6,5,5,1000,800,constant,average,0,1,1.0,6,1,1,,,mixture/0.4/6/5/5
0.4,6,5,5,1000,800,constant,pam,0,1,1.0,6,1,1,1,0,mixture/0.4/6/5/5
0.4,6,5,6,1000,800,constant,single,0,1,1.0,6,1,1,,,mixture/0.4/6/5/6
0.4,6,5,6,1000,800,constant,complete,0,1,1.0,6,1,1,,,mixture/0.4/6/5/6
0.4,6,5,6,1000,800,constant,average,0,1,1.0,6,1,1,,,mixture/0.4/6/5/6
0.4,6,5,6,1000,800,constant,pam,0,1,1.0,6,1,1,1,0,mixture/0.4/6/5/6
0.4,6,5,7,1000,800,constant,single,0,1,1.0,6,1,1,,,mixture/0.4/6/5/7
0.4,6,5,7,1000,800,constant,complete,0,1,1.0,6,1,1,,,mixture/0.4/6/5/7
0.4,6,5,7,1000,800,constant,average,0,1,1.0,6,1,1,,,mixture/0.4/6/5/7
0.4,6,5,7,1000,800,constant,pam,0,1,1.0,6,1,1,1,0,mixture/0.4/6/5/7
0.4,6,5,8,1000,800,constant,single,0,1,1.0,6,1,1,,,mixture/0.4/6/5/8
0.4,6,5,8,1000,800,constant,complete,0,1,1.0,6,1,1,,,mixture/0.4/6/5/8
0.4,6,5,8,1000,800,constant,average,0,1,1.0,6,1,1,,,mixture/0.4/6/5/8
0.4,6,5,8,1000,800,constant,pam,0,1,1.0,6,1,1,1,0,mixture/0.4/6/5/8
0.4,6,5,9,1000,800,constant,single,0,0,0.8418928948530062,4,0,0,,,mixture/0.4/6/5/9
0.4,6,5,9,1000,800,constant,complete,0,1,1.0,4,0,0,,,mixture/0.4/6/5/9
0.4,6,5,9,1000,800,constant,average,0,0,0.8418928948530062,4,0,0,,,mixture/0.4/6/5/9
0.4,6,5,9,1000,800,constant,pam,0,1,1.0,4,0,0,1,0,mixture/0.4/6/5/9
0.4,6,5,10,1000,800,constant,single,0,0,0.8434339352863386,6,1,0,,,mixture/0.4/6/5/10
0.4,6,5,10,1000,800,constant,complete,0,1,1.0,6,1,1,,,mixture/0.4/6/5/10
0.4,6,5,10,1000,800,constant,average,0,1,1.0,6,1,1,,,mixture/0.4/6/5/10
0.4,6,5,10,1000,800,constant,pam,0,1,1.0,6,1,1,1,0,mixture/0.4/6/5/10
0.4,6,5,11,1000,800,constant,single,0,1,1.0,6,1,1,,,mixture/0.4/6/5/11
0.4,6,5,11,1000,800,constant,complete,0,1,1.0,6,1,1,,,mixture/0.4/6/5/11
0.4,6,5,11,1000,800,constant,average,0,1,1.0,6,1,1,,,mixture/0.4/6/5/11
0.4,6,5,11,1000,800,constant,pam,0,1,1.0,6,1,1,1,0,mixture/0.4/6/5/11
0.4,6,5,12,1000,800,constant,single,0,0,0.8346446182835913,4,0,0,,,mixture/0.4/6/5/12
0.4,6,5,12,1000,800,constant,complete,0,1,1.0,4,0,0,,,mixture/0.4/6/5/12
0.4,6,5,12,1000,800,constant,average,0,1,1.0,4,0,0,,,mixture/0.4/6/5/12
0.4,6,5,12,1000,800,constant,pam,0,1,1.0,4,0,0,1,0,mixture/0.4/6/5/12
0.4,6,5,13,1000,800,constant,single,0,1,1.0,6,1,1,,,mixture/0.4/6/5/13
0.4,6,5,13,1000,800,constant,complete,0,1,1.0,6,1,1,,,mixture/0.4/6/5/13
0.4,6,5,13,1000,800,constant,average,0,1,1.0,6,1,1,,,mixture/0.4/6/5/13
0.4,6,5,13,1000,800,constant,pam,0,1,1.0,6,1,1,1,0,mixture/0.4/6/5/13
0.4,6,5,14,1000,800,constant,single,0,1,1.0,6,1,1,,,mixture/0.4/6/5/14
0.4,6,5,14,1000,800,constant,complete,0,1,1.0,6,1,1,,,mixture/0.4/6/5/14
0.4,6,5,14,1000,800,constant,average,0,1,1.0,6,1,1,,,mixture/0.4/6/5/14
0.4,6,5,14,1000,800,constant,pam,0,1,1.0,6,1,1,1,0,mixture/0.4/6/5/14
0.4,6,5,15,1000,800,constant,single,0,0,0.5806509824465412,6,1,0,,,mixture/0.4/6/5/15
0.4,6,5,15,1000,800,constant,complete,0,1,1.0,6,1,1,,,mixture/0.4/6/5/15
0.4,6,5,15,1000,800,constant,average,0,0,0.8288799825768072,6,1,0,,,mixture/0.4/6/5/15
0.4,6,5,15,1000,800,constant,pam,0,0,0.9733246413013164,6,1,0,1,0,mixture/0.4/6/5/15
0.4,6,5,16,1000,800,constant,single,0,0,0.8209296274995288,6,1,0,,,mixture/0.4/6/5/16
0.4,6,5,16,1000,800,constant,complete,0,1,1.0,6,1,1,,,mixture/0.4/6/5/16
0.4,6,5,16,1000,800,constant,average,0,1,1.0,6,1,1,,,mixture/0.4/6/5/16
0.4,6,5,16,1000,800,constant,pam,0,1,1.0,6,1,1,1,0,mixture/0.4/6/5/16
0.4,6,5,17,1000,800,constant,single,0,1,1.0,6,1,1,,,mixture/0.4/6/5/17
0.4,6,5,17,1000,800,constant,complete,0,1,1.0,6,1,1,,,mixture/0.4/6/5/17
0.4,6,5,17,1000,800,constant,average,0,1,1.0,6,1,1,,,mixture/0.4/6/5/17
0.4,6,5,17,1000,800,constant,pam,0,1,1.0,6,1,1,1,0,mixture/0.4/6/5/17
0.4,6,5,18,1000,800,constant,single,0,1,1.0,6,1,1,,,mixture/0.4/6/5/18
0.4,6,5,18,1000,800,constant,complete,0,1,1.0,6,1,1,,,mixture/0.4/6/5/18
0.4,6,5,18,1000,800,constant,average,0,1,1.0,6,1,1,,,mixture/0.4/6/5/18
0.4,6,5,18,1000,800,constant,pam,0,1,1.0,6,1,1,1,0,mixture/0.4/6/5/18
0.4,6,5,19,1000,800,constant,single,0,1,1.0,6,1,1,,,mixture/0.4/6/5/19
0.4,6,5,19,1000,800,constant,complete,0,0,0.760162784968073,6,1,0,,,mixture/0.4/6/5/19
0.4,6,5,19,1000,800,constant,average,0,1,1.0,6,1,1,,,mixture/0.4/6/5/19
0.4,6,5,19,1000,800,constant,pam,0,1,1.0,6,1,1,1,0,mixture/0.4/6/5/19
0.4,6,5,20,1000,800,constant,single,0,1,1.0,6,1,1,,,mixture/0.4/6/5/20
0.4,6,5,20,1000,800,constant,complete,0,1,1.0,6,1,1,,,mixture/0.4/6/5/20
0.4,6,5,20,1000,800,constant,average,0,1,1.0,6,1,1,,,mixture/0.4/6/5/20
0.4,6,5,20,1000,800,constant,pam,0,1,1.0,6,1,1,1,0,mixture/0.4/6/5/20
0.4,6,5,21,1000,800,constant,single,0,1,1.0,6,1,1,,,mixture/0.4/6/5/21
0.4,6,5,21,1000,800,constant,complete,0,1,1.0,6,1,1,,,mixture/0.4/6/5/21
0.4,6,5,21,1000,800,constant,average,0,1,1.0,6,1,1,,,mixture/0.4/6/5/21
0.4,6,5,21,1000,800,constant,pam,0,1,1.0,6,1,1,1,0,mixture/0.4/6/5/21
0.4,6,5,22,1000,800,constant,single,0,1,1.0,6,1,1,,,mixture/0.4/6/5/22
0.4,6,5,22,1000,800,constant,complete,0,1,1.0,6,1,1,,,mixture/0.4/6/5/22
0.4,6,5,22,1000,800,constant,average,0,1,1.0,6,1,1,,,mixture/0.4/6/5/22
0.4,6,5,22,1000,800,constant,pam,0,1,1.0,6,1,1,1,0,mixture/0.4/6/5/22
0.4,6,5,23,1000,800,constant,single,0,1,1.0,6,1,1,,,mixture/0.4/6/5/23
0.4,6,5,23,1000,800,constant,complete,0,1,1.0,6,1,1,,,mixture/0.4/6/5/23
0.4,6,5,23,1000,800,constant,average,0,1,1.0,6,1,1,,,mixture/0.4/6/5/23
0.4,6,5,23,1000,800,constant,pam,0,1,1.0,6,1,1,1,0,mixture/0.4/6/5/23
0.4,6,5,24,1000,800,constant,single,0,0,0.8407682293235471,6,1,0,,,mixture/0.4/6/5/24
0.4,6,5,24,1000,800,constant,complete,0,0,0.8088543223320886,6,1,0,,,mixture/0.4/6/5/24
0.4,6,5,24,1000,800,constant,average,0,0,0.8407682293235471,6,1,0,,,mixture/0.4/6/5/24
0.4,6,5,24,1000,800,constant,pam,0,1,1.0,6,1,1,1,0,mixture/0.4/6/5/24
0.4,6,5,25,1000,800,constant,single,0,0,0.8144719532430075,5,0,0,,,mixture/0.4/6/5/25
0.4,6,5,25,1000,800,constant,complete,0,0,0.8092070105541209,5,0,0,,,mixture/0.4/6/5/25
0.4,6,5,25,1000,800,constant,average,0,0,0.8117989692362972,5,0,0,,,mixture/0.4/6/5/25
0.4,6,5,25,1000,800,constant,pam,0,1,1.0,5,0,0,1,0,mixture/0.4/6/5/25
0.4,6,5,26,1000,800,constant,single,0,0,0.8412666429225221,6,1,0,,,mixture/0.4/6/5/26
0.4,6,5,26,1000,800,constant,complete,0,0,0.8275373013926902,6,1,0,,,mixture/0.4/6/5/26
0.4,6,5,26,1000,800,constant,average,0,0,0.8398032392441179,6,1,0,,,mixture/0.4/6/5/26
0.4,6,5,26,1000,800,constant,pam,0,1,1.0,6,1,1,1,0,mixture/0.4/6/5/26
0.4,6,5,27,1000,800,constant,single,0,1,1.0,6,1,1,,,mixture/0.4/6/5/27
0.4,6,5,27,1000,800,constant,complete,0,1,1.0,6,1,1,,,mixture/0.4/6/5/27
0.4,6,5,27,1000,800,constant,average,0,1,1.0,6,1,1,,,mixture/0.4/6/5/27
0.4,6,5,27,1000,800,constant,pam,0,1,1.0,6,1,1,1,0,mixture/0.4/6/5/27
0.4,6,5,28,1000,800,constant,single,0,1,1.0,6,1,1,,,mixture/0.4/6/5/28
0.4,6,5,28,1000,800,constant,complete,0,1,1.0,6,1,1,,,mixture/0.4/6/5/28
0.4,6,5,28,1000,800,constant,average,0,1,1.0,6,1,1,,,mixture/0.4/6/5/28
0.4,6,5,28,1000,800,constant,pam,0,1,1.0,6,1,1,1,0,mixture/0.4/6/5/28
0.4,6,5,29,1000,800,constant,single,0,0,0.8106481517279431,6,1,0,,,mixture/0.4/6/5/29
0.4,6,5,29,1000,800,constant,complete,0,1,1.0,6,1,1,,,mixture/0.4/6/5/29
0.4,6,5,29,1000,800,constant,average,0,0,0.8106481517279431,6,1,0,,,mixture/0.4/6/5/29
0.4,6,5,29,1000,800,constant,pam,0,1,1.0,6,1,1,1,0,mixture/0.4/6/5/29
0.4,7,5,0,1000,800,constant,single,0,0,0.2783251133698869,6,0,0,,,mixture/0.4/7/5/0
0.4,7,5,0,1000,800,constant,complete,0,0,0.820959675694395,6,0,0,,,mixture/0.4/7/5/0
0.4,7,5,0,1000,800,constant,average,0,0,0.8533866603737855,6,0,0,,,mixture/0.4/7/5/0
0.4,7,5,0,1000,800,constant,pam,0,1,1.0,6,0,0,1,0,mixture/0.4/7/5/0
0.4,7,5,1,1000,800,constant,single,0,0,0.6074568816003405,3,0,0,,,mixture/0.4/7/5/1
0.4,7,5,1,1000,800,constant,complete,0,0,0.9252665743548538,3,0,0,,,mixture/0.4/7/5/1
0.4,7,5,1,1000,800,constant,average,0,0,0.8216924001435503,3,0,0,,,mixture/0.4/7/5/1
0.4,7,5,1,1000,800,constant,pam,0,0,0.8951078471449179,3,0,0,1,0,mixture/0.4/7/5/1
0.4,7,5,2,1000,800,constant,single,0,1,1.0,7,1,1,,,mixture/0.4/7/5/2
0.4,7,5,2,1000,800,constant,complete,0,1,1.0,7,1,1,,,mixture/0.4/7/5/2
0.4,7,5,2,1000,800,constant,average,0,1,1.0,7,1,1,,,mixture/0.4/7/5/2
0.4,7,5,2,1000,800,constant,pam,0,1,1.0,7,1,1,1,0,mixture/0.4/7/5/2
0.4,7,5,3,1000,800,constant,single,0,1,1.0,7,1,1,,,mixture/0.4/7/5/3
0.4,7,5,3,1000,800,constant,complete,0,1,1.0,7,1,1,,,mixture/0.4/7/5/3
0.4,7,5,3,1000,800,constant,average,0,1,1.0,7,1,1,,,mixture/0.4/7/5/3
0.4,7,5,3,1000,800,constant,pam,0,1,1.0,7,1,1,1,0,mixture/0.4/7/5/3
0.4,7,5,4,1000,800,constant,single,0,1,1.0,6,0,0,,,mixture/0.4/7/5/4
0.4,7,5,4,1000,800,constant,complete,0,1,1.0,6,0,0,,,mixture/0.4/7/5/4
0.4,7,5,4,1000,800,constant,average,0,1,1.0,6,0,0,,,mixture/0.4/7/5/4
0.4,7,5,4,1000,800,constant,pam,0,1,1.0,6,0,0,1,0,mixture/0.4/7/5/4
0.4,7,5,5,1000,800,constant,single,0,0,0.5586892979608723,7,1,0,,,mixture/0.4/7/5/5
0.4,7,5,5,1000,800,constant,complete,0,0,0.8664842268721632,7,1,0,,,mixture/0.4/7/5/5
0.4,7,5,5,1000,800,constant,average,0,0,0.8734352165551605,7,1,0,,,mixture/0.4/7/5/5
0.4,7,5,5,1000,800,constant,pam,0,0,0.9973600731967699,7,1,0,1,0,mixture/0.4/7/5/5
0.4,7,5,6,1000,800,constant,single,0,0,0.854661685256879,5,0,0,,,mixture/0.4/7/5/6
0.4,7,5,6,1000,800,constant,complete,0,0,0.854661685256879,5,0,0,,,mixture/0.4/7/5/6
0.4,7,5,6,1000,800,constant,average,0,0,0.854661685256879,5,0,0,,,mixture/0.4/7/5/6
0.4,7,5,6,1000,800,constant,pam,0,1,1.0,5,0,0,1,0,mixture/0.4/7/5/6
0.4,7,5,7,1000,800,constant,single,0,1,1.0,7,1,1,,,mixture/0.4/7/5/7
0.4,7,5,7,1000,800,constant,complete,0,1,1.0,7,1,1,,,mixture/0.4/7/5/7
0.4,7,5,7,1000,800,constant,average,0,1,1.0,7,1,1,,,mixture/0.4/7/5/7
0.4,7,5,7,1000,800,constant,pam,0,1,1.0,7,1,1,1,0,mixture/0.4/7/5/7
0.4,7,5,8,1000,800,constant,single,0,0,0.8596211863195141,6,0,0,,,mixture/0.4/7/5/8
0.4,7,5,8,1000,800,constant,complete,0,0,0.828940249731173,6,0,0,,,mixture/0.4/7/5/8
0.4,7,5,8,1000,800,constant,average,0,0,0.858341386169752,6,0,0,,,mixture/0.4/7/5/8
0.4,7,5,8,1000,800,constant,pam,0,0,0.9972045400052574,6,0,0,1,0,mixture/0.4/7/5/8
0.4,7,5,9,1000,800,constant,single,0,0,0.7253618593220705,11,0,0,,,mixture/0.4/7/5/9
0.4,7,5,9,1000,800,constant,complete,0,0,0.6760905389408594,11,0,0,,,mixture/0.4/7/5/9
0.4,7,5,9,1000,800,constant,average,0,0,0.7144787404706435,11,0,0,,,mixture/0.4/7/5/9
0.4,7,5,9,1000,800,constant,pam,0,1,1.0,11,0,0,1,0,mixture/0.4/7/5/9
0.4,7,5,10,1000,800,constant,single,0,0,0.45069677051325796,3,0,0,,,mixture/0.4/7/5/10
0.4,7,5,10,1000,800,constant,complete,0,0,0.821109804016603,3,0,0,,,mixture/0.4/7/5/10
0.4,7,5,10,1000,800,constant,average,0,0,0.8564575536191532,3,0,0,,,mixture/0.4/7/5/10
0.4,7,5,10,1000,800,constant,pam,0,1,1.0,3,0,0,1,0,mixture/0.4/7/5/10
0.4,7,5,11,1000,800,constant,single,0,1,1.0,7,1,1,,,mixture/0.4/7/5/11
0.4,7,5,11,1000,800,constant,complete,0,1,1.0,7,1,1,,,mixture/0.4/7/5/11
0.4,7,5,11,1000,800,constant,average,0,1,1.0,7,1,1,,,mixture/0.4/7/5/11
0.4,7,5,11,1000,800,constant,pam,0,1,1.0,7,1,1,1,0,mixture/0.4/7/5/11
0.4,7,5,12,1000,800,constant,single,0,1,1.0,6,0,0,,,mixture/0.4/7/5/12
0.4,7,5,12,1000,800,constant,complete,0,1,1.0,6,0,0,,,mixture/0.4/7/5/12
0.4,7,5,12,1000,800,constant,average,0,1,1.0,6,0,0,,,mixture/0.4/7/5/12
0.4,7,5,12,1000,800,constant,pam,0,1,1.0,6,0,0,1,0,mixture/0.4/7/5/12
0.4,7,5,13,1000,800,constant,single,0,0,0.7323339696443716,2,0,0,,,mixture/0.4/7/5/13
0.4,7,5,13,1000,800,constant,complete,0,1,1.0,2,0,0,,,mixture/0.4/7/5/13
0.4,7,5,13,1000,800,constant,average,0,0,0.8571683118467939,2,0,0,,,mixture/0.4/7/5/13
0.4,7,5,13,1000,800,constant,pam,0,1,1.0,2,0,0,1,0,mixture/0.4/7/5/13
0.4,7,5,14,1000,800,constant,single,0,1,1.0,7,1,1,,,mixture/0.4/7/5/14
0.4,7,5,14,1000,800,constant,complete,0,1,1.0,7,1,1,,,mixture/0.4/7/5/14
0.4,7,5,14,1000,800,constant,average,0,1,1.0,7,1,1,,,mixture/0.4/7/5/14
0.4,7,5,14,1000,800,constant,pam,0,1,1.0,7,1,1,1,0,mixture/0.4/7/5/14
0.4,7,5,15,1000,800,constant,single,0,0,0.8485059798331178,5,0,0,,,mixture/0.4/7/5/15
0.4,7,5,15,1000,800,constant,complete,0,1,1.0,5,0,0,,,mixture/0.4/7/5/15
0.4,7,5,15,1000,800,constant,average,0,1,1.0,5,0,0,,,mixture/0.4/7/5/15
0.4,7,5,15,1000,800,constant,pam,0,1,1.0,5,0,0,0,1,mixture/0.4/7/5/15
0.4,7,5,16,1000,800,constant,single,0,0,0.6134437652592235,7,1,0,,,mixture/0.4/7/5/16
0.4,7,5,16,1000,800,constant,complete,0,0,0.801336789150328,7,1,0,,,mixture/0.4/7/5/16
0.4,7,5,16,1000,800,constant,average,0,0,0.8360986083556912,7,1,0,,,mixture/0.4/7/5/16
0.4,7,5,16,1000,800,constant,pam,0,1,1.0,7,1,1,1,0,mixture/0.4/7/5/16
0.4,7,5,17,1000,800,constant,single,0,0,0.7144934105265257,6,0,0,,,mixture/0.4/7/5/17
0.4,7,5,17,1000,800,constant,complete,0,1,1.0,6,0,0,,,mixture/0.4/7/5/17
0.4,7,5,17,1000,800,constant,average,0,0,0.8436616653928078,6,0,0,,,mixture/0.4/7/5/17
0.4,7,5,17,1000,800,constant,pam,0,1,1.0,6,0,0,1,0,mixture/0.4/7/5/17
0.4,7,5,18,1000,800,constant,single,0,0,0.8500482389880715,7,1,0,,,mixture/0.4/7/5/18
0.4,7,5,18,1000,800,constant,complete,0,1,1.0,7,1,1,,,mixture/0.4/7/5/18
0.4,7,5,18,1000,800,constant,average,0,1,1.0,7,1,1,,,mixture/0.4/7/5/18
0.4,7,5,18,1000,800,constant,pam,0,1,1.0,7,1,1,1,0,mixture/0.4/7/5/18
0.4,7,5,19,1000,800,constant,single,0,1,1.0,7,1,1,,,mixture/0.4/7/5/19
0.4,7,5,19,1000,800,constant,complete,0,1,1.0,7,1,1,,,mixture/0.4/7/5/19
0.4,7,5,19,1000,800,constant,average,0,1,1.0,7,1,1,,,mixture/0.4/7/5/19
0.4,7,5,19,1000,800,constant,pam,0,1,1.0,7,1,1,1,0,mixture/0.4/7/5/19
0.4,7,5,20,1000,800,constant,single,0,0,0.4367652451895831,7,1,0,,,mixture/0.4/7/5/20
0.4,7,5,20,1000,800,constant,complete,0,0,0.8467336806864852,7,1,0,,,mixture/0.4/7/5/20
0.4,7,5,20,1000,800,constant,average,0,0,0.868494552566057,7,1,0,,,mixture/0.4/7/5/20
0.4,7,5,20,1000,800,constant,pam,0,1,1.0,7,1,1,1,0,mixture/0.4/7/5/20
0.4,7,5,21,1000,800,constant,single,0,0,0.8531351094725963,7,1,0,,,mixture/0.4/7/5/21
0.4,7,5,21,1000,800,constant,complete,0,1,1.0,7,1,1,,,mixture/0.4/7/5/21
0.4,7,5,21,1000,800,constant,average,0,1,1.0,7,1,1,,,mixture/0.4/7/5/21
0.4,7,5,21,1000,800,constant,pam,0,1,1.0,7,1,1,1,0,mixture/0.4/7/5/21
0.4,7,5,22,1000,800,constant,single,0,1,1.0,7,1,1,,,mixture/0.4/7/5/22
0.4,7,5,22,1000,800,constant,complete,0,1,1.0,7,1,1,,,mixture/0.4/7/5/22
0.4,7,5,22,1000,800,constant,average,0,1,1.0,7,1,1,,,mixture/0.4/7/5/22
0.4,7,5,22,1000,800,constant,pam,0,1,1.0,7,1,1,1,0,mixture/0.4/7/5/22
0.4,7,5,23,1000,800,constant,single,0,0,0.617223860323568,7,1,0,,,mixture/0.4/7/5/23
0.4,7,5,23,1000,800,constant,complete,0,1,1.0,7,1,1,,,mixture/0.4/7/5/23
0.4,7,5,23,1000,800,constant,average,0,1,1.0,7,1,1,,,mixture/0.4/7/5/23
0.4,7,5,23,1000,800,constant,pam,0,1,1.0,7,1,1,1,0,mixture/0.4/7/5/23
0.4,7,5,24,1000,800,constant,single,0,1,1.0,7,1,1,,,mixture/0.4/7/5/24
0.4,7,5,24,1000,800,constant,complete,0,1,1.0,7,1,1,,,mixture/0.4/7/5/24
0.4,7,5,24,1000,800,constant,average,0,1,1.0,7,1,1,,,mixture/0.4/7/5/24
0.4,7,5,24,1000,800,constant,pam,0,1,1.0,7,1,1,1,0,mixture/0.4/7/5/24
0.4,7,5,25,1000,800,constant,single,0,0,0.6425222053215393,2,0,0,,,mixture/0.4/7/5/25
0.4,7,5,25,1000,800,constant,complete,0,0,0.8292222138295944,2,0,0,,,mixture/0.4/7/5/25
0.4,7,5,25,1000,800,constant,average,0,0,0.8539067209428177,2,0,0,,,mixture/0.4/7/5/25
0.4,7,5,25,1000,800,constant,pam,0,1,1.0,2,0,0,1,0,mixture/0.4/7/5/25
0.4,7,5,26,1000,800,constant,single,0,0,0.6230048287133786,7,1,0,,,mixture/0.4/7/5/26
0.4,7,5,26,1000,800,constant,complete,0,0,0.8460394812761933,7,1,0,,,mixture/0.4/7/5/26
0.4,7,5,26,1000,800,constant,average,0,0,0.858429610091514,7,1,0,,,mixture/0.4/7/5/26
0.4,7,5,26,1000,800,constant,pam,0,1,1.0,7,1,1,1,0,mixture/0.4/7/5/26
0.4,7,5,27,1000,800,constant,single,0,1,1.0,7,1,1,,,mixture/0.4/7/5/27
0.4,7,5,27,1000,800,constant,complete,0,1,1.0,7,1,1,,,mixture/0.4/7/5/27
0.4,7,5,27,1000,800,constant,average,0,1,1.0,7,1,1,,,mixture/0.4/7/5/27
0.4,7,5,27,1000,800,constant,pam,0,1,1.0,7,1,1,1,0,mixture/0.4/7/5/27
0.4,7,5,28,1000,800,constant,single,0,0,0.731294452768522,5,0,0,,,mixture/0.4/7/5/28
0.4,7,5,28,1000,800,constant,complete,0,1,1.0,5,0,0,,,mixture/0.4/7/5/28
0.4,7,5,28,1000,800,constant,average,0,1,1.0,5,0,0,,,mixture/0.4/7/5/28
0.4,7,5,28,1000,800,constant,pam,0,0,0.9891182763061354,5,0,0,1,0,mixture/0.4/7/5/28
0.4,7,5,29,1000,800,constant,single,0,1,1.0,7,1,1,,,mixture/0.4/7/5/29
0.4,7,5,29,1000,800,constant,complete,0,1,1.0,7,1,1,,,mixture/0.4/7/5/29
0.4,7,5,29,1000,800,constant,average,0,1,1.0,7,1,1,,,mixture/0.4/7/5/29
0.4,7,5,29,1000,800,constant,pam,0,1,1.0,7,1,1,1,0,mixture/0.4/7/5/29
0.4,8,5,0,1000,800,constant,single,0,0,0.7472302515656777,7,0,0,,,mixture/0.4/8/5/0
0.4,8,5,0,1000,800,constant,complete,0,0,0.8479041769530884,7,0,0,,,mixture/0.4/8/5/0
0.4,8,5,0,1000,800,constant,average,0,0,0.8660764969176011,7,0,0,,,mixture/0.4/8/5/0
0.4,8,5,0,1000,800,constant,pam,0,0,0.9525225517914873,7,0,0,1,0,mixture/0.4/8/5/0
0.4,8,5,1,1000,800,constant,single,0,0,0.8865426911500977,7,0,0,,,mixture/0.4/8/5/1
0.4,8,5,1,1000,800,constant,complete,0,0,0.8643552035399776,7,0,0,,,mixture/0.4/8/5/1
0.4,8,5,1,1000,800,constant,average,0,0,0.8864715074554449,7,0,0,,,mixture/0.4/8/5/1
0.4,8,5,1,1000,800,constant,pam,0,1,1.0,7,0,0,1,0,mixture/0.4/8/5/1
0.4,8,5,2,1000,800,constant,single,0,0,0.780110056252304,8,1,0,,,mixture/0.4/8/5/2
0.4,8,5,2,1000,800,constant,complete,0,0,0.7089867780303049,8,1,0,,,mixture/0.4/8/5/2
0.4,8,5,2,1000,800,constant,average,0,0,0.8682680384540747,8,1,0,,,mixture/0.4/8/5/2
0.4,8,5,2,1000,800,constant,pam,0,1,1.0,8,1,1,1,0,mixture/0.4/8/5/2
0.4,8,5,3,1000,800,constant,single,0,0,0.8768048836297623,8,1,0,,,mixture/0.4/8/5/3
0.4,8,5,3,1000,800,constant,complete,0,1,1.0,8,1,1,,,mixture/0.4/8/5/3
0.4,8,5,3,1000,800,constant,average,0,1,1.0,8,1,1,,,mixture/0.4/8/5/3
0.4,8,5,3,1000,800,constant,pam,0,1,1.0,8,1,1,1,0,mixture/0.4/8/5/3
0.4,8,5,4,1000,800,constant,single,0,1,1.0,8,1,1,,,mixture/0.4/8/5/4
0.4,8,5,4,1000,800,constant,complete,0,1,1.0,8,1,1,,,mixture/0.4/8/5/4
0.4,8,5,4,1000,800,constant,average,0,1,1.0,8,1,1,,,mixture/0.4/8/5/4
0.4,8,5,4,1000,800,constant,pam,0,1,1.0,8,1,1,1,0,mixture/0.4/8/5/4
0.4,8,5,5,1000,800,constant,single,0,0,0.7558489598612915,8,1,0,,,mixture/0.4/8/5/5
0.4,8,5,5,1000,800,constant,complete,0,1,1.0,8,1,1,,,mixture/0.4/8/5/5
0.4,8,5,5,1000,800,constant,average,0,0,0.8715697410632766,8,1,0,,,mixture/0.4/8/5/5
0.4,8,5,5,1000,800,constant,pam,0,1,1.0,8,1,1,1,0,mixture/0.4/8/5/5
0.4,8,5,6,1000,800,constant,single,0,0,0.7641122427423408,8,1,0,,,mixture/0.4/8/5/6
0.4,8,5,6,1000,800,constant,complete,0,0,0.8452255851066461,8,1,0,,,mixture/0.4/8/5/6
0.4,8,5,6,1000,800,constant,average,0,0,0.8959913187311472,8,1,0,,,mixture/0.4/8/5/6
0.4,8,5,6,1000,800,constant,pam,0,1,1.0,8,1,1,1,0,mixture/0.4/8/5/6
0.4,8,5,7,1000,800,constant,single,0,1,1.0,8,1,1,,,mixture/0.4/8/5/7
0.4,8,5,7,1000,800,constant,complete,0,1,1.0,8,1,1,,,mixture/0.4/8/5/7
0.4,8,5,7,1000,800,constant,average,0,1,1.0,8,1,1,,,mixture/0.4/8/5/7
0.4,8,5,7,1000,800,constant,pam,0,1,1.0,8,1,1,1,0,mixture/0.4/8/5/7
0.4,8,5,8,1000,800,constant,single,0,0,0.862846714751398,8,1,0,,,mixture/0.4/8/5/8
0.4,8,5,8,1000,800,constant,complete,0,1,1.0,8,1,1,,,mixture/0.4/8/5/8
0.4,8,5,8,1000,800,constant,average,0,1,1.0,8,1,1,,,mixture/0.4/8/5/8
0.4,8,5,8,1000,800,constant,pam,0,1,1.0,8,1,1,1,0,mixture/0.4/8/5/8
0.4,8,5,9,1000,800,constant,single,0,0,0.7636111249893198,6,0,0,,,mixture/0.4/8/5/9
0.4,8,5,9,1000,800,constant,complete,0,0,0.7301992242424097,6,0,0,,,mixture/0.4/8/5/9
0.4,8,5,9,1000,800,constant,average,0,0,0.755630223116671,6,0,0,,,mixture/0.4/8/5/9
0.4,8,5,9,1000,800,constant,pam,0,1,1.0,6,0,0,1,0,mixture/0.4/8/5/9
0.4,8,5,10,1000,800,constant,single,0,1,1.0,8,1,1,,,mixture/0.4/8/5/10
0.4,8,5,10,1000,800,constant,complete,0,1,1.0,8,1,1,,,mixture/0.4/8/5/10
0.4,8,5,10,1000,800,constant,average,0,1,1.0,8,1,1,,,mixture/0.4/8/5/10
0.4,8,5,10,1000,800,constant,pam,0,1,1.0,8,1,1,1,0,mixture/0.4/8/5/10
0.4,8,5,11,1000,800,constant,single,0,0,0.7824375497053826,8,1,0,,,mixture/0.4/8/5/11
0.4,8,5,11,1000,800,constant,complete,0,0,0.8404571921442465,8,1,0,,,mixture/0.4/8/5/11
0.4,8,5,11,1000,800,constant,average,0,0,0.8701924879304528,8,1,0,,,mixture/0.4/8/5/11
0.4,8,5,11,1000,800,constant,pam,0,0,0.9873142265384953,8,1,0,1,0,mixture/0.4/8/5/11
0.4,8,5,12,1000,800,constant,single,0,1,1.0,7,0,0,,,mixture/0.4/8/5/12
0.4,8,5,12,1000,800,constant,complete,0,1,1.0,7,0,0,,,mixture/0.4/8/5/12
0.4,8,5,12,1000,800,constant,average,0,1,1.0,7,0,0,,,mixture/0.4/8/5/12
0.4,8,5,12,1000,800,constant,pam,0,1,1.0,7,0,0,1,0,mixture/0.4/8/5/12
0.4,8,5,13,1000,800,constant,single,0,0,0.5688177004620392,8,1,0,,,mixture/0.4/8/5/13
0.4,8,5,13,1000,800,constant,complete,0,0,0.8247631307700624,8,1,0,,,mixture/0.4/8/5/13
0.4,8,5,13,1000,800,constant,average,0,0,0.7487270595624941,8,1,0,,,mixture/0.4/8/5/13
0.4,8,5,13,1000,800,constant,pam,0,1,1.0,8,1,1,1,0,mixture/0.4/8/5/13
0.4,8,5,14,1000,800,constant,single,0,1,1.0,8,1,1,,,mixture/0.4/8/5/14
0.4,8,5,14,1000,800,constant,complete,0,0,0.8352550367345677,8,1,0,,,mixture/0.4/8/5/14
0.4,8,5,14,1000,800,constant,average,0,1,1.0,8,1,1,,,mixture/0.4/8/5/14
0.4,8,5,14,1000,800,constant,pam,0,1,1.0,8,1,1,1,0,mixture/0.4/8/5/14
0.4,8,5,15,1000,800,constant,single,0,1,1.0,8,1,1,,,mixture/0.4/8/5/15
0.4,8,5,15,1000,800,constant,complete,0,1,1.0,8,1,1,,,mixture/0.4/8/5/15
0.4,8,5,15,1000,800,constant,average,0,1,1.0,8,1,1,,,mixture/0.4/8/5/15
0.4,8,5,15,1000,800,constant,pam,0,1,1.0,8,1,1,1,0,mixture/0.4/8/5/15
0.4,8,5,16,1000,800,constant,single,0,0,0.676698805987158,7,0,0,,,mixture/0.4/8/5/16
0.4,8,5,16,1000,800,constant,complete,0,0,0.8513617012107356,7,0,0,,,mixture/0.4/8/5/16
0.4,8,5,16,1000,800,constant,average,0,0,0.8712949048554769,7,0,0,,,mixture/0.4/8/5/16
0.4,8,5,16,1000,800,constant,pam,0,0,0.9971730579976295,7,0,0,1,0,mixture/0.4/8/5/16
0.4,8,5,17,1000,800,constant,single,0,0,0.8654727835377332,6,0,0,,,mixture/0.4/8/5/17
0.4,8,5,17,1000,800,constant,complete,0,1,1.0,6,0,0,,,mixture/0.4/8/5/17
0.4,8,5,17,1000,800,constant,average,0,1,1.0,6,0,0,,,mixture/0.4/8/5/17
0.4,8,5,17,1000,800,constant,pam,0,1,1.0,6,0,0,1,0,mixture/0.4/8/5/17
0.4,8,5,18,1000,800,constant,single,0,0,0.8373040118372325,7,0,0,,,mixture/0.4/8/5/18
0.4,8,5,18,1000,800,constant,complete,0,0,0.8215316627514497,7,0,0,,,mixture/0.4/8/5/18
0.4,8,5,18,1000,800,constant,average,0,0,0.8373040118372325,7,0,0,,,mixture/0.4/8/5/18
0.4,8,5,18,1000,800,constant,pam,0,1,1.0,7,0,0,1,0,mixture/0.4/8/5/18
0.4,8,5,19,1000,800,constant,single,0,0,0.8760309075492964,8,1,0,,,mixture/0.4/8/5/19
0.4,8,5,19,1000,800,constant,complete,0,0,0.8731145018644714,8,1,0,,,mixture/0.4/8/5/19
0.4,8,5,19,1000,800,constant,average,0,0,0.8760309075492964,8,1,0,,,mixture/0.4/8/5/19
0.4,8,5,19,1000,800,constant,pam,0,1,1.0,8,1,1,0,1,mixture/0.4/8/5/19
0.4,8,5,20,1000,800,constant,single,0,0,0.8589943060622627,8,1,0,,,mixture/0.4/8/5/20
0.4,8,5,20,1000,800,constant,complete,0,0,0.8554354086797368,8,1,0,,,mixture/0.4/8/5/20
0.4,8,5,20,1000,800,constant,average,0,1,1.0,8,1,1,,,mixture/0.4/8/5/20
0.4,8,5,20,1000,800,constant,pam,0,1,1.0,8,1,1,1,0,mixture/0.4/8/5/20
0.4,8,5,21,1000,800,constant,single,0,0,0.6442248108762316,7,0,0,,,mixture/0.4/8/5/21
0.4,8,5,21,1000,800,constant,complete,0,1,1.0,7,0,0,,,mixture/0.4/8/5/21
0.4,8,5,21,1000,800,constant,average,0,0,0.8445600505880103,7,0,0,,,mixture/0.4/8/5/21
0.4,8,5,21,1000,800,constant,pam,0,1,1.0,7,0,0,1,0,mixture/0.4/8/5/21
0.4,8,5,22,1000,800,constant,single,0,0,0.759135525688957,8,1,0,,,mixture/0.4/8/5/22
0.4,8,5,22,1000,800,constant,complete,0,1,1.0,8,1,1,,,mixture/0.4/8/5/22
0.4,8,5,22,1000,800,constant,average,0,1,1.0,8,1,1,,,mixture/0.4/8/5/22
0.4,8,5,22,1000,800,constant,pam,0,1,1.0,8,1,1,1,0,mixture/0.4/8/5/22
0.4,8,5,23,1000,800,constant,single,0,0,0.24618088903530738,6,0,0,,,mixture/0.4/8/5/23
0.4,8,5,23,1000,800,constant,complete,0,0,0.7369005461186661,6,0,0,,,mixture/0.4/8/5/23
0.4,8,5,23,1000,800,constant,average,0,0,0.5931973506385149,6,0,0,,,mixture/0.4/8/5/23
0.4,8,5,23,1000,800,constant,pam,0,0,0.8615923946603948,6,0,0,1,0,mixture/0.4/8/5/23
0.4,8,5,24,1000,800,constant,single,0,0,0.8759887210619145,8,1,0,,,mixture/0.4/8/5/24
0.4,8,5,24,1000,800,constant,complete,0,1,1.0,8,1,1,,,mixture/0.4/8/5/24
0.4,8,5,24,1000,800,constant,average,0,1,1.0,8,1,1,,,mixture/0.4/8/5/24
0.4,8,5,24,1000,800,constant,pam,0,1,1.0,8,1,1,1,0,mixture/0.4/8/5/24
0.4,8,5,25,1000,800,constant,single,0,1,1.0,8,1,1,,,mixture/0.4/8/5/25
0.4,8,5,25,1000,800,constant,complete,0,1,1.0,8,1,1,,,mixture/0.4/8/5/25
0.4,8,5,25,1000,800,constant,average,0,1,1.0,8,1,1,,,mixture/0.4/8/5/25
0.4,8,5,25,1000,800,constant,pam,0,1,1.0,8,1,1,1,0,mixture/0.4/8/5/25
0.4,8,5,26,1000,800,constant,single,0,0,0.7591063240808418,8,1,0,,,mixture/0.4/8/5/26
0.4,8,5,26,1000,800,constant,complete,0,0,0.8318239507455477,8,1,0,,,mixture/0.4/8/5/26
0.4,8,5,26,1000,800,constant,average,0,0,0.8607469928616703,8,1,0,,,mixture/0.4/8/5/26
0.4,8,5,26,1000,800,constant,pam,0,1,1.0,8,1,1,1,0,mixture/0.4/8/5/26
0.4,8,5,27,1000,800,constant,single,0,0,0.880925882236476,6,0,0,,,mixture/0.4/8/5/27
0.4,8,5,27,1000,800,constant,complete,0,1,1.0,6,0,0,,,mixture/0.4/8/5/27
0.4,8,5,27,1000,800,constant,average,0,0,0.880925882236476,6,0,0,,,mixture/0.4/8/5/27
0.4,8,5,27,1000,800,constant,pam,0,1,1.0,6,0,0,1,0,mixture/0.4/8/5/27
0.4,8,5,28,1000,800,constant,single,0,0,0.7579546995268379,8,1,0,,,mixture/0.4/8/5/28
0.4,8,5,28,1000,800,constant,complete,0,1,1.0,8,1,1,,,mixture/0.4/8/5/28
0.4,8,5,28,1000,800,constant,average,0,0,0.8593844735408637,8,1,0,,,mixture/0.4/8/5/28
0.4,8,5,28,1000,800,constant,pam,0,1,1.0,8,1,1,1,0,mixture/0.4/8/5/28
0.4,8,5,29,1000,800,constant,single,0,1,1.0,7,0,0,,,mixture/0.4/8/5/29
0.4,8,5,29,1000,800,constant,complete,0,1,1.0,7,0,0,,,mixture/0.4/8/5/29
0.4,8,5,29,1000,800,constant,average,0,1,1.0,7,0,0,,,mixture/0.4/8/5/29
0.4,8,5,29,1000,800,constant,pam,0,1,1.0,7,0,0,1,0,mixture/0.4/8/5/29
0.4,9,5,0,1000,800,constant,single,0,1,1.0,9,1,1,,,mixture/0.4/9/5/0
0.4,9,5,0,1000,800,constant,complete,0,1,1.0,9,1,1,,,mixture/0.4/9/5/0
0.4,9,5,0,1000,800,constant,average,0,1,1.0,9,1,1,,,mixture/0.4/9/5/0
0.4,9,5,0,1000,800,constant,pam,0,1,1.0,9,1,1,1,0,mixture/0.4/9/5/0
0.4,9,5,1,1000,800,constant,single,0,0,0.8650268469681771,9,1,0,,,mixture/0.4/9/5/1
0.4,9,5,1,1000,800,constant,complete,0,0,0.8348221264943884,9,1,0,,,mixture/0.4/9/5/1
0.4,9,5,1,1000,800,constant,average,0,0,0.8650268469681771,9,1,0,,,mixture/0.4/9/5/1
0.4,9,5,1,1000,800,constant,pam,0,1,1.0,9,1,1,1,0,mixture/0.4/9/5/1
0.4,9,5,2,1000,800,constant,single,0,0,0.27800534080221745,9,1,0,,,mixture/0.4/9/5/2
0.4,9,5,2,1000,800,constant,complete,0,0,0.3949240544134301,9,1,0,,,mixture/0.4/9/5/2
0.4,9,5,2,1000,800,constant,average,0,0,0.45067881788716785,9,1,0,,,mixture/0.4/9/5/2
0.4,9,5,2,1000,800,constant,pam,0,0,0.8412832045636196,9,1,0,1,0,mixture/0.4/9/5/2
0.4,9,5,3,1000,800,constant,single,0,0,0.6885975546467087,9,1,0,,,mixture/0.4/9/5/3
0.4,9,5,3,1000,800,constant,complete,0,1,1.0,9,1,1,,,mixture/0.4/9/5/3
0.4,9,5,3,1000,800,constant,average,0,0,0.8929686705520405,9,1,0,,,mixture/0.4/9/5/3
0.4,9,5,3,1000,800,constant,pam,0,1,1.0,9,1,1,1,0,mixture/0.4/9/5/3
0.4,9,5,4,1000,800,constant,single,0,0,0.6578328332497148,8,0,0,,,mixture/0.4/9/5/4
0.4,9,5,4,1000,800,constant,complete,0,0,0.8355998105140066,8,0,0,,,mixture/0.4/9/5/4
0.4,9,5,4,1000,800,constant,average,0,0,0.718331921713055,8,0,0,,,mixture/0.4/9/5/4
0.4,9,5,4,1000,800,constant,pam,0,1,1.0,8,0,0,1,0,mixture/0.4/9/5/4
0.4,9,5,5,1000,800,constant,single,0,0,0.8646021146816328,7,0,0,,,mixture/0.4/9/5/5
0.4,9,5,5,1000,800,constant,complete,0,1,1.0,7,0,0,,,mixture/0.4/9/5/5
0.4,9,5,5,1000,800,constant,average,0,0,0.8646021146816328,7,0,0,,,mixture/0.4/9/5/5
0.4,9,5,5,1000,800,constant,pam,0,1,1.0,7,0,0,1,0,mixture/0.4/9/5/5
0.4,9,5,6,1000,800,constant,single,0,0,0.9072502317651548,4,0,0,,,mixture/0.4/9/5/6
0.4,9,5,6,1000,800,constant,complete,0,1,1.0,4,0,0,,,mixture/0.4/9/5/6
0.4,9,5,6,1000,800,constant,average,0,1,1.0,4,0,0,,,mixture/0.4/9/5/6
0.4,9,5,6,1000,800,constant,pam,0,1,1.0,4,0,0,1,0,mixture/0.4/9/5/6
0.4,9,5,7,1000,800,constant,single,0,0,0.8818060694317266,8,0,0,,,mixture/0.4/9/5/7
0.4,9,5,7,1000,800,constant,complete,0,1,1.0,8,0,0,,,mixture/0.4/9/5/7
0.4,9,5,7,1000,800,constant,average,0,1,1.0,8,0,0,,,mixture/0.4/9/5/7
0.4,9,5,7,1000,800,constant,pam,0,1,1.0,8,0,0,1,0,mixture/0.4/9/5/7
0.4,9,5,8,1000,800,constant,single,0,1,1.0,9,1,1,,,mixture/0.4/9/5/8
0.4,9,5,8,1000,800,constant,complete,0,1,1.0,9,1,1,,,mixture/0.4/9/5/8
0.4,9,5,8,1000,800,constant,average,0,1,1.0,9,1,1,,,mixture/0.4/9/5/8
0.4,9,5,8,1000,800,constant,pam,0,1,1.0,9,1,1,1,0,mixture/0.4/9/5/8
0.4,9,5,9,1000,800,constant,single,0,1,1.0,6,0,0,,,mixture/0.4/9/5/9
0.4,9,5,9,1000,800,constant,complete,0,1,1.0,6,0,0,,,mixture/0.4/9/5/9
0.4,9,5,9,1000,800,constant,average,0,1,1.0,6,0,0,,,mixture/0.4/9/5/9
0.4,9,5,9,1000,800,constant,pam,0,1,1.0,6,0,0,0,1,mixture/0.4/9/5/9
0.4,9,5,10,1000,800,constant,single,0,1,1.0,9,1,1,,,mixture/0.4/9/5/10
0.4,9,5,10,1000,800,constant,complete,0,1,1.0,9,1,1,,,mixture/0.4/9/5/10
0.4,9,5,10,1000,800,constant,average,0,1,1.0,9,1,1,,,mixture/0.4/9/5/10
0.4,9,5,10,1000,800,constant,pam,0,1,1.0,9,1,1,1,0,mixture/0.4/9/5/10
0.4,9,5,11,1000,800,constant,single,0,0,0.8885891466464835,9,1,0,,,mixture/0.4/9/5/11
0.4,9,5,11,1000,800,constant,complete,0,1,1.0,9,1,1,,,mixture/0.4/9/5/11
0.4,9,5,11,1000,800,constant,average,0,1,1.0,9,1,1,,,mixture/0.4/9/5/11
0.4,9,5,11,1000,800,constant,pam,0,1,1.0,9,1,1,1,0,mixture/0.4/9/5/11
0.4,9,5,12,1000,800,constant,single,0,0,0.724606210836212,9,1,0,,,mixture/0.4/9/5/12
0.4,9,5,12,1000,800,constant,complete,0,0,0.8688701249605536,9,1,0,,,mixture/0.4/9/5/12
0.4,9,5,12,1000,800,constant,average,0,0,0.8851810606318737,9,1,0,,,mixture/0.4/9/5/12
0.4,9,5,12,1000,800,constant,pam,0,1,1.0,9,1,1,1,0,mixture/0.4/9/5/12
0.4,9,5,13,1000,800,constant,single,0,1,1.0,9,1,1,,,mixture/0.4/9/5/13
0.4,9,5,13,1000,800,constant,complete,0,1,1.0,9,1,1,,,mixture/0.4/9/5/13
0.4,9,5,13,1000,800,constant,average,0,1,1.0,9,1,1,,,mixture/0.4/9/5/13
0.4,9,5,13,1000,800,constant,pam,0,1,1.0,9,1,1,1,0,mixture/0.4/9/5/13
0.4,9,5,14,1000,800,constant,single,0,0,0.8651471163186466,9,1,0,,,mixture/0.4/9/5/14
0.4,9,5,14,1000,800,constant,complete,0,0,0.8389116633767735,9,1,0,,,mixture/0.4/9/5/14
0.4,9,5,14,1000,800,constant,average,0,0,0.8651471163186466,9,1,0,,,mixture/0.4/9/5/14
0.4,9,5,14,1000,800,constant,pam,0,1,1.0,9,1,1,1,0,mixture/0.4/9/5/14
0.4,9,5,15,1000,800,constant,single,0,0,0.8016201496352544,12,0,0,,,mixture/0.4/9/5/15
0.4,9,5,15,1000,800,constant,complete,0,0,0.7349371864975193,12,0,0,,,mixture/0.4/9/5/15
0.4,9,5,15,1000,800,constant,average,0,0,0.8727340007879731,12,0,0,,,mixture/0.4/9/5/15
0.4,9,5,15,1000,800,constant,pam,0,1,1.0,12,0,0,1,0,mixture/0.4/9/5/15
0.4,9,5,16,1000,800,constant,single,0,0,0.8904135878670552,9,1,0,,,mixture/0.4/9/5/16
0.4,9,5,16,1000,800,constant,complete,0,1,1.0,9,1,1,,,mixture/0.4/9/5/16
0.4,9,5,16,1000,800,constant,average,0,1,1.0,9,1,1,,,mixture/0.4/9/5/16
0.4,9,5,16,1000,800,constant,pam,0,1,1.0,9,1,1,1,0,mixture/0.4/9/5/16
0.4,9,5,17,1000,800,constant,single,0,0,0.8837588626235104,9,1,0,,,mixture/0.4/9/5/17
0.4,9,5,17,1000,800,constant,complete,0,1,1.0,9,1,1,,,mixture/0.4/9/5/17
0.4,9,5,17,1000,800,constant,average,0,1,1.0,9,1,1,,,mixture/0.4/9/5/17
0.4,9,5,17,1000,800,constant,pam,0,1,1.0,9,1,1,1,0,mixture/0.4/9/5/17
0.4,9,5,18,1000,800,constant,single,0,0,0.7162581456234551,9,1,0,,,mixture/0.4/9/5/18
0.4,9,5,18,1000,800,constant,complete,0,1,1.0,9,1,1,,,mixture/0.4/9/5/18
0.4,9,5,18,1000,800,constant,average,0,1,1.0,9,1,1,,,mixture/0.4/9/5/18
0.4,9,5,18,1000,800,constant,pam,0,1,1.0,9,1,1,1,0,mixture/0.4/9/5/18
0.4,9,5,19,1000,800,constant,single,0,0,0.6969380007284921,9,1,0,,,mixture/0.4/9/5/19
0.4,9,5,19,1000,800,constant,complete,0,0,0.8765190278494486,9,1,0,,,mixture/0.4/9/5/19
0.4,9,5,19,1000,800,constant,average,0,1,1.0,9,1,1,,,mixture/0.4/9/5/19
0.4,9,5,19,1000,800,constant,pam,0,1,1.0,9,1,1,1,0,mixture/0.4/9/5/19
0.4,9,5,20,1000,800,constant,single,0,1,1.0,9,1,1,,,mixture/0.4/9/5/20
0.4,9,5,20,1000,800,constant,complete,0,1,1.0,9,1,1,,,mixture/0.4/9/5/20
0.4,9,5,20,1000,800,constant,average,0,1,1.0,9,1,1,,,mixture/0.4/9/5/20
0.4,9,5,20,1000,800,constant,pam,0,1,1.0,9,1,1,1,0,mixture/0.4/9/5/20
0.4,9,5,21,1000,800,constant,single,0,1,1.0,9,1,1,,,mixture/0.4/9/5/21
0.4,9,5,21,1000,800,constant,complete,0,0,0.8862414438075007,9,1,0,,,mixture/0.4/9/5/21
0.4,9,5,21,1000,800,constant,average,0,1,1.0,9,1,1,,,mixture/0.4/9/5/21
0.4,9,5,21,1000,800,constant,pam,0,1,1.0,9,1,1,1,0,mixture/0.4/9/5/21
0.4,9,5,22,1000,800,constant,single,0,1,1.0,9,1,1,,,mixture/0.4/9/5/22
0.4,9,5,22,1000,800,constant,complete,0,1,1.0,9,1,1,,,mixture/0.4/9/5/22
0.4,9,5,22,1000,800,constant,average,0,1,1.0,9,1,1,,,mixture/0.4/9/5/22
0.4,9,5,22,1000,800,constant,pam,0,1,1.0,9,1,1,1,0,mixture/0.4/9/5/22
0.4,9,5,23,1000,800,constant,single,0,0,0.8985267381332934,9,1,0,,,mixture/0.4/9/5/23
0.4,9,5,23,1000,800,constant,complete,0,1,1.0,9,1,1,,,mixture/0.4/9/5/23
0.4,9,5,23,1000,800,constant,average,0,1,1.0,9,1,1,,,mixture/0.4/9/5/23
0.4,9,5,23,1000,800,constant,pam,0,1,1.0,9,1,1,1,0,mixture/0.4/9/5/23
0.4,9,5,24,1000,800,constant,single,0,1,1.0,8,0,0,,,mixture/0.4/9/5/24
0.4,9,5,24,1000,800,constant,complete,0,1,1.0,8,0,0,,,mixture/0.4/9/5/24
0.4,9,5,24,1000,800,constant,average,0,1,1.0,8,0,0,,,mixture/0.4/9/5/24
0.4,9,5,24,1000,800,constant,pam,0,1,1.0,8,0,0,1,0,mixture/0.4/9/5/24
0.4,9,5,25,1000,800,constant,single,0,1,1.0,9,1,1,,,mixture/0.4/9/5/25
0.4,9,5,25,1000,800,constant,complete,0,1,1.0,9,1,1,,,mixture/0.4/9/5/25
0.4,9,5,25,1000,800,constant,average,0,1,1.0,9,1,1,,,mixture/0.4/9/5/25
0.4,9,5,25,1000,800,constant,pam,0,1,1.0,9,1,1,1,0,mixture/0.4/9/5/25
0.4,9,5,26,1000,800,constant,single,0,0,0.7157561986699148,8,0,0,,,mixture/0.4/9/5/26
0.4,9,5,26,1000,800,constant,complete,0,1,1.0,8,0,0,,,mixture/0.4/9/5/26
0.4,9,5,26,1000,800,constant,average,0,0,0.8788064060045301,8,0,0,,,mixture/0.4/9/5/26
0.4,9,5,26,1000,800,constant,pam,0,1,1.0,8,0,0,1,0,mixture/0.4/9/5/26
0.4,9,5,27,1000,800,constant,single,0,1,1.0,9,1,1,,,mixture/0.4/9/5/27
0.4,9,5,27,1000,800,constant,complete,0,1,1.0,9,1,1,,,mixture/0.4/9/5/27
0.4,9,5,27,1000,800,constant,average,0,1,1.0,9,1,1,,,mixture/0.4/9/5/27
0.4,9,5,27,1000,800,constant,pam,0,1,1.0,9,1,1,1,0,mixture/0.4/9/5/27
0.4,9,5,28,1000,800,constant,single,0,0,0.6520632566451867,8,0,0,,,mixture/0.4/9/5/28
0.4,9,5,28,1000,800,constant,complete,0,0,0.8750485015153916,8,0,0,,,mixture/0.4/9/5/28
0.4,9,5,28,1000,800,constant,average,0,0,0.8940324339215794,8,0,0,,,mixture/0.4/9/5/28
0.4,9,5,28,1000,800,constant,pam,0,1,1.0,8,0,0,1,0,mixture/0.4/9/5/28
0.4,9,5,29,1000,800,constant,single,0,0,0.8518145634251785,8,0,0,,,mixture/0.4/9/5/29
0.4,9,5,29,1000,800,constant,complete,0,0,0.8389946845496649,8,0,0,,,mixture/0.4/9/5/29
0.4,9,5,29,1000,800,constant,average,0,0,0.8518145634251785,8,0,0,,,mixture/0.4/9/5/29
0.4,9,5,29,1000,800,constant,pam,0,1,1.0,8,0,0,1,0,mixture/0.4/9/5/29
0.4,10,5,0,1000,800,constant,single,0,0,0.5228904632288671,10,1,0,,,mixture/0.4/10/5/0
0.4,10,5,0,1000,800,constant,complete,0,0,0.7016143738985793,10,1,0,,,mixture/0.4/10/5/0
0.4,10,5,0,1000,800,constant,average,0,0,0.7264489472455924,10,1,0,,,mixture/0.4/10/5/0
0.4,10,5,0,1000,800,constant,pam,0,1,1.0,10,1,1,1,0,mixture/0.4/10/5/0
0.4,10,5,1,1000,800,constant,single,0,0,0.6726111534023062,10,1,0,,,mixture/0.4/10/5/1
0.4,10,5,1,1000,800,constant,complete,0,1,1.0,10,1,1,,,mixture/0.4/10/5/1
0.4,10,5,1,1000,800,constant,average,0,0,0.8035735012821456,10,1,0,,,mixture/0.4/10/5/1
0.4,10,5,1,1000,800,constant,pam,0,1,1.0,10,1,1,1,0,mixture/0.4/10/5/1
0.4,10,5,2,1000,800,constant,single,0,1,1.0,10,1,1,,,mixture/0.4/10/5/2
0.4,10,5,2,1000,800,constant,complete,0,1,1.0,10,1,1,,,mixture/0.4/10/5/2
0.4,10,5,2,1000,800,constant,average,0,1,1.0,10,1,1,,,mixture/0.4/10/5/2
0.4,10,5,2,1000,800,constant,pam,0,1,1.0,10,1,1,1,0,mixture/0.4/10/5/2
0.4,10,5,3,1000,800,constant,single,0,1,1.0,10,1,1,,,mixture/0.4/10/5/3
0.4,10,5,3,1000,800,constant,complete,0,1,1.0,10,1,1,,,mixture/0.4/10/5/3
0.4,10,5,3,1000,800,constant,average,0,1,1.0,10,1,1,,,mixture/0.4/10/5/3
0.4,10,5,3,1000,800,constant,pam,0,1,1.0,10,1,1,1,0,mixture/0.4/10/5/3
0.4,10,5,4,1000,800,constant,single,0,0,0.8111878394660776,11,0,0,,,mixture/0.4/10/5/4
0.4,10,5,4,1000,800,constant,complete,0,1,1.0,11,0,0,,,mixture/0.4/10/5/4
0.4,10,5,4,1000,800,constant,average,0,1,1.0,11,0,0,,,mixture/0.4/10/5/4
0.4,10,5,4,1000,800,constant,pam,0,1,1.0,11,0,0,1,0,mixture/0.4/10/5/4
0.4,10,5,5,1000,800,constant,single,0,1,1.0,10,1,1,,,mixture/0.4/10/5/5
0.4,10,5,5,1000,800,constant,complete,0,1,1.0,10,1,1,,,mixture/0.4/10/5/5
0.4,10,5,5,1000,800,constant,average,0,1,1.0,10,1,1,,,mixture/0.4/10/5/5
0.4,10,5,5,1000,800,constant,pam,0,1,1.0,10,1,1,1,0,mixture/0.4/10/5/5
0.4,10,5,6,1000,800,constant,single,0,0,0.8978285745686002,8,0,0,,,mixture/0.4/10/5/6
0.4,10,5,6,1000,800,constant,complete,0,1,1.0,8,0,0,,,mixture/0.4/10/5/6
0.4,10,5,6,1000,800,constant,average,0,1,1.0,8,0,0,,,mixture/0.4/10/5/6
0.4,10,5,6,1000,800,constant,pam,0,1,1.0,8,0,0,1,0,mixture/0.4/10/5/6
0.4,10,5,7,1000,800,constant,single,0,0,0.9093671522167072,6,0,0,,,mixture/0.4/10/5/7
0.4,10,5,7,1000,800,constant,complete,0,1,1.0,6,0,0,,,mixture/0.4/10/5/7
0.4,10,5,7,1000,800,constant,average,0,1,1.0,6,0,0,,,mixture/0.4/10/5/7
0.4,10,5,7,1000,800,constant,pam,0,1,1.0,6,0,0,1,0,mixture/0.4/10/5/7
0.4,10,5,8,1000,800,constant,single,0,0,0.4241865192759165,9,0,0,,,mixture/0.4/10/5/8
0.4,10,5,8,1000,800,constant,complete,0,0,0.8568448414013491,9,0,0,,,mixture/0.4/10/5/8
0.4,10,5,8,1000,800,constant,average,0,0,0.882362228416678,9,0,0,,,mixture/0.4/10/5/8
0.4,10,5,8,1000,800,constant,pam,0,0,0.8566823624966886,9,0,0,1,0,mixture/0.4/10/5/8
0.4,10,5,9,1000,800,constant,single,0,0,0.8742281470236568,10,1,0,,,mixture/0.4/10/5/9
0.4,10,5,9,1000,800,constant,complete,0,0,0.8524666383252232,10,1,0,,,mixture/0.4/10/5/9
0.4,10,5,9,1000,800,constant,average,0,0,0.8745208397669645,10,1,0,,,mixture/0.4/10/5/9
0.4,10,5,9,1000,800,constant,pam,0,1,1.0,10,1,1,1,0,mixture/0.4/10/5/9
0.4,10,5,10,1000,800,constant,single,0,0,0.8315319770721226,9,0,0,,,mixture/0.4/10/5/10
0.4,10,5,10,1000,800,constant,complete,0,0,0.8925832877604332,9,0,0,,,mixture/0.4/10/5/10
0.4,10,5,10,1000,800,constant,average,0,0,0.92062014396279,9,0,0,,,mixture/0.4/10/5/10
0.4,10,5,10,1000,800,constant,pam,0,1,1.0,9,0,0,1,0,mixture/0.4/10/5/10
0.4,10,5,11,1000,800,constant,single,0,0,0.9195118515232678,10,1,0,,,mixture/0.4/10/5/11
0.4,10,5,11,1000,800,constant,complete,0,0,0.9101547184281009,10,1,0,,,mixture/0.4/10/5/11
0.4,10,5,11,1000,800,constant,average,0,0,0.9180794649888174,10,1,0,,,mixture/0.4/10/5/11
0.4,10,5,11,1000,800,constant,pam,0,0,0.8766103821603948,10,1,0,1,0,mixture/0.4/10/5/11
0.4,10,5,12,1000,800,constant,single,0,0,0.8962557830664106,7,0,0,,,mixture/0.4/10/5/12
0.4,10,5,12,1000,800,constant,complete,0,1,1.0,7,0,0,,,mixture/0.4/10/5/12
0.4,10,5,12,1000,800,constant,average,0,0,0.8962557830664106,7,0,0,,,mixture/0.4/10/5/12
0.4,10,5,12,1000,800,constant,pam,0,1,1.0,7,0,0,1,0,mixture/0.4/10/5/12
0.4,10,5,13,1000,800,constant,single,0,0,0.890336452218203,5,0,0,,,mixture/0.4/10/5/13
0.4,10,5,13,1000,800,constant,complete,0,1,1.0,5,0,0,,,mixture/0.4/10/5/13
0.4,10,5,13,1000,800,constant,average,0,1,1.0,5,0,0,,,mixture/0.4/10/5/13
0.4,10,5,13,1000,800,constant,pam,0,1,1.0,5,0,0,1,0,mixture/0.4/10/5/13
0.4,10,5,14,1000,800,constant,single,0,0,0.677268539017011,9,0,0,,,mixture/0.4/10/5/14
0.4,10,5,14,1000,800,constant,complete,0,0,0.8772841971467652,9,0,0,,,mixture/0.4/10/5/14
0.4,10,5,14,1000,800,constant,average,0,0,0.6748699375158629,9,0,0,,,mixture/0.4/10/5/14
0.4,10,5,14,1000,800,constant,pam,0,0,0.9945173890663151,9,0,0,1,0,mixture/0.4/10/5/14
0.4,10,5,15,1000,800,constant,single,0,0,0.653148208461482,9,0,0,,,mixture/0.4/10/5/15
0.4,10,5,15,1000,800,constant,complete,0,0,0.8771304329240751,9,0,0,,,mixture/0.4/10/5/15
0.4,10,5,15,1000,800,constant,average,0,0,0.8862938324156773,9,0,0,,,mixture/0.4/10/5/15
0.4,10,5,15,1000,800,constant,pam,0,1,1.0,9,0,0,1,0,mixture/0.4/10/5/15
0.4,10,5,16,1000,800,constant,single,0,0,0.6434497885157253,10,1,0,,,mixture/0.4/10/5/16
0.4,10,5,16,1000,800,constant,complete,0,0,0.8716421429002462,10,1,0,,,mixture/0.4/10/5/16
0.4,10,5,16,1000,800,constant,average,0,0,0.8866466763265423,10,1,0,,,mixture/0.4/10/5/16
0.4,10,5,16,1000,800,constant,pam,0,1,1.0,10,1,1,1,0,mixture/0.4/10/5/16
0.4,10,5,17,1000,800,constant,single,0,0,0.9266643752401101,10,1,0,,,mixture/0.4/10/5/17
0.4,10,5,17,1000,800,constant,complete,0,1,1.0,10,1,1,,,mixture/0.4/10/5/17
0.4,10,5,17,1000,800,constant,average,0,0,0.9266643752401101,10,1,0,,,mixture/0.4/10/5/17
0.4,10,5,17,1000,800,constant,pam,0,1,1.0,10,1,1,1,0,mixture/0.4/10/5/17
0.4,10,5,18,1000,800,constant,single,0,0,0.8158545695901582,9,0,0,,,mixture/0.4/10/5/18
0.4,10,5,18,1000,800,constant,complete,0,0,0.894974480611867,9,0,0,,,mixture/0.4/10/5/18
0.4,10,5,18,1000,800,constant,average,0,0,0.9003057306304599,9,0,0,,,mixture/0.4/10/5/18
0.4,10,5,18,1000,800,constant,pam,0,1,1.0,9,0,0,1,0,mixture/0.4/10/5/18
0.4,10,5,19,1000,800,constant,single,0,0,0.8875948180017398,9,0,0,,,mixture/0.4/10/5/19
0.4,10,5,19,1000,800,constant,complete,0,0,0.8661967053796015,9,0,0,,,mixture/0.4/10/5/19
0.4,10,5,19,1000,800,constant,average,0,0,0.8875948180017398,9,0,0,,,mixture/0.4/10/5/19
0.4,10,5,19,1000,800,constant,pam,0,1,1.0,9,0,0,1,0,mixture/0.4/10/5/19
0.4,10,5,20,1000,800,constant,single,0,0,0.6729017683120833,9,0,0,,,mixture/0.4/10/5/20
0.4,10,5,20,1000,800,constant,complete,0,0,0.8912799300266588,9,0,0,,,mixture/0.4/10/5/20
0.4,10,5,20,1000,800,constant,average,0,0,0.8927373733028351,9,0,0,,,mixture/0.4/10/5/20
0.4,10,5,20,1000,800,constant,pam,0,0,0.9305598248134365,9,0,0,1,0,mixture/0.4/10/5/20
0.4,10,5,21,1000,800,constant,single,0,0,0.8983915866653027,10,1,0,,,mixture/0.4/10/5/21
0.4,10,5,21,1000,800,constant,complete,0,1,1.0,10,1,1,,,mixture/0.4/10/5/21
0.4,10,5,21,1000,800,constant,average,0,1,1.0,10,1,1,,,mixture/0.4/10/5/21
0.4,10,5,21,1000,800,constant,pam,0,1,1.0,10,1,1,1,0,mixture/0.4/10/5/21
0.4,10,5,22,1000,800,constant,single,0,0,0.6829712908123101,6,0,0,,,mixture/0.4/10/5/22
0.4,10,5,22,1000,800,constant,complete,0,0,0.8866561854374407,6,0,0,,,mixture/0.4/10/5/22
0.4,10,5,22,1000,800,constant,average,0,0,0.8108343080761559,6,0,0,,,mixture/0.4/10/5/22
0.4,10,5,22,1000,800,constant,pam,0,0,0.9840772829435915,6,0,0,1,0,mixture/0.4/10/5/22
0.4,10,5,23,1000,800,constant,single,0,0,0.7399355124371366,10,1,0,,,mixture/0.4/10/5/23
0.4,10,5,23,1000,800,constant,complete,0,0,0.8907956386529806,10,1,0,,,mixture/0.4/10/5/23
0.4,10,5,23,1000,800,constant,average,0,0,0.9154149558601207,10,1,0,,,mixture/0.4/10/5/23
0.4,10,5,23,1000,800,constant,pam,0,1,1.0,10,1,1,1,0,mixture/0.4/10/5/23
0.4,10,5,24,1000,800,constant,single,0,0,0.887545898535764,10,1,0,,,mixture/0.4/10/5/24
0.4,10,5,24,1000,800,constant,complete,0,1,1.0,10,1,1,,,mixture/0.4/10/5/24
0.4,10,5,24,1000,800,constant,average,0,1,1.0,10,1,1,,,mixture/0.4/10/5/24
0.4,10,5,24,1000,800,constant,pam,0,1,1.0,10,1,1,1,0,mixture/0.4/10/5/24
0.4,10,5,25,1000,800,constant,single,0,0,0.5483572794061086,6,0,0,,,mixture/0.4/10/5/25
0.4,10,5,25,1000,800,constant,complete,0,0,0.879218777223915,6,0,0,,,mixture/0.4/10/5/25
0.4,10,5,25,1000,800,constant,average,0,0,0.7284880198103003,6,0,0,,,mixture/0.4/10/5/25
0.4,10,5,25,1000,800,constant,pam,0,0,0.9971767533832572,6,0,0,1,0,mixture/0.4/10/5/25
0.4,10,5,26,1000,800,constant,single,0,0,0.5155555740961055,11,0,0,,,mixture/0.4/10/5/26
0.4,10,5,26,1000,800,constant,complete,0,0,0.8916186747910444,11,0,0,,,mixture/0.4/10/5/26
0.4,10,5,26,1000,800,constant,average,0,0,0.8951718859696466,11,0,0,,,mixture/0.4/10/5/26
0.4,10,5,26,1000,800,constant,pam,0,1,1.0,11,0,0,1,0,mixture/0.4/10/5/26
0.4,10,5,27,1000,800,constant,single,0,0,0.7348915522958573,10,1,0,,,mixture/0.4/10/5/27
0.4,10,5,27,1000,800,constant,complete,0,1,1.0,10,1,1,,,mixture/0.4/10/5/27
0.4,10,5,27,1000,800,constant,average,0,0,0.8042871460064287,10,1,0,,,mixture/0.4/10/5/27
0.4,10,5,27,1000,800,constant,pam,0,1,1.0,10,1,1,1,0,mixture/0.4/10/5/27
0.4,10,5,28,1000,800,constant,single,0,0,0.8732976229279652,10,1,0,,,mixture/0.4/10/5/28
0.4,10,5,28,1000,800,constant,complete,0,0,0.8514958071175622,10,1,0,,,mixture/0.4/10/5/28
0.4,10,5,28,1000,800,constant,average,0,0,0.8732976229279652,10,1,0,,,mixture/0.4/10/5/28
0.4,10,5,28,1000,800,constant,pam,0,1,1.0,10,1,1,1,0,mixture/0.4/10/5/28
0.4,10,5,29,1000,800,constant,single,0,0,0.8968683781057156,7,0,0,,,mixture/0.4/10/5/29
0.4,10,5,29,1000,800,constant,complete,0,1,1.0,7,0,0,,,mixture/0.4/10/5/29
0.4,10,5,29,1000,800,constant,average,0,1,1.0,7,0,0,,,mixture/0.4/10/5/29
0.4,10,5,29,1000,800,constant,pam,0,1,1.0,7,0,0,1,0,mixture/0.4/10/5/29
0.5,2,5,0,1000,800,constant,single,0,1,1.0,2,1,1,,,mixture/0.5/2/5/0
0.5,2,5,0,1000,800,constant,complete,0,1,1.0,2,1,1,,,mixture/0.5/2/5/0
0.5,2,5,0,1000,800,constant,average,0,1,1.0,2,1,1,,,mixture/0.5/2/5/0
0.5,2,5,0,1000,800,constant,pam,0,1,1.0,2,1,1,1,0,mixture/0.5/2/5/0
0.5,2,5,1,1000,800,constant,single,0,1,1.0,2,1,1,,,mixture/0.5/2/5/1
0.5,2,5,1,1000,800,constant,complete,0,1,1.0,2,1,1,,,mixture/0.5/2/5/1
0.5,2,5,1,1000,800,constant,average,0,1,1.0,2,1,1,,,mixture/0.5/2/5/1
0.5,2,5,1,1000,800,constant,pam,0,1,1.0,2,1,1,1,0,mixture/0.5/2/5/1
0.5,2,5,2,1000,800,constant,single,0,1,1.0,2,1,1,,,mixture/0.5/2/5/2
0.5,2,5,2,1000,800,constant,complete,0,1,1.0,2,1,1,,,mixture/0.5/2/5/2
0.5,2,5,2,1000,800,constant,average,0,1,1.0,2,1,1,,,mixture/0.5/2/5/2
0.5,2,5,2,1000,800,constant,pam,0,1,1.0,2,1,1,1,0,mixture/0.5/2/5/2
0.5,2,5,3,1000,800,constant,single,0,1,1.0,2,1,1,,,mixture/0.5/2/5/3
0.5,2,5,3,1000,800,constant,complete,0,1,1.0,2,1,1,,,mixture/0.5/2/5/3
0.5,2,5,3,1000,800,constant,average,0,1,1.0,2,1,1,,,mixture/0.5/2/5/3
0.5,2,5,3,1000,800,constant,pam,0,1,1.0,2,1,1,1,0,mixture/0.5/2/5/3
0.5,2,5,4,1000,800,constant,single,0,1,1.0,2,1,1,,,mixture/0.5/2/5/4
0.5,2,5,4,1000,800,constant,complete,0,1,1.0,2,1,1,,,mixture/0.5/2/5/4
0.5,2,5,4,1000,800,constant,average,0,1,1.0,2,1,1,,,mixture/0.5/2/5/4
0.5,2,5,4,1000,800,constant,pam,0,1,1.0,2,1,1,1,0,mixture/0.5/2/5/4
0.5,2,5,5,1000,800,constant,single,0,1,1.0,2,1,1,,,mixture/0.5/2/5/5
0.5,2,5,5,1000,800,constant,complete,0,1,1.0,2,1,1,,,mixture/0.5/2/5/5
0.5,2,5,5,1000,800,constant,average,0,1,1.0,2,1,1,,,mixture/0.5/2/5/5
0.5,2,5,5,1000,800,constant,pam,0,1,1.0,2,1,1,1,0,mixture/0.5/2/5/5
0.5,2,5,6,1000,800,constant,single,0,1,1.0,2,1,1,,,mixture/0.5/2/5/6
0.5,2,5,6,1000,800,constant,complete,0,1,1.0,2,1,1,,,mixture/0.5/2/5/6
0.5,2,5,6,1000,800,constant,average,0,1,1.0,2,1,1,,,mixture/0.5/2/5/6
0.5,2,5,6,1000,800,constant,pam,0,1,1.0,2,1,1,1,0,mixture/0.5/2/5/6
0.5,2,5,7,1000,800,constant,single,0,1,1.0,2,1,1,,,mixture/0.5/2/5/7
0.5,2,5,7,1000,800,constant,complete,0,1,1.0,2,1,1,,,mixture/0.5/2/5/7
0.5,2,5,7,1000,800,constant,average,0,1,1.0,2,1,1,,,mixture/0.5/2/5/7
0.5,2,5,7,1000,800,constant,pam,0,1,1.0,2,1,1,1,0,mixture/0.5/2/5/7
0.5,2,5,8,1000,800,constant,single,0,1,1.0,2,1,1,,,mixture/0.5/2/5/8
0.5,2,5,8,1000,800,constant,complete,0,1,1.0,2,1,1,,,mixture/0.5/2/5/8
0.5,2,5,8,1000,800,constant,average,0,1,1.0,2,1,1,,,mixture/0.5/2/5/8
0.5,2,5,8,1000,800,constant,pam,0,1,1.0,2,1,1,1,0,mixture/0.5/2/5/8
0.5,2,5,9,1000,800,constant,single,0,1,1.0,2,1,1,,,mixture/0.5/2/5/9
0.5,2,5,9,1000,800,constant,complete,0,1,1.0,2,1,1,,,mixture/0.5/2/5/9
0.5,2,5,9,1000,800,constant,average,0,1,1.0,2,1,1,,,mixture/0.5/2/5/9
0.5,2,5,9,1000,800,constant,pam,0,1,1.0,2,1,1,1,0,mixture/0.5/2/5/9
0.5,2,5,10,1000,800,constant,single,0,1,1.0,2,1,1,,,mixture/0.5/2/5/10
0.5,2,5,10,1000,800,constant,complete,0,1,1.0,2,1,1,,,mixture/0.5/2/5/10
0.5,2,5,10,1000,800,constant,average,0,1,1.0,2,1,1,,,mixture/0.5/2/5/10
0.5,2,5,10,1000,800,constant,pam,0,1,1.0,2,1,1,1,0,mixture/0.5/2/5/10
0.5,2,5,11,1000,800,constant,single,0,1,1.0,2,1,1,,,mixture/0.5/2/5/11
0.5,2,5,11,1000,800,constant,complete,0,1,1.0,2,1,1,,,mixture/0.5/2/5/11
0.5,2,5,11,1000,800,constant,average,0,1,1.0,2,1,1,,,mixture/0.5/2/5/11
0.5,2,5,11,1000,800,constant,pam,0,1,1.0,2,1,1,1,0,mixture/0.5/2/5/11
0.5,2,5,12,1000,800,constant,single,0,1,1.0,2,1,1,,,mixture/0.5/2/5/12
0.5,2,5,12,1000,800,constant,complete,0,1,1.0,2,1,1,,,mixture/0.5/2/5/12
0.5,2,5,12,1000,800,constant,average,0,1,1.0,2,1,1,,,mixture/0.5/2/5/12
0.5,2,5,12,1000,800,constant,pam,0,1,1.0,2,1,1,1,0,mixture/0.5/2/5/12
0.5,2,5,13,1000,800,constant,single,0,1,1.0,2,1,1,,,mixture/0.5/2/5/13
0.5,2,5,13,1000,800,constant,complete,0,1,1.0,2,1,1,,,mixture/0.5/2/5/13
0.5,2,5,13,1000,800,constant,average,0,1,1.0,2,1,1,,,mixture/0.5/2/5/13
0.5,2,5,13,1000,800,constant,pam,0,1,1.0,2,1,1,1,0,mixture/0.5/2/5/13
0.5,2,5,14,1000,800,constant,single,0,1,1.0,2,1,1,,,mixture/0.5/2/5/14
0.5,2,5,14,1000,800,constant,complete,0,1,1.0,2,1,1,,,mixture/0.5/2/5/14
0.5,2,5,14,1000,800,constant,average,0,1,1.0,2,1,1,,,mixture/0.5/2/5/14
0.5,2,5,14,1000,800,constant,pam,0,1,1.0,2,1,1,1,0,mixture/0.5/2/5/14
0.5,2,5,15,1000,800,constant,single,0,1,1.0,2,1,1,,,mixture/0.5/2/5/15
0.5,2,5,15,1000,800,constant,complete,0,1,1.0,2,1,1,,,mixture/0.5/2/5/15
0.5,2,5,15,1000,800,constant,average,0,1,1.0,2,1,1,,,mixture/0.5/2/5/15
0.5,2,5,15,1000,800,constant,pam,0,1,1.0,2,1,1,1,0,mixture/0.5/2/5/15
0.5,2,5,16,1000,800,constant,single,0,1,1.0,2,1,1,,,mixture/0.5/2/5/16
0.5,2,5,16,1000,800,constant,complete,0,1,1.0,2,1,1,,,mixture/0.5/2/5/16
0.5,2,5,16,1000,800,constant,average,0,1,1.0,2,1,1,,,mixture/0.5/2/5/16
0.5,2,5,16,1000,800,constant,pam,0,1,1.0,2,1,1,1,0,mixture/0.5/2/5/16
0.5,2,5,17,1000,800,constant,single,0,1,1.0,2,1,1,,,mixture/0.5/2/5/17
0.5,2,5,17,1000,800,constant,complete,0,1,1.0,2,1,1,,,mixture/0.5/2/5/17
0.5,2,5,17,1000,800,constant,average,0,1,1.0,2,1,1,,,mixture/0.5/2/5/17
0.5,2,5,17,1000,800,constant,pam,0,1,1.0,2,1,1,1,0,mixture/0.5/2/5/17
0.5,2,5,18,1000,800,constant,single,0,1,1.0,2,1,1,,,mixture/0.5/2/5/18
0.5,2,5,18,1000,800,constant,complete,0,1,1.0,2,1,1,,,mixture/0.5/2/5/18
0.5,2,5,18,1000,800,constant,average,0,1,1.0,2,1,1,,,mixture/0.5/2/5/18
0.5,2,5,18,1000,800,constant,pam,0,1,1.0,2,1,1,1,0,mixture/0.5/2/5/18
0.5,2,5,19,1000,800,constant,single,0,1,1.0,2,1,1,,,mixture/0.5/2/5/19
0.5,2,5,19,1000,800,constant,complete,0,1,1.0,2,1,1,,,mixture/0.5/2/5/19
0.5,2,5,19,1000,800,constant,average,0,1,1.0,2,1,1,,,mixture/0.5/2/5/19
0.5,2,5,19,1000,800,constant,pam,0,1,1.0,2,1,1,1,0,mixture/0.5/2/5/19
0.5,2,5,20,1000,800,constant,single,0,1,1.0,2,1,1,,,mixture/0.5/2/5/20
0.5,2,5,20,1000,800,constant,complete,0,1,1.0,2,1,1,,,mixture/0.5/2/5/20
0.5,2,5,20,1000,800,constant,average,0,1,1.0,2,1,1,,,mixture/0.5/2/5/20
0.5,2,5,20,1000,800,constant,pam,0,1,1.0,2,1,1,1,0,mixture/0.5/2/5/20
0.5,2,5,21,1000,800,constant,single,0,1,1.0,2,1,1,,,mixture/0.5/2/5/21
0.5,2,5,21,1000,800,constant,complete,0,1,1.0,2,1,1,,,mixture/0.5/2/5/21
0.5,2,5,21,1000,800,constant,average,0,1,1.0,2,1,1,,,mixture/0.5/2/5/21
0.5,2,5,21,1000,800,constant,pam,0,1,1.0,2,1,1,1,0,mixture/0.5/2/5/21
0.5,2,5,22,1000,800,constant,single,0,1,1.0,2,1,1,,,mixture/0.5/2/5/22
0.5,2,5,22,1000,800,constant,complete,0,1,1.0,2,1,1,,,mixture/0.5/2/5/22
0.5,2,5,22,1000,800,constant,average,0,1,1.0,2,1,1,,,mixture/0.5/2/5/22
0.5,2,5,22,1000,800,constant,pam,0,1,1.0,2,1,1,1,0,mixture/0.5/2/5/22
0.5,2,5,23,1000,800,constant,single,0,1,1.0,2,1,1,,,mixture/0.5/2/5/23
0.5,2,5,23,1000,800,constant,complete,0,1,1.0,2,1,1,,,mixture/0.5/2/5/23
0.5,2,5,23,1000,800,constant,average,0,1,1.0,2,1,1,,,mixture/0.5/2/5/23
0.5,2,5,23,1000,800,constant,pam,0,1,1.0,2,1,1,1,0,mixture/0.5/2/5/23
0.5,2,5,24,1000,800,constant,single,0,1,1.0,2,1,1,,,mixture/0.5/2/5/24
0.5,2,5,24,1000,800,constant,complete,0,1,1.0,2,1,1,,,mixture/0.5/2/5/24
0.5,2,5,24,1000,800,constant,average,0,1,1.0,2,1,1,,,mixture/0.5/2/5/24
0.5,2,5,24,1000,800,constant,pam,0,1,1.0,2,1,1,1,0,mixture/0.5/2/5/24
0.5,2,5,25,1000,800,constant,single,0,1,1.0,2,1,1,,,mixture/0.5/2/5/25
0.5,2,5,25,1000,800,constant,complete,0,1,1.0,2,1,1,,,mixture/0.5/2/5/25
0.5,2,5,25,1000,800,constant,average,0,1,1.0,2,1,1,,,mixture/0.5/2/5/25
0.5,2,5,25,1000,800,constant,pam,0,1,1.0,2,1,1,1,0,mixture/0.5/2/5/25
0.5,2,5,26,1000,800,constant,single,0,1,1.0,2,1,1,,,mixture/0.5/2/5/26
0.5,2,5,26,1000,800,constant,complete,0,1,1.0,2,1,1,,,mixture/0.5/2/5/26
0.5,2,5,26,1000,800,constant,average,0,1,1.0,2,1,1,,,mixture/0.5/2/5/26
0.5,2,5,26,1000,800,constant,pam,0,1,1.0,2,1,1,1,0,mixture/0.5/2/5/26
0.5,2,5,27,1000,800,constant,single,0,1,1.0,2,1,1,,,mixture/0.5/2/5/27
0.5,2,5,27,1000,800,constant,complete,0,1,1.0,2,1,1,,,mixture/0.5/2/5/27
0.5,2,5,27,1000,800,constant,average,0,1,1.0,2,1,1,,,mixture/0.5/2/5/27
0.5,2,5,27,1000,800,constant,pam,0,1,1.0,2,1,1,1,0,mixture/0.5/2/5/27
0.5,2,5,28,1000,800,constant,single,0,0,0.0,2,1,0,,,mixture/0.5/2/5/28
0.5,2,5,28,1000,800,constant,complete,0,1,1.0,2,1,1,,,mixture/0.5/2/5/28
0.5,2,5,28,1000,800,constant,average,0,1,1.0,2,1,1,,,mixture/0.5/2/5/28
0.5,2,5,28,1000,800,constant,pam,0,1,1.0,2,1,1,1,0,mixture/0.5/2/5/28
0.5,2,5,29,1000,800,constant,single,0,1,1.0,2,1,1,,,mixture/0.5/2/5/29
0.5,2,5,29,1000,800,constant,complete,0,1,1.0,2,1,1,,,mixture/0.5/2/5/29
0.5,2,5,29,1000,800,constant,average,0,1,1.0,2,1,1,,,mixture/0.5/2/5/29
0.5,2,5,29,1000,800,constant,pam,0,1,1.0,2,1,1,1,0,mixture/0.5/2/5/29
0.5,3,5,0,1000,800,constant,single,0,0,0.5894424551472859,2,0,0,,,mixture/0.5/3/5/0
0.5,3,5,0,1000,800,constant,complete,0,1,1.0,2,0,0,,,mixture/0.5/3/5/0
0.5,3,5,0,1000,800,constant,average,0,1,1.0,2,0,0,,,mixture/0.5/3/5/0
0.5,3,5,0,1000,800,constant,pam,0,0,0.9927061202770956,2,0,0,1,0,mixture/0.5/3/5/0
0.5,3,5,1,1000,800,constant,single,0,1,1.0,3,1,1,,,mixture/0.5/3/5/1
0.5,3,5,1,1000,800,constant,complete,0,1,1.0,3,1,1,,,mixture/0.5/3/5/1
0.5,3,5,1,1000,800,constant,average,0,1,1.0,3,1,1,,,mixture/0.5/3/5/1
0.5,3,5,1,1000,800,constant,pam,0,1,1.0,3,1,1,1,0,mixture/0.5/3/5/1
0.5,3,5,2,1000,800,constant,single,0,1,1.0,3,1,1,,,mixture/0.5/3/5/2
0.5,3,5,2,1000,800,constant,complete,0,1,1.0,3,1,1,,,mixture/0.5/3/5/2
0.5,3,5,2,1000,800,constant,average,0,1,1.0,3,1,1,,,mixture/0.5/3/5/2
0.5,3,5,2,1000,800,constant,pam,0,1,1.0,3,1,1,1,0,mixture/0.5/3/5/2
0.5,3,5,3,1000,800,constant,single,0,1,1.0,3,1,1,,,mixture/0.5/3/5/3
0.5,3,5,3,1000,800,constant,complete,0,1,1.0,3,1,1,,,mixture/0.5/3/5/3
0.5,3,5,3,1000,800,constant,average,0,1,1.0,3,1,1,,,mixture/0.5/3/5/3
0.5,3,5,3,1000,800,constant,pam,0,1,1.0,3,1,1,1,0,mixture/0.5/3/5/3
0.5,3,5,4,1000,800,constant,single,0,1,1.0,3,1,1,,,mixture/0.5/3/5/4
0.5,3,5,4,1000,800,constant,complete,0,1,1.0,3,1,1,,,mixture/0.5/3/5/4
0.5,3,5,4,1000,800,constant,average,0,1,1.0,3,1,1,,,mixture/0.5/3/5/4
0.5,3,5,4,1000,800,constant,pam,0,1,1.0,3,1,1,1,0,mixture/0.5/3/5/4
0.5,3,5,5,1000,800,constant,single,0,0,0.587950499051953,3,1,0,,,mixture/0.5/3/5/5
0.5,3,5,5,1000,800,constant,complete,0,1,1.0,3,1,1,,,mixture/0.5/3/5/5
0.5,3,5,5,1000,800,constant,average,0,1,1.0,3,1,1,,,mixture/0.5/3/5/5
0.5,3,5,5,1000,800,constant,pam,0,1,1.0,3,1,1,1,0,mixture/0.5/3/5/5
0.5,3,5,6,1000,800,constant,single,0,1,1.0,3,1,1,,,mixture/0.5/3/5/6
0.5,3,5,6,1000,800,constant,complete,0,1,1.0,3,1,1,,,mixture/0.5/3/5/6
0.5,3,5,6,1000,800,constant,average,0,1,1.0,3,1,1,,,mixture/0.5/3/5/6
0.5,3,5,6,1000,800,constant,pam,0,1,1.0,3,1,1,1,0,mixture/0.5/3/5/6
0.5,3,5,7,1000,800,constant,single,0,1,1.0,3,1,1,,,mixture/0.5/3/5/7
0.5,3,5,7,1000,800,constant,complete,0,1,1.0,3,1,1,,,mixture/0.5/3/5/7
0.5,3,5,7,1000,800,constant,average,0,1,1.0,3,1,1,,,mixture/0.5/3/5/7
0.5,3,5,7,1000,800,constant,pam,0,1,1.0,3,1,1,1,0,mixture/0.5/3/5/7
0.5,3,5,8,1000,800,constant,single,0,1,1.0,3,1,1,,,mixture/0.5/3/5/8
0.5,3,5,8,1000,800,constant,complete,0,1,1.0,3,1,1,,,mixture/0.5/3/5/8
0.5,3,5,8,1000,800,constant,average,0,1,1.0,3,1,1,,,mixture/0.5/3/5/8
0.5,3,5,8,1000,800,constant,pam,0,1,1.0,3,1,1,1,0,mixture/0.5/3/5/8
0.5,3,5,9,1000,800,constant,single,0,1,1.0,3,1,1,,,mixture/0.5/3/5/9
0.5,3,5,9,1000,800,constant,complete,0,1,1.0,3,1,1,,,mixture/0.5/3/5/9
0.5,3,5,9,1000,800,constant,average,0,1,1.0,3,1,1,,,mixture/0.5/3/5/9
0.5,3,5,9,1000,800,constant,pam,0,1,1.0,3,1,1,1,0,mixture/0.5/3/5/9
0.5,3,5,10,1000,800,constant,single,0,1,1.0,3,1,1,,,mixture/0.5/3/5/10
0.5,3,5,10,1000,800,constant,complete,0,1,1.0,3,1,1,,,mixture/0.5/3/5/10
0.5,3,5,10,1000,800,constant,average,0,1,1.0,3,1,1,,,mixture/0.5/3/5/10
0.5,3,5,10,1000,800,constant,pam,0,1,1.0,3,1,1,1,0,mixture/0.5/3/5/10
0.5,3,5,11,1000,800,constant,single,0,1,1.0,3,1,1,,,mixture/0.5/3/5/11
0.5,3,5,11,1000,800,constant,complete,0,1,1.0,3,1,1,,,mixture/0.5/3/5/11
0.5,3,5,11,1000,800,constant,average,0,1,1.0,3,1,1,,,mixture/0.5/3/5/11
0.5,3,5,11,1000,800,constant,pam,0,1,1.0,3,1,1,1,0,mixture/0.5/3/5/11
0.5,3,5,12,1000,800,constant,single,0,1,1.0,3,1,1,,,mixture/0.5/3/5/12
0.5,3,5,12,1000,800,constant,complete,0,1,1.0,3,1,1,,,mixture/0.5/3/5/12
0.5,3,5,12,1000,800,constant,average,0,1,1.0,3,1,1,,,mixture/0.5/3/5/12
0.5,3,5,12,1000,800,constant,pam,0,1,1.0,3,1,1,1,0,mixture/0.5/3/5/12
0.5,3,5,13,1000,800,constant,single,0,1,1.0,2,0,0,,,mixture/0.5/3/5/13
0.5,3,5,13,1000,800,constant,complete,0,1,1.0,2,0,0,,,mixture/0.5/3/5/13
0.5,3,5,13,1000,800,constant,average,0,1,1.0,2,0,0,,,mixture/0.5/3/5/13
0.5,3,5,13,1000,800,constant,pam,0,1,1.0,2,0,0,1,0,mixture/0.5/3/5/13
0.5,3,5,14,1000,800,constant,single,0,1,1.0,3,1,1,,,mixture/0.5/3/5/14
0.5,3,5,14,1000,800,constant,complete,0,1,1.0,3,1,1,,,mixture/0.5/3/5/14
0.5,3,5,14,1000,800,constant,average,0,1,1.0,3,1,1,,,mixture/0.5/3/5/14
0.5,3,5,14,1000,800,constant,pam,0,1,1.0,3,1,1,1,0,mixture/0.5/3/5/14
0.5,3,5,15,1000,800,constant,single,0,0,0.5337624054991704,3,1,0,,,mixture/0.5/3/5/15
0.5,3,5,15,1000,800,constant,complete,0,0,0.43331344760291113,3,1,0,,,mixture/0.5/3/5/15
0.5,3,5,15,1000,800,constant,average,0,0,0.5337624054991704,3,1,0,,,mixture/0.5/3/5/15
0.5,3,5,15,1000,800,constant,pam,0,1,1.0,3,1,1,1,0,mixture/0.5/3/5/15
0.5,3,5,16,1000,800,constant,single,0,1,1.0,3,1,1,,,mixture/0.5/3/5/16
0.5,3,5,16,1000,800,constant,complete,0,1,1.0,3,1,1,,,mixture/0.5/3/5/16
0.5,3,5,16,1000,800,constant,average,0,1,1.0,3,1,1,,,mixture/0.5/3/5/16
0.5,3,5,16,1000,800,constant,pam,0,1,1.0,3,1,1,1,0,mixture/0.5/3/5/16
0.5,3,5,17,1000,800,constant,single,0,1,1.0,3,1,1,,,mixture/0.5/3/5/17
0.5,3,5,17,1000,800,constant,complete,0,1,1.0,3,1,1,,,mixture/0.5/3/5/17
0.5,3,5,17,1000,800,constant,average,0,1,1.0,3,1,1,,,mixture/0.5/3/5/17
0.5,3,5,17,1000,800,constant,pam,0,1,1.0,3,1,1,1,0,mixture/0.5/3/5/17
0.5,3,5,18,1000,800,constant,single,0,1,1.0,3,1,1,,,mixture/0.5/3/5/18
0.5,3,5,18,1000,800,constant,complete,0,1,1.0,3,1,1,,,mixture/0.5/3/5/18
0.5,3,5,18,1000,800,constant,average,0,1,1.0,3,1,1,,,mixture/0.5/3/5/18
0.5,3,5,18,1000,800,constant,pam,0,1,1.0,3,1,1,1,0,mixture/0.5/3/5/18
0.5,3,5,19,1000,800,constant,single,0,1,1.0,3,1,1,,,mixture/0.5/3/5/19
0.5,3,5,19,1000,800,constant,complete,0,1,1.0,3,1,1,,,mixture/0.5/3/5/19
0.5,3,5,19,1000,800,constant,average,0,1,1.0,3,1,1,,,mixture/0.5/3/5/19
0.5,3,5,19,1000,800,constant,pam,0,1,1.0,3,1,1,1,0,mixture/0.5/3/5/19
0.5,3,5,20,1000,800,constant,single,0,1,1.0,3,1,1,,,mixture/0.5/3/5/20
0.5,3,5,20,1000,800,constant,complete,0,1,1.0,3,1,1,,,mixture/0.5/3/5/20
0.5,3,5,20,1000,800,constant,average,0,1,1.0,3,1,1,,,mixture/0.5/3/5/20
0.5,3,5,20,1000,800,constant,pam,0,1,1.0,3,1,1,1,0,mixture/0.5/3/5/20
0.5,3,5,21,1000,800,constant,single,0,1,1.0,3,1,1,,,mixture/0.5/3/5/21
0.5,3,5,21,1000,800,constant,complete,0,1,1.0,3,1,1,,,mixture/0.5/3/5/21
0.5,3,5,21,1000,800,constant,average,0,1,1.0,3,1,1,,,mixture/0.5/3/5/21
0.5,3,5,21,1000,800,constant,pam,0,1,1.0,3,1,1,1,0,mixture/0.5/3/5/21
0.5,3,5,22,1000,800,constant,single,0,1,1.0,3,1,1,,,mixture/0.5/3/5/22
0.5,3,5,22,1000,800,constant,complete,0,1,1.0,3,1,1,,,mixture/0.5/3/5/22
0.5,3,5,22,1000,800,constant,average,0,1,1.0,3,1,1,,,mixture/0.5/3/5/22
0.5,3,5,22,1000,800,constant,pam,0,1,1.0,3,1,1,1,0,mixture/0.5/3/5/22
0.5,3,5,23,1000,800,constant,single,0,1,1.0,3,1,1,,,mixture/0.5/3/5/23
0.5,3,5,23,1000,800,constant,complete,0,1,1.0,3,1,1,,,mixture/0.5/3/5/23
0.5,3,5,23,1000,800,constant,average,0,1,1.0,3,1,1,,,mixture/0.5/3/5/23
0.5,3,5,23,1000,800,constant,pam,0,1,1.0,3,1,1,1,0,mixture/0.5/3/5/23
0.5,3,5,24,1000,800,constant,single,0,1,1.0,3,1,1,,,mixture/0.5/3/5/24
0.5,3,5,24,1000,800,constant,complete,0,1,1.0,3,1,1,,,mixture/0.5/3/5/24
0.5,3,5,24,1000,800,constant,average,0,1,1.0,3,1,1,,,mixture/0.5/3/5/24
0.5,3,5,24,1000,800,constant,pam,0,1,1.0,3,1,1,1,0,mixture/0.5/3/5/24
0.5,3,5,25,1000,800,constant,single,0,1,1.0,3,1,1,,,mixture/0.5/3/5/25
0.5,3,5,25,1000,800,constant,complete,0,1,1.0,3,1,1,,,mixture/0.5/3/5/25
0.5,3,5,25,1000,800,constant,average,0,1,1.0,3,1,1,,,mixture/0.5/3/5/25
0.5,3,5,25,1000,800,constant,pam,0,1,1.0,3,1,1,1,0,mixture/0.5/3/5/25
0.5,3,5,26,1000,800,constant,single,0,1,1.0,3,1,1,,,mixture/0.5/3/5/26
0.5,3,5,26,1000,800,constant,complete,0,1,1.0,3,1,1,,,mixture/0.5/3/5/26
0.5,3,5,26,1000,800,constant,average,0,1,1.0,3,1,1,,,mixture/0.5/3/5/26
0.5,3,5,26,1000,800,constant,pam,0,1,1.0,3,1,1,1,0,mixture/0.5/3/5/26
0.5,3,5,27,1000,800,constant,single,0,1,1.0,3,1,1,,,mixture/0.5/3/5/27
0.5,3,5,27,1000,800,constant,complete,0,1,1.0,3,1,1,,,mixture/0.5/3/5/27
0.5,3,5,27,1000,800,constant,average,0,1,1.0,3,1,1,,,mixture/0.5/3/5/27
0.5,3,5,27,1000,800,constant,pam,0,1,1.0,3,1,1,1,0,mixture/0.5/3/5/27
0.5,3,5,28,1000,800,constant,single,0,1,1.0,3,1,1,,,mixture/0.5/3/5/28
0.5,3,5,28,1000,800,constant,complete,0,1,1.0,3,1,1,,,mixture/0.5/3/5/28
0.5,3,5,28,1000,800,constant,average,0,1,1.0,3,1,1,,,mixture/0.5/3/5/28
0.5,3,5,28,1000,800,constant,pam,0,1,1.0,3,1,1,1,0,mixture/0.5/3/5/28
0.5,3,5,29,1000,800,constant,single,0,1,1.0,3,1,1,,,mixture/0.5/3/5/29
0.5,3,5,29,1000,800,constant,complete,0,1,1.0,3,1,1,,,mixture/0.5/3/5/29
0.5,3,5,29,1000,800,constant,average,0,1,1.0,3,1,1,,,mixture/0.5/3/5/29
0.5,3,5,29,1000,800,constant,pam,0,1,1.0,3,1,1,1,0,mixture/0.5/3/5/29
0.5,4,5,0,1000,800,constant,single,0,1,1.0,4,1,1,,,mixture/0.5/4/5/0
0.5,4,5,0,1000,800,constant,complete,0,1,1.0,4,1,1,,,mixture/0.5/4/5/0
0.5,4,5,0,1000,800,constant,average,0,1,1.0,4,1,1,,,mixture/0.5/4/5/0
0.5,4,5,0,1000,800,constant,pam,0,1,1.0,4,1,1,1,0,mixture/0.5/4/5/0
0.5,4,5,1,1000,800,constant,single,0,1,1.0,4,1,1,,,mixture/0.5/4/5/1
0.5,4,5,1,1000,800,constant,complete,0,1,1.0,4,1,1,,,mixture/0.5/4/5/1
0.5,4,5,1,1000,800,constant,average,0,1,1.0,4,1,1,,,mixture/0.5/4/5/1
0.5,4,5,1,1000,800,constant,pam,0,1,1.0,4,1,1,1,0,mixture/0.5/4/5/1
0.5,4,5,2,1000,800,constant,single,0,1,1.0,4,1,1,,,mixture/0.5/4/5/2
0.5,4,5,2,1000,800,constant,complete,0,1,1.0,4,1,1,,,mixture/0.5/4/5/2
0.5,4,5,2,1000,800,constant,average,0,1,1.0,4,1,1,,,mixture/0.5/4/5/2
0.5,4,5,2,1000,800,constant,pam,0,1,1.0,4,1,1,1,0,mixture/0.5/4/5/2
0.5,4,5,3,1000,800,constant,single,0,1,1.0,4,1,1,,,mixture/0.5/4/5/3
0.5,4,5,3,1000,800,constant,complete,0,1,1.0,4,1,1,,,mixture/0.5/4/5/3
0.5,4,5,3,1000,800,constant,average,0,1,1.0,4,1,1,,,mixture/0.5/4/5/3
0.5,4,5,3,1000,800,constant,pam,0,1,1.0,4,1,1,1,0,mixture/0.5/4/5/3
0.5,4,5,4,1000,800,constant,single,0,1,1.0,4,1,1,,,mixture/0.5/4/5/4
0.5,4,5,4,1000,800,constant,complete,0,1,1.0,4,1,1,,,mixture/0.5/4/5/4
0.5,4,5,4,1000,800,constant,average,0,1,1.0,4,1,1,,,mixture/0.5/4/5/4
0.5,4,5,4,1000,800,constant,pam,0,1,1.0,4,1,1,1,0,mixture/0.5/4/5/4
0.5,4,5,5,1000,800,constant,single,0,0,0.6997639496534634,4,1,0,,,mixture/0.5/4/5/5
0.5,4,5,5,1000,800,constant,complete,0,1,1.0,4,1,1,,,mixture/0.5/4/5/5
0.5,4,5,5,1000,800,constant,average,0,1,1.0,4,1,1,,,mixture/0.5/4/5/5
0.5,4,5,5,1000,800,constant,pam,0,1,1.0,4,1,1,1,0,mixture/0.5/4/5/5
0.5,4,5,6,1000,800,constant,single,0,1,1.0,4,1,1,,,mixture/0.5/4/5/6
0.5,4,5,6,1000,800,constant,complete,0,1,1.0,4,1,1,,,mixture/0.5/4/5/6
0.5,4,5,6,1000,800,constant,average,0,1,1.0,4,1,1,,,mixture/0.5/4/5/6
0.5,4,5,6,1000,800,constant,pam,0,1,1.0,4,1,1,1,0,mixture/0.5/4/5/6
0.5,4,5,7,1000,800,constant,single,0,1,1.0,4,1,1,,,mixture/0.5/4/5/7
0.5,4,5,7,1000,800,constant,complete,0,1,1.0,4,1,1,,,mixture/0.5/4/5/7
0.5,4,5,7,1000,800,constant,average,0,1,1.0,4,1,1,,,mixture/0.5/4/5/7
0.5,4,5,7,1000,800,constant,pam,0,1,1.0,4,1,1,1,0,mixture/0.5/4/5/7
0.5,4,5,8,1000,800,constant,single,0,1,1.0,4,1,1,,,mixture/0.5/4/5/8
0.5,4,5,8,1000,800,constant,complete,0,1,1.0,4,1,1,,,mixture/0.5/4/5/8
0.5,4,5,8,1000,800,constant,average,0,1,1.0,4,1,1,,,mixture/0.5/4/5/8
0.5,4,5,8,1000,800,constant,pam,0,1,1.0,4,1,1,1,0,mixture/0.5/4/5/8
0.5,4,5,9,1000,800,constant,single,0,1,1.0,4,1,1,,,mixture/0.5/4/5/9
0.5,4,5,9,1000,800,constant,complete,0,1,1.0,4,1,1,,,mixture/0.5/4/5/9
0.5,4,5,9,1000,800,constant,average,0,1,1.0,4,1,1,,,mixture/0.5/4/5/9
0.5,4,5,9,1000,800,constant,pam,0,1,1.0,4,1,1,1,0,mixture/0.5/4/5/9
0.5,4,5,10,1000,800,constant,single,0,1,1.0,4,1,1,,,mixture/0.5/4/5/10
0.5,4,5,10,1000,800,constant,complete,0,1,1.0,4,1,1,,,mixture/0.5/4/5/10
0.5,4,5,10,1000,800,constant,average,0,1,1.0,4,1,1,,,mixture/0.5/4/5/10
0.5,4,5,10,1000,800,constant,pam,0,1,1.0,4,1,1,1,0,mixture/0.5/4/5/10
0.5,4,5,11,1000,800,constant,single,0,1,1.0,4,1,1,,,mixture/0.5/4/5/11
0.5,4,5,11,1000,800,constant,complete,0,1,1.0,4,1,1,,,mixture/0.5/4/5/11
0.5,4,5,11,1000,800,constant,average,0,1,1.0,4,1,1,,,mixture/0.5/4/5/11
0.5,4,5,11,1000,800,constant,pam,0,1,1.0,4,1,1,1,0,mixture/0.5/4/5/11
0.5,4,5,12,1000,800,constant,single,0,1,1.0,4,1,1,,,mixture/0.5/4/5/12
0.5,4,5,12,1000,800,constant,complete,0,1,1.0,4,1,1,,,mixture/0.5/4/5/12
0.5,4,5,12,1000,800,constant,average,0,1,1.0,4,1,1,,,mixture/0.5/4/5/12
0.5,4,5,12,1000,800,constant,pam,0,1,1.0,4,1,1,1,0,mixture/0.5/4/5/12
0.5,4,5,13,1000,800,constant,single,0,1,1.0,3,0,0,,,mixture/0.5/4/5/13
0.5,4,5,13,1000,800,constant,complete,0,1,1.0,3,0,0,,,mixture/0.5/4/5/13
0.5,4,5,13,1000,800,constant,average,0,1,1.0,3,0,0,,,mixture/0.5/4/5/13
0.5,4,5,13,1000,800,constant,pam,0,1,1.0,3,0,0,1,0,mixture/0.5/4/5/13
0.5,4,5,14,1000,800,constant,single,0,1,1.0,4,1,1,,,mixture/0.5/4/5/14
0.5,4,5,14,1000,800,constant,complete,0,1,1.0,4,1,1,,,mixture/0.5/4/5/14
0.5,4,5,14,1000,800,constant,average,0,1,1.0,4,1,1,,,mixture/0.5/4/5/14
0.5,4,5,14,1000,800,constant,pam,0,1,1.0,4,1,1,1,0,mixture/0.5/4/5/14
0.5,4,5,15,1000,800,constant,single,0,1,1.0,4,1,1,,,mixture/0.5/4/5/15
0.5,4,5,15,1000,800,constant,complete,0,1,1.0,4,1,1,,,mixture/0.5/4/5/15
0.5,4,5,15,1000,800,constant,average,0,1,1.0,4,1,1,,,mixture/0.5/4/5/15
0.5,4,5,15,1000,800,constant,pam,0,1,1.0,4,1,1,1,0,mixture/0.5/4/5/15
0.5,4,5,16,1000,800,constant,single,0,1,1.0,4,1,1,,,mixture/0.5/4/5/16
0.5,4,5,16,1000,800,constant,complete,0,1,1.0,4,1,1,,,mixture/0.5/4/5/16
0.5,4,5,16,1000,800,constant,average,0,1,1.0,4,1,1,,,mixture/0.5/4/5/16
0.5,4,5,16,1000,800,constant,pam,0,1,1.0,4,1,1,1,0,mixture/0.5/4/5/16
0.5,4,5,17,1000,800,constant,single,0,1,1.0,4,1,1,,,mixture/0.5/4/5/17
0.5,4,5,17,1000,800,constant,complete,0,1,1.0,4,1,1,,,mixture/0.5/4/5/17
0.5,4,5,17,1000,800,constant,average,0,1,1.0,4,1,1,,,mixture/0.5/4/5/17
0.5,4,5,17,1000,800,constant,pam,0,1,1.0,4,1,1,1,0,mixture/0.5/4/5/17
0.5,4,5,18,1000,800,constant,single,0,1,1.0,4,1,1,,,mixture/0.5/4/5/18
0.5,4,5,18,1000,800,constant,complete,0,1,1.0,4,1,1,,,mixture/0.5/4/5/18
0.5,4,5,18,1000,800,constant,average,0,1,1.0,4,1,1,,,mixture/0.5/4/5/18
0.5,4,5,18,1000,800,constant,pam,0,1,1.0,4,1,1,1,0,mixture/0.5/4/5/18
0.5,4,5,19,1000,800,constant,single,0,1,1.0,4,1,1,,,mixture/0.5/4/5/19
0.5,4,5,19,1000,800,constant,complete,0,1,1.0,4,1,1,,,mixture/0.5/4/5/19
0.5,4,5,19,1000,800,constant,average,0,1,1.0,4,1,1,,,mixture/0.5/4/5/19
0.5,4,5,19,1000,800,constant,pam,0,1,1.0,4,1,1,1,0,mixture/0.5/4/5/19
0.5,4,5,20,1000,800,constant,single,0,1,1.0,3,0,0,,,mixture/0.5/4/5/20
0.5,4,5,20,1000,800,constant,complete,0,1,1.0,3,0,0,,,mixture/0.5/4/5/20
0.5,4,5,20,1000,800,constant,average,0,1,1.0,3,0,0,,,mixture/0.5/4/5/20
0.5,4,5,20,1000,800,constant,pam,0,1,1.0,3,0,0,1,0,mixture/0.5/4/5/20
0.5,4,5,21,1000,800,constant,single,0,1,1.0,4,1,1,,,mixture/0.5/4/5/21
0.5,4,5,21,1000,800,constant,complete,0,1,1.0,4,1,1,,,mixture/0.5/4/5/21
0.5,4,5,21,1000,800,constant,average,0,1,1.0,4,1,1,,,mixture/0.5/4/5/21
0.5,4,5,21,1000,800,constant,pam,0,1,1.0,4,1,1,1,0,mixture/0.5/4/5/21
0.5,4,5,22,1000,800,constant,single,0,1,1.0,4,1,1,,,mixture/0.5/4/5/22
0.5,4,5,22,1000,800,constant,complete,0,1,1.0,4,1,1,,,mixture/0.5/4/5/22
0.5,4,5,22,1000,800,constant,average,0,1,1.0,4,1,1,,,mixture/0.5/4/5/22
0.5,4,5,22,1000,800,constant,pam,0,1,1.0,4,1,1,1,0,mixture/0.5/4/5/22
0.5,4,5,23,1000,800,constant,single,0,1,1.0,4,1,1,,,mixture/0.5/4/5/23
0.5,4,5,23,1000,800,constant,complete,0,1,1.0,4,1,1,,,mixture/0.5/4/5/23
0.5,4,5,23,1000,800,constant,average,0,1,1.0,4,1,1,,,mixture/0.5/4/5/23
0.5,4,5,23,1000,800,constant,pam,0,1,1.0,4,1,1,1,0,mixture/0.5/4/5/23
0.5,4,5,24,1000,800,constant,single,0,1,1.0,4,1,1,,,mixture/0.5/4/5/24
0.5,4,5,24,1000,800,constant,complete,0,1,1.0,4,1,1,,,mixture/0.5/4/5/24
0.5,4,5,24,1000,800,constant,average,0,1,1.0,4,1,1,,,mixture/0.5/4/5/24
0.5,4,5,24,1000,800,constant,pam,0,1,1.0,4,1,1,1,0,mixture/0.5/4/5/24
0.5,4,5,25,1000,800,constant,single,0,1,1.0,4,1,1,,,mixture/0.5/4/5/25
0.5,4,5,25,1000,800,constant,complete,0,1,1.0,4,1,1,,,mixture/0.5/4/5/25
0.5,4,5,25,1000,800,constant,average,0,1,1.0,4,1,1,,,mixture/0.5/4/5/25
0.5,4,5,25,1000,800,constant,pam,0,1,1.0,4,1,1,1,0,mixture/0.5/4/5/25
0.5,4,5,26,1000,800,constant,single,0,1,1.0,4,1,1,,,mixture/0.5/4/5/26
0.5,4,5,26,1000,800,constant,complete,0,1,1.0,4,1,1,,,mixture/0.5/4/5/26
0.5,4,5,26,1000,800,constant,average,0,1,1.0,4,1,1,,,mixture/0.5/4/5/26
0.5,4,5,26,1000,800,constant,pam,0,1,1.0,4,1,1,1,0,mixture/0.5/4/5/26
0.5,4,5,27,1000,800,constant,single,0,1,1.0,4,1,1,,,mixture/0.5/4/5/27
0.5,4,5,27,1000,800,constant,complete,0,1,1.0,4,1,1,,,mixture/0.5/4/5/27
0.5,4,5,27,1000,800,constant,average,0,1,1.0,4,1,1,,,mixture/0.5/4/5/27
0.5,4,5,27,1000,800,constant,pam,0,1,1.0,4,1,1,1,0,mixture/0.5/4/5/27
0.5,4,5,28,1000,800,constant,single,0,0,0.7204737320777075,4,1,0,,,mixture/0.5/4/5/28
0.5,4,5,28,1000,800,constant,complete,0,1,1.0,4,1,1,,,mixture/0.5/4/5/28
0.5,4,5,28,1000,800,constant,average,0,0,0.7204737320777075,4,1,0,,,mixture/0.5/4/5/28
0.5,4,5,28,1000,800,constant,pam,0,0,0.9966325876951789,4,1,0,1,0,mixture/0.5/4/5/28
0.5,4,5,29,1000,800,constant,single,0,1,1.0,4,1,1,,,mixture/0.5/4/5/29
0.5,4,5,29,1000,800,constant,complete,0,1,1.0,4,1,1,,,mixture/0.5/4/5/29
0.5,4,5,29,1000,800,constant,average,0,1,1.0,4,1,1,,,mixture/0.5/4/5/29
0.5,4,5,29,1000,800,constant,pam,0,1,1.0,4,1,1,1,0,mixture/0.5/4/5/29
0.5,5,5,0,1000,800,constant,single,0,1,1.0,2,0,0,,,mixture/0.5/5/5/0
0.5,5,5,0,1000,800,constant,complete,0,1,1.0,2,0,0,,,mixture/0.5/5/5/0
0.5,5,5,0,1000,800,constant,average,0,1,1.0,2,0,0,,,mixture/0.5/5/5/0
0.5,5,5,0,1000,800,constant,pam,0,1,1.0,2,0,0,1,0,mixture/0.5/5/5/0
0.5,5,5,1,1000,800,constant,single,0,1,1.0,4,0,0,,,mixture/0.5/5/5/1
0.5,5,5,1,1000,800,constant,complete,0,1,1.0,4,0,0,,,mixture/0.5/5/5/1
0.5,5,5,1,1000,800,constant,average,0,1,1.0,4,0,0,,,mixture/0.5/5/5/1
0.5,5,5,1,1000,800,constant,pam,0,1,1.0,4,0,0,1,0,mixture/0.5/5/5/1
0.5,5,5,2,1000,800,constant,single,0,1,1.0,5,1,1,,,mixture/0.5/5/5/2
0.5,5,5,2,1000,800,constant,complete,0,1,1.0,5,1,1,,,mixture/0.5/5/5/2
0.5,5,5,2,1000,800,constant,average,0,1,1.0,5,1,1,,,mixture/0.5/5/5/2
0.5,5,5,2,1000,800,constant,pam,0,1,1.0,5,1,1,1,0,mixture/0.5/5/5/2
0.5,5,5,3,1000,800,constant,single,0,1,1.0,5,1,1,,,mixture/0.5/5/5/3
0.5,5,5,3,1000,800,constant,complete,0,1,1.0,5,1,1,,,mixture/0.5/5/5/3
0.5,5,5,3,1000,800,constant,average,0,1,1.0,5,1,1,,,mixture/0.5/5/5/3
0.5,5,5,3,1000,800,constant,pam,0,1,1.0,5,1,1,1,0,mixture/0.5/5/5/3
0.5,5,5,4,1000,800,constant,single,0,0,0.488292452880566,5,1,0,,,mixture/0.5/5/5/4
0.5,5,5,4,1000,800,constant,complete,0,1,1.0,5,1,1,,,mixture/0.5/5/5/4
0.5,5,5,4,1000,800,constant,average,0,1,1.0,5,1,1,,,mixture/0.5/5/5/4
0.5,5,5,4,1000,800,constant,pam,0,1,1.0,5,1,1,1,0,mixture/0.5/5/5/4
0.5,5,5,5,1000,800,constant,single,0,1,1.0,5,1,1,,,mixture/0.5/5/5/5
0.5,5,5,5,1000,800,constant,complete,0,1,1.0,5,1,1,,,mixture/0.5/5/5/5
0.5,5,5,5,1000,800,constant,average,0,1,1.0,5,1,1,,,mixture/0.5/5/5/5
0.5,5,5,5,1000,800,constant,pam,0,1,1.0,5,1,1,1,0,mixture/0.5/5/5/5
0.5,5,5,6,1000,800,constant,single,0,0,0.781061512812974,5,1,0,,,mixture/0.5/5/5/6
0.5,5,5,6,1000,800,constant,complete,0,1,1.0,5,1,1,,,mixture/0.5/5/5/6
0.5,5,5,6,1000,800,constant,average,0,1,1.0,5,1,1,,,mixture/0.5/5/5/6
0.5,5,5,6,1000,800,constant,pam,0,1,1.0,5,1,1,1,0,mixture/0.5/5/5/6
0.5,5,5,7,1000,800,constant,single,0,1,1.0,5,1,1,,,mixture/0.5/5/5/7
0.5,5,5,7,1000,800,constant,complete,0,1,1.0,5,1,1,,,mixture/0.5/5/5/7
0.5,5,5,7,1000,800,constant,average,0,1,1.0,5,1,1,,,mixture/0.5/5/5/7
0.5,5,5,7,1000,800,constant,pam,0,1,1.0,5,1,1,1,0,mixture/0.5/5/5/7
0.5,5,5,8,1000,800,constant,single,0,0,0.4855452979452487,5,1,0,,,mixture/0.5/5/5/8
0.5,5,5,8,1000,800,constant,complete,0,1,1.0,5,1,1,,,mixture/0.5/5/5/8
0.5,5,5,8,1000,800,constant,average,0,0,0.790205680368082,5,1,0,,,mixture/0.5/5/5/8
0.5,5,5,8,1000,800,constant,pam,0,1,1.0,5,1,1,1,0,mixture/0.5/5/5/8
0.5,5,5,9,1000,800,constant,single,0,0,0.7969481625590119,5,1,0,,,mixture/0.5/5/5/9
0.5,5,5,9,1000,800,constant,complete,0,1,1.0,5,1,1,,,mixture/0.5/5/5/9
0.5,5,5,9,1000,800,constant,average,0,1,1.0,5,1,1,,,mixture/0.5/5/5/9
0.5,5,5,9,1000,800,constant,pam,0,1,1.0,5,1,1,1,0,mixture/0.5/5/5/9
0.5,5,5,10,1000,800,constant,single,0,1,1.0,5,1,1,,,mixture/0.5/5/5/10
0.5,5,5,10,1000,800,constant,complete,0,1,1.0,5,1,1,,,mixture/0.5/5/5/10
0.5,5,5,10,1000,800,constant,average,0,1,1.0,5,1,1,,,mixture/0.5/5/5/10
0.5,5,5,10,1000,800,constant,pam,0,1,1.0,5,1,1,1,0,mixture/0.5/5/5/10
0.5,5,5,11,1000,800,constant,single,0,1,1.0,5,1,1,,,mixture/0.5/5/5/11
0.5,5,5,11,1000,800,constant,complete,0,1,1.0,5,1,1,,,mixture/0.5/5/5/11
0.5,5,5,11,1000,800,constant,average,0,1,1.0,5,1,1,,,mixture/0.5/5/5/11
0.5,5,5,11,1000,800,constant,pam,0,1,1.0,5,1,1,1,0,mixture/0.5/5/5/11
0.5,5,5,12,1000,800,constant,single,0,0,0.7957553402014308,5,1,0,,,mixture/0.5/5/5/12
0.5,5,5,12,1000,800,constant,complete,0,0,0.7419916292161519,5,1,0,,,mixture/0.5/5/5/12
0.5,5,5,12,1000,800,constant,average,0,1,1.0,5,1,1,,,mixture/0.5/5/5/12
0.5,5,5,12,1000,800,constant,pam,0,1,1.0,5,1,1,1,0,mixture/0.5/5/5/12
0.5,5,5,13,1000,800,constant,single,0,1,1.0,4,0,0,,,mixture/0.5/5/5/13
0.5,5,5,13,1000,800,constant,complete,0,1,1.0,4,0,0,,,mixture/0.5/5/5/13
0.5,5,5,13,1000,800,constant,average,0,1,1.0,4,0,0,,,mixture/0.5/5/5/13
0.5,5,5,13,1000,800,constant,pam,0,1,1.0,4,0,0,1,0,mixture/0.5/5/5/13
0.5,5,5,14,1000,800,constant,single,0,0,0.7650706998011029,5,1,0,,,mixture/0.5/5/5/14
0.5,5,5,14,1000,800,constant,complete,0,1,1.0,5,1,1,,,mixture/0.5/5/5/14
0.5,5,5,14,1000,800,constant,average,0,0,0.7650706998011029,5,1,0,,,mixture/0.5/5/5/14
0.5,5,5,14,1000,800,constant,pam,0,1,1.0,5,1,1,1,0,mixture/0.5/5/5/14
0.5,5,5,15,1000,800,constant,single,0,1,1.0,5,1,1,,,mixture/0.5/5/5/15
0.5,5,5,15,1000,800,constant,complete,0,1,1.0,5,1,1,,,mixture/0.5/5/5/15
0.5,5,5,15,1000,800,constant,average,0,1,1.0,5,1,1,,,mixture/0.5/5/5/15
0.5,5,5,15,1000,800,constant,pam,0,1,1.0,5,1,1,1,0,mixture/0.5/5/5/15
0.5,5,5,16,1000,800,constant,single,0,0,0.7900534397557022,5,1,0,,,mixture/0.5/5/5/16
0.5,5,5,16,1000,800,constant,complete,0,0,0.7431606304090251,5,1,0,,,mixture/0.5/5/5/16
0.5,5,5,16,1000,800,constant,average,0,1,1.0,5,1,1,,,mixture/0.5/5/5/16
0.5,5,5,16,1000,800,constant,pam,0,1,1.0,5,1,1,1,0,mixture/0.5/5/5/16
0.5,5,5,17,1000,800,constant,single,0,1,1.0,5,1,1,,,mixture/0.5/5/5/17
0.5,5,5,17,1000,800,constant,complete,0,1,1.0,5,1,1,,,mixture/0.5/5/5/17
0.5,5,5,17,1000,800,constant,average,0,1,1.0,5,1,1,,,mixture/0.5/5/5/17
0.5,5,5,17,1000,800,constant,pam,0,1,1.0,5,1,1,1,0,mixture/0.5/5/5/17
0.5,5,5,18,1000,800,constant,single,0,1,1.0,5,1,1,,,mixture/0.5/5/5/18
0.5,5,5,18,1000,800,constant,complete,0,1,1.0,5,1,1,,,mixture/0.5/5/5/18
0.5,5,5,18,1000,800,constant,average,0,1,1.0,5,1,1,,,mixture/0.5/5/5/18
0.5,5,5,18,1000,800,constant,pam,0,1,1.0,5,1,1,1,0,mixture/0.5/5/5/18
0.5,5,5,19,1000,800,constant,single,0,0,0.770477233567907,5,1,0,,,mixture/0.5/5/5/19
0.5,5,5,19,1000,800,constant,complete,0,1,1.0,5,1,1,,,mixture/0.5/5/5/19
0.5,5,5,19,1000,800,constant,average,0,1,1.0,5,1,1,,,mixture/0.5/5/5/19
0.5,5,5,19,1000,800,constant,pam,0,1,1.0,5,1,1,1,0,mixture/0.5/5/5/19
0.5,5,5,20,1000,800,constant,single,0,0,0.7881334965777274,5,1,0,,,mixture/0.5/5/5/20
0.5,5,5,20,1000,800,constant,complete,0,1,1.0,5,1,1,,,mixture/0.5/5/5/20
0.5,5,5,20,1000,800,constant,average,0,0,0.7865727610955892,5,1,0,,,mixture/0.5/5/5/20
0.5,5,5,20,1000,800,constant,pam,0,1,1.0,5,1,1,1,0,mixture/0.5/5/5/20
0.5,5,5,21,1000,800,constant,single,0,1,1.0,5,1,1,,,mixture/0.5/5/5/21
0.5,5,5,21,1000,800,constant,complete,0,1,1.0,5,1,1,,,mixture/0.5/5/5/21
0.5,5,5,21,1000,800,constant,average,0,1,1.0,5,1,1,,,mixture/0.5/5/5/21
0.5,5,5,21,1000,800,constant,pam,0,1,1.0,5,1,1,1,0,mixture/0.5/5/5/21
0.5,5,5,22,1000,800,constant,single,0,1,1.0,5,1,1,,,mixture/0.5/5/5/22
0.5,5,5,22,1000,800,constant,complete,0,1,1.0,5,1,1,,,mixture/0.5/5/5/22
0.5,5,5,22,1000,800,constant,average,0,1,1.0,5,1,1,,,mixture/0.5/5/5/22
0.5,5,5,22,1000,800,constant,pam,0,1,1.0,5,1,1,1,0,mixture/0.5/5/5/22
0.5,5,5,23,1000,800,constant,single,0,1,1.0,5,1,1,,,mixture/0.5/5/5/23
0.5,5,5,23,1000,800,constant,complete,0,1,1.0,5,1,1,,,mixture/0.5/5/5/23
0.5,5,5,23,1000,800,constant,average,0,1,1.0,5,1,1,,,mixture/0.5/5/5/23
0.5,5,5,23,1000,800,constant,pam,0,1,1.0,5,1,1,1,0,mixture/0.5/5/5/23
0.5,5,5,24,1000,800,constant,single,0,1,1.0,3,0,0,,,mixture/0.5/5/5/24
0.5,5,5,24,1000,800,constant,complete,0,1,1.0,3,0,0,,,mixture/0.5/5/5/24
0.5,5,5,24,1000,800,constant,average,0,1,1.0,3,0,0,,,mixture/0.5/5/5/24
0.5,5,5,24,1000,800,constant,pam,0,1,1.0,3,0,0,1,0,mixture/0.5/5/5/24
0.5,5,5,25,1000,800,constant,single,0,0,0.6103138377894611,4,0,0,,,mixture/0.5/5/5/25
0.5,5,5,25,1000,800,constant,complete,0,0,0.5813632550845137,4,0,0,,,mixture/0.5/5/5/25
0.5,5,5,25,1000,800,constant,average,0,0,0.6103138377894611,4,0,0,,,mixture/0.5/5/5/25
0.5,5,5,25,1000,800,constant,pam,0,0,0.9971693029592366,4,0,0,1,0,mixture/0.5/5/5/25
0.5,5,5,26,1000,800,constant,single,0,1,1.0,5,1,1,,,mixture/0.5/5/5/26
0.5,5,5,26,1000,800,constant,complete,0,1,1.0,5,1,1,,,mixture/0.5/5/5/26
0.5,5,5,26,1000,800,constant,average,0,1,1.0,5,1,1,,,mixture/0.5/5/5/26
0.5,5,5,26,1000,800,constant,pam,0,1,1.0,5,1,1,1,0,mixture/0.5/5/5/26
0.5,5,5,27,1000,800,constant,single,0,0,0.8096716794131419,5,1,0,,,mixture/0.5/5/5/27
0.5,5,5,27,1000,800,constant,complete,0,1,1.0,5,1,1,,,mixture/0.5/5/5/27
0.5,5,5,27,1000,800,constant,average,0,1,1.0,5,1,1,,,mixture/0.5/5/5/27
0.5,5,5,27,1000,800,constant,pam,0,1,1.0,5,1,1,1,0,mixture/0.5/5/5/27
0.5,5,5,28,1000,800,constant,single,0,1,1.0,5,1,1,,,mixture/0.5/5/5/28
0.5,5,5,28,1000,800,constant,complete,0,1,1.0,5,1,1,,,mixture/0.5/5/5/28
0.5,5,5,28,1000,800,constant,average,0,1,1.0,5,1,1,,,mixture/0.5/5/5/28
0.5,5,5,28,1000,800,constant,pam,0,1,1.0,5,1,1,1,0,mixture/0.5/5/5/28
0.5,5,5,29,1000,800,constant,single,0,1,1.0,5,1,1,,,mixture/0.5/5/5/29
0.5,5,5,29,1000,800,constant,complete,0,1,1.0,5,1,1,,,mixture/0.5/5/5/29
0.5,5,5,29,1000,800,constant,average,0,1,1.0,5,1,1,,,mixture/0.5/5/5/29
0.5,5,5,29,1000,800,constant,pam,0,1,1.0,5,1,1,1,0,mixture/0.5/5/5/29
0.5,6,5,0,1000,800,constant,single,0,1,1.0,6,1,1,,,mixture/0.5/6/5/0
0.5,6,5,0,1000,800,constant,complete,0,1,1.0,6,1,1,,,mixture/0.5/6/5/0
0.5,6,5,0,1000,800,constant,average,0,1,1.0,6,1,1,,,mixture/0.5/6/5/0
0.5,6,5,0,1000,800,constant,pam,0,1,1.0,6,1,1,1,0,mixture/0.5/6/5/0
0.5,6,5,1,1000,800,constant,single,0,0,0.8295847470262413,6,1,0,,,mixture/0.5/6/5/1
0.5,6,5,1,1000,800,constant,complete,0,1,1.0,6,1,1,,,mixture/0.5/6/5/1
0.5,6,5,1,1000,800,constant,average,0,1,1.0,6,1,1,,,mixture/0.5/6/5/1
0.5,6,5,1,1000,800,constant,pam,0,1,1.0,6,1,1,1,0,mixture/0.5/6/5/1
0.5,6,5,2,1000,800,constant,single,0,1,1.0,6,1,1,,,mixture/0.5/6/5/2
0.5,6,5,2,1000,800,constant,complete,0,1,1.0,6,1,1,,,mixture/0.5/6/5/2
0.5,6,5,2,1000,800,constant,average,0,1,1.0,6,1,1,,,mixture/0.5/6/5/2
0.5,6,5,2,1000,800,constant,pam,0,1,1.0,6,1,1,1,0,mixture/0.5/6/5/2
0.5,6,5,3,1000,800,constant,single,0,0,0.8204833246076467,6,1,0,,,mixture/0.5/6/5/3
0.5,6,5,3,1000,800,constant,complete,0,1,1.0,6,1,1,,,mixture/0.5/6/5/3
0.5,6,5,3,1000,800,constant,average,0,1,1.0,6,1,1,,,mixture/0.5/6/5/3
0.5,6,5,3,1000,800,constant,pam,0,1,1.0,6,1,1,1,0,mixture/0.5/6/5/3
0.5,6,5,4,1000,800,constant,single,0,1,1.0,6,1,1,,,mixture/0.5/6/5/4
0.5,6,5,4,1000,800,constant,complete,0,1,1.0,6,1,1,,,mixture/0.5/6/5/4
0.5,6,5,4,1000,800,constant,average,0,1,1.0,6,1,1,,,mixture/0.5/6/5/4
0.5,6,5,4,1000,800,constant,pam,0,1,1.0,6,1,1,1,0,mixture/0.5/6/5/4
0.5,6,5,5,1000,800,constant,single,0,1,1.0,6,1,1,,,mixture/0.5/6/5/5
0.5,6,5,5,1000,800,constant,complete,0,1,1.0,6,1,1,,,mixture/0.5/6/5/5
0.5,6,5,5,1000,800,constant,average,0,1,1.0,6,1,1,,,mixture/0.5/6/5/5
0.5,6,5,5,1000,800,constant,pam,0,1,1.0,6,1,1,1,0,mixture/0.5/6/5/5
0.5,6,5,6,1000,800,constant,single,0,1,1.0,6,1,1,,,mixture/0.5/6/5/6
0.5,6,5,6,1000,800,constant,complete,0,1,1.0,6,1,1,,,mixture/0.5/6/5/6
0.5,6,5,6,1000,800,constant,average,0,1,1.0,6,1,1,,,mixture/0.5/6/5/6
0.5,6,5,6,1000,800,constant,pam,0,1,1.0,6,1,1,1,0,mixture/0.5/6/5/6
0.5,6,5,7,1000,800,constant,single,0,0,0.8282719965105882,6,1,0,,,mixture/0.5/6/5/7
0.5,6,5,7,1000,800,constant,complete,0,1,1.0,6,1,1,,,mixture/0.5/6/5/7
0.5,6,5,7,1000,800,constant,average,0,1,1.0,6,1,1,,,mixture/0.5/6/5/7
0.5,6,5,7,1000,800,constant,pam,0,1,1.0,6,1,1,1,0,mixture/0.5/6/5/7
0.5,6,5,8,1000,800,constant,single,0,1,1.0,6,1,1,,,mixture/0.5/6/5/8
0.5,6,5,8,1000,800,constant,complete,0,1,1.0,6,1,1,,,mixture/0.5/6/5/8
0.5,6,5,8,1000,800,constant,average,0,1,1.0,6,1,1,,,mixture/0.5/6/5/8
0.5,6,5,8,1000,800,constant,pam,0,1,1.0,6,1,1,1,0,mixture/0.5/6/5/8
0.5,6,5,9,1000,800,constant,single,0,0,0.8118353793610217,6,1,0,,,mixture/0.5/6/5/9
0.5,6,5,9,1000,800,constant,complete,0,1,1.0,6,1,1,,,mixture/0.5/6/5/9
0.5,6,5,9,1000,800,constant,average,0,1,1.0,6,1,1,,,mixture/0.5/6/5/9
0.5,6,5,9,1000,800,constant,pam,0,1,1.0,6,1,1,1,0,mixture/0.5/6/5/9
0.5,6,5,10,1000,800,constant,single,0,1,1.0,6,1,1,,,mixture/0.5/6/5/10
0.5,6,5,10,1000,800,constant,complete,0,1,1.0,6,1,1,,,mixture/0.5/6/5/10
0.5,6,5,10,1000,800,constant,average,0,1,1.0,6,1,1,,,mixture/0.5/6/5/10
0.5,6,5,10,1000,800,constant,pam,0,1,1.0,6,1,1,1,0,mixture/0.5/6/5/10
0.5,6,5,11,1000,800,constant,single,0,1,1.0,6,1,1,,,mixture/0.5/6/5/11
0.5,6,5,11,1000,800,constant,complete,0,0,0.7637393434439401,6,1,0,,,mixture/0.5/6/5/11
0.5,6,5,11,1000,800,constant,average,0,1,1.0,6,1,1,,,mixture/0.5/6/5/11
0.5,6,5,11,1000,800,constant,pam,0,1,1.0,6,1,1,1,0,mixture/0.5/6/5/11
0.5,6,5,12,1000,800,constant,single,0,1,1.0,6,1,1,,,mixture/0.5/6/5/12
0.5,6,5,12,1000,800,constant,complete,0,1,1.0,6,1,1,,,mixture/0.5/6/5/12
0.5,6,5,12,1000,800,constant,average,0,1,1.0,6,1,1,,,mixture/0.5/6/5/12
0.5,6,5,12,1000,800,constant,pam,0,1,1.0,6,1,1,1,0,mixture/0.5/6/5/12
0.5,6,5,13,1000,800,constant,single,0,1,1.0,5,0,0,,,mixture/0.5/6/5/13
0.5,6,5,13,1000,800,constant,complete,0,1,1.0,5,0,0,,,mixture/0.5/6/5/13
0.5,6,5,13,1000,800,constant,average,0,1,1.0,5,0,0,,,mixture/0.5/6/5/13
0.5,6,5,13,1000,800,constant,pam,0,1,1.0,5,0,0,1,0,mixture/0.5/6/5/13
0.5,6,5,14,1000,800,constant,single,0,0,0.8187650310901683,2,0,0,,,mixture/0.5/6/5/14
0.5,6,5,14,1000,800,constant,complete,0,1,1.0,2,0,0,,,mixture/0.5/6/5/14
0.5,6,5,14,1000,800,constant,average,0,1,1.0,2,0,0,,,mixture/0.5/6/5/14
0.5,6,5,14,1000,800,constant,pam,0,0,0.9969621925448627,2,0,0,1,0,mixture/0.5/6/5/14
0.5,6,5,15,1000,800,constant,single,0,0,0.7035440597702054,6,1,0,,,mixture/0.5/6/5/15
0.5,6,5,15,1000,800,constant,complete,0,1,1.0,6,1,1,,,mixture/0.5/6/5/15
0.5,6,5,15,1000,800,constant,average,0,0,0.8201287447085922,6,1,0,,,mixture/0.5/6/5/15
0.5,6,5,15,1000,800,constant,pam,0,1,1.0,6,1,1,1,0,mixture/0.5/6/5/15
0.5,6,5,16,1000,800,constant,single,0,1,1.0,6,1,1,,,mixture/0.5/6/5/16
0.5,6,5,16,1000,800,constant,complete,0,1,1.0,6,1,1,,,mixture/0.5/6/5/16
0.5,6,5,16,1000,800,constant,average,0,1,1.0,6,1,1,,,mixture/0.5/6/5/16
0.5,6,5,16,1000,800,constant,pam,0,1,1.0,6,1,1,1,0,mixture/0.5/6/5/16
0.5,6,5,17,1000,800,constant,single,0,0,0.8353092301329831,6,1,0,,,mixture/0.5/6/5/17
0.5,6,5,17,1000,800,constant,complete,0,1,1.0,6,1,1,,,mixture/0.5/6/5/17
0.5,6,5,17,1000,800,constant,average,0,0,0.8336255421926875,6,1,0,,,mixture/0.5/6/5/17
0.5,6,5,17,1000,800,constant,pam,0,1,1.0,6,1,1,1,0,mixture/0.5/6/5/17
0.5,6,5,18,1000,800,constant,single,0,0,0.8180663502759516,6,1,0,,,mixture/0.5/6/5/18
0.5,6,5,18,1000,800,constant,complete,0,1,1.0,6,1,1,,,mixture/0.5/6/5/18
0.5,6,5,18,1000,800,constant,average,0,1,1.0,6,1,1,,,mixture/0.5/6/5/18
0.5,6,5,18,1000,800,constant,pam,0,1,1.0,6,1,1,1,0,mixture/0.5/6/5/18
0.5,6,5,19,1000,800,constant,single,0,1,1.0,6,1,1,,,mixture/0.5/6/5/19
0.5,6,5,19,1000,800,constant,complete,0,1,1.0,6,1,1,,,mixture/0.5/6/5/19
0.5,6,5,19,1000,800,constant,average,0,1,1.0,6,1,1,,,mixture/0.5/6/5/19
0.5,6,5,19,1000,800,constant,pam,0,1,1.0,6,1,1,1,0,mixture/0.5/6/5/19
0.5,6,5,20,1000,800,constant,single,0,0,0.6866713954333225,6,1,0,,,mixture/0.5/6/5/20
0.5,6,5,20,1000,800,constant,complete,0,1,1.0,6,1,1,,,mixture/0.5/6/5/20
0.5,6,5,20,1000,800,constant,average,0,1,1.0,6,1,1,,,mixture/0.5/6/5/20
0.5,6,5,20,1000,800,constant,pam,0,1,1.0,6,1,1,1,0,mixture/0.5/6/5/20
0.5,6,5,21,1000,800,constant,single,0,0,0.8235950548584726,5,0,0,,,mixture/0.5/6/5/21
0.5,6,5,21,1000,800,constant,complete,0,0,0.7789171661677612,5,0,0,,,mixture/0.5/6/5/21
0.5,6,5,21,1000,800,constant,average,0,0,0.8193340862979474,5,0,0,,,mixture/0.5/6/5/21
0.5,6,5,21,1000,800,constant,pam,0,1,1.0,5,0,0,1,0,mixture/0.5/6/5/21
0.5,6,5,22,1000,800,constant,single,0,0,0.8315197572064567,6,1,0,,,mixture/0.5/6/5/22
0.5,6,5,22,1000,800,constant,complete,0,1,1.0,6,1,1,,,mixture/0.5/6/5/22
0.5,6,5,22,1000,800,constant,average,0,1,1.0,6,1,1,,,mixture/0.5/6/5/22
0.5,6,5,22,1000,800,constant,pam,0,1,1.0,6,1,1,1,0,mixture/0.5/6/5/22
0.5,6,5,23,1000,800,constant,single,0,0,0.8225092528785205,6,1,0,,,mixture/0.5/6/5/23
0.5,6,5,23,1000,800,constant,complete,0,1,1.0,6,1,1,,,mixture/0.5/6/5/23
0.5,6,5,23,1000,800,constant,average,0,1,1.0,6,1,1,,,mixture/0.5/6/5/23
0.5,6,5,23,1000,800,constant,pam,0,1,1.0,6,1,1,1,0,mixture/0.5/6/5/23
0.5,6,5,24,1000,800,constant,single,0,0,0.8355594109637302,6,1,0,,,mixture/0.5/6/5/24
0.5,6,5,24,1000,800,constant,complete,0,1,1.0,6,1,1,,,mixture/0.5/6/5/24
0.5,6,5,24,1000,800,constant,average,0,0,0.8355594109637302,6,1,0,,,mixture/0.5/6/5/24
0.5,6,5,24,1000,800,constant,pam,0,1,1.0,6,1,1,1,0,mixture/0.5/6/5/24
0.5,6,5,25,1000,800,constant,single,0,1,1.0,6,1,1,,,mixture/0.5/6/5/25
0.5,6,5,25,1000,800,constant,complete,0,1,1.0,6,1,1,,,mixture/0.5/6/5/25
0.5,6,5,25,1000,800,constant,average,0,1,1.0,6,1,1,,,mixture/0.5/6/5/25
0.5,6,5,25,1000,800,constant,pam,0,1,1.0,6,1,1,1,0,mixture/0.5/6/5/25
0.5,6,5,26,1000,800,constant,single,0,0,0.8100927256633444,6,1,0,,,mixture/0.5/6/5/26
0.5,6,5,26,1000,800,constant,complete,0,1,1.0,6,1,1,,,mixture/0.5/6/5/26
0.5,6,5,26,1000,800,constant,average,0,1,1.0,6,1,1,,,mixture/0.5/6/5/26
0.5,6,5,26,1000,800,constant,pam,0,1,1.0,6,1,1,1,0,mixture/0.5/6/5/26
0.5,6,5,27,1000,800,constant,single,0,0,0.577332981442208,5,0,0,,,mixture/0.5/6/5/27
0.5,6,5,27,1000,800,constant,complete,0,0,0.7594194774979011,5,0,0,,,mixture/0.5/6/5/27
0.5,6,5,27,1000,800,constant,average,0,0,0.8140813764080657,5,0,0,,,mixture/0.5/6/5/27
0.5,6,5,27,1000,800,constant,pam,0,1,1.0,5,0,0,1,0,mixture/0.5/6/5/27
0.5,6,5,28,1000,800,constant,single,0,1,1.0,6,1,1,,,mixture/0.5/6/5/28
0.5,6,5,28,1000,800,constant,complete,0,1,1.0,6,1,1,,,mixture/0.5/6/5/28
0.5,6,5,28,1000,800,constant,average,0,1,1.0,6,1,1,,,mixture/0.5/6/5/28
0.5,6,5,28,1000,800,constant,pam,0,1,1.0,6,1,1,1,0,mixture/0.5/6/5/28
0.5,6,5,29,1000,800,constant,single,0,0,0.8557682802130624,6,1,0,,,mixture/0.5/6/5/29
0.5,6,5,29,1000,800,constant,complete,0,1,1.0,6,1,1,,,mixture/0.5/6/5/29
0.5,6,5,29,1000,800,constant,average,0,1,1.0,6,1,1,,,mixture/0.5/6/5/29
0.5,6,5,29,1000,800,constant,pam,0,1,1.0,6,1,1,1,0,mixture/0.5/6/5/29
0.5,7,5,0,1000,800,constant,single,0,0,0.8551572678918085,10,0,0,,,mixture/0.5/7/5/0
0.5,7,5,0,1000,800,constant,complete,0,0,0.5872151956117354,10,0,0,,,mixture/0.5/7/5/0
0.5,7,5,0,1000,800,constant,average,0,0,0.6994148643481167,10,0,0,,,mixture/0.5/7/5/0
0.5,7,5,0,1000,800,constant,pam,0,1,1.0,10,0,0,1,0,mixture/0.5/7/5/0
0.5,7,5,1,1000,800,constant,single,0,0,0.8496204979789789,6,0,0,,,mixture/0.5/7/5/1
0.5,7,5,1,1000,800,constant,complete,0,0,0.8149262223457461,6,0,0,,,mixture/0.5/7/5/1
0.5,7,5,1,1000,800,constant,average,0,0,0.8497982745808424,6,0,0,,,mixture/0.5/7/5/1
0.5,7,5,1,1000,800,constant,pam,0,1,1.0,6,0,0,1,0,mixture/0.5/7/5/1
0.5,7,5,2,1000,800,constant,single,0,1,1.0,7,1,1,,,mixture/0.5/7/5/2
0.5,7,5,2,1000,800,constant,complete,0,1,1.0,7,1,1,,,mixture/0.5/7/5/2
0.5,7,5,2,1000,800,constant,average,0,1,1.0,7,1,1,,,mixture/0.5/7/5/2
0.5,7,5,2,1000,800,constant,pam,0,1,1.0,7,1,1,1,0,mixture/0.5/7/5/2
0.5,7,5,3,1000,800,constant,single,0,1,1.0,6,0,0,,,mixture/0.5/7/5/3
0.5,7,5,3,1000,800,constant,complete,0,1,1.0,6,0,0,,,mixture/0.5/7/5/3
0.5,7,5,3,1000,800,constant,average,0,1,1.0,6,0,0,,,mixture/0.5/7/5/3
0.5,7,5,3,1000,800,constant,pam,0,1,1.0,6,0,0,1,0,mixture/0.5/7/5/3
0.5,7,5,4,1000,800,constant,single,0,1,1.0,7,1,1,,,mixture/0.5/7/5/4
0.5,7,5,4,1000,800,constant,complete,0,1,1.0,7,1,1,,,mixture/0.5/7/5/4
0.5,7,5,4,1000,800,constant,average,0,1,1.0,7,1,1,,,mixture/0.5/7/5/4
0.5,7,5,4,1000,800,constant,pam,0,1,1.0,7,1,1,1,0,mixture/0.5/7/5/4
0.5,7,5,5,1000,800,constant,single,0,1,1.0,7,1,1,,,mixture/0.5/7/5/5
0.5,7,5,5,1000,800,constant,complete,0,1,1.0,7,1,1,,,mixture/0.5/7/5/5
0.5,7,5,5,1000,800,constant,average,0,1,1.0,7,1,1,,,mixture/0.5/7/5/5
0.5,7,5,5,1000,800,constant,pam,0,1,1.0,7,1,1,1,0,mixture/0.5/7/5/5
0.5,7,5,6,1000,800,constant,single,0,0,0.8611776020910817,6,0,0,,,mixture/0.5/7/5/6
0.5,7,5,6,1000,800,constant,complete,0,1,1.0,6,0,0,,,mixture/0.5/7/5/6
0.5,7,5,6,1000,800,constant,average,0,1,1.0,6,0,0,,,mixture/0.5/7/5/6
0.5,7,5,6,1000,800,constant,pam,0,1,1.0,6,0,0,1,0,mixture/0.5/7/5/6
0.5,7,5,7,1000,800,constant,single,0,1,1.0,7,1,1,,,mixture/0.5/7/5/7
0.5,7,5,7,1000,800,constant,complete,0,1,1.0,7,1,1,,,mixture/0.5/7/5/7
0.5,7,5,7,1000,800,constant,average,0,1,1.0,7,1,1,,,mixture/0.5/7/5/7
0.5,7,5,7,1000,800,constant,pam,0,1,1.0,7,1,1,1,0,mixture/0.5/7/5/7
0.5,7,5,8,1000,800,constant,single,0,0,0.846547562907343,7,1,0,,,mixture/0.5/7/5/8
0.5,7,5,8,1000,800,constant,complete,0,1,1.0,7,1,1,,,mixture/0.5/7/5/8
0.5,7,5,8,1000,800,constant,average,0,0,0.846547562907343,7,1,0,,,mixture/0.5/7/5/8
0.5,7,5,8,1000,800,constant,pam,0,1,1.0,7,1,1,1,0,mixture/0.5/7/5/8
0.5,7,5,9,1000,800,constant,single,0,0,0.762265290961433,7,1,0,,,mixture/0.5/7/5/9
0.5,7,5,9,1000,800,constant,complete,0,0,0.8243556757633973,7,1,0,,,mixture/0.5/7/5/9
0.5,7,5,9,1000,800,constant,average,0,0,0.8653746231767601,7,1,0,,,mixture/0.5/7/5/9
0.5,7,5,9,1000,800,constant,pam,0,1,1.0,7,1,1,1,0,mixture/0.5/7/5/9
0.5,7,5,10,1000,800,constant,single,0,0,0.660876499529716,7,1,0,,,mixture/0.5/7/5/10
0.5,7,5,10,1000,800,constant,complete,0,0,0.8120298758004225,7,1,0,,,mixture/0.5/7/5/10
0.5,7,5,10,1000,800,constant,average,0,0,0.862433675550765,7,1,0,,,mixture/0.5/7/5/10
0.5,7,5,10,1000,800,constant,pam,0,1,1.0,7,1,1,1,0,mixture/0.5/7/5/10
0.5,7,5,11,1000,800,constant,single,0,0,0.8507170252027663,24,0,0,,,mixture/0.5/7/5/11
0.5,7,5,11,1000,800,constant,complete,0,0,0.8260949968960613,24,0,0,,,mixture/0.5/7/5/11
0.5,7,5,11,1000,800,constant,average,0,0,0.8498028240022686,24,0,0,,,mixture/0.5/7/5/11
0.5,7,5,11,1000,800,constant,pam,0,0,0.9970908510555441,24,0,0,1,0,mixture/0.5/7/5/11
0.5,7,5,12,1000,800,constant,single,0,0,0.6345037505348301,6,0,0,,,mixture/0.5/7/5/12
0.5,7,5,12,1000,800,constant,complete,0,0,0.8468364882176506,6,0,0,,,mixture/0.5/7/5/12
0.5,7,5,12,1000,800,constant,average,0,0,0.8482997183740015,6,0,0,,,mixture/0.5/7/5/12
0.5,7,5,12,1000,800,constant,pam,0,1,1.0,6,0,0,1,0,mixture/0.5/7/5/12
0.5,7,5,13,1000,800,constant,single,0,0,0.8472748244290965,7,1,0,,,mixture/0.5/7/5/13
0.5,7,5,13,1000,800,constant,complete,0,1,1.0,7,1,1,,,mixture/0.5/7/5/13
0.5,7,5,13,1000,800,constant,average,0,1,1.0,7,1,1,,,mixture/0.5/7/5/13
0.5,7,5,13,1000,800,constant,pam,0,1,1.0,7,1,1,1,0,mixture/0.5/7/5/13
0.5,7,5,14,1000,800,constant,single,0,0,0.6442871184448049,6,0,0,,,mixture/0.5/7/5/14
0.5,7,5,14,1000,800,constant,complete,0,0,0.79619617587017,6,0,0,,,mixture/0.5/7/5/14
0.5,7,5,14,1000,800,constant,average,0,0,0.8290797790757531,6,0,0,,,mixture/0.5/7/5/14
0.5,7,5,14,1000,800,constant,pam,0,0,0.9157385553616926,6,0,0,1,0,mixture/0.5/7/5/14
0.5,7,5,15,1000,800,constant,single,0,0,0.6159726241678051,6,0,0,,,mixture/0.5/7/5/15
0.5,7,5,15,1000,800,constant,complete,0,0,0.8336700960670527,6,0,0,,,mixture/0.5/7/5/15
0.5,7,5,15,1000,800,constant,average,0,0,0.8522409192710476,6,0,0,,,mixture/0.5/7/5/15
0.5,7,5,15,1000,800,constant,pam,0,1,1.0,6,0,0,1,0,mixture/0.5/7/5/15
0.5,7,5,16,1000,800,constant,single,0,1,1.0,7,1,1,,,mixture/0.5/7/5/16
0.5,7,5,16,1000,800,constant,complete,0,1,1.0,7,1,1,,,mixture/0.5/7/5/16
0.5,7,5,16,1000,800,constant,average,0,1,1.0,7,1,1,,,mixture/0.5/7/5/16
0.5,7,5,16,1000,800,constant,pam,0,1,1.0,7,1,1,1,0,mixture/0.5/7/5/16
0.5,7,5,17,1000,800,constant,single,0,0,0.6474359900656976,7,1,0,,,mixture/0.5/7/5/17
0.5,7,5,17,1000,800,constant,complete,0,0,0.7998733959711677,7,1,0,,,mixture/0.5/7/5/17
0.5,7,5,17,1000,800,constant,average,0,0,0.8497918253678614,7,1,0,,,mixture/0.5/7/5/17
0.5,7,5,17,1000,800,constant,pam,0,1,1.0,7,1,1,1,0,mixture/0.5/7/5/17
0.5,7,5,18,1000,800,constant,single,0,1,1.0,9,0,0,,,mixture/0.5/7/5/18
0.5,7,5,18,1000,800,constant,complete,0,1,1.0,9,0,0,,,mixture/0.5/7/5/18
0.5,7,5,18,1000,800,constant,average,0,1,1.0,9,0,0,,,mixture/0.5/7/5/18
0.5,7,5,18,1000,800,constant,pam,0,1,1.0,9,0,0,1,0,mixture/0.5/7/5/18
0.5,7,5,19,1000,800,constant,single,0,0,0.4437642202669838,8,0,0,,,mixture/0.5/7/5/19
0.5,7,5,19,1000,800,constant,complete,0,0,0.8303274770652103,8,0,0,,,mixture/0.5/7/5/19
0.5,7,5,19,1000,800,constant,average,0,0,0.7431774434202665,8,0,0,,,mixture/0.5/7/5/19
0.5,7,5,19,1000,800,constant,pam,0,1,1.0,8,0,0,1,0,mixture/0.5/7/5/19
0.5,7,5,20,1000,800,constant,single,0,0,0.8519280450446194,7,1,0,,,mixture/0.5/7/5/20
0.5,7,5,20,1000,800,constant,complete,0,1,1.0,7,1,1,,,mixture/0.5/7/5/20
0.5,7,5,20,1000,800,constant,average,0,1,1.0,7,1,1,,,mixture/0.5/7/5/20
0.5,7,5,20,1000,800,constant,pam,0,1,1.0,7,1,1,1,0,mixture/0.5/7/5/20
0.5,7,5,21,1000,800,constant,single,0,0,0.871270512011387,7,1,0,,,mixture/0.5/7/5/21
0.5,7,5,21,1000,800,constant,complete,0,0,0.8264020235046476,7,1,0,,,mixture/0.5/7/5/21
0.5,7,5,21,1000,800,constant,average,0,0,0.8668303013915636,7,1,0,,,mixture/0.5/7/5/21
0.5,7,5,21,1000,800,constant,pam,0,1,1.0,7,1,1,1,0,mixture/0.5/7/5/21
0.5,7,5,22,1000,800,constant,single,0,1,1.0,7,1,1,,,mixture/0.5/7/5/22
0.5,7,5,22,1000,800,constant,complete,0,1,1.0,7,1,1,,,mixture/0.5/7/5/22
0.5,7,5,22,1000,800,constant,average,0,1,1.0,7,1,1,,,mixture/0.5/7/5/22
0.5,7,5,22,1000,800,constant,pam,0,1,1.0,7,1,1,1,0,mixture/0.5/7/5/22
0.5,7,5,23,1000,800,constant,single,0,0,0.8232830329634321,7,1,0,,,mixture/0.5/7/5/23
0.5,7,5,23,1000,800,constant,complete,0,1,1.0,7,1,1,,,mixture/0.5/7/5/23
0.5,7,5,23,1000,800,constant,average,0,1,1.0,7,1,1,,,mixture/0.5/7/5/23
0.5,7,5,23,1000,800,constant,pam,0,1,1.0,7,1,1,1,0,mixture/0.5/7/5/23
0.5,7,5,24,1000,800,constant,single,0,0,0.856906585905801,5,0,0,,,mixture/0.5/7/5/24
0.5,7,5,24,1000,800,constant,complete,0,0,0.8267171580172358,5,0,0,,,mixture/0.5/7/5/24
0.5,7,5,24,1000,800,constant,average,0,1,1.0,5,0,0,,,mixture/0.5/7/5/24
0.5,7,5,24,1000,800,constant,pam,0,1,1.0,5,0,0,1,0,mixture/0.5/7/5/24
0.5,7,5,25,1000,800,constant,single,0,0,0.8578405552412972,3,0,0,,,mixture/0.5/7/5/25
0.5,7,5,25,1000,800,constant,complete,0,1,1.0,3,0,0,,,mixture/0.5/7/5/25
0.5,7,5,25,1000,800,constant,average,0,1,1.0,3,0,0,,,mixture/0.5/7/5/25
0.5,7,5,25,1000,800,constant,pam,0,1,1.0,3,0,0,1,0,mixture/0.5/7/5/25
0.5,7,5,26,1000,800,constant,single,0,1,1.0,7,1,1,,,mixture/0.5/7/5/26
0.5,7,5,26,1000,800,constant,complete,0,1,1.0,7,1,1,,,mixture/0.5/7/5/26
0.5,7,5,26,1000,800,constant,average,0,1,1.0,7,1,1,,,mixture/0.5/7/5/26
0.5,7,5,26,1000,800,constant,pam,0,1,1.0,7,1,1,1,0,mixture/0.5/7/5/26
0.5,7,5,27,1000,800,constant,single,0,0,0.8396916520541368,7,1,0,,,mixture/0.5/7/5/27
0.5,7,5,27,1000,800,constant,complete,0,0,0.8018158292229435,7,1,0,,,mixture/0.5/7/5/27
0.5,7,5,27,1000,800,constant,average,0,0,0.8396916520541368,7,1,0,,,mixture/0.5/7/5/27
0.5,7,5,27,1000,800,constant,pam,0,1,1.0,7,1,1,1,0,mixture/0.5/7/5/27
0.5,7,5,28,1000,800,constant,single,0,0,0.5462761429947965,7,1,0,,,mixture/0.5/7/5/28
0.5,7,5,28,1000,800,constant,complete,0,0,0.800324269373579,7,1,0,,,mixture/0.5/7/5/28
0.5,7,5,28,1000,800,constant,average,0,0,0.7288035266472779,7,1,0,,,mixture/0.5/7/5/28
0.5,7,5,28,1000,800,constant,pam,0,0,0.9894561245923894,7,1,0,1,0,mixture/0.5/7/5/28
0.5,7,5,29,1000,800,constant,single,0,0,0.6789249328193675,7,1,0,,,mixture/0.5/7/5/29
0.5,7,5,29,1000,800,constant,complete,0,0,0.8385734096975367,7,1,0,,,mixture/0.5/7/5/29
0.5,7,5,29,1000,800,constant,average,0,0,0.6720010873428154,7,1,0,,,mixture/0.5/7/5/29
0.5,7,5,29,1000,800,constant,pam,0,1,1.0,7,1,1,1,0,mixture/0.5/7/5/29
0.5,8,5,0,1000,800,constant,single,0,0,0.7706574507086515,8,1,0,,,mixture/0.5/8/5/0
0.5,8,5,0,1000,800,constant,complete,0,1,1.0,8,1,1,,,mixture/0.5/8/5/0
0.5,8,5,0,1000,800,constant,average,0,1,1.0,8,1,1,,,mixture/0.5/8/5/0
0.5,8,5,0,1000,800,constant,pam,0,1,1.0,8,1,1,1,0,mixture/0.5/8/5/0
0.5,8,5,1,1000,800,constant,single,0,0,0.6136719628079693,8,1,0,,,mixture/0.5/8/5/1
0.5,8,5,1,1000,800,constant,complete,0,0,0.8558625700514823,8,1,0,,,mixture/0.5/8/5/1
0.5,8,5,1,1000,800,constant,average,0,0,0.8669179965661201,8,1,0,,,mixture/0.5/8/5/1
0.5,8,5,1,1000,800,constant,pam,0,0,0.9947811692943045,8,1,0,1,0,mixture/0.5/8/5/1
0.5,8,5,2,1000,800,constant,single,0,1,1.0,8,1,1,,,mixture/0.5/8/5/2
0.5,8,5,2,1000,800,constant,complete,0,1,1.0,8,1,1,,,mixture/0.5/8/5/2
0.5,8,5,2,1000,800,constant,average,0,1,1.0,8,1,1,,,mixture/0.5/8/5/2
0.5,8,5,2,1000,800,constant,pam,0,1,1.0,8,1,1,1,0,mixture/0.5/8/5/2
0.5,8,5,3,1000,800,constant,single,0,0,0.8741962770959539,8,1,0,,,mixture/0.5/8/5/3
0.5,8,5,3,1000,800,constant,complete,0,0,0.8480704708517581,8,1,0,,,mixture/0.5/8/5/3
0.5,8,5,3,1000,800,constant,average,0,0,0.8729703529634792,8,1,0,,,mixture/0.5/8/5/3
0.5,8,5,3,1000,800,constant,pam,0,1,1.0,8,1,1,1,0,mixture/0.5/8/5/3
0.5,8,5,4,1000,800,constant,single,0,0,0.9012351107129135,8,1,0,,,mixture/0.5/8/5/4
0.5,8,5,4,1000,800,constant,complete,0,1,1.0,8,1,1,,,mixture/0.5/8/5/4
0.5,8,5,4,1000,800,constant,average,0,1,1.0,8,1,1,,,mixture/0.5/8/5/4
0.5,8,5,4,1000,800,constant,pam,0,0,0.9975460441823265,8,1,0,1,0,mixture/0.5/8/5/4
0.5,8,5,5,1000,800,constant,single,0,0,0.48841573418009776,8,1,0,,,mixture/0.5/8/5/5
0.5,8,5,5,1000,800,constant,complete,0,0,0.8421657998868164,8,1,0,,,mixture/0.5/8/5/5
0.5,8,5,5,1000,800,constant,average,0,0,0.8723369108581259,8,1,0,,,mixture/0.5/8/5/5
0.5,8,5,5,1000,800,constant,pam,0,1,1.0,8,1,1,1,0,mixture/0.5/8/5/5
0.5,8,5,6,1000,800,constant,single,0,1,1.0,7,0,0,,,mixture/0.5/8/5/6
0.5,8,5,6,1000,800,constant,complete,0,1,1.0,7,0,0,,,mixture/0.5/8/5/6
0.5,8,5,6,1000,800,constant,average,0,1,1.0,7,0,0,,,mixture/0.5/8/5/6
0.5,8,5,6,1000,800,constant,pam,0,1,1.0,7,0,0,1,0,mixture/0.5/8/5/6
0.5,8,5,7,1000,800,constant,single,0,0,0.4825176251141539,8,1,0,,,mixture/0.5/8/5/7
0.5,8,5,7,1000,800,constant,complete,0,1,1.0,8,1,1,,,mixture/0.5/8/5/7
0.5,8,5,7,1000,800,constant,average,0,0,0.8674705417715446,8,1,0,,,mixture/0.5/8/5/7
0.5,8,5,7,1000,800,constant,pam,0,1,1.0,8,1,1,1,0,mixture/0.5/8/5/7
0.5,8,5,8,1000,800,constant,single,0,0,0.8525301179191391,8,1,0,,,mixture/0.5/8/5/8
0.5,8,5,8,1000,800,constant,complete,0,0,0.8243712494799053,8,1,0,,,mixture/0.5/8/5/8
0.5,8,5,8,1000,800,constant,average,0,0,0.8525301179191391,8,1,0,,,mixture/0.5/8/5/8
0.5,8,5,8,1000,800,constant,pam,0,1,1.0,8,1,1,1,0,mixture/0.5/8/5/8
0.5,8,5,9,1000,800,constant,single,0,0,0.8899649279991052,6,0,0,,,mixture/0.5/8/5/9
0.5,8,5,9,1000,800,constant,complete,0,0,0.870569304511349,6,0,0,,,mixture/0.5/8/5/9
0.5,8,5,9,1000,800,constant,average,0,0,0.8886098639796833,6,0,0,,,mixture/0.5/8/5/9
0.5,8,5,9,1000,800,constant,pam,0,0,0.9799318987098982,6,0,0,1,0,mixture/0.5/8/5/9
0.5,8,5,10,1000,800,constant,single,0,0,0.8931748097630258,6,0,0,,,mixture/0.5/8/5/10
0.5,8,5,10,1000,800,constant,complete,0,1,1.0,6,0,0,,,mixture/0.5/8/5/10
0.5,8,5,10,1000,800,constant,average,0,1,1.0,6,0,0,,,mixture/0.5/8/5/10
0.5,8,5,10,1000,800,constant,pam,0,1,1.0,6,0,0,1,0,mixture/0.5/8/5/10
0.5,8,5,11,1000,800,constant,single,0,0,0.6137373925801026,8,1,0,,,mixture/0.5/8/5/11
0.5,8,5,11,1000,800,constant,complete,0,0,0.8168289103894335,8,1,0,,,mixture/0.5/8/5/11
0.5,8,5,11,1000,800,constant,average,0,0,0.7553188641202973,8,1,0,,,mixture/0.5/8/5/11
0.5,8,5,11,1000,800,constant,pam,0,1,1.0,8,1,1,1,0,mixture/0.5/8/5/11
0.5,8,5,12,1000,800,constant,single,0,0,0.7775796790399602,8,1,0,,,mixture/0.5/8/5/12
0.5,8,5,12,1000,800,constant,complete,0,0,0.8348363718115773,8,1,0,,,mixture/0.5/8/5/12
0.5,8,5,12,1000,800,constant,average,0,0,0.875543388168677,8,1,0,,,mixture/0.5/8/5/12
0.5,8,5,12,1000,800,constant,pam,0,1,1.0,8,1,1,1,0,mixture/0.5/8/5/12
0.5,8,5,13,1000,800,constant,single,0,1,1.0,4,0,0,,,mixture/0.5/8/5/13
0.5,8,5,13,1000,800,constant,complete,0,1,1.0,4,0,0,,,mixture/0.5/8/5/13
0.5,8,5,13,1000,800,constant,average,0,1,1.0,4,0,0,,,mixture/0.5/8/5/13
0.5,8,5,13,1000,800,constant,pam,0,1,1.0,4,0,0,1,0,mixture/0.5/8/5/13
0.5,8,5,14,1000,800,constant,single,0,0,0.8840034400974469,7,0,0,,,mixture/0.5/8/5/14
0.5,8,5,14,1000,800,constant,complete,0,1,1.0,7,0,0,,,mixture/0.5/8/5/14
0.5,8,5,14,1000,800,constant,average,0,1,1.0,7,0,0,,,mixture/0.5/8/5/14
0.5,8,5,14,1000,800,constant,pam,0,1,1.0,7,0,0,1,0,mixture/0.5/8/5/14
0.5,8,5,15,1000,800,constant,single,0,0,0.5977703415938608,6,0,0,,,mixture/0.5/8/5/15
0.5,8,5,15,1000,800,constant,complete,0,1,1.0,6,0,0,,,mixture/0.5/8/5/15
0.5,8,5,15,1000,800,constant,average,0,0,0.8770007981441376,6,0,0,,,mixture/0.5/8/5/15
0.5,8,5,15,1000,800,constant,pam,0,1,1.0,6,0,0,1,0,mixture/0.5/8/5/15
0.5,8,5,16,1000,800,constant,single,0,0,0.6876477412475681,8,1,0,,,mixture/0.5/8/5/16
0.5,8,5,16,1000,800,constant,complete,0,1,1.0,8,1,1,,,mixture/0.5/8/5/16
0.5,8,5,16,1000,800,constant,average,0,0,0.8709866771423462,8,1,0,,,mixture/0.5/8/5/16
0.5,8,5,16,1000,800,constant,pam,0,0,0.9970457768534093,8,1,0,1,0,mixture/0.5/8/5/16
0.5,8,5,17,1000,800,constant,single,0,1,1.0,8,1,1,,,mixture/0.5/8/5/17
0.5,8,5,17,1000,800,constant,complete,0,1,1.0,8,1,1,,,mixture/0.5/8/5/17
0.5,8,5,17,1000,800,constant,average,0,1,1.0,8,1,1,,,mixture/0.5/8/5/17
0.5,8,5,17,1000,800,constant,pam,0,1,1.0,8,1,1,1,0,mixture/0.5/8/5/17
0.5,8,5,18,1000,800,constant,single,0,0,0.8791109561608063,3,0,0,,,mixture/0.5/8/5/18
0.5,8,5,18,1000,800,constant,complete,0,0,0.8508710699075892,3,0,0,,,mixture/0.5/8/5/18
0.5,8,5,18,1000,800,constant,average,0,0,0.8791109561608063,3,0,0,,,mixture/0.5/8/5/18
0.5,8,5,18,1000,800,constant,pam,0,1,1.0,3,0,0,1,0,mixture/0.5/8/5/18
0.5,8,5,19,1000,800,constant,single,0,0,0.8652597340706596,8,1,0,,,mixture/0.5/8/5/19
0.5,8,5,19,1000,800,constant,complete,0,0,0.82840021594004,8,1,0,,,mixture/0.5/8/5/19
0.5,8,5,19,1000,800,constant,average,0,0,0.8652597340706596,8,1,0,,,mixture/0.5/8/5/19
0.5,8,5,19,1000,800,constant,pam,0,1,1.0,8,1,1,1,0,mixture/0.5/8/5/19
0.5,8,5,20,1000,800,constant,single,0,0,0.8804870561864565,8,1,0,,,mixture/0.5/8/5/20
0.5,8,5,20,1000,800,constant,complete,0,1,1.0,8,1,1,,,mixture/0.5/8/5/20
0.5,8,5,20,1000,800,constant,average,0,0,0.8804870561864565,8,1,0,,,mixture/0.5/8/5/20
0.5,8,5,20,1000,800,constant,pam,0,1,1.0,8,1,1,1,0,mixture/0.5/8/5/20
0.5,8,5,21,1000,800,constant,single,0,1,1.0,8,1,1,,,mixture/0.5/8/5/21
0.5,8,5,21,1000,800,constant,complete,0,1,1.0,8,1,1,,,mixture/0.5/8/5/21
0.5,8,5,21,1000,800,constant,average,0,1,1.0,8,1,1,,,mixture/0.5/8/5/21
0.5,8,5,21,1000,800,constant,pam,0,1,1.0,8,1,1,1,0,mixture/0.5/8/5/21
0.5,8,5,22,1000,800,constant,single,0,1,1.0,8,1,1,,,mixture/0.5/8/5/22
0.5,8,5,22,1000,800,constant,complete,0,1,1.0,8,1,1,,,mixture/0.5/8/5/22
0.5,8,5,22,1000,800,constant,average,0,1,1.0,8,1,1,,,mixture/0.5/8/5/22
0.5,8,5,22,1000,800,constant,pam,0,1,1.0,8,1,1,1,0,mixture/0.5/8/5/22
0.5,8,5,23,1000,800,constant,single,0,0,0.8949433457113369,8,1,0,,,mixture/0.5/8/5/23
0.5,8,5,23,1000,800,constant,complete,0,1,1.0,8,1,1,,,mixture/0.5/8/5/23
0.5,8,5,23,1000,800,constant,average,0,1,1.0,8,1,1,,,mixture/0.5/8/5/23
0.5,8,5,23,1000,800,constant,pam,0,1,1.0,8,1,1,1,0,mixture/0.5/8/5/23
0.5,8,5,24,1000,800,constant,single,0,0,0.8828444612779572,6,0,0,,,mixture/0.5/8/5/24
0.5,8,5,24,1000,800,constant,complete,0,1,1.0,6,0,0,,,mixture/0.5/8/5/24
0.5,8,5,24,1000,800,constant,average,0,1,1.0,6,0,0,,,mixture/0.5/8/5/24
0.5,8,5,24,1000,800,constant,pam,0,1,1.0,6,0,0,1,0,mixture/0.5/8/5/24
0.5,8,5,25,1000,800,constant,single,0,0,0.8806820505818168,8,1,0,,,mixture/0.5/8/5/25
0.5,8,5,25,1000,800,constant,complete,0,1,1.0,8,1,1,,,mixture/0.5/8/5/25
0.5,8,5,25,1000,800,constant,average,0,1,1.0,8,1,1,,,mixture/0.5/8/5/25
0.5,8,5,25,1000,800,constant,pam,0,1,1.0,8,1,1,1,0,mixture/0.5/8/5/25
0.5,8,5,26,1000,800,constant,single,0,0,0.8725930041014957,7,0,0,,,mixture/0.5/8/5/26
0.5,8,5,26,1000,800,constant,complete,0,0,0.8396489710151275,7,0,0,,,mixture/0.5/8/5/26
0.5,8,5,26,1000,800,constant,average,0,0,0.8725930041014957,7,0,0,,,mixture/0.5/8/5/26
0.5,8,5,26,1000,800,constant,pam,0,1,1.0,7,0,0,1,0,mixture/0.5/8/5/26
0.5,8,5,27,1000,800,constant,single,0,0,0.07553777567606668,8,1,0,,,mixture/0.5/8/5/27
0.5,8,5,27,1000,800,constant,complete,0,1,1.0,8,1,1,,,mixture/0.5/8/5/27
0.5,8,5,27,1000,800,constant,average,0,0,0.8804166882455445,8,1,0,,,mixture/0.5/8/5/27
0.5,8,5,27,1000,800,constant,pam,0,1,1.0,8,1,1,1,0,mixture/0.5/8/5/27
0.5,8,5,28,1000,800,constant,single,0,0,0.6182398992928295,6,0,0,,,mixture/0.5/8/5/28
0.5,8,5,28,1000,800,constant,complete,0,0,0.7116964317371434,6,0,0,,,mixture/0.5/8/5/28
0.5,8,5,28,1000,800,constant,average,0,0,0.7719586411566826,6,0,0,,,mixture/0.5/8/5/28
0.5,8,5,28,1000,800,constant,pam,0,1,1.0,6,0,0,1,0,mixture/0.5/8/5/28
0.5,8,5,29,1000,800,constant,single,0,0,0.6785290164976145,8,1,0,,,mixture/0.5/8/5/29
0.5,8,5,29,1000,800,constant,complete,0,0,0.8480674709442271,8,1,0,,,mixture/0.5/8/5/29
0.5,8,5,29,1000,800,constant,average,0,0,0.8710202845791761,8,1,0,,,mixture/0.5/8/5/29
0.5,8,5,29,1000,800,constant,pam,0,1,1.0,8,1,1,1,0,mixture/0.5/8/5/29
0.5,9,5,0,1000,800,constant,single,0,0,0.6403417026293691,9,1,0,,,mixture/0.5/9/5/0
0.5,9,5,0,1000,800,constant,complete,0,0,0.8597719703640622,9,1,0,,,mixture/0.5/9/5/0
0.5,9,5,0,1000,800,constant,average,0,0,0.8900158097434654,9,1,0,,,mixture/0.5/9/5/0
0.5,9,5,0,1000,800,constant,pam,0,1,1.0,9,1,1,1,0,mixture/0.5/9/5/0
0.5,9,5,1,1000,800,constant,single,0,0,0.5837708534038585,8,0,0,,,mixture/0.5/9/5/1
0.5,9,5,1,1000,800,constant,complete,0,0,0.8847348676333663,8,0,0,,,mixture/0.5/9/5/1
0.5,9,5,1,1000,800,constant,average,0,0,0.8011029503804715,8,0,0,,,mixture/0.5/9/5/1
0.5,9,5,1,1000,800,constant,pam,0,0,0.9120215209752465,8,0,0,1,0,mixture/0.5/9/5/1
0.5,9,5,2,1000,800,constant,single,0,1,1.0,9,1,1,,,mixture/0.5/9/5/2
0.5,9,5,2,1000,800,constant,complete,0,1,1.0,9,1,1,,,mixture/0.5/9/5/2
0.5,9,5,2,1000,800,constant,average,0,1,1.0,9,1,1,,,mixture/0.5/9/5/2
0.5,9,5,2,1000,800,constant,pam,0,1,1.0,9,1,1,1,0,mixture/0.5/9/5/2
0.5,9,5,3,1000,800,constant,single,0,0,0.49477650217155233,8,0,0,,,mixture/0.5/9/5/3
0.5,9,5,3,1000,800,constant,complete,0,0,0.6547216009890133,8,0,0,,,mixture/0.5/9/5/3
0.5,9,5,3,1000,800,constant,average,0,0,0.6875614921192985,8,0,0,,,mixture/0.5/9/5/3
0.5,9,5,3,1000,800,constant,pam,0,1,1.0,8,0,0,0,1,mixture/0.5/9/5/3
0.5,9,5,4,1000,800,constant,single,0,1,1.0,9,1,1,,,mixture/0.5/9/5/4
0.5,9,5,4,1000,800,constant,complete,0,1,1.0,9,1,1,,,mixture/0.5/9/5/4
0.5,9,5,4,1000,800,constant,average,0,1,1.0,9,1,1,,,mixture/0.5/9/5/4
0.5,9,5,4,1000,800,constant,pam,0,1,1.0,9,1,1,1,0,mixture/0.5/9/5/4
0.5,9,5,5,1000,800,constant,single,0,0,0.5379578230845546,8,0,0,,,mixture/0.5/9/5/5
0.5,9,5,5,1000,800,constant,complete,0,1,1.0,8,0,0,,,mixture/0.5/9/5/5
0.5,9,5,5,1000,800,constant,average,0,0,0.873514193280503,8,0,0,,,mixture/0.5/9/5/5
0.5,9,5,5,1000,800,constant,pam,0,0,0.9915355162754171,8,0,0,1,0,mixture/0.5/9/5/5
0.5,9,5,6,1000,800,constant,single,0,0,0.8975752279153438,9,1,0,,,mixture/0.5/9/5/6
0.5,9,5,6,1000,800,constant,complete,0,1,1.0,9,1,1,,,mixture/0.5/9/5/6
0.5,9,5,6,1000,800,constant,average,0,0,0.8975752279153438,9,1,0,,,mixture/0.5/9/5/6
0.5,9,5,6,1000,800,constant,pam,0,1,1.0,9,1,1,1,0,mixture/0.5/9/5/6
0.5,9,5,7,1000,800,constant,single,0,0,0.6562949262178975,9,1,0,,,mixture/0.5/9/5/7
0.5,9,5,7,1000,800,constant,complete,0,0,0.8759105846397237,9,1,0,,,mixture/0.5/9/5/7
0.5,9,5,7,1000,800,constant,average,0,0,0.8911823836436985,9,1,0,,,mixture/0.5/9/5/7
0.5,9,5,7,1000,800,constant,pam,0,1,1.0,9,1,1,1,0,mixture/0.5/9/5/7
0.5,9,5,8,1000,800,constant,single,0,0,0.8002079568532456,9,1,0,,,mixture/0.5/9/5/8
0.5,9,5,8,1000,800,constant,complete,0,1,1.0,9,1,1,,,mixture/0.5/9/5/8
0.5,9,5,8,1000,800,constant,average,0,1,1.0,9,1,1,,,mixture/0.5/9/5/8
0.5,9,5,8,1000,800,constant,pam,0,1,1.0,9,1,1,1,0,mixture/0.5/9/5/8
0.5,9,5,9,1000,800,constant,single,0,0,0.8934178683876173,3,0,0,,,mixture/0.5/9/5/9
0.5,9,5,9,1000,800,constant,complete,0,0,0.8797854819394358,3,0,0,,,mixture/0.5/9/5/9
0.5,9,5,9,1000,800,constant,average,0,0,0.8921173561172263,3,0,0,,,mixture/0.5/9/5/9
0.5,9,5,9,1000,800,constant,pam,0,1,1.0,3,0,0,1,0,mixture/0.5/9/5/9
0.5,9,5,10,1000,800,constant,single,0,0,0.8183235057986953,9,1,0,,,mixture/0.5/9/5/10
0.5,9,5,10,1000,800,constant,complete,0,0,0.8411557338412323,9,1,0,,,mixture/0.5/9/5/10
0.5,9,5,10,1000,800,constant,average,0,0,0.8868223669237599,9,1,0,,,mixture/0.5/9/5/10
0.5,9,5,10,1000,800,constant,pam,0,1,1.0,9,1,1,1,0,mixture/0.5/9/5/10
0.5,9,5,11,1000,800,constant,single,0,0,0.6386301815809188,8,0,0,,,mixture/0.5/9/5/11
0.5,9,5,11,1000,800,constant,complete,0,0,0.8522483117899847,8,0,0,,,mixture/0.5/9/5/11
0.5,9,5,11,1000,800,constant,average,0,0,0.8815117289538902,8,0,0,,,mixture/0.5/9/5/11
0.5,9,5,11,1000,800,constant,pam,0,1,1.0,8,0,0,1,0,mixture/0.5/9/5/11
0.5,9,5,12,1000,800,constant,single,0,0,0.6271822708008169,9,1,0,,,mixture/0.5/9/5/12
0.5,9,5,12,1000,800,constant,complete,0,0,0.8605360206338033,9,1,0,,,mixture/0.5/9/5/12
0.5,9,5,12,1000,800,constant,average,0,0,0.7746455652216893,9,1,0,,,mixture/0.5/9/5/12
0.5,9,5,12,1000,800,constant,pam,0,0,0.997127298185608,9,1,0,1,0,mixture/0.5/9/5/12
0.5,9,5,13,1000,800,constant,single,0,0,0.8878456676471738,8,0,0,,,mixture/0.5/9/5/13
0.5,9,5,13,1000,800,constant,complete,0,0,0.8514863760501019,8,0,0,,,mixture/0.5/9/5/13
0.5,9,5,13,1000,800,constant,average,0,0,0.8863596533064266,8,0,0,,,mixture/0.5/9/5/13
0.5,9,5,13,1000,800,constant,pam,0,1,1.0,8,0,0,1,0,mixture/0.5/9/5/13
0.5,9,5,14,1000,800,constant,single,0,0,0.6272427100019523,9,1,0,,,mixture/0.5/9/5/14
0.5,9,5,14,1000,800,constant,complete,0,1,1.0,9,1,1,,,mixture/0.5/9/5/14
0.5,9,5,14,1000,800,constant,average,0,0,0.8757164118816265,9,1,0,,,mixture/0.5/9/5/14
0.5,9,5,14,1000,800,constant,pam,0,0,0.9750229654870252,9,1,0,1,0,mixture/0.5/9/5/14
0.5,9,5,15,1000,800,constant,single,0,0,0.8899616553246578,9,1,0,,,mixture/0.5/9/5/15
0.5,9,5,15,1000,800,constant,complete,0,1,1.0,9,1,1,,,mixture/0.5/9/5/15
0.5,9,5,15,1000,800,constant,average,0,1,1.0,9,1,1,,,mixture/0.5/9/5/15
0.5,9,5,15,1000,800,constant,pam,0,1,1.0,9,1,1,1,0,mixture/0.5/9/5/15
0.5,9,5,16,1000,800,constant,single,0,0,0.8094088056223013,9,1,0,,,mixture/0.5/9/5/16
0.5,9,5,16,1000,800,constant,complete,0,0,0.7658688307902979,9,1,0,,,mixture/0.5/9/5/16
0.5,9,5,16,1000,800,constant,average,0,0,0.8062692570814515,9,1,0,,,mixture/0.5/9/5/16
0.5,9,5,16,1000,800,constant,pam,0,1,1.0,9,1,1,1,0,mixture/0.5/9/5/16
0.5,9,5,17,1000,800,constant,single,0,0,0.6237062721457284,8,0,0,,,mixture/0.5/9/5/17
0.5,9,5,17,1000,800,constant,complete,0,1,1.0,8,0,0,,,mixture/0.5/9/5/17
0.5,9,5,17,1000,800,constant,average,0,0,0.8846081553363131,8,0,0,,,mixture/0.5/9/5/17
0.5,9,5,17,1000,800,constant,pam,0,1,1.0,8,0,0,1,0,mixture/0.5/9/5/17
0.5,9,5,18,1000,800,constant,single,0,0,0.7859223750552676,9,1,0,,,mixture/0.5/9/5/18
0.5,9,5,18,1000,800,constant,complete,0,0,0.8780914531688921,9,1,0,,,mixture/0.5/9/5/18
0.5,9,5,18,1000,800,constant,average,0,0,0.8793798862584128,9,1,0,,,mixture/0.5/9/5/18
0.5,9,5,18,1000,800,constant,pam,0,1,1.0,9,1,1,1,0,mixture/0.5/9/5/18
0.5,9,5,19,1000,800,constant,single,0,0,0.8839160244383752,9,1,0,,,mixture/0.5/9/5/19
0.5,9,5,19,1000,800,constant,complete,0,1,1.0,9,1,1,,,mixture/0.5/9/5/19
0.5,9,5,19,1000,800,constant,average,0,0,0.8839160244383752,9,1,0,,,mixture/0.5/9/5/19
0.5,9,5,19,1000,800,constant,pam,0,1,1.0,9,1,1,1,0,mixture/0.5/9/5/19
0.5,9,5,20,1000,800,constant,single,0,0,0.8839066916801588,9,1,0,,,mixture/0.5/9/5/20
0.5,9,5,20,1000,800,constant,complete,0,1,1.0,9,1,1,,,mixture/0.5/9/5/20
0.5,9,5,20,1000,800,constant,average,0,1,1.0,9,1,1,,,mixture/0.5/9/5/20
0.5,9,5,20,1000,800,constant,pam,0,1,1.0,9,1,1,1,0,mixture/0.5/9/5/20
0.5,9,5,21,1000,800,constant,single,0,0,0.7892463686818028,9,1,0,,,mixture/0.5/9/5/21
0.5,9,5,21,1000,800,constant,complete,0,1,1.0,9,1,1,,,mixture/0.5/9/5/21
0.5,9,5,21,1000,800,constant,average,0,1,1.0,9,1,1,,,mixture/0.5/9/5/21
0.5,9,5,21,1000,800,constant,pam,0,1,1.0,9,1,1,1,0,mixture/0.5/9/5/21
0.5,9,5,22,1000,800,constant,single,0,0,0.43593031545812794,9,1,0,,,mixture/0.5/9/5/22
0.5,9,5,22,1000,800,constant,complete,0,0,0.7574203417390002,9,1,0,,,mixture/0.5/9/5/22
0.5,9,5,22,1000,800,constant,average,0,0,0.7843679258981099,9,1,0,,,mixture/0.5/9/5/22
0.5,9,5,22,1000,800,constant,pam,0,1,1.0,9,1,1,1,0,mixture/0.5/9/5/22
0.5,9,5,23,1000,800,constant,single,0,0,0.7891739963570122,9,1,0,,,mixture/0.5/9/5/23
0.5,9,5,23,1000,800,constant,complete,0,0,0.902290727261502,9,1,0,,,mixture/0.5/9/5/23
0.5,9,5,23,1000,800,constant,average,0,0,0.9132672422641478,9,1,0,,,mixture/0.5/9/5/23
0.5,9,5,23,1000,800,constant,pam,0,0,0.8835406023960763,9,1,0,1,0,mixture/0.5/9/5/23
0.5,9,5,24,1000,800,constant,single,0,1,1.0,9,1,1,,,mixture/0.5/9/5/24
0.5,9,5,24,1000,800,constant,complete,0,1,1.0,9,1,1,,,mixture/0.5/9/5/24
0.5,9,5,24,1000,800,constant,average,0,1,1.0,9,1,1,,,mixture/0.5/9/5/24
0.5,9,5,24,1000,800,constant,pam,0,1,1.0,9,1,1,1,0,mixture/0.5/9/5/24
0.5,9,5,25,1000,800,constant,single,0,0,0.5167439224021146,9,1,0,,,mixture/0.5/9/5/25
0.5,9,5,25,1000,800,constant,complete,0,0,0.8393104177554676,9,1,0,,,mixture/0.5/9/5/25
0.5,9,5,25,1000,800,constant,average,0,0,0.8638894835980522,9,1,0,,,mixture/0.5/9/5/25
0.5,9,5,25,1000,800,constant,pam,0,1,1.0,9,1,1,1,0,mixture/0.5/9/5/25
0.5,9,5,26,1000,800,constant,single,0,0,0.8928658479055172,8,0,0,,,mixture/0.5/9/5/26
0.5,9,5,26,1000,800,constant,complete,0,0,0.8821570753494601,8,0,0,,,mixture/0.5/9/5/26
0.5,9,5,26,1000,800,constant,average,0,0,0.8917429980870203,8,0,0,,,mixture/0.5/9/5/26
0.5,9,5,26,1000,800,constant,pam,0,1,1.0,8,0,0,1,0,mixture/0.5/9/5/26
0.5,9,5,27,1000,800,constant,single,0,0,0.4584839365324536,7,0,0,,,mixture/0.5/9/5/27
0.5,9,5,27,1000,800,constant,complete,0,0,0.7672090883242262,7,0,0,,,mixture/0.5/9/5/27
0.5,9,5,27,1000,800,constant,average,0,0,0.457624034863813,7,0,0,,,mixture/0.5/9/5/27
0.5,9,5,27,1000,800,constant,pam,0,0,0.9914000496877176,7,0,0,1,0,mixture/0.5/9/5/27
0.5,9,5,28,1000,800,constant,single,0,0,0.8821457973194545,9,1,0,,,mixture/0.5/9/5/28
0.5,9,5,28,1000,800,constant,complete,0,1,1.0,9,1,1,,,mixture/0.5/9/5/28
0.5,9,5,28,1000,800,constant,average,0,1,1.0,9,1,1,,,mixture/0.5/9/5/28
0.5,9,5,28,1000,800,constant,pam,0,1,1.0,9,1,1,1,0,mixture/0.5/9/5/28
0.5,9,5,29,1000,800,constant,single,0,0,0.5244786062482037,8,0,0,,,mixture/0.5/9/5/29
0.5,9,5,29,1000,800,constant,complete,0,0,0.645702667661401,8,0,0,,,mixture/0.5/9/5/29
0.5,9,5,29,1000,800,constant,average,0,0,0.6763741556184281,8,0,0,,,mixture/0.5/9/5/29
0.5,9,5,29,1000,800,constant,pam,0,0,0.8729077579265788,8,0,0,1,0,mixture/0.5/9/5/29
0.5,10,5,0,1000,800,constant,single,0,0,0.5599017823239907,10,1,0,,,mixture/0.5/10/5/0
0.5,10,5,0,1000,800,constant,complete,0,0,0.8888175361432334,10,1,0,,,mixture/0.5/10/5/0
0.5,10,5,0,1000,800,constant,average,0,0,0.8965773560227122,10,1,0,,,mixture/0.5/10/5/0
0.5,10,5,0,1000,800,constant,pam,0,1,1.0,10,1,1,1,0,mixture/0.5/10/5/0
0.5,10,5,1,1000,800,constant,single,0,1,1.0,10,1,1,,,mixture/0.5/10/5/1
0.5,10,5,1,1000,800,constant,complete,0,1,1.0,10,1,1,,,mixture/0.5/10/5/1
0.5,10,5,1,1000,800,constant,average,0,1,1.0,10,1,1,,,mixture/0.5/10/5/1
0.5,10,5,1,1000,800,constant,pam,0,1,1.0,10,1,1,1,0,mixture/0.5/10/5/1
0.5,10,5,2,1000,800,constant,single,0,0,0.28500948730119224,10,1,0,,,mixture/0.5/10/5/2
0.5,10,5,2,1000,800,constant,complete,0,0,0.8860906542453219,10,1,0,,,mixture/0.5/10/5/2
0.5,10,5,2,1000,800,constant,average,0,0,0.8263951357647662,10,1,0,,,mixture/0.5/10/5/2
0.5,10,5,2,1000,800,constant,pam,0,1,1.0,10,1,1,1,0,mixture/0.5/10/5/2
0.5,10,5,3,1000,800,constant,single,0,0,0.8170902894432852,10,1,0,,,mixture/0.5/10/5/3
0.5,10,5,3,1000,800,constant,complete,0,0,0.8884427358227972,10,1,0,,,mixture/0.5/10/5/3
0.5,10,5,3,1000,800,constant,average,0,0,0.9098093138659775,10,1,0,,,mixture/0.5/10/5/3
0.5,10,5,3,1000,800,constant,pam,0,1,1.0,10,1,1,1,0,mixture/0.5/10/5/3
0.5,10,5,4,1000,800,constant,single,0,0,0.8146254298391422,10,1,0,,,mixture/0.5/10/5/4
0.5,10,5,4,1000,800,constant,complete,0,1,1.0,10,1,1,,,mixture/0.5/10/5/4
0.5,10,5,4,1000,800,constant,average,0,0,0.8881879724582528,10,1,0,,,mixture/0.5/10/5/4
0.5,10,5,4,1000,800,constant,pam,0,1,1.0,10,1,1,1,0,mixture/0.5/10/5/4
0.5,10,5,5,1000,800,constant,single,0,0,0.18036907370733776,8,0,0,,,mixture/0.5/10/5/5
0.5,10,5,5,1000,800,constant,complete,0,0,0.9004881363429288,8,0,0,,,mixture/0.5/10/5/5
0.5,10,5,5,1000,800,constant,average,0,0,0.8994060555055264,8,0,0,,,mixture/0.5/10/5/5
0.5,10,5,5,1000,800,constant,pam,0,0,0.8732392101299382,8,0,0,1,0,mixture/0.5/10/5/5
0.5,10,5,6,1000,800,constant,single,0,0,0.5927473696856403,9,0,0,,,mixture/0.5/10/5/6
0.5,10,5,6,1000,800,constant,complete,0,0,0.9053778948616992,9,0,0,,,mixture/0.5/10/5/6
0.5,10,5,6,1000,800,constant,average,0,0,0.9119692090936518,9,0,0,,,mixture/0.5/10/5/6
0.5,10,5,6,1000,800,constant,pam,0,1,1.0,9,0,0,1,0,mixture/0.5/10/5/6
0.5,10,5,7,1000,800,constant,single,0,0,0.7175268334674387,10,1,0,,,mixture/0.5/10/5/7
0.5,10,5,7,1000,800,constant,complete,0,0,0.8676954065855473,10,1,0,,,mixture/0.5/10/5/7
0.5,10,5,7,1000,800,constant,average,0,0,0.8801551949144956,10,1,0,,,mixture/0.5/10/5/7
0.5,10,5,7,1000,800,constant,pam,0,1,1.0,10,1,1,1,0,mixture/0.5/10/5/7
0.5,10,5,8,1000,800,constant,single,0,0,0.7978173653673024,5,0,0,,,mixture/0.5/10/5/8
0.5,10,5,8,1000,800,constant,complete,0,1,1.0,5,0,0,,,mixture/0.5/10/5/8
0.5,10,5,8,1000,800,constant,average,0,1,1.0,5,0,0,,,mixture/0.5/10/5/8
0.5,10,5,8,1000,800,constant,pam,0,1,1.0,5,0,0,1,0,mixture/0.5/10/5/8
0.5,10,5,9,1000,800,constant,single,0,0,0.7023215901539047,10,1,0,,,mixture/0.5/10/5/9
0.5,10,5,9,1000,800,constant,complete,0,1,1.0,10,1,1,,,mixture/0.5/10/5/9
0.5,10,5,9,1000,800,constant,average,0,1,1.0,10,1,1,,,mixture/0.5/10/5/9
0.5,10,5,9,1000,800,constant,pam,0,1,1.0,10,1,1,1,0,mixture/0.5/10/5/9
0.5,10,5,10,1000,800,constant,single,0,1,1.0,10,1,1,,,mixture/0.5/10/5/10
0.5,10,5,10,1000,800,constant,complete,0,1,1.0,10,1,1,,,mixture/0.5/10/5/10
0.5,10,5,10,1000,800,constant,average,0,1,1.0,10,1,1,,,mixture/0.5/10/5/10
0.5,10,5,10,1000,800,constant,pam,0,1,1.0,10,1,1,1,0,mixture/0.5/10/5/10
0.5,10,5,11,1000,800,constant,single,0,0,0.6962243649031286,9,0,0,,,mixture/0.5/10/5/11
0.5,10,5,11,1000,800,constant,complete,0,0,0.8693920876521657,9,0,0,,,mixture/0.5/10/5/11
0.5,10,5,11,1000,800,constant,average,0,0,0.8869170412397385,9,0,0,,,mixture/0.5/10/5/11
0.5,10,5,11,1000,800,constant,pam,0,1,1.0,9,0,0,1,0,mixture/0.5/10/5/11
0.5,10,5,12,1000,800,constant,single,0,0,0.6746723930997691,8,0,0,,,mixture/0.5/10/5/12
0.5,10,5,12,1000,800,constant,complete,0,0,0.8586393095981412,8,0,0,,,mixture/0.5/10/5/12
0.5,10,5,12,1000,800,constant,average,0,0,0.8854689957950604,8,0,0,,,mixture/0.5/10/5/12
0.5,10,5,12,1000,800,constant,pam,0,1,1.0,8,0,0,1,0,mixture/0.5/10/5/12
0.5,10,5,13,1000,800,constant,single,0,0,0.7950540122627826,10,1,0,,,mixture/0.5/10/5/13
0.5,10,5,13,1000,800,constant,complete,0,0,0.8749174672376353,10,1,0,,,mixture/0.5/10/5/13
0.5,10,5,13,1000,800,constant,average,0,0,0.7913496518110288,10,1,0,,,mixture/0.5/10/5/13
0.5,10,5,13,1000,800,constant,pam,0,0,0.9945732474067329,10,1,0,1,0,mixture/0.5/10/5/13
0.5,10,5,14,1000,800,constant,single,0,0,0.8883057896293515,10,1,0,,,mixture/0.5/10/5/14
0.5,10,5,14,1000,800,constant,complete,0,1,1.0,10,1,1,,,mixture/0.5/10/5/14
0.5,10,5,14,1000,800,constant,average,0,1,1.0,10,1,1,,,mixture/0.5/10/5/14
0.5,10,5,14,1000,800,constant,pam,0,1,1.0,10,1,1,1,0,mixture/0.5/10/5/14
0.5,10,5,15,1000,800,constant,single,0,0,0.6700717884836886,10,1,0,,,mixture/0.5/10/5/15
0.5,10,5,15,1000,800,constant,complete,0,0,0.7748339016980468,10,1,0,,,mixture/0.5/10/5/15
0.5,10,5,15,1000,800,constant,average,0,0,0.823370384907199,10,1,0,,,mixture/0.5/10/5/15
0.5,10,5,15,1000,800,constant,pam,0,1,1.0,10,1,1,1,0,mixture/0.5/10/5/15
0.5,10,5,16,1000,800,constant,single,0,0,0.8933209387436635,8,0,0,,,mixture/0.5/10/5/16
0.5,10,5,16,1000,800,constant,complete,0,0,0.8654939084589638,8,0,0,,,mixture/0.5/10/5/16
0.5,10,5,16,1000,800,constant,average,0,0,0.8933209387436635,8,0,0,,,mixture/0.5/10/5/16
0.5,10,5,16,1000,800,constant,pam,0,1,1.0,8,0,0,1,0,mixture/0.5/10/5/16
0.5,10,5,17,1000,800,constant,single,0,0,0.5274472743495143,10,1,0,,,mixture/0.5/10/5/17
0.5,10,5,17,1000,800,constant,complete,0,0,0.885938380312517,10,1,0,,,mixture/0.5/10/5/17
0.5,10,5,17,1000,800,constant,average,0,0,0.7396657593993881,10,1,0,,,mixture/0.5/10/5/17
0.5,10,5,17,1000,800,constant,pam,0,0,0.99206304817705,10,1,0,1,0,mixture/0.5/10/5/17
0.5,10,5,18,1000,800,constant,single,0,0,0.8927812345036293,10,1,0,,,mixture/0.5/10/5/18
0.5,10,5,18,1000,800,constant,complete,0,1,1.0,10,1,1,,,mixture/0.5/10/5/18
0.5,10,5,18,1000,800,constant,average,0,0,0.8927812345036293,10,1,0,,,mixture/0.5/10/5/18
0.5,10,5,18,1000,800,constant,pam,0,1,1.0,10,1,1,1,0,mixture/0.5/10/5/18
0.5,10,5,19,1000,800,constant,single,0,0,0.7272983810633763,9,0,0,,,mixture/0.5/10/5/19
0.5,10,5,19,1000,800,constant,complete,0,1,1.0,9,0,0,,,mixture/0.5/10/5/19
0.5,10,5,19,1000,800,constant,average,0,0,0.9006674265873005,9,0,0,,,mixture/0.5/10/5/19
0.5,10,5,19,1000,800,constant,pam,0,0,0.9918909190407278,9,0,0,1,0,mixture/0.5/10/5/19
0.5,10,5,20,1000,800,constant,single,0,0,0.3958363134396018,10,1,0,,,mixture/0.5/10/5/20
0.5,10,5,20,1000,800,constant,complete,0,0,0.7203061163362473,10,1,0,,,mixture/0.5/10/5/20
0.5,10,5,20,1000,800,constant,average,0,0,0.5571519578753159,10,1,0,,,mixture/0.5/10/5/20
0.5,10,5,20,1000,800,constant,pam,0,1,1.0,10,1,1,1,0,mixture/0.5/10/5/20
0.5,10,5,21,1000,800,constant,single,0,0,0.5554645188222186,10,1,0,,,mixture/0.5/10/5/21
0.5,10,5,21,1000,800,constant,complete,0,0,0.8920434994330985,10,1,0,,,mixture/0.5/10/5/21
0.5,10,5,21,1000,800,constant,average,0,0,0.9077429150117966,10,1,0,,,mixture/0.5/10/5/21
0.5,10,5,21,1000,800,constant,pam,0,1,1.0,10,1,1,1,0,mixture/0.5/10/5/21
0.5,10,5,22,1000,800,constant,single,0,0,0.9078223612329491,6,0,0,,,mixture/0.5/10/5/22
0.5,10,5,22,1000,800,constant,complete,0,0,0.9015932172952195,6,0,0,,,mixture/0.5/10/5/22
0.5,10,5,22,1000,800,constant,average,0,0,0.9077876244857347,6,0,0,,,mixture/0.5/10/5/22
0.5,10,5,22,1000,800,constant,pam,0,1,1.0,6,0,0,1,0,mixture/0.5/10/5/22
0.5,10,5,23,1000,800,constant,single,0,0,0.8980366228002304,10,1,0,,,mixture/0.5/10/5/23
0.5,10,5,23,1000,800,constant,complete,0,0,0.8734071318893866,10,1,0,,,mixture/0.5/10/5/23
0.5,10,5,23,1000,800,constant,average,0,0,0.8980366228002304,10,1,0,,,mixture/0.5/10/5/23
0.5,10,5,23,1000,800,constant,pam,0,1,1.0,10,1,1,1,0,mixture/0.5/10/5/23
0.5,10,5,24,1000,800,constant,single,0,0,0.8992498250479727,10,1,0,,,mixture/0.5/10/5/24
0.5,10,5,24,1000,800,constant,complete,0,1,1.0,10,1,1,,,mixture/0.5/10/5/24
0.5,10,5,24,1000,800,constant,average,0,1,1.0,10,1,1,,,mixture/0.5/10/5/24
0.5,10,5,24,1000,800,constant,pam,0,1,1.0,10,1,1,1,0,mixture/0.5/10/5/24
0.5,10,5,25,1000,800,constant,single,0,0,0.8144522094320613,10,1,0,,,mixture/0.5/10/5/25
0.5,10,5,25,1000,800,constant,complete,0,0,0.8713057619137321,10,1,0,,,mixture/0.5/10/5/25
0.5,10,5,25,1000,800,constant,average,0,0,0.9019624035327577,10,1,0,,,mixture/0.5/10/5/25
0.5,10,5,25,1000,800,constant,pam,0,1,1.0,10,1,1,1,0,mixture/0.5/10/5/25
0.5,10,5,26,1000,800,constant,single,0,0,0.9008427896192549,10,1,0,,,mixture/0.5/10/5/26
0.5,10,5,26,1000,800,constant,complete,0,0,0.8825572712294755,10,1,0,,,mixture/0.5/10/5/26
0.5,10,5,26,1000,800,constant,average,0,0,0.8999914341377329,10,1,0,,,mixture/0.5/10/5/26
0.5,10,5,26,1000,800,constant,pam,0,1,1.0,10,1,1,1,0,mixture/0.5/10/5/26
0.5,10,5,27,1000,800,constant,single,0,0,0.6788378321137185,10,1,0,,,mixture/0.5/10/5/27
0.5,10,5,27,1000,800,constant,complete,0,0,0.8893339110424084,10,1,0,,,mixture/0.5/10/5/27
0.5,10,5,27,1000,800,constant,average,0,0,0.8245669206031597,10,1,0,,,mixture/0.5/10/5/27
0.5,10,5,27,1000,800,constant,pam,0,1,1.0,10,1,1,1,0,mixture/0.5/10/5/27
0.5,10,5,28,1000,800,constant,single,0,0,0.7063847886580329,7,0,0,,,mixture/0.5/10/5/28
0.5,10,5,28,1000,800,constant,complete,0,0,0.8791806049152162,7,0,0,,,mixture/0.5/10/5/28
0.5,10,5,28,1000,800,constant,average,0,0,0.9035149937303044,7,0,0,,,mixture/0.5/10/5/28
0.5,10,5,28,1000,800,constant,pam,0,1,1.0,7,0,0,1,0,mixture/0.5/10/5/28
0.5,10,5,29,1000,800,constant,single,0,0,0.8024590255335161,10,1,0,,,mixture/0.5/10/5/29
0.5,10,5,29,1000,800,constant,complete,0,0,0.78484520636744,10,1,0,,,mixture/0.5/10/5/29
0.5,10,5,29,1000,800,constant,average,0,0,0.8024590255335161,10,1,0,,,mixture/0.5/10/5/29
0.5,10,5,29,1000,800,constant,pam,0,1,1.0,10,1,1,1,0,mixture/0.5/10/5/29
1.0,2,5,0,1000,800,constant,single,0,1,1.0,2,1,1,,,mixture/1.0/2/5/0
1.0,2,5,0,1000,800,constant,complete,0,1,1.0,2,1,1,,,mixture/1.0/2/5/0
1.0,2,5,0,1000,800,constant,average,0,1,1.0,2,1,1,,,mixture/1.0/2/5/0
1.0,2,5,0,1000,800,constant,pam,0,1,1.0,2,1,1,1,0,mixture/1.0/2/5/0
1.0,2,5,1,1000,800,constant,single,0,1,1.0,2,1,1,,,mixture/1.0/2/5/1
1.0,2,5,1,1000,800,constant,complete,0,1,1.0,2,1,1,,,mixture/1.0/2/5/1
1.0,2,5,1,1000,800,constant,average,0,1,1.0,2,1,1,,,mixture/1.0/2/5/1
1.0,2,5,1,1000,800,constant,pam,0,1,1.0,2,1,1,1,0,mixture/1.0/2/5/1
1.0,2,5,2,1000,800,constant,single,0,1,1.0,2,1,1,,,mixture/1.0/2/5/2
1.0,2,5,2,1000,800,constant,complete,0,1,1.0,2,1,1,,,mixture/1.0/2/5/2
1.0,2,5,2,1000,800,constant,average,0,1,1.0,2,1,1,,,mixture/1.0/2/5/2
1.0,2,5,2,1000,800,constant,pam,0,1,1.0,2,1,1,1,0,mixture/1.0/2/5/2
1.0,2,5,3,1000,800,constant,single,0,1,1.0,2,1,1,,,mixture/1.0/2/5/3
1.0,2,5,3,1000,800,constant,complete,0,1,1.0,2,1,1,,,mixture/1.0/2/5/3
1.0,2,5,3,1000,800,constant,average,0,1,1.0,2,1,1,,,mixture/1.0/2/5/3
1.0,2,5,3,1000,800,constant,pam,0,1,1.0,2,1,1,1,0,mixture/1.0/2/5/3
1.0,2,5,4,1000,800,constant,single,0,1,1.0,2,1,1,,,mixture/1.0/2/5/4
1.0,2,5,4,1000,800,constant,complete,0,1,1.0,2,1,1,,,mixture/1.0/2/5/4
1.0,2,5,4,1000,800,constant,average,0,1,1.0,2,1,1,,,mixture/1.0/2/5/4
1.0,2,5,4,1000,800,constant,pam,0,1,1.0,2,1,1,1,0,mixture/1.0/2/5/4
1.0,2,5,5,1000,800,constant,single,0,0,-2.4875774258357374e-05,2,1,0,,,mixture/1.0/2/5/5
1.0,2,5,5,1000,800,constant,complete,0,1,1.0,2,1,1,,,mixture/1.0/2/5/5
1.0,2,5,5,1000,800,constant,average,0,1,1.0,2,1,1,,,mixture/1.0/2/5/5
1.0,2,5,5,1000,800,constant,pam,0,1,1.0,2,1,1,1,0,mixture/1.0/2/5/5
1.0,2,5,6,1000,800,constant,single,0,1,1.0,2,1,1,,,mixture/1.0/2/5/6
1.0,2,5,6,1000,800,constant,complete,0,1,1.0,2,1,1,,,mixture/1.0/2/5/6
1.0,2,5,6,1000,800,constant,average,0,1,1.0,2,1,1,,,mixture/1.0/2/5/6
1.0,2,5,6,1000,800,constant,pam,0,1,1.0,2,1,1,1,0,mixture/1.0/2/5/6
1.0,2,5,7,1000,800,constant,single,0,1,1.0,2,1,1,,,mixture/1.0/2/5/7
1.0,2,5,7,1000,800,constant,complete,0,1,1.0,2,1,1,,,mixture/1.0/2/5/7
1.0,2,5,7,1000,800,constant,average,0,1,1.0,2,1,1,,,mixture/1.0/2/5/7
1.0,2,5,7,1000,800,constant,pam,0,1,1.0,2,1,1,1,0,mixture/1.0/2/5/7
1.0,2,5,8,1000,800,constant,single,0,1,1.0,2,1,1,,,mixture/1.0/2/5/8
1.0,2,5,8,1000,800,constant,complete,0,1,1.0,2,1,1,,,mixture/1.0/2/5/8
1.0,2,5,8,1000,800,constant,average,0,1,1.0,2,1,1,,,mixture/1.0/2/5/8
1.0,2,5,8,1000,800,constant,pam,0,1,1.0,2,1,1,1,0,mixture/1.0/2/5/8
1.0,2,5,9,1000,800,constant,single,0,1,1.0,2,1,1,,,mixture/1.0/2/5/9
1.0,2,5,9,1000,800,constant,complete,0,1,1.0,2,1,1,,,mixture/1.0/2/5/9
1.0,2,5,9,1000,800,constant,average,0,1,1.0,2,1,1,,,mixture/1.0/2/5/9
1.0,2,5,9,1000,800,constant,pam,0,1,1.0,2,1,1,1,0,mixture/1.0/2/5/9
1.0,2,5,10,1000,800,constant,single,0,1,1.0,2,1,1,,,mixture/1.0/2/5/10
1.0,2,5,10,1000,800,constant,complete,0,1,1.0,2,1,1,,,mixture/1.0/2/5/10
1.0,2,5,10,1000,800,constant,average,0,1,1.0,2,1,1,,,mixture/1.0/2/5/10
1.0,2,5,10,1000,800,constant,pam,0,1,1.0,2,1,1,1,0,mixture/1.0/2/5/10
1.0,2,5,11,1000,800,constant,single,0,1,1.0,2,1,1,,,mixture/1.0/2/5/11
1.0,2,5,11,1000,800,constant,complete,0,1,1.0,2,1,1,,,mixture/1.0/2/5/11
1.0,2,5,11,1000,800,constant,average,0,1,1.0,2,1,1,,,mixture/1.0/2/5/11
1.0,2,5,11,1000,800,constant,pam,0,1,1.0,2,1,1,1,0,mixture/1.0/2/5/11
1.0,2,5,12,1000,800,constant,single,0,1,1.0,2,1,1,,,mixture/1.0/2/5/12
1.0,2,5,12,1000,800,constant,complete,0,1,1.0,2,1,1,,,mixture/1.0/2/5/12
1.0,2,5,12,1000,800,constant,average,0,1,1.0,2,1,1,,,mixture/1.0/2/5/12
1.0,2,5,12,1000,800,constant,pam,0,1,1.0,2,1,1,1,0,mixture/1.0/2/5/12
1.0,2,5,13,1000,800,constant,single,0,1,1.0,2,1,1,,,mixture/1.0/2/5/13
1.0,2,5,13,1000,800,constant,complete,0,1,1.0,2,1,1,,,mixture/1.0/2/5/13
1.0,2,5,13,1000,800,constant,average,0,1,1.0,2,1,1,,,mixture/1.0/2/5/13
1.0,2,5,13,1000,800,constant,pam,0,1,1.0,2,1,1,1,0,mixture/1.0/2/5/13
1.0,2,5,14,1000,800,constant,single,0,1,1.0,2,1,1,,,mixture/1.0/2/5/14
1.0,2,5,14,1000,800,constant,complete,0,1,1.0,2,1,1,,,mixture/1.0/2/5/14
1.0,2,5,14,1000,800,constant,average,0,1,1.0,2,1,1,,,mixture/1.0/2/5/14
1.0,2,5,14,1000,800,constant,pam,0,1,1.0,2,1,1,1,0,mixture/1.0/2/5/14
1.0,2,5,15,1000,800,constant,single,0,1,1.0,2,1,1,,,mixture/1.0/2/5/15
1.0,2,5,15,1000,800,constant,complete,0,1,1.0,2,1,1,,,mixture/1.0/2/5/15
1.0,2,5,15,1000,800,constant,average,0,1,1.0,2,1,1,,,mixture/1.0/2/5/15
1.0,2,5,15,1000,800,constant,pam,0,1,1.0,2,1,1,1,0,mixture/1.0/2/5/15
1.0,2,5,16,1000,800,constant,single,0,1,1.0,2,1,1,,,mixture/1.0/2/5/16
1.0,2,5,16,1000,800,constant,complete,0,1,1.0,2,1,1,,,mixture/1.0/2/5/16
1.0,2,5,16,1000,800,constant,average,0,1,1.0,2,1,1,,,mixture/1.0/2/5/16
1.0,2,5,16,1000,800,constant,pam,0,1,1.0,2,1,1,1,0,mixture/1.0/2/5/16
1.0,2,5,17,1000,800,constant,single,0,0,0.00026315624588818363,2,1,0,,,mixture/1.0/2/5/17
1.0,2,5,17,1000,800,constant,complete,0,1,1.0,2,1,1,,,mixture/1.0/2/5/17
1.0,2,5,17,1000,800,constant,average,0,1,1.0,2,1,1,,,mixture/1.0/2/5/17
1.0,2,5,17,1000,800,constant,pam,0,0,0.9949999905623403,2,1,0,1,0,mixture/1.0/2/5/17
1.0,2,5,18,1000,800,constant,single,0,1,1.0,2,1,1,,,mixture/1.0/2/5/18
1.0,2,5,18,1000,800,constant,complete,0,1,1.0,2,1,1,,,mixture/1.0/2/5/18
1.0,2,5,18,1000,800,constant,average,0,1,1.0,2,1,1,,,mixture/1.0/2/5/18
1.0,2,5,18,1000,800,constant,pam,0,1,1.0,2,1,1,1,0,mixture/1.0/2/5/18
1.0,2,5,19,1000,800,constant,single,0,1,1.0,2,1,1,,,mixture/1.0/2/5/19
1.0,2,5,19,1000,800,constant,complete,0,1,1.0,2,1,1,,,mixture/1.0/2/5/19
1.0,2,5,19,1000,800,constant,average,0,1,1.0,2,1,1,,,mixture/1.0/2/5/19
1.0,2,5,19,1000,800,constant,pam,0,1,1.0,2,1,1,1,0,mixture/1.0/2/5/19
1.0,2,5,20,1000,800,constant,single,0,1,1.0,2,1,1,,,mixture/1.0/2/5/20
1.0,2,5,20,1000,800,constant,complete,0,1,1.0,2,1,1,,,mixture/1.0/2/5/20
1.0,2,5,20,1000,800,constant,average,0,1,1.0,2,1,1,,,mixture/1.0/2/5/20
1.0,2,5,20,1000,800,constant,pam,0,1,1.0,2,1,1,1,0,mixture/1.0/2/5/20
1.0,2,5,21,1000,800,constant,single,0,1,1.0,2,1,1,,,mixture/1.0/2/5/21
1.0,2,5,21,1000,800,constant,complete,0,1,1.0,2,1,1,,,mixture/1.0/2/5/21
1.0,2,5,21,1000,800,constant,average,0,1,1.0,2,1,1,,,mixture/1.0/2/5/21
1.0,2,5,21,1000,800,constant,pam,0,1,1.0,2,1,1,1,0,mixture/1.0/2/5/21
1.0,2,5,22,1000,800,constant,single,0,1,1.0,2,1,1,,,mixture/1.0/2/5/22
1.0,2,5,22,1000,800,constant,complete,0,1,1.0,2,1,1,,,mixture/1.0/2/5/22
1.0,2,5,22,1000,800,constant,average,0,1,1.0,2,1,1,,,mixture/1.0/2/5/22
1.0,2,5,22,1000,800,constant,pam,0,1,1.0,2,1,1,1,0,mixture/1.0/2/5/22
1.0,2,5,23,1000,800,constant,single,0,1,1.0,2,1,1,,,mixture/1.0/2/5/23
1.0,2,5,23,1000,800,constant,complete,0,1,1.0,2,1,1,,,mixture/1.0/2/5/23
1.0,2,5,23,1000,800,constant,average,0,1,1.0,2,1,1,,,mixture/1.0/2/5/23
1.0,2,5,23,1000,800,constant,pam,0,1,1.0,2,1,1,1,0,mixture/1.0/2/5/23
1.0,2,5,24,1000,800,constant,single,0,1,1.0,2,1,1,,,mixture/1.0/2/5/24
1.0,2,5,24,1000,800,constant,complete,0,1,1.0,2,1,1,,,mixture/1.0/2/5/24
1.0,2,5,24,1000,800,constant,average,0,1,1.0,2,1,1,,,mixture/1.0/2/5/24
1.0,2,5,24,1000,800,constant,pam,0,1,1.0,2,1,1,1,0,mixture/1.0/2/5/24
1.0,2,5,25,1000,800,constant,single,0,1,1.0,2,1,1,,,mixture/1.0/2/5/25
1.0,2,5,25,1000,800,constant,complete,0,1,1.0,2,1,1,,,mixture/1.0/2/5/25
1.0,2,5,25,1000,800,constant,average,0,1,1.0,2,1,1,,,mixture/1.0/2/5/25
1.0,2,5,25,1000,800,constant,pam,0,1,1.0,2,1,1,1,0,mixture/1.0/2/5/25
1.0,2,5,26,1000,800,constant,single,0,1,1.0,2,1,1,,,mixture/1.0/2/5/26
1.0,2,5,26,1000,800,constant,complete,0,1,1.0,2,1,1,,,mixture/1.0/2/5/26
1.0,2,5,26,1000,800,constant,average,0,1,1.0,2,1,1,,,mixture/1.0/2/5/26
1.0,2,5,26,1000,800,constant,pam,0,1,1.0,2,1,1,1,0,mixture/1.0/2/5/26
1.0,2,5,27,1000,800,constant,single,0,0,2.512578204008241e-05,2,1,0,,,mixture/1.0/2/5/27
1.0,2,5,27,1000,800,constant,complete,0,1,1.0,2,1,1,,,mixture/1.0/2/5/27
1.0,2,5,27,1000,800,constant,average,0,1,1.0,2,1,1,,,mixture/1.0/2/5/27
1.0,2,5,27,1000,800,constant,pam,0,1,1.0,2,1,1,1,0,mixture/1.0/2/5/27
1.0,2,5,28,1000,800,constant,single,0,1,1.0,2,1,1,,,mixture/1.0/2/5/28
1.0,2,5,28,1000,800,constant,complete,0,1,1.0,2,1,1,,,mixture/1.0/2/5/28
1.0,2,5,28,1000,800,constant,average,0,1,1.0,2,1,1,,,mixture/1.0/2/5/28
1.0,2,5,28,1000,800,constant,pam,0,1,1.0,2,1,1,1,0,mixture/1.0/2/5/28
1.0,2,5,29,1000,800,constant,single,0,1,1.0,2,1,1,,,mixture/1.0/2/5/29
1.0,2,5,29,1000,800,constant,complete,0,1,1.0,2,1,1,,,mixture/1.0/2/5/29
1.0,2,5,29,1000,800,constant,average,0,1,1.0,2,1,1,,,mixture/1.0/2/5/29
1.0,2,5,29,1000,800,constant,pam,0,1,1.0,2,1,1,1,0,mixture/1.0/2/5/29
1.0,3,5,0,1000,800,constant,single,0,1,1.0,3,1,1,,,mixture/1.0/3/5/0
1.0,3,5,0,1000,800,constant,complete,0,1,1.0,3,1,1,,,mixture/1.0/3/5/0
1.0,3,5,0,1000,800,constant,average,0,1,1.0,3,1,1,,,mixture/1.0/3/5/0
1.0,3,5,0,1000,800,constant,pam,0,1,1.0,3,1,1,1,0,mixture/1.0/3/5/0
1.0,3,5,1,1000,800,constant,single,0,1,1.0,3,1,1,,,mixture/1.0/3/5/1
1.0,3,5,1,1000,800,constant,complete,0,1,1.0,3,1,1,,,mixture/1.0/3/5/1
1.0,3,5,1,1000,800,constant,average,0,1,1.0,3,1,1,,,mixture/1.0/3/5/1
1.0,3,5,1,1000,800,constant,pam,0,1,1.0,3,1,1,1,0,mixture/1.0/3/5/1
1.0,3,5,2,1000,800,constant,single,0,1,1.0,3,1,1,,,mixture/1.0/3/5/2
1.0,3,5,2,1000,800,constant,complete,0,1,1.0,3,1,1,,,mixture/1.0/3/5/2
1.0,3,5,2,1000,800,constant,average,0,1,1.0,3,1,1,,,mixture/1.0/3/5/2
1.0,3,5,2,1000,800,constant,pam,0,1,1.0,3,1,1,1,0,mixture/1.0/3/5/2
1.0,3,5,3,1000,800,constant,single,0,1,1.0,3,1,1,,,mixture/1.0/3/5/3
1.0,3,5,3,1000,800,constant,complete,0,1,1.0,3,1,1,,,mixture/1.0/3/5/3
1.0,3,5,3,1000,800,constant,average,0,1,1.0,3,1,1,,,mixture/1.0/3/5/3
1.0,3,5,3,1000,800,constant,pam,0,1,1.0,3,1,1,1,0,mixture/1.0/3/5/3
1.0,3,5,4,1000,800,constant,single,0,0,0.5603857459307117,3,1,0,,,mixture/1.0/3/5/4
1.0,3,5,4,1000,800,constant,complete,0,1,1.0,3,1,1,,,mixture/1.0/3/5/4
1.0,3,5,4,1000,800,constant,average,0,1,1.0,3,1,1,,,mixture/1.0/3/5/4
1.0,3,5,4,1000,800,constant,pam,0,1,1.0,3,1,1,1,0,mixture/1.0/3/5/4
1.0,3,5,5,1000,800,constant,single,0,1,1.0,3,1,1,,,mixture/1.0/3/5/5
1.0,3,5,5,1000,800,constant,complete,0,1,1.0,3,1,1,,,mixture/1.0/3/5/5
1.0,3,5,5,1000,800,constant,average,0,1,1.0,3,1,1,,,mixture/1.0/3/5/5
1.0,3,5,5,1000,800,constant,pam,0,1,1.0,3,1,1,1,0,mixture/1.0/3/5/5
1.0,3,5,6,1000,800,constant,single,0,1,1.0,3,1,1,,,mixture/1.0/3/5/6
1.0,3,5,6,1000,800,constant,complete,0,1,1.0,3,1,1,,,mixture/1.0/3/5/6
1.0,3,5,6,1000,800,constant,average,0,1,1.0,3,1,1,,,mixture/1.0/3/5/6
1.0,3,5,6,1000,800,constant,pam,0,1,1.0,3,1,1,1,0,mixture/1.0/3/5/6
1.0,3,5,7,1000,800,constant,single,0,0,0.5834517520666594,3,1,0,,,mixture/1.0/3/5/7
1.0,3,5,7,1000,800,constant,complete,0,1,1.0,3,1,1,,,mixture/1.0/3/5/7
1.0,3,5,7,1000,800,constant,average,0,1,1.0,3,1,1,,,mixture/1.0/3/5/7
1.0,3,5,7,1000,800,constant,pam,0,1,1.0,3,1,1,1,0,mixture/1.0/3/5/7
1.0,3,5,8,1000,800,constant,single,0,1,1.0,3,1,1,,,mixture/1.0/3/5/8
1.0,3,5,8,1000,800,constant,complete,0,1,1.0,3,1,1,,,mixture/1.0/3/5/8
1.0,3,5,8,1000,800,constant,average,0,1,1.0,3,1,1,,,mixture/1.0/3/5/8
1.0,3,5,8,1000,800,constant,pam,0,1,1.0,3,1,1,1,0,mixture/1.0/3/5/8
1.0,3,5,9,1000,800,constant,single,0,0,0.5519565674655736,3,1,0,,,mixture/1.0/3/5/9
1.0,3,5,9,1000,800,constant,complete,0,1,1.0,3,1,1,,,mixture/1.0/3/5/9
1.0,3,5,9,1000,800,constant,average,0,1,1.0,3,1,1,,,mixture/1.0/3/5/9
1.0,3,5,9,1000,800,constant,pam,0,0,0.9961615529917248,3,1,0,1,0,mixture/1.0/3/5/9
1.0,3,5,10,1000,800,constant,single,0,1,1.0,3,1,1,,,mixture/1.0/3/5/10
1.0,3,5,10,1000,800,constant,complete,0,1,1.0,3,1,1,,,mixture/1.0/3/5/10
1.0,3,5,10,1000,800,constant,average,0,1,1.0,3,1,1,,,mixture/1.0/3/5/10
1.0,3,5,10,1000,800,constant,pam,0,1,1.0,3,1,1,1,0,mixture/1.0/3/5/10
1.0,3,5,11,1000,800,constant,single,0,0,0.5654150302129164,3,1,0,,,mixture/1.0/3/5/11
1.0,3,5,11,1000,800,constant,complete,0,1,1.0,3,1,1,,,mixture/1.0/3/5/11
1.0,3,5,11,1000,800,constant,average,0,0,0.5654150302129164,3,1,0,,,mixture/1.0/3/5/11
1.0,3,5,11,1000,800,constant,pam,0,1,1.0,3,1,1,1,0,mixture/1.0/3/5/11
1.0,3,5,12,1000,800,constant,single,0,1,1.0,3,1,1,,,mixture/1.0/3/5/12
1.0,3,5,12,1000,800,constant,complete,0,1,1.0,3,1,1,,,mixture/1.0/3/5/12
1.0,3,5,12,1000,800,constant,average,0,1,1.0,3,1,1,,,mixture/1.0/3/5/12
1.0,3,5,12,1000,800,constant,pam,0,1,1.0,3,1,1,1,0,mixture/1.0/3/5/12
1.0,3,5,13,1000,800,constant,single,0,1,1.0,3,1,1,,,mixture/1.0/3/5/13
1.0,3,5,13,1000,800,constant,complete,0,1,1.0,3,1,1,,,mixture/1.0/3/5/13
1.0,3,5,13,1000,800,constant,average,0,1,1.0,3,1,1,,,mixture/1.0/3/5/13
1.0,3,5,13,1000,800,constant,pam,0,1,1.0,3,1,1,1,0,mixture/1.0/3/5/13
1.0,3,5,14,1000,800,constant,single,0,1,1.0,3,1,1,,,mixture/1.0/3/5/14
1.0,3,5,14,1000,800,constant,complete,0,1,1.0,3,1,1,,,mixture/1.0/3/5/14
1.0,3,5,14,1000,800,constant,average,0,1,1.0,3,1,1,,,mixture/1.0/3/5/14
1.0,3,5,14,1000,800,constant,pam,0,1,1.0,3,1,1,1,0,mixture/1.0/3/5/14
1.0,3,5,15,1000,800,constant,single,0,0,0.5626027171531055,3,1,0,,,mixture/1.0/3/5/15
1.0,3,5,15,1000,800,constant,complete,0,1,1.0,3,1,1,,,mixture/1.0/3/5/15
1.0,3,5,15,1000,800,constant,average,0,1,1.0,3,1,1,,,mixture/1.0/3/5/15
1.0,3,5,15,1000,800,constant,pam,0,1,1.0,3,1,1,1,0,mixture/1.0/3/5/15
1.0,3,5,16,1000,800,constant,single,0,1,1.0,3,1,1,,,mixture/1.0/3/5/16
1.0,3,5,16,1000,800,constant,complete,0,1,1.0,3,1,1,,,mixture/1.0/3/5/16
1.0,3,5,16,1000,800,constant,average,0,1,1.0,3,1,1,,,mixture/1.0/3/5/16
1.0,3,5,16,1000,800,constant,pam,0,1,1.0,3,1,1,1,0,mixture/1.0/3/5/16
1.0,3,5,17,1000,800,constant,single,0,1,1.0,3,1,1,,,mixture/1.0/3/5/17
1.0,3,5,17,1000,800,constant,complete,0,1,1.0,3,1,1,,,mixture/1.0/3/5/17
1.0,3,5,17,1000,800,constant,average,0,1,1.0,3,1,1,,,mixture/1.0/3/5/17
1.0,3,5,17,1000,800,constant,pam,0,1,1.0,3,1,1,1,0,mixture/1.0/3/5/17
1.0,3,5,18,1000,800,constant,single,0,0,0.5895266627649712,3,1,0,,,mixture/1.0/3/5/18
1.0,3,5,18,1000,800,constant,complete,0,1,1.0,3,1,1,,,mixture/1.0/3/5/18
1.0,3,5,18,1000,800,constant,average,0,1,1.0,3,1,1,,,mixture/1.0/3/5/18
1.0,3,5,18,1000,800,constant,pam,0,1,1.0,3,1,1,1,0,mixture/1.0/3/5/18
1.0,3,5,19,1000,800,constant,single,0,1,1.0,3,1,1,,,mixture/1.0/3/5/19
1.0,3,5,19,1000,800,constant,complete,0,1,1.0,3,1,1,,,mixture/1.0/3/5/19
1.0,3,5,19,1000,800,constant,average,0,1,1.0,3,1,1,,,mixture/1.0/3/5/19
1.0,3,5,19,1000,800,constant,pam,0,1,1.0,3,1,1,1,0,mixture/1.0/3/5/19
1.0,3,5,20,1000,800,constant,single,0,1,1.0,2,0,0,,,mixture/1.0/3/5/20
1.0,3,5,20,1000,800,constant,complete,0,1,1.0,2,0,0,,,mixture/1.0/3/5/20
1.0,3,5,20,1000,800,constant,average,0,1,1.0,2,0,0,,,mixture/1.0/3/5/20
1.0,3,5,20,1000,800,constant,pam,0,1,1.0,2,0,0,1,0,mixture/1.0/3/5/20
1.0,3,5,21,1000,800,constant,single,0,0,0.00011660698936600492,3,1,0,,,mixture/1.0/3/5/21
1.0,3,5,21,1000,800,constant,complete,0,1,1.0,3,1,1,,,mixture/1.0/3/5/21
1.0,3,5,21,1000,800,constant,average,0,0,0.5640223185088766,3,1,0,,,mixture/1.0/3/5/21
1.0,3,5,21,1000,800,constant,pam,0,0,0.9555594347142574,3,1,0,1,0,mixture/1.0/3/5/21
1.0,3,5,22,1000,800,constant,single,0,1,1.0,3,1,1,,,mixture/1.0/3/5/22
1.0,3,5,22,1000,800,constant,complete,0,1,1.0,3,1,1,,,mixture/1.0/3/5/22
1.0,3,5,22,1000,800,constant,average,0,1,1.0,3,1,1,,,mixture/1.0/3/5/22
1.0,3,5,22,1000,800,constant,pam,0,1,1.0,3,1,1,1,0,mixture/1.0/3/5/22
1.0,3,5,23,1000,800,constant,single,0,1,1.0,3,1,1,,,mixture/1.0/3/5/23
1.0,3,5,23,1000,800,constant,complete,0,1,1.0,3,1,1,,,mixture/1.0/3/5/23
1.0,3,5,23,1000,800,constant,average,0,1,1.0,3,1,1,,,mixture/1.0/3/5/23
1.0,3,5,23,1000,800,constant,pam,0,1,1.0,3,1,1,1,0,mixture/1.0/3/5/23
1.0,3,5,24,1000,800,constant,single,0,1,1.0,3,1,1,,,mixture/1.0/3/5/24
1.0,3,5,24,1000,800,constant,complete,0,1,1.0,3,1,1,,,mixture/1.0/3/5/24
1.0,3,5,24,1000,800,constant,average,0,1,1.0,3,1,1,,,mixture/1.0/3/5/24
1.0,3,5,24,1000,800,constant,pam,0,1,1.0,3,1,1,1,0,mixture/1.0/3/5/24
1.0,3,5,25,1000,800,constant,single,0,1,1.0,3,1,1,,,mixture/1.0/3/5/25
1.0,3,5,25,1000,800,constant,complete,0,1,1.0,3,1,1,,,mixture/1.0/3/5/25
1.0,3,5,25,1000,800,constant,average,0,1,1.0,3,1,1,,,mixture/1.0/3/5/25
1.0,3,5,25,1000,800,constant,pam,0,1,1.0,3,1,1,1,0,mixture/1.0/3/5/25
1.0,3,5,26,1000,800,constant,single,0,1,1.0,3,1,1,,,mixture/1.0/3/5/26
1.0,3,5,26,1000,800,constant,complete,0,1,1.0,3,1,1,,,mixture/1.0/3/5/26
1.0,3,5,26,1000,800,constant,average,0,1,1.0,3,1,1,,,mixture/1.0/3/5/26
1.0,3,5,26,1000,800,constant,pam,0,1,1.0,3,1,1,1,0,mixture/1.0/3/5/26
1.0,3,5,27,1000,800,constant,single,0,1,1.0,3,1,1,,,mixture/1.0/3/5/27
1.0,3,5,27,1000,800,constant,complete,0,1,1.0,3,1,1,,,mixture/1.0/3/5/27
1.0,3,5,27,1000,800,constant,average,0,1,1.0,3,1,1,,,mixture/1.0/3/5/27
1.0,3,5,27,1000,800,constant,pam,0,1,1.0,3,1,1,1,0,mixture/1.0/3/5/27
1.0,3,5,28,1000,800,constant,single,0,1,1.0,3,1,1,,,mixture/1.0/3/5/28
1.0,3,5,28,1000,800,constant,complete,0,1,1.0,3,1,1,,,mixture/1.0/3/5/28
1.0,3,5,28,1000,800,constant,average,0,1,1.0,3,1,1,,,mixture/1.0/3/5/28
1.0,3,5,28,1000,800,constant,pam,0,1,1.0,3,1,1,1,0,mixture/1.0/3/5/28
1.0,3,5,29,1000,800,constant,single,0,0,0.5804332870504161,3,1,0,,,mixture/1.0/3/5/29
1.0,3,5,29,1000,800,constant,complete,0,1,1.0,3,1,1,,,mixture/1.0/3/5/29
1.0,3,5,29,1000,800,constant,average,0,1,1.0,3,1,1,,,mixture/1.0/3/5/29
1.0,3,5,29,1000,800,constant,pam,0,1,1.0,3,1,1,1,0,mixture/1.0/3/5/29
1.0,4,5,0,1000,800,constant,single,0,1,1.0,4,1,1,,,mixture/1.0/4/5/0
1.0,4,5,0,1000,800,constant,complete,0,1,1.0,4,1,1,,,mixture/1.0/4/5/0
1.0,4,5,0,1000,800,constant,average,0,1,1.0,4,1,1,,,mixture/1.0/4/5/0
1.0,4,5,0,1000,800,constant,pam,0,1,1.0,4,1,1,1,0,mixture/1.0/4/5/0
1.0,4,5,1,1000,800,constant,single,0,0,0.6931555316032014,4,1,0,,,mixture/1.0/4/5/1
1.0,4,5,1,1000,800,constant,complete,0,1,1.0,4,1,1,,,mixture/1.0/4/5/1
1.0,4,5,1,1000,800,constant,average,0,1,1.0,4,1,1,,,mixture/1.0/4/5/1
1.0,4,5,1,1000,800,constant,pam,0,1,1.0,4,1,1,1,0,mixture/1.0/4/5/1
1.0,4,5,2,1000,800,constant,single,0,0,0.6733020115605012,4,1,0,,,mixture/1.0/4/5/2
1.0,4,5,2,1000,800,constant,complete,0,0,0.6182837312063679,4,1,0,,,mixture/1.0/4/5/2
1.0,4,5,2,1000,800,constant,average,0,0,0.6717673324544516,4,1,0,,,mixture/1.0/4/5/2
1.0,4,5,2,1000,800,constant,pam,0,1,1.0,4,1,1,1,0,mixture/1.0/4/5/2
1.0,4,5,3,1000,800,constant,single,0,0,0.7135428805963636,3,0,0,,,mixture/1.0/4/5/3
1.0,4,5,3,1000,800,constant,complete,0,1,1.0,3,0,0,,,mixture/1.0/4/5/3
1.0,4,5,3,1000,800,constant,average,0,0,0.7118769961288577,3,0,0,,,mixture/1.0/4/5/3
1.0,4,5,3,1000,800,constant,pam,0,1,1.0,3,0,0,1,0,mixture/1.0/4/5/3
1.0,4,5,4,1000,800,constant,single,0,0,0.7317649026476135,3,0,0,,,mixture/1.0/4/5/4
1.0,4,5,4,1000,800,constant,complete,0,1,1.0,3,0,0,,,mixture/1.0/4/5/4
1.0,4,5,4,1000,800,constant,average,0,1,1.0,3,0,0,,,mixture/1.0/4/5/4
1.0,4,5,4,1000,800,constant,pam,0,1,1.0,3,0,0,1,0,mixture/1.0/4/5/4
1.0,4,5,5,1000,800,constant,single,0,0,0.33471119575139613,3,0,0,,,mixture/1.0/4/5/5
1.0,4,5,5,1000,800,constant,complete,0,0,0.6380117278704058,3,0,0,,,mixture/1.0/4/5/5
1.0,4,5,5,1000,800,constant,average,0,0,0.701478625759545,3,0,0,,,mixture/1.0/4/5/5
1.0,4,5,5,1000,800,constant,pam,0,0,0.9932018196538542,3,0,0,1,0,mixture/1.0/4/5/5
1.0,4,5,6,1000,800,constant,single,0,1,1.0,4,1,1,,,mixture/1.0/4/5/6
1.0,4,5,6,1000,800,constant,complete,0,1,1.0,4,1,1,,,mixture/1.0/4/5/6
1.0,4,5,6,1000,800,constant,average,0,1,1.0,4,1,1,,,mixture/1.0/4/5/6
1.0,4,5,6,1000,800,constant,pam,0,1,1.0,4,1,1,1,0,mixture/1.0/4/5/6
1.0,4,5,7,1000,800,constant,single,0,0,0.34521202717857125,4,1,0,,,mixture/1.0/4/5/7
1.0,4,5,7,1000,800,constant,complete,0,0,0.6236021600645851,4,1,0,,,mixture/1.0/4/5/7
1.0,4,5,7,1000,800,constant,average,0,0,0.7049176641991591,4,1,0,,,mixture/1.0/4/5/7
1.0,4,5,7,1000,800,constant,pam,0,1,1.0,4,1,1,1,0,mixture/1.0/4/5/7
1.0,4,5,8,1000,800,constant,single,0,0,0.7132963604774668,3,0,0,,,mixture/1.0/4/5/8
1.0,4,5,8,1000,800,constant,complete,0,1,1.0,3,0,0,,,mixture/1.0/4/5/8
1.0,4,5,8,1000,800,constant,average,0,1,1.0,3,0,0,,,mixture/1.0/4/5/8
1.0,4,5,8,1000,800,constant,pam,0,1,1.0,3,0,0,1,0,mixture/1.0/4/5/8
1.0,4,5,9,1000,800,constant,single,0,1,1.0,4,1,1,,,mixture/1.0/4/5/9
1.0,4,5,9,1000,800,constant,complete,0,1,1.0,4,1,1,,,mixture/1.0/4/5/9
1.0,4,5,9,1000,800,constant,average,0,1,1.0,4,1,1,,,mixture/1.0/4/5/9
1.0,4,5,9,1000,800,constant,pam,0,1,1.0,4,1,1,1,0,mixture/1.0/4/5/9
1.0,4,5,10,1000,800,constant,single,0,0,0.6964744949807481,4,1,0,,,mixture/1.0/4/5/10
1.0,4,5,10,1000,800,constant,complete,0,1,1.0,4,1,1,,,mixture/1.0/4/5/10
1.0,4,5,10,1000,800,constant,average,0,1,1.0,4,1,1,,,mixture/1.0/4/5/10
1.0,4,5,10,1000,800,constant,pam,0,0,0.9965552758043287,4,1,0,1,0,mixture/1.0/4/5/10
1.0,4,5,11,1000,800,constant,single,0,1,1.0,4,1,1,,,mixture/1.0/4/5/11
1.0,4,5,11,1000,800,constant,complete,0,1,1.0,4,1,1,,,mixture/1.0/4/5/11
1.0,4,5,11,1000,800,constant,average,0,1,1.0,4,1,1,,,mixture/1.0/4/5/11
1.0,4,5,11,1000,800,constant,pam,0,1,1.0,4,1,1,1,0,mixture/1.0/4/5/11
1.0,4,5,12,1000,800,constant,single,0,0,0.708317612136077,4,1,0,,,mixture/1.0/4/5/12
1.0,4,5,12,1000,800,constant,complete,0,1,1.0,4,1,1,,,mixture/1.0/4/5/12
1.0,4,5,12,1000,800,constant,average,0,1,1.0,4,1,1,,,mixture/1.0/4/5/12
1.0,4,5,12,1000,800,constant,pam,0,1,1.0,4,1,1,1,0,mixture/1.0/4/5/12
1.0,4,5,13,1000,800,constant,single,0,0,0.7039784388733431,4,1,0,,,mixture/1.0/4/5/13
1.0,4,5,13,1000,800,constant,complete,0,1,1.0,4,1,1,,,mixture/1.0/4/5/13
1.0,4,5,13,1000,800,constant,average,0,1,1.0,4,1,1,,,mixture/1.0/4/5/13
1.0,4,5,13,1000,800,constant,pam,0,1,1.0,4,1,1,1,0,mixture/1.0/4/5/13
1.0,4,5,14,1000,800,constant,single,0,1,1.0,4,1,1,,,mixture/1.0/4/5/14
1.0,4,5,14,1000,800,constant,complete,0,1,1.0,4,1,1,,,mixture/1.0/4/5/14
1.0,4,5,14,1000,800,constant,average,0,1,1.0,4,1,1,,,mixture/1.0/4/5/14
1.0,4,5,14,1000,800,constant,pam,0,1,1.0,4,1,1,1,0,mixture/1.0/4/5/14
1.0,4,5,15,1000,800,constant,single,0,0,0.7330012520050697,4,1,0,,,mixture/1.0/4/5/15
1.0,4,5,15,1000,800,constant,complete,0,1,1.0,4,1,1,,,mixture/1.0/4/5/15
1.0,4,5,15,1000,800,constant,average,0,1,1.0,4,1,1,,,mixture/1.0/4/5/15
1.0,4,5,15,1000,800,constant,pam,0,1,1.0,4,1,1,1,0,mixture/1.0/4/5/15
1.0,4,5,16,1000,800,constant,single,0,1,1.0,4,1,1,,,mixture/1.0/4/5/16
1.0,4,5,16,1000,800,constant,complete,0,1,1.0,4,1,1,,,mixture/1.0/4/5/16
1.0,4,5,16,1000,800,constant,average,0,1,1.0,4,1,1,,,mixture/1.0/4/5/16
1.0,4,5,16,1000,800,constant,pam,0,1,1.0,4,1,1,1,0,mixture/1.0/4/5/16
1.0,4,5,17,1000,800,constant,single,0,1,1.0,4,1,1,,,mixture/1.0/4/5/17
1.0,4,5,17,1000,800,constant,complete,0,1,1.0,4,1,1,,,mixture/1.0/4/5/17
1.0,4,5,17,1000,800,constant,average,0,1,1.0,4,1,1,,,mixture/1.0/4/5/17
1.0,4,5,17,1000,800,constant,pam,0,1,1.0,4,1,1,1,0,mixture/1.0/4/5/17
1.0,4,5,18,1000,800,constant,single,0,0,0.32433992601565953,4,1,0,,,mixture/1.0/4/5/18
1.0,4,5,18,1000,800,constant,complete,0,1,1.0,4,1,1,,,mixture/1.0/4/5/18
1.0,4,5,18,1000,800,constant,average,0,1,1.0,4,1,1,,,mixture/1.0/4/5/18
1.0,4,5,18,1000,800,constant,pam,0,1,1.0,4,1,1,1,0,mixture/1.0/4/5/18
1.0,4,5,19,1000,800,constant,single,0,1,1.0,4,1,1,,,mixture/1.0/4/5/19
1.0,4,5,19,1000,800,constant,complete,0,1,1.0,4,1,1,,,mixture/1.0/4/5/19
1.0,4,5,19,1000,800,constant,average,0,1,1.0,4,1,1,,,mixture/1.0/4/5/19
1.0,4,5,19,1000,800,constant,pam,0,1,1.0,4,1,1,1,0,mixture/1.0/4/5/19
1.0,4,5,20,1000,800,constant,single,0,1,1.0,4,1,1,,,mixture/1.0/4/5/20
1.0,4,5,20,1000,800,constant,complete,0,1,1.0,4,1,1,,,mixture/1.0/4/5/20
1.0,4,5,20,1000,800,constant,average,0,1,1.0,4,1,1,,,mixture/1.0/4/5/20
1.0,4,5,20,1000,800,constant,pam,0,1,1.0,4,1,1,1,0,mixture/1.0/4/5/20
1.0,4,5,21,1000,800,constant,single,0,1,1.0,4,1,1,,,mixture/1.0/4/5/21
1.0,4,5,21,1000,800,constant,complete,0,1,1.0,4,1,1,,,mixture/1.0/4/5/21
1.0,4,5,21,1000,800,constant,average,0,1,1.0,4,1,1,,,mixture/1.0/4/5/21
1.0,4,5,21,1000,800,constant,pam,0,1,1.0,4,1,1,1,0,mixture/1.0/4/5/21
1.0,4,5,22,1000,800,constant,single,0,0,0.7212872786102423,4,1,0,,,mixture/1.0/4/5/22
1.0,4,5,22,1000,800,constant,complete,0,1,1.0,4,1,1,,,mixture/1.0/4/5/22
1.0,4,5,22,1000,800,constant,average,0,0,0.7212872786102423,4,1,0,,,mixture/1.0/4/5/22
1.0,4,5,22,1000,800,constant,pam,0,1,1.0,4,1,1,1,0,mixture/1.0/4/5/22
1.0,4,5,23,1000,800,constant,single,0,1,1.0,4,1,1,,,mixture/1.0/4/5/23
1.0,4,5,23,1000,800,constant,complete,0,1,1.0,4,1,1,,,mixture/1.0/4/5/23
1.0,4,5,23,1000,800,constant,average,0,1,1.0,4,1,1,,,mixture/1.0/4/5/23
1.0,4,5,23,1000,800,constant,pam,0,1,1.0,4,1,1,1,0,mixture/1.0/4/5/23
1.0,4,5,24,1000,800,constant,single,0,0,0.7231011723541615,4,1,0,,,mixture/1.0/4/5/24
1.0,4,5,24,1000,800,constant,complete,0,1,1.0,4,1,1,,,mixture/1.0/4/5/24
1.0,4,5,24,1000,800,constant,average,0,1,1.0,4,1,1,,,mixture/1.0/4/5/24
1.0,4,5,24,1000,800,constant,pam,0,1,1.0,4,1,1,1,0,mixture/1.0/4/5/24
1.0,4,5,25,1000,800,constant,single,0,0,0.708805503078771,4,1,0,,,mixture/1.0/4/5/25
1.0,4,5,25,1000,800,constant,complete,0,1,1.0,4,1,1,,,mixture/1.0/4/5/25
1.0,4,5,25,1000,800,constant,average,0,1,1.0,4,1,1,,,mixture/1.0/4/5/25
1.0,4,5,25,1000,800,constant,pam,0,0,0.9966394895442308,4,1,0,1,0,mixture/1.0/4/5/25
1.0,4,5,26,1000,800,constant,single,0,1,1.0,4,1,1,,,mixture/1.0/4/5/26
1.0,4,5,26,1000,800,constant,complete,0,1,1.0,4,1,1,,,mixture/1.0/4/5/26
1.0,4,5,26,1000,800,constant,average,0,1,1.0,4,1,1,,,mixture/1.0/4/5/26
1.0,4,5,26,1000,800,constant,pam,0,1,1.0,4,1,1,1,0,mixture/1.0/4/5/26
1.0,4,5,27,1000,800,constant,single,0,1,1.0,4,1,1,,,mixture/1.0/4/5/27
1.0,4,5,27,1000,800,constant,complete,0,1,1.0,4,1,1,,,mixture/1.0/4/5/27
1.0,4,5,27,1000,800,constant,average,0,1,1.0,4,1,1,,,mixture/1.0/4/5/27
1.0,4,5,27,1000,800,constant,pam,0,1,1.0,4,1,1,1,0,mixture/1.0/4/5/27
1.0,4,5,28,1000,800,constant,single,0,0,0.31881985616422237,4,1,0,,,mixture/1.0/4/5/28
1.0,4,5,28,1000,800,constant,complete,0,1,1.0,4,1,1,,,mixture/1.0/4/5/28
1.0,4,5,28,1000,800,constant,average,0,1,1.0,4,1,1,,,mixture/1.0/4/5/28
1.0,4,5,28,1000,800,constant,pam,0,1,1.0,4,1,1,1,0,mixture/1.0/4/5/28
1.0,4,5,29,1000,800,constant,single,0,1,1.0,4,1,1,,,mixture/1.0/4/5/29
1.0,4,5,29,1000,800,constant,complete,0,1,1.0,4,1,1,,,mixture/1.0/4/5/29
1.0,4,5,29,1000,800,constant,average,0,1,1.0,4,1,1,,,mixture/1.0/4/5/29
1.0,4,5,29,1000,800,constant,pam,0,1,1.0,4,1,1,1,0,mixture/1.0/4/5/29
1.0,5,5,0,1000,800,constant,single,0,1,1.0,5,1,1,,,mixture/1.0/5/5/0
1.0,5,5,0,1000,800,constant,complete,0,1,1.0,5,1,1,,,mixture/1.0/5/5/0
1.0,5,5,0,1000,800,constant,average,0,1,1.0,5,1,1,,,mixture/1.0/5/5/0
1.0,5,5,0,1000,800,constant,pam,0,1,1.0,5,1,1,1,0,mixture/1.0/5/5/0
1.0,5,5,1,1000,800,constant,single,0,0,0.7817760068127078,4,0,0,,,mixture/1.0/5/5/1
1.0,5,5,1,1000,800,constant,complete,0,1,1.0,4,0,0,,,mixture/1.0/5/5/1
1.0,5,5,1,1000,800,constant,average,0,0,0.7803364154070394,4,0,0,,,mixture/1.0/5/5/1
1.0,5,5,1,1000,800,constant,pam,0,1,1.0,4,0,0,1,0,mixture/1.0/5/5/1
1.0,5,5,2,1000,800,constant,single,0,0,0.4789547071823771,5,1,0,,,mixture/1.0/5/5/2
1.0,5,5,2,1000,800,constant,complete,0,1,1.0,5,1,1,,,mixture/1.0/5/5/2
1.0,5,5,2,1000,800,constant,average,0,1,1.0,5,1,1,,,mixture/1.0/5/5/2
1.0,5,5,2,1000,800,constant,pam,0,1,1.0,5,1,1,1,0,mixture/1.0/5/5/2
1.0,5,5,3,1000,800,constant,single,0,1,1.0,5,1,1,,,mixture/1.0/5/5/3
1.0,5,5,3,1000,800,constant,complete,0,1,1.0,5,1,1,,,mixture/1.0/5/5/3
1.0,5,5,3,1000,800,constant,average,0,1,1.0,5,1,1,,,mixture/1.0/5/5/3
1.0,5,5,3,1000,800,constant,pam,0,1,1.0,5,1,1,1,0,mixture/1.0/5/5/3
1.0,5,5,4,1000,800,constant,single,0,1,1.0,5,1,1,,,mixture/1.0/5/5/4
1.0,5,5,4,1000,800,constant,complete,0,1,1.0,5,1,1,,,mixture/1.0/5/5/4
1.0,5,5,4,1000,800,constant,average,0,1,1.0,5,1,1,,,mixture/1.0/5/5/4
1.0,5,5,4,1000,800,constant,pam,0,1,1.0,5,1,1,1,0,mixture/1.0/5/5/4
1.0,5,5,5,1000,800,constant,single,0,0,0.1793719645981573,5,1,0,,,mixture/1.0/5/5/5
1.0,5,5,5,1000,800,constant,complete,0,1,1.0,5,1,1,,,mixture/1.0/5/5/5
1.0,5,5,5,1000,800,constant,average,0,0,0.7790040938180575,5,1,0,,,mixture/1.0/5/5/5
1.0,5,5,5,1000,800,constant,pam,0,1,1.0,5,1,1,1,0,mixture/1.0/5/5/5
1.0,5,5,6,1000,800,constant,single,0,1,1.0,5,1,1,,,mixture/1.0/5/5/6
1.0,5,5,6,1000,800,constant,complete,0,1,1.0,5,1,1,,,mixture/1.0/5/5/6
1.0,5,5,6,1000,800,constant,average,0,1,1.0,5,1,1,,,mixture/1.0/5/5/6
1.0,5,5,6,1000,800,constant,pam,0,1,1.0,5,1,1,1,0,mixture/1.0/5/5/6
1.0,5,5,7,1000,800,constant,single,0,0,0.47743501720946263,5,1,0,,,mixture/1.0/5/5/7
1.0,5,5,7,1000,800,constant,complete,0,1,1.0,5,1,1,,,mixture/1.0/5/5/7
1.0,5,5,7,1000,800,constant,average,0,1,1.0,5,1,1,,,mixture/1.0/5/5/7
1.0,5,5,7,1000,800,constant,pam,0,1,1.0,5,1,1,1,0,mixture/1.0/5/5/7
1.0,5,5,8,1000,800,constant,single,0,1,1.0,5,1,1,,,mixture/1.0/5/5/8
1.0,5,5,8,1000,800,constant,complete,0,1,1.0,5,1,1,,,mixture/1.0/5/5/8
1.0,5,5,8,1000,800,constant,average,0,1,1.0,5,1,1,,,mixture/1.0/5/5/8
1.0,5,5,8,1000,800,constant,pam,0,1,1.0,5,1,1,1,0,mixture/1.0/5/5/8
1.0,5,5,9,1000,800,constant,single,0,0,0.2195387578260093,5,1,0,,,mixture/1.0/5/5/9
1.0,5,5,9,1000,800,constant,complete,0,1,1.0,5,1,1,,,mixture/1.0/5/5/9
1.0,5,5,9,1000,800,constant,average,0,1,1.0,5,1,1,,,mixture/1.0/5/5/9
1.0,5,5,9,1000,800,constant,pam,0,0,0.996963983540005,5,1,0,1,0,mixture/1.0/5/5/9
1.0,5,5,10,1000,800,constant,single,0,1,1.0,5,1,1,,,mixture/1.0/5/5/10
1.0,5,5,10,1000,800,constant,complete,0,1,1.0,5,1,1,,,mixture/1.0/5/5/10
1.0,5,5,10,1000,800,constant,average,0,1,1.0,5,1,1,,,mixture/1.0/5/5/10
1.0,5,5,10,1000,800,constant,pam,0,1,1.0,5,1,1,1,0,mixture/1.0/5/5/10
1.0,5,5,11,1000,800,constant,single,0,0,0.7816579792178632,5,1,0,,,mixture/1.0/5/5/11
1.0,5,5,11,1000,800,constant,complete,0,1,1.0,5,1,1,,,mixture/1.0/5/5/11
1.0,5,5,11,1000,800,constant,average,0,0,0.7816579792178632,5,1,0,,,mixture/1.0/5/5/11
1.0,5,5,11,1000,800,constant,pam,0,1,1.0,5,1,1,1,0,mixture/1.0/5/5/11
1.0,5,5,12,1000,800,constant,single,0,0,0.8019142729503842,5,1,0,,,mixture/1.0/5/5/12
1.0,5,5,12,1000,800,constant,complete,0,0,0.7634895124418564,5,1,0,,,mixture/1.0/5/5/12
1.0,5,5,12,1000,800,constant,average,0,1,1.0,5,1,1,,,mixture/1.0/5/5/12
1.0,5,5,12,1000,800,constant,pam,0,1,1.0,5,1,1,1,0,mixture/1.0/5/5/12
1.0,5,5,13,1000,800,constant,single,0,1,1.0,5,1,1,,,mixture/1.0/5/5/13
1.0,5,5,13,1000,800,constant,complete,0,1,1.0,5,1,1,,,mixture/1.0/5/5/13
1.0,5,5,13,1000,800,constant,average,0,1,1.0,5,1,1,,,mixture/1.0/5/5/13
1.0,5,5,13,1000,800,constant,pam,0,1,1.0,5,1,1,1,0,mixture/1.0/5/5/13
1.0,5,5,14,1000,800,constant,single,0,0,0.608849656387698,5,1,0,,,mixture/1.0/5/5/14
1.0,5,5,14,1000,800,constant,complete,0,1,1.0,5,1,1,,,mixture/1.0/5/5/14
1.0,5,5,14,1000,800,constant,average,0,0,0.7738095084260416,5,1,0,,,mixture/1.0/5/5/14
1.0,5,5,14,1000,800,constant,pam,0,1,1.0,5,1,1,1,0,mixture/1.0/5/5/14
1.0,5,5,15,1000,800,constant,single,0,0,0.7613485933493318,4,0,0,,,mixture/1.0/5/5/15
1.0,5,5,15,1000,800,constant,complete,0,1,1.0,4,0,0,,,mixture/1.0/5/5/15
1.0,5,5,15,1000,800,constant,average,0,1,1.0,4,0,0,,,mixture/1.0/5/5/15
1.0,5,5,15,1000,800,constant,pam,0,1,1.0,4,0,0,1,0,mixture/1.0/5/5/15
1.0,5,5,16,1000,800,constant,single,0,0,0.7983217490716368,4,0,0,,,mixture/1.0/5/5/16
1.0,5,5,16,1000,800,constant,complete,0,1,1.0,4,0,0,,,mixture/1.0/5/5/16
1.0,5,5,16,1000,800,constant,average,0,1,1.0,4,0,0,,,mixture/1.0/5/5/16
1.0,5,5,16,1000,800,constant,pam,0,1,1.0,4,0,0,1,0,mixture/1.0/5/5/16
1.0,5,5,17,1000,800,constant,single,0,1,1.0,5,1,1,,,mixture/1.0/5/5/17
1.0,5,5,17,1000,800,constant,complete,0,1,1.0,5,1,1,,,mixture/1.0/5/5/17
1.0,5,5,17,1000,800,constant,average,0,1,1.0,5,1,1,,,mixture/1.0/5/5/17
1.0,5,5,17,1000,800,constant,pam,0,1,1.0,5,1,1,1,0,mixture/1.0/5/5/17
1.0,5,5,18,1000,800,constant,single,0,1,1.0,5,1,1,,,mixture/1.0/5/5/18
1.0,5,5,18,1000,800,constant,complete,0,1,1.0,5,1,1,,,mixture/1.0/5/5/18
1.0,5,5,18,1000,800,constant,average,0,1,1.0,5,1,1,,,mixture/1.0/5/5/18
1.0,5,5,18,1000,800,constant,pam,0,1,1.0,5,1,1,1,0,mixture/1.0/5/5/18
1.0,5,5,19,1000,800,constant,single,0,1,1.0,3,0,0,,,mixture/1.0/5/5/19
1.0,5,5,19,1000,800,constant,complete,0,1,1.0,3,0,0,,,mixture/1.0/5/5/19
1.0,5,5,19,1000,800,constant,average,0,1,1.0,3,0,0,,,mixture/1.0/5/5/19
1.0,5,5,19,1000,800,constant,pam,0,1,1.0,3,0,0,1,0,mixture/1.0/5/5/19
1.0,5,5,20,1000,800,constant,single,0,0,0.0002473440239066698,5,1,0,,,mixture/1.0/5/5/20
1.0,5,5,20,1000,800,constant,complete,0,1,1.0,5,1,1,,,mixture/1.0/5/5/20
1.0,5,5,20,1000,800,constant,average,0,0,0.7710316673002156,5,1,0,,,mixture/1.0/5/5/20
1.0,5,5,20,1000,800,constant,pam,0,0,0.9368411348596406,5,1,0,1,0,mixture/1.0/5/5/20
1.0,5,5,21,1000,800,constant,single,0,1,1.0,5,1,1,,,mixture/1.0/5/5/21
1.0,5,5,21,1000,800,constant,complete,0,1,1.0,5,1,1,,,mixture/1.0/5/5/21
1.0,5,5,21,1000,800,constant,average,0,1,1.0,5,1,1,,,mixture/1.0/5/5/21
1.0,5,5,21,1000,800,constant,pam,0,1,1.0,5,1,1,1,0,mixture/1.0/5/5/21
1.0,5,5,22,1000,800,constant,single,0,1,1.0,5,1,1,,,mixture/1.0/5/5/22
1.0,5,5,22,1000,800,constant,complete,0,1,1.0,5,1,1,,,mixture/1.0/5/5/22
1.0,5,5,22,1000,800,constant,average,0,1,1.0,5,1,1,,,mixture/1.0/5/5/22
1.0,5,5,22,1000,800,constant,pam,0,1,1.0,5,1,1,1,0,mixture/1.0/5/5/22
1.0,5,5,23,1000,800,constant,single,0,1,1.0,5,1,1,,,mixture/1.0/5/5/23
1.0,5,5,23,1000,800,constant,complete,0,1,1.0,5,1,1,,,mixture/1.0/5/5/23
1.0,5,5,23,1000,800,constant,average,0,1,1.0,5,1,1,,,mixture/1.0/5/5/23
1.0,5,5,23,1000,800,constant,pam,0,1,1.0,5,1,1,1,0,mixture/1.0/5/5/23
1.0,5,5,24,1000,800,constant,single,0,0,0.19205748876967946,5,1,0,,,mixture/1.0/5/5/24
1.0,5,5,24,1000,800,constant,complete,0,0,0.72461976519916,5,1,0,,,mixture/1.0/5/5/24
1.0,5,5,24,1000,800,constant,average,0,0,0.7665140569529614,5,1,0,,,mixture/1.0/5/5/24
1.0,5,5,24,1000,800,constant,pam,0,1,1.0,5,1,1,1,0,mixture/1.0/5/5/24
1.0,5,5,25,1000,800,constant,single,0,0,0.7782746174062273,5,1,0,,,mixture/1.0/5/5/25
1.0,5,5,25,1000,800,constant,complete,0,0,0.7218801947963145,5,1,0,,,mixture/1.0/5/5/25
1.0,5,5,25,1000,800,constant,average,0,0,0.7781307941238637,5,1,0,,,mixture/1.0/5/5/25
1.0,5,5,25,1000,800,constant,pam,0,0,0.9843459195314911,5,1,0,1,0,mixture/1.0/5/5/25
1.0,5,5,26,1000,800,constant,single,0,0,0.49371959794598913,5,1,0,,,mixture/1.0/5/5/26
1.0,5,5,26,1000,800,constant,complete,0,0,0.7445418865143786,5,1,0,,,mixture/1.0/5/5/26
1.0,5,5,26,1000,800,constant,average,0,1,1.0,5,1,1,,,mixture/1.0/5/5/26
1.0,5,5,26,1000,800,constant,pam,0,1,1.0,5,1,1,1,0,mixture/1.0/5/5/26
1.0,5,5,27,1000,800,constant,single,0,1,1.0,5,1,1,,,mixture/1.0/5/5/27
1.0,5,5,27,1000,800,constant,complete,0,1,1.0,5,1,1,,,mixture/1.0/5/5/27
1.0,5,5,27,1000,800,constant,average,0,1,1.0,5,1,1,,,mixture/1.0/5/5/27
1.0,5,5,27,1000,800,constant,pam,0,1,1.0,5,1,1,1,0,mixture/1.0/5/5/27
1.0,5,5,28,1000,800,constant,single,0,0,0.44071266069883347,5,1,0,,,mixture/1.0/5/5/28
1.0,5,5,28,1000,800,constant,complete,0,1,1.0,5,1,1,,,mixture/1.0/5/5/28
1.0,5,5,28,1000,800,constant,average,0,0,0.7616527112970046,5,1,0,,,mixture/1.0/5/5/28
1.0,5,5,28,1000,800,constant,pam,0,1,1.0,5,1,1,1,0,mixture/1.0/5/5/28
1.0,5,5,29,1000,800,constant,single,0,0,0.22064225511801228,5,1,0,,,mixture/1.0/5/5/29
1.0,5,5,29,1000,800,constant,complete,0,1,1.0,5,1,1,,,mixture/1.0/5/5/29
1.0,5,5,29,1000,800,constant,average,0,1,1.0,5,1,1,,,mixture/1.0/5/5/29
1.0,5,5,29,1000,800,constant,pam,0,0,0.9786215030158617,5,1,0,1,0,mixture/1.0/5/5/29
1.0,6,5,0,1000,800,constant,single,0,0,0.8012447656918165,6,1,0,,,mixture/1.0/6/5/0
1.0,6,5,0,1000,800,constant,complete,0,1,1.0,6,1,1,,,mixture/1.0/6/5/0
1.0,6,5,0,1000,800,constant,average,0,1,1.0,6,1,1,,,mixture/1.0/6/5/0
1.0,6,5,0,1000,800,constant,pam,0,1,1.0,6,1,1,1,0,mixture/1.0/6/5/0
1.0,6,5,1,1000,800,constant,single,0,1,1.0,6,1,1,,,mixture/1.0/6/5/1
1.0,6,5,1,1000,800,constant,complete,0,1,1.0,6,1,1,,,mixture/1.0/6/5/1
1.0,6,5,1,1000,800,constant,average,0,1,1.0,6,1,1,,,mixture/1.0/6/5/1
1.0,6,5,1,1000,800,constant,pam,0,1,1.0,6,1,1,1,0,mixture/1.0/6/5/1
1.0,6,5,2,1000,800,constant,single,0,0,0.6785004380241245,6,1,0,,,mixture/1.0/6/5/2
1.0,6,5,2,1000,800,constant,complete,0,1,1.0,6,1,1,,,mixture/1.0/6/5/2
1.0,6,5,2,1000,800,constant,average,0,1,1.0,6,1,1,,,mixture/1.0/6/5/2
1.0,6,5,2,1000,800,constant,pam,0,1,1.0,6,1,1,1,0,mixture/1.0/6/5/2
1.0,6,5,3,1000,800,constant,single,0,1,1.0,6,1,1,,,mixture/1.0/6/5/3
1.0,6,5,3,1000,800,constant,complete,0,1,1.0,6,1,1,,,mixture/1.0/6/5/3
1.0,6,5,3,1000,800,constant,average,0,1,1.0,6,1,1,,,mixture/1.0/6/5/3
1.0,6,5,3,1000,800,constant,pam,0,1,1.0,6,1,1,1,0,mixture/1.0/6/5/3
1.0,6,5,4,1000,800,constant,single,0,0,0.3239318521242927,6,1,0,,,mixture/1.0/6/5/4
1.0,6,5,4,1000,800,constant,complete,0,1,1.0,6,1,1,,,mixture/1.0/6/5/4
1.0,6,5,4,1000,800,constant,average,0,0,0.5726445022481728,6,1,0,,,mixture/1.0/6/5/4
1.0,6,5,4,1000,800,constant,pam,0,1,1.0,6,1,1,1,0,mixture/1.0/6/5/4
1.0,6,5,5,1000,800,constant,single,0,0,0.8264760162595997,6,1,0,,,mixture/1.0/6/5/5
1.0,6,5,5,1000,800,constant,complete,0,1,1.0,6,1,1,,,mixture/1.0/6/5/5
1.0,6,5,5,1000,800,constant,average,0,1,1.0,6,1,1,,,mixture/1.0/6/5/5
1.0,6,5,5,1000,800,constant,pam,0,1,1.0,6,1,1,1,0,mixture/1.0/6/5/5
1.0,6,5,6,1000,800,constant,single,0,0,0.12827323436037463,6,1,0,,,mixture/1.0/6/5/6
1.0,6,5,6,1000,800,constant,complete,0,1,1.0,6,1,1,,,mixture/1.0/6/5/6
1.0,6,5,6,1000,800,constant,average,0,0,0.8310578351649989,6,1,0,,,mixture/1.0/6/5/6
1.0,6,5,6,1000,800,constant,pam,0,1,1.0,6,1,1,1,0,mixture/1.0/6/5/6
1.0,6,5,7,1000,800,constant,single,0,0,0.8269447275754804,5,0,0,,,mixture/1.0/6/5/7
1.0,6,5,7,1000,800,constant,complete,0,1,1.0,5,0,0,,,mixture/1.0/6/5/7
1.0,6,5,7,1000,800,constant,average,0,1,1.0,5,0,0,,,mixture/1.0/6/5/7
1.0,6,5,7,1000,800,constant,pam,0,1,1.0,5,0,0,1,0,mixture/1.0/6/5/7
1.0,6,5,8,1000,800,constant,single,0,1,1.0,6,1,1,,,mixture/1.0/6/5/8
1.0,6,5,8,1000,800,constant,complete,0,1,1.0,6,1,1,,,mixture/1.0/6/5/8
1.0,6,5,8,1000,800,constant,average,0,1,1.0,6,1,1,,,mixture/1.0/6/5/8
1.0,6,5,8,1000,800,constant,pam,0,1,1.0,6,1,1,1,0,mixture/1.0/6/5/8
1.0,6,5,9,1000,800,constant,single,0,1,1.0,6,1,1,,,mixture/1.0/6/5/9
1.0,6,5,9,1000,800,constant,complete,0,1,1.0,6,1,1,,,mixture/1.0/6/5/9
1.0,6,5,9,1000,800,constant,average,0,1,1.0,6,1,1,,,mixture/1.0/6/5/9
1.0,6,5,9,1000,800,constant,pam,0,1,1.0,6,1,1,1,0,mixture/1.0/6/5/9
1.0,6,5,10,1000,800,constant,single,0,0,0.14736152219766901,6,1,0,,,mixture/1.0/6/5/10
1.0,6,5,10,1000,800,constant,complete,0,0,0.7468770074724094,6,1,0,,,mixture/1.0/6/5/10
1.0,6,5,10,1000,800,constant,average,0,0,0.7972272656641315,6,1,0,,,mixture/1.0/6/5/10
1.0,6,5,10,1000,800,constant,pam,0,1,1.0,6,1,1,1,0,mixture/1.0/6/5/10
1.0,6,5,11,1000,800,constant,single,0,0,0.6603597840181602,6,1,0,,,mixture/1.0/6/5/11
1.0,6,5,11,1000,800,constant,complete,0,1,1.0,6,1,1,,,mixture/1.0/6/5/11
1.0,6,5,11,1000,800,constant,average,0,1,1.0,6,1,1,,,mixture/1.0/6/5/11
1.0,6,5,11,1000,800,constant,pam,0,1,1.0,6,1,1,1,0,mixture/1.0/6/5/11
1.0,6,5,12,1000,800,constant,single,0,0,0.6849473419819617,6,1,0,,,mixture/1.0/6/5/12
1.0,6,5,12,1000,800,constant,complete,0,1,1.0,6,1,1,,,mixture/1.0/6/5/12
1.0,6,5,12,1000,800,constant,average,0,0,0.8417802632112965,6,1,0,,,mixture/1.0/6/5/12
1.0,6,5,12,1000,800,constant,pam,0,1,1.0,6,1,1,1,0,mixture/1.0/6/5/12
1.0,6,5,13,1000,800,constant,single,0,0,0.7949813518879576,5,0,0,,,mixture/1.0/6/5/13
1.0,6,5,13,1000,800,constant,complete,0,1,1.0,5,0,0,,,mixture/1.0/6/5/13
1.0,6,5,13,1000,800,constant,average,0,0,0.793845741761281,5,0,0,,,mixture/1.0/6/5/13
1.0,6,5,13,1000,800,constant,pam,0,0,0.9715251032937405,5,0,0,1,0,mixture/1.0/6/5/13
1.0,6,5,14,1000,800,constant,single,0,0,0.8259052561467394,5,0,0,,,mixture/1.0/6/5/14
1.0,6,5,14,1000,800,constant,complete,0,1,1.0,5,0,0,,,mixture/1.0/6/5/14
1.0,6,5,14,1000,800,constant,average,0,1,1.0,5,0,0,,,mixture/1.0/6/5/14
1.0,6,5,14,1000,800,constant,pam,0,1,1.0,5,0,0,1,0,mixture/1.0/6/5/14
1.0,6,5,15,1000,800,constant,single,0,0,0.8260653078352564,6,1,0,,,mixture/1.0/6/5/15
1.0,6,5,15,1000,800,constant,complete,0,1,1.0,6,1,1,,,mixture/1.0/6/5/15
1.0,6,5,15,1000,800,constant,average,0,1,1.0,6,1,1,,,mixture/1.0/6/5/15
1.0,6,5,15,1000,800,constant,pam,0,1,1.0,6,1,1,1,0,mixture/1.0/6/5/15
1.0,6,5,16,1000,800,constant,single,0,0,0.5341933135888839,6,1,0,,,mixture/1.0/6/5/16
1.0,6,5,16,1000,800,constant,complete,0,1,1.0,6,1,1,,,mixture/1.0/6/5/16
1.0,6,5,16,1000,800,constant,average,0,1,1.0,6,1,1,,,mixture/1.0/6/5/16
1.0,6,5,16,1000,800,constant,pam,0,1,1.0,6,1,1,0,1,mixture/1.0/6/5/16
1.0,6,5,17,1000,800,constant,single,0,0,0.833277899862301,4,0,0,,,mixture/1.0/6/5/17
1.0,6,5,17,1000,800,constant,complete,0,1,1.0,4,0,0,,,mixture/1.0/6/5/17
1.0,6,5,17,1000,800,constant,average,0,1,1.0,4,0,0,,,mixture/1.0/6/5/17
1.0,6,5,17,1000,800,constant,pam,0,1,1.0,4,0,0,1,0,mixture/1.0/6/5/17
1.0,6,5,18,1000,800,constant,single,0,1,1.0,6,1,1,,,mixture/1.0/6/5/18
1.0,6,5,18,1000,800,constant,complete,0,1,1.0,6,1,1,,,mixture/1.0/6/5/18
1.0,6,5,18,1000,800,constant,average,0,1,1.0,6,1,1,,,mixture/1.0/6/5/18
1.0,6,5,18,1000,800,constant,pam,0,1,1.0,6,1,1,1,0,mixture/1.0/6/5/18
1.0,6,5,19,1000,800,constant,single,0,0,0.0009515541047490398,6,1,0,,,mixture/1.0/6/5/19
1.0,6,5,19,1000,800,constant,complete,0,0,0.7870876639559351,6,1,0,,,mixture/1.0/6/5/19
1.0,6,5,19,1000,800,constant,average,0,0,0.8013532845538712,6,1,0,,,mixture/1.0/6/5/19
1.0,6,5,19,1000,800,constant,pam,0,1,1.0,6,1,1,1,0,mixture/1.0/6/5/19
1.0,6,5,20,1000,800,constant,single,0,0,0.8359411115654926,5,0,0,,,mixture/1.0/6/5/20
1.0,6,5,20,1000,800,constant,complete,0,0,0.794776469083528,5,0,0,,,mixture/1.0/6/5/20
1.0,6,5,20,1000,800,constant,average,0,0,0.8359411115654926,5,0,0,,,mixture/1.0/6/5/20
1.0,6,5,20,1000,800,constant,pam,0,1,1.0,5,0,0,1,0,mixture/1.0/6/5/20
1.0,6,5,21,1000,800,constant,single,0,0,0.8090039927091918,6,1,0,,,mixture/1.0/6/5/21
1.0,6,5,21,1000,800,constant,complete,0,1,1.0,6,1,1,,,mixture/1.0/6/5/21
1.0,6,5,21,1000,800,constant,average,0,1,1.0,6,1,1,,,mixture/1.0/6/5/21
1.0,6,5,21,1000,800,constant,pam,0,1,1.0,6,1,1,1,0,mixture/1.0/6/5/21
1.0,6,5,22,1000,800,constant,single,0,1,1.0,6,1,1,,,mixture/1.0/6/5/22
1.0,6,5,22,1000,800,constant,complete,0,1,1.0,6,1,1,,,mixture/1.0/6/5/22
1.0,6,5,22,1000,800,constant,average,0,1,1.0,6,1,1,,,mixture/1.0/6/5/22
1.0,6,5,22,1000,800,constant,pam,0,1,1.0,6,1,1,1,0,mixture/1.0/6/5/22
1.0,6,5,23,1000,800,constant,single,0,1,1.0,6,1,1,,,mixture/1.0/6/5/23
1.0,6,5,23,1000,800,constant,complete,0,1,1.0,6,1,1,,,mixture/1.0/6/5/23
1.0,6,5,23,1000,800,constant,average,0,1,1.0,6,1,1,,,mixture/1.0/6/5/23
1.0,6,5,23,1000,800,constant,pam,0,1,1.0,6,1,1,1,0,mixture/1.0/6/5/23
1.0,6,5,24,1000,800,constant,single,0,0,0.588237944639027,5,0,0,,,mixture/1.0/6/5/24
1.0,6,5,24,1000,800,constant,complete,0,0,0.7815373946110373,5,0,0,,,mixture/1.0/6/5/24
1.0,6,5,24,1000,800,constant,average,0,0,0.8212340496472215,5,0,0,,,mixture/1.0/6/5/24
1.0,6,5,24,1000,800,constant,pam,0,1,1.0,5,0,0,1,0,mixture/1.0/6/5/24
1.0,6,5,25,1000,800,constant,single,0,0,0.6828414682054949,6,1,0,,,mixture/1.0/6/5/25
1.0,6,5,25,1000,800,constant,complete,0,1,1.0,6,1,1,,,mixture/1.0/6/5/25
1.0,6,5,25,1000,800,constant,average,0,1,1.0,6,1,1,,,mixture/1.0/6/5/25
1.0,6,5,25,1000,800,constant,pam,0,1,1.0,6,1,1,1,0,mixture/1.0/6/5/25
1.0,6,5,26,1000,800,constant,single,0,0,0.5380966556888087,6,1,0,,,mixture/1.0/6/5/26
1.0,6,5,26,1000,800,constant,complete,0,0,0.7778294107915054,6,1,0,,,mixture/1.0/6/5/26
1.0,6,5,26,1000,800,constant,average,0,0,0.813147662923029,6,1,0,,,mixture/1.0/6/5/26
1.0,6,5,26,1000,800,constant,pam,0,1,1.0,6,1,1,1,0,mixture/1.0/6/5/26
1.0,6,5,27,1000,800,constant,single,0,1,1.0,6,1,1,,,mixture/1.0/6/5/27
1.0,6,5,27,1000,800,constant,complete,0,1,1.0,6,1,1,,,mixture/1.0/6/5/27
1.0,6,5,27,1000,800,constant,average,0,1,1.0,6,1,1,,,mixture/1.0/6/5/27
1.0,6,5,27,1000,800,constant,pam,0,1,1.0,6,1,1,1,0,mixture/1.0/6/5/27
1.0,6,5,28,1000,800,constant,single,0,1,1.0,5,0,0,,,mixture/1.0/6/5/28
1.0,6,5,28,1000,800,constant,complete,0,1,1.0,5,0,0,,,mixture/1.0/6/5/28
1.0,6,5,28,1000,800,constant,average,0,1,1.0,5,0,0,,,mixture/1.0/6/5/28
1.0,6,5,28,1000,800,constant,pam,0,1,1.0,5,0,0,1,0,mixture/1.0/6/5/28
1.0,6,5,29,1000,800,constant,single,0,0,0.543415674838979,5,0,0,,,mixture/1.0/6/5/29
1.0,6,5,29,1000,800,constant,complete,0,1,1.0,5,0,0,,,mixture/1.0/6/5/29
1.0,6,5,29,1000,800,constant,average,0,1,1.0,5,0,0,,,mixture/1.0/6/5/29
1.0,6,5,29,1000,800,constant,pam,0,1,1.0,5,0,0,1,0,mixture/1.0/6/5/29
1.0,7,5,0,1000,800,constant,single,0,0,0.7273650878701815,5,0,0,,,mixture/1.0/7/5/0
1.0,7,5,0,1000,800,constant,complete,0,0,0.6986020583338352,5,0,0,,,mixture/1.0/7/5/0
1.0,7,5,0,1000,800,constant,average,0,0,0.7250412075279681,5,0,0,,,mixture/1.0/7/5/0
1.0,7,5,0,1000,800,constant,pam,0,0,0.9837260566233145,5,0,0,1,0,mixture/1.0/7/5/0
1.0,7,5,1,1000,800,constant,single,0,0,0.8626524138368448,7,1,0,,,mixture/1.0/7/5/1
1.0,7,5,1,1000,800,constant,complete,0,0,0.8813223506190767,7,1,0,,,mixture/1.0/7/5/1
1.0,7,5,1,1000,800,constant,average,0,0,0.8626524138368448,7,1,0,,,mixture/1.0/7/5/1
1.0,7,5,1,1000,800,constant,pam,0,0,0.860729363680644,7,1,0,1,0,mixture/1.0/7/5/1
1.0,7,5,2,1000,800,constant,single,0,0,0.7183840712725709,7,1,0,,,mixture/1.0/7/5/2
1.0,7,5,2,1000,800,constant,complete,0,1,1.0,7,1,1,,,mixture/1.0/7/5/2
1.0,7,5,2,1000,800,constant,average,0,0,0.8323127709968016,7,1,0,,,mixture/1.0/7/5/2
1.0,7,5,2,1000,800,constant,pam,0,1,1.0,7,1,1,1,0,mixture/1.0/7/5/2
1.0,7,5,3,1000,800,constant,single,0,0,0.6477151987487503,7,1,0,,,mixture/1.0/7/5/3
1.0,7,5,3,1000,800,constant,complete,0,1,1.0,7,1,1,,,mixture/1.0/7/5/3
1.0,7,5,3,1000,800,constant,average,0,0,0.8864696537169183,7,1,0,,,mixture/1.0/7/5/3
1.0,7,5,3,1000,800,constant,pam,0,1,1.0,7,1,1,1,0,mixture/1.0/7/5/3
1.0,7,5,4,1000,800,constant,single,0,0,0.8535104383126837,7,1,0,,,mixture/1.0/7/5/4
1.0,7,5,4,1000,800,constant,complete,0,1,1.0,7,1,1,,,mixture/1.0/7/5/4
1.0,7,5,4,1000,800,constant,average,0,1,1.0,7,1,1,,,mixture/1.0/7/5/4
1.0,7,5,4,1000,800,constant,pam,0,1,1.0,7,1,1,1,0,mixture/1.0/7/5/4
1.0,7,5,5,1000,800,constant,single,0,0,0.6517168646726407,7,1,0,,,mixture/1.0/7/5/5
1.0,7,5,5,1000,800,constant,complete,0,0,0.8322985852874939,7,1,0,,,mixture/1.0/7/5/5
1.0,7,5,5,1000,800,constant,average,0,0,0.8458070194606994,7,1,0,,,mixture/1.0/7/5/5
1.0,7,5,5,1000,800,constant,pam,0,1,1.0,7,1,1,1,0,mixture/1.0/7/5/5
1.0,7,5,6,1000,800,constant,single,0,0,0.33966869262216504,7,1,0,,,mixture/1.0/7/5/6
1.0,7,5,6,1000,800,constant,complete,0,1,1.0,7,1,1,,,mixture/1.0/7/5/6
1.0,7,5,6,1000,800,constant,average,0,0,0.73172842068374,7,1,0,,,mixture/1.0/7/5/6
1.0,7,5,6,1000,800,constant,pam,0,1,1.0,7,1,1,1,0,mixture/1.0/7/5/6
1.0,7,5,7,1000,800,constant,single,0,1,1.0,7,1,1,,,mixture/1.0/7/5/7
1.0,7,5,7,1000,800,constant,complete,0,1,1.0,7,1,1,,,mixture/1.0/7/5/7
1.0,7,5,7,1000,800,constant,average,0,1,1.0,7,1,1,,,mixture/1.0/7/5/7
1.0,7,5,7,1000,800,constant,pam,0,1,1.0,7,1,1,1,0,mixture/1.0/7/5/7
1.0,7,5,8,1000,800,constant,single,0,0,0.6131395429042513,6,0,0,,,mixture/1.0/7/5/8
1.0,7,5,8,1000,800,constant,complete,0,1,1.0,6,0,0,,,mixture/1.0/7/5/8
1.0,7,5,8,1000,800,constant,average,0,0,0.8537438627500334,6,0,0,,,mixture/1.0/7/5/8
1.0,7,5,8,1000,800,constant,pam,0,1,1.0,6,0,0,1,0,mixture/1.0/7/5/8
1.0,7,5,9,1000,800,constant,single,0,0,0.21977897227630575,6,0,0,,,mixture/1.0/7/5/9
1.0,7,5,9,1000,800,constant,complete,0,0,0.8145684477851328,6,0,0,,,mixture/1.0/7/5/9
1.0,7,5,9,1000,800,constant,average,0,0,0.8488346558666602,6,0,0,,,mixture/1.0/7/5/9
1.0,7,5,9,1000,800,constant,pam,0,0,0.9724935323525509,6,0,0,1,0,mixture/1.0/7/5/9
1.0,7,5,10,1000,800,constant,single,0,0,0.7417479644936498,7,1,0,,,mixture/1.0/7/5/10
1.0,7,5,10,1000,800,constant,complete,0,1,1.0,7,1,1,,,mixture/1.0/7/5/10
1.0,7,5,10,1000,800,constant,average,0,1,1.0,7,1,1,,,mixture/1.0/7/5/10
1.0,7,5,10,1000,800,constant,pam,0,1,1.0,7,1,1,1,0,mixture/1.0/7/5/10
1.0,7,5,11,1000,800,constant,single,0,0,0.544720372346592,7,1,0,,,mixture/1.0/7/5/11
1.0,7,5,11,1000,800,constant,complete,0,1,1.0,7,1,1,,,mixture/1.0/7/5/11
1.0,7,5,11,1000,800,constant,average,0,1,1.0,7,1,1,,,mixture/1.0/7/5/11
1.0,7,5,11,1000,800,constant,pam,0,1,1.0,7,1,1,1,0,mixture/1.0/7/5/11
1.0,7,5,12,1000,800,constant,single,0,0,0.6272149406561491,7,1,0,,,mixture/1.0/7/5/12
1.0,7,5,12,1000,800,constant,complete,0,1,1.0,7,1,1,,,mixture/1.0/7/5/12
1.0,7,5,12,1000,800,constant,average,0,1,1.0,7,1,1,,,mixture/1.0/7/5/12
1.0,7,5,12,1000,800,constant,pam,0,1,1.0,7,1,1,1,0,mixture/1.0/7/5/12
1.0,7,5,13,1000,800,constant,single,0,0,0.8325162023933428,7,1,0,,,mixture/1.0/7/5/13
1.0,7,5,13,1000,800,constant,complete,0,1,1.0,7,1,1,,,mixture/1.0/7/5/13
1.0,7,5,13,1000,800,constant,average,0,1,1.0,7,1,1,,,mixture/1.0/7/5/13
1.0,7,5,13,1000,800,constant,pam,0,1,1.0,7,1,1,1,0,mixture/1.0/7/5/13
1.0,7,5,14,1000,800,constant,single,0,0,0.6326917876120014,5,0,0,,,mixture/1.0/7/5/14
1.0,7,5,14,1000,800,constant,complete,0,0,0.8399859357620987,5,0,0,,,mixture/1.0/7/5/14
1.0,7,5,14,1000,800,constant,average,0,0,0.8547369960393424,5,0,0,,,mixture/1.0/7/5/14
1.0,7,5,14,1000,800,constant,pam,0,1,1.0,5,0,0,1,0,mixture/1.0/7/5/14
1.0,7,5,15,1000,800,constant,single,0,0,0.6261004754469578,7,1,0,,,mixture/1.0/7/5/15
1.0,7,5,15,1000,800,constant,complete,0,0,0.8196368330119919,7,1,0,,,mixture/1.0/7/5/15
1.0,7,5,15,1000,800,constant,average,0,0,0.8525457277211737,7,1,0,,,mixture/1.0/7/5/15
1.0,7,5,15,1000,800,constant,pam,0,1,1.0,7,1,1,1,0,mixture/1.0/7/5/15
1.0,7,5,16,1000,800,constant,single,0,0,0.8482803454634751,6,0,0,,,mixture/1.0/7/5/16
1.0,7,5,16,1000,800,constant,complete,0,0,0.819253811784635,6,0,0,,,mixture/1.0/7/5/16
1.0,7,5,16,1000,800,constant,average,0,0,0.8482803454634751,6,0,0,,,mixture/1.0/7/5/16
1.0,7,5,16,1000,800,constant,pam,0,1,1.0,6,0,0,1,0,mixture/1.0/7/5/16
1.0,7,5,17,1000,800,constant,single,0,0,0.2181194173690142,7,1,0,,,mixture/1.0/7/5/17
1.0,7,5,17,1000,800,constant,complete,0,0,0.849859228279309,7,1,0,,,mixture/1.0/7/5/17
1.0,7,5,17,1000,800,constant,average,0,0,0.8630619952422207,7,1,0,,,mixture/1.0/7/5/17
1.0,7,5,17,1000,800,constant,pam,0,0,0.9411230983717713,7,1,0,1,0,mixture/1.0/7/5/17
1.0,7,5,18,1000,800,constant,single,0,0,0.8493246489313866,7,1,0,,,mixture/1.0/7/5/18
1.0,7,5,18,1000,800,constant,complete,0,1,1.0,7,1,1,,,mixture/1.0/7/5/18
1.0,7,5,18,1000,800,constant,average,0,1,1.0,7,1,1,,,mixture/1.0/7/5/18
1.0,7,5,18,1000,800,constant,pam,0,1,1.0,7,1,1,1,0,mixture/1.0/7/5/18
1.0,7,5,19,1000,800,constant,single,0,0,0.8186532892860623,3,0,0,,,mixture/1.0/7/5/19
1.0,7,5,19,1000,800,constant,complete,0,1,1.0,3,0,0,,,mixture/1.0/7/5/19
1.0,7,5,19,1000,800,constant,average,0,1,1.0,3,0,0,,,mixture/1.0/7/5/19
1.0,7,5,19,1000,800,constant,pam,0,1,1.0,3,0,0,1,0,mixture/1.0/7/5/19
1.0,7,5,20,1000,800,constant,single,0,1,1.0,7,1,1,,,mixture/1.0/7/5/20
1.0,7,5,20,1000,800,constant,complete,0,1,1.0,7,1,1,,,mixture/1.0/7/5/20
1.0,7,5,20,1000,800,constant,average,0,1,1.0,7,1,1,,,mixture/1.0/7/5/20
1.0,7,5,20,1000,800,constant,pam,0,1,1.0,7,1,1,1,0,mixture/1.0/7/5/20
1.0,7,5,21,1000,800,constant,single,0,0,0.7375290482791995,7,1,0,,,mixture/1.0/7/5/21
1.0,7,5,21,1000,800,constant,complete,0,0,0.8123096772162797,7,1,0,,,mixture/1.0/7/5/21
1.0,7,5,21,1000,800,constant,average,0,0,0.7375290482791995,7,1,0,,,mixture/1.0/7/5/21
1.0,7,5,21,1000,800,constant,pam,0,1,1.0,7,1,1,1,0,mixture/1.0/7/5/21
1.0,7,5,22,1000,800,constant,single,0,0,0.43326743324992767,7,1,0,,,mixture/1.0/7/5/22
1.0,7,5,22,1000,800,constant,complete,0,1,1.0,7,1,1,,,mixture/1.0/7/5/22
1.0,7,5,22,1000,800,constant,average,0,0,0.8268601385943105,7,1,0,,,mixture/1.0/7/5/22
1.0,7,5,22,1000,800,constant,pam,0,1,1.0,7,1,1,1,0,mixture/1.0/7/5/22
1.0,7,5,23,1000,800,constant,single,0,0,0.8674864221842441,6,0,0,,,mixture/1.0/7/5/23
1.0,7,5,23,1000,800,constant,complete,0,1,1.0,6,0,0,,,mixture/1.0/7/5/23
1.0,7,5,23,1000,800,constant,average,0,1,1.0,6,0,0,,,mixture/1.0/7/5/23
1.0,7,5,23,1000,800,constant,pam,0,1,1.0,6,0,0,1,0,mixture/1.0/7/5/23
1.0,7,5,24,1000,800,constant,single,0,0,0.24238772351822074,7,1,0,,,mixture/1.0/7/5/24
1.0,7,5,24,1000,800,constant,complete,0,0,0.8165420636626365,7,1,0,,,mixture/1.0/7/5/24
1.0,7,5,24,1000,800,constant,average,0,0,0.7160840716292267,7,1,0,,,mixture/1.0/7/5/24
1.0,7,5,24,1000,800,constant,pam,0,0,0.9868656884319125,7,1,0,1,0,mixture/1.0/7/5/24
1.0,7,5,25,1000,800,constant,single,0,0,0.8358719483596067,7,1,0,,,mixture/1.0/7/5/25
1.0,7,5,25,1000,800,constant,complete,0,0,0.8228592454391946,7,1,0,,,mixture/1.0/7/5/25
1.0,7,5,25,1000,800,constant,average,0,0,0.8358719483596067,7,1,0,,,mixture/1.0/7/5/25
1.0,7,5,25,1000,800,constant,pam,0,0,0.9908807983840346,7,1,0,1,0,mixture/1.0/7/5/25
1.0,7,5,26,1000,800,constant,single,0,0,0.5431265482837683,6,0,0,,,mixture/1.0/7/5/26
1.0,7,5,26,1000,800,constant,complete,0,0,0.8384057609008563,6,0,0,,,mixture/1.0/7/5/26
1.0,7,5,26,1000,800,constant,average,0,0,0.7117405373765524,6,0,0,,,mixture/1.0/7/5/26
1.0,7,5,26,1000,800,constant,pam,0,1,1.0,6,0,0,1,0,mixture/1.0/7/5/26
1.0,7,5,27,1000,800,constant,single,0,1,1.0,7,1,1,,,mixture/1.0/7/5/27
1.0,7,5,27,1000,800,constant,complete,0,1,1.0,7,1,1,,,mixture/1.0/7/5/27
1.0,7,5,27,1000,800,constant,average,0,1,1.0,7,1,1,,,mixture/1.0/7/5/27
1.0,7,5,27,1000,800,constant,pam,0,1,1.0,7,1,1,1,0,mixture/1.0/7/5/27
1.0,7,5,28,1000,800,constant,single,0,0,0.8200548669644987,7,1,0,,,mixture/1.0/7/5/28
1.0,7,5,28,1000,800,constant,complete,0,1,1.0,7,1,1,,,mixture/1.0/7/5/28
1.0,7,5,28,1000,800,constant,average,0,0,0.8200548669644987,7,1,0,,,mixture/1.0/7/5/28
1.0,7,5,28,1000,800,constant,pam,0,1,1.0,7,1,1,1,0,mixture/1.0/7/5/28
1.0,7,5,29,1000,800,constant,single,0,0,0.38400144462081703,5,0,0,,,mixture/1.0/7/5/29
1.0,7,5,29,1000,800,constant,complete,0,1,1.0,5,0,0,,,mixture/1.0/7/5/29
1.0,7,5,29,1000,800,constant,average,0,0,0.8417551165204314,5,0,0,,,mixture/1.0/7/5/29
1.0,7,5,29,1000,800,constant,pam,0,1,1.0,5,0,0,1,0,mixture/1.0/7/5/29
1.0,8,5,0,1000,800,constant,single,0,0,0.8809137182655395,8,1,0,,,mixture/1.0/8/5/0
1.0,8,5,0,1000,800,constant,complete,0,1,1.0,8,1,1,,,mixture/1.0/8/5/0
1.0,8,5,0,1000,800,constant,average,0,1,1.0,8,1,1,,,mixture/1.0/8/5/0
1.0,8,5,0,1000,800,constant,pam,0,1,1.0,8,1,1,1,0,mixture/1.0/8/5/0
1.0,8,5,1,1000,800,constant,single,0,0,0.6716657654346765,8,1,0,,,mixture/1.0/8/5/1
1.0,8,5,1,1000,800,constant,complete,0,1,1.0,8,1,1,,,mixture/1.0/8/5/1
1.0,8,5,1,1000,800,constant,average,0,0,0.8678957350198345,8,1,0,,,mixture/1.0/8/5/1
1.0,8,5,1,1000,800,constant,pam,0,1,1.0,8,1,1,1,0,mixture/1.0/8/5/1
1.0,8,5,2,1000,800,constant,single,0,0,0.6598210466222739,8,1,0,,,mixture/1.0/8/5/2
1.0,8,5,2,1000,800,constant,complete,0,0,0.8431325443080041,8,1,0,,,mixture/1.0/8/5/2
1.0,8,5,2,1000,800,constant,average,0,0,0.8671551633937974,8,1,0,,,mixture/1.0/8/5/2
1.0,8,5,2,1000,800,constant,pam,0,1,1.0,8,1,1,1,0,mixture/1.0/8/5/2
1.0,8,5,3,1000,800,constant,single,0,0,0.8763427865183666,6,0,0,,,mixture/1.0/8/5/3
1.0,8,5,3,1000,800,constant,complete,0,1,1.0,6,0,0,,,mixture/1.0/8/5/3
1.0,8,5,3,1000,800,constant,average,0,1,1.0,6,0,0,,,mixture/1.0/8/5/3
1.0,8,5,3,1000,800,constant,pam,0,1,1.0,6,0,0,1,0,mixture/1.0/8/5/3
1.0,8,5,4,1000,800,constant,single,0,0,0.428793051707375,8,1,0,,,mixture/1.0/8/5/4
1.0,8,5,4,1000,800,constant,complete,0,0,0.7424385005524942,8,1,0,,,mixture/1.0/8/5/4
1.0,8,5,4,1000,800,constant,average,0,0,0.7729720970590214,8,1,0,,,mixture/1.0/8/5/4
1.0,8,5,4,1000,800,constant,pam,0,1,1.0,8,1,1,1,0,mixture/1.0/8/5/4
1.0,8,5,5,1000,800,constant,single,0,1,1.0,8,1,1,,,mixture/1.0/8/5/5
1.0,8,5,5,1000,800,constant,complete,0,1,1.0,8,1,1,,,mixture/1.0/8/5/5
1.0,8,5,5,1000,800,constant,average,0,1,1.0,8,1,1,,,mixture/1.0/8/5/5
1.0,8,5,5,1000,800,constant,pam,0,1,1.0,8,1,1,1,0,mixture/1.0/8/5/5
1.0,8,5,6,1000,800,constant,single,0,0,-0.0003766560462866256,8,1,0,,,mixture/1.0/8/5/6
1.0,8,5,6,1000,800,constant,complete,0,0,0.8443003713826532,8,1,0,,,mixture/1.0/8/5/6
1.0,8,5,6,1000,800,constant,average,0,0,0.7635670573080696,8,1,0,,,mixture/1.0/8/5/6
1.0,8,5,6,1000,800,constant,pam,0,0,0.9883315224258842,8,1,0,1,0,mixture/1.0/8/5/6
1.0,8,5,7,1000,800,constant,single,0,0,0.8792372338559757,7,0,0,,,mixture/1.0/8/5/7
1.0,8,5,7,1000,800,constant,complete,0,1,1.0,7,0,0,,,mixture/1.0/8/5/7
1.0,8,5,7,1000,800,constant,average,0,1,1.0,7,0,0,,,mixture/1.0/8/5/7
1.0,8,5,7,1000,800,constant,pam,0,1,1.0,7,0,0,1,0,mixture/1.0/8/5/7
1.0,8,5,8,1000,800,constant,single,0,0,0.7447378949955292,8,1,0,,,mixture/1.0/8/5/8
1.0,8,5,8,1000,800,constant,complete,0,0,0.825699662003108,8,1,0,,,mixture/1.0/8/5/8
1.0,8,5,8,1000,800,constant,average,0,0,0.8548867981803083,8,1,0,,,mixture/1.0/8/5/8
1.0,8,5,8,1000,800,constant,pam,0,1,1.0,8,1,1,1,0,mixture/1.0/8/5/8
1.0,8,5,9,1000,800,constant,single,0,0,0.0699174289315345,8,1,0,,,mixture/1.0/8/5/9
1.0,8,5,9,1000,800,constant,complete,0,0,0.847715064700569,8,1,0,,,mixture/1.0/8/5/9
1.0,8,5,9,1000,800,constant,average,0,0,0.5805289429548146,8,1,0,,,mixture/1.0/8/5/9
1.0,8,5,9,1000,800,constant,pam,0,1,1.0,8,1,1,1,0,mixture/1.0/8/5/9
1.0,8,5,10,1000,800,constant,single,0,0,0.7697308848829636,6,0,0,,,mixture/1.0/8/5/10
1.0,8,5,10,1000,800,constant,complete,0,1,1.0,6,0,0,,,mixture/1.0/8/5/10
1.0,8,5,10,1000,800,constant,average,0,0,0.8723796636202837,6,0,0,,,mixture/1.0/8/5/10
1.0,8,5,10,1000,800,constant,pam,0,0,0.9646104047157074,6,0,0,1,0,mixture/1.0/8/5/10
1.0,8,5,11,1000,800,constant,single,0,0,0.39602261636004504,8,1,0,,,mixture/1.0/8/5/11
1.0,8,5,11,1000,800,constant,complete,0,0,0.8284932253618946,8,1,0,,,mixture/1.0/8/5/11
1.0,8,5,11,1000,800,constant,average,0,0,0.6488040676472703,8,1,0,,,mixture/1.0/8/5/11
1.0,8,5,11,1000,800,constant,pam,0,0,0.9970290583573014,8,1,0,1,0,mixture/1.0/8/5/11
1.0,8,5,12,1000,800,constant,single,0,0,0.33113268683698205,8,1,0,,,mixture/1.0/8/5/12
1.0,8,5,12,1000,800,constant,complete,0,0,0.8664383145791056,8,1,0,,,mixture/1.0/8/5/12
1.0,8,5,12,1000,800,constant,average,0,0,0.6801887725484788,8,1,0,,,mixture/1.0/8/5/12
1.0,8,5,12,1000,800,constant,pam,0,0,0.9972928801408857,8,1,0,1,0,mixture/1.0/8/5/12
1.0,8,5,13,1000,800,constant,single,0,0,0.7863378562078274,8,1,0,,,mixture/1.0/8/5/13
1.0,8,5,13,1000,800,constant,complete,0,1,1.0,8,1,1,,,mixture/1.0/8/5/13
1.0,8,5,13,1000,800,constant,average,0,0,0.8752992105797223,8,1,0,,,mixture/1.0/8/5/13
1.0,8,5,13,1000,800,constant,pam,0,1,1.0,8,1,1,1,0,mixture/1.0/8/5/13
1.0,8,5,14,1000,800,constant,single,0,0,0.6180352698608448,8,1,0,,,mixture/1.0/8/5/14
1.0,8,5,14,1000,800,constant,complete,0,1,1.0,8,1,1,,,mixture/1.0/8/5/14
1.0,8,5,14,1000,800,constant,average,0,1,1.0,8,1,1,,,mixture/1.0/8/5/14
1.0,8,5,14,1000,800,constant,pam,0,1,1.0,8,1,1,1,0,mixture/1.0/8/5/14
1.0,8,5,15,1000,800,constant,single,0,0,0.8688793466301207,6,0,0,,,mixture/1.0/8/5/15
1.0,8,5,15,1000,800,constant,complete,0,0,0.8339975166640509,6,0,0,,,mixture/1.0/8/5/15
1.0,8,5,15,1000,800,constant,average,0,0,0.8674471119645422,6,0,0,,,mixture/1.0/8/5/15
1.0,8,5,15,1000,800,constant,pam,0,1,1.0,6,0,0,1,0,mixture/1.0/8/5/15
1.0,8,5,16,1000,800,constant,single,0,0,0.6585752930042637,8,1,0,,,mixture/1.0/8/5/16
1.0,8,5,16,1000,800,constant,complete,0,1,1.0,8,1,1,,,mixture/1.0/8/5/16
1.0,8,5,16,1000,800,constant,average,0,1,1.0,8,1,1,,,mixture/1.0/8/5/16
1.0,8,5,16,1000,800,constant,pam,0,1,1.0,8,1,1,1,0,mixture/1.0/8/5/16
1.0,8,5,17,1000,800,constant,single,0,0,0.8640980861235666,8,1,0,,,mixture/1.0/8/5/17
1.0,8,5,17,1000,800,constant,complete,0,1,1.0,8,1,1,,,mixture/1.0/8/5/17
1.0,8,5,17,1000,800,constant,average,0,1,1.0,8,1,1,,,mixture/1.0/8/5/17
1.0,8,5,17,1000,800,constant,pam,0,1,1.0,8,1,1,1,0,mixture/1.0/8/5/17
1.0,8,5,18,1000,800,constant,single,0,0,0.8626351862190025,8,1,0,,,mixture/1.0/8/5/18
1.0,8,5,18,1000,800,constant,complete,0,1,1.0,8,1,1,,,mixture/1.0/8/5/18
1.0,8,5,18,1000,800,constant,average,0,1,1.0,8,1,1,,,mixture/1.0/8/5/18
1.0,8,5,18,1000,800,constant,pam,0,1,1.0,8,1,1,1,0,mixture/1.0/8/5/18
1.0,8,5,19,1000,800,constant,single,0,0,0.6783254876116016,8,1,0,,,mixture/1.0/8/5/19
1.0,8,5,19,1000,800,constant,complete,0,0,0.725232120540277,8,1,0,,,mixture/1.0/8/5/19
1.0,8,5,19,1000,800,constant,average,0,0,0.7714783720952918,8,1,0,,,mixture/1.0/8/5/19
1.0,8,5,19,1000,800,constant,pam,0,1,1.0,8,1,1,1,0,mixture/1.0/8/5/19
1.0,8,5,20,1000,800,constant,single,0,0,0.7645092409689032,8,1,0,,,mixture/1.0/8/5/20
1.0,8,5,20,1000,800,constant,complete,0,1,1.0,8,1,1,,,mixture/1.0/8/5/20
1.0,8,5,20,1000,800,constant,average,0,1,1.0,8,1,1,,,mixture/1.0/8/5/20
1.0,8,5,20,1000,800,constant,pam,0,1,1.0,8,1,1,1,0,mixture/1.0/8/5/20
1.0,8,5,21,1000,800,constant,single,0,0,0.43208407390101644,8,1,0,,,mixture/1.0/8/5/21
1.0,8,5,21,1000,800,constant,complete,0,0,0.8430309501950223,8,1,0,,,mixture/1.0/8/5/21
1.0,8,5,21,1000,800,constant,average,0,0,0.8680989510212157,8,1,0,,,mixture/1.0/8/5/21
1.0,8,5,21,1000,800,constant,pam,0,0,0.9721897424038689,8,1,0,1,0,mixture/1.0/8/5/21
1.0,8,5,22,1000,800,constant,single,0,0,0.7028619904451489,6,0,0,,,mixture/1.0/8/5/22
1.0,8,5,22,1000,800,constant,complete,0,0,0.8598830109500132,6,0,0,,,mixture/1.0/8/5/22
1.0,8,5,22,1000,800,constant,average,0,0,0.8920024814878368,6,0,0,,,mixture/1.0/8/5/22
1.0,8,5,22,1000,800,constant,pam,0,1,1.0,6,0,0,1,0,mixture/1.0/8/5/22
1.0,8,5,23,1000,800,constant,single,0,0,0.0862373309558533,8,1,0,,,mixture/1.0/8/5/23
1.0,8,5,23,1000,800,constant,complete,0,0,0.8244302099182419,8,1,0,,,mixture/1.0/8/5/23
1.0,8,5,23,1000,800,constant,average,0,0,0.7467666712669611,8,1,0,,,mixture/1.0/8/5/23
1.0,8,5,23,1000,800,constant,pam,0,0,0.9910945649316498,8,1,0,1,0,mixture/1.0/8/5/23
1.0,8,5,24,1000,800,constant,single,0,0,0.3313221011053003,6,0,0,,,mixture/1.0/8/5/24
1.0,8,5,24,1000,800,constant,complete,0,0,0.8460530123718307,6,0,0,,,mixture/1.0/8/5/24
1.0,8,5,24,1000,800,constant,average,0,0,0.6905402178014555,6,0,0,,,mixture/1.0/8/5/24
1.0,8,5,24,1000,800,constant,pam,0,0,0.9972044084539952,6,0,0,1,0,mixture/1.0/8/5/24
1.0,8,5,25,1000,800,constant,single,0,0,0.667144359888188,8,1,0,,,mixture/1.0/8/5/25
1.0,8,5,25,1000,800,constant,complete,0,1,1.0,8,1,1,,,mixture/1.0/8/5/25
1.0,8,5,25,1000,800,constant,average,0,0,0.8720028245621034,8,1,0,,,mixture/1.0/8/5/25
1.0,8,5,25,1000,800,constant,pam,0,1,1.0,8,1,1,1,0,mixture/1.0/8/5/25
1.0,8,5,26,1000,800,constant,single,0,0,0.7510141923288726,8,1,0,,,mixture/1.0/8/5/26
1.0,8,5,26,1000,800,constant,complete,0,1,1.0,8,1,1,,,mixture/1.0/8/5/26
1.0,8,5,26,1000,800,constant,average,0,1,1.0,8,1,1,,,mixture/1.0/8/5/26
1.0,8,5,26,1000,800,constant,pam,0,1,1.0,8,1,1,1,0,mixture/1.0/8/5/26
1.0,8,5,27,1000,800,constant,single,0,0,0.7476896720210133,8,1,0,,,mixture/1.0/8/5/27
1.0,8,5,27,1000,800,constant,complete,0,1,1.0,8,1,1,,,mixture/1.0/8/5/27
1.0,8,5,27,1000,800,constant,average,0,1,1.0,8,1,1,,,mixture/1.0/8/5/27
1.0,8,5,27,1000,800,constant,pam,0,1,1.0,8,1,1,1,0,mixture/1.0/8/5/27
1.0,8,5,28,1000,800,constant,single,0,0,0.8768413427541674,7,0,0,,,mixture/1.0/8/5/28
1.0,8,5,28,1000,800,constant,complete,0,1,1.0,7,0,0,,,mixture/1.0/8/5/28
1.0,8,5,28,1000,800,constant,average,0,1,1.0,7,0,0,,,mixture/1.0/8/5/28
1.0,8,5,28,1000,800,constant,pam,0,0,0.9761289794988526,7,0,0,1,0,mixture/1.0/8/5/28
1.0,8,5,29,1000,800,constant,single,0,0,0.4629396685447189,7,0,0,,,mixture/1.0/8/5/29
1.0,8,5,29,1000,800,constant,complete,0,1,1.0,7,0,0,,,mixture/1.0/8/5/29
1.0,8,5,29,1000,800,constant,average,0,0,0.8953986014624268,7,0,0,,,mixture/1.0/8/5/29
1.0,8,5,29,1000,800,constant,pam,0,1,1.0,7,0,0,1,0,mixture/1.0/8/5/29
1.0,9,5,0,1000,800,constant,single,0,0,0.4209742856706121,9,1,0,,,mixture/1.0/9/5/0
1.0,9,5,0,1000,800,constant,complete,0,1,1.0,9,1,1,,,mixture/1.0/9/5/0
1.0,9,5,0,1000,800,constant,average,0,0,0.8893779120042521,9,1,0,,,mixture/1.0/9/5/0
1.0,9,5,0,1000,800,constant,pam,0,1,1.0,9,1,1,1,0,mixture/1.0/9/5/0
1.0,9,5,1,1000,800,constant,single,0,0,0.8872144742518999,9,1,0,,,mixture/1.0/9/5/1
1.0,9,5,1,1000,800,constant,complete,0,1,1.0,9,1,1,,,mixture/1.0/9/5/1
1.0,9,5,1,1000,800,constant,average,0,1,1.0,9,1,1,,,mixture/1.0/9/5/1
1.0,9,5,1,1000,800,constant,pam,0,1,1.0,9,1,1,1,0,mixture/1.0/9/5/1
1.0,9,5,2,1000,800,constant,single,0,1,1.0,9,1,1,,,mixture/1.0/9/5/2
1.0,9,5,2,1000,800,constant,complete,0,1,1.0,9,1,1,,,mixture/1.0/9/5/2
1.0,9,5,2,1000,800,constant,average,0,1,1.0,9,1,1,,,mixture/1.0/9/5/2
1.0,9,5,2,1000,800,constant,pam,0,1,1.0,9,1,1,1,0,mixture/1.0/9/5/2
1.0,9,5,3,1000,800,constant,single,0,0,0.5295463115469331,2,0,0,,,mixture/1.0/9/5/3
1.0,9,5,3,1000,800,constant,complete,0,0,0.8566814214440415,2,0,0,,,mixture/1.0/9/5/3
1.0,9,5,3,1000,800,constant,average,0,0,0.8908128827981695,2,0,0,,,mixture/1.0/9/5/3
1.0,9,5,3,1000,800,constant,pam,0,0,0.9970267114355879,2,0,0,1,0,mixture/1.0/9/5/3
1.0,9,5,4,1000,800,constant,single,0,0,0.2647101364605584,7,0,0,,,mixture/1.0/9/5/4
1.0,9,5,4,1000,800,constant,complete,0,0,0.6556022203432517,7,0,0,,,mixture/1.0/9/5/4
1.0,9,5,4,1000,800,constant,average,0,0,0.7273629948631823,7,0,0,,,mixture/1.0/9/5/4
1.0,9,5,4,1000,800,constant,pam,0,1,1.0,7,0,0,1,0,mixture/1.0/9/5/4
1.0,9,5,5,1000,800,constant,single,0,0,0.510358336415135,9,1,0,,,mixture/1.0/9/5/5
1.0,9,5,5,1000,800,constant,complete,0,1,1.0,9,1,1,,,mixture/1.0/9/5/5
1.0,9,5,5,1000,800,constant,average,0,0,0.8752515142570948,9,1,0,,,mixture/1.0/9/5/5
1.0,9,5,5,1000,800,constant,pam,0,1,1.0,9,1,1,1,0,mixture/1.0/9/5/5
1.0,9,5,6,1000,800,constant,single,0,0,0.6542080006976766,8,0,0,,,mixture/1.0/9/5/6
1.0,9,5,6,1000,800,constant,complete,0,0,0.8675355823748441,8,0,0,,,mixture/1.0/9/5/6
1.0,9,5,6,1000,800,constant,average,0,0,0.8044712423847874,8,0,0,,,mixture/1.0/9/5/6
1.0,9,5,6,1000,800,constant,pam,0,0,0.9973268572295586,8,0,0,1,0,mixture/1.0/9/5/6
1.0,9,5,7,1000,800,constant,single,0,1,1.0,9,1,1,,,mixture/1.0/9/5/7
1.0,9,5,7,1000,800,constant,complete,0,1,1.0,9,1,1,,,mixture/1.0/9/5/7
1.0,9,5,7,1000,800,constant,average,0,1,1.0,9,1,1,,,mixture/1.0/9/5/7
1.0,9,5,7,1000,800,constant,pam,0,1,1.0,9,1,1,1,0,mixture/1.0/9/5/7
1.0,9,5,8,1000,800,constant,single,0,0,0.12485898847354684,9,1,0,,,mixture/1.0/9/5/8
1.0,9,5,8,1000,800,constant,complete,0,1,1.0,9,1,1,,,mixture/1.0/9/5/8
1.0,9,5,8,1000,800,constant,average,0,0,0.7611682597885494,9,1,0,,,mixture/1.0/9/5/8
1.0,9,5,8,1000,800,constant,pam,0,1,1.0,9,1,1,1,0,mixture/1.0/9/5/8
1.0,9,5,9,1000,800,constant,single,0,0,0.12389295008018182,9,1,0,,,mixture/1.0/9/5/9
1.0,9,5,9,1000,800,constant,complete,0,0,0.8658162071690447,9,1,0,,,mixture/1.0/9/5/9
1.0,9,5,9,1000,800,constant,average,0,0,0.632754406741834,9,1,0,,,mixture/1.0/9/5/9
1.0,9,5,9,1000,800,constant,pam,0,1,1.0,9,1,1,1,0,mixture/1.0/9/5/9
1.0,9,5,10,1000,800,constant,single,0,0,0.7850305348166479,9,1,0,,,mixture/1.0/9/5/10
1.0,9,5,10,1000,800,constant,complete,0,1,1.0,9,1,1,,,mixture/1.0/9/5/10
1.0,9,5,10,1000,800,constant,average,0,1,1.0,9,1,1,,,mixture/1.0/9/5/10
1.0,9,5,10,1000,800,constant,pam,0,1,1.0,9,1,1,1,0,mixture/1.0/9/5/10
1.0,9,5,11,1000,800,constant,single,0,0,0.33540006608223955,9,1,0,,,mixture/1.0/9/5/11
1.0,9,5,11,1000,800,constant,complete,0,0,0.6769192891850593,9,1,0,,,mixture/1.0/9/5/11
1.0,9,5,11,1000,800,constant,average,0,0,0.5396272205804857,9,1,0,,,mixture/1.0/9/5/11
1.0,9,5,11,1000,800,constant,pam,0,0,0.9251850703055678,9,1,0,1,0,mixture/1.0/9/5/11
1.0,9,5,12,1000,800,constant,single,0,0,0.8807580717518184,6,0,0,,,mixture/1.0/9/5/12
1.0,9,5,12,1000,800,constant,complete,0,0,0.8643980897073175,6,0,0,,,mixture/1.0/9/5/12
1.0,9,5,12,1000,800,constant,average,0,0,0.8807580717518184,6,0,0,,,mixture/1.0/9/5/12
1.0,9,5,12,1000,800,constant,pam,0,0,0.9943005518390926,6,0,0,1,0,mixture/1.0/9/5/12
1.0,9,5,13,1000,800,constant,single,0,0,0.2172307473680085,9,1,0,,,mixture/1.0/9/5/13
1.0,9,5,13,1000,800,constant,complete,0,0,0.6005081110802536,9,1,0,,,mixture/1.0/9/5/13
1.0,9,5,13,1000,800,constant,average,0,0,0.49951635198640243,9,1,0,,,mixture/1.0/9/5/13
1.0,9,5,13,1000,800,constant,pam,0,1,1.0,9,1,1,1,0,mixture/1.0/9/5/13
1.0,9,5,14,1000,800,constant,single,0,1,1.0,8,0,0,,,mixture/1.0/9/5/14
1.0,9,5,14,1000,800,constant,complete,0,1,1.0,8,0,0,,,mixture/1.0/9/5/14
1.0,9,5,14,1000,800,constant,average,0,1,1.0,8,0,0,,,mixture/1.0/9/5/14
1.0,9,5,14,1000,800,constant,pam,0,0,0.9970910315212014,8,0,0,1,0,mixture/1.0/9/5/14
1.0,9,5,15,1000,800,constant,single,0,0,0.7008576098317282,8,0,0,,,mixture/1.0/9/5/15
1.0,9,5,15,1000,800,constant,complete,0,1,1.0,8,0,0,,,mixture/1.0/9/5/15
1.0,9,5,15,1000,800,constant,average,0,1,1.0,8,0,0,,,mixture/1.0/9/5/15
1.0,9,5,15,1000,800,constant,pam,0,0,0.9946275383229514,8,0,0,1,0,mixture/1.0/9/5/15
1.0,9,5,16,1000,800,constant,single,0,0,0.5095527685995723,6,0,0,,,mixture/1.0/9/5/16
1.0,9,5,16,1000,800,constant,complete,0,0,0.7367693836634275,6,0,0,,,mixture/1.0/9/5/16
1.0,9,5,16,1000,800,constant,average,0,0,0.7769277211407628,6,0,0,,,mixture/1.0/9/5/16
1.0,9,5,16,1000,800,constant,pam,0,0,0.9864332585089685,6,0,0,1,0,mixture/1.0/9/5/16
1.0,9,5,17,1000,800,constant,single,0,0,0.6537696450024081,9,1,0,,,mixture/1.0/9/5/17
1.0,9,5,17,1000,800,constant,complete,0,0,0.8548909644787146,9,1,0,,,mixture/1.0/9/5/17
1.0,9,5,17,1000,800,constant,average,0,0,0.8874471264353341,9,1,0,,,mixture/1.0/9/5/17
1.0,9,5,17,1000,800,constant,pam,0,1,1.0,9,1,1,1,0,mixture/1.0/9/5/17
1.0,9,5,18,1000,800,constant,single,0,0,0.47668377753243085,9,1,0,,,mixture/1.0/9/5/18
1.0,9,5,18,1000,800,constant,complete,0,1,1.0,9,1,1,,,mixture/1.0/9/5/18
1.0,9,5,18,1000,800,constant,average,0,0,0.8622822955131563,9,1,0,,,mixture/1.0/9/5/18
1.0,9,5,18,1000,800,constant,pam,0,1,1.0,9,1,1,1,0,mixture/1.0/9/5/18
1.0,9,5,19,1000,800,constant,single,0,0,0.12582705807797406,9,1,0,,,mixture/1.0/9/5/19
1.0,9,5,19,1000,800,constant,complete,0,0,0.8599041621619952,9,1,0,,,mixture/1.0/9/5/19
1.0,9,5,19,1000,800,constant,average,0,0,0.7105416352399362,9,1,0,,,mixture/1.0/9/5/19
1.0,9,5,19,1000,800,constant,pam,0,1,1.0,9,1,1,1,0,mixture/1.0/9/5/19
1.0,9,5,20,1000,800,constant,single,0,0,0.6995916950279973,9,1,0,,,mixture/1.0/9/5/20
1.0,9,5,20,1000,800,constant,complete,0,1,1.0,9,1,1,,,mixture/1.0/9/5/20
1.0,9,5,20,1000,800,constant,average,0,0,0.8747849119171751,9,1,0,,,mixture/1.0/9/5/20
1.0,9,5,20,1000,800,constant,pam,0,1,1.0,9,1,1,1,0,mixture/1.0/9/5/20
1.0,9,5,21,1000,800,constant,single,0,0,0.32544529112951065,9,1,0,,,mixture/1.0/9/5/21
1.0,9,5,21,1000,800,constant,complete,0,0,0.8464148848827467,9,1,0,,,mixture/1.0/9/5/21
1.0,9,5,21,1000,800,constant,average,0,0,0.8761542964461146,9,1,0,,,mixture/1.0/9/5/21
1.0,9,5,21,1000,800,constant,pam,0,0,0.9669521356303712,9,1,0,1,0,mixture/1.0/9/5/21
1.0,9,5,22,1000,800,constant,single,0,0,0.8857826856499602,8,0,0,,,mixture/1.0/9/5/22
1.0,9,5,22,1000,800,constant,complete,0,1,1.0,8,0,0,,,mixture/1.0/9/5/22
1.0,9,5,22,1000,800,constant,average,0,1,1.0,8,0,0,,,mixture/1.0/9/5/22
1.0,9,5,22,1000,800,constant,pam,0,1,1.0,8,0,0,1,0,mixture/1.0/9/5/22
1.0,9,5,23,1000,800,constant,single,0,0,0.3096185154081358,9,1,0,,,mixture/1.0/9/5/23
1.0,9,5,23,1000,800,constant,complete,0,1,1.0,9,1,1,,,mixture/1.0/9/5/23
1.0,9,5,23,1000,800,constant,average,0,0,0.7688233058431958,9,1,0,,,mixture/1.0/9/5/23
1.0,9,5,23,1000,800,constant,pam,0,1,1.0,9,1,1,1,0,mixture/1.0/9/5/23
1.0,9,5,24,1000,800,constant,single,0,0,0.8824259227322333,9,1,0,,,mixture/1.0/9/5/24
1.0,9,5,24,1000,800,constant,complete,0,0,0.8607710065483114,9,1,0,,,mixture/1.0/9/5/24
1.0,9,5,24,1000,800,constant,average,0,1,1.0,9,1,1,,,mixture/1.0/9/5/24
1.0,9,5,24,1000,800,constant,pam,0,0,0.9860428149768108,9,1,0,1,0,mixture/1.0/9/5/24
1.0,9,5,25,1000,800,constant,single,0,0,0.8850343386843496,9,1,0,,,mixture/1.0/9/5/25
1.0,9,5,25,1000,800,constant,complete,0,0,0.866342129969125,9,1,0,,,mixture/1.0/9/5/25
1.0,9,5,25,1000,800,constant,average,0,0,0.8850976144853466,9,1,0,,,mixture/1.0/9/5/25
1.0,9,5,25,1000,800,constant,pam,0,1,1.0,9,1,1,1,0,mixture/1.0/9/5/25
1.0,9,5,26,1000,800,constant,single,0,0,0.21801506409395313,9,1,0,,,mixture/1.0/9/5/26
1.0,9,5,26,1000,800,constant,complete,0,0,0.8494164823332914,9,1,0,,,mixture/1.0/9/5/26
1.0,9,5,26,1000,800,constant,average,0,0,0.5808857297529723,9,1,0,,,mixture/1.0/9/5/26
1.0,9,5,26,1000,800,constant,pam,0,0,0.9918924714099056,9,1,0,1,0,mixture/1.0/9/5/26
1.0,9,5,27,1000,800,constant,single,0,0,0.32168501504839875,9,1,0,,,mixture/1.0/9/5/27
1.0,9,5,27,1000,800,constant,complete,0,1,1.0,9,1,1,,,mixture/1.0/9/5/27
1.0,9,5,27,1000,800,constant,average,0,0,0.8662888133759341,9,1,0,,,mixture/1.0/9/5/27
1.0,9,5,27,1000,800,constant,pam,0,0,0.9820602476182886,9,1,0,1,0,mixture/1.0/9/5/27
1.0,9,5,28,1000,800,constant,single,0,0,0.0646678533613461,9,1,0,,,mixture/1.0/9/5/28
1.0,9,5,28,1000,800,constant,complete,0,0,0.5654762825241035,9,1,0,,,mixture/1.0/9/5/28
1.0,9,5,28,1000,800,constant,average,0,0,0.6283626443429801,9,1,0,,,mixture/1.0/9/5/28
1.0,9,5,28,1000,800,constant,pam,0,0,0.9659429960723732,9,1,0,1,0,mixture/1.0/9/5/28
1.0,9,5,29,1000,800,constant,single,0,0,0.5661809229777621,8,0,0,,,mixture/1.0/9/5/29
1.0,9,5,29,1000,800,constant,complete,0,0,0.5302535382596909,8,0,0,,,mixture/1.0/9/5/29
1.0,9,5,29,1000,800,constant,average,0,0,0.5556110755436077,8,0,0,,,mixture/1.0/9/5/29
1.0,9,5,29,1000,800,constant,pam,0,1,1.0,8,0,0,1,0,mixture/1.0/9/5/29
1.0,10,5,0,1000,800,constant,single,0,0,0.6784854733988426,10,1,0,,,mixture/1.0/10/5/0
1.0,10,5,0,1000,800,constant,complete,0,0,0.8900830815086379,10,1,0,,,mixture/1.0/10/5/0
1.0,10,5,0,1000,800,constant,average,0,0,0.9080854376954458,10,1,0,,,mixture/1.0/10/5/0
1.0,10,5,0,1000,800,constant,pam,0,1,1.0,10,1,1,1,0,mixture/1.0/10/5/0
1.0,10,5,1,1000,800,constant,single,0,0,0.031673047556391984,9,0,0,,,mixture/1.0/10/5/1
1.0,10,5,1,1000,800,constant,complete,0,0,0.669712254747748,9,0,0,,,mixture/1.0/10/5/1
1.0,10,5,1,1000,800,constant,average,0,0,0.6466932784331646,9,0,0,,,mixture/1.0/10/5/1
1.0,10,5,1,1000,800,constant,pam,0,1,1.0,9,0,0,1,0,mixture/1.0/10/5/1
1.0,10,5,2,1000,800,constant,single,0,0,0.7521014133876478,8,0,0,,,mixture/1.0/10/5/2
1.0,10,5,2,1000,800,constant,complete,0,1,1.0,8,0,0,,,mixture/1.0/10/5/2
1.0,10,5,2,1000,800,constant,average,0,0,0.9029274784624473,8,0,0,,,mixture/1.0/10/5/2
1.0,10,5,2,1000,800,constant,pam,0,1,1.0,8,0,0,1,0,mixture/1.0/10/5/2
1.0,10,5,3,1000,800,constant,single,0,0,0.5304381797594453,2,0,0,,,mixture/1.0/10/5/3
1.0,10,5,3,1000,800,constant,complete,0,1,1.0,2,0,0,,,mixture/1.0/10/5/3
1.0,10,5,3,1000,800,constant,average,0,0,0.8865421979213101,2,0,0,,,mixture/1.0/10/5/3
1.0,10,5,3,1000,800,constant,pam,0,1,1.0,2,0,0,1,0,mixture/1.0/10/5/3
1.0,10,5,4,1000,800,constant,single,0,0,0.7265773914587411,10,1,0,,,mixture/1.0/10/5/4
1.0,10,5,4,1000,800,constant,complete,0,1,1.0,10,1,1,,,mixture/1.0/10/5/4
1.0,10,5,4,1000,800,constant,average,0,0,0.8748879200645765,10,1,0,,,mixture/1.0/10/5/4
1.0,10,5,4,1000,800,constant,pam,0,1,1.0,10,1,1,1,0,mixture/1.0/10/5/4
1.0,10,5,5,1000,800,constant,single,0,0,0.5037141452684495,10,1,0,,,mixture/1.0/10/5/5
1.0,10,5,5,1000,800,constant,complete,0,0,0.7782483611375278,10,1,0,,,mixture/1.0/10/5/5
1.0,10,5,5,1000,800,constant,average,0,0,0.7087922111444608,10,1,0,,,mixture/1.0/10/5/5
1.0,10,5,5,1000,800,constant,pam,0,0,0.9654327524246658,10,1,0,1,0,mixture/1.0/10/5/5
1.0,10,5,6,1000,800,constant,single,0,0,0.7496598618338348,10,1,0,,,mixture/1.0/10/5/6
1.0,10,5,6,1000,800,constant,complete,0,1,1.0,10,1,1,,,mixture/1.0/10/5/6
1.0,10,5,6,1000,800,constant,average,0,0,0.9122553610045637,10,1,0,,,mixture/1.0/10/5/6
1.0,10,5,6,1000,800,constant,pam,0,1,1.0,10,1,1,1,0,mixture/1.0/10/5/6
1.0,10,5,7,1000,800,constant,single,0,0,0.6075916710525144,8,0,0,,,mixture/1.0/10/5/7
1.0,10,5,7,1000,800,constant,complete,0,0,0.8797707515084412,8,0,0,,,mixture/1.0/10/5/7
1.0,10,5,7,1000,800,constant,average,0,0,0.878729678636807,8,0,0,,,mixture/1.0/10/5/7
1.0,10,5,7,1000,800,constant,pam,0,1,1.0,8,0,0,1,0,mixture/1.0/10/5/7
1.0,10,5,8,1000,800,constant,single,0,0,0.5335884634068341,10,1,0,,,mixture/1.0/10/5/8
1.0,10,5,8,1000,800,constant,complete,0,1,1.0,10,1,1,,,mixture/1.0/10/5/8
1.0,10,5,8,1000,800,constant,average,0,0,0.9102859391999524,10,1,0,,,mixture/1.0/10/5/8
1.0,10,5,8,1000,800,constant,pam,0,0,0.9947456966863025,10,1,0,1,0,mixture/1.0/10/5/8
1.0,10,5,9,1000,800,constant,single,0,0,0.5310889254560998,7,0,0,,,mixture/1.0/10/5/9
1.0,10,5,9,1000,800,constant,complete,0,1,1.0,7,0,0,,,mixture/1.0/10/5/9
1.0,10,5,9,1000,800,constant,average,0,1,1.0,7,0,0,,,mixture/1.0/10/5/9
1.0,10,5,9,1000,800,constant,pam,0,1,1.0,7,0,0,1,0,mixture/1.0/10/5/9
1.0,10,5,10,1000,800,constant,single,0,0,0.3094788798017233,7,0,0,,,mixture/1.0/10/5/10
1.0,10,5,10,1000,800,constant,complete,0,1,1.0,7,0,0,,,mixture/1.0/10/5/10
1.0,10,5,10,1000,800,constant,average,0,0,0.9103950385777204,7,0,0,,,mixture/1.0/10/5/10
1.0,10,5,10,1000,800,constant,pam,0,1,1.0,7,0,0,1,0,mixture/1.0/10/5/10
1.0,10,5,11,1000,800,constant,single,0,0,0.33118631294669043,6,0,0,,,mixture/1.0/10/5/11
1.0,10,5,11,1000,800,constant,complete,0,1,1.0,6,0,0,,,mixture/1.0/10/5/11
1.0,10,5,11,1000,800,constant,average,0,0,0.7966171977596072,6,0,0,,,mixture/1.0/10/5/11
1.0,10,5,11,1000,800,constant,pam,0,1,1.0,6,0,0,1,0,mixture/1.0/10/5/11
1.0,10,5,12,1000,800,constant,single,0,0,0.40028180879627706,10,1,0,,,mixture/1.0/10/5/12
1.0,10,5,12,1000,800,constant,complete,0,0,0.8665864309082139,10,1,0,,,mixture/1.0/10/5/12
1.0,10,5,12,1000,800,constant,average,0,0,0.7312771472972265,10,1,0,,,mixture/1.0/10/5/12
1.0,10,5,12,1000,800,constant,pam,0,0,0.9837194187202772,10,1,0,1,0,mixture/1.0/10/5/12
1.0,10,5,13,1000,800,constant,single,0,0,0.39992179954944806,10,1,0,,,mixture/1.0/10/5/13
1.0,10,5,13,1000,800,constant,complete,0,0,0.8499690526743168,10,1,0,,,mixture/1.0/10/5/13
1.0,10,5,13,1000,800,constant,average,0,0,0.7181381836752431,10,1,0,,,mixture/1.0/10/5/13
1.0,10,5,13,1000,800,constant,pam,0,1,1.0,10,1,1,1,0,mixture/1.0/10/5/13
1.0,10,5,14,1000,800,constant,single,0,0,0.25576450026869585,8,0,0,,,mixture/1.0/10/5/14
1.0,10,5,14,1000,800,constant,complete,0,0,0.8783447775615685,8,0,0,,,mixture/1.0/10/5/14
1.0,10,5,14,1000,800,constant,average,0,0,0.7184830192232352,8,0,0,,,mixture/1.0/10/5/14
1.0,10,5,14,1000,800,constant,pam,0,0,0.9802038867274476,8,0,0,1,0,mixture/1.0/10/5/14
1.0,10,5,15,1000,800,constant,single,0,0,0.12472288669558064,5,0,0,,,mixture/1.0/10/5/15
1.0,10,5,15,1000,800,constant,complete,0,0,0.9015297940808686,5,0,0,,,mixture/1.0/10/5/15
1.0,10,5,15,1000,800,constant,average,0,0,0.7460330665208496,5,0,0,,,mixture/1.0/10/5/15
1.0,10,5,15,1000,800,constant,pam,0,0,0.9865741215128311,5,0,0,1,0,mixture/1.0/10/5/15
1.0,10,5,16,1000,800,constant,single,0,0,0.4598269159347056,10,1,0,,,mixture/1.0/10/5/16
1.0,10,5,16,1000,800,constant,complete,0,0,0.8843917128821412,10,1,0,,,mixture/1.0/10/5/16
1.0,10,5,16,1000,800,constant,average,0,0,0.7772713620626787,10,1,0,,,mixture/1.0/10/5/16
1.0,10,5,16,1000,800,constant,pam,0,1,1.0,10,1,1,1,0,mixture/1.0/10/5/16
1.0,10,5,17,1000,800,constant,single,0,0,0.5090453077199159,9,0,0,,,mixture/1.0/10/5/17
1.0,10,5,17,1000,800,constant,complete,0,0,0.8502503852080123,9,0,0,,,mixture/1.0/10/5/17
1.0,10,5,17,1000,800,constant,average,0,0,0.7354298712484264,9,0,0,,,mixture/1.0/10/5/17
1.0,10,5,17,1000,800,constant,pam,0,1,1.0,9,0,0,1,0,mixture/1.0/10/5/17
1.0,10,5,18,1000,800,constant,single,0,0,0.26467703992042857,10,1,0,,,mixture/1.0/10/5/18
1.0,10,5,18,1000,800,constant,complete,0,0,0.8659072632989017,10,1,0,,,mixture/1.0/10/5/18
1.0,10,5,18,1000,800,constant,average,0,0,0.8769201374620684,10,1,0,,,mixture/1.0/10/5/18
1.0,10,5,18,1000,800,constant,pam,0,1,1.0,10,1,1,1,0,mixture/1.0/10/5/18
1.0,10,5,19,1000,800,constant,single,0,0,0.5697004122701598,10,1,0,,,mixture/1.0/10/5/19
1.0,10,5,19,1000,800,constant,complete,0,1,1.0,10,1,1,,,mixture/1.0/10/5/19
1.0,10,5,19,1000,800,constant,average,0,0,0.9120353677050494,10,1,0,,,mixture/1.0/10/5/19
1.0,10,5,19,1000,800,constant,pam,0,1,1.0,10,1,1,1,0,mixture/1.0/10/5/19
1.0,10,5,20,1000,800,constant,single,0,0,0.6702522067066868,6,0,0,,,mixture/1.0/10/5/20
1.0,10,5,20,1000,800,constant,complete,0,0,0.863378520847029,6,0,0,,,mixture/1.0/10/5/20
1.0,10,5,20,1000,800,constant,average,0,0,0.8854544199881603,6,0,0,,,mixture/1.0/10/5/20
1.0,10,5,20,1000,800,constant,pam,0,0,0.9920753872533089,6,0,0,1,0,mixture/1.0/10/5/20
1.0,10,5,21,1000,800,constant,single,0,0,-0.0005533873047364052,5,0,0,,,mixture/1.0/10/5/21
1.0,10,5,21,1000,800,constant,complete,0,0,0.7746256412227167,5,0,0,,,mixture/1.0/10/5/21
1.0,10,5,21,1000,800,constant,average,0,0,0.7232930501739746,5,0,0,,,mixture/1.0/10/5/21
1.0,10,5,21,1000,800,constant,pam,0,0,0.9347918241431202,5,0,0,1,0,mixture/1.0/10/5/21
1.0,10,5,22,1000,800,constant,single,0,0,0.2856885583139564,10,1,0,,,mixture/1.0/10/5/22
1.0,10,5,22,1000,800,constant,complete,0,0,0.8074029970261272,10,1,0,,,mixture/1.0/10/5/22
1.0,10,5,22,1000,800,constant,average,0,0,0.9199655460785492,10,1,0,,,mixture/1.0/10/5/22
1.0,10,5,22,1000,800,constant,pam,0,1,1.0,10,1,1,1,0,mixture/1.0/10/5/22
1.0,10,5,23,1000,800,constant,single,0,0,0.0011841339441372842,10,1,0,,,mixture/1.0/10/5/23
1.0,10,5,23,1000,800,constant,complete,0,0,0.6623482741060801,10,1,0,,,mixture/1.0/10/5/23
1.0,10,5,23,1000,800,constant,average,0,0,0.5609591595488025,10,1,0,,,mixture/1.0/10/5/23
1.0,10,5,23,1000,800,constant,pam,0,0,0.8328655705416859,10,1,0,1,0,mixture/1.0/10/5/23
1.0,10,5,24,1000,800,constant,single,0,0,0.1719305461379597,10,1,0,,,mixture/1.0/10/5/24
1.0,10,5,24,1000,800,constant,complete,0,0,0.8956599730604794,10,1,0,,,mixture/1.0/10/5/24
1.0,10,5,24,1000,800,constant,average,0,0,0.6597603648034381,10,1,0,,,mixture/1.0/10/5/24
1.0,10,5,24,1000,800,constant,pam,0,0,0.9975071954252865,10,1,0,1,0,mixture/1.0/10/5/24
1.0,10,5,25,1000,800,constant,single,0,0,0.7493630034852667,10,1,0,,,mixture/1.0/10/5/25
1.0,10,5,25,1000,800,constant,complete,0,0,0.8987101669416994,10,1,0,,,mixture/1.0/10/5/25
1.0,10,5,25,1000,800,constant,average,0,1,1.0,10,1,1,,,mixture/1.0/10/5/25
1.0,10,5,25,1000,800,constant,pam,0,1,1.0,10,1,1,1,0,mixture/1.0/10/5/25
1.0,10,5,26,1000,800,constant,single,0,0,0.752187504628551,10,1,0,,,mixture/1.0/10/5/26
1.0,10,5,26,1000,800,constant,complete,0,0,0.8938048162437744,10,1,0,,,mixture/1.0/10/5/26
1.0,10,5,26,1000,800,constant,average,0,0,0.8995269475403863,10,1,0,,,mixture/1.0/10/5/26
1.0,10,5,26,1000,800,constant,pam,0,0,0.9972789640263421,10,1,0,1,0,mixture/1.0/10/5/26
1.0,10,5,27,1000,800,constant,single,0,0,0.7375387791104425,8,0,0,,,mixture/1.0/10/5/27
1.0,10,5,27,1000,800,constant,complete,0,0,0.8604771518059633,8,0,0,,,mixture/1.0/10/5/27
1.0,10,5,27,1000,800,constant,average,0,0,0.7351692383001621,8,0,0,,,mixture/1.0/10/5/27
1.0,10,5,27,1000,800,constant,pam,0,0,0.994404314480135,8,0,0,1,0,mixture/1.0/10/5/27
1.0,10,5,28,1000,800,constant,single,0,0,0.5089186965372215,6,0,0,,,mixture/1.0/10/5/28
1.0,10,5,28,1000,800,constant,complete,0,0,0.7203012321512751,6,0,0,,,mixture/1.0/10/5/28
1.0,10,5,28,1000,800,constant,average,0,0,0.727078996846886,6,0,0,,,mixture/1.0/10/5/28
1.0,10,5,28,1000,800,constant,pam,0,0,0.9702596288563132,6,0,0,1,0,mixture/1.0/10/5/28
1.0,10,5,29,1000,800,constant,single,0,0,0.811681792441766,10,1,0,,,mixture/1.0/10/5/29
1.0,10,5,29,1000,800,constant,complete,0,1,1.0,10,1,1,,,mixture/1.0/10/5/29
1.0,10,5,29,1000,800,constant,average,0,1,1.0,10,1,1,,,mixture/1.0/10/5/29
1.0,10,5,29,1000,800,constant,pam,0,1,1.0,10,1,1,1,0,mixture/1.0/10/5/29
5.0,2,5,0,1000,800,constant,single,0,0,-1.2468905471635996e-05,6,0,0,,,mixture/5.0/2/5/0
5.0,2,5,0,1000,800,constant,complete,0,0,0.9949999923629389,6,0,0,,,mixture/5.0/2/5/0
5.0,2,5,0,1000,800,constant,average,0,1,1.0,6,0,0,,,mixture/5.0/2/5/0
5.0,2,5,0,1000,800,constant,pam,0,0,0.9071402649512932,6,0,0,1,0,mixture/5.0/2/5/0
5.0,2,5,1,1000,800,constant,single,0,1,1.0,2,1,1,,,mixture/5.0/2/5/1
5.0,2,5,1,1000,800,constant,complete,0,1,1.0,2,1,1,,,mixture/5.0/2/5/1
5.0,2,5,1,1000,800,constant,average,0,1,1.0,2,1,1,,,mixture/5.0/2/5/1
5.0,2,5,1,1000,800,constant,pam,0,1,1.0,2,1,1,1,0,mixture/5.0/2/5/1
5.0,2,5,2,1000,800,constant,single,0,0,-8.59954919106542e-05,2,1,0,,,mixture/5.0/2/5/2
5.0,2,5,2,1000,800,constant,complete,0,1,1.0,2,1,1,,,mixture/5.0/2/5/2
5.0,2,5,2,1000,800,constant,average,0,1,1.0,2,1,1,,,mixture/5.0/2/5/2
5.0,2,5,2,1000,800,constant,pam,0,1,1.0,2,1,1,1,0,mixture/5.0/2/5/2
5.0,2,5,3,1000,800,constant,single,0,0,0.00022193149651865578,2,1,0,,,mixture/5.0/2/5/3
5.0,2,5,3,1000,800,constant,complete,0,1,1.0,2,1,1,,,mixture/5.0/2/5/3
5.0,2,5,3,1000,800,constant,average,0,0,0.0004563773343112459,2,1,0,,,mixture/5.0/2/5/3
5.0,2,5,3,1000,800,constant,pam,0,0,0.8554435592268848,2,1,0,1,0,mixture/5.0/2/5/3
5.0,2,5,4,1000,800,constant,single,0,0,0.00018134717295515028,2,1,0,,,mixture/5.0/2/5/4
5.0,2,5,4,1000,800,constant,complete,0,1,1.0,2,1,1,,,mixture/5.0/2/5/4
5.0,2,5,4,1000,800,constant,average,0,1,1.0,2,1,1,,,mixture/5.0/2/5/4
5.0,2,5,4,1000,800,constant,pam,0,0,0.9949999999757206,2,1,0,1,0,mixture/5.0/2/5/4
5.0,2,5,5,1000,800,constant,single,0,0,-0.0003051597607376465,2,1,0,,,mixture/5.0/2/5/5
5.0,2,5,5,1000,800,constant,complete,0,1,1.0,2,1,1,,,mixture/5.0/2/5/5
5.0,2,5,5,1000,800,constant,average,0,1,1.0,2,1,1,,,mixture/5.0/2/5/5
5.0,2,5,5,1000,800,constant,pam,0,0,0.9652626724845644,2,1,0,1,0,mixture/5.0/2/5/5
5.0,2,5,6,1000,800,constant,single,0,0,-2.4875774258357374e-05,2,1,0,,,mixture/5.0/2/5/6
5.0,2,5,6,1000,800,constant,complete,0,1,1.0,2,1,1,,,mixture/5.0/2/5/6
5.0,2,5,6,1000,800,constant,average,0,0,0.9949999923629389,2,1,0,,,mixture/5.0/2/5/6
5.0,2,5,6,1000,800,constant,pam,0,0,0.8647313040221514,2,1,0,1,0,mixture/5.0/2/5/6
5.0,2,5,7,1000,800,constant,single,0,1,1.0,2,1,1,,,mixture/5.0/2/5/7
5.0,2,5,7,1000,800,constant,complete,0,1,1.0,2,1,1,,,mixture/5.0/2/5/7
5.0,2,5,7,1000,800,constant,average,0,1,1.0,2,1,1,,,mixture/5.0/2/5/7
5.0,2,5,7,1000,800,constant,pam,0,1,1.0,2,1,1,1,0,mixture/5.0/2/5/7
5.0,2,5,8,1000,800,constant,single,0,0,0.00012820552909796466,2,1,0,,,mixture/5.0/2/5/8
5.0,2,5,8,1000,800,constant,complete,0,1,1.0,2,1,1,,,mixture/5.0/2/5/8
5.0,2,5,8,1000,800,constant,average,0,1,1.0,2,1,1,,,mixture/5.0/2/5/8
5.0,2,5,8,1000,800,constant,pam,0,1,1.0,2,1,1,1,0,mixture/5.0/2/5/8
5.0,2,5,9,1000,800,constant,single,0,0,0.00014138852412417144,9,0,0,,,mixture/5.0/2/5/9
5.0,2,5,9,1000,800,constant,complete,0,1,1.0,9,0,0,,,mixture/5.0/2/5/9
5.0,2,5,9,1000,800,constant,average,0,0,0.00014138852412417144,9,0,0,,,mixture/5.0/2/5/9
5.0,2,5,9,1000,800,constant,pam,0,0,0.2592717004820812,9,0,0,1,0,mixture/5.0/2/5/9
5.0,2,5,10,1000,800,constant,single,0,0,-0.000215310168764874,2,1,0,,,mixture/5.0/2/5/10
5.0,2,5,10,1000,800,constant,complete,0,1,1.0,2,1,1,,,mixture/5.0/2/5/10
5.0,2,5,10,1000,800,constant,average,0,1,1.0,2,1,1,,,mixture/5.0/2/5/10
5.0,2,5,10,1000,800,constant,pam,0,0,0.9071402649512932,2,1,0,1,0,mixture/5.0/2/5/10
5.0,2,5,11,1000,800,constant,single,0,1,1.0,2,1,1,,,mixture/5.0/2/5/11
5.0,2,5,11,1000,800,constant,complete,0,1,1.0,2,1,1,,,mixture/5.0/2/5/11
5.0,2,5,11,1000,800,constant,average,0,1,1.0,2,1,1,,,mixture/5.0/2/5/11
5.0,2,5,11,1000,800,constant,pam,0,1,1.0,2,1,1,1,0,mixture/5.0/2/5/11
5.0,2,5,12,1000,800,constant,single,0,0,-2.4875774258357374e-05,3,0,0,,,mixture/5.0/2/5/12
5.0,2,5,12,1000,800,constant,complete,0,1,1.0,3,0,0,,,mixture/5.0/2/5/12
5.0,2,5,12,1000,800,constant,average,0,1,1.0,3,0,0,,,mixture/5.0/2/5/12
5.0,2,5,12,1000,800,constant,pam,0,0,0.9949999923629389,3,0,0,1,0,mixture/5.0/2/5/12
5.0,2,5,13,1000,800,constant,single,0,0,0.00014138852412417144,2,1,0,,,mixture/5.0/2/5/13
5.0,2,5,13,1000,800,constant,complete,0,1,1.0,2,1,1,,,mixture/5.0/2/5/13
5.0,2,5,13,1000,800,constant,average,0,0,0.00014138852412417144,2,1,0,,,mixture/5.0/2/5/13
5.0,2,5,13,1000,800,constant,pam,0,0,0.7829557394047039,2,1,0,1,0,mixture/5.0/2/5/13
5.0,2,5,14,1000,800,constant,single,0,1,1.0,2,1,1,,,mixture/5.0/2/5/14
5.0,2,5,14,1000,800,constant,complete,0,1,1.0,2,1,1,,,mixture/5.0/2/5/14
5.0,2,5,14,1000,800,constant,average,0,1,1.0,2,1,1,,,mixture/5.0/2/5/14
5.0,2,5,14,1000,800,constant,pam,0,1,1.0,2,1,1,1,0,mixture/5.0/2/5/14
5.0,2,5,15,1000,800,constant,single,0,0,3.778360084831342e-05,2,1,0,,,mixture/5.0/2/5/15
5.0,2,5,15,1000,800,constant,complete,0,1,1.0,2,1,1,,,mixture/5.0/2/5/15
5.0,2,5,15,1000,800,constant,average,0,0,3.778360084831342e-05,2,1,0,,,mixture/5.0/2/5/15
5.0,2,5,15,1000,800,constant,pam,0,0,0.6679049643768752,2,1,0,1,0,mixture/5.0/2/5/15
5.0,2,5,16,1000,800,constant,single,0,0,8.905894454863351e-05,2,1,0,,,mixture/5.0/2/5/16
5.0,2,5,16,1000,800,constant,complete,0,1,1.0,2,1,1,,,mixture/5.0/2/5/16
5.0,2,5,16,1000,800,constant,average,0,1,1.0,2,1,1,,,mixture/5.0/2/5/16
5.0,2,5,16,1000,800,constant,pam,0,1,1.0,2,1,1,1,0,mixture/5.0/2/5/16
5.0,2,5,17,1000,800,constant,single,0,0,8.905894454863351e-05,2,1,0,,,mixture/5.0/2/5/17
5.0,2,5,17,1000,800,constant,complete,0,1,1.0,2,1,1,,,mixture/5.0/2/5/17
5.0,2,5,17,1000,800,constant,average,0,1,1.0,2,1,1,,,mixture/5.0/2/5/17
5.0,2,5,17,1000,800,constant,pam,0,0,0.8142759991348185,2,1,0,1,0,mixture/5.0/2/5/17
5.0,2,5,18,1000,800,constant,single,0,0,-1.2468905471635996e-05,2,1,0,,,mixture/5.0/2/5/18
5.0,2,5,18,1000,800,constant,complete,0,1,1.0,2,1,1,,,mixture/5.0/2/5/18
5.0,2,5,18,1000,800,constant,average,0,0,-1.2468905471635996e-05,2,1,0,,,mixture/5.0/2/5/18
5.0,2,5,18,1000,800,constant,pam,0,0,0.5070892021639711,2,1,0,1,0,mixture/5.0/2/5/18
5.0,2,5,19,1000,800,constant,single,0,0,0.00011508994227417374,23,0,0,,,mixture/5.0/2/5/19
5.0,2,5,19,1000,800,constant,complete,0,1,1.0,23,0,0,,,mixture/5.0/2/5/19
5.0,2,5,19,1000,800,constant,average,0,0,0.00011508994227417374,23,0,0,,,mixture/5.0/2/5/19
5.0,2,5,19,1000,800,constant,pam,0,0,0.7873923864227315,23,0,0,1,0,mixture/5.0/2/5/19
5.0,2,5,20,1000,800,constant,single,0,0,-7.389200439755565e-05,2,1,0,,,mixture/5.0/2/5/20
5.0,2,5,20,1000,800,constant,complete,0,1,1.0,2,1,1,,,mixture/5.0/2/5/20
5.0,2,5,20,1000,800,constant,average,0,1,1.0,2,1,1,,,mixture/5.0/2/5/20
5.0,2,5,20,1000,800,constant,pam,0,0,0.6040282745249052,2,1,0,1,0,mixture/5.0/2/5/20
5.0,2,5,21,1000,800,constant,single,0,0,-0.00022672916695185756,12,0,0,,,mixture/5.0/2/5/21
5.0,2,5,21,1000,800,constant,complete,0,1,1.0,12,0,0,,,mixture/5.0/2/5/21
5.0,2,5,21,1000,800,constant,average,0,0,-0.0006426342997589669,12,0,0,,,mixture/5.0/2/5/21
5.0,2,5,21,1000,800,constant,pam,0,0,0.35015991658579665,12,0,0,1,0,mixture/5.0/2/5/21
5.0,2,5,22,1000,800,constant,single,0,0,0.00014138852412417144,2,1,0,,,mixture/5.0/2/5/22
5.0,2,5,22,1000,800,constant,complete,0,1,1.0,2,1,1,,,mixture/5.0/2/5/22
5.0,2,5,22,1000,800,constant,average,0,1,1.0,2,1,1,,,mixture/5.0/2/5/22
5.0,2,5,22,1000,800,constant,pam,0,0,0.9701877428767334,2,1,0,1,0,mixture/5.0/2/5/22
5.0,2,5,23,1000,800,constant,single,0,0,-0.0002606611867219035,10,0,0,,,mixture/5.0/2/5/23
5.0,2,5,23,1000,800,constant,complete,0,1,1.0,10,0,0,,,mixture/5.0/2/5/23
5.0,2,5,23,1000,800,constant,average,0,0,-0.0002606611867219035,10,0,0,,,mixture/5.0/2/5/23
5.0,2,5,23,1000,800,constant,pam,0,0,0.8508200650626631,10,0,0,1,0,mixture/5.0/2/5/23
5.0,2,5,24,1000,800,constant,single,0,1,1.0,2,1,1,,,mixture/5.0/2/5/24
5.0,2,5,24,1000,800,constant,complete,0,1,1.0,2,1,1,,,mixture/5.0/2/5/24
5.0,2,5,24,1000,800,constant,average,0,1,1.0,2,1,1,,,mixture/5.0/2/5/24
5.0,2,5,24,1000,800,constant,pam,0,1,1.0,2,1,1,1,0,mixture/5.0/2/5/24
5.0,2,5,25,1000,800,constant,single,0,0,0.00010204125017542707,2,1,0,,,mixture/5.0/2/5/25
5.0,2,5,25,1000,800,constant,complete,0,1,1.0,2,1,1,,,mixture/5.0/2/5/25
5.0,2,5,25,1000,800,constant,average,0,1,1.0,2,1,1,,,mixture/5.0/2/5/25
5.0,2,5,25,1000,800,constant,pam,0,1,1.0,2,1,1,1,0,mixture/5.0/2/5/25
5.0,2,5,26,1000,800,constant,single,0,0,-0.00023809374627978521,2,1,0,,,mixture/5.0/2/5/26
5.0,2,5,26,1000,800,constant,complete,0,1,1.0,2,1,1,,,mixture/5.0/2/5/26
5.0,2,5,26,1000,800,constant,average,0,1,1.0,2,1,1,,,mixture/5.0/2/5/26
5.0,2,5,26,1000,800,constant,pam,0,0,0.9603504554376834,2,1,0,1,0,mixture/5.0/2/5/26
5.0,2,5,27,1000,800,constant,single,0,0,-0.00018072275017778894,2,1,0,,,mixture/5.0/2/5/27
5.0,2,5,27,1000,800,constant,complete,0,1,1.0,2,1,1,,,mixture/5.0/2/5/27
5.0,2,5,27,1000,800,constant,average,0,1,1.0,2,1,1,,,mixture/5.0/2/5/27
5.0,2,5,27,1000,800,constant,pam,0,1,1.0,2,1,1,1,0,mixture/5.0/2/5/27
5.0,2,5,28,1000,800,constant,single,0,0,0.0003333288889481474,2,1,0,,,mixture/5.0/2/5/28
5.0,2,5,28,1000,800,constant,complete,0,1,1.0,2,1,1,,,mixture/5.0/2/5/28
5.0,2,5,28,1000,800,constant,average,0,1,1.0,2,1,1,,,mixture/5.0/2/5/28
5.0,2,5,28,1000,800,constant,pam,0,1,1.0,2,1,1,1,0,mixture/5.0/2/5/28
5.0,2,5,29,1000,800,constant,single,0,1,1.0,2,1,1,,,mixture/5.0/2/5/29
5.0,2,5,29,1000,800,constant,complete,0,1,1.0,2,1,1,,,mixture/5.0/2/5/29
5.0,2,5,29,1000,800,constant,average,0,1,1.0,2,1,1,,,mixture/5.0/2/5/29
5.0,2,5,29,1000,800,constant,pam,0,1,1.0,2,1,1,1,0,mixture/5.0/2/5/29
5.0,3,5,0,1000,800,constant,single,0,0,0.5667075668327444,2,0,0,,,mixture/5.0/3/5/0
5.0,3,5,0,1000,800,constant,complete,0,0,0.48469868495235985,2,0,0,,,mixture/5.0/3/5/0
5.0,3,5,0,1000,800,constant,average,0,0,0.5667075668327444,2,0,0,,,mixture/5.0/3/5/0
5.0,3,5,0,1000,800,constant,pam,0,0,0.9415091638565455,2,0,0,1,0,mixture/5.0/3/5/0
5.0,3,5,1,1000,800,constant,single,0,0,-0.00017705920325616087,3,1,0,,,mixture/5.0/3/5/1
5.0,3,5,1,1000,800,constant,complete,0,1,1.0,3,1,1,,,mixture/5.0/3/5/1
5.0,3,5,1,1000,800,constant,average,0,0,0.5821519778310865,3,1,0,,,mixture/5.0/3/5/1
5.0,3,5,1,1000,800,constant,pam,0,0,0.8883082589088053,3,1,0,1,0,mixture/5.0/3/5/1
5.0,3,5,2,1000,800,constant,single,0,0,0.00033787321463852753,4,0,0,,,mixture/5.0/3/5/2
5.0,3,5,2,1000,800,constant,complete,0,1,1.0,4,0,0,,,mixture/5.0/3/5/2
5.0,3,5,2,1000,800,constant,average,0,1,1.0,4,0,0,,,mixture/5.0/3/5/2
5.0,3,5,2,1000,800,constant,pam,0,0,0.9477029896624515,4,0,0,1,0,mixture/5.0/3/5/2
5.0,3,5,3,1000,800,constant,single,0,0,0.5558993123609623,3,1,0,,,mixture/5.0/3/5/3
5.0,3,5,3,1000,800,constant,complete,0,1,1.0,3,1,1,,,mixture/5.0/3/5/3
5.0,3,5,3,1000,800,constant,average,0,1,1.0,3,1,1,,,mixture/5.0/3/5/3
5.0,3,5,3,1000,800,constant,pam,0,0,0.9961747570628995,3,1,0,1,0,mixture/5.0/3/5/3
5.0,3,5,4,1000,800,constant,single,0,0,4.290010104739535e-05,3,1,0,,,mixture/5.0/3/5/4
5.0,3,5,4,1000,800,constant,complete,0,0,0.996238079177815,3,1,0,,,mixture/5.0/3/5/4
5.0,3,5,4,1000,800,constant,average,0,0,0.568565066038236,3,1,0,,,mixture/5.0/3/5/4
5.0,3,5,4,1000,800,constant,pam,0,0,0.6977423039722784,3,1,0,1,0,mixture/5.0/3/5/4
5.0,3,5,5,1000,800,constant,single,0,0,-0.00018167610212714235,4,0,0,,,mixture/5.0/3/5/5
5.0,3,5,5,1000,800,constant,complete,0,1,1.0,4,0,0,,,mixture/5.0/3/5/5
5.0,3,5,5,1000,800,constant,average,0,1,1.0,4,0,0,,,mixture/5.0/3/5/5
5.0,3,5,5,1000,800,constant,pam,0,0,0.9888401506830593,4,0,0,1,0,mixture/5.0/3/5/5
5.0,3,5,6,1000,800,constant,single,0,0,-3.710293195455027e-05,6,0,0,,,mixture/5.0/3/5/6
5.0,3,5,6,1000,800,constant,complete,0,1,1.0,6,0,0,,,mixture/5.0/3/5/6
5.0,3,5,6,1000,800,constant,average,0,1,1.0,6,0,0,,,mixture/5.0/3/5/6
5.0,3,5,6,1000,800,constant,pam,0,0,0.9776910748371025,6,0,0,1,0,mixture/5.0/3/5/6
5.0,3,5,7,1000,800,constant,single,0,0,-0.0001285429275905563,3,1,0,,,mixture/5.0/3/5/7
5.0,3,5,7,1000,800,constant,complete,0,0,0.9961876788264308,3,1,0,,,mixture/5.0/3/5/7
5.0,3,5,7,1000,800,constant,average,0,1,1.0,3,1,1,,,mixture/5.0/3/5/7
5.0,3,5,7,1000,800,constant,pam,0,0,0.9662012608204141,3,1,0,1,0,mixture/5.0/3/5/7
5.0,3,5,8,1000,800,constant,single,0,0,0.5771037343243768,3,1,0,,,mixture/5.0/3/5/8
5.0,3,5,8,1000,800,constant,complete,0,1,1.0,3,1,1,,,mixture/5.0/3/5/8
5.0,3,5,8,1000,800,constant,average,0,1,1.0,3,1,1,,,mixture/5.0/3/5/8
5.0,3,5,8,1000,800,constant,pam,0,0,0.9148340473408552,3,1,0,1,0,mixture/5.0/3/5/8
5.0,3,5,9,1000,800,constant,single,0,0,-3.4762733742672595e-05,3,1,0,,,mixture/5.0/3/5/9
5.0,3,5,9,1000,800,constant,complete,0,1,1.0,3,1,1,,,mixture/5.0/3/5/9
5.0,3,5,9,1000,800,constant,average,0,1,1.0,3,1,1,,,mixture/5.0/3/5/9
5.0,3,5,9,1000,800,constant,pam,0,0,0.9668480016590028,3,1,0,1,0,mixture/5.0/3/5/9
5.0,3,5,10,1000,800,constant,single,0,0,-0.00014183398044773803,3,1,0,,,mixture/5.0/3/5/10
5.0,3,5,10,1000,800,constant,complete,0,1,1.0,3,1,1,,,mixture/5.0/3/5/10
5.0,3,5,10,1000,800,constant,average,0,1,1.0,3,1,1,,,mixture/5.0/3/5/10
5.0,3,5,10,1000,800,constant,pam,0,0,0.9770562618601272,3,1,0,1,0,mixture/5.0/3/5/10
5.0,3,5,11,1000,800,constant,single,0,0,-0.00018738683298758193,2,0,0,,,mixture/5.0/3/5/11
5.0,3,5,11,1000,800,constant,complete,0,0,0.9890495262058986,2,0,0,,,mixture/5.0/3/5/11
5.0,3,5,11,1000,800,constant,average,0,0,0.5863987546851914,2,0,0,,,mixture/5.0/3/5/11
5.0,3,5,11,1000,800,constant,pam,0,0,0.819631175482672,2,0,0,1,0,mixture/5.0/3/5/11
5.0,3,5,12,1000,800,constant,single,0,0,0.00015038295666765873,3,1,0,,,mixture/5.0/3/5/12
5.0,3,5,12,1000,800,constant,complete,0,1,1.0,3,1,1,,,mixture/5.0/3/5/12
5.0,3,5,12,1000,800,constant,average,0,0,0.00015038295666765873,3,1,0,,,mixture/5.0/3/5/12
5.0,3,5,12,1000,800,constant,pam,0,0,0.7652506907796478,3,1,0,1,0,mixture/5.0/3/5/12
5.0,3,5,13,1000,800,constant,single,0,0,0.0003037505247953439,10,0,0,,,mixture/5.0/3/5/13
5.0,3,5,13,1000,800,constant,complete,0,0,0.9885528782617352,10,0,0,,,mixture/5.0/3/5/13
5.0,3,5,13,1000,800,constant,average,0,0,0.5414689300210005,10,0,0,,,mixture/5.0/3/5/13
5.0,3,5,13,1000,800,constant,pam,0,0,0.9150305062010957,10,0,0,1,0,mixture/5.0/3/5/13
5.0,3,5,14,1000,800,constant,single,0,0,6.407138105378304e-05,5,0,0,,,mixture/5.0/3/5/14
5.0,3,5,14,1000,800,constant,complete,0,1,1.0,5,0,0,,,mixture/5.0/3/5/14
5.0,3,5,14,1000,800,constant,average,0,1,1.0,5,0,0,,,mixture/5.0/3/5/14
5.0,3,5,14,1000,800,constant,pam,0,0,0.9779767268520452,5,0,0,1,0,mixture/5.0/3/5/14
5.0,3,5,15,1000,800,constant,single,0,0,-0.0003895841633874839,26,0,0,,,mixture/5.0/3/5/15
5.0,3,5,15,1000,800,constant,complete,0,0,0.4510766345146928,26,0,0,,,mixture/5.0/3/5/15
5.0,3,5,15,1000,800,constant,average,0,0,-0.0007433757207849577,26,0,0,,,mixture/5.0/3/5/15
5.0,3,5,15,1000,800,constant,pam,0,0,0.5306273561853377,26,0,0,1,0,mixture/5.0/3/5/15
5.0,3,5,16,1000,800,constant,single,0,0,-0.0003367395046093336,2,0,0,,,mixture/5.0/3/5/16
5.0,3,5,16,1000,800,constant,complete,0,0,0.970645644866858,2,0,0,,,mixture/5.0/3/5/16
5.0,3,5,16,1000,800,constant,average,0,0,0.9852004009296375,2,0,0,,,mixture/5.0/3/5/16
5.0,3,5,16,1000,800,constant,pam,0,0,0.700087432582585,2,0,0,1,0,mixture/5.0/3/5/16
5.0,3,5,17,1000,800,constant,single,0,0,-0.00016040269864669548,3,1,0,,,mixture/5.0/3/5/17
5.0,3,5,17,1000,800,constant,complete,0,1,1.0,3,1,1,,,mixture/5.0/3/5/17
5.0,3,5,17,1000,800,constant,average,0,1,1.0,3,1,1,,,mixture/5.0/3/5/17
5.0,3,5,17,1000,800,constant,pam,0,0,0.9926464897443816,3,1,0,1,0,mixture/5.0/3/5/17
5.0,3,5,18,1000,800,constant,single,0,0,0.00045129673139397735,3,1,0,,,mixture/5.0/3/5/18
5.0,3,5,18,1000,800,constant,complete,0,1,1.0,3,1,1,,,mixture/5.0/3/5/18
5.0,3,5,18,1000,800,constant,average,0,1,1.0,3,1,1,,,mixture/5.0/3/5/18
5.0,3,5,18,1000,800,constant,pam,0,0,0.9817705268425829,3,1,0,1,0,mixture/5.0/3/5/18
5.0,3,5,19,1000,800,constant,single,0,0,0.00029096802498619026,2,0,0,,,mixture/5.0/3/5/19
5.0,3,5,19,1000,800,constant,complete,0,0,0.446307509994426,2,0,0,,,mixture/5.0/3/5/19
5.0,3,5,19,1000,800,constant,average,0,0,0.548986613033858,2,0,0,,,mixture/5.0/3/5/19
5.0,3,5,19,1000,800,constant,pam,0,0,0.6771775728633194,2,0,0,1,0,mixture/5.0/3/5/19
5.0,3,5,20,1000,800,constant,single,0,0,-0.0002737098113522905,7,0,0,,,mixture/5.0/3/5/20
5.0,3,5,20,1000,800,constant,complete,0,1,1.0,7,0,0,,,mixture/5.0/3/5/20
5.0,3,5,20,1000,800,constant,average,0,1,1.0,7,0,0,,,mixture/5.0/3/5/20
5.0,3,5,20,1000,800,constant,pam,0,0,0.9477508079788528,7,0,0,1,0,mixture/5.0/3/5/20
5.0,3,5,21,1000,800,constant,single,0,0,-0.00035589383917384595,5,0,0,,,mixture/5.0/3/5/21
5.0,3,5,21,1000,800,constant,complete,0,1,1.0,5,0,0,,,mixture/5.0/3/5/21
5.0,3,5,21,1000,800,constant,average,0,1,1.0,5,0,0,,,mixture/5.0/3/5/21
5.0,3,5,21,1000,800,constant,pam,0,0,0.992810986175077,5,0,0,1,0,mixture/5.0/3/5/21
5.0,3,5,22,1000,800,constant,single,0,0,0.00023048917515061396,4,0,0,,,mixture/5.0/3/5/22
5.0,3,5,22,1000,800,constant,complete,0,0,0.9962868767674288,4,0,0,,,mixture/5.0/3/5/22
5.0,3,5,22,1000,800,constant,average,0,0,0.9962868767674288,4,0,0,,,mixture/5.0/3/5/22
5.0,3,5,22,1000,800,constant,pam,0,0,0.8824485418210833,4,0,0,1,0,mixture/5.0/3/5/22
5.0,3,5,23,1000,800,constant,single,0,0,-0.0002820140910166758,10,0,0,,,mixture/5.0/3/5/23
5.0,3,5,23,1000,800,constant,complete,0,0,0.9493057475703419,10,0,0,,,mixture/5.0/3/5/23
5.0,3,5,23,1000,800,constant,average,0,0,0.5765936562039918,10,0,0,,,mixture/5.0/3/5/23
5.0,3,5,23,1000,800,constant,pam,0,0,0.4517631162751226,10,0,0,1,0,mixture/5.0/3/5/23
5.0,3,5,24,1000,800,constant,single,0,0,0.5735482105332228,3,1,0,,,mixture/5.0/3/5/24
5.0,3,5,24,1000,800,constant,complete,0,1,1.0,3,1,1,,,mixture/5.0/3/5/24
5.0,3,5,24,1000,800,constant,average,0,1,1.0,3,1,1,,,mixture/5.0/3/5/24
5.0,3,5,24,1000,800,constant,pam,0,1,1.0,3,1,1,1,0,mixture/5.0/3/5/24
5.0,3,5,25,1000,800,constant,single,0,0,0.5752201490658494,3,1,0,,,mixture/5.0/3/5/25
5.0,3,5,25,1000,800,constant,complete,0,1,1.0,3,1,1,,,mixture/5.0/3/5/25
5.0,3,5,25,1000,800,constant,average,0,1,1.0,3,1,1,,,mixture/5.0/3/5/25
5.0,3,5,25,1000,800,constant,pam,0,1,1.0,3,1,1,1,0,mixture/5.0/3/5/25
5.0,3,5,26,1000,800,constant,single,0,0,0.00041280223751236485,3,1,0,,,mixture/5.0/3/5/26
5.0,3,5,26,1000,800,constant,complete,0,1,1.0,3,1,1,,,mixture/5.0/3/5/26
5.0,3,5,26,1000,800,constant,average,0,0,0.5952482326441232,3,1,0,,,mixture/5.0/3/5/26
5.0,3,5,26,1000,800,constant,pam,0,0,0.7504372784581131,3,1,0,1,0,mixture/5.0/3/5/26
5.0,3,5,27,1000,800,constant,single,0,0,0.00011594170096831789,3,1,0,,,mixture/5.0/3/5/27
5.0,3,5,27,1000,800,constant,complete,0,1,1.0,3,1,1,,,mixture/5.0/3/5/27
5.0,3,5,27,1000,800,constant,average,0,1,1.0,3,1,1,,,mixture/5.0/3/5/27
5.0,3,5,27,1000,800,constant,pam,0,0,0.9155639672719263,3,1,0,1,0,mixture/5.0/3/5/27
5.0,3,5,28,1000,800,constant,single,0,0,9.51944997472693e-05,3,1,0,,,mixture/5.0/3/5/28
5.0,3,5,28,1000,800,constant,complete,0,1,1.0,3,1,1,,,mixture/5.0/3/5/28
5.0,3,5,28,1000,800,constant,average,0,1,1.0,3,1,1,,,mixture/5.0/3/5/28
5.0,3,5,28,1000,800,constant,pam,0,0,0.9628661098373886,3,1,0,1,0,mixture/5.0/3/5/28
5.0,3,5,29,1000,800,constant,single,0,0,-0.00028832197915087975,3,1,0,,,mixture/5.0/3/5/29
5.0,3,5,29,1000,800,constant,complete,0,1,1.0,3,1,1,,,mixture/5.0/3/5/29
5.0,3,5,29,1000,800,constant,average,0,0,-0.0004173201829376531,3,1,0,,,mixture/5.0/3/5/29
5.0,3,5,29,1000,800,constant,pam,0,0,0.39008235992584417,3,1,0,1,0,mixture/5.0/3/5/29
5.0,4,5,0,1000,800,constant,single,0,0,-0.00010470497258006971,4,1,0,,,mixture/5.0/4/5/0
5.0,4,5,0,1000,800,constant,complete,0,1,1.0,4,1,1,,,mixture/5.0/4/5/0
5.0,4,5,0,1000,800,constant,average,0,1,1.0,4,1,1,,,mixture/5.0/4/5/0
5.0,4,5,0,1000,800,constant,pam,0,0,0.9800133039244854,4,1,0,1,0,mixture/5.0/4/5/0
5.0,4,5,1,1000,800,constant,single,0,0,0.00014011035762996377,3,0,0,,,mixture/5.0/4/5/1
5.0,4,5,1,1000,800,constant,complete,0,0,0.9839489934191493,3,0,0,,,mixture/5.0/4/5/1
5.0,4,5,1,1000,800,constant,average,0,0,0.7009142871634122,3,0,0,,,mixture/5.0/4/5/1
5.0,4,5,1,1000,800,constant,pam,0,0,0.5181258253553026,3,0,0,1,0,mixture/5.0/4/5/1
5.0,4,5,2,1000,800,constant,single,0,0,0.0006492228738109137,44,0,0,,,mixture/5.0/4/5/2
5.0,4,5,2,1000,800,constant,complete,0,0,0.2247724969146212,44,0,0,,,mixture/5.0/4/5/2
5.0,4,5,2,1000,800,constant,average,0,0,0.29829650612746667,44,0,0,,,mixture/5.0/4/5/2
5.0,4,5,2,1000,800,constant,pam,0,0,0.5546182203419356,44,0,0,1,0,mixture/5.0/4/5/2
5.0,4,5,3,1000,800,constant,single,0,0,0.00030056154048961766,3,0,0,,,mixture/5.0/4/5/3
5.0,4,5,3,1000,800,constant,complete,0,0,0.6301542440946002,3,0,0,,,mixture/5.0/4/5/3
5.0,4,5,3,1000,800,constant,average,0,0,0.7016340334348427,3,0,0,,,mixture/5.0/4/5/3
5.0,4,5,3,1000,800,constant,pam,0,0,0.80947392983222,3,0,0,1,0,mixture/5.0/4/5/3
5.0,4,5,4,1000,800,constant,single,0,0,7.296474063957993e-05,2,0,0,,,mixture/5.0/4/5/4
5.0,4,5,4,1000,800,constant,complete,0,0,0.9899163550483417,2,0,0,,,mixture/5.0/4/5/4
5.0,4,5,4,1000,800,constant,average,0,0,0.6929534321030764,2,0,0,,,mixture/5.0/4/5/4
5.0,4,5,4,1000,800,constant,pam,0,0,0.4425216488929565,2,0,0,1,0,mixture/5.0/4/5/4
5.0,4,5,5,1000,800,constant,single,0,0,0.49791465874367596,3,0,0,,,mixture/5.0/4/5/5
5.0,4,5,5,1000,800,constant,complete,0,1,1.0,3,0,0,,,mixture/5.0/4/5/5
5.0,4,5,5,1000,800,constant,average,0,0,0.4972393493094985,3,0,0,,,mixture/5.0/4/5/5
5.0,4,5,5,1000,800,constant,pam,0,0,0.6322518249920668,3,0,0,1,0,mixture/5.0/4/5/5
5.0,4,5,6,1000,800,constant,single,0,0,0.00020345820899425043,4,1,0,,,mixture/5.0/4/5/6
5.0,4,5,6,1000,800,constant,complete,0,0,0.555707015452998,4,1,0,,,mixture/5.0/4/5/6
5.0,4,5,6,1000,800,constant,average,0,0,0.30198610208734217,4,1,0,,,mixture/5.0/4/5/6
5.0,4,5,6,1000,800,constant,pam,0,0,0.5628999063701942,4,1,0,1,0,mixture/5.0/4/5/6
5.0,4,5,7,1000,800,constant,single,0,0,0.713527358064319,3,0,0,,,mixture/5.0/4/5/7
5.0,4,5,7,1000,800,constant,complete,0,1,1.0,3,0,0,,,mixture/5.0/4/5/7
5.0,4,5,7,1000,800,constant,average,0,1,1.0,3,0,0,,,mixture/5.0/4/5/7
5.0,4,5,7,1000,800,constant,pam,0,0,0.9933511468509578,3,0,0,1,0,mixture/5.0/4/5/7
5.0,4,5,8,1000,800,constant,single,0,0,0.00035802460268312305,5,0,0,,,mixture/5.0/4/5/8
5.0,4,5,8,1000,800,constant,complete,0,0,0.5608613929408409,5,0,0,,,mixture/5.0/4/5/8
5.0,4,5,8,1000,800,constant,average,0,0,0.30350767822341784,5,0,0,,,mixture/5.0/4/5/8
5.0,4,5,8,1000,800,constant,pam,0,0,0.6743331356208284,5,0,0,1,0,mixture/5.0/4/5/8
5.0,4,5,9,1000,800,constant,single,0,0,0.00022541311869322177,3,0,0,,,mixture/5.0/4/5/9
5.0,4,5,9,1000,800,constant,complete,0,1,1.0,3,0,0,,,mixture/5.0/4/5/9
5.0,4,5,9,1000,800,constant,average,0,0,0.49659992688777027,3,0,0,,,mixture/5.0/4/5/9
5.0,4,5,9,1000,800,constant,pam,0,0,0.7872798050127111,3,0,0,1,0,mixture/5.0/4/5/9
5.0,4,5,10,1000,800,constant,single,0,0,1.9307632358211157e-05,4,1,0,,,mixture/5.0/4/5/10
5.0,4,5,10,1000,800,constant,complete,0,1,1.0,4,1,1,,,mixture/5.0/4/5/10
5.0,4,5,10,1000,800,constant,average,0,0,0.7107084261817511,4,1,0,,,mixture/5.0/4/5/10
5.0,4,5,10,1000,800,constant,pam,0,0,0.9581620474490107,4,1,0,1,0,mixture/5.0/4/5/10
5.0,4,5,11,1000,800,constant,single,0,0,0.00012367179208533022,3,0,0,,,mixture/5.0/4/5/11
5.0,4,5,11,1000,800,constant,complete,0,0,0.6384619161882864,3,0,0,,,mixture/5.0/4/5/11
5.0,4,5,11,1000,800,constant,average,0,0,0.32995173124269794,3,0,0,,,mixture/5.0/4/5/11
5.0,4,5,11,1000,800,constant,pam,0,0,0.7781556980128301,3,0,0,1,0,mixture/5.0/4/5/11
5.0,4,5,12,1000,800,constant,single,0,0,9.554987762533898e-05,5,0,0,,,mixture/5.0/4/5/12
5.0,4,5,12,1000,800,constant,complete,0,0,0.6181541290807941,5,0,0,,,mixture/5.0/4/5/12
5.0,4,5,12,1000,800,constant,average,0,0,0.6980257981017386,5,0,0,,,mixture/5.0/4/5/12
5.0,4,5,12,1000,800,constant,pam,0,0,0.33182111966525396,5,0,0,1,0,mixture/5.0/4/5/12
5.0,4,5,13,1000,800,constant,single,0,0,3.781966223992431e-05,19,0,0,,,mixture/5.0/4/5/13
5.0,4,5,13,1000,800,constant,complete,0,0,0.6684667445987899,19,0,0,,,mixture/5.0/4/5/13
5.0,4,5,13,1000,800,constant,average,0,0,0.7018919908215282,19,0,0,,,mixture/5.0/4/5/13
5.0,4,5,13,1000,800,constant,pam,0,0,0.6925076438014304,19,0,0,1,0,mixture/5.0/4/5/13
5.0,4,5,14,1000,800,constant,single,0,0,0.0004347542599066966,4,1,0,,,mixture/5.0/4/5/14
5.0,4,5,14,1000,800,constant,complete,0,0,0.9966268670404402,4,1,0,,,mixture/5.0/4/5/14
5.0,4,5,14,1000,800,constant,average,0,0,0.7063304030998035,4,1,0,,,mixture/5.0/4/5/14
5.0,4,5,14,1000,800,constant,pam,0,0,0.9143271889018373,4,1,0,1,0,mixture/5.0/4/5/14
5.0,4,5,15,1000,800,constant,single,0,0,0.0001845444484633031,3,0,0,,,mixture/5.0/4/5/15
5.0,4,5,15,1000,800,constant,complete,0,1,1.0,3,0,0,,,mixture/5.0/4/5/15
5.0,4,5,15,1000,800,constant,average,0,1,1.0,3,0,0,,,mixture/5.0/4/5/15
5.0,4,5,15,1000,800,constant,pam,0,0,0.8998601894259591,3,0,0,1,0,mixture/5.0/4/5/15
5.0,4,5,16,1000,800,constant,single,0,0,0.0003548120481731834,4,1,0,,,mixture/5.0/4/5/16
5.0,4,5,16,1000,800,constant,complete,0,0,0.6850460909948796,4,1,0,,,mixture/5.0/4/5/16
5.0,4,5,16,1000,800,constant,average,0,0,0.6955489126132767,4,1,0,,,mixture/5.0/4/5/16
5.0,4,5,16,1000,800,constant,pam,0,0,0.8934791962574703,4,1,0,1,0,mixture/5.0/4/5/16
5.0,4,5,17,1000,800,constant,single,0,0,-2.0359304875496318e-05,4,1,0,,,mixture/5.0/4/5/17
5.0,4,5,17,1000,800,constant,complete,0,0,0.599215171675817,4,1,0,,,mixture/5.0/4/5/17
5.0,4,5,17,1000,800,constant,average,0,0,0.3366297212951041,4,1,0,,,mixture/5.0/4/5/17
5.0,4,5,17,1000,800,constant,pam,0,0,0.9290650899794188,4,1,0,1,0,mixture/5.0/4/5/17
5.0,4,5,18,1000,800,constant,single,0,0,7.902019682684407e-05,6,0,0,,,mixture/5.0/4/5/18
5.0,4,5,18,1000,800,constant,complete,0,0,0.9965580289748639,6,0,0,,,mixture/5.0/4/5/18
5.0,4,5,18,1000,800,constant,average,0,0,0.6978347334292665,6,0,0,,,mixture/5.0/4/5/18
5.0,4,5,18,1000,800,constant,pam,0,0,0.6148608532179243,6,0,0,1,0,mixture/5.0/4/5/18
5.0,4,5,19,1000,800,constant,single,0,0,2.24491454397785e-05,4,1,0,,,mixture/5.0/4/5/19
5.0,4,5,19,1000,800,constant,complete,0,1,1.0,4,1,1,,,mixture/5.0/4/5/19
5.0,4,5,19,1000,800,constant,average,0,0,0.49816539213628447,4,1,0,,,mixture/5.0/4/5/19
5.0,4,5,19,1000,800,constant,pam,0,0,0.259690428462967,4,1,0,1,0,mixture/5.0/4/5/19
5.0,4,5,20,1000,800,constant,single,0,0,0.00025731285877040764,3,0,0,,,mixture/5.0/4/5/20
5.0,4,5,20,1000,800,constant,complete,0,0,0.6454741323871314,3,0,0,,,mixture/5.0/4/5/20
5.0,4,5,20,1000,800,constant,average,0,0,0.7208823342824034,3,0,0,,,mixture/5.0/4/5/20
5.0,4,5,20,1000,800,constant,pam,0,0,0.8181994284149077,3,0,0,1,0,mixture/5.0/4/5/20
5.0,4,5,21,1000,800,constant,single,0,0,-0.0002267660878688864,4,1,0,,,mixture/5.0/4/5/21
5.0,4,5,21,1000,800,constant,complete,0,1,1.0,4,1,1,,,mixture/5.0/4/5/21
5.0,4,5,21,1000,800,constant,average,0,0,0.7230504616354517,4,1,0,,,mixture/5.0/4/5/21
5.0,4,5,21,1000,800,constant,pam,0,0,0.9474602579828432,4,1,0,1,0,mixture/5.0/4/5/21
5.0,4,5,22,1000,800,constant,single,0,0,2.0818300048228084e-05,2,0,0,,,mixture/5.0/4/5/22
5.0,4,5,22,1000,800,constant,complete,0,0,0.8537146487976646,2,0,0,,,mixture/5.0/4/5/22
5.0,4,5,22,1000,800,constant,average,0,0,0.3334269324642763,2,0,0,,,mixture/5.0/4/5/22
5.0,4,5,22,1000,800,constant,pam,0,0,0.5565714452336793,2,0,0,1,0,mixture/5.0/4/5/22
5.0,4,5,23,1000,800,constant,single,0,0,5.1673486673109274e-05,4,1,0,,,mixture/5.0/4/5/23
5.0,4,5,23,1000,800,constant,complete,0,1,1.0,4,1,1,,,mixture/5.0/4/5/23
5.0,4,5,23,1000,800,constant,average,0,1,1.0,4,1,1,,,mixture/5.0/4/5/23
5.0,4,5,23,1000,800,constant,pam,0,0,0.9527724580270075,4,1,0,1,0,mixture/5.0/4/5/23
5.0,4,5,24,1000,800,constant,single,0,0,-0.00010482959641603179,4,1,0,,,mixture/5.0/4/5/24
5.0,4,5,24,1000,800,constant,complete,0,0,0.9901326710359498,4,1,0,,,mixture/5.0/4/5/24
5.0,4,5,24,1000,800,constant,average,0,0,0.33545561619687964,4,1,0,,,mixture/5.0/4/5/24
5.0,4,5,24,1000,800,constant,pam,0,0,0.7064438662899293,4,1,0,1,0,mixture/5.0/4/5/24
5.0,4,5,25,1000,800,constant,single,0,0,2.9033207162314327e-06,3,0,0,,,mixture/5.0/4/5/25
5.0,4,5,25,1000,800,constant,complete,0,0,0.9130519975962507,3,0,0,,,mixture/5.0/4/5/25
5.0,4,5,25,1000,800,constant,average,0,0,0.7090819935402523,3,0,0,,,mixture/5.0/4/5/25
5.0,4,5,25,1000,800,constant,pam,0,0,0.8202385467260294,3,0,0,1,0,mixture/5.0/4/5/25
5.0,4,5,26,1000,800,constant,single,0,0,-4.781656556632291e-05,2,0,0,,,mixture/5.0/4/5/26
5.0,4,5,26,1000,800,constant,complete,0,1,1.0,2,0,0,,,mixture/5.0/4/5/26
5.0,4,5,26,1000,800,constant,average,0,1,1.0,2,0,0,,,mixture/5.0/4/5/26
5.0,4,5,26,1000,800,constant,pam,0,0,0.9533978712747253,2,0,0,1,0,mixture/5.0/4/5/26
5.0,4,5,27,1000,800,constant,single,0,0,-0.00041466141121572546,2,0,0,,,mixture/5.0/4/5/27
5.0,4,5,27,1000,800,constant,complete,0,0,0.6212288537095181,2,0,0,,,mixture/5.0/4/5/27
5.0,4,5,27,1000,800,constant,average,0,0,0.3168462879681172,2,0,0,,,mixture/5.0/4/5/27
5.0,4,5,27,1000,800,constant,pam,0,0,0.565658391705556,2,0,0,1,0,mixture/5.0/4/5/27
5.0,4,5,28,1000,800,constant,single,0,0,-1.1138987441930426e-06,4,1,0,,,mixture/5.0/4/5/28
5.0,4,5,28,1000,800,constant,complete,0,1,1.0,4,1,1,,,mixture/5.0/4/5/28
5.0,4,5,28,1000,800,constant,average,0,0,0.712502141942198,4,1,0,,,mixture/5.0/4/5/28
5.0,4,5,28,1000,800,constant,pam,0,0,0.9436436276346531,4,1,0,1,0,mixture/5.0/4/5/28
5.0,4,5,29,1000,800,constant,single,0,0,-0.00034789667640103305,3,0,0,,,mixture/5.0/4/5/29
5.0,4,5,29,1000,800,constant,complete,0,1,1.0,3,0,0,,,mixture/5.0/4/5/29
5.0,4,5,29,1000,800,constant,average,0,1,1.0,3,0,0,,,mixture/5.0/4/5/29
5.0,4,5,29,1000,800,constant,pam,0,0,0.925514923419997,3,0,0,1,0,mixture/5.0/4/5/29
5.0,5,5,0,1000,800,constant,single,0,0,-0.0005751341708759288,4,0,0,,,mixture/5.0/5/5/0
5.0,5,5,0,1000,800,constant,complete,0,0,0.9968465993487671,4,0,0,,,mixture/5.0/5/5/0
5.0,5,5,0,1000,800,constant,average,0,0,0.8010729642302836,4,0,0,,,mixture/5.0/5/5/0
5.0,5,5,0,1000,800,constant,pam,0,0,0.9223958084982989,4,0,0,1,0,mixture/5.0/5/5/0
5.0,5,5,1,1000,800,constant,single,0,0,0.0002715297949431608,5,1,0,,,mixture/5.0/5/5/1
5.0,5,5,1,1000,800,constant,complete,0,0,0.742452822580927,5,1,0,,,mixture/5.0/5/5/1
5.0,5,5,1,1000,800,constant,average,0,0,0.7925440344930468,5,1,0,,,mixture/5.0/5/5/1
5.0,5,5,1,1000,800,constant,pam,0,0,0.6646838116727928,5,1,0,1,0,mixture/5.0/5/5/1
5.0,5,5,2,1000,800,constant,single,0,0,0.00030407357990103466,7,0,0,,,mixture/5.0/5/5/2
5.0,5,5,2,1000,800,constant,complete,0,0,0.9968949349507059,7,0,0,,,mixture/5.0/5/5/2
5.0,5,5,2,1000,800,constant,average,0,0,0.7672757760703373,7,0,0,,,mixture/5.0/5/5/2
5.0,5,5,2,1000,800,constant,pam,0,0,0.8642741905079809,7,0,0,1,0,mixture/5.0/5/5/2
5.0,5,5,3,1000,800,constant,single,0,0,-0.00020449202222395506,3,0,0,,,mixture/5.0/5/5/3
5.0,5,5,3,1000,800,constant,complete,0,1,1.0,3,0,0,,,mixture/5.0/5/5/3
5.0,5,5,3,1000,800,constant,average,0,0,0.6077808671975299,3,0,0,,,mixture/5.0/5/5/3
5.0,5,5,3,1000,800,constant,pam,0,0,0.822977510430802,3,0,0,1,0,mixture/5.0/5/5/3
5.0,5,5,4,1000,800,constant,single,0,0,0.2126269013908431,6,0,0,,,mixture/5.0/5/5/4
5.0,5,5,4,1000,800,constant,complete,0,0,0.7628878880181676,6,0,0,,,mixture/5.0/5/5/4
5.0,5,5,4,1000,800,constant,average,0,0,0.47474847482926286,6,0,0,,,mixture/5.0/5/5/4
5.0,5,5,4,1000,800,constant,pam,0,0,0.9628654460045015,6,0,0,1,0,mixture/5.0/5/5/4
5.0,5,5,5,1000,800,constant,single,0,0,-0.0002515884631927869,16,0,0,,,mixture/5.0/5/5/5
5.0,5,5,5,1000,800,constant,complete,0,0,0.9782868997961002,16,0,0,,,mixture/5.0/5/5/5
5.0,5,5,5,1000,800,constant,average,0,0,0.48515821604998427,16,0,0,,,mixture/5.0/5/5/5
5.0,5,5,5,1000,800,constant,pam,0,0,0.6893830530485092,16,0,0,1,0,mixture/5.0/5/5/5
5.0,5,5,6,1000,800,constant,single,0,0,-0.00010920676814192681,4,0,0,,,mixture/5.0/5/5/6
5.0,5,5,6,1000,800,constant,complete,0,0,0.39265760068160216,4,0,0,,,mixture/5.0/5/5/6
5.0,5,5,6,1000,800,constant,average,0,0,0.4653577896702036,4,0,0,,,mixture/5.0/5/5/6
5.0,5,5,6,1000,800,constant,pam,0,0,0.7817915008204698,4,0,0,1,0,mixture/5.0/5/5/6
5.0,5,5,7,1000,800,constant,single,0,0,0.00021960407965479508,28,0,0,,,mixture/5.0/5/5/7
5.0,5,5,7,1000,800,constant,complete,0,0,0.6973662881010423,28,0,0,,,mixture/5.0/5/5/7
5.0,5,5,7,1000,800,constant,average,0,0,0.19901976295203236,28,0,0,,,mixture/5.0/5/5/7
5.0,5,5,7,1000,800,constant,pam,0,0,0.6372260619373007,28,0,0,1,0,mixture/5.0/5/5/7
5.0,5,5,8,1000,800,constant,single,0,0,0.00016591410531789446,4,0,0,,,mixture/5.0/5/5/8
5.0,5,5,8,1000,800,constant,complete,0,0,0.9937987567905004,4,0,0,,,mixture/5.0/5/5/8
5.0,5,5,8,1000,800,constant,average,0,0,0.20727928884919797,4,0,0,,,mixture/5.0/5/5/8
5.0,5,5,8,1000,800,constant,pam,0,0,0.7004740822835738,4,0,0,0,1,mixture/5.0/5/5/8
5.0,5,5,9,1000,800,constant,single,0,0,-7.002730983243324e-05,3,0,0,,,mixture/5.0/5/5/9
5.0,5,5,9,1000,800,constant,complete,0,0,0.36884750234821484,3,0,0,,,mixture/5.0/5/5/9
5.0,5,5,9,1000,800,constant,average,0,0,0.4771871348306477,3,0,0,,,mixture/5.0/5/5/9
5.0,5,5,9,1000,800,constant,pam,0,0,0.5048447481195829,3,0,0,1,0,mixture/5.0/5/5/9
5.0,5,5,10,1000,800,constant,single,0,0,0.0005773447805693381,4,0,0,,,mixture/5.0/5/5/10
5.0,5,5,10,1000,800,constant,complete,0,0,0.5826499504708511,4,0,0,,,mixture/5.0/5/5/10
5.0,5,5,10,1000,800,constant,average,0,0,0.4644848334134232,4,0,0,,,mixture/5.0/5/5/10
5.0,5,5,10,1000,800,constant,pam,0,0,0.6302972315067039,4,0,0,1,0,mixture/5.0/5/5/10
5.0,5,5,11,1000,800,constant,single,0,0,-5.615775453181954e-05,6,0,0,,,mixture/5.0/5/5/11
5.0,5,5,11,1000,800,constant,complete,0,0,0.7216972495495805,6,0,0,,,mixture/5.0/5/5/11
5.0,5,5,11,1000,800,constant,average,0,0,0.4766693885705633,6,0,0,,,mixture/5.0/5/5/11
5.0,5,5,11,1000,800,constant,pam,0,0,0.8939550885047526,6,0,0,1,0,mixture/5.0/5/5/11
5.0,5,5,12,1000,800,constant,single,0,0,0.22060007613194038,3,0,0,,,mixture/5.0/5/5/12
5.0,5,5,12,1000,800,constant,complete,0,0,0.990843720242238,3,0,0,,,mixture/5.0/5/5/12
5.0,5,5,12,1000,800,constant,average,0,0,0.4920523675185258,3,0,0,,,mixture/5.0/5/5/12
5.0,5,5,12,1000,800,constant,pam,0,0,0.81123294239792,3,0,0,1,0,mixture/5.0/5/5/12
5.0,5,5,13,1000,800,constant,single,0,0,3.743513216067139e-05,4,0,0,,,mixture/5.0/5/5/13
5.0,5,5,13,1000,800,constant,complete,0,0,0.9970369083464778,4,0,0,,,mixture/5.0/5/5/13
5.0,5,5,13,1000,800,constant,average,0,0,0.7977628220260289,4,0,0,,,mixture/5.0/5/5/13
5.0,5,5,13,1000,800,constant,pam,0,0,0.9231369627373772,4,0,0,1,0,mixture/5.0/5/5/13
5.0,5,5,14,1000,800,constant,single,0,0,-1.008280070301051e-05,3,0,0,,,mixture/5.0/5/5/14
5.0,5,5,14,1000,800,constant,complete,0,0,0.9906628685926034,3,0,0,,,mixture/5.0/5/5/14
5.0,5,5,14,1000,800,constant,average,0,0,0.6197343550121875,3,0,0,,,mixture/5.0/5/5/14
5.0,5,5,14,1000,800,constant,pam,0,0,0.8517424203834425,3,0,0,1,0,mixture/5.0/5/5/14
5.0,5,5,15,1000,800,constant,single,0,0,-0.00016293194757190023,2,0,0,,,mixture/5.0/5/5/15
5.0,5,5,15,1000,800,constant,complete,0,0,0.717310200862918,2,0,0,,,mixture/5.0/5/5/15
5.0,5,5,15,1000,800,constant,average,0,0,0.6099541600281729,2,0,0,,,mixture/5.0/5/5/15
5.0,5,5,15,1000,800,constant,pam,0,0,0.44964711821889325,2,0,0,1,0,mixture/5.0/5/5/15
5.0,5,5,16,1000,800,constant,single,0,0,0.2063217699939196,5,1,0,,,mixture/5.0/5/5/16
5.0,5,5,16,1000,800,constant,complete,0,1,1.0,5,1,1,,,mixture/5.0/5/5/16
5.0,5,5,16,1000,800,constant,average,0,1,1.0,5,1,1,,,mixture/5.0/5/5/16
5.0,5,5,16,1000,800,constant,pam,0,0,0.9905283396306992,5,1,0,1,0,mixture/5.0/5/5/16
5.0,5,5,17,1000,800,constant,single,0,0,-0.00029734475393094627,5,1,0,,,mixture/5.0/5/5/17
5.0,5,5,17,1000,800,constant,complete,0,0,0.390479560063326,5,1,0,,,mixture/5.0/5/5/17
5.0,5,5,17,1000,800,constant,average,0,0,0.22207180225611195,5,1,0,,,mixture/5.0/5/5/17
5.0,5,5,17,1000,800,constant,pam,0,0,0.4737020228390269,5,1,0,1,0,mixture/5.0/5/5/17
5.0,5,5,18,1000,800,constant,single,0,0,-1.014270688518402e-05,4,0,0,,,mixture/5.0/5/5/18
5.0,5,5,18,1000,800,constant,complete,0,0,0.92284934921673,4,0,0,,,mixture/5.0/5/5/18
5.0,5,5,18,1000,800,constant,average,0,0,0.19087089598659443,4,0,0,,,mixture/5.0/5/5/18
5.0,5,5,18,1000,800,constant,pam,0,0,0.6282251705763576,4,0,0,1,0,mixture/5.0/5/5/18
5.0,5,5,19,1000,800,constant,single,0,0,0.0006516092549693482,3,0,0,,,mixture/5.0/5/5/19
5.0,5,5,19,1000,800,constant,complete,0,0,0.7194781777708725,3,0,0,,,mixture/5.0/5/5/19
5.0,5,5,19,1000,800,constant,average,0,0,0.7662512022458788,3,0,0,,,mixture/5.0/5/5/19
5.0,5,5,19,1000,800,constant,pam,0,0,0.6337051998871974,3,0,0,1,0,mixture/5.0/5/5/19
5.0,5,5,20,1000,800,constant,single,0,0,-6.527086650438872e-06,8,0,0,,,mixture/5.0/5/5/20
5.0,5,5,20,1000,800,constant,complete,0,0,0.9028982389806509,8,0,0,,,mixture/5.0/5/5/20
5.0,5,5,20,1000,800,constant,average,0,0,0.45760544062954345,8,0,0,,,mixture/5.0/5/5/20
5.0,5,5,20,1000,800,constant,pam,0,0,0.6716292582970704,8,0,0,1,0,mixture/5.0/5/5/20
5.0,5,5,21,1000,800,constant,single,0,0,0.00033462268321717063,11,0,0,,,mixture/5.0/5/5/21
5.0,5,5,21,1000,800,constant,complete,0,0,0.7568168353117303,11,0,0,,,mixture/5.0/5/5/21
5.0,5,5,21,1000,800,constant,average,0,0,0.47273996284781156,11,0,0,,,mixture/5.0/5/5/21
5.0,5,5,21,1000,800,constant,pam,0,0,0.8291300166563845,11,0,0,1,0,mixture/5.0/5/5/21
5.0,5,5,22,1000,800,constant,single,0,0,-0.000121050901828201,4,0,0,,,mixture/5.0/5/5/22
5.0,5,5,22,1000,800,constant,complete,0,0,0.9967682636250618,4,0,0,,,mixture/5.0/5/5/22
5.0,5,5,22,1000,800,constant,average,0,0,0.7958291803086712,4,0,0,,,mixture/5.0/5/5/22
5.0,5,5,22,1000,800,constant,pam,0,0,0.8633415243439863,4,0,0,1,0,mixture/5.0/5/5/22
5.0,5,5,23,1000,800,constant,single,0,0,0.0007192066719804802,5,1,0,,,mixture/5.0/5/5/23
5.0,5,5,23,1000,800,constant,complete,0,0,0.7018901460648964,5,1,0,,,mixture/5.0/5/5/23
5.0,5,5,23,1000,800,constant,average,0,0,0.4502710467031999,5,1,0,,,mixture/5.0/5/5/23
5.0,5,5,23,1000,800,constant,pam,0,0,0.5148835989820404,5,1,0,1,0,mixture/5.0/5/5/23
5.0,5,5,24,1000,800,constant,single,0,0,0.00034605615247982246,3,0,0,,,mixture/5.0/5/5/24
5.0,5,5,24,1000,800,constant,complete,0,0,0.9910618938756941,3,0,0,,,mixture/5.0/5/5/24
5.0,5,5,24,1000,800,constant,average,0,0,0.5015062024986351,3,0,0,,,mixture/5.0/5/5/24
5.0,5,5,24,1000,800,constant,pam,0,0,0.8466784942366056,3,0,0,1,0,mixture/5.0/5/5/24
5.0,5,5,25,1000,800,constant,single,0,0,0.00024256905274414018,3,0,0,,,mixture/5.0/5/5/25
5.0,5,5,25,1000,800,constant,complete,0,0,0.7122572305003771,3,0,0,,,mixture/5.0/5/5/25
5.0,5,5,25,1000,800,constant,average,0,0,0.43298400403025117,3,0,0,,,mixture/5.0/5/5/25
5.0,5,5,25,1000,800,constant,pam,0,0,0.764196252768974,3,0,0,1,0,mixture/5.0/5/5/25
5.0,5,5,26,1000,800,constant,single,0,0,0.00019824103353210967,10,0,0,,,mixture/5.0/5/5/26
5.0,5,5,26,1000,800,constant,complete,0,0,0.996936459056211,10,0,0,,,mixture/5.0/5/5/26
5.0,5,5,26,1000,800,constant,average,0,0,0.7650108449623347,10,0,0,,,mixture/5.0/5/5/26
5.0,5,5,26,1000,800,constant,pam,0,0,0.8564114499886012,10,0,0,1,0,mixture/5.0/5/5/26
5.0,5,5,27,1000,800,constant,single,0,0,-0.00032755762416182446,3,0,0,,,mixture/5.0/5/5/27
5.0,5,5,27,1000,800,constant,complete,0,0,0.7472630031222386,3,0,0,,,mixture/5.0/5/5/27
5.0,5,5,27,1000,800,constant,average,0,0,0.4940627665282047,3,0,0,,,mixture/5.0/5/5/27
5.0,5,5,27,1000,800,constant,pam,0,0,0.9506939426658539,3,0,0,1,0,mixture/5.0/5/5/27
5.0,5,5,28,1000,800,constant,single,0,0,0.000569635252,4,0,0,,,mixture/5.0/5/5/28
5.0,5,5,28,1000,800,constant,complete,0,1,1.0,4,0,0,,,mixture/5.0/5/5/28
5.0,5,5,28,1000,800,constant,average,0,0,0.7915492719061533,4,0,0,,,mixture/5.0/5/5/28
5.0,5,5,28,1000,800,constant,pam,0,0,0.6768214837015144,4,0,0,1,0,mixture/5.0/5/5/28
5.0,5,5,29,1000,800,constant,single,0,0,3.22576780194544e-06,3,0,0,,,mixture/5.0/5/5/29
5.0,5,5,29,1000,800,constant,complete,0,1,1.0,3,0,0,,,mixture/5.0/5/5/29
5.0,5,5,29,1000,800,constant,average,0,0,0.766465947882759,3,0,0,,,mixture/5.0/5/5/29
5.0,5,5,29,1000,800,constant,pam,0,0,0.9846830677288085,3,0,0,1,0,mixture/5.0/5/5/29
5.0,6,5,0,1000,800,constant,single,0,0,0.0005146308014700691,9,0,0,,,mixture/5.0/6/5/0
5.0,6,5,0,1000,800,constant,complete,0,0,0.782334679824307,9,0,0,,,mixture/5.0/6/5/0
5.0,6,5,0,1000,800,constant,average,0,0,0.5278022715794748,9,0,0,,,mixture/5.0/6/5/0
5.0,6,5,0,1000,800,constant,pam,0,0,0.8842082937867451,9,0,0,1,0,mixture/5.0/6/5/0
5.0,6,5,1,1000,800,constant,single,0,0,-0.0004971073696612959,21,0,0,,,mixture/5.0/6/5/1
5.0,6,5,1,1000,800,constant,complete,0,0,0.7691119574468371,21,0,0,,,mixture/5.0/6/5/1
5.0,6,5,1,1000,800,constant,average,0,0,0.4654049943813027,21,0,0,,,mixture/5.0/6/5/1
5.0,6,5,1,1000,800,constant,pam,0,0,0.5616876542836216,21,0,0,1,0,mixture/5.0/6/5/1
5.0,6,5,2,1000,800,constant,single,0,0,0.0005093275768733616,5,0,0,,,mixture/5.0/6/5/2
5.0,6,5,2,1000,800,constant,complete,0,0,0.8631691347850357,5,0,0,,,mixture/5.0/6/5/2
5.0,6,5,2,1000,800,constant,average,0,0,0.5670126467233939,5,0,0,,,mixture/5.0/6/5/2
5.0,6,5,2,1000,800,constant,pam,0,0,0.7070031978335212,5,0,0,1,0,mixture/5.0/6/5/2
5.0,6,5,3,1000,800,constant,single,0,0,-0.0004847974087952731,10,0,0,,,mixture/5.0/6/5/3
5.0,6,5,3,1000,800,constant,complete,0,0,0.725992225872583,10,0,0,,,mixture/5.0/6/5/3
5.0,6,5,3,1000,800,constant,average,0,0,0.6699039765822569,10,0,0,,,mixture/5.0/6/5/3
5.0,6,5,3,1000,800,constant,pam,0,0,0.6787312784299356,10,0,0,1,0,mixture/5.0/6/5/3
5.0,6,5,4,1000,800,constant,single,0,0,-0.0009168530571348614,5,0,0,,,mixture/5.0/6/5/4
5.0,6,5,4,1000,800,constant,complete,0,0,0.6257974629222731,5,0,0,,,mixture/5.0/6/5/4
5.0,6,5,4,1000,800,constant,average,0,0,0.35509195746232236,5,0,0,,,mixture/5.0/6/5/4
5.0,6,5,4,1000,800,constant,pam,0,0,0.6855409671868254,5,0,0,1,0,mixture/5.0/6/5/4
5.0,6,5,5,1000,800,constant,single,0,0,8.102121559303405e-05,32,0,0,,,mixture/5.0/6/5/5
5.0,6,5,5,1000,800,constant,complete,0,0,0.8959863346766495,32,0,0,,,mixture/5.0/6/5/5
5.0,6,5,5,1000,800,constant,average,0,0,0.5715680927447119,32,0,0,,,mixture/5.0/6/5/5
5.0,6,5,5,1000,800,constant,pam,0,0,0.628387759118295,32,0,0,1,0,mixture/5.0/6/5/5
5.0,6,5,6,1000,800,constant,single,0,0,-0.00030511269125588653,3,0,0,,,mixture/5.0/6/5/6
5.0,6,5,6,1000,800,constant,complete,0,0,0.6291178432275083,3,0,0,,,mixture/5.0/6/5/6
5.0,6,5,6,1000,800,constant,average,0,0,0.36427047645037114,3,0,0,,,mixture/5.0/6/5/6
5.0,6,5,6,1000,800,constant,pam,0,0,0.8682038144351095,3,0,0,1,0,mixture/5.0/6/5/6
5.0,6,5,7,1000,800,constant,single,0,0,3.1351852730795635e-05,3,0,0,,,mixture/5.0/6/5/7
5.0,6,5,7,1000,800,constant,complete,0,0,0.9969254525630735,3,0,0,,,mixture/5.0/6/5/7
5.0,6,5,7,1000,800,constant,average,0,0,0.6700103768586926,3,0,0,,,mixture/5.0/6/5/7
5.0,6,5,7,1000,800,constant,pam,0,0,0.8304154779123486,3,0,0,1,0,mixture/5.0/6/5/7
5.0,6,5,8,1000,800,constant,single,0,0,1.4005495358064653e-05,9,0,0,,,mixture/5.0/6/5/8
5.0,6,5,8,1000,800,constant,complete,0,0,0.6354618784511207,9,0,0,,,mixture/5.0/6/5/8
5.0,6,5,8,1000,800,constant,average,0,0,0.6801178152927869,9,0,0,,,mixture/5.0/6/5/8
5.0,6,5,8,1000,800,constant,pam,0,0,0.7688614298570596,9,0,0,1,0,mixture/5.0/6/5/8
5.0,6,5,9,1000,800,constant,single,0,0,0.0008606204322905678,2,0,0,,,mixture/5.0/6/5/9
5.0,6,5,9,1000,800,constant,complete,0,0,0.5331615175464982,2,0,0,,,mixture/5.0/6/5/9
5.0,6,5,9,1000,800,constant,average,0,0,0.11688032415767015,2,0,0,,,mixture/5.0/6/5/9
5.0,6,5,9,1000,800,constant,pam,0,0,0.5675541025636632,2,0,0,1,0,mixture/5.0/6/5/9
5.0,6,5,10,1000,800,constant,single,0,0,-0.00033109368915685606,4,0,0,,,mixture/5.0/6/5/10
5.0,6,5,10,1000,800,constant,complete,0,0,0.7984084301633249,4,0,0,,,mixture/5.0/6/5/10
5.0,6,5,10,1000,800,constant,average,0,0,0.3386834968204369,4,0,0,,,mixture/5.0/6/5/10
5.0,6,5,10,1000,800,constant,pam,0,0,0.8310929026214432,4,0,0,1,0,mixture/5.0/6/5/10
5.0,6,5,11,1000,800,constant,single,0,0,0.000671732013453263,3,0,0,,,mixture/5.0/6/5/11
5.0,6,5,11,1000,800,constant,complete,0,0,0.5440429368158295,3,0,0,,,mixture/5.0/6/5/11
5.0,6,5,11,1000,800,constant,average,0,0,0.3154176166134849,3,0,0,,,mixture/5.0/6/5/11
5.0,6,5,11,1000,800,constant,pam,0,0,0.7233031427586605,3,0,0,1,0,mixture/5.0/6/5/11
5.0,6,5,12,1000,800,constant,single,0,0,-9.938005507057575e-05,6,1,0,,,mixture/5.0/6/5/12
5.0,6,5,12,1000,800,constant,complete,0,0,0.6219343667863131,6,1,0,,,mixture/5.0/6/5/12
5.0,6,5,12,1000,800,constant,average,0,0,0.4687876728964805,6,1,0,,,mixture/5.0/6/5/12
5.0,6,5,12,1000,800,constant,pam,0,0,0.8366126202742541,6,1,0,1,0,mixture/5.0/6/5/12
5.0,6,5,13,1000,800,constant,single,0,0,-0.0001323431098671622,34,0,0,,,mixture/5.0/6/5/13
5.0,6,5,13,1000,800,constant,complete,0,0,0.8030012839511249,34,0,0,,,mixture/5.0/6/5/13
5.0,6,5,13,1000,800,constant,average,0,0,0.6822346203232109,34,0,0,,,mixture/5.0/6/5/13
5.0,6,5,13,1000,800,constant,pam,0,0,0.6077452823975874,34,0,0,1,0,mixture/5.0/6/5/13
5.0,6,5,14,1000,800,constant,single,0,0,0.0005868739785006896,25,0,0,,,mixture/5.0/6/5/14
5.0,6,5,14,1000,800,constant,complete,0,0,0.6273244452064144,25,0,0,,,mixture/5.0/6/5/14
5.0,6,5,14,1000,800,constant,average,0,0,0.00496148751106878,25,0,0,,,mixture/5.0/6/5/14
5.0,6,5,14,1000,800,constant,pam,0,0,0.6060387335661215,25,0,0,1,0,mixture/5.0/6/5/14
5.0,6,5,15,1000,800,constant,single,0,0,-0.00017330189688433213,5,0,0,,,mixture/5.0/6/5/15
5.0,6,5,15,1000,800,constant,complete,0,0,0.6152041259154651,5,0,0,,,mixture/5.0/6/5/15
5.0,6,5,15,1000,800,constant,average,0,0,0.323924055961496,5,0,0,,,mixture/5.0/6/5/15
5.0,6,5,15,1000,800,constant,pam,0,0,0.6791660732331586,5,0,0,1,0,mixture/5.0/6/5/15
5.0,6,5,16,1000,800,constant,single,0,0,-0.0004103968353254191,5,0,0,,,mixture/5.0/6/5/16
5.0,6,5,16,1000,800,constant,complete,0,0,0.8101730857383825,5,0,0,,,mixture/5.0/6/5/16
5.0,6,5,16,1000,800,constant,average,0,0,0.3837494476389318,5,0,0,,,mixture/5.0/6/5/16
5.0,6,5,16,1000,800,constant,pam,0,0,0.9467806324097994,5,0,0,1,0,mixture/5.0/6/5/16
5.0,6,5,17,1000,800,constant,single,0,0,0.0004676708796386,6,1,0,,,mixture/5.0/6/5/17
5.0,6,5,17,1000,800,constant,complete,0,0,0.5142693537829749,6,1,0,,,mixture/5.0/6/5/17
5.0,6,5,17,1000,800,constant,average,0,0,0.12406587579304656,6,1,0,,,mixture/5.0/6/5/17
5.0,6,5,17,1000,800,constant,pam,0,0,0.7589731109222673,6,1,0,1,0,mixture/5.0/6/5/17
5.0,6,5,18,1000,800,constant,single,0,0,-0.00042765222326476816,14,0,0,,,mixture/5.0/6/5/18
5.0,6,5,18,1000,800,constant,complete,0,0,0.7699050253734321,14,0,0,,,mixture/5.0/6/5/18
5.0,6,5,18,1000,800,constant,average,0,0,0.5959330891986283,14,0,0,,,mixture/5.0/6/5/18
5.0,6,5,18,1000,800,constant,pam,0,0,0.7809145057751513,14,0,0,1,0,mixture/5.0/6/5/18
5.0,6,5,19,1000,800,constant,single,0,0,-0.00019818423124460098,5,0,0,,,mixture/5.0/6/5/19
5.0,6,5,19,1000,800,constant,complete,0,0,0.9600006768526752,5,0,0,,,mixture/5.0/6/5/19
5.0,6,5,19,1000,800,constant,average,0,0,0.6513255386458957,5,0,0,,,mixture/5.0/6/5/19
5.0,6,5,19,1000,800,constant,pam,0,0,0.6997641555091932,5,0,0,1,0,mixture/5.0/6/5/19
5.0,6,5,20,1000,800,constant,single,0,0,0.000773749928466134,4,0,0,,,mixture/5.0/6/5/20
5.0,6,5,20,1000,800,constant,complete,0,0,0.7863182985109658,4,0,0,,,mixture/5.0/6/5/20
5.0,6,5,20,1000,800,constant,average,0,0,0.5747673447007597,4,0,0,,,mixture/5.0/6/5/20
5.0,6,5,20,1000,800,constant,pam,0,0,0.8105509393031983,4,0,0,1,0,mixture/5.0/6/5/20
5.0,6,5,21,1000,800,constant,single,0,0,-0.00038461065386650274,2,0,0,,,mixture/5.0/6/5/21
5.0,6,5,21,1000,800,constant,complete,0,0,0.8291139834300693,2,0,0,,,mixture/5.0/6/5/21
5.0,6,5,21,1000,800,constant,average,0,0,0.32539685779861777,2,0,0,,,mixture/5.0/6/5/21
5.0,6,5,21,1000,800,constant,pam,0,0,0.4862005464052111,2,0,0,1,0,mixture/5.0/6/5/21
5.0,6,5,22,1000,800,constant,single,0,0,0.00019562683442181285,3,0,0,,,mixture/5.0/6/5/22
5.0,6,5,22,1000,800,constant,complete,0,0,0.973114840411963,3,0,0,,,mixture/5.0/6/5/22
5.0,6,5,22,1000,800,constant,average,0,0,0.8074891172550009,3,0,0,,,mixture/5.0/6/5/22
5.0,6,5,22,1000,800,constant,pam,0,0,0.7288170422433055,3,0,0,1,0,mixture/5.0/6/5/22
5.0,6,5,23,1000,800,constant,single,0,0,-0.00016844979616667974,7,0,0,,,mixture/5.0/6/5/23
5.0,6,5,23,1000,800,constant,complete,0,0,0.6457276809796519,7,0,0,,,mixture/5.0/6/5/23
5.0,6,5,23,1000,800,constant,average,0,0,0.3705702715580262,7,0,0,,,mixture/5.0/6/5/23
5.0,6,5,23,1000,800,constant,pam,0,0,0.8021431735596489,7,0,0,1,0,mixture/5.0/6/5/23
5.0,6,5,24,1000,800,constant,single,0,0,0.00013550267436673562,4,0,0,,,mixture/5.0/6/5/24
5.0,6,5,24,1000,800,constant,complete,0,0,0.7800258496945899,4,0,0,,,mixture/5.0/6/5/24
5.0,6,5,24,1000,800,constant,average,0,0,0.5674006106223899,4,0,0,,,mixture/5.0/6/5/24
5.0,6,5,24,1000,800,constant,pam,0,0,0.8395938688043166,4,0,0,1,0,mixture/5.0/6/5/24
5.0,6,5,25,1000,800,constant,single,0,0,-0.00017217530576085614,9,0,0,,,mixture/5.0/6/5/25
5.0,6,5,25,1000,800,constant,complete,0,0,0.7574265991864767,9,0,0,,,mixture/5.0/6/5/25
5.0,6,5,25,1000,800,constant,average,0,0,0.3135258069534505,9,0,0,,,mixture/5.0/6/5/25
5.0,6,5,25,1000,800,constant,pam,0,0,0.6180094573436001,9,0,0,1,0,mixture/5.0/6/5/25
5.0,6,5,26,1000,800,constant,single,0,0,0.00028879190029765006,4,0,0,,,mixture/5.0/6/5/26
5.0,6,5,26,1000,800,constant,complete,0,0,0.9564519984399078,4,0,0,,,mixture/5.0/6/5/26
5.0,6,5,26,1000,800,constant,average,0,0,0.46145592190727136,4,0,0,,,mixture/5.0/6/5/26
5.0,6,5,26,1000,800,constant,pam,0,0,0.750730773285113,4,0,0,1,0,mixture/5.0/6/5/26
5.0,6,5,27,1000,800,constant,single,0,0,-1.5528583584220178e-05,12,0,0,,,mixture/5.0/6/5/27
5.0,6,5,27,1000,800,constant,complete,0,0,0.8328867968120456,12,0,0,,,mixture/5.0/6/5/27
5.0,6,5,27,1000,800,constant,average,0,0,0.4641592689844516,12,0,0,,,mixture/5.0/6/5/27
5.0,6,5,27,1000,800,constant,pam,0,0,0.5717129569319918,12,0,0,1,0,mixture/5.0/6/5/27
5.0,6,5,28,1000,800,constant,single,0,0,0.0005340492058672621,4,0,0,,,mixture/5.0/6/5/28
5.0,6,5,28,1000,800,constant,complete,0,0,0.9858024483600937,4,0,0,,,mixture/5.0/6/5/28
5.0,6,5,28,1000,800,constant,average,0,0,0.8483870759224708,4,0,0,,,mixture/5.0/6/5/28
5.0,6,5,28,1000,800,constant,pam,0,0,0.8933256502745178,4,0,0,1,0,mixture/5.0/6/5/28
5.0,6,5,29,1000,800,constant,single,0,0,0.00037488272291742107,2,0,0,,,mixture/5.0/6/5/29
5.0,6,5,29,1000,800,constant,complete,0,0,0.4985577464449033,2,0,0,,,mixture/5.0/6/5/29
5.0,6,5,29,1000,800,constant,average,0,0,0.2927438197976053,2,0,0,,,mixture/5.0/6/5/29
5.0,6,5,29,1000,800,constant,pam,0,0,0.41999559981013107,2,0,0,1,0,mixture/5.0/6/5/29
5.0,7,5,0,1000,800,constant,single,0,0,-0.00012568802350057797,8,0,0,,,mixture/5.0/7/5/0
5.0,7,5,0,1000,800,constant,complete,0,0,0.8166011058208081,8,0,0,,,mixture/5.0/7/5/0
5.0,7,5,0,1000,800,constant,average,0,0,0.6472177752934138,8,0,0,,,mixture/5.0/7/5/0
5.0,7,5,0,1000,800,constant,pam,0,0,0.9595711494618893,8,0,0,1,0,mixture/5.0/7/5/0
5.0,7,5,1,1000,800,constant,single,0,0,0.0003986617740616334,5,0,0,,,mixture/5.0/7/5/1
5.0,7,5,1,1000,800,constant,complete,0,0,0.822817474729331,5,0,0,,,mixture/5.0/7/5/1
5.0,7,5,1,1000,800,constant,average,0,0,0.6399280023273006,5,0,0,,,mixture/5.0/7/5/1
5.0,7,5,1,1000,800,constant,pam,0,0,0.7021204319982159,5,0,0,1,0,mixture/5.0/7/5/1
5.0,7,5,2,1000,800,constant,single,0,0,0.00018467239048167115,4,0,0,,,mixture/5.0/7/5/2
5.0,7,5,2,1000,800,constant,complete,0,0,0.7066674572868354,4,0,0,,,mixture/5.0/7/5/2
5.0,7,5,2,1000,800,constant,average,0,0,0.4353970268465933,4,0,0,,,mixture/5.0/7/5/2
5.0,7,5,2,1000,800,constant,pam,0,0,0.8538518169807874,4,0,0,1,0,mixture/5.0/7/5/2
5.0,7,5,3,1000,800,constant,single,0,0,0.0003351171160969319,5,0,0,,,mixture/5.0/7/5/3
5.0,7,5,3,1000,800,constant,complete,0,0,0.798521452076923,5,0,0,,,mixture/5.0/7/5/3
5.0,7,5,3,1000,800,constant,average,0,0,0.5859944470119978,5,0,0,,,mixture/5.0/7/5/3
5.0,7,5,3,1000,800,constant,pam,0,0,0.6453703071875859,5,0,0,1,0,mixture/5.0/7/5/3
5.0,7,5,4,1000,800,constant,single,0,0,-1.1211631604935919e-05,15,0,0,,,mixture/5.0/7/5/4
5.0,7,5,4,1000,800,constant,complete,0,0,0.660732190994297,15,0,0,,,mixture/5.0/7/5/4
5.0,7,5,4,1000,800,constant,average,0,0,0.5400293328022289,15,0,0,,,mixture/5.0/7/5/4
5.0,7,5,4,1000,800,constant,pam,0,0,0.7180914563618722,15,0,0,1,0,mixture/5.0/7/5/4
5.0,7,5,5,1000,800,constant,single,0,0,0.0002653113045136796,4,0,0,,,mixture/5.0/7/5/5
5.0,7,5,5,1000,800,constant,complete,0,0,0.98834706951356,4,0,0,,,mixture/5.0/7/5/5
5.0,7,5,5,1000,800,constant,average,0,0,0.8441572832332276,4,0,0,,,mixture/5.0/7/5/5
5.0,7,5,5,1000,800,constant,pam,0,0,0.7977089599040914,4,0,0,1,0,mixture/5.0/7/5/5
5.0,7,5,6,1000,800,constant,single,0,0,0.0002617453226281749,11,0,0,,,mixture/5.0/7/5/6
5.0,7,5,6,1000,800,constant,complete,0,0,0.8065785529956211,11,0,0,,,mixture/5.0/7/5/6
5.0,7,5,6,1000,800,constant,average,0,0,0.6164923748151208,11,0,0,,,mixture/5.0/7/5/6
5.0,7,5,6,1000,800,constant,pam,0,0,0.8886289336263178,11,0,0,1,0,mixture/5.0/7/5/6
5.0,7,5,7,1000,800,constant,single,0,0,-0.00032125496490032645,15,0,0,,,mixture/5.0/7/5/7
5.0,7,5,7,1000,800,constant,complete,0,0,0.8454740377969227,15,0,0,,,mixture/5.0/7/5/7
5.0,7,5,7,1000,800,constant,average,0,0,0.8541541434043747,15,0,0,,,mixture/5.0/7/5/7
5.0,7,5,7,1000,800,constant,pam,0,0,0.6567238800245553,15,0,0,1,0,mixture/5.0/7/5/7
5.0,7,5,8,1000,800,constant,single,0,0,-0.00020932055744808523,3,0,0,,,mixture/5.0/7/5/8
5.0,7,5,8,1000,800,constant,complete,0,0,0.7271362676557803,3,0,0,,,mixture/5.0/7/5/8
5.0,7,5,8,1000,800,constant,average,0,0,0.6119596865551072,3,0,0,,,mixture/5.0/7/5/8
5.0,7,5,8,1000,800,constant,pam,0,0,0.4016442635090357,3,0,0,1,0,mixture/5.0/7/5/8
5.0,7,5,9,1000,800,constant,single,0,0,2.748423269169955e-05,3,0,0,,,mixture/5.0/7/5/9
5.0,7,5,9,1000,800,constant,complete,0,0,0.5397721505571431,3,0,0,,,mixture/5.0/7/5/9
5.0,7,5,9,1000,800,constant,average,0,0,0.21471037410727098,3,0,0,,,mixture/5.0/7/5/9
5.0,7,5,9,1000,800,constant,pam,0,0,0.8191230490285583,3,0,0,1,0,mixture/5.0/7/5/9
5.0,7,5,10,1000,800,constant,single,0,0,-4.925230750332946e-05,8,0,0,,,mixture/5.0/7/5/10
5.0,7,5,10,1000,800,constant,complete,0,0,0.7911888808905386,8,0,0,,,mixture/5.0/7/5/10
5.0,7,5,10,1000,800,constant,average,0,0,0.5445179168348415,8,0,0,,,mixture/5.0/7/5/10
5.0,7,5,10,1000,800,constant,pam,0,0,0.5460600337858499,8,0,0,1,0,mixture/5.0/7/5/10
5.0,7,5,11,1000,800,constant,single,0,0,4.439476549688862e-05,4,0,0,,,mixture/5.0/7/5/11
5.0,7,5,11,1000,800,constant,complete,0,0,0.9856272796535905,4,0,0,,,mixture/5.0/7/5/11
5.0,7,5,11,1000,800,constant,average,0,0,0.5393439894734304,4,0,0,,,mixture/5.0/7/5/11
5.0,7,5,11,1000,800,constant,pam,0,0,0.8457932925939842,4,0,0,1,0,mixture/5.0/7/5/11
5.0,7,5,12,1000,800,constant,single,0,0,0.00031252612047368147,4,0,0,,,mixture/5.0/7/5/12
5.0,7,5,12,1000,800,constant,complete,0,0,0.6045134804476597,4,0,0,,,mixture/5.0/7/5/12
5.0,7,5,12,1000,800,constant,average,0,0,0.6404607293803067,4,0,0,,,mixture/5.0/7/5/12
5.0,7,5,12,1000,800,constant,pam,0,0,0.803393932831102,4,0,0,1,0,mixture/5.0/7/5/12
5.0,7,5,13,1000,800,constant,single,0,0,0.0002462265622439207,6,0,0,,,mixture/5.0/7/5/13
5.0,7,5,13,1000,800,constant,complete,0,0,0.9828748036599727,6,0,0,,,mixture/5.0/7/5/13
5.0,7,5,13,1000,800,constant,average,0,0,0.5405132097307177,6,0,0,,,mixture/5.0/7/5/13
5.0,7,5,13,1000,800,constant,pam,0,0,0.6252319494175019,6,0,0,1,0,mixture/5.0/7/5/13
5.0,7,5,14,1000,800,constant,single,0,0,0.0001361811584027239,11,0,0,,,mixture/5.0/7/5/14
5.0,7,5,14,1000,800,constant,complete,0,0,0.6643029960615263,11,0,0,,,mixture/5.0/7/5/14
5.0,7,5,14,1000,800,constant,average,0,0,0.0941304920554555,11,0,0,,,mixture/5.0/7/5/14
5.0,7,5,14,1000,800,constant,pam,0,0,0.7964227289887129,11,0,0,1,0,mixture/5.0/7/5/14
5.0,7,5,15,1000,800,constant,single,0,0,-0.00017411549617141767,7,1,0,,,mixture/5.0/7/5/15
5.0,7,5,15,1000,800,constant,complete,0,0,0.2969480916031891,7,1,0,,,mixture/5.0/7/5/15
5.0,7,5,15,1000,800,constant,average,0,0,0.09841565129152034,7,1,0,,,mixture/5.0/7/5/15
5.0,7,5,15,1000,800,constant,pam,0,0,0.6485510552608742,7,1,0,1,0,mixture/5.0/7/5/15
5.0,7,5,16,1000,800,constant,single,0,0,-0.00012922129648908575,12,0,0,,,mixture/5.0/7/5/16
5.0,7,5,16,1000,800,constant,complete,0,0,0.8285137267689371,12,0,0,,,mixture/5.0/7/5/16
5.0,7,5,16,1000,800,constant,average,0,0,0.6626047507371826,12,0,0,,,mixture/5.0/7/5/16
5.0,7,5,16,1000,800,constant,pam,0,0,0.5171893979197197,12,0,0,1,0,mixture/5.0/7/5/16
5.0,7,5,17,1000,800,constant,single,0,0,-0.00022674024513396162,6,0,0,,,mixture/5.0/7/5/17
5.0,7,5,17,1000,800,constant,complete,0,0,0.834699751450271,6,0,0,,,mixture/5.0/7/5/17
5.0,7,5,17,1000,800,constant,average,0,0,0.6280912000677724,6,0,0,,,mixture/5.0/7/5/17
5.0,7,5,17,1000,800,constant,pam,0,0,0.6338046564060474,6,0,0,1,0,mixture/5.0/7/5/17
5.0,7,5,18,1000,800,constant,single,0,0,0.0008926451184960777,11,0,0,,,mixture/5.0/7/5/18
5.0,7,5,18,1000,800,constant,complete,0,0,0.5888677761857459,11,0,0,,,mixture/5.0/7/5/18
5.0,7,5,18,1000,800,constant,average,0,0,0.37928629549068854,11,0,0,,,mixture/5.0/7/5/18
5.0,7,5,18,1000,800,constant,pam,0,0,0.7981140966473066,11,0,0,1,0,mixture/5.0/7/5/18
5.0,7,5,19,1000,800,constant,single,0,0,0.00010455618363021918,5,0,0,,,mixture/5.0/7/5/19
5.0,7,5,19,1000,800,constant,complete,0,0,0.9969307625841893,5,0,0,,,mixture/5.0/7/5/19
5.0,7,5,19,1000,800,constant,average,0,0,0.7239034066491549,5,0,0,,,mixture/5.0/7/5/19
5.0,7,5,19,1000,800,constant,pam,0,0,0.8198417858010894,5,0,0,1,0,mixture/5.0/7/5/19
5.0,7,5,20,1000,800,constant,single,0,0,0.0008155776886596448,31,0,0,,,mixture/5.0/7/5/20
5.0,7,5,20,1000,800,constant,complete,0,0,0.6747262556940131,31,0,0,,,mixture/5.0/7/5/20
5.0,7,5,20,1000,800,constant,average,0,0,0.32449579231816833,31,0,0,,,mixture/5.0/7/5/20
5.0,7,5,20,1000,800,constant,pam,0,0,0.582225224912728,31,0,0,1,0,mixture/5.0/7/5/20
5.0,7,5,21,1000,800,constant,single,0,0,-0.0001586133348270178,7,1,0,,,mixture/5.0/7/5/21
5.0,7,5,21,1000,800,constant,complete,0,0,0.5783656752668765,7,1,0,,,mixture/5.0/7/5/21
5.0,7,5,21,1000,800,constant,average,0,0,0.23094833278657628,7,1,0,,,mixture/5.0/7/5/21
5.0,7,5,21,1000,800,constant,pam,0,0,0.5485883598335742,7,1,0,1,0,mixture/5.0/7/5/21
5.0,7,5,22,1000,800,constant,single,0,0,0.00042420243488977804,9,0,0,,,mixture/5.0/7/5/22
5.0,7,5,22,1000,800,constant,complete,0,0,0.8294720569571014,9,0,0,,,mixture/5.0/7/5/22
5.0,7,5,22,1000,800,constant,average,0,0,0.21727015503481883,9,0,0,,,mixture/5.0/7/5/22
5.0,7,5,22,1000,800,constant,pam,0,0,0.6910690008322175,9,0,0,1,0,mixture/5.0/7/5/22
5.0,7,5,23,1000,800,constant,single,0,0,2.1725989678141972e-05,15,0,0,,,mixture/5.0/7/5/23
5.0,7,5,23,1000,800,constant,complete,0,0,0.48978348772462077,15,0,0,,,mixture/5.0/7/5/23
5.0,7,5,23,1000,800,constant,average,0,0,0.10026681261938332,15,0,0,,,mixture/5.0/7/5/23
5.0,7,5,23,1000,800,constant,pam,0,0,0.5484408814971385,15,0,0,1,0,mixture/5.0/7/5/23
5.0,7,5,24,1000,800,constant,single,0,0,0.00011843121235513135,21,0,0,,,mixture/5.0/7/5/24
5.0,7,5,24,1000,800,constant,complete,0,0,0.5467072774615674,21,0,0,,,mixture/5.0/7/5/24
5.0,7,5,24,1000,800,constant,average,0,0,0.09501437002070841,21,0,0,,,mixture/5.0/7/5/24
5.0,7,5,24,1000,800,constant,pam,0,0,0.3474850875385935,21,0,0,1,0,mixture/5.0/7/5/24
5.0,7,5,25,1000,800,constant,single,0,0,-0.00019390433740423154,22,0,0,,,mixture/5.0/7/5/25
5.0,7,5,25,1000,800,constant,complete,0,0,0.8428748579629631,22,0,0,,,mixture/5.0/7/5/25
5.0,7,5,25,1000,800,constant,average,0,0,0.65823821840035,22,0,0,,,mixture/5.0/7/5/25
5.0,7,5,25,1000,800,constant,pam,0,0,0.8087245681296458,22,0,0,1,0,mixture/5.0/7/5/25
5.0,7,5,26,1000,800,constant,single,0,0,4.3952129246562267e-05,9,0,0,,,mixture/5.0/7/5/26
5.0,7,5,26,1000,800,constant,complete,0,0,0.8162610938338347,9,0,0,,,mixture/5.0/7/5/26
5.0,7,5,26,1000,800,constant,average,0,0,0.4078069267968738,9,0,0,,,mixture/5.0/7/5/26
5.0,7,5,26,1000,800,constant,pam,0,0,0.9329079314134555,9,0,0,1,0,mixture/5.0/7/5/26
5.0,7,5,27,1000,800,constant,single,0,0,0.00016885756746856927,4,0,0,,,mixture/5.0/7/5/27
5.0,7,5,27,1000,800,constant,complete,0,0,0.5690079133128023,4,0,0,,,mixture/5.0/7/5/27
5.0,7,5,27,1000,800,constant,average,0,0,0.22296178623091611,4,0,0,,,mixture/5.0/7/5/27
5.0,7,5,27,1000,800,constant,pam,0,0,0.7412677403934176,4,0,0,1,0,mixture/5.0/7/5/27
5.0,7,5,28,1000,800,constant,single,0,0,0.0007602479797282312,11,0,0,,,mixture/5.0/7/5/28
5.0,7,5,28,1000,800,constant,complete,0,0,0.7414290393765753,11,0,0,,,mixture/5.0/7/5/28
5.0,7,5,28,1000,800,constant,average,0,0,0.4690409963821482,11,0,0,,,mixture/5.0/7/5/28
5.0,7,5,28,1000,800,constant,pam,0,0,0.7455109338529041,11,0,0,1,0,mixture/5.0/7/5/28
5.0,7,5,29,1000,800,constant,single,0,0,8.955025144097632e-05,10,0,0,,,mixture/5.0/7/5/29
5.0,7,5,29,1000,800,constant,complete,0,0,0.5901924802984054,10,0,0,,,mixture/5.0/7/5/29
5.0,7,5,29,1000,800,constant,average,0,0,0.2348179373222609,10,0,0,,,mixture/5.0/7/5/29
5.0,7,5,29,1000,800,constant,pam,0,0,0.6104370125829204,10,0,0,1,0,mixture/5.0/7/5/29
5.0,8,5,0,1000,800,constant,single,0,0,0.000480784161939684,3,0,0,,,mixture/5.0/8/5/0
5.0,8,5,0,1000,800,constant,complete,0,0,0.4207346487522858,3,0,0,,,mixture/5.0/8/5/0
5.0,8,5,0,1000,800,constant,average,0,0,0.29690737320699345,3,0,0,,,mixture/5.0/8/5/0
5.0,8,5,0,1000,800,constant,pam,0,0,0.6793266894074288,3,0,0,1,0,mixture/5.0/8/5/0
5.0,8,5,1,1000,800,constant,single,0,0,-0.0002592884460886912,9,0,0,,,mixture/5.0/8/5/1
5.0,8,5,1,1000,800,constant,complete,0,0,0.8466017215367582,9,0,0,,,mixture/5.0/8/5/1
5.0,8,5,1,1000,800,constant,average,0,0,0.45891579060386944,9,0,0,,,mixture/5.0/8/5/1
5.0,8,5,1,1000,800,constant,pam,0,0,0.8536925002856472,9,0,0,1,0,mixture/5.0/8/5/1
5.0,8,5,2,1000,800,constant,single,0,0,5.190384494396116e-05,13,0,0,,,mixture/5.0/8/5/2
5.0,8,5,2,1000,800,constant,complete,0,0,0.6521177983392189,13,0,0,,,mixture/5.0/8/5/2
5.0,8,5,2,1000,800,constant,average,0,0,0.005908936238023642,13,0,0,,,mixture/5.0/8/5/2
5.0,8,5,2,1000,800,constant,pam,0,0,0.5944762030790852,13,0,0,1,0,mixture/5.0/8/5/2
5.0,8,5,3,1000,800,constant,single,0,0,0.00012172092662480315,4,0,0,,,mixture/5.0/8/5/3
5.0,8,5,3,1000,800,constant,complete,0,0,0.6838166319045935,4,0,0,,,mixture/5.0/8/5/3
5.0,8,5,3,1000,800,constant,average,0,0,0.26437438982313544,4,0,0,,,mixture/5.0/8/5/3
5.0,8,5,3,1000,800,constant,pam,0,0,0.6590027269135716,4,0,0,1,0,mixture/5.0/8/5/3
5.0,8,5,4,1000,800,constant,single,0,0,-0.0005989710804873135,5,0,0,,,mixture/5.0/8/5/4
5.0,8,5,4,1000,800,constant,complete,0,0,0.8138756597323188,5,0,0,,,mixture/5.0/8/5/4
5.0,8,5,4,1000,800,constant,average,0,0,0.48232221285286553,5,0,0,,,mixture/5.0/8/5/4
5.0,8,5,4,1000,800,constant,pam,0,0,0.5701251042527677,5,0,0,1,0,mixture/5.0/8/5/4
5.0,8,5,5,1000,800,constant,single,0,0,-0.0005586570364458218,14,0,0,,,mixture/5.0/8/5/5
5.0,8,5,5,1000,800,constant,complete,0,0,0.5631697159027107,14,0,0,,,mixture/5.0/8/5/5
5.0,8,5,5,1000,800,constant,average,0,0,0.16907184327385075,14,0,0,,,mixture/5.0/8/5/5
5.0,8,5,5,1000,800,constant,pam,0,0,0.6306363031121407,14,0,0,1,0,mixture/5.0/8/5/5
5.0,8,5,6,1000,800,constant,single,0,0,0.000788397101806449,3,0,0,,,mixture/5.0/8/5/6
5.0,8,5,6,1000,800,constant,complete,0,0,0.8789450150449472,3,0,0,,,mixture/5.0/8/5/6
5.0,8,5,6,1000,800,constant,average,0,0,0.6098898030993868,3,0,0,,,mixture/5.0/8/5/6
5.0,8,5,6,1000,800,constant,pam,0,0,0.636272171231021,3,0,0,1,0,mixture/5.0/8/5/6
5.0,8,5,7,1000,800,constant,single,0,0,0.000538949219687154,4,0,0,,,mixture/5.0/8/5/7
5.0,8,5,7,1000,800,constant,complete,0,0,0.8641371141962385,4,0,0,,,mixture/5.0/8/5/7
5.0,8,5,7,1000,800,constant,average,0,0,0.681209538491076,4,0,0,,,mixture/5.0/8/5/7
5.0,8,5,7,1000,800,constant,pam,0,0,0.6958942897128366,4,0,0,1,0,mixture/5.0/8/5/7
5.0,8,5,8,1000,800,constant,single,0,0,0.000365310963065046,3,0,0,,,mixture/5.0/8/5/8
5.0,8,5,8,1000,800,constant,complete,0,0,0.8569773142086603,3,0,0,,,mixture/5.0/8/5/8
5.0,8,5,8,1000,800,constant,average,0,0,0.7413918891041102,3,0,0,,,mixture/5.0/8/5/8
5.0,8,5,8,1000,800,constant,pam,0,0,0.6829571301717537,3,0,0,1,0,mixture/5.0/8/5/8
5.0,8,5,9,1000,800,constant,single,0,0,0.00011623923530117123,5,0,0,,,mixture/5.0/8/5/9
5.0,8,5,9,1000,800,constant,complete,0,0,0.9503278087788477,5,0,0,,,mixture/5.0/8/5/9
5.0,8,5,9,1000,800,constant,average,0,0,0.7587753290476221,5,0,0,,,mixture/5.0/8/5/9
5.0,8,5,9,1000,800,constant,pam,0,0,0.7241337124522639,5,0,0,1,0,mixture/5.0/8/5/9
5.0,8,5,10,1000,800,constant,single,0,0,0.0001746974099187857,7,0,0,,,mixture/5.0/8/5/10
5.0,8,5,10,1000,800,constant,complete,0,0,0.8596960766216512,7,0,0,,,mixture/5.0/8/5/10
5.0,8,5,10,1000,800,constant,average,0,0,0.6979413493361041,7,0,0,,,mixture/5.0/8/5/10
5.0,8,5,10,1000,800,constant,pam,0,0,0.8331327638164859,7,0,0,1,0,mixture/5.0/8/5/10
5.0,8,5,11,1000,800,constant,single,0,0,0.000351568903606017,6,0,0,,,mixture/5.0/8/5/11
5.0,8,5,11,1000,800,constant,complete,0,0,0.8468347142200618,6,0,0,,,mixture/5.0/8/5/11
5.0,8,5,11,1000,800,constant,average,0,0,0.6741107973608157,6,0,0,,,mixture/5.0/8/5/11
5.0,8,5,11,1000,800,constant,pam,0,0,0.7844310954174546,6,0,0,1,0,mixture/5.0/8/5/11
5.0,8,5,12,1000,800,constant,single,0,0,-0.00019902513170048014,7,0,0,,,mixture/5.0/8/5/12
5.0,8,5,12,1000,800,constant,complete,0,0,0.8256900351211849,7,0,0,,,mixture/5.0/8/5/12
5.0,8,5,12,1000,800,constant,average,0,0,0.675435415967161,7,0,0,,,mixture/5.0/8/5/12
5.0,8,5,12,1000,800,constant,pam,0,0,0.6970916938309719,7,0,0,1,0,mixture/5.0/8/5/12
5.0,8,5,13,1000,800,constant,single,0,0,-0.00028492118869763585,7,0,0,,,mixture/5.0/8/5/13
5.0,8,5,13,1000,800,constant,complete,0,0,0.7594551485189023,7,0,0,,,mixture/5.0/8/5/13
5.0,8,5,13,1000,800,constant,average,0,0,0.5850692076966423,7,0,0,,,mixture/5.0/8/5/13
5.0,8,5,13,1000,800,constant,pam,0,0,0.5610724456515288,7,0,0,1,0,mixture/5.0/8/5/13
5.0,8,5,14,1000,800,constant,single,0,0,0.0007144595432687954,8,1,0,,,mixture/5.0/8/5/14
5.0,8,5,14,1000,800,constant,complete,0,0,0.820025151257369,8,1,0,,,mixture/5.0/8/5/14
5.0,8,5,14,1000,800,constant,average,0,0,0.4430890574598504,8,1,0,,,mixture/5.0/8/5/14
5.0,8,5,14,1000,800,constant,pam,0,0,0.8125698260833416,8,1,0,1,0,mixture/5.0/8/5/14
5.0,8,5,15,1000,800,constant,single,0,0,-1.942538521059609e-05,5,0,0,,,mixture/5.0/8/5/15
5.0,8,5,15,1000,800,constant,complete,0,0,0.8471572232702327,5,0,0,,,mixture/5.0/8/5/15
5.0,8,5,15,1000,800,constant,average,0,0,0.8702616147561884,5,0,0,,,mixture/5.0/8/5/15
5.0,8,5,15,1000,800,constant,pam,0,0,0.9493338202726689,5,0,0,1,0,mixture/5.0/8/5/15
5.0,8,5,16,1000,800,constant,single,0,0,-0.00030412171658255515,2,0,0,,,mixture/5.0/8/5/16
5.0,8,5,16,1000,800,constant,complete,0,0,0.7092060348250242,2,0,0,,,mixture/5.0/8/5/16
5.0,8,5,16,1000,800,constant,average,0,0,0.2722519631791145,2,0,0,,,mixture/5.0/8/5/16
5.0,8,5,16,1000,800,constant,pam,0,0,0.6186949919066594,2,0,0,1,0,mixture/5.0/8/5/16
5.0,8,5,17,1000,800,constant,single,0,0,-5.857774631213597e-05,8,1,0,,,mixture/5.0/8/5/17
5.0,8,5,17,1000,800,constant,complete,0,0,0.8233647820557977,8,1,0,,,mixture/5.0/8/5/17
5.0,8,5,17,1000,800,constant,average,0,0,0.6521706253435172,8,1,0,,,mixture/5.0/8/5/17
5.0,8,5,17,1000,800,constant,pam,0,0,0.5582655028043112,8,1,0,1,0,mixture/5.0/8/5/17
5.0,8,5,18,1000,800,constant,single,0,0,-0.0003792866114232237,2,0,0,,,mixture/5.0/8/5/18
5.0,8,5,18,1000,800,constant,complete,0,0,0.6861396687489265,2,0,0,,,mixture/5.0/8/5/18
5.0,8,5,18,1000,800,constant,average,0,0,0.17821742728310205,2,0,0,,,mixture/5.0/8/5/18
5.0,8,5,18,1000,800,constant,pam,0,0,0.7650930842891476,2,0,0,1,0,mixture/5.0/8/5/18
5.0,8,5,19,1000,800,constant,single,0,0,0.0003478104262202325,38,0,0,,,mixture/5.0/8/5/19
5.0,8,5,19,1000,800,constant,complete,0,0,0.9885503996053234,38,0,0,,,mixture/5.0/8/5/19
5.0,8,5,19,1000,800,constant,average,0,0,0.4578512152655101,38,0,0,,,mixture/5.0/8/5/19
5.0,8,5,19,1000,800,constant,pam,0,0,0.7542677009678779,38,0,0,1,0,mixture/5.0/8/5/19
5.0,8,5,20,1000,800,constant,single,0,0,0.0006790952514195108,8,1,0,,,mixture/5.0/8/5/20
5.0,8,5,20,1000,800,constant,complete,0,0,0.5813499277825376,8,1,0,,,mixture/5.0/8/5/20
5.0,8,5,20,1000,800,constant,average,0,0,0.28708493943902597,8,1,0,,,mixture/5.0/8/5/20
5.0,8,5,20,1000,800,constant,pam,0,0,0.8321174101684659,8,1,0,1,0,mixture/5.0/8/5/20
5.0,8,5,21,1000,800,constant,single,0,0,0.0009655502444104858,12,0,0,,,mixture/5.0/8/5/21
5.0,8,5,21,1000,800,constant,complete,0,0,0.6340308528960923,12,0,0,,,mixture/5.0/8/5/21
5.0,8,5,21,1000,800,constant,average,0,0,0.48562920117034747,12,0,0,,,mixture/5.0/8/5/21
5.0,8,5,21,1000,800,constant,pam,0,0,0.7299968178728757,12,0,0,1,0,mixture/5.0/8/5/21
5.0,8,5,22,1000,800,constant,single,0,0,0.00026256402571822,7,0,0,,,mixture/5.0/8/5/22
5.0,8,5,22,1000,800,constant,complete,0,0,0.630255120403029,7,0,0,,,mixture/5.0/8/5/22
5.0,8,5,22,1000,800,constant,average,0,0,0.3221517776402845,7,0,0,,,mixture/5.0/8/5/22
5.0,8,5,22,1000,800,constant,pam,0,0,0.6952656588064462,7,0,0,1,0,mixture/5.0/8/5/22
5.0,8,5,23,1000,800,constant,single,0,0,-0.00010084689411661385,8,1,0,,,mixture/5.0/8/5/23
5.0,8,5,23,1000,800,constant,complete,0,0,0.7220147594424885,8,1,0,,,mixture/5.0/8/5/23
5.0,8,5,23,1000,800,constant,average,0,0,0.7561723423267674,8,1,0,,,mixture/5.0/8/5/23
5.0,8,5,23,1000,800,constant,pam,0,0,0.7827458807069488,8,1,0,1,0,mixture/5.0/8/5/23
5.0,8,5,24,1000,800,constant,single,0,0,9.539682611631993e-05,7,0,0,,,mixture/5.0/8/5/24
5.0,8,5,24,1000,800,constant,complete,0,0,0.7011990342278154,7,0,0,,,mixture/5.0/8/5/24
5.0,8,5,24,1000,800,constant,average,0,0,0.16695593246112814,7,0,0,,,mixture/5.0/8/5/24
5.0,8,5,24,1000,800,constant,pam,0,0,0.9095403453199006,7,0,0,1,0,mixture/5.0/8/5/24
5.0,8,5,25,1000,800,constant,single,0,0,0.0009557783582931693,11,0,0,,,mixture/5.0/8/5/25
5.0,8,5,25,1000,800,constant,complete,0,0,0.9352532007348053,11,0,0,,,mixture/5.0/8/5/25
5.0,8,5,25,1000,800,constant,average,0,0,0.5264850015289296,11,0,0,,,mixture/5.0/8/5/25
5.0,8,5,25,1000,800,constant,pam,0,0,0.66983540094328,11,0,0,1,0,mixture/5.0/8/5/25
5.0,8,5,26,1000,800,constant,single,0,0,0.0007975953750835606,6,0,0,,,mixture/5.0/8/5/26
5.0,8,5,26,1000,800,constant,complete,0,0,0.7876890011517722,6,0,0,,,mixture/5.0/8/5/26
5.0,8,5,26,1000,800,constant,average,0,0,0.6019287007516488,6,0,0,,,mixture/5.0/8/5/26
5.0,8,5,26,1000,800,constant,pam,0,0,0.6640202602704468,6,0,0,0,1,mixture/5.0/8/5/26
5.0,8,5,27,1000,800,constant,single,0,0,-9.542211923863837e-05,7,0,0,,,mixture/5.0/8/5/27
5.0,8,5,27,1000,800,constant,complete,0,0,0.6450249548489764,7,0,0,,,mixture/5.0/8/5/27
5.0,8,5,27,1000,800,constant,average,0,0,0.3151454510619277,7,0,0,,,mixture/5.0/8/5/27
5.0,8,5,27,1000,800,constant,pam,0,0,0.48155487485555354,7,0,0,1,0,mixture/5.0/8/5/27
5.0,8,5,28,1000,800,constant,single,0,0,0.0003202549951276406,5,0,0,,,mixture/5.0/8/5/28
5.0,8,5,28,1000,800,constant,complete,0,0,0.837575148332928,5,0,0,,,mixture/5.0/8/5/28
5.0,8,5,28,1000,800,constant,average,0,0,0.48088949462830566,5,0,0,,,mixture/5.0/8/5/28
5.0,8,5,28,1000,800,constant,pam,0,0,0.7179956799669803,5,0,0,1,0,mixture/5.0/8/5/28
5.0,8,5,29,1000,800,constant,single,0,0,0.00022780787879357674,7,0,0,,,mixture/5.0/8/5/29
5.0,8,5,29,1000,800,constant,complete,0,0,0.9973174824696592,7,0,0,,,mixture/5.0/8/5/29
5.0,8,5,29,1000,800,constant,average,0,0,0.7795352599186838,7,0,0,,,mixture/5.0/8/5/29
5.0,8,5,29,1000,800,constant,pam,0,0,0.8628437364172823,7,0,0,1,0,mixture/5.0/8/5/29
5.0,9,5,0,1000,800,constant,single,0,0,7.605728514975105e-05,14,0,0,,,mixture/5.0/9/5/0
5.0,9,5,0,1000,800,constant,complete,0,0,0.9863383991672147,14,0,0,,,mixture/5.0/9/5/0
5.0,9,5,0,1000,800,constant,average,0,0,0.5514327930124591,14,0,0,,,mixture/5.0/9/5/0
5.0,9,5,0,1000,800,constant,pam,0,0,0.7004205509572838,14,0,0,1,0,mixture/5.0/9/5/0
5.0,9,5,1,1000,800,constant,single,0,0,0.0001357840024963581,10,0,0,,,mixture/5.0/9/5/1
5.0,9,5,1,1000,800,constant,complete,0,0,0.7638125127747454,10,0,0,,,mixture/5.0/9/5/1
5.0,9,5,1,1000,800,constant,average,0,0,0.5360967867681425,10,0,0,,,mixture/5.0/9/5/1
5.0,9,5,1,1000,800,constant,pam,0,0,0.6822242997658944,10,0,0,1,0,mixture/5.0/9/5/1
5.0,9,5,2,1000,800,constant,single,0,0,-0.0003525623654007742,14,0,0,,,mixture/5.0/9/5/2
5.0,9,5,2,1000,800,constant,complete,0,0,0.3485837946489939,14,0,0,,,mixture/5.0/9/5/2
5.0,9,5,2,1000,800,constant,average,0,0,0.05453550151127244,14,0,0,,,mixture/5.0/9/5/2
5.0,9,5,2,1000,800,constant,pam,0,0,0.22595396934104114,14,0,0,1,0,mixture/5.0/9/5/2
5.0,9,5,3,1000,800,constant,single,0,0,-0.0004319009389382502,2,0,0,,,mixture/5.0/9/5/3
5.0,9,5,3,1000,800,constant,complete,0,0,0.8586091702495093,2,0,0,,,mixture/5.0/9/5/3
5.0,9,5,3,1000,800,constant,average,0,0,0.8773346088729432,2,0,0,,,mixture/5.0/9/5/3
5.0,9,5,3,1000,800,constant,pam,0,0,0.7216903691311791,2,0,0,1,0,mixture/5.0/9/5/3
5.0,9,5,4,1000,800,constant,single,0,0,0.0005896683782524043,13,0,0,,,mixture/5.0/9/5/4
5.0,9,5,4,1000,800,constant,complete,0,0,0.8492891086814794,13,0,0,,,mixture/5.0/9/5/4
5.0,9,5,4,1000,800,constant,average,0,0,0.4887482808125706,13,0,0,,,mixture/5.0/9/5/4
5.0,9,5,4,1000,800,constant,pam,0,0,0.8499115933488316,13,0,0,1,0,mixture/5.0/9/5/4
5.0,9,5,5,1000,800,constant,single,0,0,-0.00031365227695297844,8,0,0,,,mixture/5.0/9/5/5
5.0,9,5,5,1000,800,constant,complete,0,0,0.6738852285959899,8,0,0,,,mixture/5.0/9/5/5
5.0,9,5,5,1000,800,constant,average,0,0,0.1280168132693789,8,0,0,,,mixture/5.0/9/5/5
5.0,9,5,5,1000,800,constant,pam,0,0,0.5420415240879993,8,0,0,1,0,mixture/5.0/9/5/5
5.0,9,5,6,1000,800,constant,single,0,0,0.0005672521834064366,5,0,0,,,mixture/5.0/9/5/6
5.0,9,5,6,1000,800,constant,complete,0,0,0.626964806127446,5,0,0,,,mixture/5.0/9/5/6
5.0,9,5,6,1000,800,constant,average,0,0,0.4565091708835961,5,0,0,,,mixture/5.0/9/5/6
5.0,9,5,6,1000,800,constant,pam,0,0,0.5631766780737288,5,0,0,1,0,mixture/5.0/9/5/6
5.0,9,5,7,1000,800,constant,single,0,0,-0.0005655028486632699,13,0,0,,,mixture/5.0/9/5/7
5.0,9,5,7,1000,800,constant,complete,0,0,0.6579212377115461,13,0,0,,,mixture/5.0/9/5/7
5.0,9,5,7,1000,800,constant,average,0,0,0.4678355771909771,13,0,0,,,mixture/5.0/9/5/7
5.0,9,5,7,1000,800,constant,pam,0,0,0.6859636834255054,13,0,0,1,0,mixture/5.0/9/5/7
5.0,9,5,8,1000,800,constant,single,0,0,0.0012894969684537126,7,0,0,,,mixture/5.0/9/5/8
5.0,9,5,8,1000,800,constant,complete,0,0,0.8858411823014448,7,0,0,,,mixture/5.0/9/5/8
5.0,9,5,8,1000,800,constant,average,0,0,0.45474191887055815,7,0,0,,,mixture/5.0/9/5/8
5.0,9,5,8,1000,800,constant,pam,0,0,0.745702731375515,7,0,0,1,0,mixture/5.0/9/5/8
5.0,9,5,9,1000,800,constant,single,0,0,0.0006901749650869357,6,0,0,,,mixture/5.0/9/5/9
5.0,9,5,9,1000,800,constant,complete,0,0,0.5754813687027756,6,0,0,,,mixture/5.0/9/5/9
5.0,9,5,9,1000,800,constant,average,0,0,0.10031739232577876,6,0,0,,,mixture/5.0/9/5/9
5.0,9,5,9,1000,800,constant,pam,0,0,0.3357439026374905,6,0,0,1,0,mixture/5.0/9/5/9
5.0,9,5,10,1000,800,constant,single,0,0,0.0008142661802888419,2,0,0,,,mixture/5.0/9/5/10
5.0,9,5,10,1000,800,constant,complete,0,0,0.5732273975779083,2,0,0,,,mixture/5.0/9/5/10
5.0,9,5,10,1000,800,constant,average,0,0,0.19921401410535167,2,0,0,,,mixture/5.0/9/5/10
5.0,9,5,10,1000,800,constant,pam,0,0,0.4737687764137549,2,0,0,1,0,mixture/5.0/9/5/10
5.0,9,5,11,1000,800,constant,single,0,0,6.322275018440014e-05,5,0,0,,,mixture/5.0/9/5/11
5.0,9,5,11,1000,800,constant,complete,0,0,0.28987981981258937,5,0,0,,,mixture/5.0/9/5/11
5.0,9,5,11,1000,800,constant,average,0,0,0.05232078632543855,5,0,0,,,mixture/5.0/9/5/11
5.0,9,5,11,1000,800,constant,pam,0,0,0.3643935592774981,5,0,0,1,0,mixture/5.0/9/5/11
5.0,9,5,12,1000,800,constant,single,0,0,0.00027875786003362914,2,0,0,,,mixture/5.0/9/5/12
5.0,9,5,12,1000,800,constant,complete,0,0,0.6342570051405929,2,0,0,,,mixture/5.0/9/5/12
5.0,9,5,12,1000,800,constant,average,0,0,0.4186753985672937,2,0,0,,,mixture/5.0/9/5/12
5.0,9,5,12,1000,800,constant,pam,0,0,0.6623696091362558,2,0,0,1,0,mixture/5.0/9/5/12
5.0,9,5,13,1000,800,constant,single,0,0,0.0003349409770877199,15,0,0,,,mixture/5.0/9/5/13
5.0,9,5,13,1000,800,constant,complete,0,0,0.8298095416851118,15,0,0,,,mixture/5.0/9/5/13
5.0,9,5,13,1000,800,constant,average,0,0,0.6380918122769462,15,0,0,,,mixture/5.0/9/5/13
5.0,9,5,13,1000,800,constant,pam,0,0,0.7004385763906438,15,0,0,0,1,mixture/5.0/9/5/13
5.0,9,5,14,1000,800,constant,single,0,0,0.00021274369537908964,4,0,0,,,mixture/5.0/9/5/14
5.0,9,5,14,1000,800,constant,complete,0,0,0.7339932479248594,4,0,0,,,mixture/5.0/9/5/14
5.0,9,5,14,1000,800,constant,average,0,0,0.215786265489043,4,0,0,,,mixture/5.0/9/5/14
5.0,9,5,14,1000,800,constant,pam,0,0,0.44515035133722014,4,0,0,1,0,mixture/5.0/9/5/14
5.0,9,5,15,1000,800,constant,single,0,0,-0.00024119658106439124,8,0,0,,,mixture/5.0/9/5/15
5.0,9,5,15,1000,800,constant,complete,0,0,0.7637740016136149,8,0,0,,,mixture/5.0/9/5/15
5.0,9,5,15,1000,800,constant,average,0,0,0.6490617204446762,8,0,0,,,mixture/5.0/9/5/15
5.0,9,5,15,1000,800,constant,pam,0,0,0.7259804558541253,8,0,0,1,0,mixture/5.0/9/5/15
5.0,9,5,16,1000,800,constant,single,0,0,-0.0002468647557089765,5,0,0,,,mixture/5.0/9/5/16
5.0,9,5,16,1000,800,constant,complete,0,0,0.645063972845628,5,0,0,,,mixture/5.0/9/5/16
5.0,9,5,16,1000,800,constant,average,0,0,0.21614658390371197,5,0,0,,,mixture/5.0/9/5/16
5.0,9,5,16,1000,800,constant,pam,0,0,0.739717657361072,5,0,0,1,0,mixture/5.0/9/5/16
5.0,9,5,17,1000,800,constant,single,0,0,0.0005714343873460106,5,0,0,,,mixture/5.0/9/5/17
5.0,9,5,17,1000,800,constant,complete,0,0,0.606131849017218,5,0,0,,,mixture/5.0/9/5/17
5.0,9,5,17,1000,800,constant,average,0,0,0.2140737061249637,5,0,0,,,mixture/5.0/9/5/17
5.0,9,5,17,1000,800,constant,pam,0,0,0.5266376841900108,5,0,0,1,0,mixture/5.0/9/5/17
5.0,9,5,18,1000,800,constant,single,0,0,6.661007826054963e-05,3,0,0,,,mixture/5.0/9/5/18
5.0,9,5,18,1000,800,constant,complete,0,0,0.6797625807545019,3,0,0,,,mixture/5.0/9/5/18
5.0,9,5,18,1000,800,constant,average,0,0,0.30698075300595545,3,0,0,,,mixture/5.0/9/5/18
5.0,9,5,18,1000,800,constant,pam,0,0,0.5416303086643142,3,0,0,1,0,mixture/5.0/9/5/18
5.0,9,5,19,1000,800,constant,single,0,0,-0.00015920450564674968,10,0,0,,,mixture/5.0/9/5/19
5.0,9,5,19,1000,800,constant,complete,0,0,0.8162341771412147,10,0,0,,,mixture/5.0/9/5/19
5.0,9,5,19,1000,800,constant,average,0,0,0.32722322640999135,10,0,0,,,mixture/5.0/9/5/19
5.0,9,5,19,1000,800,constant,pam,0,0,0.614318176216048,10,0,0,1,0,mixture/5.0/9/5/19
5.0,9,5,20,1000,800,constant,single,0,0,0.0005596763372205603,42,0,0,,,mixture/5.0/9/5/20
5.0,9,5,20,1000,800,constant,complete,0,0,0.8598322957621349,42,0,0,,,mixture/5.0/9/5/20
5.0,9,5,20,1000,800,constant,average,0,0,0.3579763955995966,42,0,0,,,mixture/5.0/9/5/20
5.0,9,5,20,1000,800,constant,pam,0,0,0.64686867913927,42,0,0,1,0,mixture/5.0/9/5/20
5.0,9,5,21,1000,800,constant,single,0,0,-0.0005783190292969586,4,0,0,,,mixture/5.0/9/5/21
5.0,9,5,21,1000,800,constant,complete,0,0,0.9910267320240379,4,0,0,,,mixture/5.0/9/5/21
5.0,9,5,21,1000,800,constant,average,0,0,0.7841337151112512,4,0,0,,,mixture/5.0/9/5/21
5.0,9,5,21,1000,800,constant,pam,0,0,0.7366930898627965,4,0,0,1,0,mixture/5.0/9/5/21
5.0,9,5,22,1000,800,constant,single,0,0,-0.0006270597623429858,4,0,0,,,mixture/5.0/9/5/22
5.0,9,5,22,1000,800,constant,complete,0,0,0.7360153183472103,4,0,0,,,mixture/5.0/9/5/22
5.0,9,5,22,1000,800,constant,average,0,0,0.47212130934051494,4,0,0,,,mixture/5.0/9/5/22
5.0,9,5,22,1000,800,constant,pam,0,0,0.7250542430625978,4,0,0,1,0,mixture/5.0/9/5/22
5.0,9,5,23,1000,800,constant,single,0,0,0.00043843313367117006,5,0,0,,,mixture/5.0/9/5/23
5.0,9,5,23,1000,800,constant,complete,0,0,0.8529841708885542,5,0,0,,,mixture/5.0/9/5/23
5.0,9,5,23,1000,800,constant,average,0,0,0.7930763118497679,5,0,0,,,mixture/5.0/9/5/23
5.0,9,5,23,1000,800,constant,pam,0,0,0.7762069918229166,5,0,0,1,0,mixture/5.0/9/5/23
5.0,9,5,24,1000,800,constant,single,0,0,-0.0003170278775789074,6,0,0,,,mixture/5.0/9/5/24
5.0,9,5,24,1000,800,constant,complete,0,0,0.7573089390004956,6,0,0,,,mixture/5.0/9/5/24
5.0,9,5,24,1000,800,constant,average,0,0,0.4886886416401005,6,0,0,,,mixture/5.0/9/5/24
5.0,9,5,24,1000,800,constant,pam,0,0,0.5850775674304565,6,0,0,1,0,mixture/5.0/9/5/24
5.0,9,5,25,1000,800,constant,single,0,0,-6.860252681838716e-05,12,0,0,,,mixture/5.0/9/5/25
5.0,9,5,25,1000,800,constant,complete,0,0,0.769973623183538,12,0,0,,,mixture/5.0/9/5/25
5.0,9,5,25,1000,800,constant,average,0,0,0.34404601720741607,12,0,0,,,mixture/5.0/9/5/25
5.0,9,5,25,1000,800,constant,pam,0,0,0.6818290248678321,12,0,0,1,0,mixture/5.0/9/5/25
5.0,9,5,26,1000,800,constant,single,0,0,-1.5939851360144673e-05,11,0,0,,,mixture/5.0/9/5/26
5.0,9,5,26,1000,800,constant,complete,0,0,0.5991975828758549,11,0,0,,,mixture/5.0/9/5/26
5.0,9,5,26,1000,800,constant,average,0,0,0.5219035044223567,11,0,0,,,mixture/5.0/9/5/26
5.0,9,5,26,1000,800,constant,pam,0,0,0.7576236005134107,11,0,0,1,0,mixture/5.0/9/5/26
5.0,9,5,27,1000,800,constant,single,0,0,-0.0001300175354183028,9,1,0,,,mixture/5.0/9/5/27
5.0,9,5,27,1000,800,constant,complete,0,0,0.665540335563912,9,1,0,,,mixture/5.0/9/5/27
5.0,9,5,27,1000,800,constant,average,0,0,0.5376082021540284,9,1,0,,,mixture/5.0/9/5/27
5.0,9,5,27,1000,800,constant,pam,0,0,0.6856012877256982,9,1,0,1,0,mixture/5.0/9/5/27
5.0,9,5,28,1000,800,constant,single,0,0,0.00030763431899116095,3,0,0,,,mixture/5.0/9/5/28
5.0,9,5,28,1000,800,constant,complete,0,0,0.9366607725995354,3,0,0,,,mixture/5.0/9/5/28
5.0,9,5,28,1000,800,constant,average,0,0,0.6963281571613656,3,0,0,,,mixture/5.0/9/5/28
5.0,9,5,28,1000,800,constant,pam,0,0,0.6830399133580968,3,0,0,1,0,mixture/5.0/9/5/28
5.0,9,5,29,1000,800,constant,single,0,0,0.0005276584767298263,11,0,0,,,mixture/5.0/9/5/29
5.0,9,5,29,1000,800,constant,complete,0,0,0.8365136409696772,11,0,0,,,mixture/5.0/9/5/29
5.0,9,5,29,1000,800,constant,average,0,0,0.6191153475326451,11,0,0,,,mixture/5.0/9/5/29
5.0,9,5,29,1000,800,constant,pam,0,0,0.6741208066395276,11,0,0,1,0,mixture/5.0/9/5/29
5.0,10,5,0,1000,800,constant,single,0,0,-0.00014781971904189722,5,0,0,,,mixture/5.0/10/5/0
5.0,10,5,0,1000,800,constant,complete,0,0,0.7773629910307501,5,0,0,,,mixture/5.0/10/5/0
5.0,10,5,0,1000,800,constant,average,0,0,0.48492649826299955,5,0,0,,,mixture/5.0/10/5/0
5.0,10,5,0,1000,800,constant,pam,0,0,0.7334028397035566,5,0,0,1,0,mixture/5.0/10/5/0
5.0,10,5,1,1000,800,constant,single,0,0,0.00020528571409486235,16,0,0,,,mixture/5.0/10/5/1
5.0,10,5,1,1000,800,constant,complete,0,0,0.7780205829985039,16,0,0,,,mixture/5.0/10/5/1
5.0,10,5,1,1000,800,constant,average,0,0,0.41083900979762655,16,0,0,,,mixture/5.0/10/5/1
5.0,10,5,1,1000,800,constant,pam,0,0,0.5832168281269349,16,0,0,1,0,mixture/5.0/10/5/1
5.0,10,5,2,1000,800,constant,single,0,0,-0.00013390159949901824,16,0,0,,,mixture/5.0/10/5/2
5.0,10,5,2,1000,800,constant,complete,0,0,0.7653792162299932,16,0,0,,,mixture/5.0/10/5/2
5.0,10,5,2,1000,800,constant,average,0,0,0.5523681947325759,16,0,0,,,mixture/5.0/10/5/2
5.0,10,5,2,1000,800,constant,pam,0,0,0.7067705059040194,16,0,0,1,0,mixture/5.0/10/5/2
5.0,10,5,3,1000,800,constant,single,0,0,0.0005750524676908705,11,0,0,,,mixture/5.0/10/5/3
5.0,10,5,3,1000,800,constant,complete,0,0,0.8671987229167877,11,0,0,,,mixture/5.0/10/5/3
5.0,10,5,3,1000,800,constant,average,0,0,0.4182844269566416,11,0,0,,,mixture/5.0/10/5/3
5.0,10,5,3,1000,800,constant,pam,0,0,0.6149488504988511,11,0,0,1,0,mixture/5.0/10/5/3
5.0,10,5,4,1000,800,constant,single,0,0,-0.00014841138227546095,5,0,0,,,mixture/5.0/10/5/4
5.0,10,5,4,1000,800,constant,complete,0,0,0.8656988271411208,5,0,0,,,mixture/5.0/10/5/4
5.0,10,5,4,1000,800,constant,average,0,0,0.5306236086396636,5,0,0,,,mixture/5.0/10/5/4
5.0,10,5,4,1000,800,constant,pam,0,0,0.5154587071365735,5,0,0,1,0,mixture/5.0/10/5/4
5.0,10,5,5,1000,800,constant,single,0,0,0.0006488355987464966,14,0,0,,,mixture/5.0/10/5/5
5.0,10,5,5,1000,800,constant,complete,0,0,0.7711545086684956,14,0,0,,,mixture/5.0/10/5/5
5.0,10,5,5,1000,800,constant,average,0,0,0.5376544366564615,14,0,0,,,mixture/5.0/10/5/5
5.0,10,5,5,1000,800,constant,pam,0,0,0.465650646703715,14,0,0,1,0,mixture/5.0/10/5/5
5.0,10,5,6,1000,800,constant,single,0,0,0.000674267885350282,14,0,0,,,mixture/5.0/10/5/6
5.0,10,5,6,1000,800,constant,complete,0,0,0.9543752112396947,14,0,0,,,mixture/5.0/10/5/6
5.0,10,5,6,1000,800,constant,average,0,0,0.6310036613105596,14,0,0,,,mixture/5.0/10/5/6
5.0,10,5,6,1000,800,constant,pam,0,0,0.7180576715199467,14,0,0,0,1,mixture/5.0/10/5/6
5.0,10,5,7,1000,800,constant,single,0,0,0.00025246403302356846,8,0,0,,,mixture/5.0/10/5/7
5.0,10,5,7,1000,800,constant,complete,0,0,0.7042186195623219,8,0,0,,,mixture/5.0/10/5/7
5.0,10,5,7,1000,800,constant,average,0,0,0.4057065315975412,8,0,0,,,mixture/5.0/10/5/7
5.0,10,5,7,1000,800,constant,pam,0,0,0.26116124287748577,8,0,0,1,0,mixture/5.0/10/5/7
5.0,10,5,8,1000,800,constant,single,0,0,0.0005136067553991681,6,0,0,,,mixture/5.0/10/5/8
5.0,10,5,8,1000,800,constant,complete,0,0,0.7329975628359536,6,0,0,,,mixture/5.0/10/5/8
5.0,10,5,8,1000,800,constant,average,0,0,0.6766134455167868,6,0,0,,,mixture/5.0/10/5/8
5.0,10,5,8,1000,800,constant,pam,0,0,0.5611434914036625,6,0,0,1,0,mixture/5.0/10/5/8
5.0,10,5,9,1000,800,constant,single,0,0,0.00014560218464665587,8,0,0,,,mixture/5.0/10/5/9
5.0,10,5,9,1000,800,constant,complete,0,0,0.8489817099492467,8,0,0,,,mixture/5.0/10/5/9
5.0,10,5,9,1000,800,constant,average,0,0,0.722155496961644,8,0,0,,,mixture/5.0/10/5/9
5.0,10,5,9,1000,800,constant,pam,0,0,0.6717129178431771,8,0,0,1,0,mixture/5.0/10/5/9
5.0,10,5,10,1000,800,constant,single,0,0,-0.00023295607789257603,21,0,0,,,mixture/5.0/10/5/10
5.0,10,5,10,1000,800,constant,complete,0,0,0.5838324382018776,21,0,0,,,mixture/5.0/10/5/10
5.0,10,5,10,1000,800,constant,average,0,0,0.1030696290117937,21,0,0,,,mixture/5.0/10/5/10
5.0,10,5,10,1000,800,constant,pam,0,0,0.7337969291765982,21,0,0,1,0,mixture/5.0/10/5/10
5.0,10,5,11,1000,800,constant,single,0,0,-0.00012532646365929747,4,0,0,,,mixture/5.0/10/5/11
5.0,10,5,11,1000,800,constant,complete,0,0,0.6481652831175063,4,0,0,,,mixture/5.0/10/5/11
5.0,10,5,11,1000,800,constant,average,0,0,0.708922785922038,4,0,0,,,mixture/5.0/10/5/11
5.0,10,5,11,1000,800,constant,pam,0,0,0.5117512200829827,4,0,0,1,0,mixture/5.0/10/5/11
5.0,10,5,12,1000,800,constant,single,0,0,0.00027326173203245566,7,0,0,,,mixture/5.0/10/5/12
5.0,10,5,12,1000,800,constant,complete,0,0,0.4892895931201548,7,0,0,,,mixture/5.0/10/5/12
5.0,10,5,12,1000,800,constant,average,0,0,0.09526434762094917,7,0,0,,,mixture/5.0/10/5/12
5.0,10,5,12,1000,800,constant,pam,0,0,0.3678114040199689,7,0,0,0,1,mixture/5.0/10/5/12
5.0,10,5,13,1000,800,constant,single,0,0,0.0003391705234918836,5,0,0,,,mixture/5.0/10/5/13
5.0,10,5,13,1000,800,constant,complete,0,0,0.7803944860924963,5,0,0,,,mixture/5.0/10/5/13
5.0,10,5,13,1000,800,constant,average,0,0,0.36881300853517196,5,0,0,,,mixture/5.0/10/5/13
5.0,10,5,13,1000,800,constant,pam,0,0,0.6601592195743141,5,0,0,1,0,mixture/5.0/10/5/13
5.0,10,5,14,1000,800,constant,single,0,0,-0.0004757020101565273,13,0,0,,,mixture/5.0/10/5/14
5.0,10,5,14,1000,800,constant,complete,0,0,0.8518345220241459,13,0,0,,,mixture/5.0/10/5/14
5.0,10,5,14,1000,800,constant,average,0,0,0.7323354468219462,13,0,0,,,mixture/5.0/10/5/14
5.0,10,5,14,1000,800,constant,pam,0,0,0.6756709753756805,13,0,0,0,1,mixture/5.0/10/5/14
5.0,10,5,15,1000,800,constant,single,0,0,-0.00033051398598734385,4,0,0,,,mixture/5.0/10/5/15
5.0,10,5,15,1000,800,constant,complete,0,0,0.735488623065617,4,0,0,,,mixture/5.0/10/5/15
5.0,10,5,15,1000,800,constant,average,0,0,0.1848844905874666,4,0,0,,,mixture/5.0/10/5/15
5.0,10,5,15,1000,800,constant,pam,0,0,0.40079932628474835,4,0,0,1,0,mixture/5.0/10/5/15
5.0,10,5,16,1000,800,constant,single,0,0,0.0003140207415844873,10,1,0,,,mixture/5.0/10/5/16
5.0,10,5,16,1000,800,constant,complete,0,0,0.3192653073686577,10,1,0,,,mixture/5.0/10/5/16
5.0,10,5,16,1000,800,constant,average,0,0,0.09441153916854964,10,1,0,,,mixture/5.0/10/5/16
5.0,10,5,16,1000,800,constant,pam,0,0,0.4382499371398875,10,1,0,1,0,mixture/5.0/10/5/16
5.0,10,5,17,1000,800,constant,single,0,0,0.0010154828123664205,2,0,0,,,mixture/5.0/10/5/17
5.0,10,5,17,1000,800,constant,complete,0,0,0.869736872854517,2,0,0,,,mixture/5.0/10/5/17
5.0,10,5,17,1000,800,constant,average,0,0,0.5327900147101715,2,0,0,,,mixture/5.0/10/5/17
5.0,10,5,17,1000,800,constant,pam,0,0,0.6321955877660773,2,0,0,1,0,mixture/5.0/10/5/17
5.0,10,5,18,1000,800,constant,single,0,0,-1.4776936625774688e-05,7,0,0,,,mixture/5.0/10/5/18
5.0,10,5,18,1000,800,constant,complete,0,0,0.6650687367604031,7,0,0,,,mixture/5.0/10/5/18
5.0,10,5,18,1000,800,constant,average,0,0,0.2205266195097833,7,0,0,,,mixture/5.0/10/5/18
5.0,10,5,18,1000,800,constant,pam,0,0,0.35300882374658393,7,0,0,0,1,mixture/5.0/10/5/18
5.0,10,5,19,1000,800,constant,single,0,0,0.0015354692728601256,11,0,0,,,mixture/5.0/10/5/19
5.0,10,5,19,1000,800,constant,complete,0,0,0.5276674282034675,11,0,0,,,mixture/5.0/10/5/19
5.0,10,5,19,1000,800,constant,average,0,0,0.028293843410947917,11,0,0,,,mixture/5.0/10/5/19
5.0,10,5,19,1000,800,constant,pam,0,0,0.7460191851480099,11,0,0,1,0,mixture/5.0/10/5/19
5.0,10,5,20,1000,800,constant,single,0,0,0.0004499212211200311,23,0,0,,,mixture/5.0/10/5/20
5.0,10,5,20,1000,800,constant,complete,0,0,0.8336357678746581,23,0,0,,,mixture/5.0/10/5/20
5.0,10,5,20,1000,800,constant,average,0,0,0.5017475119767499,23,0,0,,,mixture/5.0/10/5/20
5.0,10,5,20,1000,800,constant,pam,0,0,0.47034576898331093,23,0,0,1,0,mixture/5.0/10/5/20
5.0,10,5,21,1000,800,constant,single,0,0,1.6513153771126057e-05,18,0,0,,,mixture/5.0/10/5/21
5.0,10,5,21,1000,800,constant,complete,0,0,0.7359679046518576,18,0,0,,,mixture/5.0/10/5/21
5.0,10,5,21,1000,800,constant,average,0,0,0.17886208031077977,18,0,0,,,mixture/5.0/10/5/21
5.0,10,5,21,1000,800,constant,pam,0,0,0.45857411094195666,18,0,0,1,0,mixture/5.0/10/5/21
5.0,10,5,22,1000,800,constant,single,0,0,0.0009164158617607372,8,0,0,,,mixture/5.0/10/5/22
5.0,10,5,22,1000,800,constant,complete,0,0,0.7744717690293592,8,0,0,,,mixture/5.0/10/5/22
5.0,10,5,22,1000,800,constant,average,0,0,0.5974040772976171,8,0,0,,,mixture/5.0/10/5/22
5.0,10,5,22,1000,800,constant,pam,0,0,0.7055510836501883,8,0,0,1,0,mixture/5.0/10/5/22
5.0,10,5,23,1000,800,constant,single,0,0,0.0009020365900747738,5,0,0,,,mixture/5.0/10/5/23
5.0,10,5,23,1000,800,constant,complete,0,0,0.768551645743019,5,0,0,,,mixture/5.0/10/5/23
5.0,10,5,23,1000,800,constant,average,0,0,0.2797615618524821,5,0,0,,,mixture/5.0/10/5/23
5.0,10,5,23,1000,800,constant,pam,0,0,0.5164704933318588,5,0,0,1,0,mixture/5.0/10/5/23
5.0,10,5,24,1000,800,constant,single,0,0,0.0005122087476510272,23,0,0,,,mixture/5.0/10/5/24
5.0,10,5,24,1000,800,constant,complete,0,0,0.7140253213401594,23,0,0,,,mixture/5.0/10/5/24
5.0,10,5,24,1000,800,constant,average,0,0,0.5924967744684833,23,0,0,,,mixture/5.0/10/5/24
5.0,10,5,24,1000,800,constant,pam,0,0,0.5441266190239625,23,0,0,1,0,mixture/5.0/10/5/24
5.0,10,5,25,1000,800,constant,single,0,0,-0.0003795714610664369,14,0,0,,,mixture/5.0/10/5/25
5.0,10,5,25,1000,800,constant,complete,0,0,0.614313796876649,14,0,0,,,mixture/5.0/10/5/25
5.0,10,5,25,1000,800,constant,average,0,0,0.03395518705053524,14,0,0,,,mixture/5.0/10/5/25
5.0,10,5,25,1000,800,constant,pam,0,0,0.6185644323169909,14,0,0,1,0,mixture/5.0/10/5/25
5.0,10,5,26,1000,800,constant,single,0,0,0.00032494091123557085,6,0,0,,,mixture/5.0/10/5/26
5.0,10,5,26,1000,800,constant,complete,0,0,0.8116960407882854,6,0,0,,,mixture/5.0/10/5/26
5.0,10,5,26,1000,800,constant,average,0,0,0.522787652246534,6,0,0,,,mixture/5.0/10/5/26
5.0,10,5,26,1000,800,constant,pam,0,0,0.6520657469885965,6,0,0,1,0,mixture/5.0/10/5/26
5.0,10,5,27,1000,800,constant,single,0,0,-0.00016373698594590241,10,1,0,,,mixture/5.0/10/5/27
5.0,10,5,27,1000,800,constant,complete,0,0,0.723941750028153,10,1,0,,,mixture/5.0/10/5/27
5.0,10,5,27,1000,800,constant,average,0,0,0.3538606598529085,10,1,0,,,mixture/5.0/10/5/27
5.0,10,5,27,1000,800,constant,pam,0,0,0.6495350791836486,10,1,0,1,0,mixture/5.0/10/5/27
5.0,10,5,28,1000,800,constant,single,0,0,0.0005674696863161049,7,0,0,,,mixture/5.0/10/5/28
5.0,10,5,28,1000,800,constant,complete,0,0,0.7755310470433054,7,0,0,,,mixture/5.0/10/5/28
5.0,10,5,28,1000,800,constant,average,0,0,0.49937320728855944,7,0,0,,,mixture/5.0/10/5/28
5.0,10,5,28,1000,800,constant,pam,0,0,0.6984658372274762,7,0,0,1,0,mixture/5.0/10/5/28
5.0,10,5,29,1000,800,constant,single,0,0,0.0009165991184327981,7,0,0,,,mixture/5.0/10/5/29
5.0,10,5,29,1000,800,constant,complete,0,0,0.692779108570876,7,0,0,,,mixture/5.0/10/5/29
5.0,10,5,29,1000,800,constant,average,0,0,0.138974102643444,7,0,0,,,mixture/5.0/10/5/29
5.0,10,5,29,1000,800,constant,pam,0,0,0.27921051483720294,7,0,0,1,0,mixture/5.0/10/5/29
10.0,2,5,0,1000,800,constant,single,0,1,1.0,2,1,1,,,mixture/10.0/2/5/0
10.0,2,5,0,1000,800,constant,complete,0,1,1.0,2,1,1,,,mixture/10.0/2/5/0
10.0,2,5,0,1000,800,constant,average,0,1,1.0,2,1,1,,,mixture/10.0/2/5/0
10.0,2,5,0,1000,800,constant,pam,0,1,1.0,2,1,1,1,0,mixture/10.0/2/5/0
10.0,2,5,1,1000,800,constant,single,0,0,-4.950523517851826e-05,60,0,0,,,mixture/10.0/2/5/1
10.0,2,5,1,1000,800,constant,complete,0,0,0.16939827316702133,60,0,0,,,mixture/10.0/2/5/1
10.0,2,5,1,1000,800,constant,average,0,0,-4.950523517851826e-05,60,0,0,,,mixture/10.0/2/5/1
10.0,2,5,1,1000,800,constant,pam,0,0,0.008845938169496307,60,0,0,1,0,mixture/10.0/2/5/1
10.0,2,5,2,1000,800,constant,single,0,0,-0.0002606611867219035,12,0,0,,,mixture/10.0/2/5/2
10.0,2,5,2,1000,800,constant,complete,0,0,0.9900124738797406,12,0,0,,,mixture/10.0/2/5/2
10.0,2,5,2,1000,800,constant,average,0,0,0.9900124840988234,12,0,0,,,mixture/10.0/2/5/2
10.0,2,5,2,1000,800,constant,pam,0,0,0.7918398090099318,12,0,0,1,0,mixture/10.0/2/5/2
10.0,2,5,3,1000,800,constant,single,0,0,0.0003908277093799768,14,0,0,,,mixture/10.0/2/5/3
10.0,2,5,3,1000,800,constant,complete,0,0,0.9949999267017345,14,0,0,,,mixture/10.0/2/5/3
10.0,2,5,3,1000,800,constant,average,0,0,0.0003908277093799768,14,0,0,,,mixture/10.0/2/5/3
10.0,2,5,3,1000,800,constant,pam,0,0,0.6843019190730931,14,0,0,1,0,mixture/10.0/2/5/3
10.0,2,5,4,1000,800,constant,single,0,0,-2.4875774258357374e-05,29,0,0,,,mixture/10.0/2/5/4
10.0,2,5,4,1000,800,constant,complete,0,0,0.9167020004293862,29,0,0,,,mixture/10.0/2/5/4
10.0,2,5,4,1000,800,constant,average,0,0,-2.4875774258357374e-05,29,0,0,,,mixture/10.0/2/5/4
10.0,2,5,4,1000,800,constant,pam,0,0,0.6040242995623722,29,0,0,1,0,mixture/10.0/2/5/4
10.0,2,5,5,1000,800,constant,single,0,0,0.00010204125017542707,9,0,0,,,mixture/10.0/2/5/5
10.0,2,5,5,1000,800,constant,complete,0,1,1.0,9,0,0,,,mixture/10.0/2/5/5
10.0,2,5,5,1000,800,constant,average,0,0,0.9900125084105192,9,0,0,,,mixture/10.0/2/5/5
10.0,2,5,5,1000,800,constant,pam,0,0,0.8416095096334048,9,0,0,1,0,mixture/10.0/2/5/5
10.0,2,5,6,1000,800,constant,single,0,0,-0.00016908214676517212,18,0,0,,,mixture/10.0/2/5/6
10.0,2,5,6,1000,800,constant,complete,0,0,0.4315970738904363,18,0,0,,,mixture/10.0/2/5/6
10.0,2,5,6,1000,800,constant,average,0,0,-0.00016908214676517212,18,0,0,,,mixture/10.0/2/5/6
10.0,2,5,6,1000,800,constant,pam,0,0,0.010319248307155146,18,0,0,1,0,mixture/10.0/2/5/6
10.0,2,5,7,1000,800,constant,single,0,0,0.00016795881921272495,43,0,0,,,mixture/10.0/2/5/7
10.0,2,5,7,1000,800,constant,complete,0,0,0.8740676653531384,43,0,0,,,mixture/10.0/2/5/7
10.0,2,5,7,1000,800,constant,average,0,0,0.0003484336321752948,43,0,0,,,mixture/10.0/2/5/7
10.0,2,5,7,1000,800,constant,pam,0,0,0.08588479541050698,43,0,0,1,0,mixture/10.0/2/5/7
10.0,2,5,8,1000,800,constant,single,0,0,0.00015463944612036445,31,0,0,,,mixture/10.0/2/5/8
10.0,2,5,8,1000,800,constant,complete,0,0,0.9701877257769693,31,0,0,,,mixture/10.0/2/5/8
10.0,2,5,8,1000,800,constant,average,0,0,0.9800750879248259,31,0,0,,,mixture/10.0/2/5/8
10.0,2,5,8,1000,800,constant,pam,0,0,0.7741175658205315,31,0,0,1,0,mixture/10.0/2/5/8
10.0,2,5,9,1000,800,constant,single,0,0,-4.950523517851826e-05,6,0,0,,,mixture/10.0/2/5/9
10.0,2,5,9,1000,800,constant,complete,0,0,0.9900125038423074,6,0,0,,,mixture/10.0/2/5/9
10.0,2,5,9,1000,800,constant,average,0,0,-0.00011096982744711641,6,0,0,,,mixture/10.0/2/5/9
10.0,2,5,9,1000,800,constant,pam,0,0,0.6843671627056267,6,0,0,1,0,mixture/10.0/2/5/9
10.0,2,5,10,1000,800,constant,single,0,0,2.512578204008241e-05,28,0,0,,,mixture/10.0/2/5/10
10.0,2,5,10,1000,800,constant,complete,0,0,0.2155134707179412,28,0,0,,,mixture/10.0/2/5/10
10.0,2,5,10,1000,800,constant,average,0,0,0.0001129258879600569,28,0,0,,,mixture/10.0/2/5/10
10.0,2,5,10,1000,800,constant,pam,0,0,0.014430693528636324,28,0,0,1,0,mixture/10.0/2/5/10
10.0,2,5,11,1000,800,constant,single,0,0,0.00011508994227417374,4,0,0,,,mixture/10.0/2/5/11
10.0,2,5,11,1000,800,constant,complete,0,0,0.9949999968311433,4,0,0,,,mixture/10.0/2/5/11
10.0,2,5,11,1000,800,constant,average,0,0,0.00011508994227417374,4,0,0,,,mixture/10.0/2/5/11
10.0,2,5,11,1000,800,constant,pam,0,0,0.033954286159611914,4,0,0,1,0,mixture/10.0/2/5/11
10.0,2,5,12,1000,800,constant,single,0,0,-8.59954919106542e-05,9,0,0,,,mixture/10.0/2/5/12
10.0,2,5,12,1000,800,constant,complete,0,0,0.9652628277140366,9,0,0,,,mixture/10.0/2/5/12
10.0,2,5,12,1000,800,constant,average,0,0,-0.00022044143808452955,9,0,0,,,mixture/10.0/2/5/12
10.0,2,5,12,1000,800,constant,pam,0,0,0.4617453932856042,9,0,0,1,0,mixture/10.0/2/5/12
10.0,2,5,13,1000,800,constant,single,0,0,-0.00016908214676517212,7,0,0,,,mixture/10.0/2/5/13
10.0,2,5,13,1000,800,constant,complete,0,0,0.9850375471422599,7,0,0,,,mixture/10.0/2/5/13
10.0,2,5,13,1000,800,constant,average,0,0,-0.00016908214676517212,7,0,0,,,mixture/10.0/2/5/13
10.0,2,5,13,1000,800,constant,pam,0,0,0.5962518706181059,7,0,0,1,0,mixture/10.0/2/5/13
10.0,2,5,14,1000,800,constant,single,0,0,0.00023560117943375396,32,0,0,,,mixture/10.0/2/5/14
10.0,2,5,14,1000,800,constant,complete,0,0,0.9701877352473948,32,0,0,,,mixture/10.0/2/5/14
10.0,2,5,14,1000,800,constant,average,0,0,0.00023560117943375396,32,0,0,,,mixture/10.0/2/5/14
10.0,2,5,14,1000,800,constant,pam,0,0,0.5507347306683893,32,0,0,1,0,mixture/10.0/2/5/14
10.0,2,5,15,1000,800,constant,single,0,0,-0.00012195160084928345,148,0,0,,,mixture/10.0/2/5/15
10.0,2,5,15,1000,800,constant,complete,0,0,0.8370219760930598,148,0,0,,,mixture/10.0/2/5/15
10.0,2,5,15,1000,800,constant,average,0,0,-0.0002313882397383669,148,0,0,,,mixture/10.0/2/5/15
10.0,2,5,15,1000,800,constant,pam,0,0,0.6355504386009998,148,0,0,1,0,mixture/10.0/2/5/15
10.0,2,5,16,1000,800,constant,single,0,0,-0.00014563132304573113,10,0,0,,,mixture/10.0/2/5/16
10.0,2,5,16,1000,800,constant,complete,0,0,0.945688351041323,10,0,0,,,mixture/10.0/2/5/16
10.0,2,5,16,1000,800,constant,average,0,0,-0.00014563132304573113,10,0,0,,,mixture/10.0/2/5/16
10.0,2,5,16,1000,800,constant,pam,0,0,0.43820748540399407,10,0,0,1,0,mixture/10.0/2/5/16
10.0,2,5,17,1000,800,constant,single,0,0,0.00011508994227417374,3,0,0,,,mixture/10.0/2/5/17
10.0,2,5,17,1000,800,constant,complete,0,1,1.0,3,0,0,,,mixture/10.0/2/5/17
10.0,2,5,17,1000,800,constant,average,0,1,1.0,3,0,0,,,mixture/10.0/2/5/17
10.0,2,5,17,1000,800,constant,pam,0,0,0.9850375430289969,3,0,0,1,0,mixture/10.0/2/5/17
10.0,2,5,18,1000,800,constant,single,0,0,-0.00015738514052170558,2,1,0,,,mixture/10.0/2/5/18
10.0,2,5,18,1000,800,constant,complete,0,1,1.0,2,1,1,,,mixture/10.0/2/5/18
10.0,2,5,18,1000,800,constant,average,0,0,-0.00030225491673569735,2,1,0,,,mixture/10.0/2/5/18
10.0,2,5,18,1000,800,constant,pam,0,0,0.7829539263555643,2,1,0,1,0,mixture/10.0/2/5/18
10.0,2,5,19,1000,800,constant,single,0,0,-0.00012195160084928345,2,1,0,,,mixture/10.0/2/5/19
10.0,2,5,19,1000,800,constant,complete,0,1,1.0,2,1,1,,,mixture/10.0/2/5/19
10.0,2,5,19,1000,800,constant,average,0,1,1.0,2,1,1,,,mixture/10.0/2/5/19
10.0,2,5,19,1000,800,constant,pam,0,0,0.8976282536862883,2,1,0,1,0,mixture/10.0/2/5/19
10.0,2,5,20,1000,800,constant,single,0,0,-1.2468905471635996e-05,51,0,0,,,mixture/10.0/2/5/20
10.0,2,5,20,1000,800,constant,complete,0,0,0.9311388426236441,51,0,0,,,mixture/10.0/2/5/20
10.0,2,5,20,1000,800,constant,average,0,0,-1.2468905471635996e-05,51,0,0,,,mixture/10.0/2/5/20
10.0,2,5,20,1000,800,constant,pam,0,0,0.009788476419484084,51,0,0,1,0,mixture/10.0/2/5/20
10.0,2,5,21,1000,800,constant,single,0,0,-0.00014563132304573113,3,0,0,,,mixture/10.0/2/5/21
10.0,2,5,21,1000,800,constant,complete,0,1,1.0,3,0,0,,,mixture/10.0/2/5/21
10.0,2,5,21,1000,800,constant,average,0,1,1.0,3,0,0,,,mixture/10.0/2/5/21
10.0,2,5,21,1000,800,constant,pam,0,0,0.9652628194704985,3,0,0,1,0,mixture/10.0/2/5/21
10.0,2,5,22,1000,800,constant,single,0,0,-0.0001923073552303222,8,0,0,,,mixture/10.0/2/5/22
10.0,2,5,22,1000,800,constant,complete,0,0,0.9603504133535573,8,0,0,,,mixture/10.0/2/5/22
10.0,2,5,22,1000,800,constant,average,0,0,0.9800750884491649,8,0,0,,,mixture/10.0/2/5/22
10.0,2,5,22,1000,800,constant,pam,0,0,0.8693928076445769,8,0,0,1,0,mixture/10.0/2/5/22
10.0,2,5,23,1000,800,constant,single,0,0,-0.00013382028195716762,10,0,0,,,mixture/10.0/2/5/23
10.0,2,5,23,1000,800,constant,complete,0,0,0.5214087147790608,10,0,0,,,mixture/10.0/2/5/23
10.0,2,5,23,1000,800,constant,average,0,0,-0.00013382028195716762,10,0,0,,,mixture/10.0/2/5/23
10.0,2,5,23,1000,800,constant,pam,0,0,0.003682952862357723,10,0,0,1,0,mixture/10.0/2/5/23
10.0,2,5,24,1000,800,constant,single,0,0,6.329148541990775e-05,17,0,0,,,mixture/10.0/2/5/24
10.0,2,5,24,1000,800,constant,complete,0,0,0.9505631447161074,17,0,0,,,mixture/10.0/2/5/24
10.0,2,5,24,1000,800,constant,average,0,0,0.00032826557926195346,17,0,0,,,mixture/10.0/2/5/24
10.0,2,5,24,1000,800,constant,pam,0,0,0.6435721811949294,17,0,0,1,0,mixture/10.0/2/5/24
10.0,2,5,25,1000,800,constant,single,0,0,0.00015463944612036445,9,0,0,,,mixture/10.0/2/5/25
10.0,2,5,25,1000,800,constant,complete,0,0,0.9701877383294846,9,0,0,,,mixture/10.0/2/5/25
10.0,2,5,25,1000,800,constant,average,0,0,0.00032179512095791403,9,0,0,,,mixture/10.0/2/5/25
10.0,2,5,25,1000,800,constant,pam,0,0,0.8324474144180524,9,0,0,1,0,mixture/10.0/2/5/25
10.0,2,5,26,1000,800,constant,single,0,0,-2.4875774258357374e-05,11,0,0,,,mixture/10.0/2/5/26
10.0,2,5,26,1000,800,constant,complete,0,0,0.9900125015394264,11,0,0,,,mixture/10.0/2/5/26
10.0,2,5,26,1000,800,constant,average,0,0,0.9900125003128916,11,0,0,,,mixture/10.0/2/5/26
10.0,2,5,26,1000,800,constant,pam,0,0,0.8508203804325054,11,0,0,1,0,mixture/10.0/2/5/26
10.0,2,5,27,1000,800,constant,single,0,0,-6.172873269349027e-05,37,0,0,,,mixture/10.0/2/5/27
10.0,2,5,27,1000,800,constant,complete,0,0,0.9119149908049617,37,0,0,,,mixture/10.0/2/5/27
10.0,2,5,27,1000,800,constant,average,0,0,-0.00011094235767044309,37,0,0,,,mixture/10.0/2/5/27
10.0,2,5,27,1000,800,constant,pam,0,0,0.43821618620967445,37,0,0,1,0,mixture/10.0/2/5/27
10.0,2,5,28,1000,800,constant,single,0,0,0.00022193149651865578,3,0,0,,,mixture/10.0/2/5/28
10.0,2,5,28,1000,800,constant,complete,0,1,1.0,3,0,0,,,mixture/10.0/2/5/28
10.0,2,5,28,1000,800,constant,average,0,0,0.9949999990241242,3,0,0,,,mixture/10.0/2/5/28
10.0,2,5,28,1000,800,constant,pam,0,0,0.883453781313689,3,0,0,1,0,mixture/10.0/2/5/28
10.0,2,5,29,1000,800,constant,single,0,0,-0.00011002485923976078,58,0,0,,,mixture/10.0/2/5/29
10.0,2,5,29,1000,800,constant,complete,0,0,0.4893854995535195,58,0,0,,,mixture/10.0/2/5/29
10.0,2,5,29,1000,800,constant,average,0,0,-0.00020753479758894936,58,0,0,,,mixture/10.0/2/5/29
10.0,2,5,29,1000,800,constant,pam,0,0,0.041861698717596624,58,0,0,1,0,mixture/10.0/2/5/29
10.0,3,5,0,1000,800,constant,single,0,0,-0.00020280865693706065,8,0,0,,,mixture/10.0/3/5/0
10.0,3,5,0,1000,800,constant,complete,0,0,0.8864704809595879,8,0,0,,,mixture/10.0/3/5/0
10.0,3,5,0,1000,800,constant,average,0,0,0.5582447788156182,8,0,0,,,mixture/10.0/3/5/0
10.0,3,5,0,1000,800,constant,pam,0,0,0.5695637586149008,8,0,0,1,0,mixture/10.0/3/5/0
10.0,3,5,1,1000,800,constant,single,0,0,0.00043109214460589426,2,0,0,,,mixture/10.0/3/5/1
10.0,3,5,1,1000,800,constant,complete,0,0,0.9963475359114466,2,0,0,,,mixture/10.0/3/5/1
10.0,3,5,1,1000,800,constant,average,0,0,0.5902465374017305,2,0,0,,,mixture/10.0/3/5/1
10.0,3,5,1,1000,800,constant,pam,0,0,0.529611088474201,2,0,0,1,0,mixture/10.0/3/5/1
10.0,3,5,2,1000,800,constant,single,0,0,-0.000404041083507255,44,0,0,,,mixture/10.0/3/5/2
10.0,3,5,2,1000,800,constant,complete,0,0,0.6371626676637723,44,0,0,,,mixture/10.0/3/5/2
10.0,3,5,2,1000,800,constant,average,0,0,-0.0005911081410548438,44,0,0,,,mixture/10.0/3/5/2
10.0,3,5,2,1000,800,constant,pam,0,0,0.18650812292686667,44,0,0,1,0,mixture/10.0/3/5/2
10.0,3,5,3,1000,800,constant,single,0,0,-0.000326600972908346,3,1,0,,,mixture/10.0/3/5/3
10.0,3,5,3,1000,800,constant,complete,0,0,0.45418193367304716,3,1,0,,,mixture/10.0/3/5/3
10.0,3,5,3,1000,800,constant,average,0,0,0.5874995307052806,3,1,0,,,mixture/10.0/3/5/3
10.0,3,5,3,1000,800,constant,pam,0,0,0.6625673090899441,3,1,0,1,0,mixture/10.0/3/5/3
10.0,3,5,4,1000,800,constant,single,0,0,-0.00046136446171645394,11,0,0,,,mixture/10.0/3/5/4
10.0,3,5,4,1000,800,constant,complete,0,0,0.9281728034380091,11,0,0,,,mixture/10.0/3/5/4
10.0,3,5,4,1000,800,constant,average,0,0,0.0004796231573296622,11,0,0,,,mixture/10.0/3/5/4
10.0,3,5,4,1000,800,constant,pam,0,0,0.4075502781476654,11,0,0,1,0,mixture/10.0/3/5/4
10.0,3,5,5,1000,800,constant,single,0,0,-0.00026304164201069937,4,0,0,,,mixture/10.0/3/5/5
10.0,3,5,5,1000,800,constant,complete,0,0,0.9744748418234315,4,0,0,,,mixture/10.0/3/5/5
10.0,3,5,5,1000,800,constant,average,0,0,0.5835895295373803,4,0,0,,,mixture/10.0/3/5/5
10.0,3,5,5,1000,800,constant,pam,0,0,0.7376857240757002,4,0,0,1,0,mixture/10.0/3/5/5
10.0,3,5,6,1000,800,constant,single,0,0,-9.530594775246853e-06,13,0,0,,,mixture/10.0/3/5/6
10.0,3,5,6,1000,800,constant,complete,0,1,1.0,13,0,0,,,mixture/10.0/3/5/6
10.0,3,5,6,1000,800,constant,average,0,0,0.5719380366365138,13,0,0,,,mixture/10.0/3/5/6
10.0,3,5,6,1000,800,constant,pam,0,0,0.8397080596542902,13,0,0,1,0,mixture/10.0/3/5/6
10.0,3,5,7,1000,800,constant,single,0,0,-3.700934493100592e-05,72,0,0,,,mixture/10.0/3/5/7
10.0,3,5,7,1000,800,constant,complete,0,0,0.40904413693738984,72,0,0,,,mixture/10.0/3/5/7
10.0,3,5,7,1000,800,constant,average,0,0,5.870914100537312e-07,72,0,0,,,mixture/10.0/3/5/7
10.0,3,5,7,1000,800,constant,pam,0,0,0.13829439023988355,72,0,0,1,0,mixture/10.0/3/5/7
10.0,3,5,8,1000,800,constant,single,0,0,0.000545067557153278,24,0,0,,,mixture/10.0/3/5/8
10.0,3,5,8,1000,800,constant,complete,0,0,0.4031697562074532,24,0,0,,,mixture/10.0/3/5/8
10.0,3,5,8,1000,800,constant,average,0,0,0.000545067557153278,24,0,0,,,mixture/10.0/3/5/8
10.0,3,5,8,1000,800,constant,pam,0,0,0.09414195412794421,24,0,0,1,0,mixture/10.0/3/5/8
10.0,3,5,9,1000,800,constant,single,0,0,-0.0003947413631282488,122,0,0,,,mixture/10.0/3/5/9
10.0,3,5,9,1000,800,constant,complete,0,0,0.5669440013424314,122,0,0,,,mixture/10.0/3/5/9
10.0,3,5,9,1000,800,constant,average,0,0,-0.0013392941281638235,122,0,0,,,mixture/10.0/3/5/9
10.0,3,5,9,1000,800,constant,pam,0,0,0.09664564606823135,122,0,0,1,0,mixture/10.0/3/5/9
10.0,3,5,10,1000,800,constant,single,0,0,8.307227027194448e-05,38,0,0,,,mixture/10.0/3/5/10
10.0,3,5,10,1000,800,constant,complete,0,0,0.887794252520614,38,0,0,,,mixture/10.0/3/5/10
10.0,3,5,10,1000,800,constant,average,0,0,0.5465454609991182,38,0,0,,,mixture/10.0/3/5/10
10.0,3,5,10,1000,800,constant,pam,0,0,0.43991406328724847,38,0,0,1,0,mixture/10.0/3/5/10
10.0,3,5,11,1000,800,constant,single,0,0,0.0003517861715957864,28,0,0,,,mixture/10.0/3/5/11
10.0,3,5,11,1000,800,constant,complete,0,0,0.4219787766941409,28,0,0,,,mixture/10.0/3/5/11
10.0,3,5,11,1000,800,constant,average,0,0,-1.166925069308441e-05,28,0,0,,,mixture/10.0/3/5/11
10.0,3,5,11,1000,800,constant,pam,0,0,0.11195050428399161,28,0,0,1,0,mixture/10.0/3/5/11
10.0,3,5,12,1000,800,constant,single,0,0,-0.0003906703453253753,18,0,0,,,mixture/10.0/3/5/12
10.0,3,5,12,1000,800,constant,complete,0,1,1.0,18,0,0,,,mixture/10.0/3/5/12
10.0,3,5,12,1000,800,constant,average,0,0,0.9962585079058963,18,0,0,,,mixture/10.0/3/5/12
10.0,3,5,12,1000,800,constant,pam,0,0,0.8139914494166572,18,0,0,0,1,mixture/10.0/3/5/12
10.0,3,5,13,1000,800,constant,single,0,0,-0.0004813364137136636,16,0,0,,,mixture/10.0/3/5/13
10.0,3,5,13,1000,800,constant,complete,0,0,0.7680279097262883,16,0,0,,,mixture/10.0/3/5/13
10.0,3,5,13,1000,800,constant,average,0,0,-0.000921045325864376,16,0,0,,,mixture/10.0/3/5/13
10.0,3,5,13,1000,800,constant,pam,0,0,0.3321046746429706,16,0,0,1,0,mixture/10.0/3/5/13
10.0,3,5,14,1000,800,constant,single,0,0,0.00017192052548007267,5,0,0,,,mixture/10.0/3/5/14
10.0,3,5,14,1000,800,constant,complete,0,0,0.9961876069084225,5,0,0,,,mixture/10.0/3/5/14
10.0,3,5,14,1000,800,constant,average,0,0,0.5405268417178503,5,0,0,,,mixture/10.0/3/5/14
10.0,3,5,14,1000,800,constant,pam,0,0,0.6723508844735575,5,0,0,1,0,mixture/10.0/3/5/14
10.0,3,5,15,1000,800,constant,single,0,0,7.824113242448244e-05,10,0,0,,,mixture/10.0/3/5/15
10.0,3,5,15,1000,800,constant,complete,0,1,1.0,10,0,0,,,mixture/10.0/3/5/15
10.0,3,5,15,1000,800,constant,average,0,0,0.996244230372238,10,0,0,,,mixture/10.0/3/5/15
10.0,3,5,15,1000,800,constant,pam,0,0,0.7834027331892242,10,0,0,1,0,mixture/10.0/3/5/15
10.0,3,5,16,1000,800,constant,single,0,0,-1.4928359094771446e-05,41,0,0,,,mixture/10.0/3/5/16
10.0,3,5,16,1000,800,constant,complete,0,0,0.9367443771771357,41,0,0,,,mixture/10.0/3/5/16
10.0,3,5,16,1000,800,constant,average,0,0,0.5399411490055083,41,0,0,,,mixture/10.0/3/5/16
10.0,3,5,16,1000,800,constant,pam,0,0,0.5881805173753732,41,0,0,1,0,mixture/10.0/3/5/16
10.0,3,5,17,1000,800,constant,single,0,0,0.00013550638003408824,29,0,0,,,mixture/10.0/3/5/17
10.0,3,5,17,1000,800,constant,complete,0,0,0.8393375970350907,29,0,0,,,mixture/10.0/3/5/17
10.0,3,5,17,1000,800,constant,average,0,0,0.515290634285277,29,0,0,,,mixture/10.0/3/5/17
10.0,3,5,17,1000,800,constant,pam,0,0,0.4799639804490408,29,0,0,1,0,mixture/10.0/3/5/17
10.0,3,5,18,1000,800,constant,single,0,0,0.0003965640409611408,13,0,0,,,mixture/10.0/3/5/18
10.0,3,5,18,1000,800,constant,complete,0,0,0.45933887822529923,13,0,0,,,mixture/10.0/3/5/18
10.0,3,5,18,1000,800,constant,average,0,0,0.0033730788793400767,13,0,0,,,mixture/10.0/3/5/18
10.0,3,5,18,1000,800,constant,pam,0,0,0.23734835301754384,13,0,0,1,0,mixture/10.0/3/5/18
10.0,3,5,19,1000,800,constant,single,0,0,4.393833649139084e-05,86,0,0,,,mixture/10.0/3/5/19
10.0,3,5,19,1000,800,constant,complete,0,0,0.958845466995668,86,0,0,,,mixture/10.0/3/5/19
10.0,3,5,19,1000,800,constant,average,0,0,0.543383027067783,86,0,0,,,mixture/10.0/3/5/19
10.0,3,5,19,1000,800,constant,pam,0,0,0.6577880003477226,86,0,0,1,0,mixture/10.0/3/5/19
10.0,3,5,20,1000,800,constant,single,0,0,0.0002310659109412919,7,0,0,,,mixture/10.0/3/5/20
10.0,3,5,20,1000,800,constant,complete,0,0,0.5985940715101249,7,0,0,,,mixture/10.0/3/5/20
10.0,3,5,20,1000,800,constant,average,0,0,0.0005010258889468116,7,0,0,,,mixture/10.0/3/5/20
10.0,3,5,20,1000,800,constant,pam,0,0,0.4366314580479833,7,0,0,1,0,mixture/10.0/3/5/20
10.0,3,5,21,1000,800,constant,single,0,0,0.00012535884408078446,16,0,0,,,mixture/10.0/3/5/21
10.0,3,5,21,1000,800,constant,complete,0,0,0.549968705324358,16,0,0,,,mixture/10.0/3/5/21
10.0,3,5,21,1000,800,constant,average,0,0,0.5505711806224458,16,0,0,,,mixture/10.0/3/5/21
10.0,3,5,21,1000,800,constant,pam,0,0,0.3931062350134054,16,0,0,1,0,mixture/10.0/3/5/21
10.0,3,5,22,1000,800,constant,single,0,0,0.00010524428924255426,10,0,0,,,mixture/10.0/3/5/22
10.0,3,5,22,1000,800,constant,complete,0,0,0.9881967370861232,10,0,0,,,mixture/10.0/3/5/22
10.0,3,5,22,1000,800,constant,average,0,0,0.9812480240015965,10,0,0,,,mixture/10.0/3/5/22
10.0,3,5,22,1000,800,constant,pam,0,0,0.7371842756870376,10,0,0,1,0,mixture/10.0/3/5/22
10.0,3,5,23,1000,800,constant,single,0,0,-0.00020926208270690075,5,0,0,,,mixture/10.0/3/5/23
10.0,3,5,23,1000,800,constant,complete,0,0,0.7956402445851019,5,0,0,,,mixture/10.0/3/5/23
10.0,3,5,23,1000,800,constant,average,0,0,0.5705200949756067,5,0,0,,,mixture/10.0/3/5/23
10.0,3,5,23,1000,800,constant,pam,0,0,0.5335931170238057,5,0,0,1,0,mixture/10.0/3/5/23
10.0,3,5,24,1000,800,constant,single,0,0,-0.00033892262820504096,107,0,0,,,mixture/10.0/3/5/24
10.0,3,5,24,1000,800,constant,complete,0,0,0.41064265721083754,107,0,0,,,mixture/10.0/3/5/24
10.0,3,5,24,1000,800,constant,average,0,0,-0.0004933149720236802,107,0,0,,,mixture/10.0/3/5/24
10.0,3,5,24,1000,800,constant,pam,0,0,0.15742248393874772,107,0,0,1,0,mixture/10.0/3/5/24
10.0,3,5,25,1000,800,constant,single,0,0,9.55263938915582e-05,29,0,0,,,mixture/10.0/3/5/25
10.0,3,5,25,1000,800,constant,complete,0,0,0.40186595622001603,29,0,0,,,mixture/10.0/3/5/25
10.0,3,5,25,1000,800,constant,average,0,0,0.00023555697649530312,29,0,0,,,mixture/10.0/3/5/25
10.0,3,5,25,1000,800,constant,pam,0,0,0.09066745940395646,29,0,0,1,0,mixture/10.0/3/5/25
10.0,3,5,26,1000,800,constant,single,0,0,0.00033204199314750606,32,0,0,,,mixture/10.0/3/5/26
10.0,3,5,26,1000,800,constant,complete,0,0,0.4286199968527161,32,0,0,,,mixture/10.0/3/5/26
10.0,3,5,26,1000,800,constant,average,0,0,0.0013367103430366428,32,0,0,,,mixture/10.0/3/5/26
10.0,3,5,26,1000,800,constant,pam,0,0,0.20571549429778688,32,0,0,1,0,mixture/10.0/3/5/26
10.0,3,5,27,1000,800,constant,single,0,0,0.0002915000016738753,4,0,0,,,mixture/10.0/3/5/27
10.0,3,5,27,1000,800,constant,complete,0,0,0.43978470227717736,4,0,0,,,mixture/10.0/3/5/27
10.0,3,5,27,1000,800,constant,average,0,0,0.5490485078085233,4,0,0,,,mixture/10.0/3/5/27
10.0,3,5,27,1000,800,constant,pam,0,0,0.710031498554262,4,0,0,1,0,mixture/10.0/3/5/27
10.0,3,5,28,1000,800,constant,single,0,0,0.00033204199314750606,20,0,0,,,mixture/10.0/3/5/28
10.0,3,5,28,1000,800,constant,complete,0,1,1.0,20,0,0,,,mixture/10.0/3/5/28
10.0,3,5,28,1000,800,constant,average,0,0,0.5401754734452219,20,0,0,,,mixture/10.0/3/5/28
10.0,3,5,28,1000,800,constant,pam,0,0,0.8258532513860178,20,0,0,1,0,mixture/10.0/3/5/28
10.0,3,5,29,1000,800,constant,single,0,0,0.0003225454804128273,14,0,0,,,mixture/10.0/3/5/29
10.0,3,5,29,1000,800,constant,complete,0,0,0.9658782863036298,14,0,0,,,mixture/10.0/3/5/29
10.0,3,5,29,1000,800,constant,average,0,0,0.5478774840868433,14,0,0,,,mixture/10.0/3/5/29
10.0,3,5,29,1000,800,constant,pam,0,0,0.41810976391269145,14,0,0,1,0,mixture/10.0/3/5/29
10.0,4,5,0,1000,800,constant,single,0,0,-0.0001181921586019801,27,0,0,,,mixture/10.0/4/5/0
10.0,4,5,0,1000,800,constant,complete,0,0,0.9428160795772381,27,0,0,,,mixture/10.0/4/5/0
10.0,4,5,0,1000,800,constant,average,0,0,0.7181644700936519,27,0,0,,,mixture/10.0/4/5/0
10.0,4,5,0,1000,800,constant,pam,0,0,0.6380171891368853,27,0,0,1,0,mixture/10.0/4/5/0
10.0,4,5,1,1000,800,constant,single,0,0,-0.0005278374746106381,15,0,0,,,mixture/10.0/4/5/1
10.0,4,5,1,1000,800,constant,complete,0,0,0.6089127431716186,15,0,0,,,mixture/10.0/4/5/1
10.0,4,5,1,1000,800,constant,average,0,0,0.3219192304031599,15,0,0,,,mixture/10.0/4/5/1
10.0,4,5,1,1000,800,constant,pam,0,0,0.24141032991601652,15,0,0,1,0,mixture/10.0/4/5/1
10.0,4,5,2,1000,800,constant,single,0,0,9.481342253773699e-05,27,0,0,,,mixture/10.0/4/5/2
10.0,4,5,2,1000,800,constant,complete,0,0,0.814935336481763,27,0,0,,,mixture/10.0/4/5/2
10.0,4,5,2,1000,800,constant,average,0,0,0.6609794643870466,27,0,0,,,mixture/10.0/4/5/2
10.0,4,5,2,1000,800,constant,pam,0,0,0.47558454935191846,27,0,0,1,0,mixture/10.0/4/5/2
10.0,4,5,3,1000,800,constant,single,0,0,-1.9374341083017205e-05,8,0,0,,,mixture/10.0/4/5/3
10.0,4,5,3,1000,800,constant,complete,0,0,0.8950568643982357,8,0,0,,,mixture/10.0/4/5/3
10.0,4,5,3,1000,800,constant,average,0,0,-3.065472721175079e-06,8,0,0,,,mixture/10.0/4/5/3
10.0,4,5,3,1000,800,constant,pam,0,0,0.3648504836254741,8,0,0,1,0,mixture/10.0/4/5/3
10.0,4,5,4,1000,800,constant,single,0,0,-2.3660878753358583e-05,3,0,0,,,mixture/10.0/4/5/4
10.0,4,5,4,1000,800,constant,complete,0,0,0.6540602207685472,3,0,0,,,mixture/10.0/4/5/4
10.0,4,5,4,1000,800,constant,average,0,0,0.00023684059124096676,3,0,0,,,mixture/10.0/4/5/4
10.0,4,5,4,1000,800,constant,pam,0,0,0.0943361453093662,3,0,0,1,0,mixture/10.0/4/5/4
10.0,4,5,5,1000,800,constant,single,0,0,-8.032472272194541e-05,78,0,0,,,mixture/10.0/4/5/5
10.0,4,5,5,1000,800,constant,complete,0,0,0.6411789022659448,78,0,0,,,mixture/10.0/4/5/5
10.0,4,5,5,1000,800,constant,average,0,0,0.3280835870480775,78,0,0,,,mixture/10.0/4/5/5
10.0,4,5,5,1000,800,constant,pam,0,0,0.41633987821059515,78,0,0,1,0,mixture/10.0/4/5/5
10.0,4,5,6,1000,800,constant,single,0,0,-2.237312755361596e-05,35,0,0,,,mixture/10.0/4/5/6
10.0,4,5,6,1000,800,constant,complete,0,0,0.5676653583965472,35,0,0,,,mixture/10.0/4/5/6
10.0,4,5,6,1000,800,constant,average,0,0,0.0007050171521274128,35,0,0,,,mixture/10.0/4/5/6
10.0,4,5,6,1000,800,constant,pam,0,0,0.26741425661097545,35,0,0,1,0,mixture/10.0/4/5/6
10.0,4,5,7,1000,800,constant,single,0,0,2.471183755124902e-05,3,0,0,,,mixture/10.0/4/5/7
10.0,4,5,7,1000,800,constant,complete,0,0,0.6416258146260558,3,0,0,,,mixture/10.0/4/5/7
10.0,4,5,7,1000,800,constant,average,0,0,5.190362232296048e-05,3,0,0,,,mixture/10.0/4/5/7
10.0,4,5,7,1000,800,constant,pam,0,0,0.29468345201596335,3,0,0,1,0,mixture/10.0/4/5/7
10.0,4,5,8,1000,800,constant,single,0,0,-5.2631019044254066e-05,4,1,0,,,mixture/10.0/4/5/8
10.0,4,5,8,1000,800,constant,complete,0,0,0.9375586884954985,4,1,0,,,mixture/10.0/4/5/8
10.0,4,5,8,1000,800,constant,average,0,0,0.31823309261511223,4,1,0,,,mixture/10.0/4/5/8
10.0,4,5,8,1000,800,constant,pam,0,0,0.6551612638893064,4,1,0,1,0,mixture/10.0/4/5/8
10.0,4,5,9,1000,800,constant,single,0,0,0.00012158437337374434,7,0,0,,,mixture/10.0/4/5/9
10.0,4,5,9,1000,800,constant,complete,0,0,0.6622121924683213,7,0,0,,,mixture/10.0/4/5/9
10.0,4,5,9,1000,800,constant,average,0,0,0.30252585414536315,7,0,0,,,mixture/10.0/4/5/9
10.0,4,5,9,1000,800,constant,pam,0,0,0.304765019567201,7,0,0,1,0,mixture/10.0/4/5/9
10.0,4,5,10,1000,800,constant,single,0,0,0.00010150805412779845,20,0,0,,,mixture/10.0/4/5/10
10.0,4,5,10,1000,800,constant,complete,0,0,0.5566207449607588,20,0,0,,,mixture/10.0/4/5/10
10.0,4,5,10,1000,800,constant,average,0,0,0.00030900204892488704,20,0,0,,,mixture/10.0/4/5/10
10.0,4,5,10,1000,800,constant,pam,0,0,0.1259943727073766,20,0,0,1,0,mixture/10.0/4/5/10
10.0,4,5,11,1000,800,constant,single,0,0,0.00022413945364220823,34,0,0,,,mixture/10.0/4/5/11
10.0,4,5,11,1000,800,constant,complete,0,0,0.9130342203193544,34,0,0,,,mixture/10.0/4/5/11
10.0,4,5,11,1000,800,constant,average,0,0,0.3130269704184879,34,0,0,,,mixture/10.0/4/5/11
10.0,4,5,11,1000,800,constant,pam,0,0,0.5803233605652302,34,0,0,1,0,mixture/10.0/4/5/11
10.0,4,5,12,1000,800,constant,single,0,0,0.0002189447047395394,48,0,0,,,mixture/10.0/4/5/12
10.0,4,5,12,1000,800,constant,complete,0,0,0.9057337871192208,48,0,0,,,mixture/10.0/4/5/12
10.0,4,5,12,1000,800,constant,average,0,0,0.33101383386609606,48,0,0,,,mixture/10.0/4/5/12
10.0,4,5,12,1000,800,constant,pam,0,0,0.5578280063875027,48,0,0,1,0,mixture/10.0/4/5/12
10.0,4,5,13,1000,800,constant,single,0,0,-5.9075545394682846e-05,7,0,0,,,mixture/10.0/4/5/13
10.0,4,5,13,1000,800,constant,complete,0,0,0.6420190100338198,7,0,0,,,mixture/10.0/4/5/13
10.0,4,5,13,1000,800,constant,average,0,0,0.31055123832273346,7,0,0,,,mixture/10.0/4/5/13
10.0,4,5,13,1000,800,constant,pam,0,0,0.34396104229432173,7,0,0,1,0,mixture/10.0/4/5/13
10.0,4,5,14,1000,800,constant,single,0,0,0.00016663494672198984,18,0,0,,,mixture/10.0/4/5/14
10.0,4,5,14,1000,800,constant,complete,0,0,0.8494331473957635,18,0,0,,,mixture/10.0/4/5/14
10.0,4,5,14,1000,800,constant,average,0,0,0.00035717135525627404,18,0,0,,,mixture/10.0/4/5/14
10.0,4,5,14,1000,800,constant,pam,0,0,0.49762072239352206,18,0,0,1,0,mixture/10.0/4/5/14
10.0,4,5,15,1000,800,constant,single,0,0,0.0006271360511494832,36,0,0,,,mixture/10.0/4/5/15
10.0,4,5,15,1000,800,constant,complete,0,0,0.5871643939278696,36,0,0,,,mixture/10.0/4/5/15
10.0,4,5,15,1000,800,constant,average,0,0,0.27978877358931414,36,0,0,,,mixture/10.0/4/5/15
10.0,4,5,15,1000,800,constant,pam,0,0,0.4015174325692191,36,0,0,1,0,mixture/10.0/4/5/15
10.0,4,5,16,1000,800,constant,single,0,0,-0.0004190595041929241,44,0,0,,,mixture/10.0/4/5/16
10.0,4,5,16,1000,800,constant,complete,0,0,0.23655755695279485,44,0,0,,,mixture/10.0/4/5/16
10.0,4,5,16,1000,800,constant,average,0,0,-0.0008513942505823668,44,0,0,,,mixture/10.0/4/5/16
10.0,4,5,16,1000,800,constant,pam,0,0,0.24111121792696,44,0,0,1,0,mixture/10.0/4/5/16
10.0,4,5,17,1000,800,constant,single,0,0,-0.0002973722281022419,27,0,0,,,mixture/10.0/4/5/17
10.0,4,5,17,1000,800,constant,complete,0,0,0.627166845554066,27,0,0,,,mixture/10.0/4/5/17
10.0,4,5,17,1000,800,constant,average,0,0,-0.0005029164816823704,27,0,0,,,mixture/10.0/4/5/17
10.0,4,5,17,1000,800,constant,pam,0,0,0.2951451848114116,27,0,0,1,0,mixture/10.0/4/5/17
10.0,4,5,18,1000,800,constant,single,0,0,3.150394924614803e-05,11,0,0,,,mixture/10.0/4/5/18
10.0,4,5,18,1000,800,constant,complete,0,0,0.47832027491892476,11,0,0,,,mixture/10.0/4/5/18
10.0,4,5,18,1000,800,constant,average,0,0,6.097473866530943e-05,11,0,0,,,mixture/10.0/4/5/18
10.0,4,5,18,1000,800,constant,pam,0,0,0.0419828218319075,11,0,0,1,0,mixture/10.0/4/5/18
10.0,4,5,19,1000,800,constant,single,0,0,-0.00027331770960308254,9,0,0,,,mixture/10.0/4/5/19
10.0,4,5,19,1000,800,constant,complete,0,0,0.9730749450449542,9,0,0,,,mixture/10.0/4/5/19
10.0,4,5,19,1000,800,constant,average,0,0,0.3809495944331005,9,0,0,,,mixture/10.0/4/5/19
10.0,4,5,19,1000,800,constant,pam,0,0,0.34052136909040415,9,0,0,1,0,mixture/10.0/4/5/19
10.0,4,5,20,1000,800,constant,single,0,0,0.0004675034138716154,34,0,0,,,mixture/10.0/4/5/20
10.0,4,5,20,1000,800,constant,complete,0,0,0.6119839241291761,34,0,0,,,mixture/10.0/4/5/20
10.0,4,5,20,1000,800,constant,average,0,0,0.0012500529041462834,34,0,0,,,mixture/10.0/4/5/20
10.0,4,5,20,1000,800,constant,pam,0,0,0.23754877819358639,34,0,0,1,0,mixture/10.0/4/5/20
10.0,4,5,21,1000,800,constant,single,0,0,-0.000155002197604137,8,0,0,,,mixture/10.0/4/5/21
10.0,4,5,21,1000,800,constant,complete,0,0,0.24705752742151757,8,0,0,,,mixture/10.0/4/5/21
10.0,4,5,21,1000,800,constant,average,0,0,0.3401645455477777,8,0,0,,,mixture/10.0/4/5/21
10.0,4,5,21,1000,800,constant,pam,0,0,0.46737657394056714,8,0,0,1,0,mixture/10.0/4/5/21
10.0,4,5,22,1000,800,constant,single,0,0,-2.480712718166175e-05,2,0,0,,,mixture/10.0/4/5/22
10.0,4,5,22,1000,800,constant,complete,0,0,0.533650957388219,2,0,0,,,mixture/10.0/4/5/22
10.0,4,5,22,1000,800,constant,average,0,0,8.99903871738961e-06,2,0,0,,,mixture/10.0/4/5/22
10.0,4,5,22,1000,800,constant,pam,0,0,0.09371222825658183,2,0,0,1,0,mixture/10.0/4/5/22
10.0,4,5,23,1000,800,constant,single,0,0,0.00038452246293028,51,0,0,,,mixture/10.0/4/5/23
10.0,4,5,23,1000,800,constant,complete,0,0,0.7919565742920277,51,0,0,,,mixture/10.0/4/5/23
10.0,4,5,23,1000,800,constant,average,0,0,0.4754262425134959,51,0,0,,,mixture/10.0/4/5/23
10.0,4,5,23,1000,800,constant,pam,0,0,0.4603086506074817,51,0,0,1,0,mixture/10.0/4/5/23
10.0,4,5,24,1000,800,constant,single,0,0,-0.00010470497258006971,7,0,0,,,mixture/10.0/4/5/24
10.0,4,5,24,1000,800,constant,complete,0,0,0.6854588866012402,7,0,0,,,mixture/10.0/4/5/24
10.0,4,5,24,1000,800,constant,average,0,0,-0.00012094074836344611,7,0,0,,,mixture/10.0/4/5/24
10.0,4,5,24,1000,800,constant,pam,0,0,0.3762244303215009,7,0,0,1,0,mixture/10.0/4/5/24
10.0,4,5,25,1000,800,constant,single,0,0,0.00046857564196053637,16,0,0,,,mixture/10.0/4/5/25
10.0,4,5,25,1000,800,constant,complete,0,0,0.5333668020905057,16,0,0,,,mixture/10.0/4/5/25
10.0,4,5,25,1000,800,constant,average,0,0,0.30149202619592813,16,0,0,,,mixture/10.0/4/5/25
10.0,4,5,25,1000,800,constant,pam,0,0,0.19490550386180794,16,0,0,1,0,mixture/10.0/4/5/25
10.0,4,5,26,1000,800,constant,single,0,0,-0.00026852864398022107,14,0,0,,,mixture/10.0/4/5/26
10.0,4,5,26,1000,800,constant,complete,0,0,0.9183129815758622,14,0,0,,,mixture/10.0/4/5/26
10.0,4,5,26,1000,800,constant,average,0,0,0.6663923877435332,14,0,0,,,mixture/10.0/4/5/26
10.0,4,5,26,1000,800,constant,pam,0,0,0.4250781698826999,14,0,0,1,0,mixture/10.0/4/5/26
10.0,4,5,27,1000,800,constant,single,0,0,-0.00019828604342068653,52,0,0,,,mixture/10.0/4/5/27
10.0,4,5,27,1000,800,constant,complete,0,0,0.5378243994604587,52,0,0,,,mixture/10.0/4/5/27
10.0,4,5,27,1000,800,constant,average,0,0,0.31420103235178815,52,0,0,,,mixture/10.0/4/5/27
10.0,4,5,27,1000,800,constant,pam,0,0,0.44178614107485936,52,0,0,1,0,mixture/10.0/4/5/27
10.0,4,5,28,1000,800,constant,single,0,0,0.0002820749611107586,26,0,0,,,mixture/10.0/4/5/28
10.0,4,5,28,1000,800,constant,complete,0,0,0.9356115162283444,26,0,0,,,mixture/10.0/4/5/28
10.0,4,5,28,1000,800,constant,average,0,0,0.4962609213836052,26,0,0,,,mixture/10.0/4/5/28
10.0,4,5,28,1000,800,constant,pam,0,0,0.769024142312872,26,0,0,1,0,mixture/10.0/4/5/28
10.0,4,5,29,1000,800,constant,single,0,0,0.0003806785739071188,35,0,0,,,mixture/10.0/4/5/29
10.0,4,5,29,1000,800,constant,complete,0,0,0.927540507416348,35,0,0,,,mixture/10.0/4/5/29
10.0,4,5,29,1000,800,constant,average,0,0,0.3090236881521292,35,0,0,,,mixture/10.0/4/5/29
10.0,4,5,29,1000,800,constant,pam,0,0,0.20719112108919166,35,0,0,1,0,mixture/10.0/4/5/29
10.0,5,5,0,1000,800,constant,single,0,0,-5.3493406151899186e-05,81,0,0,,,mixture/10.0/5/5/0
10.0,5,5,0,1000,800,constant,complete,0,0,0.5893110438008058,81,0,0,,,mixture/10.0/5/5/0
10.0,5,5,0,1000,800,constant,average,0,0,0.20121838163724814,81,0,0,,,mixture/10.0/5/5/0
10.0,5,5,0,1000,800,constant,pam,0,0,0.3464712097833304,81,0,0,1,0,mixture/10.0/5/5/0
10.0,5,5,1,1000,800,constant,single,0,0,1.5465301234183172e-05,4,0,0,,,mixture/10.0/5/5/1
10.0,5,5,1,1000,800,constant,complete,0,0,0.7511036188422453,4,0,0,,,mixture/10.0/5/5/1
10.0,5,5,1,1000,800,constant,average,0,0,0.0008155539122207409,4,0,0,,,mixture/10.0/5/5/1
10.0,5,5,1,1000,800,constant,pam,0,0,0.49690729153222174,4,0,0,1,0,mixture/10.0/5/5/1
10.0,5,5,2,1000,800,constant,single,0,0,1.76760549134894e-05,40,0,0,,,mixture/10.0/5/5/2
10.0,5,5,2,1000,800,constant,complete,0,0,0.8551044554588478,40,0,0,,,mixture/10.0/5/5/2
10.0,5,5,2,1000,800,constant,average,0,0,0.4695367238850091,40,0,0,,,mixture/10.0/5/5/2
10.0,5,5,2,1000,800,constant,pam,0,0,0.5284632396448826,40,0,0,1,0,mixture/10.0/5/5/2
10.0,5,5,3,1000,800,constant,single,0,0,0.00010445884528308468,17,0,0,,,mixture/10.0/5/5/3
10.0,5,5,3,1000,800,constant,complete,0,0,0.668171238032808,17,0,0,,,mixture/10.0/5/5/3
10.0,5,5,3,1000,800,constant,average,0,0,0.20645657461260472,17,0,0,,,mixture/10.0/5/5/3
10.0,5,5,3,1000,800,constant,pam,0,0,0.4652446663456094,17,0,0,1,0,mixture/10.0/5/5/3
10.0,5,5,4,1000,800,constant,single,0,0,-0.0004714933967000048,28,0,0,,,mixture/10.0/5/5/4
10.0,5,5,4,1000,800,constant,complete,0,0,0.6443554687607721,28,0,0,,,mixture/10.0/5/5/4
10.0,5,5,4,1000,800,constant,average,0,0,0.45268966170603064,28,0,0,,,mixture/10.0/5/5/4
10.0,5,5,4,1000,800,constant,pam,0,0,0.43013347437487043,28,0,0,1,0,mixture/10.0/5/5/4
10.0,5,5,5,1000,800,constant,single,0,0,0.0006335032371196923,11,0,0,,,mixture/10.0/5/5/5
10.0,5,5,5,1000,800,constant,complete,0,0,0.7375130679898442,11,0,0,,,mixture/10.0/5/5/5
10.0,5,5,5,1000,800,constant,average,0,0,0.0006535376721915695,11,0,0,,,mixture/10.0/5/5/5
10.0,5,5,5,1000,800,constant,pam,0,0,0.41491956850579337,11,0,0,1,0,mixture/10.0/5/5/5
10.0,5,5,6,1000,800,constant,single,0,0,0.00025903532004816306,51,0,0,,,mixture/10.0/5/5/6
10.0,5,5,6,1000,800,constant,complete,0,0,0.6074679479507618,51,0,0,,,mixture/10.0/5/5/6
10.0,5,5,6,1000,800,constant,average,0,0,0.19087196480889912,51,0,0,,,mixture/10.0/5/5/6
10.0,5,5,6,1000,800,constant,pam,0,0,0.1813467491142204,51,0,0,1,0,mixture/10.0/5/5/6
10.0,5,5,7,1000,800,constant,single,0,0,5.460422112722208e-05,19,0,0,,,mixture/10.0/5/5/7
10.0,5,5,7,1000,800,constant,complete,0,0,0.7401437604411953,19,0,0,,,mixture/10.0/5/5/7
10.0,5,5,7,1000,800,constant,average,0,0,0.4723795387548539,19,0,0,,,mixture/10.0/5/5/7
10.0,5,5,7,1000,800,constant,pam,0,0,0.3581887196033718,19,0,0,1,0,mixture/10.0/5/5/7
10.0,5,5,8,1000,800,constant,single,0,0,9.650630599763939e-05,25,0,0,,,mixture/10.0/5/5/8
10.0,5,5,8,1000,800,constant,complete,0,0,0.9654004476523089,25,0,0,,,mixture/10.0/5/5/8
10.0,5,5,8,1000,800,constant,average,0,0,0.7605308740478202,25,0,0,,,mixture/10.0/5/5/8
10.0,5,5,8,1000,800,constant,pam,0,0,0.7318949169065112,25,0,0,1,0,mixture/10.0/5/5/8
10.0,5,5,9,1000,800,constant,single,0,0,-0.00014085633203172345,17,0,0,,,mixture/10.0/5/5/9
10.0,5,5,9,1000,800,constant,complete,0,0,0.7394817533326788,17,0,0,,,mixture/10.0/5/5/9
10.0,5,5,9,1000,800,constant,average,0,0,0.20227093623632023,17,0,0,,,mixture/10.0/5/5/9
10.0,5,5,9,1000,800,constant,pam,0,0,0.3184077691428711,17,0,0,0,1,mixture/10.0/5/5/9
10.0,5,5,10,1000,800,constant,single,0,0,0.0003917863538032274,28,0,0,,,mixture/10.0/5/5/10
10.0,5,5,10,1000,800,constant,complete,0,0,0.11624945024363828,28,0,0,,,mixture/10.0/5/5/10
10.0,5,5,10,1000,800,constant,average,0,0,0.0012839072413760747,28,0,0,,,mixture/10.0/5/5/10
10.0,5,5,10,1000,800,constant,pam,0,0,0.05300036493350564,28,0,0,1,0,mixture/10.0/5/5/10
10.0,5,5,11,1000,800,constant,single,0,0,0.0002572193117751143,5,1,0,,,mixture/10.0/5/5/11
10.0,5,5,11,1000,800,constant,complete,0,0,0.7070432543322048,5,1,0,,,mixture/10.0/5/5/11
10.0,5,5,11,1000,800,constant,average,0,0,0.4735466366309644,5,1,0,,,mixture/10.0/5/5/11
10.0,5,5,11,1000,800,constant,pam,0,0,0.22014675445798434,5,1,0,1,0,mixture/10.0/5/5/11
10.0,5,5,12,1000,800,constant,single,0,0,-3.6472114737736184e-05,5,1,0,,,mixture/10.0/5/5/12
10.0,5,5,12,1000,800,constant,complete,0,0,0.3232893824807327,5,1,0,,,mixture/10.0/5/5/12
10.0,5,5,12,1000,800,constant,average,0,0,0.1828654121903079,5,1,0,,,mixture/10.0/5/5/12
10.0,5,5,12,1000,800,constant,pam,0,0,0.12473044541622996,5,1,0,1,0,mixture/10.0/5/5/12
10.0,5,5,13,1000,800,constant,single,0,0,0.00019787961435846588,22,0,0,,,mixture/10.0/5/5/13
10.0,5,5,13,1000,800,constant,complete,0,0,0.5102153825058793,22,0,0,,,mixture/10.0/5/5/13
10.0,5,5,13,1000,800,constant,average,0,0,0.3390417276547027,22,0,0,,,mixture/10.0/5/5/13
10.0,5,5,13,1000,800,constant,pam,0,0,0.2541134410851621,22,0,0,1,0,mixture/10.0/5/5/13
10.0,5,5,14,1000,800,constant,single,0,0,-0.0004212280045526231,59,0,0,,,mixture/10.0/5/5/14
10.0,5,5,14,1000,800,constant,complete,0,0,0.7230648713440478,59,0,0,,,mixture/10.0/5/5/14
10.0,5,5,14,1000,800,constant,average,0,0,0.4630338415801251,59,0,0,,,mixture/10.0/5/5/14
10.0,5,5,14,1000,800,constant,pam,0,0,0.5714434785981978,59,0,0,1,0,mixture/10.0/5/5/14
10.0,5,5,15,1000,800,constant,single,0,0,0.00027344196502602234,75,0,0,,,mixture/10.0/5/5/15
10.0,5,5,15,1000,800,constant,complete,0,0,0.6561222503531267,75,0,0,,,mixture/10.0/5/5/15
10.0,5,5,15,1000,800,constant,average,0,0,0.1911095589653178,75,0,0,,,mixture/10.0/5/5/15
10.0,5,5,15,1000,800,constant,pam,0,0,0.2541331601396246,75,0,0,1,0,mixture/10.0/5/5/15
10.0,5,5,16,1000,800,constant,single,0,0,0.0007100779706350449,55,0,0,,,mixture/10.0/5/5/16
10.0,5,5,16,1000,800,constant,complete,0,0,0.6491949880883596,55,0,0,,,mixture/10.0/5/5/16
10.0,5,5,16,1000,800,constant,average,0,0,0.1742550561357791,55,0,0,,,mixture/10.0/5/5/16
10.0,5,5,16,1000,800,constant,pam,0,0,0.271309773579739,55,0,0,1,0,mixture/10.0/5/5/16
10.0,5,5,17,1000,800,constant,single,0,0,0.0002745921226070645,53,0,0,,,mixture/10.0/5/5/17
10.0,5,5,17,1000,800,constant,complete,0,0,0.5687837228840287,53,0,0,,,mixture/10.0/5/5/17
10.0,5,5,17,1000,800,constant,average,0,0,8.868994500593176e-06,53,0,0,,,mixture/10.0/5/5/17
10.0,5,5,17,1000,800,constant,pam,0,0,0.21217052129577407,53,0,0,1,0,mixture/10.0/5/5/17
10.0,5,5,18,1000,800,constant,single,0,0,-0.00027418042309564034,71,0,0,,,mixture/10.0/5/5/18
10.0,5,5,18,1000,800,constant,complete,0,0,0.4255924093719368,71,0,0,,,mixture/10.0/5/5/18
10.0,5,5,18,1000,800,constant,average,0,0,-0.0003998990103567539,71,0,0,,,mixture/10.0/5/5/18
10.0,5,5,18,1000,800,constant,pam,0,0,0.3254882501400525,71,0,0,1,0,mixture/10.0/5/5/18
10.0,5,5,19,1000,800,constant,single,0,0,0.0008054640482656556,34,0,0,,,mixture/10.0/5/5/19
10.0,5,5,19,1000,800,constant,complete,0,0,0.745628689794111,34,0,0,,,mixture/10.0/5/5/19
10.0,5,5,19,1000,800,constant,average,0,0,0.49500678511372087,34,0,0,,,mixture/10.0/5/5/19
10.0,5,5,19,1000,800,constant,pam,0,0,0.4494904640150916,34,0,0,1,0,mixture/10.0/5/5/19
10.0,5,5,20,1000,800,constant,single,0,0,0.00032891995772760664,23,0,0,,,mixture/10.0/5/5/20
10.0,5,5,20,1000,800,constant,complete,0,0,0.6571987791571896,23,0,0,,,mixture/10.0/5/5/20
10.0,5,5,20,1000,800,constant,average,0,0,0.18296077640019967,23,0,0,,,mixture/10.0/5/5/20
10.0,5,5,20,1000,800,constant,pam,0,0,0.2252715841771785,23,0,0,1,0,mixture/10.0/5/5/20
10.0,5,5,21,1000,800,constant,single,0,0,0.0003722976755193199,8,0,0,,,mixture/10.0/5/5/21
10.0,5,5,21,1000,800,constant,complete,0,0,0.5855323377225093,8,0,0,,,mixture/10.0/5/5/21
10.0,5,5,21,1000,800,constant,average,0,0,0.17066528841879738,8,0,0,,,mixture/10.0/5/5/21
10.0,5,5,21,1000,800,constant,pam,0,0,0.11899228194266535,8,0,0,1,0,mixture/10.0/5/5/21
10.0,5,5,22,1000,800,constant,single,0,0,-0.000558734334373472,74,0,0,,,mixture/10.0/5/5/22
10.0,5,5,22,1000,800,constant,complete,0,0,0.6585079296876301,74,0,0,,,mixture/10.0/5/5/22
10.0,5,5,22,1000,800,constant,average,0,0,0.24084000569717737,74,0,0,,,mixture/10.0/5/5/22
10.0,5,5,22,1000,800,constant,pam,0,0,0.3904831478079002,74,0,0,1,0,mixture/10.0/5/5/22
10.0,5,5,23,1000,800,constant,single,0,0,0.00028878600271160424,18,0,0,,,mixture/10.0/5/5/23
10.0,5,5,23,1000,800,constant,complete,0,0,0.5566362060549394,18,0,0,,,mixture/10.0/5/5/23
10.0,5,5,23,1000,800,constant,average,0,0,0.00017708328907400315,18,0,0,,,mixture/10.0/5/5/23
10.0,5,5,23,1000,800,constant,pam,0,0,0.2549759754488562,18,0,0,1,0,mixture/10.0/5/5/23
10.0,5,5,24,1000,800,constant,single,0,0,7.04454569191046e-05,9,0,0,,,mixture/10.0/5/5/24
10.0,5,5,24,1000,800,constant,complete,0,0,0.9140338792246812,9,0,0,,,mixture/10.0/5/5/24
10.0,5,5,24,1000,800,constant,average,0,0,0.6202645821623172,9,0,0,,,mixture/10.0/5/5/24
10.0,5,5,24,1000,800,constant,pam,0,0,0.5443715517144901,9,0,0,1,0,mixture/10.0/5/5/24
10.0,5,5,25,1000,800,constant,single,0,0,0.0003744559443358511,3,0,0,,,mixture/10.0/5/5/25
10.0,5,5,25,1000,800,constant,complete,0,0,0.7145004771778521,3,0,0,,,mixture/10.0/5/5/25
10.0,5,5,25,1000,800,constant,average,0,0,0.44727172643454993,3,0,0,,,mixture/10.0/5/5/25
10.0,5,5,25,1000,800,constant,pam,0,0,0.5949872784179618,3,0,0,1,0,mixture/10.0/5/5/25
10.0,5,5,26,1000,800,constant,single,0,0,-0.00016043515656630412,57,0,0,,,mixture/10.0/5/5/26
10.0,5,5,26,1000,800,constant,complete,0,0,0.43316256012359006,57,0,0,,,mixture/10.0/5/5/26
10.0,5,5,26,1000,800,constant,average,0,0,0.21477548087941678,57,0,0,,,mixture/10.0/5/5/26
10.0,5,5,26,1000,800,constant,pam,0,0,0.41722668534453494,57,0,0,1,0,mixture/10.0/5/5/26
10.0,5,5,27,1000,800,constant,single,0,0,-0.0004318038296365427,9,0,0,,,mixture/10.0/5/5/27
10.0,5,5,27,1000,800,constant,complete,0,0,0.939239665794372,9,0,0,,,mixture/10.0/5/5/27
10.0,5,5,27,1000,800,constant,average,0,0,0.7561223353054386,9,0,0,,,mixture/10.0/5/5/27
10.0,5,5,27,1000,800,constant,pam,0,0,0.6873776029802194,9,0,0,1,0,mixture/10.0/5/5/27
10.0,5,5,28,1000,800,constant,single,0,0,-0.00010833848922884615,41,0,0,,,mixture/10.0/5/5/28
10.0,5,5,28,1000,800,constant,complete,0,0,0.68452584760859,41,0,0,,,mixture/10.0/5/5/28
10.0,5,5,28,1000,800,constant,average,0,0,0.4380176831611473,41,0,0,,,mixture/10.0/5/5/28
10.0,5,5,28,1000,800,constant,pam,0,0,0.3046794250228423,41,0,0,1,0,mixture/10.0/5/5/28
10.0,5,5,29,1000,800,constant,single,0,0,-0.0004332673697363153,44,0,0,,,mixture/10.0/5/5/29
10.0,5,5,29,1000,800,constant,complete,0,0,0.9151465892408491,44,0,0,,,mixture/10.0/5/5/29
10.0,5,5,29,1000,800,constant,average,0,0,0.20814259270865104,44,0,0,,,mixture/10.0/5/5/29
10.0,5,5,29,1000,800,constant,pam,0,0,0.37700303050249095,44,0,0,1,0,mixture/10.0/5/5/29
10.0,6,5,0,1000,800,constant,single,0,0,-0.0007260169792505676,45,0,0,,,mixture/10.0/6/5/0
10.0,6,5,0,1000,800,constant,complete,0,0,0.2822328759577705,45,0,0,,,mixture/10.0/6/5/0
10.0,6,5,0,1000,800,constant,average,0,0,0.16205990286615637,45,0,0,,,mixture/10.0/6/5/0
10.0,6,5,0,1000,800,constant,pam,0,0,0.20668633610175496,45,0,0,1,0,mixture/10.0/6/5/0
10.0,6,5,1,1000,800,constant,single,0,0,-0.00012260042597529293,14,0,0,,,mixture/10.0/6/5/1
10.0,6,5,1,1000,800,constant,complete,0,0,0.5142116965016456,14,0,0,,,mixture/10.0/6/5/1
10.0,6,5,1,1000,800,constant,average,0,0,0.3099540376561766,14,0,0,,,mixture/10.0/6/5/1
10.0,6,5,1,1000,800,constant,pam,0,0,0.42511913294477033,14,0,0,1,0,mixture/10.0/6/5/1
10.0,6,5,2,1000,800,constant,single,0,0,0.00039542662103293633,101,0,0,,,mixture/10.0/6/5/2
10.0,6,5,2,1000,800,constant,complete,0,0,0.5008392331180642,101,0,0,,,mixture/10.0/6/5/2
10.0,6,5,2,1000,800,constant,average,0,0,0.11372628498531932,101,0,0,,,mixture/10.0/6/5/2
10.0,6,5,2,1000,800,constant,pam,0,0,0.22563156164502163,101,0,0,1,0,mixture/10.0/6/5/2
10.0,6,5,3,1000,800,constant,single,0,0,-0.000170015726765207,12,0,0,,,mixture/10.0/6/5/3
10.0,6,5,3,1000,800,constant,complete,0,0,0.38390147448474515,12,0,0,,,mixture/10.0/6/5/3
10.0,6,5,3,1000,800,constant,average,0,0,-0.00011754724044407686,12,0,0,,,mixture/10.0/6/5/3
10.0,6,5,3,1000,800,constant,pam,0,0,0.3359179718544745,12,0,0,1,0,mixture/10.0/6/5/3
10.0,6,5,4,1000,800,constant,single,0,0,-0.00030372603609213415,40,0,0,,,mixture/10.0/6/5/4
10.0,6,5,4,1000,800,constant,complete,0,0,0.5768045715780511,40,0,0,,,mixture/10.0/6/5/4
10.0,6,5,4,1000,800,constant,average,0,0,0.14621394283721603,40,0,0,,,mixture/10.0/6/5/4
10.0,6,5,4,1000,800,constant,pam,0,0,0.3526541239234341,40,0,0,1,0,mixture/10.0/6/5/4
10.0,6,5,5,1000,800,constant,single,0,0,-0.00012550556890612703,65,0,0,,,mixture/10.0/6/5/5
10.0,6,5,5,1000,800,constant,complete,0,0,0.45345934913355535,65,0,0,,,mixture/10.0/6/5/5
10.0,6,5,5,1000,800,constant,average,0,0,0.0010146557820752233,65,0,0,,,mixture/10.0/6/5/5
10.0,6,5,5,1000,800,constant,pam,0,0,0.2766334981625013,65,0,0,1,0,mixture/10.0/6/5/5
10.0,6,5,6,1000,800,constant,single,0,0,9.75181629775984e-05,44,0,0,,,mixture/10.0/6/5/6
10.0,6,5,6,1000,800,constant,complete,0,0,0.6064675658797256,44,0,0,,,mixture/10.0/6/5/6
10.0,6,5,6,1000,800,constant,average,0,0,0.0005514901217033949,44,0,0,,,mixture/10.0/6/5/6
10.0,6,5,6,1000,800,constant,pam,0,0,0.39073576903972707,44,0,0,1,0,mixture/10.0/6/5/6
10.0,6,5,7,1000,800,constant,single,0,0,0.0004987918782183415,53,0,0,,,mixture/10.0/6/5/7
10.0,6,5,7,1000,800,constant,complete,0,0,0.7042833042193164,53,0,0,,,mixture/10.0/6/5/7
10.0,6,5,7,1000,800,constant,average,0,0,0.15613125706680084,53,0,0,,,mixture/10.0/6/5/7
10.0,6,5,7,1000,800,constant,pam,0,0,0.40836743564245254,53,0,0,1,0,mixture/10.0/6/5/7
10.0,6,5,8,1000,800,constant,single,0,0,0.0008403750077235913,72,0,0,,,mixture/10.0/6/5/8
10.0,6,5,8,1000,800,constant,complete,0,0,0.6335187135091364,72,0,0,,,mixture/10.0/6/5/8
10.0,6,5,8,1000,800,constant,average,0,0,0.11260862012779355,72,0,0,,,mixture/10.0/6/5/8
10.0,6,5,8,1000,800,constant,pam,0,0,0.18913584411307496,72,0,0,0,1,mixture/10.0/6/5/8
10.0,6,5,9,1000,800,constant,single,0,0,0.0004542043545838045,68,0,0,,,mixture/10.0/6/5/9
10.0,6,5,9,1000,800,constant,complete,0,0,0.7358137996346444,68,0,0,,,mixture/10.0/6/5/9
10.0,6,5,9,1000,800,constant,average,0,0,0.12868798210295732,68,0,0,,,mixture/10.0/6/5/9
10.0,6,5,9,1000,800,constant,pam,0,0,0.37372048805624924,68,0,0,1,0,mixture/10.0/6/5/9
10.0,6,5,10,1000,800,constant,single,0,0,6.756987091383067e-05,47,0,0,,,mixture/10.0/6/5/10
10.0,6,5,10,1000,800,constant,complete,0,0,0.5048276723510732,47,0,0,,,mixture/10.0/6/5/10
10.0,6,5,10,1000,800,constant,average,0,0,0.26959040485756297,47,0,0,,,mixture/10.0/6/5/10
10.0,6,5,10,1000,800,constant,pam,0,0,0.25413840419739003,47,0,0,0,1,mixture/10.0/6/5/10
10.0,6,5,11,1000,800,constant,single,0,0,-0.0001763312399462574,58,0,0,,,mixture/10.0/6/5/11
10.0,6,5,11,1000,800,constant,complete,0,0,0.7811711963707346,58,0,0,,,mixture/10.0/6/5/11
10.0,6,5,11,1000,800,constant,average,0,0,0.4845665587462768,58,0,0,,,mixture/10.0/6/5/11
10.0,6,5,11,1000,800,constant,pam,0,0,0.5737222439042686,58,0,0,1,0,mixture/10.0/6/5/11
10.0,6,5,12,1000,800,constant,single,0,0,-4.109865011170238e-05,58,0,0,,,mixture/10.0/6/5/12
10.0,6,5,12,1000,800,constant,complete,0,0,0.5945785716849293,58,0,0,,,mixture/10.0/6/5/12
10.0,6,5,12,1000,800,constant,average,0,0,0.002742983865447089,58,0,0,,,mixture/10.0/6/5/12
10.0,6,5,12,1000,800,constant,pam,0,0,0.39272827345550265,58,0,0,1,0,mixture/10.0/6/5/12
10.0,6,5,13,1000,800,constant,single,0,0,7.411400920095666e-05,37,0,0,,,mixture/10.0/6/5/13
10.0,6,5,13,1000,800,constant,complete,0,0,0.5841090033725888,37,0,0,,,mixture/10.0/6/5/13
10.0,6,5,13,1000,800,constant,average,0,0,0.00017901899797062305,37,0,0,,,mixture/10.0/6/5/13
10.0,6,5,13,1000,800,constant,pam,0,0,0.3913772100738467,37,0,0,1,0,mixture/10.0/6/5/13
10.0,6,5,14,1000,800,constant,single,0,0,0.00010015434843251014,6,1,0,,,mixture/10.0/6/5/14
10.0,6,5,14,1000,800,constant,complete,0,0,0.7341314124615608,6,1,0,,,mixture/10.0/6/5/14
10.0,6,5,14,1000,800,constant,average,0,0,0.13975352953023634,6,1,0,,,mixture/10.0/6/5/14
10.0,6,5,14,1000,800,constant,pam,0,0,0.37896607289912,6,1,0,1,0,mixture/10.0/6/5/14
10.0,6,5,15,1000,800,constant,single,0,0,7.479379879664721e-05,29,0,0,,,mixture/10.0/6/5/15
10.0,6,5,15,1000,800,constant,complete,0,0,0.561759520690968,29,0,0,,,mixture/10.0/6/5/15
10.0,6,5,15,1000,800,constant,average,0,0,0.27438322101982515,29,0,0,,,mixture/10.0/6/5/15
10.0,6,5,15,1000,800,constant,pam,0,0,0.27417927260002917,29,0,0,1,0,mixture/10.0/6/5/15
10.0,6,5,16,1000,800,constant,single,0,0,5.998788259051517e-05,57,0,0,,,mixture/10.0/6/5/16
10.0,6,5,16,1000,800,constant,complete,0,0,0.4375693603717779,57,0,0,,,mixture/10.0/6/5/16
10.0,6,5,16,1000,800,constant,average,0,0,0.0004966537939553951,57,0,0,,,mixture/10.0/6/5/16
10.0,6,5,16,1000,800,constant,pam,0,0,0.16900887307381876,57,0,0,1,0,mixture/10.0/6/5/16
10.0,6,5,17,1000,800,constant,single,0,0,0.0007179858068973106,4,0,0,,,mixture/10.0/6/5/17
10.0,6,5,17,1000,800,constant,complete,0,0,0.40994931739423246,4,0,0,,,mixture/10.0/6/5/17
10.0,6,5,17,1000,800,constant,average,0,0,0.11952344697236696,4,0,0,,,mixture/10.0/6/5/17
10.0,6,5,17,1000,800,constant,pam,0,0,0.3256819352249984,4,0,0,1,0,mixture/10.0/6/5/17
10.0,6,5,18,1000,800,constant,single,0,0,-0.000193069466770261,48,0,0,,,mixture/10.0/6/5/18
10.0,6,5,18,1000,800,constant,complete,0,0,0.7257389771821956,48,0,0,,,mixture/10.0/6/5/18
10.0,6,5,18,1000,800,constant,average,0,0,0.33422293580815615,48,0,0,,,mixture/10.0/6/5/18
10.0,6,5,18,1000,800,constant,pam,0,0,0.43544437773390715,48,0,0,1,0,mixture/10.0/6/5/18
10.0,6,5,19,1000,800,constant,single,0,0,0.0002869753798064286,33,0,0,,,mixture/10.0/6/5/19
10.0,6,5,19,1000,800,constant,complete,0,0,0.6472210473279802,33,0,0,,,mixture/10.0/6/5/19
10.0,6,5,19,1000,800,constant,average,0,0,0.0011055953689742104,33,0,0,,,mixture/10.0/6/5/19
10.0,6,5,19,1000,800,constant,pam,0,0,0.36066715220241946,33,0,0,1,0,mixture/10.0/6/5/19
10.0,6,5,20,1000,800,constant,single,0,0,0.00031328444949234384,51,0,0,,,mixture/10.0/6/5/20
10.0,6,5,20,1000,800,constant,complete,0,0,0.6066493313364941,51,0,0,,,mixture/10.0/6/5/20
10.0,6,5,20,1000,800,constant,average,0,0,0.19681065726768937,51,0,0,,,mixture/10.0/6/5/20
10.0,6,5,20,1000,800,constant,pam,0,0,0.3398316777995081,51,0,0,1,0,mixture/10.0/6/5/20
10.0,6,5,21,1000,800,constant,single,0,0,0.00020200712138109008,46,0,0,,,mixture/10.0/6/5/21
10.0,6,5,21,1000,800,constant,complete,0,0,0.6615933328529165,46,0,0,,,mixture/10.0/6/5/21
10.0,6,5,21,1000,800,constant,average,0,0,0.4442443047402065,46,0,0,,,mixture/10.0/6/5/21
10.0,6,5,21,1000,800,constant,pam,0,0,0.37743901860577017,46,0,0,1,0,mixture/10.0/6/5/21
10.0,6,5,22,1000,800,constant,single,0,0,0.0001786366142740727,52,0,0,,,mixture/10.0/6/5/22
10.0,6,5,22,1000,800,constant,complete,0,0,0.6806049696314056,52,0,0,,,mixture/10.0/6/5/22
10.0,6,5,22,1000,800,constant,average,0,0,0.2675108444627427,52,0,0,,,mixture/10.0/6/5/22
10.0,6,5,22,1000,800,constant,pam,0,0,0.3870899787194179,52,0,0,1,0,mixture/10.0/6/5/22
10.0,6,5,23,1000,800,constant,single,0,0,0.0004053406901981867,12,0,0,,,mixture/10.0/6/5/23
10.0,6,5,23,1000,800,constant,complete,0,0,0.6575317182767425,12,0,0,,,mixture/10.0/6/5/23
10.0,6,5,23,1000,800,constant,average,0,0,0.28909835438301934,12,0,0,,,mixture/10.0/6/5/23
10.0,6,5,23,1000,800,constant,pam,0,0,0.19104697366013548,12,0,0,1,0,mixture/10.0/6/5/23
10.0,6,5,24,1000,800,constant,single,0,0,0.0007320968729892529,87,0,0,,,mixture/10.0/6/5/24
10.0,6,5,24,1000,800,constant,complete,0,0,0.5570594001133831,87,0,0,,,mixture/10.0/6/5/24
10.0,6,5,24,1000,800,constant,average,0,0,0.2718852232337543,87,0,0,,,mixture/10.0/6/5/24
10.0,6,5,24,1000,800,constant,pam,0,0,0.2870180210027875,87,0,0,1,0,mixture/10.0/6/5/24
10.0,6,5,25,1000,800,constant,single,0,0,0.000186277169716338,156,0,0,,,mixture/10.0/6/5/25
10.0,6,5,25,1000,800,constant,complete,0,0,0.6345911951389848,156,0,0,,,mixture/10.0/6/5/25
10.0,6,5,25,1000,800,constant,average,0,0,0.0004234592520656116,156,0,0,,,mixture/10.0/6/5/25
10.0,6,5,25,1000,800,constant,pam,0,0,0.05813931168666433,156,0,0,1,0,mixture/10.0/6/5/25
10.0,6,5,26,1000,800,constant,single,0,0,-7.643826385922221e-06,44,0,0,,,mixture/10.0/6/5/26
10.0,6,5,26,1000,800,constant,complete,0,0,0.9612208402830134,44,0,0,,,mixture/10.0/6/5/26
10.0,6,5,26,1000,800,constant,average,0,0,0.5359296595623291,44,0,0,,,mixture/10.0/6/5/26
10.0,6,5,26,1000,800,constant,pam,0,0,0.7124306376426264,44,0,0,1,0,mixture/10.0/6/5/26
10.0,6,5,27,1000,800,constant,single,0,0,-0.0003120271734397165,39,0,0,,,mixture/10.0/6/5/27
10.0,6,5,27,1000,800,constant,complete,0,0,0.4970141795398327,39,0,0,,,mixture/10.0/6/5/27
10.0,6,5,27,1000,800,constant,average,0,0,0.27546837355615744,39,0,0,,,mixture/10.0/6/5/27
10.0,6,5,27,1000,800,constant,pam,0,0,0.3022449959393174,39,0,0,1,0,mixture/10.0/6/5/27
10.0,6,5,28,1000,800,constant,single,0,0,0.00018264514504638714,40,0,0,,,mixture/10.0/6/5/28
10.0,6,5,28,1000,800,constant,complete,0,0,0.5924244422939364,40,0,0,,,mixture/10.0/6/5/28
10.0,6,5,28,1000,800,constant,average,0,0,0.11930185041085789,40,0,0,,,mixture/10.0/6/5/28
10.0,6,5,28,1000,800,constant,pam,0,0,0.3331306194380492,40,0,0,1,0,mixture/10.0/6/5/28
10.0,6,5,29,1000,800,constant,single,0,0,0.0006302034246153228,15,0,0,,,mixture/10.0/6/5/29
10.0,6,5,29,1000,800,constant,complete,0,0,0.36264021431413196,15,0,0,,,mixture/10.0/6/5/29
10.0,6,5,29,1000,800,constant,average,0,0,0.001109809257690499,15,0,0,,,mixture/10.0/6/5/29
10.0,6,5,29,1000,800,constant,pam,0,0,0.1406557799297894,15,0,0,1,0,mixture/10.0/6/5/29
10.0,7,5,0,1000,800,constant,single,0,0,0.0004328038138256215,60,0,0,,,mixture/10.0/7/5/0
10.0,7,5,0,1000,800,constant,complete,0,0,0.682338667104322,60,0,0,,,mixture/10.0/7/5/0
10.0,7,5,0,1000,800,constant,average,0,0,0.1887459866814261,60,0,0,,,mixture/10.0/7/5/0
10.0,7,5,0,1000,800,constant,pam,0,0,0.34583416300546743,60,0,0,1,0,mixture/10.0/7/5/0
10.0,7,5,1,1000,800,constant,single,0,0,0.0004912337393941149,11,0,0,,,mixture/10.0/7/5/1
10.0,7,5,1,1000,800,constant,complete,0,0,0.5808045499046599,11,0,0,,,mixture/10.0/7/5/1
10.0,7,5,1,1000,800,constant,average,0,0,0.0012742005880559282,11,0,0,,,mixture/10.0/7/5/1
10.0,7,5,1,1000,800,constant,pam,0,0,0.2256594752242471,11,0,0,1,0,mixture/10.0/7/5/1
10.0,7,5,2,1000,800,constant,single,0,0,0.00015417373582276864,6,0,0,,,mixture/10.0/7/5/2
10.0,7,5,2,1000,800,constant,complete,0,0,0.44741248762899205,6,0,0,,,mixture/10.0/7/5/2
10.0,7,5,2,1000,800,constant,average,0,0,0.0007234246593163858,6,0,0,,,mixture/10.0/7/5/2
10.0,7,5,2,1000,800,constant,pam,0,0,0.07779237054838331,6,0,0,1,0,mixture/10.0/7/5/2
10.0,7,5,3,1000,800,constant,single,0,0,-0.0002924718933373555,37,0,0,,,mixture/10.0/7/5/3
10.0,7,5,3,1000,800,constant,complete,0,0,0.4631153560311628,37,0,0,,,mixture/10.0/7/5/3
10.0,7,5,3,1000,800,constant,average,0,0,-0.0004710802986089456,37,0,0,,,mixture/10.0/7/5/3
10.0,7,5,3,1000,800,constant,pam,0,0,0.15854614089289568,37,0,0,1,0,mixture/10.0/7/5/3
10.0,7,5,4,1000,800,constant,single,0,0,-0.0003376098518566701,39,0,0,,,mixture/10.0/7/5/4
10.0,7,5,4,1000,800,constant,complete,0,0,0.44921585363200633,39,0,0,,,mixture/10.0/7/5/4
10.0,7,5,4,1000,800,constant,average,0,0,0.08664634425153594,39,0,0,,,mixture/10.0/7/5/4
10.0,7,5,4,1000,800,constant,pam,0,0,0.15005968110154455,39,0,0,1,0,mixture/10.0/7/5/4
10.0,7,5,5,1000,800,constant,single,0,0,-0.0006511892725948636,10,0,0,,,mixture/10.0/7/5/5
10.0,7,5,5,1000,800,constant,complete,0,0,0.5046119633663416,10,0,0,,,mixture/10.0/7/5/5
10.0,7,5,5,1000,800,constant,average,0,0,0.21536350840172538,10,0,0,,,mixture/10.0/7/5/5
10.0,7,5,5,1000,800,constant,pam,0,0,0.27440792769098227,10,0,0,1,0,mixture/10.0/7/5/5
10.0,7,5,6,1000,800,constant,single,0,0,-0.00010371103726760423,265,0,0,,,mixture/10.0/7/5/6
10.0,7,5,6,1000,800,constant,complete,0,0,0.4899513452374348,265,0,0,,,mixture/10.0/7/5/6
10.0,7,5,6,1000,800,constant,average,0,0,0.21688298946508494,265,0,0,,,mixture/10.0/7/5/6
10.0,7,5,6,1000,800,constant,pam,0,0,0.07432711106239226,265,0,0,1,0,mixture/10.0/7/5/6
10.0,7,5,7,1000,800,constant,single,0,0,-0.0001050138404674623,38,0,0,,,mixture/10.0/7/5/7
10.0,7,5,7,1000,800,constant,complete,0,0,0.3919169121038385,38,0,0,,,mixture/10.0/7/5/7
10.0,7,5,7,1000,800,constant,average,0,0,0.08764240572129081,38,0,0,,,mixture/10.0/7/5/7
10.0,7,5,7,1000,800,constant,pam,0,0,0.2217704614726215,38,0,0,1,0,mixture/10.0/7/5/7
10.0,7,5,8,1000,800,constant,single,0,0,-1.0669634458757747e-05,17,0,0,,,mixture/10.0/7/5/8
10.0,7,5,8,1000,800,constant,complete,0,0,0.7274896395891575,17,0,0,,,mixture/10.0/7/5/8
10.0,7,5,8,1000,800,constant,average,0,0,0.19999065049130263,17,0,0,,,mixture/10.0/7/5/8
10.0,7,5,8,1000,800,constant,pam,0,0,0.406600081018564,17,0,0,1,0,mixture/10.0/7/5/8
10.0,7,5,9,1000,800,constant,single,0,0,-0.00039801725107053965,49,0,0,,,mixture/10.0/7/5/9
10.0,7,5,9,1000,800,constant,complete,0,0,0.6417124333103678,49,0,0,,,mixture/10.0/7/5/9
10.0,7,5,9,1000,800,constant,average,0,0,-0.0005972658455092889,49,0,0,,,mixture/10.0/7/5/9
10.0,7,5,9,1000,800,constant,pam,0,0,0.34345038159252694,49,0,0,1,0,mixture/10.0/7/5/9
10.0,7,5,10,1000,800,constant,single,0,0,-0.0002873309296648185,43,0,0,,,mixture/10.0/7/5/10
10.0,7,5,10,1000,800,constant,complete,0,0,0.7380164437001371,43,0,0,,,mixture/10.0/7/5/10
10.0,7,5,10,1000,800,constant,average,0,0,0.12281802521237463,43,0,0,,,mixture/10.0/7/5/10
10.0,7,5,10,1000,800,constant,pam,0,0,0.25376830815905155,43,0,0,1,0,mixture/10.0/7/5/10
10.0,7,5,11,1000,800,constant,single,0,0,0.0006585559911775347,69,0,0,,,mixture/10.0/7/5/11
10.0,7,5,11,1000,800,constant,complete,0,0,0.6052771931558063,69,0,0,,,mixture/10.0/7/5/11
10.0,7,5,11,1000,800,constant,average,0,0,0.0754591733870567,69,0,0,,,mixture/10.0/7/5/11
10.0,7,5,11,1000,800,constant,pam,0,0,0.24051254231779295,69,0,0,1,0,mixture/10.0/7/5/11
10.0,7,5,12,1000,800,constant,single,0,0,0.0002781147878648075,11,0,0,,,mixture/10.0/7/5/12
10.0,7,5,12,1000,800,constant,complete,0,0,0.5968155941636835,11,0,0,,,mixture/10.0/7/5/12
10.0,7,5,12,1000,800,constant,average,0,0,0.10547549489801998,11,0,0,,,mixture/10.0/7/5/12
10.0,7,5,12,1000,800,constant,pam,0,0,0.22926550162006287,11,0,0,1,0,mixture/10.0/7/5/12
10.0,7,5,13,1000,800,constant,single,0,0,-0.00033654122994025677,28,0,0,,,mixture/10.0/7/5/13
10.0,7,5,13,1000,800,constant,complete,0,0,0.5324227903646381,28,0,0,,,mixture/10.0/7/5/13
10.0,7,5,13,1000,800,constant,average,0,0,0.22831183265074675,28,0,0,,,mixture/10.0/7/5/13
10.0,7,5,13,1000,800,constant,pam,0,0,0.2231097367420296,28,0,0,1,0,mixture/10.0/7/5/13
10.0,7,5,14,1000,800,constant,single,0,0,0.0004912683144079521,61,0,0,,,mixture/10.0/7/5/14
10.0,7,5,14,1000,800,constant,complete,0,0,0.6039535973962029,61,0,0,,,mixture/10.0/7/5/14
10.0,7,5,14,1000,800,constant,average,0,0,0.0010458459055360107,61,0,0,,,mixture/10.0/7/5/14
10.0,7,5,14,1000,800,constant,pam,0,0,0.3044537765281128,61,0,0,1,0,mixture/10.0/7/5/14
10.0,7,5,15,1000,800,constant,single,0,0,-9.280967467301219e-05,9,0,0,,,mixture/10.0/7/5/15
10.0,7,5,15,1000,800,constant,complete,0,0,0.6242559346418387,9,0,0,,,mixture/10.0/7/5/15
10.0,7,5,15,1000,800,constant,average,0,0,0.09775614339184885,9,0,0,,,mixture/10.0/7/5/15
10.0,7,5,15,1000,800,constant,pam,0,0,0.3149395558286199,9,0,0,0,1,mixture/10.0/7/5/15
10.0,7,5,16,1000,800,constant,single,0,0,9.024560121831145e-05,51,0,0,,,mixture/10.0/7/5/16
10.0,7,5,16,1000,800,constant,complete,0,0,0.6405909783692637,51,0,0,,,mixture/10.0/7/5/16
10.0,7,5,16,1000,800,constant,average,0,0,0.5395527242652893,51,0,0,,,mixture/10.0/7/5/16
10.0,7,5,16,1000,800,constant,pam,0,0,0.31631111615217095,51,0,0,1,0,mixture/10.0/7/5/16
10.0,7,5,17,1000,800,constant,single,0,0,0.00044277630562698463,32,0,0,,,mixture/10.0/7/5/17
10.0,7,5,17,1000,800,constant,complete,0,0,0.7709048652563137,32,0,0,,,mixture/10.0/7/5/17
10.0,7,5,17,1000,800,constant,average,0,0,0.3797933423203487,32,0,0,,,mixture/10.0/7/5/17
10.0,7,5,17,1000,800,constant,pam,0,0,0.5814676234009675,32,0,0,1,0,mixture/10.0/7/5/17
10.0,7,5,18,1000,800,constant,single,0,0,0.0008357311245004744,28,0,0,,,mixture/10.0/7/5/18
10.0,7,5,18,1000,800,constant,complete,0,0,0.5366012524046279,28,0,0,,,mixture/10.0/7/5/18
10.0,7,5,18,1000,800,constant,average,0,0,0.17075669913220923,28,0,0,,,mixture/10.0/7/5/18
10.0,7,5,18,1000,800,constant,pam,0,0,0.23313718070197217,28,0,0,1,0,mixture/10.0/7/5/18
10.0,7,5,19,1000,800,constant,single,0,0,0.0003463894198394024,7,1,0,,,mixture/10.0/7/5/19
10.0,7,5,19,1000,800,constant,complete,0,0,0.4427511771728757,7,1,0,,,mixture/10.0/7/5/19
10.0,7,5,19,1000,800,constant,average,0,0,0.2043123501045947,7,1,0,,,mixture/10.0/7/5/19
10.0,7,5,19,1000,800,constant,pam,0,0,0.4022556528548209,7,1,0,1,0,mixture/10.0/7/5/19
10.0,7,5,20,1000,800,constant,single,0,0,0.0001675214965778998,34,0,0,,,mixture/10.0/7/5/20
10.0,7,5,20,1000,800,constant,complete,0,0,0.38708470266858114,34,0,0,,,mixture/10.0/7/5/20
10.0,7,5,20,1000,800,constant,average,0,0,0.2010649186777281,34,0,0,,,mixture/10.0/7/5/20
10.0,7,5,20,1000,800,constant,pam,0,0,0.1432465987196647,34,0,0,1,0,mixture/10.0/7/5/20
10.0,7,5,21,1000,800,constant,single,0,0,-0.00027189507775336334,11,0,0,,,mixture/10.0/7/5/21
10.0,7,5,21,1000,800,constant,complete,0,0,0.45267066708043874,11,0,0,,,mixture/10.0/7/5/21
10.0,7,5,21,1000,800,constant,average,0,0,0.09987365010806502,11,0,0,,,mixture/10.0/7/5/21
10.0,7,5,21,1000,800,constant,pam,0,0,0.27326401526377814,11,0,0,1,0,mixture/10.0/7/5/21
10.0,7,5,22,1000,800,constant,single,0,0,0.00019208987658300431,48,0,0,,,mixture/10.0/7/5/22
10.0,7,5,22,1000,800,constant,complete,0,0,0.5556860108614636,48,0,0,,,mixture/10.0/7/5/22
10.0,7,5,22,1000,800,constant,average,0,0,0.24061677353242725,48,0,0,,,mixture/10.0/7/5/22
10.0,7,5,22,1000,800,constant,pam,0,0,0.339017046485762,48,0,0,1,0,mixture/10.0/7/5/22
10.0,7,5,23,1000,800,constant,single,0,0,0.0011016923625812509,59,0,0,,,mixture/10.0/7/5/23
10.0,7,5,23,1000,800,constant,complete,0,0,0.6249482525082807,59,0,0,,,mixture/10.0/7/5/23
10.0,7,5,23,1000,800,constant,average,0,0,0.05968584845156448,59,0,0,,,mixture/10.0/7/5/23
10.0,7,5,23,1000,800,constant,pam,0,0,0.13570736187124535,59,0,0,1,0,mixture/10.0/7/5/23
10.0,7,5,24,1000,800,constant,single,0,0,-3.8876170852198686e-05,14,0,0,,,mixture/10.0/7/5/24
10.0,7,5,24,1000,800,constant,complete,0,0,0.5810101334953591,14,0,0,,,mixture/10.0/7/5/24
10.0,7,5,24,1000,800,constant,average,0,0,0.2266808800693659,14,0,0,,,mixture/10.0/7/5/24
10.0,7,5,24,1000,800,constant,pam,0,0,0.38655963507784025,14,0,0,1,0,mixture/10.0/7/5/24
10.0,7,5,25,1000,800,constant,single,0,0,-0.00027407973937229054,34,0,0,,,mixture/10.0/7/5/25
10.0,7,5,25,1000,800,constant,complete,0,0,0.6697401716944905,34,0,0,,,mixture/10.0/7/5/25
10.0,7,5,25,1000,800,constant,average,0,0,0.11225340603496672,34,0,0,,,mixture/10.0/7/5/25
10.0,7,5,25,1000,800,constant,pam,0,0,0.19456905226914414,34,0,0,1,0,mixture/10.0/7/5/25
10.0,7,5,26,1000,800,constant,single,0,0,0.0006441579692375175,12,0,0,,,mixture/10.0/7/5/26
10.0,7,5,26,1000,800,constant,complete,0,0,0.662662559229892,12,0,0,,,mixture/10.0/7/5/26
10.0,7,5,26,1000,800,constant,average,0,0,0.11423061810071523,12,0,0,,,mixture/10.0/7/5/26
10.0,7,5,26,1000,800,constant,pam,0,0,0.19178885397100626,12,0,0,1,0,mixture/10.0/7/5/26
10.0,7,5,27,1000,800,constant,single,0,0,-0.00036208781897715126,69,0,0,,,mixture/10.0/7/5/27
10.0,7,5,27,1000,800,constant,complete,0,0,0.5010650228675482,69,0,0,,,mixture/10.0/7/5/27
10.0,7,5,27,1000,800,constant,average,0,0,0.0015613645070727896,69,0,0,,,mixture/10.0/7/5/27
10.0,7,5,27,1000,800,constant,pam,0,0,0.21294884033895814,69,0,0,1,0,mixture/10.0/7/5/27
10.0,7,5,28,1000,800,constant,single,0,0,0.000357788322487828,19,0,0,,,mixture/10.0/7/5/28
10.0,7,5,28,1000,800,constant,complete,0,0,0.7540285076210131,19,0,0,,,mixture/10.0/7/5/28
10.0,7,5,28,1000,800,constant,average,0,0,0.33919509891185634,19,0,0,,,mixture/10.0/7/5/28
10.0,7,5,28,1000,800,constant,pam,0,0,0.6207395284357787,19,0,0,1,0,mixture/10.0/7/5/28
10.0,7,5,29,1000,800,constant,single,0,0,-0.0003238969996956989,2,0,0,,,mixture/10.0/7/5/29
10.0,7,5,29,1000,800,constant,complete,0,0,0.33607401285197436,2,0,0,,,mixture/10.0/7/5/29
10.0,7,5,29,1000,800,constant,average,0,0,0.10151358066640277,2,0,0,,,mixture/10.0/7/5/29
10.0,7,5,29,1000,800,constant,pam,0,0,0.19371193609125495,2,0,0,1,0,mixture/10.0/7/5/29
10.0,8,5,0,1000,800,constant,single,0,0,-3.4821068787736504e-05,2,0,0,,,mixture/10.0/8/5/0
10.0,8,5,0,1000,800,constant,complete,0,0,0.6125976850464961,2,0,0,,,mixture/10.0/8/5/0
10.0,8,5,0,1000,800,constant,average,0,0,0.18834501874205617,2,0,0,,,mixture/10.0/8/5/0
10.0,8,5,0,1000,800,constant,pam,0,0,0.27975669105406004,2,0,0,1,0,mixture/10.0/8/5/0
10.0,8,5,1,1000,800,constant,single,0,0,0.0004103529434922153,22,0,0,,,mixture/10.0/8/5/1
10.0,8,5,1,1000,800,constant,complete,0,0,0.29992343837590757,22,0,0,,,mixture/10.0/8/5/1
10.0,8,5,1,1000,800,constant,average,0,0,0.05269902843735144,22,0,0,,,mixture/10.0/8/5/1
10.0,8,5,1,1000,800,constant,pam,0,0,0.20054358175850429,22,0,0,1,0,mixture/10.0/8/5/1
10.0,8,5,2,1000,800,constant,single,0,0,0.00031489386373606375,18,0,0,,,mixture/10.0/8/5/2
10.0,8,5,2,1000,800,constant,complete,0,0,0.6686089071169579,18,0,0,,,mixture/10.0/8/5/2
10.0,8,5,2,1000,800,constant,average,0,0,0.13182464071426156,18,0,0,,,mixture/10.0/8/5/2
10.0,8,5,2,1000,800,constant,pam,0,0,0.20361935233541076,18,0,0,1,0,mixture/10.0/8/5/2
10.0,8,5,3,1000,800,constant,single,0,0,0.00030334438705662963,4,0,0,,,mixture/10.0/8/5/3
10.0,8,5,3,1000,800,constant,complete,0,0,0.48473487753877054,4,0,0,,,mixture/10.0/8/5/3
10.0,8,5,3,1000,800,constant,average,0,0,0.17623393309822302,4,0,0,,,mixture/10.0/8/5/3
10.0,8,5,3,1000,800,constant,pam,0,0,0.386986720331038,4,0,0,1,0,mixture/10.0/8/5/3
10.0,8,5,4,1000,800,constant,single,0,0,1.828050482068593e-05,46,0,0,,,mixture/10.0/8/5/4
10.0,8,5,4,1000,800,constant,complete,0,0,0.48953284666508556,46,0,0,,,mixture/10.0/8/5/4
10.0,8,5,4,1000,800,constant,average,0,0,0.11398490312551578,46,0,0,,,mixture/10.0/8/5/4
10.0,8,5,4,1000,800,constant,pam,0,0,0.2973506980863613,46,0,0,1,0,mixture/10.0/8/5/4
10.0,8,5,5,1000,800,constant,single,0,0,-1.357800073359306e-05,77,0,0,,,mixture/10.0/8/5/5
10.0,8,5,5,1000,800,constant,complete,0,0,0.4759748377588075,77,0,0,,,mixture/10.0/8/5/5
10.0,8,5,5,1000,800,constant,average,0,0,0.15968872887178764,77,0,0,,,mixture/10.0/8/5/5
10.0,8,5,5,1000,800,constant,pam,0,0,0.36082648326936834,77,0,0,1,0,mixture/10.0/8/5/5
10.0,8,5,6,1000,800,constant,single,0,0,-0.0002184340609764623,11,0,0,,,mixture/10.0/8/5/6
10.0,8,5,6,1000,800,constant,complete,0,0,0.6085446480841326,11,0,0,,,mixture/10.0/8/5/6
10.0,8,5,6,1000,800,constant,average,0,0,0.2925209166342348,11,0,0,,,mixture/10.0/8/5/6
10.0,8,5,6,1000,800,constant,pam,0,0,0.3503225610072985,11,0,0,1,0,mixture/10.0/8/5/6
10.0,8,5,7,1000,800,constant,single,0,0,0.0003254034331642401,16,0,0,,,mixture/10.0/8/5/7
10.0,8,5,7,1000,800,constant,complete,0,0,0.6845918727800681,16,0,0,,,mixture/10.0/8/5/7
10.0,8,5,7,1000,800,constant,average,0,0,0.14712750521669732,16,0,0,,,mixture/10.0/8/5/7
10.0,8,5,7,1000,800,constant,pam,0,0,0.2854253701180694,16,0,0,1,0,mixture/10.0/8/5/7
10.0,8,5,8,1000,800,constant,single,0,0,0.00028469061535492114,11,0,0,,,mixture/10.0/8/5/8
10.0,8,5,8,1000,800,constant,complete,0,0,0.6875366201955644,11,0,0,,,mixture/10.0/8/5/8
10.0,8,5,8,1000,800,constant,average,0,0,0.3033368638148703,11,0,0,,,mixture/10.0/8/5/8
10.0,8,5,8,1000,800,constant,pam,0,0,0.30565266364485594,11,0,0,1,0,mixture/10.0/8/5/8
10.0,8,5,9,1000,800,constant,single,0,0,0.0002689370711839612,19,0,0,,,mixture/10.0/8/5/9
10.0,8,5,9,1000,800,constant,complete,0,0,0.4492896346802559,19,0,0,,,mixture/10.0/8/5/9
10.0,8,5,9,1000,800,constant,average,0,0,0.06278642701608582,19,0,0,,,mixture/10.0/8/5/9
10.0,8,5,9,1000,800,constant,pam,0,0,0.14394642841724195,19,0,0,1,0,mixture/10.0/8/5/9
10.0,8,5,10,1000,800,constant,single,0,0,0.00035110171466249367,15,0,0,,,mixture/10.0/8/5/10
10.0,8,5,10,1000,800,constant,complete,0,0,0.6473229876306316,15,0,0,,,mixture/10.0/8/5/10
10.0,8,5,10,1000,800,constant,average,0,0,0.2625871652899958,15,0,0,,,mixture/10.0/8/5/10
10.0,8,5,10,1000,800,constant,pam,0,0,0.31004629964699026,15,0,0,1,0,mixture/10.0/8/5/10
10.0,8,5,11,1000,800,constant,single,0,0,-0.0001409243922922928,40,0,0,,,mixture/10.0/8/5/11
10.0,8,5,11,1000,800,constant,complete,0,0,0.3251785354343523,40,0,0,,,mixture/10.0/8/5/11
10.0,8,5,11,1000,800,constant,average,0,0,6.952386630404055e-05,40,0,0,,,mixture/10.0/8/5/11
10.0,8,5,11,1000,800,constant,pam,0,0,0.3028600175740213,40,0,0,1,0,mixture/10.0/8/5/11
10.0,8,5,12,1000,800,constant,single,0,0,-0.0003979385008482205,12,0,0,,,mixture/10.0/8/5/12
10.0,8,5,12,1000,800,constant,complete,0,0,0.48242759516625255,12,0,0,,,mixture/10.0/8/5/12
10.0,8,5,12,1000,800,constant,average,0,0,0.26247957220483603,12,0,0,,,mixture/10.0/8/5/12
10.0,8,5,12,1000,800,constant,pam,0,0,0.2700420301507752,12,0,0,1,0,mixture/10.0/8/5/12
10.0,8,5,13,1000,800,constant,single,0,0,-7.817099983972877e-05,8,1,0,,,mixture/10.0/8/5/13
10.0,8,5,13,1000,800,constant,complete,0,0,0.49652115803485364,8,1,0,,,mixture/10.0/8/5/13
10.0,8,5,13,1000,800,constant,average,0,0,0.2679796756689106,8,1,0,,,mixture/10.0/8/5/13
10.0,8,5,13,1000,800,constant,pam,0,0,0.20070035148926918,8,1,0,1,0,mixture/10.0/8/5/13
10.0,8,5,14,1000,800,constant,single,0,0,-4.6433408132455153e-05,50,0,0,,,mixture/10.0/8/5/14
10.0,8,5,14,1000,800,constant,complete,0,0,0.6029990839737209,50,0,0,,,mixture/10.0/8/5/14
10.0,8,5,14,1000,800,constant,average,0,0,0.26539707688883574,50,0,0,,,mixture/10.0/8/5/14
10.0,8,5,14,1000,800,constant,pam,0,0,0.31187287638545763,50,0,0,1,0,mixture/10.0/8/5/14
10.0,8,5,15,1000,800,constant,single,0,0,-0.00024884590603907713,15,0,0,,,mixture/10.0/8/5/15
10.0,8,5,15,1000,800,constant,complete,0,0,0.6727351596351792,15,0,0,,,mixture/10.0/8/5/15
10.0,8,5,15,1000,800,constant,average,0,0,0.4960020059155097,15,0,0,,,mixture/10.0/8/5/15
10.0,8,5,15,1000,800,constant,pam,0,0,0.3074199717717398,15,0,0,1,0,mixture/10.0/8/5/15
10.0,8,5,16,1000,800,constant,single,0,0,-0.00045713423670603107,103,0,0,,,mixture/10.0/8/5/16
10.0,8,5,16,1000,800,constant,complete,0,0,0.7660498141411061,103,0,0,,,mixture/10.0/8/5/16
10.0,8,5,16,1000,800,constant,average,0,0,0.4331366814129344,103,0,0,,,mixture/10.0/8/5/16
10.0,8,5,16,1000,800,constant,pam,0,0,0.3293178444130493,103,0,0,1,0,mixture/10.0/8/5/16
10.0,8,5,17,1000,800,constant,single,0,0,0.0006147820253738947,52,0,0,,,mixture/10.0/8/5/17
10.0,8,5,17,1000,800,constant,complete,0,0,0.48705947015166,52,0,0,,,mixture/10.0/8/5/17
10.0,8,5,17,1000,800,constant,average,0,0,0.059056462618984444,52,0,0,,,mixture/10.0/8/5/17
10.0,8,5,17,1000,800,constant,pam,0,0,0.16584188994430166,52,0,0,1,0,mixture/10.0/8/5/17
10.0,8,5,18,1000,800,constant,single,0,0,0.0007153625834520551,41,0,0,,,mixture/10.0/8/5/18
10.0,8,5,18,1000,800,constant,complete,0,0,0.6642667330820881,41,0,0,,,mixture/10.0/8/5/18
10.0,8,5,18,1000,800,constant,average,0,0,0.2014958098146667,41,0,0,,,mixture/10.0/8/5/18
10.0,8,5,18,1000,800,constant,pam,0,0,0.2073123378687961,41,0,0,1,0,mixture/10.0/8/5/18
10.0,8,5,19,1000,800,constant,single,0,0,1.5407091881025822e-05,77,0,0,,,mixture/10.0/8/5/19
10.0,8,5,19,1000,800,constant,complete,0,0,0.41936920752802176,77,0,0,,,mixture/10.0/8/5/19
10.0,8,5,19,1000,800,constant,average,0,0,-2.6557060291114434e-05,77,0,0,,,mixture/10.0/8/5/19
10.0,8,5,19,1000,800,constant,pam,0,0,0.07782969483097897,77,0,0,1,0,mixture/10.0/8/5/19
10.0,8,5,20,1000,800,constant,single,0,0,0.00015424766467348188,28,0,0,,,mixture/10.0/8/5/20
10.0,8,5,20,1000,800,constant,complete,0,0,0.7794578111724086,28,0,0,,,mixture/10.0/8/5/20
10.0,8,5,20,1000,800,constant,average,0,0,0.3169103082619546,28,0,0,,,mixture/10.0/8/5/20
10.0,8,5,20,1000,800,constant,pam,0,0,0.4887716222121458,28,0,0,1,0,mixture/10.0/8/5/20
10.0,8,5,21,1000,800,constant,single,0,0,5.958939111182912e-06,64,0,0,,,mixture/10.0/8/5/21
10.0,8,5,21,1000,800,constant,complete,0,0,0.5949333719505686,64,0,0,,,mixture/10.0/8/5/21
10.0,8,5,21,1000,800,constant,average,0,0,0.15833570921235163,64,0,0,,,mixture/10.0/8/5/21
10.0,8,5,21,1000,800,constant,pam,0,0,0.1485781332857048,64,0,0,1,0,mixture/10.0/8/5/21
10.0,8,5,22,1000,800,constant,single,0,0,6.320544098577633e-05,17,0,0,,,mixture/10.0/8/5/22
10.0,8,5,22,1000,800,constant,complete,0,0,0.5137331733548471,17,0,0,,,mixture/10.0/8/5/22
10.0,8,5,22,1000,800,constant,average,0,0,0.223706667736854,17,0,0,,,mixture/10.0/8/5/22
10.0,8,5,22,1000,800,constant,pam,0,0,0.1304096196802888,17,0,0,1,0,mixture/10.0/8/5/22
10.0,8,5,23,1000,800,constant,single,0,0,-9.719503721301635e-05,14,0,0,,,mixture/10.0/8/5/23
10.0,8,5,23,1000,800,constant,complete,0,0,0.724442829470309,14,0,0,,,mixture/10.0/8/5/23
10.0,8,5,23,1000,800,constant,average,0,0,0.31832652245297954,14,0,0,,,mixture/10.0/8/5/23
10.0,8,5,23,1000,800,constant,pam,0,0,0.380024116137454,14,0,0,1,0,mixture/10.0/8/5/23
10.0,8,5,24,1000,800,constant,single,0,0,-0.001004195657921407,7,0,0,,,mixture/10.0/8/5/24
10.0,8,5,24,1000,800,constant,complete,0,0,0.38115648311804956,7,0,0,,,mixture/10.0/8/5/24
10.0,8,5,24,1000,800,constant,average,0,0,-0.001834126807392505,7,0,0,,,mixture/10.0/8/5/24
10.0,8,5,24,1000,800,constant,pam,0,0,0.19781304794478943,7,0,0,1,0,mixture/10.0/8/5/24
10.0,8,5,25,1000,800,constant,single,0,0,-3.0319748494495763e-05,43,0,0,,,mixture/10.0/8/5/25
10.0,8,5,25,1000,800,constant,complete,0,0,0.532882126412453,43,0,0,,,mixture/10.0/8/5/25
10.0,8,5,25,1000,800,constant,average,0,0,0.07141856091048598,43,0,0,,,mixture/10.0/8/5/25
10.0,8,5,25,1000,800,constant,pam,0,0,0.1442296352292255,43,0,0,1,0,mixture/10.0/8/5/25
10.0,8,5,26,1000,800,constant,single,0,0,-0.000587442014033309,69,0,0,,,mixture/10.0/8/5/26
10.0,8,5,26,1000,800,constant,complete,0,0,0.3369148698046793,69,0,0,,,mixture/10.0/8/5/26
10.0,8,5,26,1000,800,constant,average,0,0,0.07680158235476305,69,0,0,,,mixture/10.0/8/5/26
10.0,8,5,26,1000,800,constant,pam,0,0,0.304113098404548,69,0,0,1,0,mixture/10.0/8/5/26
10.0,8,5,27,1000,800,constant,single,0,0,-0.0006428594540062712,8,1,0,,,mixture/10.0/8/5/27
10.0,8,5,27,1000,800,constant,complete,0,0,0.607777497799674,8,1,0,,,mixture/10.0/8/5/27
10.0,8,5,27,1000,800,constant,average,0,0,0.27657973531974767,8,1,0,,,mixture/10.0/8/5/27
10.0,8,5,27,1000,800,constant,pam,0,0,0.3862130688565212,8,1,0,1,0,mixture/10.0/8/5/27
10.0,8,5,28,1000,800,constant,single,0,0,0.00011805686666258233,52,0,0,,,mixture/10.0/8/5/28
10.0,8,5,28,1000,800,constant,complete,0,0,0.7691987159299946,52,0,0,,,mixture/10.0/8/5/28
10.0,8,5,28,1000,800,constant,average,0,0,0.43358660219229933,52,0,0,,,mixture/10.0/8/5/28
10.0,8,5,28,1000,800,constant,pam,0,0,0.2741360554949712,52,0,0,1,0,mixture/10.0/8/5/28
10.0,8,5,29,1000,800,constant,single,0,0,-0.00039043090153481646,14,0,0,,,mixture/10.0/8/5/29
10.0,8,5,29,1000,800,constant,complete,0,0,0.6710754978751043,14,0,0,,,mixture/10.0/8/5/29
10.0,8,5,29,1000,800,constant,average,0,0,0.15984113188156188,14,0,0,,,mixture/10.0/8/5/29
10.0,8,5,29,1000,800,constant,pam,0,0,0.2655876282556802,14,0,0,1,0,mixture/10.0/8/5/29
10.0,9,5,0,1000,800,constant,single,0,0,-0.00015304029428559346,10,0,0,,,mixture/10.0/9/5/0
10.0,9,5,0,1000,800,constant,complete,0,0,0.47941066596256726,10,0,0,,,mixture/10.0/9/5/0
10.0,9,5,0,1000,800,constant,average,0,0,0.17703956426584347,10,0,0,,,mixture/10.0/9/5/0
10.0,9,5,0,1000,800,constant,pam,0,0,0.2829397787879741,10,0,0,1,0,mixture/10.0/9/5/0
10.0,9,5,1,1000,800,constant,single,0,0,-8.238978682633127e-06,10,0,0,,,mixture/10.0/9/5/1
10.0,9,5,1,1000,800,constant,complete,0,0,0.5013989472406045,10,0,0,,,mixture/10.0/9/5/1
10.0,9,5,1,1000,800,constant,average,0,0,0.151130506361374,10,0,0,,,mixture/10.0/9/5/1
10.0,9,5,1,1000,800,constant,pam,0,0,0.2133159009580434,10,0,0,1,0,mixture/10.0/9/5/1
10.0,9,5,2,1000,800,constant,single,0,0,-3.5314813823663854e-06,67,0,0,,,mixture/10.0/9/5/2
10.0,9,5,2,1000,800,constant,complete,0,0,0.6104127871865735,67,0,0,,,mixture/10.0/9/5/2
10.0,9,5,2,1000,800,constant,average,0,0,0.18644317210881636,67,0,0,,,mixture/10.0/9/5/2
10.0,9,5,2,1000,800,constant,pam,0,0,0.1873414485704439,67,0,0,0,1,mixture/10.0/9/5/2
10.0,9,5,3,1000,800,constant,single,0,0,-0.00034030417838205445,30,0,0,,,mixture/10.0/9/5/3
10.0,9,5,3,1000,800,constant,complete,0,0,0.45273273579371087,30,0,0,,,mixture/10.0/9/5/3
10.0,9,5,3,1000,800,constant,average,0,0,0.025364708629237228,30,0,0,,,mixture/10.0/9/5/3
10.0,9,5,3,1000,800,constant,pam,0,0,0.19227890066774117,30,0,0,1,0,mixture/10.0/9/5/3
10.0,9,5,4,1000,800,constant,single,0,0,6.716158012684319e-05,24,0,0,,,mixture/10.0/9/5/4
10.0,9,5,4,1000,800,constant,complete,0,0,0.5993199485924448,24,0,0,,,mixture/10.0/9/5/4
10.0,9,5,4,1000,800,constant,average,0,0,0.1268923803191701,24,0,0,,,mixture/10.0/9/5/4
10.0,9,5,4,1000,800,constant,pam,0,0,0.2319367653552026,24,0,0,1,0,mixture/10.0/9/5/4
10.0,9,5,5,1000,800,constant,single,0,0,0.00018219528269622443,11,0,0,,,mixture/10.0/9/5/5
10.0,9,5,5,1000,800,constant,complete,0,0,0.5987306003148287,11,0,0,,,mixture/10.0/9/5/5
10.0,9,5,5,1000,800,constant,average,0,0,0.20157662429973724,11,0,0,,,mixture/10.0/9/5/5
10.0,9,5,5,1000,800,constant,pam,0,0,0.25754459309739697,11,0,0,1,0,mixture/10.0/9/5/5
10.0,9,5,6,1000,800,constant,single,0,0,-0.0007357323680331366,4,0,0,,,mixture/10.0/9/5/6
10.0,9,5,6,1000,800,constant,complete,0,0,0.6607489913411424,4,0,0,,,mixture/10.0/9/5/6
10.0,9,5,6,1000,800,constant,average,0,0,0.25328601524014327,4,0,0,,,mixture/10.0/9/5/6
10.0,9,5,6,1000,800,constant,pam,0,0,0.47646888029798773,4,0,0,1,0,mixture/10.0/9/5/6
10.0,9,5,7,1000,800,constant,single,0,0,4.900356440438522e-05,11,0,0,,,mixture/10.0/9/5/7
10.0,9,5,7,1000,800,constant,complete,0,0,0.6946954076002412,11,0,0,,,mixture/10.0/9/5/7
10.0,9,5,7,1000,800,constant,average,0,0,0.2870640650314395,11,0,0,,,mixture/10.0/9/5/7
10.0,9,5,7,1000,800,constant,pam,0,0,0.29319373591019093,11,0,0,1,0,mixture/10.0/9/5/7
10.0,9,5,8,1000,800,constant,single,0,0,0.0006582547137664828,2,0,0,,,mixture/10.0/9/5/8
10.0,9,5,8,1000,800,constant,complete,0,0,0.36858973552841495,2,0,0,,,mixture/10.0/9/5/8
10.0,9,5,8,1000,800,constant,average,0,0,0.1119781532031946,2,0,0,,,mixture/10.0/9/5/8
10.0,9,5,8,1000,800,constant,pam,0,0,0.15082484964737658,2,0,0,1,0,mixture/10.0/9/5/8
10.0,9,5,9,1000,800,constant,single,0,0,0.0003032031510628124,68,0,0,,,mixture/10.0/9/5/9
10.0,9,5,9,1000,800,constant,complete,0,0,0.33067978282474997,68,0,0,,,mixture/10.0/9/5/9
10.0,9,5,9,1000,800,constant,average,0,0,0.04227990191989034,68,0,0,,,mixture/10.0/9/5/9
10.0,9,5,9,1000,800,constant,pam,0,0,0.2163641984492109,68,0,0,1,0,mixture/10.0/9/5/9
10.0,9,5,10,1000,800,constant,single,0,0,9.139701344411474e-05,23,0,0,,,mixture/10.0/9/5/10
10.0,9,5,10,1000,800,constant,complete,0,0,0.5648332727544074,23,0,0,,,mixture/10.0/9/5/10
10.0,9,5,10,1000,800,constant,average,0,0,0.057739756685092014,23,0,0,,,mixture/10.0/9/5/10
10.0,9,5,10,1000,800,constant,pam,0,0,0.23888105394222803,23,0,0,1,0,mixture/10.0/9/5/10
10.0,9,5,11,1000,800,constant,single,0,0,0.0005863387715430888,62,0,0,,,mixture/10.0/9/5/11
10.0,9,5,11,1000,800,constant,complete,0,0,0.4655322835846543,62,0,0,,,mixture/10.0/9/5/11
10.0,9,5,11,1000,800,constant,average,0,0,0.0412258295045587,62,0,0,,,mixture/10.0/9/5/11
10.0,9,5,11,1000,800,constant,pam,0,0,0.13098964646157119,62,0,0,1,0,mixture/10.0/9/5/11
10.0,9,5,12,1000,800,constant,single,0,0,0.00041593484127607297,16,0,0,,,mixture/10.0/9/5/12
10.0,9,5,12,1000,800,constant,complete,0,0,0.636063194916035,16,0,0,,,mixture/10.0/9/5/12
10.0,9,5,12,1000,800,constant,average,0,0,0.12085775938499628,16,0,0,,,mixture/10.0/9/5/12
10.0,9,5,12,1000,800,constant,pam,0,0,0.35240263646341474,16,0,0,1,0,mixture/10.0/9/5/12
10.0,9,5,13,1000,800,constant,single,0,0,0.0006856804407136083,7,0,0,,,mixture/10.0/9/5/13
10.0,9,5,13,1000,800,constant,complete,0,0,0.536239556155616,7,0,0,,,mixture/10.0/9/5/13
10.0,9,5,13,1000,800,constant,average,0,0,0.10973605169417147,7,0,0,,,mixture/10.0/9/5/13
10.0,9,5,13,1000,800,constant,pam,0,0,0.26287445544225513,7,0,0,1,0,mixture/10.0/9/5/13
10.0,9,5,14,1000,800,constant,single,0,0,0.0005066544790951889,17,0,0,,,mixture/10.0/9/5/14
10.0,9,5,14,1000,800,constant,complete,0,0,0.6909821516204299,17,0,0,,,mixture/10.0/9/5/14
10.0,9,5,14,1000,800,constant,average,0,0,0.128039031080655,17,0,0,,,mixture/10.0/9/5/14
10.0,9,5,14,1000,800,constant,pam,0,0,0.3761917843593507,17,0,0,1,0,mixture/10.0/9/5/14
10.0,9,5,15,1000,800,constant,single,0,0,-0.00020389619232113543,32,0,0,,,mixture/10.0/9/5/15
10.0,9,5,15,1000,800,constant,complete,0,0,0.47230600137626205,32,0,0,,,mixture/10.0/9/5/15
10.0,9,5,15,1000,800,constant,average,0,0,0.11243356233009028,32,0,0,,,mixture/10.0/9/5/15
10.0,9,5,15,1000,800,constant,pam,0,0,0.17156253023523713,32,0,0,1,0,mixture/10.0/9/5/15
10.0,9,5,16,1000,800,constant,single,0,0,0.0003287579249996377,17,0,0,,,mixture/10.0/9/5/16
10.0,9,5,16,1000,800,constant,complete,0,0,0.5331709880159314,17,0,0,,,mixture/10.0/9/5/16
10.0,9,5,16,1000,800,constant,average,0,0,0.11253893552977251,17,0,0,,,mixture/10.0/9/5/16
10.0,9,5,16,1000,800,constant,pam,0,0,0.3073845767836353,17,0,0,0,1,mixture/10.0/9/5/16
10.0,9,5,17,1000,800,constant,single,0,0,-0.0002578935709907545,91,0,0,,,mixture/10.0/9/5/17
10.0,9,5,17,1000,800,constant,complete,0,0,0.42692207315428377,91,0,0,,,mixture/10.0/9/5/17
10.0,9,5,17,1000,800,constant,average,0,0,0.045428202149740575,91,0,0,,,mixture/10.0/9/5/17
10.0,9,5,17,1000,800,constant,pam,0,0,0.1738977263447878,91,0,0,1,0,mixture/10.0/9/5/17
10.0,9,5,18,1000,800,constant,single,0,0,-0.00042081810612468304,17,0,0,,,mixture/10.0/9/5/18
10.0,9,5,18,1000,800,constant,complete,0,0,0.4241098615851153,17,0,0,,,mixture/10.0/9/5/18
10.0,9,5,18,1000,800,constant,average,0,0,0.05671956647754435,17,0,0,,,mixture/10.0/9/5/18
10.0,9,5,18,1000,800,constant,pam,0,0,0.10025624979326586,17,0,0,0,1,mixture/10.0/9/5/18
10.0,9,5,19,1000,800,constant,single,0,0,-6.58830731120476e-05,11,0,0,,,mixture/10.0/9/5/19
10.0,9,5,19,1000,800,constant,complete,0,0,0.5757492995486624,11,0,0,,,mixture/10.0/9/5/19
10.0,9,5,19,1000,800,constant,average,0,0,0.38434772765088515,11,0,0,,,mixture/10.0/9/5/19
10.0,9,5,19,1000,800,constant,pam,0,0,0.2208243137484016,11,0,0,1,0,mixture/10.0/9/5/19
10.0,9,5,20,1000,800,constant,single,0,0,-0.0004571768315084156,18,0,0,,,mixture/10.0/9/5/20
10.0,9,5,20,1000,800,constant,complete,0,0,0.7480010651992083,18,0,0,,,mixture/10.0/9/5/20
10.0,9,5,20,1000,800,constant,average,0,0,0.349041738692647,18,0,0,,,mixture/10.0/9/5/20
10.0,9,5,20,1000,800,constant,pam,0,0,0.46664927110702015,18,0,0,1,0,mixture/10.0/9/5/20
10.0,9,5,21,1000,800,constant,single,0,0,-0.00015662861176874836,11,0,0,,,mixture/10.0/9/5/21
10.0,9,5,21,1000,800,constant,complete,0,0,0.5967808174743701,11,0,0,,,mixture/10.0/9/5/21
10.0,9,5,21,1000,800,constant,average,0,0,0.12442016204251455,11,0,0,,,mixture/10.0/9/5/21
10.0,9,5,21,1000,800,constant,pam,0,0,0.16315154598758846,11,0,0,1,0,mixture/10.0/9/5/21
10.0,9,5,22,1000,800,constant,single,0,0,-4.270014446130183e-05,71,0,0,,,mixture/10.0/9/5/22
10.0,9,5,22,1000,800,constant,complete,0,0,0.44895411149515285,71,0,0,,,mixture/10.0/9/5/22
10.0,9,5,22,1000,800,constant,average,0,0,0.06264056363856549,71,0,0,,,mixture/10.0/9/5/22
10.0,9,5,22,1000,800,constant,pam,0,0,0.14497677272479179,71,0,0,1,0,mixture/10.0/9/5/22
10.0,9,5,23,1000,800,constant,single,0,0,7.737761347183057e-05,73,0,0,,,mixture/10.0/9/5/23
10.0,9,5,23,1000,800,constant,complete,0,0,0.37507862798033964,73,0,0,,,mixture/10.0/9/5/23
10.0,9,5,23,1000,800,constant,average,0,0,0.04644143920839287,73,0,0,,,mixture/10.0/9/5/23
10.0,9,5,23,1000,800,constant,pam,0,0,0.23366755564400787,73,0,0,1,0,mixture/10.0/9/5/23
10.0,9,5,24,1000,800,constant,single,0,0,0.0004703934552544386,7,0,0,,,mixture/10.0/9/5/24
10.0,9,5,24,1000,800,constant,complete,0,0,0.5504807873593186,7,0,0,,,mixture/10.0/9/5/24
10.0,9,5,24,1000,800,constant,average,0,0,0.11326401221664317,7,0,0,,,mixture/10.0/9/5/24
10.0,9,5,24,1000,800,constant,pam,0,0,0.13119307278948938,7,0,0,1,0,mixture/10.0/9/5/24
10.0,9,5,25,1000,800,constant,single,0,0,0.00011354673954135457,20,0,0,,,mixture/10.0/9/5/25
10.0,9,5,25,1000,800,constant,complete,0,0,0.4976458500834418,20,0,0,,,mixture/10.0/9/5/25
10.0,9,5,25,1000,800,constant,average,0,0,0.1257389427805409,20,0,0,,,mixture/10.0/9/5/25
10.0,9,5,25,1000,800,constant,pam,0,0,0.1895696786902346,20,0,0,1,0,mixture/10.0/9/5/25
10.0,9,5,26,1000,800,constant,single,0,0,0.0005193687470290029,14,0,0,,,mixture/10.0/9/5/26
10.0,9,5,26,1000,800,constant,complete,0,0,0.6267006751578384,14,0,0,,,mixture/10.0/9/5/26
10.0,9,5,26,1000,800,constant,average,0,0,0.19729549898227197,14,0,0,,,mixture/10.0/9/5/26
10.0,9,5,26,1000,800,constant,pam,0,0,0.17857990662504106,14,0,0,1,0,mixture/10.0/9/5/26
10.0,9,5,27,1000,800,constant,single,0,0,0.0005133926917468972,29,0,0,,,mixture/10.0/9/5/27
10.0,9,5,27,1000,800,constant,complete,0,0,0.4498071820943063,29,0,0,,,mixture/10.0/9/5/27
10.0,9,5,27,1000,800,constant,average,0,0,0.0012915165854369879,29,0,0,,,mixture/10.0/9/5/27
10.0,9,5,27,1000,800,constant,pam,0,0,0.24553625036245602,29,0,0,1,0,mixture/10.0/9/5/27
10.0,9,5,28,1000,800,constant,single,0,0,0.00026800539967742763,63,0,0,,,mixture/10.0/9/5/28
10.0,9,5,28,1000,800,constant,complete,0,0,0.6881784949386139,63,0,0,,,mixture/10.0/9/5/28
10.0,9,5,28,1000,800,constant,average,0,0,0.2865193355053387,63,0,0,,,mixture/10.0/9/5/28
10.0,9,5,28,1000,800,constant,pam,0,0,0.4294936438721325,63,0,0,1,0,mixture/10.0/9/5/28
10.0,9,5,29,1000,800,constant,single,0,0,-9.814813564796772e-05,5,0,0,,,mixture/10.0/9/5/29
10.0,9,5,29,1000,800,constant,complete,0,0,0.6402258942115255,5,0,0,,,mixture/10.0/9/5/29
10.0,9,5,29,1000,800,constant,average,0,0,0.18970562057087642,5,0,0,,,mixture/10.0/9/5/29
10.0,9,5,29,1000,800,constant,pam,0,0,0.3662701901810876,5,0,0,1,0,mixture/10.0/9/5/29
10.0,10,5,0,1000,800,constant,single,0,0,0.0006243840445192534,26,0,0,,,mixture/10.0/10/5/0
10.0,10,5,0,1000,800,constant,complete,0,0,0.5263351370452787,26,0,0,,,mixture/10.0/10/5/0
10.0,10,5,0,1000,800,constant,average,0,0,0.005264529311639718,26,0,0,,,mixture/10.0/10/5/0
10.0,10,5,0,1000,800,constant,pam,0,0,0.1709482977514942,26,0,0,1,0,mixture/10.0/10/5/0
10.0,10,5,1,1000,800,constant,single,0,0,0.0006351247098948925,6,0,0,,,mixture/10.0/10/5/1
10.0,10,5,1,1000,800,constant,complete,0,0,0.4688947353675335,6,0,0,,,mixture/10.0/10/5/1
10.0,10,5,1,1000,800,constant,average,0,0,0.1621822521320118,6,0,0,,,mixture/10.0/10/5/1
10.0,10,5,1,1000,800,constant,pam,0,0,0.18725361633819051,6,0,0,1,0,mixture/10.0/10/5/1
10.0,10,5,2,1000,800,constant,single,0,0,0.00022876876270200254,21,0,0,,,mixture/10.0/10/5/2
10.0,10,5,2,1000,800,constant,complete,0,0,0.3780290760112041,21,0,0,,,mixture/10.0/10/5/2
10.0,10,5,2,1000,800,constant,average,0,0,0.16149077526267863,21,0,0,,,mixture/10.0/10/5/2
10.0,10,5,2,1000,800,constant,pam,0,0,0.15200394592226713,21,0,0,1,0,mixture/10.0/10/5/2
10.0,10,5,3,1000,800,constant,single,0,0,0.00042932404290994353,43,0,0,,,mixture/10.0/10/5/3
10.0,10,5,3,1000,800,constant,complete,0,0,0.35220628827245,43,0,0,,,mixture/10.0/10/5/3
10.0,10,5,3,1000,800,constant,average,0,0,0.0001773603052665046,43,0,0,,,mixture/10.0/10/5/3
10.0,10,5,3,1000,800,constant,pam,0,0,0.1583494028550037,43,0,0,1,0,mixture/10.0/10/5/3
10.0,10,5,4,1000,800,constant,single,0,0,0.0003048487866921887,7,0,0,,,mixture/10.0/10/5/4
10.0,10,5,4,1000,800,constant,complete,0,0,0.4783596935062273,7,0,0,,,mixture/10.0/10/5/4
10.0,10,5,4,1000,800,constant,average,0,0,0.320027836297041,7,0,0,,,mixture/10.0/10/5/4
10.0,10,5,4,1000,800,constant,pam,0,0,0.23086949644873261,7,0,0,1,0,mixture/10.0/10/5/4
10.0,10,5,5,1000,800,constant,single,0,0,0.0004079438619523378,51,0,0,,,mixture/10.0/10/5/5
10.0,10,5,5,1000,800,constant,complete,0,0,0.3246049943298267,51,0,0,,,mixture/10.0/10/5/5
10.0,10,5,5,1000,800,constant,average,0,0,0.07503952498281738,51,0,0,,,mixture/10.0/10/5/5
10.0,10,5,5,1000,800,constant,pam,0,0,0.12202902899707489,51,0,0,1,0,mixture/10.0/10/5/5
10.0,10,5,6,1000,800,constant,single,0,0,7.541117073520149e-05,22,0,0,,,mixture/10.0/10/5/6
10.0,10,5,6,1000,800,constant,complete,0,0,0.5056161657762236,22,0,0,,,mixture/10.0/10/5/6
10.0,10,5,6,1000,800,constant,average,0,0,0.08379702755620445,22,0,0,,,mixture/10.0/10/5/6
10.0,10,5,6,1000,800,constant,pam,0,0,0.18240732809455873,22,0,0,1,0,mixture/10.0/10/5/6
10.0,10,5,7,1000,800,constant,single,0,0,0.0003968821698275067,5,0,0,,,mixture/10.0/10/5/7
10.0,10,5,7,1000,800,constant,complete,0,0,0.6266979386332804,5,0,0,,,mixture/10.0/10/5/7
10.0,10,5,7,1000,800,constant,average,0,0,0.28587220174763656,5,0,0,,,mixture/10.0/10/5/7
10.0,10,5,7,1000,800,constant,pam,0,0,0.1979225020548452,5,0,0,1,0,mixture/10.0/10/5/7
10.0,10,5,8,1000,800,constant,single,0,0,0.0005453103862334048,89,0,0,,,mixture/10.0/10/5/8
10.0,10,5,8,1000,800,constant,complete,0,0,0.42415166474131516,89,0,0,,,mixture/10.0/10/5/8
10.0,10,5,8,1000,800,constant,average,0,0,0.002521017933250022,89,0,0,,,mixture/10.0/10/5/8
10.0,10,5,8,1000,800,constant,pam,0,0,0.14506621278719875,89,0,0,1,0,mixture/10.0/10/5/8
10.0,10,5,9,1000,800,constant,single,0,0,-4.026077594444246e-06,67,0,0,,,mixture/10.0/10/5/9
10.0,10,5,9,1000,800,constant,complete,0,0,0.4507945542407143,67,0,0,,,mixture/10.0/10/5/9
10.0,10,5,9,1000,800,constant,average,0,0,0.36099123596231597,67,0,0,,,mixture/10.0/10/5/9
10.0,10,5,9,1000,800,constant,pam,0,0,0.22229486856711006,67,0,0,1,0,mixture/10.0/10/5/9
10.0,10,5,10,1000,800,constant,single,0,0,-0.00022937008383895285,24,0,0,,,mixture/10.0/10/5/10
10.0,10,5,10,1000,800,constant,complete,0,0,0.6015497112207461,24,0,0,,,mixture/10.0/10/5/10
10.0,10,5,10,1000,800,constant,average,0,0,0.294347200703708,24,0,0,,,mixture/10.0/10/5/10
10.0,10,5,10,1000,800,constant,pam,0,0,0.22783261734701876,24,0,0,1,0,mixture/10.0/10/5/10
10.0,10,5,11,1000,800,constant,single,0,0,-0.00023609593558259086,15,0,0,,,mixture/10.0/10/5/11
10.0,10,5,11,1000,800,constant,complete,0,0,0.5894257985154256,15,0,0,,,mixture/10.0/10/5/11
10.0,10,5,11,1000,800,constant,average,0,0,0.12714842874358223,15,0,0,,,mixture/10.0/10/5/11
10.0,10,5,11,1000,800,constant,pam,0,0,0.1126443961952072,15,0,0,1,0,mixture/10.0/10/5/11
10.0,10,5,12,1000,800,constant,single,0,0,9.80013785847424e-05,78,0,0,,,mixture/10.0/10/5/12
10.0,10,5,12,1000,800,constant,complete,0,0,0.3290449792799249,78,0,0,,,mixture/10.0/10/5/12
10.0,10,5,12,1000,800,constant,average,0,0,0.03558127199443851,78,0,0,,,mixture/10.0/10/5/12
10.0,10,5,12,1000,800,constant,pam,0,0,0.13031012933014136,78,0,0,1,0,mixture/10.0/10/5/12
10.0,10,5,13,1000,800,constant,single,0,0,0.0005808371011611831,18,0,0,,,mixture/10.0/10/5/13
10.0,10,5,13,1000,800,constant,complete,0,0,0.5723779164544667,18,0,0,,,mixture/10.0/10/5/13
10.0,10,5,13,1000,800,constant,average,0,0,0.3817789052483859,18,0,0,,,mixture/10.0/10/5/13
10.0,10,5,13,1000,800,constant,pam,0,0,0.3106932728738238,18,0,0,1,0,mixture/10.0/10/5/13
10.0,10,5,14,1000,800,constant,single,0,0,0.00011197711255397127,61,0,0,,,mixture/10.0/10/5/14
10.0,10,5,14,1000,800,constant,complete,0,0,0.5213379569703183,61,0,0,,,mixture/10.0/10/5/14
10.0,10,5,14,1000,800,constant,average,0,0,0.04618791955510991,61,0,0,,,mixture/10.0/10/5/14
10.0,10,5,14,1000,800,constant,pam,0,0,0.16655134529655183,61,0,0,1,0,mixture/10.0/10/5/14
10.0,10,5,15,1000,800,constant,single,0,0,-0.0003757690644523792,43,0,0,,,mixture/10.0/10/5/15
10.0,10,5,15,1000,800,constant,complete,0,0,0.3240621800549454,43,0,0,,,mixture/10.0/10/5/15
10.0,10,5,15,1000,800,constant,average,0,0,0.03550355879394715,43,0,0,,,mixture/10.0/10/5/15
10.0,10,5,15,1000,800,constant,pam,0,0,0.086990340110766,43,0,0,0,1,mixture/10.0/10/5/15
10.0,10,5,16,1000,800,constant,single,0,0,-0.00037056648466268235,3,0,0,,,mixture/10.0/10/5/16
10.0,10,5,16,1000,800,constant,complete,0,0,0.5158030278574984,3,0,0,,,mixture/10.0/10/5/16
10.0,10,5,16,1000,800,constant,average,0,0,0.10235829260118716,3,0,0,,,mixture/10.0/10/5/16
10.0,10,5,16,1000,800,constant,pam,0,0,0.23379287696298157,3,0,0,1,0,mixture/10.0/10/5/16
10.0,10,5,17,1000,800,constant,single,0,0,-3.852697522555403e-05,38,0,0,,,mixture/10.0/10/5/17
10.0,10,5,17,1000,800,constant,complete,0,0,0.46391297670339937,38,0,0,,,mixture/10.0/10/5/17
10.0,10,5,17,1000,800,constant,average,0,0,0.0006746047773457019,38,0,0,,,mixture/10.0/10/5/17
10.0,10,5,17,1000,800,constant,pam,0,0,0.15422786758943222,38,0,0,1,0,mixture/10.0/10/5/17
10.0,10,5,18,1000,800,constant,single,0,0,-0.0006481993215284117,89,0,0,,,mixture/10.0/10/5/18
10.0,10,5,18,1000,800,constant,complete,0,0,0.45675559547451106,89,0,0,,,mixture/10.0/10/5/18
10.0,10,5,18,1000,800,constant,average,0,0,0.18927365176427405,89,0,0,,,mixture/10.0/10/5/18
10.0,10,5,18,1000,800,constant,pam,0,0,0.23872457660044413,89,0,0,1,0,mixture/10.0/10/5/18
10.0,10,5,19,1000,800,constant,single,0,0,-7.595850072206218e-05,13,0,0,,,mixture/10.0/10/5/19
10.0,10,5,19,1000,800,constant,complete,0,0,0.5252826776718553,13,0,0,,,mixture/10.0/10/5/19
10.0,10,5,19,1000,800,constant,average,0,0,0.0055058347554791,13,0,0,,,mixture/10.0/10/5/19
10.0,10,5,19,1000,800,constant,pam,0,0,0.16590511378477346,13,0,0,1,0,mixture/10.0/10/5/19
10.0,10,5,20,1000,800,constant,single,0,0,1.3287477453910264e-05,28,0,0,,,mixture/10.0/10/5/20
10.0,10,5,20,1000,800,constant,complete,0,0,0.7187731002768627,28,0,0,,,mixture/10.0/10/5/20
10.0,10,5,20,1000,800,constant,average,0,0,0.45462503099002594,28,0,0,,,mixture/10.0/10/5/20
10.0,10,5,20,1000,800,constant,pam,0,0,0.3670302558649195,28,0,0,0,1,mixture/10.0/10/5/20
10.0,10,5,21,1000,800,constant,single,0,0,-0.000636282836569788,80,0,0,,,mixture/10.0/10/5/21
10.0,10,5,21,1000,800,constant,complete,0,0,0.29061149892207977,80,0,0,,,mixture/10.0/10/5/21
10.0,10,5,21,1000,800,constant,average,0,0,0.05208592694114941,80,0,0,,,mixture/10.0/10/5/21
10.0,10,5,21,1000,800,constant,pam,0,0,0.08869108545732628,80,0,0,1,0,mixture/10.0/10/5/21
10.0,10,5,22,1000,800,constant,single,0,0,0.0001503807331942185,71,0,0,,,mixture/10.0/10/5/22
10.0,10,5,22,1000,800,constant,complete,0,0,0.2910604947937409,71,0,0,,,mixture/10.0/10/5/22
10.0,10,5,22,1000,800,constant,average,0,0,0.02474395547156118,71,0,0,,,mixture/10.0/10/5/22
10.0,10,5,22,1000,800,constant,pam,0,0,0.11154018534272989,71,0,0,1,0,mixture/10.0/10/5/22
10.0,10,5,23,1000,800,constant,single,0,0,0.0006046651095370612,126,0,0,,,mixture/10.0/10/5/23
10.0,10,5,23,1000,800,constant,complete,0,0,0.6265804733762161,126,0,0,,,mixture/10.0/10/5/23
10.0,10,5,23,1000,800,constant,average,0,0,0.2128957148714408,126,0,0,,,mixture/10.0/10/5/23
10.0,10,5,23,1000,800,constant,pam,0,0,0.12574388984318974,126,0,0,1,0,mixture/10.0/10/5/23
10.0,10,5,24,1000,800,constant,single,0,0,-3.909381517691685e-05,11,0,0,,,mixture/10.0/10/5/24
10.0,10,5,24,1000,800,constant,complete,0,0,0.5761472022704232,11,0,0,,,mixture/10.0/10/5/24
10.0,10,5,24,1000,800,constant,average,0,0,0.2923794816736608,11,0,0,,,mixture/10.0/10/5/24
10.0,10,5,24,1000,800,constant,pam,0,0,0.26707666273051817,11,0,0,1,0,mixture/10.0/10/5/24
10.0,10,5,25,1000,800,constant,single,0,0,0.000228140367123643,98,0,0,,,mixture/10.0/10/5/25
10.0,10,5,25,1000,800,constant,complete,0,0,0.6058449515868687,98,0,0,,,mixture/10.0/10/5/25
10.0,10,5,25,1000,800,constant,average,0,0,0.09903190561164046,98,0,0,,,mixture/10.0/10/5/25
10.0,10,5,25,1000,800,constant,pam,0,0,0.16873090086297934,98,0,0,1,0,mixture/10.0/10/5/25
10.0,10,5,26,1000,800,constant,single,0,0,0.00017596231466567792,33,0,0,,,mixture/10.0/10/5/26
10.0,10,5,26,1000,800,constant,complete,0,0,0.3827913577420255,33,0,0,,,mixture/10.0/10/5/26
10.0,10,5,26,1000,800,constant,average,0,0,0.03832964947510574,33,0,0,,,mixture/10.0/10/5/26
10.0,10,5,26,1000,800,constant,pam,0,0,0.1889398040512368,33,0,0,0,1,mixture/10.0/10/5/26
10.0,10,5,27,1000,800,constant,single,0,0,-0.00010623176423704369,142,0,0,,,mixture/10.0/10/5/27
10.0,10,5,27,1000,800,constant,complete,0,0,0.37369645531974954,142,0,0,,,mixture/10.0/10/5/27
10.0,10,5,27,1000,800,constant,average,0,0,0.0010753855849756097,142,0,0,,,mixture/10.0/10/5/27
10.0,10,5,27,1000,800,constant,pam,0,0,0.2929254488369838,142,0,0,1,0,mixture/10.0/10/5/27
10.0,10,5,28,1000,800,constant,single,0,0,-9.264990203657888e-05,3,0,0,,,mixture/10.0/10/5/28
10.0,10,5,28,1000,800,constant,complete,0,0,0.6409724073679492,3,0,0,,,mixture/10.0/10/5/28
10.0,10,5,28,1000,800,constant,average,0,0,0.5007132778418291,3,0,0,,,mixture/10.0/10/5/28
10.0,10,5,28,1000,800,constant,pam,0,0,0.39161312202704074,3,0,0,1,0,mixture/10.0/10/5/28
10.0,10,5,29,1000,800,constant,single,0,0,0.0002653978031315948,3,0,0,,,mixture/10.0/10/5/29
10.0,10,5,29,1000,800,constant,complete,0,0,0.5303567789068727,3,0,0,,,mixture/10.0/10/5/29
10.0,10,5,29,1000,800,constant,average,0,0,0.22188046819827803,3,0,0,,,mixture/10.0/10/5/29
10.0,10,5,29,1000,800,constant,pam,0,0,0.22748541604941508,3,0,0,1,0,mixture/10.0/10/5/29
