alpha,K,mixture_id,n,cost_scheme,eta_hat,eta_ci_low,eta_ci_high,separation_status,n_pairs,level,mixture_key
1.0,2,0,1000,constant-mc,0.5787999999999993,0.5629609828885265,0.5946390171114722,separated,60,0.95,hmm-mixture/2/4/5/0
1.0,2,1,1000,constant-mc,0.41330000000000044,0.39689542697150504,0.42970457302849585,separated,60,0.95,hmm-mixture/2/4/5/1
1.0,2,2,1000,constant-mc,0.6908666666666647,0.6729951123884579,0.7087382209448716,separated,60,0.95,hmm-mixture/2/4/5/2
1.0,2,3,1000,constant-mc,0.5616999999999992,0.5448559435147304,0.578544056485268,separated,60,0.95,hmm-mixture/2/4/5/3
1.0,2,4,1000,constant-mc,0.35146666666666704,0.33601348387040186,0.3669198494629322,separated,60,0.95,hmm-mixture/2/4/5/4
1.0,2,5,1000,constant-mc,0.5246666666666666,0.5084865646125314,0.5408467687208018,separated,60,0.95,hmm-mixture/2/4/5/5
1.0,2,6,1000,constant-mc,0.7061666666666655,0.6884878143528104,0.7238455189805206,separated,60,0.95,hmm-mixture/2/4/5/6
1.0,2,7,1000,constant-mc,0.5751000000000008,0.5588717627996616,0.5913282372003401,separated,60,0.95,hmm-mixture/2/4/5/7
1.0,2,8,1000,constant-mc,0.2763666666666671,0.2602902225799033,0.2924431107534309,separated,60,0.95,hmm-mixture/2/4/5/8
1.0,2,9,1000,constant-mc,0.3028999999999993,0.2876371456055846,0.31816285439441394,separated,60,0.95,hmm-mixture/2/4/5/9
1.0,2,10,1000,constant-mc,0.5504000000000007,0.5336400514993018,0.5671599485006995,separated,60,0.95,hmm-mixture/2/4/5/10
1.0,2,11,1000,constant-mc,0.361933333333333,0.34800192645152705,0.37586474021513894,separated,60,0.95,hmm-mixture/2/4/5/11
1.0,2,12,1000,constant-mc,0.42086666666666783,0.40479946054732086,0.4369338727860148,separated,60,0.95,hmm-mixture/2/4/5/12
1.0,2,13,1000,constant-mc,0.4776999999999987,0.46012694376524443,0.49527305623475293,separated,60,0.95,hmm-mixture/2/4/5/13
1.0,2,14,1000,constant-mc,0.48336666666666783,0.4673828320840139,0.4993505012493218,separated,60,0.95,hmm-mixture/2/4/5/14
1.0,2,15,1000,constant-mc,0.3921999999999999,0.37520252443132485,0.4091974755686749,separated,60,0.95,hmm-mixture/2/4/5/15
1.0,2,16,1000,constant-mc,0.31019999999999914,0.29345136773167635,0.32694863226832194,separated,60,0.95,hmm-mixture/2/4/5/16
1.0,2,17,1000,constant-mc,0.3604333333333347,0.34318116776030383,0.3776854989063656,separated,60,0.95,hmm-mixture/2/4/5/17
1.0,2,18,1000,constant-mc,0.4228666666666676,0.40592795565330775,0.4398053776800275,separated,60,0.95,hmm-mixture/2/4/5/18
1.0,2,19,1000,constant-mc,0.42953333333333354,0.4143952993428561,0.44467136732381096,separated,60,0.95,hmm-mixture/2/4/5/19
1.0,2,20,1000,constant-mc,1.031299999999998,1.0133324444430816,1.0492675555569146,separated,60,0.95,hmm-mixture/2/4/5/20
1.0,2,21,1000,constant-mc,0.7144666666666657,0.6988060745755842,0.7301272587577472,separated,60,0.95,hmm-mixture/2/4/5/21
1.0,2,22,1000,constant-mc,0.47589999999999844,0.45959040332221246,0.4922095966777844,separated,60,0.95,hmm-mixture/2/4/5/22
1.0,2,23,1000,constant-mc,0.846566666666666,0.8276032723428832,0.8655300609904488,separated,60,0.95,hmm-mixture/2/4/5/23
1.0,2,24,1000,constant-mc,0.7830333333333339,0.7668008167566578,0.79926584991001,separated,60,0.95,hmm-mixture/2/4/5/24
1.0,2,25,1000,constant-mc,0.610999999999998,0.5933497976781856,0.6286502023218103,separated,60,0.95,hmm-mixture/2/4/5/25
1.0,2,26,1000,constant-mc,0.560299999999998,0.5448782030240453,0.5757217969759507,separated,60,0.95,hmm-mixture/2/4/5/26
1.0,2,27,1000,constant-mc,0.2484666666666655,0.23415553789180166,0.26277779544152935,separated,60,0.95,hmm-mixture/2/4/5/27
1.0,2,28,1000,constant-mc,0.490033333333332,0.4733531054493385,0.5067135612173255,separated,60,0.95,hmm-mixture/2/4/5/28
1.0,2,29,1000,constant-mc,0.6702999999999992,0.6544387879717721,0.6861612120282263,separated,60,0.95,hmm-mixture/2/4/5/29
1.0,3,0,1000,constant-mc,0.20573333333333554,0.1899880497915083,0.2214786168751628,separated,60,0.95,hmm-mixture/3/4/5/0
1.0,3,1,1000,constant-mc,0.31063333333333265,0.2925179763789405,0.3287486902877248,separated,60,0.95,hmm-mixture/3/4/5/1
1.0,3,2,1000,constant-mc,0.29006666666666714,0.27310840579993645,0.30702492753339783,separated,60,0.95,hmm-mixture/3/4/5/2
1.0,3,3,1000,constant-mc,0.4736333333333347,0.4549062537494777,0.4923604129171917,separated,60,0.95,hmm-mixture/3/4/5/3
1.0,3,4,1000,constant-mc,0.42229999999999723,0.40573080884116575,0.4388691911588287,separated,60,0.95,hmm-mixture/3/4/5/4
1.0,3,5,1000,constant-mc,0.47396666666666754,0.4542375364937259,0.4936957968396092,separated,60,0.95,hmm-mixture/3/4/5/5
1.0,3,6,1000,constant-mc,0.33426666666666804,0.31912220437983585,0.34941112895350024,separated,60,0.95,hmm-mixture/3/4/5/6
1.0,3,7,1000,constant-mc,0.2926666666666664,0.2748947961224175,0.3104385372109153,separated,60,0.95,hmm-mixture/3/4/5/7
1.0,3,8,1000,constant-mc,0.3372333333333346,0.3192277082805024,0.3552389583861668,separated,60,0.95,hmm-mixture/3/4/5/8
1.0,3,9,1000,constant-mc,0.4666666666666668,0.4470685377654906,0.48626479556784297,separated,60,0.95,hmm-mixture/3/4/5/9
1.0,3,10,1000,constant-mc,0.23849999999999927,0.21894986971134767,0.25805013028865087,separated,60,0.95,hmm-mixture/3/4/5/10
1.0,3,11,1000,constant-mc,0.25783333333333314,0.23846114589881662,0.27720552076784966,separated,60,0.95,hmm-mixture/3/4/5/11
1.0,3,12,1000,constant-mc,0.3908666666666658,0.37416771749121924,0.40756561584211237,separated,60,0.95,hmm-mixture/3/4/5/12
1.0,3,13,1000,constant-mc,0.30196666666666605,0.2845656494069333,0.3193676839263988,separated,60,0.95,hmm-mixture/3/4/5/13
1.0,3,14,1000,constant-mc,0.33149999999999835,0.314232086702936,0.3487679132970607,separated,60,0.95,hmm-mixture/3/4/5/14
1.0,3,15,1000,constant-mc,0.31266666666666687,0.2929086474729159,0.33242468586041785,separated,60,0.95,hmm-mixture/3/4/5/15
1.0,3,16,1000,constant-mc,0.4806000000000008,0.4633381852153775,0.4978618147846241,separated,60,0.95,hmm-mixture/3/4/5/16
1.0,3,17,1000,constant-mc,0.4649666666666681,0.44808055846129413,0.48185277487204203,separated,60,0.95,hmm-mixture/3/4/5/17
1.0,3,18,1000,constant-mc,0.23466666666666747,0.2170929191363422,0.2522404141969927,separated,60,0.95,hmm-mixture/3/4/5/18
1.0,3,19,1000,constant-mc,0.3696333333333337,0.35333400862479536,0.38593265804187205,separated,60,0.95,hmm-mixture/3/4/5/19
1.0,3,20,1000,constant-mc,0.5399333333333338,0.5211519574974846,0.5587147091691831,separated,60,0.95,hmm-mixture/3/4/5/20
1.0,3,21,1000,constant-mc,0.4008333333333338,0.38356802318749494,0.4180986434791727,separated,60,0.95,hmm-mixture/3/4/5/21
1.0,3,22,1000,constant-mc,0.2108666666666661,0.19087033056231917,0.23086300277101302,separated,60,0.95,hmm-mixture/3/4/5/22
1.0,3,23,1000,constant-mc,0.47596666666666554,0.45882834401688655,0.49310498931644453,separated,60,0.95,hmm-mixture/3/4/5/23
1.0,3,24,1000,constant-mc,0.37540000000000084,0.3555998685694197,0.39520013143058197,separated,60,0.95,hmm-mixture/3/4/5/24
1.0,3,25,1000,constant-mc,0.27793333333333337,0.25915710498289446,0.29670956168377227,separated,60,0.95,hmm-mixture/3/4/5/25
1.0,3,26,1000,constant-mc,0.40676666666666605,0.3863494154524023,0.4271839178809298,separated,60,0.95,hmm-mixture/3/4/5/26
1.0,3,27,1000,constant-mc,0.5893000000000006,0.5694687220147729,0.6091312779852283,separated,60,0.95,hmm-mixture/3/4/5/27
1.0,3,28,1000,constant-mc,0.4519000000000011,0.43243308647125467,0.4713669135287475,separated,60,0.95,hmm-mixture/3/4/5/28
1.0,3,29,1000,constant-mc,0.38753333333333284,0.36779369257879413,0.40727297408787155,separated,60,0.95,hmm-mixture/3/4/5/29
1.0,4,0,1000,constant-mc,0.21530000000000094,0.19557687090903908,0.2350231290909628,separated,60,0.95,hmm-mixture/4/4/5/0
1.0,4,1,1000,constant-mc,0.3339666666666661,0.31286153289013274,0.3550718004431994,separated,60,0.95,hmm-mixture/4/4/5/1
1.0,4,2,1000,constant-mc,0.34910000000000085,0.3297461502822756,0.3684538497177261,separated,60,0.95,hmm-mixture/4/4/5/2
1.0,4,3,1000,constant-mc,0.26386666666666514,0.24679572916194203,0.28093760417138824,separated,60,0.95,hmm-mixture/4/4/5/3
1.0,4,4,1000,constant-mc,0.3170666666666646,0.29759469334310307,0.33653863999022615,separated,60,0.95,hmm-mixture/4/4/5/4
1.0,4,5,1000,constant-mc,0.22299999999999986,0.2050358421770504,0.24096415782294933,separated,60,0.95,hmm-mixture/4/4/5/5
1.0,4,6,1000,constant-mc,0.2926999999999982,0.2732920423613585,0.31210795763863786,separated,60,0.95,hmm-mixture/4/4/5/6
1.0,4,7,1000,constant-mc,0.25136666666666585,0.2349998007309102,0.2677335326024215,separated,60,0.95,hmm-mixture/4/4/5/7
1.0,4,8,1000,constant-mc,0.3354000000000017,0.31811444207531725,0.35268555792468614,separated,60,0.95,hmm-mixture/4/4/5/8
1.0,4,9,1000,constant-mc,0.3958666666666675,0.37671995596817354,0.4150133773651614,separated,60,0.95,hmm-mixture/4/4/5/9
1.0,4,10,1000,constant-mc,0.3547333333333311,0.3333334031010873,0.37613326356557497,separated,60,0.95,hmm-mixture/4/4/5/10
1.0,4,11,1000,constant-mc,0.42359999999999953,0.4021915769541229,0.4450084230458762,separated,60,0.95,hmm-mixture/4/4/5/11
1.0,4,12,1000,constant-mc,0.2636666666666674,0.24426075390272128,0.2830725794306135,separated,60,0.95,hmm-mixture/4/4/5/12
1.0,4,13,1000,constant-mc,0.3045,0.28639653110402463,0.32260346889597535,separated,60,0.95,hmm-mixture/4/4/5/13
1.0,4,14,1000,constant-mc,0.2862666666666662,0.26734996055503313,0.3051833727782993,separated,60,0.95,hmm-mixture/4/4/5/14
1.0,4,15,1000,constant-mc,0.30776666666666763,0.28904620877598663,0.32648712455734863,separated,60,0.95,hmm-mixture/4/4/5/15
1.0,4,16,1000,constant-mc,0.18653333333333588,0.1689134733113118,0.20415319335535997,separated,60,0.95,hmm-mixture/4/4/5/16
1.0,4,17,1000,constant-mc,0.40426666666666655,0.38358511255044725,0.42494822078288585,separated,60,0.95,hmm-mixture/4/4/5/17
1.0,4,18,1000,constant-mc,0.27053333333333374,0.2517859349742686,0.2892807316923989,separated,60,0.95,hmm-mixture/4/4/5/18
1.0,4,19,1000,constant-mc,0.22703333333333298,0.20576480496719363,0.24830186169947233,separated,60,0.95,hmm-mixture/4/4/5/19
1.0,4,20,1000,constant-mc,0.28953333333333475,0.2727942612563581,0.3062724054103114,separated,60,0.95,hmm-mixture/4/4/5/20
1.0,4,21,1000,constant-mc,0.3703000000000003,0.3516651970539213,0.3889348029460793,separated,60,0.95,hmm-mixture/4/4/5/21
1.0,4,22,1000,constant-mc,0.2507999999999999,0.23066047137340284,0.270939528626597,separated,60,0.95,hmm-mixture/4/4/5/22
1.0,4,23,1000,constant-mc,0.3463666666666665,0.3297048915998948,0.3630284417334382,separated,60,0.95,hmm-mixture/4/4/5/23
1.0,4,24,1000,constant-mc,0.21803333333333264,0.19823982386614425,0.23782684280052102,separated,60,0.95,hmm-mixture/4/4/5/24
1.0,4,25,1000,constant-mc,0.26323333333333565,0.24328520794808117,0.28318145871859013,separated,60,0.95,hmm-mixture/4/4/5/25
1.0,4,26,1000,constant-mc,0.3784666666666654,0.3577953210635121,0.3991380122698187,separated,60,0.95,hmm-mixture/4/4/5/26
1.0,4,27,1000,constant-mc,0.2515333333333345,0.2313707962988243,0.2716958703678447,separated,60,0.95,hmm-mixture/4/4/5/27
1.0,4,28,1000,constant-mc,0.3609333333333318,0.3407729389294305,0.38109372773723305,separated,60,0.95,hmm-mixture/4/4/5/28
1.0,4,29,1000,constant-mc,0.39833333333333343,0.3765028545910667,0.42016381207560016,separated,60,0.95,hmm-mixture/4/4/5/29
1.0,5,0,1000,constant-mc,0.47249999999999925,0.4528237655665093,0.49217623443348923,separated,60,0.95,hmm-mixture/5/4/5/0
1.0,5,1,1000,constant-mc,0.31663333333333377,0.29743770273406334,0.3358289639326042,separated,60,0.95,hmm-mixture/5/4/5/1
1.0,5,2,1000,constant-mc,0.13163333333333238,0.11070391277405989,0.15256275389260487,separated,60,0.95,hmm-mixture/5/4/5/2
1.0,5,3,1000,constant-mc,0.2818000000000005,0.26195763586674836,0.3016423641332526,separated,60,0.95,hmm-mixture/5/4/5/3
1.0,5,4,1000,constant-mc,0.3484999999999996,0.32926117224115803,0.36773882775884115,separated,60,0.95,hmm-mixture/5/4/5/4
1.0,5,5,1000,constant-mc,0.25839999999999996,0.23521987578757386,0.28158012421242606,separated,60,0.95,hmm-mixture/5/4/5/5
1.0,5,6,1000,constant-mc,0.20280000000000076,0.1821098062795059,0.2234901937204956,separated,60,0.95,hmm-mixture/5/4/5/6
1.0,5,7,1000,constant-mc,0.31350000000000033,0.292015259328708,0.3349847406712927,separated,60,0.95,hmm-mixture/5/4/5/7
1.0,5,8,1000,constant-mc,0.16999999999999993,0.14927314107948675,0.1907268589205131,separated,60,0.95,hmm-mixture/5/4/5/8
1.0,5,9,1000,constant-mc,0.30856666666666754,0.2896828122141244,0.3274505211192107,separated,60,0.95,hmm-mixture/5/4/5/9
1.0,5,10,1000,constant-mc,0.33853333333333246,0.3171754977498962,0.35989116891676876,separated,60,0.95,hmm-mixture/5/4/5/10
1.0,5,11,1000,constant-mc,0.24356666666666626,0.22369559070576717,0.26343774262756536,separated,60,0.95,hmm-mixture/5/4/5/11
1.0,5,12,1000,constant-mc,0.3025999999999991,0.2816005870734184,0.3235994129265798,separated,60,0.95,hmm-mixture/5/4/5/12
1.0,5,13,1000,constant-mc,0.15476666666666716,0.1301813718926219,0.17935196144071242,separated,60,0.95,hmm-mixture/5/4/5/13
1.0,5,14,1000,constant-mc,0.4162999999999988,0.39538198340403063,0.43721801659596693,separated,60,0.95,hmm-mixture/5/4/5/14
1.0,5,15,1000,constant-mc,0.29313333333333436,0.27349234713991244,0.31205793489658173,separated,60,0.95,hmm-mixture/5/4/5/15
1.0,5,16,1000,constant-mc,0.19996666666666574,0.18002807326838788,0.2199052600649436,separated,60,0.95,hmm-mixture/5/4/5/16
1.0,5,17,1000,constant-mc,0.3243999999999989,0.30470042756220383,0.344099572437794,separated,60,0.95,hmm-mixture/5/4/5/17
1.0,5,18,1000,constant-mc,0.29086666666666705,0.2701379157419712,0.3115954175913629,separated,60,0.95,hmm-mixture/5/4/5/18
1.0,5,19,1000,constant-mc,0.16206666666666614,0.14577113381479645,0.17836219951853582,separated,60,0.95,hmm-mixture/5/4/5/19
1.0,5,20,1000,constant-mc,0.33610000000000095,0.3146615949275704,0.3575384050724315,separated,60,0.95,hmm-mixture/5/4/5/20
1.0,5,21,1000,constant-mc,0.27919999999999945,0.25831750517087126,0.30008249482912763,separated,60,0.95,hmm-mixture/5/4/5/21
1.0,5,22,1000,constant-mc,0.3359666666666685,0.3161947397877798,0.35573859354555726,separated,60,0.95,hmm-mixture/5/4/5/22
1.0,5,23,1000,constant-mc,0.20796666666666752,0.189054675351235,0.22687865798210005,separated,60,0.95,hmm-mixture/5/4/5/23
1.0,5,24,1000,constant-mc,0.2605999999999993,0.24119800577112738,0.2800019942288712,separated,60,0.95,hmm-mixture/5/4/5/24
1.0,5,25,1000,constant-mc,0.14303333333333246,0.12269413830777776,0.16337252835888716,separated,60,0.95,hmm-mixture/5/4/5/25
1.0,5,26,1000,constant-mc,0.3162666666666665,0.29761896724145576,0.3349143660918772,separated,60,0.95,hmm-mixture/5/4/5/26
1.0,5,27,1000,constant-mc,0.37076666666666735,0.35101611391910037,0.39051721941423434,separated,60,0.95,hmm-mixture/5/4/5/27
1.0,5,28,1000,constant-mc,0.20723333333333294,0.1870729812996812,0.22739368536698468,separated,60,0.95,hmm-mixture/5/4/5/28
1.0,5,29,1000,constant-mc,0.3106666666666653,0.2898754641525718,0.3314578691807588,separated,60,0.95,hmm-mixture/5/4/5/29
1.0,6,0,1000,constant-mc,0.05476666666666752,0.035101130619211496,0.07443220271412354,separated,60,0.95,hmm-mixture/6/4/5/0
1.0,6,1,1000,constant-mc,0.2624666666666684,0.24235289854347553,0.2825804347898613,separated,60,0.95,hmm-mixture/6/4/5/1
1.0,6,2,1000,constant-mc,0.1166999999999998,0.09495000891012229,0.13844999108987732,separated,60,0.95,hmm-mixture/6/4/5/2
1.0,6,3,1000,constant-mc,0.2627000000000015,0.24236747721820517,0.2830325227817978,separated,60,0.95,hmm-mixture/6/4/5/3
1.0,6,4,1000,constant-mc,0.19326666666666714,0.1746236359484863,0.211909697384848,separated,60,0.95,hmm-mixture/6/4/5/4
1.0,6,5,1000,constant-mc,0.25076666666666636,0.22871120915407062,0.2703848159091775,separated,60,0.95,hmm-mixture/6/4/5/5
1.0,6,6,1000,constant-mc,0.2467666666666668,0.2252599282117771,0.2682734051215565,separated,60,0.95,hmm-mixture/6/4/5/6
1.0,6,7,1000,constant-mc,0.2590999999999992,0.23793446674366958,0.28026553325632886,separated,60,0.95,hmm-mixture/6/4/5/7
1.0,6,8,1000,constant-mc,0.21406666666666663,0.19387292874483109,0.23426040458850217,separated,60,0.95,hmm-mixture/6/4/5/8
1.0,6,9,1000,constant-mc,0.15816666666666546,0.13712125792118357,0.17921207541214734,separated,60,0.95,hmm-mixture/6/4/5/9
1.0,6,10,1000,constant-mc,0.2214333333333336,0.20151473458291935,0.24135193208374783,separated,60,0.95,hmm-mixture/6/4/5/10
1.0,6,11,1000,constant-mc,0.07543333333333369,0.05429230689089071,0.09657435977577666,separated,60,0.95,hmm-mixture/6/4/5/11
1.0,6,12,1000,constant-mc,0.27006666666666757,0.2525397606331996,0.2875935727001355,separated,60,0.95,hmm-mixture/6/4/5/12
1.0,6,13,1000,constant-mc,0.13570000000000082,0.11502179818550484,0.1563782018144968,separated,60,0.95,hmm-mixture/6/4/5/13
1.0,6,14,1000,constant-mc,0.26553333333333384,0.2429975219285927,0.288069144738075,separated,60,0.95,hmm-mixture/6/4/5/14
1.0,6,15,1000,constant-mc,0.3100666666666667,0.28881911221674006,0.33131422111659337,separated,60,0.95,hmm-mixture/6/4/5/15
1.0,6,16,1000,constant-mc,0.2453666666666665,0.22433692895803947,0.2658946316924249,separated,60,0.95,hmm-mixture/6/4/5/16
1.0,6,17,1000,constant-mc,0.20910000000000029,0.19054752936789043,0.22765247063211014,separated,60,0.95,hmm-mixture/6/4/5/17
1.0,6,18,1000,constant-mc,0.22683333333333167,0.2050151331201544,0.24865153354650893,separated,60,0.95,hmm-mixture/6/4/5/18
1.0,6,19,1000,constant-mc,0.3537000000000008,0.3322660063414782,0.3751339936585234,separated,60,0.95,hmm-mixture/6/4/5/19
1.0,6,20,1000,constant-mc,0.20273333333333188,0.17936177865272462,0.22610488801393913,separated,60,0.95,hmm-mixture/6/4/5/20
1.0,6,21,1000,constant-mc,0.22536666666666694,0.20394829105619205,0.24678504227714182,separated,60,0.95,hmm-mixture/6/4/5/21
1.0,6,22,1000,constant-mc,0.2643333333333322,0.24370681793953253,0.28404534730183606,separated,60,0.95,hmm-mixture/6/4/5/22
1.0,6,23,1000,constant-mc,0.28156666666666474,0.2622102205209895,0.30092311281233997,separated,60,0.95,hmm-mixture/6/4/5/23
1.0,6,24,1000,constant-mc,0.18356666666666754,0.16364852055991452,0.20348481277342056,separated,60,0.95,hmm-mixture/6/4/5/24
1.0,6,25,1000,constant-mc,0.17123333333333424,0.15170512424333982,0.19076154242332866,separated,60,0.95,hmm-mixture/6/4/5/25
1.0,6,26,1000,constant-mc,0.22816666666666752,0.20639900728639482,0.24993432604694021,separated,60,0.95,hmm-mixture/6/4/5/26
1.0,6,27,1000,constant-mc,0.16960000000000264,0.15006426950737062,0.18913573049263466,separated,60,0.95,hmm-mixture/6/4/5/27
1.0,6,28,1000,constant-mc,0.3037666666666654,0.2827865157223197,0.3247468176110111,separated,60,0.95,hmm-mixture/6/4/5/28
1.0,6,29,1000,constant-mc,0.28380000000000116,0.26457349125829577,0.30302650874170656,separated,60,0.95,hmm-mixture/6/4/5/29
1.0,7,0,1000,constant-mc,0.2173000000000016,0.19754490592402085,0.23705509407598235,separated,60,0.95,hmm-mixture/7/4/5/0
1.0,7,1,1000,constant-mc,0.21780000000000133,0.19645785701224572,0.23914214298775693,separated,60,0.95,hmm-mixture/7/4/5/1
1.0,7,2,1000,constant-mc,0.2928999999999995,0.27116971744786333,0.31463028255213565,separated,60,0.95,hmm-mixture/7/4/5/2
1.0,7,3,1000,constant-mc,0.22323333333333384,0.2027277027981178,0.24373896386854987,separated,60,0.95,hmm-mixture/7/4/5/3
1.0,7,4,1000,constant-mc,0.12253333333333494,0.10283731790888773,0.14222934875778215,separated,60,0.95,hmm-mixture/7/4/5/4
1.0,7,5,1000,constant-mc,0.3038999999999996,0.2823846054741219,0.3254153945258773,separated,60,0.95,hmm-mixture/7/4/5/5
1.0,7,6,1000,constant-mc,0.11050000000000271,0.09125059985642636,0.12974940014357905,separated,60,0.95,hmm-mixture/7/4/5/6
1.0,7,7,1000,constant-mc,0.2630999999999979,0.2423333976196309,0.2838666023803649,separated,60,0.95,hmm-mixture/7/4/5/7
1.0,7,8,1000,constant-mc,0.20690000000000008,0.18426364589867195,0.22953635410132822,separated,60,0.95,hmm-mixture/7/4/5/8
1.0,7,9,1000,constant-mc,0.27686666666666593,0.2550014420722997,0.29873189126103217,separated,60,0.95,hmm-mixture/7/4/5/9
1.0,7,10,1000,constant-mc,0.13179999999999925,0.11019145507328076,0.15340854492671774,separated,60,0.95,hmm-mixture/7/4/5/10
1.0,7,11,1000,constant-mc,0.23653333333333482,0.21472505945183684,0.2583416072148328,separated,60,0.95,hmm-mixture/7/4/5/11
1.0,7,12,1000,constant-mc,0.23776666666666735,0.2173517674675347,0.2581815658658,separated,60,0.95,hmm-mixture/7/4/5/12
1.0,7,13,1000,constant-mc,0.20716666666666672,0.18700791581862308,0.22732541751471036,separated,60,0.95,hmm-mixture/7/4/5/13
1.0,7,14,1000,constant-mc,0.2289999999999992,0.2064204328920587,0.2515795671079397,separated,60,0.95,hmm-mixture/7/4/5/14
1.0,7,15,1000,constant-mc,0.1676666666666664,0.14824160654593665,0.18709172678739616,separated,60,0.95,hmm-mixture/7/4/5/15
1.0,7,16,1000,constant-mc,0.25009999999999977,0.22664063102690424,0.2735593689730953,separated,60,0.95,hmm-mixture/7/4/5/16
1.0,7,17,1000,constant-mc,0.2293666666666665,0.2068661357345869,0.2517185207007664,separated,60,0.95,hmm-mixture/7/4/5/17
1.0,7,18,1000,constant-mc,0.27426666666666577,0.24943179944585925,0.2991015338874723,separated,60,0.95,hmm-mixture/7/4/5/18
1.0,7,19,1000,constant-mc,0.26616666666666866,0.2461385013918802,0.2861948319414571,separated,60,0.95,hmm-mixture/7/4/5/19
1.0,7,20,1000,constant-mc,0.22446666666666726,0.20510034231796137,0.24383299101537315,separated,60,0.95,hmm-mixture/7/4/5/20
1.0,7,21,1000,constant-mc,0.2374333333333336,0.21554443212354713,0.2593222345431201,separated,60,0.95,hmm-mixture/7/4/5/21
1.0,7,22,1000,constant-mc,0.37466666666666715,0.3530349166959281,0.39629841663740617,separated,60,0.95,hmm-mixture/7/4/5/22
1.0,7,23,1000,constant-mc,0.26663333333333394,0.2433271749136292,0.2899394917530387,separated,60,0.95,hmm-mixture/7/4/5/23
1.0,7,24,1000,constant-mc,0.32116666666666394,0.29820443624799253,0.3426825184185134,separated,60,0.95,hmm-mixture/7/4/5/24
1.0,7,25,1000,constant-mc,0.1659000000000006,0.1454566730101936,0.1863433269898076,separated,60,0.95,hmm-mixture/7/4/5/25
1.0,7,26,1000,constant-mc,0.18820000000000103,0.16780485274307022,0.20859514725693185,separated,60,0.95,hmm-mixture/7/4/5/26
1.0,7,27,1000,constant-mc,0.19199999999999928,0.1704934532729352,0.21350654672706337,separated,60,0.95,hmm-mixture/7/4/5/27
1.0,7,28,1000,constant-mc,0.16363333333333507,0.14308465350931865,0.1841820131573515,separated,60,0.95,hmm-mixture/7/4/5/28
1.0,7,29,1000,constant-mc,0.08420000000000094,0.06350500717059582,0.10489499282940606,separated,60,0.95,hmm-mixture/7/4/5/29
1.0,8,0,1000,constant-mc,0.1283000000000012,0.10392942284359563,0.15267057715640675,separated,60,0.95,hmm-mixture/8/4/5/0
1.0,8,1,1000,constant-mc,0.28463333333333285,0.2647944286155077,0.304472238051158,separated,60,0.95,hmm-mixture/8/4/5/1
1.0,8,2,1000,constant-mc,0.10820000000000007,0.08721553910438118,0.12918446089561897,separated,60,0.95,hmm-mixture/8/4/5/2
1.0,8,3,1000,constant-mc,0.32840000000000114,0.3055669831470267,0.3512330168529756,separated,60,0.95,hmm-mixture/8/4/5/3
1.0,8,4,1000,constant-mc,0.18313333333333404,0.160789504845809,0.20547716182085907,separated,60,0.95,hmm-mixture/8/4/5/4
1.0,8,5,1000,constant-mc,0.2202333333333346,0.19706210784275413,0.2434045588239151,separated,60,0.95,hmm-mixture/8/4/5/5
1.0,8,6,1000,constant-mc,0.23873333333333324,0.21345801712373902,0.2592279480940931,separated,60,0.95,hmm-mixture/8/4/5/6
1.0,8,7,1000,constant-mc,0.17636666666666745,0.15532191187822253,0.19741142145511237,separated,60,0.95,hmm-mixture/8/4/5/7
1.0,8,8,1000,constant-mc,0.18430000000000035,0.15901676320725766,0.20958323679274304,separated,60,0.95,hmm-mixture/8/4/5/8
1.0,8,9,1000,constant-mc,0.22213333333333374,0.1992672144296277,0.24499945223703978,separated,60,0.95,hmm-mixture/8/4/5/9
1.0,8,10,1000,constant-mc,0.20080000000000187,0.1792462022205248,0.22235379777947895,separated,60,0.95,hmm-mixture/8/4/5/10
1.0,8,11,1000,constant-mc,0.06923333333333304,0.04742733442667291,0.09103933223999316,separated,60,0.95,hmm-mixture/8/4/5/11
1.0,8,12,1000,constant-mc,0.21039999999999903,0.18964252504616397,0.2311574749538341,separated,60,0.95,hmm-mixture/8/4/5/12
1.0,8,13,1000,constant-mc,0.12666666666666604,0.10586962305858982,0.14746371027474225,separated,60,0.95,hmm-mixture/8/4/5/13
1.0,8,14,1000,constant-mc,0.22380000000000155,0.20216079937093845,0.24543920062906466,separated,60,0.95,hmm-mixture/8/4/5/14
1.0,8,15,1000,constant-mc,0.21356666666666602,0.1892781120305811,0.23785522130275094,separated,60,0.95,hmm-mixture/8/4/5/15
1.0,8,16,1000,constant-mc,0.21066666666666745,0.1926599105635738,0.2286734227697611,separated,60,0.95,hmm-mixture/8/4/5/16
1.0,8,17,1000,constant-mc,0.25406666666666755,0.2297170910309161,0.278416242302419,separated,60,0.95,hmm-mixture/8/4/5/17
1.0,8,18,1000,constant-mc,0.26443333333333374,0.24071875707541945,0.28814790959124803,separated,60,0.95,hmm-mixture/8/4/5/18
1.0,8,19,1000,constant-mc,0.1073000000000004,0.08515312346328408,0.12944687653671672,separated,60,0.95,hmm-mixture/8/4/5/19
1.0,8,20,1000,constant-mc,0.1869666666666685,0.16708662426411092,0.2068467090692261,separated,60,0.95,hmm-mixture/8/4/5/20
1.0,8,21,1000,constant-mc,0.18043333333333145,0.15446308271204767,0.20640358395461522,separated,60,0.95,hmm-mixture/8/4/5/21
1.0,8,22,1000,constant-mc,0.19953333333333312,0.17939566696562093,0.2196709997010453,separated,60,0.95,hmm-mixture/8/4/5/22
1.0,8,23,1000,constant-mc,0.17666666666666586,0.156525893692816,0.19680743964051572,separated,60,0.95,hmm-mixture/8/4/5/23
1.0,8,24,1000,constant-mc,0.28183333333333227,0.26267129119367283,0.3009953754729917,separated,60,0.95,hmm-mixture/8/4/5/24
1.0,8,25,1000,constant-mc,0.1429999999999989,0.12198779734988552,0.1640122026501123,separated,60,0.95,hmm-mixture/8/4/5/25
1.0,8,26,1000,constant-mc,0.152166666666667,0.12888761908159907,0.17544571425173494,separated,60,0.95,hmm-mixture/8/4/5/26
1.0,8,27,1000,constant-mc,0.22633333333333372,0.20236495705566604,0.24870912675530565,separated,60,0.95,hmm-mixture/8/4/5/27
1.0,8,28,1000,constant-mc,0.1931666666666665,0.16866861788644005,0.21766471544689292,separated,60,0.95,hmm-mixture/8/4/5/28
1.0,8,29,1000,constant-mc,0.16593333333333415,0.14711034753967933,0.18475631912698898,separated,60,0.95,hmm-mixture/8/4/5/29
1.0,9,0,1000,constant-mc,0.22696666666666765,0.2046440265942655,0.2492893067390698,separated,60,0.95,hmm-mixture/9/4/5/0
1.0,9,1,1000,constant-mc,0.16153333333333375,0.1397727871475718,0.1832938795190957,separated,60,0.95,hmm-mixture/9/4/5/1
1.0,9,2,1000,constant-mc,0.09523333333333195,0.07330091764117075,0.11716574902549315,separated,60,0.95,hmm-mixture/9/4/5/2
1.0,9,3,1000,constant-mc,0.13723333333333265,0.1152160009951615,0.1592506656715038,separated,60,0.95,hmm-mixture/9/4/5/3
1.0,9,4,1000,constant-mc,0.18673333333333542,0.16408243668105005,0.20938422998562078,separated,60,0.95,hmm-mixture/9/4/5/4
1.0,9,5,1000,constant-mc,0.28396666666666714,0.2600200959998009,0.3079132373335334,separated,60,0.95,hmm-mixture/9/4/5/5
1.0,9,6,1000,constant-mc,0.2498333333333349,0.22693161929087768,0.27273504737579213,separated,60,0.95,hmm-mixture/9/4/5/6
1.0,9,7,1000,constant-mc,0.2961999999999998,0.27325447625225063,0.31914552374774896,separated,60,0.95,hmm-mixture/9/4/5/7
1.0,9,8,1000,constant-mc,0.18016666666666747,0.1571802592206284,0.20315307411270656,separated,60,0.95,hmm-mixture/9/4/5/8
1.0,9,9,1000,constant-mc,0.16243333333333254,0.13927551737163935,0.18559114929502574,separated,60,0.95,hmm-mixture/9/4/5/9
1.0,9,10,1000,constant-mc,0.24966666666666448,0.2274375496820369,0.2718957836512921,separated,60,0.95,hmm-mixture/9/4/5/10
1.0,9,11,1000,constant-mc,0.007199999999999207,-0.018032600433171453,0.03243260043316987,uncertain,60,0.95,hmm-mixture/9/4/5/11
1.0,9,12,1000,constant-mc,0.18363333333333287,0.16231644138635382,0.20495022528031193,separated,60,0.95,hmm-mixture/9/4/5/12
1.0,9,13,1000,constant-mc,0.08986666666666565,0.0658844795658533,0.113848853767478,separated,60,0.95,hmm-mixture/9/4/5/13
1.0,9,14,1000,constant-mc,0.3277666666666672,0.30258872453150243,0.352944608801832,separated,60,0.95,hmm-mixture/9/4/5/14
1.0,9,15,1000,constant-mc,0.1907333333333332,0.16910600716779545,0.21236065949887095,separated,60,0.95,hmm-mixture/9/4/5/15
1.0,9,16,1000,constant-mc,0.17046666666666876,0.14570427140045794,0.1952290619328796,separated,60,0.95,hmm-mixture/9/4/5/16
1.0,9,17,1000,constant-mc,0.1699333333333337,0.14937263839418957,0.19049402827247786,separated,60,0.95,hmm-mixture/9/4/5/17
1.0,9,18,1000,constant-mc,0.13163333333333416,0.11080168580372973,0.15246498086293858,separated,60,0.95,hmm-mixture/9/4/5/18
1.0,9,19,1000,constant-mc,0.2852333333333332,0.25936268847968424,0.3111039781869822,separated,60,0.95,hmm-mixture/9/4/5/19
1.0,9,20,1000,constant-mc,0.15559999999999974,0.13343242501539088,0.17737038514543624,separated,60,0.95,hmm-mixture/9/4/5/20
1.0,9,21,1000,constant-mc,0.15043333333333386,0.13203107383220836,0.16883559283445937,separated,60,0.95,hmm-mixture/9/4/5/21
1.0,9,22,1000,constant-mc,0.2467666666666668,0.22566319807887592,0.2678701352544577,separated,60,0.95,hmm-mixture/9/4/5/22
1.0,9,23,1000,constant-mc,0.02006666666666579,-0.004039747303657748,0.044173080636989326,uncertain,60,0.95,hmm-mixture/9/4/5/23
1.0,9,24,1000,constant-mc,0.23766666666666758,0.21342031871632106,0.2619130146170141,separated,60,0.95,hmm-mixture/9/4/5/24
1.0,9,25,1000,constant-mc,0.183533333333334,0.16241059508679445,0.20465607157987353,separated,60,0.95,hmm-mixture/9/4/5/25
1.0,9,26,1000,constant-mc,0.19799999999999862,0.17470324023753925,0.221296759762458,separated,60,0.95,hmm-mixture/9/4/5/26
1.0,9,27,1000,constant-mc,0.20523333333333404,0.18564776286685714,0.22481890379981095,separated,60,0.95,hmm-mixture/9/4/5/27
1.0,9,28,1000,constant-mc,0.2368333333333359,0.21288011491820313,0.26078655174846865,separated,60,0.95,hmm-mixture/9/4/5/28
1.0,9,29,1000,constant-mc,0.3152333333333317,0.2885532609424706,0.3419134057241928,separated,60,0.95,hmm-mixture/9/4/5/29
1.0,10,0,1000,constant-mc,0.16463333333333363,0.13789663510066852,0.19137003156599874,separated,60,0.95,hmm-mixture/10/4/5/0
1.0,10,1,1000,constant-mc,0.15413333333333235,0.13137976540479457,0.17688690126187012,separated,60,0.95,hmm-mixture/10/4/5/1
1.0,10,2,1000,constant-mc,0.21830000000000016,0.19510230360935754,0.24149769639064278,separated,60,0.95,hmm-mixture/10/4/5/2
1.0,10,3,1000,constant-mc,0.16059999999999874,0.1400666845774392,0.18113331542255828,separated,60,0.95,hmm-mixture/10/4/5/3
1.0,10,4,1000,constant-mc,0.1772000000000009,0.15713723896057363,0.1972627610394282,separated,60,0.95,hmm-mixture/10/4/5/4
1.0,10,5,1000,constant-mc,0.26663333333333306,0.24179143819220794,0.29147522847445817,separated,60,0.95,hmm-mixture/10/4/5/5
1.0,10,6,1000,constant-mc,0.2660999999999998,0.24176336503594342,0.29043663496405614,separated,60,0.95,hmm-mixture/10/4/5/6
1.0,10,7,1000,constant-mc,0.22263333333333346,0.20067685024170423,0.2445898164249627,separated,60,0.95,hmm-mixture/10/4/5/7
1.0,10,8,1000,constant-mc,0.1639000000000017,0.14603699726796826,0.18176300273203516,separated,60,0.95,hmm-mixture/10/4/5/8
1.0,10,9,1000,constant-mc,0.1735333333333342,0.1532696669380531,0.1937969997286153,separated,60,0.95,hmm-mixture/10/4/5/9
1.0,10,10,1000,constant-mc,0.12510000000000066,0.10110848644918402,0.1490915135508173,separated,60,0.95,hmm-mixture/10/4/5/10
1.0,10,11,1000,constant-mc,0.16703333333333514,0.141121043170072,0.19294562349659827,separated,60,0.95,hmm-mixture/10/4/5/11
1.0,10,12,1000,constant-mc,0.18093333333333028,0.15947745040032846,0.2023892162663321,separated,60,0.95,hmm-mixture/10/4/5/12
1.0,10,13,1000,constant-mc,0.1645333333333312,0.14132408590591172,0.18774258076075068,separated,60,0.95,hmm-mixture/10/4/5/13
1.0,10,14,1000,constant-mc,0.26200000000000045,0.23866943653174744,0.2853305634682535,separated,60,0.95,hmm-mixture/10/4/5/14
1.0,10,15,1000,constant-mc,0.11790000000000145,0.09711318310085026,0.13868681689915263,separated,60,0.95,hmm-mixture/10/4/5/15
1.0,10,16,1000,constant-mc,0.226700000000001,0.20591739471601667,0.24748260528398536,separated,60,0.95,hmm-mixture/10/4/5/16
1.0,10,17,1000,constant-mc,0.16756666666666575,0.14445319607166418,0.19068013726166733,separated,60,0.95,hmm-mixture/10/4/5/17
1.0,10,18,1000,constant-mc,0.15579999999999927,0.13279196963755613,0.17880803036244242,separated,60,0.95,hmm-mixture/10/4/5/18
1.0,10,19,1000,constant-mc,0.24833333333333396,0.22610042008130904,0.2705662465853589,separated,60,0.95,hmm-mixture/10/4/5/19
1.0,10,20,1000,constant-mc,0.0805666666666669,0.05882649349253555,0.10230683984079825,separated,60,0.95,hmm-mixture/10/4/5/20
1.0,10,21,1000,constant-mc,0.14546666666666574,0.12298357306860463,0.16794976026472686,separated,60,0.95,hmm-mixture/10/4/5/21
1.0,10,22,1000,constant-mc,0.2332666666666663,0.2112750361927782,0.25525829714055437,separated,60,0.95,hmm-mixture/10/4/5/22
1.0,10,23,1000,constant-mc,0.14803333333333324,0.12306406746339338,0.1730025992032731,separated,60,0.95,hmm-mixture/10/4/5/23
1.0,10,24,1000,constant-mc,0.17333333333333378,0.1489017890314992,0.19776487763516837,separated,60,0.95,hmm-mixture/10/4/5/24
1.0,10,25,1000,constant-mc,0.11246666666666894,0.08632177937601426,0.1386115539573236,separated,60,0.95,hmm-mixture/10/4/5/25
1.0,10,26,1000,constant-mc,0.33336666666666837,0.3079354803660648,0.35879785296727196,separated,60,0.95,hmm-mixture/10/4/5/26
1.0,10,27,1000,constant-mc,0.16896666666666604,0.14591131682479386,0.1904247931423999,separated,60,0.95,hmm-mixture/10/4/5/27
1.0,10,28,1000,constant-mc,0.1905000000000019,0.16830812646091875,0.21269187353908503,separated,60,0.95,hmm-mixture/10/4/5/28
1.0,10,29,1000,constant-mc,0.19093333333333273,0.16936291259166936,0.2125037540749961,separated,60,0.95,hmm-mixture/10/4/5/29
2.0,2,0,1000,constant-mc,0.27183333333333515,0.25626247617177,0.2874041904949003,separated,60,0.95,hmm-mixture/2/4/5/0
2.0,2,1,1000,constant-mc,0.20496666666666652,0.1907949835373568,0.21913834979597624,separated,60,0.95,hmm-mixture/2/4/5/1
2.0,2,2,1000,constant-mc,0.15193333333333303,0.1377239843465361,0.16614268232012996,separated,60,0.95,hmm-mixture/2/4/5/2
2.0,2,3,1000,constant-mc,0.322633333333334,0.30782367394305243,0.33744299272361555,separated,60,0.95,hmm-mixture/2/4/5/3
2.0,2,4,1000,constant-mc,0.22516666666666474,0.2112410267408693,0.23909230659246017,separated,60,0.95,hmm-mixture/2/4/5/4
2.0,2,5,1000,constant-mc,0.19803333333333306,0.18368795217583678,0.21237871449082935,separated,60,0.95,hmm-mixture/2/4/5/5
2.0,2,6,1000,constant-mc,0.37790000000000035,0.36188834399245273,0.39391165600754796,separated,60,0.95,hmm-mixture/2/4/5/6
2.0,2,7,1000,constant-mc,0.2702000000000009,0.2564432946496238,0.283956705350378,separated,60,0.95,hmm-mixture/2/4/5/7
2.0,2,8,1000,constant-mc,0.20580000000000265,0.1911557586007424,0.22044424139926289,separated,60,0.95,hmm-mixture/2/4/5/8
2.0,2,9,1000,constant-mc,0.27419999999999867,0.260513335273318,0.28788666472667934,separated,60,0.95,hmm-mixture/2/4/5/9
2.0,2,10,1000,constant-mc,0.1665666666666672,0.15435186660774125,0.17878146672559314,separated,60,0.95,hmm-mixture/2/4/5/10
2.0,2,11,1000,constant-mc,0.19226666666666592,0.17821143595010813,0.2063218973832237,separated,60,0.95,hmm-mixture/2/4/5/11
2.0,2,12,1000,constant-mc,0.15836666666666765,0.1440664320573548,0.1726669012759805,separated,60,0.95,hmm-mixture/2/4/5/12
2.0,2,13,1000,constant-mc,0.15520000000000067,0.14139592443710036,0.16900407556290098,separated,60,0.95,hmm-mixture/2/4/5/13
2.0,2,14,1000,constant-mc,0.17006666666666614,0.1564246949568231,0.1837086383765092,separated,60,0.95,hmm-mixture/2/4/5/14
2.0,2,15,1000,constant-mc,0.1699333333333337,0.1574406393801695,0.18242602728649793,separated,60,0.95,hmm-mixture/2/4/5/15
2.0,2,16,1000,constant-mc,0.20796666666666752,0.19439388710908023,0.2215394462242548,separated,60,0.95,hmm-mixture/2/4/5/16
2.0,2,17,1000,constant-mc,0.27793333333333425,0.26391328418114846,0.29195338248552005,separated,60,0.95,hmm-mixture/2/4/5/17
2.0,2,18,1000,constant-mc,0.20783333333333154,0.1938087820459513,0.22185788462071176,separated,60,0.95,hmm-mixture/2/4/5/18
2.0,2,19,1000,constant-mc,0.25673333333333304,0.24402298757070628,0.2694436790959598,separated,60,0.95,hmm-mixture/2/4/5/19
2.0,2,20,1000,constant-mc,0.139033333333332,0.12567302016005844,0.15239364650660558,separated,60,0.95,hmm-mixture/2/4/5/20
2.0,2,21,1000,constant-mc,0.1589333333333336,0.14506179263035346,0.17280487403631373,separated,60,0.95,hmm-mixture/2/4/5/21
2.0,2,22,1000,constant-mc,0.21090000000000053,0.19479979192429475,0.2259114118576262,separated,60,0.95,hmm-mixture/2/4/5/22
2.0,2,23,1000,constant-mc,0.32396666666666807,0.3086465013762325,0.33849301843975965,separated,60,0.95,hmm-mixture/2/4/5/23
2.0,2,24,1000,constant-mc,0.17796666666666638,0.1638513883939119,0.19208194493942088,separated,60,0.95,hmm-mixture/2/4/5/24
2.0,2,25,1000,constant-mc,0.16000000000000103,0.14689303718382973,0.17310696281617233,separated,60,0.95,hmm-mixture/2/4/5/25
2.0,2,26,1000,constant-mc,0.12893333333333246,0.11564428472109789,0.14222238194556702,separated,60,0.95,hmm-mixture/2/4/5/26
2.0,2,27,1000,constant-mc,0.17433333333333412,0.1590355835089401,0.18963108315772814,separated,60,0.95,hmm-mixture/2/4/5/27
2.0,2,28,1000,constant-mc,0.21293333333333297,0.19864594044387562,0.22722072622279033,separated,60,0.95,hmm-mixture/2/4/5/28
2.0,2,29,1000,constant-mc,0.2466999999999988,0.23261844638031537,0.26078155361968225,separated,60,0.95,hmm-mixture/2/4/5/29
2.0,3,0,1000,constant-mc,0.11726666666666485,0.10258462865322215,0.13194870468010755,separated,60,0.95,hmm-mixture/3/4/5/0
2.0,3,1,1000,constant-mc,0.21706666666666585,0.20156153919697672,0.23257179413635498,separated,60,0.95,hmm-mixture/3/4/5/1
2.0,3,2,1000,constant-mc,0.0924666666666667,0.07754470445302708,0.10738862888030631,separated,60,0.95,hmm-mixture/3/4/5/2
2.0,3,3,1000,constant-mc,0.09623333333333495,0.0814305620967346,0.11103610456993529,separated,60,0.95,hmm-mixture/3/4/5/3
2.0,3,4,1000,constant-mc,0.1523333333333321,0.13557491569071356,0.16909175097595064,separated,60,0.95,hmm-mixture/3/4/5/4
2.0,3,5,1000,constant-mc,0.14016666666666566,0.12529139709706882,0.1550419362362625,separated,60,0.95,hmm-mixture/3/4/5/5
2.0,3,6,1000,constant-mc,0.10726666666666862,0.09068870831062448,0.12384462502271276,separated,60,0.95,hmm-mixture/3/4/5/6
2.0,3,7,1000,constant-mc,0.2028666666666643,0.18469605097562436,0.22103728235770426,separated,60,0.95,hmm-mixture/3/4/5/7
2.0,3,8,1000,constant-mc,0.1924333333333319,0.17918402647581289,0.20568264019085092,separated,60,0.95,hmm-mixture/3/4/5/8
2.0,3,9,1000,constant-mc,0.19273333333333387,0.1773990759771351,0.20806759068953262,separated,60,0.95,hmm-mixture/3/4/5/9
2.0,3,10,1000,constant-mc,0.1393333333333322,0.1221077630126608,0.1565589036540036,separated,60,0.95,hmm-mixture/3/4/5/10
2.0,3,11,1000,constant-mc,0.14640000000000075,0.12998854836411855,0.16281145163588295,separated,60,0.95,hmm-mixture/3/4/5/11
2.0,3,12,1000,constant-mc,0.17100000000000115,0.15420896970517806,0.18779103029482425,separated,60,0.95,hmm-mixture/3/4/5/12
2.0,3,13,1000,constant-mc,0.18343333333333334,0.16719736410508546,0.19966930256158122,separated,60,0.95,hmm-mixture/3/4/5/13
2.0,3,14,1000,constant-mc,0.14199999999999857,0.12497259655670412,0.15902740344329303,separated,60,0.95,hmm-mixture/3/4/5/14
2.0,3,15,1000,constant-mc,0.1514333333333333,0.1365739030919082,0.16629276357475842,separated,60,0.95,hmm-mixture/3/4/5/15
2.0,3,16,1000,constant-mc,0.1335333333333315,0.11656617972150407,0.15050048694515894,separated,60,0.95,hmm-mixture/3/4/5/16
2.0,3,17,1000,constant-mc,0.12766666666666637,0.1116637178114388,0.14366961552189395,separated,60,0.95,hmm-mixture/3/4/5/17
2.0,3,18,1000,constant-mc,0.18903333333333272,0.17596473096209753,0.20210193570456791,separated,60,0.95,hmm-mixture/3/4/5/18
2.0,3,19,1000,constant-mc,0.1384333333333334,0.125087194134343,0.15177947253232382,separated,60,0.95,hmm-mixture/3/4/5/19
2.0,3,20,1000,constant-mc,0.12456666666666738,0.10570373361234608,0.14342959972098868,separated,60,0.95,hmm-mixture/3/4/5/20
2.0,3,21,1000,constant-mc,0.2012333333333327,0.18388459633321563,0.21712943135983398,separated,60,0.95,hmm-mixture/3/4/5/21
2.0,3,22,1000,constant-mc,0.18623333333333303,0.16908068305071655,0.2033859836159495,separated,60,0.95,hmm-mixture/3/4/5/22
2.0,3,23,1000,constant-mc,0.08549999999999969,0.07171970162166907,0.0992802983783303,separated,60,0.95,hmm-mixture/3/4/5/23
2.0,3,24,1000,constant-mc,0.23833333333333417,0.2243087075762178,0.25235795909045056,separated,60,0.95,hmm-mixture/3/4/5/24
2.0,3,25,1000,constant-mc,0.17836666666666723,0.16243640807334092,0.19429692525999354,separated,60,0.95,hmm-mixture/3/4/5/25
2.0,3,26,1000,constant-mc,0.16843333333333277,0.15407964342351566,0.18278702324314988,separated,60,0.95,hmm-mixture/3/4/5/26
2.0,3,27,1000,constant-mc,0.19873333333333232,0.18339017303709237,0.21407649362957226,separated,60,0.95,hmm-mixture/3/4/5/27
2.0,3,28,1000,constant-mc,0.14159999999999862,0.12535861051952768,0.15784138948046955,separated,60,0.95,hmm-mixture/3/4/5/28
2.0,3,29,1000,constant-mc,0.1779333333333346,0.16252669139850795,0.19333997526816127,separated,60,0.95,hmm-mixture/3/4/5/29
2.0,4,0,1000,constant-mc,0.18533333333333246,0.16747583609312677,0.20266670156113697,separated,60,0.95,hmm-mixture/4/4/5/0
2.0,4,1,1000,constant-mc,0.07473333333333354,0.05686193166159281,0.09260473500507427,separated,60,0.95,hmm-mixture/4/4/5/1
2.0,4,2,1000,constant-mc,0.1924333333333319,0.1757024201802695,0.2091642464863943,separated,60,0.95,hmm-mixture/4/4/5/2
2.0,4,3,1000,constant-mc,0.19156666666666666,0.1747549893032101,0.20837834403012323,separated,60,0.95,hmm-mixture/4/4/5/3
2.0,4,4,1000,constant-mc,0.1054666666666666,0.08919790911821401,0.12173542421511918,separated,60,0.95,hmm-mixture/4/4/5/4
2.0,4,5,1000,constant-mc,0.2225333333333328,0.203312887359254,0.24160806438350857,separated,60,0.95,hmm-mixture/4/4/5/5
2.0,4,6,1000,constant-mc,0.09909999999999997,0.08331962553824912,0.11488037446175081,separated,60,0.95,hmm-mixture/4/4/5/6
2.0,4,7,1000,constant-mc,0.04746666666666943,0.03176254642827914,0.06317078690505973,separated,60,0.95,hmm-mixture/4/4/5/7
2.0,4,8,1000,constant-mc,0.15293333333333425,0.13578975052489461,0.1700769161417739,separated,60,0.95,hmm-mixture/4/4/5/8
2.0,4,9,1000,constant-mc,0.10006666666666675,0.08330075363291822,0.11683257970041527,separated,60,0.95,hmm-mixture/4/4/5/9
2.0,4,10,1000,constant-mc,0.21003333333333263,0.19488720566303197,0.22517946100363329,separated,60,0.95,hmm-mixture/4/4/5/10
2.0,4,11,1000,constant-mc,0.13089999999999868,0.11468908307485215,0.14711091692514522,separated,60,0.95,hmm-mixture/4/4/5/11
2.0,4,12,1000,constant-mc,0.11273333333333202,0.09574357869617245,0.1297230879704916,separated,60,0.95,hmm-mixture/4/4/5/12
2.0,4,13,1000,constant-mc,0.12319999999999975,0.10474159326620835,0.14165840673379115,separated,60,0.95,hmm-mixture/4/4/5/13
2.0,4,14,1000,constant-mc,0.06813333333333293,0.052043959726495004,0.08422270694017087,separated,60,0.95,hmm-mixture/4/4/5/14
2.0,4,15,1000,constant-mc,0.02159999999999851,0.005333826074862991,0.03786617392513403,separated,60,0.95,hmm-mixture/4/4/5/15
2.0,4,16,1000,constant-mc,0.19960000000000022,0.18166610126864047,0.21753389873135998,separated,60,0.95,hmm-mixture/4/4/5/16
2.0,4,17,1000,constant-mc,0.15186666666666593,0.1363564672747497,0.16737686605858215,separated,60,0.95,hmm-mixture/4/4/5/17
2.0,4,18,1000,constant-mc,0.1194999999999995,0.10100567328806598,0.137994326711933,separated,60,0.95,hmm-mixture/4/4/5/18
2.0,4,19,1000,constant-mc,0.19163333333333377,0.17356958225185615,0.20969708441481139,separated,60,0.95,hmm-mixture/4/4/5/19
2.0,4,20,1000,constant-mc,0.09076666666666622,0.07377811429776582,0.10775521903556662,separated,60,0.95,hmm-mixture/4/4/5/20
2.0,4,21,1000,constant-mc,0.1576999999999984,0.14110177827813963,0.17429822172185716,separated,60,0.95,hmm-mixture/4/4/5/21
2.0,4,22,1000,constant-mc,0.1355666666666666,0.11883823659786241,0.15229509673547081,separated,60,0.95,hmm-mixture/4/4/5/22
2.0,4,23,1000,constant-mc,0.12583333333333258,0.11029293153887831,0.14137373512778684,separated,60,0.95,hmm-mixture/4/4/5/23
2.0,4,24,1000,constant-mc,0.11700000000000088,0.10096553918158868,0.13303446081841308,separated,60,0.95,hmm-mixture/4/4/5/24
2.0,4,25,1000,constant-mc,0.16726666666666734,0.15199991034340332,0.18253342298993136,separated,60,0.95,hmm-mixture/4/4/5/25
2.0,4,26,1000,constant-mc,0.15586666666666726,0.13898880940775715,0.17252377100280647,separated,60,0.95,hmm-mixture/4/4/5/26
2.0,4,27,1000,constant-mc,0.1703666666666681,0.15514517943210304,0.18558815390123318,separated,60,0.95,hmm-mixture/4/4/5/27
2.0,4,28,1000,constant-mc,0.18149999999999977,0.16485690560945443,0.19814309439054512,separated,60,0.95,hmm-mixture/4/4/5/28
2.0,4,29,1000,constant-mc,0.11659999999999915,0.09853038036975992,0.13466961963023838,separated,60,0.95,hmm-mixture/4/4/5/29
2.0,5,0,1000,constant-mc,0.0842333333333336,0.06667325649526568,0.10179341017140153,separated,60,0.95,hmm-mixture/5/4/5/0
2.0,5,1,1000,constant-mc,0.06270000000000042,0.04566203295289917,0.07973796704710168,separated,60,0.95,hmm-mixture/5/4/5/1
2.0,5,2,1000,constant-mc,0.0970999999999993,0.07893072878546192,0.11526927121453667,separated,60,0.95,hmm-mixture/5/4/5/2
2.0,5,3,1000,constant-mc,0.11563333333333148,0.098709224873609,0.13255744179305395,separated,60,0.95,hmm-mixture/5/4/5/3
2.0,5,4,1000,constant-mc,0.09229999999999805,0.07393526103746417,0.11066473896253193,separated,60,0.95,hmm-mixture/5/4/5/4
2.0,5,5,1000,constant-mc,0.14253333333333096,0.12467269393786129,0.16039397272880063,separated,60,0.95,hmm-mixture/5/4/5/5
2.0,5,6,1000,constant-mc,0.13283333333333402,0.1158649568764174,0.14980170979025065,separated,60,0.95,hmm-mixture/5/4/5/6
2.0,5,7,1000,constant-mc,0.08623333333333338,0.06844465709855285,0.10402200956811392,separated,60,0.95,hmm-mixture/5/4/5/7
2.0,5,8,1000,constant-mc,0.10443333333333271,0.08512910678268337,0.12373755988398205,separated,60,0.95,hmm-mixture/5/4/5/8
2.0,5,9,1000,constant-mc,0.13229999999999986,0.11219434618809565,0.15240565381190407,separated,60,0.95,hmm-mixture/5/4/5/9
2.0,5,10,1000,constant-mc,0.08856666666666513,0.06968497733676404,0.10744835599656621,separated,60,0.95,hmm-mixture/5/4/5/10
2.0,5,11,1000,constant-mc,0.12659999999999982,0.1085429647777092,0.14465703522229045,separated,60,0.95,hmm-mixture/5/4/5/11
2.0,5,12,1000,constant-mc,0.07953333333333301,0.06369036613907486,0.09537630052759116,separated,60,0.95,hmm-mixture/5/4/5/12
2.0,5,13,1000,constant-mc,0.07073333333333398,0.05258952790990534,0.08887713875676262,separated,60,0.95,hmm-mixture/5/4/5/13
2.0,5,14,1000,constant-mc,0.12773333333333436,0.1110615918284541,0.14440507483821463,separated,60,0.95,hmm-mixture/5/4/5/14
2.0,5,15,1000,constant-mc,0.06036666666666424,0.041930721191510756,0.07880261214181772,separated,60,0.95,hmm-mixture/5/4/5/15
2.0,5,16,1000,constant-mc,0.13633333333333386,0.11533751053257468,0.15732915613409304,separated,60,0.95,hmm-mixture/5/4/5/16
2.0,5,17,1000,constant-mc,0.11446666666666694,0.09641696578394221,0.13251636754939167,separated,60,0.95,hmm-mixture/5/4/5/17
2.0,5,18,1000,constant-mc,0.10080000000000044,0.08335283118162184,0.11824716881837904,separated,60,0.95,hmm-mixture/5/4/5/18
2.0,5,19,1000,constant-mc,0.10306666666666597,0.0853409806954275,0.12079235263790444,separated,60,0.95,hmm-mixture/5/4/5/19
2.0,5,20,1000,constant-mc,0.09303333333333352,0.07285185062737476,0.11321481603929229,separated,60,0.95,hmm-mixture/5/4/5/20
2.0,5,21,1000,constant-mc,0.08679999999999932,0.06944287401247884,0.1041571259875198,separated,60,0.95,hmm-mixture/5/4/5/21
2.0,5,22,1000,constant-mc,0.0928333333333331,0.07475859021351194,0.11090807645315426,separated,60,0.95,hmm-mixture/5/4/5/22
2.0,5,23,1000,constant-mc,0.11606666666666765,0.09768067207246212,0.13445266126087319,separated,60,0.95,hmm-mixture/5/4/5/23
2.0,5,24,1000,constant-mc,0.09686666666666621,0.07980787768966913,0.1139254556436633,separated,60,0.95,hmm-mixture/5/4/5/24
2.0,5,25,1000,constant-mc,0.09366666666666745,0.07511233317394606,0.11222100015938885,separated,60,0.95,hmm-mixture/5/4/5/25
2.0,5,26,1000,constant-mc,0.10633333333333361,0.08946949621597078,0.12319717045069645,separated,60,0.95,hmm-mixture/5/4/5/26
2.0,5,27,1000,constant-mc,0.10459999999999958,0.08741856946264992,0.12178143053734924,separated,60,0.95,hmm-mixture/5/4/5/27
2.0,5,28,1000,constant-mc,0.09523333333333461,0.07797981495931516,0.11248685170735406,separated,60,0.95,hmm-mixture/5/4/5/28
2.0,5,29,1000,constant-mc,0.10786666666666633,0.08860645355764074,0.12712687977569193,separated,60,0.95,hmm-mixture/5/4/5/29
2.0,6,0,1000,constant-mc,0.16229999999999922,0.14121789988793143,0.18338210011206701,separated,60,0.95,hmm-mixture/6/4/5/0
2.0,6,1,1000,constant-mc,0.09159999999999968,0.07162767170113593,0.11157232829886343,separated,60,0.95,hmm-mixture/6/4/5/1
2.0,6,2,1000,constant-mc,0.08363333333333323,0.06558472460424891,0.10168194206241754,separated,60,0.95,hmm-mixture/6/4/5/2
2.0,6,3,1000,constant-mc,0.07106666666666595,0.05341153968027168,0.08872179365306021,separated,60,0.95,hmm-mixture/6/4/5/3
2.0,6,4,1000,constant-mc,0.06663333333333377,0.048775587871393355,0.08449107879527418,separated,60,0.95,hmm-mixture/6/4/5/4
2.0,6,5,1000,constant-mc,0.12089999999999979,0.1026575579807707,0.13914244201922887,separated,60,0.95,hmm-mixture/6/4/5/5
2.0,6,6,1000,constant-mc,0.06170000000000009,0.04304037427591645,0.08035962572408373,separated,60,0.95,hmm-mixture/6/4/5/6
2.0,6,7,1000,constant-mc,0.04993333333333361,0.03390111333414314,0.06596555333252407,separated,60,0.95,hmm-mixture/6/4/5/7
2.0,6,8,1000,constant-mc,0.13166666666666682,0.11295127118057646,0.15038206215275718,separated,60,0.95,hmm-mixture/6/4/5/8
2.0,6,9,1000,constant-mc,0.031766666666666055,0.015432489480427414,0.048100843852904696,separated,60,0.95,hmm-mixture/6/4/5/9
2.0,6,10,1000,constant-mc,0.14016666666666655,0.12252583910681825,0.15780749422651486,separated,60,0.95,hmm-mixture/6/4/5/10
2.0,6,11,1000,constant-mc,0.1506333333333334,0.1317183396474233,0.1695483270192435,separated,60,0.95,hmm-mixture/6/4/5/11
2.0,6,12,1000,constant-mc,0.13903333333333467,0.11979903256371927,0.15826763410295008,separated,60,0.95,hmm-mixture/6/4/5/12
2.0,6,13,1000,constant-mc,0.10166666666666746,0.08416316629967291,0.11917016703366201,separated,60,0.95,hmm-mixture/6/4/5/13
2.0,6,14,1000,constant-mc,0.09989999999999988,0.08015085303695368,0.11964914696304607,separated,60,0.95,hmm-mixture/6/4/5/14
2.0,6,15,1000,constant-mc,0.09406666666666741,0.07666886077230828,0.11146447256102654,separated,60,0.95,hmm-mixture/6/4/5/15
2.0,6,16,1000,constant-mc,0.1308666666666678,0.11123186492293602,0.15050146841039957,separated,60,0.95,hmm-mixture/6/4/5/16
2.0,6,17,1000,constant-mc,0.12453333333333294,0.10422071481480266,0.14484595185186322,separated,60,0.95,hmm-mixture/6/4/5/17
2.0,6,18,1000,constant-mc,0.03329999999999966,0.01601786670981209,0.05058213329018724,separated,60,0.95,hmm-mixture/6/4/5/18
2.0,6,19,1000,constant-mc,0.0804999999999998,0.06364050886683614,0.09735949113316344,separated,60,0.95,hmm-mixture/6/4/5/19
2.0,6,20,1000,constant-mc,0.09733333333333416,0.08139757258872393,0.11326909407794439,separated,60,0.95,hmm-mixture/6/4/5/20
2.0,6,21,1000,constant-mc,0.15476666666666894,0.1349359444760001,0.17443574261470474,separated,60,0.95,hmm-mixture/6/4/5/21
2.0,6,22,1000,constant-mc,0.13743333333333396,0.11735832314762717,0.15750834351904075,separated,60,0.95,hmm-mixture/6/4/5/22
2.0,6,23,1000,constant-mc,0.10073333333333334,0.08024132333186085,0.12122534333480584,separated,60,0.95,hmm-mixture/6/4/5/23
2.0,6,24,1000,constant-mc,0.10243333333333204,0.08293078488866357,0.12193588177800052,separated,60,0.95,hmm-mixture/6/4/5/24
2.0,6,25,1000,constant-mc,0.16269999999999918,0.14491241530612164,0.1804875846938767,separated,60,0.95,hmm-mixture/6/4/5/25
2.0,6,26,1000,constant-mc,0.141233333333334,0.12296744749303734,0.15873695519947706,separated,60,0.95,hmm-mixture/6/4/5/26
2.0,6,27,1000,constant-mc,0.058566666666666656,0.03876873275427695,0.07836460057905636,separated,60,0.95,hmm-mixture/6/4/5/27
2.0,6,28,1000,constant-mc,0.10603333333333431,0.08665255765549507,0.12541410901117356,separated,60,0.95,hmm-mixture/6/4/5/28
2.0,6,29,1000,constant-mc,0.14010000000000034,0.12264742144437157,0.15749305575951933,separated,60,0.95,hmm-mixture/6/4/5/29
2.0,7,0,1000,constant-mc,0.0973333333333315,0.07844279178090297,0.11622387488576003,separated,60,0.95,hmm-mixture/7/4/5/0
2.0,7,1,1000,constant-mc,0.08133333333333148,0.06282692123454758,0.09983974543211538,separated,60,0.95,hmm-mixture/7/4/5/1
2.0,7,2,1000,constant-mc,0.12846666666666362,0.10975192201524742,0.14718141131807982,separated,60,0.95,hmm-mixture/7/4/5/2
2.0,7,3,1000,constant-mc,0.11346666666666483,0.09448444074069329,0.13244889259263637,separated,60,0.95,hmm-mixture/7/4/5/3
2.0,7,4,1000,constant-mc,0.07329999999999881,0.05632620345329453,0.09027379654670309,separated,60,0.95,hmm-mixture/7/4/5/4
2.0,7,5,1000,constant-mc,0.08186666666666742,0.0653674823176944,0.09836585101564044,separated,60,0.95,hmm-mixture/7/4/5/5
2.0,7,6,1000,constant-mc,0.08610000000000184,0.06756626890939188,0.1046337310906118,separated,60,0.95,hmm-mixture/7/4/5/6
2.0,7,7,1000,constant-mc,0.04756666666666476,0.029008382086205486,0.06612495124712403,separated,60,0.95,hmm-mixture/7/4/5/7
2.0,7,8,1000,constant-mc,0.10663333333333469,0.0879549979342249,0.12531166873244448,separated,60,0.95,hmm-mixture/7/4/5/8
2.0,7,9,1000,constant-mc,0.11149999999999949,0.09329413384484209,0.1297058661551569,separated,60,0.95,hmm-mixture/7/4/5/9
2.0,7,10,1000,constant-mc,0.15249999999999986,0.13302077308513294,0.17142297912532722,separated,60,0.95,hmm-mixture/7/4/5/10
2.0,7,11,1000,constant-mc,0.0964333333333327,0.07710734097038863,0.11575932569627678,separated,60,0.95,hmm-mixture/7/4/5/11
2.0,7,12,1000,constant-mc,0.06463333333333487,0.04636780816784469,0.08289885849882506,separated,60,0.95,hmm-mixture/7/4/5/12
2.0,7,13,1000,constant-mc,0.145299999999998,0.1253394484279502,0.16421622642474532,separated,60,0.95,hmm-mixture/7/4/5/13
2.0,7,14,1000,constant-mc,0.10939999999999905,0.08977614053934335,0.12902385946065476,separated,60,0.95,hmm-mixture/7/4/5/14
2.0,7,15,1000,constant-mc,-0.013800000000001589,-0.03355621336412362,0.005956213364120444,uncertain,60,0.95,hmm-mixture/7/4/5/15
2.0,7,16,1000,constant-mc,0.1016666666666648,0.08528722796419519,0.1180461053691344,separated,60,0.95,hmm-mixture/7/4/5/16
2.0,7,17,1000,constant-mc,0.06526666666666436,0.046588502644519636,0.08394483068880909,separated,60,0.95,hmm-mixture/7/4/5/17
2.0,7,18,1000,constant-mc,0.06753333333333256,0.05124859677969429,0.08381806988697083,separated,60,0.95,hmm-mixture/7/4/5/18
2.0,7,19,1000,constant-mc,0.09506666666666685,0.07476153970507493,0.11537179362825878,separated,60,0.95,hmm-mixture/7/4/5/19
2.0,7,20,1000,constant-mc,0.13629999999999765,0.12038068807593127,0.15119640771065157,separated,60,0.95,hmm-mixture/7/4/5/20
2.0,7,21,1000,constant-mc,0.10620000000000118,0.08885024140729136,0.123549758592711,separated,60,0.95,hmm-mixture/7/4/5/21
2.0,7,22,1000,constant-mc,0.13269999999999982,0.11557760081260149,0.14982239918739815,separated,60,0.95,hmm-mixture/7/4/5/22
2.0,7,23,1000,constant-mc,0.1384333333333334,0.1209882745867148,0.15587839207995202,separated,60,0.95,hmm-mixture/7/4/5/23
2.0,7,24,1000,constant-mc,0.06963333333333122,0.04995614824564942,0.08931051842101301,separated,60,0.95,hmm-mixture/7/4/5/24
2.0,7,25,1000,constant-mc,0.1002333333333345,0.08184183153071434,0.11862483513595468,separated,60,0.95,hmm-mixture/7/4/5/25
2.0,7,26,1000,constant-mc,0.09169999999999945,0.07191750844965394,0.11148249155034495,separated,60,0.95,hmm-mixture/7/4/5/26
2.0,7,27,1000,constant-mc,0.10949999999999793,0.0931506443783503,0.12584935562164556,separated,60,0.95,hmm-mixture/7/4/5/27
2.0,7,28,1000,constant-mc,0.06600000000000072,0.04595079839266436,0.08604920160733709,separated,60,0.95,hmm-mixture/7/4/5/28
2.0,7,29,1000,constant-mc,0.09893333333333221,0.08017575444166702,0.11769091222499739,separated,60,0.95,hmm-mixture/7/4/5/29
2.0,8,0,1000,constant-mc,0.031899999999998485,0.012139544071279929,0.05166045592871704,separated,60,0.95,hmm-mixture/8/4/5/0
2.0,8,1,1000,constant-mc,0.08069999999999933,0.06258259202349947,0.09881740797649918,separated,60,0.95,hmm-mixture/8/4/5/1
2.0,8,2,1000,constant-mc,0.07290000000000241,0.05507402809572959,0.09046559009959942,separated,60,0.95,hmm-mixture/8/4/5/2
2.0,8,3,1000,constant-mc,0.10500000000000043,0.08642120534622588,0.12270858554667541,separated,60,0.95,hmm-mixture/8/4/5/3
2.0,8,4,1000,constant-mc,0.09476666666666489,0.07426736870328288,0.1152659646300469,separated,60,0.95,hmm-mixture/8/4/5/4
2.0,8,5,1000,constant-mc,0.08476666666666688,0.06402139845781907,0.10551193487551469,separated,60,0.95,hmm-mixture/8/4/5/5
2.0,8,6,1000,constant-mc,0.09323333333333395,0.07535501259401833,0.11109264020041731,separated,60,0.95,hmm-mixture/8/4/5/6
2.0,8,7,1000,constant-mc,0.0626333333333342,0.045864655825131884,0.07940201084153653,separated,60,0.95,hmm-mixture/8/4/5/7
2.0,8,8,1000,constant-mc,0.07929999999999993,0.061159153613643547,0.0974408463863563,separated,60,0.95,hmm-mixture/8/4/5/8
2.0,8,9,1000,constant-mc,0.11649999999999938,0.09622951123631918,0.1367704887636796,separated,60,0.95,hmm-mixture/8/4/5/9
2.0,8,10,1000,constant-mc,0.08466666666666711,0.06369384717824644,0.10563948615508778,separated,60,0.95,hmm-mixture/8/4/5/10
2.0,8,11,1000,constant-mc,0.048199999999999577,0.02780040582571708,0.06859959417428207,separated,60,0.95,hmm-mixture/8/4/5/11
2.0,8,12,1000,constant-mc,0.12296666666666578,0.10638034085211157,0.13955299248122,separated,60,0.95,hmm-mixture/8/4/5/12
2.0,8,13,1000,constant-mc,0.05173333333333208,0.02948987262920344,0.07397679403746071,separated,60,0.95,hmm-mixture/8/4/5/13
2.0,8,14,1000,constant-mc,0.1397666666666666,0.11982256885125953,0.1582528663754017,separated,60,0.95,hmm-mixture/8/4/5/14
2.0,8,15,1000,constant-mc,0.14339999999999975,0.12527499751611781,0.16152500248388169,separated,60,0.95,hmm-mixture/8/4/5/15
2.0,8,16,1000,constant-mc,0.09786666666666477,0.07852549399322228,0.11720783934010726,separated,60,0.95,hmm-mixture/8/4/5/16
2.0,8,17,1000,constant-mc,0.05846666666666511,0.04063714858494638,0.07629618474838384,separated,60,0.95,hmm-mixture/8/4/5/17
2.0,8,18,1000,constant-mc,0.13513333333333133,0.11471274368611528,0.15555392298054738,separated,60,0.95,hmm-mixture/8/4/5/18
2.0,8,19,1000,constant-mc,0.13899999999999935,0.1198721588613223,0.1581278411386764,separated,60,0.95,hmm-mixture/8/4/5/19
2.0,8,20,1000,constant-mc,0.10740000000000016,0.08745836007090357,0.12734163992909675,separated,60,0.95,hmm-mixture/8/4/5/20
2.0,8,21,1000,constant-mc,0.046500000000000874,0.026755246398861843,0.0662447536011399,separated,60,0.95,hmm-mixture/8/4/5/21
2.0,8,22,1000,constant-mc,0.06439999999999824,0.04585152656360769,0.08294847343638878,separated,60,0.95,hmm-mixture/8/4/5/22
2.0,8,23,1000,constant-mc,0.11706666666666798,0.09817242790978842,0.13596090542354755,separated,60,0.95,hmm-mixture/8/4/5/23
2.0,8,24,1000,constant-mc,0.11586666666666545,0.09735367365444869,0.1343796596788822,separated,60,0.95,hmm-mixture/8/4/5/24
2.0,8,25,1000,constant-mc,0.052666666666667084,0.032788821654124334,0.07254451167920983,separated,60,0.95,hmm-mixture/8/4/5/25
2.0,8,26,1000,constant-mc,0.09009999999999962,0.07160530017769684,0.10859469982230241,separated,60,0.95,hmm-mixture/8/4/5/26
2.0,8,27,1000,constant-mc,0.06033333333333246,0.04129708078494332,0.0793695858817216,separated,60,0.95,hmm-mixture/8/4/5/27
2.0,8,28,1000,constant-mc,0.08639999999999937,0.06777390592562771,0.10502609407437102,separated,60,0.95,hmm-mixture/8/4/5/28
2.0,8,29,1000,constant-mc,0.09716666666666818,0.07982143093037575,0.11451190240296061,separated,60,0.95,hmm-mixture/8/4/5/29
2.0,9,0,1000,constant-mc,0.06119999999999859,0.03952742367271078,0.0828725763272864,separated,60,0.95,hmm-mixture/9/4/5/0
2.0,9,1,1000,constant-mc,0.04453333333333287,0.02147026297316934,0.0675964036934964,separated,60,0.95,hmm-mixture/9/4/5/1
2.0,9,2,1000,constant-mc,0.07243333333333357,0.0524440266235775,0.09207602694676353,separated,60,0.95,hmm-mixture/9/4/5/2
2.0,9,3,1000,constant-mc,0.06053333333333377,0.04169299705397833,0.07937366961268921,separated,60,0.95,hmm-mixture/9/4/5/3
2.0,9,4,1000,constant-mc,0.15803333333333391,0.13710098848908725,0.17896567817758058,separated,60,0.95,hmm-mixture/9/4/5/4
2.0,9,5,1000,constant-mc,0.0788999999999982,0.058928565517246234,0.09887143448275015,separated,60,0.95,hmm-mixture/9/4/5/5
2.0,9,6,1000,constant-mc,0.08140000000000036,0.059805447019753544,0.10299455298024718,separated,60,0.95,hmm-mixture/9/4/5/6
2.0,9,7,1000,constant-mc,0.09789999999999832,0.07727466617959866,0.11852533382039798,separated,60,0.95,hmm-mixture/9/4/5/7
2.0,9,8,1000,constant-mc,0.0633000000000008,0.041640344506591376,0.08495965549341022,separated,60,0.95,hmm-mixture/9/4/5/8
2.0,9,9,1000,constant-mc,0.08226666666666649,0.06181415043620753,0.10271918289712545,separated,60,0.95,hmm-mixture/9/4/5/9
2.0,9,10,1000,constant-mc,0.04103333333333481,0.021656402905982475,0.060410263760687144,separated,60,0.95,hmm-mixture/9/4/5/10
2.0,9,11,1000,constant-mc,0.05156666666666698,0.032043563331332514,0.07108977000200145,separated,60,0.95,hmm-mixture/9/4/5/11
2.0,9,12,1000,constant-mc,0.09926666666666595,0.07943144029476112,0.11910189303857077,separated,60,0.95,hmm-mixture/9/4/5/12
2.0,9,13,1000,constant-mc,0.06163333333333121,0.042018911697176975,0.08124775496948544,separated,60,0.95,hmm-mixture/9/4/5/13
2.0,9,14,1000,constant-mc,0.06930000000000103,0.047352328247597164,0.09124767175240489,separated,60,0.95,hmm-mixture/9/4/5/14
2.0,9,15,1000,constant-mc,0.03983333333333405,0.021087555822712822,0.058579110843955284,separated,60,0.95,hmm-mixture/9/4/5/15
2.0,9,16,1000,constant-mc,0.0838000000000001,0.06155739643260194,0.10604260356739825,separated,60,0.95,hmm-mixture/9/4/5/16
2.0,9,17,1000,constant-mc,0.09479999999999844,0.07326870006914277,0.11633129993085412,separated,60,0.95,hmm-mixture/9/4/5/17
2.0,9,18,1000,constant-mc,0.07480000000000064,0.05630335345014359,0.0932966465498577,separated,60,0.95,hmm-mixture/9/4/5/18
2.0,9,19,1000,constant-mc,0.06149999999999878,0.04113136766335579,0.08186863233664177,separated,60,0.95,hmm-mixture/9/4/5/19
2.0,9,20,1000,constant-mc,0.099800000000001,0.07947351753532494,0.12012648246467705,separated,60,0.95,hmm-mixture/9/4/5/20
2.0,9,21,1000,constant-mc,0.0761666666666665,0.055462405583027063,0.09687092775030592,separated,60,0.95,hmm-mixture/9/4/5/21
2.0,9,22,1000,constant-mc,0.025733333333332276,0.005544109913602213,0.04592255675306234,separated,60,0.95,hmm-mixture/9/4/5/22
2.0,9,23,1000,constant-mc,0.046800000000000175,0.027306533515941922,0.06629346648405843,separated,60,0.95,hmm-mixture/9/4/5/23
2.0,9,24,1000,constant-mc,0.09896666666666665,0.07932292809385455,0.11861040523947874,separated,60,0.95,hmm-mixture/9/4/5/24
2.0,9,25,1000,constant-mc,0.07189999999999852,0.051558453883802535,0.0922415461161945,separated,60,0.95,hmm-mixture/9/4/5/25
2.0,9,26,1000,constant-mc,0.1109,0.09231603943180922,0.12948396056819078,separated,60,0.95,hmm-mixture/9/4/5/26
2.0,9,27,1000,constant-mc,0.062399999999999345,0.04173567114607124,0.08306432885392745,separated,60,0.95,hmm-mixture/9/4/5/27
2.0,9,28,1000,constant-mc,0.10070000000000068,0.08261211725814999,0.11878788274185137,separated,60,0.95,hmm-mixture/9/4/5/28
2.0,9,29,1000,constant-mc,0.05676666666666552,0.037104916453289505,0.07642841688004154,separated,60,0.95,hmm-mixture/9/4/5/29
2.0,10,0,1000,constant-mc,0.05469999999999864,0.03632214750771201,0.07307785249228527,separated,60,0.95,hmm-mixture/10/4/5/0
2.0,10,1,1000,constant-mc,0.07186666666666675,0.05287996663819605,0.09085336669513744,separated,60,0.95,hmm-mixture/10/4/5/1
2.0,10,2,1000,constant-mc,0.07379999999999942,0.05574009210721442,0.09185990789278442,separated,60,0.95,hmm-mixture/10/4/5/2
2.0,10,3,1000,constant-mc,0.029899999999999594,0.006909094209958333,0.052890905790040854,separated,60,0.95,hmm-mixture/10/4/5/3
2.0,10,4,1000,constant-mc,0.060433333333334005,0.04077525555907968,0.08009141110758833,separated,60,0.95,hmm-mixture/10/4/5/4
2.0,10,5,1000,constant-mc,0.10186666666666788,0.0841998209329331,0.11953351240040266,separated,60,0.95,hmm-mixture/10/4/5/5
2.0,10,6,1000,constant-mc,0.028266666666667106,0.008299215481851974,0.04823411785148224,separated,60,0.95,hmm-mixture/10/4/5/6
2.0,10,7,1000,constant-mc,0.06579999999999853,0.044504556591784095,0.08709544340821296,separated,60,0.95,hmm-mixture/10/4/5/7
2.0,10,8,1000,constant-mc,0.0724333333333318,0.05387002948508446,0.09099663718157913,separated,60,0.95,hmm-mixture/10/4/5/8
2.0,10,9,1000,constant-mc,0.03886666666666727,0.02021979167988075,0.05751354165345379,separated,60,0.95,hmm-mixture/10/4/5/9
2.0,10,10,1000,constant-mc,0.08683333333333465,0.06312047777217344,0.11054618889449586,separated,60,0.95,hmm-mixture/10/4/5/10
2.0,10,11,1000,constant-mc,0.09376666666666811,0.07000646203447491,0.11653348614760262,separated,60,0.95,hmm-mixture/10/4/5/11
2.0,10,12,1000,constant-mc,0.0772666666666657,0.056298099384478384,0.09823523394885303,separated,60,0.95,hmm-mixture/10/4/5/12
2.0,10,13,1000,constant-mc,0.013533333333334063,-0.003760673060400066,0.030827339727068193,uncertain,60,0.95,hmm-mixture/10/4/5/13
2.0,10,14,1000,constant-mc,0.09263333333333179,0.0733479143897906,0.11191875227687298,separated,60,0.95,hmm-mixture/10/4/5/14
2.0,10,15,1000,constant-mc,0.05549999999999766,0.03955187347437583,0.0714481265256195,separated,60,0.95,hmm-mixture/10/4/5/15
2.0,10,16,1000,constant-mc,0.09206666666666674,0.07294196181637869,0.1111913715169548,separated,60,0.95,hmm-mixture/10/4/5/16
2.0,10,17,1000,constant-mc,0.06943333333333346,0.04714085874620633,0.09172580792046059,separated,60,0.95,hmm-mixture/10/4/5/17
2.0,10,18,1000,constant-mc,0.0634666666666659,0.0426823457804808,0.08425098755285099,separated,60,0.95,hmm-mixture/10/4/5/18
2.0,10,19,1000,constant-mc,0.01793333333333269,0.00017260063908430823,0.03569406602758107,separated,60,0.95,hmm-mixture/10/4/5/19
2.0,10,20,1000,constant-mc,0.08586666666666609,0.06608210225764832,0.10565123107568386,separated,60,0.95,hmm-mixture/10/4/5/20
2.0,10,21,1000,constant-mc,0.08006666666666717,0.05955903857797917,0.10057429475535518,separated,60,0.95,hmm-mixture/10/4/5/21
2.0,10,22,1000,constant-mc,0.09596666666666387,0.0760722167911645,0.11586111654216324,separated,60,0.95,hmm-mixture/10/4/5/22
2.0,10,23,1000,constant-mc,0.10596666666666632,0.08571713726725605,0.1262161960660766,separated,60,0.95,hmm-mixture/10/4/5/23
2.0,10,24,1000,constant-mc,0.08526666666666571,0.06253951174241834,0.10799382159091309,separated,60,0.95,hmm-mixture/10/4/5/24
2.0,10,25,1000,constant-mc,0.10433333333333294,0.08507843883821042,0.12358822782845547,separated,60,0.95,hmm-mixture/10/4/5/25
2.0,10,26,1000,constant-mc,0.03013333333333268,0.009734886652577046,0.05053178001408831,separated,60,0.95,hmm-mixture/10/4/5/26
2.0,10,27,1000,constant-mc,0.013833333333333364,-0.007810544866940106,0.035477211533606834,uncertain,60,0.95,hmm-mixture/10/4/5/27
2.0,10,28,1000,constant-mc,0.06583333333333297,0.045022776703730116,0.08664388996293582,separated,60,0.95,hmm-mixture/10/4/5/28
2.0,10,29,1000,constant-mc,0.07746666666666702,0.058371182505168484,0.09656215082816555,separated,60,0.95,hmm-mixture/10/4/5/29
3.0,2,0,1000,constant-mc,0.2052666666666676,0.19170706756791756,0.21882626576541764,separated,60,0.95,hmm-mixture/2/4/5/0
3.0,2,1,1000,constant-mc,0.23826666666666618,0.22472950182805995,0.2518038315052724,separated,60,0.95,hmm-mixture/2/4/5/1
3.0,2,2,1000,constant-mc,0.1422666666666652,0.1292116446541245,0.15532168867920593,separated,60,0.95,hmm-mixture/2/4/5/2
3.0,2,3,1000,constant-mc,0.1201666666666652,0.10515172750299939,0.135181605830331,separated,60,0.95,hmm-mixture/2/4/5/3
3.0,2,4,1000,constant-mc,0.15116666666666578,0.13691926706021995,0.16541406627311162,separated,60,0.95,hmm-mixture/2/4/5/4
3.0,2,5,1000,constant-mc,0.14353333333333307,0.13049313829450337,0.15657352837216276,separated,60,0.95,hmm-mixture/2/4/5/5
3.0,2,6,1000,constant-mc,0.26980000000000093,0.2538089144861235,0.28579108551387833,separated,60,0.95,hmm-mixture/2/4/5/6
3.0,2,7,1000,constant-mc,0.12520000000000042,0.11261508709573498,0.13778491290426587,separated,60,0.95,hmm-mixture/2/4/5/7
3.0,2,8,1000,constant-mc,0.16536666666666644,0.15360440198952574,0.17712893134380714,separated,60,0.95,hmm-mixture/2/4/5/8
3.0,2,9,1000,constant-mc,0.1387333333333336,0.1250253435033324,0.1524413231633348,separated,60,0.95,hmm-mixture/2/4/5/9
3.0,2,10,1000,constant-mc,0.15070000000000228,0.13778829537950799,0.16361170462049657,separated,60,0.95,hmm-mixture/2/4/5/10
3.0,2,11,1000,constant-mc,0.0683000000000007,0.05559923681568524,0.08100076318431615,separated,60,0.95,hmm-mixture/2/4/5/11
3.0,2,12,1000,constant-mc,0.10460000000000047,0.09097065057762421,0.11822934942237673,separated,60,0.95,hmm-mixture/2/4/5/12
3.0,2,13,1000,constant-mc,0.22850000000000037,0.21513047842203026,0.24186952157797048,separated,60,0.95,hmm-mixture/2/4/5/13
3.0,2,14,1000,constant-mc,0.11233333333333206,0.09913367324809919,0.12553299341856494,separated,60,0.95,hmm-mixture/2/4/5/14
3.0,2,15,1000,constant-mc,0.15456666666666585,0.14062170219111447,0.16693769557392724,separated,60,0.95,hmm-mixture/2/4/5/15
3.0,2,16,1000,constant-mc,0.1247666666666678,0.1112537248648291,0.1382796084685065,separated,60,0.95,hmm-mixture/2/4/5/16
3.0,2,17,1000,constant-mc,0.20626666666666527,0.1908029558329698,0.22173037750036073,separated,60,0.95,hmm-mixture/2/4/5/17
3.0,2,18,1000,constant-mc,0.13570000000000082,0.122099274885902,0.14930072511409964,separated,60,0.95,hmm-mixture/2/4/5/18
3.0,2,19,1000,constant-mc,0.18283333333333385,0.16885606055057423,0.19681060611609347,separated,60,0.95,hmm-mixture/2/4/5/19
3.0,2,20,1000,constant-mc,0.08996666666666542,0.07650870430860301,0.10342462902472782,separated,60,0.95,hmm-mixture/2/4/5/20
3.0,2,21,1000,constant-mc,0.08690000000000175,0.07379095056356011,0.1000090494364434,separated,60,0.95,hmm-mixture/2/4/5/21
3.0,2,22,1000,constant-mc,0.1105333333333327,0.0984832056431646,0.12258346102350082,separated,60,0.95,hmm-mixture/2/4/5/22
3.0,2,23,1000,constant-mc,0.2047666666666661,0.19243566671062684,0.21709766662270535,separated,60,0.95,hmm-mixture/2/4/5/23
3.0,2,24,1000,constant-mc,0.12780000000000147,0.11147989735450814,0.1441201026454948,separated,60,0.95,hmm-mixture/2/4/5/24
3.0,2,25,1000,constant-mc,0.17586666666666684,0.16082047610809447,0.1909128572252392,separated,60,0.95,hmm-mixture/2/4/5/25
3.0,2,26,1000,constant-mc,0.10413333333333341,0.09043074757496594,0.11783591909170088,separated,60,0.95,hmm-mixture/2/4/5/26
3.0,2,27,1000,constant-mc,0.12276666666666447,0.10907119304298263,0.1364621402903463,separated,60,0.95,hmm-mixture/2/4/5/27
3.0,2,28,1000,constant-mc,0.15050000000000008,0.13635007564338064,0.16464992435661951,separated,60,0.95,hmm-mixture/2/4/5/28
3.0,2,29,1000,constant-mc,0.12613333333333188,0.11391762852824616,0.1383490381384176,separated,60,0.95,hmm-mixture/2/4/5/29
3.0,3,0,1000,constant-mc,0.08846666666666536,0.07391689003396085,0.10301644329936988,separated,60,0.95,hmm-mixture/3/4/5/0
3.0,3,1,1000,constant-mc,0.08236666666666626,0.06672807433968497,0.09800525899364754,separated,60,0.95,hmm-mixture/3/4/5/1
3.0,3,2,1000,constant-mc,0.0696333333333321,0.056524459734478505,0.0827422069321857,separated,60,0.95,hmm-mixture/3/4/5/2
3.0,3,3,1000,constant-mc,0.07500000000000018,0.058635995470394775,0.09136400452960558,separated,60,0.95,hmm-mixture/3/4/5/3
3.0,3,4,1000,constant-mc,0.0690333333333335,0.054377195949735224,0.08368947071693178,separated,60,0.95,hmm-mixture/3/4/5/4
3.0,3,5,1000,constant-mc,0.07679999999999865,0.06326416530548773,0.09033583469450956,separated,60,0.95,hmm-mixture/3/4/5/5
3.0,3,6,1000,constant-mc,0.09193333333333431,0.07878187012464188,0.10508479654202674,separated,60,0.95,hmm-mixture/3/4/5/6
3.0,3,7,1000,constant-mc,0.12406666666666677,0.11026053470056851,0.13787279863276503,separated,60,0.95,hmm-mixture/3/4/5/7
3.0,3,8,1000,constant-mc,0.11426666666666563,0.09860476925696648,0.12992856407636477,separated,60,0.95,hmm-mixture/3/4/5/8
3.0,3,9,1000,constant-mc,0.11846666666666739,0.10489498407451592,0.13203834925881885,separated,60,0.95,hmm-mixture/3/4/5/9
3.0,3,10,1000,constant-mc,0.11583333333333368,0.10078153755207087,0.1308851291145965,separated,60,0.95,hmm-mixture/3/4/5/10
3.0,3,11,1000,constant-mc,0.09726666666666617,0.08249343818115484,0.1120398951521775,separated,60,0.95,hmm-mixture/3/4/5/11
3.0,3,12,1000,constant-mc,0.13463333333333338,0.11606592668139548,0.15272010177287765,separated,60,0.95,hmm-mixture/3/4/5/12
3.0,3,13,1000,constant-mc,0.08403333333333318,0.06816208499865795,0.09990458166800842,separated,60,0.95,hmm-mixture/3/4/5/13
3.0,3,14,1000,constant-mc,0.1646666666666654,0.14950839234925706,0.1787560298619768,separated,60,0.95,hmm-mixture/3/4/5/14
3.0,3,15,1000,constant-mc,0.005966666666667564,-0.009707404016108256,0.021640737349443384,uncertain,60,0.95,hmm-mixture/3/4/5/15
3.0,3,16,1000,constant-mc,0.10986666666666522,0.09355400224355215,0.12533530776024548,separated,60,0.95,hmm-mixture/3/4/5/16
3.0,3,17,1000,constant-mc,0.04266666666666641,0.02651325251879566,0.05882008081453716,separated,60,0.95,hmm-mixture/3/4/5/17
3.0,3,18,1000,constant-mc,0.08599999999999852,0.07107168902578831,0.10092831097420873,separated,60,0.95,hmm-mixture/3/4/5/18
3.0,3,19,1000,constant-mc,0.11236666666666473,0.09673192681751175,0.12762055501279956,separated,60,0.95,hmm-mixture/3/4/5/19
3.0,3,20,1000,constant-mc,0.12496666666666734,0.10881140470961714,0.14112192862371753,separated,60,0.95,hmm-mixture/3/4/5/20
3.0,3,21,1000,constant-mc,0.1122999999999994,0.0975662055318276,0.1270337944681712,separated,60,0.95,hmm-mixture/3/4/5/21
3.0,3,22,1000,constant-mc,0.08593333333333408,0.07117287257595795,0.10069379409071022,separated,60,0.95,hmm-mixture/3/4/5/22
3.0,3,23,1000,constant-mc,0.11593333333333433,0.10016635619604397,0.1317003104706247,separated,60,0.95,hmm-mixture/3/4/5/23
3.0,3,24,1000,constant-mc,0.05619999999999781,0.0422794843941805,0.07012051560581511,separated,60,0.95,hmm-mixture/3/4/5/24
3.0,3,25,1000,constant-mc,0.14180000000000081,0.12649602385362702,0.1571039761463746,separated,60,0.95,hmm-mixture/3/4/5/25
3.0,3,26,1000,constant-mc,0.15763333333333218,0.14146649032943603,0.17259211225396065,separated,60,0.95,hmm-mixture/3/4/5/26
3.0,3,27,1000,constant-mc,0.11559999999999881,0.10061776919960508,0.13058223080039255,separated,60,0.95,hmm-mixture/3/4/5/27
3.0,3,28,1000,constant-mc,0.08410000000000029,0.06884966789956959,0.09935033210043098,separated,60,0.95,hmm-mixture/3/4/5/28
3.0,3,29,1000,constant-mc,0.11016666666666453,0.09504362280627454,0.1252897105270545,separated,60,0.95,hmm-mixture/3/4/5/29
3.0,4,0,1000,constant-mc,0.08416666666666739,0.06628329788154019,0.10205003545179459,separated,60,0.95,hmm-mixture/4/4/5/0
3.0,4,1,1000,constant-mc,0.0700666666666665,0.05461317088525153,0.08552016244808147,separated,60,0.95,hmm-mixture/4/4/5/1
3.0,4,2,1000,constant-mc,0.11530000000000129,0.10019237353875976,0.13040762646124282,separated,60,0.95,hmm-mixture/4/4/5/2
3.0,4,3,1000,constant-mc,0.08606666666666651,0.07054269210460973,0.1015906412287233,separated,60,0.95,hmm-mixture/4/4/5/3
3.0,4,4,1000,constant-mc,0.05679999999999907,0.0406315085276443,0.07296849147235385,separated,60,0.95,hmm-mixture/4/4/5/4
3.0,4,5,1000,constant-mc,0.06020000000000003,0.04558789842214406,0.074812101577856,separated,60,0.95,hmm-mixture/4/4/5/5
3.0,4,6,1000,constant-mc,0.06306666666666594,0.04737577401452331,0.07875755931880857,separated,60,0.95,hmm-mixture/4/4/5/6
3.0,4,7,1000,constant-mc,0.04776666666666607,0.03274768782143411,0.06278564551189803,separated,60,0.95,hmm-mixture/4/4/5/7
3.0,4,8,1000,constant-mc,0.06696666666666751,0.051612581690764436,0.08232075164257058,separated,60,0.95,hmm-mixture/4/4/5/8
3.0,4,9,1000,constant-mc,0.061233333333334805,0.04416155400547073,0.07830511266119888,separated,60,0.95,hmm-mixture/4/4/5/9
3.0,4,10,1000,constant-mc,0.10320000000000196,0.08883151710425707,0.11756848289574684,separated,60,0.95,hmm-mixture/4/4/5/10
3.0,4,11,1000,constant-mc,0.07026666666666603,0.05530760904365817,0.0852257242896739,separated,60,0.95,hmm-mixture/4/4/5/11
3.0,4,12,1000,constant-mc,0.06203333333333294,0.048116666123453555,0.07595000054321233,separated,60,0.95,hmm-mixture/4/4/5/12
3.0,4,13,1000,constant-mc,0.0710000000000015,0.05545802794351662,0.0865419720564864,separated,60,0.95,hmm-mixture/4/4/5/13
3.0,4,14,1000,constant-mc,0.022999999999999687,0.007870387515630739,0.038129612484368636,separated,60,0.95,hmm-mixture/4/4/5/14
3.0,4,15,1000,constant-mc,0.044133333333332025,0.02948648751393179,0.05878017915273226,separated,60,0.95,hmm-mixture/4/4/5/15
3.0,4,16,1000,constant-mc,0.056366666666666454,0.03944365810857331,0.0732896752247596,separated,60,0.95,hmm-mixture/4/4/5/16
3.0,4,17,1000,constant-mc,0.04846666666666888,0.03451703573717779,0.062416297596159964,separated,60,0.95,hmm-mixture/4/4/5/17
3.0,4,18,1000,constant-mc,0.08183333333333298,0.06740743510304448,0.09625923156362148,separated,60,0.95,hmm-mixture/4/4/5/18
3.0,4,19,1000,constant-mc,0.10503333333333309,0.08770886932018751,0.12235779734647867,separated,60,0.95,hmm-mixture/4/4/5/19
3.0,4,20,1000,constant-mc,0.027266666666665884,0.012110897553625932,0.042422435779705836,separated,60,0.95,hmm-mixture/4/4/5/20
3.0,4,21,1000,constant-mc,0.09146666666666636,0.07680869761309062,0.10612463572024211,separated,60,0.95,hmm-mixture/4/4/5/21
3.0,4,22,1000,constant-mc,0.08266666666666733,0.06672147780673043,0.09861185552660423,separated,60,0.95,hmm-mixture/4/4/5/22
3.0,4,23,1000,constant-mc,0.07936666666666703,0.06494947082222513,0.09378386251110893,separated,60,0.95,hmm-mixture/4/4/5/23
3.0,4,24,1000,constant-mc,0.055200000000001026,0.041529098025448796,0.06887090197455326,separated,60,0.95,hmm-mixture/4/4/5/24
3.0,4,25,1000,constant-mc,0.06253333333333355,0.04671884927939285,0.07834781738727425,separated,60,0.95,hmm-mixture/4/4/5/25
3.0,4,26,1000,constant-mc,0.07256666666666689,0.057403570598763665,0.08772976273457012,separated,60,0.95,hmm-mixture/4/4/5/26
3.0,4,27,1000,constant-mc,0.0559666666666665,0.04054972435691884,0.07138360897641416,separated,60,0.95,hmm-mixture/4/4/5/27
3.0,4,28,1000,constant-mc,0.10036666666666783,0.08356667801891415,0.1171666553144215,separated,60,0.95,hmm-mixture/4/4/5/28
3.0,4,29,1000,constant-mc,0.06156666666666499,0.04668299784077945,0.07645033549255054,separated,60,0.95,hmm-mixture/4/4/5/29
3.0,5,0,1000,constant-mc,0.05210000000000026,0.03550946640310748,0.06869053359689303,separated,60,0.95,hmm-mixture/5/4/5/0
3.0,5,1,1000,constant-mc,0.0626666666666651,0.04518166191053119,0.080151671422799,separated,60,0.95,hmm-mixture/5/4/5/1
3.0,5,2,1000,constant-mc,0.08503333333333263,0.06932793959777506,0.10064439230813793,separated,60,0.95,hmm-mixture/5/4/5/2
3.0,5,3,1000,constant-mc,0.038099999999999135,0.021950876019496413,0.05162907694710128,separated,60,0.95,hmm-mixture/5/4/5/3
3.0,5,4,1000,constant-mc,0.10373333333333257,0.08772311412949385,0.11974355253717128,separated,60,0.95,hmm-mixture/5/4/5/4
3.0,5,5,1000,constant-mc,0.05406666666666826,0.037306893776045236,0.07082643955729129,separated,60,0.95,hmm-mixture/5/4/5/5
3.0,5,6,1000,constant-mc,0.08629999999999782,0.06872238290284027,0.10387761709715537,separated,60,0.95,hmm-mixture/5/4/5/6
3.0,5,7,1000,constant-mc,0.06606666666666605,0.04965073514993712,0.08248259818339498,separated,60,0.95,hmm-mixture/5/4/5/7
3.0,5,8,1000,constant-mc,0.048933333333332385,0.03287299390305698,0.06499367276360779,separated,60,0.95,hmm-mixture/5/4/5/8
3.0,5,9,1000,constant-mc,0.06416666666666515,0.045936697477670485,0.08239663585565982,separated,60,0.95,hmm-mixture/5/4/5/9
3.0,5,10,1000,constant-mc,0.029200000000001225,0.0113013022135382,0.04709869778646425,separated,60,0.95,hmm-mixture/5/4/5/10
3.0,5,11,1000,constant-mc,0.06403333333333272,0.0467888275611843,0.08057336570085649,separated,60,0.95,hmm-mixture/5/4/5/11
3.0,5,12,1000,constant-mc,0.07426666666666559,0.059987396432624074,0.08854593690070711,separated,60,0.95,hmm-mixture/5/4/5/12
3.0,5,13,1000,constant-mc,0.01456666666666706,0.0003717427328160383,0.028761590600518083,separated,60,0.95,hmm-mixture/5/4/5/13
3.0,5,14,1000,constant-mc,0.092766666666666,0.07637046973087891,0.10908100728275993,separated,60,0.95,hmm-mixture/5/4/5/14
3.0,5,15,1000,constant-mc,0.07036666666666669,0.052077059654065394,0.08865627367926798,separated,60,0.95,hmm-mixture/5/4/5/15
3.0,5,16,1000,constant-mc,0.07126666666666459,0.05679065252961735,0.08574268080371183,separated,60,0.95,hmm-mixture/5/4/5/16
3.0,5,17,1000,constant-mc,0.05823333333333203,0.042888668417233156,0.0735779982494309,separated,60,0.95,hmm-mixture/5/4/5/17
3.0,5,18,1000,constant-mc,0.049866666666666504,0.03185396573505184,0.06787936759828117,separated,60,0.95,hmm-mixture/5/4/5/18
3.0,5,19,1000,constant-mc,0.09933333333333128,0.08068561585577427,0.11679175304914224,separated,60,0.95,hmm-mixture/5/4/5/19
3.0,5,20,1000,constant-mc,0.07659999999999911,0.060095080225821995,0.09310491977417623,separated,60,0.95,hmm-mixture/5/4/5/20
3.0,5,21,1000,constant-mc,0.08550000000000058,0.06943565785939487,0.10156434214060628,separated,60,0.95,hmm-mixture/5/4/5/21
3.0,5,22,1000,constant-mc,0.06736666666666569,0.050592819571768644,0.08414051376156273,separated,60,0.95,hmm-mixture/5/4/5/22
3.0,5,23,1000,constant-mc,0.07419999999999938,0.05675887568324711,0.09164112431675164,separated,60,0.95,hmm-mixture/5/4/5/23
3.0,5,24,1000,constant-mc,0.0820333333333334,0.06480313938575488,0.09926352728091192,separated,60,0.95,hmm-mixture/5/4/5/24
3.0,5,25,1000,constant-mc,0.06770000000000032,0.05093155110384906,0.08446844889615157,separated,60,0.95,hmm-mixture/5/4/5/25
3.0,5,26,1000,constant-mc,0.0489999999999986,0.029822013712456297,0.0681779862875409,separated,60,0.95,hmm-mixture/5/4/5/26
3.0,5,27,1000,constant-mc,0.05056666666666665,0.03366927647498397,0.06746405685834933,separated,60,0.95,hmm-mixture/5/4/5/27
3.0,5,28,1000,constant-mc,0.08569999999999833,0.06845335055031843,0.10294664944967824,separated,60,0.95,hmm-mixture/5/4/5/28
3.0,5,29,1000,constant-mc,0.11343333333333216,0.09529523692346586,0.13157142974319846,separated,60,0.95,hmm-mixture/5/4/5/29
3.0,6,0,1000,constant-mc,0.047000000000001485,0.029499893353134077,0.0645001066468689,separated,60,0.95,hmm-mixture/6/4/5/0
3.0,6,1,1000,constant-mc,0.059166666666666146,0.04321404465973,0.07511928867360229,separated,60,0.95,hmm-mixture/6/4/5/1
3.0,6,2,1000,constant-mc,0.05389999999999873,0.03669308557290307,0.07110691442709438,separated,60,0.95,hmm-mixture/6/4/5/2
3.0,6,3,1000,constant-mc,0.05190000000000072,0.034869804230618584,0.06893019576938286,separated,60,0.95,hmm-mixture/6/4/5/3
3.0,6,4,1000,constant-mc,0.07046666666666734,0.05272533066804641,0.08712062376892948,separated,60,0.95,hmm-mixture/6/4/5/4
3.0,6,5,1000,constant-mc,0.09259999999999913,0.07205193001727928,0.11114819599109538,separated,60,0.95,hmm-mixture/6/4/5/5
3.0,6,6,1000,constant-mc,0.04206666666666692,0.022951594164835498,0.06118173916849834,separated,60,0.95,hmm-mixture/6/4/5/6
3.0,6,7,1000,constant-mc,0.05989999999999984,0.041090244926147435,0.07870975507385225,separated,60,0.95,hmm-mixture/6/4/5/7
3.0,6,8,1000,constant-mc,0.056199999999998695,0.04032988435660556,0.07207011564339183,separated,60,0.95,hmm-mixture/6/4/5/8
3.0,6,9,1000,constant-mc,0.07806666666666562,0.06153632330320136,0.09459701003012988,separated,60,0.95,hmm-mixture/6/4/5/9
3.0,6,10,1000,constant-mc,0.07303333333333217,0.057303752241081085,0.08876291442558326,separated,60,0.95,hmm-mixture/6/4/5/10
3.0,6,11,1000,constant-mc,0.08033333333333204,0.06289498568294327,0.0977716809837208,separated,60,0.95,hmm-mixture/6/4/5/11
3.0,6,12,1000,constant-mc,0.054533333333333545,0.03671277709212539,0.0723538895745417,separated,60,0.95,hmm-mixture/6/4/5/12
3.0,6,13,1000,constant-mc,0.003733333333332922,-0.01091793587422707,0.018384602540892914,uncertain,60,0.95,hmm-mixture/6/4/5/13
3.0,6,14,1000,constant-mc,0.06473333333333198,0.04641767096859173,0.08304899569807223,separated,60,0.95,hmm-mixture/6/4/5/14
3.0,6,15,1000,constant-mc,0.052633333333332644,0.0338966637692355,0.07137000289742979,separated,60,0.95,hmm-mixture/6/4/5/15
3.0,6,16,1000,constant-mc,0.055766666666666076,0.038511327214330926,0.07302200611900123,separated,60,0.95,hmm-mixture/6/4/5/16
3.0,6,17,1000,constant-mc,0.021866666666666923,0.0030909351789025763,0.04064239815443127,separated,60,0.95,hmm-mixture/6/4/5/17
3.0,6,18,1000,constant-mc,0.08360000000000056,0.06603418014523754,0.10116581985476358,separated,60,0.95,hmm-mixture/6/4/5/18
3.0,6,19,1000,constant-mc,0.0595666666666661,0.0434195310524208,0.0757138022809114,separated,60,0.95,hmm-mixture/6/4/5/19
3.0,6,20,1000,constant-mc,0.07576666666666565,0.05721425704150995,0.09431907629182135,separated,60,0.95,hmm-mixture/6/4/5/20
3.0,6,21,1000,constant-mc,0.07023333333333248,0.05128946448579974,0.08917720218086522,separated,60,0.95,hmm-mixture/6/4/5/21
3.0,6,22,1000,constant-mc,0.08273333333333355,0.06524269016565576,0.10022397650101134,separated,60,0.95,hmm-mixture/6/4/5/22
3.0,6,23,1000,constant-mc,0.03183333333333227,0.01571958178655386,0.04794708488011068,separated,60,0.95,hmm-mixture/6/4/5/23
3.0,6,24,1000,constant-mc,0.03169999999999895,0.014043714749780278,0.049356285250217624,separated,60,0.95,hmm-mixture/6/4/5/24
3.0,6,25,1000,constant-mc,0.08659999999999979,0.07157237858494536,0.10162762141505421,separated,60,0.95,hmm-mixture/6/4/5/25
3.0,6,26,1000,constant-mc,0.05399999999999938,0.03913932741537174,0.06886067258462703,separated,60,0.95,hmm-mixture/6/4/5/26
3.0,6,27,1000,constant-mc,-0.007500000000002061,-0.025831942870570224,0.010831942870566102,uncertain,60,0.95,hmm-mixture/6/4/5/27
3.0,6,28,1000,constant-mc,0.036233333333332673,0.019343480349878206,0.05312318631678714,separated,60,0.95,hmm-mixture/6/4/5/28
3.0,6,29,1000,constant-mc,0.07106666666666683,0.054735995678012905,0.08739733765532076,separated,60,0.95,hmm-mixture/6/4/5/29
3.0,7,0,1000,constant-mc,0.07466666666666644,0.05812600396752732,0.09120732936580556,separated,60,0.95,hmm-mixture/7/4/5/0
3.0,7,1,1000,constant-mc,0.04133333333333322,0.026136736158194118,0.056529930508472326,separated,60,0.95,hmm-mixture/7/4/5/1
3.0,7,2,1000,constant-mc,0.08106666666666396,0.06316552833767552,0.09896780499565239,separated,60,0.95,hmm-mixture/7/4/5/2
3.0,7,3,1000,constant-mc,0.04499999999999904,0.025990874899405547,0.06400912510059253,separated,60,0.95,hmm-mixture/7/4/5/3
3.0,7,4,1000,constant-mc,0.0408333333333335,0.023672663510611258,0.05799400315605574,separated,60,0.95,hmm-mixture/7/4/5/4
3.0,7,5,1000,constant-mc,0.10043333333333226,0.0811666946229348,0.11969997204372973,separated,60,0.95,hmm-mixture/7/4/5/5
3.0,7,6,1000,constant-mc,0.06830000000000158,0.04901577739669438,0.08519234617182381,separated,60,0.95,hmm-mixture/7/4/5/6
3.0,7,7,1000,constant-mc,0.05693333333333417,0.041053851563106036,0.0728128151035623,separated,60,0.95,hmm-mixture/7/4/5/7
3.0,7,8,1000,constant-mc,0.04270000000000174,0.025275523955534673,0.0601244760444688,separated,60,0.95,hmm-mixture/7/4/5/8
3.0,7,9,1000,constant-mc,0.0506000000000002,0.033770442140621526,0.06742955785937887,separated,60,0.95,hmm-mixture/7/4/5/9
3.0,7,10,1000,constant-mc,0.09913333333333618,0.08083838319878467,0.1174282834678877,separated,60,0.95,hmm-mixture/7/4/5/10
3.0,7,11,1000,constant-mc,0.05056666666666665,0.031703001744675774,0.06943033158865752,separated,60,0.95,hmm-mixture/7/4/5/11
3.0,7,12,1000,constant-mc,0.05103333333333282,0.03370177444329947,0.06836489222336617,separated,60,0.95,hmm-mixture/7/4/5/12
3.0,7,13,1000,constant-mc,0.04909999999999837,0.032717904854920654,0.06548209514507608,separated,60,0.95,hmm-mixture/7/4/5/13
3.0,7,14,1000,constant-mc,0.012133333333333773,-0.00497875764732747,0.029245424313995017,uncertain,60,0.95,hmm-mixture/7/4/5/14
3.0,7,15,1000,constant-mc,0.02796666666666514,0.009458492390368,0.04647484094296228,separated,60,0.95,hmm-mixture/7/4/5/15
3.0,7,16,1000,constant-mc,0.07949999999999768,0.06283278283325267,0.0961672171667427,separated,60,0.95,hmm-mixture/7/4/5/16
3.0,7,17,1000,constant-mc,0.06460000000000043,0.04644475454811303,0.08275524545188784,separated,60,0.95,hmm-mixture/7/4/5/17
3.0,7,18,1000,constant-mc,0.056999999999999496,0.037668387000987735,0.07633161299901126,separated,60,0.95,hmm-mixture/7/4/5/18
3.0,7,19,1000,constant-mc,0.06833333333333069,0.05087381706683303,0.08579284959982836,separated,60,0.95,hmm-mixture/7/4/5/19
3.0,7,20,1000,constant-mc,0.09166666666666767,0.07605428316779062,0.10727905016554473,separated,60,0.95,hmm-mixture/7/4/5/20
3.0,7,21,1000,constant-mc,0.04556666666666587,0.02653217433916577,0.06460115899416596,separated,60,0.95,hmm-mixture/7/4/5/21
3.0,7,22,1000,constant-mc,0.06989999999999874,0.05079634542390199,0.08816376838777984,separated,60,0.95,hmm-mixture/7/4/5/22
3.0,7,23,1000,constant-mc,0.03553333333333342,0.016906543935033547,0.05416012273163329,separated,60,0.95,hmm-mixture/7/4/5/23
3.0,7,24,1000,constant-mc,0.031266666666665444,0.013898917297391122,0.048634416035939765,separated,60,0.95,hmm-mixture/7/4/5/24
3.0,7,25,1000,constant-mc,0.04046666666666532,0.023694831003483685,0.05723850232984695,separated,60,0.95,hmm-mixture/7/4/5/25
3.0,7,26,1000,constant-mc,0.04553333333333143,0.026417983107084986,0.06464868355957787,separated,60,0.95,hmm-mixture/7/4/5/26
3.0,7,27,1000,constant-mc,0.04036666666666733,0.02452454681140992,0.056208786521924736,separated,60,0.95,hmm-mixture/7/4/5/27
3.0,7,28,1000,constant-mc,0.041133333333334576,0.02446913437692455,0.0577975322897446,separated,60,0.95,hmm-mixture/7/4/5/28
3.0,7,29,1000,constant-mc,0.07050000000000001,0.05259764212845397,0.08840235787154604,separated,60,0.95,hmm-mixture/7/4/5/29
3.0,8,0,1000,constant-mc,0.030133333333333567,0.012307888327040217,0.04795877833962692,separated,60,0.95,hmm-mixture/8/4/5/0
3.0,8,1,1000,constant-mc,0.04969999999999963,0.033598446721898156,0.06580155327810111,separated,60,0.95,hmm-mixture/8/4/5/1
3.0,8,2,1000,constant-mc,0.03939999999999877,0.020718248229323777,0.05808175177067376,separated,60,0.95,hmm-mixture/8/4/5/2
3.0,8,3,1000,constant-mc,0.021066666666666123,0.006126365778499121,0.036006967554833125,separated,60,0.95,hmm-mixture/8/4/5/3
3.0,8,4,1000,constant-mc,0.04063333333333219,0.024008417947210425,0.05725824871945395,separated,60,0.95,hmm-mixture/8/4/5/4
3.0,8,5,1000,constant-mc,0.08790000000000031,0.06938242950103479,0.10641757049896583,separated,60,0.95,hmm-mixture/8/4/5/5
3.0,8,6,1000,constant-mc,0.037566666666667636,0.01830929008100135,0.05682404325233392,separated,60,0.95,hmm-mixture/8/4/5/6
3.0,8,7,1000,constant-mc,0.025666666666667837,0.007098822429409957,0.04423451090392572,separated,60,0.95,hmm-mixture/8/4/5/7
3.0,8,8,1000,constant-mc,0.06976666666666631,0.04770942612694107,0.09182390720639155,separated,60,0.95,hmm-mixture/8/4/5/8
3.0,8,9,1000,constant-mc,0.09656666666666602,0.07742134520421207,0.11571198812911998,separated,60,0.95,hmm-mixture/8/4/5/9
3.0,8,10,1000,constant-mc,-0.007566666666665611,-0.025928974930844007,0.010795641597512784,uncertain,60,0.95,hmm-mixture/8/4/5/10
3.0,8,11,1000,constant-mc,0.007966666666666455,-0.00934689313265924,0.02528022646599215,uncertain,60,0.95,hmm-mixture/8/4/5/11
3.0,8,12,1000,constant-mc,0.07943333333333236,0.06073684580968841,0.0981298208569763,separated,60,0.95,hmm-mixture/8/4/5/12
3.0,8,13,1000,constant-mc,0.05956666666666788,0.04097513881091874,0.07815819452241701,separated,60,0.95,hmm-mixture/8/4/5/13
3.0,8,14,1000,constant-mc,0.02653333333333041,0.010618621435594555,0.04244804523106627,separated,60,0.95,hmm-mixture/8/4/5/14
3.0,8,15,1000,constant-mc,0.05706666666666571,0.039059602544693206,0.07507373078863822,separated,60,0.95,hmm-mixture/8/4/5/15
3.0,8,16,1000,constant-mc,0.07053333333333356,0.05163587333590858,0.0890639254836385,separated,60,0.95,hmm-mixture/8/4/5/16
3.0,8,17,1000,constant-mc,0.05609999999999804,0.03902386562678739,0.07298359740847005,separated,60,0.95,hmm-mixture/8/4/5/17
3.0,8,18,1000,constant-mc,0.05963333333333498,0.042163126091820935,0.07710354057484903,separated,60,0.95,hmm-mixture/8/4/5/18
3.0,8,19,1000,constant-mc,0.021433333333333415,0.0014509636188639874,0.04141570304780284,separated,60,0.95,hmm-mixture/8/4/5/19
3.0,8,20,1000,constant-mc,0.08436666666666426,0.06522424272699734,0.10350909060633118,separated,60,0.95,hmm-mixture/8/4/5/20
3.0,8,21,1000,constant-mc,0.03173333333333428,0.013652912672407425,0.049813753994261134,separated,60,0.95,hmm-mixture/8/4/5/21
3.0,8,22,1000,constant-mc,0.07499999999999751,0.05613167051872825,0.09306477614314179,separated,60,0.95,hmm-mixture/8/4/5/22
3.0,8,23,1000,constant-mc,0.05066666666666819,0.03205256047756677,0.06928077285576961,separated,60,0.95,hmm-mixture/8/4/5/23
3.0,8,24,1000,constant-mc,0.04113333333333191,0.022826435786257093,0.05944023088040673,separated,60,0.95,hmm-mixture/8/4/5/24
3.0,8,25,1000,constant-mc,0.02419999999999778,0.006990532450012132,0.041409467549983425,separated,60,0.95,hmm-mixture/8/4/5/25
3.0,8,26,1000,constant-mc,0.05373333333333363,0.03493009848733131,0.07224434839005678,separated,60,0.95,hmm-mixture/8/4/5/26
3.0,8,27,1000,constant-mc,0.07873333333333399,0.057444665821404506,0.10002200084526347,separated,60,0.95,hmm-mixture/8/4/5/27
3.0,8,28,1000,constant-mc,-0.0009999999999994458,-0.01959832131900363,0.01759832131900474,uncertain,60,0.95,hmm-mixture/8/4/5/28
3.0,8,29,1000,constant-mc,0.04409999999999936,0.024054505634198087,0.06414549436580064,separated,60,0.95,hmm-mixture/8/4/5/29
3.0,9,0,1000,constant-mc,0.035833333333333606,0.01751082833743922,0.05415583832922799,separated,60,0.95,hmm-mixture/9/4/5/0
3.0,9,1,1000,constant-mc,0.06176666666666719,0.04355618615526691,0.07997714717806748,separated,60,0.95,hmm-mixture/9/4/5/1
3.0,9,2,1000,constant-mc,0.030100000000000904,0.011040804163974016,0.04915919583602779,separated,60,0.95,hmm-mixture/9/4/5/2
3.0,9,3,1000,constant-mc,0.04893333333333416,0.03230516126026828,0.06556150540640004,separated,60,0.95,hmm-mixture/9/4/5/3
3.0,9,4,1000,constant-mc,0.072633333333334,0.054800451082464896,0.09046621558420309,separated,60,0.95,hmm-mixture/9/4/5/4
3.0,9,5,1000,constant-mc,0.02536666666666676,0.00832958473080847,0.04240374860252505,separated,60,0.95,hmm-mixture/9/4/5/5
3.0,9,6,1000,constant-mc,0.05596666666666472,0.03840746990834809,0.07352586342498135,separated,60,0.95,hmm-mixture/9/4/5/6
3.0,9,7,1000,constant-mc,0.040866666666665274,0.020050543283253397,0.06168279005007715,separated,60,0.95,hmm-mixture/9/4/5/7
3.0,9,8,1000,constant-mc,0.03743333333333165,0.01889335430146666,0.05597331236519665,separated,60,0.95,hmm-mixture/9/4/5/8
3.0,9,9,1000,constant-mc,0.04336666666666744,0.022528351986740525,0.06318838416575367,separated,60,0.95,hmm-mixture/9/4/5/9
3.0,9,10,1000,constant-mc,0.05109999999999815,0.030510541855060858,0.07168945814493544,separated,60,0.95,hmm-mixture/9/4/5/10
3.0,9,11,1000,constant-mc,0.03369999999999873,0.01731366062775397,0.050086339372243494,separated,60,0.95,hmm-mixture/9/4/5/11
3.0,9,12,1000,constant-mc,0.041033333333332145,0.02206173421887847,0.06000493244778582,separated,60,0.95,hmm-mixture/9/4/5/12
3.0,9,13,1000,constant-mc,0.04499999999999904,0.02705351444761117,0.06294648555238691,separated,60,0.95,hmm-mixture/9/4/5/13
3.0,9,14,1000,constant-mc,0.014466666666666406,-0.0057570191343101484,0.03469035246764296,uncertain,60,0.95,hmm-mixture/9/4/5/14
3.0,9,15,1000,constant-mc,0.014066666666665562,-0.0033548713989297596,0.03148820473226088,uncertain,60,0.95,hmm-mixture/9/4/5/15
3.0,9,16,1000,constant-mc,0.05909999999999904,0.040356378735761034,0.07784362126423705,separated,60,0.95,hmm-mixture/9/4/5/16
3.0,9,17,1000,constant-mc,0.05179999999999918,0.03423141744882052,0.06936858255117784,separated,60,0.95,hmm-mixture/9/4/5/17
3.0,9,18,1000,constant-mc,0.027766666666666495,0.005938110524422058,0.04959522280891093,separated,60,0.95,hmm-mixture/9/4/5/18
3.0,9,19,1000,constant-mc,0.03156666666666652,0.013262917286408715,0.049870416046924326,separated,60,0.95,hmm-mixture/9/4/5/19
3.0,9,20,1000,constant-mc,0.05609999999999982,0.03646880485540649,0.07573119514459314,separated,60,0.95,hmm-mixture/9/4/5/20
3.0,9,21,1000,constant-mc,0.0637666666666652,0.04394356378264952,0.08358976955068087,separated,60,0.95,hmm-mixture/9/4/5/21
3.0,9,22,1000,constant-mc,0.037833333333333385,0.020194283151226067,0.055472383515440704,separated,60,0.95,hmm-mixture/9/4/5/22
3.0,9,23,1000,constant-mc,0.020999999999999908,0.001686281519065247,0.04031371848093457,separated,60,0.95,hmm-mixture/9/4/5/23
3.0,9,24,1000,constant-mc,0.02716666666666523,0.00963992294008964,0.04469341039324082,separated,60,0.95,hmm-mixture/9/4/5/24
3.0,9,25,1000,constant-mc,0.060533333333332884,0.04025114015969322,0.08081552650697255,separated,60,0.95,hmm-mixture/9/4/5/25
3.0,9,26,1000,constant-mc,0.03989999999999938,0.0212430900724776,0.05855690992752116,separated,60,0.95,hmm-mixture/9/4/5/26
3.0,9,27,1000,constant-mc,0.030699999999999505,0.010200790544324434,0.05119920945567458,separated,60,0.95,hmm-mixture/9/4/5/27
3.0,9,28,1000,constant-mc,0.022366666666666646,0.0041455437672350826,0.04058778956609821,separated,60,0.95,hmm-mixture/9/4/5/28
3.0,9,29,1000,constant-mc,0.035599999999998744,0.017942626995132827,0.05325737300486466,separated,60,0.95,hmm-mixture/9/4/5/29
3.0,10,0,1000,constant-mc,0.05833333333333268,0.041282434974786675,0.07538423169187869,separated,60,0.95,hmm-mixture/10/4/5/0
3.0,10,1,1000,constant-mc,0.029166666666666785,0.009778237373933685,0.048555095959399885,separated,60,0.95,hmm-mixture/10/4/5/1
3.0,10,2,1000,constant-mc,0.028633333333331734,0.009021097222228214,0.048245569444435255,separated,60,0.95,hmm-mixture/10/4/5/2
3.0,10,3,1000,constant-mc,0.08199999999999896,0.062872795184437,0.10112720481556092,separated,60,0.95,hmm-mixture/10/4/5/3
3.0,10,4,1000,constant-mc,0.030033333333332024,0.008999447632289659,0.05106721903437439,separated,60,0.95,hmm-mixture/10/4/5/4
3.0,10,5,1000,constant-mc,0.04496666666666638,0.025034993303514774,0.06489834002981798,separated,60,0.95,hmm-mixture/10/4/5/5
3.0,10,6,1000,constant-mc,0.0326999999999984,0.012602731210047402,0.05279726878994939,separated,60,0.95,hmm-mixture/10/4/5/6
3.0,10,7,1000,constant-mc,0.06929999999999836,0.04899345786057907,0.08857354854993194,separated,60,0.95,hmm-mixture/10/4/5/7
3.0,10,8,1000,constant-mc,0.060399999999999565,0.04349046701706705,0.07730953298293208,separated,60,0.95,hmm-mixture/10/4/5/8
3.0,10,9,1000,constant-mc,0.025399999999999423,0.007305971916518494,0.04349402808348035,separated,60,0.95,hmm-mixture/10/4/5/9
3.0,10,10,1000,constant-mc,0.041499999999999204,0.02150650779703067,0.06128992751296192,separated,60,0.95,hmm-mixture/10/4/5/10
3.0,10,11,1000,constant-mc,0.05973333333333297,0.04083346583206193,0.07863320083460401,separated,60,0.95,hmm-mixture/10/4/5/11
3.0,10,12,1000,constant-mc,0.052633333333332644,0.035383511036169324,0.06975067658561951,separated,60,0.95,hmm-mixture/10/4/5/12
3.0,10,13,1000,constant-mc,0.02953333333333319,0.009473392399181435,0.049593274267484944,separated,60,0.95,hmm-mixture/10/4/5/13
3.0,10,14,1000,constant-mc,0.06643333333333423,0.043513269650162556,0.08918674750310185,separated,60,0.95,hmm-mixture/10/4/5/14
3.0,10,15,1000,constant-mc,0.07789999999999875,0.05735516276558705,0.09844483723441044,separated,60,0.95,hmm-mixture/10/4/5/15
3.0,10,16,1000,constant-mc,0.020366666666665978,0.000301582360832775,0.04043175097249918,separated,60,0.95,hmm-mixture/10/4/5/16
3.0,10,17,1000,constant-mc,0.04219999999999935,0.02317734487514489,0.06122265512485381,separated,60,0.95,hmm-mixture/10/4/5/17
3.0,10,18,1000,constant-mc,0.03446666666666598,0.015874925883932356,0.0530584074493996,separated,60,0.95,hmm-mixture/10/4/5/18
3.0,10,19,1000,constant-mc,0.04016666666666602,0.020123100568567587,0.06021023276476445,separated,60,0.95,hmm-mixture/10/4/5/19
3.0,10,20,1000,constant-mc,0.03446666666666509,0.016100291210838336,0.05283304212249185,separated,60,0.95,hmm-mixture/10/4/5/20
3.0,10,21,1000,constant-mc,0.059033333333333715,0.03977490317453558,0.07829176349213185,separated,60,0.95,hmm-mixture/10/4/5/21
3.0,10,22,1000,constant-mc,0.04036666666666644,0.02033223412972518,0.0604010992036077,separated,60,0.95,hmm-mixture/10/4/5/22
3.0,10,23,1000,constant-mc,0.07419999999999938,0.05297538119445999,0.09542461880553876,separated,60,0.95,hmm-mixture/10/4/5/23
3.0,10,24,1000,constant-mc,0.04143333333333388,0.022400173873055707,0.06046649279361205,separated,60,0.95,hmm-mixture/10/4/5/24
3.0,10,25,1000,constant-mc,0.07423333333333204,0.052271210201312535,0.09619545646535155,separated,60,0.95,hmm-mixture/10/4/5/25
3.0,10,26,1000,constant-mc,0.014600000000000612,-0.005114015253880666,0.03431401525388189,uncertain,60,0.95,hmm-mixture/10/4/5/26
3.0,10,27,1000,constant-mc,0.04556666666666498,0.02684996064435108,0.06428337268897888,separated,60,0.95,hmm-mixture/10/4/5/27
3.0,10,28,1000,constant-mc,0.0314333333333332,0.01154333462746937,0.051323332039197034,separated,60,0.95,hmm-mixture/10/4/5/28
3.0,10,29,1000,constant-mc,0.03000000000000025,0.009102831228933184,0.050897168771067314,separated,60,0.95,hmm-mixture/10/4/5/29
5.0,2,0,1000,constant-mc,0.11216666666666875,0.09843417441899671,0.12589915891434078,separated,60,0.95,hmm-mixture/2/4/5/0
5.0,2,1,1000,constant-mc,0.13883333333333336,0.12552713646742308,0.15213953019924364,separated,60,0.95,hmm-mixture/2/4/5/1
5.0,2,2,1000,constant-mc,0.08073333333333199,0.0659345915182028,0.09553207514846118,separated,60,0.95,hmm-mixture/2/4/5/2
5.0,2,3,1000,constant-mc,0.07236666666666558,0.05924719227364861,0.08548614105968255,separated,60,0.95,hmm-mixture/2/4/5/3
5.0,2,4,1000,constant-mc,0.09669999999999845,0.08399941276970502,0.10940058723029189,separated,60,0.95,hmm-mixture/2/4/5/4
5.0,2,5,1000,constant-mc,0.05753333333333366,0.045574781502979,0.06949188516368832,separated,60,0.95,hmm-mixture/2/4/5/5
5.0,2,6,1000,constant-mc,0.1612999999999989,0.1469161662791576,0.17568383372084018,separated,60,0.95,hmm-mixture/2/4/5/6
5.0,2,7,1000,constant-mc,0.07466666666666644,0.0614640481663109,0.08786928516702197,separated,60,0.95,hmm-mixture/2/4/5/7
5.0,2,8,1000,constant-mc,0.10559999999999903,0.09205858967653846,0.1191414103234596,separated,60,0.95,hmm-mixture/2/4/5/8
5.0,2,9,1000,constant-mc,0.07749999999999968,0.06467968933710466,0.0903203106628947,separated,60,0.95,hmm-mixture/2/4/5/9
5.0,2,10,1000,constant-mc,0.08366666666666589,0.07087901102231697,0.0964543223110148,separated,60,0.95,hmm-mixture/2/4/5/10
5.0,2,11,1000,constant-mc,0.05356666666666676,0.04131491515034469,0.06581841818298884,separated,60,0.95,hmm-mixture/2/4/5/11
5.0,2,12,1000,constant-mc,0.08616666666666628,0.07427627936132986,0.0980570539720027,separated,60,0.95,hmm-mixture/2/4/5/12
5.0,2,13,1000,constant-mc,0.10890000000000022,0.09587543661367093,0.12192456338632951,separated,60,0.95,hmm-mixture/2/4/5/13
5.0,2,14,1000,constant-mc,0.06803333333333317,0.05551702738993214,0.0805496392767342,separated,60,0.95,hmm-mixture/2/4/5/14
5.0,2,15,1000,constant-mc,0.09330000000000105,0.0797972048549811,0.106802795145021,separated,60,0.95,hmm-mixture/2/4/5/15
5.0,2,16,1000,constant-mc,0.06983333333333253,0.0575311579859461,0.08213550868071895,separated,60,0.95,hmm-mixture/2/4/5/16
5.0,2,17,1000,constant-mc,0.11936666666666529,0.10654300605816935,0.13219032727516122,separated,60,0.95,hmm-mixture/2/4/5/17
5.0,2,18,1000,constant-mc,0.08053333333333246,0.06761409607313418,0.09345257059353074,separated,60,0.95,hmm-mixture/2/4/5/18
5.0,2,19,1000,constant-mc,0.11016666666666719,0.0967547440536789,0.12357858927965548,separated,60,0.95,hmm-mixture/2/4/5/19
5.0,2,20,1000,constant-mc,0.056366666666666454,0.04349408583916592,0.06923924749416699,separated,60,0.95,hmm-mixture/2/4/5/20
5.0,2,21,1000,constant-mc,0.04826666666666668,0.035886839665007386,0.06028058810793269,separated,60,0.95,hmm-mixture/2/4/5/21
5.0,2,22,1000,constant-mc,0.06673333333333353,0.0533288752169474,0.08013779144971966,separated,60,0.95,hmm-mixture/2/4/5/22
5.0,2,23,1000,constant-mc,0.11189999999999944,0.09859330485273343,0.12520669514726546,separated,60,0.95,hmm-mixture/2/4/5/23
5.0,2,24,1000,constant-mc,0.0769666666666664,0.06342987318813886,0.09050346014519395,separated,60,0.95,hmm-mixture/2/4/5/24
5.0,2,25,1000,constant-mc,0.08306666666666818,0.0706790562763846,0.09545427705695175,separated,60,0.95,hmm-mixture/2/4/5/25
5.0,2,26,1000,constant-mc,0.04440000000000044,0.03165585949742855,0.05714414050257233,separated,60,0.95,hmm-mixture/2/4/5/26
5.0,2,27,1000,constant-mc,0.08516666666666417,0.07216759576635123,0.09816573756697711,separated,60,0.95,hmm-mixture/2/4/5/27
5.0,2,28,1000,constant-mc,0.0915666666666679,0.0770250951678193,0.10610823816551651,separated,60,0.95,hmm-mixture/2/4/5/28
5.0,2,29,1000,constant-mc,0.09016666666666762,0.07710335753349806,0.10322997579983717,separated,60,0.95,hmm-mixture/2/4/5/29
5.0,3,0,1000,constant-mc,0.060833333333332185,0.04728368958926854,0.07438297707739583,separated,60,0.95,hmm-mixture/3/4/5/0
5.0,3,1,1000,constant-mc,0.024700000000001054,0.011335438986202817,0.03806456101379929,separated,60,0.95,hmm-mixture/3/4/5/1
5.0,3,2,1000,constant-mc,0.03793333333333315,0.024960054155913625,0.05090661251075268,separated,60,0.95,hmm-mixture/3/4/5/2
5.0,3,3,1000,constant-mc,0.04266666666666641,0.02877706064584995,0.05655627268748287,separated,60,0.95,hmm-mixture/3/4/5/3
5.0,3,4,1000,constant-mc,0.03816666666666535,0.02412050079783956,0.05221283253549114,separated,60,0.95,hmm-mixture/3/4/5/4
5.0,3,5,1000,constant-mc,0.030766666666667497,0.017541152067223287,0.04399218126611171,separated,60,0.95,hmm-mixture/3/4/5/5
5.0,3,6,1000,constant-mc,0.08023333333333316,0.06577080217307962,0.09469586449358669,separated,60,0.95,hmm-mixture/3/4/5/6
5.0,3,7,1000,constant-mc,0.03449999999999953,0.022807893674837487,0.046192106325161575,separated,60,0.95,hmm-mixture/3/4/5/7
5.0,3,8,1000,constant-mc,0.10283333333333111,0.08872759172162148,0.11693907494504074,separated,60,0.95,hmm-mixture/3/4/5/8
5.0,3,9,1000,constant-mc,0.05473333333333308,0.040680064013161044,0.06878660265350511,separated,60,0.95,hmm-mixture/3/4/5/9
5.0,3,10,1000,constant-mc,0.07216666666666605,0.05895253741315365,0.08538079592017844,separated,60,0.95,hmm-mixture/3/4/5/10
5.0,3,11,1000,constant-mc,0.09870000000000001,0.0843827851943253,0.11301721480567473,separated,60,0.95,hmm-mixture/3/4/5/11
5.0,3,12,1000,constant-mc,0.07516666666666527,0.059798512394204195,0.09053482093912635,separated,60,0.95,hmm-mixture/3/4/5/12
5.0,3,13,1000,constant-mc,0.056533333333333324,0.04207939785743786,0.0707593555164463,separated,60,0.95,hmm-mixture/3/4/5/13
5.0,3,14,1000,constant-mc,0.10869999999999891,0.0934203584815716,0.12397964151842622,separated,60,0.95,hmm-mixture/3/4/5/14
5.0,3,15,1000,constant-mc,0.03810000000000091,0.022992748505830995,0.053207251494170826,separated,60,0.95,hmm-mixture/3/4/5/15
5.0,3,16,1000,constant-mc,0.0484,0.034361821493132716,0.06243817850686728,separated,60,0.95,hmm-mixture/3/4/5/16
5.0,3,17,1000,constant-mc,0.03760000000000119,0.02453309197002085,0.05066690802998153,separated,60,0.95,hmm-mixture/3/4/5/17
5.0,3,18,1000,constant-mc,0.04723333333333457,0.0338048221262337,0.06066184454043544,separated,60,0.95,hmm-mixture/3/4/5/18
5.0,3,19,1000,constant-mc,0.08566666666666656,0.07049550576888652,0.10083782756444659,separated,60,0.95,hmm-mixture/3/4/5/19
5.0,3,20,1000,constant-mc,0.058733333333333526,0.04522480512792093,0.07224186153874612,separated,60,0.95,hmm-mixture/3/4/5/20
5.0,3,21,1000,constant-mc,0.050633333333332864,0.03351414781011197,0.06729363383469611,separated,60,0.95,hmm-mixture/3/4/5/21
5.0,3,22,1000,constant-mc,0.05966666666666676,0.04702504017847087,0.07230829315486265,separated,60,0.95,hmm-mixture/3/4/5/22
5.0,3,23,1000,constant-mc,0.0616999999999992,0.04799738717412083,0.07530936446847214,separated,60,0.95,hmm-mixture/3/4/5/23
5.0,3,24,1000,constant-mc,0.05943333333333367,0.04346502794433693,0.07441521013607044,separated,60,0.95,hmm-mixture/3/4/5/24
5.0,3,25,1000,constant-mc,0.07376666666666587,0.05938008920973825,0.08815324412359349,separated,60,0.95,hmm-mixture/3/4/5/25
5.0,3,26,1000,constant-mc,0.08903333333333308,0.07420791747909394,0.1031735394872424,separated,60,0.95,hmm-mixture/3/4/5/26
5.0,3,27,1000,constant-mc,0.06329999999999814,0.04821292136729838,0.07838707863269789,separated,60,0.95,hmm-mixture/3/4/5/27
5.0,3,28,1000,constant-mc,0.036600000000000854,0.02218676404373543,0.0509846883784153,separated,60,0.95,hmm-mixture/3/4/5/28
5.0,3,29,1000,constant-mc,0.05543333333333322,0.0417308667269074,0.06913579993975905,separated,60,0.95,hmm-mixture/3/4/5/29
5.0,4,0,1000,constant-mc,0.038300000000000445,0.022895943632428306,0.053704056367572583,separated,60,0.95,hmm-mixture/4/4/5/0
5.0,4,1,1000,constant-mc,0.03156666666666652,0.015809183747249378,0.047324149586083664,separated,60,0.95,hmm-mixture/4/4/5/1
5.0,4,2,1000,constant-mc,0.050666666666666416,0.03494583784320682,0.06638749549012601,separated,60,0.95,hmm-mixture/4/4/5/2
5.0,4,3,1000,constant-mc,0.05223333333333269,0.036544581507376606,0.06792208515928877,separated,60,0.95,hmm-mixture/4/4/5/3
5.0,4,4,1000,constant-mc,0.049266666666666126,0.032694393173323455,0.0658389401600088,separated,60,0.95,hmm-mixture/4/4/5/4
5.0,4,5,1000,constant-mc,0.06260000000000066,0.04737335225418793,0.07756501259105697,separated,60,0.95,hmm-mixture/4/4/5/5
5.0,4,6,1000,constant-mc,0.06460000000000043,0.04856675225911822,0.08063324774088265,separated,60,0.95,hmm-mixture/4/4/5/6
5.0,4,7,1000,constant-mc,0.030433333333333756,0.0165179423406272,0.04434872432604031,separated,60,0.95,hmm-mixture/4/4/5/7
5.0,4,8,1000,constant-mc,0.04230000000000089,0.027557300293223896,0.05704269970677789,separated,60,0.95,hmm-mixture/4/4/5/8
5.0,4,9,1000,constant-mc,0.04986666666666473,0.034757265795884784,0.06497606753744467,separated,60,0.95,hmm-mixture/4/4/5/9
5.0,4,10,1000,constant-mc,0.0628666666666664,0.04756788310743154,0.07816545022590127,separated,60,0.95,hmm-mixture/4/4/5/10
5.0,4,11,1000,constant-mc,0.03399999999999892,0.01860914295469751,0.048613932691967676,separated,60,0.95,hmm-mixture/4/4/5/11
5.0,4,12,1000,constant-mc,0.0775666666666659,0.06146649548327687,0.09366683785005492,separated,60,0.95,hmm-mixture/4/4/5/12
5.0,4,13,1000,constant-mc,0.03323333333333256,0.017650227404491403,0.048816439262173716,separated,60,0.95,hmm-mixture/4/4/5/13
5.0,4,14,1000,constant-mc,0.017266666666666985,0.00265719098033923,0.03187614235299474,separated,60,0.95,hmm-mixture/4/4/5/14
5.0,4,15,1000,constant-mc,0.028100000000001124,0.01416891172386947,0.04203108827613278,separated,60,0.95,hmm-mixture/4/4/5/15
5.0,4,16,1000,constant-mc,0.03653333333333286,0.021714965899044536,0.05135170076762119,separated,60,0.95,hmm-mixture/4/4/5/16
5.0,4,17,1000,constant-mc,0.03256666666666597,0.015727346632920636,0.0494059867004113,separated,60,0.95,hmm-mixture/4/4/5/17
5.0,4,18,1000,constant-mc,0.042899999999999494,0.029064969957119047,0.05673503004287994,separated,60,0.95,hmm-mixture/4/4/5/18
5.0,4,19,1000,constant-mc,0.05429999999999957,0.039029892748520645,0.0695701072514785,separated,60,0.95,hmm-mixture/4/4/5/19
5.0,4,20,1000,constant-mc,0.03186666666666671,0.017741705116418593,0.045991628216914826,separated,60,0.95,hmm-mixture/4/4/5/20
5.0,4,21,1000,constant-mc,0.05296666666666727,0.0363374322076071,0.06959590112572744,separated,60,0.95,hmm-mixture/4/4/5/21
5.0,4,22,1000,constant-mc,0.06349999999999945,0.048392826557904556,0.07860717344209434,separated,60,0.95,hmm-mixture/4/4/5/22
5.0,4,23,1000,constant-mc,0.040366666666668216,0.024771994170036393,0.05596133916330004,separated,60,0.95,hmm-mixture/4/4/5/23
5.0,4,24,1000,constant-mc,0.04520000000000035,0.028635029495255537,0.06176408074540163,separated,60,0.95,hmm-mixture/4/4/5/24
5.0,4,25,1000,constant-mc,0.03673333333333417,0.02144255540041229,0.05202411126625606,separated,60,0.95,hmm-mixture/4/4/5/25
5.0,4,26,1000,constant-mc,0.06246666666666645,0.04781072131518549,0.07712261201814741,separated,60,0.95,hmm-mixture/4/4/5/26
5.0,4,27,1000,constant-mc,0.06016666666666648,0.044627946575499955,0.075705386757833,separated,60,0.95,hmm-mixture/4/4/5/27
5.0,4,28,1000,constant-mc,0.07420000000000027,0.058030713246719934,0.0895448110057071,separated,60,0.95,hmm-mixture/4/4/5/28
5.0,4,29,1000,constant-mc,0.04776666666666429,0.033099611754868086,0.0624337215784605,separated,60,0.95,hmm-mixture/4/4/5/29
5.0,5,0,1000,constant-mc,0.04053333333333331,0.025314236911907706,0.055752429754758914,separated,60,0.95,hmm-mixture/5/4/5/0
5.0,5,1,1000,constant-mc,0.053766666666666296,0.03858161988839104,0.06895171344494155,separated,60,0.95,hmm-mixture/5/4/5/1
5.0,5,2,1000,constant-mc,0.0560333333333336,0.04025382364807051,0.0718128430185967,separated,60,0.95,hmm-mixture/5/4/5/2
5.0,5,3,1000,constant-mc,0.06256666666666799,0.047594509326518875,0.07753882400681711,separated,60,0.95,hmm-mixture/5/4/5/3
5.0,5,4,1000,constant-mc,0.04753333333333298,0.03155325268015119,0.06351341398651478,separated,60,0.95,hmm-mixture/5/4/5/4
5.0,5,5,1000,constant-mc,0.025933333333333586,0.008797385728734675,0.0430692809379325,separated,60,0.95,hmm-mixture/5/4/5/5
5.0,5,6,1000,constant-mc,0.028866666666665708,0.014409170629652301,0.043324162703679114,separated,60,0.95,hmm-mixture/5/4/5/6
5.0,5,7,1000,constant-mc,0.03343333333333387,0.015943632142835895,0.050923034523831845,separated,60,0.95,hmm-mixture/5/4/5/7
5.0,5,8,1000,constant-mc,0.024366666666665537,0.008461155337148973,0.0402721779961821,separated,60,0.95,hmm-mixture/5/4/5/8
5.0,5,9,1000,constant-mc,0.04826666666666579,0.03201037306726384,0.06452296026606774,separated,60,0.95,hmm-mixture/5/4/5/9
5.0,5,10,1000,constant-mc,0.016100000000001558,0.0005480194976188457,0.03165198050238427,separated,60,0.95,hmm-mixture/5/4/5/10
5.0,5,11,1000,constant-mc,0.05923333333333236,0.04328767751205298,0.07463701475388973,separated,60,0.95,hmm-mixture/5/4/5/11
5.0,5,12,1000,constant-mc,0.019166666666667886,0.002142322307799205,0.03619101102553657,separated,60,0.95,hmm-mixture/5/4/5/12
5.0,5,13,1000,constant-mc,0.04826666666666668,0.03131552158427109,0.06521781174906227,separated,60,0.95,hmm-mixture/5/4/5/13
5.0,5,14,1000,constant-mc,0.0440666666666667,0.0263845576260211,0.0617487757073123,separated,60,0.95,hmm-mixture/5/4/5/14
5.0,5,15,1000,constant-mc,0.051133333333333475,0.034637565267328085,0.06762910139933886,separated,60,0.95,hmm-mixture/5/4/5/15
5.0,5,16,1000,constant-mc,0.056199999999999584,0.04114945068588849,0.07125054931411068,separated,60,0.95,hmm-mixture/5/4/5/16
5.0,5,17,1000,constant-mc,0.027866666666665374,0.012468986664937454,0.043264346668393294,separated,60,0.95,hmm-mixture/5/4/5/17
5.0,5,18,1000,constant-mc,0.033566666666664524,0.017658240739330644,0.049475092593998404,separated,60,0.95,hmm-mixture/5/4/5/18
5.0,5,19,1000,constant-mc,0.036766666666666836,0.02241238007060442,0.05112095326272925,separated,60,0.95,hmm-mixture/5/4/5/19
5.0,5,20,1000,constant-mc,0.021433333333334303,0.003637803997545319,0.037298521341569746,separated,60,0.95,hmm-mixture/5/4/5/20
5.0,5,21,1000,constant-mc,0.043066666666666364,0.02575922397715491,0.06037410935617782,separated,60,0.95,hmm-mixture/5/4/5/21
5.0,5,22,1000,constant-mc,0.030000000000001137,0.014127927112675742,0.04587207288732653,separated,60,0.95,hmm-mixture/5/4/5/22
5.0,5,23,1000,constant-mc,0.028633333333332622,0.012686726361353706,0.04457994030531154,separated,60,0.95,hmm-mixture/5/4/5/23
5.0,5,24,1000,constant-mc,0.0454666666666661,0.03107661391699068,0.05985671941634152,separated,60,0.95,hmm-mixture/5/4/5/24
5.0,5,25,1000,constant-mc,0.022366666666666646,0.006401253465100787,0.038332079868232505,separated,60,0.95,hmm-mixture/5/4/5/25
5.0,5,26,1000,constant-mc,0.04263333333333463,0.026423695402681524,0.05884297126398774,separated,60,0.95,hmm-mixture/5/4/5/26
5.0,5,27,1000,constant-mc,0.0365666666666673,0.022449367438202472,0.05068396589513213,separated,60,0.95,hmm-mixture/5/4/5/27
5.0,5,28,1000,constant-mc,0.032900000000001484,0.01722366757676319,0.048576332423239776,separated,60,0.95,hmm-mixture/5/4/5/28
5.0,5,29,1000,constant-mc,0.06096666666666817,0.043481650610774025,0.07845168272256231,separated,60,0.95,hmm-mixture/5/4/5/29
5.0,6,0,1000,constant-mc,0.021866666666666923,0.004988517321777408,0.03874481601155644,separated,60,0.95,hmm-mixture/6/4/5/0
5.0,6,1,1000,constant-mc,0.01290000000000191,-0.004248336516910811,0.03004833651691463,uncertain,60,0.95,hmm-mixture/6/4/5/1
5.0,6,2,1000,constant-mc,0.019333333333332092,0.0023623841358464404,0.036304282530817744,separated,60,0.95,hmm-mixture/6/4/5/2
5.0,6,3,1000,constant-mc,0.021733333333333604,0.0057024059868968635,0.037764260679770345,separated,60,0.95,hmm-mixture/6/4/5/3
5.0,6,4,1000,constant-mc,0.04096666666666504,0.025561059466401304,0.05637227386692878,separated,60,0.95,hmm-mixture/6/4/5/4
5.0,6,5,1000,constant-mc,0.04740000000000055,0.02992155546601971,0.0640786631683774,separated,60,0.95,hmm-mixture/6/4/5/5
5.0,6,6,1000,constant-mc,0.028100000000000236,0.01211503827770688,0.04359245442599757,separated,60,0.95,hmm-mixture/6/4/5/6
5.0,6,7,1000,constant-mc,0.032866666666667044,0.014746889028443455,0.05098644430489063,separated,60,0.95,hmm-mixture/6/4/5/7
5.0,6,8,1000,constant-mc,0.028966666666666363,0.012132840742429707,0.04512096097004914,separated,60,0.95,hmm-mixture/6/4/5/8
5.0,6,9,1000,constant-mc,0.02743333333333453,0.010381108808608097,0.044485557858060965,separated,60,0.95,hmm-mixture/6/4/5/9
5.0,6,10,1000,constant-mc,0.02799999999999958,0.011017431064104244,0.04498256893589492,separated,60,0.95,hmm-mixture/6/4/5/10
5.0,6,11,1000,constant-mc,0.05386666666666606,0.03679585666656848,0.07093747666676364,separated,60,0.95,hmm-mixture/6/4/5/11
5.0,6,12,1000,constant-mc,0.028833333333333044,0.010535213237750085,0.047131453428916004,separated,60,0.95,hmm-mixture/6/4/5/12
5.0,6,13,1000,constant-mc,0.015799999999999592,-0.0015423918094201738,0.03314239180941936,uncertain,60,0.95,hmm-mixture/6/4/5/13
5.0,6,14,1000,constant-mc,0.05913333333333437,0.04313784764595141,0.07512881902071733,separated,60,0.95,hmm-mixture/6/4/5/14
5.0,6,15,1000,constant-mc,0.014133333333332665,-0.001827534976103884,0.030094201642769214,uncertain,60,0.95,hmm-mixture/6/4/5/15
5.0,6,16,1000,constant-mc,0.0506000000000002,0.03268825753550342,0.06851174246449698,separated,60,0.95,hmm-mixture/6/4/5/16
5.0,6,17,1000,constant-mc,0.017966666666666242,-0.002051978634042939,0.037985311967375424,uncertain,60,0.95,hmm-mixture/6/4/5/17
5.0,6,18,1000,constant-mc,0.03436666666666799,0.018071609940315092,0.050661723393020885,separated,60,0.95,hmm-mixture/6/4/5/18
5.0,6,19,1000,constant-mc,0.04260000000000019,0.025010710959247007,0.05899586257386691,separated,60,0.95,hmm-mixture/6/4/5/19
5.0,6,20,1000,constant-mc,0.034433333333333316,0.018408762650554245,0.05045790401611239,separated,60,0.95,hmm-mixture/6/4/5/20
5.0,6,21,1000,constant-mc,0.041900000000001825,0.02461848492555596,0.05788129936710806,separated,60,0.95,hmm-mixture/6/4/5/21
5.0,6,22,1000,constant-mc,0.05296666666666727,0.036474842927166407,0.06945849040616814,separated,60,0.95,hmm-mixture/6/4/5/22
5.0,6,23,1000,constant-mc,0.007533333333333836,-0.010681444590930234,0.025748111257597905,uncertain,60,0.95,hmm-mixture/6/4/5/23
5.0,6,24,1000,constant-mc,0.0400999999999998,0.02338946894931304,0.056810531050686564,separated,60,0.95,hmm-mixture/6/4/5/24
5.0,6,25,1000,constant-mc,0.034233333333332006,0.018583400503861647,0.049883266162802364,separated,60,0.95,hmm-mixture/6/4/5/25
5.0,6,26,1000,constant-mc,0.043900000000000716,0.027100180108143412,0.06069981989185802,separated,60,0.95,hmm-mixture/6/4/5/26
5.0,6,27,1000,constant-mc,0.02663333333333462,0.010530373816475702,0.042736292850193536,separated,60,0.95,hmm-mixture/6/4/5/27
5.0,6,28,1000,constant-mc,0.014166666666666217,-0.0034440518384739605,0.03165603177108789,uncertain,60,0.95,hmm-mixture/6/4/5/28
5.0,6,29,1000,constant-mc,0.026900000000000368,0.009906369061212672,0.043893630938788064,separated,60,0.95,hmm-mixture/6/4/5/29
5.0,7,0,1000,constant-mc,0.027999999999998693,0.011805675571295637,0.04419432442870175,separated,60,0.95,hmm-mixture/7/4/5/0
5.0,7,1,1000,constant-mc,0.02786666666666715,0.011146881245870155,0.044586452087464146,separated,60,0.95,hmm-mixture/7/4/5/1
5.0,7,2,1000,constant-mc,0.031299999999998995,0.01152742764725545,0.05107257235274254,separated,60,0.95,hmm-mixture/7/4/5/2
5.0,7,3,1000,constant-mc,0.032233333333332226,0.015538735015697469,0.04892793165096698,separated,60,0.95,hmm-mixture/7/4/5/3
5.0,7,4,1000,constant-mc,0.012233333333334429,-0.005705692949139696,0.030145976273888486,uncertain,60,0.95,hmm-mixture/7/4/5/4
5.0,7,5,1000,constant-mc,0.03713333333333324,0.0204435523937061,0.05382311427296038,separated,60,0.95,hmm-mixture/7/4/5/5
5.0,7,6,1000,constant-mc,0.03370000000000051,0.015664892743560088,0.051735107256440926,separated,60,0.95,hmm-mixture/7/4/5/6
5.0,7,7,1000,constant-mc,0.02493333333333414,0.009855677842618427,0.04001098882404985,separated,60,0.95,hmm-mixture/7/4/5/7
5.0,7,8,1000,constant-mc,0.025566666666665405,0.009247463213786666,0.041885870119544144,separated,60,0.95,hmm-mixture/7/4/5/8
5.0,7,9,1000,constant-mc,0.019733333333332048,0.0022200619581980163,0.03724660470846608,separated,60,0.95,hmm-mixture/7/4/5/9
5.0,7,10,1000,constant-mc,0.03909999999999947,0.024058846232876796,0.05414115376712214,separated,60,0.95,hmm-mixture/7/4/5/10
5.0,7,11,1000,constant-mc,0.041799999999998505,0.02483722536473376,0.05876277463526325,separated,60,0.95,hmm-mixture/7/4/5/11
5.0,7,12,1000,constant-mc,0.039866666666667605,0.023326526538585135,0.056406806794750075,separated,60,0.95,hmm-mixture/7/4/5/12
5.0,7,13,1000,constant-mc,0.0414333333333321,0.0250827039466488,0.05645492356003601,separated,60,0.95,hmm-mixture/7/4/5/13
5.0,7,14,1000,constant-mc,0.007866666666667577,-0.009202585110431372,0.024935918443766525,uncertain,60,0.95,hmm-mixture/7/4/5/14
5.0,7,15,1000,constant-mc,0.029633333333332956,0.01252441224258316,0.04674225442408275,separated,60,0.95,hmm-mixture/7/4/5/15
5.0,7,16,1000,constant-mc,0.04430000000000067,0.026759421878832512,0.061012586702409166,separated,60,0.95,hmm-mixture/7/4/5/16
5.0,7,17,1000,constant-mc,0.026066666666666904,0.009316839409768463,0.042816493923565346,separated,60,0.95,hmm-mixture/7/4/5/17
5.0,7,18,1000,constant-mc,0.014299999999999535,-0.0005153881516832826,0.029115388151682353,uncertain,60,0.95,hmm-mixture/7/4/5/18
5.0,7,19,1000,constant-mc,0.042333333333333556,0.0253287870866874,0.05933787957997971,separated,60,0.95,hmm-mixture/7/4/5/19
5.0,7,20,1000,constant-mc,0.03466666666666551,0.015235372219024157,0.05409796111430687,separated,60,0.95,hmm-mixture/7/4/5/20
5.0,7,21,1000,constant-mc,0.060866666666666625,0.04316027583471804,0.0785730574986152,separated,60,0.95,hmm-mixture/7/4/5/21
5.0,7,22,1000,constant-mc,0.043533333333333424,0.02677488683603091,0.059148156075269576,separated,60,0.95,hmm-mixture/7/4/5/22
5.0,7,23,1000,constant-mc,0.037200000000000344,0.01853009274484485,0.055318281315224205,separated,60,0.95,hmm-mixture/7/4/5/23
5.0,7,24,1000,constant-mc,0.01746666666666652,-0.0020582137048350546,0.03699154703816809,uncertain,60,0.95,hmm-mixture/7/4/5/24
5.0,7,25,1000,constant-mc,0.002233333333331089,-0.015092699262344134,0.01955936592900631,uncertain,60,0.95,hmm-mixture/7/4/5/25
5.0,7,26,1000,constant-mc,0.008233333333333981,-0.00791412191781582,0.02438078858448378,uncertain,60,0.95,hmm-mixture/7/4/5/26
5.0,7,27,1000,constant-mc,0.027366666666667427,0.010997442188457995,0.04316684765216294,separated,60,0.95,hmm-mixture/7/4/5/27
5.0,7,28,1000,constant-mc,0.02473333333333194,0.007369135406817939,0.042097531259845944,separated,60,0.95,hmm-mixture/7/4/5/28
5.0,7,29,1000,constant-mc,0.032066666666666244,0.015820167752376157,0.04831316558095633,separated,60,0.95,hmm-mixture/7/4/5/29
5.0,8,0,1000,constant-mc,0.0016666666666678154,-0.018712120950470812,0.022045454283806443,uncertain,60,0.95,hmm-mixture/8/4/5/0
5.0,8,1,1000,constant-mc,0.020800000000000374,0.0032075969695881668,0.03793599618711774,separated,60,0.95,hmm-mixture/8/4/5/1
5.0,8,2,1000,constant-mc,0.011433333333334517,-0.007221210998262784,0.030087877664931817,uncertain,60,0.95,hmm-mixture/8/4/5/2
5.0,8,3,1000,constant-mc,0.016199999999999548,-0.0008393080780448869,0.03323930807804398,uncertain,60,0.95,hmm-mixture/8/4/5/3
5.0,8,4,1000,constant-mc,0.013533333333332287,-0.00412606858988962,0.031192735256554194,uncertain,60,0.95,hmm-mixture/8/4/5/4
5.0,8,5,1000,constant-mc,0.03646666666666665,0.017605489724435763,0.05480151063514782,separated,60,0.95,hmm-mixture/8/4/5/5
5.0,8,6,1000,constant-mc,0.013599999999998502,-0.0038272115757731484,0.031027211575770153,uncertain,60,0.95,hmm-mixture/8/4/5/6
5.0,8,7,1000,constant-mc,0.025333333333333208,0.009304013242546816,0.0413626534241196,separated,60,0.95,hmm-mixture/8/4/5/7
5.0,8,8,1000,constant-mc,0.016833333333330813,0.0009463126454436477,0.03272035402121798,separated,60,0.95,hmm-mixture/8/4/5/8
5.0,8,9,1000,constant-mc,0.029799999999999827,0.011788407586514005,0.04781159241348565,separated,60,0.95,hmm-mixture/8/4/5/9
5.0,8,10,1000,constant-mc,-0.011033333333331008,-0.027939049054242382,0.005872382387580366,uncertain,60,0.95,hmm-mixture/8/4/5/10
5.0,8,11,1000,constant-mc,0.0008333333333325754,-0.01698693101972637,0.01865359768639152,uncertain,60,0.95,hmm-mixture/8/4/5/11
5.0,8,12,1000,constant-mc,0.019099999999999895,0.0024329244721013055,0.035767075527898484,separated,60,0.95,hmm-mixture/8/4/5/12
5.0,8,13,1000,constant-mc,0.02706666666666724,0.00971367064368156,0.04441966268965292,separated,60,0.95,hmm-mixture/8/4/5/13
5.0,8,14,1000,constant-mc,0.051399999999998336,0.0328722343311334,0.06757818360863066,separated,60,0.95,hmm-mixture/8/4/5/14
5.0,8,15,1000,constant-mc,0.02396666666666558,0.006534530826489693,0.04139880250684147,separated,60,0.95,hmm-mixture/8/4/5/15
5.0,8,16,1000,constant-mc,0.047266666666667234,0.03030663756505536,0.06422669576827911,separated,60,0.95,hmm-mixture/8/4/5/16
5.0,8,17,1000,constant-mc,0.025633333333334285,0.006177552549684329,0.04508911411698424,separated,60,0.95,hmm-mixture/8/4/5/17
5.0,8,18,1000,constant-mc,0.04846666666666799,0.030586106970067917,0.06634722636326806,separated,60,0.95,hmm-mixture/8/4/5/18
5.0,8,19,1000,constant-mc,0.030833333333333712,0.013265437974351535,0.04840122869231589,separated,60,0.95,hmm-mixture/8/4/5/19
5.0,8,20,1000,constant-mc,0.05136666666666656,0.03466605395000322,0.0680672793833299,separated,60,0.95,hmm-mixture/8/4/5/20
5.0,8,21,1000,constant-mc,0.02710000000000168,0.010041165360159532,0.044158834639843825,separated,60,0.95,hmm-mixture/8/4/5/21
5.0,8,22,1000,constant-mc,0.016033333333333566,-0.001942710197373465,0.0340093768640406,uncertain,60,0.95,hmm-mixture/8/4/5/22
5.0,8,23,1000,constant-mc,0.03266666666666662,0.015312352859137235,0.05002098047419601,separated,60,0.95,hmm-mixture/8/4/5/23
5.0,8,24,1000,constant-mc,0.028900000000000148,0.011101012420672518,0.04669898757932778,separated,60,0.95,hmm-mixture/8/4/5/24
5.0,8,25,1000,constant-mc,0.026799999999999713,0.008394451208686426,0.045205548791313,separated,60,0.95,hmm-mixture/8/4/5/25
5.0,8,26,1000,constant-mc,0.023599999999999177,0.005857054811217566,0.04116521929257111,separated,60,0.95,hmm-mixture/8/4/5/26
5.0,8,27,1000,constant-mc,0.05313333333333414,0.03476293435914979,0.07126723112741651,separated,60,0.95,hmm-mixture/8/4/5/27
5.0,8,28,1000,constant-mc,0.028333333333332433,0.011274849253121388,0.04539181741354348,separated,60,0.95,hmm-mixture/8/4/5/28
5.0,8,29,1000,constant-mc,0.02293333333333525,0.004926688506720289,0.04093997815995021,separated,60,0.95,hmm-mixture/8/4/5/29
5.0,9,0,1000,constant-mc,0.017433333333333856,0.0009420961833175312,0.03392457048335018,separated,60,0.95,hmm-mixture/9/4/5/0
5.0,9,1,1000,constant-mc,0.012966666666666349,-0.004854518223124771,0.03034589334611315,uncertain,60,0.95,hmm-mixture/9/4/5/1
5.0,9,2,1000,constant-mc,0.015900000000000247,-0.0025112046467983262,0.03431120464679882,uncertain,60,0.95,hmm-mixture/9/4/5/2
5.0,9,3,1000,constant-mc,0.017866666666667363,0.0013462468943643557,0.03438708643897037,separated,60,0.95,hmm-mixture/9/4/5/3
5.0,9,4,1000,constant-mc,0.03226666666666844,0.013635403489624665,0.05089792984371222,separated,60,0.95,hmm-mixture/9/4/5/4
5.0,9,5,1000,constant-mc,0.015566666666666507,-0.0005297181709593701,0.03166305150429238,uncertain,60,0.95,hmm-mixture/9/4/5/5
5.0,9,6,1000,constant-mc,0.029033333333332578,0.012730524631109574,0.045233331517081865,separated,60,0.95,hmm-mixture/9/4/5/6
5.0,9,7,1000,constant-mc,0.02596666666666625,0.009669960365302543,0.042263372968029955,separated,60,0.95,hmm-mixture/9/4/5/7
5.0,9,8,1000,constant-mc,0.023833333333332263,0.0067721736828314505,0.040376395243980845,separated,60,0.95,hmm-mixture/9/4/5/8
5.0,9,9,1000,constant-mc,0.014099999999999113,-0.004814731833639563,0.03301473183363779,uncertain,60,0.95,hmm-mixture/9/4/5/9
5.0,9,10,1000,constant-mc,0.029466666666666974,0.010860705291555028,0.04580135865102353,separated,60,0.95,hmm-mixture/9/4/5/10
5.0,9,11,1000,constant-mc,0.03236666666666643,0.01544232853698091,0.04909011201293012,separated,60,0.95,hmm-mixture/9/4/5/11
5.0,9,12,1000,constant-mc,0.021733333333332716,0.0047954336381605955,0.03867123302850484,separated,60,0.95,hmm-mixture/9/4/5/12
5.0,9,13,1000,constant-mc,0.019733333333332936,0.004511544493396968,0.034955122173268904,separated,60,0.95,hmm-mixture/9/4/5/13
5.0,9,14,1000,constant-mc,0.033033333333333026,0.014485191963856892,0.05138220352603273,separated,60,0.95,hmm-mixture/9/4/5/14
5.0,9,15,1000,constant-mc,0.03213333333333512,0.013160743868010805,0.049338000517624714,separated,60,0.95,hmm-mixture/9/4/5/15
5.0,9,16,1000,constant-mc,0.007833333333333137,-0.00849198106705451,0.024158647733720784,uncertain,60,0.95,hmm-mixture/9/4/5/16
5.0,9,17,1000,constant-mc,0.031000000000000583,0.013794387322961121,0.048205612677040044,separated,60,0.95,hmm-mixture/9/4/5/17
5.0,9,18,1000,constant-mc,0.02459999999999951,0.006704577841667891,0.04249542215833113,separated,60,0.95,hmm-mixture/9/4/5/18
5.0,9,19,1000,constant-mc,0.031166666666665677,0.01166890611790361,0.05031416784011444,separated,60,0.95,hmm-mixture/9/4/5/19
5.0,9,20,1000,constant-mc,0.017599999999999838,-0.001349664528496497,0.03654966452849617,uncertain,60,0.95,hmm-mixture/9/4/5/20
5.0,9,21,1000,constant-mc,0.04989999999999917,0.03270342472914578,0.06709657527085255,separated,60,0.95,hmm-mixture/9/4/5/21
5.0,9,22,1000,constant-mc,0.0013333333333331865,-0.013939909861223398,0.01660657652788977,uncertain,60,0.95,hmm-mixture/9/4/5/22
5.0,9,23,1000,constant-mc,-0.003466666666667173,-0.019738542803701797,0.012805209470367451,uncertain,60,0.95,hmm-mixture/9/4/5/23
5.0,9,24,1000,constant-mc,0.013566666666665839,-0.00502037765461516,0.03215371098794684,uncertain,60,0.95,hmm-mixture/9/4/5/24
5.0,9,25,1000,constant-mc,0.01559999999999917,-0.003231812696224523,0.03316414086953312,uncertain,60,0.95,hmm-mixture/9/4/5/25
5.0,9,26,1000,constant-mc,0.019499999999998074,0.00249441320659205,0.0365055867934041,separated,60,0.95,hmm-mixture/9/4/5/26
5.0,9,27,1000,constant-mc,0.019600000000000506,0.0013210889972476991,0.03787891100275331,separated,60,0.95,hmm-mixture/9/4/5/27
5.0,9,28,1000,constant-mc,0.028066666666665796,0.011425964658106302,0.04470736867522529,separated,60,0.95,hmm-mixture/9/4/5/28
5.0,9,29,1000,constant-mc,0.028066666666665796,0.009670594388673237,0.046462738944658355,separated,60,0.95,hmm-mixture/9/4/5/29
5.0,10,0,1000,constant-mc,0.021933333333331362,0.0042410174193934225,0.0396256492472693,separated,60,0.95,hmm-mixture/10/4/5/0
5.0,10,1,1000,constant-mc,0.00993333333333446,-0.006548872410848894,0.026415539077517813,uncertain,60,0.95,hmm-mixture/10/4/5/1
5.0,10,2,1000,constant-mc,0.027466666666666306,0.010279075304459262,0.04465425802887335,separated,60,0.95,hmm-mixture/10/4/5/2
5.0,10,3,1000,constant-mc,0.052400000000001334,0.03449395569993019,0.07030604430007248,separated,60,0.95,hmm-mixture/10/4/5/3
5.0,10,4,1000,constant-mc,0.01363333333333383,-0.005346680792908565,0.032263893846669056,uncertain,60,0.95,hmm-mixture/10/4/5/4
5.0,10,5,1000,constant-mc,0.034000000000000696,0.01580689779725475,0.052193102202746644,separated,60,0.95,hmm-mixture/10/4/5/5
5.0,10,6,1000,constant-mc,0.02210000000000001,0.0032335183082654595,0.04096648169173456,separated,60,0.95,hmm-mixture/10/4/5/6
5.0,10,7,1000,constant-mc,0.030099999999999127,0.008134692253103815,0.049183384769198035,separated,60,0.95,hmm-mixture/10/4/5/7
5.0,10,8,1000,constant-mc,0.018366666666667975,0.002340162296968984,0.0342354347705367,separated,60,0.95,hmm-mixture/10/4/5/8
5.0,10,9,1000,constant-mc,0.016733333333332823,-0.0008902879718073464,0.03417564515803573,uncertain,60,0.95,hmm-mixture/10/4/5/9
5.0,10,10,1000,constant-mc,0.028099999999999348,0.008380524688820223,0.04781947531117847,separated,60,0.95,hmm-mixture/10/4/5/10
5.0,10,11,1000,constant-mc,0.02579999999999938,0.008041333637296866,0.04355866636270189,separated,60,0.95,hmm-mixture/10/4/5/11
5.0,10,12,1000,constant-mc,0.013600000000002055,-0.004945708120586367,0.03214570812059048,uncertain,60,0.95,hmm-mixture/10/4/5/12
5.0,10,13,1000,constant-mc,0.023033333333334127,0.0047138087933555894,0.041352857873312665,separated,60,0.95,hmm-mixture/10/4/5/13
5.0,10,14,1000,constant-mc,0.028366666666666873,0.007938444786121934,0.04772106112271057,separated,60,0.95,hmm-mixture/10/4/5/14
5.0,10,15,1000,constant-mc,0.006666666666667709,-0.009872588277788807,0.023205921611124225,uncertain,60,0.95,hmm-mixture/10/4/5/15
5.0,10,16,1000,constant-mc,0.009033333333334781,-0.009242963178136776,0.027309629844806338,uncertain,60,0.95,hmm-mixture/10/4/5/16
5.0,10,17,1000,constant-mc,0.022066666666666457,0.0032472521838284862,0.04018679758910615,separated,60,0.95,hmm-mixture/10/4/5/17
5.0,10,18,1000,constant-mc,0.0373666666666681,0.01991487764495048,0.054818455688385725,separated,60,0.95,hmm-mixture/10/4/5/18
5.0,10,19,1000,constant-mc,0.01083333333333325,-0.0076986428665763995,0.0293653095332429,uncertain,60,0.95,hmm-mixture/10/4/5/19
5.0,10,20,1000,constant-mc,0.024033333333333573,0.006134209455902706,0.04193245721076444,separated,60,0.95,hmm-mixture/10/4/5/20
5.0,10,21,1000,constant-mc,0.01853333333333218,-0.0006624258609706501,0.03772909252763501,uncertain,60,0.95,hmm-mixture/10/4/5/21
5.0,10,22,1000,constant-mc,0.026299999999998214,0.006807337838757199,0.04551582151492095,separated,60,0.95,hmm-mixture/10/4/5/22
5.0,10,23,1000,constant-mc,0.02583333333333293,0.008604339187393784,0.04306232747927208,separated,60,0.95,hmm-mixture/10/4/5/23
5.0,10,24,1000,constant-mc,0.03053333333333441,0.010626986482585643,0.04922343977544763,separated,60,0.95,hmm-mixture/10/4/5/24
5.0,10,25,1000,constant-mc,0.027333333333333876,0.008949508427720687,0.045717158238947064,separated,60,0.95,hmm-mixture/10/4/5/25
5.0,10,26,1000,constant-mc,0.008566666666667722,-0.01046343844637132,0.027596771779706764,uncertain,60,0.95,hmm-mixture/10/4/5/26
5.0,10,27,1000,constant-mc,0.012733333333333263,-0.004765949096784183,0.03023261576345071,uncertain,60,0.95,hmm-mixture/10/4/5/27
5.0,10,28,1000,constant-mc,0.023933333333332918,0.005543291274358708,0.04064296576177462,separated,60,0.95,hmm-mixture/10/4/5/28
5.0,10,29,1000,constant-mc,-0.004999999999999893,-0.02276875320758709,0.012768753207587302,uncertain,60,0.95,hmm-mixture/10/4/5/29
10.0,2,0,1000,constant-mc,0.05446666666666644,0.04381035863078431,0.06512297470254858,separated,60,0.95,hmm-mixture/2/4/5/0
10.0,2,1,1000,constant-mc,0.0729333333333333,0.060097694041289174,0.08576897262537742,separated,60,0.95,hmm-mixture/2/4/5/1
10.0,2,2,1000,constant-mc,0.03466666666666818,0.02258291902904297,0.046750414304293386,separated,60,0.95,hmm-mixture/2/4/5/2
10.0,2,3,1000,constant-mc,0.034433333333333316,0.02285085760334038,0.04601580906332625,separated,60,0.95,hmm-mixture/2/4/5/3
10.0,2,4,1000,constant-mc,0.04819999999999869,0.036074132217814636,0.06032586778218274,separated,60,0.95,hmm-mixture/2/4/5/4
10.0,2,5,1000,constant-mc,0.038599999999999746,0.02620442259479816,0.05099557740520133,separated,60,0.95,hmm-mixture/2/4/5/5
10.0,2,6,1000,constant-mc,0.0497333333333323,0.03746962622850969,0.061997040438154905,separated,60,0.95,hmm-mixture/2/4/5/6
10.0,2,7,1000,constant-mc,0.03936666666666788,0.0274701911529025,0.05126314218043326,separated,60,0.95,hmm-mixture/2/4/5/7
10.0,2,8,1000,constant-mc,0.06603333333333428,0.05391029067083242,0.07815637599583614,separated,60,0.95,hmm-mixture/2/4/5/8
10.0,2,9,1000,constant-mc,0.03416666666666757,0.021822240659253644,0.04651109267408149,separated,60,0.95,hmm-mixture/2/4/5/9
10.0,2,10,1000,constant-mc,0.03896666666666615,0.02838782704952081,0.04954550628381149,separated,60,0.95,hmm-mixture/2/4/5/10
10.0,2,11,1000,constant-mc,0.027300000000000324,0.015935518585140862,0.038664481414859786,separated,60,0.95,hmm-mixture/2/4/5/11
10.0,2,12,1000,constant-mc,0.043266666666667675,0.03097529561796275,0.0555580377153726,separated,60,0.95,hmm-mixture/2/4/5/12
10.0,2,13,1000,constant-mc,0.05646666666666622,0.04185483685154345,0.07107849648178899,separated,60,0.95,hmm-mixture/2/4/5/13
10.0,2,14,1000,constant-mc,0.02936666666666632,0.01530717320093089,0.04342616013240175,separated,60,0.95,hmm-mixture/2/4/5/14
10.0,2,15,1000,constant-mc,0.0459666666666676,0.03526307338802326,0.05667025994531194,separated,60,0.95,hmm-mixture/2/4/5/15
10.0,2,16,1000,constant-mc,0.03913333333333302,0.02700146937622172,0.0510230352557377,separated,60,0.95,hmm-mixture/2/4/5/16
10.0,2,17,1000,constant-mc,0.06370000000000076,0.05208309854001758,0.07531690145998393,separated,60,0.95,hmm-mixture/2/4/5/17
10.0,2,18,1000,constant-mc,0.03866666666666774,0.024625581181966005,0.05270775215136947,separated,60,0.95,hmm-mixture/2/4/5/18
10.0,2,19,1000,constant-mc,0.06173333333333453,0.050736609477811,0.07273005718885805,separated,60,0.95,hmm-mixture/2/4/5/19
10.0,2,20,1000,constant-mc,0.02323333333333366,0.012307922828074247,0.034158743838593075,separated,60,0.95,hmm-mixture/2/4/5/20
10.0,2,21,1000,constant-mc,0.01729999999999965,0.004742454237706362,0.029415117237213018,separated,60,0.95,hmm-mixture/2/4/5/21
10.0,2,22,1000,constant-mc,0.03160000000000096,0.021066266932265876,0.042133733067736046,separated,60,0.95,hmm-mixture/2/4/5/22
10.0,2,23,1000,constant-mc,0.05579999999999874,0.04413933164772388,0.0674606683522736,separated,60,0.95,hmm-mixture/2/4/5/23
10.0,2,24,1000,constant-mc,0.037700000000000955,0.023718069696376354,0.051681930303625556,separated,60,0.95,hmm-mixture/2/4/5/24
10.0,2,25,1000,constant-mc,0.03976666666666784,0.027713283612675,0.05182004972066068,separated,60,0.95,hmm-mixture/2/4/5/25
10.0,2,26,1000,constant-mc,0.022966666666667024,0.01057420871923398,0.03535912461410007,separated,60,0.95,hmm-mixture/2/4/5/26
10.0,2,27,1000,constant-mc,0.04283333333333328,0.031123312939751457,0.0545433537269151,separated,60,0.95,hmm-mixture/2/4/5/27
10.0,2,28,1000,constant-mc,0.05033333333333356,0.038247178253488556,0.06241948841317857,separated,60,0.95,hmm-mixture/2/4/5/28
10.0,2,29,1000,constant-mc,0.042166666666666686,0.02889333741695488,0.05543999591637849,separated,60,0.95,hmm-mixture/2/4/5/29
10.0,3,0,1000,constant-mc,0.026600000000001067,0.013861049793919555,0.03933895020608258,separated,60,0.95,hmm-mixture/3/4/5/0
10.0,3,1,1000,constant-mc,0.026566666666666627,0.011698306701978467,0.04143502663135479,separated,60,0.95,hmm-mixture/3/4/5/1
10.0,3,2,1000,constant-mc,0.01899999999999924,0.0035747799499254995,0.03442522005007298,separated,60,0.95,hmm-mixture/3/4/5/2
10.0,3,3,1000,constant-mc,0.01746666666666652,0.0043069000615441055,0.030626433271788933,separated,60,0.95,hmm-mixture/3/4/5/3
10.0,3,4,1000,constant-mc,0.015133333333334775,0.0021488007332424175,0.028117865933427133,separated,60,0.95,hmm-mixture/3/4/5/4
10.0,3,5,1000,constant-mc,0.029233333333333,0.01361738613855934,0.04363830756324205,separated,60,0.95,hmm-mixture/3/4/5/5
10.0,3,6,1000,constant-mc,0.035366666666666546,0.021525798903449633,0.04920753442988346,separated,60,0.95,hmm-mixture/3/4/5/6
10.0,3,7,1000,constant-mc,0.018933333333333024,0.004981970829356364,0.032884695837309685,separated,60,0.95,hmm-mixture/3/4/5/7
10.0,3,8,1000,constant-mc,0.05026666666666646,0.035525290273163534,0.06500804306016938,separated,60,0.95,hmm-mixture/3/4/5/8
10.0,3,9,1000,constant-mc,0.03173333333333428,0.017312046118063584,0.04612737743204409,separated,60,0.95,hmm-mixture/3/4/5/9
10.0,3,10,1000,constant-mc,0.038933333333334375,0.024450702214648956,0.05341596445201979,separated,60,0.95,hmm-mixture/3/4/5/10
10.0,3,11,1000,constant-mc,0.046099999999998253,0.03213282789511318,0.060067172104883326,separated,60,0.95,hmm-mixture/3/4/5/11
10.0,3,12,1000,constant-mc,0.03526666666666678,0.02139530848806359,0.04913802484526997,separated,60,0.95,hmm-mixture/3/4/5/12
10.0,3,13,1000,constant-mc,0.03793333333333315,0.02303841184749711,0.052828254819169196,separated,60,0.95,hmm-mixture/3/4/5/13
10.0,3,14,1000,constant-mc,0.053166666666667695,0.038625033863739944,0.06770829946959545,separated,60,0.95,hmm-mixture/3/4/5/14
10.0,3,15,1000,constant-mc,0.014866666666665473,-0.0009707621759771357,0.030704095509308083,uncertain,60,0.95,hmm-mixture/3/4/5/15
10.0,3,16,1000,constant-mc,0.01949999999999985,0.005316791749693017,0.033683208250306684,separated,60,0.95,hmm-mixture/3/4/5/16
10.0,3,17,1000,constant-mc,0.030900000000000816,0.017301629884562963,0.04449837011543867,separated,60,0.95,hmm-mixture/3/4/5/17
10.0,3,18,1000,constant-mc,0.009900000000000908,-0.0028837071814242776,0.022683707181426094,uncertain,60,0.95,hmm-mixture/3/4/5/18
10.0,3,19,1000,constant-mc,0.038733333333333064,0.026032430352038283,0.051434236314627846,separated,60,0.95,hmm-mixture/3/4/5/19
10.0,3,20,1000,constant-mc,0.021566666666667622,0.008383840232061068,0.034749493101274176,separated,60,0.95,hmm-mixture/3/4/5/20
10.0,3,21,1000,constant-mc,0.026066666666667793,0.011504108928796164,0.04062922440453942,separated,60,0.95,hmm-mixture/3/4/5/21
10.0,3,22,1000,constant-mc,0.02676666666666616,0.014269588505799291,0.03926374482753303,separated,60,0.95,hmm-mixture/3/4/5/22
10.0,3,23,1000,constant-mc,0.03500000000000014,0.02111573710226189,0.04701691753108239,separated,60,0.95,hmm-mixture/3/4/5/23
10.0,3,24,1000,constant-mc,0.032533333333332415,0.01871231242436,0.04623776588593387,separated,60,0.95,hmm-mixture/3/4/5/24
10.0,3,25,1000,constant-mc,0.049300000000001454,0.034690951206402865,0.06330601924340673,separated,60,0.95,hmm-mixture/3/4/5/25
10.0,3,26,1000,constant-mc,0.042133333333333134,0.029080667045861652,0.0550733075853822,separated,60,0.95,hmm-mixture/3/4/5/26
10.0,3,27,1000,constant-mc,0.030100000000001792,0.01708678756169224,0.043113212438311344,separated,60,0.95,hmm-mixture/3/4/5/27
10.0,3,28,1000,constant-mc,0.009733333333334038,-0.004717440957128893,0.02418410762379697,uncertain,60,0.95,hmm-mixture/3/4/5/28
10.0,3,29,1000,constant-mc,0.018966666666665688,0.004960542387292932,0.032972790946038444,separated,60,0.95,hmm-mixture/3/4/5/29
10.0,4,0,1000,constant-mc,0.017266666666666985,0.0014700189762715254,0.03300958408119925,separated,60,0.95,hmm-mixture/4/4/5/0
10.0,4,1,1000,constant-mc,0.01006666666666689,-0.0036815844794455543,0.023814917812779335,uncertain,60,0.95,hmm-mixture/4/4/5/1
10.0,4,2,1000,constant-mc,0.01053333333333395,-0.004193828059064764,0.025260494725732663,uncertain,60,0.95,hmm-mixture/4/4/5/2
10.0,4,3,1000,constant-mc,0.034533333333332195,0.01896984277208258,0.05009682389458181,separated,60,0.95,hmm-mixture/4/4/5/3
10.0,4,4,1000,constant-mc,0.023433333333333195,0.008701931573806831,0.03816473509285956,separated,60,0.95,hmm-mixture/4/4/5/4
10.0,4,5,1000,constant-mc,0.035966666666666924,0.020205338436031894,0.05087210364335615,separated,60,0.95,hmm-mixture/4/4/5/5
10.0,4,6,1000,constant-mc,0.033033333333333026,0.02011070138345339,0.04595596528321266,separated,60,0.95,hmm-mixture/4/4/5/6
10.0,4,7,1000,constant-mc,0.015066666666666784,-0.000785289925715027,0.030918623259048594,uncertain,60,0.95,hmm-mixture/4/4/5/7
10.0,4,8,1000,constant-mc,0.017033333333331235,0.0024476189768689594,0.02998866101020692,separated,60,0.95,hmm-mixture/4/4/5/8
10.0,4,9,1000,constant-mc,0.029300000000000992,0.014721636621018774,0.04387836337898321,separated,60,0.95,hmm-mixture/4/4/5/9
10.0,4,10,1000,constant-mc,0.0200666666666649,0.006045859336247794,0.03408747399708201,separated,60,0.95,hmm-mixture/4/4/5/10
10.0,4,11,1000,constant-mc,0.024833333333333485,0.011249143143080786,0.038151711485216566,separated,60,0.95,hmm-mixture/4/4/5/11
10.0,4,12,1000,constant-mc,0.03599999999999959,0.020629508935218865,0.051188173661907754,separated,60,0.95,hmm-mixture/4/4/5/12
10.0,4,13,1000,constant-mc,0.028133333333333788,0.01433925745809006,0.04121863784775748,separated,60,0.95,hmm-mixture/4/4/5/13
10.0,4,14,1000,constant-mc,0.007233333333332759,-0.00762844772657445,0.022095114393239967,uncertain,60,0.95,hmm-mixture/4/4/5/14
10.0,4,15,1000,constant-mc,0.006899999999999906,-0.008020048333612806,0.02182004833361262,uncertain,60,0.95,hmm-mixture/4/4/5/15
10.0,4,16,1000,constant-mc,0.020366666666666866,0.005602061685061166,0.035131271648272566,separated,60,0.95,hmm-mixture/4/4/5/16
10.0,4,17,1000,constant-mc,0.01613333333333422,0.000765655084896899,0.03150101158177154,separated,60,0.95,hmm-mixture/4/4/5/17
10.0,4,18,1000,constant-mc,0.034233333333332894,0.021164011767991653,0.047302654898674135,separated,60,0.95,hmm-mixture/4/4/5/18
10.0,4,19,1000,constant-mc,0.029300000000000992,0.013931874344621065,0.04466812565538092,separated,60,0.95,hmm-mixture/4/4/5/19
10.0,4,20,1000,constant-mc,0.01776666666666582,0.0029497293937739144,0.032583603939557726,separated,60,0.95,hmm-mixture/4/4/5/20
10.0,4,21,1000,constant-mc,0.023433333333332307,0.009769623356516988,0.037097043310147626,separated,60,0.95,hmm-mixture/4/4/5/21
10.0,4,22,1000,constant-mc,0.03293333333333326,0.018268117802155537,0.04759854886451098,separated,60,0.95,hmm-mixture/4/4/5/22
10.0,4,23,1000,constant-mc,0.02743333333333453,0.011407971741320466,0.043458694925348595,separated,60,0.95,hmm-mixture/4/4/5/23
10.0,4,24,1000,constant-mc,0.01773333333333671,0.0034000462956038646,0.032066620371069554,separated,60,0.95,hmm-mixture/4/4/5/24
10.0,4,25,1000,constant-mc,0.025866666666664706,0.011136947636088301,0.04059638569724111,separated,60,0.95,hmm-mixture/4/4/5/25
10.0,4,26,1000,constant-mc,0.01906666666666723,0.004861417298894999,0.033271916034439464,separated,60,0.95,hmm-mixture/4/4/5/26
10.0,4,27,1000,constant-mc,0.021300000000000097,0.005105389779023639,0.037494610220976554,separated,60,0.95,hmm-mixture/4/4/5/27
10.0,4,28,1000,constant-mc,0.02703333333333191,0.011618658681489258,0.04244800798517456,separated,60,0.95,hmm-mixture/4/4/5/28
10.0,4,29,1000,constant-mc,0.01593333333333291,0.0017751275619861673,0.029931884924481622,separated,60,0.95,hmm-mixture/4/4/5/29
10.0,5,0,1000,constant-mc,0.014499999999999957,-0.0003941072570823323,0.029394107257082247,uncertain,60,0.95,hmm-mixture/5/4/5/0
10.0,5,1,1000,constant-mc,0.017533333333331846,7.69776652678189e-05,0.034989689001395874,separated,60,0.95,hmm-mixture/5/4/5/1
10.0,5,2,1000,constant-mc,0.036866666666665715,0.022558820490487186,0.051174512842844244,separated,60,0.95,hmm-mixture/5/4/5/2
10.0,5,3,1000,constant-mc,0.0378333333333325,0.02073903932755794,0.054721156629546464,separated,60,0.95,hmm-mixture/5/4/5/3
10.0,5,4,1000,constant-mc,0.006433333333333735,-0.008441580206349109,0.02130824687301658,uncertain,60,0.95,hmm-mixture/5/4/5/4
10.0,5,5,1000,constant-mc,0.014233333333334208,-9.45582701206149e-06,0.028476122493680478,uncertain,60,0.95,hmm-mixture/5/4/5/5
10.0,5,6,1000,constant-mc,0.026600000000001955,0.011175722044622027,0.042024277955381883,separated,60,0.95,hmm-mixture/5/4/5/6
10.0,5,7,1000,constant-mc,0.01006666666666689,-0.004050491718798455,0.024183825052132235,uncertain,60,0.95,hmm-mixture/5/4/5/7
10.0,5,8,1000,constant-mc,0.014900000000000801,-0.00015604330489260576,0.02995604330489421,uncertain,60,0.95,hmm-mixture/5/4/5/8
10.0,5,9,1000,constant-mc,0.02536666666666587,0.01028141359719914,0.0404519197361326,separated,60,0.95,hmm-mixture/5/4/5/9
10.0,5,10,1000,constant-mc,0.008933333333333238,-0.006551370569682469,0.024418037236348944,uncertain,60,0.95,hmm-mixture/5/4/5/10
10.0,5,11,1000,constant-mc,0.0015333333333327204,-0.014749321887107314,0.017815988553772755,uncertain,60,0.95,hmm-mixture/5/4/5/11
10.0,5,12,1000,constant-mc,0.02366666666666628,0.008470392470191435,0.03839212397192959,separated,60,0.95,hmm-mixture/5/4/5/12
10.0,5,13,1000,constant-mc,0.022733333333331274,0.006244610731510392,0.037784626113572806,separated,60,0.95,hmm-mixture/5/4/5/13
10.0,5,14,1000,constant-mc,0.015533333333333843,0.0005044162224958626,0.030562250444171823,separated,60,0.95,hmm-mixture/5/4/5/14
10.0,5,15,1000,constant-mc,0.018633333333332835,0.0015683377400366183,0.03512168542638605,separated,60,0.95,hmm-mixture/5/4/5/15
10.0,5,16,1000,constant-mc,0.0068666666666663545,-0.009165225565770818,0.022898558899103527,uncertain,60,0.95,hmm-mixture/5/4/5/16
10.0,5,17,1000,constant-mc,0.01070000000000082,-0.00514029845508901,0.02654029845509065,uncertain,60,0.95,hmm-mixture/5/4/5/17
10.0,5,18,1000,constant-mc,0.022133333333332672,0.006753949128738945,0.0375127175379264,separated,60,0.95,hmm-mixture/5/4/5/18
10.0,5,19,1000,constant-mc,0.015833333333334032,-0.0001343623246716774,0.031158358048408274,uncertain,60,0.95,hmm-mixture/5/4/5/19
10.0,5,20,1000,constant-mc,0.00863333333333216,-0.0075084242231424625,0.024775090889806783,uncertain,60,0.95,hmm-mixture/5/4/5/20
10.0,5,21,1000,constant-mc,0.024299999999999322,0.010143661022489425,0.03845633897750922,separated,60,0.95,hmm-mixture/5/4/5/21
10.0,5,22,1000,constant-mc,0.03293333333333237,0.016188547953111865,0.049431868974338045,separated,60,0.95,hmm-mixture/5/4/5/22
10.0,5,23,1000,constant-mc,0.024499999999999744,0.00906895634218774,0.038460527296064306,separated,60,0.95,hmm-mixture/5/4/5/23
10.0,5,24,1000,constant-mc,0.013366666666666305,-0.0030095967364971443,0.029742930069829754,uncertain,60,0.95,hmm-mixture/5/4/5/24
10.0,5,25,1000,constant-mc,0.007000000000000561,-0.007953528215215222,0.021953528215216345,uncertain,60,0.95,hmm-mixture/5/4/5/25
10.0,5,26,1000,constant-mc,0.021200000000001218,0.005426632818440247,0.03697336718156219,separated,60,0.95,hmm-mixture/5/4/5/26
10.0,5,27,1000,constant-mc,0.011533333333332507,-0.003599049597387882,0.026665716264052897,uncertain,60,0.95,hmm-mixture/5/4/5/27
10.0,5,28,1000,constant-mc,0.024833333333333485,0.00953029960138263,0.04013636706528434,separated,60,0.95,hmm-mixture/5/4/5/28
10.0,5,29,1000,constant-mc,0.029200000000000337,0.014409773082880939,0.043990226917119735,separated,60,0.95,hmm-mixture/5/4/5/29
10.0,6,0,1000,constant-mc,0.019566666666666066,0.004432026741216788,0.034701306592115344,separated,60,0.95,hmm-mixture/6/4/5/0
10.0,6,1,1000,constant-mc,0.004499999999999282,-0.011712697774860281,0.020712697774858846,uncertain,60,0.95,hmm-mixture/6/4/5/1
10.0,6,2,1000,constant-mc,0.00976666666666759,-0.007526173650931334,0.027059506984266513,uncertain,60,0.95,hmm-mixture/6/4/5/2
10.0,6,3,1000,constant-mc,0.00999999999999801,-0.00540795627633095,0.02540795627632697,uncertain,60,0.95,hmm-mixture/6/4/5/3
10.0,6,4,1000,constant-mc,0.015366666666666084,0.0004316742491115022,0.030301659084220667,separated,60,0.95,hmm-mixture/6/4/5/4
10.0,6,5,1000,constant-mc,0.016800000000000814,0.0015481141476652027,0.032051885852336426,separated,60,0.95,hmm-mixture/6/4/5/5
10.0,6,6,1000,constant-mc,0.0030333333333336654,-0.013187782234195922,0.019254448900863252,uncertain,60,0.95,hmm-mixture/6/4/5/6
10.0,6,7,1000,constant-mc,0.0021333333333348747,-0.013858184657726369,0.01812485132439612,uncertain,60,0.95,hmm-mixture/6/4/5/7
10.0,6,8,1000,constant-mc,0.011366666666665637,-0.006409040839913338,0.0290598571585452,uncertain,60,0.95,hmm-mixture/6/4/5/8
10.0,6,9,1000,constant-mc,0.011999999999999567,-0.004704500055594529,0.028704500055593662,uncertain,60,0.95,hmm-mixture/6/4/5/9
10.0,6,10,1000,constant-mc,0.014299999999999535,-0.0011613345079677373,0.029761334507966808,uncertain,60,0.95,hmm-mixture/6/4/5/10
10.0,6,11,1000,constant-mc,0.005733333333334478,-0.009599195981406794,0.02106586264807575,uncertain,60,0.95,hmm-mixture/6/4/5/11
10.0,6,12,1000,constant-mc,0.014933333333331689,-5.645720387459363e-05,0.02992312387053797,uncertain,60,0.95,hmm-mixture/6/4/5/12
10.0,6,13,1000,constant-mc,0.0019999999999997797,-0.015521591003714974,0.019521591003714533,uncertain,60,0.95,hmm-mixture/6/4/5/13
10.0,6,14,1000,constant-mc,0.025133333333334562,0.008496872251066101,0.04176979441560302,separated,60,0.95,hmm-mixture/6/4/5/14
10.0,6,15,1000,constant-mc,0.004033333333332223,-0.013407721209254042,0.021474387875918488,uncertain,60,0.95,hmm-mixture/6/4/5/15
10.0,6,16,1000,constant-mc,0.0036333333333331552,-0.010430082327260948,0.017696748993927258,uncertain,60,0.95,hmm-mixture/6/4/5/16
10.0,6,17,1000,constant-mc,0.023233333333335437,0.006808039738140259,0.039375259356174475,separated,60,0.95,hmm-mixture/6/4/5/17
10.0,6,18,1000,constant-mc,0.017766666666668485,0.0011326361074877056,0.034400697225849264,separated,60,0.95,hmm-mixture/6/4/5/18
10.0,6,19,1000,constant-mc,0.018966666666668353,0.0025760000854608833,0.03535733324787582,separated,60,0.95,hmm-mixture/6/4/5/19
10.0,6,20,1000,constant-mc,0.013066666666666116,-0.001861495758180176,0.027994829091512408,uncertain,60,0.95,hmm-mixture/6/4/5/20
10.0,6,21,1000,constant-mc,0.011699999999999378,-0.0031190848002831117,0.026519084800281867,uncertain,60,0.95,hmm-mixture/6/4/5/21
10.0,6,22,1000,constant-mc,0.017233333333333434,0.0014809025059969727,0.032985764160669895,separated,60,0.95,hmm-mixture/6/4/5/22
10.0,6,23,1000,constant-mc,-0.004433333333333955,-0.01997021863018489,0.011103551963516978,uncertain,60,0.95,hmm-mixture/6/4/5/23
10.0,6,24,1000,constant-mc,0.00993333333333446,-0.006586284627561945,0.026452951294230864,uncertain,60,0.95,hmm-mixture/6/4/5/24
10.0,6,25,1000,constant-mc,0.012633333333334384,-0.0017736804107642001,0.02704034707743297,uncertain,60,0.95,hmm-mixture/6/4/5/25
10.0,6,26,1000,constant-mc,0.017533333333333623,0.0003665900765090768,0.03470007659015817,separated,60,0.95,hmm-mixture/6/4/5/26
10.0,6,27,1000,constant-mc,0.002166666666665762,-0.014318079583728327,0.01865141291705985,uncertain,60,0.95,hmm-mixture/6/4/5/27
10.0,6,28,1000,constant-mc,0.012166666666665549,-0.003082987493548295,0.027416320826879392,uncertain,60,0.95,hmm-mixture/6/4/5/28
10.0,6,29,1000,constant-mc,0.016033333333332678,-0.0006379983359980912,0.03270466500266345,uncertain,60,0.95,hmm-mixture/6/4/5/29
10.0,7,0,1000,constant-mc,0.0008333333333325754,-0.015967801019244554,0.017634467685909705,uncertain,60,0.95,hmm-mixture/7/4/5/0
10.0,7,1,1000,constant-mc,0.002700000000001701,-0.012759768099670943,0.018159768099674345,uncertain,60,0.95,hmm-mixture/7/4/5/1
10.0,7,2,1000,constant-mc,0.010333333333334416,-0.005037660875361283,0.02538738464611079,uncertain,60,0.95,hmm-mixture/7/4/5/2
10.0,7,3,1000,constant-mc,0.01569999999999805,-0.0017325945535295872,0.032870581292001155,uncertain,60,0.95,hmm-mixture/7/4/5/3
10.0,7,4,1000,constant-mc,0.006166666666667098,-0.013131202965076305,0.023637845084556908,uncertain,60,0.95,hmm-mixture/7/4/5/4
10.0,7,5,1000,constant-mc,0.011633333333335827,-0.004412726984449833,0.027679393651121487,uncertain,60,0.95,hmm-mixture/7/4/5/5
10.0,7,6,1000,constant-mc,0.011100000000000776,-0.0053216501679882455,0.02719352899561578,uncertain,60,0.95,hmm-mixture/7/4/5/6
10.0,7,7,1000,constant-mc,0.012099999999999334,-0.0049825740757665216,0.02918257407576519,uncertain,60,0.95,hmm-mixture/7/4/5/7
10.0,7,8,1000,constant-mc,0.005066666666666997,-0.01093197449394534,0.021065307827279334,uncertain,60,0.95,hmm-mixture/7/4/5/8
10.0,7,9,1000,constant-mc,0.01053333333333395,-0.007708232579783925,0.028774899246451824,uncertain,60,0.95,hmm-mixture/7/4/5/9
10.0,7,10,1000,constant-mc,0.01373333333333182,-0.004291678581492597,0.03175834524815624,uncertain,60,0.95,hmm-mixture/7/4/5/10
10.0,7,11,1000,constant-mc,0.022966666666666136,0.006202379877659148,0.039304562769461704,separated,60,0.95,hmm-mixture/7/4/5/11
10.0,7,12,1000,constant-mc,0.01240000000000041,-0.0067695805120635555,0.03156958051206438,uncertain,60,0.95,hmm-mixture/7/4/5/12
10.0,7,13,1000,constant-mc,0.021133333333332338,0.004632689297542569,0.037406062668941864,separated,60,0.95,hmm-mixture/7/4/5/13
10.0,7,14,1000,constant-mc,0.02230000000000043,0.005584813325471671,0.038423844974122545,separated,60,0.95,hmm-mixture/7/4/5/14
10.0,7,15,1000,constant-mc,0.01573333333333249,-0.003123629069516909,0.034590295736181886,uncertain,60,0.95,hmm-mixture/7/4/5/15
10.0,7,16,1000,constant-mc,0.023266666666666325,0.007080069508068831,0.03945326382526382,separated,60,0.95,hmm-mixture/7/4/5/16
10.0,7,17,1000,constant-mc,0.019433333333334524,0.0035815505627407873,0.03528511610392826,separated,60,0.95,hmm-mixture/7/4/5/17
10.0,7,18,1000,constant-mc,0.0031666666666652077,-0.011915392308824657,0.018248725642155073,uncertain,60,0.95,hmm-mixture/7/4/5/18
10.0,7,19,1000,constant-mc,0.016366666666667307,-0.0014207996150332747,0.03415413294836789,uncertain,60,0.95,hmm-mixture/7/4/5/19
10.0,7,20,1000,constant-mc,0.00026666666666486094,-0.015316739299845672,0.015850072633175394,uncertain,60,0.95,hmm-mixture/7/4/5/20
10.0,7,21,1000,constant-mc,0.013133333333332331,-0.00528316284673469,0.03154982951339935,uncertain,60,0.95,hmm-mixture/7/4/5/21
10.0,7,22,1000,constant-mc,0.021700000000000053,0.002711240161046291,0.040688759838953814,separated,60,0.95,hmm-mixture/7/4/5/22
10.0,7,23,1000,constant-mc,0.017166666666664554,0.0003031517836991071,0.03403018154963,separated,60,0.95,hmm-mixture/7/4/5/23
10.0,7,24,1000,constant-mc,0.0037666666666655857,-0.014355279567113577,0.02188861290044475,uncertain,60,0.95,hmm-mixture/7/4/5/24
10.0,7,25,1000,constant-mc,0.010466666666665958,-0.0063819073956636885,0.027315240728995605,uncertain,60,0.95,hmm-mixture/7/4/5/25
10.0,7,26,1000,constant-mc,0.010133333333333994,-0.00619246173331689,0.026459128399984877,uncertain,60,0.95,hmm-mixture/7/4/5/26
10.0,7,27,1000,constant-mc,0.009800000000000253,-0.005194834326630371,0.024794834326630877,uncertain,60,0.95,hmm-mixture/7/4/5/27
10.0,7,28,1000,constant-mc,0.007166666666667432,-0.0079373169163377,0.022270650249672563,uncertain,60,0.95,hmm-mixture/7/4/5/28
10.0,7,29,1000,constant-mc,-0.00396666666666512,-0.020398806653966872,0.012465473320636633,uncertain,60,0.95,hmm-mixture/7/4/5/29
10.0,8,0,1000,constant-mc,-0.00033333333333285253,-0.01747427781260047,0.016807611145934764,uncertain,60,0.95,hmm-mixture/8/4/5/0
10.0,8,1,1000,constant-mc,0.0011999999999998678,-0.01592246810969211,0.018322468109691847,uncertain,60,0.95,hmm-mixture/8/4/5/1
10.0,8,2,1000,constant-mc,0.013966666666666683,-0.004283640970218272,0.03221697430355164,uncertain,60,0.95,hmm-mixture/8/4/5/2
10.0,8,3,1000,constant-mc,0.009033333333335669,-0.007003933785334482,0.02507060045200582,uncertain,60,0.95,hmm-mixture/8/4/5/3
10.0,8,4,1000,constant-mc,0.005900000000001349,-0.011214055118516697,0.023014055118519394,uncertain,60,0.95,hmm-mixture/8/4/5/4
10.0,8,5,1000,constant-mc,0.008799999999999919,-0.00733024379015923,0.024930243790159068,uncertain,60,0.95,hmm-mixture/8/4/5/5
10.0,8,6,1000,constant-mc,0.016133333333332445,-0.0029283863087092854,0.035195052975374175,uncertain,60,0.95,hmm-mixture/8/4/5/6
10.0,8,7,1000,constant-mc,0.00653333333333439,-0.009486666926275866,0.022553333592944647,uncertain,60,0.95,hmm-mixture/8/4/5/7
10.0,8,8,1000,constant-mc,0.0028333333333332433,-0.01370574653849932,0.019372413205165806,uncertain,60,0.95,hmm-mixture/8/4/5/8
10.0,8,9,1000,constant-mc,0.022700000000000387,0.00536171910928207,0.0395831458348761,separated,60,0.95,hmm-mixture/8/4/5/9
10.0,8,10,1000,constant-mc,0.0011333333333336526,-0.01563320968259596,0.01694930006104922,uncertain,60,0.95,hmm-mixture/8/4/5/10
10.0,8,11,1000,constant-mc,0.013500000000000512,-0.0022889206635694492,0.029288920663570472,uncertain,60,0.95,hmm-mixture/8/4/5/11
10.0,8,12,1000,constant-mc,0.014466666666666406,-0.003327312573286889,0.0322606459066197,uncertain,60,0.95,hmm-mixture/8/4/5/12
10.0,8,13,1000,constant-mc,-0.002466666666665951,-0.02086099317153778,0.015927659838205876,uncertain,60,0.95,hmm-mixture/8/4/5/13
10.0,8,14,1000,constant-mc,0.027733333333332943,0.010174909698017487,0.043657925013071974,separated,60,0.95,hmm-mixture/8/4/5/14
10.0,8,15,1000,constant-mc,0.0067333333333312595,-0.008706256805376178,0.022172923472038697,uncertain,60,0.95,hmm-mixture/8/4/5/15
10.0,8,16,1000,constant-mc,0.011700000000000266,-0.004919396983462221,0.028319396983462752,uncertain,60,0.95,hmm-mixture/8/4/5/16
10.0,8,17,1000,constant-mc,0.00356666666666694,-0.013582044260674664,0.020715377594008544,uncertain,60,0.95,hmm-mixture/8/4/5/17
10.0,8,18,1000,constant-mc,0.013366666666666305,-0.004272785120615019,0.03100611845394763,uncertain,60,0.95,hmm-mixture/8/4/5/18
10.0,8,19,1000,constant-mc,0.016300000000000203,-0.0015478193379436789,0.03306897422016952,uncertain,60,0.95,hmm-mixture/8/4/5/19
10.0,8,20,1000,constant-mc,-0.005933333333334012,-0.022187414961255314,0.01032074829458729,uncertain,60,0.95,hmm-mixture/8/4/5/20
10.0,8,21,1000,constant-mc,0.00633333333333308,-0.01008768903802082,0.02275435570468698,uncertain,60,0.95,hmm-mixture/8/4/5/21
10.0,8,22,1000,constant-mc,0.014533333333332621,-0.004284774312306006,0.03335144097897125,uncertain,60,0.95,hmm-mixture/8/4/5/22
10.0,8,23,1000,constant-mc,0.0013333333333322983,-0.014826939666328087,0.017492714368407825,uncertain,60,0.95,hmm-mixture/8/4/5/23
10.0,8,24,1000,constant-mc,0.01806666666666512,0.002172952058995037,0.033960381274335205,separated,60,0.95,hmm-mixture/8/4/5/24
10.0,8,25,1000,constant-mc,0.011133333333332551,-0.005240915756897557,0.026864616153219778,uncertain,60,0.95,hmm-mixture/8/4/5/25
10.0,8,26,1000,constant-mc,0.017199999999998994,0.0004144696592414121,0.033985530340756576,separated,60,0.95,hmm-mixture/8/4/5/26
10.0,8,27,1000,constant-mc,0.013733333333334485,-0.002478887176196487,0.029945553842865458,uncertain,60,0.95,hmm-mixture/8/4/5/27
10.0,8,28,1000,constant-mc,0.010833333333334139,-0.006674381278743979,0.028341047945412257,uncertain,60,0.95,hmm-mixture/8/4/5/28
10.0,8,29,1000,constant-mc,0.015733333333333377,-0.002146978138688027,0.03361364480535478,uncertain,60,0.95,hmm-mixture/8/4/5/29
10.0,9,0,1000,constant-mc,0.005900000000001349,-0.01070486877797805,0.021952203959247463,uncertain,60,0.95,hmm-mixture/9/4/5/0
10.0,9,1,1000,constant-mc,0.016466666666667962,-0.0021230703916543803,0.03365552545311523,uncertain,60,0.95,hmm-mixture/9/4/5/1
10.0,9,2,1000,constant-mc,0.019733333333333825,0.004497528891553415,0.03483731499117404,separated,60,0.95,hmm-mixture/9/4/5/2
10.0,9,3,1000,constant-mc,-0.0003333333333337407,-0.017717549265298338,0.017050882598630857,uncertain,60,0.95,hmm-mixture/9/4/5/3
10.0,9,4,1000,constant-mc,0.005966666666666676,-0.012761296728728055,0.024694630062061407,uncertain,60,0.95,hmm-mixture/9/4/5/4
10.0,9,5,1000,constant-mc,0.003833333333332689,-0.012976703915979826,0.020643370582645204,uncertain,60,0.95,hmm-mixture/9/4/5/5
10.0,9,6,1000,constant-mc,0.019699999999998496,-0.000264467787643774,0.03966446778764077,uncertain,60,0.95,hmm-mixture/9/4/5/6
10.0,9,7,1000,constant-mc,0.011499999999998956,-0.006929022828637166,0.029929022828635077,uncertain,60,0.95,hmm-mixture/9/4/5/7
10.0,9,8,1000,constant-mc,0.0033999999999991815,-0.013663504873173693,0.020463504873172056,uncertain,60,0.95,hmm-mixture/9/4/5/8
10.0,9,9,1000,constant-mc,0.002966666666666562,-0.014108204540525193,0.017988462929521276,uncertain,60,0.95,hmm-mixture/9/4/5/9
10.0,9,10,1000,constant-mc,0.016599999999999504,-0.0002564666239921465,0.03225330481201283,uncertain,60,0.95,hmm-mixture/9/4/5/10
10.0,9,11,1000,constant-mc,0.004533333333332834,-0.013140610916778428,0.022207277583444096,uncertain,60,0.95,hmm-mixture/9/4/5/11
10.0,9,12,1000,constant-mc,0.014533333333333509,-0.0030472594176575996,0.03211392608432462,uncertain,60,0.95,hmm-mixture/9/4/5/12
10.0,9,13,1000,constant-mc,0.008566666666665057,-0.009084120826429398,0.026217454159759512,uncertain,60,0.95,hmm-mixture/9/4/5/13
10.0,9,14,1000,constant-mc,0.004133333333333766,-0.01390635568437304,0.020185016643998743,uncertain,60,0.95,hmm-mixture/9/4/5/14
10.0,9,15,1000,constant-mc,0.012766666666668591,-0.006068260845885298,0.03160159417922248,uncertain,60,0.95,hmm-mixture/9/4/5/15
10.0,9,16,1000,constant-mc,0.007699999999999818,-0.008772709988984495,0.02417270998898413,uncertain,60,0.95,hmm-mixture/9/4/5/16
10.0,9,17,1000,constant-mc,0.008699999999999264,-0.008222120929412213,0.02562212092941074,uncertain,60,0.95,hmm-mixture/9/4/5/17
10.0,9,18,1000,constant-mc,0.008066666666665334,-0.009744375601871802,0.02587770893520247,uncertain,60,0.95,hmm-mixture/9/4/5/18
10.0,9,19,1000,constant-mc,0.014266666666666872,-0.0020704509286284534,0.030603784261962197,uncertain,60,0.95,hmm-mixture/9/4/5/19
10.0,9,20,1000,constant-mc,0.00713333333333388,-0.010360876621239967,0.024627543287907727,uncertain,60,0.95,hmm-mixture/9/4/5/20
10.0,9,21,1000,constant-mc,0.017833333333332035,0.000971855059796134,0.03469481160686794,separated,60,0.95,hmm-mixture/9/4/5/21
10.0,9,22,1000,constant-mc,-0.003966666666666008,-0.022102467452994823,0.014169134119662807,uncertain,60,0.95,hmm-mixture/9/4/5/22
10.0,9,23,1000,constant-mc,-0.0019000000000000128,-0.019111246915690216,0.015311246915690191,uncertain,60,0.95,hmm-mixture/9/4/5/23
10.0,9,24,1000,constant-mc,0.007133333333332992,-0.01026656603752052,0.023899221400939474,uncertain,60,0.95,hmm-mixture/9/4/5/24
10.0,9,25,1000,constant-mc,0.016033333333334454,-0.0032719798547633516,0.034266750317576644,uncertain,60,0.95,hmm-mixture/9/4/5/25
10.0,9,26,1000,constant-mc,0.013200000000000323,-0.0025516804712175656,0.02895168047121821,uncertain,60,0.95,hmm-mixture/9/4/5/26
10.0,9,27,1000,constant-mc,0.003466666666666285,-0.011261427603428409,0.01819476093676098,uncertain,60,0.95,hmm-mixture/9/4/5/27
10.0,9,28,1000,constant-mc,0.01473333333333482,-0.0031910499854115315,0.03108268644508705,uncertain,60,0.95,hmm-mixture/9/4/5/28
10.0,9,29,1000,constant-mc,0.013800000000001589,-0.003275354978515388,0.030546921829042617,uncertain,60,0.95,hmm-mixture/9/4/5/29
10.0,10,0,1000,constant-mc,0.016666666666666607,-0.0020146120139248325,0.0328354103597599,uncertain,60,0.95,hmm-mixture/10/4/5/0
10.0,10,1,1000,constant-mc,0.008566666666665945,-0.011126354972753383,0.028259688306085273,uncertain,60,0.95,hmm-mixture/10/4/5/1
10.0,10,2,1000,constant-mc,0.013000000000000789,-0.004651703195772683,0.03065170319577426,uncertain,60,0.95,hmm-mixture/10/4/5/2
10.0,10,3,1000,constant-mc,0.01049999999999951,-0.006819639001325761,0.02781963900132478,uncertain,60,0.95,hmm-mixture/10/4/5/3
10.0,10,4,1000,constant-mc,0.009066666666667444,-0.008801611519515085,0.026934944852849974,uncertain,60,0.95,hmm-mixture/10/4/5/4
10.0,10,5,1000,constant-mc,0.009166666666666323,-0.006206842383327249,0.024540175716659895,uncertain,60,0.95,hmm-mixture/10/4/5/5
10.0,10,6,1000,constant-mc,-0.002166666666665762,-0.018119717800385793,0.013786384467054269,uncertain,60,0.95,hmm-mixture/10/4/5/6
10.0,10,7,1000,constant-mc,0.011800000000000033,-0.005581042190432761,0.029035885570825926,uncertain,60,0.95,hmm-mixture/10/4/5/7
10.0,10,8,1000,constant-mc,0.011466666666665404,-0.0063572945811882775,0.028653430646919276,uncertain,60,0.95,hmm-mixture/10/4/5/8
10.0,10,9,1000,constant-mc,0.010999999999999233,-0.007550165974328671,0.02921113276102094,uncertain,60,0.95,hmm-mixture/10/4/5/9
10.0,10,10,1000,constant-mc,0.01070000000000082,-0.007258572132070817,0.028658572132072457,uncertain,60,0.95,hmm-mixture/10/4/5/10
10.0,10,11,1000,constant-mc,0.008433333333332627,-0.01029265782881783,0.027159324495483084,uncertain,60,0.95,hmm-mixture/10/4/5/11
10.0,10,12,1000,constant-mc,0.007066666666665888,-0.01159691208611413,0.02569099257156715,uncertain,60,0.95,hmm-mixture/10/4/5/12
10.0,10,13,1000,constant-mc,0.0002666666666666373,-0.01736540910802642,0.017898742441359694,uncertain,60,0.95,hmm-mixture/10/4/5/13
10.0,10,14,1000,constant-mc,0.003866666666666241,-0.013499503733301665,0.021232837066634147,uncertain,60,0.95,hmm-mixture/10/4/5/14
10.0,10,15,1000,constant-mc,0.0094666666666674,-0.00656291687486199,0.025342945225057534,uncertain,60,0.95,hmm-mixture/10/4/5/15
10.0,10,16,1000,constant-mc,0.004466666666665731,-0.013386339582980078,0.022263081214256353,uncertain,60,0.95,hmm-mixture/10/4/5/16
10.0,10,17,1000,constant-mc,0.021033333333334348,0.003951722219194487,0.03721924646727359,separated,60,0.95,hmm-mixture/10/4/5/17
10.0,10,18,1000,constant-mc,0.0007333333333345848,-0.01650019366382427,0.01796686033049344,uncertain,60,0.95,hmm-mixture/10/4/5/18
10.0,10,19,1000,constant-mc,0.012766666666666815,-0.00481399646244185,0.03034732979577548,uncertain,60,0.95,hmm-mixture/10/4/5/19
10.0,10,20,1000,constant-mc,0.009666666666666934,-0.0066673165740231966,0.026000649907357065,uncertain,60,0.95,hmm-mixture/10/4/5/20
10.0,10,21,1000,constant-mc,0.007100000000002993,-0.010292740994409577,0.024492740994415563,uncertain,60,0.95,hmm-mixture/10/4/5/21
10.0,10,22,1000,constant-mc,0.01173333333333293,-0.005945910513563746,0.029412577180229604,uncertain,60,0.95,hmm-mixture/10/4/5/22
10.0,10,23,1000,constant-mc,0.015333333333333421,-0.0015261764836411729,0.03133963769320314,uncertain,60,0.95,hmm-mixture/10/4/5/23
10.0,10,24,1000,constant-mc,0.019900000000000695,0.00241140629241432,0.03617360131802272,separated,60,0.95,hmm-mixture/10/4/5/24
10.0,10,25,1000,constant-mc,0.011833333333333584,-0.006158103502296619,0.029824770168963788,uncertain,60,0.95,hmm-mixture/10/4/5/25
10.0,10,26,1000,constant-mc,0.01416666666666444,-0.0029167693868146216,0.0312501027201435,uncertain,60,0.95,hmm-mixture/10/4/5/26
10.0,10,27,1000,constant-mc,0.008466666666666178,-0.011768552483270689,0.028701885816603045,uncertain,60,0.95,hmm-mixture/10/4/5/27
10.0,10,28,1000,constant-mc,0.009199999999999875,-0.008403776658450823,0.025700403160072938,uncertain,60,0.95,hmm-mixture/10/4/5/28
10.0,10,29,1000,constant-mc,0.0028333333333332433,-0.01370655853084557,0.019373225197512056,uncertain,60,0.95,hmm-mixture/10/4/5/29
30.0,2,0,1000,constant-mc,0.015133333333333887,0.0029822862046344767,0.027284380462033297,separated,60,0.95,hmm-mixture/2/4/5/0
30.0,2,1,1000,constant-mc,0.004366666666665964,-0.007860779814710561,0.01659411314804249,uncertain,60,0.95,hmm-mixture/2/4/5/1
30.0,2,2,1000,constant-mc,0.010200000000000209,-0.002041566711836751,0.02244156671183717,uncertain,60,0.95,hmm-mixture/2/4/5/2
30.0,2,3,1000,constant-mc,0.017066666666666563,0.005575993644479915,0.02855733968885321,separated,60,0.95,hmm-mixture/2/4/5/3
30.0,2,4,1000,constant-mc,0.018633333333333724,0.006992588372014552,0.03012351517536871,separated,60,0.95,hmm-mixture/2/4/5/4
30.0,2,5,1000,constant-mc,0.015199999999998326,0.0030591875919459,0.027340812408050752,separated,60,0.95,hmm-mixture/2/4/5/5
30.0,2,6,1000,constant-mc,0.02510000000000101,0.012529880563210583,0.03767011943679144,separated,60,0.95,hmm-mixture/2/4/5/6
30.0,2,7,1000,constant-mc,0.01440000000000019,0.0030060621024956546,0.025793937897504726,separated,60,0.95,hmm-mixture/2/4/5/7
30.0,2,8,1000,constant-mc,0.019400000000000084,0.007216998452249435,0.03158300154775073,separated,60,0.95,hmm-mixture/2/4/5/8
30.0,2,9,1000,constant-mc,0.004333333333335965,-0.009709563414475042,0.01837623008114697,uncertain,60,0.95,hmm-mixture/2/4/5/9
30.0,2,10,1000,constant-mc,0.011499999999998956,-0.0009612834060570563,0.023961283406054967,uncertain,60,0.95,hmm-mixture/2/4/5/10
30.0,2,11,1000,constant-mc,0.0062666666666659765,-0.005290469085721838,0.01782380241905379,uncertain,60,0.95,hmm-mixture/2/4/5/11
30.0,2,12,1000,constant-mc,0.014300000000001312,0.002287637259628994,0.02631236274037363,separated,60,0.95,hmm-mixture/2/4/5/12
30.0,2,13,1000,constant-mc,0.01356666666666495,0.0011715077447540523,0.02596182558857585,separated,60,0.95,hmm-mixture/2/4/5/13
30.0,2,14,1000,constant-mc,0.003933333333333344,-0.009084806187763306,0.016951472854429994,uncertain,60,0.95,hmm-mixture/2/4/5/14
30.0,2,15,1000,constant-mc,0.011833333333334473,-0.0002723943906142168,0.023939061057283162,uncertain,60,0.95,hmm-mixture/2/4/5/15
30.0,2,16,1000,constant-mc,0.008500000000000618,-0.0034759254354446156,0.020475925435445852,uncertain,60,0.95,hmm-mixture/2/4/5/16
30.0,2,17,1000,constant-mc,0.021933333333334026,0.009869593974808133,0.03399707269185992,separated,60,0.95,hmm-mixture/2/4/5/17
30.0,2,18,1000,constant-mc,0.010800000000000587,-0.0034549346597394504,0.025054934659740624,uncertain,60,0.95,hmm-mixture/2/4/5/18
30.0,2,19,1000,constant-mc,0.019433333333334524,0.006887957719743376,0.03197870894692567,separated,60,0.95,hmm-mixture/2/4/5/19
30.0,2,20,1000,constant-mc,0.0038333333333335773,-0.007375450684822482,0.015042117351489637,uncertain,60,0.95,hmm-mixture/2/4/5/20
30.0,2,21,1000,constant-mc,0.002566666666667494,-0.008972176848024205,0.014105510181359193,uncertain,60,0.95,hmm-mixture/2/4/5/21
30.0,2,22,1000,constant-mc,0.01146666666666718,-0.0017739107410221777,0.024707244074356538,uncertain,60,0.95,hmm-mixture/2/4/5/22
30.0,2,23,1000,constant-mc,0.015066666666667672,0.002742384539947018,0.027390948793388326,separated,60,0.95,hmm-mixture/2/4/5/23
30.0,2,24,1000,constant-mc,0.01083333333333325,-0.0010241237788486401,0.02269079044551514,uncertain,60,0.95,hmm-mixture/2/4/5/24
30.0,2,25,1000,constant-mc,0.009966666666667123,-0.0021636530682629385,0.022096986401597185,uncertain,60,0.95,hmm-mixture/2/4/5/25
30.0,2,26,1000,constant-mc,0.011233333333333206,-0.00122604952934946,0.02348689854199648,uncertain,60,0.95,hmm-mixture/2/4/5/26
30.0,2,27,1000,constant-mc,0.005766666666665365,-0.006888753940277326,0.018422087273608057,uncertain,60,0.95,hmm-mixture/2/4/5/27
30.0,2,28,1000,constant-mc,0.015699999999999825,0.003957682934332851,0.0274423170656668,separated,60,0.95,hmm-mixture/2/4/5/28
30.0,2,29,1000,constant-mc,0.012366666666664194,0.0006819260751509404,0.02405140725817745,separated,60,0.95,hmm-mixture/2/4/5/29
30.0,3,0,1000,constant-mc,0.006733333333333924,-0.0065238089785770725,0.01999047564524492,uncertain,60,0.95,hmm-mixture/3/4/5/0
30.0,3,1,1000,constant-mc,0.005933333333332236,-0.006294773956144084,0.018161440622808556,uncertain,60,0.95,hmm-mixture/3/4/5/1
30.0,3,2,1000,constant-mc,0.007933333333336456,-0.004777967771440572,0.020461511174787006,uncertain,60,0.95,hmm-mixture/3/4/5/2
30.0,3,3,1000,constant-mc,0.005166666666666764,-0.007541347732063386,0.017874681065396913,uncertain,60,0.95,hmm-mixture/3/4/5/3
30.0,3,4,1000,constant-mc,0.009333333333333194,-0.0035648583309235704,0.022231524997589958,uncertain,60,0.95,hmm-mixture/3/4/5/4
30.0,3,5,1000,constant-mc,0.007566666666663835,-0.004843561838636212,0.019976895171963882,uncertain,60,0.95,hmm-mixture/3/4/5/5
30.0,3,6,1000,constant-mc,0.008466666666667066,-0.005709340259358875,0.022642673592693008,uncertain,60,0.95,hmm-mixture/3/4/5/6
30.0,3,7,1000,constant-mc,0.006433333333333735,-0.006407338055016254,0.019274004721683724,uncertain,60,0.95,hmm-mixture/3/4/5/7
30.0,3,8,1000,constant-mc,0.014733333333333043,3.815672586071628e-05,0.028553710858204795,separated,60,0.95,hmm-mixture/3/4/5/8
30.0,3,9,1000,constant-mc,0.0067666666666665876,-0.006810146900015468,0.020343480233348643,uncertain,60,0.95,hmm-mixture/3/4/5/9
30.0,3,10,1000,constant-mc,0.012766666666666815,-0.00014952951381363988,0.02568286284714727,uncertain,60,0.95,hmm-mixture/3/4/5/10
30.0,3,11,1000,constant-mc,0.010833333333334139,-0.0030214876877217023,0.02468815435438998,uncertain,60,0.95,hmm-mixture/3/4/5/11
30.0,3,12,1000,constant-mc,0.01636666666666553,0.003287054188970906,0.029018023697539697,separated,60,0.95,hmm-mixture/3/4/5/12
30.0,3,13,1000,constant-mc,0.010233333333331984,-0.004457771507388131,0.0249244381740521,uncertain,60,0.95,hmm-mixture/3/4/5/13
30.0,3,14,1000,constant-mc,0.017366666666666752,0.005850257425337624,0.02888307590799588,separated,60,0.95,hmm-mixture/3/4/5/14
30.0,3,15,1000,constant-mc,0.009200000000000763,-0.00350589248311195,0.021905892483113476,uncertain,60,0.95,hmm-mixture/3/4/5/15
30.0,3,16,1000,constant-mc,0.006433333333331959,-0.0069050267108412555,0.019771693377505173,uncertain,60,0.95,hmm-mixture/3/4/5/16
30.0,3,17,1000,constant-mc,0.006033333333333779,-0.007413152807004941,0.0194798194736725,uncertain,60,0.95,hmm-mixture/3/4/5/17
30.0,3,18,1000,constant-mc,0.003733333333332034,-0.008809388189981782,0.01627605485664585,uncertain,60,0.95,hmm-mixture/3/4/5/18
30.0,3,19,1000,constant-mc,0.004799999999997695,-0.00920872753408375,0.01880872753407914,uncertain,60,0.95,hmm-mixture/3/4/5/19
30.0,3,20,1000,constant-mc,0.006399999999999295,-0.007564198959469692,0.020364198959468283,uncertain,60,0.95,hmm-mixture/3/4/5/20
30.0,3,21,1000,constant-mc,0.002666666666667261,-0.0115411174129596,0.016874450746294123,uncertain,60,0.95,hmm-mixture/3/4/5/21
30.0,3,22,1000,constant-mc,0.011033333333333672,-0.0025083948318753713,0.024575061498542716,uncertain,60,0.95,hmm-mixture/3/4/5/22
30.0,3,23,1000,constant-mc,0.010933333333333017,-0.0024083496761004852,0.02427501634276652,uncertain,60,0.95,hmm-mixture/3/4/5/23
30.0,3,24,1000,constant-mc,0.011733333333334706,-4.057828297998611e-05,0.023050080917954574,uncertain,60,0.95,hmm-mixture/3/4/5/24
30.0,3,25,1000,constant-mc,0.008433333333332627,-0.005979017775100459,0.022845684441765712,uncertain,60,0.95,hmm-mixture/3/4/5/25
30.0,3,26,1000,constant-mc,0.01400000000000201,0.00038816309713229913,0.025811229841988137,separated,60,0.95,hmm-mixture/3/4/5/26
30.0,3,27,1000,constant-mc,0.008966666666667678,-0.004706179829622847,0.022639513162958202,uncertain,60,0.95,hmm-mixture/3/4/5/27
30.0,3,28,1000,constant-mc,0.009599999999998943,-0.002885502215979052,0.021994410720945545,uncertain,60,0.95,hmm-mixture/3/4/5/28
30.0,3,29,1000,constant-mc,0.006466666666664622,-0.006910244571852964,0.019843577905182208,uncertain,60,0.95,hmm-mixture/3/4/5/29
30.0,4,0,1000,constant-mc,0.004733333333334144,-0.009338105604689062,0.018231700987382027,uncertain,60,0.95,hmm-mixture/4/4/5/0
30.0,4,1,1000,constant-mc,0.0021666666666675383,-0.012928647757667555,0.01711789962040644,uncertain,60,0.95,hmm-mixture/4/4/5/1
30.0,4,2,1000,constant-mc,0.0011333333333327644,-0.014015685211187012,0.01571135135701418,uncertain,60,0.95,hmm-mixture/4/4/5/2
30.0,4,3,1000,constant-mc,0.007733333333334258,-0.0070839116105752,0.022550578277243716,uncertain,60,0.95,hmm-mixture/4/4/5/3
30.0,4,4,1000,constant-mc,0.007200000000001872,-0.004681772351009528,0.019079881483204275,uncertain,60,0.95,hmm-mixture/4/4/5/4
30.0,4,5,1000,constant-mc,0.009399999999999409,-0.005737728782679419,0.023636569872609314,uncertain,60,0.95,hmm-mixture/4/4/5/5
30.0,4,6,1000,constant-mc,0.010766666666667035,-0.00392459217215535,0.025314420044244557,uncertain,60,0.95,hmm-mixture/4/4/5/6
30.0,4,7,1000,constant-mc,0.004033333333331335,-0.010522506347166782,0.018589173013829452,uncertain,60,0.95,hmm-mixture/4/4/5/7
30.0,4,8,1000,constant-mc,0.003500000000001613,-0.009489250154544493,0.01648925015454772,uncertain,60,0.95,hmm-mixture/4/4/5/8
30.0,4,9,1000,constant-mc,0.006099999999999106,-0.010452726250294475,0.022652726250292687,uncertain,60,0.95,hmm-mixture/4/4/5/9
30.0,4,10,1000,constant-mc,0.005666666666666487,-0.008486424433924888,0.019428852027958854,uncertain,60,0.95,hmm-mixture/4/4/5/10
30.0,4,11,1000,constant-mc,0.005733333333332702,-0.008070253804262073,0.019536920470927477,uncertain,60,0.95,hmm-mixture/4/4/5/11
30.0,4,12,1000,constant-mc,0.010366666666667967,-0.003232242566640231,0.023965575899976166,uncertain,60,0.95,hmm-mixture/4/4/5/12
30.0,4,13,1000,constant-mc,0.0021999999999993136,-0.012081216661656846,0.01610609734967028,uncertain,60,0.95,hmm-mixture/4/4/5/13
30.0,4,14,1000,constant-mc,0.005099999999998772,-0.01014659734651513,0.019702751027272924,uncertain,60,0.95,hmm-mixture/4/4/5/14
30.0,4,15,1000,constant-mc,-0.003133333333332544,-0.01807414028650456,0.01180747361983947,uncertain,60,0.95,hmm-mixture/4/4/5/15
30.0,4,16,1000,constant-mc,0.0022333333333337535,-0.01192350638506312,0.016390173051730628,uncertain,60,0.95,hmm-mixture/4/4/5/16
30.0,4,17,1000,constant-mc,0.0051000000000005485,-0.007910849336743908,0.016643435036605148,uncertain,60,0.95,hmm-mixture/4/4/5/17
30.0,4,18,1000,constant-mc,0.005933333333332236,-0.00899220238575893,0.0208588690524234,uncertain,60,0.95,hmm-mixture/4/4/5/18
30.0,4,19,1000,constant-mc,0.00489999999999835,-0.008933706659489893,0.018733706659486593,uncertain,60,0.95,hmm-mixture/4/4/5/19
30.0,4,20,1000,constant-mc,0.004833333333332135,-0.009314929452728826,0.018981596119393096,uncertain,60,0.95,hmm-mixture/4/4/5/20
30.0,4,21,1000,constant-mc,0.011900000000001576,-0.0017341558191787954,0.025534155819181947,uncertain,60,0.95,hmm-mixture/4/4/5/21
30.0,4,22,1000,constant-mc,0.004966666666664565,-0.00897594960557857,0.01785379802612308,uncertain,60,0.95,hmm-mixture/4/4/5/22
30.0,4,23,1000,constant-mc,0.00216666666666665,-0.01209085476679661,0.016237016518918068,uncertain,60,0.95,hmm-mixture/4/4/5/23
30.0,4,24,1000,constant-mc,0.005133333333333212,-0.009044854324892881,0.019311520991559306,uncertain,60,0.95,hmm-mixture/4/4/5/24
30.0,4,25,1000,constant-mc,0.006733333333334812,-0.007236902264900813,0.020459042584138665,uncertain,60,0.95,hmm-mixture/4/4/5/25
30.0,4,26,1000,constant-mc,0.006899999999999906,-0.009683295852893181,0.022634577984617543,uncertain,60,0.95,hmm-mixture/4/4/5/26
30.0,4,27,1000,constant-mc,0.010633333333333717,-0.00488969554049401,0.02551725240742897,uncertain,60,0.95,hmm-mixture/4/4/5/27
30.0,4,28,1000,constant-mc,0.005500000000001393,-0.00785763726584321,0.018857637265845995,uncertain,60,0.95,hmm-mixture/4/4/5/28
30.0,4,29,1000,constant-mc,0.005599999999999383,-0.010103942293452128,0.020224112349253254,uncertain,60,0.95,hmm-mixture/4/4/5/29
30.0,5,0,1000,constant-mc,0.000766666666665472,-0.013915968645647148,0.014484004037204734,uncertain,60,0.95,hmm-mixture/5/4/5/0
30.0,5,1,1000,constant-mc,0.0062666666666659765,-0.007500072045663053,0.019636226114260857,uncertain,60,0.95,hmm-mixture/5/4/5/1
30.0,5,2,1000,constant-mc,0.00833333333333286,-0.0060308952912588865,0.022697561957924606,uncertain,60,0.95,hmm-mixture/5/4/5/2
30.0,5,3,1000,constant-mc,0.009699999999999598,-0.006198252472442434,0.02535459923621275,uncertain,60,0.95,hmm-mixture/5/4/5/3
30.0,5,4,1000,constant-mc,-0.005033333333334333,-0.018635506786058187,0.00856884011938952,uncertain,60,0.95,hmm-mixture/5/4/5/4
30.0,5,5,1000,constant-mc,0.00276666666666614,-0.012146090832619194,0.017573474673297618,uncertain,60,0.95,hmm-mixture/5/4/5/5
30.0,5,6,1000,constant-mc,0.004733333333333256,-0.010288553507549203,0.019755220174215715,uncertain,60,0.95,hmm-mixture/5/4/5/6
30.0,5,7,1000,constant-mc,0.005733333333334478,-0.008090280408137751,0.019556947074806708,uncertain,60,0.95,hmm-mixture/5/4/5/7
30.0,5,8,1000,constant-mc,-0.003266666666665863,-0.01600275338950663,0.009469420056174904,uncertain,60,0.95,hmm-mixture/5/4/5/8
30.0,5,9,1000,constant-mc,0.001666666666666039,-0.014547004975244526,0.017880338308576604,uncertain,60,0.95,hmm-mixture/5/4/5/9
30.0,5,10,1000,constant-mc,0.0019999999999988916,-0.012852339214007635,0.01685233921400542,uncertain,60,0.95,hmm-mixture/5/4/5/10
30.0,5,11,1000,constant-mc,-0.006033333333332891,-0.020231116772992053,0.008164450106326271,uncertain,60,0.95,hmm-mixture/5/4/5/11
30.0,5,12,1000,constant-mc,0.005433333333333401,-0.007722577368932448,0.018396497695402303,uncertain,60,0.95,hmm-mixture/5/4/5/12
30.0,5,13,1000,constant-mc,0.0021333333333339866,-0.01530320592640777,0.01877477257875615,uncertain,60,0.95,hmm-mixture/5/4/5/13
30.0,5,14,1000,constant-mc,0.0056666666666655985,-0.010069524759133586,0.021402858092464783,uncertain,60,0.95,hmm-mixture/5/4/5/14
30.0,5,15,1000,constant-mc,0.009799999999999365,-0.005050151170285844,0.024519722846700454,uncertain,60,0.95,hmm-mixture/5/4/5/15
30.0,5,16,1000,constant-mc,-0.0049666666666654535,-0.02054410305637866,0.010610769723047753,uncertain,60,0.95,hmm-mixture/5/4/5/16
30.0,5,17,1000,constant-mc,0.0055000000000005045,-0.011833734306891941,0.021950229516336073,uncertain,60,0.95,hmm-mixture/5/4/5/17
30.0,5,18,1000,constant-mc,-0.0010666666666665492,-0.01568882458529064,0.013555491251957541,uncertain,60,0.95,hmm-mixture/5/4/5/18
30.0,5,19,1000,constant-mc,0.004666666666667929,-0.010639043353283029,0.017614133331480097,uncertain,60,0.95,hmm-mixture/5/4/5/19
30.0,5,20,1000,constant-mc,0.004366666666666852,-0.011454509859244233,0.020054749246714465,uncertain,60,0.95,hmm-mixture/5/4/5/20
30.0,5,21,1000,constant-mc,0.007000000000000561,-0.008857791958233996,0.022025956874625052,uncertain,60,0.95,hmm-mixture/5/4/5/21
30.0,5,22,1000,constant-mc,0.006066666666665554,-0.009168916176395925,0.020683979612757142,uncertain,60,0.95,hmm-mixture/5/4/5/22
30.0,5,23,1000,constant-mc,0.00553333333333228,-0.010355127538653086,0.02113576318994337,uncertain,60,0.95,hmm-mixture/5/4/5/23
30.0,5,24,1000,constant-mc,0.008599999999998609,-0.004917106292941398,0.02176032625988622,uncertain,60,0.95,hmm-mixture/5/4/5/24
30.0,5,25,1000,constant-mc,0.005366666666667186,-0.011041772290941054,0.021775105624275426,uncertain,60,0.95,hmm-mixture/5/4/5/25
30.0,5,26,1000,constant-mc,0.0033333333333329662,-0.010548288871476075,0.017214955538142007,uncertain,60,0.95,hmm-mixture/5/4/5/26
30.0,5,27,1000,constant-mc,0.0007666666666672484,-0.015262381798224034,0.014745225477598822,uncertain,60,0.95,hmm-mixture/5/4/5/27
30.0,5,28,1000,constant-mc,0.00136666666666585,-0.013655030019936731,0.013925058446222494,uncertain,60,0.95,hmm-mixture/5/4/5/28
30.0,5,29,1000,constant-mc,0.006566666666664389,-0.008421387910142464,0.0211604860319623,uncertain,60,0.95,hmm-mixture/5/4/5/29
30.0,6,0,1000,constant-mc,0.0018333333333329094,-0.013277106071446276,0.016943772738112095,uncertain,60,0.95,hmm-mixture/6/4/5/0
30.0,6,1,1000,constant-mc,-0.0007333333333336967,-0.01728242818309944,0.015815761516432048,uncertain,60,0.95,hmm-mixture/6/4/5/1
30.0,6,2,1000,constant-mc,0.00573333333333359,-0.009726842303597216,0.020817895344863224,uncertain,60,0.95,hmm-mixture/6/4/5/2
30.0,6,3,1000,constant-mc,0.0062000000000006494,-0.008740329617855203,0.020537097200869603,uncertain,60,0.95,hmm-mixture/6/4/5/3
30.0,6,4,1000,constant-mc,0.0028333333333332433,-0.011941225677810863,0.01760789234447735,uncertain,60,0.95,hmm-mixture/6/4/5/4
30.0,6,5,1000,constant-mc,0.004566666666666386,-0.010412261384543875,0.019123361919093362,uncertain,60,0.95,hmm-mixture/6/4/5/5
30.0,6,6,1000,constant-mc,0.005633333333333823,-0.011477798560428631,0.020645794365508507,uncertain,60,0.95,hmm-mixture/6/4/5/6
30.0,6,7,1000,constant-mc,0.003766666666667362,-0.01192843579327807,0.019461769126612793,uncertain,60,0.95,hmm-mixture/6/4/5/7
30.0,6,8,1000,constant-mc,0.0029333333333330103,-0.013880852582710546,0.01894634009924978,uncertain,60,0.95,hmm-mixture/6/4/5/8
30.0,6,9,1000,constant-mc,0.0005333333333332746,-0.015077128283372154,0.016143794950038703,uncertain,60,0.95,hmm-mixture/6/4/5/9
30.0,6,10,1000,constant-mc,0.0010333333333338857,-0.016215663592901386,0.017337120935515316,uncertain,60,0.95,hmm-mixture/6/4/5/10
30.0,6,11,1000,constant-mc,0.0032333333333331993,-0.013206323218737381,0.018391422099039545,uncertain,60,0.95,hmm-mixture/6/4/5/11
30.0,6,12,1000,constant-mc,0.006899999999999906,-0.008719461821278252,0.022519461821278064,uncertain,60,0.95,hmm-mixture/6/4/5/12
30.0,6,13,1000,constant-mc,0.0019666666666635635,-0.015039518883614988,0.0174079019194453,uncertain,60,0.95,hmm-mixture/6/4/5/13
30.0,6,14,1000,constant-mc,0.004866666666667463,-0.012247714689950229,0.02197315889376661,uncertain,60,0.95,hmm-mixture/6/4/5/14
30.0,6,15,1000,constant-mc,-0.0007333333333345848,-0.01642628845751215,0.014151929885040104,uncertain,60,0.95,hmm-mixture/6/4/5/15
30.0,6,16,1000,constant-mc,0.0035333333333342765,-0.012889446919119862,0.019956113585788415,uncertain,60,0.95,hmm-mixture/6/4/5/16
30.0,6,17,1000,constant-mc,0.005933333333332236,-0.009879553799081897,0.02174622046574637,uncertain,60,0.95,hmm-mixture/6/4/5/17
30.0,6,18,1000,constant-mc,0.0026000000000001577,-0.013710305473406237,0.018910305473406552,uncertain,60,0.95,hmm-mixture/6/4/5/18
30.0,6,19,1000,constant-mc,0.002000000000000668,-0.015491647448838464,0.019044267129188164,uncertain,60,0.95,hmm-mixture/6/4/5/19
30.0,6,20,1000,constant-mc,-0.0038000000000000256,-0.018502546655184027,0.010902546655183976,uncertain,60,0.95,hmm-mixture/6/4/5/20
30.0,6,21,1000,constant-mc,0.005933333333333124,-0.01065979310383014,0.021651132705020615,uncertain,60,0.95,hmm-mixture/6/4/5/21
30.0,6,22,1000,constant-mc,0.006733333333333924,-0.008030329663679225,0.021496996330347073,uncertain,60,0.95,hmm-mixture/6/4/5/22
30.0,6,23,1000,constant-mc,0.0016999999999987025,-0.013216410759366859,0.016616410759364264,uncertain,60,0.95,hmm-mixture/6/4/5/23
30.0,6,24,1000,constant-mc,0.0030999999999998806,-0.012365257230619875,0.01706503063806153,uncertain,60,0.95,hmm-mixture/6/4/5/24
30.0,6,25,1000,constant-mc,0.003633333333332267,-0.011924408693418265,0.017680523734521003,uncertain,60,0.95,hmm-mixture/6/4/5/25
30.0,6,26,1000,constant-mc,0.0030000000000001137,-0.013413901496774017,0.019413901496774244,uncertain,60,0.95,hmm-mixture/6/4/5/26
30.0,6,27,1000,constant-mc,-0.003933333333332456,-0.019535503894389628,0.010865405362449287,uncertain,60,0.95,hmm-mixture/6/4/5/27
30.0,6,28,1000,constant-mc,-0.0017000000000022553,-0.017965529322701457,0.014565529322696946,uncertain,60,0.95,hmm-mixture/6/4/5/28
30.0,6,29,1000,constant-mc,0.0022999999999999687,-0.011993309020703613,0.01659330902070355,uncertain,60,0.95,hmm-mixture/6/4/5/29
30.0,7,0,1000,constant-mc,0.00026666666666841365,-0.01579168877461523,0.01632502210795206,uncertain,60,0.95,hmm-mixture/7/4/5/0
30.0,7,1,1000,constant-mc,0.0032000000000005357,-0.015077995546850964,0.019422269980127638,uncertain,60,0.95,hmm-mixture/7/4/5/1
30.0,7,2,1000,constant-mc,-0.0006999999999992568,-0.018690649499003342,0.01729064949900483,uncertain,60,0.95,hmm-mixture/7/4/5/2
30.0,7,3,1000,constant-mc,0.004199999999997317,-0.013603080105418996,0.02053821124245747,uncertain,60,0.95,hmm-mixture/7/4/5/3
30.0,7,4,1000,constant-mc,0.002700000000000813,-0.014160148238119064,0.01956014823812069,uncertain,60,0.95,hmm-mixture/7/4/5/4
30.0,7,5,1000,constant-mc,-0.00036666666666640424,-0.017661436081883863,0.01437540541765081,uncertain,60,0.95,hmm-mixture/7/4/5/5
30.0,7,6,1000,constant-mc,0.0043333333333333,-0.012516146179431864,0.01987187164289672,uncertain,60,0.95,hmm-mixture/7/4/5/6
30.0,7,7,1000,constant-mc,-0.003866666666667129,-0.01991367115629661,0.01218033782296235,uncertain,60,0.95,hmm-mixture/7/4/5/7
30.0,7,8,1000,constant-mc,-0.000600000000000378,-0.016253633185105976,0.01505363318510522,uncertain,60,0.95,hmm-mixture/7/4/5/8
30.0,7,9,1000,constant-mc,0.0043333333333333,-0.013839244638266024,0.021251223759619187,uncertain,60,0.95,hmm-mixture/7/4/5/9
30.0,7,10,1000,constant-mc,-0.009033333333331228,-0.02555733599098975,0.007490669324327293,uncertain,60,0.95,hmm-mixture/7/4/5/10
30.0,7,11,1000,constant-mc,0.00360000000000138,-0.013955545128043312,0.02052754188117678,uncertain,60,0.95,hmm-mixture/7/4/5/11
30.0,7,12,1000,constant-mc,-0.0005666666666686027,-0.016574518264381055,0.014725566678380986,uncertain,60,0.95,hmm-mixture/7/4/5/12
30.0,7,13,1000,constant-mc,-0.0017666666666684705,-0.018464491867712596,0.014931158534375655,uncertain,60,0.95,hmm-mixture/7/4/5/13
30.0,7,14,1000,constant-mc,0.002666666666667261,-0.014307076814358055,0.019147497701880845,uncertain,60,0.95,hmm-mixture/7/4/5/14
30.0,7,15,1000,constant-mc,0.004666666666667041,-0.010729034833557805,0.01840857382183181,uncertain,60,0.95,hmm-mixture/7/4/5/15
30.0,7,16,1000,constant-mc,0.005133333333334988,-0.01000714599584196,0.020273812662511936,uncertain,60,0.95,hmm-mixture/7/4/5/16
30.0,7,17,1000,constant-mc,0.0031666666666652077,-0.014157303079764816,0.01967872689869843,uncertain,60,0.95,hmm-mixture/7/4/5/17
30.0,7,18,1000,constant-mc,-0.005533333333334944,-0.02312842031711071,0.01206175365044082,uncertain,60,0.95,hmm-mixture/7/4/5/18
30.0,7,19,1000,constant-mc,0.0008666666666661271,-0.01575278473148156,0.017486118064813816,uncertain,60,0.95,hmm-mixture/7/4/5/19
30.0,7,20,1000,constant-mc,0.0007666666666663602,-0.014674938620469646,0.016208271953802367,uncertain,60,0.95,hmm-mixture/7/4/5/20
30.0,7,21,1000,constant-mc,0.004033333333332223,-0.012913083998356889,0.020786255901870554,uncertain,60,0.95,hmm-mixture/7/4/5/21
30.0,7,22,1000,constant-mc,0.0017999999999993577,-0.013631559536589677,0.017055038536960332,uncertain,60,0.95,hmm-mixture/7/4/5/22
30.0,7,23,1000,constant-mc,-0.003133333333332544,-0.01832051988816019,0.012053853221495103,uncertain,60,0.95,hmm-mixture/7/4/5/23
30.0,7,24,1000,constant-mc,-0.001866666666665573,-0.01720939440775826,0.013476061074427115,uncertain,60,0.95,hmm-mixture/7/4/5/24
30.0,7,25,1000,constant-mc,-0.004733333333334144,-0.022397655283106666,0.012824289157382651,uncertain,60,0.95,hmm-mixture/7/4/5/25
30.0,7,26,1000,constant-mc,0.0032333333333349756,-0.012655642782523735,0.018795636364833612,uncertain,60,0.95,hmm-mixture/7/4/5/26
30.0,7,27,1000,constant-mc,0.0039000000000006807,-0.014244329170655767,0.019285618013929806,uncertain,60,0.95,hmm-mixture/7/4/5/27
30.0,7,28,1000,constant-mc,0.0015000000000018332,-0.016611371181380896,0.01924721436225063,uncertain,60,0.95,hmm-mixture/7/4/5/28
30.0,7,29,1000,constant-mc,0.0007333333333336967,-0.015168952416334314,0.016635619083001707,uncertain,60,0.95,hmm-mixture/7/4/5/29
30.0,8,0,1000,constant-mc,0.0006666666666683696,-0.018903968482864464,0.019466841650626954,uncertain,60,0.95,hmm-mixture/8/4/5/0
30.0,8,1,1000,constant-mc,-0.0008666666666670153,-0.02003154866214185,0.016787842953783993,uncertain,60,0.95,hmm-mixture/8/4/5/1
30.0,8,2,1000,constant-mc,0.0013666666666631855,-0.016696630025608172,0.0186621338722599,uncertain,60,0.95,hmm-mixture/8/4/5/2
30.0,8,3,1000,constant-mc,-0.0008333333333334636,-0.018594470832219656,0.016644475762013222,uncertain,60,0.95,hmm-mixture/8/4/5/3
30.0,8,4,1000,constant-mc,-0.00013333333333331865,-0.015747547616838276,0.015480880950171638,uncertain,60,0.95,hmm-mixture/8/4/5/4
30.0,8,5,1000,constant-mc,-0.003066666666666329,-0.02063453872758192,0.014127990118187661,uncertain,60,0.95,hmm-mixture/8/4/5/5
30.0,8,6,1000,constant-mc,-0.00046666666666705936,-0.017010328290673726,0.016076994957339608,uncertain,60,0.95,hmm-mixture/8/4/5/6
30.0,8,7,1000,constant-mc,0.0005333333333359391,-0.015972126285341837,0.017038792952013715,uncertain,60,0.95,hmm-mixture/8/4/5/7
30.0,8,8,1000,constant-mc,0.002566666666667494,-0.015901368762675006,0.018540363019153183,uncertain,60,0.95,hmm-mixture/8/4/5/8
30.0,8,9,1000,constant-mc,0.005099999999997884,-0.009821847140867312,0.019062090008070243,uncertain,60,0.95,hmm-mixture/8/4/5/9
30.0,8,10,1000,constant-mc,-0.0004999999999997229,-0.01647007718933846,0.015470077189339015,uncertain,60,0.95,hmm-mixture/8/4/5/10
30.0,8,11,1000,constant-mc,0.0013333333333331865,-0.015404535960053423,0.018071202626719796,uncertain,60,0.95,hmm-mixture/8/4/5/11
30.0,8,12,1000,constant-mc,-0.0008999999999987907,-0.019171294329672683,0.017371294329675102,uncertain,60,0.95,hmm-mixture/8/4/5/12
30.0,8,13,1000,constant-mc,-0.001166666666665428,-0.017554456681050823,0.01510579501752396,uncertain,60,0.95,hmm-mixture/8/4/5/13
30.0,8,14,1000,constant-mc,0.004633333333334377,-0.012404867107465023,0.021671533774133778,uncertain,60,0.95,hmm-mixture/8/4/5/14
30.0,8,15,1000,constant-mc,0.001466666666665617,-0.01594015868490306,0.016716010083248634,uncertain,60,0.95,hmm-mixture/8/4/5/15
30.0,8,16,1000,constant-mc,0.0005666666666677145,-0.017233004932243112,0.018024075341852352,uncertain,60,0.95,hmm-mixture/8/4/5/16
30.0,8,17,1000,constant-mc,-0.0018666666666646847,-0.018221741301397643,0.014488407968068273,uncertain,60,0.95,hmm-mixture/8/4/5/17
30.0,8,18,1000,constant-mc,0.004400000000000404,-0.010666379057850506,0.01753165028190562,uncertain,60,0.95,hmm-mixture/8/4/5/18
30.0,8,19,1000,constant-mc,-0.00016666666666598218,-0.018240660549282417,0.017907327215950453,uncertain,60,0.95,hmm-mixture/8/4/5/19
30.0,8,20,1000,constant-mc,0.003766666666667362,-0.012968370772738602,0.02034776761119783,uncertain,60,0.95,hmm-mixture/8/4/5/20
30.0,8,21,1000,constant-mc,-0.005600000000000271,-0.023885034043525266,0.012250622563605873,uncertain,60,0.95,hmm-mixture/8/4/5/21
30.0,8,22,1000,constant-mc,0.004300000000000637,-0.013383505363183446,0.02198350536318472,uncertain,60,0.95,hmm-mixture/8/4/5/22
30.0,8,23,1000,constant-mc,-0.005300000000000082,-0.020876903083649978,0.010276903083649813,uncertain,60,0.95,hmm-mixture/8/4/5/23
30.0,8,24,1000,constant-mc,0.003600000000002268,-0.013418205313930898,0.019088676396848747,uncertain,60,0.95,hmm-mixture/8/4/5/24
30.0,8,25,1000,constant-mc,0.0026333333333328213,-0.013624600652168972,0.01882540090899454,uncertain,60,0.95,hmm-mixture/8/4/5/25
30.0,8,26,1000,constant-mc,0.002066666666666883,-0.014579648303257642,0.018712981636591408,uncertain,60,0.95,hmm-mixture/8/4/5/26
30.0,8,27,1000,constant-mc,0.004700000000000593,-0.011208712024559198,0.020608712024560383,uncertain,60,0.95,hmm-mixture/8/4/5/27
30.0,8,28,1000,constant-mc,0.0020999999999995467,-0.013869330257139545,0.01806933025713864,uncertain,60,0.95,hmm-mixture/8/4/5/28
30.0,8,29,1000,constant-mc,0.0037666666666682502,-0.01066568804682344,0.01819902138015994,uncertain,60,0.95,hmm-mixture/8/4/5/29
30.0,9,0,1000,constant-mc,-0.001100000000000101,-0.0171121636034961,0.014912163603495898,uncertain,60,0.95,hmm-mixture/9/4/5/0
30.0,9,1,1000,constant-mc,0.0009666666666667822,-0.015766117805139146,0.016681146881830422,uncertain,60,0.95,hmm-mixture/9/4/5/1
30.0,9,2,1000,constant-mc,0.002533333333335719,-0.012992227984676141,0.01664948953583867,uncertain,60,0.95,hmm-mixture/9/4/5/2
30.0,9,3,1000,constant-mc,0.0010666666666683255,-0.01600681890209188,0.016860690037886705,uncertain,60,0.95,hmm-mixture/9/4/5/3
30.0,9,4,1000,constant-mc,-0.0021666666666675383,-0.018483599793167826,0.013101185785176384,uncertain,60,0.95,hmm-mixture/9/4/5/4
30.0,9,5,1000,constant-mc,-0.0013999999999994017,-0.018669064556852355,0.015724755660858847,uncertain,60,0.95,hmm-mixture/9/4/5/5
30.0,9,6,1000,constant-mc,-8.881784197001252e-16,-0.01809728434356561,0.018097284343563835,uncertain,60,0.95,hmm-mixture/9/4/5/6
30.0,9,7,1000,constant-mc,-0.00013333333333420683,-0.019164353375302312,0.01838056585469605,uncertain,60,0.95,hmm-mixture/9/4/5/7
30.0,9,8,1000,constant-mc,0.0012666666666678594,-0.01574418368167141,0.017347239981882367,uncertain,60,0.95,hmm-mixture/9/4/5/8
30.0,9,9,1000,constant-mc,0.000300000000000189,-0.018827863608041007,0.01767566455007774,uncertain,60,0.95,hmm-mixture/9/4/5/9
30.0,9,10,1000,constant-mc,-0.001466666666665617,-0.018933689492904193,0.01600035615957296,uncertain,60,0.95,hmm-mixture/9/4/5/10
30.0,9,11,1000,constant-mc,-0.002400000000000624,-0.019270354771722786,0.014470354771721539,uncertain,60,0.95,hmm-mixture/9/4/5/11
30.0,9,12,1000,constant-mc,0.001433333333331177,-0.01623638887079437,0.018473778039578725,uncertain,60,0.95,hmm-mixture/9/4/5/12
30.0,9,13,1000,constant-mc,-0.0003000000000010772,-0.01876842555970981,0.017336489700975122,uncertain,60,0.95,hmm-mixture/9/4/5/13
30.0,9,14,1000,constant-mc,-0.0015999999999989356,-0.018544125597384387,0.015344125597386515,uncertain,60,0.95,hmm-mixture/9/4/5/14
30.0,9,15,1000,constant-mc,0.002533333333332166,-0.01567068802434246,0.020176125987251936,uncertain,60,0.95,hmm-mixture/9/4/5/15
30.0,9,16,1000,constant-mc,-0.0020999999999986585,-0.01943201707797826,0.015232017077980942,uncertain,60,0.95,hmm-mixture/9/4/5/16
30.0,9,17,1000,constant-mc,0.0006666666666674814,-0.016924215368543827,0.018046115151042486,uncertain,60,0.95,hmm-mixture/9/4/5/17
30.0,9,18,1000,constant-mc,0.0015000000000000568,-0.016262008968839226,0.01926200896883934,uncertain,60,0.95,hmm-mixture/9/4/5/18
30.0,9,19,1000,constant-mc,0.005133333333331436,-0.011632688225638788,0.0215509518639454,uncertain,60,0.95,hmm-mixture/9/4/5/19
30.0,9,20,1000,constant-mc,0.0029333333333330103,-0.015619730614365501,0.018522528911955938,uncertain,60,0.95,hmm-mixture/9/4/5/20
30.0,9,21,1000,constant-mc,0.005000000000000782,-0.012633738019940388,0.021544176282867866,uncertain,60,0.95,hmm-mixture/9/4/5/21
30.0,9,22,1000,constant-mc,-0.006133333333333546,-0.024803129901574295,0.012536463234907202,uncertain,60,0.95,hmm-mixture/9/4/5/22
30.0,9,23,1000,constant-mc,-0.005900000000001349,-0.023173144518935374,0.011373144518932676,uncertain,60,0.95,hmm-mixture/9/4/5/23
30.0,9,24,1000,constant-mc,-0.0033666666666682943,-0.018489148340984585,0.011394142480796177,uncertain,60,0.95,hmm-mixture/9/4/5/24
30.0,9,25,1000,constant-mc,0.002000000000000668,-0.016459295721471534,0.0186173098211615,uncertain,60,0.95,hmm-mixture/9/4/5/25
30.0,9,26,1000,constant-mc,-0.0011333333333327644,-0.020092904568040915,0.017816938841661134,uncertain,60,0.95,hmm-mixture/9/4/5/26
30.0,9,27,1000,constant-mc,0.000700000000000145,-0.017869645371461296,0.018972653099596393,uncertain,60,0.95,hmm-mixture/9/4/5/27
30.0,9,28,1000,constant-mc,0.007400000000000517,-0.009910411856393964,0.0239840131593807,uncertain,60,0.95,hmm-mixture/9/4/5/28
30.0,9,29,1000,constant-mc,0.005399999999999849,-0.010594937943161575,0.02132555462700836,uncertain,60,0.95,hmm-mixture/9/4/5/29
30.0,10,0,1000,constant-mc,0.00010000000000065512,-0.016974632282421354,0.017174632282422664,uncertain,60,0.95,hmm-mixture/10/4/5/0
30.0,10,1,1000,constant-mc,0.00039999999999906777,-0.017866136438300373,0.018140820008260228,uncertain,60,0.95,hmm-mixture/10/4/5/1
30.0,10,2,1000,constant-mc,-0.000700000000000145,-0.017601901489525673,0.016201901489525383,uncertain,60,0.95,hmm-mixture/10/4/5/2
30.0,10,3,1000,constant-mc,-0.00039999999999995595,-0.016506794621385268,0.01480003043789857,uncertain,60,0.95,hmm-mixture/10/4/5/3
30.0,10,4,1000,constant-mc,-6.666666666710341e-05,-0.018476442772301205,0.01689735777323431,uncertain,60,0.95,hmm-mixture/10/4/5/4
30.0,10,5,1000,constant-mc,-0.0017999999999975813,-0.021229372877236585,0.016435740760327278,uncertain,60,0.95,hmm-mixture/10/4/5/5
30.0,10,6,1000,constant-mc,-0.0030333333333345536,-0.022189937876563093,0.014177478436152136,uncertain,60,0.95,hmm-mixture/10/4/5/6
30.0,10,7,1000,constant-mc,0.002666666666667261,-0.014450402504796678,0.019503238249522603,uncertain,60,0.95,hmm-mixture/10/4/5/7
30.0,10,8,1000,constant-mc,-0.001266666666665195,-0.020991832761329654,0.018458499427999264,uncertain,60,0.95,hmm-mixture/10/4/5/8
30.0,10,9,1000,constant-mc,-0.00019999999999953388,-0.018391816644199643,0.017400074692356604,uncertain,60,0.95,hmm-mixture/10/4/5/9
30.0,10,10,1000,constant-mc,-0.007766666666665145,-0.024761419745821023,0.009228086412490732,uncertain,60,0.95,hmm-mixture/10/4/5/10
30.0,10,11,1000,constant-mc,-0.009799999999999365,-0.030440811909857146,0.010840811909858417,uncertain,60,0.95,hmm-mixture/10/4/5/11
30.0,10,12,1000,constant-mc,-0.001866666666665573,-0.02027052044993649,0.015304407666723918,uncertain,60,0.95,hmm-mixture/10/4/5/12
30.0,10,13,1000,constant-mc,0.00016666666666775853,-0.019708149356573834,0.016613952856148195,uncertain,60,0.95,hmm-mixture/10/4/5/13
30.0,10,14,1000,constant-mc,-0.0026000000000001577,-0.021422641209148274,0.014267140474239604,uncertain,60,0.95,hmm-mixture/10/4/5/14
30.0,10,15,1000,constant-mc,-0.0007333333333328085,-0.01803099063198843,0.016228598664213223,uncertain,60,0.95,hmm-mixture/10/4/5/15
30.0,10,16,1000,constant-mc,0.0006000000000012662,-0.017073487129321663,0.016720829317964814,uncertain,60,0.95,hmm-mixture/10/4/5/16
30.0,10,17,1000,constant-mc,-0.002000000000000668,-0.019755119869516946,0.015719383342641002,uncertain,60,0.95,hmm-mixture/10/4/5/17
30.0,10,18,1000,constant-mc,-0.0012999999999996348,-0.018321785756094222,0.015721785756094953,uncertain,60,0.95,hmm-mixture/10/4/5/18
30.0,10,19,1000,constant-mc,-0.00013333333333331865,-0.017688645106238354,0.016557160265770143,uncertain,60,0.95,hmm-mixture/10/4/5/19
30.0,10,20,1000,constant-mc,-0.0008333333333334636,-0.018626923854181854,0.01639064210552732,uncertain,60,0.95,hmm-mixture/10/4/5/20
30.0,10,21,1000,constant-mc,-0.0036333333333349316,-0.02116340161425523,0.013896734947585365,uncertain,60,0.95,hmm-mixture/10/4/5/21
30.0,10,22,1000,constant-mc,-0.0010333333333329975,-0.018142434944732777,0.01594648403416077,uncertain,60,0.95,hmm-mixture/10/4/5/22
30.0,10,23,1000,constant-mc,-0.007299999999998086,-0.024917016677870052,0.01031701667787388,uncertain,60,0.95,hmm-mixture/10/4/5/23
30.0,10,24,1000,constant-mc,0.005466666666665176,-0.012678752092821988,0.023138360791975288,uncertain,60,0.95,hmm-mixture/10/4/5/24
30.0,10,25,1000,constant-mc,0.004233333333334421,-0.014747347521829823,0.023214014188498666,uncertain,60,0.95,hmm-mixture/10/4/5/25
30.0,10,26,1000,constant-mc,0.003466666666667173,-0.013596849794900834,0.019880339497887256,uncertain,60,0.95,hmm-mixture/10/4/5/26
30.0,10,27,1000,constant-mc,-0.004133333333332878,-0.02189298462736744,0.013626317960701684,uncertain,60,0.95,hmm-mixture/10/4/5/27
30.0,10,28,1000,constant-mc,0.002266666666666417,-0.014937767404312297,0.019322044611358002,uncertain,60,0.95,hmm-mixture/10/4/5/28
30.0,10,29,1000,constant-mc,0.0024333333333341756,-0.015311597238215846,0.020178263904884197,uncertain,60,0.95,hmm-mixture/10/4/5/29
