alpha,K,mixture_id,dataset_id,n,N,d,cost_scheme,rule,threshold,k_hat,k_correct,exact_recovery,mixture_key
0.1,2,0,0,400,200,5,constant,stated,0.6784994344878064,1,0,0,mixture/0.1/2/5/0
0.1,2,0,0,400,200,5,constant,geomean,0.10908712114635716,2,1,1,mixture/0.1/2/5/0
0.1,2,0,0,400,200,5,constant,ratio,0.06000000000000005,2,1,1,mixture/0.1/2/5/0
0.1,2,0,0,400,200,5,constant,ratio-half,0.06000000000000005,2,1,1,mixture/0.1/2/5/0
0.1,2,0,0,1000,200,5,constant,stated,0.5395907397331495,1,0,0,mixture/0.1/2/5/0
0.1,2,0,0,1000,200,5,constant,geomean,0.08342661445845688,2,1,1,mixture/0.1/2/5/0
0.1,2,0,0,1000,200,5,constant,ratio,0.03399999999999992,2,1,1,mixture/0.1/2/5/0
0.1,2,0,0,1000,200,5,constant,ratio-half,0.03399999999999992,2,1,1,mixture/0.1/2/5/0
0.1,2,1,0,400,200,5,constant,stated,0.6784994344878064,2,1,1,mixture/0.1/2/5/1
0.1,2,1,0,400,200,5,constant,geomean,0.24124676163629633,2,1,1,mixture/0.1/2/5/1
0.1,2,1,0,400,200,5,constant,ratio,0.07500000000000001,2,1,1,mixture/0.1/2/5/1
0.1,2,1,0,400,200,5,constant,ratio-half,0.07500000000000001,2,1,1,mixture/0.1/2/5/1
0.1,2,1,0,1000,200,5,constant,stated,0.5395907397331495,2,1,1,mixture/0.1/2/5/1
0.1,2,1,0,1000,200,5,constant,geomean,0.18153787483607928,2,1,1,mixture/0.1/2/5/1
0.1,2,1,0,1000,200,5,constant,ratio,0.040000000000000036,2,1,1,mixture/0.1/2/5/1
0.1,2,1,0,1000,200,5,constant,ratio-half,0.040000000000000036,2,1,1,mixture/0.1/2/5/1
0.1,2,2,0,400,200,5,constant,stated,0.6784994344878064,2,1,1,mixture/0.1/2/5/2
0.1,2,2,0,400,200,5,constant,geomean,0.25845695966640164,2,1,1,mixture/0.1/2/5/2
0.1,2,2,0,400,200,5,constant,ratio,0.065,2,1,1,mixture/0.1/2/5/2
0.1,2,2,0,400,200,5,constant,ratio-half,0.065,2,1,1,mixture/0.1/2/5/2
0.1,2,2,0,1000,200,5,constant,stated,0.5395907397331495,2,1,1,mixture/0.1/2/5/2
0.1,2,2,0,1000,200,5,constant,geomean,0.1942987390592126,2,1,1,mixture/0.1/2/5/2
0.1,2,2,0,1000,200,5,constant,ratio,0.03199999999999997,2,1,1,mixture/0.1/2/5/2
0.1,2,2,0,1000,200,5,constant,ratio-half,0.03199999999999997,2,1,1,mixture/0.1/2/5/2
0.1,2,3,0,400,200,5,constant,stated,0.6784994344878064,2,1,1,mixture/0.1/2/5/3
0.1,2,3,0,400,200,5,constant,geomean,0.3230711995830021,2,1,1,mixture/0.1/2/5/3
0.1,2,3,0,400,200,5,constant,ratio,0.255,2,1,1,mixture/0.1/2/5/3
0.1,2,3,0,400,200,5,constant,ratio-half,0.255,2,1,1,mixture/0.1/2/5/3
0.1,2,3,0,1000,200,5,constant,stated,0.5395907397331495,2,1,1,mixture/0.1/2/5/3
0.1,2,3,0,1000,200,5,constant,geomean,0.3433948165013561,2,1,1,mixture/0.1/2/5/3
0.1,2,3,0,1000,200,5,constant,ratio,0.14400000000000002,2,1,1,mixture/0.1/2/5/3
0.1,2,3,0,1000,200,5,constant,ratio-half,0.14400000000000002,2,1,1,mixture/0.1/2/5/3
0.1,2,4,0,400,200,5,constant,stated,0.6784994344878064,2,1,1,mixture/0.1/2/5/4
0.1,2,4,0,400,200,5,constant,geomean,0.13304134695650072,4,0,0,mixture/0.1/2/5/4
0.1,2,4,0,400,200,5,constant,ratio,0.0,169,0,0,mixture/0.1/2/5/4
0.1,2,4,0,400,200,5,constant,ratio-half,0.195,2,1,1,mixture/0.1/2/5/4
0.1,2,4,0,1000,200,5,constant,stated,0.5395907397331495,2,1,1,mixture/0.1/2/5/4
0.1,2,4,0,1000,200,5,constant,geomean,0.10632027088001612,2,1,1,mixture/0.1/2/5/4
0.1,2,4,0,1000,200,5,constant,ratio,0.0,185,0,0,mixture/0.1/2/5/4
0.1,2,4,0,1000,200,5,constant,ratio-half,0.07799999999999999,2,1,1,mixture/0.1/2/5/4
0.1,2,5,0,400,200,5,constant,stated,0.6784994344878064,2,1,1,mixture/0.1/2/5/5
0.1,2,5,0,400,200,5,constant,geomean,0.23738154940938444,2,1,1,mixture/0.1/2/5/5
0.1,2,5,0,400,200,5,constant,ratio,0.09000000000000002,2,1,1,mixture/0.1/2/5/5
0.1,2,5,0,400,200,5,constant,ratio-half,0.09000000000000002,2,1,1,mixture/0.1/2/5/5
0.1,2,5,0,1000,200,5,constant,stated,0.5395907397331495,2,1,1,mixture/0.1/2/5/5
0.1,2,5,0,1000,200,5,constant,geomean,0.19017886317885074,2,1,1,mixture/0.1/2/5/5
0.1,2,5,0,1000,200,5,constant,ratio,0.045999999999999985,2,1,1,mixture/0.1/2/5/5
0.1,2,5,0,1000,200,5,constant,ratio-half,0.045999999999999985,2,1,1,mixture/0.1/2/5/5
0.1,2,6,0,400,200,5,constant,stated,0.6784994344878064,2,1,1,mixture/0.1/2/5/6
0.1,2,6,0,400,200,5,constant,geomean,0.2340939982143926,2,1,1,mixture/0.1/2/5/6
0.1,2,6,0,400,200,5,constant,ratio,0.05499999999999999,2,1,1,mixture/0.1/2/5/6
0.1,2,6,0,400,200,5,constant,ratio-half,0.05499999999999999,2,1,1,mixture/0.1/2/5/6
0.1,2,6,0,1000,200,5,constant,stated,0.5395907397331495,2,1,1,mixture/0.1/2/5/6
0.1,2,6,0,1000,200,5,constant,geomean,0.17835918815693244,2,1,1,mixture/0.1/2/5/6
0.1,2,6,0,1000,200,5,constant,ratio,0.038000000000000034,2,1,1,mixture/0.1/2/5/6
0.1,2,6,0,1000,200,5,constant,ratio-half,0.038000000000000034,2,1,1,mixture/0.1/2/5/6
0.1,2,7,0,400,200,5,constant,stated,0.6784994344878064,1,0,0,mixture/0.1/2/5/7
0.1,2,7,0,400,200,5,constant,geomean,0.21817424229271437,2,1,1,mixture/0.1/2/5/7
0.1,2,7,0,400,200,5,constant,ratio,0.18500000000000005,2,1,1,mixture/0.1/2/5/7
0.1,2,7,0,400,200,5,constant,ratio-half,0.18500000000000005,2,1,1,mixture/0.1/2/5/7
0.1,2,7,0,1000,200,5,constant,stated,0.5395907397331495,2,1,1,mixture/0.1/2/5/7
0.1,2,7,0,1000,200,5,constant,geomean,0.1917602670002313,2,1,1,mixture/0.1/2/5/7
0.1,2,7,0,1000,200,5,constant,ratio,0.10400000000000009,2,1,1,mixture/0.1/2/5/7
0.1,2,7,0,1000,200,5,constant,ratio-half,0.10400000000000009,2,1,1,mixture/0.1/2/5/7
0.1,2,8,0,400,200,5,constant,stated,0.6784994344878064,1,0,0,mixture/0.1/2/5/8
0.1,2,8,0,400,200,5,constant,geomean,0.1519868415357067,2,1,1,mixture/0.1/2/5/8
0.1,2,8,0,400,200,5,constant,ratio,0.07500000000000007,2,1,1,mixture/0.1/2/5/8
0.1,2,8,0,400,200,5,constant,ratio-half,0.07500000000000007,2,1,1,mixture/0.1/2/5/8
0.1,2,8,0,1000,200,5,constant,stated,0.5395907397331495,1,0,0,mixture/0.1/2/5/8
0.1,2,8,0,1000,200,5,constant,geomean,0.11978313737751232,2,1,1,mixture/0.1/2/5/8
0.1,2,8,0,1000,200,5,constant,ratio,0.04800000000000004,2,1,1,mixture/0.1/2/5/8
0.1,2,8,0,1000,200,5,constant,ratio-half,0.04800000000000004,2,1,1,mixture/0.1/2/5/8
0.1,2,9,0,400,200,5,constant,stated,0.6784994344878064,2,1,1,mixture/0.1/2/5/9
0.1,2,9,0,400,200,5,constant,geomean,0.273998175176405,4,0,0,mixture/0.1/2/5/9
0.1,2,9,0,400,200,5,constant,ratio,0.30500000000000005,2,1,1,mixture/0.1/2/5/9
0.1,2,9,0,400,200,5,constant,ratio-half,0.30500000000000005,2,1,1,mixture/0.1/2/5/9
0.1,2,9,0,1000,200,5,constant,stated,0.5395907397331495,2,1,1,mixture/0.1/2/5/9
0.1,2,9,0,1000,200,5,constant,geomean,0.20558210038814187,28,0,0,mixture/0.1/2/5/9
0.1,2,9,0,1000,200,5,constant,ratio,0.2839999999999999,2,1,1,mixture/0.1/2/5/9
0.1,2,9,0,1000,200,5,constant,ratio-half,0.2839999999999999,2,1,1,mixture/0.1/2/5/9
0.1,2,10,0,400,200,5,constant,stated,0.6784994344878064,2,1,1,mixture/0.1/2/5/10
0.1,2,10,0,400,200,5,constant,geomean,0.23404059476936903,2,1,1,mixture/0.1/2/5/10
0.1,2,10,0,400,200,5,constant,ratio,0.07999999999999996,2,1,1,mixture/0.1/2/5/10
0.1,2,10,0,400,200,5,constant,ratio-half,0.07999999999999996,2,1,1,mixture/0.1/2/5/10
0.1,2,10,0,1000,200,5,constant,stated,0.5395907397331495,2,1,1,mixture/0.1/2/5/10
0.1,2,10,0,1000,200,5,constant,geomean,0.177313282074412,2,1,1,mixture/0.1/2/5/10
0.1,2,10,0,1000,200,5,constant,ratio,0.034,2,1,1,mixture/0.1/2/5/10
0.1,2,10,0,1000,200,5,constant,ratio-half,0.034,2,1,1,mixture/0.1/2/5/10
0.1,2,11,0,400,200,5,constant,stated,0.6784994344878064,1,0,0,mixture/0.1/2/5/11
0.1,2,11,0,400,200,5,constant,geomean,0.11757976016304852,4,0,0,mixture/0.1/2/5/11
0.1,2,11,0,400,200,5,constant,ratio,0.17,2,1,1,mixture/0.1/2/5/11
0.1,2,11,0,400,200,5,constant,ratio-half,0.17,2,1,1,mixture/0.1/2/5/11
0.1,2,11,0,1000,200,5,constant,stated,0.5395907397331495,1,0,0,mixture/0.1/2/5/11
0.1,2,11,0,1000,200,5,constant,geomean,0.09777525249264254,2,1,1,mixture/0.1/2/5/11
0.1,2,11,0,1000,200,5,constant,ratio,0.07399999999999998,2,1,1,mixture/0.1/2/5/11
0.1,2,11,0,1000,200,5,constant,ratio-half,0.07399999999999998,2,1,1,mixture/0.1/2/5/11
0.1,2,12,0,400,200,5,constant,stated,0.6784994344878064,2,1,1,mixture/0.1/2/5/12
0.1,2,12,0,400,200,5,constant,geomean,0.2258317958127244,13,0,0,mixture/0.1/2/5/12
0.1,2,12,0,400,200,5,constant,ratio,0.0,146,0,0,mixture/0.1/2/5/12
0.1,2,12,0,400,200,5,constant,ratio-half,0.5499999999999999,2,1,1,mixture/0.1/2/5/12
0.1,2,12,0,1000,200,5,constant,stated,0.5395907397331495,3,0,0,mixture/0.1/2/5/12
0.1,2,12,0,1000,200,5,constant,geomean,0.18558017135459262,22,0,0,mixture/0.1/2/5/12
0.1,2,12,0,1000,200,5,constant,ratio,0.0,166,0,0,mixture/0.1/2/5/12
0.1,2,12,0,1000,200,5,constant,ratio-half,0.386,3,0,0,mixture/0.1/2/5/12
0.1,2,13,0,400,200,5,constant,stated,0.6784994344878064,2,1,1,mixture/0.1/2/5/13
0.1,2,13,0,400,200,5,constant,geomean,0.2824004249288588,2,1,1,mixture/0.1/2/5/13
0.1,2,13,0,400,200,5,constant,ratio,0.245,2,1,1,mixture/0.1/2/5/13
0.1,2,13,0,400,200,5,constant,ratio-half,0.245,2,1,1,mixture/0.1/2/5/13
0.1,2,13,0,1000,200,5,constant,stated,0.5395907397331495,2,1,1,mixture/0.1/2/5/13
0.1,2,13,0,1000,200,5,constant,geomean,0.2526103719169109,2,1,1,mixture/0.1/2/5/13
0.1,2,13,0,1000,200,5,constant,ratio,0.16999999999999993,2,1,1,mixture/0.1/2/5/13
0.1,2,13,0,1000,200,5,constant,ratio-half,0.16999999999999993,2,1,1,mixture/0.1/2/5/13
0.1,2,14,0,400,200,5,constant,stated,0.6784994344878064,1,0,0,mixture/0.1/2/5/14
0.1,2,14,0,400,200,5,constant,geomean,0.12668859459319934,5,0,0,mixture/0.1/2/5/14
0.1,2,14,0,400,200,5,constant,ratio,0.0,166,0,0,mixture/0.1/2/5/14
0.1,2,14,0,400,200,5,constant,ratio-half,0.18500000000000005,2,1,1,mixture/0.1/2/5/14
0.1,2,14,0,1000,200,5,constant,stated,0.5395907397331495,2,1,1,mixture/0.1/2/5/14
0.1,2,14,0,1000,200,5,constant,geomean,0.10783320453366861,2,1,1,mixture/0.1/2/5/14
0.1,2,14,0,1000,200,5,constant,ratio,0.0,181,0,0,mixture/0.1/2/5/14
0.1,2,14,0,1000,200,5,constant,ratio-half,0.07400000000000001,2,1,1,mixture/0.1/2/5/14
0.1,2,15,0,400,200,5,constant,stated,0.6784994344878064,1,0,0,mixture/0.1/2/5/15
0.1,2,15,0,400,200,5,constant,geomean,0.15491933384829673,2,1,1,mixture/0.1/2/5/15
0.1,2,15,0,400,200,5,constant,ratio,0.08999999999999997,2,1,1,mixture/0.1/2/5/15
0.1,2,15,0,400,200,5,constant,ratio-half,0.08999999999999997,2,1,1,mixture/0.1/2/5/15
0.1,2,15,0,1000,200,5,constant,stated,0.5395907397331495,1,0,0,mixture/0.1/2/5/15
0.1,2,15,0,1000,200,5,constant,geomean,0.12465953633797931,2,1,1,mixture/0.1/2/5/15
0.1,2,15,0,1000,200,5,constant,ratio,0.04400000000000004,2,1,1,mixture/0.1/2/5/15
0.1,2,15,0,1000,200,5,constant,ratio-half,0.04400000000000004,2,1,1,mixture/0.1/2/5/15
0.1,2,16,0,400,200,5,constant,stated,0.6784994344878064,2,1,1,mixture/0.1/2/5/16
0.1,2,16,0,400,200,5,constant,geomean,0.22135943621178666,2,1,1,mixture/0.1/2/5/16
0.1,2,16,0,400,200,5,constant,ratio,0.125,2,1,1,mixture/0.1/2/5/16
0.1,2,16,0,400,200,5,constant,ratio-half,0.125,2,1,1,mixture/0.1/2/5/16
0.1,2,16,0,1000,200,5,constant,stated,0.5395907397331495,2,1,1,mixture/0.1/2/5/16
0.1,2,16,0,1000,200,5,constant,geomean,0.18644033898274276,2,1,1,mixture/0.1/2/5/16
0.1,2,16,0,1000,200,5,constant,ratio,0.07600000000000007,2,1,1,mixture/0.1/2/5/16
0.1,2,16,0,1000,200,5,constant,ratio-half,0.07600000000000007,2,1,1,mixture/0.1/2/5/16
0.1,2,17,0,400,200,5,constant,stated,0.6784994344878064,1,0,0,mixture/0.1/2/5/17
0.1,2,17,0,400,200,5,constant,geomean,0.19937402037376892,2,1,1,mixture/0.1/2/5/17
0.1,2,17,0,400,200,5,constant,ratio,0.19000000000000006,2,1,1,mixture/0.1/2/5/17
0.1,2,17,0,400,200,5,constant,ratio-half,0.19000000000000006,2,1,1,mixture/0.1/2/5/17
0.1,2,17,0,1000,200,5,constant,stated,0.5395907397331495,2,1,1,mixture/0.1/2/5/17
0.1,2,17,0,1000,200,5,constant,geomean,0.15794935897305826,2,1,1,mixture/0.1/2/5/17
0.1,2,17,0,1000,200,5,constant,ratio,0.13,2,1,1,mixture/0.1/2/5/17
0.1,2,17,0,1000,200,5,constant,ratio-half,0.13,2,1,1,mixture/0.1/2/5/17
0.1,2,18,0,400,200,5,constant,stated,0.6784994344878064,2,1,1,mixture/0.1/2/5/18
0.1,2,18,0,400,200,5,constant,geomean,0.1732050807568878,2,1,1,mixture/0.1/2/5/18
0.1,2,18,0,400,200,5,constant,ratio,0.05500000000000016,2,1,1,mixture/0.1/2/5/18
0.1,2,18,0,400,200,5,constant,ratio-half,0.05500000000000016,2,1,1,mixture/0.1/2/5/18
0.1,2,18,0,1000,200,5,constant,stated,0.5395907397331495,2,1,1,mixture/0.1/2/5/18
0.1,2,18,0,1000,200,5,constant,geomean,0.1357645019878172,2,1,1,mixture/0.1/2/5/18
0.1,2,18,0,1000,200,5,constant,ratio,0.04799999999999999,2,1,1,mixture/0.1/2/5/18
0.1,2,18,0,1000,200,5,constant,ratio-half,0.04799999999999999,2,1,1,mixture/0.1/2/5/18
0.1,2,19,0,400,200,5,constant,stated,0.6784994344878064,2,1,1,mixture/0.1/2/5/19
0.1,2,19,0,400,200,5,constant,geomean,0.241039415863879,2,1,1,mixture/0.1/2/5/19
0.1,2,19,0,400,200,5,constant,ratio,0.05499999999999999,2,1,1,mixture/0.1/2/5/19
0.1,2,19,0,400,200,5,constant,ratio-half,0.05499999999999999,2,1,1,mixture/0.1/2/5/19
0.1,2,19,0,1000,200,5,constant,stated,0.5395907397331495,2,1,1,mixture/0.1/2/5/19
0.1,2,19,0,1000,200,5,constant,geomean,0.17533967035442957,2,1,1,mixture/0.1/2/5/19
0.1,2,19,0,1000,200,5,constant,ratio,0.02799999999999997,2,1,1,mixture/0.1/2/5/19
0.1,2,19,0,1000,200,5,constant,ratio-half,0.02799999999999997,2,1,1,mixture/0.1/2/5/19
0.1,3,0,0,400,200,5,constant,stated,0.6784994344878064,2,0,0,mixture/0.1/3/5/0
0.1,3,0,0,400,200,5,constant,geomean,0.2366960075708929,3,1,1,mixture/0.1/3/5/0
0.1,3,0,0,400,200,5,constant,ratio,0.08500000000000008,3,1,1,mixture/0.1/3/5/0
0.1,3,0,0,400,200,5,constant,ratio-half,0.08500000000000008,3,1,1,mixture/0.1/3/5/0
0.1,3,0,0,1000,200,5,constant,stated,0.5395907397331495,3,1,1,mixture/0.1/3/5/0
0.1,3,0,0,1000,200,5,constant,geomean,0.18285513391753602,3,1,1,mixture/0.1/3/5/0
0.1,3,0,0,1000,200,5,constant,ratio,0.04400000000000004,3,1,1,mixture/0.1/3/5/0
0.1,3,0,0,1000,200,5,constant,ratio-half,0.04400000000000004,3,1,1,mixture/0.1/3/5/0
0.1,3,1,0,400,200,5,constant,stated,0.6784994344878064,3,1,1,mixture/0.1/3/5/1
0.1,3,1,0,400,200,5,constant,geomean,0.22449944320643642,3,1,1,mixture/0.1/3/5/1
0.1,3,1,0,400,200,5,constant,ratio,0.07,3,1,1,mixture/0.1/3/5/1
0.1,3,1,0,400,200,5,constant,ratio-half,0.07,3,1,1,mixture/0.1/3/5/1
0.1,3,1,0,1000,200,5,constant,stated,0.5395907397331495,3,1,1,mixture/0.1/3/5/1
0.1,3,1,0,1000,200,5,constant,geomean,0.17111399708965946,3,1,1,mixture/0.1/3/5/1
0.1,3,1,0,1000,200,5,constant,ratio,0.034,3,1,1,mixture/0.1/3/5/1
0.1,3,1,0,1000,200,5,constant,ratio-half,0.034,3,1,1,mixture/0.1/3/5/1
0.1,3,2,0,400,200,5,constant,stated,0.6784994344878064,3,1,1,mixture/0.1/3/5/2
0.1,3,2,0,400,200,5,constant,geomean,0.31380726569026407,3,1,1,mixture/0.1/3/5/2
0.1,3,2,0,400,200,5,constant,ratio,0.175,3,1,1,mixture/0.1/3/5/2
0.1,3,2,0,400,200,5,constant,ratio-half,0.175,3,1,1,mixture/0.1/3/5/2
0.1,3,2,0,1000,200,5,constant,stated,0.5395907397331495,3,1,1,mixture/0.1/3/5/2
0.1,3,2,0,1000,200,5,constant,geomean,0.25727805969417594,3,1,1,mixture/0.1/3/5/2
0.1,3,2,0,1000,200,5,constant,ratio,0.09599999999999997,3,1,1,mixture/0.1/3/5/2
0.1,3,2,0,1000,200,5,constant,ratio-half,0.09599999999999997,3,1,1,mixture/0.1/3/5/2
0.1,3,3,0,400,200,5,constant,stated,0.6784994344878064,3,1,1,mixture/0.1/3/5/3
0.1,3,3,0,400,200,5,constant,geomean,0.1624807680927192,4,0,0,mixture/0.1/3/5/3
0.1,3,3,0,400,200,5,constant,ratio,0.0,152,0,0,mixture/0.1/3/5/3
0.1,3,3,0,400,200,5,constant,ratio-half,0.10999999999999999,4,0,0,mixture/0.1/3/5/3
0.1,3,3,0,1000,200,5,constant,stated,0.5395907397331495,3,1,1,mixture/0.1/3/5/3
0.1,3,3,0,1000,200,5,constant,geomean,0.1069579356569675,4,0,0,mixture/0.1/3/5/3
0.1,3,3,0,1000,200,5,constant,ratio,0.0,166,0,0,mixture/0.1/3/5/3
0.1,3,3,0,1000,200,5,constant,ratio-half,0.16599999999999998,3,1,1,mixture/0.1/3/5/3
0.1,3,4,0,400,200,5,constant,stated,0.6784994344878064,3,1,1,mixture/0.1/3/5/4
0.1,3,4,0,400,200,5,constant,geomean,0.21563858652847828,3,1,1,mixture/0.1/3/5/4
0.1,3,4,0,400,200,5,constant,ratio,0.0,187,0,0,mixture/0.1/3/5/4
0.1,3,4,0,400,200,5,constant,ratio-half,0.16000000000000003,3,1,1,mixture/0.1/3/5/4
0.1,3,4,0,1000,200,5,constant,stated,0.5395907397331495,3,1,1,mixture/0.1/3/5/4
0.1,3,4,0,1000,200,5,constant,geomean,0.16257921146321258,3,1,1,mixture/0.1/3/5/4
0.1,3,4,0,1000,200,5,constant,ratio,0.07399999999999995,3,1,1,mixture/0.1/3/5/4
0.1,3,4,0,1000,200,5,constant,ratio-half,0.07399999999999995,3,1,1,mixture/0.1/3/5/4
0.1,3,5,0,400,200,5,constant,stated,0.6784994344878064,3,1,1,mixture/0.1/3/5/5
0.1,3,5,0,400,200,5,constant,geomean,0.22304708023195458,7,0,0,mixture/0.1/3/5/5
0.1,3,5,0,400,200,5,constant,ratio,0.0,190,0,0,mixture/0.1/3/5/5
0.1,3,5,0,400,200,5,constant,ratio-half,0.2400000000000001,3,1,1,mixture/0.1/3/5/5
0.1,3,5,0,1000,200,5,constant,stated,0.5395907397331495,3,1,1,mixture/0.1/3/5/5
0.1,3,5,0,1000,200,5,constant,geomean,0.18347751905887544,3,1,1,mixture/0.1/3/5/5
0.1,3,5,0,1000,200,5,constant,ratio,0.14800000000000002,3,1,1,mixture/0.1/3/5/5
0.1,3,5,0,1000,200,5,constant,ratio-half,0.14800000000000002,3,1,1,mixture/0.1/3/5/5
0.1,3,6,0,400,200,5,constant,stated,0.6784994344878064,1,0,0,mixture/0.1/3/5/6
0.1,3,6,0,400,200,5,constant,geomean,0.1542724862054151,3,1,1,mixture/0.1/3/5/6
0.1,3,6,0,400,200,5,constant,ratio,0.05499999999999999,3,1,1,mixture/0.1/3/5/6
0.1,3,6,0,400,200,5,constant,ratio-half,0.05499999999999999,3,1,1,mixture/0.1/3/5/6
0.1,3,6,0,1000,200,5,constant,stated,0.5395907397331495,2,0,0,mixture/0.1/3/5/6
0.1,3,6,0,1000,200,5,constant,geomean,0.11276524287208364,3,1,1,mixture/0.1/3/5/6
0.1,3,6,0,1000,200,5,constant,ratio,0.02999999999999997,3,1,1,mixture/0.1/3/5/6
0.1,3,6,0,1000,200,5,constant,ratio-half,0.02999999999999997,3,1,1,mixture/0.1/3/5/6
0.1,3,7,0,400,200,5,constant,stated,0.6784994344878064,2,0,0,mixture/0.1/3/5/7
0.1,3,7,0,400,200,5,constant,geomean,0.2018043607061056,3,1,1,mixture/0.1/3/5/7
0.1,3,7,0,400,200,5,constant,ratio,0.14,3,1,1,mixture/0.1/3/5/7
0.1,3,7,0,400,200,5,constant,ratio-half,0.14,3,1,1,mixture/0.1/3/5/7
0.1,3,7,0,1000,200,5,constant,stated,0.5395907397331495,3,1,1,mixture/0.1/3/5/7
0.1,3,7,0,1000,200,5,constant,geomean,0.1479459360712555,3,1,1,mixture/0.1/3/5/7
0.1,3,7,0,1000,200,5,constant,ratio,0.09400000000000003,3,1,1,mixture/0.1/3/5/7
0.1,3,7,0,1000,200,5,constant,ratio-half,0.09400000000000003,3,1,1,mixture/0.1/3/5/7
0.1,3,8,0,400,200,5,constant,stated,0.6784994344878064,1,0,0,mixture/0.1/3/5/8
0.1,3,8,0,400,200,5,constant,geomean,0.1839157415774955,3,1,1,mixture/0.1/3/5/8
0.1,3,8,0,400,200,5,constant,ratio,0.11499999999999999,3,1,1,mixture/0.1/3/5/8
0.1,3,8,0,400,200,5,constant,ratio-half,0.11499999999999999,3,1,1,mixture/0.1/3/5/8
0.1,3,8,0,1000,200,5,constant,stated,0.5395907397331495,3,1,1,mixture/0.1/3/5/8
0.1,3,8,0,1000,200,5,constant,geomean,0.14444376068214237,3,1,1,mixture/0.1/3/5/8
0.1,3,8,0,1000,200,5,constant,ratio,0.08199999999999985,3,1,1,mixture/0.1/3/5/8
0.1,3,8,0,1000,200,5,constant,ratio-half,0.08199999999999985,3,1,1,mixture/0.1/3/5/8
0.1,3,9,0,400,200,5,constant,stated,0.6784994344878064,1,0,0,mixture/0.1/3/5/9
0.1,3,9,0,400,200,5,constant,geomean,0.14142135623730956,3,1,1,mixture/0.1/3/5/9
0.1,3,9,0,400,200,5,constant,ratio,0.08000000000000007,3,1,1,mixture/0.1/3/5/9
0.1,3,9,0,400,200,5,constant,ratio-half,0.08000000000000007,3,1,1,mixture/0.1/3/5/9
0.1,3,9,0,1000,200,5,constant,stated,0.5395907397331495,1,0,0,mixture/0.1/3/5/9
0.1,3,9,0,1000,200,5,constant,geomean,0.10932520294973164,3,1,1,mixture/0.1/3/5/9
0.1,3,9,0,1000,200,5,constant,ratio,0.040000000000000036,3,1,1,mixture/0.1/3/5/9
0.1,3,9,0,1000,200,5,constant,ratio-half,0.040000000000000036,3,1,1,mixture/0.1/3/5/9
0.1,3,10,0,400,200,5,constant,stated,0.6784994344878064,2,0,0,mixture/0.1/3/5/10
0.1,3,10,0,400,200,5,constant,geomean,0.1646966909200061,3,1,1,mixture/0.1/3/5/10
0.1,3,10,0,400,200,5,constant,ratio,0.06,3,1,1,mixture/0.1/3/5/10
0.1,3,10,0,400,200,5,constant,ratio-half,0.06,3,1,1,mixture/0.1/3/5/10
0.1,3,10,0,1000,200,5,constant,stated,0.5395907397331495,2,0,0,mixture/0.1/3/5/10
0.1,3,10,0,1000,200,5,constant,geomean,0.1195491530710277,3,1,1,mixture/0.1/3/5/10
0.1,3,10,0,1000,200,5,constant,ratio,0.03200000000000003,3,1,1,mixture/0.1/3/5/10
0.1,3,10,0,1000,200,5,constant,ratio-half,0.03200000000000003,3,1,1,mixture/0.1/3/5/10
0.1,3,11,0,400,200,5,constant,stated,0.6784994344878064,2,0,0,mixture/0.1/3/5/11
0.1,3,11,0,400,200,5,constant,geomean,0.3218695387886216,3,1,1,mixture/0.1/3/5/11
0.1,3,11,0,400,200,5,constant,ratio,0.43999999999999995,2,0,0,mixture/0.1/3/5/11
0.1,3,11,0,400,200,5,constant,ratio-half,0.43999999999999995,2,0,0,mixture/0.1/3/5/11
0.1,3,11,0,1000,200,5,constant,stated,0.5395907397331495,3,1,1,mixture/0.1/3/5/11
0.1,3,11,0,1000,200,5,constant,geomean,0.25629670306112023,3,1,1,mixture/0.1/3/5/11
0.1,3,11,0,1000,200,5,constant,ratio,0.10400000000000009,3,1,1,mixture/0.1/3/5/11
0.1,3,11,0,1000,200,5,constant,ratio-half,0.10400000000000009,3,1,1,mixture/0.1/3/5/11
0.1,3,12,0,400,200,5,constant,stated,0.6784994344878064,2,0,0,mixture/0.1/3/5/12
0.1,3,12,0,400,200,5,constant,geomean,0.23038012067016542,20,0,0,mixture/0.1/3/5/12
0.1,3,12,0,400,200,5,constant,ratio,0.525,2,0,0,mixture/0.1/3/5/12
0.1,3,12,0,400,200,5,constant,ratio-half,0.525,2,0,0,mixture/0.1/3/5/12
0.1,3,12,0,1000,200,5,constant,stated,0.5395907397331495,3,1,1,mixture/0.1/3/5/12
0.1,3,12,0,1000,200,5,constant,geomean,0.1984842563026095,21,0,0,mixture/0.1/3/5/12
0.1,3,12,0,1000,200,5,constant,ratio,0.30399999999999994,3,1,1,mixture/0.1/3/5/12
0.1,3,12,0,1000,200,5,constant,ratio-half,0.30399999999999994,3,1,1,mixture/0.1/3/5/12
0.1,3,13,0,400,200,5,constant,stated,0.6784994344878064,3,1,1,mixture/0.1/3/5/13
0.1,3,13,0,400,200,5,constant,geomean,0.2558319761093206,3,1,1,mixture/0.1/3/5/13
0.1,3,13,0,400,200,5,constant,ratio,0.07500000000000001,3,1,1,mixture/0.1/3/5/13
0.1,3,13,0,400,200,5,constant,ratio-half,0.07500000000000001,3,1,1,mixture/0.1/3/5/13
0.1,3,13,0,1000,200,5,constant,stated,0.5395907397331495,3,1,1,mixture/0.1/3/5/13
0.1,3,13,0,1000,200,5,constant,geomean,0.1934941859591653,3,1,1,mixture/0.1/3/5/13
0.1,3,13,0,1000,200,5,constant,ratio,0.04200000000000004,3,1,1,mixture/0.1/3/5/13
0.1,3,13,0,1000,200,5,constant,ratio-half,0.04200000000000004,3,1,1,mixture/0.1/3/5/13
0.1,3,14,0,400,200,5,constant,stated,0.6784994344878064,3,1,0,mixture/0.1/3/5/14
0.1,3,14,0,400,200,5,constant,geomean,0.18041618552668723,8,0,0,mixture/0.1/3/5/14
0.1,3,14,0,400,200,5,constant,ratio,0.0,157,0,0,mixture/0.1/3/5/14
0.1,3,14,0,400,200,5,constant,ratio-half,0.07000000000000006,8,0,0,mixture/0.1/3/5/14
0.1,3,14,0,1000,200,5,constant,stated,0.5395907397331495,3,1,0,mixture/0.1/3/5/14
0.1,3,14,0,1000,200,5,constant,geomean,0.14994665718181235,9,0,0,mixture/0.1/3/5/14
0.1,3,14,0,1000,200,5,constant,ratio,0.0,162,0,0,mixture/0.1/3/5/14
0.1,3,14,0,1000,200,5,constant,ratio-half,0.32,3,1,0,mixture/0.1/3/5/14
0.1,3,15,0,400,200,5,constant,stated,0.6784994344878064,1,0,0,mixture/0.1/3/5/15
0.1,3,15,0,400,200,5,constant,geomean,0.14491376746189444,9,0,0,mixture/0.1/3/5/15
0.1,3,15,0,400,200,5,constant,ratio,0.16000000000000003,3,1,1,mixture/0.1/3/5/15
0.1,3,15,0,400,200,5,constant,ratio-half,0.16000000000000003,3,1,1,mixture/0.1/3/5/15
0.1,3,15,0,1000,200,5,constant,stated,0.5395907397331495,1,0,0,mixture/0.1/3/5/15
0.1,3,15,0,1000,200,5,constant,geomean,0.11278297743897342,3,1,1,mixture/0.1/3/5/15
0.1,3,15,0,1000,200,5,constant,ratio,0.10599999999999998,3,1,1,mixture/0.1/3/5/15
0.1,3,15,0,1000,200,5,constant,ratio-half,0.10599999999999998,3,1,1,mixture/0.1/3/5/15
0.1,3,16,0,400,200,5,constant,stated,0.6784994344878064,1,0,0,mixture/0.1/3/5/16
0.1,3,16,0,400,200,5,constant,geomean,0.14491376746189444,3,1,1,mixture/0.1/3/5/16
0.1,3,16,0,400,200,5,constant,ratio,0.05499999999999994,3,1,1,mixture/0.1/3/5/16
0.1,3,16,0,400,200,5,constant,ratio-half,0.05499999999999994,3,1,1,mixture/0.1/3/5/16
0.1,3,16,0,1000,200,5,constant,stated,0.5395907397331495,2,0,0,mixture/0.1/3/5/16
0.1,3,16,0,1000,200,5,constant,geomean,0.10990905331227273,3,1,1,mixture/0.1/3/5/16
0.1,3,16,0,1000,200,5,constant,ratio,0.026000000000000023,3,1,1,mixture/0.1/3/5/16
0.1,3,16,0,1000,200,5,constant,ratio-half,0.026000000000000023,3,1,1,mixture/0.1/3/5/16
0.1,3,17,0,400,200,5,constant,stated,0.6784994344878064,2,0,0,mixture/0.1/3/5/17
0.1,3,17,0,400,200,5,constant,geomean,0.19843134832984438,3,1,1,mixture/0.1/3/5/17
0.1,3,17,0,400,200,5,constant,ratio,0.15500000000000003,3,1,1,mixture/0.1/3/5/17
0.1,3,17,0,400,200,5,constant,ratio-half,0.15500000000000003,3,1,1,mixture/0.1/3/5/17
0.1,3,17,0,1000,200,5,constant,stated,0.5395907397331495,3,1,1,mixture/0.1/3/5/17
0.1,3,17,0,1000,200,5,constant,geomean,0.15815182578775377,3,1,1,mixture/0.1/3/5/17
0.1,3,17,0,1000,200,5,constant,ratio,0.09199999999999997,3,1,1,mixture/0.1/3/5/17
0.1,3,17,0,1000,200,5,constant,ratio-half,0.09199999999999997,3,1,1,mixture/0.1/3/5/17
0.1,3,18,0,400,200,5,constant,stated,0.6784994344878064,3,1,1,mixture/0.1/3/5/18
0.1,3,18,0,400,200,5,constant,geomean,0.18894443627691193,15,0,0,mixture/0.1/3/5/18
0.1,3,18,0,400,200,5,constant,ratio,0.0,175,0,0,mixture/0.1/3/5/18
0.1,3,18,0,400,200,5,constant,ratio-half,0.3999999999999999,3,1,1,mixture/0.1/3/5/18
0.1,3,18,0,1000,200,5,constant,stated,0.5395907397331495,3,1,1,mixture/0.1/3/5/18
0.1,3,18,0,1000,200,5,constant,geomean,0.27527440854536417,10,0,0,mixture/0.1/3/5/18
0.1,3,18,0,1000,200,5,constant,ratio,0.0,191,0,0,mixture/0.1/3/5/18
0.1,3,18,0,1000,200,5,constant,ratio-half,0.38399999999999995,3,1,1,mixture/0.1/3/5/18
0.1,3,19,0,400,200,5,constant,stated,0.6784994344878064,2,0,0,mixture/0.1/3/5/19
0.1,3,19,0,400,200,5,constant,geomean,0.25913317039699874,8,0,0,mixture/0.1/3/5/19
0.1,3,19,0,400,200,5,constant,ratio,0.12999999999999995,8,0,0,mixture/0.1/3/5/19
0.1,3,19,0,400,200,5,constant,ratio-half,0.12999999999999995,8,0,0,mixture/0.1/3/5/19
0.1,3,19,0,1000,200,5,constant,stated,0.5395907397331495,3,1,1,mixture/0.1/3/5/19
0.1,3,19,0,1000,200,5,constant,geomean,0.17634057956125687,8,0,0,mixture/0.1/3/5/19
0.1,3,19,0,1000,200,5,constant,ratio,0.02400000000000002,151,0,0,mixture/0.1/3/5/19
0.1,3,19,0,1000,200,5,constant,ratio-half,0.3780000000000001,3,1,1,mixture/0.1/3/5/19
0.1,4,0,0,400,200,5,constant,stated,0.6784994344878064,3,0,0,mixture/0.1/4/5/0
0.1,4,0,0,400,200,5,constant,geomean,0.233452350598575,6,0,0,mixture/0.1/4/5/0
0.1,4,0,0,400,200,5,constant,ratio,0.0,198,0,0,mixture/0.1/4/5/0
0.1,4,0,0,400,200,5,constant,ratio-half,0.255,5,0,0,mixture/0.1/4/5/0
0.1,4,0,0,1000,200,5,constant,stated,0.5395907397331495,3,0,0,mixture/0.1/4/5/0
0.1,4,0,0,1000,200,5,constant,geomean,0.16949336270190649,7,0,0,mixture/0.1/4/5/0
0.1,4,0,0,1000,200,5,constant,ratio,0.07999999999999999,7,0,0,mixture/0.1/4/5/0
0.1,4,0,0,1000,200,5,constant,ratio-half,0.07999999999999999,7,0,0,mixture/0.1/4/5/0
0.1,4,1,0,400,200,5,constant,stated,0.6784994344878064,3,0,0,mixture/0.1/4/5/1
0.1,4,1,0,400,200,5,constant,geomean,0.21389249636207439,3,0,0,mixture/0.1/4/5/1
0.1,4,1,0,400,200,5,constant,ratio,0.0,160,0,0,mixture/0.1/4/5/1
0.1,4,1,0,400,200,5,constant,ratio-half,0.12,3,0,0,mixture/0.1/4/5/1
0.1,4,1,0,1000,200,5,constant,stated,0.5395907397331495,3,0,0,mixture/0.1/4/5/1
0.1,4,1,0,1000,200,5,constant,geomean,0.15939887076137027,3,0,0,mixture/0.1/4/5/1
0.1,4,1,0,1000,200,5,constant,ratio,0.0,160,0,0,mixture/0.1/4/5/1
0.1,4,1,0,1000,200,5,constant,ratio-half,0.124,3,0,0,mixture/0.1/4/5/1
0.1,4,2,0,400,200,5,constant,stated,0.6784994344878064,3,0,0,mixture/0.1/4/5/2
0.1,4,2,0,400,200,5,constant,geomean,0.16680827317612285,4,1,1,mixture/0.1/4/5/2
0.1,4,2,0,400,200,5,constant,ratio,0.10999999999999993,4,1,1,mixture/0.1/4/5/2
0.1,4,2,0,400,200,5,constant,ratio-half,0.10999999999999993,4,1,1,mixture/0.1/4/5/2
0.1,4,2,0,1000,200,5,constant,stated,0.5395907397331495,4,1,1,mixture/0.1/4/5/2
0.1,4,2,0,1000,200,5,constant,geomean,0.13283071933856255,4,1,1,mixture/0.1/4/5/2
0.1,4,2,0,1000,200,5,constant,ratio,0.06000000000000005,4,1,1,mixture/0.1/4/5/2
0.1,4,2,0,1000,200,5,constant,ratio-half,0.06000000000000005,4,1,1,mixture/0.1/4/5/2
0.1,4,3,0,400,200,5,constant,stated,0.6784994344878064,2,0,0,mixture/0.1/4/5/3
0.1,4,3,0,400,200,5,constant,geomean,0.19685019685029537,24,0,0,mixture/0.1/4/5/3
0.1,4,3,0,400,200,5,constant,ratio,0.0,197,0,0,mixture/0.1/4/5/3
0.1,4,3,0,400,200,5,constant,ratio-half,0.385,3,0,0,mixture/0.1/4/5/3
0.1,4,3,0,1000,200,5,constant,stated,0.5395907397331495,3,0,0,mixture/0.1/4/5/3
0.1,4,3,0,1000,200,5,constant,geomean,0.1647300822557915,9,0,0,mixture/0.1/4/5/3
0.1,4,3,0,1000,200,5,constant,ratio,0.29000000000000004,3,0,0,mixture/0.1/4/5/3
0.1,4,3,0,1000,200,5,constant,ratio-half,0.29000000000000004,3,0,0,mixture/0.1/4/5/3
0.1,4,4,0,400,200,5,constant,stated,0.6784994344878064,2,0,0,mixture/0.1/4/5/4
0.1,4,4,0,400,200,5,constant,geomean,0.2397394418947374,4,1,1,mixture/0.1/4/5/4
0.1,4,4,0,400,200,5,constant,ratio,0.15500000000000003,4,1,1,mixture/0.1/4/5/4
0.1,4,4,0,400,200,5,constant,ratio-half,0.15500000000000003,4,1,1,mixture/0.1/4/5/4
0.1,4,4,0,1000,200,5,constant,stated,0.5395907397331495,3,0,0,mixture/0.1/4/5/4
0.1,4,4,0,1000,200,5,constant,geomean,0.2040000000000001,4,1,1,mixture/0.1/4/5/4
0.1,4,4,0,1000,200,5,constant,ratio,0.068,4,1,1,mixture/0.1/4/5/4
0.1,4,4,0,1000,200,5,constant,ratio-half,0.068,4,1,1,mixture/0.1/4/5/4
0.1,4,5,0,400,200,5,constant,stated,0.6784994344878064,4,1,1,mixture/0.1/4/5/5
0.1,4,5,0,400,200,5,constant,geomean,0.19646882704388502,8,0,0,mixture/0.1/4/5/5
0.1,4,5,0,400,200,5,constant,ratio,0.0,198,0,0,mixture/0.1/4/5/5
0.1,4,5,0,400,200,5,constant,ratio-half,0.43000000000000005,4,1,1,mixture/0.1/4/5/5
0.1,4,5,0,1000,200,5,constant,stated,0.5395907397331495,4,1,1,mixture/0.1/4/5/5
0.1,4,5,0,1000,200,5,constant,geomean,0.1617405329532458,4,1,1,mixture/0.1/4/5/5
0.1,4,5,0,1000,200,5,constant,ratio,0.16,4,1,1,mixture/0.1/4/5/5
0.1,4,5,0,1000,200,5,constant,ratio-half,0.16,4,1,1,mixture/0.1/4/5/5
0.1,4,6,0,400,200,5,constant,stated,0.6784994344878064,1,0,0,mixture/0.1/4/5/6
0.1,4,6,0,400,200,5,constant,geomean,0.1587450786638754,4,1,1,mixture/0.1/4/5/6
0.1,4,6,0,400,200,5,constant,ratio,0.08000000000000007,4,1,1,mixture/0.1/4/5/6
0.1,4,6,0,400,200,5,constant,ratio-half,0.08000000000000007,4,1,1,mixture/0.1/4/5/6
0.1,4,6,0,1000,200,5,constant,stated,0.5395907397331495,2,0,0,mixture/0.1/4/5/6
0.1,4,6,0,1000,200,5,constant,geomean,0.12258874336577569,4,1,1,mixture/0.1/4/5/6
0.1,4,6,0,1000,200,5,constant,ratio,0.052000000000000046,4,1,1,mixture/0.1/4/5/6
0.1,4,6,0,1000,200,5,constant,ratio-half,0.052000000000000046,4,1,1,mixture/0.1/4/5/6
0.1,4,7,0,400,200,5,constant,stated,0.6784994344878064,4,1,1,mixture/0.1/4/5/7
0.1,4,7,0,400,200,5,constant,geomean,0.2884441020371192,4,1,1,mixture/0.1/4/5/7
0.1,4,7,0,400,200,5,constant,ratio,0.16499999999999992,4,1,1,mixture/0.1/4/5/7
0.1,4,7,0,400,200,5,constant,ratio-half,0.16499999999999992,4,1,1,mixture/0.1/4/5/7
0.1,4,7,0,1000,200,5,constant,stated,0.5395907397331495,4,1,1,mixture/0.1/4/5/7
0.1,4,7,0,1000,200,5,constant,geomean,0.24955961211702493,4,1,1,mixture/0.1/4/5/7
0.1,4,7,0,1000,200,5,constant,ratio,0.126,4,1,1,mixture/0.1/4/5/7
0.1,4,7,0,1000,200,5,constant,ratio-half,0.126,4,1,1,mixture/0.1/4/5/7
0.1,4,8,0,400,200,5,constant,stated,0.6784994344878064,2,0,0,mixture/0.1/4/5/8
0.1,4,8,0,400,200,5,constant,geomean,0.17492855684535907,5,0,0,mixture/0.1/4/5/8
0.1,4,8,0,400,200,5,constant,ratio,0.30499999999999994,3,0,0,mixture/0.1/4/5/8
0.1,4,8,0,400,200,5,constant,ratio-half,0.30499999999999994,3,0,0,mixture/0.1/4/5/8
0.1,4,8,0,1000,200,5,constant,stated,0.5395907397331495,3,0,0,mixture/0.1/4/5/8
0.1,4,8,0,1000,200,5,constant,geomean,0.13548431643551964,4,1,1,mixture/0.1/4/5/8
0.1,4,8,0,1000,200,5,constant,ratio,0.08399999999999996,4,1,1,mixture/0.1/4/5/8
0.1,4,8,0,1000,200,5,constant,ratio-half,0.08399999999999996,4,1,1,mixture/0.1/4/5/8
0.1,4,9,0,400,200,5,constant,stated,0.6784994344878064,2,0,0,mixture/0.1/4/5/9
0.1,4,9,0,400,200,5,constant,geomean,0.1469693845669907,9,0,0,mixture/0.1/4/5/9
0.1,4,9,0,400,200,5,constant,ratio,0.0,172,0,0,mixture/0.1/4/5/9
0.1,4,9,0,400,200,5,constant,ratio-half,0.18500000000000005,4,1,1,mixture/0.1/4/5/9
0.1,4,9,0,1000,200,5,constant,stated,0.5395907397331495,3,0,0,mixture/0.1/4/5/9
0.1,4,9,0,1000,200,5,constant,geomean,0.10507140429250962,5,0,0,mixture/0.1/4/5/9
0.1,4,9,0,1000,200,5,constant,ratio,0.0,179,0,0,mixture/0.1/4/5/9
0.1,4,9,0,1000,200,5,constant,ratio-half,0.10799999999999998,4,1,1,mixture/0.1/4/5/9
0.1,4,10,0,400,200,5,constant,stated,0.6784994344878064,3,0,0,mixture/0.1/4/5/10
0.1,4,10,0,400,200,5,constant,geomean,0.1944222209522359,4,1,1,mixture/0.1/4/5/10
0.1,4,10,0,400,200,5,constant,ratio,0.0,187,0,0,mixture/0.1/4/5/10
0.1,4,10,0,400,200,5,constant,ratio-half,0.09499999999999997,4,1,1,mixture/0.1/4/5/10
0.1,4,10,0,1000,200,5,constant,stated,0.5395907397331495,4,1,1,mixture/0.1/4/5/10
0.1,4,10,0,1000,200,5,constant,geomean,0.1443329484213498,4,1,1,mixture/0.1/4/5/10
0.1,4,10,0,1000,200,5,constant,ratio,0.0,199,0,0,mixture/0.1/4/5/10
0.1,4,10,0,1000,200,5,constant,ratio-half,0.05600000000000005,4,1,1,mixture/0.1/4/5/10
0.1,4,11,0,400,200,5,constant,stated,0.6784994344878064,2,0,0,mixture/0.1/4/5/11
0.1,4,11,0,400,200,5,constant,geomean,0.20784609690826528,4,1,1,mixture/0.1/4/5/11
0.1,4,11,0,400,200,5,constant,ratio,0.195,4,1,1,mixture/0.1/4/5/11
0.1,4,11,0,400,200,5,constant,ratio-half,0.195,4,1,1,mixture/0.1/4/5/11
0.1,4,11,0,1000,200,5,constant,stated,0.5395907397331495,3,0,0,mixture/0.1/4/5/11
0.1,4,11,0,1000,200,5,constant,geomean,0.15732768351437715,5,0,0,mixture/0.1/4/5/11
0.1,4,11,0,1000,200,5,constant,ratio,0.17000000000000004,4,1,1,mixture/0.1/4/5/11
0.1,4,11,0,1000,200,5,constant,ratio-half,0.17000000000000004,4,1,1,mixture/0.1/4/5/11
0.1,4,12,0,400,200,5,constant,stated,0.6784994344878064,3,0,0,mixture/0.1/4/5/12
0.1,4,12,0,400,200,5,constant,geomean,0.1894069692487582,4,1,0,mixture/0.1/4/5/12
0.1,4,12,0,400,200,5,constant,ratio,0.0,161,0,0,mixture/0.1/4/5/12
0.1,4,12,0,400,200,5,constant,ratio-half,0.20500000000000002,3,0,0,mixture/0.1/4/5/12
0.1,4,12,0,1000,200,5,constant,stated,0.5395907397331495,3,0,0,mixture/0.1/4/5/12
0.1,4,12,0,1000,200,5,constant,geomean,0.15252540771950088,3,0,0,mixture/0.1/4/5/12
0.1,4,12,0,1000,200,5,constant,ratio,0.0,161,0,0,mixture/0.1/4/5/12
0.1,4,12,0,1000,200,5,constant,ratio-half,0.10000000000000003,3,0,0,mixture/0.1/4/5/12
0.1,4,13,0,400,200,5,constant,stated,0.6784994344878064,2,0,0,mixture/0.1/4/5/13
0.1,4,13,0,400,200,5,constant,geomean,0.17029386365926386,4,1,1,mixture/0.1/4/5/13
0.1,4,13,0,400,200,5,constant,ratio,0.07500000000000001,4,1,1,mixture/0.1/4/5/13
0.1,4,13,0,400,200,5,constant,ratio-half,0.07500000000000001,4,1,1,mixture/0.1/4/5/13
0.1,4,13,0,1000,200,5,constant,stated,0.5395907397331495,2,0,0,mixture/0.1/4/5/13
0.1,4,13,0,1000,200,5,constant,geomean,0.12707478113300064,4,1,1,mixture/0.1/4/5/13
0.1,4,13,0,1000,200,5,constant,ratio,0.039999999999999925,4,1,1,mixture/0.1/4/5/13
0.1,4,13,0,1000,200,5,constant,ratio-half,0.039999999999999925,4,1,1,mixture/0.1/4/5/13
0.1,4,14,0,400,200,5,constant,stated,0.6784994344878064,3,0,0,mixture/0.1/4/5/14
0.1,4,14,0,400,200,5,constant,geomean,0.24849547279578363,4,1,1,mixture/0.1/4/5/14
0.1,4,14,0,400,200,5,constant,ratio,0.0,196,0,0,mixture/0.1/4/5/14
0.1,4,14,0,400,200,5,constant,ratio-half,0.38499999999999995,3,0,0,mixture/0.1/4/5/14
0.1,4,14,0,1000,200,5,constant,stated,0.5395907397331495,3,0,0,mixture/0.1/4/5/14
0.1,4,14,0,1000,200,5,constant,geomean,0.19944924166313602,4,1,1,mixture/0.1/4/5/14
0.1,4,14,0,1000,200,5,constant,ratio,0.0,198,0,0,mixture/0.1/4/5/14
0.1,4,14,0,1000,200,5,constant,ratio-half,0.17799999999999994,4,1,1,mixture/0.1/4/5/14
0.1,4,15,0,400,200,5,constant,stated,0.6784994344878064,2,0,0,mixture/0.1/4/5/15
0.1,4,15,0,400,200,5,constant,geomean,0.21118712081942886,3,0,0,mixture/0.1/4/5/15
0.1,4,15,0,400,200,5,constant,ratio,0.13000000000000003,3,0,0,mixture/0.1/4/5/15
0.1,4,15,0,400,200,5,constant,ratio-half,0.13000000000000003,3,0,0,mixture/0.1/4/5/15
0.1,4,15,0,1000,200,5,constant,stated,0.5395907397331495,3,0,0,mixture/0.1/4/5/15
0.1,4,15,0,1000,200,5,constant,geomean,0.1607109205996905,4,1,1,mixture/0.1/4/5/15
0.1,4,15,0,1000,200,5,constant,ratio,0.172,3,0,0,mixture/0.1/4/5/15
0.1,4,15,0,1000,200,5,constant,ratio-half,0.172,3,0,0,mixture/0.1/4/5/15
0.1,4,16,0,400,200,5,constant,stated,0.6784994344878064,3,0,0,mixture/0.1/4/5/16
0.1,4,16,0,400,200,5,constant,geomean,0.17428425057933372,3,0,0,mixture/0.1/4/5/16
0.1,4,16,0,400,200,5,constant,ratio,0.0,164,0,0,mixture/0.1/4/5/16
0.1,4,16,0,400,200,5,constant,ratio-half,0.08,3,0,0,mixture/0.1/4/5/16
0.1,4,16,0,1000,200,5,constant,stated,0.5395907397331495,3,0,0,mixture/0.1/4/5/16
0.1,4,16,0,1000,200,5,constant,geomean,0.14532721699667958,3,0,0,mixture/0.1/4/5/16
0.1,4,16,0,1000,200,5,constant,ratio,0.0,178,0,0,mixture/0.1/4/5/16
0.1,4,16,0,1000,200,5,constant,ratio-half,0.043999999999999984,3,0,0,mixture/0.1/4/5/16
0.1,4,17,0,400,200,5,constant,stated,0.6784994344878064,1,0,0,mixture/0.1/4/5/17
0.1,4,17,0,400,200,5,constant,geomean,0.1349073756323203,4,1,1,mixture/0.1/4/5/17
0.1,4,17,0,400,200,5,constant,ratio,0.05500000000000005,4,1,1,mixture/0.1/4/5/17
0.1,4,17,0,400,200,5,constant,ratio-half,0.05500000000000005,4,1,1,mixture/0.1/4/5/17
0.1,4,17,0,1000,200,5,constant,stated,0.5395907397331495,1,0,0,mixture/0.1/4/5/17
0.1,4,17,0,1000,200,5,constant,geomean,0.10059821071967438,4,1,1,mixture/0.1/4/5/17
0.1,4,17,0,1000,200,5,constant,ratio,0.03600000000000003,4,1,1,mixture/0.1/4/5/17
0.1,4,17,0,1000,200,5,constant,ratio-half,0.03600000000000003,4,1,1,mixture/0.1/4/5/17
0.1,4,18,0,400,200,5,constant,stated,0.6784994344878064,4,1,1,mixture/0.1/4/5/18
0.1,4,18,0,400,200,5,constant,geomean,0.21213203435596423,4,1,1,mixture/0.1/4/5/18
0.1,4,18,0,400,200,5,constant,ratio,0.12,4,1,1,mixture/0.1/4/5/18
0.1,4,18,0,400,200,5,constant,ratio-half,0.12,4,1,1,mixture/0.1/4/5/18
0.1,4,18,0,1000,200,5,constant,stated,0.5395907397331495,4,1,1,mixture/0.1/4/5/18
0.1,4,18,0,1000,200,5,constant,geomean,0.1624068964052942,4,1,1,mixture/0.1/4/5/18
0.1,4,18,0,1000,200,5,constant,ratio,0.05999999999999983,4,1,1,mixture/0.1/4/5/18
0.1,4,18,0,1000,200,5,constant,ratio-half,0.05999999999999983,4,1,1,mixture/0.1/4/5/18
0.1,4,19,0,400,200,5,constant,stated,0.6784994344878064,3,0,0,mixture/0.1/4/5/19
0.1,4,19,0,400,200,5,constant,geomean,0.2194310825749167,4,1,1,mixture/0.1/4/5/19
0.1,4,19,0,400,200,5,constant,ratio,0.065,4,1,1,mixture/0.1/4/5/19
0.1,4,19,0,400,200,5,constant,ratio-half,0.065,4,1,1,mixture/0.1/4/5/19
0.1,4,19,0,1000,200,5,constant,stated,0.5395907397331495,4,1,1,mixture/0.1/4/5/19
0.1,4,19,0,1000,200,5,constant,geomean,0.16144348856488439,4,1,1,mixture/0.1/4/5/19
0.1,4,19,0,1000,200,5,constant,ratio,0.043999999999999984,4,1,1,mixture/0.1/4/5/19
0.1,4,19,0,1000,200,5,constant,ratio-half,0.043999999999999984,4,1,1,mixture/0.1/4/5/19
0.1,5,0,0,400,200,5,constant,stated,0.6784994344878064,2,0,0,mixture/0.1/5/5/0
0.1,5,0,0,400,200,5,constant,geomean,0.2527844931952909,6,0,0,mixture/0.1/5/5/0
0.1,5,0,0,400,200,5,constant,ratio,0.0,197,0,0,mixture/0.1/5/5/0
0.1,5,0,0,400,200,5,constant,ratio-half,0.6299999999999999,2,0,0,mixture/0.1/5/5/0
0.1,5,0,0,1000,200,5,constant,stated,0.5395907397331495,4,0,0,mixture/0.1/5/5/0
0.1,5,0,0,1000,200,5,constant,geomean,0.1933597683076809,5,1,1,mixture/0.1/5/5/0
0.1,5,0,0,1000,200,5,constant,ratio,0.094,5,1,1,mixture/0.1/5/5/0
0.1,5,0,0,1000,200,5,constant,ratio-half,0.094,5,1,1,mixture/0.1/5/5/0
0.1,5,1,0,400,200,5,constant,stated,0.6784994344878064,5,1,0,mixture/0.1/5/5/1
0.1,5,1,0,400,200,5,constant,geomean,0.15636495771111897,20,0,0,mixture/0.1/5/5/1
0.1,5,1,0,400,200,5,constant,ratio,0.0,160,0,0,mixture/0.1/5/5/1
0.1,5,1,0,400,200,5,constant,ratio-half,0.26999999999999996,7,0,0,mixture/0.1/5/5/1
0.1,5,1,0,1000,200,5,constant,stated,0.5395907397331495,5,1,0,mixture/0.1/5/5/1
0.1,5,1,0,1000,200,5,constant,geomean,0.132815661727072,14,0,0,mixture/0.1/5/5/1
0.1,5,1,0,1000,200,5,constant,ratio,0.0,163,0,0,mixture/0.1/5/5/1
0.1,5,1,0,1000,200,5,constant,ratio-half,0.3460000000000001,5,1,0,mixture/0.1/5/5/1
0.1,5,2,0,400,200,5,constant,stated,0.6784994344878064,4,0,0,mixture/0.1/5/5/2
0.1,5,2,0,400,200,5,constant,geomean,0.2323790007724451,6,0,0,mixture/0.1/5/5/2
0.1,5,2,0,400,200,5,constant,ratio,0.2700000000000001,5,1,1,mixture/0.1/5/5/2
0.1,5,2,0,400,200,5,constant,ratio-half,0.2700000000000001,5,1,1,mixture/0.1/5/5/2
0.1,5,2,0,1000,200,5,constant,stated,0.5395907397331495,5,1,1,mixture/0.1/5/5/2
0.1,5,2,0,1000,200,5,constant,geomean,0.17186040847152667,5,1,1,mixture/0.1/5/5/2
0.1,5,2,0,1000,200,5,constant,ratio,0.124,5,1,1,mixture/0.1/5/5/2
0.1,5,2,0,1000,200,5,constant,ratio-half,0.124,5,1,1,mixture/0.1/5/5/2
0.1,5,3,0,400,200,5,constant,stated,0.6784994344878064,3,0,0,mixture/0.1/5/5/3
0.1,5,3,0,400,200,5,constant,geomean,0.2102379604162864,16,0,0,mixture/0.1/5/5/3
0.1,5,3,0,400,200,5,constant,ratio,0.6199999999999999,3,0,0,mixture/0.1/5/5/3
0.1,5,3,0,400,200,5,constant,ratio-half,0.6199999999999999,3,0,0,mixture/0.1/5/5/3
0.1,5,3,0,1000,200,5,constant,stated,0.5395907397331495,5,1,1,mixture/0.1/5/5/3
0.1,5,3,0,1000,200,5,constant,geomean,0.18512698344649822,5,1,1,mixture/0.1/5/5/3
0.1,5,3,0,1000,200,5,constant,ratio,0.17000000000000004,5,1,1,mixture/0.1/5/5/3
0.1,5,3,0,1000,200,5,constant,ratio-half,0.17000000000000004,5,1,1,mixture/0.1/5/5/3
0.1,5,4,0,400,200,5,constant,stated,0.6784994344878064,3,0,0,mixture/0.1/5/5/4
0.1,5,4,0,400,200,5,constant,geomean,0.22371857321197094,13,0,0,mixture/0.1/5/5/4
0.1,5,4,0,400,200,5,constant,ratio,0.0,191,0,0,mixture/0.1/5/5/4
0.1,5,4,0,400,200,5,constant,ratio-half,0.3450000000000001,6,0,0,mixture/0.1/5/5/4
0.1,5,4,0,1000,200,5,constant,stated,0.5395907397331495,5,1,1,mixture/0.1/5/5/4
0.1,5,4,0,1000,200,5,constant,geomean,0.17362027531368512,11,0,0,mixture/0.1/5/5/4
0.1,5,4,0,1000,200,5,constant,ratio,0.0,193,0,0,mixture/0.1/5/5/4
0.1,5,4,0,1000,200,5,constant,ratio-half,0.19399999999999995,8,0,0,mixture/0.1/5/5/4
0.1,5,5,0,400,200,5,constant,stated,0.6784994344878064,1,0,0,mixture/0.1/5/5/5
0.1,5,5,0,400,200,5,constant,geomean,0.1688194301613413,11,0,0,mixture/0.1/5/5/5
0.1,5,5,0,400,200,5,constant,ratio,0.0,196,0,0,mixture/0.1/5/5/5
0.1,5,5,0,400,200,5,constant,ratio-half,0.34500000000000003,4,0,0,mixture/0.1/5/5/5
0.1,5,5,0,1000,200,5,constant,stated,0.5395907397331495,3,0,0,mixture/0.1/5/5/5
0.1,5,5,0,1000,200,5,constant,geomean,0.13386560424545216,14,0,0,mixture/0.1/5/5/5
0.1,5,5,0,1000,200,5,constant,ratio,0.0,198,0,0,mixture/0.1/5/5/5
0.1,5,5,0,1000,200,5,constant,ratio-half,0.10799999999999998,14,0,0,mixture/0.1/5/5/5
0.1,5,6,0,400,200,5,constant,stated,0.6784994344878064,3,0,0,mixture/0.1/5/5/6
0.1,5,6,0,400,200,5,constant,geomean,0.17014699527173563,6,0,0,mixture/0.1/5/5/6
0.1,5,6,0,400,200,5,constant,ratio,0.0,194,0,0,mixture/0.1/5/5/6
0.1,5,6,0,400,200,5,constant,ratio-half,0.08000000000000002,6,0,0,mixture/0.1/5/5/6
0.1,5,6,0,1000,200,5,constant,stated,0.5395907397331495,4,0,0,mixture/0.1/5/5/6
0.1,5,6,0,1000,200,5,constant,geomean,0.13227244611029168,5,1,1,mixture/0.1/5/5/6
0.1,5,6,0,1000,200,5,constant,ratio,0.06399999999999999,5,1,1,mixture/0.1/5/5/6
0.1,5,6,0,1000,200,5,constant,ratio-half,0.06399999999999999,5,1,1,mixture/0.1/5/5/6
0.1,5,7,0,400,200,5,constant,stated,0.6784994344878064,3,0,0,mixture/0.1/5/5/7
0.1,5,7,0,400,200,5,constant,geomean,0.17435595774162696,5,1,1,mixture/0.1/5/5/7
0.1,5,7,0,400,200,5,constant,ratio,0.07999999999999996,5,1,1,mixture/0.1/5/5/7
0.1,5,7,0,400,200,5,constant,ratio-half,0.07999999999999996,5,1,1,mixture/0.1/5/5/7
0.1,5,7,0,1000,200,5,constant,stated,0.5395907397331495,4,0,0,mixture/0.1/5/5/7
0.1,5,7,0,1000,200,5,constant,geomean,0.13882362911262627,5,1,1,mixture/0.1/5/5/7
0.1,5,7,0,1000,200,5,constant,ratio,0.050000000000000044,5,1,1,mixture/0.1/5/5/7
0.1,5,7,0,1000,200,5,constant,ratio-half,0.050000000000000044,5,1,1,mixture/0.1/5/5/7
0.1,5,8,0,400,200,5,constant,stated,0.6784994344878064,3,0,0,mixture/0.1/5/5/8
0.1,5,8,0,400,200,5,constant,geomean,0.1833030277982336,5,1,0,mixture/0.1/5/5/8
0.1,5,8,0,400,200,5,constant,ratio,0.195,4,0,0,mixture/0.1/5/5/8
0.1,5,8,0,400,200,5,constant,ratio-half,0.195,4,0,0,mixture/0.1/5/5/8
0.1,5,8,0,1000,200,5,constant,stated,0.5395907397331495,4,0,0,mixture/0.1/5/5/8
0.1,5,8,0,1000,200,5,constant,geomean,0.1475804865149862,6,0,0,mixture/0.1/5/5/8
0.1,5,8,0,1000,200,5,constant,ratio,0.166,4,0,0,mixture/0.1/5/5/8
0.1,5,8,0,1000,200,5,constant,ratio-half,0.166,4,0,0,mixture/0.1/5/5/8
0.1,5,9,0,400,200,5,constant,stated,0.6784994344878064,3,0,0,mixture/0.1/5/5/9
0.1,5,9,0,400,200,5,constant,geomean,0.26556543449779013,11,0,0,mixture/0.1/5/5/9
0.1,5,9,0,400,200,5,constant,ratio,0.0,184,0,0,mixture/0.1/5/5/9
0.1,5,9,0,400,200,5,constant,ratio-half,0.36,3,0,0,mixture/0.1/5/5/9
0.1,5,9,0,1000,200,5,constant,stated,0.5395907397331495,3,0,0,mixture/0.1/5/5/9
0.1,5,9,0,1000,200,5,constant,geomean,0.21601851772475425,14,0,0,mixture/0.1/5/5/9
0.1,5,9,0,1000,200,5,constant,ratio,0.0,197,0,0,mixture/0.1/5/5/9
0.1,5,9,0,1000,200,5,constant,ratio-half,0.47800000000000004,3,0,0,mixture/0.1/5/5/9
0.1,5,10,0,400,200,5,constant,stated,0.6784994344878064,3,0,0,mixture/0.1/5/5/10
0.1,5,10,0,400,200,5,constant,geomean,0.2307596151842868,16,0,0,mixture/0.1/5/5/10
0.1,5,10,0,400,200,5,constant,ratio,0.0,185,0,0,mixture/0.1/5/5/10
0.1,5,10,0,400,200,5,constant,ratio-half,0.42500000000000004,5,1,0,mixture/0.1/5/5/10
0.1,5,10,0,1000,200,5,constant,stated,0.5395907397331495,3,0,0,mixture/0.1/5/5/10
0.1,5,10,0,1000,200,5,constant,geomean,0.1980101007524617,13,0,0,mixture/0.1/5/5/10
0.1,5,10,0,1000,200,5,constant,ratio,0.0,186,0,0,mixture/0.1/5/5/10
0.1,5,10,0,1000,200,5,constant,ratio-half,0.392,3,0,0,mixture/0.1/5/5/10
0.1,5,11,0,400,200,5,constant,stated,0.6784994344878064,2,0,0,mixture/0.1/5/5/11
0.1,5,11,0,400,200,5,constant,geomean,0.18814887722226784,6,0,0,mixture/0.1/5/5/11
0.1,5,11,0,400,200,5,constant,ratio,0.10000000000000003,6,0,0,mixture/0.1/5/5/11
0.1,5,11,0,400,200,5,constant,ratio-half,0.10000000000000003,6,0,0,mixture/0.1/5/5/11
0.1,5,11,0,1000,200,5,constant,stated,0.5395907397331495,4,0,0,mixture/0.1/5/5/11
0.1,5,11,0,1000,200,5,constant,geomean,0.14024264686606575,5,1,1,mixture/0.1/5/5/11
0.1,5,11,0,1000,200,5,constant,ratio,0.08399999999999996,5,1,1,mixture/0.1/5/5/11
0.1,5,11,0,1000,200,5,constant,ratio-half,0.08399999999999996,5,1,1,mixture/0.1/5/5/11
0.1,5,12,0,400,200,5,constant,stated,0.6784994344878064,5,1,1,mixture/0.1/5/5/12
0.1,5,12,0,400,200,5,constant,geomean,0.22056745000112787,11,0,0,mixture/0.1/5/5/12
0.1,5,12,0,400,200,5,constant,ratio,0.010000000000000009,195,0,0,mixture/0.1/5/5/12
0.1,5,12,0,400,200,5,constant,ratio-half,0.26,10,0,0,mixture/0.1/5/5/12
0.1,5,12,0,1000,200,5,constant,stated,0.5395907397331495,6,0,0,mixture/0.1/5/5/12
0.1,5,12,0,1000,200,5,constant,geomean,0.16899704139422092,11,0,0,mixture/0.1/5/5/12
0.1,5,12,0,1000,200,5,constant,ratio,0.22000000000000003,6,0,0,mixture/0.1/5/5/12
0.1,5,12,0,1000,200,5,constant,ratio-half,0.22000000000000003,6,0,0,mixture/0.1/5/5/12
0.1,5,13,0,400,200,5,constant,stated,0.6784994344878064,4,0,0,mixture/0.1/5/5/13
0.1,5,13,0,400,200,5,constant,geomean,0.2121320343559642,6,0,0,mixture/0.1/5/5/13
0.1,5,13,0,400,200,5,constant,ratio,0.0,198,0,0,mixture/0.1/5/5/13
0.1,5,13,0,400,200,5,constant,ratio-half,0.27999999999999997,4,0,0,mixture/0.1/5/5/13
0.1,5,13,0,1000,200,5,constant,stated,0.5395907397331495,4,0,0,mixture/0.1/5/5/13
0.1,5,13,0,1000,200,5,constant,geomean,0.16569852141766392,4,0,0,mixture/0.1/5/5/13
0.1,5,13,0,1000,200,5,constant,ratio,0.1160000000000001,4,0,0,mixture/0.1/5/5/13
0.1,5,13,0,1000,200,5,constant,ratio-half,0.1160000000000001,4,0,0,mixture/0.1/5/5/13
0.1,5,14,0,400,200,5,constant,stated,0.6784994344878064,1,0,0,mixture/0.1/5/5/14
0.1,5,14,0,400,200,5,constant,geomean,0.16062378404209018,5,1,1,mixture/0.1/5/5/14
0.1,5,14,0,400,200,5,constant,ratio,0.065,5,1,1,mixture/0.1/5/5/14
0.1,5,14,0,400,200,5,constant,ratio-half,0.065,5,1,1,mixture/0.1/5/5/14
0.1,5,14,0,1000,200,5,constant,stated,0.5395907397331495,3,0,0,mixture/0.1/5/5/14
0.1,5,14,0,1000,200,5,constant,geomean,0.11679041056525151,5,1,1,mixture/0.1/5/5/14
0.1,5,14,0,1000,200,5,constant,ratio,0.03600000000000003,5,1,1,mixture/0.1/5/5/14
0.1,5,14,0,1000,200,5,constant,ratio-half,0.03600000000000003,5,1,1,mixture/0.1/5/5/14
0.1,5,15,0,400,200,5,constant,stated,0.6784994344878064,1,0,0,mixture/0.1/5/5/15
0.1,5,15,0,400,200,5,constant,geomean,0.1747140520965615,5,1,1,mixture/0.1/5/5/15
0.1,5,15,0,400,200,5,constant,ratio,0.10999999999999999,5,1,1,mixture/0.1/5/5/15
0.1,5,15,0,400,200,5,constant,ratio-half,0.10999999999999999,5,1,1,mixture/0.1/5/5/15
0.1,5,15,0,1000,200,5,constant,stated,0.5395907397331495,2,0,0,mixture/0.1/5/5/15
0.1,5,15,0,1000,200,5,constant,geomean,0.13386560424545216,5,1,1,mixture/0.1/5/5/15
0.1,5,15,0,1000,200,5,constant,ratio,0.07200000000000006,5,1,1,mixture/0.1/5/5/15
0.1,5,15,0,1000,200,5,constant,ratio-half,0.07200000000000006,5,1,1,mixture/0.1/5/5/15
0.1,5,16,0,400,200,5,constant,stated,0.6784994344878064,3,0,0,mixture/0.1/5/5/16
0.1,5,16,0,400,200,5,constant,geomean,0.19261360284258233,21,0,0,mixture/0.1/5/5/16
0.1,5,16,0,400,200,5,constant,ratio,0.0,174,0,0,mixture/0.1/5/5/16
0.1,5,16,0,400,200,5,constant,ratio-half,0.5,3,0,0,mixture/0.1/5/5/16
0.1,5,16,0,1000,200,5,constant,stated,0.5395907397331495,3,0,0,mixture/0.1/5/5/16
0.1,5,16,0,1000,200,5,constant,geomean,0.15256474035634845,30,0,0,mixture/0.1/5/5/16
0.1,5,16,0,1000,200,5,constant,ratio,0.0,186,0,0,mixture/0.1/5/5/16
0.1,5,16,0,1000,200,5,constant,ratio-half,0.504,3,0,0,mixture/0.1/5/5/16
0.1,5,17,0,400,200,5,constant,stated,0.6784994344878064,3,0,0,mixture/0.1/5/5/17
0.1,5,17,0,400,200,5,constant,geomean,0.2395829710142189,4,0,0,mixture/0.1/5/5/17
0.1,5,17,0,400,200,5,constant,ratio,0.0,193,0,0,mixture/0.1/5/5/17
0.1,5,17,0,400,200,5,constant,ratio-half,0.11499999999999999,4,0,0,mixture/0.1/5/5/17
0.1,5,17,0,1000,200,5,constant,stated,0.5395907397331495,4,0,0,mixture/0.1/5/5/17
0.1,5,17,0,1000,200,5,constant,geomean,0.19335976830768067,4,0,0,mixture/0.1/5/5/17
0.1,5,17,0,1000,200,5,constant,ratio,0.09800000000000009,4,0,0,mixture/0.1/5/5/17
0.1,5,17,0,1000,200,5,constant,ratio-half,0.09800000000000009,4,0,0,mixture/0.1/5/5/17
0.1,5,18,0,400,200,5,constant,stated,0.6784994344878064,1,0,0,mixture/0.1/5/5/18
0.1,5,18,0,400,200,5,constant,geomean,0.22499999999999995,7,0,0,mixture/0.1/5/5/18
0.1,5,18,0,400,200,5,constant,ratio,0.27,6,0,0,mixture/0.1/5/5/18
0.1,5,18,0,400,200,5,constant,ratio-half,0.27,6,0,0,mixture/0.1/5/5/18
0.1,5,18,0,1000,200,5,constant,stated,0.5395907397331495,3,0,0,mixture/0.1/5/5/18
0.1,5,18,0,1000,200,5,constant,geomean,0.17503142574977795,6,0,0,mixture/0.1/5/5/18
0.1,5,18,0,1000,200,5,constant,ratio,0.174,6,0,0,mixture/0.1/5/5/18
0.1,5,18,0,1000,200,5,constant,ratio-half,0.174,6,0,0,mixture/0.1/5/5/18
0.1,5,19,0,400,200,5,constant,stated,0.6784994344878064,1,0,0,mixture/0.1/5/5/19
0.1,5,19,0,400,200,5,constant,geomean,0.16881943016134132,5,1,1,mixture/0.1/5/5/19
0.1,5,19,0,400,200,5,constant,ratio,0.10499999999999993,5,1,1,mixture/0.1/5/5/19
0.1,5,19,0,400,200,5,constant,ratio-half,0.10499999999999993,5,1,1,mixture/0.1/5/5/19
0.1,5,19,0,1000,200,5,constant,stated,0.5395907397331495,1,0,0,mixture/0.1/5/5/19
0.1,5,19,0,1000,200,5,constant,geomean,0.1306292463424635,5,1,1,mixture/0.1/5/5/19
0.1,5,19,0,1000,200,5,constant,ratio,0.06399999999999995,5,1,1,mixture/0.1/5/5/19
0.1,5,19,0,1000,200,5,constant,ratio-half,0.06399999999999995,5,1,1,mixture/0.1/5/5/19
0.1,6,0,0,400,200,5,constant,stated,0.6784994344878064,4,0,0,mixture/0.1/6/5/0
0.1,6,0,0,400,200,5,constant,geomean,0.22649503305812246,9,0,0,mixture/0.1/6/5/0
0.1,6,0,0,400,200,5,constant,ratio,0.0,183,0,0,mixture/0.1/6/5/0
0.1,6,0,0,400,200,5,constant,ratio-half,0.45,5,0,0,mixture/0.1/6/5/0
0.1,6,0,0,1000,200,5,constant,stated,0.5395907397331495,5,0,0,mixture/0.1/6/5/0
0.1,6,0,0,1000,200,5,constant,geomean,0.19879637823662694,6,1,1,mixture/0.1/6/5/0
0.1,6,0,0,1000,200,5,constant,ratio,0.0,196,0,0,mixture/0.1/6/5/0
0.1,6,0,0,1000,200,5,constant,ratio-half,0.17600000000000002,6,1,1,mixture/0.1/6/5/0
0.1,6,1,0,400,200,5,constant,stated,0.6784994344878064,4,0,0,mixture/0.1/6/5/1
0.1,6,1,0,400,200,5,constant,geomean,0.20493901531919195,6,1,1,mixture/0.1/6/5/1
0.1,6,1,0,400,200,5,constant,ratio,0.1399999999999999,6,1,1,mixture/0.1/6/5/1
0.1,6,1,0,400,200,5,constant,ratio-half,0.1399999999999999,6,1,1,mixture/0.1/6/5/1
0.1,6,1,0,1000,200,5,constant,stated,0.5395907397331495,5,0,0,mixture/0.1/6/5/1
0.1,6,1,0,1000,200,5,constant,geomean,0.1524467120012761,6,1,1,mixture/0.1/6/5/1
0.1,6,1,0,1000,200,5,constant,ratio,0.1140000000000001,6,1,1,mixture/0.1/6/5/1
0.1,6,1,0,1000,200,5,constant,ratio-half,0.1140000000000001,6,1,1,mixture/0.1/6/5/1
0.1,6,2,0,400,200,5,constant,stated,0.6784994344878064,2,0,0,mixture/0.1/6/5/2
0.1,6,2,0,400,200,5,constant,geomean,0.1828250529878223,9,0,0,mixture/0.1/6/5/2
0.1,6,2,0,400,200,5,constant,ratio,0.0,197,0,0,mixture/0.1/6/5/2
0.1,6,2,0,400,200,5,constant,ratio-half,0.26000000000000006,6,1,1,mixture/0.1/6/5/2
0.1,6,2,0,1000,200,5,constant,stated,0.5395907397331495,4,0,0,mixture/0.1/6/5/2
0.1,6,2,0,1000,200,5,constant,geomean,0.14891608375189033,6,1,1,mixture/0.1/6/5/2
0.1,6,2,0,1000,200,5,constant,ratio,0.0,198,0,0,mixture/0.1/6/5/2
0.1,6,2,0,1000,200,5,constant,ratio-half,0.122,6,1,1,mixture/0.1/6/5/2
0.1,6,3,0,400,200,5,constant,stated,0.6784994344878064,2,0,0,mixture/0.1/6/5/3
0.1,6,3,0,400,200,5,constant,geomean,0.18062391868188452,6,1,0,mixture/0.1/6/5/3
0.1,6,3,0,400,200,5,constant,ratio,0.21999999999999997,4,0,0,mixture/0.1/6/5/3
0.1,6,3,0,400,200,5,constant,ratio-half,0.21999999999999997,4,0,0,mixture/0.1/6/5/3
0.1,6,3,0,1000,200,5,constant,stated,0.5395907397331495,2,0,0,mixture/0.1/6/5/3
0.1,6,3,0,1000,200,5,constant,geomean,0.13624977064200886,5,0,0,mixture/0.1/6/5/3
0.1,6,3,0,1000,200,5,constant,ratio,0.14600000000000002,4,0,0,mixture/0.1/6/5/3
0.1,6,3,0,1000,200,5,constant,ratio-half,0.14600000000000002,4,0,0,mixture/0.1/6/5/3
0.1,6,4,0,400,200,5,constant,stated,0.6784994344878064,2,0,0,mixture/0.1/6/5/4
0.1,6,4,0,400,200,5,constant,geomean,0.23637893307145622,7,0,0,mixture/0.1/6/5/4
0.1,6,4,0,400,200,5,constant,ratio,0.010000000000000009,183,0,0,mixture/0.1/6/5/4
0.1,6,4,0,400,200,5,constant,ratio-half,0.25,6,1,1,mixture/0.1/6/5/4
0.1,6,4,0,1000,200,5,constant,stated,0.5395907397331495,4,0,0,mixture/0.1/6/5/4
0.1,6,4,0,1000,200,5,constant,geomean,0.20749939758948682,6,1,1,mixture/0.1/6/5/4
0.1,6,4,0,1000,200,5,constant,ratio,0.15599999999999992,6,1,1,mixture/0.1/6/5/4
0.1,6,4,0,1000,200,5,constant,ratio-half,0.15599999999999992,6,1,1,mixture/0.1/6/5/4
0.1,6,5,0,400,200,5,constant,stated,0.6784994344878064,1,0,0,mixture/0.1/6/5/5
0.1,6,5,0,400,200,5,constant,geomean,0.18096961070853865,6,1,1,mixture/0.1/6/5/5
0.1,6,5,0,400,200,5,constant,ratio,0.265,4,0,0,mixture/0.1/6/5/5
0.1,6,5,0,400,200,5,constant,ratio-half,0.265,4,0,0,mixture/0.1/6/5/5
0.1,6,5,0,1000,200,5,constant,stated,0.5395907397331495,4,0,0,mixture/0.1/6/5/5
0.1,6,5,0,1000,200,5,constant,geomean,0.1369671493461115,6,1,1,mixture/0.1/6/5/5
0.1,6,5,0,1000,200,5,constant,ratio,0.07400000000000007,6,1,1,mixture/0.1/6/5/5
0.1,6,5,0,1000,200,5,constant,ratio-half,0.07400000000000007,6,1,1,mixture/0.1/6/5/5
0.1,6,6,0,400,200,5,constant,stated,0.6784994344878064,2,0,0,mixture/0.1/6/5/6
0.1,6,6,0,400,200,5,constant,geomean,0.1936491673103708,6,1,1,mixture/0.1/6/5/6
0.1,6,6,0,400,200,5,constant,ratio,0.15000000000000002,6,1,1,mixture/0.1/6/5/6
0.1,6,6,0,400,200,5,constant,ratio-half,0.15000000000000002,6,1,1,mixture/0.1/6/5/6
0.1,6,6,0,1000,200,5,constant,stated,0.5395907397331495,5,0,0,mixture/0.1/6/5/6
0.1,6,6,0,1000,200,5,constant,geomean,0.14664242223858692,6,1,1,mixture/0.1/6/5/6
0.1,6,6,0,1000,200,5,constant,ratio,0.07400000000000007,6,1,1,mixture/0.1/6/5/6
0.1,6,6,0,1000,200,5,constant,ratio-half,0.07400000000000007,6,1,1,mixture/0.1/6/5/6
0.1,6,7,0,400,200,5,constant,stated,0.6784994344878064,2,0,0,mixture/0.1/6/5/7
0.1,6,7,0,400,200,5,constant,geomean,0.1793739111465213,33,0,0,mixture/0.1/6/5/7
0.1,6,7,0,400,200,5,constant,ratio,0.07999999999999996,38,0,0,mixture/0.1/6/5/7
0.1,6,7,0,400,200,5,constant,ratio-half,0.07999999999999996,38,0,0,mixture/0.1/6/5/7
0.1,6,7,0,1000,200,5,constant,stated,0.5395907397331495,4,0,0,mixture/0.1/6/5/7
0.1,6,7,0,1000,200,5,constant,geomean,0.1405702671264447,28,0,0,mixture/0.1/6/5/7
0.1,6,7,0,1000,200,5,constant,ratio,0.05400000000000002,38,0,0,mixture/0.1/6/5/7
0.1,6,7,0,1000,200,5,constant,ratio-half,0.05400000000000002,38,0,0,mixture/0.1/6/5/7
0.1,6,8,0,400,200,5,constant,stated,0.6784994344878064,2,0,0,mixture/0.1/6/5/8
0.1,6,8,0,400,200,5,constant,geomean,0.1800000000000001,8,0,0,mixture/0.1/6/5/8
0.1,6,8,0,400,200,5,constant,ratio,0.0050000000000000044,197,0,0,mixture/0.1/6/5/8
0.1,6,8,0,400,200,5,constant,ratio-half,0.32499999999999996,6,1,1,mixture/0.1/6/5/8
0.1,6,8,0,1000,200,5,constant,stated,0.5395907397331495,5,0,0,mixture/0.1/6/5/8
0.1,6,8,0,1000,200,5,constant,geomean,0.1560769041210133,6,1,1,mixture/0.1/6/5/8
0.1,6,8,0,1000,200,5,constant,ratio,0.126,6,1,1,mixture/0.1/6/5/8
0.1,6,8,0,1000,200,5,constant,ratio-half,0.126,6,1,1,mixture/0.1/6/5/8
0.1,6,9,0,400,200,5,constant,stated,0.6784994344878064,3,0,0,mixture/0.1/6/5/9
0.1,6,9,0,400,200,5,constant,geomean,0.20566963801203114,9,0,0,mixture/0.1/6/5/9
0.1,6,9,0,400,200,5,constant,ratio,0.0,179,0,0,mixture/0.1/6/5/9
0.1,6,9,0,400,200,5,constant,ratio-half,0.29000000000000004,7,0,0,mixture/0.1/6/5/9
0.1,6,9,0,1000,200,5,constant,stated,0.5395907397331495,6,1,0,mixture/0.1/6/5/9
0.1,6,9,0,1000,200,5,constant,geomean,0.15978735869899102,10,0,0,mixture/0.1/6/5/9
0.1,6,9,0,1000,200,5,constant,ratio,0.0,180,0,0,mixture/0.1/6/5/9
0.1,6,9,0,1000,200,5,constant,ratio-half,0.051999999999999824,13,0,0,mixture/0.1/6/5/9
0.1,6,10,0,400,200,5,constant,stated,0.6784994344878064,3,0,0,mixture/0.1/6/5/10
0.1,6,10,0,400,200,5,constant,geomean,0.17663521732655676,6,1,1,mixture/0.1/6/5/10
0.1,6,10,0,400,200,5,constant,ratio,0.065,6,1,1,mixture/0.1/6/5/10
0.1,6,10,0,400,200,5,constant,ratio-half,0.065,6,1,1,mixture/0.1/6/5/10
0.1,6,10,0,1000,200,5,constant,stated,0.5395907397331495,4,0,0,mixture/0.1/6/5/10
0.1,6,10,0,1000,200,5,constant,geomean,0.12489995996796803,6,1,1,mixture/0.1/6/5/10
0.1,6,10,0,1000,200,5,constant,ratio,0.03200000000000003,6,1,1,mixture/0.1/6/5/10
0.1,6,10,0,1000,200,5,constant,ratio-half,0.03200000000000003,6,1,1,mixture/0.1/6/5/10
0.1,6,11,0,400,200,5,constant,stated,0.6784994344878064,3,0,0,mixture/0.1/6/5/11
0.1,6,11,0,400,200,5,constant,geomean,0.24859605789312103,11,0,0,mixture/0.1/6/5/11
0.1,6,11,0,400,200,5,constant,ratio,0.015000000000000124,194,0,0,mixture/0.1/6/5/11
0.1,6,11,0,400,200,5,constant,ratio-half,0.6349999999999999,3,0,0,mixture/0.1/6/5/11
0.1,6,11,0,1000,200,5,constant,stated,0.5395907397331495,5,0,0,mixture/0.1/6/5/11
0.1,6,11,0,1000,200,5,constant,geomean,0.24898192705495698,8,0,0,mixture/0.1/6/5/11
0.1,6,11,0,1000,200,5,constant,ratio,0.26800000000000007,7,0,0,mixture/0.1/6/5/11
0.1,6,11,0,1000,200,5,constant,ratio-half,0.26800000000000007,7,0,0,mixture/0.1/6/5/11
0.1,6,12,0,400,200,5,constant,stated,0.6784994344878064,2,0,0,mixture/0.1/6/5/12
0.1,6,12,0,400,200,5,constant,geomean,0.21621748310439662,5,0,0,mixture/0.1/6/5/12
0.1,6,12,0,400,200,5,constant,ratio,0.15500000000000003,5,0,0,mixture/0.1/6/5/12
0.1,6,12,0,400,200,5,constant,ratio-half,0.15500000000000003,5,0,0,mixture/0.1/6/5/12
0.1,6,12,0,1000,200,5,constant,stated,0.5395907397331495,3,0,0,mixture/0.1/6/5/12
0.1,6,12,0,1000,200,5,constant,geomean,0.167164589551735,6,1,1,mixture/0.1/6/5/12
0.1,6,12,0,1000,200,5,constant,ratio,0.11999999999999988,6,1,1,mixture/0.1/6/5/12
0.1,6,12,0,1000,200,5,constant,ratio-half,0.11999999999999988,6,1,1,mixture/0.1/6/5/12
0.1,6,13,0,400,200,5,constant,stated,0.6784994344878064,2,0,0,mixture/0.1/6/5/13
0.1,6,13,0,400,200,5,constant,geomean,0.17811513130556883,10,0,0,mixture/0.1/6/5/13
0.1,6,13,0,400,200,5,constant,ratio,0.245,6,1,1,mixture/0.1/6/5/13
0.1,6,13,0,400,200,5,constant,ratio-half,0.245,6,1,1,mixture/0.1/6/5/13
0.1,6,13,0,1000,200,5,constant,stated,0.5395907397331495,3,0,0,mixture/0.1/6/5/13
0.1,6,13,0,1000,200,5,constant,geomean,0.13889564428015738,6,1,1,mixture/0.1/6/5/13
0.1,6,13,0,1000,200,5,constant,ratio,0.11399999999999993,6,1,1,mixture/0.1/6/5/13
0.1,6,13,0,1000,200,5,constant,ratio-half,0.11399999999999993,6,1,1,mixture/0.1/6/5/13
0.1,6,14,0,400,200,5,constant,stated,0.6784994344878064,5,0,0,mixture/0.1/6/5/14
0.1,6,14,0,400,200,5,constant,geomean,0.18708286933869703,11,0,0,mixture/0.1/6/5/14
0.1,6,14,0,400,200,5,constant,ratio,0.265,6,1,1,mixture/0.1/6/5/14
0.1,6,14,0,400,200,5,constant,ratio-half,0.265,6,1,1,mixture/0.1/6/5/14
0.1,6,14,0,1000,200,5,constant,stated,0.5395907397331495,6,1,1,mixture/0.1/6/5/14
0.1,6,14,0,1000,200,5,constant,geomean,0.14664242223858676,7,0,0,mixture/0.1/6/5/14
0.1,6,14,0,1000,200,5,constant,ratio,0.186,6,1,1,mixture/0.1/6/5/14
0.1,6,14,0,1000,200,5,constant,ratio-half,0.186,6,1,1,mixture/0.1/6/5/14
0.1,6,15,0,400,200,5,constant,stated,0.6784994344878064,2,0,0,mixture/0.1/6/5/15
0.1,6,15,0,400,200,5,constant,geomean,0.2167948338867881,11,0,0,mixture/0.1/6/5/15
0.1,6,15,0,400,200,5,constant,ratio,0.0,195,0,0,mixture/0.1/6/5/15
0.1,6,15,0,400,200,5,constant,ratio-half,0.195,11,0,0,mixture/0.1/6/5/15
0.1,6,15,0,1000,200,5,constant,stated,0.5395907397331495,5,0,0,mixture/0.1/6/5/15
0.1,6,15,0,1000,200,5,constant,geomean,0.17942129193604647,15,0,0,mixture/0.1/6/5/15
0.1,6,15,0,1000,200,5,constant,ratio,0.0,196,0,0,mixture/0.1/6/5/15
0.1,6,15,0,1000,200,5,constant,ratio-half,0.7140000000000001,2,0,0,mixture/0.1/6/5/15
0.1,6,16,0,400,200,5,constant,stated,0.6784994344878064,3,0,0,mixture/0.1/6/5/16
0.1,6,16,0,400,200,5,constant,geomean,0.18384776310850245,8,0,0,mixture/0.1/6/5/16
0.1,6,16,0,400,200,5,constant,ratio,0.0,197,0,0,mixture/0.1/6/5/16
0.1,6,16,0,400,200,5,constant,ratio-half,0.24499999999999988,4,0,0,mixture/0.1/6/5/16
0.1,6,16,0,1000,200,5,constant,stated,0.5395907397331495,4,0,0,mixture/0.1/6/5/16
0.1,6,16,0,1000,200,5,constant,geomean,0.15039946808416585,6,1,0,mixture/0.1/6/5/16
0.1,6,16,0,1000,200,5,constant,ratio,0.196,4,0,0,mixture/0.1/6/5/16
0.1,6,16,0,1000,200,5,constant,ratio-half,0.196,4,0,0,mixture/0.1/6/5/16
0.1,6,17,0,400,200,5,constant,stated,0.6784994344878064,3,0,0,mixture/0.1/6/5/17
0.1,6,17,0,400,200,5,constant,geomean,0.1950000000000001,9,0,0,mixture/0.1/6/5/17
0.1,6,17,0,400,200,5,constant,ratio,0.0,199,0,0,mixture/0.1/6/5/17
0.1,6,17,0,400,200,5,constant,ratio-half,0.17000000000000004,9,0,0,mixture/0.1/6/5/17
0.1,6,17,0,1000,200,5,constant,stated,0.5395907397331495,6,1,0,mixture/0.1/6/5/17
0.1,6,17,0,1000,200,5,constant,geomean,0.15453155017665493,15,0,0,mixture/0.1/6/5/17
0.1,6,17,0,1000,200,5,constant,ratio,0.0040000000000000036,199,0,0,mixture/0.1/6/5/17
0.1,6,17,0,1000,200,5,constant,ratio-half,0.29000000000000004,10,0,0,mixture/0.1/6/5/17
0.1,6,18,0,400,200,5,constant,stated,0.6784994344878064,1,0,0,mixture/0.1/6/5/18
0.1,6,18,0,400,200,5,constant,geomean,0.15937377450509224,12,0,0,mixture/0.1/6/5/18
0.1,6,18,0,400,200,5,constant,ratio,0.0,160,0,0,mixture/0.1/6/5/18
0.1,6,18,0,400,200,5,constant,ratio-half,0.41500000000000004,3,0,0,mixture/0.1/6/5/18
0.1,6,18,0,1000,200,5,constant,stated,0.5395907397331495,4,0,0,mixture/0.1/6/5/18
0.1,6,18,0,1000,200,5,constant,geomean,0.1547126368465098,7,0,0,mixture/0.1/6/5/18
0.1,6,18,0,1000,200,5,constant,ratio,0.0,168,0,0,mixture/0.1/6/5/18
0.1,6,18,0,1000,200,5,constant,ratio-half,0.16400000000000003,6,1,0,mixture/0.1/6/5/18
0.1,6,19,0,400,200,5,constant,stated,0.6784994344878064,3,0,0,mixture/0.1/6/5/19
0.1,6,19,0,400,200,5,constant,geomean,0.23669600757089262,6,1,1,mixture/0.1/6/5/19
0.1,6,19,0,400,200,5,constant,ratio,0.0,177,0,0,mixture/0.1/6/5/19
0.1,6,19,0,400,200,5,constant,ratio-half,0.57,3,0,0,mixture/0.1/6/5/19
0.1,6,19,0,1000,200,5,constant,stated,0.5395907397331495,4,0,0,mixture/0.1/6/5/19
0.1,6,19,0,1000,200,5,constant,geomean,0.18299726773916603,6,1,1,mixture/0.1/6/5/19
0.1,6,19,0,1000,200,5,constant,ratio,0.0,177,0,0,mixture/0.1/6/5/19
0.1,6,19,0,1000,200,5,constant,ratio-half,0.15200000000000002,6,1,1,mixture/0.1/6/5/19
0.1,7,0,0,400,200,5,constant,stated,0.6784994344878064,1,0,0,mixture/0.1/7/5/0
0.1,7,0,0,400,200,5,constant,geomean,0.2063371028196335,18,0,0,mixture/0.1/7/5/0
0.1,7,0,0,400,200,5,constant,ratio,0.38,5,0,0,mixture/0.1/7/5/0
0.1,7,0,0,400,200,5,constant,ratio-half,0.38,5,0,0,mixture/0.1/7/5/0
0.1,7,0,0,1000,200,5,constant,stated,0.5395907397331495,5,0,0,mixture/0.1/7/5/0
0.1,7,0,0,1000,200,5,constant,geomean,0.1814607395554202,17,0,0,mixture/0.1/7/5/0
0.1,7,0,0,1000,200,5,constant,ratio,0.32999999999999996,5,0,0,mixture/0.1/7/5/0
0.1,7,0,0,1000,200,5,constant,ratio-half,0.32999999999999996,5,0,0,mixture/0.1/7/5/0
0.1,7,1,0,400,200,5,constant,stated,0.6784994344878064,1,0,0,mixture/0.1/7/5/1
0.1,7,1,0,400,200,5,constant,geomean,0.17363755354185337,20,0,0,mixture/0.1/7/5/1
0.1,7,1,0,400,200,5,constant,ratio,0.015000000000000124,198,0,0,mixture/0.1/7/5/1
0.1,7,1,0,400,200,5,constant,ratio-half,0.27,9,0,0,mixture/0.1/7/5/1
0.1,7,1,0,1000,200,5,constant,stated,0.5395907397331495,3,0,0,mixture/0.1/7/5/1
0.1,7,1,0,1000,200,5,constant,geomean,0.14295453822806753,26,0,0,mixture/0.1/7/5/1
0.1,7,1,0,1000,200,5,constant,ratio,0.07600000000000007,34,0,0,mixture/0.1/7/5/1
0.1,7,1,0,1000,200,5,constant,ratio-half,0.07600000000000007,34,0,0,mixture/0.1/7/5/1
0.1,7,2,0,400,200,5,constant,stated,0.6784994344878064,3,0,0,mixture/0.1/7/5/2
0.1,7,2,0,400,200,5,constant,geomean,0.2763602721087097,8,0,0,mixture/0.1/7/5/2
0.1,7,2,0,400,200,5,constant,ratio,0.0,198,0,0,mixture/0.1/7/5/2
0.1,7,2,0,400,200,5,constant,ratio-half,0.7749999999999999,2,0,0,mixture/0.1/7/5/2
0.1,7,2,0,1000,200,5,constant,stated,0.5395907397331495,4,0,0,mixture/0.1/7/5/2
0.1,7,2,0,1000,200,5,constant,geomean,0.21522081683703376,7,1,1,mixture/0.1/7/5/2
0.1,7,2,0,1000,200,5,constant,ratio,0.15799999999999992,7,1,1,mixture/0.1/7/5/2
0.1,7,2,0,1000,200,5,constant,ratio-half,0.15799999999999992,7,1,1,mixture/0.1/7/5/2
0.1,7,3,0,400,200,5,constant,stated,0.6784994344878064,5,0,0,mixture/0.1/7/5/3
0.1,7,3,0,400,200,5,constant,geomean,0.18207141456033124,9,0,0,mixture/0.1/7/5/3
0.1,7,3,0,400,200,5,constant,ratio,0.0,194,0,0,mixture/0.1/7/5/3
0.1,7,3,0,400,200,5,constant,ratio-half,0.25,7,1,1,mixture/0.1/7/5/3
0.1,7,3,0,1000,200,5,constant,stated,0.5395907397331495,7,1,1,mixture/0.1/7/5/3
0.1,7,3,0,1000,200,5,constant,geomean,0.14185908501044273,7,1,1,mixture/0.1/7/5/3
0.1,7,3,0,1000,200,5,constant,ratio,0.0,195,0,0,mixture/0.1/7/5/3
0.1,7,3,0,1000,200,5,constant,ratio-half,0.1399999999999999,7,1,1,mixture/0.1/7/5/3
0.1,7,4,0,400,200,5,constant,stated,0.6784994344878064,4,0,0,mixture/0.1/7/5/4
0.1,7,4,0,400,200,5,constant,geomean,0.1847295320191117,20,0,0,mixture/0.1/7/5/4
0.1,7,4,0,400,200,5,constant,ratio,0.0,184,0,0,mixture/0.1/7/5/4
0.1,7,4,0,400,200,5,constant,ratio-half,0.705,2,0,0,mixture/0.1/7/5/4
0.1,7,4,0,1000,200,5,constant,stated,0.5395907397331495,4,0,0,mixture/0.1/7/5/4
0.1,7,4,0,1000,200,5,constant,geomean,0.14071247279470256,13,0,0,mixture/0.1/7/5/4
0.1,7,4,0,1000,200,5,constant,ratio,0.0,189,0,0,mixture/0.1/7/5/4
0.1,7,4,0,1000,200,5,constant,ratio-half,0.188,7,1,1,mixture/0.1/7/5/4
0.1,7,5,0,400,200,5,constant,stated,0.6784994344878064,3,0,0,mixture/0.1/7/5/5
0.1,7,5,0,400,200,5,constant,geomean,0.1788854381999832,6,0,0,mixture/0.1/7/5/5
0.1,7,5,0,400,200,5,constant,ratio,0.11499999999999999,6,0,0,mixture/0.1/7/5/5
0.1,7,5,0,400,200,5,constant,ratio-half,0.11499999999999999,6,0,0,mixture/0.1/7/5/5
0.1,7,5,0,1000,200,5,constant,stated,0.5395907397331495,5,0,0,mixture/0.1/7/5/5
0.1,7,5,0,1000,200,5,constant,geomean,0.13365627557282905,6,0,0,mixture/0.1/7/5/5
0.1,7,5,0,1000,200,5,constant,ratio,0.09600000000000009,6,0,0,mixture/0.1/7/5/5
0.1,7,5,0,1000,200,5,constant,ratio-half,0.09600000000000009,6,0,0,mixture/0.1/7/5/5
0.1,7,6,0,400,200,5,constant,stated,0.6784994344878064,3,0,0,mixture/0.1/7/5/6
0.1,7,6,0,400,200,5,constant,geomean,0.2036541185441631,6,0,0,mixture/0.1/7/5/6
0.1,7,6,0,400,200,5,constant,ratio,0.0,186,0,0,mixture/0.1/7/5/6
0.1,7,6,0,400,200,5,constant,ratio-half,0.16500000000000004,6,0,0,mixture/0.1/7/5/6
0.1,7,6,0,1000,200,5,constant,stated,0.5395907397331495,3,0,0,mixture/0.1/7/5/6
0.1,7,6,0,1000,200,5,constant,geomean,0.1704112672331264,6,0,0,mixture/0.1/7/5/6
0.1,7,6,0,1000,200,5,constant,ratio,0.0,187,0,0,mixture/0.1/7/5/6
0.1,7,6,0,1000,200,5,constant,ratio-half,0.11800000000000001,6,0,0,mixture/0.1/7/5/6
0.1,7,7,0,400,200,5,constant,stated,0.6784994344878064,2,0,0,mixture/0.1/7/5/7
0.1,7,7,0,400,200,5,constant,geomean,0.22874658467395748,9,0,0,mixture/0.1/7/5/7
0.1,7,7,0,400,200,5,constant,ratio,0.33,6,0,0,mixture/0.1/7/5/7
0.1,7,7,0,400,200,5,constant,ratio-half,0.33,6,0,0,mixture/0.1/7/5/7
0.1,7,7,0,1000,200,5,constant,stated,0.5395907397331495,4,0,0,mixture/0.1/7/5/7
0.1,7,7,0,1000,200,5,constant,geomean,0.18088670487352018,7,1,1,mixture/0.1/7/5/7
0.1,7,7,0,1000,200,5,constant,ratio,0.17400000000000004,7,1,1,mixture/0.1/7/5/7
0.1,7,7,0,1000,200,5,constant,ratio-half,0.17400000000000004,7,1,1,mixture/0.1/7/5/7
0.1,7,8,0,400,200,5,constant,stated,0.6784994344878064,1,0,0,mixture/0.1/7/5/8
0.1,7,8,0,400,200,5,constant,geomean,0.20297783130184446,12,0,0,mixture/0.1/7/5/8
0.1,7,8,0,400,200,5,constant,ratio,0.0,197,0,0,mixture/0.1/7/5/8
0.1,7,8,0,400,200,5,constant,ratio-half,0.19500000000000006,12,0,0,mixture/0.1/7/5/8
0.1,7,8,0,1000,200,5,constant,stated,0.5395907397331495,2,0,0,mixture/0.1/7/5/8
0.1,7,8,0,1000,200,5,constant,geomean,0.18963122105813693,19,0,0,mixture/0.1/7/5/8
0.1,7,8,0,1000,200,5,constant,ratio,0.43400000000000005,2,0,0,mixture/0.1/7/5/8
0.1,7,8,0,1000,200,5,constant,ratio-half,0.43400000000000005,2,0,0,mixture/0.1/7/5/8
0.1,7,9,0,400,200,5,constant,stated,0.6784994344878064,4,0,0,mixture/0.1/7/5/9
0.1,7,9,0,400,200,5,constant,geomean,0.2068816086557721,7,1,1,mixture/0.1/7/5/9
0.1,7,9,0,400,200,5,constant,ratio,0.0,199,0,0,mixture/0.1/7/5/9
0.1,7,9,0,400,200,5,constant,ratio-half,0.14000000000000007,7,1,1,mixture/0.1/7/5/9
0.1,7,9,0,1000,200,5,constant,stated,0.5395907397331495,5,0,0,mixture/0.1/7/5/9
0.1,7,9,0,1000,200,5,constant,geomean,0.1612947612292475,7,1,1,mixture/0.1/7/5/9
0.1,7,9,0,1000,200,5,constant,ratio,0.06400000000000006,7,1,1,mixture/0.1/7/5/9
0.1,7,9,0,1000,200,5,constant,ratio-half,0.06400000000000006,7,1,1,mixture/0.1/7/5/9
0.1,7,10,0,400,200,5,constant,stated,0.6784994344878064,4,0,0,mixture/0.1/7/5/10
0.1,7,10,0,400,200,5,constant,geomean,0.2057911562725672,13,0,0,mixture/0.1/7/5/10
0.1,7,10,0,400,200,5,constant,ratio,0.0,183,0,0,mixture/0.1/7/5/10
0.1,7,10,0,400,200,5,constant,ratio-half,0.49499999999999994,4,0,0,mixture/0.1/7/5/10
0.1,7,10,0,1000,200,5,constant,stated,0.5395907397331495,4,0,0,mixture/0.1/7/5/10
0.1,7,10,0,1000,200,5,constant,geomean,0.16885496735364347,7,1,0,mixture/0.1/7/5/10
0.1,7,10,0,1000,200,5,constant,ratio,0.0,194,0,0,mixture/0.1/7/5/10
0.1,7,10,0,1000,200,5,constant,ratio-half,0.266,5,0,0,mixture/0.1/7/5/10
0.1,7,11,0,400,200,5,constant,stated,0.6784994344878064,2,0,0,mixture/0.1/7/5/11
0.1,7,11,0,400,200,5,constant,geomean,0.1793739111465213,29,0,0,mixture/0.1/7/5/11
0.1,7,11,0,400,200,5,constant,ratio,0.020000000000000018,199,0,0,mixture/0.1/7/5/11
0.1,7,11,0,400,200,5,constant,ratio-half,0.58,2,0,0,mixture/0.1/7/5/11
0.1,7,11,0,1000,200,5,constant,stated,0.5395907397331495,3,0,0,mixture/0.1/7/5/11
0.1,7,11,0,1000,200,5,constant,geomean,0.1317573527360049,42,0,0,mixture/0.1/7/5/11
0.1,7,11,0,1000,200,5,constant,ratio,0.040000000000000036,63,0,0,mixture/0.1/7/5/11
0.1,7,11,0,1000,200,5,constant,ratio-half,0.040000000000000036,63,0,0,mixture/0.1/7/5/11
0.1,7,12,0,400,200,5,constant,stated,0.6784994344878064,3,0,0,mixture/0.1/7/5/12
0.1,7,12,0,400,200,5,constant,geomean,0.2056696380120313,11,0,0,mixture/0.1/7/5/12
0.1,7,12,0,400,200,5,constant,ratio,0.0,181,0,0,mixture/0.1/7/5/12
0.1,7,12,0,400,200,5,constant,ratio-half,0.43,6,0,0,mixture/0.1/7/5/12
0.1,7,12,0,1000,200,5,constant,stated,0.5395907397331495,4,0,0,mixture/0.1/7/5/12
0.1,7,12,0,1000,200,5,constant,geomean,0.1673917560694075,15,0,0,mixture/0.1/7/5/12
0.1,7,12,0,1000,200,5,constant,ratio,0.0,190,0,0,mixture/0.1/7/5/12
0.1,7,12,0,1000,200,5,constant,ratio-half,0.15400000000000014,15,0,0,mixture/0.1/7/5/12
0.1,7,13,0,400,200,5,constant,stated,0.6784994344878064,2,0,0,mixture/0.1/7/5/13
0.1,7,13,0,400,200,5,constant,geomean,0.2117191535974013,18,0,0,mixture/0.1/7/5/13
0.1,7,13,0,400,200,5,constant,ratio,0.0,192,0,0,mixture/0.1/7/5/13
0.1,7,13,0,400,200,5,constant,ratio-half,0.35000000000000003,7,1,0,mixture/0.1/7/5/13
0.1,7,13,0,1000,200,5,constant,stated,0.5395907397331495,6,0,0,mixture/0.1/7/5/13
0.1,7,13,0,1000,200,5,constant,geomean,0.17724559232883622,11,0,0,mixture/0.1/7/5/13
0.1,7,13,0,1000,200,5,constant,ratio,0.0,197,0,0,mixture/0.1/7/5/13
0.1,7,13,0,1000,200,5,constant,ratio-half,0.04800000000000004,74,0,0,mixture/0.1/7/5/13
0.1,7,14,0,400,200,5,constant,stated,0.6784994344878064,3,0,0,mixture/0.1/7/5/14
0.1,7,14,0,400,200,5,constant,geomean,0.23075961518428662,12,0,0,mixture/0.1/7/5/14
0.1,7,14,0,400,200,5,constant,ratio,0.0,183,0,0,mixture/0.1/7/5/14
0.1,7,14,0,400,200,5,constant,ratio-half,0.5549999999999999,3,0,0,mixture/0.1/7/5/14
0.1,7,14,0,1000,200,5,constant,stated,0.5395907397331495,3,0,0,mixture/0.1/7/5/14
0.1,7,14,0,1000,200,5,constant,geomean,0.18165902124584957,17,0,0,mixture/0.1/7/5/14
0.1,7,14,0,1000,200,5,constant,ratio,0.0,187,0,0,mixture/0.1/7/5/14
0.1,7,14,0,1000,200,5,constant,ratio-half,0.532,3,0,0,mixture/0.1/7/5/14
0.1,7,15,0,400,200,5,constant,stated,0.6784994344878064,5,0,0,mixture/0.1/7/5/15
0.1,7,15,0,400,200,5,constant,geomean,0.18986837546047533,6,0,0,mixture/0.1/7/5/15
0.1,7,15,0,400,200,5,constant,ratio,0.21000000000000002,5,0,0,mixture/0.1/7/5/15
0.1,7,15,0,400,200,5,constant,ratio-half,0.21000000000000002,5,0,0,mixture/0.1/7/5/15
0.1,7,15,0,1000,200,5,constant,stated,0.5395907397331495,5,0,0,mixture/0.1/7/5/15
0.1,7,15,0,1000,200,5,constant,geomean,0.13563185466548786,7,1,0,mixture/0.1/7/5/15
0.1,7,15,0,1000,200,5,constant,ratio,0.256,5,0,0,mixture/0.1/7/5/15
0.1,7,15,0,1000,200,5,constant,ratio-half,0.256,5,0,0,mixture/0.1/7/5/15
0.1,7,16,0,400,200,5,constant,stated,0.6784994344878064,5,0,0,mixture/0.1/7/5/16
0.1,7,16,0,400,200,5,constant,geomean,0.2763602721087096,7,1,1,mixture/0.1/7/5/16
0.1,7,16,0,400,200,5,constant,ratio,0.32999999999999996,6,0,0,mixture/0.1/7/5/16
0.1,7,16,0,400,200,5,constant,ratio-half,0.32999999999999996,6,0,0,mixture/0.1/7/5/16
0.1,7,16,0,1000,200,5,constant,stated,0.5395907397331495,6,0,0,mixture/0.1/7/5/16
0.1,7,16,0,1000,200,5,constant,geomean,0.21616660241582195,7,1,1,mixture/0.1/7/5/16
0.1,7,16,0,1000,200,5,constant,ratio,0.14600000000000002,7,1,1,mixture/0.1/7/5/16
0.1,7,16,0,1000,200,5,constant,ratio-half,0.14600000000000002,7,1,1,mixture/0.1/7/5/16
0.1,7,17,0,400,200,5,constant,stated,0.6784994344878064,3,0,0,mixture/0.1/7/5/17
0.1,7,17,0,400,200,5,constant,geomean,0.25446021299998933,20,0,0,mixture/0.1/7/5/17
0.1,7,17,0,400,200,5,constant,ratio,0.0,198,0,0,mixture/0.1/7/5/17
0.1,7,17,0,400,200,5,constant,ratio-half,0.5650000000000001,3,0,0,mixture/0.1/7/5/17
0.1,7,17,0,1000,200,5,constant,stated,0.5395907397331495,5,0,0,mixture/0.1/7/5/17
0.1,7,17,0,1000,200,5,constant,geomean,0.2214858911985141,12,0,0,mixture/0.1/7/5/17
0.1,7,17,0,1000,200,5,constant,ratio,0.0020000000000000018,199,0,0,mixture/0.1/7/5/17
0.1,7,17,0,1000,200,5,constant,ratio-half,0.34,5,0,0,mixture/0.1/7/5/17
0.1,7,18,0,400,200,5,constant,stated,0.6784994344878064,5,0,0,mixture/0.1/7/5/18
0.1,7,18,0,400,200,5,constant,geomean,0.18425525772688317,8,0,0,mixture/0.1/7/5/18
0.1,7,18,0,400,200,5,constant,ratio,0.0,180,0,0,mixture/0.1/7/5/18
0.1,7,18,0,400,200,5,constant,ratio-half,0.13,8,0,0,mixture/0.1/7/5/18
0.1,7,18,0,1000,200,5,constant,stated,0.5395907397331495,5,0,0,mixture/0.1/7/5/18
0.1,7,18,0,1000,200,5,constant,geomean,0.14623269128344735,7,1,0,mixture/0.1/7/5/18
0.1,7,18,0,1000,200,5,constant,ratio,0.0,181,0,0,mixture/0.1/7/5/18
0.1,7,18,0,1000,200,5,constant,ratio-half,0.196,6,0,0,mixture/0.1/7/5/18
0.1,7,19,0,400,200,5,constant,stated,0.6784994344878064,1,0,0,mixture/0.1/7/5/19
0.1,7,19,0,400,200,5,constant,geomean,0.15362291495737224,19,0,0,mixture/0.1/7/5/19
0.1,7,19,0,400,200,5,constant,ratio,0.0,193,0,0,mixture/0.1/7/5/19
0.1,7,19,0,400,200,5,constant,ratio-half,0.155,18,0,0,mixture/0.1/7/5/19
0.1,7,19,0,1000,200,5,constant,stated,0.5395907397331495,4,0,0,mixture/0.1/7/5/19
0.1,7,19,0,1000,200,5,constant,geomean,0.12757742747053655,21,0,0,mixture/0.1/7/5/19
0.1,7,19,0,1000,200,5,constant,ratio,0.0,198,0,0,mixture/0.1/7/5/19
0.1,7,19,0,1000,200,5,constant,ratio-half,0.35,8,0,0,mixture/0.1/7/5/19
0.1,8,0,0,400,200,5,constant,stated,0.6784994344878064,3,0,0,mixture/0.1/8/5/0
0.1,8,0,0,400,200,5,constant,geomean,0.19209372712298553,9,0,0,mixture/0.1/8/5/0
0.1,8,0,0,400,200,5,constant,ratio,0.19499999999999995,8,1,0,mixture/0.1/8/5/0
0.1,8,0,0,400,200,5,constant,ratio-half,0.19499999999999995,8,1,0,mixture/0.1/8/5/0
0.1,8,0,0,1000,200,5,constant,stated,0.5395907397331495,5,0,0,mixture/0.1/8/5/0
0.1,8,0,0,1000,200,5,constant,geomean,0.14760758788084022,10,0,0,mixture/0.1/8/5/0
0.1,8,0,0,1000,200,5,constant,ratio,0.17199999999999993,8,1,1,mixture/0.1/8/5/0
0.1,8,0,0,1000,200,5,constant,ratio-half,0.17199999999999993,8,1,1,mixture/0.1/8/5/0
0.1,8,1,0,400,200,5,constant,stated,0.6784994344878064,2,0,0,mixture/0.1/8/5/1
0.1,8,1,0,400,200,5,constant,geomean,0.24093567606313512,7,0,0,mixture/0.1/8/5/1
0.1,8,1,0,400,200,5,constant,ratio,0.0,184,0,0,mixture/0.1/8/5/1
0.1,8,1,0,400,200,5,constant,ratio-half,0.645,2,0,0,mixture/0.1/8/5/1
0.1,8,1,0,1000,200,5,constant,stated,0.5395907397331495,5,0,0,mixture/0.1/8/5/1
0.1,8,1,0,1000,200,5,constant,geomean,0.17866169147301844,7,0,0,mixture/0.1/8/5/1
0.1,8,1,0,1000,200,5,constant,ratio,0.0,186,0,0,mixture/0.1/8/5/1
0.1,8,1,0,1000,200,5,constant,ratio-half,0.092,7,0,0,mixture/0.1/8/5/1
0.1,8,2,0,400,200,5,constant,stated,0.6784994344878064,5,0,0,mixture/0.1/8/5/2
0.1,8,2,0,400,200,5,constant,geomean,0.1732050807568878,8,1,0,mixture/0.1/8/5/2
0.1,8,2,0,400,200,5,constant,ratio,0.0,199,0,0,mixture/0.1/8/5/2
0.1,8,2,0,400,200,5,constant,ratio-half,0.17000000000000015,8,1,0,mixture/0.1/8/5/2
0.1,8,2,0,1000,200,5,constant,stated,0.5395907397331495,5,0,0,mixture/0.1/8/5/2
0.1,8,2,0,1000,200,5,constant,geomean,0.15023980830658704,9,0,0,mixture/0.1/8/5/2
0.1,8,2,0,1000,200,5,constant,ratio,0.0,199,0,0,mixture/0.1/8/5/2
0.1,8,2,0,1000,200,5,constant,ratio-half,0.06999999999999999,10,0,0,mixture/0.1/8/5/2
0.1,8,3,0,400,200,5,constant,stated,0.6784994344878064,2,0,0,mixture/0.1/8/5/3
0.1,8,3,0,400,200,5,constant,geomean,0.19956202043475116,14,0,0,mixture/0.1/8/5/3
0.1,8,3,0,400,200,5,constant,ratio,0.0,196,0,0,mixture/0.1/8/5/3
0.1,8,3,0,400,200,5,constant,ratio-half,0.28500000000000003,5,0,0,mixture/0.1/8/5/3
0.1,8,3,0,1000,200,5,constant,stated,0.5395907397331495,3,0,0,mixture/0.1/8/5/3
0.1,8,3,0,1000,200,5,constant,geomean,0.1695169608033368,13,0,0,mixture/0.1/8/5/3
0.1,8,3,0,1000,200,5,constant,ratio,0.0,199,0,0,mixture/0.1/8/5/3
0.1,8,3,0,1000,200,5,constant,ratio-half,0.15800000000000014,13,0,0,mixture/0.1/8/5/3
0.1,8,4,0,400,200,5,constant,stated,0.6784994344878064,3,0,0,mixture/0.1/8/5/4
0.1,8,4,0,400,200,5,constant,geomean,0.23382685902179823,10,0,0,mixture/0.1/8/5/4
0.1,8,4,0,400,200,5,constant,ratio,0.0,199,0,0,mixture/0.1/8/5/4
0.1,8,4,0,400,200,5,constant,ratio-half,0.22999999999999998,10,0,0,mixture/0.1/8/5/4
0.1,8,4,0,1000,200,5,constant,stated,0.5395907397331495,4,0,0,mixture/0.1/8/5/4
0.1,8,4,0,1000,200,5,constant,geomean,0.18525657883055047,9,0,0,mixture/0.1/8/5/4
0.1,8,4,0,1000,200,5,constant,ratio,0.040000000000000036,29,0,0,mixture/0.1/8/5/4
0.1,8,4,0,1000,200,5,constant,ratio-half,0.040000000000000036,29,0,0,mixture/0.1/8/5/4
0.1,8,5,0,400,200,5,constant,stated,0.6784994344878064,5,0,0,mixture/0.1/8/5/5
0.1,8,5,0,400,200,5,constant,geomean,0.17698870020427865,12,0,0,mixture/0.1/8/5/5
0.1,8,5,0,400,200,5,constant,ratio,0.0,198,0,0,mixture/0.1/8/5/5
0.1,8,5,0,400,200,5,constant,ratio-half,0.14000000000000012,12,0,0,mixture/0.1/8/5/5
0.1,8,5,0,1000,200,5,constant,stated,0.5395907397331495,7,0,0,mixture/0.1/8/5/5
0.1,8,5,0,1000,200,5,constant,geomean,0.1340149245420077,12,0,0,mixture/0.1/8/5/5
0.1,8,5,0,1000,200,5,constant,ratio,0.0,198,0,0,mixture/0.1/8/5/5
0.1,8,5,0,1000,200,5,constant,ratio-half,0.06000000000000005,15,0,0,mixture/0.1/8/5/5
0.1,8,6,0,400,200,5,constant,stated,0.6784994344878064,1,0,0,mixture/0.1/8/5/6
0.1,8,6,0,400,200,5,constant,geomean,0.2642442052344761,24,0,0,mixture/0.1/8/5/6
0.1,8,6,0,400,200,5,constant,ratio,0.0,199,0,0,mixture/0.1/8/5/6
0.1,8,6,0,400,200,5,constant,ratio-half,0.5,2,0,0,mixture/0.1/8/5/6
0.1,8,6,0,1000,200,5,constant,stated,0.5395907397331495,2,0,0,mixture/0.1/8/5/6
0.1,8,6,0,1000,200,5,constant,geomean,0.22694492724006865,22,0,0,mixture/0.1/8/5/6
0.1,8,6,0,1000,200,5,constant,ratio,0.0020000000000000018,198,0,0,mixture/0.1/8/5/6
0.1,8,6,0,1000,200,5,constant,ratio-half,0.518,2,0,0,mixture/0.1/8/5/6
0.1,8,7,0,400,200,5,constant,stated,0.6784994344878064,3,0,0,mixture/0.1/8/5/7
0.1,8,7,0,400,200,5,constant,geomean,0.20493901531919206,16,0,0,mixture/0.1/8/5/7
0.1,8,7,0,400,200,5,constant,ratio,0.0,197,0,0,mixture/0.1/8/5/7
0.1,8,7,0,400,200,5,constant,ratio-half,0.495,4,0,0,mixture/0.1/8/5/7
0.1,8,7,0,1000,200,5,constant,stated,0.5395907397331495,4,0,0,mixture/0.1/8/5/7
0.1,8,7,0,1000,200,5,constant,geomean,0.20151426748495946,13,0,0,mixture/0.1/8/5/7
0.1,8,7,0,1000,200,5,constant,ratio,0.0,197,0,0,mixture/0.1/8/5/7
0.1,8,7,0,1000,200,5,constant,ratio-half,0.7060000000000002,2,0,0,mixture/0.1/8/5/7
0.1,8,8,0,400,200,5,constant,stated,0.6784994344878064,4,0,0,mixture/0.1/8/5/8
0.1,8,8,0,400,200,5,constant,geomean,0.21118712081942873,10,0,0,mixture/0.1/8/5/8
0.1,8,8,0,400,200,5,constant,ratio,0.0,179,0,0,mixture/0.1/8/5/8
0.1,8,8,0,400,200,5,constant,ratio-half,0.20500000000000007,10,0,0,mixture/0.1/8/5/8
0.1,8,8,0,1000,200,5,constant,stated,0.5395907397331495,6,0,0,mixture/0.1/8/5/8
0.1,8,8,0,1000,200,5,constant,geomean,0.16526342608090885,9,0,0,mixture/0.1/8/5/8
0.1,8,8,0,1000,200,5,constant,ratio,0.0,185,0,0,mixture/0.1/8/5/8
0.1,8,8,0,1000,200,5,constant,ratio-half,0.17000000000000004,8,1,1,mixture/0.1/8/5/8
0.1,8,9,0,400,200,5,constant,stated,0.6784994344878064,2,0,0,mixture/0.1/8/5/9
0.1,8,9,0,400,200,5,constant,geomean,0.23366642891095848,13,0,0,mixture/0.1/8/5/9
0.1,8,9,0,400,200,5,constant,ratio,0.31499999999999995,6,0,0,mixture/0.1/8/5/9
0.1,8,9,0,400,200,5,constant,ratio-half,0.31499999999999995,6,0,0,mixture/0.1/8/5/9
0.1,8,9,0,1000,200,5,constant,stated,0.5395907397331495,5,0,0,mixture/0.1/8/5/9
0.1,8,9,0,1000,200,5,constant,geomean,0.18014438653480155,13,0,0,mixture/0.1/8/5/9
0.1,8,9,0,1000,200,5,constant,ratio,0.256,7,0,0,mixture/0.1/8/5/9
0.1,8,9,0,1000,200,5,constant,ratio-half,0.256,7,0,0,mixture/0.1/8/5/9
0.1,8,10,0,400,200,5,constant,stated,0.6784994344878064,2,0,0,mixture/0.1/8/5/10
0.1,8,10,0,400,200,5,constant,geomean,0.1860107523773827,10,0,0,mixture/0.1/8/5/10
0.1,8,10,0,400,200,5,constant,ratio,0.0,177,0,0,mixture/0.1/8/5/10
0.1,8,10,0,400,200,5,constant,ratio-half,0.17000000000000004,10,0,0,mixture/0.1/8/5/10
0.1,8,10,0,1000,200,5,constant,stated,0.5395907397331495,7,0,0,mixture/0.1/8/5/10
0.1,8,10,0,1000,200,5,constant,geomean,0.13149904942622215,11,0,0,mixture/0.1/8/5/10
0.1,8,10,0,1000,200,5,constant,ratio,0.0,179,0,0,mixture/0.1/8/5/10
0.1,8,10,0,1000,200,5,constant,ratio-half,0.1160000000000001,11,0,0,mixture/0.1/8/5/10
0.1,8,11,0,400,200,5,constant,stated,0.6784994344878064,3,0,0,mixture/0.1/8/5/11
0.1,8,11,0,400,200,5,constant,geomean,0.18371173070873845,13,0,0,mixture/0.1/8/5/11
0.1,8,11,0,400,200,5,constant,ratio,0.0,196,0,0,mixture/0.1/8/5/11
0.1,8,11,0,400,200,5,constant,ratio-half,0.12,13,0,0,mixture/0.1/8/5/11
0.1,8,11,0,1000,200,5,constant,stated,0.5395907397331495,5,0,0,mixture/0.1/8/5/11
0.1,8,11,0,1000,200,5,constant,geomean,0.1542724862054152,13,0,0,mixture/0.1/8/5/11
0.1,8,11,0,1000,200,5,constant,ratio,0.0,199,0,0,mixture/0.1/8/5/11
0.1,8,11,0,1000,200,5,constant,ratio-half,0.278,9,0,0,mixture/0.1/8/5/11
0.1,8,12,0,400,200,5,constant,stated,0.6784994344878064,6,0,0,mixture/0.1/8/5/12
0.1,8,12,0,400,200,5,constant,geomean,0.2209072203437452,13,0,0,mixture/0.1/8/5/12
0.1,8,12,0,400,200,5,constant,ratio,0.0,190,0,0,mixture/0.1/8/5/12
0.1,8,12,0,400,200,5,constant,ratio-half,0.30499999999999994,11,0,0,mixture/0.1/8/5/12
0.1,8,12,0,1000,200,5,constant,stated,0.5395907397331495,9,0,0,mixture/0.1/8/5/12
0.1,8,12,0,1000,200,5,constant,geomean,0.1443329484213498,21,0,0,mixture/0.1/8/5/12
0.1,8,12,0,1000,200,5,constant,ratio,0.0,193,0,0,mixture/0.1/8/5/12
0.1,8,12,0,1000,200,5,constant,ratio-half,0.04800000000000004,32,0,0,mixture/0.1/8/5/12
0.1,8,13,0,400,200,5,constant,stated,0.6784994344878064,1,0,0,mixture/0.1/8/5/13
0.1,8,13,0,400,200,5,constant,geomean,0.20946360065653405,31,0,0,mixture/0.1/8/5/13
0.1,8,13,0,400,200,5,constant,ratio,0.0,189,0,0,mixture/0.1/8/5/13
0.1,8,13,0,400,200,5,constant,ratio-half,0.44499999999999995,4,0,0,mixture/0.1/8/5/13
0.1,8,13,0,1000,200,5,constant,stated,0.5395907397331495,4,0,0,mixture/0.1/8/5/13
0.1,8,13,0,1000,200,5,constant,geomean,0.18770189130640114,24,0,0,mixture/0.1/8/5/13
0.1,8,13,0,1000,200,5,constant,ratio,0.0,191,0,0,mixture/0.1/8/5/13
0.1,8,13,0,1000,200,5,constant,ratio-half,0.4159999999999999,5,0,0,mixture/0.1/8/5/13
0.1,8,14,0,400,200,5,constant,stated,0.6784994344878064,5,0,0,mixture/0.1/8/5/14
0.1,8,14,0,400,200,5,constant,geomean,0.19849433241279218,8,1,1,mixture/0.1/8/5/14
0.1,8,14,0,400,200,5,constant,ratio,0.09999999999999987,8,1,1,mixture/0.1/8/5/14
0.1,8,14,0,400,200,5,constant,ratio-half,0.09999999999999987,8,1,1,mixture/0.1/8/5/14
0.1,8,14,0,1000,200,5,constant,stated,0.5395907397331495,6,0,0,mixture/0.1/8/5/14
0.1,8,14,0,1000,200,5,constant,geomean,0.15320574401764453,8,1,1,mixture/0.1/8/5/14
0.1,8,14,0,1000,200,5,constant,ratio,0.06400000000000006,8,1,1,mixture/0.1/8/5/14
0.1,8,14,0,1000,200,5,constant,ratio-half,0.06400000000000006,8,1,1,mixture/0.1/8/5/14
0.1,8,15,0,400,200,5,constant,stated,0.6784994344878064,3,0,0,mixture/0.1/8/5/15
0.1,8,15,0,400,200,5,constant,geomean,0.2529822128134699,10,0,0,mixture/0.1/8/5/15
0.1,8,15,0,400,200,5,constant,ratio,0.0,194,0,0,mixture/0.1/8/5/15
0.1,8,15,0,400,200,5,constant,ratio-half,0.6900000000000001,2,0,0,mixture/0.1/8/5/15
0.1,8,15,0,1000,200,5,constant,stated,0.5395907397331495,6,0,0,mixture/0.1/8/5/15
0.1,8,15,0,1000,200,5,constant,geomean,0.18804254837669063,9,0,0,mixture/0.1/8/5/15
0.1,8,15,0,1000,200,5,constant,ratio,0.0020000000000000018,182,0,0,mixture/0.1/8/5/15
0.1,8,15,0,1000,200,5,constant,ratio-half,0.752,2,0,0,mixture/0.1/8/5/15
0.1,8,16,0,400,200,5,constant,stated,0.6784994344878064,3,0,0,mixture/0.1/8/5/16
0.1,8,16,0,400,200,5,constant,geomean,0.23937418407171646,7,0,0,mixture/0.1/8/5/16
0.1,8,16,0,400,200,5,constant,ratio,0.0,199,0,0,mixture/0.1/8/5/16
0.1,8,16,0,400,200,5,constant,ratio-half,0.15500000000000003,7,0,0,mixture/0.1/8/5/16
0.1,8,16,0,1000,200,5,constant,stated,0.5395907397331495,4,0,0,mixture/0.1/8/5/16
0.1,8,16,0,1000,200,5,constant,geomean,0.18290981384277888,8,1,1,mixture/0.1/8/5/16
0.1,8,16,0,1000,200,5,constant,ratio,0.068,8,1,1,mixture/0.1/8/5/16
0.1,8,16,0,1000,200,5,constant,ratio-half,0.068,8,1,1,mixture/0.1/8/5/16
0.1,8,17,0,400,200,5,constant,stated,0.6784994344878064,4,0,0,mixture/0.1/8/5/17
0.1,8,17,0,400,200,5,constant,geomean,0.2258317958127244,8,1,1,mixture/0.1/8/5/17
0.1,8,17,0,400,200,5,constant,ratio,0.0,197,0,0,mixture/0.1/8/5/17
0.1,8,17,0,400,200,5,constant,ratio-half,0.21499999999999997,8,1,1,mixture/0.1/8/5/17
0.1,8,17,0,1000,200,5,constant,stated,0.5395907397331495,6,0,0,mixture/0.1/8/5/17
0.1,8,17,0,1000,200,5,constant,geomean,0.18555861607589114,9,0,0,mixture/0.1/8/5/17
0.1,8,17,0,1000,200,5,constant,ratio,0.0,198,0,0,mixture/0.1/8/5/17
0.1,8,17,0,1000,200,5,constant,ratio-half,0.13799999999999996,9,0,0,mixture/0.1/8/5/17
0.1,8,18,0,400,200,5,constant,stated,0.6784994344878064,3,0,0,mixture/0.1/8/5/18
0.1,8,18,0,400,200,5,constant,geomean,0.3032738036824149,5,0,0,mixture/0.1/8/5/18
0.1,8,18,0,400,200,5,constant,ratio,0.43499999999999994,3,0,0,mixture/0.1/8/5/18
0.1,8,18,0,400,200,5,constant,ratio-half,0.43499999999999994,3,0,0,mixture/0.1/8/5/18
0.1,8,18,0,1000,200,5,constant,stated,0.5395907397331495,3,0,0,mixture/0.1/8/5/18
0.1,8,18,0,1000,200,5,constant,geomean,0.23714974172450615,6,0,0,mixture/0.1/8/5/18
0.1,8,18,0,1000,200,5,constant,ratio,0.458,3,0,0,mixture/0.1/8/5/18
0.1,8,18,0,1000,200,5,constant,ratio-half,0.458,3,0,0,mixture/0.1/8/5/18
0.1,8,19,0,400,200,5,constant,stated,0.6784994344878064,1,0,0,mixture/0.1/8/5/19
0.1,8,19,0,400,200,5,constant,geomean,0.15329709716755882,8,1,1,mixture/0.1/8/5/19
0.1,8,19,0,400,200,5,constant,ratio,0.09499999999999997,8,1,1,mixture/0.1/8/5/19
0.1,8,19,0,400,200,5,constant,ratio-half,0.09499999999999997,8,1,1,mixture/0.1/8/5/19
0.1,8,19,0,1000,200,5,constant,stated,0.5395907397331495,1,0,0,mixture/0.1/8/5/19
0.1,8,19,0,1000,200,5,constant,geomean,0.11617228585166078,8,1,1,mixture/0.1/8/5/19
0.1,8,19,0,1000,200,5,constant,ratio,0.055999999999999994,8,1,1,mixture/0.1/8/5/19
0.1,8,19,0,1000,200,5,constant,ratio-half,0.055999999999999994,8,1,1,mixture/0.1/8/5/19
0.1,9,0,0,400,200,5,constant,stated,0.6784994344878064,6,0,0,mixture/0.1/9/5/0
0.1,9,0,0,400,200,5,constant,geomean,0.17944358444926356,17,0,0,mixture/0.1/9/5/0
0.1,9,0,0,400,200,5,constant,ratio,0.0,188,0,0,mixture/0.1/9/5/0
0.1,9,0,0,400,200,5,constant,ratio-half,0.32499999999999996,8,0,0,mixture/0.1/9/5/0
0.1,9,0,0,1000,200,5,constant,stated,0.5395907397331495,7,0,0,mixture/0.1/9/5/0
0.1,9,0,0,1000,200,5,constant,geomean,0.13464026143765476,15,0,0,mixture/0.1/9/5/0
0.1,9,0,0,1000,200,5,constant,ratio,0.0,188,0,0,mixture/0.1/9/5/0
0.1,9,0,0,1000,200,5,constant,ratio-half,0.22599999999999998,8,0,0,mixture/0.1/9/5/0
0.1,9,1,0,400,200,5,constant,stated,0.6784994344878064,3,0,0,mixture/0.1/9/5/1
0.1,9,1,0,400,200,5,constant,geomean,0.17748239349298855,8,0,0,mixture/0.1/9/5/1
0.1,9,1,0,400,200,5,constant,ratio,0.0,194,0,0,mixture/0.1/9/5/1
0.1,9,1,0,400,200,5,constant,ratio-half,0.11499999999999999,8,0,0,mixture/0.1/9/5/1
0.1,9,1,0,1000,200,5,constant,stated,0.5395907397331495,4,0,0,mixture/0.1/9/5/1
0.1,9,1,0,1000,200,5,constant,geomean,0.14395832730342484,8,0,0,mixture/0.1/9/5/1
0.1,9,1,0,1000,200,5,constant,ratio,0.0,199,0,0,mixture/0.1/9/5/1
0.1,9,1,0,1000,200,5,constant,ratio-half,0.05400000000000005,8,0,0,mixture/0.1/9/5/1
0.1,9,2,0,400,200,5,constant,stated,0.6784994344878064,3,0,0,mixture/0.1/9/5/2
0.1,9,2,0,400,200,5,constant,geomean,0.18894443627691193,16,0,0,mixture/0.1/9/5/2
0.1,9,2,0,400,200,5,constant,ratio,0.0,193,0,0,mixture/0.1/9/5/2
0.1,9,2,0,400,200,5,constant,ratio-half,0.595,3,0,0,mixture/0.1/9/5/2
0.1,9,2,0,1000,200,5,constant,stated,0.5395907397331495,8,0,0,mixture/0.1/9/5/2
0.1,9,2,0,1000,200,5,constant,geomean,0.14477568856683093,25,0,0,mixture/0.1/9/5/2
0.1,9,2,0,1000,200,5,constant,ratio,0.0,193,0,0,mixture/0.1/9/5/2
0.1,9,2,0,1000,200,5,constant,ratio-half,0.31400000000000006,8,0,0,mixture/0.1/9/5/2
0.1,9,3,0,400,200,5,constant,stated,0.6784994344878064,3,0,0,mixture/0.1/9/5/3
0.1,9,3,0,400,200,5,constant,geomean,0.2536730178793164,8,0,0,mixture/0.1/9/5/3
0.1,9,3,0,400,200,5,constant,ratio,0.0050000000000001155,199,0,0,mixture/0.1/9/5/3
0.1,9,3,0,400,200,5,constant,ratio-half,0.685,2,0,0,mixture/0.1/9/5/3
0.1,9,3,0,1000,200,5,constant,stated,0.5395907397331495,5,0,0,mixture/0.1/9/5/3
0.1,9,3,0,1000,200,5,constant,geomean,0.18750999973334764,8,0,0,mixture/0.1/9/5/3
0.1,9,3,0,1000,200,5,constant,ratio,0.12399999999999989,8,0,0,mixture/0.1/9/5/3
0.1,9,3,0,1000,200,5,constant,ratio-half,0.12399999999999989,8,0,0,mixture/0.1/9/5/3
0.1,9,4,0,400,200,5,constant,stated,0.6784994344878064,4,0,0,mixture/0.1/9/5/4
0.1,9,4,0,400,200,5,constant,geomean,0.20621590627301284,10,0,0,mixture/0.1/9/5/4
0.1,9,4,0,400,200,5,constant,ratio,0.0,197,0,0,mixture/0.1/9/5/4
0.1,9,4,0,400,200,5,constant,ratio-half,0.255,7,0,0,mixture/0.1/9/5/4
0.1,9,4,0,1000,200,5,constant,stated,0.5395907397331495,6,0,0,mixture/0.1/9/5/4
0.1,9,4,0,1000,200,5,constant,geomean,0.17251086922278266,10,0,0,mixture/0.1/9/5/4
0.1,9,4,0,1000,200,5,constant,ratio,0.0,199,0,0,mixture/0.1/9/5/4
0.1,9,4,0,1000,200,5,constant,ratio-half,0.2479999999999999,7,0,0,mixture/0.1/9/5/4
0.1,9,5,0,400,200,5,constant,stated,0.6784994344878064,3,0,0,mixture/0.1/9/5/5
0.1,9,5,0,400,200,5,constant,geomean,0.2190890230020664,8,0,0,mixture/0.1/9/5/5
0.1,9,5,0,400,200,5,constant,ratio,0.0,195,0,0,mixture/0.1/9/5/5
0.1,9,5,0,400,200,5,constant,ratio-half,0.2499999999999999,7,0,0,mixture/0.1/9/5/5
0.1,9,5,0,1000,200,5,constant,stated,0.5395907397331495,6,0,0,mixture/0.1/9/5/5
0.1,9,5,0,1000,200,5,constant,geomean,0.17012936254509398,9,1,1,mixture/0.1/9/5/5
0.1,9,5,0,1000,200,5,constant,ratio,0.0,197,0,0,mixture/0.1/9/5/5
0.1,9,5,0,1000,200,5,constant,ratio-half,0.09999999999999998,9,1,1,mixture/0.1/9/5/5
0.1,9,6,0,400,200,5,constant,stated,0.6784994344878064,6,0,0,mixture/0.1/9/5/6
0.1,9,6,0,400,200,5,constant,geomean,0.17606816861659016,13,0,0,mixture/0.1/9/5/6
0.1,9,6,0,400,200,5,constant,ratio,0.19000000000000006,12,0,0,mixture/0.1/9/5/6
0.1,9,6,0,400,200,5,constant,ratio-half,0.19000000000000006,12,0,0,mixture/0.1/9/5/6
0.1,9,6,0,1000,200,5,constant,stated,0.5395907397331495,5,0,0,mixture/0.1/9/5/6
0.1,9,6,0,1000,200,5,constant,geomean,0.14512063946937395,15,0,0,mixture/0.1/9/5/6
0.1,9,6,0,1000,200,5,constant,ratio,0.13599999999999998,15,0,0,mixture/0.1/9/5/6
0.1,9,6,0,1000,200,5,constant,ratio-half,0.13599999999999998,15,0,0,mixture/0.1/9/5/6
0.1,9,7,0,400,200,5,constant,stated,0.6784994344878064,3,0,0,mixture/0.1/9/5/7
0.1,9,7,0,400,200,5,constant,geomean,0.2097617696340302,19,0,0,mixture/0.1/9/5/7
0.1,9,7,0,400,200,5,constant,ratio,0.38,5,0,0,mixture/0.1/9/5/7
0.1,9,7,0,400,200,5,constant,ratio-half,0.38,5,0,0,mixture/0.1/9/5/7
0.1,9,7,0,1000,200,5,constant,stated,0.5395907397331495,6,0,0,mixture/0.1/9/5/7
0.1,9,7,0,1000,200,5,constant,geomean,0.1675828153481136,13,0,0,mixture/0.1/9/5/7
0.1,9,7,0,1000,200,5,constant,ratio,0.36,6,0,0,mixture/0.1/9/5/7
0.1,9,7,0,1000,200,5,constant,ratio-half,0.36,6,0,0,mixture/0.1/9/5/7
0.1,9,8,0,400,200,5,constant,stated,0.6784994344878064,4,0,0,mixture/0.1/9/5/8
0.1,9,8,0,400,200,5,constant,geomean,0.22978250586152102,17,0,0,mixture/0.1/9/5/8
0.1,9,8,0,400,200,5,constant,ratio,0.0,191,0,0,mixture/0.1/9/5/8
0.1,9,8,0,400,200,5,constant,ratio-half,0.735,2,0,0,mixture/0.1/9/5/8
0.1,9,8,0,1000,200,5,constant,stated,0.5395907397331495,6,0,0,mixture/0.1/9/5/8
0.1,9,8,0,1000,200,5,constant,geomean,0.17058722109231989,18,0,0,mixture/0.1/9/5/8
0.1,9,8,0,1000,200,5,constant,ratio,0.0,199,0,0,mixture/0.1/9/5/8
0.1,9,8,0,1000,200,5,constant,ratio-half,0.10599999999999987,20,0,0,mixture/0.1/9/5/8
0.1,9,9,0,400,200,5,constant,stated,0.6784994344878064,2,0,0,mixture/0.1/9/5/9
0.1,9,9,0,400,200,5,constant,geomean,0.1818653347947322,26,0,0,mixture/0.1/9/5/9
0.1,9,9,0,400,200,5,constant,ratio,0.0,187,0,0,mixture/0.1/9/5/9
0.1,9,9,0,400,200,5,constant,ratio-half,0.535,2,0,0,mixture/0.1/9/5/9
0.1,9,9,0,1000,200,5,constant,stated,0.5395907397331495,5,0,0,mixture/0.1/9/5/9
0.1,9,9,0,1000,200,5,constant,geomean,0.14075510647930334,13,0,0,mixture/0.1/9/5/9
0.1,9,9,0,1000,200,5,constant,ratio,0.0,188,0,0,mixture/0.1/9/5/9
0.1,9,9,0,1000,200,5,constant,ratio-half,0.03400000000000003,80,0,0,mixture/0.1/9/5/9
0.1,9,10,0,400,200,5,constant,stated,0.6784994344878064,1,0,0,mixture/0.1/9/5/10
0.1,9,10,0,400,200,5,constant,geomean,0.17392527130926055,8,0,0,mixture/0.1/9/5/10
0.1,9,10,0,400,200,5,constant,ratio,0.0,192,0,0,mixture/0.1/9/5/10
0.1,9,10,0,400,200,5,constant,ratio-half,0.12000000000000005,8,0,0,mixture/0.1/9/5/10
0.1,9,10,0,1000,200,5,constant,stated,0.5395907397331495,3,0,0,mixture/0.1/9/5/10
0.1,9,10,0,1000,200,5,constant,geomean,0.13511476603243636,8,0,0,mixture/0.1/9/5/10
0.1,9,10,0,1000,200,5,constant,ratio,0.0,198,0,0,mixture/0.1/9/5/10
0.1,9,10,0,1000,200,5,constant,ratio-half,0.09600000000000003,8,0,0,mixture/0.1/9/5/10
0.1,9,11,0,400,200,5,constant,stated,0.6784994344878064,1,0,0,mixture/0.1/9/5/11
0.1,9,11,0,400,200,5,constant,geomean,0.18234582528810467,13,0,0,mixture/0.1/9/5/11
0.1,9,11,0,400,200,5,constant,ratio,0.15500000000000003,13,0,0,mixture/0.1/9/5/11
0.1,9,11,0,400,200,5,constant,ratio-half,0.15500000000000003,13,0,0,mixture/0.1/9/5/11
0.1,9,11,0,1000,200,5,constant,stated,0.5395907397331495,3,0,0,mixture/0.1/9/5/11
0.1,9,11,0,1000,200,5,constant,geomean,0.12521980673998828,13,0,0,mixture/0.1/9/5/11
0.1,9,11,0,1000,200,5,constant,ratio,0.006000000000000005,199,0,0,mixture/0.1/9/5/11
0.1,9,11,0,1000,200,5,constant,ratio-half,0.10600000000000004,13,0,0,mixture/0.1/9/5/11
0.1,9,12,0,400,200,5,constant,stated,0.6784994344878064,5,0,0,mixture/0.1/9/5/12
0.1,9,12,0,400,200,5,constant,geomean,0.23478713763747774,11,0,0,mixture/0.1/9/5/12
0.1,9,12,0,400,200,5,constant,ratio,0.0,189,0,0,mixture/0.1/9/5/12
0.1,9,12,0,400,200,5,constant,ratio-half,0.41999999999999993,5,0,0,mixture/0.1/9/5/12
0.1,9,12,0,1000,200,5,constant,stated,0.5395907397331495,6,0,0,mixture/0.1/9/5/12
0.1,9,12,0,1000,200,5,constant,geomean,0.17306646122227157,10,0,0,mixture/0.1/9/5/12
0.1,9,12,0,1000,200,5,constant,ratio,0.0,194,0,0,mixture/0.1/9/5/12
0.1,9,12,0,1000,200,5,constant,ratio-half,0.16199999999999998,10,0,0,mixture/0.1/9/5/12
0.1,9,13,0,400,200,5,constant,stated,0.6784994344878064,2,0,0,mixture/0.1/9/5/13
0.1,9,13,0,400,200,5,constant,geomean,0.253968501984006,11,0,0,mixture/0.1/9/5/13
0.1,9,13,0,400,200,5,constant,ratio,0.0,197,0,0,mixture/0.1/9/5/13
0.1,9,13,0,400,200,5,constant,ratio-half,0.6699999999999999,2,0,0,mixture/0.1/9/5/13
0.1,9,13,0,1000,200,5,constant,stated,0.5395907397331495,5,0,0,mixture/0.1/9/5/13
0.1,9,13,0,1000,200,5,constant,geomean,0.198393548282196,10,0,0,mixture/0.1/9/5/13
0.1,9,13,0,1000,200,5,constant,ratio,0.0,197,0,0,mixture/0.1/9/5/13
0.1,9,13,0,1000,200,5,constant,ratio-half,0.14200000000000002,10,0,0,mixture/0.1/9/5/13
0.1,9,14,0,400,200,5,constant,stated,0.6784994344878064,2,0,0,mixture/0.1/9/5/14
0.1,9,14,0,400,200,5,constant,geomean,0.21213203435596434,18,0,0,mixture/0.1/9/5/14
0.1,9,14,0,400,200,5,constant,ratio,0.0,198,0,0,mixture/0.1/9/5/14
0.1,9,14,0,400,200,5,constant,ratio-half,0.11499999999999999,19,0,0,mixture/0.1/9/5/14
0.1,9,14,0,1000,200,5,constant,stated,0.5395907397331495,6,0,0,mixture/0.1/9/5/14
0.1,9,14,0,1000,200,5,constant,geomean,0.17820213242270708,21,0,0,mixture/0.1/9/5/14
0.1,9,14,0,1000,200,5,constant,ratio,0.0,199,0,0,mixture/0.1/9/5/14
0.1,9,14,0,1000,200,5,constant,ratio-half,0.6060000000000001,2,0,0,mixture/0.1/9/5/14
0.1,9,15,0,400,200,5,constant,stated,0.6784994344878064,4,0,0,mixture/0.1/9/5/15
0.1,9,15,0,400,200,5,constant,geomean,0.21748563170931556,5,0,0,mixture/0.1/9/5/15
0.1,9,15,0,400,200,5,constant,ratio,0.21500000000000002,5,0,0,mixture/0.1/9/5/15
0.1,9,15,0,400,200,5,constant,ratio-half,0.21500000000000002,5,0,0,mixture/0.1/9/5/15
0.1,9,15,0,1000,200,5,constant,stated,0.5395907397331495,5,0,0,mixture/0.1/9/5/15
0.1,9,15,0,1000,200,5,constant,geomean,0.16666133324799734,7,0,0,mixture/0.1/9/5/15
0.1,9,15,0,1000,200,5,constant,ratio,0.262,5,0,0,mixture/0.1/9/5/15
0.1,9,15,0,1000,200,5,constant,ratio-half,0.262,5,0,0,mixture/0.1/9/5/15
0.1,9,16,0,400,200,5,constant,stated,0.6784994344878064,5,0,0,mixture/0.1/9/5/16
0.1,9,16,0,400,200,5,constant,geomean,0.20248456731316597,9,1,1,mixture/0.1/9/5/16
0.1,9,16,0,400,200,5,constant,ratio,0.0,191,0,0,mixture/0.1/9/5/16
0.1,9,16,0,400,200,5,constant,ratio-half,0.125,9,1,1,mixture/0.1/9/5/16
0.1,9,16,0,1000,200,5,constant,stated,0.5395907397331495,7,0,0,mixture/0.1/9/5/16
0.1,9,16,0,1000,200,5,constant,geomean,0.15256474035634845,9,1,1,mixture/0.1/9/5/16
0.1,9,16,0,1000,200,5,constant,ratio,0.0,195,0,0,mixture/0.1/9/5/16
0.1,9,16,0,1000,200,5,constant,ratio-half,0.07399999999999984,9,1,1,mixture/0.1/9/5/16
0.1,9,17,0,400,200,5,constant,stated,0.6784994344878064,4,0,0,mixture/0.1/9/5/17
0.1,9,17,0,400,200,5,constant,geomean,0.18425525772688287,10,0,0,mixture/0.1/9/5/17
0.1,9,17,0,400,200,5,constant,ratio,0.0,182,0,0,mixture/0.1/9/5/17
0.1,9,17,0,400,200,5,constant,ratio-half,0.16000000000000014,10,0,0,mixture/0.1/9/5/17
0.1,9,17,0,1000,200,5,constant,stated,0.5395907397331495,8,0,0,mixture/0.1/9/5/17
0.1,9,17,0,1000,200,5,constant,geomean,0.1432480366357599,10,0,0,mixture/0.1/9/5/17
0.1,9,17,0,1000,200,5,constant,ratio,0.0,183,0,0,mixture/0.1/9/5/17
0.1,9,17,0,1000,200,5,constant,ratio-half,0.15000000000000002,9,1,1,mixture/0.1/9/5/17
0.1,9,18,0,400,200,5,constant,stated,0.6784994344878064,4,0,0,mixture/0.1/9/5/18
0.1,9,18,0,400,200,5,constant,geomean,0.21095023109728986,21,0,0,mixture/0.1/9/5/18
0.1,9,18,0,400,200,5,constant,ratio,0.0,180,0,0,mixture/0.1/9/5/18
0.1,9,18,0,400,200,5,constant,ratio-half,0.43,6,0,0,mixture/0.1/9/5/18
0.1,9,18,0,1000,200,5,constant,stated,0.5395907397331495,6,0,0,mixture/0.1/9/5/18
0.1,9,18,0,1000,200,5,constant,geomean,0.16014992975334089,15,0,0,mixture/0.1/9/5/18
0.1,9,18,0,1000,200,5,constant,ratio,0.0,185,0,0,mixture/0.1/9/5/18
0.1,9,18,0,1000,200,5,constant,ratio-half,0.244,8,0,0,mixture/0.1/9/5/18
0.1,9,19,0,400,200,5,constant,stated,0.6784994344878064,4,0,0,mixture/0.1/9/5/19
0.1,9,19,0,400,200,5,constant,geomean,0.19532024984624619,10,0,0,mixture/0.1/9/5/19
0.1,9,19,0,400,200,5,constant,ratio,0.18000000000000016,10,0,0,mixture/0.1/9/5/19
0.1,9,19,0,400,200,5,constant,ratio-half,0.18000000000000016,10,0,0,mixture/0.1/9/5/19
0.1,9,19,0,1000,200,5,constant,stated,0.5395907397331495,7,0,0,mixture/0.1/9/5/19
0.1,9,19,0,1000,200,5,constant,geomean,0.15612815249019,9,1,1,mixture/0.1/9/5/19
0.1,9,19,0,1000,200,5,constant,ratio,0.134,9,1,1,mixture/0.1/9/5/19
0.1,9,19,0,1000,200,5,constant,ratio-half,0.134,9,1,1,mixture/0.1/9/5/19
0.1,10,0,0,400,200,5,constant,stated,0.6784994344878064,5,0,0,mixture/0.1/10/5/0
0.1,10,0,0,400,200,5,constant,geomean,0.19798989873223338,10,1,0,mixture/0.1/10/5/0
0.1,10,0,0,400,200,5,constant,ratio,0.0,195,0,0,mixture/0.1/10/5/0
0.1,10,0,0,400,200,5,constant,ratio-half,0.47499999999999987,5,0,0,mixture/0.1/10/5/0
0.1,10,0,0,1000,200,5,constant,stated,0.5395907397331495,5,0,0,mixture/0.1/10/5/0
0.1,10,0,0,1000,200,5,constant,geomean,0.16084775410306487,8,0,0,mixture/0.1/10/5/0
0.1,10,0,0,1000,200,5,constant,ratio,0.0,197,0,0,mixture/0.1/10/5/0
0.1,10,0,0,1000,200,5,constant,ratio-half,0.262,6,0,0,mixture/0.1/10/5/0
0.1,10,1,0,400,200,5,constant,stated,0.6784994344878064,3,0,0,mixture/0.1/10/5/1
0.1,10,1,0,400,200,5,constant,geomean,0.19685019685029537,22,0,0,mixture/0.1/10/5/1
0.1,10,1,0,400,200,5,constant,ratio,0.0,195,0,0,mixture/0.1/10/5/1
0.1,10,1,0,400,200,5,constant,ratio-half,0.11500000000000002,28,0,0,mixture/0.1/10/5/1
0.1,10,1,0,1000,200,5,constant,stated,0.5395907397331495,6,0,0,mixture/0.1/10/5/1
0.1,10,1,0,1000,200,5,constant,geomean,0.15815182578775377,23,0,0,mixture/0.1/10/5/1
0.1,10,1,0,1000,200,5,constant,ratio,0.0020000000000000018,188,0,0,mixture/0.1/10/5/1
0.1,10,1,0,1000,200,5,constant,ratio-half,0.266,10,1,1,mixture/0.1/10/5/1
0.1,10,2,0,400,200,5,constant,stated,0.6784994344878064,4,0,0,mixture/0.1/10/5/2
0.1,10,2,0,400,200,5,constant,geomean,0.17993054215446588,10,1,1,mixture/0.1/10/5/2
0.1,10,2,0,400,200,5,constant,ratio,0.17500000000000004,10,1,1,mixture/0.1/10/5/2
0.1,10,2,0,400,200,5,constant,ratio-half,0.17500000000000004,10,1,1,mixture/0.1/10/5/2
0.1,10,2,0,1000,200,5,constant,stated,0.5395907397331495,7,0,0,mixture/0.1/10/5/2
0.1,10,2,0,1000,200,5,constant,geomean,0.13564659966250542,10,1,1,mixture/0.1/10/5/2
0.1,10,2,0,1000,200,5,constant,ratio,0.09200000000000003,10,1,1,mixture/0.1/10/5/2
0.1,10,2,0,1000,200,5,constant,ratio-half,0.09200000000000003,10,1,1,mixture/0.1/10/5/2
0.1,10,3,0,400,200,5,constant,stated,0.6784994344878064,3,0,0,mixture/0.1/10/5/3
0.1,10,3,0,400,200,5,constant,geomean,0.2247220505424423,10,1,1,mixture/0.1/10/5/3
0.1,10,3,0,400,200,5,constant,ratio,0.0,194,0,0,mixture/0.1/10/5/3
0.1,10,3,0,400,200,5,constant,ratio-half,0.17500000000000004,10,1,1,mixture/0.1/10/5/3
0.1,10,3,0,1000,200,5,constant,stated,0.5395907397331495,6,0,0,mixture/0.1/10/5/3
0.1,10,3,0,1000,200,5,constant,geomean,0.1706458320616124,10,1,1,mixture/0.1/10/5/3
0.1,10,3,0,1000,200,5,constant,ratio,0.0,199,0,0,mixture/0.1/10/5/3
0.1,10,3,0,1000,200,5,constant,ratio-half,0.10000000000000009,10,1,1,mixture/0.1/10/5/3
0.1,10,4,0,400,200,5,constant,stated,0.6784994344878064,3,0,0,mixture/0.1/10/5/4
0.1,10,4,0,400,200,5,constant,geomean,0.18854707634964787,17,0,0,mixture/0.1/10/5/4
0.1,10,4,0,400,200,5,constant,ratio,0.0,190,0,0,mixture/0.1/10/5/4
0.1,10,4,0,400,200,5,constant,ratio-half,0.265,10,1,0,mixture/0.1/10/5/4
0.1,10,4,0,1000,200,5,constant,stated,0.5395907397331495,6,0,0,mixture/0.1/10/5/4
0.1,10,4,0,1000,200,5,constant,geomean,0.14416657032752087,11,0,0,mixture/0.1/10/5/4
0.1,10,4,0,1000,200,5,constant,ratio,0.0,190,0,0,mixture/0.1/10/5/4
0.1,10,4,0,1000,200,5,constant,ratio-half,0.128,11,0,0,mixture/0.1/10/5/4
0.1,10,5,0,400,200,5,constant,stated,0.6784994344878064,3,0,0,mixture/0.1/10/5/5
0.1,10,5,0,400,200,5,constant,geomean,0.22699118925632372,10,1,0,mixture/0.1/10/5/5
0.1,10,5,0,400,200,5,constant,ratio,0.0,193,0,0,mixture/0.1/10/5/5
0.1,10,5,0,400,200,5,constant,ratio-half,0.5350000000000001,3,0,0,mixture/0.1/10/5/5
0.1,10,5,0,1000,200,5,constant,stated,0.5395907397331495,6,0,0,mixture/0.1/10/5/5
0.1,10,5,0,1000,200,5,constant,geomean,0.1819230606602693,10,1,0,mixture/0.1/10/5/5
0.1,10,5,0,1000,200,5,constant,ratio,0.0,194,0,0,mixture/0.1/10/5/5
0.1,10,5,0,1000,200,5,constant,ratio-half,0.5640000000000001,3,0,0,mixture/0.1/10/5/5
0.1,10,6,0,400,200,5,constant,stated,0.6784994344878064,2,0,0,mixture/0.1/10/5/6
0.1,10,6,0,400,200,5,constant,geomean,0.1649242250247065,12,0,0,mixture/0.1/10/5/6
0.1,10,6,0,400,200,5,constant,ratio,0.21999999999999997,10,1,1,mixture/0.1/10/5/6
0.1,10,6,0,400,200,5,constant,ratio-half,0.21999999999999997,10,1,1,mixture/0.1/10/5/6
0.1,10,6,0,1000,200,5,constant,stated,0.5395907397331495,6,0,0,mixture/0.1/10/5/6
0.1,10,6,0,1000,200,5,constant,geomean,0.13434284498997337,10,1,1,mixture/0.1/10/5/6
0.1,10,6,0,1000,200,5,constant,ratio,0.12,10,1,1,mixture/0.1/10/5/6
0.1,10,6,0,1000,200,5,constant,ratio-half,0.12,10,1,1,mixture/0.1/10/5/6
0.1,10,7,0,400,200,5,constant,stated,0.6784994344878064,2,0,0,mixture/0.1/10/5/7
0.1,10,7,0,400,200,5,constant,geomean,0.2269911892563233,18,0,0,mixture/0.1/10/5/7
0.1,10,7,0,400,200,5,constant,ratio,0.0,194,0,0,mixture/0.1/10/5/7
0.1,10,7,0,400,200,5,constant,ratio-half,0.655,2,0,0,mixture/0.1/10/5/7
0.1,10,7,0,1000,200,5,constant,stated,0.5395907397331495,6,0,0,mixture/0.1/10/5/7
0.1,10,7,0,1000,200,5,constant,geomean,0.1734819875376116,13,0,0,mixture/0.1/10/5/7
0.1,10,7,0,1000,200,5,constant,ratio,0.0,197,0,0,mixture/0.1/10/5/7
0.1,10,7,0,1000,200,5,constant,ratio-half,0.732,2,0,0,mixture/0.1/10/5/7
0.1,10,8,0,400,200,5,constant,stated,0.6784994344878064,2,0,0,mixture/0.1/10/5/8
0.1,10,8,0,400,200,5,constant,geomean,0.19480759738778147,11,0,0,mixture/0.1/10/5/8
0.1,10,8,0,400,200,5,constant,ratio,0.21500000000000002,10,1,1,mixture/0.1/10/5/8
0.1,10,8,0,400,200,5,constant,ratio-half,0.21500000000000002,10,1,1,mixture/0.1/10/5/8
0.1,10,8,0,1000,200,5,constant,stated,0.5395907397331495,3,0,0,mixture/0.1/10/5/8
0.1,10,8,0,1000,200,5,constant,geomean,0.14656056768449013,11,0,0,mixture/0.1/10/5/8
0.1,10,8,0,1000,200,5,constant,ratio,0.196,10,1,1,mixture/0.1/10/5/8
0.1,10,8,0,1000,200,5,constant,ratio-half,0.196,10,1,1,mixture/0.1/10/5/8
0.1,10,9,0,400,200,5,constant,stated,0.6784994344878064,4,0,0,mixture/0.1/10/5/9
0.1,10,9,0,400,200,5,constant,geomean,0.19615045245933038,26,0,0,mixture/0.1/10/5/9
0.1,10,9,0,400,200,5,constant,ratio,0.0,191,0,0,mixture/0.1/10/5/9
0.1,10,9,0,400,200,5,constant,ratio-half,0.28,17,0,0,mixture/0.1/10/5/9
0.1,10,9,0,1000,200,5,constant,stated,0.5395907397331495,10,1,0,mixture/0.1/10/5/9
0.1,10,9,0,1000,200,5,constant,geomean,0.17798876369029598,27,0,0,mixture/0.1/10/5/9
0.1,10,9,0,1000,200,5,constant,ratio,0.0,197,0,0,mixture/0.1/10/5/9
0.1,10,9,0,1000,200,5,constant,ratio-half,0.42000000000000004,12,0,0,mixture/0.1/10/5/9
0.1,10,10,0,400,200,5,constant,stated,0.6784994344878064,2,0,0,mixture/0.1/10/5/10
0.1,10,10,0,400,200,5,constant,geomean,0.20012496096189503,10,1,1,mixture/0.1/10/5/10
0.1,10,10,0,400,200,5,constant,ratio,0.16500000000000004,10,1,1,mixture/0.1/10/5/10
0.1,10,10,0,400,200,5,constant,ratio-half,0.16500000000000004,10,1,1,mixture/0.1/10/5/10
0.1,10,10,0,1000,200,5,constant,stated,0.5395907397331495,7,0,0,mixture/0.1/10/5/10
0.1,10,10,0,1000,200,5,constant,geomean,0.15414279094398162,10,1,1,mixture/0.1/10/5/10
0.1,10,10,0,1000,200,5,constant,ratio,0.134,10,1,1,mixture/0.1/10/5/10
0.1,10,10,0,1000,200,5,constant,ratio-half,0.134,10,1,1,mixture/0.1/10/5/10
0.1,10,11,0,400,200,5,constant,stated,0.6784994344878064,5,0,0,mixture/0.1/10/5/11
0.1,10,11,0,400,200,5,constant,geomean,0.24596747752497683,11,0,0,mixture/0.1/10/5/11
0.1,10,11,0,400,200,5,constant,ratio,0.0,191,0,0,mixture/0.1/10/5/11
0.1,10,11,0,400,200,5,constant,ratio-half,0.43499999999999994,5,0,0,mixture/0.1/10/5/11
0.1,10,11,0,1000,200,5,constant,stated,0.5395907397331495,5,0,0,mixture/0.1/10/5/11
0.1,10,11,0,1000,200,5,constant,geomean,0.1928730152198592,11,0,0,mixture/0.1/10/5/11
0.1,10,11,0,1000,200,5,constant,ratio,0.0,192,0,0,mixture/0.1/10/5/11
0.1,10,11,0,1000,200,5,constant,ratio-half,0.08600000000000008,11,0,0,mixture/0.1/10/5/11
0.1,10,12,0,400,200,5,constant,stated,0.6784994344878064,4,0,0,mixture/0.1/10/5/12
0.1,10,12,0,400,200,5,constant,geomean,0.21679483388678797,17,0,0,mixture/0.1/10/5/12
0.1,10,12,0,400,200,5,constant,ratio,0.0,193,0,0,mixture/0.1/10/5/12
0.1,10,12,0,400,200,5,constant,ratio-half,0.625,4,0,0,mixture/0.1/10/5/12
0.1,10,12,0,1000,200,5,constant,stated,0.5395907397331495,6,0,0,mixture/0.1/10/5/12
0.1,10,12,0,1000,200,5,constant,geomean,0.17527121840165324,20,0,0,mixture/0.1/10/5/12
0.1,10,12,0,1000,200,5,constant,ratio,0.0,194,0,0,mixture/0.1/10/5/12
0.1,10,12,0,1000,200,5,constant,ratio-half,0.5960000000000001,3,0,0,mixture/0.1/10/5/12
0.1,10,13,0,400,200,5,constant,stated,0.6784994344878064,3,0,0,mixture/0.1/10/5/13
0.1,10,13,0,400,200,5,constant,geomean,0.1884144368141678,13,0,0,mixture/0.1/10/5/13
0.1,10,13,0,400,200,5,constant,ratio,0.20499999999999996,11,0,0,mixture/0.1/10/5/13
0.1,10,13,0,400,200,5,constant,ratio-half,0.20499999999999996,11,0,0,mixture/0.1/10/5/13
0.1,10,13,0,1000,200,5,constant,stated,0.5395907397331495,6,0,0,mixture/0.1/10/5/13
0.1,10,13,0,1000,200,5,constant,geomean,0.15263027222671138,11,0,0,mixture/0.1/10/5/13
0.1,10,13,0,1000,200,5,constant,ratio,0.18800000000000017,9,0,0,mixture/0.1/10/5/13
0.1,10,13,0,1000,200,5,constant,ratio-half,0.18800000000000017,9,0,0,mixture/0.1/10/5/13
0.1,10,14,0,400,200,5,constant,stated,0.6784994344878064,5,0,0,mixture/0.1/10/5/14
0.1,10,14,0,400,200,5,constant,geomean,0.2018043607061057,13,0,0,mixture/0.1/10/5/14
0.1,10,14,0,400,200,5,constant,ratio,0.0,188,0,0,mixture/0.1/10/5/14
0.1,10,14,0,400,200,5,constant,ratio-half,0.10000000000000009,19,0,0,mixture/0.1/10/5/14
0.1,10,14,0,1000,200,5,constant,stated,0.5395907397331495,8,0,0,mixture/0.1/10/5/14
0.1,10,14,0,1000,200,5,constant,geomean,0.16198765385053276,19,0,0,mixture/0.1/10/5/14
0.1,10,14,0,1000,200,5,constant,ratio,0.0,191,0,0,mixture/0.1/10/5/14
0.1,10,14,0,1000,200,5,constant,ratio-half,0.122,19,0,0,mixture/0.1/10/5/14
0.1,10,15,0,400,200,5,constant,stated,0.6784994344878064,2,0,0,mixture/0.1/10/5/15
0.1,10,15,0,400,200,5,constant,geomean,0.19811612756158956,14,0,0,mixture/0.1/10/5/15
0.1,10,15,0,400,200,5,constant,ratio,0.0,182,0,0,mixture/0.1/10/5/15
0.1,10,15,0,400,200,5,constant,ratio-half,0.245,11,0,0,mixture/0.1/10/5/15
0.1,10,15,0,1000,200,5,constant,stated,0.5395907397331495,7,0,0,mixture/0.1/10/5/15
0.1,10,15,0,1000,200,5,constant,geomean,0.1575055554575775,12,0,0,mixture/0.1/10/5/15
0.1,10,15,0,1000,200,5,constant,ratio,0.0,184,0,0,mixture/0.1/10/5/15
0.1,10,15,0,1000,200,5,constant,ratio-half,0.21200000000000008,10,1,1,mixture/0.1/10/5/15
0.1,10,16,0,400,200,5,constant,stated,0.6784994344878064,2,0,0,mixture/0.1/10/5/16
0.1,10,16,0,400,200,5,constant,geomean,0.21106870919205442,11,0,0,mixture/0.1/10/5/16
0.1,10,16,0,400,200,5,constant,ratio,0.5700000000000001,2,0,0,mixture/0.1/10/5/16
0.1,10,16,0,400,200,5,constant,ratio-half,0.5700000000000001,2,0,0,mixture/0.1/10/5/16
0.1,10,16,0,1000,200,5,constant,stated,0.5395907397331495,4,0,0,mixture/0.1/10/5/16
0.1,10,16,0,1000,200,5,constant,geomean,0.16204937519163726,10,1,1,mixture/0.1/10/5/16
0.1,10,16,0,1000,200,5,constant,ratio,0.11799999999999994,10,1,1,mixture/0.1/10/5/16
0.1,10,16,0,1000,200,5,constant,ratio-half,0.11799999999999994,10,1,1,mixture/0.1/10/5/16
0.1,10,17,0,400,200,5,constant,stated,0.6784994344878064,1,0,0,mixture/0.1/10/5/17
0.1,10,17,0,400,200,5,constant,geomean,0.18980252896102306,12,0,0,mixture/0.1/10/5/17
0.1,10,17,0,400,200,5,constant,ratio,0.31999999999999995,6,0,0,mixture/0.1/10/5/17
0.1,10,17,0,400,200,5,constant,ratio-half,0.31999999999999995,6,0,0,mixture/0.1/10/5/17
0.1,10,17,0,1000,200,5,constant,stated,0.5395907397331495,5,0,0,mixture/0.1/10/5/17
0.1,10,17,0,1000,200,5,constant,geomean,0.1477294825009552,12,0,0,mixture/0.1/10/5/17
0.1,10,17,0,1000,200,5,constant,ratio,0.3520000000000001,5,0,0,mixture/0.1/10/5/17
0.1,10,17,0,1000,200,5,constant,ratio-half,0.3520000000000001,5,0,0,mixture/0.1/10/5/17
0.1,10,18,0,400,200,5,constant,stated,0.6784994344878064,4,0,0,mixture/0.1/10/5/18
0.1,10,18,0,400,200,5,constant,geomean,0.1915071800220556,13,0,0,mixture/0.1/10/5/18
0.1,10,18,0,400,200,5,constant,ratio,0.0,196,0,0,mixture/0.1/10/5/18
0.1,10,18,0,400,200,5,constant,ratio-half,0.2799999999999999,7,0,0,mixture/0.1/10/5/18
0.1,10,18,0,1000,200,5,constant,stated,0.5395907397331495,6,0,0,mixture/0.1/10/5/18
0.1,10,18,0,1000,200,5,constant,geomean,0.14813507349712954,9,0,0,mixture/0.1/10/5/18
0.1,10,18,0,1000,200,5,constant,ratio,0.0,198,0,0,mixture/0.1/10/5/18
0.1,10,18,0,1000,200,5,constant,ratio-half,0.14400000000000002,9,0,0,mixture/0.1/10/5/18
0.1,10,19,0,400,200,5,constant,stated,0.6784994344878064,3,0,0,mixture/0.1/10/5/19
0.1,10,19,0,400,200,5,constant,geomean,0.2195449840010016,9,0,0,mixture/0.1/10/5/19
0.1,10,19,0,400,200,5,constant,ratio,0.48000000000000004,3,0,0,mixture/0.1/10/5/19
0.1,10,19,0,400,200,5,constant,ratio-half,0.48000000000000004,3,0,0,mixture/0.1/10/5/19
0.1,10,19,0,1000,200,5,constant,stated,0.5395907397331495,4,0,0,mixture/0.1/10/5/19
0.1,10,19,0,1000,200,5,constant,geomean,0.16715262486721535,9,0,0,mixture/0.1/10/5/19
0.1,10,19,0,1000,200,5,constant,ratio,0.08399999999999985,9,0,0,mixture/0.1/10/5/19
0.1,10,19,0,1000,200,5,constant,ratio-half,0.08399999999999985,9,0,0,mixture/0.1/10/5/19
0.2,2,0,0,400,200,5,constant,stated,0.6784994344878064,1,0,0,mixture/0.2/2/5/0
0.2,2,0,0,400,200,5,constant,geomean,0.27046256672597047,2,1,1,mixture/0.2/2/5/0
0.2,2,0,0,400,200,5,constant,ratio,0.255,2,1,1,mixture/0.2/2/5/0
0.2,2,0,0,400,200,5,constant,ratio-half,0.255,2,1,1,mixture/0.2/2/5/0
0.2,2,0,0,1000,200,5,constant,stated,0.5395907397331495,2,1,1,mixture/0.2/2/5/0
0.2,2,0,0,1000,200,5,constant,geomean,0.23237900077244503,2,1,1,mixture/0.2/2/5/0
0.2,2,0,0,1000,200,5,constant,ratio,0.138,2,1,1,mixture/0.2/2/5/0
0.2,2,0,0,1000,200,5,constant,ratio-half,0.138,2,1,1,mixture/0.2/2/5/0
0.2,2,1,0,400,200,5,constant,stated,0.6784994344878064,1,0,0,mixture/0.2/2/5/1
0.2,2,1,0,400,200,5,constant,geomean,0.2202271554554523,5,0,0,mixture/0.2/2/5/1
0.2,2,1,0,400,200,5,constant,ratio,0.2450000000000001,2,1,1,mixture/0.2/2/5/1
0.2,2,1,0,400,200,5,constant,ratio-half,0.2450000000000001,2,1,1,mixture/0.2/2/5/1
0.2,2,1,0,1000,200,5,constant,stated,0.5395907397331495,1,0,0,mixture/0.2/2/5/1
0.2,2,1,0,1000,200,5,constant,geomean,0.16757088052522737,2,1,1,mixture/0.2/2/5/1
0.2,2,1,0,1000,200,5,constant,ratio,0.16400000000000003,2,1,1,mixture/0.2/2/5/1
0.2,2,1,0,1000,200,5,constant,ratio-half,0.16400000000000003,2,1,1,mixture/0.2/2/5/1
0.2,2,2,0,400,200,5,constant,stated,0.6784994344878064,2,1,1,mixture/0.2/2/5/2
0.2,2,2,0,400,200,5,constant,geomean,0.21598611066455184,2,1,1,mixture/0.2/2/5/2
0.2,2,2,0,400,200,5,constant,ratio,0.08500000000000002,2,1,1,mixture/0.2/2/5/2
0.2,2,2,0,400,200,5,constant,ratio-half,0.08500000000000002,2,1,1,mixture/0.2/2/5/2
0.2,2,2,0,1000,200,5,constant,stated,0.5395907397331495,2,1,1,mixture/0.2/2/5/2
0.2,2,2,0,1000,200,5,constant,geomean,0.18077610461562663,2,1,1,mixture/0.2/2/5/2
0.2,2,2,0,1000,200,5,constant,ratio,0.030000000000000027,2,1,1,mixture/0.2/2/5/2
0.2,2,2,0,1000,200,5,constant,ratio-half,0.030000000000000027,2,1,1,mixture/0.2/2/5/2
0.2,2,3,0,400,200,5,constant,stated,0.6784994344878064,2,1,1,mixture/0.2/2/5/3
0.2,2,3,0,400,200,5,constant,geomean,0.16309506430300097,2,1,1,mixture/0.2/2/5/3
0.2,2,3,0,400,200,5,constant,ratio,0.050000000000000044,2,1,1,mixture/0.2/2/5/3
0.2,2,3,0,400,200,5,constant,ratio-half,0.050000000000000044,2,1,1,mixture/0.2/2/5/3
0.2,2,3,0,1000,200,5,constant,stated,0.5395907397331495,2,1,1,mixture/0.2/2/5/3
0.2,2,3,0,1000,200,5,constant,geomean,0.12377398757412647,2,1,1,mixture/0.2/2/5/3
0.2,2,3,0,1000,200,5,constant,ratio,0.03199999999999997,2,1,1,mixture/0.2/2/5/3
0.2,2,3,0,1000,200,5,constant,ratio-half,0.03199999999999997,2,1,1,mixture/0.2/2/5/3
0.2,2,4,0,400,200,5,constant,stated,0.6784994344878064,2,1,1,mixture/0.2/2/5/4
0.2,2,4,0,400,200,5,constant,geomean,0.3446737587922816,3,0,0,mixture/0.2/2/5/4
0.2,2,4,0,400,200,5,constant,ratio,0.39,2,1,1,mixture/0.2/2/5/4
0.2,2,4,0,400,200,5,constant,ratio-half,0.39,2,1,1,mixture/0.2/2/5/4
0.2,2,4,0,1000,200,5,constant,stated,0.5395907397331495,2,1,1,mixture/0.2/2/5/4
0.2,2,4,0,1000,200,5,constant,geomean,0.29356430300702435,2,1,1,mixture/0.2/2/5/4
0.2,2,4,0,1000,200,5,constant,ratio,0.16000000000000003,2,1,1,mixture/0.2/2/5/4
0.2,2,4,0,1000,200,5,constant,ratio-half,0.16000000000000003,2,1,1,mixture/0.2/2/5/4
0.2,2,5,0,400,200,5,constant,stated,0.6784994344878064,1,0,0,mixture/0.2/2/5/5
0.2,2,5,0,400,200,5,constant,geomean,0.20012496096189497,2,1,1,mixture/0.2/2/5/5
0.2,2,5,0,400,200,5,constant,ratio,0.16000000000000003,2,1,1,mixture/0.2/2/5/5
0.2,2,5,0,400,200,5,constant,ratio-half,0.16000000000000003,2,1,1,mixture/0.2/2/5/5
0.2,2,5,0,1000,200,5,constant,stated,0.5395907397331495,1,0,0,mixture/0.2/2/5/5
0.2,2,5,0,1000,200,5,constant,geomean,0.16083531950414373,2,1,1,mixture/0.2/2/5/5
0.2,2,5,0,1000,200,5,constant,ratio,0.122,2,1,1,mixture/0.2/2/5/5
0.2,2,5,0,1000,200,5,constant,ratio-half,0.122,2,1,1,mixture/0.2/2/5/5
0.2,2,6,0,400,200,5,constant,stated,0.6784994344878064,1,0,0,mixture/0.2/2/5/6
0.2,2,6,0,400,200,5,constant,geomean,0.1622498073958797,2,1,1,mixture/0.2/2/5/6
0.2,2,6,0,400,200,5,constant,ratio,0.11000000000000004,2,1,1,mixture/0.2/2/5/6
0.2,2,6,0,400,200,5,constant,ratio-half,0.11000000000000004,2,1,1,mixture/0.2/2/5/6
0.2,2,6,0,1000,200,5,constant,stated,0.5395907397331495,1,0,0,mixture/0.2/2/5/6
0.2,2,6,0,1000,200,5,constant,geomean,0.1419154677968544,2,1,1,mixture/0.2/2/5/6
0.2,2,6,0,1000,200,5,constant,ratio,0.057999999999999996,2,1,1,mixture/0.2/2/5/6
0.2,2,6,0,1000,200,5,constant,ratio-half,0.057999999999999996,2,1,1,mixture/0.2/2/5/6
0.2,2,7,0,400,200,5,constant,stated,0.6784994344878064,1,0,0,mixture/0.2/2/5/7
0.2,2,7,0,400,200,5,constant,geomean,0.1415097169808491,2,1,1,mixture/0.2/2/5/7
0.2,2,7,0,400,200,5,constant,ratio,0.06000000000000005,2,1,1,mixture/0.2/2/5/7
0.2,2,7,0,400,200,5,constant,ratio-half,0.06000000000000005,2,1,1,mixture/0.2/2/5/7
0.2,2,7,0,1000,200,5,constant,stated,0.5395907397331495,1,0,0,mixture/0.2/2/5/7
0.2,2,7,0,1000,200,5,constant,geomean,0.10912378292562998,2,1,1,mixture/0.2/2/5/7
0.2,2,7,0,1000,200,5,constant,ratio,0.038000000000000034,2,1,1,mixture/0.2/2/5/7
0.2,2,7,0,1000,200,5,constant,ratio-half,0.038000000000000034,2,1,1,mixture/0.2/2/5/7
0.2,2,8,0,400,200,5,constant,stated,0.6784994344878064,2,1,1,mixture/0.2/2/5/8
0.2,2,8,0,400,200,5,constant,geomean,0.35766604535516083,2,1,1,mixture/0.2/2/5/8
0.2,2,8,0,400,200,5,constant,ratio,0.23500000000000004,2,1,1,mixture/0.2/2/5/8
0.2,2,8,0,400,200,5,constant,ratio-half,0.23500000000000004,2,1,1,mixture/0.2/2/5/8
0.2,2,8,0,1000,200,5,constant,stated,0.5395907397331495,2,1,1,mixture/0.2/2/5/8
0.2,2,8,0,1000,200,5,constant,geomean,0.3204372013359248,2,1,1,mixture/0.2/2/5/8
0.2,2,8,0,1000,200,5,constant,ratio,0.19400000000000006,2,1,1,mixture/0.2/2/5/8
0.2,2,8,0,1000,200,5,constant,ratio-half,0.19400000000000006,2,1,1,mixture/0.2/2/5/8
0.2,2,9,0,400,200,5,constant,stated,0.6784994344878064,2,1,1,mixture/0.2/2/5/9
0.2,2,9,0,400,200,5,constant,geomean,0.18493242008906924,2,1,1,mixture/0.2/2/5/9
0.2,2,9,0,400,200,5,constant,ratio,0.10999999999999999,2,1,1,mixture/0.2/2/5/9
0.2,2,9,0,400,200,5,constant,ratio-half,0.10999999999999999,2,1,1,mixture/0.2/2/5/9
0.2,2,9,0,1000,200,5,constant,stated,0.5395907397331495,2,1,1,mixture/0.2/2/5/9
0.2,2,9,0,1000,200,5,constant,geomean,0.13891004283348277,2,1,1,mixture/0.2/2/5/9
0.2,2,9,0,1000,200,5,constant,ratio,0.052000000000000046,2,1,1,mixture/0.2/2/5/9
0.2,2,9,0,1000,200,5,constant,ratio-half,0.052000000000000046,2,1,1,mixture/0.2/2/5/9
0.2,2,10,0,400,200,5,constant,stated,0.6784994344878064,1,0,0,mixture/0.2/2/5/10
0.2,2,10,0,400,200,5,constant,geomean,0.13674794331177334,2,1,1,mixture/0.2/2/5/10
0.2,2,10,0,400,200,5,constant,ratio,0.07499999999999996,2,1,1,mixture/0.2/2/5/10
0.2,2,10,0,400,200,5,constant,ratio-half,0.07499999999999996,2,1,1,mixture/0.2/2/5/10
0.2,2,10,0,1000,200,5,constant,stated,0.5395907397331495,1,0,0,mixture/0.2/2/5/10
0.2,2,10,0,1000,200,5,constant,geomean,0.10392304845413268,2,1,1,mixture/0.2/2/5/10
0.2,2,10,0,1000,200,5,constant,ratio,0.04600000000000004,2,1,1,mixture/0.2/2/5/10
0.2,2,10,0,1000,200,5,constant,ratio-half,0.04600000000000004,2,1,1,mixture/0.2/2/5/10
0.2,2,11,0,400,200,5,constant,stated,0.6784994344878064,1,0,0,mixture/0.2/2/5/11
0.2,2,11,0,400,200,5,constant,geomean,0.13555441711725955,2,1,1,mixture/0.2/2/5/11
0.2,2,11,0,400,200,5,constant,ratio,0.12,2,1,1,mixture/0.2/2/5/11
0.2,2,11,0,400,200,5,constant,ratio-half,0.12,2,1,1,mixture/0.2/2/5/11
0.2,2,11,0,1000,200,5,constant,stated,0.5395907397331495,1,0,0,mixture/0.2/2/5/11
0.2,2,11,0,1000,200,5,constant,geomean,0.10079682534683326,2,1,1,mixture/0.2/2/5/11
0.2,2,11,0,1000,200,5,constant,ratio,0.06399999999999995,2,1,1,mixture/0.2/2/5/11
0.2,2,11,0,1000,200,5,constant,ratio-half,0.06399999999999995,2,1,1,mixture/0.2/2/5/11
0.2,2,12,0,400,200,5,constant,stated,0.6784994344878064,2,1,1,mixture/0.2/2/5/12
0.2,2,12,0,400,200,5,constant,geomean,0.1577181029558755,7,0,0,mixture/0.2/2/5/12
0.2,2,12,0,400,200,5,constant,ratio,0.0,188,0,0,mixture/0.2/2/5/12
0.2,2,12,0,400,200,5,constant,ratio-half,0.34,2,1,1,mixture/0.2/2/5/12
0.2,2,12,0,1000,200,5,constant,stated,0.5395907397331495,2,1,1,mixture/0.2/2/5/12
0.2,2,12,0,1000,200,5,constant,geomean,0.16673332000533073,4,0,0,mixture/0.2/2/5/12
0.2,2,12,0,1000,200,5,constant,ratio,0.0,199,0,0,mixture/0.2/2/5/12
0.2,2,12,0,1000,200,5,constant,ratio-half,0.182,2,1,1,mixture/0.2/2/5/12
0.2,2,13,0,400,200,5,constant,stated,0.6784994344878064,1,0,0,mixture/0.2/2/5/13
0.2,2,13,0,400,200,5,constant,geomean,0.1596871942267132,2,1,1,mixture/0.2/2/5/13
0.2,2,13,0,400,200,5,constant,ratio,0.125,2,1,1,mixture/0.2/2/5/13
0.2,2,13,0,400,200,5,constant,ratio-half,0.125,2,1,1,mixture/0.2/2/5/13
0.2,2,13,0,1000,200,5,constant,stated,0.5395907397331495,1,0,0,mixture/0.2/2/5/13
0.2,2,13,0,1000,200,5,constant,geomean,0.12986146464598347,2,1,1,mixture/0.2/2/5/13
0.2,2,13,0,1000,200,5,constant,ratio,0.06000000000000005,2,1,1,mixture/0.2/2/5/13
0.2,2,13,0,1000,200,5,constant,ratio-half,0.06000000000000005,2,1,1,mixture/0.2/2/5/13
0.2,2,14,0,400,200,5,constant,stated,0.6784994344878064,1,0,0,mixture/0.2/2/5/14
0.2,2,14,0,400,200,5,constant,geomean,0.12903487900563945,2,1,1,mixture/0.2/2/5/14
0.2,2,14,0,400,200,5,constant,ratio,0.06500000000000006,2,1,1,mixture/0.2/2/5/14
0.2,2,14,0,400,200,5,constant,ratio-half,0.06500000000000006,2,1,1,mixture/0.2/2/5/14
0.2,2,14,0,1000,200,5,constant,stated,0.5395907397331495,1,0,0,mixture/0.2/2/5/14
0.2,2,14,0,1000,200,5,constant,geomean,0.09624967532412765,2,1,1,mixture/0.2/2/5/14
0.2,2,14,0,1000,200,5,constant,ratio,0.04600000000000004,2,1,1,mixture/0.2/2/5/14
0.2,2,14,0,1000,200,5,constant,ratio-half,0.04600000000000004,2,1,1,mixture/0.2/2/5/14
0.2,2,15,0,400,200,5,constant,stated,0.6784994344878064,1,0,0,mixture/0.2/2/5/15
0.2,2,15,0,400,200,5,constant,geomean,0.17606816861659016,2,1,1,mixture/0.2/2/5/15
0.2,2,15,0,400,200,5,constant,ratio,0.07999999999999996,2,1,1,mixture/0.2/2/5/15
0.2,2,15,0,400,200,5,constant,ratio-half,0.07999999999999996,2,1,1,mixture/0.2/2/5/15
0.2,2,15,0,1000,200,5,constant,stated,0.5395907397331495,2,1,1,mixture/0.2/2/5/15
0.2,2,15,0,1000,200,5,constant,geomean,0.1385640646055101,2,1,1,mixture/0.2/2/5/15
0.2,2,15,0,1000,200,5,constant,ratio,0.043999999999999984,2,1,1,mixture/0.2/2/5/15
0.2,2,15,0,1000,200,5,constant,ratio-half,0.043999999999999984,2,1,1,mixture/0.2/2/5/15
0.2,2,16,0,400,200,5,constant,stated,0.6784994344878064,1,0,0,mixture/0.2/2/5/16
0.2,2,16,0,400,200,5,constant,geomean,0.1795828499606797,2,1,1,mixture/0.2/2/5/16
0.2,2,16,0,400,200,5,constant,ratio,0.065,2,1,1,mixture/0.2/2/5/16
0.2,2,16,0,400,200,5,constant,ratio-half,0.065,2,1,1,mixture/0.2/2/5/16
0.2,2,16,0,1000,200,5,constant,stated,0.5395907397331495,2,1,1,mixture/0.2/2/5/16
0.2,2,16,0,1000,200,5,constant,geomean,0.1379855064852828,2,1,1,mixture/0.2/2/5/16
0.2,2,16,0,1000,200,5,constant,ratio,0.03600000000000003,2,1,1,mixture/0.2/2/5/16
0.2,2,16,0,1000,200,5,constant,ratio-half,0.03600000000000003,2,1,1,mixture/0.2/2/5/16
0.2,2,17,0,400,200,5,constant,stated,0.6784994344878064,1,0,0,mixture/0.2/2/5/17
0.2,2,17,0,400,200,5,constant,geomean,0.1469693845669906,2,1,1,mixture/0.2/2/5/17
0.2,2,17,0,400,200,5,constant,ratio,0.08500000000000008,2,1,1,mixture/0.2/2/5/17
0.2,2,17,0,400,200,5,constant,ratio-half,0.08500000000000008,2,1,1,mixture/0.2/2/5/17
0.2,2,17,0,1000,200,5,constant,stated,0.5395907397331495,1,0,0,mixture/0.2/2/5/17
0.2,2,17,0,1000,200,5,constant,geomean,0.11396490687926705,2,1,1,mixture/0.2/2/5/17
0.2,2,17,0,1000,200,5,constant,ratio,0.05600000000000005,2,1,1,mixture/0.2/2/5/17
0.2,2,17,0,1000,200,5,constant,ratio-half,0.05600000000000005,2,1,1,mixture/0.2/2/5/17
0.2,2,18,0,400,200,5,constant,stated,0.6784994344878064,1,0,0,mixture/0.2/2/5/18
0.2,2,18,0,400,200,5,constant,geomean,0.17748239349298842,2,1,1,mixture/0.2/2/5/18
0.2,2,18,0,400,200,5,constant,ratio,0.14500000000000002,2,1,1,mixture/0.2/2/5/18
0.2,2,18,0,400,200,5,constant,ratio-half,0.14500000000000002,2,1,1,mixture/0.2/2/5/18
0.2,2,18,0,1000,200,5,constant,stated,0.5395907397331495,1,0,0,mixture/0.2/2/5/18
0.2,2,18,0,1000,200,5,constant,geomean,0.14374978260853113,2,1,1,mixture/0.2/2/5/18
0.2,2,18,0,1000,200,5,constant,ratio,0.06399999999999995,2,1,1,mixture/0.2/2/5/18
0.2,2,18,0,1000,200,5,constant,ratio-half,0.06399999999999995,2,1,1,mixture/0.2/2/5/18
0.2,2,19,0,400,200,5,constant,stated,0.6784994344878064,1,0,0,mixture/0.2/2/5/19
0.2,2,19,0,400,200,5,constant,geomean,0.163248277173145,2,1,1,mixture/0.2/2/5/19
0.2,2,19,0,400,200,5,constant,ratio,0.08999999999999997,2,1,1,mixture/0.2/2/5/19
0.2,2,19,0,400,200,5,constant,ratio-half,0.08999999999999997,2,1,1,mixture/0.2/2/5/19
0.2,2,19,0,1000,200,5,constant,stated,0.5395907397331495,1,0,0,mixture/0.2/2/5/19
0.2,2,19,0,1000,200,5,constant,geomean,0.11939849245279428,2,1,1,mixture/0.2/2/5/19
0.2,2,19,0,1000,200,5,constant,ratio,0.050000000000000044,2,1,1,mixture/0.2/2/5/19
0.2,2,19,0,1000,200,5,constant,ratio-half,0.050000000000000044,2,1,1,mixture/0.2/2/5/19
0.2,3,0,0,400,200,5,constant,stated,0.6784994344878064,2,0,0,mixture/0.2/3/5/0
0.2,3,0,0,400,200,5,constant,geomean,0.21118712081942886,3,1,1,mixture/0.2/3/5/0
0.2,3,0,0,400,200,5,constant,ratio,0.06000000000000005,3,1,1,mixture/0.2/3/5/0
0.2,3,0,0,400,200,5,constant,ratio-half,0.06000000000000005,3,1,1,mixture/0.2/3/5/0
0.2,3,0,0,1000,200,5,constant,stated,0.5395907397331495,2,0,0,mixture/0.2/3/5/0
0.2,3,0,0,1000,200,5,constant,geomean,0.1674275962916507,3,1,1,mixture/0.2/3/5/0
0.2,3,0,0,1000,200,5,constant,ratio,0.040000000000000036,3,1,1,mixture/0.2/3/5/0
0.2,3,0,0,1000,200,5,constant,ratio-half,0.040000000000000036,3,1,1,mixture/0.2/3/5/0
0.2,3,1,0,400,200,5,constant,stated,0.6784994344878064,2,0,0,mixture/0.2/3/5/1
0.2,3,1,0,400,200,5,constant,geomean,0.22499999999999995,3,1,1,mixture/0.2/3/5/1
0.2,3,1,0,400,200,5,constant,ratio,0.09999999999999998,3,1,1,mixture/0.2/3/5/1
0.2,3,1,0,400,200,5,constant,ratio-half,0.09999999999999998,3,1,1,mixture/0.2/3/5/1
0.2,3,1,0,1000,200,5,constant,stated,0.5395907397331495,2,0,0,mixture/0.2/3/5/1
0.2,3,1,0,1000,200,5,constant,geomean,0.17139428228502848,3,1,1,mixture/0.2/3/5/1
0.2,3,1,0,1000,200,5,constant,ratio,0.05599999999999994,3,1,1,mixture/0.2/3/5/1
0.2,3,1,0,1000,200,5,constant,ratio-half,0.05599999999999994,3,1,1,mixture/0.2/3/5/1
0.2,3,2,0,400,200,5,constant,stated,0.6784994344878064,1,0,0,mixture/0.2/3/5/2
0.2,3,2,0,400,200,5,constant,geomean,0.21124630174277617,3,1,1,mixture/0.2/3/5/2
0.2,3,2,0,400,200,5,constant,ratio,0.15499999999999992,3,1,1,mixture/0.2/3/5/2
0.2,3,2,0,400,200,5,constant,ratio-half,0.15499999999999992,3,1,1,mixture/0.2/3/5/2
0.2,3,2,0,1000,200,5,constant,stated,0.5395907397331495,3,1,1,mixture/0.2/3/5/2
0.2,3,2,0,1000,200,5,constant,geomean,0.17581808780668715,3,1,1,mixture/0.2/3/5/2
0.2,3,2,0,1000,200,5,constant,ratio,0.08199999999999996,3,1,1,mixture/0.2/3/5/2
0.2,3,2,0,1000,200,5,constant,ratio-half,0.08199999999999996,3,1,1,mixture/0.2/3/5/2
0.2,3,3,0,400,200,5,constant,stated,0.6784994344878064,2,0,0,mixture/0.2/3/5/3
0.2,3,3,0,400,200,5,constant,geomean,0.18708286933869703,3,1,1,mixture/0.2/3/5/3
0.2,3,3,0,400,200,5,constant,ratio,0.11999999999999988,3,1,1,mixture/0.2/3/5/3
0.2,3,3,0,400,200,5,constant,ratio-half,0.11999999999999988,3,1,1,mixture/0.2/3/5/3
0.2,3,3,0,1000,200,5,constant,stated,0.5395907397331495,3,1,1,mixture/0.2/3/5/3
0.2,3,3,0,1000,200,5,constant,geomean,0.1449137674618943,3,1,1,mixture/0.2/3/5/3
0.2,3,3,0,1000,200,5,constant,ratio,0.06600000000000006,3,1,1,mixture/0.2/3/5/3
0.2,3,3,0,1000,200,5,constant,ratio-half,0.06600000000000006,3,1,1,mixture/0.2/3/5/3
0.2,3,4,0,400,200,5,constant,stated,0.6784994344878064,2,0,0,mixture/0.2/3/5/4
0.2,3,4,0,400,200,5,constant,geomean,0.20976176963403026,3,1,1,mixture/0.2/3/5/4
0.2,3,4,0,400,200,5,constant,ratio,0.07999999999999999,3,1,1,mixture/0.2/3/5/4
0.2,3,4,0,400,200,5,constant,ratio-half,0.07999999999999999,3,1,1,mixture/0.2/3/5/4
0.2,3,4,0,1000,200,5,constant,stated,0.5395907397331495,3,1,1,mixture/0.2/3/5/4
0.2,3,4,0,1000,200,5,constant,geomean,0.16153018293805038,3,1,1,mixture/0.2/3/5/4
0.2,3,4,0,1000,200,5,constant,ratio,0.04200000000000001,3,1,1,mixture/0.2/3/5/4
0.2,3,4,0,1000,200,5,constant,ratio-half,0.04200000000000001,3,1,1,mixture/0.2/3/5/4
0.2,3,5,0,400,200,5,constant,stated,0.6784994344878064,2,0,0,mixture/0.2/3/5/5
0.2,3,5,0,400,200,5,constant,geomean,0.20457272545478794,3,1,1,mixture/0.2/3/5/5
0.2,3,5,0,400,200,5,constant,ratio,0.30999999999999994,2,0,0,mixture/0.2/3/5/5
0.2,3,5,0,400,200,5,constant,ratio-half,0.30999999999999994,2,0,0,mixture/0.2/3/5/5
0.2,3,5,0,1000,200,5,constant,stated,0.5395907397331495,2,0,0,mixture/0.2/3/5/5
0.2,3,5,0,1000,200,5,constant,geomean,0.16332789106579435,3,1,1,mixture/0.2/3/5/5
0.2,3,5,0,1000,200,5,constant,ratio,0.09000000000000008,3,1,1,mixture/0.2/3/5/5
0.2,3,5,0,1000,200,5,constant,ratio-half,0.09000000000000008,3,1,1,mixture/0.2/3/5/5
0.2,3,6,0,400,200,5,constant,stated,0.6784994344878064,1,0,0,mixture/0.2/3/5/6
0.2,3,6,0,400,200,5,constant,geomean,0.16583123951777007,4,0,0,mixture/0.2/3/5/6
0.2,3,6,0,400,200,5,constant,ratio,0.16999999999999993,3,1,1,mixture/0.2/3/5/6
0.2,3,6,0,400,200,5,constant,ratio-half,0.16999999999999993,3,1,1,mixture/0.2/3/5/6
0.2,3,6,0,1000,200,5,constant,stated,0.5395907397331495,2,0,0,mixture/0.2/3/5/6
0.2,3,6,0,1000,200,5,constant,geomean,0.12544321424453383,3,1,1,mixture/0.2/3/5/6
0.2,3,6,0,1000,200,5,constant,ratio,0.11399999999999999,3,1,1,mixture/0.2/3/5/6
0.2,3,6,0,1000,200,5,constant,ratio-half,0.11399999999999999,3,1,1,mixture/0.2/3/5/6
0.2,3,7,0,400,200,5,constant,stated,0.6784994344878064,3,1,1,mixture/0.2/3/5/7
0.2,3,7,0,400,200,5,constant,geomean,0.198997487421324,3,1,1,mixture/0.2/3/5/7
0.2,3,7,0,400,200,5,constant,ratio,0.18,3,1,1,mixture/0.2/3/5/7
0.2,3,7,0,400,200,5,constant,ratio-half,0.18,3,1,1,mixture/0.2/3/5/7
0.2,3,7,0,1000,200,5,constant,stated,0.5395907397331495,3,1,1,mixture/0.2/3/5/7
0.2,3,7,0,1000,200,5,constant,geomean,0.1557433786714542,3,1,1,mixture/0.2/3/5/7
0.2,3,7,0,1000,200,5,constant,ratio,0.12,3,1,1,mixture/0.2/3/5/7
0.2,3,7,0,1000,200,5,constant,ratio-half,0.12,3,1,1,mixture/0.2/3/5/7
0.2,3,8,0,400,200,5,constant,stated,0.6784994344878064,1,0,0,mixture/0.2/3/5/8
0.2,3,8,0,400,200,5,constant,geomean,0.23595550427993844,4,0,0,mixture/0.2/3/5/8
0.2,3,8,0,400,200,5,constant,ratio,0.28500000000000003,2,0,0,mixture/0.2/3/5/8
0.2,3,8,0,400,200,5,constant,ratio-half,0.28500000000000003,2,0,0,mixture/0.2/3/5/8
0.2,3,8,0,1000,200,5,constant,stated,0.5395907397331495,2,0,0,mixture/0.2/3/5/8
0.2,3,8,0,1000,200,5,constant,geomean,0.18804254837669043,4,0,0,mixture/0.2/3/5/8
0.2,3,8,0,1000,200,5,constant,ratio,0.25400000000000006,2,0,0,mixture/0.2/3/5/8
0.2,3,8,0,1000,200,5,constant,ratio-half,0.25400000000000006,2,0,0,mixture/0.2/3/5/8
0.2,3,9,0,400,200,5,constant,stated,0.6784994344878064,1,0,0,mixture/0.2/3/5/9
0.2,3,9,0,400,200,5,constant,geomean,0.1695582495781316,3,1,1,mixture/0.2/3/5/9
0.2,3,9,0,400,200,5,constant,ratio,0.07500000000000007,3,1,1,mixture/0.2/3/5/9
0.2,3,9,0,400,200,5,constant,ratio-half,0.07500000000000007,3,1,1,mixture/0.2/3/5/9
0.2,3,9,0,1000,200,5,constant,stated,0.5395907397331495,2,0,0,mixture/0.2/3/5/9
0.2,3,9,0,1000,200,5,constant,geomean,0.12939860895697455,3,1,1,mixture/0.2/3/5/9
0.2,3,9,0,1000,200,5,constant,ratio,0.04400000000000004,3,1,1,mixture/0.2/3/5/9
0.2,3,9,0,1000,200,5,constant,ratio-half,0.04400000000000004,3,1,1,mixture/0.2/3/5/9
0.2,3,10,0,400,200,5,constant,stated,0.6784994344878064,1,0,0,mixture/0.2/3/5/10
0.2,3,10,0,400,200,5,constant,geomean,0.18907670401189045,19,0,0,mixture/0.2/3/5/10
0.2,3,10,0,400,200,5,constant,ratio,0.32999999999999996,2,0,0,mixture/0.2/3/5/10
0.2,3,10,0,400,200,5,constant,ratio-half,0.32999999999999996,2,0,0,mixture/0.2/3/5/10
0.2,3,10,0,1000,200,5,constant,stated,0.5395907397331495,2,0,0,mixture/0.2/3/5/10
0.2,3,10,0,1000,200,5,constant,geomean,0.16554153557340232,12,0,0,mixture/0.2/3/5/10
0.2,3,10,0,1000,200,5,constant,ratio,0.28800000000000003,2,0,0,mixture/0.2/3/5/10
0.2,3,10,0,1000,200,5,constant,ratio-half,0.28800000000000003,2,0,0,mixture/0.2/3/5/10
0.2,3,11,0,400,200,5,constant,stated,0.6784994344878064,3,1,1,mixture/0.2/3/5/11
0.2,3,11,0,400,200,5,constant,geomean,0.21702534414210717,3,1,1,mixture/0.2/3/5/11
0.2,3,11,0,400,200,5,constant,ratio,0.0,173,0,0,mixture/0.2/3/5/11
0.2,3,11,0,400,200,5,constant,ratio-half,0.07000000000000006,3,1,1,mixture/0.2/3/5/11
0.2,3,11,0,1000,200,5,constant,stated,0.5395907397331495,3,1,1,mixture/0.2/3/5/11
0.2,3,11,0,1000,200,5,constant,geomean,0.17034083479894074,3,1,1,mixture/0.2/3/5/11
0.2,3,11,0,1000,200,5,constant,ratio,0.0,186,0,0,mixture/0.2/3/5/11
0.2,3,11,0,1000,200,5,constant,ratio-half,0.038000000000000034,3,1,1,mixture/0.2/3/5/11
0.2,3,12,0,400,200,5,constant,stated,0.6784994344878064,2,0,0,mixture/0.2/3/5/12
0.2,3,12,0,400,200,5,constant,geomean,0.21851773383412168,3,1,1,mixture/0.2/3/5/12
0.2,3,12,0,400,200,5,constant,ratio,0.13,3,1,1,mixture/0.2/3/5/12
0.2,3,12,0,400,200,5,constant,ratio-half,0.13,3,1,1,mixture/0.2/3/5/12
0.2,3,12,0,1000,200,5,constant,stated,0.5395907397331495,3,1,1,mixture/0.2/3/5/12
0.2,3,12,0,1000,200,5,constant,geomean,0.18165902124584957,3,1,1,mixture/0.2/3/5/12
0.2,3,12,0,1000,200,5,constant,ratio,0.07600000000000001,3,1,1,mixture/0.2/3/5/12
0.2,3,12,0,1000,200,5,constant,ratio-half,0.07600000000000001,3,1,1,mixture/0.2/3/5/12
0.2,3,13,0,400,200,5,constant,stated,0.6784994344878064,3,1,1,mixture/0.2/3/5/13
0.2,3,13,0,400,200,5,constant,geomean,0.29402380855978316,3,1,1,mixture/0.2/3/5/13
0.2,3,13,0,400,200,5,constant,ratio,0.15500000000000003,3,1,1,mixture/0.2/3/5/13
0.2,3,13,0,400,200,5,constant,ratio-half,0.15500000000000003,3,1,1,mixture/0.2/3/5/13
0.2,3,13,0,1000,200,5,constant,stated,0.5395907397331495,3,1,1,mixture/0.2/3/5/13
0.2,3,13,0,1000,200,5,constant,geomean,0.24783865719455467,3,1,1,mixture/0.2/3/5/13
0.2,3,13,0,1000,200,5,constant,ratio,0.08800000000000008,3,1,1,mixture/0.2/3/5/13
0.2,3,13,0,1000,200,5,constant,ratio-half,0.08800000000000008,3,1,1,mixture/0.2/3/5/13
0.2,3,14,0,400,200,5,constant,stated,0.6784994344878064,3,1,1,mixture/0.2/3/5/14
0.2,3,14,0,400,200,5,constant,geomean,0.21529050141610984,3,1,1,mixture/0.2/3/5/14
0.2,3,14,0,400,200,5,constant,ratio,0.05000000000000002,3,1,1,mixture/0.2/3/5/14
0.2,3,14,0,400,200,5,constant,ratio-half,0.05000000000000002,3,1,1,mixture/0.2/3/5/14
0.2,3,14,0,1000,200,5,constant,stated,0.5395907397331495,3,1,1,mixture/0.2/3/5/14
0.2,3,14,0,1000,200,5,constant,geomean,0.15839191898578672,3,1,1,mixture/0.2/3/5/14
0.2,3,14,0,1000,200,5,constant,ratio,0.02799999999999997,3,1,1,mixture/0.2/3/5/14
0.2,3,14,0,1000,200,5,constant,ratio-half,0.02799999999999997,3,1,1,mixture/0.2/3/5/14
0.2,3,15,0,400,200,5,constant,stated,0.6784994344878064,1,0,0,mixture/0.2/3/5/15
0.2,3,15,0,400,200,5,constant,geomean,0.21412613105363848,3,1,1,mixture/0.2/3/5/15
0.2,3,15,0,400,200,5,constant,ratio,0.14499999999999996,3,1,1,mixture/0.2/3/5/15
0.2,3,15,0,400,200,5,constant,ratio-half,0.14499999999999996,3,1,1,mixture/0.2/3/5/15
0.2,3,15,0,1000,200,5,constant,stated,0.5395907397331495,3,1,1,mixture/0.2/3/5/15
0.2,3,15,0,1000,200,5,constant,geomean,0.16799999999999987,3,1,1,mixture/0.2/3/5/15
0.2,3,15,0,1000,200,5,constant,ratio,0.08600000000000008,3,1,1,mixture/0.2/3/5/15
0.2,3,15,0,1000,200,5,constant,ratio-half,0.08600000000000008,3,1,1,mixture/0.2/3/5/15
0.2,3,16,0,400,200,5,constant,stated,0.6784994344878064,1,0,0,mixture/0.2/3/5/16
0.2,3,16,0,400,200,5,constant,geomean,0.24000000000000007,3,1,1,mixture/0.2/3/5/16
0.2,3,16,0,400,200,5,constant,ratio,0.21000000000000008,3,1,1,mixture/0.2/3/5/16
0.2,3,16,0,400,200,5,constant,ratio-half,0.21000000000000008,3,1,1,mixture/0.2/3/5/16
0.2,3,16,0,1000,200,5,constant,stated,0.5395907397331495,3,1,1,mixture/0.2/3/5/16
0.2,3,16,0,1000,200,5,constant,geomean,0.1896944912220699,3,1,1,mixture/0.2/3/5/16
0.2,3,16,0,1000,200,5,constant,ratio,0.15200000000000002,3,1,1,mixture/0.2/3/5/16
0.2,3,16,0,1000,200,5,constant,ratio-half,0.15200000000000002,3,1,1,mixture/0.2/3/5/16
0.2,3,17,0,400,200,5,constant,stated,0.6784994344878064,1,0,0,mixture/0.2/3/5/17
0.2,3,17,0,400,200,5,constant,geomean,0.1688194301613414,4,0,0,mixture/0.2/3/5/17
0.2,3,17,0,400,200,5,constant,ratio,0.09999999999999998,4,0,0,mixture/0.2/3/5/17
0.2,3,17,0,400,200,5,constant,ratio-half,0.09999999999999998,4,0,0,mixture/0.2/3/5/17
0.2,3,17,0,1000,200,5,constant,stated,0.5395907397331495,1,0,0,mixture/0.2/3/5/17
0.2,3,17,0,1000,200,5,constant,geomean,0.1319393800197652,3,1,1,mixture/0.2/3/5/17
0.2,3,17,0,1000,200,5,constant,ratio,0.10999999999999999,3,1,1,mixture/0.2/3/5/17
0.2,3,17,0,1000,200,5,constant,ratio-half,0.10999999999999999,3,1,1,mixture/0.2/3/5/17
0.2,3,18,0,400,200,5,constant,stated,0.6784994344878064,2,0,0,mixture/0.2/3/5/18
0.2,3,18,0,400,200,5,constant,geomean,0.25139610179953065,3,1,1,mixture/0.2/3/5/18
0.2,3,18,0,400,200,5,constant,ratio,0.2400000000000001,3,1,1,mixture/0.2/3/5/18
0.2,3,18,0,400,200,5,constant,ratio-half,0.2400000000000001,3,1,1,mixture/0.2/3/5/18
0.2,3,18,0,1000,200,5,constant,stated,0.5395907397331495,3,1,1,mixture/0.2/3/5/18
0.2,3,18,0,1000,200,5,constant,geomean,0.19326665516844865,3,1,1,mixture/0.2/3/5/18
0.2,3,18,0,1000,200,5,constant,ratio,0.17800000000000005,3,1,1,mixture/0.2/3/5/18
0.2,3,18,0,1000,200,5,constant,ratio-half,0.17800000000000005,3,1,1,mixture/0.2/3/5/18
0.2,3,19,0,400,200,5,constant,stated,0.6784994344878064,3,1,1,mixture/0.2/3/5/19
0.2,3,19,0,400,200,5,constant,geomean,0.1885470763496481,3,1,1,mixture/0.2/3/5/19
0.2,3,19,0,400,200,5,constant,ratio,0.11999999999999988,3,1,1,mixture/0.2/3/5/19
0.2,3,19,0,400,200,5,constant,ratio-half,0.11999999999999988,3,1,1,mixture/0.2/3/5/19
0.2,3,19,0,1000,200,5,constant,stated,0.5395907397331495,3,1,1,mixture/0.2/3/5/19
0.2,3,19,0,1000,200,5,constant,geomean,0.14848568954616473,3,1,1,mixture/0.2/3/5/19
0.2,3,19,0,1000,200,5,constant,ratio,0.04200000000000004,3,1,1,mixture/0.2/3/5/19
0.2,3,19,0,1000,200,5,constant,ratio-half,0.04200000000000004,3,1,1,mixture/0.2/3/5/19
0.2,4,0,0,400,200,5,constant,stated,0.6784994344878064,1,0,0,mixture/0.2/4/5/0
0.2,4,0,0,400,200,5,constant,geomean,0.19124591498905266,4,1,1,mixture/0.2/4/5/0
0.2,4,0,0,400,200,5,constant,ratio,0.09999999999999998,4,1,1,mixture/0.2/4/5/0
0.2,4,0,0,400,200,5,constant,ratio-half,0.09999999999999998,4,1,1,mixture/0.2/4/5/0
0.2,4,0,0,1000,200,5,constant,stated,0.5395907397331495,3,0,0,mixture/0.2/4/5/0
0.2,4,0,0,1000,200,5,constant,geomean,0.1409964538561166,4,1,1,mixture/0.2/4/5/0
0.2,4,0,0,1000,200,5,constant,ratio,0.05600000000000005,4,1,1,mixture/0.2/4/5/0
0.2,4,0,0,1000,200,5,constant,ratio-half,0.05600000000000005,4,1,1,mixture/0.2/4/5/0
0.2,4,1,0,400,200,5,constant,stated,0.6784994344878064,2,0,0,mixture/0.2/4/5/1
0.2,4,1,0,400,200,5,constant,geomean,0.21621748310439662,4,1,1,mixture/0.2/4/5/1
0.2,4,1,0,400,200,5,constant,ratio,0.42000000000000004,2,0,0,mixture/0.2/4/5/1
0.2,4,1,0,400,200,5,constant,ratio-half,0.42000000000000004,2,0,0,mixture/0.2/4/5/1
0.2,4,1,0,1000,200,5,constant,stated,0.5395907397331495,2,0,0,mixture/0.2/4/5/1
0.2,4,1,0,1000,200,5,constant,geomean,0.16704490414256876,4,1,1,mixture/0.2/4/5/1
0.2,4,1,0,1000,200,5,constant,ratio,0.07,4,1,1,mixture/0.2/4/5/1
0.2,4,1,0,1000,200,5,constant,ratio-half,0.07,4,1,1,mixture/0.2/4/5/1
0.2,4,2,0,400,200,5,constant,stated,0.6784994344878064,2,0,0,mixture/0.2/4/5/2
0.2,4,2,0,400,200,5,constant,geomean,0.24202272620561893,4,1,1,mixture/0.2/4/5/2
0.2,4,2,0,400,200,5,constant,ratio,0.0,192,0,0,mixture/0.2/4/5/2
0.2,4,2,0,400,200,5,constant,ratio-half,0.16499999999999992,4,1,1,mixture/0.2/4/5/2
0.2,4,2,0,1000,200,5,constant,stated,0.5395907397331495,3,0,0,mixture/0.2/4/5/2
0.2,4,2,0,1000,200,5,constant,geomean,0.18198901065723727,4,1,1,mixture/0.2/4/5/2
0.2,4,2,0,1000,200,5,constant,ratio,0.10000000000000009,4,1,1,mixture/0.2/4/5/2
0.2,4,2,0,1000,200,5,constant,ratio-half,0.10000000000000009,4,1,1,mixture/0.2/4/5/2
0.2,4,3,0,400,200,5,constant,stated,0.6784994344878064,1,0,0,mixture/0.2/4/5/3
0.2,4,3,0,400,200,5,constant,geomean,0.1455163221085524,4,1,1,mixture/0.2/4/5/3
0.2,4,3,0,400,200,5,constant,ratio,0.07000000000000006,4,1,1,mixture/0.2/4/5/3
0.2,4,3,0,400,200,5,constant,ratio-half,0.07000000000000006,4,1,1,mixture/0.2/4/5/3
0.2,4,3,0,1000,200,5,constant,stated,0.5395907397331495,1,0,0,mixture/0.2/4/5/3
0.2,4,3,0,1000,200,5,constant,geomean,0.11541230437002813,4,1,1,mixture/0.2/4/5/3
0.2,4,3,0,1000,200,5,constant,ratio,0.04400000000000004,4,1,1,mixture/0.2/4/5/3
0.2,4,3,0,1000,200,5,constant,ratio-half,0.04400000000000004,4,1,1,mixture/0.2/4/5/3
0.2,4,4,0,400,200,5,constant,stated,0.6784994344878064,1,0,0,mixture/0.2/4/5/4
0.2,4,4,0,400,200,5,constant,geomean,0.1615549442140352,3,0,0,mixture/0.2/4/5/4
0.2,4,4,0,400,200,5,constant,ratio,0.25,2,0,0,mixture/0.2/4/5/4
0.2,4,4,0,400,200,5,constant,ratio-half,0.25,2,0,0,mixture/0.2/4/5/4
0.2,4,4,0,1000,200,5,constant,stated,0.5395907397331495,1,0,0,mixture/0.2/4/5/4
0.2,4,4,0,1000,200,5,constant,geomean,0.1256025477448607,4,1,1,mixture/0.2/4/5/4
0.2,4,4,0,1000,200,5,constant,ratio,0.05799999999999994,4,1,1,mixture/0.2/4/5/4
0.2,4,4,0,1000,200,5,constant,ratio-half,0.05799999999999994,4,1,1,mixture/0.2/4/5/4
0.2,4,5,0,400,200,5,constant,stated,0.6784994344878064,3,0,0,mixture/0.2/4/5/5
0.2,4,5,0,400,200,5,constant,geomean,0.3181194744117373,3,0,0,mixture/0.2/4/5/5
0.2,4,5,0,400,200,5,constant,ratio,0.0,185,0,0,mixture/0.2/4/5/5
0.2,4,5,0,400,200,5,constant,ratio-half,0.22499999999999998,3,0,0,mixture/0.2/4/5/5
0.2,4,5,0,1000,200,5,constant,stated,0.5395907397331495,3,0,0,mixture/0.2/4/5/5
0.2,4,5,0,1000,200,5,constant,geomean,0.24919871588754236,3,0,0,mixture/0.2/4/5/5
0.2,4,5,0,1000,200,5,constant,ratio,0.0,185,0,0,mixture/0.2/4/5/5
0.2,4,5,0,1000,200,5,constant,ratio-half,0.196,3,0,0,mixture/0.2/4/5/5
0.2,4,6,0,400,200,5,constant,stated,0.6784994344878064,3,0,0,mixture/0.2/4/5/6
0.2,4,6,0,400,200,5,constant,geomean,0.25719642299223383,4,1,1,mixture/0.2/4/5/6
0.2,4,6,0,400,200,5,constant,ratio,0.14500000000000002,4,1,1,mixture/0.2/4/5/6
0.2,4,6,0,400,200,5,constant,ratio-half,0.14500000000000002,4,1,1,mixture/0.2/4/5/6
0.2,4,6,0,1000,200,5,constant,stated,0.5395907397331495,4,1,1,mixture/0.2/4/5/6
0.2,4,6,0,1000,200,5,constant,geomean,0.2049390153191918,4,1,1,mixture/0.2/4/5/6
0.2,4,6,0,1000,200,5,constant,ratio,0.08999999999999997,4,1,1,mixture/0.2/4/5/6
0.2,4,6,0,1000,200,5,constant,ratio-half,0.08999999999999997,4,1,1,mixture/0.2/4/5/6
0.2,4,7,0,400,200,5,constant,stated,0.6784994344878064,3,0,0,mixture/0.2/4/5/7
0.2,4,7,0,400,200,5,constant,geomean,0.2660826939130014,4,1,1,mixture/0.2/4/5/7
0.2,4,7,0,400,200,5,constant,ratio,0.41500000000000004,3,0,0,mixture/0.2/4/5/7
0.2,4,7,0,400,200,5,constant,ratio-half,0.41500000000000004,3,0,0,mixture/0.2/4/5/7
0.2,4,7,0,1000,200,5,constant,stated,0.5395907397331495,3,0,0,mixture/0.2/4/5/7
0.2,4,7,0,1000,200,5,constant,geomean,0.20552372125864216,4,1,1,mixture/0.2/4/5/7
0.2,4,7,0,1000,200,5,constant,ratio,0.10599999999999998,4,1,1,mixture/0.2/4/5/7
0.2,4,7,0,1000,200,5,constant,ratio-half,0.10599999999999998,4,1,1,mixture/0.2/4/5/7
0.2,4,8,0,400,200,5,constant,stated,0.6784994344878064,1,0,0,mixture/0.2/4/5/8
0.2,4,8,0,400,200,5,constant,geomean,0.155161206491829,4,1,1,mixture/0.2/4/5/8
0.2,4,8,0,400,200,5,constant,ratio,0.06500000000000006,4,1,1,mixture/0.2/4/5/8
0.2,4,8,0,400,200,5,constant,ratio-half,0.06500000000000006,4,1,1,mixture/0.2/4/5/8
0.2,4,8,0,1000,200,5,constant,stated,0.5395907397331495,2,0,0,mixture/0.2/4/5/8
0.2,4,8,0,1000,200,5,constant,geomean,0.12088010589009265,4,1,1,mixture/0.2/4/5/8
0.2,4,8,0,1000,200,5,constant,ratio,0.041999999999999926,4,1,1,mixture/0.2/4/5/8
0.2,4,8,0,1000,200,5,constant,ratio-half,0.041999999999999926,4,1,1,mixture/0.2/4/5/8
0.2,4,9,0,400,200,5,constant,stated,0.6784994344878064,2,0,0,mixture/0.2/4/5/9
0.2,4,9,0,400,200,5,constant,geomean,0.2079663434308543,4,1,1,mixture/0.2/4/5/9
0.2,4,9,0,400,200,5,constant,ratio,0.07999999999999996,4,1,1,mixture/0.2/4/5/9
0.2,4,9,0,400,200,5,constant,ratio-half,0.07999999999999996,4,1,1,mixture/0.2/4/5/9
0.2,4,9,0,1000,200,5,constant,stated,0.5395907397331495,3,0,0,mixture/0.2/4/5/9
0.2,4,9,0,1000,200,5,constant,geomean,0.16032467059064873,4,1,1,mixture/0.2/4/5/9
0.2,4,9,0,1000,200,5,constant,ratio,0.04600000000000004,4,1,1,mixture/0.2/4/5/9
0.2,4,9,0,1000,200,5,constant,ratio-half,0.04600000000000004,4,1,1,mixture/0.2/4/5/9
0.2,4,10,0,400,200,5,constant,stated,0.6784994344878064,1,0,0,mixture/0.2/4/5/10
0.2,4,10,0,400,200,5,constant,geomean,0.2236067977499789,4,1,1,mixture/0.2/4/5/10
0.2,4,10,0,400,200,5,constant,ratio,0.15500000000000003,4,1,1,mixture/0.2/4/5/10
0.2,4,10,0,400,200,5,constant,ratio-half,0.15500000000000003,4,1,1,mixture/0.2/4/5/10
0.2,4,10,0,1000,200,5,constant,stated,0.5395907397331495,3,0,0,mixture/0.2/4/5/10
0.2,4,10,0,1000,200,5,constant,geomean,0.1736202753136855,4,1,1,mixture/0.2/4/5/10
0.2,4,10,0,1000,200,5,constant,ratio,0.15800000000000003,4,1,1,mixture/0.2/4/5/10
0.2,4,10,0,1000,200,5,constant,ratio-half,0.15800000000000003,4,1,1,mixture/0.2/4/5/10
0.2,4,11,0,400,200,5,constant,stated,0.6784994344878064,1,0,0,mixture/0.2/4/5/11
0.2,4,11,0,400,200,5,constant,geomean,0.15074813431681336,4,1,1,mixture/0.2/4/5/11
0.2,4,11,0,400,200,5,constant,ratio,0.07000000000000006,4,1,1,mixture/0.2/4/5/11
0.2,4,11,0,400,200,5,constant,ratio-half,0.07000000000000006,4,1,1,mixture/0.2/4/5/11
0.2,4,11,0,1000,200,5,constant,stated,0.5395907397331495,1,0,0,mixture/0.2/4/5/11
0.2,4,11,0,1000,200,5,constant,geomean,0.109763381872098,4,1,1,mixture/0.2/4/5/11
0.2,4,11,0,1000,200,5,constant,ratio,0.03400000000000003,4,1,1,mixture/0.2/4/5/11
0.2,4,11,0,1000,200,5,constant,ratio-half,0.03400000000000003,4,1,1,mixture/0.2/4/5/11
0.2,4,12,0,400,200,5,constant,stated,0.6784994344878064,1,0,0,mixture/0.2/4/5/12
0.2,4,12,0,400,200,5,constant,geomean,0.15890248582070712,4,1,1,mixture/0.2/4/5/12
0.2,4,12,0,400,200,5,constant,ratio,0.1150000000000001,4,1,1,mixture/0.2/4/5/12
0.2,4,12,0,400,200,5,constant,ratio-half,0.1150000000000001,4,1,1,mixture/0.2/4/5/12
0.2,4,12,0,1000,200,5,constant,stated,0.5395907397331495,1,0,0,mixture/0.2/4/5/12
0.2,4,12,0,1000,200,5,constant,geomean,0.12250714264890848,4,1,1,mixture/0.2/4/5/12
0.2,4,12,0,1000,200,5,constant,ratio,0.07399999999999995,4,1,1,mixture/0.2/4/5/12
0.2,4,12,0,1000,200,5,constant,ratio-half,0.07399999999999995,4,1,1,mixture/0.2/4/5/12
0.2,4,13,0,400,200,5,constant,stated,0.6784994344878064,1,0,0,mixture/0.2/4/5/13
0.2,4,13,0,400,200,5,constant,geomean,0.14999999999999997,5,0,0,mixture/0.2/4/5/13
0.2,4,13,0,400,200,5,constant,ratio,0.20999999999999996,4,1,1,mixture/0.2/4/5/13
0.2,4,13,0,400,200,5,constant,ratio-half,0.20999999999999996,4,1,1,mixture/0.2/4/5/13
0.2,4,13,0,1000,200,5,constant,stated,0.5395907397331495,1,0,0,mixture/0.2/4/5/13
0.2,4,13,0,1000,200,5,constant,geomean,0.12043255373859683,4,1,1,mixture/0.2/4/5/13
0.2,4,13,0,1000,200,5,constant,ratio,0.08199999999999996,4,1,1,mixture/0.2/4/5/13
0.2,4,13,0,1000,200,5,constant,ratio-half,0.08199999999999996,4,1,1,mixture/0.2/4/5/13
0.2,4,14,0,400,200,5,constant,stated,0.6784994344878064,1,0,0,mixture/0.2/4/5/14
0.2,4,14,0,400,200,5,constant,geomean,0.13747727084867511,4,1,1,mixture/0.2/4/5/14
0.2,4,14,0,400,200,5,constant,ratio,0.09999999999999998,4,1,1,mixture/0.2/4/5/14
0.2,4,14,0,400,200,5,constant,ratio-half,0.09999999999999998,4,1,1,mixture/0.2/4/5/14
0.2,4,14,0,1000,200,5,constant,stated,0.5395907397331495,1,0,0,mixture/0.2/4/5/14
0.2,4,14,0,1000,200,5,constant,geomean,0.1052805775060149,4,1,1,mixture/0.2/4/5/14
0.2,4,14,0,1000,200,5,constant,ratio,0.05799999999999994,4,1,1,mixture/0.2/4/5/14
0.2,4,14,0,1000,200,5,constant,ratio-half,0.05799999999999994,4,1,1,mixture/0.2/4/5/14
0.2,4,15,0,400,200,5,constant,stated,0.6784994344878064,4,1,1,mixture/0.2/4/5/15
0.2,4,15,0,400,200,5,constant,geomean,0.17846568297574783,4,1,1,mixture/0.2/4/5/15
0.2,4,15,0,400,200,5,constant,ratio,0.135,4,1,1,mixture/0.2/4/5/15
0.2,4,15,0,400,200,5,constant,ratio-half,0.135,4,1,1,mixture/0.2/4/5/15
0.2,4,15,0,1000,200,5,constant,stated,0.5395907397331495,4,1,1,mixture/0.2/4/5/15
0.2,4,15,0,1000,200,5,constant,geomean,0.13638181696985843,4,1,1,mixture/0.2/4/5/15
0.2,4,15,0,1000,200,5,constant,ratio,0.10599999999999993,4,1,1,mixture/0.2/4/5/15
0.2,4,15,0,1000,200,5,constant,ratio-half,0.10599999999999993,4,1,1,mixture/0.2/4/5/15
0.2,4,16,0,400,200,5,constant,stated,0.6784994344878064,1,0,0,mixture/0.2/4/5/16
0.2,4,16,0,400,200,5,constant,geomean,0.1683003267970684,4,1,1,mixture/0.2/4/5/16
0.2,4,16,0,400,200,5,constant,ratio,0.15499999999999997,4,1,1,mixture/0.2/4/5/16
0.2,4,16,0,400,200,5,constant,ratio-half,0.15499999999999997,4,1,1,mixture/0.2/4/5/16
0.2,4,16,0,1000,200,5,constant,stated,0.5395907397331495,2,0,0,mixture/0.2/4/5/16
0.2,4,16,0,1000,200,5,constant,geomean,0.14642404174178508,4,1,1,mixture/0.2/4/5/16
0.2,4,16,0,1000,200,5,constant,ratio,0.08399999999999996,4,1,1,mixture/0.2/4/5/16
0.2,4,16,0,1000,200,5,constant,ratio-half,0.08399999999999996,4,1,1,mixture/0.2/4/5/16
0.2,4,17,0,400,200,5,constant,stated,0.6784994344878064,2,0,0,mixture/0.2/4/5/17
0.2,4,17,0,400,200,5,constant,geomean,0.21071307505705472,4,1,1,mixture/0.2/4/5/17
0.2,4,17,0,400,200,5,constant,ratio,0.06499999999999995,4,1,1,mixture/0.2/4/5/17
0.2,4,17,0,400,200,5,constant,ratio-half,0.06499999999999995,4,1,1,mixture/0.2/4/5/17
0.2,4,17,0,1000,200,5,constant,stated,0.5395907397331495,2,0,0,mixture/0.2/4/5/17
0.2,4,17,0,1000,200,5,constant,geomean,0.15850552040859656,4,1,1,mixture/0.2/4/5/17
0.2,4,17,0,1000,200,5,constant,ratio,0.05400000000000005,4,1,1,mixture/0.2/4/5/17
0.2,4,17,0,1000,200,5,constant,ratio-half,0.05400000000000005,4,1,1,mixture/0.2/4/5/17
0.2,4,18,0,400,200,5,constant,stated,0.6784994344878064,1,0,0,mixture/0.2/4/5/18
0.2,4,18,0,400,200,5,constant,geomean,0.18614510468986295,5,0,0,mixture/0.2/4/5/18
0.2,4,18,0,400,200,5,constant,ratio,0.26,3,0,0,mixture/0.2/4/5/18
0.2,4,18,0,400,200,5,constant,ratio-half,0.26,3,0,0,mixture/0.2/4/5/18
0.2,4,18,0,1000,200,5,constant,stated,0.5395907397331495,1,0,0,mixture/0.2/4/5/18
0.2,4,18,0,1000,200,5,constant,geomean,0.14966629547095767,4,1,1,mixture/0.2/4/5/18
0.2,4,18,0,1000,200,5,constant,ratio,0.136,4,1,1,mixture/0.2/4/5/18
0.2,4,18,0,1000,200,5,constant,ratio-half,0.136,4,1,1,mixture/0.2/4/5/18
0.2,4,19,0,400,200,5,constant,stated,0.6784994344878064,1,0,0,mixture/0.2/4/5/19
0.2,4,19,0,400,200,5,constant,geomean,0.17748239349298842,4,1,1,mixture/0.2/4/5/19
0.2,4,19,0,400,200,5,constant,ratio,0.10999999999999999,4,1,1,mixture/0.2/4/5/19
0.2,4,19,0,400,200,5,constant,ratio-half,0.10999999999999999,4,1,1,mixture/0.2/4/5/19
0.2,4,19,0,1000,200,5,constant,stated,0.5395907397331495,1,0,0,mixture/0.2/4/5/19
0.2,4,19,0,1000,200,5,constant,geomean,0.13682105101189662,4,1,1,mixture/0.2/4/5/19
0.2,4,19,0,1000,200,5,constant,ratio,0.061999999999999944,4,1,1,mixture/0.2/4/5/19
0.2,4,19,0,1000,200,5,constant,ratio-half,0.061999999999999944,4,1,1,mixture/0.2/4/5/19
0.2,5,0,0,400,200,5,constant,stated,0.6784994344878064,1,0,0,mixture/0.2/5/5/0
0.2,5,0,0,400,200,5,constant,geomean,0.16992645467966425,5,1,1,mixture/0.2/5/5/0
0.2,5,0,0,400,200,5,constant,ratio,0.08500000000000019,5,1,1,mixture/0.2/5/5/0
0.2,5,0,0,400,200,5,constant,ratio-half,0.08500000000000019,5,1,1,mixture/0.2/5/5/0
0.2,5,0,0,1000,200,5,constant,stated,0.5395907397331495,1,0,0,mixture/0.2/5/5/0
0.2,5,0,0,1000,200,5,constant,geomean,0.1251399216876853,5,1,1,mixture/0.2/5/5/0
0.2,5,0,0,1000,200,5,constant,ratio,0.04400000000000004,5,1,1,mixture/0.2/5/5/0
0.2,5,0,0,1000,200,5,constant,ratio-half,0.04400000000000004,5,1,1,mixture/0.2/5/5/0
0.2,5,1,0,400,200,5,constant,stated,0.6784994344878064,1,0,0,mixture/0.2/5/5/1
0.2,5,1,0,400,200,5,constant,geomean,0.13829316685939336,5,1,1,mixture/0.2/5/5/1
0.2,5,1,0,400,200,5,constant,ratio,0.13,5,1,1,mixture/0.2/5/5/1
0.2,5,1,0,400,200,5,constant,ratio-half,0.13,5,1,1,mixture/0.2/5/5/1
0.2,5,1,0,1000,200,5,constant,stated,0.5395907397331495,1,0,0,mixture/0.2/5/5/1
0.2,5,1,0,1000,200,5,constant,geomean,0.10548933595392468,5,1,1,mixture/0.2/5/5/1
0.2,5,1,0,1000,200,5,constant,ratio,0.06400000000000006,5,1,1,mixture/0.2/5/5/1
0.2,5,1,0,1000,200,5,constant,ratio-half,0.06400000000000006,5,1,1,mixture/0.2/5/5/1
0.2,5,2,0,400,200,5,constant,stated,0.6784994344878064,1,0,0,mixture/0.2/5/5/2
0.2,5,2,0,400,200,5,constant,geomean,0.22770595073471397,4,0,0,mixture/0.2/5/5/2
0.2,5,2,0,400,200,5,constant,ratio,0.21499999999999997,4,0,0,mixture/0.2/5/5/2
0.2,5,2,0,400,200,5,constant,ratio-half,0.21499999999999997,4,0,0,mixture/0.2/5/5/2
0.2,5,2,0,1000,200,5,constant,stated,0.5395907397331495,2,0,0,mixture/0.2/5/5/2
0.2,5,2,0,1000,200,5,constant,geomean,0.189230018760238,5,1,1,mixture/0.2/5/5/2
0.2,5,2,0,1000,200,5,constant,ratio,0.118,5,1,1,mixture/0.2/5/5/2
0.2,5,2,0,1000,200,5,constant,ratio-half,0.118,5,1,1,mixture/0.2/5/5/2
0.2,5,3,0,400,200,5,constant,stated,0.6784994344878064,1,0,0,mixture/0.2/5/5/3
0.2,5,3,0,400,200,5,constant,geomean,0.20554804791094455,7,0,0,mixture/0.2/5/5/3
0.2,5,3,0,400,200,5,constant,ratio,0.24,5,1,1,mixture/0.2/5/5/3
0.2,5,3,0,400,200,5,constant,ratio-half,0.24,5,1,1,mixture/0.2/5/5/3
0.2,5,3,0,1000,200,5,constant,stated,0.5395907397331495,5,1,1,mixture/0.2/5/5/3
0.2,5,3,0,1000,200,5,constant,geomean,0.16655329477377487,5,1,1,mixture/0.2/5/5/3
0.2,5,3,0,1000,200,5,constant,ratio,0.13799999999999996,5,1,1,mixture/0.2/5/5/3
0.2,5,3,0,1000,200,5,constant,ratio-half,0.13799999999999996,5,1,1,mixture/0.2/5/5/3
0.2,5,4,0,400,200,5,constant,stated,0.6784994344878064,1,0,0,mixture/0.2/5/5/4
0.2,5,4,0,400,200,5,constant,geomean,0.13784048752090228,5,1,1,mixture/0.2/5/5/4
0.2,5,4,0,400,200,5,constant,ratio,0.09499999999999997,5,1,1,mixture/0.2/5/5/4
0.2,5,4,0,400,200,5,constant,ratio-half,0.09499999999999997,5,1,1,mixture/0.2/5/5/4
0.2,5,4,0,1000,200,5,constant,stated,0.5395907397331495,1,0,0,mixture/0.2/5/5/4
0.2,5,4,0,1000,200,5,constant,geomean,0.10529957264870551,5,1,1,mixture/0.2/5/5/4
0.2,5,4,0,1000,200,5,constant,ratio,0.04600000000000004,5,1,1,mixture/0.2/5/5/4
0.2,5,4,0,1000,200,5,constant,ratio-half,0.04600000000000004,5,1,1,mixture/0.2/5/5/4
0.2,5,5,0,400,200,5,constant,stated,0.6784994344878064,3,0,0,mixture/0.2/5/5/5
0.2,5,5,0,400,200,5,constant,geomean,0.19557607215607947,5,1,1,mixture/0.2/5/5/5
0.2,5,5,0,400,200,5,constant,ratio,0.16000000000000003,5,1,1,mixture/0.2/5/5/5
0.2,5,5,0,400,200,5,constant,ratio-half,0.16000000000000003,5,1,1,mixture/0.2/5/5/5
0.2,5,5,0,1000,200,5,constant,stated,0.5395907397331495,4,0,0,mixture/0.2/5/5/5
0.2,5,5,0,1000,200,5,constant,geomean,0.15299673199124228,5,1,1,mixture/0.2/5/5/5
0.2,5,5,0,1000,200,5,constant,ratio,0.08000000000000007,5,1,1,mixture/0.2/5/5/5
0.2,5,5,0,1000,200,5,constant,ratio-half,0.08000000000000007,5,1,1,mixture/0.2/5/5/5
0.2,5,6,0,400,200,5,constant,stated,0.6784994344878064,4,0,0,mixture/0.2/5/5/6
0.2,5,6,0,400,200,5,constant,geomean,0.2549509756796392,5,1,0,mixture/0.2/5/5/6
0.2,5,6,0,400,200,5,constant,ratio,0.0,199,0,0,mixture/0.2/5/5/6
0.2,5,6,0,400,200,5,constant,ratio-half,0.3650000000000001,4,0,0,mixture/0.2/5/5/6
0.2,5,6,0,1000,200,5,constant,stated,0.5395907397331495,4,0,0,mixture/0.2/5/5/6
0.2,5,6,0,1000,200,5,constant,geomean,0.19413397435791602,5,1,1,mixture/0.2/5/5/6
0.2,5,6,0,1000,200,5,constant,ratio,0.15200000000000002,5,1,1,mixture/0.2/5/5/6
0.2,5,6,0,1000,200,5,constant,ratio-half,0.15200000000000002,5,1,1,mixture/0.2/5/5/6
0.2,5,7,0,400,200,5,constant,stated,0.6784994344878064,1,0,0,mixture/0.2/5/5/7
0.2,5,7,0,400,200,5,constant,geomean,0.19697715603592203,5,1,1,mixture/0.2/5/5/7
0.2,5,7,0,400,200,5,constant,ratio,0.17000000000000004,5,1,1,mixture/0.2/5/5/7
0.2,5,7,0,400,200,5,constant,ratio-half,0.17000000000000004,5,1,1,mixture/0.2/5/5/7
0.2,5,7,0,1000,200,5,constant,stated,0.5395907397331495,1,0,0,mixture/0.2/5/5/7
0.2,5,7,0,1000,200,5,constant,geomean,0.16009996876951607,5,1,1,mixture/0.2/5/5/7
0.2,5,7,0,1000,200,5,constant,ratio,0.09599999999999997,5,1,1,mixture/0.2/5/5/7
0.2,5,7,0,1000,200,5,constant,ratio-half,0.09599999999999997,5,1,1,mixture/0.2/5/5/7
0.2,5,8,0,400,200,5,constant,stated,0.6784994344878064,1,0,0,mixture/0.2/5/5/8
0.2,5,8,0,400,200,5,constant,geomean,0.16424067705656864,6,0,0,mixture/0.2/5/5/8
0.2,5,8,0,400,200,5,constant,ratio,0.16500000000000004,5,1,1,mixture/0.2/5/5/8
0.2,5,8,0,400,200,5,constant,ratio-half,0.16500000000000004,5,1,1,mixture/0.2/5/5/8
0.2,5,8,0,1000,200,5,constant,stated,0.5395907397331495,1,0,0,mixture/0.2/5/5/8
0.2,5,8,0,1000,200,5,constant,geomean,0.12930583900195697,5,1,1,mixture/0.2/5/5/8
0.2,5,8,0,1000,200,5,constant,ratio,0.09999999999999998,5,1,1,mixture/0.2/5/5/8
0.2,5,8,0,1000,200,5,constant,ratio-half,0.09999999999999998,5,1,1,mixture/0.2/5/5/8
0.2,5,9,0,400,200,5,constant,stated,0.6784994344878064,1,0,0,mixture/0.2/5/5/9
0.2,5,9,0,400,200,5,constant,geomean,0.14168627315304747,5,1,1,mixture/0.2/5/5/9
0.2,5,9,0,400,200,5,constant,ratio,0.1349999999999999,5,1,1,mixture/0.2/5/5/9
0.2,5,9,0,400,200,5,constant,ratio-half,0.1349999999999999,5,1,1,mixture/0.2/5/5/9
0.2,5,9,0,1000,200,5,constant,stated,0.5395907397331495,1,0,0,mixture/0.2/5/5/9
0.2,5,9,0,1000,200,5,constant,geomean,0.10705138952858113,5,1,1,mixture/0.2/5/5/9
0.2,5,9,0,1000,200,5,constant,ratio,0.05800000000000005,5,1,1,mixture/0.2/5/5/9
0.2,5,9,0,1000,200,5,constant,ratio-half,0.05800000000000005,5,1,1,mixture/0.2/5/5/9
0.2,5,10,0,400,200,5,constant,stated,0.6784994344878064,1,0,0,mixture/0.2/5/5/10
0.2,5,10,0,400,200,5,constant,geomean,0.23254031908466966,5,1,0,mixture/0.2/5/5/10
0.2,5,10,0,400,200,5,constant,ratio,0.345,2,0,0,mixture/0.2/5/5/10
0.2,5,10,0,400,200,5,constant,ratio-half,0.345,2,0,0,mixture/0.2/5/5/10
0.2,5,10,0,1000,200,5,constant,stated,0.5395907397331495,2,0,0,mixture/0.2/5/5/10
0.2,5,10,0,1000,200,5,constant,geomean,0.20442113393678246,5,1,1,mixture/0.2/5/5/10
0.2,5,10,0,1000,200,5,constant,ratio,0.09999999999999998,5,1,1,mixture/0.2/5/5/10
0.2,5,10,0,1000,200,5,constant,ratio-half,0.09999999999999998,5,1,1,mixture/0.2/5/5/10
0.2,5,11,0,400,200,5,constant,stated,0.6784994344878064,1,0,0,mixture/0.2/5/5/11
0.2,5,11,0,400,200,5,constant,geomean,0.16522711641858315,5,1,1,mixture/0.2/5/5/11
0.2,5,11,0,400,200,5,constant,ratio,0.11499999999999999,5,1,1,mixture/0.2/5/5/11
0.2,5,11,0,400,200,5,constant,ratio-half,0.11499999999999999,5,1,1,mixture/0.2/5/5/11
0.2,5,11,0,1000,200,5,constant,stated,0.5395907397331495,1,0,0,mixture/0.2/5/5/11
0.2,5,11,0,1000,200,5,constant,geomean,0.12959938271457938,5,1,1,mixture/0.2/5/5/11
0.2,5,11,0,1000,200,5,constant,ratio,0.07199999999999995,5,1,1,mixture/0.2/5/5/11
0.2,5,11,0,1000,200,5,constant,ratio-half,0.07199999999999995,5,1,1,mixture/0.2/5/5/11
0.2,5,12,0,400,200,5,constant,stated,0.6784994344878064,1,0,0,mixture/0.2/5/5/12
0.2,5,12,0,400,200,5,constant,geomean,0.13784048752090214,5,1,1,mixture/0.2/5/5/12
0.2,5,12,0,400,200,5,constant,ratio,0.10499999999999998,5,1,1,mixture/0.2/5/5/12
0.2,5,12,0,400,200,5,constant,ratio-half,0.10499999999999998,5,1,1,mixture/0.2/5/5/12
0.2,5,12,0,1000,200,5,constant,stated,0.5395907397331495,1,0,0,mixture/0.2/5/5/12
0.2,5,12,0,1000,200,5,constant,geomean,0.10662082348209476,5,1,1,mixture/0.2/5/5/12
0.2,5,12,0,1000,200,5,constant,ratio,0.05800000000000005,5,1,1,mixture/0.2/5/5/12
0.2,5,12,0,1000,200,5,constant,ratio-half,0.05800000000000005,5,1,1,mixture/0.2/5/5/12
0.2,5,13,0,400,200,5,constant,stated,0.6784994344878064,2,0,0,mixture/0.2/5/5/13
0.2,5,13,0,400,200,5,constant,geomean,0.25719642299223383,4,0,0,mixture/0.2/5/5/13
0.2,5,13,0,400,200,5,constant,ratio,0.3500000000000001,2,0,0,mixture/0.2/5/5/13
0.2,5,13,0,400,200,5,constant,ratio-half,0.3500000000000001,2,0,0,mixture/0.2/5/5/13
0.2,5,13,0,1000,200,5,constant,stated,0.5395907397331495,2,0,0,mixture/0.2/5/5/13
0.2,5,13,0,1000,200,5,constant,geomean,0.1972105473852756,5,1,1,mixture/0.2/5/5/13
0.2,5,13,0,1000,200,5,constant,ratio,0.08999999999999997,5,1,1,mixture/0.2/5/5/13
0.2,5,13,0,1000,200,5,constant,ratio-half,0.08999999999999997,5,1,1,mixture/0.2/5/5/13
0.2,5,14,0,400,200,5,constant,stated,0.6784994344878064,1,0,0,mixture/0.2/5/5/14
0.2,5,14,0,400,200,5,constant,geomean,0.14071247279470295,8,0,0,mixture/0.2/5/5/14
0.2,5,14,0,400,200,5,constant,ratio,0.18000000000000005,5,1,1,mixture/0.2/5/5/14
0.2,5,14,0,400,200,5,constant,ratio-half,0.18000000000000005,5,1,1,mixture/0.2/5/5/14
0.2,5,14,0,1000,200,5,constant,stated,0.5395907397331495,1,0,0,mixture/0.2/5/5/14
0.2,5,14,0,1000,200,5,constant,geomean,0.11835539700410798,5,1,1,mixture/0.2/5/5/14
0.2,5,14,0,1000,200,5,constant,ratio,0.10199999999999998,5,1,1,mixture/0.2/5/5/14
0.2,5,14,0,1000,200,5,constant,ratio-half,0.10199999999999998,5,1,1,mixture/0.2/5/5/14
0.2,5,15,0,400,200,5,constant,stated,0.6784994344878064,2,0,0,mixture/0.2/5/5/15
0.2,5,15,0,400,200,5,constant,geomean,0.19761072845369512,4,0,0,mixture/0.2/5/5/15
0.2,5,15,0,400,200,5,constant,ratio,0.16500000000000004,4,0,0,mixture/0.2/5/5/15
0.2,5,15,0,400,200,5,constant,ratio-half,0.16500000000000004,4,0,0,mixture/0.2/5/5/15
0.2,5,15,0,1000,200,5,constant,stated,0.5395907397331495,4,0,0,mixture/0.2/5/5/15
0.2,5,15,0,1000,200,5,constant,geomean,0.15221038072352364,4,0,0,mixture/0.2/5/5/15
0.2,5,15,0,1000,200,5,constant,ratio,0.1499999999999999,4,0,0,mixture/0.2/5/5/15
0.2,5,15,0,1000,200,5,constant,ratio-half,0.1499999999999999,4,0,0,mixture/0.2/5/5/15
0.2,5,16,0,400,200,5,constant,stated,0.6784994344878064,1,0,0,mixture/0.2/5/5/16
0.2,5,16,0,400,200,5,constant,geomean,0.17233687939614095,5,1,1,mixture/0.2/5/5/16
0.2,5,16,0,400,200,5,constant,ratio,0.11499999999999999,5,1,1,mixture/0.2/5/5/16
0.2,5,16,0,400,200,5,constant,ratio-half,0.11499999999999999,5,1,1,mixture/0.2/5/5/16
0.2,5,16,0,1000,200,5,constant,stated,0.5395907397331495,2,0,0,mixture/0.2/5/5/16
0.2,5,16,0,1000,200,5,constant,geomean,0.13290598180668903,5,1,1,mixture/0.2/5/5/16
0.2,5,16,0,1000,200,5,constant,ratio,0.06599999999999995,5,1,1,mixture/0.2/5/5/16
0.2,5,16,0,1000,200,5,constant,ratio-half,0.06599999999999995,5,1,1,mixture/0.2/5/5/16
0.2,5,17,0,400,200,5,constant,stated,0.6784994344878064,1,0,0,mixture/0.2/5/5/17
0.2,5,17,0,400,200,5,constant,geomean,0.15000000000000008,5,1,1,mixture/0.2/5/5/17
0.2,5,17,0,400,200,5,constant,ratio,0.08000000000000007,5,1,1,mixture/0.2/5/5/17
0.2,5,17,0,400,200,5,constant,ratio-half,0.08000000000000007,5,1,1,mixture/0.2/5/5/17
0.2,5,17,0,1000,200,5,constant,stated,0.5395907397331495,1,0,0,mixture/0.2/5/5/17
0.2,5,17,0,1000,200,5,constant,geomean,0.11593101396951556,5,1,1,mixture/0.2/5/5/17
0.2,5,17,0,1000,200,5,constant,ratio,0.05400000000000005,5,1,1,mixture/0.2/5/5/17
0.2,5,17,0,1000,200,5,constant,ratio-half,0.05400000000000005,5,1,1,mixture/0.2/5/5/17
0.2,5,18,0,400,200,5,constant,stated,0.6784994344878064,1,0,0,mixture/0.2/5/5/18
0.2,5,18,0,400,200,5,constant,geomean,0.18821530224718705,5,1,1,mixture/0.2/5/5/18
0.2,5,18,0,400,200,5,constant,ratio,0.31999999999999995,2,0,0,mixture/0.2/5/5/18
0.2,5,18,0,400,200,5,constant,ratio-half,0.31999999999999995,2,0,0,mixture/0.2/5/5/18
0.2,5,18,0,1000,200,5,constant,stated,0.5395907397331495,2,0,0,mixture/0.2/5/5/18
0.2,5,18,0,1000,200,5,constant,geomean,0.14147791347061922,5,1,1,mixture/0.2/5/5/18
0.2,5,18,0,1000,200,5,constant,ratio,0.08600000000000008,5,1,1,mixture/0.2/5/5/18
0.2,5,18,0,1000,200,5,constant,ratio-half,0.08600000000000008,5,1,1,mixture/0.2/5/5/18
0.2,5,19,0,400,200,5,constant,stated,0.6784994344878064,1,0,0,mixture/0.2/5/5/19
0.2,5,19,0,400,200,5,constant,geomean,0.15297058540778363,5,1,1,mixture/0.2/5/5/19
0.2,5,19,0,400,200,5,constant,ratio,0.06000000000000005,5,1,1,mixture/0.2/5/5/19
0.2,5,19,0,400,200,5,constant,ratio-half,0.06000000000000005,5,1,1,mixture/0.2/5/5/19
0.2,5,19,0,1000,200,5,constant,stated,0.5395907397331495,2,0,0,mixture/0.2/5/5/19
0.2,5,19,0,1000,200,5,constant,geomean,0.11450764166639714,5,1,1,mixture/0.2/5/5/19
0.2,5,19,0,1000,200,5,constant,ratio,0.03400000000000003,5,1,1,mixture/0.2/5/5/19
0.2,5,19,0,1000,200,5,constant,ratio-half,0.03400000000000003,5,1,1,mixture/0.2/5/5/19
0.2,6,0,0,400,200,5,constant,stated,0.6784994344878064,2,0,0,mixture/0.2/6/5/0
0.2,6,0,0,400,200,5,constant,geomean,0.19493588689617938,6,1,1,mixture/0.2/6/5/0
0.2,6,0,0,400,200,5,constant,ratio,0.09000000000000002,6,1,1,mixture/0.2/6/5/0
0.2,6,0,0,400,200,5,constant,ratio-half,0.09000000000000002,6,1,1,mixture/0.2/6/5/0
0.2,6,0,0,1000,200,5,constant,stated,0.5395907397331495,3,0,0,mixture/0.2/6/5/0
0.2,6,0,0,1000,200,5,constant,geomean,0.1520789268768031,6,1,1,mixture/0.2/6/5/0
0.2,6,0,0,1000,200,5,constant,ratio,0.04999999999999982,6,1,1,mixture/0.2/6/5/0
0.2,6,0,0,1000,200,5,constant,ratio-half,0.04999999999999982,6,1,1,mixture/0.2/6/5/0
0.2,6,1,0,400,200,5,constant,stated,0.6784994344878064,1,0,0,mixture/0.2/6/5/1
0.2,6,1,0,400,200,5,constant,geomean,0.19352002480363634,6,1,1,mixture/0.2/6/5/1
0.2,6,1,0,400,200,5,constant,ratio,0.13000000000000012,6,1,1,mixture/0.2/6/5/1
0.2,6,1,0,400,200,5,constant,ratio-half,0.13000000000000012,6,1,1,mixture/0.2/6/5/1
0.2,6,1,0,1000,200,5,constant,stated,0.5395907397331495,2,0,0,mixture/0.2/6/5/1
0.2,6,1,0,1000,200,5,constant,geomean,0.15919798993705928,6,1,1,mixture/0.2/6/5/1
0.2,6,1,0,1000,200,5,constant,ratio,0.08999999999999997,6,1,1,mixture/0.2/6/5/1
0.2,6,1,0,1000,200,5,constant,ratio-half,0.08999999999999997,6,1,1,mixture/0.2/6/5/1
0.2,6,2,0,400,200,5,constant,stated,0.6784994344878064,1,0,0,mixture/0.2/6/5/2
0.2,6,2,0,400,200,5,constant,geomean,0.17471405209656146,6,1,1,mixture/0.2/6/5/2
0.2,6,2,0,400,200,5,constant,ratio,0.09999999999999998,6,1,1,mixture/0.2/6/5/2
0.2,6,2,0,400,200,5,constant,ratio-half,0.09999999999999998,6,1,1,mixture/0.2/6/5/2
0.2,6,2,0,1000,200,5,constant,stated,0.5395907397331495,2,0,0,mixture/0.2/6/5/2
0.2,6,2,0,1000,200,5,constant,geomean,0.13076696830622025,6,1,1,mixture/0.2/6/5/2
0.2,6,2,0,1000,200,5,constant,ratio,0.06800000000000006,6,1,1,mixture/0.2/6/5/2
0.2,6,2,0,1000,200,5,constant,ratio-half,0.06800000000000006,6,1,1,mixture/0.2/6/5/2
0.2,6,3,0,400,200,5,constant,stated,0.6784994344878064,1,0,0,mixture/0.2/6/5/3
0.2,6,3,0,400,200,5,constant,geomean,0.17175564037317667,6,1,1,mixture/0.2/6/5/3
0.2,6,3,0,400,200,5,constant,ratio,0.12000000000000002,6,1,1,mixture/0.2/6/5/3
0.2,6,3,0,400,200,5,constant,ratio-half,0.12000000000000002,6,1,1,mixture/0.2/6/5/3
0.2,6,3,0,1000,200,5,constant,stated,0.5395907397331495,3,0,0,mixture/0.2/6/5/3
0.2,6,3,0,1000,200,5,constant,geomean,0.13635248439247455,6,1,1,mixture/0.2/6/5/3
0.2,6,3,0,1000,200,5,constant,ratio,0.062000000000000055,6,1,1,mixture/0.2/6/5/3
0.2,6,3,0,1000,200,5,constant,ratio-half,0.062000000000000055,6,1,1,mixture/0.2/6/5/3
0.2,6,4,0,400,200,5,constant,stated,0.6784994344878064,2,0,0,mixture/0.2/6/5/4
0.2,6,4,0,400,200,5,constant,geomean,0.22062411472910218,6,1,1,mixture/0.2/6/5/4
0.2,6,4,0,400,200,5,constant,ratio,0.4800000000000001,2,0,0,mixture/0.2/6/5/4
0.2,6,4,0,400,200,5,constant,ratio-half,0.4800000000000001,2,0,0,mixture/0.2/6/5/4
0.2,6,4,0,1000,200,5,constant,stated,0.5395907397331495,2,0,0,mixture/0.2/6/5/4
0.2,6,4,0,1000,200,5,constant,geomean,0.18538608362010356,6,1,1,mixture/0.2/6/5/4
0.2,6,4,0,1000,200,5,constant,ratio,0.10000000000000003,6,1,1,mixture/0.2/6/5/4
0.2,6,4,0,1000,200,5,constant,ratio-half,0.10000000000000003,6,1,1,mixture/0.2/6/5/4
0.2,6,5,0,400,200,5,constant,stated,0.6784994344878064,3,0,0,mixture/0.2/6/5/5
0.2,6,5,0,400,200,5,constant,geomean,0.220794021658196,6,1,1,mixture/0.2/6/5/5
0.2,6,5,0,400,200,5,constant,ratio,0.15500000000000003,6,1,1,mixture/0.2/6/5/5
0.2,6,5,0,400,200,5,constant,ratio-half,0.15500000000000003,6,1,1,mixture/0.2/6/5/5
0.2,6,5,0,1000,200,5,constant,stated,0.5395907397331495,4,0,0,mixture/0.2/6/5/5
0.2,6,5,0,1000,200,5,constant,geomean,0.17819090885900987,6,1,1,mixture/0.2/6/5/5
0.2,6,5,0,1000,200,5,constant,ratio,0.07599999999999998,6,1,1,mixture/0.2/6/5/5
0.2,6,5,0,1000,200,5,constant,ratio-half,0.07599999999999998,6,1,1,mixture/0.2/6/5/5
0.2,6,6,0,400,200,5,constant,stated,0.6784994344878064,1,0,0,mixture/0.2/6/5/6
0.2,6,6,0,400,200,5,constant,geomean,0.15099668870541508,8,0,0,mixture/0.2/6/5/6
0.2,6,6,0,400,200,5,constant,ratio,0.16500000000000004,6,1,1,mixture/0.2/6/5/6
0.2,6,6,0,400,200,5,constant,ratio-half,0.16500000000000004,6,1,1,mixture/0.2/6/5/6
0.2,6,6,0,1000,200,5,constant,stated,0.5395907397331495,1,0,0,mixture/0.2/6/5/6
0.2,6,6,0,1000,200,5,constant,geomean,0.11246332735607645,6,1,1,mixture/0.2/6/5/6
0.2,6,6,0,1000,200,5,constant,ratio,0.07999999999999996,6,1,1,mixture/0.2/6/5/6
0.2,6,6,0,1000,200,5,constant,ratio-half,0.07999999999999996,6,1,1,mixture/0.2/6/5/6
0.2,6,7,0,400,200,5,constant,stated,0.6784994344878064,1,0,0,mixture/0.2/6/5/7
0.2,6,7,0,400,200,5,constant,geomean,0.1416862731530476,7,0,0,mixture/0.2/6/5/7
0.2,6,7,0,400,200,5,constant,ratio,0.255,3,0,0,mixture/0.2/6/5/7
0.2,6,7,0,400,200,5,constant,ratio-half,0.255,3,0,0,mixture/0.2/6/5/7
0.2,6,7,0,1000,200,5,constant,stated,0.5395907397331495,1,0,0,mixture/0.2/6/5/7
0.2,6,7,0,1000,200,5,constant,geomean,0.10851727973000434,6,1,1,mixture/0.2/6/5/7
0.2,6,7,0,1000,200,5,constant,ratio,0.10400000000000009,6,1,1,mixture/0.2/6/5/7
0.2,6,7,0,1000,200,5,constant,ratio-half,0.10400000000000009,6,1,1,mixture/0.2/6/5/7
0.2,6,8,0,400,200,5,constant,stated,0.6784994344878064,1,0,0,mixture/0.2/6/5/8
0.2,6,8,0,400,200,5,constant,geomean,0.16278820596099713,6,1,1,mixture/0.2/6/5/8
0.2,6,8,0,400,200,5,constant,ratio,0.12,6,1,1,mixture/0.2/6/5/8
0.2,6,8,0,400,200,5,constant,ratio-half,0.12,6,1,1,mixture/0.2/6/5/8
0.2,6,8,0,1000,200,5,constant,stated,0.5395907397331495,2,0,0,mixture/0.2/6/5/8
0.2,6,8,0,1000,200,5,constant,geomean,0.12891857895586661,6,1,1,mixture/0.2/6/5/8
0.2,6,8,0,1000,200,5,constant,ratio,0.062000000000000055,6,1,1,mixture/0.2/6/5/8
0.2,6,8,0,1000,200,5,constant,ratio-half,0.062000000000000055,6,1,1,mixture/0.2/6/5/8
0.2,6,9,0,400,200,5,constant,stated,0.6784994344878064,2,0,0,mixture/0.2/6/5/9
0.2,6,9,0,400,200,5,constant,geomean,0.20976176963403043,11,0,0,mixture/0.2/6/5/9
0.2,6,9,0,400,200,5,constant,ratio,0.0,191,0,0,mixture/0.2/6/5/9
0.2,6,9,0,400,200,5,constant,ratio-half,0.25,5,0,0,mixture/0.2/6/5/9
0.2,6,9,0,1000,200,5,constant,stated,0.5395907397331495,3,0,0,mixture/0.2/6/5/9
0.2,6,9,0,1000,200,5,constant,geomean,0.16032467059064873,6,1,1,mixture/0.2/6/5/9
0.2,6,9,0,1000,200,5,constant,ratio,0.0,199,0,0,mixture/0.2/6/5/9
0.2,6,9,0,1000,200,5,constant,ratio-half,0.15800000000000003,6,1,1,mixture/0.2/6/5/9
0.2,6,10,0,400,200,5,constant,stated,0.6784994344878064,1,0,0,mixture/0.2/6/5/10
0.2,6,10,0,400,200,5,constant,geomean,0.1594521871910198,6,1,1,mixture/0.2/6/5/10
0.2,6,10,0,400,200,5,constant,ratio,0.10000000000000003,6,1,1,mixture/0.2/6/5/10
0.2,6,10,0,400,200,5,constant,ratio-half,0.10000000000000003,6,1,1,mixture/0.2/6/5/10
0.2,6,10,0,1000,200,5,constant,stated,0.5395907397331495,2,0,0,mixture/0.2/6/5/10
0.2,6,10,0,1000,200,5,constant,geomean,0.12364465212858991,6,1,1,mixture/0.2/6/5/10
0.2,6,10,0,1000,200,5,constant,ratio,0.05599999999999994,6,1,1,mixture/0.2/6/5/10
0.2,6,10,0,1000,200,5,constant,ratio-half,0.05599999999999994,6,1,1,mixture/0.2/6/5/10
0.2,6,11,0,400,200,5,constant,stated,0.6784994344878064,3,0,0,mixture/0.2/6/5/11
0.2,6,11,0,400,200,5,constant,geomean,0.21430118991736838,6,1,1,mixture/0.2/6/5/11
0.2,6,11,0,400,200,5,constant,ratio,0.36,3,0,0,mixture/0.2/6/5/11
0.2,6,11,0,400,200,5,constant,ratio-half,0.36,3,0,0,mixture/0.2/6/5/11
0.2,6,11,0,1000,200,5,constant,stated,0.5395907397331495,3,0,0,mixture/0.2/6/5/11
0.2,6,11,0,1000,200,5,constant,geomean,0.17690675509996792,6,1,1,mixture/0.2/6/5/11
0.2,6,11,0,1000,200,5,constant,ratio,0.06599999999999995,6,1,1,mixture/0.2/6/5/11
0.2,6,11,0,1000,200,5,constant,ratio-half,0.06599999999999995,6,1,1,mixture/0.2/6/5/11
0.2,6,12,0,400,200,5,constant,stated,0.6784994344878064,3,0,0,mixture/0.2/6/5/12
0.2,6,12,0,400,200,5,constant,geomean,0.27820855486487095,6,1,1,mixture/0.2/6/5/12
0.2,6,12,0,400,200,5,constant,ratio,0.0,198,0,0,mixture/0.2/6/5/12
0.2,6,12,0,400,200,5,constant,ratio-half,0.1050000000000001,6,1,1,mixture/0.2/6/5/12
0.2,6,12,0,1000,200,5,constant,stated,0.5395907397331495,5,0,0,mixture/0.2/6/5/12
0.2,6,12,0,1000,200,5,constant,geomean,0.21503488089144987,6,1,1,mixture/0.2/6/5/12
0.2,6,12,0,1000,200,5,constant,ratio,0.06600000000000006,6,1,1,mixture/0.2/6/5/12
0.2,6,12,0,1000,200,5,constant,ratio-half,0.06600000000000006,6,1,1,mixture/0.2/6/5/12
0.2,6,13,0,400,200,5,constant,stated,0.6784994344878064,2,0,0,mixture/0.2/6/5/13
0.2,6,13,0,400,200,5,constant,geomean,0.2754995462791181,5,0,0,mixture/0.2/6/5/13
0.2,6,13,0,400,200,5,constant,ratio,0.0,199,0,0,mixture/0.2/6/5/13
0.2,6,13,0,400,200,5,constant,ratio-half,0.47000000000000003,2,0,0,mixture/0.2/6/5/13
0.2,6,13,0,1000,200,5,constant,stated,0.5395907397331495,2,0,0,mixture/0.2/6/5/13
0.2,6,13,0,1000,200,5,constant,geomean,0.21487670883555537,5,0,0,mixture/0.2/6/5/13
0.2,6,13,0,1000,200,5,constant,ratio,0.128,5,0,0,mixture/0.2/6/5/13
0.2,6,13,0,1000,200,5,constant,ratio-half,0.128,5,0,0,mixture/0.2/6/5/13
0.2,6,14,0,400,200,5,constant,stated,0.6784994344878064,2,0,0,mixture/0.2/6/5/14
0.2,6,14,0,400,200,5,constant,geomean,0.21811694111187227,6,1,1,mixture/0.2/6/5/14
0.2,6,14,0,400,200,5,constant,ratio,0.09499999999999997,6,1,1,mixture/0.2/6/5/14
0.2,6,14,0,400,200,5,constant,ratio-half,0.09499999999999997,6,1,1,mixture/0.2/6/5/14
0.2,6,14,0,1000,200,5,constant,stated,0.5395907397331495,4,0,0,mixture/0.2/6/5/14
0.2,6,14,0,1000,200,5,constant,geomean,0.1732512626216618,6,1,1,mixture/0.2/6/5/14
0.2,6,14,0,1000,200,5,constant,ratio,0.05600000000000005,6,1,1,mixture/0.2/6/5/14
0.2,6,14,0,1000,200,5,constant,ratio-half,0.05600000000000005,6,1,1,mixture/0.2/6/5/14
0.2,6,15,0,400,200,5,constant,stated,0.6784994344878064,3,0,0,mixture/0.2/6/5/15
0.2,6,15,0,400,200,5,constant,geomean,0.18973665961010286,6,1,0,mixture/0.2/6/5/15
0.2,6,15,0,400,200,5,constant,ratio,0.27999999999999997,4,0,0,mixture/0.2/6/5/15
0.2,6,15,0,400,200,5,constant,ratio-half,0.27999999999999997,4,0,0,mixture/0.2/6/5/15
0.2,6,15,0,1000,200,5,constant,stated,0.5395907397331495,4,0,0,mixture/0.2/6/5/15
0.2,6,15,0,1000,200,5,constant,geomean,0.1385207565673824,5,0,0,mixture/0.2/6/5/15
0.2,6,15,0,1000,200,5,constant,ratio,0.10399999999999998,5,0,0,mixture/0.2/6/5/15
0.2,6,15,0,1000,200,5,constant,ratio-half,0.10399999999999998,5,0,0,mixture/0.2/6/5/15
0.2,6,16,0,400,200,5,constant,stated,0.6784994344878064,3,0,0,mixture/0.2/6/5/16
0.2,6,16,0,400,200,5,constant,geomean,0.258118189982806,6,1,1,mixture/0.2/6/5/16
0.2,6,16,0,400,200,5,constant,ratio,0.4149999999999999,3,0,0,mixture/0.2/6/5/16
0.2,6,16,0,400,200,5,constant,ratio-half,0.4149999999999999,3,0,0,mixture/0.2/6/5/16
0.2,6,16,0,1000,200,5,constant,stated,0.5395907397331495,3,0,0,mixture/0.2/6/5/16
0.2,6,16,0,1000,200,5,constant,geomean,0.19917831207237394,6,1,1,mixture/0.2/6/5/16
0.2,6,16,0,1000,200,5,constant,ratio,0.17199999999999993,6,1,1,mixture/0.2/6/5/16
0.2,6,16,0,1000,200,5,constant,ratio-half,0.17199999999999993,6,1,1,mixture/0.2/6/5/16
0.2,6,17,0,400,200,5,constant,stated,0.6784994344878064,2,0,0,mixture/0.2/6/5/17
0.2,6,17,0,400,200,5,constant,geomean,0.28774989139876306,6,1,1,mixture/0.2/6/5/17
0.2,6,17,0,400,200,5,constant,ratio,0.0,180,0,0,mixture/0.2/6/5/17
0.2,6,17,0,400,200,5,constant,ratio-half,0.3500000000000001,2,0,0,mixture/0.2/6/5/17
0.2,6,17,0,1000,200,5,constant,stated,0.5395907397331495,2,0,0,mixture/0.2/6/5/17
0.2,6,17,0,1000,200,5,constant,geomean,0.22736754385795677,6,1,1,mixture/0.2/6/5/17
0.2,6,17,0,1000,200,5,constant,ratio,0.0,183,0,0,mixture/0.2/6/5/17
0.2,6,17,0,1000,200,5,constant,ratio-half,0.061999999999999944,6,1,1,mixture/0.2/6/5/17
0.2,6,18,0,400,200,5,constant,stated,0.6784994344878064,1,0,0,mixture/0.2/6/5/18
0.2,6,18,0,400,200,5,constant,geomean,0.17832554500127,6,1,1,mixture/0.2/6/5/18
0.2,6,18,0,400,200,5,constant,ratio,0.16999999999999993,6,1,1,mixture/0.2/6/5/18
0.2,6,18,0,400,200,5,constant,ratio-half,0.16999999999999993,6,1,1,mixture/0.2/6/5/18
0.2,6,18,0,1000,200,5,constant,stated,0.5395907397331495,2,0,0,mixture/0.2/6/5/18
0.2,6,18,0,1000,200,5,constant,geomean,0.14891608375189014,6,1,1,mixture/0.2/6/5/18
0.2,6,18,0,1000,200,5,constant,ratio,0.07800000000000007,6,1,1,mixture/0.2/6/5/18
0.2,6,18,0,1000,200,5,constant,ratio-half,0.07800000000000007,6,1,1,mixture/0.2/6/5/18
0.2,6,19,0,400,200,5,constant,stated,0.6784994344878064,2,0,0,mixture/0.2/6/5/19
0.2,6,19,0,400,200,5,constant,geomean,0.2994578434437809,5,0,0,mixture/0.2/6/5/19
0.2,6,19,0,400,200,5,constant,ratio,0.19500000000000006,5,0,0,mixture/0.2/6/5/19
0.2,6,19,0,400,200,5,constant,ratio-half,0.19500000000000006,5,0,0,mixture/0.2/6/5/19
0.2,6,19,0,1000,200,5,constant,stated,0.5395907397331495,4,0,0,mixture/0.2/6/5/19
0.2,6,19,0,1000,200,5,constant,geomean,0.2285257097133713,5,0,0,mixture/0.2/6/5/19
0.2,6,19,0,1000,200,5,constant,ratio,0.16800000000000015,5,0,0,mixture/0.2/6/5/19
0.2,6,19,0,1000,200,5,constant,ratio-half,0.16800000000000015,5,0,0,mixture/0.2/6/5/19
0.2,7,0,0,400,200,5,constant,stated,0.6784994344878064,1,0,0,mixture/0.2/7/5/0
0.2,7,0,0,400,200,5,constant,geomean,0.16665833312498965,7,1,1,mixture/0.2/7/5/0
0.2,7,0,0,400,200,5,constant,ratio,0.1050000000000001,7,1,1,mixture/0.2/7/5/0
0.2,7,0,0,400,200,5,constant,ratio-half,0.1050000000000001,7,1,1,mixture/0.2/7/5/0
0.2,7,0,0,1000,200,5,constant,stated,0.5395907397331495,1,0,0,mixture/0.2/7/5/0
0.2,7,0,0,1000,200,5,constant,geomean,0.12874781551544848,7,1,1,mixture/0.2/7/5/0
0.2,7,0,0,1000,200,5,constant,ratio,0.06599999999999995,7,1,1,mixture/0.2/7/5/0
0.2,7,0,0,1000,200,5,constant,ratio-half,0.06599999999999995,7,1,1,mixture/0.2/7/5/0
0.2,7,1,0,400,200,5,constant,stated,0.6784994344878064,1,0,0,mixture/0.2/7/5/1
0.2,7,1,0,400,200,5,constant,geomean,0.16703293088490057,6,0,0,mixture/0.2/7/5/1
0.2,7,1,0,400,200,5,constant,ratio,0.10999999999999999,6,0,0,mixture/0.2/7/5/1
0.2,7,1,0,400,200,5,constant,ratio-half,0.10999999999999999,6,0,0,mixture/0.2/7/5/1
0.2,7,1,0,1000,200,5,constant,stated,0.5395907397331495,1,0,0,mixture/0.2/7/5/1
0.2,7,1,0,1000,200,5,constant,geomean,0.12828094168659668,6,0,0,mixture/0.2/7/5/1
0.2,7,1,0,1000,200,5,constant,ratio,0.09999999999999998,6,0,0,mixture/0.2/7/5/1
0.2,7,1,0,1000,200,5,constant,ratio-half,0.09999999999999998,6,0,0,mixture/0.2/7/5/1
0.2,7,2,0,400,200,5,constant,stated,0.6784994344878064,5,0,0,mixture/0.2/7/5/2
0.2,7,2,0,400,200,5,constant,geomean,0.18654758106177638,7,1,1,mixture/0.2/7/5/2
0.2,7,2,0,400,200,5,constant,ratio,0.08499999999999996,7,1,1,mixture/0.2/7/5/2
0.2,7,2,0,400,200,5,constant,ratio-half,0.08499999999999996,7,1,1,mixture/0.2/7/5/2
0.2,7,2,0,1000,200,5,constant,stated,0.5395907397331495,5,0,0,mixture/0.2/7/5/2
0.2,7,2,0,1000,200,5,constant,geomean,0.14565713164826505,7,1,1,mixture/0.2/7/5/2
0.2,7,2,0,1000,200,5,constant,ratio,0.05399999999999994,7,1,1,mixture/0.2/7/5/2
0.2,7,2,0,1000,200,5,constant,ratio-half,0.05399999999999994,7,1,1,mixture/0.2/7/5/2
0.2,7,3,0,400,200,5,constant,stated,0.6784994344878064,1,0,0,mixture/0.2/7/5/3
0.2,7,3,0,400,200,5,constant,geomean,0.17549928774784238,6,0,0,mixture/0.2/7/5/3
0.2,7,3,0,400,200,5,constant,ratio,0.18,5,0,0,mixture/0.2/7/5/3
0.2,7,3,0,400,200,5,constant,ratio-half,0.18,5,0,0,mixture/0.2/7/5/3
0.2,7,3,0,1000,200,5,constant,stated,0.5395907397331495,1,0,0,mixture/0.2/7/5/3
0.2,7,3,0,1000,200,5,constant,geomean,0.1320000000000001,6,0,0,mixture/0.2/7/5/3
0.2,7,3,0,1000,200,5,constant,ratio,0.092,6,0,0,mixture/0.2/7/5/3
0.2,7,3,0,1000,200,5,constant,ratio-half,0.092,6,0,0,mixture/0.2/7/5/3
0.2,7,4,0,400,200,5,constant,stated,0.6784994344878064,3,0,0,mixture/0.2/7/5/4
0.2,7,4,0,400,200,5,constant,geomean,0.29529646120466796,6,0,0,mixture/0.2/7/5/4
0.2,7,4,0,400,200,5,constant,ratio,0.325,4,0,0,mixture/0.2/7/5/4
0.2,7,4,0,400,200,5,constant,ratio-half,0.325,4,0,0,mixture/0.2/7/5/4
0.2,7,4,0,1000,200,5,constant,stated,0.5395907397331495,4,0,0,mixture/0.2/7/5/4
0.2,7,4,0,1000,200,5,constant,geomean,0.26290682760247985,6,0,0,mixture/0.2/7/5/4
0.2,7,4,0,1000,200,5,constant,ratio,0.10399999999999998,7,1,1,mixture/0.2/7/5/4
0.2,7,4,0,1000,200,5,constant,ratio-half,0.10399999999999998,7,1,1,mixture/0.2/7/5/4
0.2,7,5,0,400,200,5,constant,stated,0.6784994344878064,1,0,0,mixture/0.2/7/5/5
0.2,7,5,0,400,200,5,constant,geomean,0.1615549442140352,10,0,0,mixture/0.2/7/5/5
0.2,7,5,0,400,200,5,constant,ratio,0.19999999999999996,6,0,0,mixture/0.2/7/5/5
0.2,7,5,0,400,200,5,constant,ratio-half,0.19999999999999996,6,0,0,mixture/0.2/7/5/5
0.2,7,5,0,1000,200,5,constant,stated,0.5395907397331495,1,0,0,mixture/0.2/7/5/5
0.2,7,5,0,1000,200,5,constant,geomean,0.12470765814495921,8,0,0,mixture/0.2/7/5/5
0.2,7,5,0,1000,200,5,constant,ratio,0.18600000000000005,6,0,0,mixture/0.2/7/5/5
0.2,7,5,0,1000,200,5,constant,ratio-half,0.18600000000000005,6,0,0,mixture/0.2/7/5/5
0.2,7,6,0,400,200,5,constant,stated,0.6784994344878064,1,0,0,mixture/0.2/7/5/6
0.2,7,6,0,400,200,5,constant,geomean,0.1731328969318081,25,0,0,mixture/0.2/7/5/6
0.2,7,6,0,400,200,5,constant,ratio,0.235,8,0,0,mixture/0.2/7/5/6
0.2,7,6,0,400,200,5,constant,ratio-half,0.235,8,0,0,mixture/0.2/7/5/6
0.2,7,6,0,1000,200,5,constant,stated,0.5395907397331495,3,0,0,mixture/0.2/7/5/6
0.2,7,6,0,1000,200,5,constant,geomean,0.1355285947687794,28,0,0,mixture/0.2/7/5/6
0.2,7,6,0,1000,200,5,constant,ratio,0.43400000000000005,3,0,0,mixture/0.2/7/5/6
0.2,7,6,0,1000,200,5,constant,ratio-half,0.43400000000000005,3,0,0,mixture/0.2/7/5/6
0.2,7,7,0,400,200,5,constant,stated,0.6784994344878064,2,0,0,mixture/0.2/7/5/7
0.2,7,7,0,400,200,5,constant,geomean,0.25149552679918596,7,1,1,mixture/0.2/7/5/7
0.2,7,7,0,400,200,5,constant,ratio,0.14499999999999996,7,1,1,mixture/0.2/7/5/7
0.2,7,7,0,400,200,5,constant,ratio-half,0.14499999999999996,7,1,1,mixture/0.2/7/5/7
0.2,7,7,0,1000,200,5,constant,stated,0.5395907397331495,3,0,0,mixture/0.2/7/5/7
0.2,7,7,0,1000,200,5,constant,geomean,0.1887855926706274,7,1,1,mixture/0.2/7/5/7
0.2,7,7,0,1000,200,5,constant,ratio,0.09400000000000003,7,1,1,mixture/0.2/7/5/7
0.2,7,7,0,1000,200,5,constant,ratio-half,0.09400000000000003,7,1,1,mixture/0.2/7/5/7
0.2,7,8,0,400,200,5,constant,stated,0.6784994344878064,1,0,0,mixture/0.2/7/5/8
0.2,7,8,0,400,200,5,constant,geomean,0.17102631376487076,12,0,0,mixture/0.2/7/5/8
0.2,7,8,0,400,200,5,constant,ratio,0.0,192,0,0,mixture/0.2/7/5/8
0.2,7,8,0,400,200,5,constant,ratio-half,0.2650000000000001,6,0,0,mixture/0.2/7/5/8
0.2,7,8,0,1000,200,5,constant,stated,0.5395907397331495,3,0,0,mixture/0.2/7/5/8
0.2,7,8,0,1000,200,5,constant,geomean,0.13638181696985863,10,0,0,mixture/0.2/7/5/8
0.2,7,8,0,1000,200,5,constant,ratio,0.0,198,0,0,mixture/0.2/7/5/8
0.2,7,8,0,1000,200,5,constant,ratio-half,0.148,7,1,1,mixture/0.2/7/5/8
0.2,7,9,0,400,200,5,constant,stated,0.6784994344878064,1,0,0,mixture/0.2/7/5/9
0.2,7,9,0,400,200,5,constant,geomean,0.18973665961010275,7,1,1,mixture/0.2/7/5/9
0.2,7,9,0,400,200,5,constant,ratio,0.12,7,1,1,mixture/0.2/7/5/9
0.2,7,9,0,400,200,5,constant,ratio-half,0.12,7,1,1,mixture/0.2/7/5/9
0.2,7,9,0,1000,200,5,constant,stated,0.5395907397331495,2,0,0,mixture/0.2/7/5/9
0.2,7,9,0,1000,200,5,constant,geomean,0.1397139935725839,7,1,1,mixture/0.2/7/5/9
0.2,7,9,0,1000,200,5,constant,ratio,0.07600000000000007,7,1,1,mixture/0.2/7/5/9
0.2,7,9,0,1000,200,5,constant,ratio-half,0.07600000000000007,7,1,1,mixture/0.2/7/5/9
0.2,7,10,0,400,200,5,constant,stated,0.6784994344878064,4,0,0,mixture/0.2/7/5/10
0.2,7,10,0,400,200,5,constant,geomean,0.20124611797498107,6,0,0,mixture/0.2/7/5/10
0.2,7,10,0,400,200,5,constant,ratio,0.0,199,0,0,mixture/0.2/7/5/10
0.2,7,10,0,400,200,5,constant,ratio-half,0.16500000000000004,6,0,0,mixture/0.2/7/5/10
0.2,7,10,0,1000,200,5,constant,stated,0.5395907397331495,6,0,0,mixture/0.2/7/5/10
0.2,7,10,0,1000,200,5,constant,geomean,0.15649920127591696,7,1,1,mixture/0.2/7/5/10
0.2,7,10,0,1000,200,5,constant,ratio,0.17200000000000001,6,0,0,mixture/0.2/7/5/10
0.2,7,10,0,1000,200,5,constant,ratio-half,0.17200000000000001,6,0,0,mixture/0.2/7/5/10
0.2,7,11,0,400,200,5,constant,stated,0.6784994344878064,1,0,0,mixture/0.2/7/5/11
0.2,7,11,0,400,200,5,constant,geomean,0.19124591498905266,7,1,0,mixture/0.2/7/5/11
0.2,7,11,0,400,200,5,constant,ratio,0.335,4,0,0,mixture/0.2/7/5/11
0.2,7,11,0,400,200,5,constant,ratio-half,0.335,4,0,0,mixture/0.2/7/5/11
0.2,7,11,0,1000,200,5,constant,stated,0.5395907397331495,4,0,0,mixture/0.2/7/5/11
0.2,7,11,0,1000,200,5,constant,geomean,0.1500933043143498,7,1,1,mixture/0.2/7/5/11
0.2,7,11,0,1000,200,5,constant,ratio,0.09399999999999997,7,1,1,mixture/0.2/7/5/11
0.2,7,11,0,1000,200,5,constant,ratio-half,0.09399999999999997,7,1,1,mixture/0.2/7/5/11
0.2,7,12,0,400,200,5,constant,stated,0.6784994344878064,1,0,0,mixture/0.2/7/5/12
0.2,7,12,0,400,200,5,constant,geomean,0.17578395831246937,13,0,0,mixture/0.2/7/5/12
0.2,7,12,0,400,200,5,constant,ratio,0.0,198,0,0,mixture/0.2/7/5/12
0.2,7,12,0,400,200,5,constant,ratio-half,0.30500000000000005,4,0,0,mixture/0.2/7/5/12
0.2,7,12,0,1000,200,5,constant,stated,0.5395907397331495,1,0,0,mixture/0.2/7/5/12
0.2,7,12,0,1000,200,5,constant,geomean,0.132815661727072,11,0,0,mixture/0.2/7/5/12
0.2,7,12,0,1000,200,5,constant,ratio,0.294,4,0,0,mixture/0.2/7/5/12
0.2,7,12,0,1000,200,5,constant,ratio-half,0.294,4,0,0,mixture/0.2/7/5/12
0.2,7,13,0,400,200,5,constant,stated,0.6784994344878064,1,0,0,mixture/0.2/7/5/13
0.2,7,13,0,400,200,5,constant,geomean,0.1378404875209022,7,1,1,mixture/0.2/7/5/13
0.2,7,13,0,400,200,5,constant,ratio,0.07499999999999996,7,1,1,mixture/0.2/7/5/13
0.2,7,13,0,400,200,5,constant,ratio-half,0.07499999999999996,7,1,1,mixture/0.2/7/5/13
0.2,7,13,0,1000,200,5,constant,stated,0.5395907397331495,1,0,0,mixture/0.2/7/5/13
0.2,7,13,0,1000,200,5,constant,geomean,0.1060942976789988,7,1,1,mixture/0.2/7/5/13
0.2,7,13,0,1000,200,5,constant,ratio,0.04200000000000004,7,1,1,mixture/0.2/7/5/13
0.2,7,13,0,1000,200,5,constant,ratio-half,0.04200000000000004,7,1,1,mixture/0.2/7/5/13
0.2,7,14,0,400,200,5,constant,stated,0.6784994344878064,2,0,0,mixture/0.2/7/5/14
0.2,7,14,0,400,200,5,constant,geomean,0.20554804791094475,8,0,0,mixture/0.2/7/5/14
0.2,7,14,0,400,200,5,constant,ratio,0.135,9,0,0,mixture/0.2/7/5/14
0.2,7,14,0,400,200,5,constant,ratio-half,0.135,9,0,0,mixture/0.2/7/5/14
0.2,7,14,0,1000,200,5,constant,stated,0.5395907397331495,4,0,0,mixture/0.2/7/5/14
0.2,7,14,0,1000,200,5,constant,geomean,0.15336231610144657,8,0,0,mixture/0.2/7/5/14
0.2,7,14,0,1000,200,5,constant,ratio,0.07400000000000001,8,0,0,mixture/0.2/7/5/14
0.2,7,14,0,1000,200,5,constant,ratio-half,0.07400000000000001,8,0,0,mixture/0.2/7/5/14
0.2,7,15,0,400,200,5,constant,stated,0.6784994344878064,1,0,0,mixture/0.2/7/5/15
0.2,7,15,0,400,200,5,constant,geomean,0.16431676725154992,7,1,1,mixture/0.2/7/5/15
0.2,7,15,0,400,200,5,constant,ratio,0.10499999999999998,7,1,1,mixture/0.2/7/5/15
0.2,7,15,0,400,200,5,constant,ratio-half,0.10499999999999998,7,1,1,mixture/0.2/7/5/15
0.2,7,15,0,1000,200,5,constant,stated,0.5395907397331495,2,0,0,mixture/0.2/7/5/15
0.2,7,15,0,1000,200,5,constant,geomean,0.1269960629311004,7,1,1,mixture/0.2/7/5/15
0.2,7,15,0,1000,200,5,constant,ratio,0.08600000000000008,7,1,1,mixture/0.2/7/5/15
0.2,7,15,0,1000,200,5,constant,ratio-half,0.08600000000000008,7,1,1,mixture/0.2/7/5/15
0.2,7,16,0,400,200,5,constant,stated,0.6784994344878064,1,0,0,mixture/0.2/7/5/16
0.2,7,16,0,400,200,5,constant,geomean,0.15588457268119904,9,0,0,mixture/0.2/7/5/16
0.2,7,16,0,400,200,5,constant,ratio,0.32499999999999996,4,0,0,mixture/0.2/7/5/16
0.2,7,16,0,400,200,5,constant,ratio-half,0.32499999999999996,4,0,0,mixture/0.2/7/5/16
0.2,7,16,0,1000,200,5,constant,stated,0.5395907397331495,3,0,0,mixture/0.2/7/5/16
0.2,7,16,0,1000,200,5,constant,geomean,0.12173742234826568,7,1,1,mixture/0.2/7/5/16
0.2,7,16,0,1000,200,5,constant,ratio,0.11399999999999999,7,1,1,mixture/0.2/7/5/16
0.2,7,16,0,1000,200,5,constant,ratio-half,0.11399999999999999,7,1,1,mixture/0.2/7/5/16
0.2,7,17,0,400,200,5,constant,stated,0.6784994344878064,1,0,0,mixture/0.2/7/5/17
0.2,7,17,0,400,200,5,constant,geomean,0.16665833312498965,7,1,1,mixture/0.2/7/5/17
0.2,7,17,0,400,200,5,constant,ratio,0.09999999999999998,7,1,1,mixture/0.2/7/5/17
0.2,7,17,0,400,200,5,constant,ratio-half,0.09999999999999998,7,1,1,mixture/0.2/7/5/17
0.2,7,17,0,1000,200,5,constant,stated,0.5395907397331495,1,0,0,mixture/0.2/7/5/17
0.2,7,17,0,1000,200,5,constant,geomean,0.12899612397277685,7,1,1,mixture/0.2/7/5/17
0.2,7,17,0,1000,200,5,constant,ratio,0.05600000000000005,7,1,1,mixture/0.2/7/5/17
0.2,7,17,0,1000,200,5,constant,ratio-half,0.05600000000000005,7,1,1,mixture/0.2/7/5/17
0.2,7,18,0,400,200,5,constant,stated,0.6784994344878064,1,0,0,mixture/0.2/7/5/18
0.2,7,18,0,400,200,5,constant,geomean,0.1624807680927191,30,0,0,mixture/0.2/7/5/18
0.2,7,18,0,400,200,5,constant,ratio,0.29999999999999993,6,0,0,mixture/0.2/7/5/18
0.2,7,18,0,400,200,5,constant,ratio-half,0.29999999999999993,6,0,0,mixture/0.2/7/5/18
0.2,7,18,0,1000,200,5,constant,stated,0.5395907397331495,2,0,0,mixture/0.2/7/5/18
0.2,7,18,0,1000,200,5,constant,geomean,0.12868566353716335,19,0,0,mixture/0.2/7/5/18
0.2,7,18,0,1000,200,5,constant,ratio,0.21600000000000008,6,0,0,mixture/0.2/7/5/18
0.2,7,18,0,1000,200,5,constant,ratio-half,0.21600000000000008,6,0,0,mixture/0.2/7/5/18
0.2,7,19,0,400,200,5,constant,stated,0.6784994344878064,2,0,0,mixture/0.2/7/5/19
0.2,7,19,0,400,200,5,constant,geomean,0.19326148090087697,11,0,0,mixture/0.2/7/5/19
0.2,7,19,0,400,200,5,constant,ratio,0.4750000000000001,2,0,0,mixture/0.2/7/5/19
0.2,7,19,0,400,200,5,constant,ratio-half,0.4750000000000001,2,0,0,mixture/0.2/7/5/19
0.2,7,19,0,1000,200,5,constant,stated,0.5395907397331495,1,0,0,mixture/0.2/7/5/19
0.2,7,19,0,1000,200,5,constant,geomean,0.11217842929904133,15,0,0,mixture/0.2/7/5/19
0.2,7,19,0,1000,200,5,constant,ratio,0.04800000000000004,17,0,0,mixture/0.2/7/5/19
0.2,7,19,0,1000,200,5,constant,ratio-half,0.04800000000000004,17,0,0,mixture/0.2/7/5/19
0.2,8,0,0,400,200,5,constant,stated,0.6784994344878064,2,0,0,mixture/0.2/8/5/0
0.2,8,0,0,400,200,5,constant,geomean,0.22005681084665416,8,1,1,mixture/0.2/8/5/0
0.2,8,0,0,400,200,5,constant,ratio,0.22499999999999998,7,0,0,mixture/0.2/8/5/0
0.2,8,0,0,400,200,5,constant,ratio-half,0.22499999999999998,7,0,0,mixture/0.2/8/5/0
0.2,8,0,0,1000,200,5,constant,stated,0.5395907397331495,3,0,0,mixture/0.2/8/5/0
0.2,8,0,0,1000,200,5,constant,geomean,0.1743559577416269,8,1,1,mixture/0.2/8/5/0
0.2,8,0,0,1000,200,5,constant,ratio,0.09000000000000002,8,1,1,mixture/0.2/8/5/0
0.2,8,0,0,1000,200,5,constant,ratio-half,0.09000000000000002,8,1,1,mixture/0.2/8/5/0
0.2,8,1,0,400,200,5,constant,stated,0.6784994344878064,1,0,0,mixture/0.2/8/5/1
0.2,8,1,0,400,200,5,constant,geomean,0.15811388300841903,8,1,1,mixture/0.2/8/5/1
0.2,8,1,0,400,200,5,constant,ratio,0.17500000000000004,7,0,0,mixture/0.2/8/5/1
0.2,8,1,0,400,200,5,constant,ratio-half,0.17500000000000004,7,0,0,mixture/0.2/8/5/1
0.2,8,1,0,1000,200,5,constant,stated,0.5395907397331495,1,0,0,mixture/0.2/8/5/1
0.2,8,1,0,1000,200,5,constant,geomean,0.1219836054558152,8,1,1,mixture/0.2/8/5/1
0.2,8,1,0,1000,200,5,constant,ratio,0.08799999999999997,8,1,1,mixture/0.2/8/5/1
0.2,8,1,0,1000,200,5,constant,ratio-half,0.08799999999999997,8,1,1,mixture/0.2/8/5/1
0.2,8,2,0,400,200,5,constant,stated,0.6784994344878064,3,0,0,mixture/0.2/8/5/2
0.2,8,2,0,400,200,5,constant,geomean,0.26999999999999996,10,0,0,mixture/0.2/8/5/2
0.2,8,2,0,400,200,5,constant,ratio,0.47,3,0,0,mixture/0.2/8/5/2
0.2,8,2,0,400,200,5,constant,ratio-half,0.47,3,0,0,mixture/0.2/8/5/2
0.2,8,2,0,1000,200,5,constant,stated,0.5395907397331495,3,0,0,mixture/0.2/8/5/2
0.2,8,2,0,1000,200,5,constant,geomean,0.21350409832132017,8,1,1,mixture/0.2/8/5/2
0.2,8,2,0,1000,200,5,constant,ratio,0.18799999999999994,8,1,1,mixture/0.2/8/5/2
0.2,8,2,0,1000,200,5,constant,ratio-half,0.18799999999999994,8,1,1,mixture/0.2/8/5/2
0.2,8,3,0,400,200,5,constant,stated,0.6784994344878064,1,0,0,mixture/0.2/8/5/3
0.2,8,3,0,400,200,5,constant,geomean,0.15819292019556375,8,1,1,mixture/0.2/8/5/3
0.2,8,3,0,400,200,5,constant,ratio,0.11499999999999999,8,1,1,mixture/0.2/8/5/3
0.2,8,3,0,400,200,5,constant,ratio-half,0.11499999999999999,8,1,1,mixture/0.2/8/5/3
0.2,8,3,0,1000,200,5,constant,stated,0.5395907397331495,1,0,0,mixture/0.2/8/5/3
0.2,8,3,0,1000,200,5,constant,geomean,0.12289833196589758,8,1,1,mixture/0.2/8/5/3
0.2,8,3,0,1000,200,5,constant,ratio,0.06000000000000005,8,1,1,mixture/0.2/8/5/3
0.2,8,3,0,1000,200,5,constant,ratio-half,0.06000000000000005,8,1,1,mixture/0.2/8/5/3
0.2,8,4,0,400,200,5,constant,stated,0.6784994344878064,1,0,0,mixture/0.2/8/5/4
0.2,8,4,0,400,200,5,constant,geomean,0.17846568297574755,7,0,0,mixture/0.2/8/5/4
0.2,8,4,0,400,200,5,constant,ratio,0.16500000000000004,7,0,0,mixture/0.2/8/5/4
0.2,8,4,0,400,200,5,constant,ratio-half,0.16500000000000004,7,0,0,mixture/0.2/8/5/4
0.2,8,4,0,1000,200,5,constant,stated,0.5395907397331495,1,0,0,mixture/0.2/8/5/4
0.2,8,4,0,1000,200,5,constant,geomean,0.142576295364973,7,0,0,mixture/0.2/8/5/4
0.2,8,4,0,1000,200,5,constant,ratio,0.1280000000000001,7,0,0,mixture/0.2/8/5/4
0.2,8,4,0,1000,200,5,constant,ratio-half,0.1280000000000001,7,0,0,mixture/0.2/8/5/4
0.2,8,5,0,400,200,5,constant,stated,0.6784994344878064,1,0,0,mixture/0.2/8/5/5
0.2,8,5,0,400,200,5,constant,geomean,0.18013883534651828,7,0,0,mixture/0.2/8/5/5
0.2,8,5,0,400,200,5,constant,ratio,0.16999999999999998,7,0,0,mixture/0.2/8/5/5
0.2,8,5,0,400,200,5,constant,ratio-half,0.16999999999999998,7,0,0,mixture/0.2/8/5/5
0.2,8,5,0,1000,200,5,constant,stated,0.5395907397331495,3,0,0,mixture/0.2/8/5/5
0.2,8,5,0,1000,200,5,constant,geomean,0.13572030061858845,8,1,1,mixture/0.2/8/5/5
0.2,8,5,0,1000,200,5,constant,ratio,0.09000000000000008,8,1,1,mixture/0.2/8/5/5
0.2,8,5,0,1000,200,5,constant,ratio-half,0.09000000000000008,8,1,1,mixture/0.2/8/5/5
0.2,8,6,0,400,200,5,constant,stated,0.6784994344878064,2,0,0,mixture/0.2/8/5/6
0.2,8,6,0,400,200,5,constant,geomean,0.253968501984006,7,0,0,mixture/0.2/8/5/6
0.2,8,6,0,400,200,5,constant,ratio,0.0,197,0,0,mixture/0.2/8/5/6
0.2,8,6,0,400,200,5,constant,ratio-half,0.46,2,0,0,mixture/0.2/8/5/6
0.2,8,6,0,1000,200,5,constant,stated,0.5395907397331495,2,0,0,mixture/0.2/8/5/6
0.2,8,6,0,1000,200,5,constant,geomean,0.19663163529808736,7,0,0,mixture/0.2/8/5/6
0.2,8,6,0,1000,200,5,constant,ratio,0.07000000000000006,8,1,1,mixture/0.2/8/5/6
0.2,8,6,0,1000,200,5,constant,ratio-half,0.07000000000000006,8,1,1,mixture/0.2/8/5/6
0.2,8,7,0,400,200,5,constant,stated,0.6784994344878064,1,0,0,mixture/0.2/8/5/7
0.2,8,7,0,400,200,5,constant,geomean,0.16332482971061066,25,0,0,mixture/0.2/8/5/7
0.2,8,7,0,400,200,5,constant,ratio,0.345,2,0,0,mixture/0.2/8/5/7
0.2,8,7,0,400,200,5,constant,ratio-half,0.345,2,0,0,mixture/0.2/8/5/7
0.2,8,7,0,1000,200,5,constant,stated,0.5395907397331495,1,0,0,mixture/0.2/8/5/7
0.2,8,7,0,1000,200,5,constant,geomean,0.12222929272478024,14,0,0,mixture/0.2/8/5/7
0.2,8,7,0,1000,200,5,constant,ratio,0.15000000000000002,9,0,0,mixture/0.2/8/5/7
0.2,8,7,0,1000,200,5,constant,ratio-half,0.15000000000000002,9,0,0,mixture/0.2/8/5/7
0.2,8,8,0,400,200,5,constant,stated,0.6784994344878064,2,0,0,mixture/0.2/8/5/8
0.2,8,8,0,400,200,5,constant,geomean,0.2349468024894145,8,1,1,mixture/0.2/8/5/8
0.2,8,8,0,400,200,5,constant,ratio,0.13000000000000012,8,1,1,mixture/0.2/8/5/8
0.2,8,8,0,400,200,5,constant,ratio-half,0.13000000000000012,8,1,1,mixture/0.2/8/5/8
0.2,8,8,0,1000,200,5,constant,stated,0.5395907397331495,2,0,0,mixture/0.2/8/5/8
0.2,8,8,0,1000,200,5,constant,geomean,0.1801332839871632,8,1,1,mixture/0.2/8/5/8
0.2,8,8,0,1000,200,5,constant,ratio,0.09999999999999987,8,1,1,mixture/0.2/8/5/8
0.2,8,8,0,1000,200,5,constant,ratio-half,0.09999999999999987,8,1,1,mixture/0.2/8/5/8
0.2,8,9,0,400,200,5,constant,stated,0.6784994344878064,1,0,0,mixture/0.2/8/5/9
0.2,8,9,0,400,200,5,constant,geomean,0.1707337107896388,9,0,0,mixture/0.2/8/5/9
0.2,8,9,0,400,200,5,constant,ratio,0.17500000000000004,8,1,1,mixture/0.2/8/5/9
0.2,8,9,0,400,200,5,constant,ratio-half,0.17500000000000004,8,1,1,mixture/0.2/8/5/9
0.2,8,9,0,1000,200,5,constant,stated,0.5395907397331495,2,0,0,mixture/0.2/8/5/9
0.2,8,9,0,1000,200,5,constant,geomean,0.1369963503163495,8,1,1,mixture/0.2/8/5/9
0.2,8,9,0,1000,200,5,constant,ratio,0.10199999999999998,8,1,1,mixture/0.2/8/5/9
0.2,8,9,0,1000,200,5,constant,ratio-half,0.10199999999999998,8,1,1,mixture/0.2/8/5/9
0.2,8,10,0,400,200,5,constant,stated,0.6784994344878064,1,0,0,mixture/0.2/8/5/10
0.2,8,10,0,400,200,5,constant,geomean,0.19499999999999998,6,0,0,mixture/0.2/8/5/10
0.2,8,10,0,400,200,5,constant,ratio,0.18999999999999995,6,0,0,mixture/0.2/8/5/10
0.2,8,10,0,400,200,5,constant,ratio-half,0.18999999999999995,6,0,0,mixture/0.2/8/5/10
0.2,8,10,0,1000,200,5,constant,stated,0.5395907397331495,3,0,0,mixture/0.2/8/5/10
0.2,8,10,0,1000,200,5,constant,geomean,0.153740040327821,8,1,1,mixture/0.2/8/5/10
0.2,8,10,0,1000,200,5,constant,ratio,0.20400000000000018,6,0,0,mixture/0.2/8/5/10
0.2,8,10,0,1000,200,5,constant,ratio-half,0.20400000000000018,6,0,0,mixture/0.2/8/5/10
0.2,8,11,0,400,200,5,constant,stated,0.6784994344878064,1,0,0,mixture/0.2/8/5/11
0.2,8,11,0,400,200,5,constant,geomean,0.12747548783981966,8,1,1,mixture/0.2/8/5/11
0.2,8,11,0,400,200,5,constant,ratio,0.09500000000000008,8,1,1,mixture/0.2/8/5/11
0.2,8,11,0,400,200,5,constant,ratio-half,0.09500000000000008,8,1,1,mixture/0.2/8/5/11
0.2,8,11,0,1000,200,5,constant,stated,0.5395907397331495,1,0,0,mixture/0.2/8/5/11
0.2,8,11,0,1000,200,5,constant,geomean,0.09899494936611669,8,1,1,mixture/0.2/8/5/11
0.2,8,11,0,1000,200,5,constant,ratio,0.05999999999999994,8,1,1,mixture/0.2/8/5/11
0.2,8,11,0,1000,200,5,constant,ratio-half,0.05999999999999994,8,1,1,mixture/0.2/8/5/11
0.2,8,12,0,400,200,5,constant,stated,0.6784994344878064,1,0,0,mixture/0.2/8/5/12
0.2,8,12,0,400,200,5,constant,geomean,0.18165902124584957,8,1,1,mixture/0.2/8/5/12
0.2,8,12,0,400,200,5,constant,ratio,0.16999999999999998,8,1,1,mixture/0.2/8/5/12
0.2,8,12,0,400,200,5,constant,ratio-half,0.16999999999999998,8,1,1,mixture/0.2/8/5/12
0.2,8,12,0,1000,200,5,constant,stated,0.5395907397331495,2,0,0,mixture/0.2/8/5/12
0.2,8,12,0,1000,200,5,constant,geomean,0.14751271131668625,8,1,1,mixture/0.2/8/5/12
0.2,8,12,0,1000,200,5,constant,ratio,0.07800000000000007,8,1,1,mixture/0.2/8/5/12
0.2,8,12,0,1000,200,5,constant,ratio-half,0.07800000000000007,8,1,1,mixture/0.2/8/5/12
0.2,8,13,0,400,200,5,constant,stated,0.6784994344878064,2,0,0,mixture/0.2/8/5/13
0.2,8,13,0,400,200,5,constant,geomean,0.23345235059857503,7,0,0,mixture/0.2/8/5/13
0.2,8,13,0,400,200,5,constant,ratio,0.5650000000000001,2,0,0,mixture/0.2/8/5/13
0.2,8,13,0,400,200,5,constant,ratio-half,0.5650000000000001,2,0,0,mixture/0.2/8/5/13
0.2,8,13,0,1000,200,5,constant,stated,0.5395907397331495,4,0,0,mixture/0.2/8/5/13
0.2,8,13,0,1000,200,5,constant,geomean,0.1767710383518749,8,1,1,mixture/0.2/8/5/13
0.2,8,13,0,1000,200,5,constant,ratio,0.062,8,1,1,mixture/0.2/8/5/13
0.2,8,13,0,1000,200,5,constant,ratio-half,0.062,8,1,1,mixture/0.2/8/5/13
0.2,8,14,0,400,200,5,constant,stated,0.6784994344878064,1,0,0,mixture/0.2/8/5/14
0.2,8,14,0,400,200,5,constant,geomean,0.1754992877478427,8,1,1,mixture/0.2/8/5/14
0.2,8,14,0,400,200,5,constant,ratio,0.1050000000000001,8,1,1,mixture/0.2/8/5/14
0.2,8,14,0,400,200,5,constant,ratio-half,0.1050000000000001,8,1,1,mixture/0.2/8/5/14
0.2,8,14,0,1000,200,5,constant,stated,0.5395907397331495,2,0,0,mixture/0.2/8/5/14
0.2,8,14,0,1000,200,5,constant,geomean,0.13458083073008584,8,1,1,mixture/0.2/8/5/14
0.2,8,14,0,1000,200,5,constant,ratio,0.05999999999999994,8,1,1,mixture/0.2/8/5/14
0.2,8,14,0,1000,200,5,constant,ratio-half,0.05999999999999994,8,1,1,mixture/0.2/8/5/14
0.2,8,15,0,400,200,5,constant,stated,0.6784994344878064,2,0,0,mixture/0.2/8/5/15
0.2,8,15,0,400,200,5,constant,geomean,0.20493901531919206,8,1,1,mixture/0.2/8/5/15
0.2,8,15,0,400,200,5,constant,ratio,0.245,7,0,0,mixture/0.2/8/5/15
0.2,8,15,0,400,200,5,constant,ratio-half,0.245,7,0,0,mixture/0.2/8/5/15
0.2,8,15,0,1000,200,5,constant,stated,0.5395907397331495,5,0,0,mixture/0.2/8/5/15
0.2,8,15,0,1000,200,5,constant,geomean,0.16229602582934685,8,1,1,mixture/0.2/8/5/15
0.2,8,15,0,1000,200,5,constant,ratio,0.09400000000000003,8,1,1,mixture/0.2/8/5/15
0.2,8,15,0,1000,200,5,constant,ratio-half,0.09400000000000003,8,1,1,mixture/0.2/8/5/15
0.2,8,16,0,400,200,5,constant,stated,0.6784994344878064,1,0,0,mixture/0.2/8/5/16
0.2,8,16,0,400,200,5,constant,geomean,0.1590597372058689,8,1,1,mixture/0.2/8/5/16
0.2,8,16,0,400,200,5,constant,ratio,0.14,8,1,1,mixture/0.2/8/5/16
0.2,8,16,0,400,200,5,constant,ratio-half,0.14,8,1,1,mixture/0.2/8/5/16
0.2,8,16,0,1000,200,5,constant,stated,0.5395907397331495,1,0,0,mixture/0.2/8/5/16
0.2,8,16,0,1000,200,5,constant,geomean,0.12598412598418893,8,1,1,mixture/0.2/8/5/16
0.2,8,16,0,1000,200,5,constant,ratio,0.07399999999999995,8,1,1,mixture/0.2/8/5/16
0.2,8,16,0,1000,200,5,constant,ratio-half,0.07399999999999995,8,1,1,mixture/0.2/8/5/16
0.2,8,17,0,400,200,5,constant,stated,0.6784994344878064,1,0,0,mixture/0.2/8/5/17
0.2,8,17,0,400,200,5,constant,geomean,0.16507574019219187,9,0,0,mixture/0.2/8/5/17
0.2,8,17,0,400,200,5,constant,ratio,0.0,197,0,0,mixture/0.2/8/5/17
0.2,8,17,0,400,200,5,constant,ratio-half,0.16499999999999998,9,0,0,mixture/0.2/8/5/17
0.2,8,17,0,1000,200,5,constant,stated,0.5395907397331495,1,0,0,mixture/0.2/8/5/17
0.2,8,17,0,1000,200,5,constant,geomean,0.12609520212918499,9,0,0,mixture/0.2/8/5/17
0.2,8,17,0,1000,200,5,constant,ratio,0.0,198,0,0,mixture/0.2/8/5/17
0.2,8,17,0,1000,200,5,constant,ratio-half,0.07400000000000007,10,0,0,mixture/0.2/8/5/17
0.2,8,18,0,400,200,5,constant,stated,0.6784994344878064,2,0,0,mixture/0.2/8/5/18
0.2,8,18,0,400,200,5,constant,geomean,0.19968725547715857,9,0,0,mixture/0.2/8/5/18
0.2,8,18,0,400,200,5,constant,ratio,0.41000000000000003,3,0,0,mixture/0.2/8/5/18
0.2,8,18,0,400,200,5,constant,ratio-half,0.41000000000000003,3,0,0,mixture/0.2/8/5/18
0.2,8,18,0,1000,200,5,constant,stated,0.5395907397331495,3,0,0,mixture/0.2/8/5/18
0.2,8,18,0,1000,200,5,constant,geomean,0.15000000000000008,8,1,1,mixture/0.2/8/5/18
0.2,8,18,0,1000,200,5,constant,ratio,0.136,8,1,1,mixture/0.2/8/5/18
0.2,8,18,0,1000,200,5,constant,ratio-half,0.136,8,1,1,mixture/0.2/8/5/18
0.2,8,19,0,400,200,5,constant,stated,0.6784994344878064,3,0,0,mixture/0.2/8/5/19
0.2,8,19,0,400,200,5,constant,geomean,0.19300259065618777,9,0,0,mixture/0.2/8/5/19
0.2,8,19,0,400,200,5,constant,ratio,0.0,195,0,0,mixture/0.2/8/5/19
0.2,8,19,0,400,200,5,constant,ratio-half,0.395,3,0,0,mixture/0.2/8/5/19
0.2,8,19,0,1000,200,5,constant,stated,0.5395907397331495,3,0,0,mixture/0.2/8/5/19
0.2,8,19,0,1000,200,5,constant,geomean,0.14587666023048382,8,1,1,mixture/0.2/8/5/19
0.2,8,19,0,1000,200,5,constant,ratio,0.118,8,1,1,mixture/0.2/8/5/19
0.2,8,19,0,1000,200,5,constant,ratio-half,0.118,8,1,1,mixture/0.2/8/5/19
0.2,9,0,0,400,200,5,constant,stated,0.6784994344878064,1,0,0,mixture/0.2/9/5/0
0.2,9,0,0,400,200,5,constant,geomean,0.20236106344848037,16,0,0,mixture/0.2/9/5/0
0.2,9,0,0,400,200,5,constant,ratio,0.0,199,0,0,mixture/0.2/9/5/0
0.2,9,0,0,400,200,5,constant,ratio-half,0.13999999999999996,16,0,0,mixture/0.2/9/5/0
0.2,9,0,0,1000,200,5,constant,stated,0.5395907397331495,1,0,0,mixture/0.2/9/5/0
0.2,9,0,0,1000,200,5,constant,geomean,0.138086929142479,18,0,0,mixture/0.2/9/5/0
0.2,9,0,0,1000,200,5,constant,ratio,0.07799999999999985,19,0,0,mixture/0.2/9/5/0
0.2,9,0,0,1000,200,5,constant,ratio-half,0.07799999999999985,19,0,0,mixture/0.2/9/5/0
0.2,9,1,0,400,200,5,constant,stated,0.6784994344878064,2,0,0,mixture/0.2/9/5/1
0.2,9,1,0,400,200,5,constant,geomean,0.18439088914585763,9,1,1,mixture/0.2/9/5/1
0.2,9,1,0,400,200,5,constant,ratio,0.0,199,0,0,mixture/0.2/9/5/1
0.2,9,1,0,400,200,5,constant,ratio-half,0.10000000000000009,9,1,1,mixture/0.2/9/5/1
0.2,9,1,0,1000,200,5,constant,stated,0.5395907397331495,2,0,0,mixture/0.2/9/5/1
0.2,9,1,0,1000,200,5,constant,geomean,0.15679285698015702,9,1,1,mixture/0.2/9/5/1
0.2,9,1,0,1000,200,5,constant,ratio,0.06400000000000006,9,1,1,mixture/0.2/9/5/1
0.2,9,1,0,1000,200,5,constant,ratio-half,0.06400000000000006,9,1,1,mixture/0.2/9/5/1
0.2,9,2,0,400,200,5,constant,stated,0.6784994344878064,2,0,0,mixture/0.2/9/5/2
0.2,9,2,0,400,200,5,constant,geomean,0.2006240264773889,9,1,1,mixture/0.2/9/5/2
0.2,9,2,0,400,200,5,constant,ratio,0.36000000000000004,2,0,0,mixture/0.2/9/5/2
0.2,9,2,0,400,200,5,constant,ratio-half,0.36000000000000004,2,0,0,mixture/0.2/9/5/2
0.2,9,2,0,1000,200,5,constant,stated,0.5395907397331495,2,0,0,mixture/0.2/9/5/2
0.2,9,2,0,1000,200,5,constant,geomean,0.15786069808536898,9,1,1,mixture/0.2/9/5/2
0.2,9,2,0,1000,200,5,constant,ratio,0.07200000000000006,9,1,1,mixture/0.2/9/5/2
0.2,9,2,0,1000,200,5,constant,ratio-half,0.07200000000000006,9,1,1,mixture/0.2/9/5/2
0.2,9,3,0,400,200,5,constant,stated,0.6784994344878064,1,0,0,mixture/0.2/9/5/3
0.2,9,3,0,400,200,5,constant,geomean,0.19583156027566131,9,1,1,mixture/0.2/9/5/3
0.2,9,3,0,400,200,5,constant,ratio,0.18999999999999995,9,1,1,mixture/0.2/9/5/3
0.2,9,3,0,400,200,5,constant,ratio-half,0.18999999999999995,9,1,1,mixture/0.2/9/5/3
0.2,9,3,0,1000,200,5,constant,stated,0.5395907397331495,2,0,0,mixture/0.2/9/5/3
0.2,9,3,0,1000,200,5,constant,geomean,0.14934523762075583,11,0,0,mixture/0.2/9/5/3
0.2,9,3,0,1000,200,5,constant,ratio,0.16199999999999992,9,1,1,mixture/0.2/9/5/3
0.2,9,3,0,1000,200,5,constant,ratio-half,0.16199999999999992,9,1,1,mixture/0.2/9/5/3
0.2,9,4,0,400,200,5,constant,stated,0.6784994344878064,1,0,0,mixture/0.2/9/5/4
0.2,9,4,0,400,200,5,constant,geomean,0.19352002480363623,7,0,0,mixture/0.2/9/5/4
0.2,9,4,0,400,200,5,constant,ratio,0.21999999999999997,6,0,0,mixture/0.2/9/5/4
0.2,9,4,0,400,200,5,constant,ratio-half,0.21999999999999997,6,0,0,mixture/0.2/9/5/4
0.2,9,4,0,1000,200,5,constant,stated,0.5395907397331495,2,0,0,mixture/0.2/9/5/4
0.2,9,4,0,1000,200,5,constant,geomean,0.15491933384829673,7,0,0,mixture/0.2/9/5/4
0.2,9,4,0,1000,200,5,constant,ratio,0.17399999999999993,6,0,0,mixture/0.2/9/5/4
0.2,9,4,0,1000,200,5,constant,ratio-half,0.17399999999999993,6,0,0,mixture/0.2/9/5/4
0.2,9,5,0,400,200,5,constant,stated,0.6784994344878064,3,0,0,mixture/0.2/9/5/5
0.2,9,5,0,400,200,5,constant,geomean,0.2552939482243947,9,1,1,mixture/0.2/9/5/5
0.2,9,5,0,400,200,5,constant,ratio,0.0,198,0,0,mixture/0.2/9/5/5
0.2,9,5,0,400,200,5,constant,ratio-half,0.16499999999999998,9,1,1,mixture/0.2/9/5/5
0.2,9,5,0,1000,200,5,constant,stated,0.5395907397331495,5,0,0,mixture/0.2/9/5/5
0.2,9,5,0,1000,200,5,constant,geomean,0.19742340286804913,9,1,1,mixture/0.2/9/5/5
0.2,9,5,0,1000,200,5,constant,ratio,0.10000000000000009,9,1,1,mixture/0.2/9/5/5
0.2,9,5,0,1000,200,5,constant,ratio-half,0.10000000000000009,9,1,1,mixture/0.2/9/5/5
0.2,9,6,0,400,200,5,constant,stated,0.6784994344878064,2,0,0,mixture/0.2/9/5/6
0.2,9,6,0,400,200,5,constant,geomean,0.23097618924902202,7,0,0,mixture/0.2/9/5/6
0.2,9,6,0,400,200,5,constant,ratio,0.0,199,0,0,mixture/0.2/9/5/6
0.2,9,6,0,400,200,5,constant,ratio-half,0.6150000000000001,2,0,0,mixture/0.2/9/5/6
0.2,9,6,0,1000,200,5,constant,stated,0.5395907397331495,3,0,0,mixture/0.2/9/5/6
0.2,9,6,0,1000,200,5,constant,geomean,0.18099723754798017,9,1,1,mixture/0.2/9/5/6
0.2,9,6,0,1000,200,5,constant,ratio,0.6340000000000001,2,0,0,mixture/0.2/9/5/6
0.2,9,6,0,1000,200,5,constant,ratio-half,0.6340000000000001,2,0,0,mixture/0.2/9/5/6
0.2,9,7,0,400,200,5,constant,stated,0.6784994344878064,1,0,0,mixture/0.2/9/5/7
0.2,9,7,0,400,200,5,constant,geomean,0.20676073128135344,8,0,0,mixture/0.2/9/5/7
0.2,9,7,0,400,200,5,constant,ratio,0.38499999999999995,2,0,0,mixture/0.2/9/5/7
0.2,9,7,0,400,200,5,constant,ratio-half,0.38499999999999995,2,0,0,mixture/0.2/9/5/7
0.2,9,7,0,1000,200,5,constant,stated,0.5395907397331495,2,0,0,mixture/0.2/9/5/7
0.2,9,7,0,1000,200,5,constant,geomean,0.1587702742959148,9,1,1,mixture/0.2/9/5/7
0.2,9,7,0,1000,200,5,constant,ratio,0.19600000000000006,7,0,0,mixture/0.2/9/5/7
0.2,9,7,0,1000,200,5,constant,ratio-half,0.19600000000000006,7,0,0,mixture/0.2/9/5/7
0.2,9,8,0,400,200,5,constant,stated,0.6784994344878064,1,0,0,mixture/0.2/9/5/8
0.2,9,8,0,400,200,5,constant,geomean,0.13964240043768947,11,0,0,mixture/0.2/9/5/8
0.2,9,8,0,400,200,5,constant,ratio,0.14500000000000002,9,1,1,mixture/0.2/9/5/8
0.2,9,8,0,400,200,5,constant,ratio-half,0.14500000000000002,9,1,1,mixture/0.2/9/5/8
0.2,9,8,0,1000,200,5,constant,stated,0.5395907397331495,1,0,0,mixture/0.2/9/5/8
0.2,9,8,0,1000,200,5,constant,geomean,0.10677078252031315,9,1,1,mixture/0.2/9/5/8
0.2,9,8,0,1000,200,5,constant,ratio,0.10199999999999998,9,1,1,mixture/0.2/9/5/8
0.2,9,8,0,1000,200,5,constant,ratio-half,0.10199999999999998,9,1,1,mixture/0.2/9/5/8
0.2,9,9,0,400,200,5,constant,stated,0.6784994344878064,1,0,0,mixture/0.2/9/5/9
0.2,9,9,0,400,200,5,constant,geomean,0.1890767040118903,8,0,0,mixture/0.2/9/5/9
0.2,9,9,0,400,200,5,constant,ratio,0.185,8,0,0,mixture/0.2/9/5/9
0.2,9,9,0,400,200,5,constant,ratio-half,0.185,8,0,0,mixture/0.2/9/5/9
0.2,9,9,0,1000,200,5,constant,stated,0.5395907397331495,3,0,0,mixture/0.2/9/5/9
0.2,9,9,0,1000,200,5,constant,geomean,0.160748250379281,9,1,1,mixture/0.2/9/5/9
0.2,9,9,0,1000,200,5,constant,ratio,0.09999999999999998,9,1,1,mixture/0.2/9/5/9
0.2,9,9,0,1000,200,5,constant,ratio-half,0.09999999999999998,9,1,1,mixture/0.2/9/5/9
0.2,9,10,0,400,200,5,constant,stated,0.6784994344878064,2,0,0,mixture/0.2/9/5/10
0.2,9,10,0,400,200,5,constant,geomean,0.18774983355518596,11,0,0,mixture/0.2/9/5/10
0.2,9,10,0,400,200,5,constant,ratio,0.0,198,0,0,mixture/0.2/9/5/10
0.2,9,10,0,400,200,5,constant,ratio-half,0.16500000000000004,11,0,0,mixture/0.2/9/5/10
0.2,9,10,0,1000,200,5,constant,stated,0.5395907397331495,1,0,0,mixture/0.2/9/5/10
0.2,9,10,0,1000,200,5,constant,geomean,0.12465953633797942,16,0,0,mixture/0.2/9/5/10
0.2,9,10,0,1000,200,5,constant,ratio,0.0020000000000000018,199,0,0,mixture/0.2/9/5/10
0.2,9,10,0,1000,200,5,constant,ratio-half,0.18199999999999994,12,0,0,mixture/0.2/9/5/10
0.2,9,11,0,400,200,5,constant,stated,0.6784994344878064,3,0,0,mixture/0.2/9/5/11
0.2,9,11,0,400,200,5,constant,geomean,0.21494185260204707,9,1,1,mixture/0.2/9/5/11
0.2,9,11,0,400,200,5,constant,ratio,0.185,9,1,1,mixture/0.2/9/5/11
0.2,9,11,0,400,200,5,constant,ratio-half,0.185,9,1,1,mixture/0.2/9/5/11
0.2,9,11,0,1000,200,5,constant,stated,0.5395907397331495,4,0,0,mixture/0.2/9/5/11
0.2,9,11,0,1000,200,5,constant,geomean,0.17473408368146162,10,0,0,mixture/0.2/9/5/11
0.2,9,11,0,1000,200,5,constant,ratio,0.196,9,1,1,mixture/0.2/9/5/11
0.2,9,11,0,1000,200,5,constant,ratio-half,0.196,9,1,1,mixture/0.2/9/5/11
0.2,9,12,0,400,200,5,constant,stated,0.6784994344878064,1,0,0,mixture/0.2/9/5/12
0.2,9,12,0,400,200,5,constant,geomean,0.19078784028338938,9,1,1,mixture/0.2/9/5/12
0.2,9,12,0,400,200,5,constant,ratio,0.1499999999999999,9,1,1,mixture/0.2/9/5/12
0.2,9,12,0,400,200,5,constant,ratio-half,0.1499999999999999,9,1,1,mixture/0.2/9/5/12
0.2,9,12,0,1000,200,5,constant,stated,0.5395907397331495,3,0,0,mixture/0.2/9/5/12
0.2,9,12,0,1000,200,5,constant,geomean,0.15543487382180365,9,1,1,mixture/0.2/9/5/12
0.2,9,12,0,1000,200,5,constant,ratio,0.09399999999999997,9,1,1,mixture/0.2/9/5/12
0.2,9,12,0,1000,200,5,constant,ratio-half,0.09399999999999997,9,1,1,mixture/0.2/9/5/12
0.2,9,13,0,400,200,5,constant,stated,0.6784994344878064,1,0,0,mixture/0.2/9/5/13
0.2,9,13,0,400,200,5,constant,geomean,0.20322401432901568,19,0,0,mixture/0.2/9/5/13
0.2,9,13,0,400,200,5,constant,ratio,0.26,13,0,0,mixture/0.2/9/5/13
0.2,9,13,0,400,200,5,constant,ratio-half,0.26,13,0,0,mixture/0.2/9/5/13
0.2,9,13,0,1000,200,5,constant,stated,0.5395907397331495,2,0,0,mixture/0.2/9/5/13
0.2,9,13,0,1000,200,5,constant,geomean,0.1524991803256661,18,0,0,mixture/0.2/9/5/13
0.2,9,13,0,1000,200,5,constant,ratio,0.22399999999999998,9,1,1,mixture/0.2/9/5/13
0.2,9,13,0,1000,200,5,constant,ratio-half,0.22399999999999998,9,1,1,mixture/0.2/9/5/13
0.2,9,14,0,400,200,5,constant,stated,0.6784994344878064,3,0,0,mixture/0.2/9/5/14
0.2,9,14,0,400,200,5,constant,geomean,0.2280350850198275,9,1,1,mixture/0.2/9/5/14
0.2,9,14,0,400,200,5,constant,ratio,0.1399999999999999,9,1,1,mixture/0.2/9/5/14
0.2,9,14,0,400,200,5,constant,ratio-half,0.1399999999999999,9,1,1,mixture/0.2/9/5/14
0.2,9,14,0,1000,200,5,constant,stated,0.5395907397331495,4,0,0,mixture/0.2/9/5/14
0.2,9,14,0,1000,200,5,constant,geomean,0.18179108889051748,9,1,1,mixture/0.2/9/5/14
0.2,9,14,0,1000,200,5,constant,ratio,0.07400000000000007,9,1,1,mixture/0.2/9/5/14
0.2,9,14,0,1000,200,5,constant,ratio-half,0.07400000000000007,9,1,1,mixture/0.2/9/5/14
0.2,9,15,0,400,200,5,constant,stated,0.6784994344878064,1,0,0,mixture/0.2/9/5/15
0.2,9,15,0,400,200,5,constant,geomean,0.1519868415357067,10,0,0,mixture/0.2/9/5/15
0.2,9,15,0,400,200,5,constant,ratio,0.14500000000000002,10,0,0,mixture/0.2/9/5/15
0.2,9,15,0,400,200,5,constant,ratio-half,0.14500000000000002,10,0,0,mixture/0.2/9/5/15
0.2,9,15,0,1000,200,5,constant,stated,0.5395907397331495,1,0,0,mixture/0.2/9/5/15
0.2,9,15,0,1000,200,5,constant,geomean,0.12465953633797942,9,1,1,mixture/0.2/9/5/15
0.2,9,15,0,1000,200,5,constant,ratio,0.09199999999999997,9,1,1,mixture/0.2/9/5/15
0.2,9,15,0,1000,200,5,constant,ratio-half,0.09199999999999997,9,1,1,mixture/0.2/9/5/15
0.2,9,16,0,400,200,5,constant,stated,0.6784994344878064,2,0,0,mixture/0.2/9/5/16
0.2,9,16,0,400,200,5,constant,geomean,0.23685438564654032,8,0,0,mixture/0.2/9/5/16
0.2,9,16,0,400,200,5,constant,ratio,0.10999999999999999,9,1,1,mixture/0.2/9/5/16
0.2,9,16,0,400,200,5,constant,ratio-half,0.10999999999999999,9,1,1,mixture/0.2/9/5/16
0.2,9,16,0,1000,200,5,constant,stated,0.5395907397331495,2,0,0,mixture/0.2/9/5/16
0.2,9,16,0,1000,200,5,constant,geomean,0.1849432345342755,9,1,1,mixture/0.2/9/5/16
0.2,9,16,0,1000,200,5,constant,ratio,0.08000000000000007,9,1,1,mixture/0.2/9/5/16
0.2,9,16,0,1000,200,5,constant,ratio-half,0.08000000000000007,9,1,1,mixture/0.2/9/5/16
0.2,9,17,0,400,200,5,constant,stated,0.6784994344878064,1,0,0,mixture/0.2/9/5/17
0.2,9,17,0,400,200,5,constant,geomean,0.19364916731037074,8,0,0,mixture/0.2/9/5/17
0.2,9,17,0,400,200,5,constant,ratio,0.18000000000000005,8,0,0,mixture/0.2/9/5/17
0.2,9,17,0,400,200,5,constant,ratio-half,0.18000000000000005,8,0,0,mixture/0.2/9/5/17
0.2,9,17,0,1000,200,5,constant,stated,0.5395907397331495,2,0,0,mixture/0.2/9/5/17
0.2,9,17,0,1000,200,5,constant,geomean,0.14911740341086935,9,1,1,mixture/0.2/9/5/17
0.2,9,17,0,1000,200,5,constant,ratio,0.06599999999999995,9,1,1,mixture/0.2/9/5/17
0.2,9,17,0,1000,200,5,constant,ratio-half,0.06599999999999995,9,1,1,mixture/0.2/9/5/17
0.2,9,18,0,400,200,5,constant,stated,0.6784994344878064,2,0,0,mixture/0.2/9/5/18
0.2,9,18,0,400,200,5,constant,geomean,0.22022715545545227,5,0,0,mixture/0.2/9/5/18
0.2,9,18,0,400,200,5,constant,ratio,0.385,2,0,0,mixture/0.2/9/5/18
0.2,9,18,0,400,200,5,constant,ratio-half,0.385,2,0,0,mixture/0.2/9/5/18
0.2,9,18,0,1000,200,5,constant,stated,0.5395907397331495,2,0,0,mixture/0.2/9/5/18
0.2,9,18,0,1000,200,5,constant,geomean,0.1751799075236654,7,0,0,mixture/0.2/9/5/18
0.2,9,18,0,1000,200,5,constant,ratio,0.05400000000000005,8,0,0,mixture/0.2/9/5/18
0.2,9,18,0,1000,200,5,constant,ratio-half,0.05400000000000005,8,0,0,mixture/0.2/9/5/18
0.2,9,19,0,400,200,5,constant,stated,0.6784994344878064,2,0,0,mixture/0.2/9/5/19
0.2,9,19,0,400,200,5,constant,geomean,0.23743420141167518,9,1,1,mixture/0.2/9/5/19
0.2,9,19,0,400,200,5,constant,ratio,0.14,9,1,1,mixture/0.2/9/5/19
0.2,9,19,0,400,200,5,constant,ratio-half,0.14,9,1,1,mixture/0.2/9/5/19
0.2,9,19,0,1000,200,5,constant,stated,0.5395907397331495,4,0,0,mixture/0.2/9/5/19
0.2,9,19,0,1000,200,5,constant,geomean,0.17870646322950934,9,1,1,mixture/0.2/9/5/19
0.2,9,19,0,1000,200,5,constant,ratio,0.08600000000000002,9,1,1,mixture/0.2/9/5/19
0.2,9,19,0,1000,200,5,constant,ratio-half,0.08600000000000002,9,1,1,mixture/0.2/9/5/19
0.2,10,0,0,400,200,5,constant,stated,0.6784994344878064,1,0,0,mixture/0.2/10/5/0
0.2,10,0,0,400,200,5,constant,geomean,0.16807736313971583,10,1,0,mixture/0.2/10/5/0
0.2,10,0,0,400,200,5,constant,ratio,0.22999999999999998,8,0,0,mixture/0.2/10/5/0
0.2,10,0,0,400,200,5,constant,ratio-half,0.22999999999999998,8,0,0,mixture/0.2/10/5/0
0.2,10,0,0,1000,200,5,constant,stated,0.5395907397331495,4,0,0,mixture/0.2/10/5/0
0.2,10,0,0,1000,200,5,constant,geomean,0.12809371569284736,8,0,0,mixture/0.2/10/5/0
0.2,10,0,0,1000,200,5,constant,ratio,0.11599999999999999,8,0,0,mixture/0.2/10/5/0
0.2,10,0,0,1000,200,5,constant,ratio-half,0.11599999999999999,8,0,0,mixture/0.2/10/5/0
0.2,10,1,0,400,200,5,constant,stated,0.6784994344878064,1,0,0,mixture/0.2/10/5/1
0.2,10,1,0,400,200,5,constant,geomean,0.16955824957813176,21,0,0,mixture/0.2/10/5/1
0.2,10,1,0,400,200,5,constant,ratio,0.375,4,0,0,mixture/0.2/10/5/1
0.2,10,1,0,400,200,5,constant,ratio-half,0.375,4,0,0,mixture/0.2/10/5/1
0.2,10,1,0,1000,200,5,constant,stated,0.5395907397331495,1,0,0,mixture/0.2/10/5/1
0.2,10,1,0,1000,200,5,constant,geomean,0.12680693987317893,15,0,0,mixture/0.2/10/5/1
0.2,10,1,0,1000,200,5,constant,ratio,0.15600000000000003,9,0,0,mixture/0.2/10/5/1
0.2,10,1,0,1000,200,5,constant,ratio-half,0.15600000000000003,9,0,0,mixture/0.2/10/5/1
0.2,10,2,0,400,200,5,constant,stated,0.6784994344878064,2,0,0,mixture/0.2/10/5/2
0.2,10,2,0,400,200,5,constant,geomean,0.20174241001832022,10,1,1,mixture/0.2/10/5/2
0.2,10,2,0,400,200,5,constant,ratio,0.0,196,0,0,mixture/0.2/10/5/2
0.2,10,2,0,400,200,5,constant,ratio-half,0.13999999999999996,11,0,0,mixture/0.2/10/5/2
0.2,10,2,0,1000,200,5,constant,stated,0.5395907397331495,3,0,0,mixture/0.2/10/5/2
0.2,10,2,0,1000,200,5,constant,geomean,0.15635856228553632,10,1,1,mixture/0.2/10/5/2
0.2,10,2,0,1000,200,5,constant,ratio,0.0,199,0,0,mixture/0.2/10/5/2
0.2,10,2,0,1000,200,5,constant,ratio-half,0.11399999999999999,10,1,1,mixture/0.2/10/5/2
0.2,10,3,0,400,200,5,constant,stated,0.6784994344878064,1,0,0,mixture/0.2/10/5/3
0.2,10,3,0,400,200,5,constant,geomean,0.20946360065653405,10,1,1,mixture/0.2/10/5/3
0.2,10,3,0,400,200,5,constant,ratio,0.125,10,1,1,mixture/0.2/10/5/3
0.2,10,3,0,400,200,5,constant,ratio-half,0.125,10,1,1,mixture/0.2/10/5/3
0.2,10,3,0,1000,200,5,constant,stated,0.5395907397331495,3,0,0,mixture/0.2/10/5/3
0.2,10,3,0,1000,200,5,constant,geomean,0.1586064311432548,10,1,1,mixture/0.2/10/5/3
0.2,10,3,0,1000,200,5,constant,ratio,0.06800000000000006,10,1,1,mixture/0.2/10/5/3
0.2,10,3,0,1000,200,5,constant,ratio-half,0.06800000000000006,10,1,1,mixture/0.2/10/5/3
0.2,10,4,0,400,200,5,constant,stated,0.6784994344878064,2,0,0,mixture/0.2/10/5/4
0.2,10,4,0,400,200,5,constant,geomean,0.21737065119284169,13,0,0,mixture/0.2/10/5/4
0.2,10,4,0,400,200,5,constant,ratio,0.0,198,0,0,mixture/0.2/10/5/4
0.2,10,4,0,400,200,5,constant,ratio-half,0.645,2,0,0,mixture/0.2/10/5/4
0.2,10,4,0,1000,200,5,constant,stated,0.5395907397331495,3,0,0,mixture/0.2/10/5/4
0.2,10,4,0,1000,200,5,constant,geomean,0.17023513150933337,10,1,1,mixture/0.2/10/5/4
0.2,10,4,0,1000,200,5,constant,ratio,0.1499999999999999,10,1,1,mixture/0.2/10/5/4
0.2,10,4,0,1000,200,5,constant,ratio-half,0.1499999999999999,10,1,1,mixture/0.2/10/5/4
0.2,10,5,0,400,200,5,constant,stated,0.6784994344878064,2,0,0,mixture/0.2/10/5/5
0.2,10,5,0,400,200,5,constant,geomean,0.19691368667515208,9,0,0,mixture/0.2/10/5/5
0.2,10,5,0,400,200,5,constant,ratio,0.1649999999999998,9,0,0,mixture/0.2/10/5/5
0.2,10,5,0,400,200,5,constant,ratio-half,0.1649999999999998,9,0,0,mixture/0.2/10/5/5
0.2,10,5,0,1000,200,5,constant,stated,0.5395907397331495,3,0,0,mixture/0.2/10/5/5
0.2,10,5,0,1000,200,5,constant,geomean,0.14818906842274168,10,1,1,mixture/0.2/10/5/5
0.2,10,5,0,1000,200,5,constant,ratio,0.08399999999999996,10,1,1,mixture/0.2/10/5/5
0.2,10,5,0,1000,200,5,constant,ratio-half,0.08399999999999996,10,1,1,mixture/0.2/10/5/5
0.2,10,6,0,400,200,5,constant,stated,0.6784994344878064,1,0,0,mixture/0.2/10/5/6
0.2,10,6,0,400,200,5,constant,geomean,0.17748239349298853,9,0,0,mixture/0.2/10/5/6
0.2,10,6,0,400,200,5,constant,ratio,0.10499999999999998,9,0,0,mixture/0.2/10/5/6
0.2,10,6,0,400,200,5,constant,ratio-half,0.10499999999999998,9,0,0,mixture/0.2/10/5/6
0.2,10,6,0,1000,200,5,constant,stated,0.5395907397331495,2,0,0,mixture/0.2/10/5/6
0.2,10,6,0,1000,200,5,constant,geomean,0.13490737563232047,9,0,0,mixture/0.2/10/5/6
0.2,10,6,0,1000,200,5,constant,ratio,0.08400000000000002,9,0,0,mixture/0.2/10/5/6
0.2,10,6,0,1000,200,5,constant,ratio-half,0.08400000000000002,9,0,0,mixture/0.2/10/5/6
0.2,10,7,0,400,200,5,constant,stated,0.6784994344878064,1,0,0,mixture/0.2/10/5/7
0.2,10,7,0,400,200,5,constant,geomean,0.2040833163195856,16,0,0,mixture/0.2/10/5/7
0.2,10,7,0,400,200,5,constant,ratio,0.41999999999999993,3,0,0,mixture/0.2/10/5/7
0.2,10,7,0,400,200,5,constant,ratio-half,0.41999999999999993,3,0,0,mixture/0.2/10/5/7
0.2,10,7,0,1000,200,5,constant,stated,0.5395907397331495,3,0,0,mixture/0.2/10/5/7
0.2,10,7,0,1000,200,5,constant,geomean,0.17097368218530015,12,0,0,mixture/0.2/10/5/7
0.2,10,7,0,1000,200,5,constant,ratio,0.548,2,0,0,mixture/0.2/10/5/7
0.2,10,7,0,1000,200,5,constant,ratio-half,0.548,2,0,0,mixture/0.2/10/5/7
0.2,10,8,0,400,200,5,constant,stated,0.6784994344878064,2,0,0,mixture/0.2/10/5/8
0.2,10,8,0,400,200,5,constant,geomean,0.1983053201505195,13,0,0,mixture/0.2/10/5/8
0.2,10,8,0,400,200,5,constant,ratio,0.015000000000000124,197,0,0,mixture/0.2/10/5/8
0.2,10,8,0,400,200,5,constant,ratio-half,0.56,2,0,0,mixture/0.2/10/5/8
0.2,10,8,0,1000,200,5,constant,stated,0.5395907397331495,4,0,0,mixture/0.2/10/5/8
0.2,10,8,0,1000,200,5,constant,geomean,0.19374209661299743,10,1,1,mixture/0.2/10/5/8
0.2,10,8,0,1000,200,5,constant,ratio,0.582,2,0,0,mixture/0.2/10/5/8
0.2,10,8,0,1000,200,5,constant,ratio-half,0.582,2,0,0,mixture/0.2/10/5/8
0.2,10,9,0,400,200,5,constant,stated,0.6784994344878064,1,0,0,mixture/0.2/10/5/9
0.2,10,9,0,400,200,5,constant,geomean,0.1916376789673679,21,0,0,mixture/0.2/10/5/9
0.2,10,9,0,400,200,5,constant,ratio,0.2550000000000001,8,0,0,mixture/0.2/10/5/9
0.2,10,9,0,400,200,5,constant,ratio-half,0.2550000000000001,8,0,0,mixture/0.2/10/5/9
0.2,10,9,0,1000,200,5,constant,stated,0.5395907397331495,3,0,0,mixture/0.2/10/5/9
0.2,10,9,0,1000,200,5,constant,geomean,0.15336231610144635,10,1,1,mixture/0.2/10/5/9
0.2,10,9,0,1000,200,5,constant,ratio,0.1479999999999999,10,1,1,mixture/0.2/10/5/9
0.2,10,9,0,1000,200,5,constant,ratio-half,0.1479999999999999,10,1,1,mixture/0.2/10/5/9
0.2,10,10,0,400,200,5,constant,stated,0.6784994344878064,1,0,0,mixture/0.2/10/5/10
0.2,10,10,0,400,200,5,constant,geomean,0.20554804791094475,9,0,0,mixture/0.2/10/5/10
0.2,10,10,0,400,200,5,constant,ratio,0.365,3,0,0,mixture/0.2/10/5/10
0.2,10,10,0,400,200,5,constant,ratio-half,0.365,3,0,0,mixture/0.2/10/5/10
0.2,10,10,0,1000,200,5,constant,stated,0.5395907397331495,3,0,0,mixture/0.2/10/5/10
0.2,10,10,0,1000,200,5,constant,geomean,0.16239458119038339,10,1,0,mixture/0.2/10/5/10
0.2,10,10,0,1000,200,5,constant,ratio,0.364,3,0,0,mixture/0.2/10/5/10
0.2,10,10,0,1000,200,5,constant,ratio-half,0.364,3,0,0,mixture/0.2/10/5/10
0.2,10,11,0,400,200,5,constant,stated,0.6784994344878064,1,0,0,mixture/0.2/10/5/11
0.2,10,11,0,400,200,5,constant,geomean,0.20493901531919204,10,1,0,mixture/0.2/10/5/11
0.2,10,11,0,400,200,5,constant,ratio,0.42999999999999994,2,0,0,mixture/0.2/10/5/11
0.2,10,11,0,400,200,5,constant,ratio-half,0.42999999999999994,2,0,0,mixture/0.2/10/5/11
0.2,10,11,0,1000,200,5,constant,stated,0.5395907397331495,2,0,0,mixture/0.2/10/5/11
0.2,10,11,0,1000,200,5,constant,geomean,0.1600374956064985,10,1,0,mixture/0.2/10/5/11
0.2,10,11,0,1000,200,5,constant,ratio,0.13400000000000012,10,1,0,mixture/0.2/10/5/11
0.2,10,11,0,1000,200,5,constant,ratio-half,0.13400000000000012,10,1,0,mixture/0.2/10/5/11
0.2,10,12,0,400,200,5,constant,stated,0.6784994344878064,1,0,0,mixture/0.2/10/5/12
0.2,10,12,0,400,200,5,constant,geomean,0.18801595676963168,10,1,1,mixture/0.2/10/5/12
0.2,10,12,0,400,200,5,constant,ratio,0.1299999999999999,10,1,1,mixture/0.2/10/5/12
0.2,10,12,0,400,200,5,constant,ratio-half,0.1299999999999999,10,1,1,mixture/0.2/10/5/12
0.2,10,12,0,1000,200,5,constant,stated,0.5395907397331495,1,0,0,mixture/0.2/10/5/12
0.2,10,12,0,1000,200,5,constant,geomean,0.14560219778561043,10,1,1,mixture/0.2/10/5/12
0.2,10,12,0,1000,200,5,constant,ratio,0.08999999999999997,10,1,1,mixture/0.2/10/5/12
0.2,10,12,0,1000,200,5,constant,ratio-half,0.08999999999999997,10,1,1,mixture/0.2/10/5/12
0.2,10,13,0,400,200,5,constant,stated,0.6784994344878064,2,0,0,mixture/0.2/10/5/13
0.2,10,13,0,400,200,5,constant,geomean,0.22315913604421408,7,0,0,mixture/0.2/10/5/13
0.2,10,13,0,400,200,5,constant,ratio,0.18999999999999995,7,0,0,mixture/0.2/10/5/13
0.2,10,13,0,400,200,5,constant,ratio-half,0.18999999999999995,7,0,0,mixture/0.2/10/5/13
0.2,10,13,0,1000,200,5,constant,stated,0.5395907397331495,4,0,0,mixture/0.2/10/5/13
0.2,10,13,0,1000,200,5,constant,geomean,0.18085353189805287,8,0,0,mixture/0.2/10/5/13
0.2,10,13,0,1000,200,5,constant,ratio,0.18199999999999994,7,0,0,mixture/0.2/10/5/13
0.2,10,13,0,1000,200,5,constant,ratio-half,0.18199999999999994,7,0,0,mixture/0.2/10/5/13
0.2,10,14,0,400,200,5,constant,stated,0.6784994344878064,2,0,0,mixture/0.2/10/5/14
0.2,10,14,0,400,200,5,constant,geomean,0.21389249636207447,9,0,0,mixture/0.2/10/5/14
0.2,10,14,0,400,200,5,constant,ratio,0.0050000000000001155,197,0,0,mixture/0.2/10/5/14
0.2,10,14,0,400,200,5,constant,ratio-half,0.48000000000000004,2,0,0,mixture/0.2/10/5/14
0.2,10,14,0,1000,200,5,constant,stated,0.5395907397331495,2,0,0,mixture/0.2/10/5/14
0.2,10,14,0,1000,200,5,constant,geomean,0.16613247725836155,10,1,1,mixture/0.2/10/5/14
0.2,10,14,0,1000,200,5,constant,ratio,0.06800000000000006,10,1,1,mixture/0.2/10/5/14
0.2,10,14,0,1000,200,5,constant,ratio-half,0.06800000000000006,10,1,1,mixture/0.2/10/5/14
0.2,10,15,0,400,200,5,constant,stated,0.6784994344878064,1,0,0,mixture/0.2/10/5/15
0.2,10,15,0,400,200,5,constant,geomean,0.18013883534651812,10,1,1,mixture/0.2/10/5/15
0.2,10,15,0,400,200,5,constant,ratio,0.25,5,0,0,mixture/0.2/10/5/15
0.2,10,15,0,400,200,5,constant,ratio-half,0.25,5,0,0,mixture/0.2/10/5/15
0.2,10,15,0,1000,200,5,constant,stated,0.5395907397331495,2,0,0,mixture/0.2/10/5/15
0.2,10,15,0,1000,200,5,constant,geomean,0.1406271666499756,10,1,1,mixture/0.2/10/5/15
0.2,10,15,0,1000,200,5,constant,ratio,0.09999999999999998,10,1,1,mixture/0.2/10/5/15
0.2,10,15,0,1000,200,5,constant,ratio-half,0.09999999999999998,10,1,1,mixture/0.2/10/5/15
0.2,10,16,0,400,200,5,constant,stated,0.6784994344878064,1,0,0,mixture/0.2/10/5/16
0.2,10,16,0,400,200,5,constant,geomean,0.17492855684535893,10,1,1,mixture/0.2/10/5/16
0.2,10,16,0,400,200,5,constant,ratio,0.1200000000000001,10,1,1,mixture/0.2/10/5/16
0.2,10,16,0,400,200,5,constant,ratio-half,0.1200000000000001,10,1,1,mixture/0.2/10/5/16
0.2,10,16,0,1000,200,5,constant,stated,0.5395907397331495,1,0,0,mixture/0.2/10/5/16
0.2,10,16,0,1000,200,5,constant,geomean,0.13245376551838764,10,1,1,mixture/0.2/10/5/16
0.2,10,16,0,1000,200,5,constant,ratio,0.06599999999999995,10,1,1,mixture/0.2/10/5/16
0.2,10,16,0,1000,200,5,constant,ratio-half,0.06599999999999995,10,1,1,mixture/0.2/10/5/16
0.2,10,17,0,400,200,5,constant,stated,0.6784994344878064,2,0,0,mixture/0.2/10/5/17
0.2,10,17,0,400,200,5,constant,geomean,0.2323790007724451,12,0,0,mixture/0.2/10/5/17
0.2,10,17,0,400,200,5,constant,ratio,0.0,197,0,0,mixture/0.2/10/5/17
0.2,10,17,0,400,200,5,constant,ratio-half,0.63,2,0,0,mixture/0.2/10/5/17
0.2,10,17,0,1000,200,5,constant,stated,0.5395907397331495,5,0,0,mixture/0.2/10/5/17
0.2,10,17,0,1000,200,5,constant,geomean,0.18085353189805287,10,1,1,mixture/0.2/10/5/17
0.2,10,17,0,1000,200,5,constant,ratio,0.128,10,1,1,mixture/0.2/10/5/17
0.2,10,17,0,1000,200,5,constant,ratio-half,0.128,10,1,1,mixture/0.2/10/5/17
0.2,10,18,0,400,200,5,constant,stated,0.6784994344878064,1,0,0,mixture/0.2/10/5/18
0.2,10,18,0,400,200,5,constant,geomean,0.20784609690826536,8,0,0,mixture/0.2/10/5/18
0.2,10,18,0,400,200,5,constant,ratio,0.23000000000000004,7,0,0,mixture/0.2/10/5/18
0.2,10,18,0,400,200,5,constant,ratio-half,0.23000000000000004,7,0,0,mixture/0.2/10/5/18
0.2,10,18,0,1000,200,5,constant,stated,0.5395907397331495,2,0,0,mixture/0.2/10/5/18
0.2,10,18,0,1000,200,5,constant,geomean,0.18231840280125308,10,1,1,mixture/0.2/10/5/18
0.2,10,18,0,1000,200,5,constant,ratio,0.10999999999999999,10,1,1,mixture/0.2/10/5/18
0.2,10,18,0,1000,200,5,constant,ratio-half,0.10999999999999999,10,1,1,mixture/0.2/10/5/18
0.2,10,19,0,400,200,5,constant,stated,0.6784994344878064,1,0,0,mixture/0.2/10/5/19
0.2,10,19,0,400,200,5,constant,geomean,0.17392527130926094,11,0,0,mixture/0.2/10/5/19
0.2,10,19,0,400,200,5,constant,ratio,0.20000000000000007,10,1,1,mixture/0.2/10/5/19
0.2,10,19,0,400,200,5,constant,ratio-half,0.20000000000000007,10,1,1,mixture/0.2/10/5/19
0.2,10,19,0,1000,200,5,constant,stated,0.5395907397331495,4,0,0,mixture/0.2/10/5/19
0.2,10,19,0,1000,200,5,constant,geomean,0.14163332941084167,10,1,1,mixture/0.2/10/5/19
0.2,10,19,0,1000,200,5,constant,ratio,0.07600000000000007,10,1,1,mixture/0.2/10/5/19
0.2,10,19,0,1000,200,5,constant,ratio-half,0.07600000000000007,10,1,1,mixture/0.2/10/5/19
0.3,2,0,0,400,200,5,constant,stated,0.6784994344878064,1,0,0,mixture/0.3/2/5/0
0.3,2,0,0,400,200,5,constant,geomean,0.16039014932345438,3,0,0,mixture/0.3/2/5/0
0.3,2,0,0,400,200,5,constant,ratio,0.16500000000000004,2,1,1,mixture/0.3/2/5/0
0.3,2,0,0,400,200,5,constant,ratio-half,0.16500000000000004,2,1,1,mixture/0.3/2/5/0
0.3,2,0,0,1000,200,5,constant,stated,0.5395907397331495,1,0,0,mixture/0.3/2/5/0
0.3,2,0,0,1000,200,5,constant,geomean,0.1237416663860641,2,1,1,mixture/0.3/2/5/0
0.3,2,0,0,1000,200,5,constant,ratio,0.10199999999999998,2,1,1,mixture/0.3/2/5/0
0.3,2,0,0,1000,200,5,constant,ratio-half,0.10199999999999998,2,1,1,mixture/0.3/2/5/0
0.3,2,1,0,400,200,5,constant,stated,0.6784994344878064,1,0,0,mixture/0.3/2/5/1
0.3,2,1,0,400,200,5,constant,geomean,0.1374772708486751,2,1,1,mixture/0.3/2/5/1
0.3,2,1,0,400,200,5,constant,ratio,0.05999999999999994,2,1,1,mixture/0.3/2/5/1
0.3,2,1,0,400,200,5,constant,ratio-half,0.05999999999999994,2,1,1,mixture/0.3/2/5/1
0.3,2,1,0,1000,200,5,constant,stated,0.5395907397331495,1,0,0,mixture/0.3/2/5/1
0.3,2,1,0,1000,200,5,constant,geomean,0.1034987922634847,2,1,1,mixture/0.3/2/5/1
0.3,2,1,0,1000,200,5,constant,ratio,0.03199999999999992,2,1,1,mixture/0.3/2/5/1
0.3,2,1,0,1000,200,5,constant,ratio-half,0.03199999999999992,2,1,1,mixture/0.3/2/5/1
0.3,2,2,0,400,200,5,constant,stated,0.6784994344878064,1,0,0,mixture/0.3/2/5/2
0.3,2,2,0,400,200,5,constant,geomean,0.1898683754604752,2,1,1,mixture/0.3/2/5/2
0.3,2,2,0,400,200,5,constant,ratio,0.08999999999999997,2,1,1,mixture/0.3/2/5/2
0.3,2,2,0,400,200,5,constant,ratio-half,0.08999999999999997,2,1,1,mixture/0.3/2/5/2
0.3,2,2,0,1000,200,5,constant,stated,0.5395907397331495,1,0,0,mixture/0.3/2/5/2
0.3,2,2,0,1000,200,5,constant,geomean,0.14560219778561043,2,1,1,mixture/0.3/2/5/2
0.3,2,2,0,1000,200,5,constant,ratio,0.05400000000000005,2,1,1,mixture/0.3/2/5/2
0.3,2,2,0,1000,200,5,constant,ratio-half,0.05400000000000005,2,1,1,mixture/0.3/2/5/2
0.3,2,3,0,400,200,5,constant,stated,0.6784994344878064,1,0,0,mixture/0.3/2/5/3
0.3,2,3,0,400,200,5,constant,geomean,0.13527749258468688,2,1,1,mixture/0.3/2/5/3
0.3,2,3,0,400,200,5,constant,ratio,0.08499999999999996,2,1,1,mixture/0.3/2/5/3
0.3,2,3,0,400,200,5,constant,ratio-half,0.08499999999999996,2,1,1,mixture/0.3/2/5/3
0.3,2,3,0,1000,200,5,constant,stated,0.5395907397331495,1,0,0,mixture/0.3/2/5/3
0.3,2,3,0,1000,200,5,constant,geomean,0.1009950493836208,2,1,1,mixture/0.3/2/5/3
0.3,2,3,0,1000,200,5,constant,ratio,0.050000000000000044,2,1,1,mixture/0.3/2/5/3
0.3,2,3,0,1000,200,5,constant,ratio-half,0.050000000000000044,2,1,1,mixture/0.3/2/5/3
0.3,2,4,0,400,200,5,constant,stated,0.6784994344878064,1,0,0,mixture/0.3/2/5/4
0.3,2,4,0,400,200,5,constant,geomean,0.09219544457292882,2,1,1,mixture/0.3/2/5/4
0.3,2,4,0,400,200,5,constant,ratio,0.06500000000000006,2,1,1,mixture/0.3/2/5/4
0.3,2,4,0,400,200,5,constant,ratio-half,0.06500000000000006,2,1,1,mixture/0.3/2/5/4
0.3,2,4,0,1000,200,5,constant,stated,0.5395907397331495,1,0,0,mixture/0.3/2/5/4
0.3,2,4,0,1000,200,5,constant,geomean,0.07059745037889106,2,1,1,mixture/0.3/2/5/4
0.3,2,4,0,1000,200,5,constant,ratio,0.03600000000000003,2,1,1,mixture/0.3/2/5/4
0.3,2,4,0,1000,200,5,constant,ratio-half,0.03600000000000003,2,1,1,mixture/0.3/2/5/4
0.3,2,5,0,400,200,5,constant,stated,0.6784994344878064,2,1,1,mixture/0.3/2/5/5
0.3,2,5,0,400,200,5,constant,geomean,0.20346989949375816,2,1,1,mixture/0.3/2/5/5
0.3,2,5,0,400,200,5,constant,ratio,0.07499999999999998,2,1,1,mixture/0.3/2/5/5
0.3,2,5,0,400,200,5,constant,ratio-half,0.07499999999999998,2,1,1,mixture/0.3/2/5/5
0.3,2,5,0,1000,200,5,constant,stated,0.5395907397331495,2,1,1,mixture/0.3/2/5/5
0.3,2,5,0,1000,200,5,constant,geomean,0.1629232948353303,2,1,1,mixture/0.3/2/5/5
0.3,2,5,0,1000,200,5,constant,ratio,0.03799999999999998,2,1,1,mixture/0.3/2/5/5
0.3,2,5,0,1000,200,5,constant,ratio-half,0.03799999999999998,2,1,1,mixture/0.3/2/5/5
0.3,2,6,0,400,200,5,constant,stated,0.6784994344878064,1,0,0,mixture/0.3/2/5/6
0.3,2,6,0,400,200,5,constant,geomean,0.14696938456699074,2,1,1,mixture/0.3/2/5/6
0.3,2,6,0,400,200,5,constant,ratio,0.14,2,1,1,mixture/0.3/2/5/6
0.3,2,6,0,400,200,5,constant,ratio-half,0.14,2,1,1,mixture/0.3/2/5/6
0.3,2,6,0,1000,200,5,constant,stated,0.5395907397331495,1,0,0,mixture/0.3/2/5/6
0.3,2,6,0,1000,200,5,constant,geomean,0.12753038853543894,2,1,1,mixture/0.3/2/5/6
0.3,2,6,0,1000,200,5,constant,ratio,0.06,2,1,1,mixture/0.3/2/5/6
0.3,2,6,0,1000,200,5,constant,ratio-half,0.06,2,1,1,mixture/0.3/2/5/6
0.3,2,7,0,400,200,5,constant,stated,0.6784994344878064,1,0,0,mixture/0.3/2/5/7
0.3,2,7,0,400,200,5,constant,geomean,0.16431676725154992,2,1,1,mixture/0.3/2/5/7
0.3,2,7,0,400,200,5,constant,ratio,0.07500000000000007,2,1,1,mixture/0.3/2/5/7
0.3,2,7,0,400,200,5,constant,ratio-half,0.07500000000000007,2,1,1,mixture/0.3/2/5/7
0.3,2,7,0,1000,200,5,constant,stated,0.5395907397331495,2,1,1,mixture/0.3/2/5/7
0.3,2,7,0,1000,200,5,constant,geomean,0.1321362932732715,2,1,1,mixture/0.3/2/5/7
0.3,2,7,0,1000,200,5,constant,ratio,0.040000000000000036,2,1,1,mixture/0.3/2/5/7
0.3,2,7,0,1000,200,5,constant,ratio-half,0.040000000000000036,2,1,1,mixture/0.3/2/5/7
0.3,2,8,0,400,200,5,constant,stated,0.6784994344878064,1,0,0,mixture/0.3/2/5/8
0.3,2,8,0,400,200,5,constant,geomean,0.11124297730643493,2,1,1,mixture/0.3/2/5/8
0.3,2,8,0,400,200,5,constant,ratio,0.10499999999999993,2,1,1,mixture/0.3/2/5/8
0.3,2,8,0,400,200,5,constant,ratio-half,0.10499999999999993,2,1,1,mixture/0.3/2/5/8
0.3,2,8,0,1000,200,5,constant,stated,0.5395907397331495,1,0,0,mixture/0.3/2/5/8
0.3,2,8,0,1000,200,5,constant,geomean,0.08763560920082655,2,1,1,mixture/0.3/2/5/8
0.3,2,8,0,1000,200,5,constant,ratio,0.05400000000000005,2,1,1,mixture/0.3/2/5/8
0.3,2,8,0,1000,200,5,constant,ratio-half,0.05400000000000005,2,1,1,mixture/0.3/2/5/8
0.3,2,9,0,400,200,5,constant,stated,0.6784994344878064,1,0,0,mixture/0.3/2/5/9
0.3,2,9,0,400,200,5,constant,geomean,0.22271057451320087,2,1,1,mixture/0.3/2/5/9
0.3,2,9,0,400,200,5,constant,ratio,0.17999999999999994,2,1,1,mixture/0.3/2/5/9
0.3,2,9,0,400,200,5,constant,ratio-half,0.17999999999999994,2,1,1,mixture/0.3/2/5/9
0.3,2,9,0,1000,200,5,constant,stated,0.5395907397331495,2,1,1,mixture/0.3/2/5/9
0.3,2,9,0,1000,200,5,constant,geomean,0.18932511719262196,2,1,1,mixture/0.3/2/5/9
0.3,2,9,0,1000,200,5,constant,ratio,0.14599999999999996,2,1,1,mixture/0.3/2/5/9
0.3,2,9,0,1000,200,5,constant,ratio-half,0.14599999999999996,2,1,1,mixture/0.3/2/5/9
0.3,2,10,0,400,200,5,constant,stated,0.6784994344878064,1,0,0,mixture/0.3/2/5/10
0.3,2,10,0,400,200,5,constant,geomean,0.11937336386313314,2,1,1,mixture/0.3/2/5/10
0.3,2,10,0,400,200,5,constant,ratio,0.06999999999999995,2,1,1,mixture/0.3/2/5/10
0.3,2,10,0,400,200,5,constant,ratio-half,0.06999999999999995,2,1,1,mixture/0.3/2/5/10
0.3,2,10,0,1000,200,5,constant,stated,0.5395907397331495,1,0,0,mixture/0.3/2/5/10
0.3,2,10,0,1000,200,5,constant,geomean,0.08772684879784527,2,1,1,mixture/0.3/2/5/10
0.3,2,10,0,1000,200,5,constant,ratio,0.03600000000000003,2,1,1,mixture/0.3/2/5/10
0.3,2,10,0,1000,200,5,constant,ratio-half,0.03600000000000003,2,1,1,mixture/0.3/2/5/10
0.3,2,11,0,400,200,5,constant,stated,0.6784994344878064,2,1,1,mixture/0.3/2/5/11
0.3,2,11,0,400,200,5,constant,geomean,0.22732135843338622,2,1,1,mixture/0.3/2/5/11
0.3,2,11,0,400,200,5,constant,ratio,0.09000000000000008,2,1,1,mixture/0.3/2/5/11
0.3,2,11,0,400,200,5,constant,ratio-half,0.09000000000000008,2,1,1,mixture/0.3/2/5/11
0.3,2,11,0,1000,200,5,constant,stated,0.5395907397331495,2,1,1,mixture/0.3/2/5/11
0.3,2,11,0,1000,200,5,constant,geomean,0.1757498221905218,2,1,1,mixture/0.3/2/5/11
0.3,2,11,0,1000,200,5,constant,ratio,0.04600000000000004,2,1,1,mixture/0.3/2/5/11
0.3,2,11,0,1000,200,5,constant,ratio-half,0.04600000000000004,2,1,1,mixture/0.3/2/5/11
0.3,2,12,0,400,200,5,constant,stated,0.6784994344878064,2,1,1,mixture/0.3/2/5/12
0.3,2,12,0,400,200,5,constant,geomean,0.2037768387231482,2,1,1,mixture/0.3/2/5/12
0.3,2,12,0,400,200,5,constant,ratio,0.08000000000000007,2,1,1,mixture/0.3/2/5/12
0.3,2,12,0,400,200,5,constant,ratio-half,0.08000000000000007,2,1,1,mixture/0.3/2/5/12
0.3,2,12,0,1000,200,5,constant,stated,0.5395907397331495,2,1,1,mixture/0.3/2/5/12
0.3,2,12,0,1000,200,5,constant,geomean,0.15491933384829645,2,1,1,mixture/0.3/2/5/12
0.3,2,12,0,1000,200,5,constant,ratio,0.04800000000000004,2,1,1,mixture/0.3/2/5/12
0.3,2,12,0,1000,200,5,constant,ratio-half,0.04800000000000004,2,1,1,mixture/0.3/2/5/12
0.3,2,13,0,400,200,5,constant,stated,0.6784994344878064,1,0,0,mixture/0.3/2/5/13
0.3,2,13,0,400,200,5,constant,geomean,0.1673320053068151,2,1,1,mixture/0.3/2/5/13
0.3,2,13,0,400,200,5,constant,ratio,0.08000000000000007,2,1,1,mixture/0.3/2/5/13
0.3,2,13,0,400,200,5,constant,ratio-half,0.08000000000000007,2,1,1,mixture/0.3/2/5/13
0.3,2,13,0,1000,200,5,constant,stated,0.5395907397331495,2,1,1,mixture/0.3/2/5/13
0.3,2,13,0,1000,200,5,constant,geomean,0.12322337440599496,2,1,1,mixture/0.3/2/5/13
0.3,2,13,0,1000,200,5,constant,ratio,0.04399999999999993,2,1,1,mixture/0.3/2/5/13
0.3,2,13,0,1000,200,5,constant,ratio-half,0.04399999999999993,2,1,1,mixture/0.3/2/5/13
0.3,2,14,0,400,200,5,constant,stated,0.6784994344878064,2,1,1,mixture/0.3/2/5/14
0.3,2,14,0,400,200,5,constant,geomean,0.22912878474779189,2,1,1,mixture/0.3/2/5/14
0.3,2,14,0,400,200,5,constant,ratio,0.1200000000000001,2,1,1,mixture/0.3/2/5/14
0.3,2,14,0,400,200,5,constant,ratio-half,0.1200000000000001,2,1,1,mixture/0.3/2/5/14
0.3,2,14,0,1000,200,5,constant,stated,0.5395907397331495,2,1,1,mixture/0.3/2/5/14
0.3,2,14,0,1000,200,5,constant,geomean,0.18066543665017923,2,1,1,mixture/0.3/2/5/14
0.3,2,14,0,1000,200,5,constant,ratio,0.062000000000000055,2,1,1,mixture/0.3/2/5/14
0.3,2,14,0,1000,200,5,constant,ratio-half,0.062000000000000055,2,1,1,mixture/0.3/2/5/14
0.3,2,15,0,400,200,5,constant,stated,0.6784994344878064,1,0,0,mixture/0.3/2/5/15
0.3,2,15,0,400,200,5,constant,geomean,0.1391042774324356,2,1,1,mixture/0.3/2/5/15
0.3,2,15,0,400,200,5,constant,ratio,0.07000000000000006,2,1,1,mixture/0.3/2/5/15
0.3,2,15,0,400,200,5,constant,ratio-half,0.07000000000000006,2,1,1,mixture/0.3/2/5/15
0.3,2,15,0,1000,200,5,constant,stated,0.5395907397331495,1,0,0,mixture/0.3/2/5/15
0.3,2,15,0,1000,200,5,constant,geomean,0.10647065323364914,2,1,1,mixture/0.3/2/5/15
0.3,2,15,0,1000,200,5,constant,ratio,0.038000000000000034,2,1,1,mixture/0.3/2/5/15
0.3,2,15,0,1000,200,5,constant,ratio-half,0.038000000000000034,2,1,1,mixture/0.3/2/5/15
0.3,2,16,0,400,200,5,constant,stated,0.6784994344878064,2,1,1,mixture/0.3/2/5/16
0.3,2,16,0,400,200,5,constant,geomean,0.2494994989974931,3,0,0,mixture/0.3/2/5/16
0.3,2,16,0,400,200,5,constant,ratio,0.265,2,1,1,mixture/0.3/2/5/16
0.3,2,16,0,400,200,5,constant,ratio-half,0.265,2,1,1,mixture/0.3/2/5/16
0.3,2,16,0,1000,200,5,constant,stated,0.5395907397331495,2,1,1,mixture/0.3/2/5/16
0.3,2,16,0,1000,200,5,constant,geomean,0.23671079400821596,2,1,1,mixture/0.3/2/5/16
0.3,2,16,0,1000,200,5,constant,ratio,0.14,2,1,1,mixture/0.3/2/5/16
0.3,2,16,0,1000,200,5,constant,ratio-half,0.14,2,1,1,mixture/0.3/2/5/16
0.3,2,17,0,400,200,5,constant,stated,0.6784994344878064,1,0,0,mixture/0.3/2/5/17
0.3,2,17,0,400,200,5,constant,geomean,0.16085707942145422,2,1,1,mixture/0.3/2/5/17
0.3,2,17,0,400,200,5,constant,ratio,0.125,2,1,1,mixture/0.3/2/5/17
0.3,2,17,0,400,200,5,constant,ratio-half,0.125,2,1,1,mixture/0.3/2/5/17
0.3,2,17,0,1000,200,5,constant,stated,0.5395907397331495,1,0,0,mixture/0.3/2/5/17
0.3,2,17,0,1000,200,5,constant,geomean,0.12998461447417542,2,1,1,mixture/0.3/2/5/17
0.3,2,17,0,1000,200,5,constant,ratio,0.06599999999999995,2,1,1,mixture/0.3/2/5/17
0.3,2,17,0,1000,200,5,constant,ratio-half,0.06599999999999995,2,1,1,mixture/0.3/2/5/17
0.3,2,18,0,400,200,5,constant,stated,0.6784994344878064,1,0,0,mixture/0.3/2/5/18
0.3,2,18,0,400,200,5,constant,geomean,0.17642278764377345,2,1,1,mixture/0.3/2/5/18
0.3,2,18,0,400,200,5,constant,ratio,0.10999999999999999,2,1,1,mixture/0.3/2/5/18
0.3,2,18,0,400,200,5,constant,ratio-half,0.10999999999999999,2,1,1,mixture/0.3/2/5/18
0.3,2,18,0,1000,200,5,constant,stated,0.5395907397331495,1,0,0,mixture/0.3/2/5/18
0.3,2,18,0,1000,200,5,constant,geomean,0.13407460609675484,2,1,1,mixture/0.3/2/5/18
0.3,2,18,0,1000,200,5,constant,ratio,0.06799999999999995,2,1,1,mixture/0.3/2/5/18
0.3,2,18,0,1000,200,5,constant,ratio-half,0.06799999999999995,2,1,1,mixture/0.3/2/5/18
0.3,2,19,0,400,200,5,constant,stated,0.6784994344878064,1,0,0,mixture/0.3/2/5/19
0.3,2,19,0,400,200,5,constant,geomean,0.18854707634964799,3,0,0,mixture/0.3/2/5/19
0.3,2,19,0,400,200,5,constant,ratio,0.21499999999999997,2,1,1,mixture/0.3/2/5/19
0.3,2,19,0,400,200,5,constant,ratio-half,0.21499999999999997,2,1,1,mixture/0.3/2/5/19
0.3,2,19,0,1000,200,5,constant,stated,0.5395907397331495,1,0,0,mixture/0.3/2/5/19
0.3,2,19,0,1000,200,5,constant,geomean,0.1572259520562683,2,1,1,mixture/0.3/2/5/19
0.3,2,19,0,1000,200,5,constant,ratio,0.09599999999999997,2,1,1,mixture/0.3/2/5/19
0.3,2,19,0,1000,200,5,constant,ratio-half,0.09599999999999997,2,1,1,mixture/0.3/2/5/19
0.3,3,0,0,400,200,5,constant,stated,0.6784994344878064,1,0,0,mixture/0.3/3/5/0
0.3,3,0,0,400,200,5,constant,geomean,0.14265342617687113,3,1,1,mixture/0.3/3/5/0
0.3,3,0,0,400,200,5,constant,ratio,0.09499999999999997,3,1,1,mixture/0.3/3/5/0
0.3,3,0,0,400,200,5,constant,ratio-half,0.09499999999999997,3,1,1,mixture/0.3/3/5/0
0.3,3,0,0,1000,200,5,constant,stated,0.5395907397331495,1,0,0,mixture/0.3/3/5/0
0.3,3,0,0,1000,200,5,constant,geomean,0.11304866208850069,3,1,1,mixture/0.3/3/5/0
0.3,3,0,0,1000,200,5,constant,ratio,0.05999999999999994,3,1,1,mixture/0.3/3/5/0
0.3,3,0,0,1000,200,5,constant,ratio-half,0.05999999999999994,3,1,1,mixture/0.3/3/5/0
0.3,3,1,0,400,200,5,constant,stated,0.6784994344878064,2,0,0,mixture/0.3/3/5/1
0.3,3,1,0,400,200,5,constant,geomean,0.19956202043475116,3,1,1,mixture/0.3/3/5/1
0.3,3,1,0,400,200,5,constant,ratio,0.07500000000000007,3,1,1,mixture/0.3/3/5/1
0.3,3,1,0,400,200,5,constant,ratio-half,0.07500000000000007,3,1,1,mixture/0.3/3/5/1
0.3,3,1,0,1000,200,5,constant,stated,0.5395907397331495,2,0,0,mixture/0.3/3/5/1
0.3,3,1,0,1000,200,5,constant,geomean,0.15566630977832044,3,1,1,mixture/0.3/3/5/1
0.3,3,1,0,1000,200,5,constant,ratio,0.04999999999999999,3,1,1,mixture/0.3/3/5/1
0.3,3,1,0,1000,200,5,constant,ratio-half,0.04999999999999999,3,1,1,mixture/0.3/3/5/1
0.3,3,2,0,400,200,5,constant,stated,0.6784994344878064,1,0,0,mixture/0.3/3/5/2
0.3,3,2,0,400,200,5,constant,geomean,0.12747548783981968,6,0,0,mixture/0.3/3/5/2
0.3,3,2,0,400,200,5,constant,ratio,0.135,3,1,1,mixture/0.3/3/5/2
0.3,3,2,0,400,200,5,constant,ratio-half,0.135,3,1,1,mixture/0.3/3/5/2
0.3,3,2,0,1000,200,5,constant,stated,0.5395907397331495,1,0,0,mixture/0.3/3/5/2
0.3,3,2,0,1000,200,5,constant,geomean,0.09983987179478951,3,1,1,mixture/0.3/3/5/2
0.3,3,2,0,1000,200,5,constant,ratio,0.09599999999999997,3,1,1,mixture/0.3/3/5/2
0.3,3,2,0,1000,200,5,constant,ratio-half,0.09599999999999997,3,1,1,mixture/0.3/3/5/2
0.3,3,3,0,400,200,5,constant,stated,0.6784994344878064,1,0,0,mixture/0.3/3/5/3
0.3,3,3,0,400,200,5,constant,geomean,0.19493588689617924,3,1,1,mixture/0.3/3/5/3
0.3,3,3,0,400,200,5,constant,ratio,0.14,3,1,1,mixture/0.3/3/5/3
0.3,3,3,0,400,200,5,constant,ratio-half,0.14,3,1,1,mixture/0.3/3/5/3
0.3,3,3,0,1000,200,5,constant,stated,0.5395907397331495,1,0,0,mixture/0.3/3/5/3
0.3,3,3,0,1000,200,5,constant,geomean,0.1485934049680536,3,1,1,mixture/0.3/3/5/3
0.3,3,3,0,1000,200,5,constant,ratio,0.07400000000000007,3,1,1,mixture/0.3/3/5/3
0.3,3,3,0,1000,200,5,constant,ratio-half,0.07400000000000007,3,1,1,mixture/0.3/3/5/3
0.3,3,4,0,400,200,5,constant,stated,0.6784994344878064,1,0,0,mixture/0.3/3/5/4
0.3,3,4,0,400,200,5,constant,geomean,0.15016657417681198,10,0,0,mixture/0.3/3/5/4
0.3,3,4,0,400,200,5,constant,ratio,0.22999999999999998,3,1,1,mixture/0.3/3/5/4
0.3,3,4,0,400,200,5,constant,ratio-half,0.22999999999999998,3,1,1,mixture/0.3/3/5/4
0.3,3,4,0,1000,200,5,constant,stated,0.5395907397331495,1,0,0,mixture/0.3/3/5/4
0.3,3,4,0,1000,200,5,constant,geomean,0.11462983904725685,4,0,0,mixture/0.3/3/5/4
0.3,3,4,0,1000,200,5,constant,ratio,0.122,3,1,1,mixture/0.3/3/5/4
0.3,3,4,0,1000,200,5,constant,ratio-half,0.122,3,1,1,mixture/0.3/3/5/4
0.3,3,5,0,400,200,5,constant,stated,0.6784994344878064,1,0,0,mixture/0.3/3/5/5
0.3,3,5,0,400,200,5,constant,geomean,0.1616322987524462,3,1,1,mixture/0.3/3/5/5
0.3,3,5,0,400,200,5,constant,ratio,0.14,3,1,1,mixture/0.3/3/5/5
0.3,3,5,0,400,200,5,constant,ratio-half,0.14,3,1,1,mixture/0.3/3/5/5
0.3,3,5,0,1000,200,5,constant,stated,0.5395907397331495,1,0,0,mixture/0.3/3/5/5
0.3,3,5,0,1000,200,5,constant,geomean,0.12623787070447606,3,1,1,mixture/0.3/3/5/5
0.3,3,5,0,1000,200,5,constant,ratio,0.09199999999999997,3,1,1,mixture/0.3/3/5/5
0.3,3,5,0,1000,200,5,constant,ratio-half,0.09199999999999997,3,1,1,mixture/0.3/3/5/5
0.3,3,6,0,400,200,5,constant,stated,0.6784994344878064,1,0,0,mixture/0.3/3/5/6
0.3,3,6,0,400,200,5,constant,geomean,0.17663521732655704,3,1,1,mixture/0.3/3/5/6
0.3,3,6,0,400,200,5,constant,ratio,0.10000000000000009,3,1,1,mixture/0.3/3/5/6
0.3,3,6,0,400,200,5,constant,ratio-half,0.10000000000000009,3,1,1,mixture/0.3/3/5/6
0.3,3,6,0,1000,200,5,constant,stated,0.5395907397331495,1,0,0,mixture/0.3/3/5/6
0.3,3,6,0,1000,200,5,constant,geomean,0.1372880184138442,3,1,1,mixture/0.3/3/5/6
0.3,3,6,0,1000,200,5,constant,ratio,0.06000000000000005,3,1,1,mixture/0.3/3/5/6
0.3,3,6,0,1000,200,5,constant,ratio-half,0.06000000000000005,3,1,1,mixture/0.3/3/5/6
0.3,3,7,0,400,200,5,constant,stated,0.6784994344878064,1,0,0,mixture/0.3/3/5/7
0.3,3,7,0,400,200,5,constant,geomean,0.12737739202857,3,1,1,mixture/0.3/3/5/7
0.3,3,7,0,400,200,5,constant,ratio,0.08500000000000008,3,1,1,mixture/0.3/3/5/7
0.3,3,7,0,400,200,5,constant,ratio-half,0.08500000000000008,3,1,1,mixture/0.3/3/5/7
0.3,3,7,0,1000,200,5,constant,stated,0.5395907397331495,1,0,0,mixture/0.3/3/5/7
0.3,3,7,0,1000,200,5,constant,geomean,0.09633275663033841,3,1,1,mixture/0.3/3/5/7
0.3,3,7,0,1000,200,5,constant,ratio,0.06000000000000005,3,1,1,mixture/0.3/3/5/7
0.3,3,7,0,1000,200,5,constant,ratio-half,0.06000000000000005,3,1,1,mixture/0.3/3/5/7
0.3,3,8,0,400,200,5,constant,stated,0.6784994344878064,1,0,0,mixture/0.3/3/5/8
0.3,3,8,0,400,200,5,constant,geomean,0.16583123951777007,3,1,1,mixture/0.3/3/5/8
0.3,3,8,0,400,200,5,constant,ratio,0.12,3,1,1,mixture/0.3/3/5/8
0.3,3,8,0,400,200,5,constant,ratio-half,0.12,3,1,1,mixture/0.3/3/5/8
0.3,3,8,0,1000,200,5,constant,stated,0.5395907397331495,1,0,0,mixture/0.3/3/5/8
0.3,3,8,0,1000,200,5,constant,geomean,0.1251399216876853,3,1,1,mixture/0.3/3/5/8
0.3,3,8,0,1000,200,5,constant,ratio,0.06800000000000006,3,1,1,mixture/0.3/3/5/8
0.3,3,8,0,1000,200,5,constant,ratio-half,0.06800000000000006,3,1,1,mixture/0.3/3/5/8
0.3,3,9,0,400,200,5,constant,stated,0.6784994344878064,3,1,1,mixture/0.3/3/5/9
0.3,3,9,0,400,200,5,constant,geomean,0.22494443758403995,3,1,1,mixture/0.3/3/5/9
0.3,3,9,0,400,200,5,constant,ratio,0.09000000000000002,3,1,1,mixture/0.3/3/5/9
0.3,3,9,0,400,200,5,constant,ratio-half,0.09000000000000002,3,1,1,mixture/0.3/3/5/9
0.3,3,9,0,1000,200,5,constant,stated,0.5395907397331495,3,1,1,mixture/0.3/3/5/9
0.3,3,9,0,1000,200,5,constant,geomean,0.17581808780668737,3,1,1,mixture/0.3/3/5/9
0.3,3,9,0,1000,200,5,constant,ratio,0.050000000000000044,3,1,1,mixture/0.3/3/5/9
0.3,3,9,0,1000,200,5,constant,ratio-half,0.050000000000000044,3,1,1,mixture/0.3/3/5/9
0.3,3,10,0,400,200,5,constant,stated,0.6784994344878064,2,0,0,mixture/0.3/3/5/10
0.3,3,10,0,400,200,5,constant,geomean,0.22583179581272425,3,1,1,mixture/0.3/3/5/10
0.3,3,10,0,400,200,5,constant,ratio,0.12,3,1,1,mixture/0.3/3/5/10
0.3,3,10,0,400,200,5,constant,ratio-half,0.12,3,1,1,mixture/0.3/3/5/10
0.3,3,10,0,1000,200,5,constant,stated,0.5395907397331495,2,0,0,mixture/0.3/3/5/10
0.3,3,10,0,1000,200,5,constant,geomean,0.17373543104387207,3,1,1,mixture/0.3/3/5/10
0.3,3,10,0,1000,200,5,constant,ratio,0.07800000000000001,3,1,1,mixture/0.3/3/5/10
0.3,3,10,0,1000,200,5,constant,ratio-half,0.07800000000000001,3,1,1,mixture/0.3/3/5/10
0.3,3,11,0,400,200,5,constant,stated,0.6784994344878064,1,0,0,mixture/0.3/3/5/11
0.3,3,11,0,400,200,5,constant,geomean,0.15491933384829668,3,1,1,mixture/0.3/3/5/11
0.3,3,11,0,400,200,5,constant,ratio,0.07499999999999996,3,1,1,mixture/0.3/3/5/11
0.3,3,11,0,400,200,5,constant,ratio-half,0.07499999999999996,3,1,1,mixture/0.3/3/5/11
0.3,3,11,0,1000,200,5,constant,stated,0.5395907397331495,1,0,0,mixture/0.3/3/5/11
0.3,3,11,0,1000,200,5,constant,geomean,0.11784735890124994,3,1,1,mixture/0.3/3/5/11
0.3,3,11,0,1000,200,5,constant,ratio,0.040000000000000036,3,1,1,mixture/0.3/3/5/11
0.3,3,11,0,1000,200,5,constant,ratio-half,0.040000000000000036,3,1,1,mixture/0.3/3/5/11
0.3,3,12,0,400,200,5,constant,stated,0.6784994344878064,1,0,0,mixture/0.3/3/5/12
0.3,3,12,0,400,200,5,constant,geomean,0.1347219358530747,3,1,1,mixture/0.3/3/5/12
0.3,3,12,0,400,200,5,constant,ratio,0.08999999999999997,3,1,1,mixture/0.3/3/5/12
0.3,3,12,0,400,200,5,constant,ratio-half,0.08999999999999997,3,1,1,mixture/0.3/3/5/12
0.3,3,12,0,1000,200,5,constant,stated,0.5395907397331495,1,0,0,mixture/0.3/3/5/12
0.3,3,12,0,1000,200,5,constant,geomean,0.099196774141098,3,1,1,mixture/0.3/3/5/12
0.3,3,12,0,1000,200,5,constant,ratio,0.05400000000000005,3,1,1,mixture/0.3/3/5/12
0.3,3,12,0,1000,200,5,constant,ratio-half,0.05400000000000005,3,1,1,mixture/0.3/3/5/12
0.3,3,13,0,400,200,5,constant,stated,0.6784994344878064,1,0,0,mixture/0.3/3/5/13
0.3,3,13,0,400,200,5,constant,geomean,0.21224985276791117,3,1,1,mixture/0.3/3/5/13
0.3,3,13,0,400,200,5,constant,ratio,0.15000000000000013,3,1,1,mixture/0.3/3/5/13
0.3,3,13,0,400,200,5,constant,ratio-half,0.15000000000000013,3,1,1,mixture/0.3/3/5/13
0.3,3,13,0,1000,200,5,constant,stated,0.5395907397331495,1,0,0,mixture/0.3/3/5/13
0.3,3,13,0,1000,200,5,constant,geomean,0.16278820596099713,3,1,1,mixture/0.3/3/5/13
0.3,3,13,0,1000,200,5,constant,ratio,0.08599999999999997,3,1,1,mixture/0.3/3/5/13
0.3,3,13,0,1000,200,5,constant,ratio-half,0.08599999999999997,3,1,1,mixture/0.3/3/5/13
0.3,3,14,0,400,200,5,constant,stated,0.6784994344878064,2,0,0,mixture/0.3/3/5/14
0.3,3,14,0,400,200,5,constant,geomean,0.2666458325194678,2,0,0,mixture/0.3/3/5/14
0.3,3,14,0,400,200,5,constant,ratio,0.21499999999999997,2,0,0,mixture/0.3/3/5/14
0.3,3,14,0,400,200,5,constant,ratio-half,0.21499999999999997,2,0,0,mixture/0.3/3/5/14
0.3,3,14,0,1000,200,5,constant,stated,0.5395907397331495,2,0,0,mixture/0.3/3/5/14
0.3,3,14,0,1000,200,5,constant,geomean,0.2084514331924826,3,1,1,mixture/0.3/3/5/14
0.3,3,14,0,1000,200,5,constant,ratio,0.21999999999999997,2,0,0,mixture/0.3/3/5/14
0.3,3,14,0,1000,200,5,constant,ratio-half,0.21999999999999997,2,0,0,mixture/0.3/3/5/14
0.3,3,15,0,400,200,5,constant,stated,0.6784994344878064,2,0,0,mixture/0.3/3/5/15
0.3,3,15,0,400,200,5,constant,geomean,0.19480759738778156,3,1,1,mixture/0.3/3/5/15
0.3,3,15,0,400,200,5,constant,ratio,0.10999999999999999,3,1,1,mixture/0.3/3/5/15
0.3,3,15,0,400,200,5,constant,ratio-half,0.10999999999999999,3,1,1,mixture/0.3/3/5/15
0.3,3,15,0,1000,200,5,constant,stated,0.5395907397331495,3,1,1,mixture/0.3/3/5/15
0.3,3,15,0,1000,200,5,constant,geomean,0.1581771159175689,3,1,1,mixture/0.3/3/5/15
0.3,3,15,0,1000,200,5,constant,ratio,0.05400000000000005,3,1,1,mixture/0.3/3/5/15
0.3,3,15,0,1000,200,5,constant,ratio-half,0.05400000000000005,3,1,1,mixture/0.3/3/5/15
0.3,3,16,0,400,200,5,constant,stated,0.6784994344878064,1,0,0,mixture/0.3/3/5/16
0.3,3,16,0,400,200,5,constant,geomean,0.12041594578792286,3,1,1,mixture/0.3/3/5/16
0.3,3,16,0,400,200,5,constant,ratio,0.07500000000000007,3,1,1,mixture/0.3/3/5/16
0.3,3,16,0,400,200,5,constant,ratio-half,0.07500000000000007,3,1,1,mixture/0.3/3/5/16
0.3,3,16,0,1000,200,5,constant,stated,0.5395907397331495,1,0,0,mixture/0.3/3/5/16
0.3,3,16,0,1000,200,5,constant,geomean,0.09011104260855052,3,1,1,mixture/0.3/3/5/16
0.3,3,16,0,1000,200,5,constant,ratio,0.03599999999999992,3,1,1,mixture/0.3/3/5/16
0.3,3,16,0,1000,200,5,constant,ratio-half,0.03599999999999992,3,1,1,mixture/0.3/3/5/16
0.3,3,17,0,400,200,5,constant,stated,0.6784994344878064,1,0,0,mixture/0.3/3/5/17
0.3,3,17,0,400,200,5,constant,geomean,0.1666583331249896,3,1,1,mixture/0.3/3/5/17
0.3,3,17,0,400,200,5,constant,ratio,0.15500000000000003,3,1,1,mixture/0.3/3/5/17
0.3,3,17,0,400,200,5,constant,ratio-half,0.15500000000000003,3,1,1,mixture/0.3/3/5/17
0.3,3,17,0,1000,200,5,constant,stated,0.5395907397331495,1,0,0,mixture/0.3/3/5/17
0.3,3,17,0,1000,200,5,constant,geomean,0.12680693987317893,3,1,1,mixture/0.3/3/5/17
0.3,3,17,0,1000,200,5,constant,ratio,0.08200000000000007,3,1,1,mixture/0.3/3/5/17
0.3,3,17,0,1000,200,5,constant,ratio-half,0.08200000000000007,3,1,1,mixture/0.3/3/5/17
0.3,3,18,0,400,200,5,constant,stated,0.6784994344878064,1,0,0,mixture/0.3/3/5/18
0.3,3,18,0,400,200,5,constant,geomean,0.13076696830622014,3,1,1,mixture/0.3/3/5/18
0.3,3,18,0,400,200,5,constant,ratio,0.10499999999999998,3,1,1,mixture/0.3/3/5/18
0.3,3,18,0,400,200,5,constant,ratio-half,0.10499999999999998,3,1,1,mixture/0.3/3/5/18
0.3,3,18,0,1000,200,5,constant,stated,0.5395907397331495,1,0,0,mixture/0.3/3/5/18
0.3,3,18,0,1000,200,5,constant,geomean,0.1180677771451632,3,1,1,mixture/0.3/3/5/18
0.3,3,18,0,1000,200,5,constant,ratio,0.05599999999999994,3,1,1,mixture/0.3/3/5/18
0.3,3,18,0,1000,200,5,constant,ratio-half,0.05599999999999994,3,1,1,mixture/0.3/3/5/18
0.3,3,19,0,400,200,5,constant,stated,0.6784994344878064,1,0,0,mixture/0.3/3/5/19
0.3,3,19,0,400,200,5,constant,geomean,0.2355843797877949,3,1,1,mixture/0.3/3/5/19
0.3,3,19,0,400,200,5,constant,ratio,0.2899999999999999,2,0,0,mixture/0.3/3/5/19
0.3,3,19,0,400,200,5,constant,ratio-half,0.2899999999999999,2,0,0,mixture/0.3/3/5/19
0.3,3,19,0,1000,200,5,constant,stated,0.5395907397331495,2,0,0,mixture/0.3/3/5/19
0.3,3,19,0,1000,200,5,constant,geomean,0.1839565166010708,3,1,1,mixture/0.3/3/5/19
0.3,3,19,0,1000,200,5,constant,ratio,0.09799999999999998,3,1,1,mixture/0.3/3/5/19
0.3,3,19,0,1000,200,5,constant,ratio-half,0.09799999999999998,3,1,1,mixture/0.3/3/5/19
0.3,4,0,0,400,200,5,constant,stated,0.6784994344878064,1,0,0,mixture/0.3/4/5/0
0.3,4,0,0,400,200,5,constant,geomean,0.18674849396983093,4,1,1,mixture/0.3/4/5/0
0.3,4,0,0,400,200,5,constant,ratio,0.14,4,1,1,mixture/0.3/4/5/0
0.3,4,0,0,400,200,5,constant,ratio-half,0.14,4,1,1,mixture/0.3/4/5/0
0.3,4,0,0,1000,200,5,constant,stated,0.5395907397331495,2,0,0,mixture/0.3/4/5/0
0.3,4,0,0,1000,200,5,constant,geomean,0.153909064060568,4,1,1,mixture/0.3/4/5/0
0.3,4,0,0,1000,200,5,constant,ratio,0.10999999999999999,4,1,1,mixture/0.3/4/5/0
0.3,4,0,0,1000,200,5,constant,ratio-half,0.10999999999999999,4,1,1,mixture/0.3/4/5/0
0.3,4,1,0,400,200,5,constant,stated,0.6784994344878064,1,0,0,mixture/0.3/4/5/1
0.3,4,1,0,400,200,5,constant,geomean,0.15779733838059504,4,1,1,mixture/0.3/4/5/1
0.3,4,1,0,400,200,5,constant,ratio,0.14000000000000012,4,1,1,mixture/0.3/4/5/1
0.3,4,1,0,400,200,5,constant,ratio-half,0.14000000000000012,4,1,1,mixture/0.3/4/5/1
0.3,4,1,0,1000,200,5,constant,stated,0.5395907397331495,1,0,0,mixture/0.3/4/5/1
0.3,4,1,0,1000,200,5,constant,geomean,0.12325583150504488,4,1,1,mixture/0.3/4/5/1
0.3,4,1,0,1000,200,5,constant,ratio,0.05400000000000005,4,1,1,mixture/0.3/4/5/1
0.3,4,1,0,1000,200,5,constant,ratio-half,0.05400000000000005,4,1,1,mixture/0.3/4/5/1
0.3,4,2,0,400,200,5,constant,stated,0.6784994344878064,2,0,0,mixture/0.3/4/5/2
0.3,4,2,0,400,200,5,constant,geomean,0.26124700955226265,4,1,1,mixture/0.3/4/5/2
0.3,4,2,0,400,200,5,constant,ratio,0.36,2,0,0,mixture/0.3/4/5/2
0.3,4,2,0,400,200,5,constant,ratio-half,0.36,2,0,0,mixture/0.3/4/5/2
0.3,4,2,0,1000,200,5,constant,stated,0.5395907397331495,2,0,0,mixture/0.3/4/5/2
0.3,4,2,0,1000,200,5,constant,geomean,0.1989874367893611,4,1,1,mixture/0.3/4/5/2
0.3,4,2,0,1000,200,5,constant,ratio,0.08999999999999997,4,1,1,mixture/0.3/4/5/2
0.3,4,2,0,1000,200,5,constant,ratio-half,0.08999999999999997,4,1,1,mixture/0.3/4/5/2
0.3,4,3,0,400,200,5,constant,stated,0.6784994344878064,3,0,0,mixture/0.3/4/5/3
0.3,4,3,0,400,200,5,constant,geomean,0.19874606914351756,4,1,1,mixture/0.3/4/5/3
0.3,4,3,0,400,200,5,constant,ratio,0.08000000000000002,4,1,1,mixture/0.3/4/5/3
0.3,4,3,0,400,200,5,constant,ratio-half,0.08000000000000002,4,1,1,mixture/0.3/4/5/3
0.3,4,3,0,1000,200,5,constant,stated,0.5395907397331495,3,0,0,mixture/0.3/4/5/3
0.3,4,3,0,1000,200,5,constant,geomean,0.14947909552843827,4,1,1,mixture/0.3/4/5/3
0.3,4,3,0,1000,200,5,constant,ratio,0.07,4,1,1,mixture/0.3/4/5/3
0.3,4,3,0,1000,200,5,constant,ratio-half,0.07,4,1,1,mixture/0.3/4/5/3
0.3,4,4,0,400,200,5,constant,stated,0.6784994344878064,1,0,0,mixture/0.3/4/5/4
0.3,4,4,0,400,200,5,constant,geomean,0.15288884851420664,4,1,1,mixture/0.3/4/5/4
0.3,4,4,0,400,200,5,constant,ratio,0.11499999999999999,4,1,1,mixture/0.3/4/5/4
0.3,4,4,0,400,200,5,constant,ratio-half,0.11499999999999999,4,1,1,mixture/0.3/4/5/4
0.3,4,4,0,1000,200,5,constant,stated,0.5395907397331495,1,0,0,mixture/0.3/4/5/4
0.3,4,4,0,1000,200,5,constant,geomean,0.11921409312660987,4,1,1,mixture/0.3/4/5/4
0.3,4,4,0,1000,200,5,constant,ratio,0.05600000000000005,4,1,1,mixture/0.3/4/5/4
0.3,4,4,0,1000,200,5,constant,ratio-half,0.05600000000000005,4,1,1,mixture/0.3/4/5/4
0.3,4,5,0,400,200,5,constant,stated,0.6784994344878064,3,0,0,mixture/0.3/4/5/5
0.3,4,5,0,400,200,5,constant,geomean,0.2043281674170255,8,0,0,mixture/0.3/4/5/5
0.3,4,5,0,400,200,5,constant,ratio,0.0,198,0,0,mixture/0.3/4/5/5
0.3,4,5,0,400,200,5,constant,ratio-half,0.31499999999999995,4,1,1,mixture/0.3/4/5/5
0.3,4,5,0,1000,200,5,constant,stated,0.5395907397331495,4,1,1,mixture/0.3/4/5/5
0.3,4,5,0,1000,200,5,constant,geomean,0.1675708805252272,4,1,1,mixture/0.3/4/5/5
0.3,4,5,0,1000,200,5,constant,ratio,0.16199999999999998,4,1,1,mixture/0.3/4/5/5
0.3,4,5,0,1000,200,5,constant,ratio-half,0.16199999999999998,4,1,1,mixture/0.3/4/5/5
0.3,4,6,0,400,200,5,constant,stated,0.6784994344878064,1,0,0,mixture/0.3/4/5/6
0.3,4,6,0,400,200,5,constant,geomean,0.17999999999999997,4,1,1,mixture/0.3/4/5/6
0.3,4,6,0,400,200,5,constant,ratio,0.16499999999999992,4,1,1,mixture/0.3/4/5/6
0.3,4,6,0,400,200,5,constant,ratio-half,0.16499999999999992,4,1,1,mixture/0.3/4/5/6
0.3,4,6,0,1000,200,5,constant,stated,0.5395907397331495,1,0,0,mixture/0.3/4/5/6
0.3,4,6,0,1000,200,5,constant,geomean,0.15328405005087783,4,1,1,mixture/0.3/4/5/6
0.3,4,6,0,1000,200,5,constant,ratio,0.09000000000000008,4,1,1,mixture/0.3/4/5/6
0.3,4,6,0,1000,200,5,constant,ratio-half,0.09000000000000008,4,1,1,mixture/0.3/4/5/6
0.3,4,7,0,400,200,5,constant,stated,0.6784994344878064,1,0,0,mixture/0.3/4/5/7
0.3,4,7,0,400,200,5,constant,geomean,0.16278820596099713,4,1,1,mixture/0.3/4/5/7
0.3,4,7,0,400,200,5,constant,ratio,0.07000000000000006,4,1,1,mixture/0.3/4/5/7
0.3,4,7,0,400,200,5,constant,ratio-half,0.07000000000000006,4,1,1,mixture/0.3/4/5/7
0.3,4,7,0,1000,200,5,constant,stated,0.5395907397331495,1,0,0,mixture/0.3/4/5/7
0.3,4,7,0,1000,200,5,constant,geomean,0.1260952021291845,4,1,1,mixture/0.3/4/5/7
0.3,4,7,0,1000,200,5,constant,ratio,0.04600000000000004,4,1,1,mixture/0.3/4/5/7
0.3,4,7,0,1000,200,5,constant,ratio-half,0.04600000000000004,4,1,1,mixture/0.3/4/5/7
0.3,4,8,0,400,200,5,constant,stated,0.6784994344878064,1,0,0,mixture/0.3/4/5/8
0.3,4,8,0,400,200,5,constant,geomean,0.16522711641858298,5,0,0,mixture/0.3/4/5/8
0.3,4,8,0,400,200,5,constant,ratio,0.21000000000000008,3,0,0,mixture/0.3/4/5/8
0.3,4,8,0,400,200,5,constant,ratio-half,0.21000000000000008,3,0,0,mixture/0.3/4/5/8
0.3,4,8,0,1000,200,5,constant,stated,0.5395907397331495,1,0,0,mixture/0.3/4/5/8
0.3,4,8,0,1000,200,5,constant,geomean,0.12258874336577569,4,1,1,mixture/0.3/4/5/8
0.3,4,8,0,1000,200,5,constant,ratio,0.07999999999999996,4,1,1,mixture/0.3/4/5/8
0.3,4,8,0,1000,200,5,constant,ratio-half,0.07999999999999996,4,1,1,mixture/0.3/4/5/8
0.3,4,9,0,400,200,5,constant,stated,0.6784994344878064,2,0,0,mixture/0.3/4/5/9
0.3,4,9,0,400,200,5,constant,geomean,0.20579115627256686,4,1,1,mixture/0.3/4/5/9
0.3,4,9,0,400,200,5,constant,ratio,0.08499999999999996,4,1,1,mixture/0.3/4/5/9
0.3,4,9,0,400,200,5,constant,ratio-half,0.08499999999999996,4,1,1,mixture/0.3/4/5/9
0.3,4,9,0,1000,200,5,constant,stated,0.5395907397331495,2,0,0,mixture/0.3/4/5/9
0.3,4,9,0,1000,200,5,constant,geomean,0.15511286213592998,4,1,1,mixture/0.3/4/5/9
0.3,4,9,0,1000,200,5,constant,ratio,0.08999999999999997,4,1,1,mixture/0.3/4/5/9
0.3,4,9,0,1000,200,5,constant,ratio-half,0.08999999999999997,4,1,1,mixture/0.3/4/5/9
0.3,4,10,0,400,200,5,constant,stated,0.6784994344878064,1,0,0,mixture/0.3/4/5/10
0.3,4,10,0,400,200,5,constant,geomean,0.11832159566199227,5,0,0,mixture/0.3/4/5/10
0.3,4,10,0,400,200,5,constant,ratio,0.125,4,1,1,mixture/0.3/4/5/10
0.3,4,10,0,400,200,5,constant,ratio-half,0.125,4,1,1,mixture/0.3/4/5/10
0.3,4,10,0,1000,200,5,constant,stated,0.5395907397331495,1,0,0,mixture/0.3/4/5/10
0.3,4,10,0,1000,200,5,constant,geomean,0.0922605007573664,4,1,1,mixture/0.3/4/5/10
0.3,4,10,0,1000,200,5,constant,ratio,0.07199999999999995,4,1,1,mixture/0.3/4/5/10
0.3,4,10,0,1000,200,5,constant,ratio-half,0.07199999999999995,4,1,1,mixture/0.3/4/5/10
0.3,4,11,0,400,200,5,constant,stated,0.6784994344878064,1,0,0,mixture/0.3/4/5/11
0.3,4,11,0,400,200,5,constant,geomean,0.15732132722552278,4,1,1,mixture/0.3/4/5/11
0.3,4,11,0,400,200,5,constant,ratio,0.16000000000000003,3,0,0,mixture/0.3/4/5/11
0.3,4,11,0,400,200,5,constant,ratio-half,0.16000000000000003,3,0,0,mixture/0.3/4/5/11
0.3,4,11,0,1000,200,5,constant,stated,0.5395907397331495,2,0,0,mixture/0.3/4/5/11
0.3,4,11,0,1000,200,5,constant,geomean,0.12432216214336049,4,1,1,mixture/0.3/4/5/11
0.3,4,11,0,1000,200,5,constant,ratio,0.05800000000000005,4,1,1,mixture/0.3/4/5/11
0.3,4,11,0,1000,200,5,constant,ratio-half,0.05800000000000005,4,1,1,mixture/0.3/4/5/11
0.3,4,12,0,400,200,5,constant,stated,0.6784994344878064,1,0,0,mixture/0.3/4/5/12
0.3,4,12,0,400,200,5,constant,geomean,0.16163229875244603,4,1,1,mixture/0.3/4/5/12
0.3,4,12,0,400,200,5,constant,ratio,0.15500000000000003,4,1,1,mixture/0.3/4/5/12
0.3,4,12,0,400,200,5,constant,ratio-half,0.15500000000000003,4,1,1,mixture/0.3/4/5/12
0.3,4,12,0,1000,200,5,constant,stated,0.5395907397331495,1,0,0,mixture/0.3/4/5/12
0.3,4,12,0,1000,200,5,constant,geomean,0.1192476414861108,4,1,1,mixture/0.3/4/5/12
0.3,4,12,0,1000,200,5,constant,ratio,0.05600000000000005,4,1,1,mixture/0.3/4/5/12
0.3,4,12,0,1000,200,5,constant,ratio-half,0.05600000000000005,4,1,1,mixture/0.3/4/5/12
0.3,4,13,0,400,200,5,constant,stated,0.6784994344878064,1,0,0,mixture/0.3/4/5/13
0.3,4,13,0,400,200,5,constant,geomean,0.1333229162597339,4,1,1,mixture/0.3/4/5/13
0.3,4,13,0,400,200,5,constant,ratio,0.06500000000000006,4,1,1,mixture/0.3/4/5/13
0.3,4,13,0,400,200,5,constant,ratio-half,0.06500000000000006,4,1,1,mixture/0.3/4/5/13
0.3,4,13,0,1000,200,5,constant,stated,0.5395907397331495,1,0,0,mixture/0.3/4/5/13
0.3,4,13,0,1000,200,5,constant,geomean,0.09871170143402457,4,1,1,mixture/0.3/4/5/13
0.3,4,13,0,1000,200,5,constant,ratio,0.03200000000000003,4,1,1,mixture/0.3/4/5/13
0.3,4,13,0,1000,200,5,constant,ratio-half,0.03200000000000003,4,1,1,mixture/0.3/4/5/13
0.3,4,14,0,400,200,5,constant,stated,0.6784994344878064,1,0,0,mixture/0.3/4/5/14
0.3,4,14,0,400,200,5,constant,geomean,0.14195069566578397,4,1,1,mixture/0.3/4/5/14
0.3,4,14,0,400,200,5,constant,ratio,0.1050000000000001,4,1,1,mixture/0.3/4/5/14
0.3,4,14,0,400,200,5,constant,ratio-half,0.1050000000000001,4,1,1,mixture/0.3/4/5/14
0.3,4,14,0,1000,200,5,constant,stated,0.5395907397331495,1,0,0,mixture/0.3/4/5/14
0.3,4,14,0,1000,200,5,constant,geomean,0.11198214143335541,4,1,1,mixture/0.3/4/5/14
0.3,4,14,0,1000,200,5,constant,ratio,0.05800000000000005,4,1,1,mixture/0.3/4/5/14
0.3,4,14,0,1000,200,5,constant,ratio-half,0.05800000000000005,4,1,1,mixture/0.3/4/5/14
0.3,4,15,0,400,200,5,constant,stated,0.6784994344878064,2,0,0,mixture/0.3/4/5/15
0.3,4,15,0,400,200,5,constant,geomean,0.21482551058940838,4,1,1,mixture/0.3/4/5/15
0.3,4,15,0,400,200,5,constant,ratio,0.0,199,0,0,mixture/0.3/4/5/15
0.3,4,15,0,400,200,5,constant,ratio-half,0.22999999999999998,3,0,0,mixture/0.3/4/5/15
0.3,4,15,0,1000,200,5,constant,stated,0.5395907397331495,2,0,0,mixture/0.3/4/5/15
0.3,4,15,0,1000,200,5,constant,geomean,0.18654758106177638,4,1,1,mixture/0.3/4/5/15
0.3,4,15,0,1000,200,5,constant,ratio,0.07800000000000001,4,1,1,mixture/0.3/4/5/15
0.3,4,15,0,1000,200,5,constant,ratio-half,0.07800000000000001,4,1,1,mixture/0.3/4/5/15
0.3,4,16,0,400,200,5,constant,stated,0.6784994344878064,1,0,0,mixture/0.3/4/5/16
0.3,4,16,0,400,200,5,constant,geomean,0.17783419243778747,4,1,1,mixture/0.3/4/5/16
0.3,4,16,0,400,200,5,constant,ratio,0.1100000000000001,4,1,1,mixture/0.3/4/5/16
0.3,4,16,0,400,200,5,constant,ratio-half,0.1100000000000001,4,1,1,mixture/0.3/4/5/16
0.3,4,16,0,1000,200,5,constant,stated,0.5395907397331495,4,1,1,mixture/0.3/4/5/16
0.3,4,16,0,1000,200,5,constant,geomean,0.14066982618884558,4,1,1,mixture/0.3/4/5/16
0.3,4,16,0,1000,200,5,constant,ratio,0.07399999999999984,4,1,1,mixture/0.3/4/5/16
0.3,4,16,0,1000,200,5,constant,ratio-half,0.07399999999999984,4,1,1,mixture/0.3/4/5/16
0.3,4,17,0,400,200,5,constant,stated,0.6784994344878064,1,0,0,mixture/0.3/4/5/17
0.3,4,17,0,400,200,5,constant,geomean,0.17291616465790574,4,1,1,mixture/0.3/4/5/17
0.3,4,17,0,400,200,5,constant,ratio,0.21999999999999997,3,0,0,mixture/0.3/4/5/17
0.3,4,17,0,400,200,5,constant,ratio-half,0.21999999999999997,3,0,0,mixture/0.3/4/5/17
0.3,4,17,0,1000,200,5,constant,stated,0.5395907397331495,1,0,0,mixture/0.3/4/5/17
0.3,4,17,0,1000,200,5,constant,geomean,0.1306292463424635,4,1,1,mixture/0.3/4/5/17
0.3,4,17,0,1000,200,5,constant,ratio,0.10200000000000009,4,1,1,mixture/0.3/4/5/17
0.3,4,17,0,1000,200,5,constant,ratio-half,0.10200000000000009,4,1,1,mixture/0.3/4/5/17
0.3,4,18,0,400,200,5,constant,stated,0.6784994344878064,1,0,0,mixture/0.3/4/5/18
0.3,4,18,0,400,200,5,constant,geomean,0.14230249470757714,4,1,1,mixture/0.3/4/5/18
0.3,4,18,0,400,200,5,constant,ratio,0.08000000000000007,4,1,1,mixture/0.3/4/5/18
0.3,4,18,0,400,200,5,constant,ratio-half,0.08000000000000007,4,1,1,mixture/0.3/4/5/18
0.3,4,18,0,1000,200,5,constant,stated,0.5395907397331495,1,0,0,mixture/0.3/4/5/18
0.3,4,18,0,1000,200,5,constant,geomean,0.10792590050585638,4,1,1,mixture/0.3/4/5/18
0.3,4,18,0,1000,200,5,constant,ratio,0.04200000000000004,4,1,1,mixture/0.3/4/5/18
0.3,4,18,0,1000,200,5,constant,ratio-half,0.04200000000000004,4,1,1,mixture/0.3/4/5/18
0.3,4,19,0,400,200,5,constant,stated,0.6784994344878064,1,0,0,mixture/0.3/4/5/19
0.3,4,19,0,400,200,5,constant,geomean,0.12186057606953947,4,1,1,mixture/0.3/4/5/19
0.3,4,19,0,400,200,5,constant,ratio,0.07499999999999996,4,1,1,mixture/0.3/4/5/19
0.3,4,19,0,400,200,5,constant,ratio-half,0.07499999999999996,4,1,1,mixture/0.3/4/5/19
0.3,4,19,0,1000,200,5,constant,stated,0.5395907397331495,1,0,0,mixture/0.3/4/5/19
0.3,4,19,0,1000,200,5,constant,geomean,0.09295160030897805,4,1,1,mixture/0.3/4/5/19
0.3,4,19,0,1000,200,5,constant,ratio,0.04399999999999993,4,1,1,mixture/0.3/4/5/19
0.3,4,19,0,1000,200,5,constant,ratio-half,0.04399999999999993,4,1,1,mixture/0.3/4/5/19
0.3,5,0,0,400,200,5,constant,stated,0.6784994344878064,2,0,0,mixture/0.3/5/5/0
0.3,5,0,0,400,200,5,constant,geomean,0.2939387691339815,5,1,1,mixture/0.3/5/5/0
0.3,5,0,0,400,200,5,constant,ratio,0.43499999999999994,2,0,0,mixture/0.3/5/5/0
0.3,5,0,0,400,200,5,constant,ratio-half,0.43499999999999994,2,0,0,mixture/0.3/5/5/0
0.3,5,0,0,1000,200,5,constant,stated,0.5395907397331495,2,0,0,mixture/0.3/5/5/0
0.3,5,0,0,1000,200,5,constant,geomean,0.22049943310584735,5,1,1,mixture/0.3/5/5/0
0.3,5,0,0,1000,200,5,constant,ratio,0.10999999999999999,5,1,1,mixture/0.3/5/5/0
0.3,5,0,0,1000,200,5,constant,ratio-half,0.10999999999999999,5,1,1,mixture/0.3/5/5/0
0.3,5,1,0,400,200,5,constant,stated,0.6784994344878064,1,0,0,mixture/0.3/5/5/1
0.3,5,1,0,400,200,5,constant,geomean,0.13674794331177334,6,0,0,mixture/0.3/5/5/1
0.3,5,1,0,400,200,5,constant,ratio,0.09999999999999998,6,0,0,mixture/0.3/5/5/1
0.3,5,1,0,400,200,5,constant,ratio-half,0.09999999999999998,6,0,0,mixture/0.3/5/5/1
0.3,5,1,0,1000,200,5,constant,stated,0.5395907397331495,1,0,0,mixture/0.3/5/5/1
0.3,5,1,0,1000,200,5,constant,geomean,0.10430723848324208,5,1,1,mixture/0.3/5/5/1
0.3,5,1,0,1000,200,5,constant,ratio,0.05999999999999994,5,1,1,mixture/0.3/5/5/1
0.3,5,1,0,1000,200,5,constant,ratio-half,0.05999999999999994,5,1,1,mixture/0.3/5/5/1
0.3,5,2,0,400,200,5,constant,stated,0.6784994344878064,1,0,0,mixture/0.3/5/5/2
0.3,5,2,0,400,200,5,constant,geomean,0.13964240043768933,5,1,1,mixture/0.3/5/5/2
0.3,5,2,0,400,200,5,constant,ratio,0.19999999999999996,2,0,0,mixture/0.3/5/5/2
0.3,5,2,0,400,200,5,constant,ratio-half,0.19999999999999996,2,0,0,mixture/0.3/5/5/2
0.3,5,2,0,1000,200,5,constant,stated,0.5395907397331495,1,0,0,mixture/0.3/5/5/2
0.3,5,2,0,1000,200,5,constant,geomean,0.10624499988234744,5,1,1,mixture/0.3/5/5/2
0.3,5,2,0,1000,200,5,constant,ratio,0.052000000000000046,5,1,1,mixture/0.3/5/5/2
0.3,5,2,0,1000,200,5,constant,ratio-half,0.052000000000000046,5,1,1,mixture/0.3/5/5/2
0.3,5,3,0,400,200,5,constant,stated,0.6784994344878064,1,0,0,mixture/0.3/5/5/3
0.3,5,3,0,400,200,5,constant,geomean,0.16770509831248417,4,0,0,mixture/0.3/5/5/3
0.3,5,3,0,400,200,5,constant,ratio,0.14,4,0,0,mixture/0.3/5/5/3
0.3,5,3,0,400,200,5,constant,ratio-half,0.14,4,0,0,mixture/0.3/5/5/3
0.3,5,3,0,1000,200,5,constant,stated,0.5395907397331495,1,0,0,mixture/0.3/5/5/3
0.3,5,3,0,1000,200,5,constant,geomean,0.12633289357883012,5,1,1,mixture/0.3/5/5/3
0.3,5,3,0,1000,200,5,constant,ratio,0.136,4,0,0,mixture/0.3/5/5/3
0.3,5,3,0,1000,200,5,constant,ratio-half,0.136,4,0,0,mixture/0.3/5/5/3
0.3,5,4,0,400,200,5,constant,stated,0.6784994344878064,1,0,0,mixture/0.3/5/5/4
0.3,5,4,0,400,200,5,constant,geomean,0.17233687939614095,5,1,1,mixture/0.3/5/5/4
0.3,5,4,0,400,200,5,constant,ratio,0.08999999999999997,5,1,1,mixture/0.3/5/5/4
0.3,5,4,0,400,200,5,constant,ratio-half,0.08999999999999997,5,1,1,mixture/0.3/5/5/4
0.3,5,4,0,1000,200,5,constant,stated,0.5395907397331495,1,0,0,mixture/0.3/5/5/4
0.3,5,4,0,1000,200,5,constant,geomean,0.12585706178041825,5,1,1,mixture/0.3/5/5/4
0.3,5,4,0,1000,200,5,constant,ratio,0.06599999999999995,5,1,1,mixture/0.3/5/5/4
0.3,5,4,0,1000,200,5,constant,ratio-half,0.06599999999999995,5,1,1,mixture/0.3/5/5/4
0.3,5,5,0,400,200,5,constant,stated,0.6784994344878064,1,0,0,mixture/0.3/5/5/5
0.3,5,5,0,400,200,5,constant,geomean,0.1431782106327636,5,1,1,mixture/0.3/5/5/5
0.3,5,5,0,400,200,5,constant,ratio,0.21499999999999997,2,0,0,mixture/0.3/5/5/5
0.3,5,5,0,400,200,5,constant,ratio-half,0.21499999999999997,2,0,0,mixture/0.3/5/5/5
0.3,5,5,0,1000,200,5,constant,stated,0.5395907397331495,1,0,0,mixture/0.3/5/5/5
0.3,5,5,0,1000,200,5,constant,geomean,0.11251666543228167,5,1,1,mixture/0.3/5/5/5
0.3,5,5,0,1000,200,5,constant,ratio,0.04600000000000004,5,1,1,mixture/0.3/5/5/5
0.3,5,5,0,1000,200,5,constant,ratio-half,0.04600000000000004,5,1,1,mixture/0.3/5/5/5
0.3,5,6,0,400,200,5,constant,stated,0.6784994344878064,1,0,0,mixture/0.3/5/5/6
0.3,5,6,0,400,200,5,constant,geomean,0.16522711641858312,4,0,0,mixture/0.3/5/5/6
0.3,5,6,0,400,200,5,constant,ratio,0.21499999999999997,2,0,0,mixture/0.3/5/5/6
0.3,5,6,0,400,200,5,constant,ratio-half,0.21499999999999997,2,0,0,mixture/0.3/5/5/6
0.3,5,6,0,1000,200,5,constant,stated,0.5395907397331495,1,0,0,mixture/0.3/5/5/6
0.3,5,6,0,1000,200,5,constant,geomean,0.12868566353716335,5,1,1,mixture/0.3/5/5/6
0.3,5,6,0,1000,200,5,constant,ratio,0.052000000000000046,5,1,1,mixture/0.3/5/5/6
0.3,5,6,0,1000,200,5,constant,ratio-half,0.052000000000000046,5,1,1,mixture/0.3/5/5/6
0.3,5,7,0,400,200,5,constant,stated,0.6784994344878064,2,0,0,mixture/0.3/5/5/7
0.3,5,7,0,400,200,5,constant,geomean,0.2177154105707723,5,1,1,mixture/0.3/5/5/7
0.3,5,7,0,400,200,5,constant,ratio,0.08999999999999997,5,1,1,mixture/0.3/5/5/7
0.3,5,7,0,400,200,5,constant,ratio-half,0.08999999999999997,5,1,1,mixture/0.3/5/5/7
0.3,5,7,0,1000,200,5,constant,stated,0.5395907397331495,3,0,0,mixture/0.3/5/5/7
0.3,5,7,0,1000,200,5,constant,geomean,0.16758281534811387,5,1,1,mixture/0.3/5/5/7
0.3,5,7,0,1000,200,5,constant,ratio,0.04799999999999993,5,1,1,mixture/0.3/5/5/7
0.3,5,7,0,1000,200,5,constant,ratio-half,0.04799999999999993,5,1,1,mixture/0.3/5/5/7
0.3,5,8,0,400,200,5,constant,stated,0.6784994344878064,2,0,0,mixture/0.3/5/5/8
0.3,5,8,0,400,200,5,constant,geomean,0.21702534414210717,5,1,1,mixture/0.3/5/5/8
0.3,5,8,0,400,200,5,constant,ratio,0.10999999999999999,5,1,1,mixture/0.3/5/5/8
0.3,5,8,0,400,200,5,constant,ratio-half,0.10999999999999999,5,1,1,mixture/0.3/5/5/8
0.3,5,8,0,1000,200,5,constant,stated,0.5395907397331495,2,0,0,mixture/0.3/5/5/8
0.3,5,8,0,1000,200,5,constant,geomean,0.17738094598913362,5,1,1,mixture/0.3/5/5/8
0.3,5,8,0,1000,200,5,constant,ratio,0.098,5,1,1,mixture/0.3/5/5/8
0.3,5,8,0,1000,200,5,constant,ratio-half,0.098,5,1,1,mixture/0.3/5/5/8
0.3,5,9,0,400,200,5,constant,stated,0.6784994344878064,2,0,0,mixture/0.3/5/5/9
0.3,5,9,0,400,200,5,constant,geomean,0.20916500663351897,5,1,1,mixture/0.3/5/5/9
0.3,5,9,0,400,200,5,constant,ratio,0.08499999999999996,5,1,1,mixture/0.3/5/5/9
0.3,5,9,0,400,200,5,constant,ratio-half,0.08499999999999996,5,1,1,mixture/0.3/5/5/9
0.3,5,9,0,1000,200,5,constant,stated,0.5395907397331495,3,0,0,mixture/0.3/5/5/9
0.3,5,9,0,1000,200,5,constant,geomean,0.17076299364909256,5,1,1,mixture/0.3/5/5/9
0.3,5,9,0,1000,200,5,constant,ratio,0.04799999999999999,5,1,1,mixture/0.3/5/5/9
0.3,5,9,0,1000,200,5,constant,ratio-half,0.04799999999999999,5,1,1,mixture/0.3/5/5/9
0.3,5,10,0,400,200,5,constant,stated,0.6784994344878064,3,0,0,mixture/0.3/5/5/10
0.3,5,10,0,400,200,5,constant,geomean,0.18973665961010283,5,1,1,mixture/0.3/5/5/10
0.3,5,10,0,400,200,5,constant,ratio,0.10000000000000003,5,1,1,mixture/0.3/5/5/10
0.3,5,10,0,400,200,5,constant,ratio-half,0.10000000000000003,5,1,1,mixture/0.3/5/5/10
0.3,5,10,0,1000,200,5,constant,stated,0.5395907397331495,3,0,0,mixture/0.3/5/5/10
0.3,5,10,0,1000,200,5,constant,geomean,0.1504127654157054,5,1,1,mixture/0.3/5/5/10
0.3,5,10,0,1000,200,5,constant,ratio,0.07600000000000001,5,1,1,mixture/0.3/5/5/10
0.3,5,10,0,1000,200,5,constant,ratio-half,0.07600000000000001,5,1,1,mixture/0.3/5/5/10
0.3,5,11,0,400,200,5,constant,stated,0.6784994344878064,1,0,0,mixture/0.3/5/5/11
0.3,5,11,0,400,200,5,constant,geomean,0.16363068171953568,5,1,1,mixture/0.3/5/5/11
0.3,5,11,0,400,200,5,constant,ratio,0.10999999999999999,5,1,1,mixture/0.3/5/5/11
0.3,5,11,0,400,200,5,constant,ratio-half,0.10999999999999999,5,1,1,mixture/0.3/5/5/11
0.3,5,11,0,1000,200,5,constant,stated,0.5395907397331495,2,0,0,mixture/0.3/5/5/11
0.3,5,11,0,1000,200,5,constant,geomean,0.1257298691640136,5,1,1,mixture/0.3/5/5/11
0.3,5,11,0,1000,200,5,constant,ratio,0.06000000000000005,5,1,1,mixture/0.3/5/5/11
0.3,5,11,0,1000,200,5,constant,ratio-half,0.06000000000000005,5,1,1,mixture/0.3/5/5/11
0.3,5,12,0,400,200,5,constant,stated,0.6784994344878064,1,0,0,mixture/0.3/5/5/12
0.3,5,12,0,400,200,5,constant,geomean,0.17233687939614076,5,1,1,mixture/0.3/5/5/12
0.3,5,12,0,400,200,5,constant,ratio,0.09499999999999997,5,1,1,mixture/0.3/5/5/12
0.3,5,12,0,400,200,5,constant,ratio-half,0.09499999999999997,5,1,1,mixture/0.3/5/5/12
0.3,5,12,0,1000,200,5,constant,stated,0.5395907397331495,1,0,0,mixture/0.3/5/5/12
0.3,5,12,0,1000,200,5,constant,geomean,0.13096564434995903,5,1,1,mixture/0.3/5/5/12
0.3,5,12,0,1000,200,5,constant,ratio,0.05400000000000005,5,1,1,mixture/0.3/5/5/12
0.3,5,12,0,1000,200,5,constant,ratio-half,0.05400000000000005,5,1,1,mixture/0.3/5/5/12
0.3,5,13,0,400,200,5,constant,stated,0.6784994344878064,1,0,0,mixture/0.3/5/5/13
0.3,5,13,0,400,200,5,constant,geomean,0.13573871960498232,5,1,0,mixture/0.3/5/5/13
0.3,5,13,0,400,200,5,constant,ratio,0.16500000000000004,4,0,0,mixture/0.3/5/5/13
0.3,5,13,0,400,200,5,constant,ratio-half,0.16500000000000004,4,0,0,mixture/0.3/5/5/13
0.3,5,13,0,1000,200,5,constant,stated,0.5395907397331495,1,0,0,mixture/0.3/5/5/13
0.3,5,13,0,1000,200,5,constant,geomean,0.11113955191559849,5,1,1,mixture/0.3/5/5/13
0.3,5,13,0,1000,200,5,constant,ratio,0.051999999999999824,5,1,1,mixture/0.3/5/5/13
0.3,5,13,0,1000,200,5,constant,ratio-half,0.051999999999999824,5,1,1,mixture/0.3/5/5/13
0.3,5,14,0,400,200,5,constant,stated,0.6784994344878064,1,0,0,mixture/0.3/5/5/14
0.3,5,14,0,400,200,5,constant,geomean,0.19052558883257642,5,1,1,mixture/0.3/5/5/14
0.3,5,14,0,400,200,5,constant,ratio,0.25,2,0,0,mixture/0.3/5/5/14
0.3,5,14,0,400,200,5,constant,ratio-half,0.25,2,0,0,mixture/0.3/5/5/14
0.3,5,14,0,1000,200,5,constant,stated,0.5395907397331495,2,0,0,mixture/0.3/5/5/14
0.3,5,14,0,1000,200,5,constant,geomean,0.1350555441290731,5,1,1,mixture/0.3/5/5/14
0.3,5,14,0,1000,200,5,constant,ratio,0.05400000000000005,5,1,1,mixture/0.3/5/5/14
0.3,5,14,0,1000,200,5,constant,ratio-half,0.05400000000000005,5,1,1,mixture/0.3/5/5/14
0.3,5,15,0,400,200,5,constant,stated,0.6784994344878064,1,0,0,mixture/0.3/5/5/15
0.3,5,15,0,400,200,5,constant,geomean,0.12449899597988726,5,1,1,mixture/0.3/5/5/15
0.3,5,15,0,400,200,5,constant,ratio,0.07500000000000007,5,1,1,mixture/0.3/5/5/15
0.3,5,15,0,400,200,5,constant,ratio-half,0.07500000000000007,5,1,1,mixture/0.3/5/5/15
0.3,5,15,0,1000,200,5,constant,stated,0.5395907397331495,1,0,0,mixture/0.3/5/5/15
0.3,5,15,0,1000,200,5,constant,geomean,0.0883176086632785,5,1,1,mixture/0.3/5/5/15
0.3,5,15,0,1000,200,5,constant,ratio,0.04399999999999993,5,1,1,mixture/0.3/5/5/15
0.3,5,15,0,1000,200,5,constant,ratio-half,0.04399999999999993,5,1,1,mixture/0.3/5/5/15
0.3,5,16,0,400,200,5,constant,stated,0.6784994344878064,1,0,0,mixture/0.3/5/5/16
0.3,5,16,0,400,200,5,constant,geomean,0.20297783130184446,5,1,1,mixture/0.3/5/5/16
0.3,5,16,0,400,200,5,constant,ratio,0.135,5,1,1,mixture/0.3/5/5/16
0.3,5,16,0,400,200,5,constant,ratio-half,0.135,5,1,1,mixture/0.3/5/5/16
0.3,5,16,0,1000,200,5,constant,stated,0.5395907397331495,2,0,0,mixture/0.3/5/5/16
0.3,5,16,0,1000,200,5,constant,geomean,0.17663521732655682,5,1,1,mixture/0.3/5/5/16
0.3,5,16,0,1000,200,5,constant,ratio,0.122,5,1,1,mixture/0.3/5/5/16
0.3,5,16,0,1000,200,5,constant,ratio-half,0.122,5,1,1,mixture/0.3/5/5/16
0.3,5,17,0,400,200,5,constant,stated,0.6784994344878064,1,0,0,mixture/0.3/5/5/17
0.3,5,17,0,400,200,5,constant,geomean,0.1616322987524462,6,0,0,mixture/0.3/5/5/17
0.3,5,17,0,400,200,5,constant,ratio,0.20499999999999996,4,0,0,mixture/0.3/5/5/17
0.3,5,17,0,400,200,5,constant,ratio-half,0.20499999999999996,4,0,0,mixture/0.3/5/5/17
0.3,5,17,0,1000,200,5,constant,stated,0.5395907397331495,1,0,0,mixture/0.3/5/5/17
0.3,5,17,0,1000,200,5,constant,geomean,0.12315843454672526,5,1,1,mixture/0.3/5/5/17
0.3,5,17,0,1000,200,5,constant,ratio,0.08999999999999997,5,1,1,mixture/0.3/5/5/17
0.3,5,17,0,1000,200,5,constant,ratio-half,0.08999999999999997,5,1,1,mixture/0.3/5/5/17
0.3,5,18,0,400,200,5,constant,stated,0.6784994344878064,1,0,0,mixture/0.3/5/5/18
0.3,5,18,0,400,200,5,constant,geomean,0.16046806535881203,5,1,1,mixture/0.3/5/5/18
0.3,5,18,0,400,200,5,constant,ratio,0.07500000000000007,5,1,1,mixture/0.3/5/5/18
0.3,5,18,0,400,200,5,constant,ratio-half,0.07500000000000007,5,1,1,mixture/0.3/5/5/18
0.3,5,18,0,1000,200,5,constant,stated,0.5395907397331495,1,0,0,mixture/0.3/5/5/18
0.3,5,18,0,1000,200,5,constant,geomean,0.12066482503198667,5,1,1,mixture/0.3/5/5/18
0.3,5,18,0,1000,200,5,constant,ratio,0.04800000000000004,5,1,1,mixture/0.3/5/5/18
0.3,5,18,0,1000,200,5,constant,ratio-half,0.04800000000000004,5,1,1,mixture/0.3/5/5/18
0.3,5,19,0,400,200,5,constant,stated,0.6784994344878064,1,0,0,mixture/0.3/5/5/19
0.3,5,19,0,400,200,5,constant,geomean,0.1839157415774953,5,1,1,mixture/0.3/5/5/19
0.3,5,19,0,400,200,5,constant,ratio,0.1449999999999998,5,1,1,mixture/0.3/5/5/19
0.3,5,19,0,400,200,5,constant,ratio-half,0.1449999999999998,5,1,1,mixture/0.3/5/5/19
0.3,5,19,0,1000,200,5,constant,stated,0.5395907397331495,2,0,0,mixture/0.3/5/5/19
0.3,5,19,0,1000,200,5,constant,geomean,0.13810141201305662,5,1,1,mixture/0.3/5/5/19
0.3,5,19,0,1000,200,5,constant,ratio,0.052000000000000046,5,1,1,mixture/0.3/5/5/19
0.3,5,19,0,1000,200,5,constant,ratio-half,0.052000000000000046,5,1,1,mixture/0.3/5/5/19
0.3,6,0,0,400,200,5,constant,stated,0.6784994344878064,2,0,0,mixture/0.3/6/5/0
0.3,6,0,0,400,200,5,constant,geomean,0.21447610589527227,6,1,1,mixture/0.3/6/5/0
0.3,6,0,0,400,200,5,constant,ratio,0.09000000000000002,6,1,1,mixture/0.3/6/5/0
0.3,6,0,0,400,200,5,constant,ratio-half,0.09000000000000002,6,1,1,mixture/0.3/6/5/0
0.3,6,0,0,1000,200,5,constant,stated,0.5395907397331495,2,0,0,mixture/0.3/6/5/0
0.3,6,0,0,1000,200,5,constant,geomean,0.16899704139422095,6,1,1,mixture/0.3/6/5/0
0.3,6,0,0,1000,200,5,constant,ratio,0.04800000000000004,6,1,1,mixture/0.3/6/5/0
0.3,6,0,0,1000,200,5,constant,ratio-half,0.04800000000000004,6,1,1,mixture/0.3/6/5/0
0.3,6,1,0,400,200,5,constant,stated,0.6784994344878064,1,0,0,mixture/0.3/6/5/1
0.3,6,1,0,400,200,5,constant,geomean,0.13674794331177348,10,0,0,mixture/0.3/6/5/1
0.3,6,1,0,400,200,5,constant,ratio,0.26,3,0,0,mixture/0.3/6/5/1
0.3,6,1,0,400,200,5,constant,ratio-half,0.26,3,0,0,mixture/0.3/6/5/1
0.3,6,1,0,1000,200,5,constant,stated,0.5395907397331495,1,0,0,mixture/0.3/6/5/1
0.3,6,1,0,1000,200,5,constant,geomean,0.10673331251301071,7,0,0,mixture/0.3/6/5/1
0.3,6,1,0,1000,200,5,constant,ratio,0.10800000000000004,6,1,1,mixture/0.3/6/5/1
0.3,6,1,0,1000,200,5,constant,ratio-half,0.10800000000000004,6,1,1,mixture/0.3/6/5/1
0.3,6,2,0,400,200,5,constant,stated,0.6784994344878064,1,0,0,mixture/0.3/6/5/2
0.3,6,2,0,400,200,5,constant,geomean,0.18734993995195184,5,0,0,mixture/0.3/6/5/2
0.3,6,2,0,400,200,5,constant,ratio,0.21499999999999997,3,0,0,mixture/0.3/6/5/2
0.3,6,2,0,400,200,5,constant,ratio-half,0.21499999999999997,3,0,0,mixture/0.3/6/5/2
0.3,6,2,0,1000,200,5,constant,stated,0.5395907397331495,2,0,0,mixture/0.3/6/5/2
0.3,6,2,0,1000,200,5,constant,geomean,0.14235167719419403,6,1,1,mixture/0.3/6/5/2
0.3,6,2,0,1000,200,5,constant,ratio,0.08599999999999997,6,1,1,mixture/0.3/6/5/2
0.3,6,2,0,1000,200,5,constant,ratio-half,0.08599999999999997,6,1,1,mixture/0.3/6/5/2
0.3,6,3,0,400,200,5,constant,stated,0.6784994344878064,1,0,0,mixture/0.3/6/5/3
0.3,6,3,0,400,200,5,constant,geomean,0.16970562748477133,6,1,1,mixture/0.3/6/5/3
0.3,6,3,0,400,200,5,constant,ratio,0.14,6,1,1,mixture/0.3/6/5/3
0.3,6,3,0,400,200,5,constant,ratio-half,0.14,6,1,1,mixture/0.3/6/5/3
0.3,6,3,0,1000,200,5,constant,stated,0.5395907397331495,1,0,0,mixture/0.3/6/5/3
0.3,6,3,0,1000,200,5,constant,geomean,0.12854571171377116,6,1,1,mixture/0.3/6/5/3
0.3,6,3,0,1000,200,5,constant,ratio,0.07600000000000007,6,1,1,mixture/0.3/6/5/3
0.3,6,3,0,1000,200,5,constant,ratio-half,0.07600000000000007,6,1,1,mixture/0.3/6/5/3
0.3,6,4,0,400,200,5,constant,stated,0.6784994344878064,2,0,0,mixture/0.3/6/5/4
0.3,6,4,0,400,200,5,constant,geomean,0.20615528128088315,6,1,1,mixture/0.3/6/5/4
0.3,6,4,0,400,200,5,constant,ratio,0.4,2,0,0,mixture/0.3/6/5/4
0.3,6,4,0,400,200,5,constant,ratio-half,0.4,2,0,0,mixture/0.3/6/5/4
0.3,6,4,0,1000,200,5,constant,stated,0.5395907397331495,2,0,0,mixture/0.3/6/5/4
0.3,6,4,0,1000,200,5,constant,geomean,0.16395121225535364,6,1,1,mixture/0.3/6/5/4
0.3,6,4,0,1000,200,5,constant,ratio,0.04999999999999993,6,1,1,mixture/0.3/6/5/4
0.3,6,4,0,1000,200,5,constant,ratio-half,0.04999999999999993,6,1,1,mixture/0.3/6/5/4
0.3,6,5,0,400,200,5,constant,stated,0.6784994344878064,2,0,0,mixture/0.3/6/5/5
0.3,6,5,0,400,200,5,constant,geomean,0.20579115627256686,5,0,0,mixture/0.3/6/5/5
0.3,6,5,0,400,200,5,constant,ratio,0.29000000000000004,2,0,0,mixture/0.3/6/5/5
0.3,6,5,0,400,200,5,constant,ratio-half,0.29000000000000004,2,0,0,mixture/0.3/6/5/5
0.3,6,5,0,1000,200,5,constant,stated,0.5395907397331495,2,0,0,mixture/0.3/6/5/5
0.3,6,5,0,1000,200,5,constant,geomean,0.15375304875026063,6,1,1,mixture/0.3/6/5/5
0.3,6,5,0,1000,200,5,constant,ratio,0.05400000000000005,6,1,1,mixture/0.3/6/5/5
0.3,6,5,0,1000,200,5,constant,ratio-half,0.05400000000000005,6,1,1,mixture/0.3/6/5/5
0.3,6,6,0,400,200,5,constant,stated,0.6784994344878064,1,0,0,mixture/0.3/6/5/6
0.3,6,6,0,400,200,5,constant,geomean,0.18027756377319942,6,1,1,mixture/0.3/6/5/6
0.3,6,6,0,400,200,5,constant,ratio,0.125,6,1,1,mixture/0.3/6/5/6
0.3,6,6,0,400,200,5,constant,ratio-half,0.125,6,1,1,mixture/0.3/6/5/6
0.3,6,6,0,1000,200,5,constant,stated,0.5395907397331495,3,0,0,mixture/0.3/6/5/6
0.3,6,6,0,1000,200,5,constant,geomean,0.14587666023048382,6,1,1,mixture/0.3/6/5/6
0.3,6,6,0,1000,200,5,constant,ratio,0.06799999999999984,6,1,1,mixture/0.3/6/5/6
0.3,6,6,0,1000,200,5,constant,ratio-half,0.06799999999999984,6,1,1,mixture/0.3/6/5/6
0.3,6,7,0,400,200,5,constant,stated,0.6784994344878064,1,0,0,mixture/0.3/6/5/7
0.3,6,7,0,400,200,5,constant,geomean,0.17705931209625783,6,1,1,mixture/0.3/6/5/7
0.3,6,7,0,400,200,5,constant,ratio,0.27,3,0,0,mixture/0.3/6/5/7
0.3,6,7,0,400,200,5,constant,ratio-half,0.27,3,0,0,mixture/0.3/6/5/7
0.3,6,7,0,1000,200,5,constant,stated,0.5395907397331495,2,0,0,mixture/0.3/6/5/7
0.3,6,7,0,1000,200,5,constant,geomean,0.13763720427268183,6,1,1,mixture/0.3/6/5/7
0.3,6,7,0,1000,200,5,constant,ratio,0.07200000000000006,6,1,1,mixture/0.3/6/5/7
0.3,6,7,0,1000,200,5,constant,ratio-half,0.07200000000000006,6,1,1,mixture/0.3/6/5/7
0.3,6,8,0,400,200,5,constant,stated,0.6784994344878064,1,0,0,mixture/0.3/6/5/8
0.3,6,8,0,400,200,5,constant,geomean,0.15297058540778374,6,1,1,mixture/0.3/6/5/8
0.3,6,8,0,400,200,5,constant,ratio,0.13,6,1,1,mixture/0.3/6/5/8
0.3,6,8,0,400,200,5,constant,ratio-half,0.13,6,1,1,mixture/0.3/6/5/8
0.3,6,8,0,1000,200,5,constant,stated,0.5395907397331495,1,0,0,mixture/0.3/6/5/8
0.3,6,8,0,1000,200,5,constant,geomean,0.12328828005937942,6,1,1,mixture/0.3/6/5/8
0.3,6,8,0,1000,200,5,constant,ratio,0.06600000000000006,6,1,1,mixture/0.3/6/5/8
0.3,6,8,0,1000,200,5,constant,ratio-half,0.06600000000000006,6,1,1,mixture/0.3/6/5/8
0.3,6,9,0,400,200,5,constant,stated,0.6784994344878064,2,0,0,mixture/0.3/6/5/9
0.3,6,9,0,400,200,5,constant,geomean,0.19493588689617936,6,1,1,mixture/0.3/6/5/9
0.3,6,9,0,400,200,5,constant,ratio,0.09000000000000008,6,1,1,mixture/0.3/6/5/9
0.3,6,9,0,400,200,5,constant,ratio-half,0.09000000000000008,6,1,1,mixture/0.3/6/5/9
0.3,6,9,0,1000,200,5,constant,stated,0.5395907397331495,3,0,0,mixture/0.3/6/5/9
0.3,6,9,0,1000,200,5,constant,geomean,0.1568438714135813,6,1,1,mixture/0.3/6/5/9
0.3,6,9,0,1000,200,5,constant,ratio,0.050000000000000044,6,1,1,mixture/0.3/6/5/9
0.3,6,9,0,1000,200,5,constant,ratio-half,0.050000000000000044,6,1,1,mixture/0.3/6/5/9
0.3,6,10,0,400,200,5,constant,stated,0.6784994344878064,1,0,0,mixture/0.3/6/5/10
0.3,6,10,0,400,200,5,constant,geomean,0.15556349186104051,4,0,0,mixture/0.3/6/5/10
0.3,6,10,0,400,200,5,constant,ratio,0.15500000000000003,4,0,0,mixture/0.3/6/5/10
0.3,6,10,0,400,200,5,constant,ratio-half,0.15500000000000003,4,0,0,mixture/0.3/6/5/10
0.3,6,10,0,1000,200,5,constant,stated,0.5395907397331495,1,0,0,mixture/0.3/6/5/10
0.3,6,10,0,1000,200,5,constant,geomean,0.12315843454672527,5,0,0,mixture/0.3/6/5/10
0.3,6,10,0,1000,200,5,constant,ratio,0.134,4,0,0,mixture/0.3/6/5/10
0.3,6,10,0,1000,200,5,constant,ratio-half,0.134,4,0,0,mixture/0.3/6/5/10
0.3,6,11,0,400,200,5,constant,stated,0.6784994344878064,1,0,0,mixture/0.3/6/5/11
0.3,6,11,0,400,200,5,constant,geomean,0.1624807680927193,5,0,0,mixture/0.3/6/5/11
0.3,6,11,0,400,200,5,constant,ratio,0.17999999999999994,4,0,0,mixture/0.3/6/5/11
0.3,6,11,0,400,200,5,constant,ratio-half,0.17999999999999994,4,0,0,mixture/0.3/6/5/11
0.3,6,11,0,1000,200,5,constant,stated,0.5395907397331495,1,0,0,mixture/0.3/6/5/11
0.3,6,11,0,1000,200,5,constant,geomean,0.13117926665445276,5,0,0,mixture/0.3/6/5/11
0.3,6,11,0,1000,200,5,constant,ratio,0.16600000000000004,4,0,0,mixture/0.3/6/5/11
0.3,6,11,0,1000,200,5,constant,ratio-half,0.16600000000000004,4,0,0,mixture/0.3/6/5/11
0.3,6,12,0,400,200,5,constant,stated,0.6784994344878064,2,0,0,mixture/0.3/6/5/12
0.3,6,12,0,400,200,5,constant,geomean,0.2368543856465401,4,0,0,mixture/0.3/6/5/12
0.3,6,12,0,400,200,5,constant,ratio,0.4799999999999999,2,0,0,mixture/0.3/6/5/12
0.3,6,12,0,400,200,5,constant,ratio-half,0.4799999999999999,2,0,0,mixture/0.3/6/5/12
0.3,6,12,0,1000,200,5,constant,stated,0.5395907397331495,2,0,0,mixture/0.3/6/5/12
0.3,6,12,0,1000,200,5,constant,geomean,0.1881276162608773,5,0,0,mixture/0.3/6/5/12
0.3,6,12,0,1000,200,5,constant,ratio,0.04799999999999993,6,1,1,mixture/0.3/6/5/12
0.3,6,12,0,1000,200,5,constant,ratio-half,0.04799999999999993,6,1,1,mixture/0.3/6/5/12
0.3,6,13,0,400,200,5,constant,stated,0.6784994344878064,1,0,0,mixture/0.3/6/5/13
0.3,6,13,0,400,200,5,constant,geomean,0.14645818515876802,5,0,0,mixture/0.3/6/5/13
0.3,6,13,0,400,200,5,constant,ratio,0.09999999999999998,5,0,0,mixture/0.3/6/5/13
0.3,6,13,0,400,200,5,constant,ratio-half,0.09999999999999998,5,0,0,mixture/0.3/6/5/13
0.3,6,13,0,1000,200,5,constant,stated,0.5395907397331495,1,0,0,mixture/0.3/6/5/13
0.3,6,13,0,1000,200,5,constant,geomean,0.11357816691600543,5,0,0,mixture/0.3/6/5/13
0.3,6,13,0,1000,200,5,constant,ratio,0.08799999999999997,5,0,0,mixture/0.3/6/5/13
0.3,6,13,0,1000,200,5,constant,ratio-half,0.08799999999999997,5,0,0,mixture/0.3/6/5/13
0.3,6,14,0,400,200,5,constant,stated,0.6784994344878064,1,0,0,mixture/0.3/6/5/14
0.3,6,14,0,400,200,5,constant,geomean,0.14645818515876818,6,1,1,mixture/0.3/6/5/14
0.3,6,14,0,400,200,5,constant,ratio,0.135,6,1,1,mixture/0.3/6/5/14
0.3,6,14,0,400,200,5,constant,ratio-half,0.135,6,1,1,mixture/0.3/6/5/14
0.3,6,14,0,1000,200,5,constant,stated,0.5395907397331495,1,0,0,mixture/0.3/6/5/14
0.3,6,14,0,1000,200,5,constant,geomean,0.11341957503006266,6,1,1,mixture/0.3/6/5/14
0.3,6,14,0,1000,200,5,constant,ratio,0.051999999999999935,6,1,1,mixture/0.3/6/5/14
0.3,6,14,0,1000,200,5,constant,ratio-half,0.051999999999999935,6,1,1,mixture/0.3/6/5/14
0.3,6,15,0,400,200,5,constant,stated,0.6784994344878064,1,0,0,mixture/0.3/6/5/15
0.3,6,15,0,400,200,5,constant,geomean,0.15732132722552264,6,1,1,mixture/0.3/6/5/15
0.3,6,15,0,400,200,5,constant,ratio,0.18499999999999994,5,0,0,mixture/0.3/6/5/15
0.3,6,15,0,400,200,5,constant,ratio-half,0.18499999999999994,5,0,0,mixture/0.3/6/5/15
0.3,6,15,0,1000,200,5,constant,stated,0.5395907397331495,1,0,0,mixture/0.3/6/5/15
0.3,6,15,0,1000,200,5,constant,geomean,0.11489125293076063,6,1,1,mixture/0.3/6/5/15
0.3,6,15,0,1000,200,5,constant,ratio,0.05400000000000005,6,1,1,mixture/0.3/6/5/15
0.3,6,15,0,1000,200,5,constant,ratio-half,0.05400000000000005,6,1,1,mixture/0.3/6/5/15
0.3,6,16,0,400,200,5,constant,stated,0.6784994344878064,1,0,0,mixture/0.3/6/5/16
0.3,6,16,0,400,200,5,constant,geomean,0.1455163221085524,6,1,1,mixture/0.3/6/5/16
0.3,6,16,0,400,200,5,constant,ratio,0.08500000000000008,6,1,1,mixture/0.3/6/5/16
0.3,6,16,0,400,200,5,constant,ratio-half,0.08500000000000008,6,1,1,mixture/0.3/6/5/16
0.3,6,16,0,1000,200,5,constant,stated,0.5395907397331495,1,0,0,mixture/0.3/6/5/16
0.3,6,16,0,1000,200,5,constant,geomean,0.1106345334875147,6,1,1,mixture/0.3/6/5/16
0.3,6,16,0,1000,200,5,constant,ratio,0.04400000000000004,6,1,1,mixture/0.3/6/5/16
0.3,6,16,0,1000,200,5,constant,ratio-half,0.04400000000000004,6,1,1,mixture/0.3/6/5/16
0.3,6,17,0,400,200,5,constant,stated,0.6784994344878064,2,0,0,mixture/0.3/6/5/17
0.3,6,17,0,400,200,5,constant,geomean,0.23075961518428662,6,1,1,mixture/0.3/6/5/17
0.3,6,17,0,400,200,5,constant,ratio,0.125,6,1,1,mixture/0.3/6/5/17
0.3,6,17,0,400,200,5,constant,ratio-half,0.125,6,1,1,mixture/0.3/6/5/17
0.3,6,17,0,1000,200,5,constant,stated,0.5395907397331495,2,0,0,mixture/0.3/6/5/17
0.3,6,17,0,1000,200,5,constant,geomean,0.18165902124584957,6,1,1,mixture/0.3/6/5/17
0.3,6,17,0,1000,200,5,constant,ratio,0.10599999999999998,6,1,1,mixture/0.3/6/5/17
0.3,6,17,0,1000,200,5,constant,ratio-half,0.10599999999999998,6,1,1,mixture/0.3/6/5/17
0.3,6,18,0,400,200,5,constant,stated,0.6784994344878064,1,0,0,mixture/0.3/6/5/18
0.3,6,18,0,400,200,5,constant,geomean,0.17248188310660348,6,1,1,mixture/0.3/6/5/18
0.3,6,18,0,400,200,5,constant,ratio,0.19000000000000006,5,0,0,mixture/0.3/6/5/18
0.3,6,18,0,400,200,5,constant,ratio-half,0.19000000000000006,5,0,0,mixture/0.3/6/5/18
0.3,6,18,0,1000,200,5,constant,stated,0.5395907397331495,1,0,0,mixture/0.3/6/5/18
0.3,6,18,0,1000,200,5,constant,geomean,0.13778243719719874,6,1,1,mixture/0.3/6/5/18
0.3,6,18,0,1000,200,5,constant,ratio,0.08200000000000007,6,1,1,mixture/0.3/6/5/18
0.3,6,18,0,1000,200,5,constant,ratio-half,0.08200000000000007,6,1,1,mixture/0.3/6/5/18
0.3,6,19,0,400,200,5,constant,stated,0.6784994344878064,1,0,0,mixture/0.3/6/5/19
0.3,6,19,0,400,200,5,constant,geomean,0.1347219358530747,6,1,1,mixture/0.3/6/5/19
0.3,6,19,0,400,200,5,constant,ratio,0.08499999999999996,6,1,1,mixture/0.3/6/5/19
0.3,6,19,0,400,200,5,constant,ratio-half,0.08499999999999996,6,1,1,mixture/0.3/6/5/19
0.3,6,19,0,1000,200,5,constant,stated,0.5395907397331495,1,0,0,mixture/0.3/6/5/19
0.3,6,19,0,1000,200,5,constant,geomean,0.09889388252060899,6,1,1,mixture/0.3/6/5/19
0.3,6,19,0,1000,200,5,constant,ratio,0.04800000000000004,6,1,1,mixture/0.3/6/5/19
0.3,6,19,0,1000,200,5,constant,ratio-half,0.04800000000000004,6,1,1,mixture/0.3/6/5/19
0.3,7,0,0,400,200,5,constant,stated,0.6784994344878064,1,0,0,mixture/0.3/7/5/0
0.3,7,0,0,400,200,5,constant,geomean,0.15732132722552272,7,1,1,mixture/0.3/7/5/0
0.3,7,0,0,400,200,5,constant,ratio,0.12,7,1,1,mixture/0.3/7/5/0
0.3,7,0,0,400,200,5,constant,ratio-half,0.12,7,1,1,mixture/0.3/7/5/0
0.3,7,0,0,1000,200,5,constant,stated,0.5395907397331495,1,0,0,mixture/0.3/7/5/0
0.3,7,0,0,1000,200,5,constant,geomean,0.1173030263889215,7,1,1,mixture/0.3/7/5/0
0.3,7,0,0,1000,200,5,constant,ratio,0.06800000000000006,7,1,1,mixture/0.3/7/5/0
0.3,7,0,0,1000,200,5,constant,ratio-half,0.06800000000000006,7,1,1,mixture/0.3/7/5/0
0.3,7,1,0,400,200,5,constant,stated,0.6784994344878064,2,0,0,mixture/0.3/7/5/1
0.3,7,1,0,400,200,5,constant,geomean,0.19339079605813725,7,1,1,mixture/0.3/7/5/1
0.3,7,1,0,400,200,5,constant,ratio,0.10499999999999998,7,1,1,mixture/0.3/7/5/1
0.3,7,1,0,400,200,5,constant,ratio-half,0.10499999999999998,7,1,1,mixture/0.3/7/5/1
0.3,7,1,0,1000,200,5,constant,stated,0.5395907397331495,3,0,0,mixture/0.3/7/5/1
0.3,7,1,0,1000,200,5,constant,geomean,0.15360989551457946,7,1,1,mixture/0.3/7/5/1
0.3,7,1,0,1000,200,5,constant,ratio,0.06600000000000006,7,1,1,mixture/0.3/7/5/1
0.3,7,1,0,1000,200,5,constant,ratio-half,0.06600000000000006,7,1,1,mixture/0.3/7/5/1
0.3,7,2,0,400,200,5,constant,stated,0.6784994344878064,2,0,0,mixture/0.3/7/5/2
0.3,7,2,0,400,200,5,constant,geomean,0.19691368667515227,5,0,0,mixture/0.3/7/5/2
0.3,7,2,0,400,200,5,constant,ratio,0.25,3,0,0,mixture/0.3/7/5/2
0.3,7,2,0,400,200,5,constant,ratio-half,0.25,3,0,0,mixture/0.3/7/5/2
0.3,7,2,0,1000,200,5,constant,stated,0.5395907397331495,3,0,0,mixture/0.3/7/5/2
0.3,7,2,0,1000,200,5,constant,geomean,0.1551257554373226,5,0,0,mixture/0.3/7/5/2
0.3,7,2,0,1000,200,5,constant,ratio,0.238,3,0,0,mixture/0.3/7/5/2
0.3,7,2,0,1000,200,5,constant,ratio-half,0.238,3,0,0,mixture/0.3/7/5/2
0.3,7,3,0,400,200,5,constant,stated,0.6784994344878064,1,0,0,mixture/0.3/7/5/3
0.3,7,3,0,400,200,5,constant,geomean,0.155884572681199,7,1,1,mixture/0.3/7/5/3
0.3,7,3,0,400,200,5,constant,ratio,0.13,7,1,1,mixture/0.3/7/5/3
0.3,7,3,0,400,200,5,constant,ratio-half,0.13,7,1,1,mixture/0.3/7/5/3
0.3,7,3,0,1000,200,5,constant,stated,0.5395907397331495,1,0,0,mixture/0.3/7/5/3
0.3,7,3,0,1000,200,5,constant,geomean,0.12441864811996638,7,1,1,mixture/0.3/7/5/3
0.3,7,3,0,1000,200,5,constant,ratio,0.07799999999999996,7,1,1,mixture/0.3/7/5/3
0.3,7,3,0,1000,200,5,constant,ratio-half,0.07799999999999996,7,1,1,mixture/0.3/7/5/3
0.3,7,4,0,400,200,5,constant,stated,0.6784994344878064,1,0,0,mixture/0.3/7/5/4
0.3,7,4,0,400,200,5,constant,geomean,0.16309506430300086,7,1,1,mixture/0.3/7/5/4
0.3,7,4,0,400,200,5,constant,ratio,0.1200000000000001,7,1,1,mixture/0.3/7/5/4
0.3,7,4,0,400,200,5,constant,ratio-half,0.1200000000000001,7,1,1,mixture/0.3/7/5/4
0.3,7,4,0,1000,200,5,constant,stated,0.5395907397331495,1,0,0,mixture/0.3/7/5/4
0.3,7,4,0,1000,200,5,constant,geomean,0.12296340919151506,7,1,1,mixture/0.3/7/5/4
0.3,7,4,0,1000,200,5,constant,ratio,0.07800000000000007,7,1,1,mixture/0.3/7/5/4
0.3,7,4,0,1000,200,5,constant,ratio-half,0.07800000000000007,7,1,1,mixture/0.3/7/5/4
0.3,7,5,0,400,200,5,constant,stated,0.6784994344878064,2,0,0,mixture/0.3/7/5/5
0.3,7,5,0,400,200,5,constant,geomean,0.19761072845369512,9,0,0,mixture/0.3/7/5/5
0.3,7,5,0,400,200,5,constant,ratio,0.24,5,0,0,mixture/0.3/7/5/5
0.3,7,5,0,400,200,5,constant,ratio-half,0.24,5,0,0,mixture/0.3/7/5/5
0.3,7,5,0,1000,200,5,constant,stated,0.5395907397331495,2,0,0,mixture/0.3/7/5/5
0.3,7,5,0,1000,200,5,constant,geomean,0.15737852458324808,7,1,1,mixture/0.3/7/5/5
0.3,7,5,0,1000,200,5,constant,ratio,0.124,7,1,1,mixture/0.3/7/5/5
0.3,7,5,0,1000,200,5,constant,ratio-half,0.124,7,1,1,mixture/0.3/7/5/5
0.3,7,6,0,400,200,5,constant,stated,0.6784994344878064,1,0,0,mixture/0.3/7/5/6
0.3,7,6,0,400,200,5,constant,geomean,0.1905255888325764,7,1,1,mixture/0.3/7/5/6
0.3,7,6,0,400,200,5,constant,ratio,0.27,4,0,0,mixture/0.3/7/5/6
0.3,7,6,0,400,200,5,constant,ratio-half,0.27,4,0,0,mixture/0.3/7/5/6
0.3,7,6,0,1000,200,5,constant,stated,0.5395907397331495,4,0,0,mixture/0.3/7/5/6
0.3,7,6,0,1000,200,5,constant,geomean,0.14859340496805373,7,1,1,mixture/0.3/7/5/6
0.3,7,6,0,1000,200,5,constant,ratio,0.07399999999999984,7,1,1,mixture/0.3/7/5/6
0.3,7,6,0,1000,200,5,constant,ratio-half,0.07399999999999984,7,1,1,mixture/0.3/7/5/6
0.3,7,7,0,400,200,5,constant,stated,0.6784994344878064,1,0,0,mixture/0.3/7/5/7
0.3,7,7,0,400,200,5,constant,geomean,0.18466185312619388,7,1,1,mixture/0.3/7/5/7
0.3,7,7,0,400,200,5,constant,ratio,0.10999999999999999,7,1,1,mixture/0.3/7/5/7
0.3,7,7,0,400,200,5,constant,ratio-half,0.10999999999999999,7,1,1,mixture/0.3/7/5/7
0.3,7,7,0,1000,200,5,constant,stated,0.5395907397331495,3,0,0,mixture/0.3/7/5/7
0.3,7,7,0,1000,200,5,constant,geomean,0.14491376746189444,7,1,1,mixture/0.3/7/5/7
0.3,7,7,0,1000,200,5,constant,ratio,0.08200000000000007,7,1,1,mixture/0.3/7/5/7
0.3,7,7,0,1000,200,5,constant,ratio-half,0.08200000000000007,7,1,1,mixture/0.3/7/5/7
0.3,7,8,0,400,200,5,constant,stated,0.6784994344878064,1,0,0,mixture/0.3/7/5/8
0.3,7,8,0,400,200,5,constant,geomean,0.13973188612482113,7,1,1,mixture/0.3/7/5/8
0.3,7,8,0,400,200,5,constant,ratio,0.10000000000000009,7,1,1,mixture/0.3/7/5/8
0.3,7,8,0,400,200,5,constant,ratio-half,0.10000000000000009,7,1,1,mixture/0.3/7/5/8
0.3,7,8,0,1000,200,5,constant,stated,0.5395907397331495,1,0,0,mixture/0.3/7/5/8
0.3,7,8,0,1000,200,5,constant,geomean,0.10305338422390604,7,1,1,mixture/0.3/7/5/8
0.3,7,8,0,1000,200,5,constant,ratio,0.05600000000000005,7,1,1,mixture/0.3/7/5/8
0.3,7,8,0,1000,200,5,constant,ratio-half,0.05600000000000005,7,1,1,mixture/0.3/7/5/8
0.3,7,9,0,400,200,5,constant,stated,0.6784994344878064,1,0,0,mixture/0.3/7/5/9
0.3,7,9,0,400,200,5,constant,geomean,0.1251998402554892,7,1,0,mixture/0.3/7/5/9
0.3,7,9,0,400,200,5,constant,ratio,0.15000000000000002,4,0,0,mixture/0.3/7/5/9
0.3,7,9,0,400,200,5,constant,ratio-half,0.15000000000000002,4,0,0,mixture/0.3/7/5/9
0.3,7,9,0,1000,200,5,constant,stated,0.5395907397331495,1,0,0,mixture/0.3/7/5/9
0.3,7,9,0,1000,200,5,constant,geomean,0.10099504938362067,7,1,1,mixture/0.3/7/5/9
0.3,7,9,0,1000,200,5,constant,ratio,0.06800000000000006,7,1,1,mixture/0.3/7/5/9
0.3,7,9,0,1000,200,5,constant,ratio-half,0.06800000000000006,7,1,1,mixture/0.3/7/5/9
0.3,7,10,0,400,200,5,constant,stated,0.6784994344878064,1,0,0,mixture/0.3/7/5/10
0.3,7,10,0,400,200,5,constant,geomean,0.13369741957120942,7,1,1,mixture/0.3/7/5/10
0.3,7,10,0,400,200,5,constant,ratio,0.09000000000000008,7,1,1,mixture/0.3/7/5/10
0.3,7,10,0,400,200,5,constant,ratio-half,0.09000000000000008,7,1,1,mixture/0.3/7/5/10
0.3,7,10,0,1000,200,5,constant,stated,0.5395907397331495,1,0,0,mixture/0.3/7/5/10
0.3,7,10,0,1000,200,5,constant,geomean,0.10338278386656055,7,1,1,mixture/0.3/7/5/10
0.3,7,10,0,1000,200,5,constant,ratio,0.04599999999999993,7,1,1,mixture/0.3/7/5/10
0.3,7,10,0,1000,200,5,constant,ratio-half,0.04599999999999993,7,1,1,mixture/0.3/7/5/10
0.3,7,11,0,400,200,5,constant,stated,0.6784994344878064,1,0,0,mixture/0.3/7/5/11
0.3,7,11,0,400,200,5,constant,geomean,0.13784048752090225,7,1,1,mixture/0.3/7/5/11
0.3,7,11,0,400,200,5,constant,ratio,0.09499999999999997,7,1,1,mixture/0.3/7/5/11
0.3,7,11,0,400,200,5,constant,ratio-half,0.09499999999999997,7,1,1,mixture/0.3/7/5/11
0.3,7,11,0,1000,200,5,constant,stated,0.5395907397331495,1,0,0,mixture/0.3/7/5/11
0.3,7,11,0,1000,200,5,constant,geomean,0.10648943609579294,7,1,1,mixture/0.3/7/5/11
0.3,7,11,0,1000,200,5,constant,ratio,0.05800000000000005,7,1,1,mixture/0.3/7/5/11
0.3,7,11,0,1000,200,5,constant,ratio-half,0.05800000000000005,7,1,1,mixture/0.3/7/5/11
0.3,7,12,0,400,200,5,constant,stated,0.6784994344878064,2,0,0,mixture/0.3/7/5/12
0.3,7,12,0,400,200,5,constant,geomean,0.2130140840414078,7,1,1,mixture/0.3/7/5/12
0.3,7,12,0,400,200,5,constant,ratio,0.42500000000000004,2,0,0,mixture/0.3/7/5/12
0.3,7,12,0,400,200,5,constant,ratio-half,0.42500000000000004,2,0,0,mixture/0.3/7/5/12
0.3,7,12,0,1000,200,5,constant,stated,0.5395907397331495,2,0,0,mixture/0.3/7/5/12
0.3,7,12,0,1000,200,5,constant,geomean,0.1632176461048254,7,1,1,mixture/0.3/7/5/12
0.3,7,12,0,1000,200,5,constant,ratio,0.122,7,1,1,mixture/0.3/7/5/12
0.3,7,12,0,1000,200,5,constant,ratio-half,0.122,7,1,1,mixture/0.3/7/5/12
0.3,7,13,0,400,200,5,constant,stated,0.6784994344878064,1,0,0,mixture/0.3/7/5/13
0.3,7,13,0,400,200,5,constant,geomean,0.16718253497300484,7,1,1,mixture/0.3/7/5/13
0.3,7,13,0,400,200,5,constant,ratio,0.14500000000000002,7,1,1,mixture/0.3/7/5/13
0.3,7,13,0,400,200,5,constant,ratio-half,0.14500000000000002,7,1,1,mixture/0.3/7/5/13
0.3,7,13,0,1000,200,5,constant,stated,0.5395907397331495,1,0,0,mixture/0.3/7/5/13
0.3,7,13,0,1000,200,5,constant,geomean,0.1281249390243758,7,1,1,mixture/0.3/7/5/13
0.3,7,13,0,1000,200,5,constant,ratio,0.062000000000000055,7,1,1,mixture/0.3/7/5/13
0.3,7,13,0,1000,200,5,constant,ratio-half,0.062000000000000055,7,1,1,mixture/0.3/7/5/13
0.3,7,14,0,400,200,5,constant,stated,0.6784994344878064,1,0,0,mixture/0.3/7/5/14
0.3,7,14,0,400,200,5,constant,geomean,0.17320508075688765,7,1,1,mixture/0.3/7/5/14
0.3,7,14,0,400,200,5,constant,ratio,0.29500000000000004,3,0,0,mixture/0.3/7/5/14
0.3,7,14,0,400,200,5,constant,ratio-half,0.29500000000000004,3,0,0,mixture/0.3/7/5/14
0.3,7,14,0,1000,200,5,constant,stated,0.5395907397331495,2,0,0,mixture/0.3/7/5/14
0.3,7,14,0,1000,200,5,constant,geomean,0.13749181793837775,7,1,1,mixture/0.3/7/5/14
0.3,7,14,0,1000,200,5,constant,ratio,0.062000000000000055,7,1,1,mixture/0.3/7/5/14
0.3,7,14,0,1000,200,5,constant,ratio-half,0.062000000000000055,7,1,1,mixture/0.3/7/5/14
0.3,7,15,0,400,200,5,constant,stated,0.6784994344878064,1,0,0,mixture/0.3/7/5/15
0.3,7,15,0,400,200,5,constant,geomean,0.15588457268119887,7,1,1,mixture/0.3/7/5/15
0.3,7,15,0,400,200,5,constant,ratio,0.09499999999999997,7,1,1,mixture/0.3/7/5/15
0.3,7,15,0,400,200,5,constant,ratio-half,0.09499999999999997,7,1,1,mixture/0.3/7/5/15
0.3,7,15,0,1000,200,5,constant,stated,0.5395907397331495,1,0,0,mixture/0.3/7/5/15
0.3,7,15,0,1000,200,5,constant,geomean,0.11921409312660969,7,1,1,mixture/0.3/7/5/15
0.3,7,15,0,1000,200,5,constant,ratio,0.08799999999999997,7,1,1,mixture/0.3/7/5/15
0.3,7,15,0,1000,200,5,constant,ratio-half,0.08799999999999997,7,1,1,mixture/0.3/7/5/15
0.3,7,16,0,400,200,5,constant,stated,0.6784994344878064,1,0,0,mixture/0.3/7/5/16
0.3,7,16,0,400,200,5,constant,geomean,0.165227116418583,6,0,0,mixture/0.3/7/5/16
0.3,7,16,0,400,200,5,constant,ratio,0.16000000000000003,6,0,0,mixture/0.3/7/5/16
0.3,7,16,0,400,200,5,constant,ratio-half,0.16000000000000003,6,0,0,mixture/0.3/7/5/16
0.3,7,16,0,1000,200,5,constant,stated,0.5395907397331495,1,0,0,mixture/0.3/7/5/16
0.3,7,16,0,1000,200,5,constant,geomean,0.1306292463424633,6,0,0,mixture/0.3/7/5/16
0.3,7,16,0,1000,200,5,constant,ratio,0.09000000000000002,6,0,0,mixture/0.3/7/5/16
0.3,7,16,0,1000,200,5,constant,ratio-half,0.09000000000000002,6,0,0,mixture/0.3/7/5/16
0.3,7,17,0,400,200,5,constant,stated,0.6784994344878064,1,0,0,mixture/0.3/7/5/17
0.3,7,17,0,400,200,5,constant,geomean,0.15297058540778347,7,1,1,mixture/0.3/7/5/17
0.3,7,17,0,400,200,5,constant,ratio,0.10999999999999999,7,1,1,mixture/0.3/7/5/17
0.3,7,17,0,400,200,5,constant,ratio-half,0.10999999999999999,7,1,1,mixture/0.3/7/5/17
0.3,7,17,0,1000,200,5,constant,stated,0.5395907397331495,1,0,0,mixture/0.3/7/5/17
0.3,7,17,0,1000,200,5,constant,geomean,0.11509995655950533,7,1,1,mixture/0.3/7/5/17
0.3,7,17,0,1000,200,5,constant,ratio,0.06799999999999995,7,1,1,mixture/0.3/7/5/17
0.3,7,17,0,1000,200,5,constant,ratio-half,0.06799999999999995,7,1,1,mixture/0.3/7/5/17
0.3,7,18,0,400,200,5,constant,stated,0.6784994344878064,1,0,0,mixture/0.3/7/5/18
0.3,7,18,0,400,200,5,constant,geomean,0.17428425057933372,6,0,0,mixture/0.3/7/5/18
0.3,7,18,0,400,200,5,constant,ratio,0.20999999999999996,3,0,0,mixture/0.3/7/5/18
0.3,7,18,0,400,200,5,constant,ratio-half,0.20999999999999996,3,0,0,mixture/0.3/7/5/18
0.3,7,18,0,1000,200,5,constant,stated,0.5395907397331495,1,0,0,mixture/0.3/7/5/18
0.3,7,18,0,1000,200,5,constant,geomean,0.15097019573412482,7,1,1,mixture/0.3/7/5/18
0.3,7,18,0,1000,200,5,constant,ratio,0.07399999999999995,7,1,1,mixture/0.3/7/5/18
0.3,7,18,0,1000,200,5,constant,ratio-half,0.07399999999999995,7,1,1,mixture/0.3/7/5/18
0.3,7,19,0,400,200,5,constant,stated,0.6784994344878064,1,0,0,mixture/0.3/7/5/19
0.3,7,19,0,400,200,5,constant,geomean,0.1436140661634508,7,1,1,mixture/0.3/7/5/19
0.3,7,19,0,400,200,5,constant,ratio,0.10999999999999999,7,1,1,mixture/0.3/7/5/19
0.3,7,19,0,400,200,5,constant,ratio-half,0.10999999999999999,7,1,1,mixture/0.3/7/5/19
0.3,7,19,0,1000,200,5,constant,stated,0.5395907397331495,1,0,0,mixture/0.3/7/5/19
0.3,7,19,0,1000,200,5,constant,geomean,0.11113955191559849,7,1,1,mixture/0.3/7/5/19
0.3,7,19,0,1000,200,5,constant,ratio,0.062000000000000055,7,1,1,mixture/0.3/7/5/19
0.3,7,19,0,1000,200,5,constant,ratio-half,0.062000000000000055,7,1,1,mixture/0.3/7/5/19
0.3,8,0,0,400,200,5,constant,stated,0.6784994344878064,2,0,0,mixture/0.3/8/5/0
0.3,8,0,0,400,200,5,constant,geomean,0.2264950330581225,7,0,0,mixture/0.3/8/5/0
0.3,8,0,0,400,200,5,constant,ratio,0.495,2,0,0,mixture/0.3/8/5/0
0.3,8,0,0,400,200,5,constant,ratio-half,0.495,2,0,0,mixture/0.3/8/5/0
0.3,8,0,0,1000,200,5,constant,stated,0.5395907397331495,2,0,0,mixture/0.3/8/5/0
0.3,8,0,0,1000,200,5,constant,geomean,0.1745393938341715,8,1,1,mixture/0.3/8/5/0
0.3,8,0,0,1000,200,5,constant,ratio,0.07400000000000001,8,1,1,mixture/0.3/8/5/0
0.3,8,0,0,1000,200,5,constant,ratio-half,0.07400000000000001,8,1,1,mixture/0.3/8/5/0
0.3,8,1,0,400,200,5,constant,stated,0.6784994344878064,1,0,0,mixture/0.3/8/5/1
0.3,8,1,0,400,200,5,constant,geomean,0.12449899597988738,8,1,1,mixture/0.3/8/5/1
0.3,8,1,0,400,200,5,constant,ratio,0.08499999999999996,8,1,1,mixture/0.3/8/5/1
0.3,8,1,0,400,200,5,constant,ratio-half,0.08499999999999996,8,1,1,mixture/0.3/8/5/1
0.3,8,1,0,1000,200,5,constant,stated,0.5395907397331495,1,0,0,mixture/0.3/8/5/1
0.3,8,1,0,1000,200,5,constant,geomean,0.09699484522385717,8,1,1,mixture/0.3/8/5/1
0.3,8,1,0,1000,200,5,constant,ratio,0.05399999999999994,8,1,1,mixture/0.3/8/5/1
0.3,8,1,0,1000,200,5,constant,ratio-half,0.05399999999999994,8,1,1,mixture/0.3/8/5/1
0.3,8,2,0,400,200,5,constant,stated,0.6784994344878064,1,0,0,mixture/0.3/8/5/2
0.3,8,2,0,400,200,5,constant,geomean,0.1800000000000001,7,0,0,mixture/0.3/8/5/2
0.3,8,2,0,400,200,5,constant,ratio,0.17499999999999993,7,0,0,mixture/0.3/8/5/2
0.3,8,2,0,400,200,5,constant,ratio-half,0.17499999999999993,7,0,0,mixture/0.3/8/5/2
0.3,8,2,0,1000,200,5,constant,stated,0.5395907397331495,2,0,0,mixture/0.3/8/5/2
0.3,8,2,0,1000,200,5,constant,geomean,0.15716233645501718,8,1,1,mixture/0.3/8/5/2
0.3,8,2,0,1000,200,5,constant,ratio,0.08400000000000007,8,1,1,mixture/0.3/8/5/2
0.3,8,2,0,1000,200,5,constant,ratio-half,0.08400000000000007,8,1,1,mixture/0.3/8/5/2
0.3,8,3,0,400,200,5,constant,stated,0.6784994344878064,2,0,0,mixture/0.3/8/5/3
0.3,8,3,0,400,200,5,constant,geomean,0.2514955267991862,8,1,0,mixture/0.3/8/5/3
0.3,8,3,0,400,200,5,constant,ratio,0.615,2,0,0,mixture/0.3/8/5/3
0.3,8,3,0,400,200,5,constant,ratio-half,0.615,2,0,0,mixture/0.3/8/5/3
0.3,8,3,0,1000,200,5,constant,stated,0.5395907397331495,3,0,0,mixture/0.3/8/5/3
0.3,8,3,0,1000,200,5,constant,geomean,0.1964484665249389,8,1,1,mixture/0.3/8/5/3
0.3,8,3,0,1000,200,5,constant,ratio,0.09000000000000008,8,1,1,mixture/0.3/8/5/3
0.3,8,3,0,1000,200,5,constant,ratio-half,0.09000000000000008,8,1,1,mixture/0.3/8/5/3
0.3,8,4,0,400,200,5,constant,stated,0.6784994344878064,1,0,0,mixture/0.3/8/5/4
0.3,8,4,0,400,200,5,constant,geomean,0.15288884851420678,8,1,1,mixture/0.3/8/5/4
0.3,8,4,0,400,200,5,constant,ratio,0.13,8,1,1,mixture/0.3/8/5/4
0.3,8,4,0,400,200,5,constant,ratio-half,0.13,8,1,1,mixture/0.3/8/5/4
0.3,8,4,0,1000,200,5,constant,stated,0.5395907397331495,1,0,0,mixture/0.3/8/5/4
0.3,8,4,0,1000,200,5,constant,geomean,0.11784735890124994,8,1,1,mixture/0.3/8/5/4
0.3,8,4,0,1000,200,5,constant,ratio,0.10199999999999998,8,1,1,mixture/0.3/8/5/4
0.3,8,4,0,1000,200,5,constant,ratio-half,0.10199999999999998,8,1,1,mixture/0.3/8/5/4
0.3,8,5,0,400,200,5,constant,stated,0.6784994344878064,1,0,0,mixture/0.3/8/5/5
0.3,8,5,0,400,200,5,constant,geomean,0.14551632210855253,8,1,1,mixture/0.3/8/5/5
0.3,8,5,0,400,200,5,constant,ratio,0.10999999999999999,8,1,1,mixture/0.3/8/5/5
0.3,8,5,0,400,200,5,constant,ratio-half,0.10999999999999999,8,1,1,mixture/0.3/8/5/5
0.3,8,5,0,1000,200,5,constant,stated,0.5395907397331495,1,0,0,mixture/0.3/8/5/5
0.3,8,5,0,1000,200,5,constant,geomean,0.11341957503006266,8,1,1,mixture/0.3/8/5/5
0.3,8,5,0,1000,200,5,constant,ratio,0.06799999999999995,8,1,1,mixture/0.3/8/5/5
0.3,8,5,0,1000,200,5,constant,ratio-half,0.06799999999999995,8,1,1,mixture/0.3/8/5/5
0.3,8,6,0,400,200,5,constant,stated,0.6784994344878064,1,0,0,mixture/0.3/8/5/6
0.3,8,6,0,400,200,5,constant,geomean,0.14645818515876802,7,0,0,mixture/0.3/8/5/6
0.3,8,6,0,400,200,5,constant,ratio,0.13,7,0,0,mixture/0.3/8/5/6
0.3,8,6,0,400,200,5,constant,ratio-half,0.13,7,0,0,mixture/0.3/8/5/6
0.3,8,6,0,1000,200,5,constant,stated,0.5395907397331495,1,0,0,mixture/0.3/8/5/6
0.3,8,6,0,1000,200,5,constant,geomean,0.11454256850621088,8,1,1,mixture/0.3/8/5/6
0.3,8,6,0,1000,200,5,constant,ratio,0.124,7,0,0,mixture/0.3/8/5/6
0.3,8,6,0,1000,200,5,constant,ratio-half,0.124,7,0,0,mixture/0.3/8/5/6
0.3,8,7,0,400,200,5,constant,stated,0.6784994344878064,2,0,0,mixture/0.3/8/5/7
0.3,8,7,0,400,200,5,constant,geomean,0.25748786379167454,6,0,0,mixture/0.3/8/5/7
0.3,8,7,0,400,200,5,constant,ratio,0.0050000000000001155,199,0,0,mixture/0.3/8/5/7
0.3,8,7,0,400,200,5,constant,ratio-half,0.41999999999999993,2,0,0,mixture/0.3/8/5/7
0.3,8,7,0,1000,200,5,constant,stated,0.5395907397331495,2,0,0,mixture/0.3/8/5/7
0.3,8,7,0,1000,200,5,constant,geomean,0.1920000000000001,8,1,1,mixture/0.3/8/5/7
0.3,8,7,0,1000,200,5,constant,ratio,0.08799999999999997,8,1,1,mixture/0.3/8/5/7
0.3,8,7,0,1000,200,5,constant,ratio-half,0.08799999999999997,8,1,1,mixture/0.3/8/5/7
0.3,8,8,0,400,200,5,constant,stated,0.6784994344878064,2,0,0,mixture/0.3/8/5/8
0.3,8,8,0,400,200,5,constant,geomean,0.25099800796022265,7,0,0,mixture/0.3/8/5/8
0.3,8,8,0,400,200,5,constant,ratio,0.0050000000000001155,199,0,0,mixture/0.3/8/5/8
0.3,8,8,0,400,200,5,constant,ratio-half,0.10000000000000009,8,1,1,mixture/0.3/8/5/8
0.3,8,8,0,1000,200,5,constant,stated,0.5395907397331495,2,0,0,mixture/0.3/8/5/8
0.3,8,8,0,1000,200,5,constant,geomean,0.19995999599919956,8,1,1,mixture/0.3/8/5/8
0.3,8,8,0,1000,200,5,constant,ratio,0.06000000000000005,8,1,1,mixture/0.3/8/5/8
0.3,8,8,0,1000,200,5,constant,ratio-half,0.06000000000000005,8,1,1,mixture/0.3/8/5/8
0.3,8,9,0,400,200,5,constant,stated,0.6784994344878064,1,0,0,mixture/0.3/8/5/9
0.3,8,9,0,400,200,5,constant,geomean,0.1519045753096332,8,1,0,mixture/0.3/8/5/9
0.3,8,9,0,400,200,5,constant,ratio,0.265,2,0,0,mixture/0.3/8/5/9
0.3,8,9,0,400,200,5,constant,ratio-half,0.265,2,0,0,mixture/0.3/8/5/9
0.3,8,9,0,1000,200,5,constant,stated,0.5395907397331495,1,0,0,mixture/0.3/8/5/9
0.3,8,9,0,1000,200,5,constant,geomean,0.11966620241321262,8,1,1,mixture/0.3/8/5/9
0.3,8,9,0,1000,200,5,constant,ratio,0.09999999999999998,8,1,1,mixture/0.3/8/5/9
0.3,8,9,0,1000,200,5,constant,ratio-half,0.09999999999999998,8,1,1,mixture/0.3/8/5/9
0.3,8,10,0,400,200,5,constant,stated,0.6784994344878064,2,0,0,mixture/0.3/8/5/10
0.3,8,10,0,400,200,5,constant,geomean,0.23452078799117157,7,0,0,mixture/0.3/8/5/10
0.3,8,10,0,400,200,5,constant,ratio,0.27,2,0,0,mixture/0.3/8/5/10
0.3,8,10,0,400,200,5,constant,ratio-half,0.27,2,0,0,mixture/0.3/8/5/10
0.3,8,10,0,1000,200,5,constant,stated,0.5395907397331495,2,0,0,mixture/0.3/8/5/10
0.3,8,10,0,1000,200,5,constant,geomean,0.1860645049438498,7,0,0,mixture/0.3/8/5/10
0.3,8,10,0,1000,200,5,constant,ratio,0.2759999999999999,2,0,0,mixture/0.3/8/5/10
0.3,8,10,0,1000,200,5,constant,ratio-half,0.2759999999999999,2,0,0,mixture/0.3/8/5/10
0.3,8,11,0,400,200,5,constant,stated,0.6784994344878064,1,0,0,mixture/0.3/8/5/11
0.3,8,11,0,400,200,5,constant,geomean,0.17549928774784238,9,0,0,mixture/0.3/8/5/11
0.3,8,11,0,400,200,5,constant,ratio,0.2849999999999999,2,0,0,mixture/0.3/8/5/11
0.3,8,11,0,400,200,5,constant,ratio-half,0.2849999999999999,2,0,0,mixture/0.3/8/5/11
0.3,8,11,0,1000,200,5,constant,stated,0.5395907397331495,2,0,0,mixture/0.3/8/5/11
0.3,8,11,0,1000,200,5,constant,geomean,0.15607690412101322,7,0,0,mixture/0.3/8/5/11
0.3,8,11,0,1000,200,5,constant,ratio,0.30199999999999994,2,0,0,mixture/0.3/8/5/11
0.3,8,11,0,1000,200,5,constant,ratio-half,0.30199999999999994,2,0,0,mixture/0.3/8/5/11
0.3,8,12,0,400,200,5,constant,stated,0.6784994344878064,1,0,0,mixture/0.3/8/5/12
0.3,8,12,0,400,200,5,constant,geomean,0.14387494569938164,8,1,1,mixture/0.3/8/5/12
0.3,8,12,0,400,200,5,constant,ratio,0.15000000000000002,6,0,0,mixture/0.3/8/5/12
0.3,8,12,0,400,200,5,constant,ratio-half,0.15000000000000002,6,0,0,mixture/0.3/8/5/12
0.3,8,12,0,1000,200,5,constant,stated,0.5395907397331495,1,0,0,mixture/0.3/8/5/12
0.3,8,12,0,1000,200,5,constant,geomean,0.1202996259345804,8,1,1,mixture/0.3/8/5/12
0.3,8,12,0,1000,200,5,constant,ratio,0.1399999999999999,6,0,0,mixture/0.3/8/5/12
0.3,8,12,0,1000,200,5,constant,ratio-half,0.1399999999999999,6,0,0,mixture/0.3/8/5/12
0.3,8,13,0,400,200,5,constant,stated,0.6784994344878064,1,0,0,mixture/0.3/8/5/13
0.3,8,13,0,400,200,5,constant,geomean,0.20868636754709197,8,1,1,mixture/0.3/8/5/13
0.3,8,13,0,400,200,5,constant,ratio,0.13,8,1,1,mixture/0.3/8/5/13
0.3,8,13,0,400,200,5,constant,ratio-half,0.13,8,1,1,mixture/0.3/8/5/13
0.3,8,13,0,1000,200,5,constant,stated,0.5395907397331495,2,0,0,mixture/0.3/8/5/13
0.3,8,13,0,1000,200,5,constant,geomean,0.1614558763253912,8,1,1,mixture/0.3/8/5/13
0.3,8,13,0,1000,200,5,constant,ratio,0.09799999999999992,8,1,1,mixture/0.3/8/5/13
0.3,8,13,0,1000,200,5,constant,ratio-half,0.09799999999999992,8,1,1,mixture/0.3/8/5/13
0.3,8,14,0,400,200,5,constant,stated,0.6784994344878064,1,0,0,mixture/0.3/8/5/14
0.3,8,14,0,400,200,5,constant,geomean,0.16499999999999992,8,1,1,mixture/0.3/8/5/14
0.3,8,14,0,400,200,5,constant,ratio,0.11499999999999999,8,1,1,mixture/0.3/8/5/14
0.3,8,14,0,400,200,5,constant,ratio-half,0.11499999999999999,8,1,1,mixture/0.3/8/5/14
0.3,8,14,0,1000,200,5,constant,stated,0.5395907397331495,1,0,0,mixture/0.3/8/5/14
0.3,8,14,0,1000,200,5,constant,geomean,0.13096564434995928,8,1,1,mixture/0.3/8/5/14
0.3,8,14,0,1000,200,5,constant,ratio,0.09200000000000008,8,1,1,mixture/0.3/8/5/14
0.3,8,14,0,1000,200,5,constant,ratio-half,0.09200000000000008,8,1,1,mixture/0.3/8/5/14
0.3,8,15,0,400,200,5,constant,stated,0.6784994344878064,1,0,0,mixture/0.3/8/5/15
0.3,8,15,0,400,200,5,constant,geomean,0.19824227601599018,8,1,1,mixture/0.3/8/5/15
0.3,8,15,0,400,200,5,constant,ratio,0.10999999999999999,8,1,1,mixture/0.3/8/5/15
0.3,8,15,0,400,200,5,constant,ratio-half,0.10999999999999999,8,1,1,mixture/0.3/8/5/15
0.3,8,15,0,1000,200,5,constant,stated,0.5395907397331495,2,0,0,mixture/0.3/8/5/15
0.3,8,15,0,1000,200,5,constant,geomean,0.15987495113369055,8,1,1,mixture/0.3/8/5/15
0.3,8,15,0,1000,200,5,constant,ratio,0.07600000000000007,8,1,1,mixture/0.3/8/5/15
0.3,8,15,0,1000,200,5,constant,ratio-half,0.07600000000000007,8,1,1,mixture/0.3/8/5/15
0.3,8,16,0,400,200,5,constant,stated,0.6784994344878064,2,0,0,mixture/0.3/8/5/16
0.3,8,16,0,400,200,5,constant,geomean,0.24859605789312095,6,0,0,mixture/0.3/8/5/16
0.3,8,16,0,400,200,5,constant,ratio,0.43000000000000005,2,0,0,mixture/0.3/8/5/16
0.3,8,16,0,400,200,5,constant,ratio-half,0.43000000000000005,2,0,0,mixture/0.3/8/5/16
0.3,8,16,0,1000,200,5,constant,stated,0.5395907397331495,3,0,0,mixture/0.3/8/5/16
0.3,8,16,0,1000,200,5,constant,geomean,0.19531512998229306,7,0,0,mixture/0.3/8/5/16
0.3,8,16,0,1000,200,5,constant,ratio,0.08000000000000007,8,1,1,mixture/0.3/8/5/16
0.3,8,16,0,1000,200,5,constant,ratio-half,0.08000000000000007,8,1,1,mixture/0.3/8/5/16
0.3,8,17,0,400,200,5,constant,stated,0.6784994344878064,1,0,0,mixture/0.3/8/5/17
0.3,8,17,0,400,200,5,constant,geomean,0.1800000000000001,8,1,1,mixture/0.3/8/5/17
0.3,8,17,0,400,200,5,constant,ratio,0.14,8,1,1,mixture/0.3/8/5/17
0.3,8,17,0,400,200,5,constant,ratio-half,0.14,8,1,1,mixture/0.3/8/5/17
0.3,8,17,0,1000,200,5,constant,stated,0.5395907397331495,2,0,0,mixture/0.3/8/5/17
0.3,8,17,0,1000,200,5,constant,geomean,0.14349912891721683,8,1,1,mixture/0.3/8/5/17
0.3,8,17,0,1000,200,5,constant,ratio,0.09399999999999986,8,1,1,mixture/0.3/8/5/17
0.3,8,17,0,1000,200,5,constant,ratio-half,0.09399999999999986,8,1,1,mixture/0.3/8/5/17
0.3,8,18,0,400,200,5,constant,stated,0.6784994344878064,1,0,0,mixture/0.3/8/5/18
0.3,8,18,0,400,200,5,constant,geomean,0.17406895185529217,8,1,1,mixture/0.3/8/5/18
0.3,8,18,0,400,200,5,constant,ratio,0.10999999999999999,8,1,1,mixture/0.3/8/5/18
0.3,8,18,0,400,200,5,constant,ratio-half,0.10999999999999999,8,1,1,mixture/0.3/8/5/18
0.3,8,18,0,1000,200,5,constant,stated,0.5395907397331495,1,0,0,mixture/0.3/8/5/18
0.3,8,18,0,1000,200,5,constant,geomean,0.1264120247444839,8,1,1,mixture/0.3/8/5/18
0.3,8,18,0,1000,200,5,constant,ratio,0.06399999999999995,8,1,1,mixture/0.3/8/5/18
0.3,8,18,0,1000,200,5,constant,ratio-half,0.06399999999999995,8,1,1,mixture/0.3/8/5/18
0.3,8,19,0,400,200,5,constant,stated,0.6784994344878064,2,0,0,mixture/0.3/8/5/19
0.3,8,19,0,400,200,5,constant,geomean,0.24124676163629624,4,0,0,mixture/0.3/8/5/19
0.3,8,19,0,400,200,5,constant,ratio,0.4049999999999999,2,0,0,mixture/0.3/8/5/19
0.3,8,19,0,400,200,5,constant,ratio-half,0.4049999999999999,2,0,0,mixture/0.3/8/5/19
0.3,8,19,0,1000,200,5,constant,stated,0.5395907397331495,2,0,0,mixture/0.3/8/5/19
0.3,8,19,0,1000,200,5,constant,geomean,0.183826004689217,6,0,0,mixture/0.3/8/5/19
0.3,8,19,0,1000,200,5,constant,ratio,0.43399999999999994,2,0,0,mixture/0.3/8/5/19
0.3,8,19,0,1000,200,5,constant,ratio-half,0.43399999999999994,2,0,0,mixture/0.3/8/5/19
0.3,9,0,0,400,200,5,constant,stated,0.6784994344878064,1,0,0,mixture/0.3/9/5/0
0.3,9,0,0,400,200,5,constant,geomean,0.15394804318340646,9,1,1,mixture/0.3/9/5/0
0.3,9,0,0,400,200,5,constant,ratio,0.12,9,1,1,mixture/0.3/9/5/0
0.3,9,0,0,400,200,5,constant,ratio-half,0.12,9,1,1,mixture/0.3/9/5/0
0.3,9,0,0,1000,200,5,constant,stated,0.5395907397331495,1,0,0,mixture/0.3/9/5/0
0.3,9,0,0,1000,200,5,constant,geomean,0.11396490687926697,9,1,1,mixture/0.3/9/5/0
0.3,9,0,0,1000,200,5,constant,ratio,0.09599999999999997,9,1,1,mixture/0.3/9/5/0
0.3,9,0,0,1000,200,5,constant,ratio-half,0.09599999999999997,9,1,1,mixture/0.3/9/5/0
0.3,9,1,0,400,200,5,constant,stated,0.6784994344878064,1,0,0,mixture/0.3/9/5/1
0.3,9,1,0,400,200,5,constant,geomean,0.13874436925511613,10,0,0,mixture/0.3/9/5/1
0.3,9,1,0,400,200,5,constant,ratio,0.09999999999999998,10,0,0,mixture/0.3/9/5/1
0.3,9,1,0,400,200,5,constant,ratio-half,0.09999999999999998,10,0,0,mixture/0.3/9/5/1
0.3,9,1,0,1000,200,5,constant,stated,0.5395907397331495,1,0,0,mixture/0.3/9/5/1
0.3,9,1,0,1000,200,5,constant,geomean,0.10491901638883207,9,1,1,mixture/0.3/9/5/1
0.3,9,1,0,1000,200,5,constant,ratio,0.06000000000000005,9,1,1,mixture/0.3/9/5/1
0.3,9,1,0,1000,200,5,constant,ratio-half,0.06000000000000005,9,1,1,mixture/0.3/9/5/1
0.3,9,2,0,400,200,5,constant,stated,0.6784994344878064,1,0,0,mixture/0.3/9/5/2
0.3,9,2,0,400,200,5,constant,geomean,0.1674813422444425,8,0,0,mixture/0.3/9/5/2
0.3,9,2,0,400,200,5,constant,ratio,0.16999999999999993,7,0,0,mixture/0.3/9/5/2
0.3,9,2,0,400,200,5,constant,ratio-half,0.16999999999999993,7,0,0,mixture/0.3/9/5/2
0.3,9,2,0,1000,200,5,constant,stated,0.5395907397331495,2,0,0,mixture/0.3/9/5/2
0.3,9,2,0,1000,200,5,constant,geomean,0.13674794331177342,8,0,0,mixture/0.3/9/5/2
0.3,9,2,0,1000,200,5,constant,ratio,0.10200000000000009,8,0,0,mixture/0.3/9/5/2
0.3,9,2,0,1000,200,5,constant,ratio-half,0.10200000000000009,8,0,0,mixture/0.3/9/5/2
0.3,9,3,0,400,200,5,constant,stated,0.6784994344878064,1,0,0,mixture/0.3/9/5/3
0.3,9,3,0,400,200,5,constant,geomean,0.18472953201911158,9,1,1,mixture/0.3/9/5/3
0.3,9,3,0,400,200,5,constant,ratio,0.14500000000000002,9,1,1,mixture/0.3/9/5/3
0.3,9,3,0,400,200,5,constant,ratio-half,0.14500000000000002,9,1,1,mixture/0.3/9/5/3
0.3,9,3,0,1000,200,5,constant,stated,0.5395907397331495,1,0,0,mixture/0.3/9/5/3
0.3,9,3,0,1000,200,5,constant,geomean,0.13916896205691848,9,1,1,mixture/0.3/9/5/3
0.3,9,3,0,1000,200,5,constant,ratio,0.07800000000000007,9,1,1,mixture/0.3/9/5/3
0.3,9,3,0,1000,200,5,constant,ratio-half,0.07800000000000007,9,1,1,mixture/0.3/9/5/3
0.3,9,4,0,400,200,5,constant,stated,0.6784994344878064,1,0,0,mixture/0.3/9/5/4
0.3,9,4,0,400,200,5,constant,geomean,0.16201851746019658,12,0,0,mixture/0.3/9/5/4
0.3,9,4,0,400,200,5,constant,ratio,0.19999999999999996,7,0,0,mixture/0.3/9/5/4
0.3,9,4,0,400,200,5,constant,ratio-half,0.19999999999999996,7,0,0,mixture/0.3/9/5/4
0.3,9,4,0,1000,200,5,constant,stated,0.5395907397331495,1,0,0,mixture/0.3/9/5/4
0.3,9,4,0,1000,200,5,constant,geomean,0.12489995996796803,11,0,0,mixture/0.3/9/5/4
0.3,9,4,0,1000,200,5,constant,ratio,0.19600000000000006,7,0,0,mixture/0.3/9/5/4
0.3,9,4,0,1000,200,5,constant,ratio-half,0.19600000000000006,7,0,0,mixture/0.3/9/5/4
0.3,9,5,0,400,200,5,constant,stated,0.6784994344878064,1,0,0,mixture/0.3/9/5/5
0.3,9,5,0,400,200,5,constant,geomean,0.18560711193270593,9,1,1,mixture/0.3/9/5/5
0.3,9,5,0,400,200,5,constant,ratio,0.11499999999999999,11,0,0,mixture/0.3/9/5/5
0.3,9,5,0,400,200,5,constant,ratio-half,0.11499999999999999,11,0,0,mixture/0.3/9/5/5
0.3,9,5,0,1000,200,5,constant,stated,0.5395907397331495,3,0,0,mixture/0.3/9/5/5
0.3,9,5,0,1000,200,5,constant,geomean,0.14665606022254934,9,1,1,mixture/0.3/9/5/5
0.3,9,5,0,1000,200,5,constant,ratio,0.10200000000000004,9,1,1,mixture/0.3/9/5/5
0.3,9,5,0,1000,200,5,constant,ratio-half,0.10200000000000004,9,1,1,mixture/0.3/9/5/5
0.3,9,6,0,400,200,5,constant,stated,0.6784994344878064,1,0,0,mixture/0.3/9/5/6
0.3,9,6,0,400,200,5,constant,geomean,0.18540496217739183,9,1,1,mixture/0.3/9/5/6
0.3,9,6,0,400,200,5,constant,ratio,0.31500000000000006,2,0,0,mixture/0.3/9/5/6
0.3,9,6,0,400,200,5,constant,ratio-half,0.31500000000000006,2,0,0,mixture/0.3/9/5/6
0.3,9,6,0,1000,200,5,constant,stated,0.5395907397331495,2,0,0,mixture/0.3/9/5/6
0.3,9,6,0,1000,200,5,constant,geomean,0.15574337867145435,9,1,1,mixture/0.3/9/5/6
0.3,9,6,0,1000,200,5,constant,ratio,0.07000000000000006,9,1,1,mixture/0.3/9/5/6
0.3,9,6,0,1000,200,5,constant,ratio-half,0.07000000000000006,9,1,1,mixture/0.3/9/5/6
0.3,9,7,0,400,200,5,constant,stated,0.6784994344878064,1,0,0,mixture/0.3/9/5/7
0.3,9,7,0,400,200,5,constant,geomean,0.19332614929181216,10,0,0,mixture/0.3/9/5/7
0.3,9,7,0,400,200,5,constant,ratio,0.3500000000000001,2,0,0,mixture/0.3/9/5/7
0.3,9,7,0,400,200,5,constant,ratio-half,0.3500000000000001,2,0,0,mixture/0.3/9/5/7
0.3,9,7,0,1000,200,5,constant,stated,0.5395907397331495,2,0,0,mixture/0.3/9/5/7
0.3,9,7,0,1000,200,5,constant,geomean,0.16678129391511515,9,1,1,mixture/0.3/9/5/7
0.3,9,7,0,1000,200,5,constant,ratio,0.10599999999999998,9,1,1,mixture/0.3/9/5/7
0.3,9,7,0,1000,200,5,constant,ratio-half,0.10599999999999998,9,1,1,mixture/0.3/9/5/7
0.3,9,8,0,400,200,5,constant,stated,0.6784994344878064,1,0,0,mixture/0.3/9/5/8
0.3,9,8,0,400,200,5,constant,geomean,0.1714642819948224,8,0,0,mixture/0.3/9/5/8
0.3,9,8,0,400,200,5,constant,ratio,0.19000000000000006,7,0,0,mixture/0.3/9/5/8
0.3,9,8,0,400,200,5,constant,ratio-half,0.19000000000000006,7,0,0,mixture/0.3/9/5/8
0.3,9,8,0,1000,200,5,constant,stated,0.5395907397331495,1,0,0,mixture/0.3/9/5/8
0.3,9,8,0,1000,200,5,constant,geomean,0.132966161108757,8,0,0,mixture/0.3/9/5/8
0.3,9,8,0,1000,200,5,constant,ratio,0.16399999999999992,7,0,0,mixture/0.3/9/5/8
0.3,9,8,0,1000,200,5,constant,ratio-half,0.16399999999999992,7,0,0,mixture/0.3/9/5/8
0.3,9,9,0,400,200,5,constant,stated,0.6784994344878064,3,0,0,mixture/0.3/9/5/9
0.3,9,9,0,400,200,5,constant,geomean,0.2261636575579727,9,1,1,mixture/0.3/9/5/9
0.3,9,9,0,400,200,5,constant,ratio,0.39,3,0,0,mixture/0.3/9/5/9
0.3,9,9,0,400,200,5,constant,ratio-half,0.39,3,0,0,mixture/0.3/9/5/9
0.3,9,9,0,1000,200,5,constant,stated,0.5395907397331495,3,0,0,mixture/0.3/9/5/9
0.3,9,9,0,1000,200,5,constant,geomean,0.1776288264893962,9,1,1,mixture/0.3/9/5/9
0.3,9,9,0,1000,200,5,constant,ratio,0.08599999999999997,9,1,1,mixture/0.3/9/5/9
0.3,9,9,0,1000,200,5,constant,ratio-half,0.08599999999999997,9,1,1,mixture/0.3/9/5/9
0.3,9,10,0,400,200,5,constant,stated,0.6784994344878064,1,0,0,mixture/0.3/9/5/10
0.3,9,10,0,400,200,5,constant,geomean,0.15016657417681215,9,1,1,mixture/0.3/9/5/10
0.3,9,10,0,400,200,5,constant,ratio,0.11999999999999988,9,1,1,mixture/0.3/9/5/10
0.3,9,10,0,400,200,5,constant,ratio-half,0.11999999999999988,9,1,1,mixture/0.3/9/5/10
0.3,9,10,0,1000,200,5,constant,stated,0.5395907397331495,1,0,0,mixture/0.3/9/5/10
0.3,9,10,0,1000,200,5,constant,geomean,0.11784735890124994,9,1,1,mixture/0.3/9/5/10
0.3,9,10,0,1000,200,5,constant,ratio,0.06600000000000006,9,1,1,mixture/0.3/9/5/10
0.3,9,10,0,1000,200,5,constant,ratio-half,0.06600000000000006,9,1,1,mixture/0.3/9/5/10
0.3,9,11,0,400,200,5,constant,stated,0.6784994344878064,1,0,0,mixture/0.3/9/5/11
0.3,9,11,0,400,200,5,constant,geomean,0.17175564037317675,8,0,0,mixture/0.3/9/5/11
0.3,9,11,0,400,200,5,constant,ratio,0.16000000000000003,8,0,0,mixture/0.3/9/5/11
0.3,9,11,0,400,200,5,constant,ratio-half,0.16000000000000003,8,0,0,mixture/0.3/9/5/11
0.3,9,11,0,1000,200,5,constant,stated,0.5395907397331495,3,0,0,mixture/0.3/9/5/11
0.3,9,11,0,1000,200,5,constant,geomean,0.13281566172707174,8,0,0,mixture/0.3/9/5/11
0.3,9,11,0,1000,200,5,constant,ratio,0.118,8,0,0,mixture/0.3/9/5/11
0.3,9,11,0,1000,200,5,constant,ratio-half,0.118,8,0,0,mixture/0.3/9/5/11
0.3,9,12,0,400,200,5,constant,stated,0.6784994344878064,2,0,0,mixture/0.3/9/5/12
0.3,9,12,0,400,200,5,constant,geomean,0.24248711305964268,8,0,0,mixture/0.3/9/5/12
0.3,9,12,0,400,200,5,constant,ratio,0.12500000000000003,9,1,1,mixture/0.3/9/5/12
0.3,9,12,0,400,200,5,constant,ratio-half,0.12500000000000003,9,1,1,mixture/0.3/9/5/12
0.3,9,12,0,1000,200,5,constant,stated,0.5395907397331495,3,0,0,mixture/0.3/9/5/12
0.3,9,12,0,1000,200,5,constant,geomean,0.18659046063504908,9,1,1,mixture/0.3/9/5/12
0.3,9,12,0,1000,200,5,constant,ratio,0.08600000000000008,9,1,1,mixture/0.3/9/5/12
0.3,9,12,0,1000,200,5,constant,ratio-half,0.08600000000000008,9,1,1,mixture/0.3/9/5/12
0.3,9,13,0,400,200,5,constant,stated,0.6784994344878064,2,0,0,mixture/0.3/9/5/13
0.3,9,13,0,400,200,5,constant,geomean,0.1996872554771585,7,0,0,mixture/0.3/9/5/13
0.3,9,13,0,400,200,5,constant,ratio,0.26499999999999996,2,0,0,mixture/0.3/9/5/13
0.3,9,13,0,400,200,5,constant,ratio-half,0.26499999999999996,2,0,0,mixture/0.3/9/5/13
0.3,9,13,0,1000,200,5,constant,stated,0.5395907397331495,2,0,0,mixture/0.3/9/5/13
0.3,9,13,0,1000,200,5,constant,geomean,0.15019986684414877,9,1,1,mixture/0.3/9/5/13
0.3,9,13,0,1000,200,5,constant,ratio,0.05400000000000005,9,1,1,mixture/0.3/9/5/13
0.3,9,13,0,1000,200,5,constant,ratio-half,0.05400000000000005,9,1,1,mixture/0.3/9/5/13
0.3,9,14,0,400,200,5,constant,stated,0.6784994344878064,1,0,0,mixture/0.3/9/5/14
0.3,9,14,0,400,200,5,constant,geomean,0.1581929201955638,14,0,0,mixture/0.3/9/5/14
0.3,9,14,0,400,200,5,constant,ratio,0.37,2,0,0,mixture/0.3/9/5/14
0.3,9,14,0,400,200,5,constant,ratio-half,0.37,2,0,0,mixture/0.3/9/5/14
0.3,9,14,0,1000,200,5,constant,stated,0.5395907397331495,1,0,0,mixture/0.3/9/5/14
0.3,9,14,0,1000,200,5,constant,geomean,0.1257298691640137,9,1,1,mixture/0.3/9/5/14
0.3,9,14,0,1000,200,5,constant,ratio,0.11199999999999999,9,1,1,mixture/0.3/9/5/14
0.3,9,14,0,1000,200,5,constant,ratio-half,0.11199999999999999,9,1,1,mixture/0.3/9/5/14
0.3,9,15,0,400,200,5,constant,stated,0.6784994344878064,1,0,0,mixture/0.3/9/5/15
0.3,9,15,0,400,200,5,constant,geomean,0.15684387141358128,9,1,1,mixture/0.3/9/5/15
0.3,9,15,0,400,200,5,constant,ratio,0.09499999999999997,9,1,1,mixture/0.3/9/5/15
0.3,9,15,0,400,200,5,constant,ratio-half,0.09499999999999997,9,1,1,mixture/0.3/9/5/15
0.3,9,15,0,1000,200,5,constant,stated,0.5395907397331495,1,0,0,mixture/0.3/9/5/15
0.3,9,15,0,1000,200,5,constant,geomean,0.12354756169184405,9,1,1,mixture/0.3/9/5/15
0.3,9,15,0,1000,200,5,constant,ratio,0.08999999999999986,9,1,1,mixture/0.3/9/5/15
0.3,9,15,0,1000,200,5,constant,ratio-half,0.08999999999999986,9,1,1,mixture/0.3/9/5/15
0.3,9,16,0,400,200,5,constant,stated,0.6784994344878064,1,0,0,mixture/0.3/9/5/16
0.3,9,16,0,400,200,5,constant,geomean,0.1997498435543815,8,0,0,mixture/0.3/9/5/16
0.3,9,16,0,400,200,5,constant,ratio,0.13999999999999996,8,0,0,mixture/0.3/9/5/16
0.3,9,16,0,400,200,5,constant,ratio-half,0.13999999999999996,8,0,0,mixture/0.3/9/5/16
0.3,9,16,0,1000,200,5,constant,stated,0.5395907397331495,2,0,0,mixture/0.3/9/5/16
0.3,9,16,0,1000,200,5,constant,geomean,0.16053660018824348,8,0,0,mixture/0.3/9/5/16
0.3,9,16,0,1000,200,5,constant,ratio,0.05600000000000005,9,1,1,mixture/0.3/9/5/16
0.3,9,16,0,1000,200,5,constant,ratio-half,0.05600000000000005,9,1,1,mixture/0.3/9/5/16
0.3,9,17,0,400,200,5,constant,stated,0.6784994344878064,1,0,0,mixture/0.3/9/5/17
0.3,9,17,0,400,200,5,constant,geomean,0.1831665908401419,7,0,0,mixture/0.3/9/5/17
0.3,9,17,0,400,200,5,constant,ratio,0.32999999999999996,2,0,0,mixture/0.3/9/5/17
0.3,9,17,0,400,200,5,constant,ratio-half,0.32999999999999996,2,0,0,mixture/0.3/9/5/17
0.3,9,17,0,1000,200,5,constant,stated,0.5395907397331495,2,0,0,mixture/0.3/9/5/17
0.3,9,17,0,1000,200,5,constant,geomean,0.14488616221019873,9,1,1,mixture/0.3/9/5/17
0.3,9,17,0,1000,200,5,constant,ratio,0.07799999999999996,9,1,1,mixture/0.3/9/5/17
0.3,9,17,0,1000,200,5,constant,ratio-half,0.07799999999999996,9,1,1,mixture/0.3/9/5/17
0.3,9,18,0,400,200,5,constant,stated,0.6784994344878064,2,0,0,mixture/0.3/9/5/18
0.3,9,18,0,400,200,5,constant,geomean,0.25204166322257127,5,0,0,mixture/0.3/9/5/18
0.3,9,18,0,400,200,5,constant,ratio,0.35500000000000004,2,0,0,mixture/0.3/9/5/18
0.3,9,18,0,400,200,5,constant,ratio-half,0.35500000000000004,2,0,0,mixture/0.3/9/5/18
0.3,9,18,0,1000,200,5,constant,stated,0.5395907397331495,2,0,0,mixture/0.3/9/5/18
0.3,9,18,0,1000,200,5,constant,geomean,0.1985950653969023,7,0,0,mixture/0.3/9/5/18
0.3,9,18,0,1000,200,5,constant,ratio,0.36800000000000005,2,0,0,mixture/0.3/9/5/18
0.3,9,18,0,1000,200,5,constant,ratio-half,0.36800000000000005,2,0,0,mixture/0.3/9/5/18
0.3,9,19,0,400,200,5,constant,stated,0.6784994344878064,2,0,0,mixture/0.3/9/5/19
0.3,9,19,0,400,200,5,constant,geomean,0.23043437243605835,7,0,0,mixture/0.3/9/5/19
0.3,9,19,0,400,200,5,constant,ratio,0.395,2,0,0,mixture/0.3/9/5/19
0.3,9,19,0,400,200,5,constant,ratio-half,0.395,2,0,0,mixture/0.3/9/5/19
0.3,9,19,0,1000,200,5,constant,stated,0.5395907397331495,2,0,0,mixture/0.3/9/5/19
0.3,9,19,0,1000,200,5,constant,geomean,0.17839282496782216,9,1,1,mixture/0.3/9/5/19
0.3,9,19,0,1000,200,5,constant,ratio,0.062000000000000055,9,1,1,mixture/0.3/9/5/19
0.3,9,19,0,1000,200,5,constant,ratio-half,0.062000000000000055,9,1,1,mixture/0.3/9/5/19
0.3,10,0,0,400,200,5,constant,stated,0.6784994344878064,1,0,0,mixture/0.3/10/5/0
0.3,10,0,0,400,200,5,constant,geomean,0.1881488772222679,10,1,1,mixture/0.3/10/5/0
0.3,10,0,0,400,200,5,constant,ratio,0.11999999999999988,10,1,1,mixture/0.3/10/5/0
0.3,10,0,0,400,200,5,constant,ratio-half,0.11999999999999988,10,1,1,mixture/0.3/10/5/0
0.3,10,0,0,1000,200,5,constant,stated,0.5395907397331495,2,0,0,mixture/0.3/10/5/0
0.3,10,0,0,1000,200,5,constant,geomean,0.1517893276880823,10,1,1,mixture/0.3/10/5/0
0.3,10,0,0,1000,200,5,constant,ratio,0.10199999999999987,10,1,1,mixture/0.3/10/5/0
0.3,10,0,0,1000,200,5,constant,ratio-half,0.10199999999999987,10,1,1,mixture/0.3/10/5/0
0.3,10,1,0,400,200,5,constant,stated,0.6784994344878064,1,0,0,mixture/0.3/10/5/1
0.3,10,1,0,400,200,5,constant,geomean,0.14798648586948734,10,1,1,mixture/0.3/10/5/1
0.3,10,1,0,400,200,5,constant,ratio,0.16000000000000003,9,0,0,mixture/0.3/10/5/1
0.3,10,1,0,400,200,5,constant,ratio-half,0.16000000000000003,9,0,0,mixture/0.3/10/5/1
0.3,10,1,0,1000,200,5,constant,stated,0.5395907397331495,1,0,0,mixture/0.3/10/5/1
0.3,10,1,0,1000,200,5,constant,geomean,0.11661903789690606,10,1,1,mixture/0.3/10/5/1
0.3,10,1,0,1000,200,5,constant,ratio,0.07999999999999996,10,1,1,mixture/0.3/10/5/1
0.3,10,1,0,1000,200,5,constant,ratio-half,0.07999999999999996,10,1,1,mixture/0.3/10/5/1
0.3,10,2,0,400,200,5,constant,stated,0.6784994344878064,1,0,0,mixture/0.3/10/5/2
0.3,10,2,0,400,200,5,constant,geomean,0.17937391114652085,9,0,0,mixture/0.3/10/5/2
0.3,10,2,0,400,200,5,constant,ratio,0.33999999999999997,2,0,0,mixture/0.3/10/5/2
0.3,10,2,0,400,200,5,constant,ratio-half,0.33999999999999997,2,0,0,mixture/0.3/10/5/2
0.3,10,2,0,1000,200,5,constant,stated,0.5395907397331495,2,0,0,mixture/0.3/10/5/2
0.3,10,2,0,1000,200,5,constant,geomean,0.13483323032546546,10,1,1,mixture/0.3/10/5/2
0.3,10,2,0,1000,200,5,constant,ratio,0.052000000000000046,10,1,1,mixture/0.3/10/5/2
0.3,10,2,0,1000,200,5,constant,ratio-half,0.052000000000000046,10,1,1,mixture/0.3/10/5/2
0.3,10,3,0,400,200,5,constant,stated,0.6784994344878064,2,0,0,mixture/0.3/10/5/3
0.3,10,3,0,400,200,5,constant,geomean,0.19761072845369532,8,0,0,mixture/0.3/10/5/3
0.3,10,3,0,400,200,5,constant,ratio,0.13,8,0,0,mixture/0.3/10/5/3
0.3,10,3,0,400,200,5,constant,ratio-half,0.13,8,0,0,mixture/0.3/10/5/3
0.3,10,3,0,1000,200,5,constant,stated,0.5395907397331495,3,0,0,mixture/0.3/10/5/3
0.3,10,3,0,1000,200,5,constant,geomean,0.15221038072352364,8,0,0,mixture/0.3/10/5/3
0.3,10,3,0,1000,200,5,constant,ratio,0.06000000000000005,10,1,1,mixture/0.3/10/5/3
0.3,10,3,0,1000,200,5,constant,ratio-half,0.06000000000000005,10,1,1,mixture/0.3/10/5/3
0.3,10,4,0,400,200,5,constant,stated,0.6784994344878064,1,0,0,mixture/0.3/10/5/4
0.3,10,4,0,400,200,5,constant,geomean,0.19124591498905266,7,0,0,mixture/0.3/10/5/4
0.3,10,4,0,400,200,5,constant,ratio,0.27999999999999997,4,0,0,mixture/0.3/10/5/4
0.3,10,4,0,400,200,5,constant,ratio-half,0.27999999999999997,4,0,0,mixture/0.3/10/5/4
0.3,10,4,0,1000,200,5,constant,stated,0.5395907397331495,3,0,0,mixture/0.3/10/5/4
0.3,10,4,0,1000,200,5,constant,geomean,0.1547126368465098,9,0,0,mixture/0.3/10/5/4
0.3,10,4,0,1000,200,5,constant,ratio,0.06000000000000005,10,1,1,mixture/0.3/10/5/4
0.3,10,4,0,1000,200,5,constant,ratio-half,0.06000000000000005,10,1,1,mixture/0.3/10/5/4
0.3,10,5,0,400,200,5,constant,stated,0.6784994344878064,1,0,0,mixture/0.3/10/5/5
0.3,10,5,0,400,200,5,constant,geomean,0.15370426148939403,21,0,0,mixture/0.3/10/5/5
0.3,10,5,0,400,200,5,constant,ratio,0.27,4,0,0,mixture/0.3/10/5/5
0.3,10,5,0,400,200,5,constant,ratio-half,0.27,4,0,0,mixture/0.3/10/5/5
0.3,10,5,0,1000,200,5,constant,stated,0.5395907397331495,1,0,0,mixture/0.3/10/5/5
0.3,10,5,0,1000,200,5,constant,geomean,0.1213260071048247,13,0,0,mixture/0.3/10/5/5
0.3,10,5,0,1000,200,5,constant,ratio,0.138,10,1,1,mixture/0.3/10/5/5
0.3,10,5,0,1000,200,5,constant,ratio-half,0.138,10,1,1,mixture/0.3/10/5/5
0.3,10,6,0,400,200,5,constant,stated,0.6784994344878064,1,0,0,mixture/0.3/10/5/6
0.3,10,6,0,400,200,5,constant,geomean,0.17492855684535907,10,1,1,mixture/0.3/10/5/6
0.3,10,6,0,400,200,5,constant,ratio,0.11499999999999999,10,1,1,mixture/0.3/10/5/6
0.3,10,6,0,400,200,5,constant,ratio-half,0.11499999999999999,10,1,1,mixture/0.3/10/5/6
0.3,10,6,0,1000,200,5,constant,stated,0.5395907397331495,1,0,0,mixture/0.3/10/5/6
0.3,10,6,0,1000,200,5,constant,geomean,0.13449163542763548,10,1,1,mixture/0.3/10/5/6
0.3,10,6,0,1000,200,5,constant,ratio,0.08400000000000007,10,1,1,mixture/0.3/10/5/6
0.3,10,6,0,1000,200,5,constant,ratio-half,0.08400000000000007,10,1,1,mixture/0.3/10/5/6
0.3,10,7,0,400,200,5,constant,stated,0.6784994344878064,2,0,0,mixture/0.3/10/5/7
0.3,10,7,0,400,200,5,constant,geomean,0.20493901531919206,9,0,0,mixture/0.3/10/5/7
0.3,10,7,0,400,200,5,constant,ratio,0.38,2,0,0,mixture/0.3/10/5/7
0.3,10,7,0,400,200,5,constant,ratio-half,0.38,2,0,0,mixture/0.3/10/5/7
0.3,10,7,0,1000,200,5,constant,stated,0.5395907397331495,2,0,0,mixture/0.3/10/5/7
0.3,10,7,0,1000,200,5,constant,geomean,0.15964961634780067,10,1,1,mixture/0.3/10/5/7
0.3,10,7,0,1000,200,5,constant,ratio,0.41600000000000004,2,0,0,mixture/0.3/10/5/7
0.3,10,7,0,1000,200,5,constant,ratio-half,0.41600000000000004,2,0,0,mixture/0.3/10/5/7
0.3,10,8,0,400,200,5,constant,stated,0.6784994344878064,1,0,0,mixture/0.3/10/5/8
0.3,10,8,0,400,200,5,constant,geomean,0.20554804791094455,9,0,0,mixture/0.3/10/5/8
0.3,10,8,0,400,200,5,constant,ratio,0.37,2,0,0,mixture/0.3/10/5/8
0.3,10,8,0,400,200,5,constant,ratio-half,0.37,2,0,0,mixture/0.3/10/5/8
0.3,10,8,0,1000,200,5,constant,stated,0.5395907397331495,2,0,0,mixture/0.3/10/5/8
0.3,10,8,0,1000,200,5,constant,geomean,0.1571496102445056,9,0,0,mixture/0.3/10/5/8
0.3,10,8,0,1000,200,5,constant,ratio,0.11800000000000005,9,0,0,mixture/0.3/10/5/8
0.3,10,8,0,1000,200,5,constant,ratio-half,0.11800000000000005,9,0,0,mixture/0.3/10/5/8
0.3,10,9,0,400,200,5,constant,stated,0.6784994344878064,1,0,0,mixture/0.3/10/5/9
0.3,10,9,0,400,200,5,constant,geomean,0.1385640646055101,9,0,0,mixture/0.3/10/5/9
0.3,10,9,0,400,200,5,constant,ratio,0.15500000000000003,8,0,0,mixture/0.3/10/5/9
0.3,10,9,0,400,200,5,constant,ratio-half,0.15500000000000003,8,0,0,mixture/0.3/10/5/9
0.3,10,9,0,1000,200,5,constant,stated,0.5395907397331495,1,0,0,mixture/0.3/10/5/9
0.3,10,9,0,1000,200,5,constant,geomean,0.10751744044572477,10,1,1,mixture/0.3/10/5/9
0.3,10,9,0,1000,200,5,constant,ratio,0.19399999999999995,6,0,0,mixture/0.3/10/5/9
0.3,10,9,0,1000,200,5,constant,ratio-half,0.19399999999999995,6,0,0,mixture/0.3/10/5/9
0.3,10,10,0,400,200,5,constant,stated,0.6784994344878064,1,0,0,mixture/0.3/10/5/10
0.3,10,10,0,400,200,5,constant,geomean,0.1694107434609741,13,0,0,mixture/0.3/10/5/10
0.3,10,10,0,400,200,5,constant,ratio,0.32499999999999996,3,0,0,mixture/0.3/10/5/10
0.3,10,10,0,400,200,5,constant,ratio-half,0.32499999999999996,3,0,0,mixture/0.3/10/5/10
0.3,10,10,0,1000,200,5,constant,stated,0.5395907397331495,1,0,0,mixture/0.3/10/5/10
0.3,10,10,0,1000,200,5,constant,geomean,0.13475904422338417,10,1,1,mixture/0.3/10/5/10
0.3,10,10,0,1000,200,5,constant,ratio,0.122,10,1,1,mixture/0.3/10/5/10
0.3,10,10,0,1000,200,5,constant,ratio-half,0.122,10,1,1,mixture/0.3/10/5/10
0.3,10,11,0,400,200,5,constant,stated,0.6784994344878064,2,0,0,mixture/0.3/10/5/11
0.3,10,11,0,400,200,5,constant,geomean,0.27386127875258304,6,0,0,mixture/0.3/10/5/11
0.3,10,11,0,400,200,5,constant,ratio,0.45,2,0,0,mixture/0.3/10/5/11
0.3,10,11,0,400,200,5,constant,ratio-half,0.45,2,0,0,mixture/0.3/10/5/11
0.3,10,11,0,1000,200,5,constant,stated,0.5395907397331495,2,0,0,mixture/0.3/10/5/11
0.3,10,11,0,1000,200,5,constant,geomean,0.2084514331924826,9,0,0,mixture/0.3/10/5/11
0.3,10,11,0,1000,200,5,constant,ratio,0.464,2,0,0,mixture/0.3/10/5/11
0.3,10,11,0,1000,200,5,constant,ratio-half,0.464,2,0,0,mixture/0.3/10/5/11
0.3,10,12,0,400,200,5,constant,stated,0.6784994344878064,2,0,0,mixture/0.3/10/5/12
0.3,10,12,0,400,200,5,constant,geomean,0.23086792761230382,9,0,0,mixture/0.3/10/5/12
0.3,10,12,0,400,200,5,constant,ratio,0.425,2,0,0,mixture/0.3/10/5/12
0.3,10,12,0,400,200,5,constant,ratio-half,0.425,2,0,0,mixture/0.3/10/5/12
0.3,10,12,0,1000,200,5,constant,stated,0.5395907397331495,2,0,0,mixture/0.3/10/5/12
0.3,10,12,0,1000,200,5,constant,geomean,0.17630655121123556,9,0,0,mixture/0.3/10/5/12
0.3,10,12,0,1000,200,5,constant,ratio,0.478,2,0,0,mixture/0.3/10/5/12
0.3,10,12,0,1000,200,5,constant,ratio-half,0.478,2,0,0,mixture/0.3/10/5/12
0.3,10,13,0,400,200,5,constant,stated,0.6784994344878064,1,0,0,mixture/0.3/10/5/13
0.3,10,13,0,400,200,5,constant,geomean,0.1997498435543817,10,1,1,mixture/0.3/10/5/13
0.3,10,13,0,400,200,5,constant,ratio,0.135,10,1,1,mixture/0.3/10/5/13
0.3,10,13,0,400,200,5,constant,ratio-half,0.135,10,1,1,mixture/0.3/10/5/13
0.3,10,13,0,1000,200,5,constant,stated,0.5395907397331495,3,0,0,mixture/0.3/10/5/13
0.3,10,13,0,1000,200,5,constant,geomean,0.15818975946628155,10,1,1,mixture/0.3/10/5/13
0.3,10,13,0,1000,200,5,constant,ratio,0.07800000000000007,10,1,1,mixture/0.3/10/5/13
0.3,10,13,0,1000,200,5,constant,ratio-half,0.07800000000000007,10,1,1,mixture/0.3/10/5/13
0.3,10,14,0,400,200,5,constant,stated,0.6784994344878064,2,0,0,mixture/0.3/10/5/14
0.3,10,14,0,400,200,5,constant,geomean,0.20493901531919184,9,0,0,mixture/0.3/10/5/14
0.3,10,14,0,400,200,5,constant,ratio,0.395,2,0,0,mixture/0.3/10/5/14
0.3,10,14,0,400,200,5,constant,ratio-half,0.395,2,0,0,mixture/0.3/10/5/14
0.3,10,14,0,1000,200,5,constant,stated,0.5395907397331495,2,0,0,mixture/0.3/10/5/14
0.3,10,14,0,1000,200,5,constant,geomean,0.15383107618423536,10,1,1,mixture/0.3/10/5/14
0.3,10,14,0,1000,200,5,constant,ratio,0.09399999999999997,10,1,1,mixture/0.3/10/5/14
0.3,10,14,0,1000,200,5,constant,ratio-half,0.09399999999999997,10,1,1,mixture/0.3/10/5/14
0.3,10,15,0,400,200,5,constant,stated,0.6784994344878064,1,0,0,mixture/0.3/10/5/15
0.3,10,15,0,400,200,5,constant,geomean,0.18894443627691176,9,0,0,mixture/0.3/10/5/15
0.3,10,15,0,400,200,5,constant,ratio,0.39,2,0,0,mixture/0.3/10/5/15
0.3,10,15,0,400,200,5,constant,ratio-half,0.39,2,0,0,mixture/0.3/10/5/15
0.3,10,15,0,1000,200,5,constant,stated,0.5395907397331495,2,0,0,mixture/0.3/10/5/15
0.3,10,15,0,1000,200,5,constant,geomean,0.1559487095169435,9,0,0,mixture/0.3/10/5/15
0.3,10,15,0,1000,200,5,constant,ratio,0.10199999999999998,9,0,0,mixture/0.3/10/5/15
0.3,10,15,0,1000,200,5,constant,ratio-half,0.10199999999999998,9,0,0,mixture/0.3/10/5/15
0.3,10,16,0,400,200,5,constant,stated,0.6784994344878064,2,0,0,mixture/0.3/10/5/16
0.3,10,16,0,400,200,5,constant,geomean,0.21783020910791956,8,0,0,mixture/0.3/10/5/16
0.3,10,16,0,400,200,5,constant,ratio,0.42499999999999993,2,0,0,mixture/0.3/10/5/16
0.3,10,16,0,400,200,5,constant,ratio-half,0.42499999999999993,2,0,0,mixture/0.3/10/5/16
0.3,10,16,0,1000,200,5,constant,stated,0.5395907397331495,2,0,0,mixture/0.3/10/5/16
0.3,10,16,0,1000,200,5,constant,geomean,0.16821414922651431,9,0,0,mixture/0.3/10/5/16
0.3,10,16,0,1000,200,5,constant,ratio,0.06000000000000005,10,1,1,mixture/0.3/10/5/16
0.3,10,16,0,1000,200,5,constant,ratio-half,0.06000000000000005,10,1,1,mixture/0.3/10/5/16
0.3,10,17,0,400,200,5,constant,stated,0.6784994344878064,1,0,0,mixture/0.3/10/5/17
0.3,10,17,0,400,200,5,constant,geomean,0.14491376746189444,10,1,1,mixture/0.3/10/5/17
0.3,10,17,0,400,200,5,constant,ratio,0.10499999999999998,10,1,1,mixture/0.3/10/5/17
0.3,10,17,0,400,200,5,constant,ratio-half,0.10499999999999998,10,1,1,mixture/0.3/10/5/17
0.3,10,17,0,1000,200,5,constant,stated,0.5395907397331495,1,0,0,mixture/0.3/10/5/17
0.3,10,17,0,1000,200,5,constant,geomean,0.12178669878110669,10,1,1,mixture/0.3/10/5/17
0.3,10,17,0,1000,200,5,constant,ratio,0.052000000000000046,10,1,1,mixture/0.3/10/5/17
0.3,10,17,0,1000,200,5,constant,ratio-half,0.052000000000000046,10,1,1,mixture/0.3/10/5/17
0.3,10,18,0,400,200,5,constant,stated,0.6784994344878064,2,0,0,mixture/0.3/10/5/18
0.3,10,18,0,400,200,5,constant,geomean,0.21977260975835922,6,0,0,mixture/0.3/10/5/18
0.3,10,18,0,400,200,5,constant,ratio,0.32000000000000006,2,0,0,mixture/0.3/10/5/18
0.3,10,18,0,400,200,5,constant,ratio-half,0.32000000000000006,2,0,0,mixture/0.3/10/5/18
0.3,10,18,0,1000,200,5,constant,stated,0.5395907397331495,2,0,0,mixture/0.3/10/5/18
0.3,10,18,0,1000,200,5,constant,geomean,0.17782013384316192,8,0,0,mixture/0.3/10/5/18
0.3,10,18,0,1000,200,5,constant,ratio,0.33999999999999997,2,0,0,mixture/0.3/10/5/18
0.3,10,18,0,1000,200,5,constant,ratio-half,0.33999999999999997,2,0,0,mixture/0.3/10/5/18
0.3,10,19,0,400,200,5,constant,stated,0.6784994344878064,1,0,0,mixture/0.3/10/5/19
0.3,10,19,0,400,200,5,constant,geomean,0.1799999999999999,9,0,0,mixture/0.3/10/5/19
0.3,10,19,0,400,200,5,constant,ratio,0.27,4,0,0,mixture/0.3/10/5/19
0.3,10,19,0,400,200,5,constant,ratio-half,0.27,4,0,0,mixture/0.3/10/5/19
0.3,10,19,0,1000,200,5,constant,stated,0.5395907397331495,2,0,0,mixture/0.3/10/5/19
0.3,10,19,0,1000,200,5,constant,geomean,0.13896762212832175,10,1,1,mixture/0.3/10/5/19
0.3,10,19,0,1000,200,5,constant,ratio,0.08399999999999996,10,1,1,mixture/0.3/10/5/19
0.3,10,19,0,1000,200,5,constant,ratio-half,0.08399999999999996,10,1,1,mixture/0.3/10/5/19
0.4,2,0,0,400,200,5,constant,stated,0.6784994344878064,1,0,0,mixture/0.4/2/5/0
0.4,2,0,0,400,200,5,constant,geomean,0.12649110640673508,2,1,1,mixture/0.4/2/5/0
0.4,2,0,0,400,200,5,constant,ratio,0.07500000000000007,2,1,1,mixture/0.4/2/5/0
0.4,2,0,0,400,200,5,constant,ratio-half,0.07500000000000007,2,1,1,mixture/0.4/2/5/0
0.4,2,0,0,1000,200,5,constant,stated,0.5395907397331495,1,0,0,mixture/0.4/2/5/0
0.4,2,0,0,1000,200,5,constant,geomean,0.09316651759081697,2,1,1,mixture/0.4/2/5/0
0.4,2,0,0,1000,200,5,constant,ratio,0.041999999999999926,2,1,1,mixture/0.4/2/5/0
0.4,2,0,0,1000,200,5,constant,ratio-half,0.041999999999999926,2,1,1,mixture/0.4/2/5/0
0.4,2,1,0,400,200,5,constant,stated,0.6784994344878064,1,0,0,mixture/0.4/2/5/1
0.4,2,1,0,400,200,5,constant,geomean,0.19899748742132395,2,1,1,mixture/0.4/2/5/1
0.4,2,1,0,400,200,5,constant,ratio,0.12,2,1,1,mixture/0.4/2/5/1
0.4,2,1,0,400,200,5,constant,ratio-half,0.12,2,1,1,mixture/0.4/2/5/1
0.4,2,1,0,1000,200,5,constant,stated,0.5395907397331495,1,0,0,mixture/0.4/2/5/1
0.4,2,1,0,1000,200,5,constant,geomean,0.15726410906497396,2,1,1,mixture/0.4/2/5/1
0.4,2,1,0,1000,200,5,constant,ratio,0.08400000000000007,2,1,1,mixture/0.4/2/5/1
0.4,2,1,0,1000,200,5,constant,ratio-half,0.08400000000000007,2,1,1,mixture/0.4/2/5/1
0.4,2,2,0,400,200,5,constant,stated,0.6784994344878064,1,0,0,mixture/0.4/2/5/2
0.4,2,2,0,400,200,5,constant,geomean,0.1048808848170152,2,1,1,mixture/0.4/2/5/2
0.4,2,2,0,400,200,5,constant,ratio,0.06500000000000006,2,1,1,mixture/0.4/2/5/2
0.4,2,2,0,400,200,5,constant,ratio-half,0.06500000000000006,2,1,1,mixture/0.4/2/5/2
0.4,2,2,0,1000,200,5,constant,stated,0.5395907397331495,1,0,0,mixture/0.4/2/5/2
0.4,2,2,0,1000,200,5,constant,geomean,0.08197560612767667,2,1,1,mixture/0.4/2/5/2
0.4,2,2,0,1000,200,5,constant,ratio,0.03799999999999992,2,1,1,mixture/0.4/2/5/2
0.4,2,2,0,1000,200,5,constant,ratio-half,0.03799999999999992,2,1,1,mixture/0.4/2/5/2
0.4,2,3,0,400,200,5,constant,stated,0.6784994344878064,1,0,0,mixture/0.4/2/5/3
0.4,2,3,0,400,200,5,constant,geomean,0.1592168332809065,2,1,1,mixture/0.4/2/5/3
0.4,2,3,0,400,200,5,constant,ratio,0.07999999999999996,2,1,1,mixture/0.4/2/5/3
0.4,2,3,0,400,200,5,constant,ratio-half,0.07999999999999996,2,1,1,mixture/0.4/2/5/3
0.4,2,3,0,1000,200,5,constant,stated,0.5395907397331495,1,0,0,mixture/0.4/2/5/3
0.4,2,3,0,1000,200,5,constant,geomean,0.11634431657799195,2,1,1,mixture/0.4/2/5/3
0.4,2,3,0,1000,200,5,constant,ratio,0.050000000000000044,2,1,1,mixture/0.4/2/5/3
0.4,2,3,0,1000,200,5,constant,ratio-half,0.050000000000000044,2,1,1,mixture/0.4/2/5/3
0.4,2,4,0,400,200,5,constant,stated,0.6784994344878064,1,0,0,mixture/0.4/2/5/4
0.4,2,4,0,400,200,5,constant,geomean,0.1839157415774953,2,1,1,mixture/0.4/2/5/4
0.4,2,4,0,400,200,5,constant,ratio,0.09999999999999998,2,1,1,mixture/0.4/2/5/4
0.4,2,4,0,400,200,5,constant,ratio-half,0.09999999999999998,2,1,1,mixture/0.4/2/5/4
0.4,2,4,0,1000,200,5,constant,stated,0.5395907397331495,2,1,1,mixture/0.4/2/5/4
0.4,2,4,0,1000,200,5,constant,geomean,0.14797297050475114,2,1,1,mixture/0.4/2/5/4
0.4,2,4,0,1000,200,5,constant,ratio,0.051999999999999935,2,1,1,mixture/0.4/2/5/4
0.4,2,4,0,1000,200,5,constant,ratio-half,0.051999999999999935,2,1,1,mixture/0.4/2/5/4
0.4,2,5,0,400,200,5,constant,stated,0.6784994344878064,1,0,0,mixture/0.4/2/5/5
0.4,2,5,0,400,200,5,constant,geomean,0.18834808201837352,2,1,1,mixture/0.4/2/5/5
0.4,2,5,0,400,200,5,constant,ratio,0.07999999999999996,2,1,1,mixture/0.4/2/5/5
0.4,2,5,0,400,200,5,constant,ratio-half,0.07999999999999996,2,1,1,mixture/0.4/2/5/5
0.4,2,5,0,1000,200,5,constant,stated,0.5395907397331495,2,1,1,mixture/0.4/2/5/5
0.4,2,5,0,1000,200,5,constant,geomean,0.13899640283115247,2,1,1,mixture/0.4/2/5/5
0.4,2,5,0,1000,200,5,constant,ratio,0.051999999999999935,2,1,1,mixture/0.4/2/5/5
0.4,2,5,0,1000,200,5,constant,ratio-half,0.051999999999999935,2,1,1,mixture/0.4/2/5/5
0.4,2,6,0,400,200,5,constant,stated,0.6784994344878064,1,0,0,mixture/0.4/2/5/6
0.4,2,6,0,400,200,5,constant,geomean,0.13360389215887383,2,1,1,mixture/0.4/2/5/6
0.4,2,6,0,400,200,5,constant,ratio,0.09499999999999997,2,1,1,mixture/0.4/2/5/6
0.4,2,6,0,400,200,5,constant,ratio-half,0.09499999999999997,2,1,1,mixture/0.4/2/5/6
0.4,2,6,0,1000,200,5,constant,stated,0.5395907397331495,1,0,0,mixture/0.4/2/5/6
0.4,2,6,0,1000,200,5,constant,geomean,0.10237187113655787,2,1,1,mixture/0.4/2/5/6
0.4,2,6,0,1000,200,5,constant,ratio,0.05399999999999994,2,1,1,mixture/0.4/2/5/6
0.4,2,6,0,1000,200,5,constant,ratio-half,0.05399999999999994,2,1,1,mixture/0.4/2/5/6
0.4,2,7,0,400,200,5,constant,stated,0.6784994344878064,1,0,0,mixture/0.4/2/5/7
0.4,2,7,0,400,200,5,constant,geomean,0.1694107434609741,3,0,0,mixture/0.4/2/5/7
0.4,2,7,0,400,200,5,constant,ratio,0.09000000000000008,3,0,0,mixture/0.4/2/5/7
0.4,2,7,0,400,200,5,constant,ratio-half,0.09000000000000008,3,0,0,mixture/0.4/2/5/7
0.4,2,7,0,1000,200,5,constant,stated,0.5395907397331495,2,1,1,mixture/0.4/2/5/7
0.4,2,7,0,1000,200,5,constant,geomean,0.14751271131668606,2,1,1,mixture/0.4/2/5/7
0.4,2,7,0,1000,200,5,constant,ratio,0.06399999999999995,2,1,1,mixture/0.4/2/5/7
0.4,2,7,0,1000,200,5,constant,ratio-half,0.06399999999999995,2,1,1,mixture/0.4/2/5/7
0.4,2,8,0,400,200,5,constant,stated,0.6784994344878064,1,0,0,mixture/0.4/2/5/8
0.4,2,8,0,400,200,5,constant,geomean,0.101242283656583,2,1,1,mixture/0.4/2/5/8
0.4,2,8,0,400,200,5,constant,ratio,0.06500000000000006,2,1,1,mixture/0.4/2/5/8
0.4,2,8,0,400,200,5,constant,ratio-half,0.06500000000000006,2,1,1,mixture/0.4/2/5/8
0.4,2,8,0,1000,200,5,constant,stated,0.5395907397331495,1,0,0,mixture/0.4/2/5/8
0.4,2,8,0,1000,200,5,constant,geomean,0.07776888838089437,2,1,1,mixture/0.4/2/5/8
0.4,2,8,0,1000,200,5,constant,ratio,0.03799999999999992,2,1,1,mixture/0.4/2/5/8
0.4,2,8,0,1000,200,5,constant,ratio-half,0.03799999999999992,2,1,1,mixture/0.4/2/5/8
0.4,2,9,0,400,200,5,constant,stated,0.6784994344878064,1,0,0,mixture/0.4/2/5/9
0.4,2,9,0,400,200,5,constant,geomean,0.11510864433221343,2,1,1,mixture/0.4/2/5/9
0.4,2,9,0,400,200,5,constant,ratio,0.09000000000000008,2,1,1,mixture/0.4/2/5/9
0.4,2,9,0,400,200,5,constant,ratio-half,0.09000000000000008,2,1,1,mixture/0.4/2/5/9
0.4,2,9,0,1000,200,5,constant,stated,0.5395907397331495,1,0,0,mixture/0.4/2/5/9
0.4,2,9,0,1000,200,5,constant,geomean,0.0896660470858396,2,1,1,mixture/0.4/2/5/9
0.4,2,9,0,1000,200,5,constant,ratio,0.05600000000000005,2,1,1,mixture/0.4/2/5/9
0.4,2,9,0,1000,200,5,constant,ratio-half,0.05600000000000005,2,1,1,mixture/0.4/2/5/9
0.4,2,10,0,400,200,5,constant,stated,0.6784994344878064,1,0,0,mixture/0.4/2/5/10
0.4,2,10,0,400,200,5,constant,geomean,0.11618950038622246,4,0,0,mixture/0.4/2/5/10
0.4,2,10,0,400,200,5,constant,ratio,0.13,2,1,1,mixture/0.4/2/5/10
0.4,2,10,0,400,200,5,constant,ratio-half,0.13,2,1,1,mixture/0.4/2/5/10
0.4,2,10,0,1000,200,5,constant,stated,0.5395907397331495,1,0,0,mixture/0.4/2/5/10
0.4,2,10,0,1000,200,5,constant,geomean,0.08597674104081873,2,1,1,mixture/0.4/2/5/10
0.4,2,10,0,1000,200,5,constant,ratio,0.061999999999999944,2,1,1,mixture/0.4/2/5/10
0.4,2,10,0,1000,200,5,constant,ratio-half,0.061999999999999944,2,1,1,mixture/0.4/2/5/10
0.4,2,11,0,400,200,5,constant,stated,0.6784994344878064,1,0,0,mixture/0.4/2/5/11
0.4,2,11,0,400,200,5,constant,geomean,0.14282856857085693,2,1,1,mixture/0.4/2/5/11
0.4,2,11,0,400,200,5,constant,ratio,0.10999999999999999,2,1,1,mixture/0.4/2/5/11
0.4,2,11,0,400,200,5,constant,ratio-half,0.10999999999999999,2,1,1,mixture/0.4/2/5/11
0.4,2,11,0,1000,200,5,constant,stated,0.5395907397331495,1,0,0,mixture/0.4/2/5/11
0.4,2,11,0,1000,200,5,constant,geomean,0.10733126291998976,2,1,1,mixture/0.4/2/5/11
0.4,2,11,0,1000,200,5,constant,ratio,0.06400000000000006,2,1,1,mixture/0.4/2/5/11
0.4,2,11,0,1000,200,5,constant,ratio-half,0.06400000000000006,2,1,1,mixture/0.4/2/5/11
0.4,2,12,0,400,200,5,constant,stated,0.6784994344878064,1,0,0,mixture/0.4/2/5/12
0.4,2,12,0,400,200,5,constant,geomean,0.1577973383805951,2,1,1,mixture/0.4/2/5/12
0.4,2,12,0,400,200,5,constant,ratio,0.08999999999999997,2,1,1,mixture/0.4/2/5/12
0.4,2,12,0,400,200,5,constant,ratio-half,0.08999999999999997,2,1,1,mixture/0.4/2/5/12
0.4,2,12,0,1000,200,5,constant,stated,0.5395907397331495,1,0,0,mixture/0.4/2/5/12
0.4,2,12,0,1000,200,5,constant,geomean,0.12341798896433213,2,1,1,mixture/0.4/2/5/12
0.4,2,12,0,1000,200,5,constant,ratio,0.05599999999999994,2,1,1,mixture/0.4/2/5/12
0.4,2,12,0,1000,200,5,constant,ratio-half,0.05599999999999994,2,1,1,mixture/0.4/2/5/12
0.4,2,13,0,400,200,5,constant,stated,0.6784994344878064,1,0,0,mixture/0.4/2/5/13
0.4,2,13,0,400,200,5,constant,geomean,0.13332291625973372,2,1,1,mixture/0.4/2/5/13
0.4,2,13,0,400,200,5,constant,ratio,0.05500000000000005,2,1,1,mixture/0.4/2/5/13
0.4,2,13,0,400,200,5,constant,ratio-half,0.05500000000000005,2,1,1,mixture/0.4/2/5/13
0.4,2,13,0,1000,200,5,constant,stated,0.5395907397331495,1,0,0,mixture/0.4/2/5/13
0.4,2,13,0,1000,200,5,constant,geomean,0.09967948635501694,2,1,1,mixture/0.4/2/5/13
0.4,2,13,0,1000,200,5,constant,ratio,0.03200000000000003,2,1,1,mixture/0.4/2/5/13
0.4,2,13,0,1000,200,5,constant,ratio-half,0.03200000000000003,2,1,1,mixture/0.4/2/5/13
0.4,2,14,0,400,200,5,constant,stated,0.6784994344878064,1,0,0,mixture/0.4/2/5/14
0.4,2,14,0,400,200,5,constant,geomean,0.17233687939614079,2,1,1,mixture/0.4/2/5/14
0.4,2,14,0,400,200,5,constant,ratio,0.08000000000000007,2,1,1,mixture/0.4/2/5/14
0.4,2,14,0,400,200,5,constant,ratio-half,0.08000000000000007,2,1,1,mixture/0.4/2/5/14
0.4,2,14,0,1000,200,5,constant,stated,0.5395907397331495,1,0,0,mixture/0.4/2/5/14
0.4,2,14,0,1000,200,5,constant,geomean,0.13499629624548948,2,1,1,mixture/0.4/2/5/14
0.4,2,14,0,1000,200,5,constant,ratio,0.04399999999999993,2,1,1,mixture/0.4/2/5/14
0.4,2,14,0,1000,200,5,constant,ratio-half,0.04399999999999993,2,1,1,mixture/0.4/2/5/14
0.4,2,15,0,400,200,5,constant,stated,0.6784994344878064,1,0,0,mixture/0.4/2/5/15
0.4,2,15,0,400,200,5,constant,geomean,0.16852299546352711,2,1,1,mixture/0.4/2/5/15
0.4,2,15,0,400,200,5,constant,ratio,0.125,2,1,1,mixture/0.4/2/5/15
0.4,2,15,0,400,200,5,constant,ratio-half,0.125,2,1,1,mixture/0.4/2/5/15
0.4,2,15,0,1000,200,5,constant,stated,0.5395907397331495,1,0,0,mixture/0.4/2/5/15
0.4,2,15,0,1000,200,5,constant,geomean,0.1304607220584035,2,1,1,mixture/0.4/2/5/15
0.4,2,15,0,1000,200,5,constant,ratio,0.06799999999999995,2,1,1,mixture/0.4/2/5/15
0.4,2,15,0,1000,200,5,constant,ratio-half,0.06799999999999995,2,1,1,mixture/0.4/2/5/15
0.4,2,16,0,400,200,5,constant,stated,0.6784994344878064,1,0,0,mixture/0.4/2/5/16
0.4,2,16,0,400,200,5,constant,geomean,0.15491933384829662,2,1,1,mixture/0.4/2/5/16
0.4,2,16,0,400,200,5,constant,ratio,0.08000000000000007,2,1,1,mixture/0.4/2/5/16
0.4,2,16,0,400,200,5,constant,ratio-half,0.08000000000000007,2,1,1,mixture/0.4/2/5/16
0.4,2,16,0,1000,200,5,constant,stated,0.5395907397331495,1,0,0,mixture/0.4/2/5/16
0.4,2,16,0,1000,200,5,constant,geomean,0.1177794549146837,2,1,1,mixture/0.4/2/5/16
0.4,2,16,0,1000,200,5,constant,ratio,0.04600000000000004,2,1,1,mixture/0.4/2/5/16
0.4,2,16,0,1000,200,5,constant,ratio-half,0.04600000000000004,2,1,1,mixture/0.4/2/5/16
0.4,2,17,0,400,200,5,constant,stated,0.6784994344878064,1,0,0,mixture/0.4/2/5/17
0.4,2,17,0,400,200,5,constant,geomean,0.10246950765959605,2,1,1,mixture/0.4/2/5/17
0.4,2,17,0,400,200,5,constant,ratio,0.06500000000000006,2,1,1,mixture/0.4/2/5/17
0.4,2,17,0,400,200,5,constant,ratio-half,0.06500000000000006,2,1,1,mixture/0.4/2/5/17
0.4,2,17,0,1000,200,5,constant,stated,0.5395907397331495,1,0,0,mixture/0.4/2/5/17
0.4,2,17,0,1000,200,5,constant,geomean,0.08059776671843943,2,1,1,mixture/0.4/2/5/17
0.4,2,17,0,1000,200,5,constant,ratio,0.03600000000000003,2,1,1,mixture/0.4/2/5/17
0.4,2,17,0,1000,200,5,constant,ratio-half,0.03600000000000003,2,1,1,mixture/0.4/2/5/17
0.4,2,18,0,400,200,5,constant,stated,0.6784994344878064,2,1,1,mixture/0.4/2/5/18
0.4,2,18,0,400,200,5,constant,geomean,0.22699118925632317,2,1,1,mixture/0.4/2/5/18
0.4,2,18,0,400,200,5,constant,ratio,0.065,2,1,1,mixture/0.4/2/5/18
0.4,2,18,0,400,200,5,constant,ratio-half,0.065,2,1,1,mixture/0.4/2/5/18
0.4,2,18,0,1000,200,5,constant,stated,0.5395907397331495,2,1,1,mixture/0.4/2/5/18
0.4,2,18,0,1000,200,5,constant,geomean,0.17545369759569018,2,1,1,mixture/0.4/2/5/18
0.4,2,18,0,1000,200,5,constant,ratio,0.04200000000000004,2,1,1,mixture/0.4/2/5/18
0.4,2,18,0,1000,200,5,constant,ratio-half,0.04200000000000004,2,1,1,mixture/0.4/2/5/18
0.4,2,19,0,400,200,5,constant,stated,0.6784994344878064,1,0,0,mixture/0.4/2/5/19
0.4,2,19,0,400,200,5,constant,geomean,0.17313289693180794,2,1,1,mixture/0.4/2/5/19
0.4,2,19,0,400,200,5,constant,ratio,0.07500000000000007,2,1,1,mixture/0.4/2/5/19
0.4,2,19,0,400,200,5,constant,ratio-half,0.07500000000000007,2,1,1,mixture/0.4/2/5/19
0.4,2,19,0,1000,200,5,constant,stated,0.5395907397331495,2,1,1,mixture/0.4/2/5/19
0.4,2,19,0,1000,200,5,constant,geomean,0.13099618315050257,2,1,1,mixture/0.4/2/5/19
0.4,2,19,0,1000,200,5,constant,ratio,0.06800000000000006,2,1,1,mixture/0.4/2/5/19
0.4,2,19,0,1000,200,5,constant,ratio-half,0.06800000000000006,2,1,1,mixture/0.4/2/5/19
0.4,3,0,0,400,200,5,constant,stated,0.6784994344878064,1,0,0,mixture/0.4/3/5/0
0.4,3,0,0,400,200,5,constant,geomean,0.16278820596099713,3,1,1,mixture/0.4/3/5/0
0.4,3,0,0,400,200,5,constant,ratio,0.07499999999999996,3,1,1,mixture/0.4/3/5/0
0.4,3,0,0,400,200,5,constant,ratio-half,0.07499999999999996,3,1,1,mixture/0.4/3/5/0
0.4,3,0,0,1000,200,5,constant,stated,0.5395907397331495,2,0,0,mixture/0.4/3/5/0
0.4,3,0,0,1000,200,5,constant,geomean,0.12891857895586661,3,1,1,mixture/0.4/3/5/0
0.4,3,0,0,1000,200,5,constant,ratio,0.04600000000000004,3,1,1,mixture/0.4/3/5/0
0.4,3,0,0,1000,200,5,constant,ratio-half,0.04600000000000004,3,1,1,mixture/0.4/3/5/0
0.4,3,1,0,400,200,5,constant,stated,0.6784994344878064,1,0,0,mixture/0.4/3/5/1
0.4,3,1,0,400,200,5,constant,geomean,0.1700735135169494,3,1,1,mixture/0.4/3/5/1
0.4,3,1,0,400,200,5,constant,ratio,0.09500000000000008,3,1,1,mixture/0.4/3/5/1
0.4,3,1,0,400,200,5,constant,ratio-half,0.09500000000000008,3,1,1,mixture/0.4/3/5/1
0.4,3,1,0,1000,200,5,constant,stated,0.5395907397331495,1,0,0,mixture/0.4/3/5/1
0.4,3,1,0,1000,200,5,constant,geomean,0.13018448448259884,3,1,1,mixture/0.4/3/5/1
0.4,3,1,0,1000,200,5,constant,ratio,0.06000000000000005,3,1,1,mixture/0.4/3/5/1
0.4,3,1,0,1000,200,5,constant,ratio-half,0.06000000000000005,3,1,1,mixture/0.4/3/5/1
0.4,3,2,0,400,200,5,constant,stated,0.6784994344878064,2,0,0,mixture/0.4/3/5/2
0.4,3,2,0,400,200,5,constant,geomean,0.23505318547086326,3,1,1,mixture/0.4/3/5/2
0.4,3,2,0,400,200,5,constant,ratio,0.2599999999999999,2,0,0,mixture/0.4/3/5/2
0.4,3,2,0,400,200,5,constant,ratio-half,0.2599999999999999,2,0,0,mixture/0.4/3/5/2
0.4,3,2,0,1000,200,5,constant,stated,0.5395907397331495,2,0,0,mixture/0.4/3/5/2
0.4,3,2,0,1000,200,5,constant,geomean,0.1767710383518749,3,1,1,mixture/0.4/3/5/2
0.4,3,2,0,1000,200,5,constant,ratio,0.25,2,0,0,mixture/0.4/3/5/2
0.4,3,2,0,1000,200,5,constant,ratio-half,0.25,2,0,0,mixture/0.4/3/5/2
0.4,3,3,0,400,200,5,constant,stated,0.6784994344878064,1,0,0,mixture/0.4/3/5/3
0.4,3,3,0,400,200,5,constant,geomean,0.18986837546047527,3,1,1,mixture/0.4/3/5/3
0.4,3,3,0,400,200,5,constant,ratio,0.26,2,0,0,mixture/0.4/3/5/3
0.4,3,3,0,400,200,5,constant,ratio-half,0.26,2,0,0,mixture/0.4/3/5/3
0.4,3,3,0,1000,200,5,constant,stated,0.5395907397331495,2,0,0,mixture/0.4/3/5/3
0.4,3,3,0,1000,200,5,constant,geomean,0.1649242250247065,3,1,1,mixture/0.4/3/5/3
0.4,3,3,0,1000,200,5,constant,ratio,0.08200000000000002,3,1,1,mixture/0.4/3/5/3
0.4,3,3,0,1000,200,5,constant,ratio-half,0.08200000000000002,3,1,1,mixture/0.4/3/5/3
0.4,3,4,0,400,200,5,constant,stated,0.6784994344878064,1,0,0,mixture/0.4/3/5/4
0.4,3,4,0,400,200,5,constant,geomean,0.1135781669160054,3,1,1,mixture/0.4/3/5/4
0.4,3,4,0,400,200,5,constant,ratio,0.08499999999999996,3,1,1,mixture/0.4/3/5/4
0.4,3,4,0,400,200,5,constant,ratio-half,0.08499999999999996,3,1,1,mixture/0.4/3/5/4
0.4,3,4,0,1000,200,5,constant,stated,0.5395907397331495,1,0,0,mixture/0.4/3/5/4
0.4,3,4,0,1000,200,5,constant,geomean,0.08079603950689665,3,1,1,mixture/0.4/3/5/4
0.4,3,4,0,1000,200,5,constant,ratio,0.04800000000000004,3,1,1,mixture/0.4/3/5/4
0.4,3,4,0,1000,200,5,constant,ratio-half,0.04800000000000004,3,1,1,mixture/0.4/3/5/4
0.4,3,5,0,400,200,5,constant,stated,0.6784994344878064,1,0,0,mixture/0.4/3/5/5
0.4,3,5,0,400,200,5,constant,geomean,0.1540292180074937,3,1,1,mixture/0.4/3/5/5
0.4,3,5,0,400,200,5,constant,ratio,0.1150000000000001,3,1,1,mixture/0.4/3/5/5
0.4,3,5,0,400,200,5,constant,ratio-half,0.1150000000000001,3,1,1,mixture/0.4/3/5/5
0.4,3,5,0,1000,200,5,constant,stated,0.5395907397331495,1,0,0,mixture/0.4/3/5/5
0.4,3,5,0,1000,200,5,constant,geomean,0.12198360545581513,3,1,1,mixture/0.4/3/5/5
0.4,3,5,0,1000,200,5,constant,ratio,0.08199999999999996,3,1,1,mixture/0.4/3/5/5
0.4,3,5,0,1000,200,5,constant,ratio-half,0.08199999999999996,3,1,1,mixture/0.4/3/5/5
0.4,3,6,0,400,200,5,constant,stated,0.6784994344878064,1,0,0,mixture/0.4/3/5/6
0.4,3,6,0,400,200,5,constant,geomean,0.10000000000000003,3,1,1,mixture/0.4/3/5/6
0.4,3,6,0,400,200,5,constant,ratio,0.13,2,0,0,mixture/0.4/3/5/6
0.4,3,6,0,400,200,5,constant,ratio-half,0.13,2,0,0,mixture/0.4/3/5/6
0.4,3,6,0,1000,200,5,constant,stated,0.5395907397331495,1,0,0,mixture/0.4/3/5/6
0.4,3,6,0,1000,200,5,constant,geomean,0.08160882305241271,3,1,1,mixture/0.4/3/5/6
0.4,3,6,0,1000,200,5,constant,ratio,0.050000000000000044,3,1,1,mixture/0.4/3/5/6
0.4,3,6,0,1000,200,5,constant,ratio-half,0.050000000000000044,3,1,1,mixture/0.4/3/5/6
0.4,3,7,0,400,200,5,constant,stated,0.6784994344878064,1,0,0,mixture/0.4/3/5/7
0.4,3,7,0,400,200,5,constant,geomean,0.13674794331177365,3,1,1,mixture/0.4/3/5/7
0.4,3,7,0,400,200,5,constant,ratio,0.08499999999999996,3,1,1,mixture/0.4/3/5/7
0.4,3,7,0,400,200,5,constant,ratio-half,0.08499999999999996,3,1,1,mixture/0.4/3/5/7
0.4,3,7,0,1000,200,5,constant,stated,0.5395907397331495,1,0,0,mixture/0.4/3/5/7
0.4,3,7,0,1000,200,5,constant,geomean,0.10399999999999986,3,1,1,mixture/0.4/3/5/7
0.4,3,7,0,1000,200,5,constant,ratio,0.04400000000000004,3,1,1,mixture/0.4/3/5/7
0.4,3,7,0,1000,200,5,constant,ratio-half,0.04400000000000004,3,1,1,mixture/0.4/3/5/7
0.4,3,8,0,400,200,5,constant,stated,0.6784994344878064,1,0,0,mixture/0.4/3/5/8
0.4,3,8,0,400,200,5,constant,geomean,0.12247448713915883,3,1,1,mixture/0.4/3/5/8
0.4,3,8,0,400,200,5,constant,ratio,0.06499999999999995,3,1,1,mixture/0.4/3/5/8
0.4,3,8,0,400,200,5,constant,ratio-half,0.06499999999999995,3,1,1,mixture/0.4/3/5/8
0.4,3,8,0,1000,200,5,constant,stated,0.5395907397331495,1,0,0,mixture/0.4/3/5/8
0.4,3,8,0,1000,200,5,constant,geomean,0.08742997197757761,3,1,1,mixture/0.4/3/5/8
0.4,3,8,0,1000,200,5,constant,ratio,0.038000000000000034,3,1,1,mixture/0.4/3/5/8
0.4,3,8,0,1000,200,5,constant,ratio-half,0.038000000000000034,3,1,1,mixture/0.4/3/5/8
0.4,3,9,0,400,200,5,constant,stated,0.6784994344878064,1,0,0,mixture/0.4/3/5/9
0.4,3,9,0,400,200,5,constant,geomean,0.19209372712298536,3,1,1,mixture/0.4/3/5/9
0.4,3,9,0,400,200,5,constant,ratio,0.27,2,0,0,mixture/0.4/3/5/9
0.4,3,9,0,400,200,5,constant,ratio-half,0.27,2,0,0,mixture/0.4/3/5/9
0.4,3,9,0,1000,200,5,constant,stated,0.5395907397331495,2,0,0,mixture/0.4/3/5/9
0.4,3,9,0,1000,200,5,constant,geomean,0.14062716664997563,3,1,1,mixture/0.4/3/5/9
0.4,3,9,0,1000,200,5,constant,ratio,0.08399999999999996,3,1,1,mixture/0.4/3/5/9
0.4,3,9,0,1000,200,5,constant,ratio-half,0.08399999999999996,3,1,1,mixture/0.4/3/5/9
0.4,3,10,0,400,200,5,constant,stated,0.6784994344878064,1,0,0,mixture/0.4/3/5/10
0.4,3,10,0,400,200,5,constant,geomean,0.11958260743101391,3,1,1,mixture/0.4/3/5/10
0.4,3,10,0,400,200,5,constant,ratio,0.14,2,0,0,mixture/0.4/3/5/10
0.4,3,10,0,400,200,5,constant,ratio-half,0.14,2,0,0,mixture/0.4/3/5/10
0.4,3,10,0,1000,200,5,constant,stated,0.5395907397331495,1,0,0,mixture/0.4/3/5/10
0.4,3,10,0,1000,200,5,constant,geomean,0.08797726979169096,3,1,1,mixture/0.4/3/5/10
0.4,3,10,0,1000,200,5,constant,ratio,0.050000000000000044,3,1,1,mixture/0.4/3/5/10
0.4,3,10,0,1000,200,5,constant,ratio-half,0.050000000000000044,3,1,1,mixture/0.4/3/5/10
0.4,3,11,0,400,200,5,constant,stated,0.6784994344878064,1,0,0,mixture/0.4/3/5/11
0.4,3,11,0,400,200,5,constant,geomean,0.16703293088490057,3,1,1,mixture/0.4/3/5/11
0.4,3,11,0,400,200,5,constant,ratio,0.09499999999999997,3,1,1,mixture/0.4/3/5/11
0.4,3,11,0,400,200,5,constant,ratio-half,0.09499999999999997,3,1,1,mixture/0.4/3/5/11
0.4,3,11,0,1000,200,5,constant,stated,0.5395907397331495,1,0,0,mixture/0.4/3/5/11
0.4,3,11,0,1000,200,5,constant,geomean,0.12986146464598347,3,1,1,mixture/0.4/3/5/11
0.4,3,11,0,1000,200,5,constant,ratio,0.06599999999999995,3,1,1,mixture/0.4/3/5/11
0.4,3,11,0,1000,200,5,constant,ratio-half,0.06599999999999995,3,1,1,mixture/0.4/3/5/11
0.4,3,12,0,400,200,5,constant,stated,0.6784994344878064,1,0,0,mixture/0.4/3/5/12
0.4,3,12,0,400,200,5,constant,geomean,0.1294217910554479,3,1,1,mixture/0.4/3/5/12
0.4,3,12,0,400,200,5,constant,ratio,0.12,3,1,1,mixture/0.4/3/5/12
0.4,3,12,0,400,200,5,constant,ratio-half,0.12,3,1,1,mixture/0.4/3/5/12
0.4,3,12,0,1000,200,5,constant,stated,0.5395907397331495,1,0,0,mixture/0.4/3/5/12
0.4,3,12,0,1000,200,5,constant,geomean,0.1003992031840891,3,1,1,mixture/0.4/3/5/12
0.4,3,12,0,1000,200,5,constant,ratio,0.06399999999999995,3,1,1,mixture/0.4/3/5/12
0.4,3,12,0,1000,200,5,constant,ratio-half,0.06399999999999995,3,1,1,mixture/0.4/3/5/12
0.4,3,13,0,400,200,5,constant,stated,0.6784994344878064,1,0,0,mixture/0.4/3/5/13
0.4,3,13,0,400,200,5,constant,geomean,0.12409673645990862,4,0,0,mixture/0.4/3/5/13
0.4,3,13,0,400,200,5,constant,ratio,0.125,3,1,1,mixture/0.4/3/5/13
0.4,3,13,0,400,200,5,constant,ratio-half,0.125,3,1,1,mixture/0.4/3/5/13
0.4,3,13,0,1000,200,5,constant,stated,0.5395907397331495,1,0,0,mixture/0.4/3/5/13
0.4,3,13,0,1000,200,5,constant,geomean,0.09499473669630322,3,1,1,mixture/0.4/3/5/13
0.4,3,13,0,1000,200,5,constant,ratio,0.06799999999999995,3,1,1,mixture/0.4/3/5/13
0.4,3,13,0,1000,200,5,constant,ratio-half,0.06799999999999995,3,1,1,mixture/0.4/3/5/13
0.4,3,14,0,400,200,5,constant,stated,0.6784994344878064,1,0,0,mixture/0.4/3/5/14
0.4,3,14,0,400,200,5,constant,geomean,0.16355427233796133,3,1,1,mixture/0.4/3/5/14
0.4,3,14,0,400,200,5,constant,ratio,0.08000000000000007,3,1,1,mixture/0.4/3/5/14
0.4,3,14,0,400,200,5,constant,ratio-half,0.08000000000000007,3,1,1,mixture/0.4/3/5/14
0.4,3,14,0,1000,200,5,constant,stated,0.5395907397331495,1,0,0,mixture/0.4/3/5/14
0.4,3,14,0,1000,200,5,constant,geomean,0.1270432997052578,3,1,1,mixture/0.4/3/5/14
0.4,3,14,0,1000,200,5,constant,ratio,0.041999999999999926,3,1,1,mixture/0.4/3/5/14
0.4,3,14,0,1000,200,5,constant,ratio-half,0.041999999999999926,3,1,1,mixture/0.4/3/5/14
0.4,3,15,0,400,200,5,constant,stated,0.6784994344878064,1,0,0,mixture/0.4/3/5/15
0.4,3,15,0,400,200,5,constant,geomean,0.1737095276604021,3,1,1,mixture/0.4/3/5/15
0.4,3,15,0,400,200,5,constant,ratio,0.135,3,1,1,mixture/0.4/3/5/15
0.4,3,15,0,400,200,5,constant,ratio-half,0.135,3,1,1,mixture/0.4/3/5/15
0.4,3,15,0,1000,200,5,constant,stated,0.5395907397331495,1,0,0,mixture/0.4/3/5/15
0.4,3,15,0,1000,200,5,constant,geomean,0.13186356585501552,3,1,1,mixture/0.4/3/5/15
0.4,3,15,0,1000,200,5,constant,ratio,0.07399999999999995,3,1,1,mixture/0.4/3/5/15
0.4,3,15,0,1000,200,5,constant,ratio-half,0.07399999999999995,3,1,1,mixture/0.4/3/5/15
0.4,3,16,0,400,200,5,constant,stated,0.6784994344878064,1,0,0,mixture/0.4/3/5/16
0.4,3,16,0,400,200,5,constant,geomean,0.13674794331177337,3,1,1,mixture/0.4/3/5/16
0.4,3,16,0,400,200,5,constant,ratio,0.08000000000000007,3,1,1,mixture/0.4/3/5/16
0.4,3,16,0,400,200,5,constant,ratio-half,0.08000000000000007,3,1,1,mixture/0.4/3/5/16
0.4,3,16,0,1000,200,5,constant,stated,0.5395907397331495,1,0,0,mixture/0.4/3/5/16
0.4,3,16,0,1000,200,5,constant,geomean,0.10307278981380107,3,1,1,mixture/0.4/3/5/16
0.4,3,16,0,1000,200,5,constant,ratio,0.041999999999999926,3,1,1,mixture/0.4/3/5/16
0.4,3,16,0,1000,200,5,constant,ratio-half,0.041999999999999926,3,1,1,mixture/0.4/3/5/16
0.4,3,17,0,400,200,5,constant,stated,0.6784994344878064,1,0,0,mixture/0.4/3/5/17
0.4,3,17,0,400,200,5,constant,geomean,0.1766352173265569,3,1,1,mixture/0.4/3/5/17
0.4,3,17,0,400,200,5,constant,ratio,0.16000000000000003,3,1,1,mixture/0.4/3/5/17
0.4,3,17,0,400,200,5,constant,ratio-half,0.16000000000000003,3,1,1,mixture/0.4/3/5/17
0.4,3,17,0,1000,200,5,constant,stated,0.5395907397331495,1,0,0,mixture/0.4/3/5/17
0.4,3,17,0,1000,200,5,constant,geomean,0.1489966442575133,3,1,1,mixture/0.4/3/5/17
0.4,3,17,0,1000,200,5,constant,ratio,0.06800000000000006,3,1,1,mixture/0.4/3/5/17
0.4,3,17,0,1000,200,5,constant,ratio-half,0.06800000000000006,3,1,1,mixture/0.4/3/5/17
0.4,3,18,0,400,200,5,constant,stated,0.6784994344878064,1,0,0,mixture/0.4/3/5/18
0.4,3,18,0,400,200,5,constant,geomean,0.14282856857085705,3,1,1,mixture/0.4/3/5/18
0.4,3,18,0,400,200,5,constant,ratio,0.08499999999999996,3,1,1,mixture/0.4/3/5/18
0.4,3,18,0,400,200,5,constant,ratio-half,0.08499999999999996,3,1,1,mixture/0.4/3/5/18
0.4,3,18,0,1000,200,5,constant,stated,0.5395907397331495,1,0,0,mixture/0.4/3/5/18
0.4,3,18,0,1000,200,5,constant,geomean,0.11574109036984234,3,1,1,mixture/0.4/3/5/18
0.4,3,18,0,1000,200,5,constant,ratio,0.04400000000000004,3,1,1,mixture/0.4/3/5/18
0.4,3,18,0,1000,200,5,constant,ratio-half,0.04400000000000004,3,1,1,mixture/0.4/3/5/18
0.4,3,19,0,400,200,5,constant,stated,0.6784994344878064,1,0,0,mixture/0.4/3/5/19
0.4,3,19,0,400,200,5,constant,geomean,0.17248188310660348,3,1,1,mixture/0.4/3/5/19
0.4,3,19,0,400,200,5,constant,ratio,0.125,3,1,1,mixture/0.4/3/5/19
0.4,3,19,0,400,200,5,constant,ratio-half,0.125,3,1,1,mixture/0.4/3/5/19
0.4,3,19,0,1000,200,5,constant,stated,0.5395907397331495,2,0,0,mixture/0.4/3/5/19
0.4,3,19,0,1000,200,5,constant,geomean,0.13638181696985863,3,1,1,mixture/0.4/3/5/19
0.4,3,19,0,1000,200,5,constant,ratio,0.05600000000000005,3,1,1,mixture/0.4/3/5/19
0.4,3,19,0,1000,200,5,constant,ratio-half,0.05600000000000005,3,1,1,mixture/0.4/3/5/19
0.4,4,0,0,400,200,5,constant,stated,0.6784994344878064,1,0,0,mixture/0.4/4/5/0
0.4,4,0,0,400,200,5,constant,geomean,0.1757839583124695,4,1,1,mixture/0.4/4/5/0
0.4,4,0,0,400,200,5,constant,ratio,0.10000000000000009,4,1,1,mixture/0.4/4/5/0
0.4,4,0,0,400,200,5,constant,ratio-half,0.10000000000000009,4,1,1,mixture/0.4/4/5/0
0.4,4,0,0,1000,200,5,constant,stated,0.5395907397331495,2,0,0,mixture/0.4/4/5/0
0.4,4,0,0,1000,200,5,constant,geomean,0.13624977064200886,4,1,1,mixture/0.4/4/5/0
0.4,4,0,0,1000,200,5,constant,ratio,0.06800000000000006,4,1,1,mixture/0.4/4/5/0
0.4,4,0,0,1000,200,5,constant,ratio-half,0.06800000000000006,4,1,1,mixture/0.4/4/5/0
0.4,4,1,0,400,200,5,constant,stated,0.6784994344878064,1,0,0,mixture/0.4/4/5/1
0.4,4,1,0,400,200,5,constant,geomean,0.15732132722552264,4,1,1,mixture/0.4/4/5/1
0.4,4,1,0,400,200,5,constant,ratio,0.09000000000000008,4,1,1,mixture/0.4/4/5/1
0.4,4,1,0,400,200,5,constant,ratio-half,0.09000000000000008,4,1,1,mixture/0.4/4/5/1
0.4,4,1,0,1000,200,5,constant,stated,0.5395907397331495,1,0,0,mixture/0.4/4/5/1
0.4,4,1,0,1000,200,5,constant,geomean,0.12598412598418904,4,1,1,mixture/0.4/4/5/1
0.4,4,1,0,1000,200,5,constant,ratio,0.05800000000000005,4,1,1,mixture/0.4/4/5/1
0.4,4,1,0,1000,200,5,constant,ratio-half,0.05800000000000005,4,1,1,mixture/0.4/4/5/1
0.4,4,2,0,400,200,5,constant,stated,0.6784994344878064,1,0,0,mixture/0.4/4/5/2
0.4,4,2,0,400,200,5,constant,geomean,0.1397318861248213,4,1,1,mixture/0.4/4/5/2
0.4,4,2,0,400,200,5,constant,ratio,0.12,4,1,1,mixture/0.4/4/5/2
0.4,4,2,0,400,200,5,constant,ratio-half,0.12,4,1,1,mixture/0.4/4/5/2
0.4,4,2,0,1000,200,5,constant,stated,0.5395907397331495,1,0,0,mixture/0.4/4/5/2
0.4,4,2,0,1000,200,5,constant,geomean,0.1039230484541327,4,1,1,mixture/0.4/4/5/2
0.4,4,2,0,1000,200,5,constant,ratio,0.07399999999999995,4,1,1,mixture/0.4/4/5/2
0.4,4,2,0,1000,200,5,constant,ratio-half,0.07399999999999995,4,1,1,mixture/0.4/4/5/2
0.4,4,3,0,400,200,5,constant,stated,0.6784994344878064,1,0,0,mixture/0.4/4/5/3
0.4,4,3,0,400,200,5,constant,geomean,0.12737739202857004,3,0,0,mixture/0.4/4/5/3
0.4,4,3,0,400,200,5,constant,ratio,0.18499999999999994,2,0,0,mixture/0.4/4/5/3
0.4,4,3,0,400,200,5,constant,ratio-half,0.18499999999999994,2,0,0,mixture/0.4/4/5/3
0.4,4,3,0,1000,200,5,constant,stated,0.5395907397331495,1,0,0,mixture/0.4/4/5/3
0.4,4,3,0,1000,200,5,constant,geomean,0.09230384607371465,4,1,1,mixture/0.4/4/5/3
0.4,4,3,0,1000,200,5,constant,ratio,0.11199999999999999,3,0,0,mixture/0.4/4/5/3
0.4,4,3,0,1000,200,5,constant,ratio-half,0.11199999999999999,3,0,0,mixture/0.4/4/5/3
0.4,4,4,0,400,200,5,constant,stated,0.6784994344878064,1,0,0,mixture/0.4/4/5/4
0.4,4,4,0,400,200,5,constant,geomean,0.17233687939614076,4,1,1,mixture/0.4/4/5/4
0.4,4,4,0,400,200,5,constant,ratio,0.125,4,1,1,mixture/0.4/4/5/4
0.4,4,4,0,400,200,5,constant,ratio-half,0.125,4,1,1,mixture/0.4/4/5/4
0.4,4,4,0,1000,200,5,constant,stated,0.5395907397331495,1,0,0,mixture/0.4/4/5/4
0.4,4,4,0,1000,200,5,constant,geomean,0.1290736224021005,4,1,1,mixture/0.4/4/5/4
0.4,4,4,0,1000,200,5,constant,ratio,0.07200000000000006,4,1,1,mixture/0.4/4/5/4
0.4,4,4,0,1000,200,5,constant,ratio-half,0.07200000000000006,4,1,1,mixture/0.4/4/5/4
0.4,4,5,0,400,200,5,constant,stated,0.6784994344878064,2,0,0,mixture/0.4/4/5/5
0.4,4,5,0,400,200,5,constant,geomean,0.25446021299998955,3,0,0,mixture/0.4/4/5/5
0.4,4,5,0,400,200,5,constant,ratio,0.18000000000000005,3,0,0,mixture/0.4/4/5/5
0.4,4,5,0,400,200,5,constant,ratio-half,0.18000000000000005,3,0,0,mixture/0.4/4/5/5
0.4,4,5,0,1000,200,5,constant,stated,0.5395907397331495,2,0,0,mixture/0.4/4/5/5
0.4,4,5,0,1000,200,5,constant,geomean,0.20239565212721355,3,0,0,mixture/0.4/4/5/5
0.4,4,5,0,1000,200,5,constant,ratio,0.062000000000000055,4,1,1,mixture/0.4/4/5/5
0.4,4,5,0,1000,200,5,constant,ratio-half,0.062000000000000055,4,1,1,mixture/0.4/4/5/5
0.4,4,6,0,400,200,5,constant,stated,0.6784994344878064,1,0,0,mixture/0.4/4/5/6
0.4,4,6,0,400,200,5,constant,geomean,0.17471405209656155,4,1,1,mixture/0.4/4/5/6
0.4,4,6,0,400,200,5,constant,ratio,0.11499999999999999,4,1,1,mixture/0.4/4/5/6
0.4,4,6,0,400,200,5,constant,ratio-half,0.11499999999999999,4,1,1,mixture/0.4/4/5/6
0.4,4,6,0,1000,200,5,constant,stated,0.5395907397331495,2,0,0,mixture/0.4/4/5/6
0.4,4,6,0,1000,200,5,constant,geomean,0.13314653581674596,4,1,1,mixture/0.4/4/5/6
0.4,4,6,0,1000,200,5,constant,ratio,0.126,4,1,1,mixture/0.4/4/5/6
0.4,4,6,0,1000,200,5,constant,ratio-half,0.126,4,1,1,mixture/0.4/4/5/6
0.4,4,7,0,400,200,5,constant,stated,0.6784994344878064,1,0,0,mixture/0.4/4/5/7
0.4,4,7,0,400,200,5,constant,geomean,0.2144761058952721,6,0,0,mixture/0.4/4/5/7
0.4,4,7,0,400,200,5,constant,ratio,0.41000000000000014,2,0,0,mixture/0.4/4/5/7
0.4,4,7,0,400,200,5,constant,ratio-half,0.41000000000000014,2,0,0,mixture/0.4/4/5/7
0.4,4,7,0,1000,200,5,constant,stated,0.5395907397331495,2,0,0,mixture/0.4/4/5/7
0.4,4,7,0,1000,200,5,constant,geomean,0.15725139109082636,5,0,0,mixture/0.4/4/5/7
0.4,4,7,0,1000,200,5,constant,ratio,0.17000000000000004,4,1,1,mixture/0.4/4/5/7
0.4,4,7,0,1000,200,5,constant,ratio-half,0.17000000000000004,4,1,1,mixture/0.4/4/5/7
0.4,4,8,0,400,200,5,constant,stated,0.6784994344878064,1,0,0,mixture/0.4/4/5/8
0.4,4,8,0,400,200,5,constant,geomean,0.13247641299491777,4,1,1,mixture/0.4/4/5/8
0.4,4,8,0,400,200,5,constant,ratio,0.15500000000000003,3,0,0,mixture/0.4/4/5/8
0.4,4,8,0,400,200,5,constant,ratio-half,0.15500000000000003,3,0,0,mixture/0.4/4/5/8
0.4,4,8,0,1000,200,5,constant,stated,0.5395907397331495,1,0,0,mixture/0.4/4/5/8
0.4,4,8,0,1000,200,5,constant,geomean,0.10203920815059268,4,1,1,mixture/0.4/4/5/8
0.4,4,8,0,1000,200,5,constant,ratio,0.06599999999999995,4,1,1,mixture/0.4/4/5/8
0.4,4,8,0,1000,200,5,constant,ratio-half,0.06599999999999995,4,1,1,mixture/0.4/4/5/8
0.4,4,9,0,400,200,5,constant,stated,0.6784994344878064,1,0,0,mixture/0.4/4/5/9
0.4,4,9,0,400,200,5,constant,geomean,0.12124355652982136,4,1,1,mixture/0.4/4/5/9
0.4,4,9,0,400,200,5,constant,ratio,0.09999999999999998,4,1,1,mixture/0.4/4/5/9
0.4,4,9,0,400,200,5,constant,ratio-half,0.09999999999999998,4,1,1,mixture/0.4/4/5/9
0.4,4,9,0,1000,200,5,constant,stated,0.5395907397331495,1,0,0,mixture/0.4/4/5/9
0.4,4,9,0,1000,200,5,constant,geomean,0.09633275663033841,4,1,1,mixture/0.4/4/5/9
0.4,4,9,0,1000,200,5,constant,ratio,0.051999999999999935,4,1,1,mixture/0.4/4/5/9
0.4,4,9,0,1000,200,5,constant,ratio-half,0.051999999999999935,4,1,1,mixture/0.4/4/5/9
0.4,4,10,0,400,200,5,constant,stated,0.6784994344878064,1,0,0,mixture/0.4/4/5/10
0.4,4,10,0,400,200,5,constant,geomean,0.14645818515876802,4,1,1,mixture/0.4/4/5/10
0.4,4,10,0,400,200,5,constant,ratio,0.08999999999999997,4,1,1,mixture/0.4/4/5/10
0.4,4,10,0,400,200,5,constant,ratio-half,0.08999999999999997,4,1,1,mixture/0.4/4/5/10
0.4,4,10,0,1000,200,5,constant,stated,0.5395907397331495,1,0,0,mixture/0.4/4/5/10
0.4,4,10,0,1000,200,5,constant,geomean,0.11357816691600552,4,1,1,mixture/0.4/4/5/10
0.4,4,10,0,1000,200,5,constant,ratio,0.04400000000000004,4,1,1,mixture/0.4/4/5/10
0.4,4,10,0,1000,200,5,constant,ratio-half,0.04400000000000004,4,1,1,mixture/0.4/4/5/10
0.4,4,11,0,400,200,5,constant,stated,0.6784994344878064,1,0,0,mixture/0.4/4/5/11
0.4,4,11,0,400,200,5,constant,geomean,0.11726039399558578,4,1,1,mixture/0.4/4/5/11
0.4,4,11,0,400,200,5,constant,ratio,0.12,3,0,0,mixture/0.4/4/5/11
0.4,4,11,0,400,200,5,constant,ratio-half,0.12,3,0,0,mixture/0.4/4/5/11
0.4,4,11,0,1000,200,5,constant,stated,0.5395907397331495,1,0,0,mixture/0.4/4/5/11
0.4,4,11,0,1000,200,5,constant,geomean,0.09600000000000004,4,1,1,mixture/0.4/4/5/11
0.4,4,11,0,1000,200,5,constant,ratio,0.04600000000000004,4,1,1,mixture/0.4/4/5/11
0.4,4,11,0,1000,200,5,constant,ratio-half,0.04600000000000004,4,1,1,mixture/0.4/4/5/11
0.4,4,12,0,400,200,5,constant,stated,0.6784994344878064,1,0,0,mixture/0.4/4/5/12
0.4,4,12,0,400,200,5,constant,geomean,0.18907670401189025,4,1,1,mixture/0.4/4/5/12
0.4,4,12,0,400,200,5,constant,ratio,0.10999999999999999,4,1,1,mixture/0.4/4/5/12
0.4,4,12,0,400,200,5,constant,ratio-half,0.10999999999999999,4,1,1,mixture/0.4/4/5/12
0.4,4,12,0,1000,200,5,constant,stated,0.5395907397331495,2,0,0,mixture/0.4/4/5/12
0.4,4,12,0,1000,200,5,constant,geomean,0.1505191017778143,4,1,1,mixture/0.4/4/5/12
0.4,4,12,0,1000,200,5,constant,ratio,0.04600000000000004,4,1,1,mixture/0.4/4/5/12
0.4,4,12,0,1000,200,5,constant,ratio-half,0.04600000000000004,4,1,1,mixture/0.4/4/5/12
0.4,4,13,0,400,200,5,constant,stated,0.6784994344878064,2,0,0,mixture/0.4/4/5/13
0.4,4,13,0,400,200,5,constant,geomean,0.2503996805109783,3,0,0,mixture/0.4/4/5/13
0.4,4,13,0,400,200,5,constant,ratio,0.33999999999999997,2,0,0,mixture/0.4/4/5/13
0.4,4,13,0,400,200,5,constant,ratio-half,0.33999999999999997,2,0,0,mixture/0.4/4/5/13
0.4,4,13,0,1000,200,5,constant,stated,0.5395907397331495,2,0,0,mixture/0.4/4/5/13
0.4,4,13,0,1000,200,5,constant,geomean,0.1902104098097684,4,1,1,mixture/0.4/4/5/13
0.4,4,13,0,1000,200,5,constant,ratio,0.04400000000000004,4,1,1,mixture/0.4/4/5/13
0.4,4,13,0,1000,200,5,constant,ratio-half,0.04400000000000004,4,1,1,mixture/0.4/4/5/13
0.4,4,14,0,400,200,5,constant,stated,0.6784994344878064,1,0,0,mixture/0.4/4/5/14
0.4,4,14,0,400,200,5,constant,geomean,0.13747727084867511,4,1,1,mixture/0.4/4/5/14
0.4,4,14,0,400,200,5,constant,ratio,0.11499999999999999,4,1,1,mixture/0.4/4/5/14
0.4,4,14,0,400,200,5,constant,ratio-half,0.11499999999999999,4,1,1,mixture/0.4/4/5/14
0.4,4,14,0,1000,200,5,constant,stated,0.5395907397331495,1,0,0,mixture/0.4/4/5/14
0.4,4,14,0,1000,200,5,constant,geomean,0.09927738916792689,4,1,1,mixture/0.4/4/5/14
0.4,4,14,0,1000,200,5,constant,ratio,0.062000000000000055,4,1,1,mixture/0.4/4/5/14
0.4,4,14,0,1000,200,5,constant,ratio-half,0.062000000000000055,4,1,1,mixture/0.4/4/5/14
0.4,4,15,0,400,200,5,constant,stated,0.6784994344878064,2,0,0,mixture/0.4/4/5/15
0.4,4,15,0,400,200,5,constant,geomean,0.21041625412500842,3,0,0,mixture/0.4/4/5/15
0.4,4,15,0,400,200,5,constant,ratio,0.235,2,0,0,mixture/0.4/4/5/15
0.4,4,15,0,400,200,5,constant,ratio-half,0.235,2,0,0,mixture/0.4/4/5/15
0.4,4,15,0,1000,200,5,constant,stated,0.5395907397331495,2,0,0,mixture/0.4/4/5/15
0.4,4,15,0,1000,200,5,constant,geomean,0.17159254063041313,3,0,0,mixture/0.4/4/5/15
0.4,4,15,0,1000,200,5,constant,ratio,0.21799999999999997,2,0,0,mixture/0.4/4/5/15
0.4,4,15,0,1000,200,5,constant,ratio-half,0.21799999999999997,2,0,0,mixture/0.4/4/5/15
0.4,4,16,0,400,200,5,constant,stated,0.6784994344878064,1,0,0,mixture/0.4/4/5/16
0.4,4,16,0,400,200,5,constant,geomean,0.1749285568453588,4,1,1,mixture/0.4/4/5/16
0.4,4,16,0,400,200,5,constant,ratio,0.2799999999999999,2,0,0,mixture/0.4/4/5/16
0.4,4,16,0,400,200,5,constant,ratio-half,0.2799999999999999,2,0,0,mixture/0.4/4/5/16
0.4,4,16,0,1000,200,5,constant,stated,0.5395907397331495,2,0,0,mixture/0.4/4/5/16
0.4,4,16,0,1000,200,5,constant,geomean,0.13945608627808237,4,1,1,mixture/0.4/4/5/16
0.4,4,16,0,1000,200,5,constant,ratio,0.052000000000000046,4,1,1,mixture/0.4/4/5/16
0.4,4,16,0,1000,200,5,constant,ratio-half,0.052000000000000046,4,1,1,mixture/0.4/4/5/16
0.4,4,17,0,400,200,5,constant,stated,0.6784994344878064,1,0,0,mixture/0.4/4/5/17
0.4,4,17,0,400,200,5,constant,geomean,0.15107944929738118,4,1,1,mixture/0.4/4/5/17
0.4,4,17,0,400,200,5,constant,ratio,0.07499999999999996,4,1,1,mixture/0.4/4/5/17
0.4,4,17,0,400,200,5,constant,ratio-half,0.07499999999999996,4,1,1,mixture/0.4/4/5/17
0.4,4,17,0,1000,200,5,constant,stated,0.5395907397331495,1,0,0,mixture/0.4/4/5/17
0.4,4,17,0,1000,200,5,constant,geomean,0.10714476188783104,4,1,1,mixture/0.4/4/5/17
0.4,4,17,0,1000,200,5,constant,ratio,0.04999999999999993,4,1,1,mixture/0.4/4/5/17
0.4,4,17,0,1000,200,5,constant,ratio-half,0.04999999999999993,4,1,1,mixture/0.4/4/5/17
0.4,4,18,0,400,200,5,constant,stated,0.6784994344878064,1,0,0,mixture/0.4/4/5/18
0.4,4,18,0,400,200,5,constant,geomean,0.1732050807568878,4,1,1,mixture/0.4/4/5/18
0.4,4,18,0,400,200,5,constant,ratio,0.20999999999999996,3,0,0,mixture/0.4/4/5/18
0.4,4,18,0,400,200,5,constant,ratio-half,0.20999999999999996,3,0,0,mixture/0.4/4/5/18
0.4,4,18,0,1000,200,5,constant,stated,0.5395907397331495,2,0,0,mixture/0.4/4/5/18
0.4,4,18,0,1000,200,5,constant,geomean,0.13823168956501983,4,1,1,mixture/0.4/4/5/18
0.4,4,18,0,1000,200,5,constant,ratio,0.06800000000000006,4,1,1,mixture/0.4/4/5/18
0.4,4,18,0,1000,200,5,constant,ratio-half,0.06800000000000006,4,1,1,mixture/0.4/4/5/18
0.4,4,19,0,400,200,5,constant,stated,0.6784994344878064,1,0,0,mixture/0.4/4/5/19
0.4,4,19,0,400,200,5,constant,geomean,0.14177446878757818,4,1,1,mixture/0.4/4/5/19
0.4,4,19,0,400,200,5,constant,ratio,0.10000000000000009,4,1,1,mixture/0.4/4/5/19
0.4,4,19,0,400,200,5,constant,ratio-half,0.10000000000000009,4,1,1,mixture/0.4/4/5/19
0.4,4,19,0,1000,200,5,constant,stated,0.5395907397331495,1,0,0,mixture/0.4/4/5/19
0.4,4,19,0,1000,200,5,constant,geomean,0.10814804667676607,4,1,1,mixture/0.4/4/5/19
0.4,4,19,0,1000,200,5,constant,ratio,0.06599999999999995,4,1,1,mixture/0.4/4/5/19
0.4,4,19,0,1000,200,5,constant,ratio-half,0.06599999999999995,4,1,1,mixture/0.4/4/5/19
0.4,5,0,0,400,200,5,constant,stated,0.6784994344878064,1,0,0,mixture/0.4/5/5/0
0.4,5,0,0,400,200,5,constant,geomean,0.1436140661634509,5,1,1,mixture/0.4/5/5/0
0.4,5,0,0,400,200,5,constant,ratio,0.08500000000000008,5,1,1,mixture/0.4/5/5/0
0.4,5,0,0,400,200,5,constant,ratio-half,0.08500000000000008,5,1,1,mixture/0.4/5/5/0
0.4,5,0,0,1000,200,5,constant,stated,0.5395907397331495,1,0,0,mixture/0.4/5/5/0
0.4,5,0,0,1000,200,5,constant,geomean,0.11142710621747301,5,1,1,mixture/0.4/5/5/0
0.4,5,0,0,1000,200,5,constant,ratio,0.05800000000000005,5,1,1,mixture/0.4/5/5/0
0.4,5,0,0,1000,200,5,constant,ratio-half,0.05800000000000005,5,1,1,mixture/0.4/5/5/0
0.4,5,1,0,400,200,5,constant,stated,0.6784994344878064,1,0,0,mixture/0.4/5/5/1
0.4,5,1,0,400,200,5,constant,geomean,0.14924811556599307,4,0,0,mixture/0.4/5/5/1
0.4,5,1,0,400,200,5,constant,ratio,0.18999999999999995,2,0,0,mixture/0.4/5/5/1
0.4,5,1,0,400,200,5,constant,ratio-half,0.18999999999999995,2,0,0,mixture/0.4/5/5/1
0.4,5,1,0,1000,200,5,constant,stated,0.5395907397331495,1,0,0,mixture/0.4/5/5/1
0.4,5,1,0,1000,200,5,constant,geomean,0.11454256850621088,5,1,1,mixture/0.4/5/5/1
0.4,5,1,0,1000,200,5,constant,ratio,0.19199999999999995,2,0,0,mixture/0.4/5/5/1
0.4,5,1,0,1000,200,5,constant,ratio-half,0.19199999999999995,2,0,0,mixture/0.4/5/5/1
0.4,5,2,0,400,200,5,constant,stated,0.6784994344878064,2,0,0,mixture/0.4/5/5/2
0.4,5,2,0,400,200,5,constant,geomean,0.23366642891095835,4,0,0,mixture/0.4/5/5/2
0.4,5,2,0,400,200,5,constant,ratio,0.26,2,0,0,mixture/0.4/5/5/2
0.4,5,2,0,400,200,5,constant,ratio-half,0.26,2,0,0,mixture/0.4/5/5/2
0.4,5,2,0,1000,200,5,constant,stated,0.5395907397331495,2,0,0,mixture/0.4/5/5/2
0.4,5,2,0,1000,200,5,constant,geomean,0.1745393938341715,5,1,1,mixture/0.4/5/5/2
0.4,5,2,0,1000,200,5,constant,ratio,0.2699999999999999,2,0,0,mixture/0.4/5/5/2
0.4,5,2,0,1000,200,5,constant,ratio-half,0.2699999999999999,2,0,0,mixture/0.4/5/5/2
0.4,5,3,0,400,200,5,constant,stated,0.6784994344878064,1,0,0,mixture/0.4/5/5/3
0.4,5,3,0,400,200,5,constant,geomean,0.1360147050873545,5,1,1,mixture/0.4/5/5/3
0.4,5,3,0,400,200,5,constant,ratio,0.10499999999999998,5,1,1,mixture/0.4/5/5/3
0.4,5,3,0,400,200,5,constant,ratio-half,0.10499999999999998,5,1,1,mixture/0.4/5/5/3
0.4,5,3,0,1000,200,5,constant,stated,0.5395907397331495,1,0,0,mixture/0.4/5/5/3
0.4,5,3,0,1000,200,5,constant,geomean,0.10648943609579313,5,1,1,mixture/0.4/5/5/3
0.4,5,3,0,1000,200,5,constant,ratio,0.06400000000000006,5,1,1,mixture/0.4/5/5/3
0.4,5,3,0,1000,200,5,constant,ratio-half,0.06400000000000006,5,1,1,mixture/0.4/5/5/3
0.4,5,4,0,400,200,5,constant,stated,0.6784994344878064,1,0,0,mixture/0.4/5/5/4
0.4,5,4,0,400,200,5,constant,geomean,0.14168627315304744,5,1,1,mixture/0.4/5/5/4
0.4,5,4,0,400,200,5,constant,ratio,0.08499999999999996,5,1,1,mixture/0.4/5/5/4
0.4,5,4,0,400,200,5,constant,ratio-half,0.08499999999999996,5,1,1,mixture/0.4/5/5/4
0.4,5,4,0,1000,200,5,constant,stated,0.5395907397331495,1,0,0,mixture/0.4/5/5/4
0.4,5,4,0,1000,200,5,constant,geomean,0.10648943609579313,5,1,1,mixture/0.4/5/5/4
0.4,5,4,0,1000,200,5,constant,ratio,0.050000000000000044,5,1,1,mixture/0.4/5/5/4
0.4,5,4,0,1000,200,5,constant,ratio-half,0.050000000000000044,5,1,1,mixture/0.4/5/5/4
0.4,5,5,0,400,200,5,constant,stated,0.6784994344878064,1,0,0,mixture/0.4/5/5/5
0.4,5,5,0,400,200,5,constant,geomean,0.1529705854077836,5,1,1,mixture/0.4/5/5/5
0.4,5,5,0,400,200,5,constant,ratio,0.13,5,1,1,mixture/0.4/5/5/5
0.4,5,5,0,400,200,5,constant,ratio-half,0.13,5,1,1,mixture/0.4/5/5/5
0.4,5,5,0,1000,200,5,constant,stated,0.5395907397331495,1,0,0,mixture/0.4/5/5/5
0.4,5,5,0,1000,200,5,constant,geomean,0.12132600710482469,5,1,1,mixture/0.4/5/5/5
0.4,5,5,0,1000,200,5,constant,ratio,0.06800000000000006,5,1,1,mixture/0.4/5/5/5
0.4,5,5,0,1000,200,5,constant,ratio-half,0.06800000000000006,5,1,1,mixture/0.4/5/5/5
0.4,5,6,0,400,200,5,constant,stated,0.6784994344878064,1,0,0,mixture/0.4/5/5/6
0.4,5,6,0,400,200,5,constant,geomean,0.12825755338380657,5,1,1,mixture/0.4/5/5/6
0.4,5,6,0,400,200,5,constant,ratio,0.16499999999999992,3,0,0,mixture/0.4/5/5/6
0.4,5,6,0,400,200,5,constant,ratio-half,0.16499999999999992,3,0,0,mixture/0.4/5/5/6
0.4,5,6,0,1000,200,5,constant,stated,0.5395907397331495,1,0,0,mixture/0.4/5/5/6
0.4,5,6,0,1000,200,5,constant,geomean,0.09999999999999991,5,1,1,mixture/0.4/5/5/6
0.4,5,6,0,1000,200,5,constant,ratio,0.06000000000000005,5,1,1,mixture/0.4/5/5/6
0.4,5,6,0,1000,200,5,constant,ratio-half,0.06000000000000005,5,1,1,mixture/0.4/5/5/6
0.4,5,7,0,400,200,5,constant,stated,0.6784994344878064,1,0,0,mixture/0.4/5/5/7
0.4,5,7,0,400,200,5,constant,geomean,0.14645818515876818,5,1,1,mixture/0.4/5/5/7
0.4,5,7,0,400,200,5,constant,ratio,0.12,5,1,1,mixture/0.4/5/5/7
0.4,5,7,0,400,200,5,constant,ratio-half,0.12,5,1,1,mixture/0.4/5/5/7
0.4,5,7,0,1000,200,5,constant,stated,0.5395907397331495,1,0,0,mixture/0.4/5/5/7
0.4,5,7,0,1000,200,5,constant,geomean,0.11200000000000006,5,1,1,mixture/0.4/5/5/7
0.4,5,7,0,1000,200,5,constant,ratio,0.06600000000000006,5,1,1,mixture/0.4/5/5/7
0.4,5,7,0,1000,200,5,constant,ratio-half,0.06600000000000006,5,1,1,mixture/0.4/5/5/7
0.4,5,8,0,400,200,5,constant,stated,0.6784994344878064,1,0,0,mixture/0.4/5/5/8
0.4,5,8,0,400,200,5,constant,geomean,0.14071247279470298,4,0,0,mixture/0.4/5/5/8
0.4,5,8,0,400,200,5,constant,ratio,0.17000000000000004,3,0,0,mixture/0.4/5/5/8
0.4,5,8,0,400,200,5,constant,ratio-half,0.17000000000000004,3,0,0,mixture/0.4/5/5/8
0.4,5,8,0,1000,200,5,constant,stated,0.5395907397331495,1,0,0,mixture/0.4/5/5/8
0.4,5,8,0,1000,200,5,constant,geomean,0.11447270417003318,5,1,1,mixture/0.4/5/5/8
0.4,5,8,0,1000,200,5,constant,ratio,0.05600000000000005,5,1,1,mixture/0.4/5/5/8
0.4,5,8,0,1000,200,5,constant,ratio-half,0.05600000000000005,5,1,1,mixture/0.4/5/5/8
0.4,5,9,0,400,200,5,constant,stated,0.6784994344878064,1,0,0,mixture/0.4/5/5/9
0.4,5,9,0,400,200,5,constant,geomean,0.13774977313955916,5,1,1,mixture/0.4/5/5/9
0.4,5,9,0,400,200,5,constant,ratio,0.10499999999999998,5,1,1,mixture/0.4/5/5/9
0.4,5,9,0,400,200,5,constant,ratio-half,0.10499999999999998,5,1,1,mixture/0.4/5/5/9
0.4,5,9,0,1000,200,5,constant,stated,0.5395907397331495,1,0,0,mixture/0.4/5/5/9
0.4,5,9,0,1000,200,5,constant,geomean,0.10762899237658954,5,1,1,mixture/0.4/5/5/9
0.4,5,9,0,1000,200,5,constant,ratio,0.05999999999999994,5,1,1,mixture/0.4/5/5/9
0.4,5,9,0,1000,200,5,constant,ratio-half,0.05999999999999994,5,1,1,mixture/0.4/5/5/9
0.4,5,10,0,400,200,5,constant,stated,0.6784994344878064,1,0,0,mixture/0.4/5/5/10
0.4,5,10,0,400,200,5,constant,geomean,0.16023420358962057,4,0,0,mixture/0.4/5/5/10
0.4,5,10,0,400,200,5,constant,ratio,0.25,2,0,0,mixture/0.4/5/5/10
0.4,5,10,0,400,200,5,constant,ratio-half,0.25,2,0,0,mixture/0.4/5/5/10
0.4,5,10,0,1000,200,5,constant,stated,0.5395907397331495,1,0,0,mixture/0.4/5/5/10
0.4,5,10,0,1000,200,5,constant,geomean,0.11849050594878904,5,1,1,mixture/0.4/5/5/10
0.4,5,10,0,1000,200,5,constant,ratio,0.07999999999999996,5,1,1,mixture/0.4/5/5/10
0.4,5,10,0,1000,200,5,constant,ratio-half,0.07999999999999996,5,1,1,mixture/0.4/5/5/10
0.4,5,11,0,400,200,5,constant,stated,0.6784994344878064,1,0,0,mixture/0.4/5/5/11
0.4,5,11,0,400,200,5,constant,geomean,0.1414213562373096,5,1,1,mixture/0.4/5/5/11
0.4,5,11,0,400,200,5,constant,ratio,0.08499999999999996,5,1,1,mixture/0.4/5/5/11
0.4,5,11,0,400,200,5,constant,ratio-half,0.08499999999999996,5,1,1,mixture/0.4/5/5/11
0.4,5,11,0,1000,200,5,constant,stated,0.5395907397331495,1,0,0,mixture/0.4/5/5/11
0.4,5,11,0,1000,200,5,constant,geomean,0.10688311372709915,5,1,1,mixture/0.4/5/5/11
0.4,5,11,0,1000,200,5,constant,ratio,0.05600000000000005,5,1,1,mixture/0.4/5/5/11
0.4,5,11,0,1000,200,5,constant,ratio-half,0.05600000000000005,5,1,1,mixture/0.4/5/5/11
0.4,5,12,0,400,200,5,constant,stated,0.6784994344878064,1,0,0,mixture/0.4/5/5/12
0.4,5,12,0,400,200,5,constant,geomean,0.1674813422444422,4,0,0,mixture/0.4/5/5/12
0.4,5,12,0,400,200,5,constant,ratio,0.09500000000000003,4,0,0,mixture/0.4/5/5/12
0.4,5,12,0,400,200,5,constant,ratio-half,0.09500000000000003,4,0,0,mixture/0.4/5/5/12
0.4,5,12,0,1000,200,5,constant,stated,0.5395907397331495,2,0,0,mixture/0.4/5/5/12
0.4,5,12,0,1000,200,5,constant,geomean,0.12774975538137057,5,1,1,mixture/0.4/5/5/12
0.4,5,12,0,1000,200,5,constant,ratio,0.057999999999999996,5,1,1,mixture/0.4/5/5/12
0.4,5,12,0,1000,200,5,constant,ratio-half,0.057999999999999996,5,1,1,mixture/0.4/5/5/12
0.4,5,13,0,400,200,5,constant,stated,0.6784994344878064,1,0,0,mixture/0.4/5/5/13
0.4,5,13,0,400,200,5,constant,geomean,0.1820714145603313,5,1,1,mixture/0.4/5/5/13
0.4,5,13,0,400,200,5,constant,ratio,0.11499999999999999,5,1,1,mixture/0.4/5/5/13
0.4,5,13,0,400,200,5,constant,ratio-half,0.11499999999999999,5,1,1,mixture/0.4/5/5/13
0.4,5,13,0,1000,200,5,constant,stated,0.5395907397331495,1,0,0,mixture/0.4/5/5/13
0.4,5,13,0,1000,200,5,constant,geomean,0.13866506409330348,5,1,1,mixture/0.4/5/5/13
0.4,5,13,0,1000,200,5,constant,ratio,0.07599999999999996,5,1,1,mixture/0.4/5/5/13
0.4,5,13,0,1000,200,5,constant,ratio-half,0.07599999999999996,5,1,1,mixture/0.4/5/5/13
0.4,5,14,0,400,200,5,constant,stated,0.6784994344878064,1,0,0,mixture/0.4/5/5/14
0.4,5,14,0,400,200,5,constant,geomean,0.1475635456337371,5,1,1,mixture/0.4/5/5/14
0.4,5,14,0,400,200,5,constant,ratio,0.1100000000000001,5,1,1,mixture/0.4/5/5/14
0.4,5,14,0,400,200,5,constant,ratio-half,0.1100000000000001,5,1,1,mixture/0.4/5/5/14
0.4,5,14,0,1000,200,5,constant,stated,0.5395907397331495,1,0,0,mixture/0.4/5/5/14
0.4,5,14,0,1000,200,5,constant,geomean,0.11565465835840756,5,1,1,mixture/0.4/5/5/14
0.4,5,14,0,1000,200,5,constant,ratio,0.06999999999999984,5,1,1,mixture/0.4/5/5/14
0.4,5,14,0,1000,200,5,constant,ratio-half,0.06999999999999984,5,1,1,mixture/0.4/5/5/14
0.4,5,15,0,400,200,5,constant,stated,0.6784994344878064,1,0,0,mixture/0.4/5/5/15
0.4,5,15,0,400,200,5,constant,geomean,0.1561249499599599,5,1,1,mixture/0.4/5/5/15
0.4,5,15,0,400,200,5,constant,ratio,0.235,3,0,0,mixture/0.4/5/5/15
0.4,5,15,0,400,200,5,constant,ratio-half,0.235,3,0,0,mixture/0.4/5/5/15
0.4,5,15,0,1000,200,5,constant,stated,0.5395907397331495,1,0,0,mixture/0.4/5/5/15
0.4,5,15,0,1000,200,5,constant,geomean,0.13221195104830724,5,1,1,mixture/0.4/5/5/15
0.4,5,15,0,1000,200,5,constant,ratio,0.07200000000000006,5,1,1,mixture/0.4/5/5/15
0.4,5,15,0,1000,200,5,constant,ratio-half,0.07200000000000006,5,1,1,mixture/0.4/5/5/15
0.4,5,16,0,400,200,5,constant,stated,0.6784994344878064,2,0,0,mixture/0.4/5/5/16
0.4,5,16,0,400,200,5,constant,geomean,0.2152905014161102,4,0,0,mixture/0.4/5/5/16
0.4,5,16,0,400,200,5,constant,ratio,0.31999999999999995,2,0,0,mixture/0.4/5/5/16
0.4,5,16,0,400,200,5,constant,ratio-half,0.31999999999999995,2,0,0,mixture/0.4/5/5/16
0.4,5,16,0,1000,200,5,constant,stated,0.5395907397331495,2,0,0,mixture/0.4/5/5/16
0.4,5,16,0,1000,200,5,constant,geomean,0.17306646122227157,4,0,0,mixture/0.4/5/5/16
0.4,5,16,0,1000,200,5,constant,ratio,0.336,2,0,0,mixture/0.4/5/5/16
0.4,5,16,0,1000,200,5,constant,ratio-half,0.336,2,0,0,mixture/0.4/5/5/16
0.4,5,17,0,400,200,5,constant,stated,0.6784994344878064,1,0,0,mixture/0.4/5/5/17
0.4,5,17,0,400,200,5,constant,geomean,0.1799999999999999,5,1,1,mixture/0.4/5/5/17
0.4,5,17,0,400,200,5,constant,ratio,0.10499999999999998,5,1,1,mixture/0.4/5/5/17
0.4,5,17,0,400,200,5,constant,ratio-half,0.10499999999999998,5,1,1,mixture/0.4/5/5/17
0.4,5,17,0,1000,200,5,constant,stated,0.5395907397331495,2,0,0,mixture/0.4/5/5/17
0.4,5,17,0,1000,200,5,constant,geomean,0.14330387294138291,5,1,1,mixture/0.4/5/5/17
0.4,5,17,0,1000,200,5,constant,ratio,0.07400000000000007,5,1,1,mixture/0.4/5/5/17
0.4,5,17,0,1000,200,5,constant,ratio-half,0.07400000000000007,5,1,1,mixture/0.4/5/5/17
0.4,5,18,0,400,200,5,constant,stated,0.6784994344878064,1,0,0,mixture/0.4/5/5/18
0.4,5,18,0,400,200,5,constant,geomean,0.12629330940315084,5,1,1,mixture/0.4/5/5/18
0.4,5,18,0,400,200,5,constant,ratio,0.08000000000000007,5,1,1,mixture/0.4/5/5/18
0.4,5,18,0,400,200,5,constant,ratio-half,0.08000000000000007,5,1,1,mixture/0.4/5/5/18
0.4,5,18,0,1000,200,5,constant,stated,0.5395907397331495,1,0,0,mixture/0.4/5/5/18
0.4,5,18,0,1000,200,5,constant,geomean,0.09599999999999988,5,1,1,mixture/0.4/5/5/18
0.4,5,18,0,1000,200,5,constant,ratio,0.04800000000000004,5,1,1,mixture/0.4/5/5/18
0.4,5,18,0,1000,200,5,constant,ratio-half,0.04800000000000004,5,1,1,mixture/0.4/5/5/18
0.4,5,19,0,400,200,5,constant,stated,0.6784994344878064,2,0,0,mixture/0.4/5/5/19
0.4,5,19,0,400,200,5,constant,geomean,0.21874642854227347,5,1,1,mixture/0.4/5/5/19
0.4,5,19,0,400,200,5,constant,ratio,0.15500000000000003,5,1,1,mixture/0.4/5/5/19
0.4,5,19,0,400,200,5,constant,ratio-half,0.15500000000000003,5,1,1,mixture/0.4/5/5/19
0.4,5,19,0,1000,200,5,constant,stated,0.5395907397331495,2,0,0,mixture/0.4/5/5/19
0.4,5,19,0,1000,200,5,constant,geomean,0.1597998748435055,5,1,1,mixture/0.4/5/5/19
0.4,5,19,0,1000,200,5,constant,ratio,0.08999999999999997,5,1,1,mixture/0.4/5/5/19
0.4,5,19,0,1000,200,5,constant,ratio-half,0.08999999999999997,5,1,1,mixture/0.4/5/5/19
0.4,6,0,0,400,200,5,constant,stated,0.6784994344878064,1,0,0,mixture/0.4/6/5/0
0.4,6,0,0,400,200,5,constant,geomean,0.12298373876248837,6,1,1,mixture/0.4/6/5/0
0.4,6,0,0,400,200,5,constant,ratio,0.08000000000000007,6,1,1,mixture/0.4/6/5/0
0.4,6,0,0,400,200,5,constant,ratio-half,0.08000000000000007,6,1,1,mixture/0.4/6/5/0
0.4,6,0,0,1000,200,5,constant,stated,0.5395907397331495,1,0,0,mixture/0.4/6/5/0
0.4,6,0,0,1000,200,5,constant,geomean,0.09165151389911684,6,1,1,mixture/0.4/6/5/0
0.4,6,0,0,1000,200,5,constant,ratio,0.04600000000000004,6,1,1,mixture/0.4/6/5/0
0.4,6,0,0,1000,200,5,constant,ratio-half,0.04600000000000004,6,1,1,mixture/0.4/6/5/0
0.4,6,1,0,400,200,5,constant,stated,0.6784994344878064,1,0,0,mixture/0.4/6/5/1
0.4,6,1,0,400,200,5,constant,geomean,0.11247221879201998,6,1,1,mixture/0.4/6/5/1
0.4,6,1,0,400,200,5,constant,ratio,0.09499999999999997,6,1,1,mixture/0.4/6/5/1
0.4,6,1,0,400,200,5,constant,ratio-half,0.09499999999999997,6,1,1,mixture/0.4/6/5/1
0.4,6,1,0,1000,200,5,constant,stated,0.5395907397331495,1,0,0,mixture/0.4/6/5/1
0.4,6,1,0,1000,200,5,constant,geomean,0.08763560920082661,6,1,1,mixture/0.4/6/5/1
0.4,6,1,0,1000,200,5,constant,ratio,0.05800000000000005,6,1,1,mixture/0.4/6/5/1
0.4,6,1,0,1000,200,5,constant,ratio-half,0.05800000000000005,6,1,1,mixture/0.4/6/5/1
0.4,6,2,0,400,200,5,constant,stated,0.6784994344878064,1,0,0,mixture/0.4/6/5/2
0.4,6,2,0,400,200,5,constant,geomean,0.1794435844492637,6,1,0,mixture/0.4/6/5/2
0.4,6,2,0,400,200,5,constant,ratio,0.22499999999999998,3,0,0,mixture/0.4/6/5/2
0.4,6,2,0,400,200,5,constant,ratio-half,0.22499999999999998,3,0,0,mixture/0.4/6/5/2
0.4,6,2,0,1000,200,5,constant,stated,0.5395907397331495,2,0,0,mixture/0.4/6/5/2
0.4,6,2,0,1000,200,5,constant,geomean,0.1552675110897319,5,0,0,mixture/0.4/6/5/2
0.4,6,2,0,1000,200,5,constant,ratio,0.23199999999999998,3,0,0,mixture/0.4/6/5/2
0.4,6,2,0,1000,200,5,constant,ratio-half,0.23199999999999998,3,0,0,mixture/0.4/6/5/2
0.4,6,3,0,400,200,5,constant,stated,0.6784994344878064,2,0,0,mixture/0.4/6/5/3
0.4,6,3,0,400,200,5,constant,geomean,0.20512191496766025,5,0,0,mixture/0.4/6/5/3
0.4,6,3,0,400,200,5,constant,ratio,0.365,2,0,0,mixture/0.4/6/5/3
0.4,6,3,0,400,200,5,constant,ratio-half,0.365,2,0,0,mixture/0.4/6/5/3
0.4,6,3,0,1000,200,5,constant,stated,0.5395907397331495,2,0,0,mixture/0.4/6/5/3
0.4,6,3,0,1000,200,5,constant,geomean,0.16511813952440244,6,1,1,mixture/0.4/6/5/3
0.4,6,3,0,1000,200,5,constant,ratio,0.08800000000000008,6,1,1,mixture/0.4/6/5/3
0.4,6,3,0,1000,200,5,constant,ratio-half,0.08800000000000008,6,1,1,mixture/0.4/6/5/3
0.4,6,4,0,400,200,5,constant,stated,0.6784994344878064,1,0,0,mixture/0.4/6/5/4
0.4,6,4,0,400,200,5,constant,geomean,0.15000000000000005,5,0,0,mixture/0.4/6/5/4
0.4,6,4,0,400,200,5,constant,ratio,0.19999999999999996,4,0,0,mixture/0.4/6/5/4
0.4,6,4,0,400,200,5,constant,ratio-half,0.19999999999999996,4,0,0,mixture/0.4/6/5/4
0.4,6,4,0,1000,200,5,constant,stated,0.5395907397331495,1,0,0,mixture/0.4/6/5/4
0.4,6,4,0,1000,200,5,constant,geomean,0.11124747188138709,6,1,1,mixture/0.4/6/5/4
0.4,6,4,0,1000,200,5,constant,ratio,0.052000000000000046,6,1,1,mixture/0.4/6/5/4
0.4,6,4,0,1000,200,5,constant,ratio-half,0.052000000000000046,6,1,1,mixture/0.4/6/5/4
0.4,6,5,0,400,200,5,constant,stated,0.6784994344878064,1,0,0,mixture/0.4/6/5/5
0.4,6,5,0,400,200,5,constant,geomean,0.11489125293076062,6,1,1,mixture/0.4/6/5/5
0.4,6,5,0,400,200,5,constant,ratio,0.09499999999999997,6,1,1,mixture/0.4/6/5/5
0.4,6,5,0,400,200,5,constant,ratio-half,0.09499999999999997,6,1,1,mixture/0.4/6/5/5
0.4,6,5,0,1000,200,5,constant,stated,0.5395907397331495,1,0,0,mixture/0.4/6/5/5
0.4,6,5,0,1000,200,5,constant,geomean,0.08800000000000004,6,1,1,mixture/0.4/6/5/5
0.4,6,5,0,1000,200,5,constant,ratio,0.05400000000000005,6,1,1,mixture/0.4/6/5/5
0.4,6,5,0,1000,200,5,constant,ratio-half,0.05400000000000005,6,1,1,mixture/0.4/6/5/5
0.4,6,6,0,400,200,5,constant,stated,0.6784994344878064,1,0,0,mixture/0.4/6/5/6
0.4,6,6,0,400,200,5,constant,geomean,0.1416862731530476,6,1,1,mixture/0.4/6/5/6
0.4,6,6,0,400,200,5,constant,ratio,0.14,6,1,1,mixture/0.4/6/5/6
0.4,6,6,0,400,200,5,constant,ratio-half,0.14,6,1,1,mixture/0.4/6/5/6
0.4,6,6,0,1000,200,5,constant,stated,0.5395907397331495,1,0,0,mixture/0.4/6/5/6
0.4,6,6,0,1000,200,5,constant,geomean,0.10703270528207726,6,1,1,mixture/0.4/6/5/6
0.4,6,6,0,1000,200,5,constant,ratio,0.05800000000000005,6,1,1,mixture/0.4/6/5/6
0.4,6,6,0,1000,200,5,constant,ratio-half,0.05800000000000005,6,1,1,mixture/0.4/6/5/6
0.4,6,7,0,400,200,5,constant,stated,0.6784994344878064,1,0,0,mixture/0.4/6/5/7
0.4,6,7,0,400,200,5,constant,geomean,0.1305756485720059,6,1,1,mixture/0.4/6/5/7
0.4,6,7,0,400,200,5,constant,ratio,0.08499999999999996,6,1,1,mixture/0.4/6/5/7
0.4,6,7,0,400,200,5,constant,ratio-half,0.08499999999999996,6,1,1,mixture/0.4/6/5/7
0.4,6,7,0,1000,200,5,constant,stated,0.5395907397331495,1,0,0,mixture/0.4/6/5/7
0.4,6,7,0,1000,200,5,constant,geomean,0.10703270528207708,6,1,1,mixture/0.4/6/5/7
0.4,6,7,0,1000,200,5,constant,ratio,0.04400000000000004,6,1,1,mixture/0.4/6/5/7
0.4,6,7,0,1000,200,5,constant,ratio-half,0.04400000000000004,6,1,1,mixture/0.4/6/5/7
0.4,6,8,0,400,200,5,constant,stated,0.6784994344878064,1,0,0,mixture/0.4/6/5/8
0.4,6,8,0,400,200,5,constant,geomean,0.14282856857085705,6,1,1,mixture/0.4/6/5/8
0.4,6,8,0,400,200,5,constant,ratio,0.08999999999999997,6,1,1,mixture/0.4/6/5/8
0.4,6,8,0,400,200,5,constant,ratio-half,0.08999999999999997,6,1,1,mixture/0.4/6/5/8
0.4,6,8,0,1000,200,5,constant,stated,0.5395907397331495,1,0,0,mixture/0.4/6/5/8
0.4,6,8,0,1000,200,5,constant,geomean,0.10733126291998996,6,1,1,mixture/0.4/6/5/8
0.4,6,8,0,1000,200,5,constant,ratio,0.05599999999999994,6,1,1,mixture/0.4/6/5/8
0.4,6,8,0,1000,200,5,constant,ratio-half,0.05599999999999994,6,1,1,mixture/0.4/6/5/8
0.4,6,9,0,400,200,5,constant,stated,0.6784994344878064,2,0,0,mixture/0.4/6/5/9
0.4,6,9,0,400,200,5,constant,geomean,0.20784609690826517,4,0,0,mixture/0.4/6/5/9
0.4,6,9,0,400,200,5,constant,ratio,0.4099999999999999,2,0,0,mixture/0.4/6/5/9
0.4,6,9,0,400,200,5,constant,ratio-half,0.4099999999999999,2,0,0,mixture/0.4/6/5/9
0.4,6,9,0,1000,200,5,constant,stated,0.5395907397331495,2,0,0,mixture/0.4/6/5/9
0.4,6,9,0,1000,200,5,constant,geomean,0.1679880948162697,6,1,1,mixture/0.4/6/5/9
0.4,6,9,0,1000,200,5,constant,ratio,0.057999999999999996,6,1,1,mixture/0.4/6/5/9
0.4,6,9,0,1000,200,5,constant,ratio-half,0.057999999999999996,6,1,1,mixture/0.4/6/5/9
0.4,6,10,0,400,200,5,constant,stated,0.6784994344878064,1,0,0,mixture/0.4/6/5/10
0.4,6,10,0,400,200,5,constant,geomean,0.12619429464123968,5,0,0,mixture/0.4/6/5/10
0.4,6,10,0,400,200,5,constant,ratio,0.09999999999999998,5,0,0,mixture/0.4/6/5/10
0.4,6,10,0,400,200,5,constant,ratio-half,0.09999999999999998,5,0,0,mixture/0.4/6/5/10
0.4,6,10,0,1000,200,5,constant,stated,0.5395907397331495,1,0,0,mixture/0.4/6/5/10
0.4,6,10,0,1000,200,5,constant,geomean,0.0966850557221746,5,0,0,mixture/0.4/6/5/10
0.4,6,10,0,1000,200,5,constant,ratio,0.08999999999999997,5,0,0,mixture/0.4/6/5/10
0.4,6,10,0,1000,200,5,constant,ratio-half,0.08999999999999997,5,0,0,mixture/0.4/6/5/10
0.4,6,11,0,400,200,5,constant,stated,0.6784994344878064,1,0,0,mixture/0.4/6/5/11
0.4,6,11,0,400,200,5,constant,geomean,0.12124355652982133,6,1,1,mixture/0.4/6/5/11
0.4,6,11,0,400,200,5,constant,ratio,0.09000000000000008,6,1,1,mixture/0.4/6/5/11
0.4,6,11,0,400,200,5,constant,ratio-half,0.09000000000000008,6,1,1,mixture/0.4/6/5/11
0.4,6,11,0,1000,200,5,constant,stated,0.5395907397331495,1,0,0,mixture/0.4/6/5/11
0.4,6,11,0,1000,200,5,constant,geomean,0.09108238029388564,6,1,1,mixture/0.4/6/5/11
0.4,6,11,0,1000,200,5,constant,ratio,0.05400000000000005,6,1,1,mixture/0.4/6/5/11
0.4,6,11,0,1000,200,5,constant,ratio-half,0.05400000000000005,6,1,1,mixture/0.4/6/5/11
0.4,6,12,0,400,200,5,constant,stated,0.6784994344878064,2,0,0,mixture/0.4/6/5/12
0.4,6,12,0,400,200,5,constant,geomean,0.1857417562100672,4,0,0,mixture/0.4/6/5/12
0.4,6,12,0,400,200,5,constant,ratio,0.405,2,0,0,mixture/0.4/6/5/12
0.4,6,12,0,400,200,5,constant,ratio-half,0.405,2,0,0,mixture/0.4/6/5/12
0.4,6,12,0,1000,200,5,constant,stated,0.5395907397331495,2,0,0,mixture/0.4/6/5/12
0.4,6,12,0,1000,200,5,constant,geomean,0.13979985693841016,5,0,0,mixture/0.4/6/5/12
0.4,6,12,0,1000,200,5,constant,ratio,0.04400000000000004,6,1,1,mixture/0.4/6/5/12
0.4,6,12,0,1000,200,5,constant,ratio-half,0.04400000000000004,6,1,1,mixture/0.4/6/5/12
0.4,6,13,0,400,200,5,constant,stated,0.6784994344878064,1,0,0,mixture/0.4/6/5/13
0.4,6,13,0,400,200,5,constant,geomean,0.15000000000000005,6,1,1,mixture/0.4/6/5/13
0.4,6,13,0,400,200,5,constant,ratio,0.08999999999999997,6,1,1,mixture/0.4/6/5/13
0.4,6,13,0,400,200,5,constant,ratio-half,0.08999999999999997,6,1,1,mixture/0.4/6/5/13
0.4,6,13,0,1000,200,5,constant,stated,0.5395907397331495,1,0,0,mixture/0.4/6/5/13
0.4,6,13,0,1000,200,5,constant,geomean,0.11568923891183662,6,1,1,mixture/0.4/6/5/13
0.4,6,13,0,1000,200,5,constant,ratio,0.06599999999999995,6,1,1,mixture/0.4/6/5/13
0.4,6,13,0,1000,200,5,constant,ratio-half,0.06599999999999995,6,1,1,mixture/0.4/6/5/13
0.4,6,14,0,400,200,5,constant,stated,0.6784994344878064,1,0,0,mixture/0.4/6/5/14
0.4,6,14,0,400,200,5,constant,geomean,0.17204650534085264,5,0,0,mixture/0.4/6/5/14
0.4,6,14,0,400,200,5,constant,ratio,0.19000000000000006,4,0,0,mixture/0.4/6/5/14
0.4,6,14,0,400,200,5,constant,ratio-half,0.19000000000000006,4,0,0,mixture/0.4/6/5/14
0.4,6,14,0,1000,200,5,constant,stated,0.5395907397331495,1,0,0,mixture/0.4/6/5/14
0.4,6,14,0,1000,200,5,constant,geomean,0.1403139337343231,6,1,1,mixture/0.4/6/5/14
0.4,6,14,0,1000,200,5,constant,ratio,0.10599999999999987,6,1,1,mixture/0.4/6/5/14
0.4,6,14,0,1000,200,5,constant,ratio-half,0.10599999999999987,6,1,1,mixture/0.4/6/5/14
0.4,6,15,0,400,200,5,constant,stated,0.6784994344878064,1,0,0,mixture/0.4/6/5/15
0.4,6,15,0,400,200,5,constant,geomean,0.13472193585307485,5,0,0,mixture/0.4/6/5/15
0.4,6,15,0,400,200,5,constant,ratio,0.14500000000000002,4,0,0,mixture/0.4/6/5/15
0.4,6,15,0,400,200,5,constant,ratio-half,0.14500000000000002,4,0,0,mixture/0.4/6/5/15
0.4,6,15,0,1000,200,5,constant,stated,0.5395907397331495,1,0,0,mixture/0.4/6/5/15
0.4,6,15,0,1000,200,5,constant,geomean,0.11200000000000006,6,1,1,mixture/0.4/6/5/15
0.4,6,15,0,1000,200,5,constant,ratio,0.04800000000000004,6,1,1,mixture/0.4/6/5/15
0.4,6,15,0,1000,200,5,constant,ratio-half,0.04800000000000004,6,1,1,mixture/0.4/6/5/15
0.4,6,16,0,400,200,5,constant,stated,0.6784994344878064,1,0,0,mixture/0.4/6/5/16
0.4,6,16,0,400,200,5,constant,geomean,0.17663521732655701,5,0,0,mixture/0.4/6/5/16
0.4,6,16,0,400,200,5,constant,ratio,0.16000000000000003,5,0,0,mixture/0.4/6/5/16
0.4,6,16,0,400,200,5,constant,ratio-half,0.16000000000000003,5,0,0,mixture/0.4/6/5/16
0.4,6,16,0,1000,200,5,constant,stated,0.5395907397331495,1,0,0,mixture/0.4/6/5/16
0.4,6,16,0,1000,200,5,constant,geomean,0.13813037319865612,6,1,1,mixture/0.4/6/5/16
0.4,6,16,0,1000,200,5,constant,ratio,0.06400000000000006,6,1,1,mixture/0.4/6/5/16
0.4,6,16,0,1000,200,5,constant,ratio-half,0.06400000000000006,6,1,1,mixture/0.4/6/5/16
0.4,6,17,0,400,200,5,constant,stated,0.6784994344878064,1,0,0,mixture/0.4/6/5/17
0.4,6,17,0,400,200,5,constant,geomean,0.13747727084867514,6,1,1,mixture/0.4/6/5/17
0.4,6,17,0,400,200,5,constant,ratio,0.08000000000000007,6,1,1,mixture/0.4/6/5/17
0.4,6,17,0,400,200,5,constant,ratio-half,0.08000000000000007,6,1,1,mixture/0.4/6/5/17
0.4,6,17,0,1000,200,5,constant,stated,0.5395907397331495,1,0,0,mixture/0.4/6/5/17
0.4,6,17,0,1000,200,5,constant,geomean,0.10814804667676609,6,1,1,mixture/0.4/6/5/17
0.4,6,17,0,1000,200,5,constant,ratio,0.04600000000000004,6,1,1,mixture/0.4/6/5/17
0.4,6,17,0,1000,200,5,constant,ratio-half,0.04600000000000004,6,1,1,mixture/0.4/6/5/17
0.4,6,18,0,400,200,5,constant,stated,0.6784994344878064,1,0,0,mixture/0.4/6/5/18
0.4,6,18,0,400,200,5,constant,geomean,0.18834808201837352,6,1,1,mixture/0.4/6/5/18
0.4,6,18,0,400,200,5,constant,ratio,0.13,6,1,1,mixture/0.4/6/5/18
0.4,6,18,0,400,200,5,constant,ratio-half,0.13,6,1,1,mixture/0.4/6/5/18
0.4,6,18,0,1000,200,5,constant,stated,0.5395907397331495,3,0,0,mixture/0.4/6/5/18
0.4,6,18,0,1000,200,5,constant,geomean,0.14156270695349119,6,1,1,mixture/0.4/6/5/18
0.4,6,18,0,1000,200,5,constant,ratio,0.052000000000000046,6,1,1,mixture/0.4/6/5/18
0.4,6,18,0,1000,200,5,constant,ratio-half,0.052000000000000046,6,1,1,mixture/0.4/6/5/18
0.4,6,19,0,400,200,5,constant,stated,0.6784994344878064,1,0,0,mixture/0.4/6/5/19
0.4,6,19,0,400,200,5,constant,geomean,0.16748134224444233,6,1,1,mixture/0.4/6/5/19
0.4,6,19,0,400,200,5,constant,ratio,0.2899999999999999,2,0,0,mixture/0.4/6/5/19
0.4,6,19,0,400,200,5,constant,ratio-half,0.2899999999999999,2,0,0,mixture/0.4/6/5/19
0.4,6,19,0,1000,200,5,constant,stated,0.5395907397331495,1,0,0,mixture/0.4/6/5/19
0.4,6,19,0,1000,200,5,constant,geomean,0.13096564434995928,6,1,1,mixture/0.4/6/5/19
0.4,6,19,0,1000,200,5,constant,ratio,0.09600000000000009,6,1,1,mixture/0.4/6/5/19
0.4,6,19,0,1000,200,5,constant,ratio-half,0.09600000000000009,6,1,1,mixture/0.4/6/5/19
0.4,7,0,0,400,200,5,constant,stated,0.6784994344878064,1,0,0,mixture/0.4/7/5/0
0.4,7,0,0,400,200,5,constant,geomean,0.1602342035896209,4,0,0,mixture/0.4/7/5/0
0.4,7,0,0,400,200,5,constant,ratio,0.245,2,0,0,mixture/0.4/7/5/0
0.4,7,0,0,400,200,5,constant,ratio-half,0.245,2,0,0,mixture/0.4/7/5/0
0.4,7,0,0,1000,200,5,constant,stated,0.5395907397331495,1,0,0,mixture/0.4/7/5/0
0.4,7,0,0,1000,200,5,constant,geomean,0.12048236385463232,6,0,0,mixture/0.4/7/5/0
0.4,7,0,0,1000,200,5,constant,ratio,0.09399999999999997,6,0,0,mixture/0.4/7/5/0
0.4,7,0,0,1000,200,5,constant,ratio-half,0.09399999999999997,6,0,0,mixture/0.4/7/5/0
0.4,7,1,0,400,200,5,constant,stated,0.6784994344878064,2,0,0,mixture/0.4/7/5/1
0.4,7,1,0,400,200,5,constant,geomean,0.2454078238361609,3,0,0,mixture/0.4/7/5/1
0.4,7,1,0,400,200,5,constant,ratio,0.32999999999999996,2,0,0,mixture/0.4/7/5/1
0.4,7,1,0,400,200,5,constant,ratio-half,0.32999999999999996,2,0,0,mixture/0.4/7/5/1
0.4,7,1,0,1000,200,5,constant,stated,0.5395907397331495,2,0,0,mixture/0.4/7/5/1
0.4,7,1,0,1000,200,5,constant,geomean,0.19316314348239427,5,0,0,mixture/0.4/7/5/1
0.4,7,1,0,1000,200,5,constant,ratio,0.33399999999999996,2,0,0,mixture/0.4/7/5/1
0.4,7,1,0,1000,200,5,constant,ratio-half,0.33399999999999996,2,0,0,mixture/0.4/7/5/1
0.4,7,2,0,400,200,5,constant,stated,0.6784994344878064,1,0,0,mixture/0.4/7/5/2
0.4,7,2,0,400,200,5,constant,geomean,0.16124515496597092,4,0,0,mixture/0.4/7/5/2
0.4,7,2,0,400,200,5,constant,ratio,0.22999999999999998,3,0,0,mixture/0.4/7/5/2
0.4,7,2,0,400,200,5,constant,ratio-half,0.22999999999999998,3,0,0,mixture/0.4/7/5/2
0.4,7,2,0,1000,200,5,constant,stated,0.5395907397331495,1,0,0,mixture/0.4/7/5/2
0.4,7,2,0,1000,200,5,constant,geomean,0.11939849245279444,8,0,0,mixture/0.4/7/5/2
0.4,7,2,0,1000,200,5,constant,ratio,0.22599999999999998,3,0,0,mixture/0.4/7/5/2
0.4,7,2,0,1000,200,5,constant,ratio-half,0.22599999999999998,3,0,0,mixture/0.4/7/5/2
0.4,7,3,0,400,200,5,constant,stated,0.6784994344878064,1,0,0,mixture/0.4/7/5/3
0.4,7,3,0,400,200,5,constant,geomean,0.12951833846988625,7,1,1,mixture/0.4/7/5/3
0.4,7,3,0,400,200,5,constant,ratio,0.15500000000000003,6,0,0,mixture/0.4/7/5/3
0.4,7,3,0,400,200,5,constant,ratio-half,0.15500000000000003,6,0,0,mixture/0.4/7/5/3
0.4,7,3,0,1000,200,5,constant,stated,0.5395907397331495,1,0,0,mixture/0.4/7/5/3
0.4,7,3,0,1000,200,5,constant,geomean,0.10065783625729267,7,1,1,mixture/0.4/7/5/3
0.4,7,3,0,1000,200,5,constant,ratio,0.07200000000000006,7,1,1,mixture/0.4/7/5/3
0.4,7,3,0,1000,200,5,constant,ratio-half,0.07200000000000006,7,1,1,mixture/0.4/7/5/3
0.4,7,4,0,400,200,5,constant,stated,0.6784994344878064,1,0,0,mixture/0.4/7/5/4
0.4,7,4,0,400,200,5,constant,geomean,0.19131126469709,5,0,0,mixture/0.4/7/5/4
0.4,7,4,0,400,200,5,constant,ratio,0.2250000000000001,2,0,0,mixture/0.4/7/5/4
0.4,7,4,0,400,200,5,constant,ratio-half,0.2250000000000001,2,0,0,mixture/0.4/7/5/4
0.4,7,4,0,1000,200,5,constant,stated,0.5395907397331495,2,0,0,mixture/0.4/7/5/4
0.4,7,4,0,1000,200,5,constant,geomean,0.150837661079718,6,0,0,mixture/0.4/7/5/4
0.4,7,4,0,1000,200,5,constant,ratio,0.2619999999999999,2,0,0,mixture/0.4/7/5/4
0.4,7,4,0,1000,200,5,constant,ratio-half,0.2619999999999999,2,0,0,mixture/0.4/7/5/4
0.4,7,5,0,400,200,5,constant,stated,0.6784994344878064,1,0,0,mixture/0.4/7/5/5
0.4,7,5,0,400,200,5,constant,geomean,0.1519045753096332,6,0,0,mixture/0.4/7/5/5
0.4,7,5,0,400,200,5,constant,ratio,0.16500000000000004,2,0,0,mixture/0.4/7/5/5
0.4,7,5,0,400,200,5,constant,ratio-half,0.16500000000000004,2,0,0,mixture/0.4/7/5/5
0.4,7,5,0,1000,200,5,constant,stated,0.5395907397331495,1,0,0,mixture/0.4/7/5/5
0.4,7,5,0,1000,200,5,constant,geomean,0.1163099307883894,7,1,1,mixture/0.4/7/5/5
0.4,7,5,0,1000,200,5,constant,ratio,0.052000000000000046,7,1,1,mixture/0.4/7/5/5
0.4,7,5,0,1000,200,5,constant,ratio-half,0.052000000000000046,7,1,1,mixture/0.4/7/5/5
0.4,7,6,0,400,200,5,constant,stated,0.6784994344878064,2,0,0,mixture/0.4/7/5/6
0.4,7,6,0,400,200,5,constant,geomean,0.21171915359740137,5,0,0,mixture/0.4/7/5/6
0.4,7,6,0,400,200,5,constant,ratio,0.0,197,0,0,mixture/0.4/7/5/6
0.4,7,6,0,400,200,5,constant,ratio-half,0.4,2,0,0,mixture/0.4/7/5/6
0.4,7,6,0,1000,200,5,constant,stated,0.5395907397331495,2,0,0,mixture/0.4/7/5/6
0.4,7,6,0,1000,200,5,constant,geomean,0.1693280839081336,6,0,0,mixture/0.4/7/5/6
0.4,7,6,0,1000,200,5,constant,ratio,0.05800000000000005,7,1,1,mixture/0.4/7/5/6
0.4,7,6,0,1000,200,5,constant,ratio-half,0.05800000000000005,7,1,1,mixture/0.4/7/5/6
0.4,7,7,0,400,200,5,constant,stated,0.6784994344878064,1,0,0,mixture/0.4/7/5/7
0.4,7,7,0,400,200,5,constant,geomean,0.14730919862656242,6,0,0,mixture/0.4/7/5/7
0.4,7,7,0,400,200,5,constant,ratio,0.1449999999999999,6,0,0,mixture/0.4/7/5/7
0.4,7,7,0,400,200,5,constant,ratio-half,0.1449999999999999,6,0,0,mixture/0.4/7/5/7
0.4,7,7,0,1000,200,5,constant,stated,0.5395907397331495,1,0,0,mixture/0.4/7/5/7
0.4,7,7,0,1000,200,5,constant,geomean,0.11027239001672186,7,1,1,mixture/0.4/7/5/7
0.4,7,7,0,1000,200,5,constant,ratio,0.06400000000000006,7,1,1,mixture/0.4/7/5/7
0.4,7,7,0,1000,200,5,constant,ratio-half,0.06400000000000006,7,1,1,mixture/0.4/7/5/7
0.4,7,8,0,400,200,5,constant,stated,0.6784994344878064,1,0,0,mixture/0.4/7/5/8
0.4,7,8,0,400,200,5,constant,geomean,0.17832554500127007,5,0,0,mixture/0.4/7/5/8
0.4,7,8,0,400,200,5,constant,ratio,0.10000000000000009,6,0,0,mixture/0.4/7/5/8
0.4,7,8,0,400,200,5,constant,ratio-half,0.10000000000000009,6,0,0,mixture/0.4/7/5/8
0.4,7,8,0,1000,200,5,constant,stated,0.5395907397331495,1,0,0,mixture/0.4/7/5/8
0.4,7,8,0,1000,200,5,constant,geomean,0.13655768012089214,6,0,0,mixture/0.4/7/5/8
0.4,7,8,0,1000,200,5,constant,ratio,0.04999999999999993,7,1,1,mixture/0.4/7/5/8
0.4,7,8,0,1000,200,5,constant,ratio-half,0.04999999999999993,7,1,1,mixture/0.4/7/5/8
0.4,7,9,0,400,200,5,constant,stated,0.6784994344878064,1,0,0,mixture/0.4/7/5/9
0.4,7,9,0,400,200,5,constant,geomean,0.1396424004376895,17,0,0,mixture/0.4/7/5/9
0.4,7,9,0,400,200,5,constant,ratio,0.22999999999999998,3,0,0,mixture/0.4/7/5/9
0.4,7,9,0,400,200,5,constant,ratio-half,0.22999999999999998,3,0,0,mixture/0.4/7/5/9
0.4,7,9,0,1000,200,5,constant,stated,0.5395907397331495,1,0,0,mixture/0.4/7/5/9
0.4,7,9,0,1000,200,5,constant,geomean,0.10783320453366864,11,0,0,mixture/0.4/7/5/9
0.4,7,9,0,1000,200,5,constant,ratio,0.118,8,0,0,mixture/0.4/7/5/9
0.4,7,9,0,1000,200,5,constant,ratio-half,0.118,8,0,0,mixture/0.4/7/5/9
0.4,7,10,0,400,200,5,constant,stated,0.6784994344878064,2,0,0,mixture/0.4/7/5/10
0.4,7,10,0,400,200,5,constant,geomean,0.23916521486202788,3,0,0,mixture/0.4/7/5/10
0.4,7,10,0,400,200,5,constant,ratio,0.3450000000000002,2,0,0,mixture/0.4/7/5/10
0.4,7,10,0,400,200,5,constant,ratio-half,0.3450000000000002,2,0,0,mixture/0.4/7/5/10
0.4,7,10,0,1000,200,5,constant,stated,0.5395907397331495,2,0,0,mixture/0.4/7/5/10
0.4,7,10,0,1000,200,5,constant,geomean,0.1931734971469943,4,0,0,mixture/0.4/7/5/10
0.4,7,10,0,1000,200,5,constant,ratio,0.3600000000000001,2,0,0,mixture/0.4/7/5/10
0.4,7,10,0,1000,200,5,constant,ratio-half,0.3600000000000001,2,0,0,mixture/0.4/7/5/10
0.4,7,11,0,400,200,5,constant,stated,0.6784994344878064,1,0,0,mixture/0.4/7/5/11
0.4,7,11,0,400,200,5,constant,geomean,0.19364916731037074,6,0,0,mixture/0.4/7/5/11
0.4,7,11,0,400,200,5,constant,ratio,0.10499999999999998,7,1,1,mixture/0.4/7/5/11
0.4,7,11,0,400,200,5,constant,ratio-half,0.10499999999999998,7,1,1,mixture/0.4/7/5/11
0.4,7,11,0,1000,200,5,constant,stated,0.5395907397331495,2,0,0,mixture/0.4/7/5/11
0.4,7,11,0,1000,200,5,constant,geomean,0.14424978336205577,7,1,1,mixture/0.4/7/5/11
0.4,7,11,0,1000,200,5,constant,ratio,0.07200000000000006,7,1,1,mixture/0.4/7/5/11
0.4,7,11,0,1000,200,5,constant,ratio-half,0.07200000000000006,7,1,1,mixture/0.4/7/5/11
0.4,7,12,0,400,200,5,constant,stated,0.6784994344878064,1,0,0,mixture/0.4/7/5/12
0.4,7,12,0,400,200,5,constant,geomean,0.19267848867997683,6,0,0,mixture/0.4/7/5/12
0.4,7,12,0,400,200,5,constant,ratio,0.4149999999999999,2,0,0,mixture/0.4/7/5/12
0.4,7,12,0,400,200,5,constant,ratio-half,0.4149999999999999,2,0,0,mixture/0.4/7/5/12
0.4,7,12,0,1000,200,5,constant,stated,0.5395907397331495,2,0,0,mixture/0.4/7/5/12
0.4,7,12,0,1000,200,5,constant,geomean,0.1475804865149862,7,1,1,mixture/0.4/7/5/12
0.4,7,12,0,1000,200,5,constant,ratio,0.05600000000000005,7,1,1,mixture/0.4/7/5/12
0.4,7,12,0,1000,200,5,constant,ratio-half,0.05600000000000005,7,1,1,mixture/0.4/7/5/12
0.4,7,13,0,400,200,5,constant,stated,0.6784994344878064,2,0,0,mixture/0.4/7/5/13
0.4,7,13,0,400,200,5,constant,geomean,0.217082933460924,2,0,0,mixture/0.4/7/5/13
0.4,7,13,0,400,200,5,constant,ratio,0.18500000000000005,2,0,0,mixture/0.4/7/5/13
0.4,7,13,0,400,200,5,constant,ratio-half,0.18500000000000005,2,0,0,mixture/0.4/7/5/13
0.4,7,13,0,1000,200,5,constant,stated,0.5395907397331495,2,0,0,mixture/0.4/7/5/13
0.4,7,13,0,1000,200,5,constant,geomean,0.16211107303327563,4,0,0,mixture/0.4/7/5/13
0.4,7,13,0,1000,200,5,constant,ratio,0.18200000000000016,2,0,0,mixture/0.4/7/5/13
0.4,7,13,0,1000,200,5,constant,ratio-half,0.18200000000000016,2,0,0,mixture/0.4/7/5/13
0.4,7,14,0,400,200,5,constant,stated,0.6784994344878064,1,0,0,mixture/0.4/7/5/14
0.4,7,14,0,400,200,5,constant,geomean,0.15083103128998349,6,0,0,mixture/0.4/7/5/14
0.4,7,14,0,400,200,5,constant,ratio,0.15000000000000013,6,0,0,mixture/0.4/7/5/14
0.4,7,14,0,400,200,5,constant,ratio-half,0.15000000000000013,6,0,0,mixture/0.4/7/5/14
0.4,7,14,0,1000,200,5,constant,stated,0.5395907397331495,1,0,0,mixture/0.4/7/5/14
0.4,7,14,0,1000,200,5,constant,geomean,0.1223601242235393,7,1,1,mixture/0.4/7/5/14
0.4,7,14,0,1000,200,5,constant,ratio,0.05999999999999994,7,1,1,mixture/0.4/7/5/14
0.4,7,14,0,1000,200,5,constant,ratio-half,0.05999999999999994,7,1,1,mixture/0.4/7/5/14
0.4,7,15,0,400,200,5,constant,stated,0.6784994344878064,2,0,0,mixture/0.4/7/5/15
0.4,7,15,0,400,200,5,constant,geomean,0.21633307652783926,5,0,0,mixture/0.4/7/5/15
0.4,7,15,0,400,200,5,constant,ratio,0.43499999999999994,2,0,0,mixture/0.4/7/5/15
0.4,7,15,0,400,200,5,constant,ratio-half,0.43499999999999994,2,0,0,mixture/0.4/7/5/15
0.4,7,15,0,1000,200,5,constant,stated,0.5395907397331495,2,0,0,mixture/0.4/7/5/15
0.4,7,15,0,1000,200,5,constant,geomean,0.1649242250247065,7,1,1,mixture/0.4/7/5/15
0.4,7,15,0,1000,200,5,constant,ratio,0.061999999999999944,7,1,1,mixture/0.4/7/5/15
0.4,7,15,0,1000,200,5,constant,ratio-half,0.061999999999999944,7,1,1,mixture/0.4/7/5/15
0.4,7,16,0,400,200,5,constant,stated,0.6784994344878064,1,0,0,mixture/0.4/7/5/16
0.4,7,16,0,400,200,5,constant,geomean,0.13304134695650074,7,1,1,mixture/0.4/7/5/16
0.4,7,16,0,400,200,5,constant,ratio,0.09999999999999998,7,1,1,mixture/0.4/7/5/16
0.4,7,16,0,400,200,5,constant,ratio-half,0.09999999999999998,7,1,1,mixture/0.4/7/5/16
0.4,7,16,0,1000,200,5,constant,stated,0.5395907397331495,1,0,0,mixture/0.4/7/5/16
0.4,7,16,0,1000,200,5,constant,geomean,0.1039807674524477,7,1,1,mixture/0.4/7/5/16
0.4,7,16,0,1000,200,5,constant,ratio,0.05400000000000005,7,1,1,mixture/0.4/7/5/16
0.4,7,16,0,1000,200,5,constant,ratio-half,0.05400000000000005,7,1,1,mixture/0.4/7/5/16
0.4,7,17,0,400,200,5,constant,stated,0.6784994344878064,1,0,0,mixture/0.4/7/5/17
0.4,7,17,0,400,200,5,constant,geomean,0.16628289148315897,5,0,0,mixture/0.4/7/5/17
0.4,7,17,0,400,200,5,constant,ratio,0.2300000000000001,4,0,0,mixture/0.4/7/5/17
0.4,7,17,0,400,200,5,constant,ratio-half,0.2300000000000001,4,0,0,mixture/0.4/7/5/17
0.4,7,17,0,1000,200,5,constant,stated,0.5395907397331495,1,0,0,mixture/0.4/7/5/17
0.4,7,17,0,1000,200,5,constant,geomean,0.13839075113604962,6,0,0,mixture/0.4/7/5/17
0.4,7,17,0,1000,200,5,constant,ratio,0.10599999999999998,6,0,0,mixture/0.4/7/5/17
0.4,7,17,0,1000,200,5,constant,ratio-half,0.10599999999999998,6,0,0,mixture/0.4/7/5/17
0.4,7,18,0,400,200,5,constant,stated,0.6784994344878064,1,0,0,mixture/0.4/7/5/18
0.4,7,18,0,400,200,5,constant,geomean,0.12737739202857004,7,1,1,mixture/0.4/7/5/18
0.4,7,18,0,400,200,5,constant,ratio,0.12,7,1,1,mixture/0.4/7/5/18
0.4,7,18,0,400,200,5,constant,ratio-half,0.12,7,1,1,mixture/0.4/7/5/18
0.4,7,18,0,1000,200,5,constant,stated,0.5395907397331495,1,0,0,mixture/0.4/7/5/18
0.4,7,18,0,1000,200,5,constant,geomean,0.1052805775060149,7,1,1,mixture/0.4/7/5/18
0.4,7,18,0,1000,200,5,constant,ratio,0.06600000000000006,7,1,1,mixture/0.4/7/5/18
0.4,7,18,0,1000,200,5,constant,ratio-half,0.06600000000000006,7,1,1,mixture/0.4/7/5/18
0.4,7,19,0,400,200,5,constant,stated,0.6784994344878064,1,0,0,mixture/0.4/7/5/19
0.4,7,19,0,400,200,5,constant,geomean,0.18540496217739147,7,1,1,mixture/0.4/7/5/19
0.4,7,19,0,400,200,5,constant,ratio,0.2849999999999999,2,0,0,mixture/0.4/7/5/19
0.4,7,19,0,400,200,5,constant,ratio-half,0.2849999999999999,2,0,0,mixture/0.4/7/5/19
0.4,7,19,0,1000,200,5,constant,stated,0.5395907397331495,2,0,0,mixture/0.4/7/5/19
0.4,7,19,0,1000,200,5,constant,geomean,0.14512063946937395,7,1,1,mixture/0.4/7/5/19
0.4,7,19,0,1000,200,5,constant,ratio,0.06999999999999995,7,1,1,mixture/0.4/7/5/19
0.4,7,19,0,1000,200,5,constant,ratio-half,0.06999999999999995,7,1,1,mixture/0.4/7/5/19
0.4,8,0,0,400,200,5,constant,stated,0.6784994344878064,1,0,0,mixture/0.4/8/5/0
0.4,8,0,0,400,200,5,constant,geomean,0.18117670931993443,5,0,0,mixture/0.4/8/5/0
0.4,8,0,0,400,200,5,constant,ratio,0.24,2,0,0,mixture/0.4/8/5/0
0.4,8,0,0,400,200,5,constant,ratio-half,0.24,2,0,0,mixture/0.4/8/5/0
0.4,8,0,0,1000,200,5,constant,stated,0.5395907397331495,1,0,0,mixture/0.4/8/5/0
0.4,8,0,0,1000,200,5,constant,geomean,0.132815661727072,7,0,0,mixture/0.4/8/5/0
0.4,8,0,0,1000,200,5,constant,ratio,0.05999999999999994,7,0,0,mixture/0.4/8/5/0
0.4,8,0,0,1000,200,5,constant,ratio-half,0.05999999999999994,7,0,0,mixture/0.4/8/5/0
0.4,8,1,0,400,200,5,constant,stated,0.6784994344878064,1,0,0,mixture/0.4/8/5/1
0.4,8,1,0,400,200,5,constant,geomean,0.15467708298258026,7,0,0,mixture/0.4/8/5/1
0.4,8,1,0,400,200,5,constant,ratio,0.11499999999999999,7,0,0,mixture/0.4/8/5/1
0.4,8,1,0,400,200,5,constant,ratio-half,0.11499999999999999,7,0,0,mixture/0.4/8/5/1
0.4,8,1,0,1000,200,5,constant,stated,0.5395907397331495,1,0,0,mixture/0.4/8/5/1
0.4,8,1,0,1000,200,5,constant,geomean,0.11865917579353046,7,0,0,mixture/0.4/8/5/1
0.4,8,1,0,1000,200,5,constant,ratio,0.09999999999999998,7,0,0,mixture/0.4/8/5/1
0.4,8,1,0,1000,200,5,constant,ratio-half,0.09999999999999998,7,0,0,mixture/0.4/8/5/1
0.4,8,2,0,400,200,5,constant,stated,0.6784994344878064,1,0,0,mixture/0.4/8/5/2
0.4,8,2,0,400,200,5,constant,geomean,0.1361065758881619,10,0,0,mixture/0.4/8/5/2
0.4,8,2,0,400,200,5,constant,ratio,0.15500000000000003,8,1,0,mixture/0.4/8/5/2
0.4,8,2,0,400,200,5,constant,ratio-half,0.15500000000000003,8,1,0,mixture/0.4/8/5/2
0.4,8,2,0,1000,200,5,constant,stated,0.5395907397331495,1,0,0,mixture/0.4/8/5/2
0.4,8,2,0,1000,200,5,constant,geomean,0.10677078252031301,8,1,1,mixture/0.4/8/5/2
0.4,8,2,0,1000,200,5,constant,ratio,0.128,7,0,0,mixture/0.4/8/5/2
0.4,8,2,0,1000,200,5,constant,ratio-half,0.128,7,0,0,mixture/0.4/8/5/2
0.4,8,3,0,400,200,5,constant,stated,0.6784994344878064,1,0,0,mixture/0.4/8/5/3
0.4,8,3,0,400,200,5,constant,geomean,0.12845232578665136,8,1,1,mixture/0.4/8/5/3
0.4,8,3,0,400,200,5,constant,ratio,0.08999999999999997,8,1,1,mixture/0.4/8/5/3
0.4,8,3,0,400,200,5,constant,ratio-half,0.08999999999999997,8,1,1,mixture/0.4/8/5/3
0.4,8,3,0,1000,200,5,constant,stated,0.5395907397331495,1,0,0,mixture/0.4/8/5/3
0.4,8,3,0,1000,200,5,constant,geomean,0.09732420048477156,8,1,1,mixture/0.4/8/5/3
0.4,8,3,0,1000,200,5,constant,ratio,0.061999999999999944,8,1,1,mixture/0.4/8/5/3
0.4,8,3,0,1000,200,5,constant,ratio-half,0.061999999999999944,8,1,1,mixture/0.4/8/5/3
0.4,8,4,0,400,200,5,constant,stated,0.6784994344878064,1,0,0,mixture/0.4/8/5/4
0.4,8,4,0,400,200,5,constant,geomean,0.15099668870541508,8,1,1,mixture/0.4/8/5/4
0.4,8,4,0,400,200,5,constant,ratio,0.10499999999999998,8,1,1,mixture/0.4/8/5/4
0.4,8,4,0,400,200,5,constant,ratio-half,0.10499999999999998,8,1,1,mixture/0.4/8/5/4
0.4,8,4,0,1000,200,5,constant,stated,0.5395907397331495,1,0,0,mixture/0.4/8/5/4
0.4,8,4,0,1000,200,5,constant,geomean,0.11969962405956007,8,1,1,mixture/0.4/8/5/4
0.4,8,4,0,1000,200,5,constant,ratio,0.062000000000000055,8,1,1,mixture/0.4/8/5/4
0.4,8,4,0,1000,200,5,constant,ratio-half,0.062000000000000055,8,1,1,mixture/0.4/8/5/4
0.4,8,5,0,400,200,5,constant,stated,0.6784994344878064,1,0,0,mixture/0.4/8/5/5
0.4,8,5,0,400,200,5,constant,geomean,0.1341640786499873,8,1,1,mixture/0.4/8/5/5
0.4,8,5,0,400,200,5,constant,ratio,0.10999999999999999,8,1,1,mixture/0.4/8/5/5
0.4,8,5,0,400,200,5,constant,ratio-half,0.10999999999999999,8,1,1,mixture/0.4/8/5/5
0.4,8,5,0,1000,200,5,constant,stated,0.5395907397331495,1,0,0,mixture/0.4/8/5/5
0.4,8,5,0,1000,200,5,constant,geomean,0.10332473082471598,8,1,1,mixture/0.4/8/5/5
0.4,8,5,0,1000,200,5,constant,ratio,0.08399999999999996,8,1,1,mixture/0.4/8/5/5
0.4,8,5,0,1000,200,5,constant,ratio-half,0.08399999999999996,8,1,1,mixture/0.4/8/5/5
0.4,8,6,0,400,200,5,constant,stated,0.6784994344878064,1,0,0,mixture/0.4/8/5/6
0.4,8,6,0,400,200,5,constant,geomean,0.16155494421403505,6,0,0,mixture/0.4/8/5/6
0.4,8,6,0,400,200,5,constant,ratio,0.14500000000000002,6,0,0,mixture/0.4/8/5/6
0.4,8,6,0,400,200,5,constant,ratio-half,0.14500000000000002,6,0,0,mixture/0.4/8/5/6
0.4,8,6,0,1000,200,5,constant,stated,0.5395907397331495,1,0,0,mixture/0.4/8/5/6
0.4,8,6,0,1000,200,5,constant,geomean,0.11946547618454469,8,1,1,mixture/0.4/8/5/6
0.4,8,6,0,1000,200,5,constant,ratio,0.06800000000000006,8,1,1,mixture/0.4/8/5/6
0.4,8,6,0,1000,200,5,constant,ratio-half,0.06800000000000006,8,1,1,mixture/0.4/8/5/6
0.4,8,7,0,400,200,5,constant,stated,0.6784994344878064,1,0,0,mixture/0.4/8/5/7
0.4,8,7,0,400,200,5,constant,geomean,0.14798648586948748,8,1,1,mixture/0.4/8/5/7
0.4,8,7,0,400,200,5,constant,ratio,0.09999999999999998,8,1,1,mixture/0.4/8/5/7
0.4,8,7,0,400,200,5,constant,ratio-half,0.09999999999999998,8,1,1,mixture/0.4/8/5/7
0.4,8,7,0,1000,200,5,constant,stated,0.5395907397331495,1,0,0,mixture/0.4/8/5/7
0.4,8,7,0,1000,200,5,constant,geomean,0.1130663522008206,8,1,1,mixture/0.4/8/5/7
0.4,8,7,0,1000,200,5,constant,ratio,0.06600000000000006,8,1,1,mixture/0.4/8/5/7
0.4,8,7,0,1000,200,5,constant,ratio-half,0.06600000000000006,8,1,1,mixture/0.4/8/5/7
0.4,8,8,0,400,200,5,constant,stated,0.6784994344878064,1,0,0,mixture/0.4/8/5/8
0.4,8,8,0,400,200,5,constant,geomean,0.16620770138594657,8,1,1,mixture/0.4/8/5/8
0.4,8,8,0,400,200,5,constant,ratio,0.11499999999999999,8,1,1,mixture/0.4/8/5/8
0.4,8,8,0,400,200,5,constant,ratio-half,0.11499999999999999,8,1,1,mixture/0.4/8/5/8
0.4,8,8,0,1000,200,5,constant,stated,0.5395907397331495,1,0,0,mixture/0.4/8/5/8
0.4,8,8,0,1000,200,5,constant,geomean,0.13416407864998744,8,1,1,mixture/0.4/8/5/8
0.4,8,8,0,1000,200,5,constant,ratio,0.07000000000000006,8,1,1,mixture/0.4/8/5/8
0.4,8,8,0,1000,200,5,constant,ratio-half,0.07000000000000006,8,1,1,mixture/0.4/8/5/8
0.4,8,9,0,400,200,5,constant,stated,0.6784994344878064,1,0,0,mixture/0.4/8/5/9
0.4,8,9,0,400,200,5,constant,geomean,0.19052558883257656,6,0,0,mixture/0.4/8/5/9
0.4,8,9,0,400,200,5,constant,ratio,0.265,2,0,0,mixture/0.4/8/5/9
0.4,8,9,0,400,200,5,constant,ratio-half,0.265,2,0,0,mixture/0.4/8/5/9
0.4,8,9,0,1000,200,5,constant,stated,0.5395907397331495,2,0,0,mixture/0.4/8/5/9
0.4,8,9,0,1000,200,5,constant,geomean,0.1468196172178637,7,0,0,mixture/0.4/8/5/9
0.4,8,9,0,1000,200,5,constant,ratio,0.29000000000000004,2,0,0,mixture/0.4/8/5/9
0.4,8,9,0,1000,200,5,constant,ratio-half,0.29000000000000004,2,0,0,mixture/0.4/8/5/9
0.4,8,10,0,400,200,5,constant,stated,0.6784994344878064,1,0,0,mixture/0.4/8/5/10
0.4,8,10,0,400,200,5,constant,geomean,0.20790622886291782,6,0,0,mixture/0.4/8/5/10
0.4,8,10,0,400,200,5,constant,ratio,0.375,2,0,0,mixture/0.4/8/5/10
0.4,8,10,0,400,200,5,constant,ratio-half,0.375,2,0,0,mixture/0.4/8/5/10
0.4,8,10,0,1000,200,5,constant,stated,0.5395907397331495,2,0,0,mixture/0.4/8/5/10
0.4,8,10,0,1000,200,5,constant,geomean,0.15716233645501695,8,1,1,mixture/0.4/8/5/10
0.4,8,10,0,1000,200,5,constant,ratio,0.09599999999999997,8,1,1,mixture/0.4/8/5/10
0.4,8,10,0,1000,200,5,constant,ratio-half,0.09599999999999997,8,1,1,mixture/0.4/8/5/10
0.4,8,11,0,400,200,5,constant,stated,0.6784994344878064,1,0,0,mixture/0.4/8/5/11
0.4,8,11,0,400,200,5,constant,geomean,0.13416407864998744,7,0,0,mixture/0.4/8/5/11
0.4,8,11,0,400,200,5,constant,ratio,0.14500000000000002,6,0,0,mixture/0.4/8/5/11
0.4,8,11,0,400,200,5,constant,ratio-half,0.14500000000000002,6,0,0,mixture/0.4/8/5/11
0.4,8,11,0,1000,200,5,constant,stated,0.5395907397331495,1,0,0,mixture/0.4/8/5/11
0.4,8,11,0,1000,200,5,constant,geomean,0.10266450214168484,8,1,1,mixture/0.4/8/5/11
0.4,8,11,0,1000,200,5,constant,ratio,0.05599999999999994,8,1,1,mixture/0.4/8/5/11
0.4,8,11,0,1000,200,5,constant,ratio-half,0.05599999999999994,8,1,1,mixture/0.4/8/5/11
0.4,8,12,0,400,200,5,constant,stated,0.6784994344878064,1,0,0,mixture/0.4/8/5/12
0.4,8,12,0,400,200,5,constant,geomean,0.19352002480363634,7,0,0,mixture/0.4/8/5/12
0.4,8,12,0,400,200,5,constant,ratio,0.15000000000000002,7,0,0,mixture/0.4/8/5/12
0.4,8,12,0,400,200,5,constant,ratio-half,0.15000000000000002,7,0,0,mixture/0.4/8/5/12
0.4,8,12,0,1000,200,5,constant,stated,0.5395907397331495,1,0,0,mixture/0.4/8/5/12
0.4,8,12,0,1000,200,5,constant,geomean,0.1453272169966797,7,0,0,mixture/0.4/8/5/12
0.4,8,12,0,1000,200,5,constant,ratio,0.1419999999999999,7,0,0,mixture/0.4/8/5/12
0.4,8,12,0,1000,200,5,constant,ratio-half,0.1419999999999999,7,0,0,mixture/0.4/8/5/12
0.4,8,13,0,400,200,5,constant,stated,0.6784994344878064,1,0,0,mixture/0.4/8/5/13
0.4,8,13,0,400,200,5,constant,geomean,0.13124404748406682,7,0,0,mixture/0.4/8/5/13
0.4,8,13,0,400,200,5,constant,ratio,0.08000000000000007,9,0,0,mixture/0.4/8/5/13
0.4,8,13,0,400,200,5,constant,ratio-half,0.08000000000000007,9,0,0,mixture/0.4/8/5/13
0.4,8,13,0,1000,200,5,constant,stated,0.5395907397331495,1,0,0,mixture/0.4/8/5/13
0.4,8,13,0,1000,200,5,constant,geomean,0.09859006035092995,8,1,1,mixture/0.4/8/5/13
0.4,8,13,0,1000,200,5,constant,ratio,0.05800000000000005,8,1,1,mixture/0.4/8/5/13
0.4,8,13,0,1000,200,5,constant,ratio-half,0.05800000000000005,8,1,1,mixture/0.4/8/5/13
0.4,8,14,0,400,200,5,constant,stated,0.6784994344878064,1,0,0,mixture/0.4/8/5/14
0.4,8,14,0,400,200,5,constant,geomean,0.14491376746189433,8,1,1,mixture/0.4/8/5/14
0.4,8,14,0,400,200,5,constant,ratio,0.18500000000000005,6,0,0,mixture/0.4/8/5/14
0.4,8,14,0,400,200,5,constant,ratio-half,0.18500000000000005,6,0,0,mixture/0.4/8/5/14
0.4,8,14,0,1000,200,5,constant,stated,0.5395907397331495,1,0,0,mixture/0.4/8/5/14
0.4,8,14,0,1000,200,5,constant,geomean,0.11032678731840247,8,1,1,mixture/0.4/8/5/14
0.4,8,14,0,1000,200,5,constant,ratio,0.09200000000000008,8,1,1,mixture/0.4/8/5/14
0.4,8,14,0,1000,200,5,constant,ratio-half,0.09200000000000008,8,1,1,mixture/0.4/8/5/14
0.4,8,15,0,400,200,5,constant,stated,0.6784994344878064,1,0,0,mixture/0.4/8/5/15
0.4,8,15,0,400,200,5,constant,geomean,0.1136881700090208,8,1,1,mixture/0.4/8/5/15
0.4,8,15,0,400,200,5,constant,ratio,0.10999999999999999,8,1,1,mixture/0.4/8/5/15
0.4,8,15,0,400,200,5,constant,ratio-half,0.10999999999999999,8,1,1,mixture/0.4/8/5/15
0.4,8,15,0,1000,200,5,constant,stated,0.5395907397331495,1,0,0,mixture/0.4/8/5/15
0.4,8,15,0,1000,200,5,constant,geomean,0.08690224392960179,8,1,1,mixture/0.4/8/5/15
0.4,8,15,0,1000,200,5,constant,ratio,0.05799999999999994,8,1,1,mixture/0.4/8/5/15
0.4,8,15,0,1000,200,5,constant,ratio-half,0.05799999999999994,8,1,1,mixture/0.4/8/5/15
0.4,8,16,0,400,200,5,constant,stated,0.6784994344878064,1,0,0,mixture/0.4/8/5/16
0.4,8,16,0,400,200,5,constant,geomean,0.17705931209625764,7,0,0,mixture/0.4/8/5/16
0.4,8,16,0,400,200,5,constant,ratio,0.31500000000000006,2,0,0,mixture/0.4/8/5/16
0.4,8,16,0,400,200,5,constant,ratio-half,0.31500000000000006,2,0,0,mixture/0.4/8/5/16
0.4,8,16,0,1000,200,5,constant,stated,0.5395907397331495,2,0,0,mixture/0.4/8/5/16
0.4,8,16,0,1000,200,5,constant,geomean,0.13660161053223355,7,0,0,mixture/0.4/8/5/16
0.4,8,16,0,1000,200,5,constant,ratio,0.33000000000000007,2,0,0,mixture/0.4/8/5/16
0.4,8,16,0,1000,200,5,constant,ratio-half,0.33000000000000007,2,0,0,mixture/0.4/8/5/16
0.4,8,17,0,400,200,5,constant,stated,0.6784994344878064,2,0,0,mixture/0.4/8/5/17
0.4,8,17,0,400,200,5,constant,geomean,0.20712315177207968,7,0,0,mixture/0.4/8/5/17
0.4,8,17,0,400,200,5,constant,ratio,0.07500000000000007,8,1,1,mixture/0.4/8/5/17
0.4,8,17,0,400,200,5,constant,ratio-half,0.07500000000000007,8,1,1,mixture/0.4/8/5/17
0.4,8,17,0,1000,200,5,constant,stated,0.5395907397331495,2,0,0,mixture/0.4/8/5/17
0.4,8,17,0,1000,200,5,constant,geomean,0.16316862443496888,8,1,1,mixture/0.4/8/5/17
0.4,8,17,0,1000,200,5,constant,ratio,0.062000000000000055,8,1,1,mixture/0.4/8/5/17
0.4,8,17,0,1000,200,5,constant,ratio-half,0.062000000000000055,8,1,1,mixture/0.4/8/5/17
0.4,8,18,0,400,200,5,constant,stated,0.6784994344878064,1,0,0,mixture/0.4/8/5/18
0.4,8,18,0,400,200,5,constant,geomean,0.19442222095223588,7,0,0,mixture/0.4/8/5/18
0.4,8,18,0,400,200,5,constant,ratio,0.365,2,0,0,mixture/0.4/8/5/18
0.4,8,18,0,400,200,5,constant,ratio-half,0.365,2,0,0,mixture/0.4/8/5/18
0.4,8,18,0,1000,200,5,constant,stated,0.5395907397331495,2,0,0,mixture/0.4/8/5/18
0.4,8,18,0,1000,200,5,constant,geomean,0.16243152403397568,8,1,1,mixture/0.4/8/5/18
0.4,8,18,0,1000,200,5,constant,ratio,0.08799999999999997,8,1,1,mixture/0.4/8/5/18
0.4,8,18,0,1000,200,5,constant,ratio-half,0.08799999999999997,8,1,1,mixture/0.4/8/5/18
0.4,8,19,0,400,200,5,constant,stated,0.6784994344878064,1,0,0,mixture/0.4/8/5/19
0.4,8,19,0,400,200,5,constant,geomean,0.14594519519326418,7,0,0,mixture/0.4/8/5/19
0.4,8,19,0,400,200,5,constant,ratio,0.08499999999999996,8,1,1,mixture/0.4/8/5/19
0.4,8,19,0,400,200,5,constant,ratio-half,0.08499999999999996,8,1,1,mixture/0.4/8/5/19
0.4,8,19,0,1000,200,5,constant,stated,0.5395907397331495,1,0,0,mixture/0.4/8/5/19
0.4,8,19,0,1000,200,5,constant,geomean,0.10673331251301071,8,1,1,mixture/0.4/8/5/19
0.4,8,19,0,1000,200,5,constant,ratio,0.052000000000000046,8,1,1,mixture/0.4/8/5/19
0.4,8,19,0,1000,200,5,constant,ratio-half,0.052000000000000046,8,1,1,mixture/0.4/8/5/19
0.4,9,0,0,400,200,5,constant,stated,0.6784994344878064,1,0,0,mixture/0.4/9/5/0
0.4,9,0,0,400,200,5,constant,geomean,0.1691153452528777,9,1,1,mixture/0.4/9/5/0
0.4,9,0,0,400,200,5,constant,ratio,0.10000000000000009,9,1,1,mixture/0.4/9/5/0
0.4,9,0,0,400,200,5,constant,ratio-half,0.10000000000000009,9,1,1,mixture/0.4/9/5/0
0.4,9,0,0,1000,200,5,constant,stated,0.5395907397331495,2,0,0,mixture/0.4/9/5/0
0.4,9,0,0,1000,200,5,constant,geomean,0.13717142559585804,9,1,1,mixture/0.4/9/5/0
0.4,9,0,0,1000,200,5,constant,ratio,0.10000000000000009,9,1,1,mixture/0.4/9/5/0
0.4,9,0,0,1000,200,5,constant,ratio-half,0.10000000000000009,9,1,1,mixture/0.4/9/5/0
0.4,9,1,0,400,200,5,constant,stated,0.6784994344878064,1,0,0,mixture/0.4/9/5/1
0.4,9,1,0,400,200,5,constant,geomean,0.18466185312619396,9,1,1,mixture/0.4/9/5/1
0.4,9,1,0,400,200,5,constant,ratio,0.11499999999999999,9,1,1,mixture/0.4/9/5/1
0.4,9,1,0,400,200,5,constant,ratio-half,0.11499999999999999,9,1,1,mixture/0.4/9/5/1
0.4,9,1,0,1000,200,5,constant,stated,0.5395907397331495,2,0,0,mixture/0.4/9/5/1
0.4,9,1,0,1000,200,5,constant,geomean,0.14355486755941096,9,1,1,mixture/0.4/9/5/1
0.4,9,1,0,1000,200,5,constant,ratio,0.09400000000000008,9,1,1,mixture/0.4/9/5/1
0.4,9,1,0,1000,200,5,constant,ratio-half,0.09400000000000008,9,1,1,mixture/0.4/9/5/1
0.4,9,2,0,400,200,5,constant,stated,0.6784994344878064,1,0,0,mixture/0.4/9/5/2
0.4,9,2,0,400,200,5,constant,geomean,0.15779733838059506,14,0,0,mixture/0.4/9/5/2
0.4,9,2,0,400,200,5,constant,ratio,0.22999999999999998,2,0,0,mixture/0.4/9/5/2
0.4,9,2,0,400,200,5,constant,ratio-half,0.22999999999999998,2,0,0,mixture/0.4/9/5/2
0.4,9,2,0,1000,200,5,constant,stated,0.5395907397331495,1,0,0,mixture/0.4/9/5/2
0.4,9,2,0,1000,200,5,constant,geomean,0.11749042514179618,10,0,0,mixture/0.4/9/5/2
0.4,9,2,0,1000,200,5,constant,ratio,0.242,2,0,0,mixture/0.4/9/5/2
0.4,9,2,0,1000,200,5,constant,ratio-half,0.242,2,0,0,mixture/0.4/9/5/2
0.4,9,3,0,400,200,5,constant,stated,0.6784994344878064,1,0,0,mixture/0.4/9/5/3
0.4,9,3,0,400,200,5,constant,geomean,0.13416407864998744,8,0,0,mixture/0.4/9/5/3
0.4,9,3,0,400,200,5,constant,ratio,0.09499999999999997,9,1,1,mixture/0.4/9/5/3
0.4,9,3,0,400,200,5,constant,ratio-half,0.09499999999999997,9,1,1,mixture/0.4/9/5/3
0.4,9,3,0,1000,200,5,constant,stated,0.5395907397331495,1,0,0,mixture/0.4/9/5/3
0.4,9,3,0,1000,200,5,constant,geomean,0.10665833300778695,9,1,1,mixture/0.4/9/5/3
0.4,9,3,0,1000,200,5,constant,ratio,0.05800000000000005,9,1,1,mixture/0.4/9/5/3
0.4,9,3,0,1000,200,5,constant,ratio-half,0.05800000000000005,9,1,1,mixture/0.4/9/5/3
0.4,9,4,0,400,200,5,constant,stated,0.6784994344878064,1,0,0,mixture/0.4/9/5/4
0.4,9,4,0,400,200,5,constant,geomean,0.1800000000000001,7,0,0,mixture/0.4/9/5/4
0.4,9,4,0,400,200,5,constant,ratio,0.2300000000000002,4,0,0,mixture/0.4/9/5/4
0.4,9,4,0,400,200,5,constant,ratio-half,0.2300000000000002,4,0,0,mixture/0.4/9/5/4
0.4,9,4,0,1000,200,5,constant,stated,0.5395907397331495,2,0,0,mixture/0.4/9/5/4
0.4,9,4,0,1000,200,5,constant,geomean,0.1454922678357853,8,0,0,mixture/0.4/9/5/4
0.4,9,4,0,1000,200,5,constant,ratio,0.06400000000000006,9,1,1,mixture/0.4/9/5/4
0.4,9,4,0,1000,200,5,constant,ratio-half,0.06400000000000006,9,1,1,mixture/0.4/9/5/4
0.4,9,5,0,400,200,5,constant,stated,0.6784994344878064,1,0,0,mixture/0.4/9/5/5
0.4,9,5,0,400,200,5,constant,geomean,0.1641645515938203,9,1,0,mixture/0.4/9/5/5
0.4,9,5,0,400,200,5,constant,ratio,0.33499999999999996,2,0,0,mixture/0.4/9/5/5
0.4,9,5,0,400,200,5,constant,ratio-half,0.33499999999999996,2,0,0,mixture/0.4/9/5/5
0.4,9,5,0,1000,200,5,constant,stated,0.5395907397331495,1,0,0,mixture/0.4/9/5/5
0.4,9,5,0,1000,200,5,constant,geomean,0.12899612397277685,9,1,1,mixture/0.4/9/5/5
0.4,9,5,0,1000,200,5,constant,ratio,0.08400000000000002,9,1,1,mixture/0.4/9/5/5
0.4,9,5,0,1000,200,5,constant,ratio-half,0.08400000000000002,9,1,1,mixture/0.4/9/5/5
0.4,9,6,0,400,200,5,constant,stated,0.6784994344878064,1,0,0,mixture/0.4/9/5/6
0.4,9,6,0,400,200,5,constant,geomean,0.18973665961010266,5,0,0,mixture/0.4/9/5/6
0.4,9,6,0,400,200,5,constant,ratio,0.31500000000000006,2,0,0,mixture/0.4/9/5/6
0.4,9,6,0,400,200,5,constant,ratio-half,0.31500000000000006,2,0,0,mixture/0.4/9/5/6
0.4,9,6,0,1000,200,5,constant,stated,0.5395907397331495,2,0,0,mixture/0.4/9/5/6
0.4,9,6,0,1000,200,5,constant,geomean,0.14589036979869513,8,0,0,mixture/0.4/9/5/6
0.4,9,6,0,1000,200,5,constant,ratio,0.05400000000000005,9,1,1,mixture/0.4/9/5/6
0.4,9,6,0,1000,200,5,constant,ratio-half,0.05400000000000005,9,1,1,mixture/0.4/9/5/6
0.4,9,7,0,400,200,5,constant,stated,0.6784994344878064,1,0,0,mixture/0.4/9/5/7
0.4,9,7,0,400,200,5,constant,geomean,0.14071247279470295,8,0,0,mixture/0.4/9/5/7
0.4,9,7,0,400,200,5,constant,ratio,0.10499999999999998,8,0,0,mixture/0.4/9/5/7
0.4,9,7,0,400,200,5,constant,ratio-half,0.10499999999999998,8,0,0,mixture/0.4/9/5/7
0.4,9,7,0,1000,200,5,constant,stated,0.5395907397331495,1,0,0,mixture/0.4/9/5/7
0.4,9,7,0,1000,200,5,constant,geomean,0.10877499712709722,8,0,0,mixture/0.4/9/5/7
0.4,9,7,0,1000,200,5,constant,ratio,0.06799999999999995,8,0,0,mixture/0.4/9/5/7
0.4,9,7,0,1000,200,5,constant,ratio-half,0.06799999999999995,8,0,0,mixture/0.4/9/5/7
0.4,9,8,0,400,200,5,constant,stated,0.6784994344878064,1,0,0,mixture/0.4/9/5/8
0.4,9,8,0,400,200,5,constant,geomean,0.15874507866387538,10,0,0,mixture/0.4/9/5/8
0.4,9,8,0,400,200,5,constant,ratio,0.21000000000000008,4,0,0,mixture/0.4/9/5/8
0.4,9,8,0,400,200,5,constant,ratio-half,0.21000000000000008,4,0,0,mixture/0.4/9/5/8
0.4,9,8,0,1000,200,5,constant,stated,0.5395907397331495,1,0,0,mixture/0.4/9/5/8
0.4,9,8,0,1000,200,5,constant,geomean,0.129336769713798,9,1,1,mixture/0.4/9/5/8
0.4,9,8,0,1000,200,5,constant,ratio,0.07600000000000007,9,1,1,mixture/0.4/9/5/8
0.4,9,8,0,1000,200,5,constant,ratio-half,0.07600000000000007,9,1,1,mixture/0.4/9/5/8
0.4,9,9,0,400,200,5,constant,stated,0.6784994344878064,1,0,0,mixture/0.4/9/5/9
0.4,9,9,0,400,200,5,constant,geomean,0.19209372712298536,6,0,0,mixture/0.4/9/5/9
0.4,9,9,0,400,200,5,constant,ratio,0.30499999999999994,3,0,0,mixture/0.4/9/5/9
0.4,9,9,0,400,200,5,constant,ratio-half,0.30499999999999994,3,0,0,mixture/0.4/9/5/9
0.4,9,9,0,1000,200,5,constant,stated,0.5395907397331495,2,0,0,mixture/0.4/9/5/9
0.4,9,9,0,1000,200,5,constant,geomean,0.15047923444781325,7,0,0,mixture/0.4/9/5/9
0.4,9,9,0,1000,200,5,constant,ratio,0.06399999999999983,9,1,1,mixture/0.4/9/5/9
0.4,9,9,0,1000,200,5,constant,ratio-half,0.06399999999999983,9,1,1,mixture/0.4/9/5/9
0.4,9,10,0,400,200,5,constant,stated,0.6784994344878064,1,0,0,mixture/0.4/9/5/10
0.4,9,10,0,400,200,5,constant,geomean,0.14282856857085707,9,1,1,mixture/0.4/9/5/10
0.4,9,10,0,400,200,5,constant,ratio,0.09999999999999998,9,1,1,mixture/0.4/9/5/10
0.4,9,10,0,400,200,5,constant,ratio-half,0.09999999999999998,9,1,1,mixture/0.4/9/5/10
0.4,9,10,0,1000,200,5,constant,stated,0.5395907397331495,1,0,0,mixture/0.4/9/5/10
0.4,9,10,0,1000,200,5,constant,geomean,0.11216059914247967,9,1,1,mixture/0.4/9/5/10
0.4,9,10,0,1000,200,5,constant,ratio,0.062000000000000055,9,1,1,mixture/0.4/9/5/10
0.4,9,10,0,1000,200,5,constant,ratio-half,0.062000000000000055,9,1,1,mixture/0.4/9/5/10
0.4,9,11,0,400,200,5,constant,stated,0.6784994344878064,1,0,0,mixture/0.4/9/5/11
0.4,9,11,0,400,200,5,constant,geomean,0.12489995996796803,11,0,0,mixture/0.4/9/5/11
0.4,9,11,0,400,200,5,constant,ratio,0.12,11,0,0,mixture/0.4/9/5/11
0.4,9,11,0,400,200,5,constant,ratio-half,0.12,11,0,0,mixture/0.4/9/5/11
0.4,9,11,0,1000,200,5,constant,stated,0.5395907397331495,1,0,0,mixture/0.4/9/5/11
0.4,9,11,0,1000,200,5,constant,geomean,0.09931767214348114,10,0,0,mixture/0.4/9/5/11
0.4,9,11,0,1000,200,5,constant,ratio,0.10599999999999998,9,1,1,mixture/0.4/9/5/11
0.4,9,11,0,1000,200,5,constant,ratio-half,0.10599999999999998,9,1,1,mixture/0.4/9/5/11
0.4,9,12,0,400,200,5,constant,stated,0.6784994344878064,1,0,0,mixture/0.4/9/5/12
0.4,9,12,0,400,200,5,constant,geomean,0.12845232578665133,9,1,1,mixture/0.4/9/5/12
0.4,9,12,0,400,200,5,constant,ratio,0.10999999999999999,9,1,1,mixture/0.4/9/5/12
0.4,9,12,0,400,200,5,constant,ratio-half,0.10999999999999999,9,1,1,mixture/0.4/9/5/12
0.4,9,12,0,1000,200,5,constant,stated,0.5395907397331495,1,0,0,mixture/0.4/9/5/12
0.4,9,12,0,1000,200,5,constant,geomean,0.10430723848324243,9,1,1,mixture/0.4/9/5/12
0.4,9,12,0,1000,200,5,constant,ratio,0.07000000000000006,9,1,1,mixture/0.4/9/5/12
0.4,9,12,0,1000,200,5,constant,ratio-half,0.07000000000000006,9,1,1,mixture/0.4/9/5/12
0.4,9,13,0,400,200,5,constant,stated,0.6784994344878064,1,0,0,mixture/0.4/9/5/13
0.4,9,13,0,400,200,5,constant,geomean,0.15491933384829662,9,1,1,mixture/0.4/9/5/13
0.4,9,13,0,400,200,5,constant,ratio,0.1299999999999999,9,1,1,mixture/0.4/9/5/13
0.4,9,13,0,400,200,5,constant,ratio-half,0.1299999999999999,9,1,1,mixture/0.4/9/5/13
0.4,9,13,0,1000,200,5,constant,stated,0.5395907397331495,1,0,0,mixture/0.4/9/5/13
0.4,9,13,0,1000,200,5,constant,geomean,0.11665333257134154,9,1,1,mixture/0.4/9/5/13
0.4,9,13,0,1000,200,5,constant,ratio,0.08600000000000008,9,1,1,mixture/0.4/9/5/13
0.4,9,13,0,1000,200,5,constant,ratio-half,0.08600000000000008,9,1,1,mixture/0.4/9/5/13
0.4,9,14,0,400,200,5,constant,stated,0.6784994344878064,1,0,0,mixture/0.4/9/5/14
0.4,9,14,0,400,200,5,constant,geomean,0.1374772708486752,9,1,1,mixture/0.4/9/5/14
0.4,9,14,0,400,200,5,constant,ratio,0.16999999999999998,8,0,0,mixture/0.4/9/5/14
0.4,9,14,0,400,200,5,constant,ratio-half,0.16999999999999998,8,0,0,mixture/0.4/9/5/14
0.4,9,14,0,1000,200,5,constant,stated,0.5395907397331495,1,0,0,mixture/0.4/9/5/14
0.4,9,14,0,1000,200,5,constant,geomean,0.1106345334875147,9,1,1,mixture/0.4/9/5/14
0.4,9,14,0,1000,200,5,constant,ratio,0.066,9,1,1,mixture/0.4/9/5/14
0.4,9,14,0,1000,200,5,constant,ratio-half,0.066,9,1,1,mixture/0.4/9/5/14
0.4,9,15,0,400,200,5,constant,stated,0.6784994344878064,1,0,0,mixture/0.4/9/5/15
0.4,9,15,0,400,200,5,constant,geomean,0.14730919862656233,11,0,0,mixture/0.4/9/5/15
0.4,9,15,0,400,200,5,constant,ratio,0.19499999999999995,4,0,0,mixture/0.4/9/5/15
0.4,9,15,0,400,200,5,constant,ratio-half,0.19499999999999995,4,0,0,mixture/0.4/9/5/15
0.4,9,15,0,1000,200,5,constant,stated,0.5395907397331495,1,0,0,mixture/0.4/9/5/15
0.4,9,15,0,1000,200,5,constant,geomean,0.11095945205344164,9,1,0,mixture/0.4/9/5/15
0.4,9,15,0,1000,200,5,constant,ratio,0.126,8,0,0,mixture/0.4/9/5/15
0.4,9,15,0,1000,200,5,constant,ratio-half,0.126,8,0,0,mixture/0.4/9/5/15
0.4,9,16,0,400,200,5,constant,stated,0.6784994344878064,1,0,0,mixture/0.4/9/5/16
0.4,9,16,0,400,200,5,constant,geomean,0.1361983847187623,16,0,0,mixture/0.4/9/5/16
0.4,9,16,0,400,200,5,constant,ratio,0.18999999999999995,3,0,0,mixture/0.4/9/5/16
0.4,9,16,0,400,200,5,constant,ratio-half,0.18999999999999995,3,0,0,mixture/0.4/9/5/16
0.4,9,16,0,1000,200,5,constant,stated,0.5395907397331495,1,0,0,mixture/0.4/9/5/16
0.4,9,16,0,1000,200,5,constant,geomean,0.10990905331227274,9,1,1,mixture/0.4/9/5/16
0.4,9,16,0,1000,200,5,constant,ratio,0.09400000000000008,9,1,1,mixture/0.4/9/5/16
0.4,9,16,0,1000,200,5,constant,ratio-half,0.09400000000000008,9,1,1,mixture/0.4/9/5/16
0.4,9,17,0,400,200,5,constant,stated,0.6784994344878064,1,0,0,mixture/0.4/9/5/17
0.4,9,17,0,400,200,5,constant,geomean,0.12629330940315095,9,1,1,mixture/0.4/9/5/17
0.4,9,17,0,400,200,5,constant,ratio,0.08000000000000007,9,1,1,mixture/0.4/9/5/17
0.4,9,17,0,400,200,5,constant,ratio-half,0.08000000000000007,9,1,1,mixture/0.4/9/5/17
0.4,9,17,0,1000,200,5,constant,stated,0.5395907397331495,1,0,0,mixture/0.4/9/5/17
0.4,9,17,0,1000,200,5,constant,geomean,0.09533100230250384,9,1,1,mixture/0.4/9/5/17
0.4,9,17,0,1000,200,5,constant,ratio,0.05400000000000005,9,1,1,mixture/0.4/9/5/17
0.4,9,17,0,1000,200,5,constant,ratio-half,0.05400000000000005,9,1,1,mixture/0.4/9/5/17
0.4,9,18,0,400,200,5,constant,stated,0.6784994344878064,1,0,0,mixture/0.4/9/5/18
0.4,9,18,0,400,200,5,constant,geomean,0.12961481396815724,9,1,1,mixture/0.4/9/5/18
0.4,9,18,0,400,200,5,constant,ratio,0.10999999999999999,9,1,1,mixture/0.4/9/5/18
0.4,9,18,0,400,200,5,constant,ratio-half,0.10999999999999999,9,1,1,mixture/0.4/9/5/18
0.4,9,18,0,1000,200,5,constant,stated,0.5395907397331495,1,0,0,mixture/0.4/9/5/18
0.4,9,18,0,1000,200,5,constant,geomean,0.10031948963187566,9,1,1,mixture/0.4/9/5/18
0.4,9,18,0,1000,200,5,constant,ratio,0.06999999999999995,9,1,1,mixture/0.4/9/5/18
0.4,9,18,0,1000,200,5,constant,ratio-half,0.06999999999999995,9,1,1,mixture/0.4/9/5/18
0.4,9,19,0,400,200,5,constant,stated,0.6784994344878064,1,0,0,mixture/0.4/9/5/19
0.4,9,19,0,400,200,5,constant,geomean,0.12961481396815727,10,0,0,mixture/0.4/9/5/19
0.4,9,19,0,400,200,5,constant,ratio,0.22499999999999998,3,0,0,mixture/0.4/9/5/19
0.4,9,19,0,400,200,5,constant,ratio-half,0.22499999999999998,3,0,0,mixture/0.4/9/5/19
0.4,9,19,0,1000,200,5,constant,stated,0.5395907397331495,1,0,0,mixture/0.4/9/5/19
0.4,9,19,0,1000,200,5,constant,geomean,0.0989545350148239,9,1,1,mixture/0.4/9/5/19
0.4,9,19,0,1000,200,5,constant,ratio,0.06399999999999995,9,1,1,mixture/0.4/9/5/19
0.4,9,19,0,1000,200,5,constant,ratio-half,0.06399999999999995,9,1,1,mixture/0.4/9/5/19
0.4,10,0,0,400,200,5,constant,stated,0.6784994344878064,1,0,0,mixture/0.4/10/5/0
0.4,10,0,0,400,200,5,constant,geomean,0.14899664425751333,8,0,0,mixture/0.4/10/5/0
0.4,10,0,0,400,200,5,constant,ratio,0.26,2,0,0,mixture/0.4/10/5/0
0.4,10,0,0,400,200,5,constant,ratio-half,0.26,2,0,0,mixture/0.4/10/5/0
0.4,10,0,0,1000,200,5,constant,stated,0.5395907397331495,1,0,0,mixture/0.4/10/5/0
0.4,10,0,0,1000,200,5,constant,geomean,0.11155267813907441,10,1,1,mixture/0.4/10/5/0
0.4,10,0,0,1000,200,5,constant,ratio,0.06400000000000006,10,1,1,mixture/0.4/10/5/0
0.4,10,0,0,1000,200,5,constant,ratio-half,0.06400000000000006,10,1,1,mixture/0.4/10/5/0
0.4,10,1,0,400,200,5,constant,stated,0.6784994344878064,1,0,0,mixture/0.4/10/5/1
0.4,10,1,0,400,200,5,constant,geomean,0.15874507866387536,10,1,1,mixture/0.4/10/5/1
0.4,10,1,0,400,200,5,constant,ratio,0.09499999999999997,10,1,1,mixture/0.4/10/5/1
0.4,10,1,0,400,200,5,constant,ratio-half,0.09499999999999997,10,1,1,mixture/0.4/10/5/1
0.4,10,1,0,1000,200,5,constant,stated,0.5395907397331495,1,0,0,mixture/0.4/10/5/1
0.4,10,1,0,1000,200,5,constant,geomean,0.12119405926034499,10,1,1,mixture/0.4/10/5/1
0.4,10,1,0,1000,200,5,constant,ratio,0.05399999999999994,10,1,1,mixture/0.4/10/5/1
0.4,10,1,0,1000,200,5,constant,ratio-half,0.05399999999999994,10,1,1,mixture/0.4/10/5/1
0.4,10,2,0,400,200,5,constant,stated,0.6784994344878064,1,0,0,mixture/0.4/10/5/2
0.4,10,2,0,400,200,5,constant,geomean,0.15921683328090652,10,1,1,mixture/0.4/10/5/2
0.4,10,2,0,400,200,5,constant,ratio,0.10499999999999998,11,0,0,mixture/0.4/10/5/2
0.4,10,2,0,400,200,5,constant,ratio-half,0.10499999999999998,11,0,0,mixture/0.4/10/5/2
0.4,10,2,0,1000,200,5,constant,stated,0.5395907397331495,1,0,0,mixture/0.4/10/5/2
0.4,10,2,0,1000,200,5,constant,geomean,0.1181862936215533,10,1,1,mixture/0.4/10/5/2
0.4,10,2,0,1000,200,5,constant,ratio,0.06999999999999995,10,1,1,mixture/0.4/10/5/2
0.4,10,2,0,1000,200,5,constant,ratio-half,0.06999999999999995,10,1,1,mixture/0.4/10/5/2
0.4,10,3,0,400,200,5,constant,stated,0.6784994344878064,1,0,0,mixture/0.4/10/5/3
0.4,10,3,0,400,200,5,constant,geomean,0.15099668870541494,10,1,1,mixture/0.4/10/5/3
0.4,10,3,0,400,200,5,constant,ratio,0.14,10,1,1,mixture/0.4/10/5/3
0.4,10,3,0,400,200,5,constant,ratio-half,0.14,10,1,1,mixture/0.4/10/5/3
0.4,10,3,0,1000,200,5,constant,stated,0.5395907397331495,1,0,0,mixture/0.4/10/5/3
0.4,10,3,0,1000,200,5,constant,geomean,0.11691022196540372,10,1,1,mixture/0.4/10/5/3
0.4,10,3,0,1000,200,5,constant,ratio,0.08800000000000008,10,1,1,mixture/0.4/10/5/3
0.4,10,3,0,1000,200,5,constant,ratio-half,0.08800000000000008,10,1,1,mixture/0.4/10/5/3
0.4,10,4,0,400,200,5,constant,stated,0.6784994344878064,1,0,0,mixture/0.4/10/5/4
0.4,10,4,0,400,200,5,constant,geomean,0.12409673645990861,14,0,0,mixture/0.4/10/5/4
0.4,10,4,0,400,200,5,constant,ratio,0.16500000000000004,10,1,1,mixture/0.4/10/5/4
0.4,10,4,0,400,200,5,constant,ratio-half,0.16500000000000004,10,1,1,mixture/0.4/10/5/4
0.4,10,4,0,1000,200,5,constant,stated,0.5395907397331495,1,0,0,mixture/0.4/10/5/4
0.4,10,4,0,1000,200,5,constant,geomean,0.11865917579353065,10,1,1,mixture/0.4/10/5/4
0.4,10,4,0,1000,200,5,constant,ratio,0.10799999999999998,10,1,1,mixture/0.4/10/5/4
0.4,10,4,0,1000,200,5,constant,ratio-half,0.10799999999999998,10,1,1,mixture/0.4/10/5/4
0.4,10,5,0,400,200,5,constant,stated,0.6784994344878064,1,0,0,mixture/0.4/10/5/5
0.4,10,5,0,400,200,5,constant,geomean,0.15540270267920048,8,0,0,mixture/0.4/10/5/5
0.4,10,5,0,400,200,5,constant,ratio,0.22999999999999998,2,0,0,mixture/0.4/10/5/5
0.4,10,5,0,400,200,5,constant,ratio-half,0.22999999999999998,2,0,0,mixture/0.4/10/5/5
0.4,10,5,0,1000,200,5,constant,stated,0.5395907397331495,1,0,0,mixture/0.4/10/5/5
0.4,10,5,0,1000,200,5,constant,geomean,0.11966620241321262,10,1,1,mixture/0.4/10/5/5
0.4,10,5,0,1000,200,5,constant,ratio,0.06000000000000005,10,1,1,mixture/0.4/10/5/5
0.4,10,5,0,1000,200,5,constant,ratio-half,0.06000000000000005,10,1,1,mixture/0.4/10/5/5
0.4,10,6,0,400,200,5,constant,stated,0.6784994344878064,2,0,0,mixture/0.4/10/5/6
0.4,10,6,0,400,200,5,constant,geomean,0.2155806113731009,8,0,0,mixture/0.4/10/5/6
0.4,10,6,0,400,200,5,constant,ratio,0.33000000000000007,3,0,0,mixture/0.4/10/5/6
0.4,10,6,0,400,200,5,constant,ratio-half,0.33000000000000007,3,0,0,mixture/0.4/10/5/6
0.4,10,6,0,1000,200,5,constant,stated,0.5395907397331495,3,0,0,mixture/0.4/10/5/6
0.4,10,6,0,1000,200,5,constant,geomean,0.16402438843050146,8,0,0,mixture/0.4/10/5/6
0.4,10,6,0,1000,200,5,constant,ratio,0.33399999999999996,3,0,0,mixture/0.4/10/5/6
0.4,10,6,0,1000,200,5,constant,ratio-half,0.33399999999999996,3,0,0,mixture/0.4/10/5/6
0.4,10,7,0,400,200,5,constant,stated,0.6784994344878064,1,0,0,mixture/0.4/10/5/7
0.4,10,7,0,400,200,5,constant,geomean,0.20554804791094458,6,0,0,mixture/0.4/10/5/7
0.4,10,7,0,400,200,5,constant,ratio,0.3600000000000001,2,0,0,mixture/0.4/10/5/7
0.4,10,7,0,400,200,5,constant,ratio-half,0.3600000000000001,2,0,0,mixture/0.4/10/5/7
0.4,10,7,0,1000,200,5,constant,stated,0.5395907397331495,2,0,0,mixture/0.4/10/5/7
0.4,10,7,0,1000,200,5,constant,geomean,0.15537052487521572,9,0,0,mixture/0.4/10/5/7
0.4,10,7,0,1000,200,5,constant,ratio,0.064,10,1,1,mixture/0.4/10/5/7
0.4,10,7,0,1000,200,5,constant,ratio-half,0.064,10,1,1,mixture/0.4/10/5/7
0.4,10,8,0,400,200,5,constant,stated,0.6784994344878064,1,0,0,mixture/0.4/10/5/8
0.4,10,8,0,400,200,5,constant,geomean,0.14696938456699077,9,0,0,mixture/0.4/10/5/8
0.4,10,8,0,400,200,5,constant,ratio,0.2250000000000001,2,0,0,mixture/0.4/10/5/8
0.4,10,8,0,400,200,5,constant,ratio-half,0.2250000000000001,2,0,0,mixture/0.4/10/5/8
0.4,10,8,0,1000,200,5,constant,stated,0.5395907397331495,1,0,0,mixture/0.4/10/5/8
0.4,10,8,0,1000,200,5,constant,geomean,0.12784365451597515,9,0,0,mixture/0.4/10/5/8
0.4,10,8,0,1000,200,5,constant,ratio,0.22599999999999998,2,0,0,mixture/0.4/10/5/8
0.4,10,8,0,1000,200,5,constant,ratio-half,0.22599999999999998,2,0,0,mixture/0.4/10/5/8
0.4,10,9,0,400,200,5,constant,stated,0.6784994344878064,1,0,0,mixture/0.4/10/5/9
0.4,10,9,0,400,200,5,constant,geomean,0.13416407864998744,13,0,0,mixture/0.4/10/5/9
0.4,10,9,0,400,200,5,constant,ratio,0.235,3,0,0,mixture/0.4/10/5/9
0.4,10,9,0,400,200,5,constant,ratio-half,0.235,3,0,0,mixture/0.4/10/5/9
0.4,10,9,0,1000,200,5,constant,stated,0.5395907397331495,1,0,0,mixture/0.4/10/5/9
0.4,10,9,0,1000,200,5,constant,geomean,0.1066583330077871,10,1,1,mixture/0.4/10/5/9
0.4,10,9,0,1000,200,5,constant,ratio,0.08599999999999997,10,1,1,mixture/0.4/10/5/9
0.4,10,9,0,1000,200,5,constant,ratio-half,0.08599999999999997,10,1,1,mixture/0.4/10/5/9
0.4,10,10,0,400,200,5,constant,stated,0.6784994344878064,1,0,0,mixture/0.4/10/5/10
0.4,10,10,0,400,200,5,constant,geomean,0.1459451951932643,9,0,0,mixture/0.4/10/5/10
0.4,10,10,0,400,200,5,constant,ratio,0.1150000000000001,9,0,0,mixture/0.4/10/5/10
0.4,10,10,0,400,200,5,constant,ratio-half,0.1150000000000001,9,0,0,mixture/0.4/10/5/10
0.4,10,10,0,1000,200,5,constant,stated,0.5395907397331495,1,0,0,mixture/0.4/10/5/10
0.4,10,10,0,1000,200,5,constant,geomean,0.11720068259186896,10,1,1,mixture/0.4/10/5/10
0.4,10,10,0,1000,200,5,constant,ratio,0.07800000000000007,10,1,1,mixture/0.4/10/5/10
0.4,10,10,0,1000,200,5,constant,ratio-half,0.07800000000000007,10,1,1,mixture/0.4/10/5/10
0.4,10,11,0,400,200,5,constant,stated,0.6784994344878064,1,0,0,mixture/0.4/10/5/11
0.4,10,11,0,400,200,5,constant,geomean,0.16224980739587944,10,1,0,mixture/0.4/10/5/11
0.4,10,11,0,400,200,5,constant,ratio,0.275,3,0,0,mixture/0.4/10/5/11
0.4,10,11,0,400,200,5,constant,ratio-half,0.275,3,0,0,mixture/0.4/10/5/11
0.4,10,11,0,1000,200,5,constant,stated,0.5395907397331495,1,0,0,mixture/0.4/10/5/11
0.4,10,11,0,1000,200,5,constant,geomean,0.13914021704740837,10,1,1,mixture/0.4/10/5/11
0.4,10,11,0,1000,200,5,constant,ratio,0.08399999999999985,10,1,1,mixture/0.4/10/5/11
0.4,10,11,0,1000,200,5,constant,ratio-half,0.08399999999999985,10,1,1,mixture/0.4/10/5/11
0.4,10,12,0,400,200,5,constant,stated,0.6784994344878064,2,0,0,mixture/0.4/10/5/12
0.4,10,12,0,400,200,5,constant,geomean,0.2097617696340304,9,0,0,mixture/0.4/10/5/12
0.4,10,12,0,400,200,5,constant,ratio,0.425,2,0,0,mixture/0.4/10/5/12
0.4,10,12,0,400,200,5,constant,ratio-half,0.425,2,0,0,mixture/0.4/10/5/12
0.4,10,12,0,1000,200,5,constant,stated,0.5395907397331495,2,0,0,mixture/0.4/10/5/12
0.4,10,12,0,1000,200,5,constant,geomean,0.16079800993793433,9,0,0,mixture/0.4/10/5/12
0.4,10,12,0,1000,200,5,constant,ratio,0.08000000000000007,10,1,1,mixture/0.4/10/5/12
0.4,10,12,0,1000,200,5,constant,ratio-half,0.08000000000000007,10,1,1,mixture/0.4/10/5/12
0.4,10,13,0,400,200,5,constant,stated,0.6784994344878064,2,0,0,mixture/0.4/10/5/13
0.4,10,13,0,400,200,5,constant,geomean,0.22062411472910218,6,0,0,mixture/0.4/10/5/13
0.4,10,13,0,400,200,5,constant,ratio,0.51,2,0,0,mixture/0.4/10/5/13
0.4,10,13,0,400,200,5,constant,ratio-half,0.51,2,0,0,mixture/0.4/10/5/13
0.4,10,13,0,1000,200,5,constant,stated,0.5395907397331495,2,0,0,mixture/0.4/10/5/13
0.4,10,13,0,1000,200,5,constant,geomean,0.17045820602130018,10,1,1,mixture/0.4/10/5/13
0.4,10,13,0,1000,200,5,constant,ratio,0.08200000000000007,10,1,1,mixture/0.4/10/5/13
0.4,10,13,0,1000,200,5,constant,ratio-half,0.08200000000000007,10,1,1,mixture/0.4/10/5/13
0.4,10,14,0,400,200,5,constant,stated,0.6784994344878064,1,0,0,mixture/0.4/10/5/14
0.4,10,14,0,400,200,5,constant,geomean,0.13369741957120945,9,0,0,mixture/0.4/10/5/14
0.4,10,14,0,400,200,5,constant,ratio,0.09999999999999998,9,0,0,mixture/0.4/10/5/14
0.4,10,14,0,400,200,5,constant,ratio-half,0.09999999999999998,9,0,0,mixture/0.4/10/5/14
0.4,10,14,0,1000,200,5,constant,stated,0.5395907397331495,1,0,0,mixture/0.4/10/5/14
0.4,10,14,0,1000,200,5,constant,geomean,0.10430723848324243,9,0,0,mixture/0.4/10/5/14
0.4,10,14,0,1000,200,5,constant,ratio,0.08799999999999997,9,0,0,mixture/0.4/10/5/14
0.4,10,14,0,1000,200,5,constant,ratio-half,0.08799999999999997,9,0,0,mixture/0.4/10/5/14
0.4,10,15,0,400,200,5,constant,stated,0.6784994344878064,1,0,0,mixture/0.4/10/5/15
0.4,10,15,0,400,200,5,constant,geomean,0.17492855684535907,9,0,0,mixture/0.4/10/5/15
0.4,10,15,0,400,200,5,constant,ratio,0.34500000000000003,2,0,0,mixture/0.4/10/5/15
0.4,10,15,0,400,200,5,constant,ratio-half,0.34500000000000003,2,0,0,mixture/0.4/10/5/15
0.4,10,15,0,1000,200,5,constant,stated,0.5395907397331495,1,0,0,mixture/0.4/10/5/15
0.4,10,15,0,1000,200,5,constant,geomean,0.13142298124757337,10,1,1,mixture/0.4/10/5/15
0.4,10,15,0,1000,200,5,constant,ratio,0.05800000000000005,11,0,0,mixture/0.4/10/5/15
0.4,10,15,0,1000,200,5,constant,ratio-half,0.05800000000000005,11,0,0,mixture/0.4/10/5/15
0.4,10,16,0,400,200,5,constant,stated,0.6784994344878064,1,0,0,mixture/0.4/10/5/16
0.4,10,16,0,400,200,5,constant,geomean,0.10723805294763612,10,1,1,mixture/0.4/10/5/16
0.4,10,16,0,400,200,5,constant,ratio,0.07499999999999996,10,1,1,mixture/0.4/10/5/16
0.4,10,16,0,400,200,5,constant,ratio-half,0.07499999999999996,10,1,1,mixture/0.4/10/5/16
0.4,10,16,0,1000,200,5,constant,stated,0.5395907397331495,1,0,0,mixture/0.4/10/5/16
0.4,10,16,0,1000,200,5,constant,geomean,0.08342661445845688,10,1,1,mixture/0.4/10/5/16
0.4,10,16,0,1000,200,5,constant,ratio,0.052000000000000046,10,1,1,mixture/0.4/10/5/16
0.4,10,16,0,1000,200,5,constant,ratio-half,0.052000000000000046,10,1,1,mixture/0.4/10/5/16
0.4,10,17,0,400,200,5,constant,stated,0.6784994344878064,1,0,0,mixture/0.4/10/5/17
0.4,10,17,0,400,200,5,constant,geomean,0.1251998402554892,11,0,0,mixture/0.4/10/5/17
0.4,10,17,0,400,200,5,constant,ratio,0.11499999999999999,11,0,0,mixture/0.4/10/5/17
0.4,10,17,0,400,200,5,constant,ratio-half,0.11499999999999999,11,0,0,mixture/0.4/10/5/17
0.4,10,17,0,1000,200,5,constant,stated,0.5395907397331495,1,0,0,mixture/0.4/10/5/17
0.4,10,17,0,1000,200,5,constant,geomean,0.09666436778875663,11,0,0,mixture/0.4/10/5/17
0.4,10,17,0,1000,200,5,constant,ratio,0.07199999999999995,11,0,0,mixture/0.4/10/5/17
0.4,10,17,0,1000,200,5,constant,ratio-half,0.07199999999999995,11,0,0,mixture/0.4/10/5/17
0.4,10,18,0,400,200,5,constant,stated,0.6784994344878064,1,0,0,mixture/0.4/10/5/18
0.4,10,18,0,400,200,5,constant,geomean,0.17058722109231989,8,0,0,mixture/0.4/10/5/18
0.4,10,18,0,400,200,5,constant,ratio,0.31500000000000006,2,0,0,mixture/0.4/10/5/18
0.4,10,18,0,400,200,5,constant,ratio-half,0.31500000000000006,2,0,0,mixture/0.4/10/5/18
0.4,10,18,0,1000,200,5,constant,stated,0.5395907397331495,2,0,0,mixture/0.4/10/5/18
0.4,10,18,0,1000,200,5,constant,geomean,0.13847743498491016,9,0,0,mixture/0.4/10/5/18
0.4,10,18,0,1000,200,5,constant,ratio,0.052000000000000046,10,1,1,mixture/0.4/10/5/18
0.4,10,18,0,1000,200,5,constant,ratio-half,0.052000000000000046,10,1,1,mixture/0.4/10/5/18
0.4,10,19,0,400,200,5,constant,stated,0.6784994344878064,1,0,0,mixture/0.4/10/5/19
0.4,10,19,0,400,200,5,constant,geomean,0.15874507866387538,8,0,0,mixture/0.4/10/5/19
0.4,10,19,0,400,200,5,constant,ratio,0.15000000000000002,8,0,0,mixture/0.4/10/5/19
0.4,10,19,0,400,200,5,constant,ratio-half,0.15000000000000002,8,0,0,mixture/0.4/10/5/19
0.4,10,19,0,1000,200,5,constant,stated,0.5395907397331495,1,0,0,mixture/0.4/10/5/19
0.4,10,19,0,1000,200,5,constant,geomean,0.11632712495372699,10,1,1,mixture/0.4/10/5/19
0.4,10,19,0,1000,200,5,constant,ratio,0.14600000000000002,7,0,0,mixture/0.4/10/5/19
0.4,10,19,0,1000,200,5,constant,ratio-half,0.14600000000000002,7,0,0,mixture/0.4/10/5/19
0.5,2,0,0,400,200,5,constant,stated,0.6784994344878064,1,0,0,mixture/0.5/2/5/0
0.5,2,0,0,400,200,5,constant,geomean,0.1248999599679679,2,1,1,mixture/0.5/2/5/0
0.5,2,0,0,400,200,5,constant,ratio,0.08500000000000008,2,1,1,mixture/0.5/2/5/0
0.5,2,0,0,400,200,5,constant,ratio-half,0.08500000000000008,2,1,1,mixture/0.5/2/5/0
0.5,2,0,0,1000,200,5,constant,stated,0.5395907397331495,1,0,0,mixture/0.5/2/5/0
0.5,2,0,0,1000,200,5,constant,geomean,0.09757048734120378,2,1,1,mixture/0.5/2/5/0
0.5,2,0,0,1000,200,5,constant,ratio,0.04800000000000004,2,1,1,mixture/0.5/2/5/0
0.5,2,0,0,1000,200,5,constant,ratio-half,0.04800000000000004,2,1,1,mixture/0.5/2/5/0
0.5,2,1,0,400,200,5,constant,stated,0.6784994344878064,1,0,0,mixture/0.5/2/5/1
0.5,2,1,0,400,200,5,constant,geomean,0.10816653826391974,2,1,1,mixture/0.5/2/5/1
0.5,2,1,0,400,200,5,constant,ratio,0.09499999999999997,2,1,1,mixture/0.5/2/5/1
0.5,2,1,0,400,200,5,constant,ratio-half,0.09499999999999997,2,1,1,mixture/0.5/2/5/1
0.5,2,1,0,1000,200,5,constant,stated,0.5395907397331495,1,0,0,mixture/0.5/2/5/1
0.5,2,1,0,1000,200,5,constant,geomean,0.0822435407798084,2,1,1,mixture/0.5/2/5/1
0.5,2,1,0,1000,200,5,constant,ratio,0.05800000000000005,2,1,1,mixture/0.5/2/5/1
0.5,2,1,0,1000,200,5,constant,ratio-half,0.05800000000000005,2,1,1,mixture/0.5/2/5/1
0.5,2,2,0,400,200,5,constant,stated,0.6784994344878064,1,0,0,mixture/0.5/2/5/2
0.5,2,2,0,400,200,5,constant,geomean,0.1284523257866512,2,1,1,mixture/0.5/2/5/2
0.5,2,2,0,400,200,5,constant,ratio,0.07000000000000006,2,1,1,mixture/0.5/2/5/2
0.5,2,2,0,400,200,5,constant,ratio-half,0.07000000000000006,2,1,1,mixture/0.5/2/5/2
0.5,2,2,0,1000,200,5,constant,stated,0.5395907397331495,1,0,0,mixture/0.5/2/5/2
0.5,2,2,0,1000,200,5,constant,geomean,0.09318798205777398,2,1,1,mixture/0.5/2/5/2
0.5,2,2,0,1000,200,5,constant,ratio,0.03400000000000003,2,1,1,mixture/0.5/2/5/2
0.5,2,2,0,1000,200,5,constant,ratio-half,0.03400000000000003,2,1,1,mixture/0.5/2/5/2
0.5,2,3,0,400,200,5,constant,stated,0.6784994344878064,1,0,0,mixture/0.5/2/5/3
0.5,2,3,0,400,200,5,constant,geomean,0.1154339638061519,2,1,1,mixture/0.5/2/5/3
0.5,2,3,0,400,200,5,constant,ratio,0.08499999999999996,2,1,1,mixture/0.5/2/5/3
0.5,2,3,0,400,200,5,constant,ratio-half,0.08499999999999996,2,1,1,mixture/0.5/2/5/3
0.5,2,3,0,1000,200,5,constant,stated,0.5395907397331495,1,0,0,mixture/0.5/2/5/3
0.5,2,3,0,1000,200,5,constant,geomean,0.08777243302996679,2,1,1,mixture/0.5/2/5/3
0.5,2,3,0,1000,200,5,constant,ratio,0.04800000000000004,2,1,1,mixture/0.5/2/5/3
0.5,2,3,0,1000,200,5,constant,ratio-half,0.04800000000000004,2,1,1,mixture/0.5/2/5/3
0.5,2,4,0,400,200,5,constant,stated,0.6784994344878064,1,0,0,mixture/0.5/2/5/4
0.5,2,4,0,400,200,5,constant,geomean,0.17628102563804202,2,1,1,mixture/0.5/2/5/4
0.5,2,4,0,400,200,5,constant,ratio,0.1050000000000001,2,1,1,mixture/0.5/2/5/4
0.5,2,4,0,400,200,5,constant,ratio-half,0.1050000000000001,2,1,1,mixture/0.5/2/5/4
0.5,2,4,0,1000,200,5,constant,stated,0.5395907397331495,2,1,1,mixture/0.5/2/5/4
0.5,2,4,0,1000,200,5,constant,geomean,0.1348183963708218,2,1,1,mixture/0.5/2/5/4
0.5,2,4,0,1000,200,5,constant,ratio,0.05600000000000005,2,1,1,mixture/0.5/2/5/4
0.5,2,4,0,1000,200,5,constant,ratio-half,0.05600000000000005,2,1,1,mixture/0.5/2/5/4
0.5,2,5,0,400,200,5,constant,stated,0.6784994344878064,1,0,0,mixture/0.5/2/5/5
0.5,2,5,0,400,200,5,constant,geomean,0.14594519519326432,2,1,1,mixture/0.5/2/5/5
0.5,2,5,0,400,200,5,constant,ratio,0.11499999999999999,2,1,1,mixture/0.5/2/5/5
0.5,2,5,0,400,200,5,constant,ratio-half,0.11499999999999999,2,1,1,mixture/0.5/2/5/5
0.5,2,5,0,1000,200,5,constant,stated,0.5395907397331495,1,0,0,mixture/0.5/2/5/5
0.5,2,5,0,1000,200,5,constant,geomean,0.12173742234826566,2,1,1,mixture/0.5/2/5/5
0.5,2,5,0,1000,200,5,constant,ratio,0.05599999999999994,2,1,1,mixture/0.5/2/5/5
0.5,2,5,0,1000,200,5,constant,ratio-half,0.05599999999999994,2,1,1,mixture/0.5/2/5/5
0.5,2,6,0,400,200,5,constant,stated,0.6784994344878064,1,0,0,mixture/0.5/2/5/6
0.5,2,6,0,400,200,5,constant,geomean,0.15402921800749358,2,1,1,mixture/0.5/2/5/6
0.5,2,6,0,400,200,5,constant,ratio,0.10999999999999999,2,1,1,mixture/0.5/2/5/6
0.5,2,6,0,400,200,5,constant,ratio-half,0.10999999999999999,2,1,1,mixture/0.5/2/5/6
0.5,2,6,0,1000,200,5,constant,stated,0.5395907397331495,1,0,0,mixture/0.5/2/5/6
0.5,2,6,0,1000,200,5,constant,geomean,0.1175755076535926,2,1,1,mixture/0.5/2/5/6
0.5,2,6,0,1000,200,5,constant,ratio,0.05600000000000005,2,1,1,mixture/0.5/2/5/6
0.5,2,6,0,1000,200,5,constant,ratio-half,0.05600000000000005,2,1,1,mixture/0.5/2/5/6
0.5,2,7,0,400,200,5,constant,stated,0.6784994344878064,1,0,0,mixture/0.5/2/5/7
0.5,2,7,0,400,200,5,constant,geomean,0.15083103128998365,2,1,1,mixture/0.5/2/5/7
0.5,2,7,0,400,200,5,constant,ratio,0.13,2,1,1,mixture/0.5/2/5/7
0.5,2,7,0,400,200,5,constant,ratio-half,0.13,2,1,1,mixture/0.5/2/5/7
0.5,2,7,0,1000,200,5,constant,stated,0.5395907397331495,1,0,0,mixture/0.5/2/5/7
0.5,2,7,0,1000,200,5,constant,geomean,0.12617448236470008,2,1,1,mixture/0.5/2/5/7
0.5,2,7,0,1000,200,5,constant,ratio,0.06999999999999995,2,1,1,mixture/0.5/2/5/7
0.5,2,7,0,1000,200,5,constant,ratio-half,0.06999999999999995,2,1,1,mixture/0.5/2/5/7
0.5,2,8,0,400,200,5,constant,stated,0.6784994344878064,1,0,0,mixture/0.5/2/5/8
0.5,2,8,0,400,200,5,constant,geomean,0.1272792206135785,2,1,1,mixture/0.5/2/5/8
0.5,2,8,0,400,200,5,constant,ratio,0.10499999999999998,2,1,1,mixture/0.5/2/5/8
0.5,2,8,0,400,200,5,constant,ratio-half,0.10499999999999998,2,1,1,mixture/0.5/2/5/8
0.5,2,8,0,1000,200,5,constant,stated,0.5395907397331495,1,0,0,mixture/0.5/2/5/8
0.5,2,8,0,1000,200,5,constant,geomean,0.09121403400793109,2,1,1,mixture/0.5/2/5/8
0.5,2,8,0,1000,200,5,constant,ratio,0.07600000000000007,2,1,1,mixture/0.5/2/5/8
0.5,2,8,0,1000,200,5,constant,ratio-half,0.07600000000000007,2,1,1,mixture/0.5/2/5/8
0.5,2,9,0,400,200,5,constant,stated,0.6784994344878064,1,0,0,mixture/0.5/2/5/9
0.5,2,9,0,400,200,5,constant,geomean,0.12961481396815724,2,1,1,mixture/0.5/2/5/9
0.5,2,9,0,400,200,5,constant,ratio,0.07500000000000007,2,1,1,mixture/0.5/2/5/9
0.5,2,9,0,400,200,5,constant,ratio-half,0.07500000000000007,2,1,1,mixture/0.5/2/5/9
0.5,2,9,0,1000,200,5,constant,stated,0.5395907397331495,1,0,0,mixture/0.5/2/5/9
0.5,2,9,0,1000,200,5,constant,geomean,0.09397872099576589,2,1,1,mixture/0.5/2/5/9
0.5,2,9,0,1000,200,5,constant,ratio,0.04200000000000004,2,1,1,mixture/0.5/2/5/9
0.5,2,9,0,1000,200,5,constant,ratio-half,0.04200000000000004,2,1,1,mixture/0.5/2/5/9
0.5,2,10,0,400,200,5,constant,stated,0.6784994344878064,1,0,0,mixture/0.5/2/5/10
0.5,2,10,0,400,200,5,constant,geomean,0.10747092630102345,2,1,1,mixture/0.5/2/5/10
0.5,2,10,0,400,200,5,constant,ratio,0.07000000000000006,2,1,1,mixture/0.5/2/5/10
0.5,2,10,0,400,200,5,constant,ratio-half,0.07000000000000006,2,1,1,mixture/0.5/2/5/10
0.5,2,10,0,1000,200,5,constant,stated,0.5395907397331495,1,0,0,mixture/0.5/2/5/10
0.5,2,10,0,1000,200,5,constant,geomean,0.08616263691415212,2,1,1,mixture/0.5/2/5/10
0.5,2,10,0,1000,200,5,constant,ratio,0.050000000000000044,2,1,1,mixture/0.5/2/5/10
0.5,2,10,0,1000,200,5,constant,ratio-half,0.050000000000000044,2,1,1,mixture/0.5/2/5/10
0.5,2,11,0,400,200,5,constant,stated,0.6784994344878064,1,0,0,mixture/0.5/2/5/11
0.5,2,11,0,400,200,5,constant,geomean,0.12999999999999992,2,1,1,mixture/0.5/2/5/11
0.5,2,11,0,400,200,5,constant,ratio,0.08999999999999997,2,1,1,mixture/0.5/2/5/11
0.5,2,11,0,400,200,5,constant,ratio-half,0.08999999999999997,2,1,1,mixture/0.5/2/5/11
0.5,2,11,0,1000,200,5,constant,stated,0.5395907397331495,1,0,0,mixture/0.5/2/5/11
0.5,2,11,0,1000,200,5,constant,geomean,0.0989545350148239,2,1,1,mixture/0.5/2/5/11
0.5,2,11,0,1000,200,5,constant,ratio,0.04599999999999993,2,1,1,mixture/0.5/2/5/11
0.5,2,11,0,1000,200,5,constant,ratio-half,0.04599999999999993,2,1,1,mixture/0.5/2/5/11
0.5,2,12,0,400,200,5,constant,stated,0.6784994344878064,1,0,0,mixture/0.5/2/5/12
0.5,2,12,0,400,200,5,constant,geomean,0.12072696467649642,2,1,1,mixture/0.5/2/5/12
0.5,2,12,0,400,200,5,constant,ratio,0.07999999999999996,2,1,1,mixture/0.5/2/5/12
0.5,2,12,0,400,200,5,constant,ratio-half,0.07999999999999996,2,1,1,mixture/0.5/2/5/12
0.5,2,12,0,1000,200,5,constant,stated,0.5395907397331495,1,0,0,mixture/0.5/2/5/12
0.5,2,12,0,1000,200,5,constant,geomean,0.09121403400793109,2,1,1,mixture/0.5/2/5/12
0.5,2,12,0,1000,200,5,constant,ratio,0.04600000000000004,2,1,1,mixture/0.5/2/5/12
0.5,2,12,0,1000,200,5,constant,ratio-half,0.04600000000000004,2,1,1,mixture/0.5/2/5/12
0.5,2,13,0,400,200,5,constant,stated,0.6784994344878064,1,0,0,mixture/0.5/2/5/13
0.5,2,13,0,400,200,5,constant,geomean,0.1240967364599086,2,1,1,mixture/0.5/2/5/13
0.5,2,13,0,400,200,5,constant,ratio,0.09499999999999997,2,1,1,mixture/0.5/2/5/13
0.5,2,13,0,400,200,5,constant,ratio-half,0.09499999999999997,2,1,1,mixture/0.5/2/5/13
0.5,2,13,0,1000,200,5,constant,stated,0.5395907397331495,1,0,0,mixture/0.5/2/5/13
0.5,2,13,0,1000,200,5,constant,geomean,0.09732420048477154,2,1,1,mixture/0.5/2/5/13
0.5,2,13,0,1000,200,5,constant,ratio,0.04999999999999993,2,1,1,mixture/0.5/2/5/13
0.5,2,13,0,1000,200,5,constant,ratio-half,0.04999999999999993,2,1,1,mixture/0.5/2/5/13
0.5,2,14,0,400,200,5,constant,stated,0.6784994344878064,1,0,0,mixture/0.5/2/5/14
0.5,2,14,0,400,200,5,constant,geomean,0.10747092630102334,2,1,1,mixture/0.5/2/5/14
0.5,2,14,0,400,200,5,constant,ratio,0.07000000000000006,2,1,1,mixture/0.5/2/5/14
0.5,2,14,0,400,200,5,constant,ratio-half,0.07000000000000006,2,1,1,mixture/0.5/2/5/14
0.5,2,14,0,1000,200,5,constant,stated,0.5395907397331495,1,0,0,mixture/0.5/2/5/14
0.5,2,14,0,1000,200,5,constant,geomean,0.07823042886243181,2,1,1,mixture/0.5/2/5/14
0.5,2,14,0,1000,200,5,constant,ratio,0.04599999999999993,2,1,1,mixture/0.5/2/5/14
0.5,2,14,0,1000,200,5,constant,ratio-half,0.04599999999999993,2,1,1,mixture/0.5/2/5/14
0.5,2,15,0,400,200,5,constant,stated,0.6784994344878064,1,0,0,mixture/0.5/2/5/15
0.5,2,15,0,400,200,5,constant,geomean,0.10747092630102345,2,1,1,mixture/0.5/2/5/15
0.5,2,15,0,400,200,5,constant,ratio,0.07500000000000007,2,1,1,mixture/0.5/2/5/15
0.5,2,15,0,400,200,5,constant,ratio-half,0.07500000000000007,2,1,1,mixture/0.5/2/5/15
0.5,2,15,0,1000,200,5,constant,stated,0.5395907397331495,1,0,0,mixture/0.5/2/5/15
0.5,2,15,0,1000,200,5,constant,geomean,0.0852056336165632,2,1,1,mixture/0.5/2/5/15
0.5,2,15,0,1000,200,5,constant,ratio,0.040000000000000036,2,1,1,mixture/0.5/2/5/15
0.5,2,15,0,1000,200,5,constant,ratio-half,0.040000000000000036,2,1,1,mixture/0.5/2/5/15
0.5,2,16,0,400,200,5,constant,stated,0.6784994344878064,1,0,0,mixture/0.5/2/5/16
0.5,2,16,0,400,200,5,constant,geomean,0.15411035007422433,2,1,1,mixture/0.5/2/5/16
0.5,2,16,0,400,200,5,constant,ratio,0.07000000000000006,2,1,1,mixture/0.5/2/5/16
0.5,2,16,0,400,200,5,constant,ratio-half,0.07000000000000006,2,1,1,mixture/0.5/2/5/16
0.5,2,16,0,1000,200,5,constant,stated,0.5395907397331495,1,0,0,mixture/0.5/2/5/16
0.5,2,16,0,1000,200,5,constant,geomean,0.11784735890124995,2,1,1,mixture/0.5/2/5/16
0.5,2,16,0,1000,200,5,constant,ratio,0.03599999999999992,2,1,1,mixture/0.5/2/5/16
0.5,2,16,0,1000,200,5,constant,ratio-half,0.03599999999999992,2,1,1,mixture/0.5/2/5/16
0.5,2,17,0,400,200,5,constant,stated,0.6784994344878064,1,0,0,mixture/0.5/2/5/17
0.5,2,17,0,400,200,5,constant,geomean,0.1624807680927193,2,1,1,mixture/0.5/2/5/17
0.5,2,17,0,400,200,5,constant,ratio,0.10499999999999998,2,1,1,mixture/0.5/2/5/17
0.5,2,17,0,400,200,5,constant,ratio-half,0.10499999999999998,2,1,1,mixture/0.5/2/5/17
0.5,2,17,0,1000,200,5,constant,stated,0.5395907397331495,1,0,0,mixture/0.5/2/5/17
0.5,2,17,0,1000,200,5,constant,geomean,0.12924395537122796,2,1,1,mixture/0.5/2/5/17
0.5,2,17,0,1000,200,5,constant,ratio,0.05799999999999994,2,1,1,mixture/0.5/2/5/17
0.5,2,17,0,1000,200,5,constant,ratio-half,0.05799999999999994,2,1,1,mixture/0.5/2/5/17
0.5,2,18,0,400,200,5,constant,stated,0.6784994344878064,2,1,1,mixture/0.5/2/5/18
0.5,2,18,0,400,200,5,constant,geomean,0.20512191496766022,2,1,1,mixture/0.5/2/5/18
0.5,2,18,0,400,200,5,constant,ratio,0.09499999999999997,2,1,1,mixture/0.5/2/5/18
0.5,2,18,0,400,200,5,constant,ratio-half,0.09499999999999997,2,1,1,mixture/0.5/2/5/18
0.5,2,18,0,1000,200,5,constant,stated,0.5395907397331495,2,1,1,mixture/0.5/2/5/18
0.5,2,18,0,1000,200,5,constant,geomean,0.1666613332479972,2,1,1,mixture/0.5/2/5/18
0.5,2,18,0,1000,200,5,constant,ratio,0.06400000000000006,2,1,1,mixture/0.5/2/5/18
0.5,2,18,0,1000,200,5,constant,ratio-half,0.06400000000000006,2,1,1,mixture/0.5/2/5/18
0.5,2,19,0,400,200,5,constant,stated,0.6784994344878064,1,0,0,mixture/0.5/2/5/19
0.5,2,19,0,400,200,5,constant,geomean,0.10124228365658297,2,1,1,mixture/0.5/2/5/19
0.5,2,19,0,400,200,5,constant,ratio,0.06499999999999995,2,1,1,mixture/0.5/2/5/19
0.5,2,19,0,400,200,5,constant,ratio-half,0.06499999999999995,2,1,1,mixture/0.5/2/5/19
0.5,2,19,0,1000,200,5,constant,stated,0.5395907397331495,1,0,0,mixture/0.5/2/5/19
0.5,2,19,0,1000,200,5,constant,geomean,0.07776888838089435,2,1,1,mixture/0.5/2/5/19
0.5,2,19,0,1000,200,5,constant,ratio,0.040000000000000036,2,1,1,mixture/0.5/2/5/19
0.5,2,19,0,1000,200,5,constant,ratio-half,0.040000000000000036,2,1,1,mixture/0.5/2/5/19
0.5,3,0,0,400,200,5,constant,stated,0.6784994344878064,1,0,0,mixture/0.5/3/5/0
0.5,3,0,0,400,200,5,constant,geomean,0.14071247279470295,2,0,0,mixture/0.5/3/5/0
0.5,3,0,0,400,200,5,constant,ratio,0.1050000000000001,2,0,0,mixture/0.5/3/5/0
0.5,3,0,0,400,200,5,constant,ratio-half,0.1050000000000001,2,0,0,mixture/0.5/3/5/0
0.5,3,0,0,1000,200,5,constant,stated,0.5395907397331495,1,0,0,mixture/0.5/3/5/0
0.5,3,0,0,1000,200,5,constant,geomean,0.1099818166789402,2,0,0,mixture/0.5/3/5/0
0.5,3,0,0,1000,200,5,constant,ratio,0.09599999999999997,2,0,0,mixture/0.5/3/5/0
0.5,3,0,0,1000,200,5,constant,ratio-half,0.09599999999999997,2,0,0,mixture/0.5/3/5/0
0.5,3,1,0,400,200,5,constant,stated,0.6784994344878064,1,0,0,mixture/0.5/3/5/1
0.5,3,1,0,400,200,5,constant,geomean,0.14265342617687096,3,1,1,mixture/0.5/3/5/1
0.5,3,1,0,400,200,5,constant,ratio,0.07000000000000006,3,1,1,mixture/0.5/3/5/1
0.5,3,1,0,400,200,5,constant,ratio-half,0.07000000000000006,3,1,1,mixture/0.5/3/5/1
0.5,3,1,0,1000,200,5,constant,stated,0.5395907397331495,1,0,0,mixture/0.5/3/5/1
0.5,3,1,0,1000,200,5,constant,geomean,0.10648943609579313,3,1,1,mixture/0.5/3/5/1
0.5,3,1,0,1000,200,5,constant,ratio,0.04600000000000004,3,1,1,mixture/0.5/3/5/1
0.5,3,1,0,1000,200,5,constant,ratio-half,0.04600000000000004,3,1,1,mixture/0.5/3/5/1
0.5,3,2,0,400,200,5,constant,stated,0.6784994344878064,1,0,0,mixture/0.5/3/5/2
0.5,3,2,0,400,200,5,constant,geomean,0.15016657417681226,3,1,1,mixture/0.5/3/5/2
0.5,3,2,0,400,200,5,constant,ratio,0.09000000000000008,3,1,1,mixture/0.5/3/5/2
0.5,3,2,0,400,200,5,constant,ratio-half,0.09000000000000008,3,1,1,mixture/0.5/3/5/2
0.5,3,2,0,1000,200,5,constant,stated,0.5395907397331495,1,0,0,mixture/0.5/3/5/2
0.5,3,2,0,1000,200,5,constant,geomean,0.11341957503006266,3,1,1,mixture/0.5/3/5/2
0.5,3,2,0,1000,200,5,constant,ratio,0.04600000000000004,3,1,1,mixture/0.5/3/5/2
0.5,3,2,0,1000,200,5,constant,ratio-half,0.04600000000000004,3,1,1,mixture/0.5/3/5/2
0.5,3,3,0,400,200,5,constant,stated,0.6784994344878064,1,0,0,mixture/0.5/3/5/3
0.5,3,3,0,400,200,5,constant,geomean,0.14142135623730956,3,1,1,mixture/0.5/3/5/3
0.5,3,3,0,400,200,5,constant,ratio,0.06500000000000006,3,1,1,mixture/0.5/3/5/3
0.5,3,3,0,400,200,5,constant,ratio-half,0.06500000000000006,3,1,1,mixture/0.5/3/5/3
0.5,3,3,0,1000,200,5,constant,stated,0.5395907397331495,1,0,0,mixture/0.5/3/5/3
0.5,3,3,0,1000,200,5,constant,geomean,0.10895870777500971,3,1,1,mixture/0.5/3/5/3
0.5,3,3,0,1000,200,5,constant,ratio,0.03600000000000003,3,1,1,mixture/0.5/3/5/3
0.5,3,3,0,1000,200,5,constant,ratio-half,0.03600000000000003,3,1,1,mixture/0.5/3/5/3
0.5,3,4,0,400,200,5,constant,stated,0.6784994344878064,1,0,0,mixture/0.5/3/5/4
0.5,3,4,0,400,200,5,constant,geomean,0.1847295320191116,3,1,1,mixture/0.5/3/5/4
0.5,3,4,0,400,200,5,constant,ratio,0.14,3,1,1,mixture/0.5/3/5/4
0.5,3,4,0,400,200,5,constant,ratio-half,0.14,3,1,1,mixture/0.5/3/5/4
0.5,3,4,0,1000,200,5,constant,stated,0.5395907397331495,2,0,0,mixture/0.5/3/5/4
0.5,3,4,0,1000,200,5,constant,geomean,0.13994284547628727,3,1,1,mixture/0.5/3/5/4
0.5,3,4,0,1000,200,5,constant,ratio,0.061999999999999944,3,1,1,mixture/0.5/3/5/4
0.5,3,4,0,1000,200,5,constant,ratio-half,0.061999999999999944,3,1,1,mixture/0.5/3/5/4
0.5,3,5,0,400,200,5,constant,stated,0.6784994344878064,1,0,0,mixture/0.5/3/5/5
0.5,3,5,0,400,200,5,constant,geomean,0.11832159566199237,3,1,1,mixture/0.5/3/5/5
0.5,3,5,0,400,200,5,constant,ratio,0.09500000000000008,3,1,1,mixture/0.5/3/5/5
0.5,3,5,0,400,200,5,constant,ratio-half,0.09500000000000008,3,1,1,mixture/0.5/3/5/5
0.5,3,5,0,1000,200,5,constant,stated,0.5395907397331495,1,0,0,mixture/0.5/3/5/5
0.5,3,5,0,1000,200,5,constant,geomean,0.08979977728257463,3,1,1,mixture/0.5/3/5/5
0.5,3,5,0,1000,200,5,constant,ratio,0.04800000000000004,3,1,1,mixture/0.5/3/5/5
0.5,3,5,0,1000,200,5,constant,ratio-half,0.04800000000000004,3,1,1,mixture/0.5/3/5/5
0.5,3,6,0,400,200,5,constant,stated,0.6784994344878064,1,0,0,mixture/0.5/3/5/6
0.5,3,6,0,400,200,5,constant,geomean,0.1473940297298368,3,1,1,mixture/0.5/3/5/6
0.5,3,6,0,400,200,5,constant,ratio,0.12,3,1,1,mixture/0.5/3/5/6
0.5,3,6,0,400,200,5,constant,ratio-half,0.12,3,1,1,mixture/0.5/3/5/6
0.5,3,6,0,1000,200,5,constant,stated,0.5395907397331495,1,0,0,mixture/0.5/3/5/6
0.5,3,6,0,1000,200,5,constant,geomean,0.11313708498984756,3,1,1,mixture/0.5/3/5/6
0.5,3,6,0,1000,200,5,constant,ratio,0.04600000000000004,3,1,1,mixture/0.5/3/5/6
0.5,3,6,0,1000,200,5,constant,ratio-half,0.04600000000000004,3,1,1,mixture/0.5/3/5/6
0.5,3,7,0,400,200,5,constant,stated,0.6784994344878064,1,0,0,mixture/0.5/3/5/7
0.5,3,7,0,400,200,5,constant,geomean,0.17320508075688765,3,1,1,mixture/0.5/3/5/7
0.5,3,7,0,400,200,5,constant,ratio,0.125,3,1,1,mixture/0.5/3/5/7
0.5,3,7,0,400,200,5,constant,ratio-half,0.125,3,1,1,mixture/0.5/3/5/7
0.5,3,7,0,1000,200,5,constant,stated,0.5395907397331495,1,0,0,mixture/0.5/3/5/7
0.5,3,7,0,1000,200,5,constant,geomean,0.13626444877516666,3,1,1,mixture/0.5/3/5/7
0.5,3,7,0,1000,200,5,constant,ratio,0.06599999999999995,3,1,1,mixture/0.5/3/5/7
0.5,3,7,0,1000,200,5,constant,ratio-half,0.06599999999999995,3,1,1,mixture/0.5/3/5/7
0.5,3,8,0,400,200,5,constant,stated,0.6784994344878064,1,0,0,mixture/0.5/3/5/8
0.5,3,8,0,400,200,5,constant,geomean,0.12369316876852987,3,1,1,mixture/0.5/3/5/8
0.5,3,8,0,400,200,5,constant,ratio,0.07999999999999996,3,1,1,mixture/0.5/3/5/8
0.5,3,8,0,400,200,5,constant,ratio-half,0.07999999999999996,3,1,1,mixture/0.5/3/5/8
0.5,3,8,0,1000,200,5,constant,stated,0.5395907397331495,1,0,0,mixture/0.5/3/5/8
0.5,3,8,0,1000,200,5,constant,geomean,0.09329523031752486,3,1,1,mixture/0.5/3/5/8
0.5,3,8,0,1000,200,5,constant,ratio,0.050000000000000044,3,1,1,mixture/0.5/3/5/8
0.5,3,8,0,1000,200,5,constant,ratio-half,0.050000000000000044,3,1,1,mixture/0.5/3/5/8
0.5,3,9,0,400,200,5,constant,stated,0.6784994344878064,1,0,0,mixture/0.5/3/5/9
0.5,3,9,0,400,200,5,constant,geomean,0.12747548783981957,3,1,1,mixture/0.5/3/5/9
0.5,3,9,0,400,200,5,constant,ratio,0.09500000000000008,3,1,1,mixture/0.5/3/5/9
0.5,3,9,0,400,200,5,constant,ratio-half,0.09500000000000008,3,1,1,mixture/0.5/3/5/9
0.5,3,9,0,1000,200,5,constant,stated,0.5395907397331495,1,0,0,mixture/0.5/3/5/9
0.5,3,9,0,1000,200,5,constant,geomean,0.09108238029388564,3,1,1,mixture/0.5/3/5/9
0.5,3,9,0,1000,200,5,constant,ratio,0.04800000000000004,3,1,1,mixture/0.5/3/5/9
0.5,3,9,0,1000,200,5,constant,ratio-half,0.04800000000000004,3,1,1,mixture/0.5/3/5/9
0.5,3,10,0,400,200,5,constant,stated,0.6784994344878064,1,0,0,mixture/0.5/3/5/10
0.5,3,10,0,400,200,5,constant,geomean,0.1428285685708569,3,1,1,mixture/0.5/3/5/10
0.5,3,10,0,400,200,5,constant,ratio,0.07499999999999996,3,1,1,mixture/0.5/3/5/10
0.5,3,10,0,400,200,5,constant,ratio-half,0.07499999999999996,3,1,1,mixture/0.5/3/5/10
0.5,3,10,0,1000,200,5,constant,stated,0.5395907397331495,1,0,0,mixture/0.5/3/5/10
0.5,3,10,0,1000,200,5,constant,geomean,0.1099818166789402,3,1,1,mixture/0.5/3/5/10
0.5,3,10,0,1000,200,5,constant,ratio,0.04399999999999993,3,1,1,mixture/0.5/3/5/10
0.5,3,10,0,1000,200,5,constant,ratio-half,0.04399999999999993,3,1,1,mixture/0.5/3/5/10
0.5,3,11,0,400,200,5,constant,stated,0.6784994344878064,1,0,0,mixture/0.5/3/5/11
0.5,3,11,0,400,200,5,constant,geomean,0.13747727084867528,3,1,1,mixture/0.5/3/5/11
0.5,3,11,0,400,200,5,constant,ratio,0.08499999999999996,3,1,1,mixture/0.5/3/5/11
0.5,3,11,0,400,200,5,constant,ratio-half,0.08499999999999996,3,1,1,mixture/0.5/3/5/11
0.5,3,11,0,1000,200,5,constant,stated,0.5395907397331495,1,0,0,mixture/0.5/3/5/11
0.5,3,11,0,1000,200,5,constant,geomean,0.10632027088001583,3,1,1,mixture/0.5/3/5/11
0.5,3,11,0,1000,200,5,constant,ratio,0.061999999999999944,3,1,1,mixture/0.5/3/5/11
0.5,3,11,0,1000,200,5,constant,ratio-half,0.061999999999999944,3,1,1,mixture/0.5/3/5/11
0.5,3,12,0,400,200,5,constant,stated,0.6784994344878064,1,0,0,mixture/0.5/3/5/12
0.5,3,12,0,400,200,5,constant,geomean,0.09354143466934858,3,1,1,mixture/0.5/3/5/12
0.5,3,12,0,400,200,5,constant,ratio,0.06999999999999995,3,1,1,mixture/0.5/3/5/12
0.5,3,12,0,400,200,5,constant,ratio-half,0.06999999999999995,3,1,1,mixture/0.5/3/5/12
0.5,3,12,0,1000,200,5,constant,stated,0.5395907397331495,1,0,0,mixture/0.5/3/5/12
0.5,3,12,0,1000,200,5,constant,geomean,0.06939740629158993,3,1,1,mixture/0.5/3/5/12
0.5,3,12,0,1000,200,5,constant,ratio,0.038000000000000034,3,1,1,mixture/0.5/3/5/12
0.5,3,12,0,1000,200,5,constant,ratio-half,0.038000000000000034,3,1,1,mixture/0.5/3/5/12
0.5,3,13,0,400,200,5,constant,stated,0.6784994344878064,1,0,0,mixture/0.5/3/5/13
0.5,3,13,0,400,200,5,constant,geomean,0.16248076809271927,2,0,0,mixture/0.5/3/5/13
0.5,3,13,0,400,200,5,constant,ratio,0.13,2,0,0,mixture/0.5/3/5/13
0.5,3,13,0,400,200,5,constant,ratio-half,0.13,2,0,0,mixture/0.5/3/5/13
0.5,3,13,0,1000,200,5,constant,stated,0.5395907397331495,1,0,0,mixture/0.5/3/5/13
0.5,3,13,0,1000,200,5,constant,geomean,0.12124355652982147,3,1,1,mixture/0.5/3/5/13
0.5,3,13,0,1000,200,5,constant,ratio,0.040000000000000036,3,1,1,mixture/0.5/3/5/13
0.5,3,13,0,1000,200,5,constant,ratio-half,0.040000000000000036,3,1,1,mixture/0.5/3/5/13
0.5,3,14,0,400,200,5,constant,stated,0.6784994344878064,1,0,0,mixture/0.5/3/5/14
0.5,3,14,0,400,200,5,constant,geomean,0.1649999999999999,3,1,1,mixture/0.5/3/5/14
0.5,3,14,0,400,200,5,constant,ratio,0.08000000000000007,3,1,1,mixture/0.5/3/5/14
0.5,3,14,0,400,200,5,constant,ratio-half,0.08000000000000007,3,1,1,mixture/0.5/3/5/14
0.5,3,14,0,1000,200,5,constant,stated,0.5395907397331495,2,0,0,mixture/0.5/3/5/14
0.5,3,14,0,1000,200,5,constant,geomean,0.12798437404620933,3,1,1,mixture/0.5/3/5/14
0.5,3,14,0,1000,200,5,constant,ratio,0.053999999999999826,3,1,1,mixture/0.5/3/5/14
0.5,3,14,0,1000,200,5,constant,ratio-half,0.053999999999999826,3,1,1,mixture/0.5/3/5/14
0.5,3,15,0,400,200,5,constant,stated,0.6784994344878064,1,0,0,mixture/0.5/3/5/15
0.5,3,15,0,400,200,5,constant,geomean,0.10488088481701521,2,0,0,mixture/0.5/3/5/15
0.5,3,15,0,400,200,5,constant,ratio,0.09500000000000008,2,0,0,mixture/0.5/3/5/15
0.5,3,15,0,400,200,5,constant,ratio-half,0.09500000000000008,2,0,0,mixture/0.5/3/5/15
0.5,3,15,0,1000,200,5,constant,stated,0.5395907397331495,1,0,0,mixture/0.5/3/5/15
0.5,3,15,0,1000,200,5,constant,geomean,0.07899367063252602,3,1,1,mixture/0.5/3/5/15
0.5,3,15,0,1000,200,5,constant,ratio,0.08599999999999997,2,0,0,mixture/0.5/3/5/15
0.5,3,15,0,1000,200,5,constant,ratio-half,0.08599999999999997,2,0,0,mixture/0.5/3/5/15
0.5,3,16,0,400,200,5,constant,stated,0.6784994344878064,1,0,0,mixture/0.5/3/5/16
0.5,3,16,0,400,200,5,constant,geomean,0.12298373876248837,3,1,1,mixture/0.5/3/5/16
0.5,3,16,0,400,200,5,constant,ratio,0.07999999999999996,3,1,1,mixture/0.5/3/5/16
0.5,3,16,0,400,200,5,constant,ratio-half,0.07999999999999996,3,1,1,mixture/0.5/3/5/16
0.5,3,16,0,1000,200,5,constant,stated,0.5395907397331495,1,0,0,mixture/0.5/3/5/16
0.5,3,16,0,1000,200,5,constant,geomean,0.09165151389911684,3,1,1,mixture/0.5/3/5/16
0.5,3,16,0,1000,200,5,constant,ratio,0.04400000000000004,3,1,1,mixture/0.5/3/5/16
0.5,3,16,0,1000,200,5,constant,ratio-half,0.04400000000000004,3,1,1,mixture/0.5/3/5/16
0.5,3,17,0,400,200,5,constant,stated,0.6784994344878064,1,0,0,mixture/0.5/3/5/17
0.5,3,17,0,400,200,5,constant,geomean,0.17492855684535893,3,1,1,mixture/0.5/3/5/17
0.5,3,17,0,400,200,5,constant,ratio,0.10500000000000004,3,1,1,mixture/0.5/3/5/17
0.5,3,17,0,400,200,5,constant,ratio-half,0.10500000000000004,3,1,1,mixture/0.5/3/5/17
0.5,3,17,0,1000,200,5,constant,stated,0.5395907397331495,1,0,0,mixture/0.5/3/5/17
0.5,3,17,0,1000,200,5,constant,geomean,0.1307210771069456,3,1,1,mixture/0.5/3/5/17
0.5,3,17,0,1000,200,5,constant,ratio,0.05600000000000005,3,1,1,mixture/0.5/3/5/17
0.5,3,17,0,1000,200,5,constant,ratio-half,0.05600000000000005,3,1,1,mixture/0.5/3/5/17
0.5,3,18,0,400,200,5,constant,stated,0.6784994344878064,1,0,0,mixture/0.5/3/5/18
0.5,3,18,0,400,200,5,constant,geomean,0.11368817000902068,2,0,0,mixture/0.5/3/5/18
0.5,3,18,0,400,200,5,constant,ratio,0.10999999999999999,2,0,0,mixture/0.5/3/5/18
0.5,3,18,0,400,200,5,constant,ratio-half,0.10999999999999999,2,0,0,mixture/0.5/3/5/18
0.5,3,18,0,1000,200,5,constant,stated,0.5395907397331495,1,0,0,mixture/0.5/3/5/18
0.5,3,18,0,1000,200,5,constant,geomean,0.08590692637965801,3,1,1,mixture/0.5/3/5/18
0.5,3,18,0,1000,200,5,constant,ratio,0.039999999999999925,3,1,1,mixture/0.5/3/5/18
0.5,3,18,0,1000,200,5,constant,ratio-half,0.039999999999999925,3,1,1,mixture/0.5/3/5/18
0.5,3,19,0,400,200,5,constant,stated,0.6784994344878064,1,0,0,mixture/0.5/3/5/19
0.5,3,19,0,400,200,5,constant,geomean,0.12609520212918487,3,1,1,mixture/0.5/3/5/19
0.5,3,19,0,400,200,5,constant,ratio,0.09499999999999997,3,1,1,mixture/0.5/3/5/19
0.5,3,19,0,400,200,5,constant,ratio-half,0.09499999999999997,3,1,1,mixture/0.5/3/5/19
0.5,3,19,0,1000,200,5,constant,stated,0.5395907397331495,1,0,0,mixture/0.5/3/5/19
0.5,3,19,0,1000,200,5,constant,geomean,0.09616652224137048,3,1,1,mixture/0.5/3/5/19
0.5,3,19,0,1000,200,5,constant,ratio,0.05400000000000005,3,1,1,mixture/0.5/3/5/19
0.5,3,19,0,1000,200,5,constant,ratio-half,0.05400000000000005,3,1,1,mixture/0.5/3/5/19
0.5,4,0,0,400,200,5,constant,stated,0.6784994344878064,1,0,0,mixture/0.5/4/5/0
0.5,4,0,0,400,200,5,constant,geomean,0.1438749456993815,4,1,1,mixture/0.5/4/5/0
0.5,4,0,0,400,200,5,constant,ratio,0.08999999999999997,4,1,1,mixture/0.5/4/5/0
0.5,4,0,0,400,200,5,constant,ratio-half,0.08999999999999997,4,1,1,mixture/0.5/4/5/0
0.5,4,0,0,1000,200,5,constant,stated,0.5395907397331495,1,0,0,mixture/0.5/4/5/0
0.5,4,0,0,1000,200,5,constant,geomean,0.10939835464941879,4,1,1,mixture/0.5/4/5/0
0.5,4,0,0,1000,200,5,constant,ratio,0.04600000000000004,4,1,1,mixture/0.5/4/5/0
0.5,4,0,0,1000,200,5,constant,ratio-half,0.04600000000000004,4,1,1,mixture/0.5/4/5/0
0.5,4,1,0,400,200,5,constant,stated,0.6784994344878064,1,0,0,mixture/0.5/4/5/1
0.5,4,1,0,400,200,5,constant,geomean,0.13472193585307488,5,0,0,mixture/0.5/4/5/1
0.5,4,1,0,400,200,5,constant,ratio,0.11499999999999999,5,0,0,mixture/0.5/4/5/1
0.5,4,1,0,400,200,5,constant,ratio-half,0.11499999999999999,5,0,0,mixture/0.5/4/5/1
0.5,4,1,0,1000,200,5,constant,stated,0.5395907397331495,1,0,0,mixture/0.5/4/5/1
0.5,4,1,0,1000,200,5,constant,geomean,0.10213716267842969,4,1,1,mixture/0.5/4/5/1
0.5,4,1,0,1000,200,5,constant,ratio,0.06600000000000006,4,1,1,mixture/0.5/4/5/1
0.5,4,1,0,1000,200,5,constant,ratio-half,0.06600000000000006,4,1,1,mixture/0.5/4/5/1
0.5,4,2,0,400,200,5,constant,stated,0.6784994344878064,1,0,0,mixture/0.5/4/5/2
0.5,4,2,0,400,200,5,constant,geomean,0.10816653826391964,4,1,1,mixture/0.5/4/5/2
0.5,4,2,0,400,200,5,constant,ratio,0.08999999999999997,4,1,1,mixture/0.5/4/5/2
0.5,4,2,0,400,200,5,constant,ratio-half,0.08999999999999997,4,1,1,mixture/0.5/4/5/2
0.5,4,2,0,1000,200,5,constant,stated,0.5395907397331495,1,0,0,mixture/0.5/4/5/2
0.5,4,2,0,1000,200,5,constant,geomean,0.08449852069711035,4,1,1,mixture/0.5/4/5/2
0.5,4,2,0,1000,200,5,constant,ratio,0.06400000000000006,4,1,1,mixture/0.5/4/5/2
0.5,4,2,0,1000,200,5,constant,ratio-half,0.06400000000000006,4,1,1,mixture/0.5/4/5/2
0.5,4,3,0,400,200,5,constant,stated,0.6784994344878064,1,0,0,mixture/0.5/4/5/3
0.5,4,3,0,400,200,5,constant,geomean,0.1459451951932643,4,1,1,mixture/0.5/4/5/3
0.5,4,3,0,400,200,5,constant,ratio,0.09000000000000008,4,1,1,mixture/0.5/4/5/3
0.5,4,3,0,400,200,5,constant,ratio-half,0.09000000000000008,4,1,1,mixture/0.5/4/5/3
0.5,4,3,0,1000,200,5,constant,stated,0.5395907397331495,1,0,0,mixture/0.5/4/5/3
0.5,4,3,0,1000,200,5,constant,geomean,0.1132077735846793,4,1,1,mixture/0.5/4/5/3
0.5,4,3,0,1000,200,5,constant,ratio,0.062000000000000055,4,1,1,mixture/0.5/4/5/3
0.5,4,3,0,1000,200,5,constant,ratio-half,0.062000000000000055,4,1,1,mixture/0.5/4/5/3
0.5,4,4,0,400,200,5,constant,stated,0.6784994344878064,1,0,0,mixture/0.5/4/5/4
0.5,4,4,0,400,200,5,constant,geomean,0.12737739202856987,4,1,1,mixture/0.5/4/5/4
0.5,4,4,0,400,200,5,constant,ratio,0.07000000000000006,4,1,1,mixture/0.5/4/5/4
0.5,4,4,0,400,200,5,constant,ratio-half,0.07000000000000006,4,1,1,mixture/0.5/4/5/4
0.5,4,4,0,1000,200,5,constant,stated,0.5395907397331495,1,0,0,mixture/0.5/4/5/4
0.5,4,4,0,1000,200,5,constant,geomean,0.094233751915118,4,1,1,mixture/0.5/4/5/4
0.5,4,4,0,1000,200,5,constant,ratio,0.04400000000000004,4,1,1,mixture/0.5/4/5/4
0.5,4,4,0,1000,200,5,constant,ratio-half,0.04400000000000004,4,1,1,mixture/0.5/4/5/4
0.5,4,5,0,400,200,5,constant,stated,0.6784994344878064,1,0,0,mixture/0.5/4/5/5
0.5,4,5,0,400,200,5,constant,geomean,0.14899664425751333,4,1,1,mixture/0.5/4/5/5
0.5,4,5,0,400,200,5,constant,ratio,0.15500000000000003,3,0,0,mixture/0.5/4/5/5
0.5,4,5,0,400,200,5,constant,ratio-half,0.15500000000000003,3,0,0,mixture/0.5/4/5/5
0.5,4,5,0,1000,200,5,constant,stated,0.5395907397331495,1,0,0,mixture/0.5/4/5/5
0.5,4,5,0,1000,200,5,constant,geomean,0.11632712495372698,4,1,1,mixture/0.5/4/5/5
0.5,4,5,0,1000,200,5,constant,ratio,0.05999999999999994,4,1,1,mixture/0.5/4/5/5
0.5,4,5,0,1000,200,5,constant,ratio-half,0.05999999999999994,4,1,1,mixture/0.5/4/5/5
0.5,4,6,0,400,200,5,constant,stated,0.6784994344878064,1,0,0,mixture/0.5/4/5/6
0.5,4,6,0,400,200,5,constant,geomean,0.12688577540449514,4,1,1,mixture/0.5/4/5/6
0.5,4,6,0,400,200,5,constant,ratio,0.1250000000000001,4,1,1,mixture/0.5/4/5/6
0.5,4,6,0,400,200,5,constant,ratio-half,0.1250000000000001,4,1,1,mixture/0.5/4/5/6
0.5,4,6,0,1000,200,5,constant,stated,0.5395907397331495,1,0,0,mixture/0.5/4/5/6
0.5,4,6,0,1000,200,5,constant,geomean,0.09380831519646864,4,1,1,mixture/0.5/4/5/6
0.5,4,6,0,1000,200,5,constant,ratio,0.06000000000000005,4,1,1,mixture/0.5/4/5/6
0.5,4,6,0,1000,200,5,constant,ratio-half,0.06000000000000005,4,1,1,mixture/0.5/4/5/6
0.5,4,7,0,400,200,5,constant,stated,0.6784994344878064,1,0,0,mixture/0.5/4/5/7
0.5,4,7,0,400,200,5,constant,geomean,0.15921683328090652,4,1,1,mixture/0.5/4/5/7
0.5,4,7,0,400,200,5,constant,ratio,0.09999999999999998,4,1,1,mixture/0.5/4/5/7
0.5,4,7,0,400,200,5,constant,ratio-half,0.09999999999999998,4,1,1,mixture/0.5/4/5/7
0.5,4,7,0,1000,200,5,constant,stated,0.5395907397331495,1,0,0,mixture/0.5/4/5/7
0.5,4,7,0,1000,200,5,constant,geomean,0.11879393923934004,4,1,1,mixture/0.5/4/5/7
0.5,4,7,0,1000,200,5,constant,ratio,0.07199999999999995,4,1,1,mixture/0.5/4/5/7
0.5,4,7,0,1000,200,5,constant,ratio-half,0.07199999999999995,4,1,1,mixture/0.5/4/5/7
0.5,4,8,0,400,200,5,constant,stated,0.6784994344878064,1,0,0,mixture/0.5/4/5/8
0.5,4,8,0,400,200,5,constant,geomean,0.1469693845669906,5,0,0,mixture/0.5/4/5/8
0.5,4,8,0,400,200,5,constant,ratio,0.16500000000000004,4,1,1,mixture/0.5/4/5/8
0.5,4,8,0,400,200,5,constant,ratio-half,0.16500000000000004,4,1,1,mixture/0.5/4/5/8
0.5,4,8,0,1000,200,5,constant,stated,0.5395907397331495,1,0,0,mixture/0.5/4/5/8
0.5,4,8,0,1000,200,5,constant,geomean,0.10851727973000434,4,1,1,mixture/0.5/4/5/8
0.5,4,8,0,1000,200,5,constant,ratio,0.08800000000000008,4,1,1,mixture/0.5/4/5/8
0.5,4,8,0,1000,200,5,constant,ratio-half,0.08800000000000008,4,1,1,mixture/0.5/4/5/8
0.5,4,9,0,400,200,5,constant,stated,0.6784994344878064,1,0,0,mixture/0.5/4/5/9
0.5,4,9,0,400,200,5,constant,geomean,0.11489125293076054,4,1,1,mixture/0.5/4/5/9
0.5,4,9,0,400,200,5,constant,ratio,0.07499999999999996,4,1,1,mixture/0.5/4/5/9
0.5,4,9,0,400,200,5,constant,ratio-half,0.07499999999999996,4,1,1,mixture/0.5/4/5/9
0.5,4,9,0,1000,200,5,constant,stated,0.5395907397331495,1,0,0,mixture/0.5/4/5/9
0.5,4,9,0,1000,200,5,constant,geomean,0.08569714114251409,4,1,1,mixture/0.5/4/5/9
0.5,4,9,0,1000,200,5,constant,ratio,0.04200000000000004,4,1,1,mixture/0.5/4/5/9
0.5,4,9,0,1000,200,5,constant,ratio-half,0.04200000000000004,4,1,1,mixture/0.5/4/5/9
0.5,4,10,0,400,200,5,constant,stated,0.6784994344878064,1,0,0,mixture/0.5/4/5/10
0.5,4,10,0,400,200,5,constant,geomean,0.1248999599679679,4,1,1,mixture/0.5/4/5/10
0.5,4,10,0,400,200,5,constant,ratio,0.09500000000000008,4,1,1,mixture/0.5/4/5/10
0.5,4,10,0,400,200,5,constant,ratio-half,0.09500000000000008,4,1,1,mixture/0.5/4/5/10
0.5,4,10,0,1000,200,5,constant,stated,0.5395907397331495,1,0,0,mixture/0.5/4/5/10
0.5,4,10,0,1000,200,5,constant,geomean,0.09219544457292891,4,1,1,mixture/0.5/4/5/10
0.5,4,10,0,1000,200,5,constant,ratio,0.05999999999999994,4,1,1,mixture/0.5/4/5/10
0.5,4,10,0,1000,200,5,constant,ratio-half,0.05999999999999994,4,1,1,mixture/0.5/4/5/10
0.5,4,11,0,400,200,5,constant,stated,0.6784994344878064,1,0,0,mixture/0.5/4/5/11
0.5,4,11,0,400,200,5,constant,geomean,0.15198684153570657,4,1,1,mixture/0.5/4/5/11
0.5,4,11,0,400,200,5,constant,ratio,0.10999999999999988,4,1,1,mixture/0.5/4/5/11
0.5,4,11,0,400,200,5,constant,ratio-half,0.10999999999999988,4,1,1,mixture/0.5/4/5/11
0.5,4,11,0,1000,200,5,constant,stated,0.5395907397331495,1,0,0,mixture/0.5/4/5/11
0.5,4,11,0,1000,200,5,constant,geomean,0.1176095234239133,4,1,1,mixture/0.5/4/5/11
0.5,4,11,0,1000,200,5,constant,ratio,0.06600000000000006,4,1,1,mixture/0.5/4/5/11
0.5,4,11,0,1000,200,5,constant,ratio-half,0.06600000000000006,4,1,1,mixture/0.5/4/5/11
0.5,4,12,0,400,200,5,constant,stated,0.6784994344878064,1,0,0,mixture/0.5/4/5/12
0.5,4,12,0,400,200,5,constant,geomean,0.10954451150103314,4,1,1,mixture/0.5/4/5/12
0.5,4,12,0,400,200,5,constant,ratio,0.06500000000000006,4,1,1,mixture/0.5/4/5/12
0.5,4,12,0,400,200,5,constant,ratio-half,0.06500000000000006,4,1,1,mixture/0.5/4/5/12
0.5,4,12,0,1000,200,5,constant,stated,0.5395907397331495,1,0,0,mixture/0.5/4/5/12
0.5,4,12,0,1000,200,5,constant,geomean,0.08024961059095558,4,1,1,mixture/0.5/4/5/12
0.5,4,12,0,1000,200,5,constant,ratio,0.03799999999999992,4,1,1,mixture/0.5/4/5/12
0.5,4,12,0,1000,200,5,constant,ratio-half,0.03799999999999992,4,1,1,mixture/0.5/4/5/12
0.5,4,13,0,400,200,5,constant,stated,0.6784994344878064,1,0,0,mixture/0.5/4/5/13
0.5,4,13,0,400,200,5,constant,geomean,0.1838477631085023,2,0,0,mixture/0.5/4/5/13
0.5,4,13,0,400,200,5,constant,ratio,0.17999999999999994,2,0,0,mixture/0.5/4/5/13
0.5,4,13,0,400,200,5,constant,ratio-half,0.17999999999999994,2,0,0,mixture/0.5/4/5/13
0.5,4,13,0,1000,200,5,constant,stated,0.5395907397331495,2,0,0,mixture/0.5/4/5/13
0.5,4,13,0,1000,200,5,constant,geomean,0.14573949361789348,3,0,0,mixture/0.5/4/5/13
0.5,4,13,0,1000,200,5,constant,ratio,0.16600000000000004,2,0,0,mixture/0.5/4/5/13
0.5,4,13,0,1000,200,5,constant,ratio-half,0.16600000000000004,2,0,0,mixture/0.5/4/5/13
0.5,4,14,0,400,200,5,constant,stated,0.6784994344878064,1,0,0,mixture/0.5/4/5/14
0.5,4,14,0,400,200,5,constant,geomean,0.11842719282327005,4,1,1,mixture/0.5/4/5/14
0.5,4,14,0,400,200,5,constant,ratio,0.08999999999999997,4,1,1,mixture/0.5/4/5/14
0.5,4,14,0,400,200,5,constant,ratio-half,0.08999999999999997,4,1,1,mixture/0.5/4/5/14
0.5,4,14,0,1000,200,5,constant,stated,0.5395907397331495,1,0,0,mixture/0.5/4/5/14
0.5,4,14,0,1000,200,5,constant,geomean,0.08899438184514799,4,1,1,mixture/0.5/4/5/14
0.5,4,14,0,1000,200,5,constant,ratio,0.05399999999999994,4,1,1,mixture/0.5/4/5/14
0.5,4,14,0,1000,200,5,constant,ratio-half,0.05399999999999994,4,1,1,mixture/0.5/4/5/14
0.5,4,15,0,400,200,5,constant,stated,0.6784994344878064,1,0,0,mixture/0.5/4/5/15
0.5,4,15,0,400,200,5,constant,geomean,0.13874436925511602,4,1,1,mixture/0.5/4/5/15
0.5,4,15,0,400,200,5,constant,ratio,0.08499999999999996,4,1,1,mixture/0.5/4/5/15
0.5,4,15,0,400,200,5,constant,ratio-half,0.08499999999999996,4,1,1,mixture/0.5/4/5/15
0.5,4,15,0,1000,200,5,constant,stated,0.5395907397331495,1,0,0,mixture/0.5/4/5/15
0.5,4,15,0,1000,200,5,constant,geomean,0.11567194992737008,4,1,1,mixture/0.5/4/5/15
0.5,4,15,0,1000,200,5,constant,ratio,0.04200000000000004,4,1,1,mixture/0.5/4/5/15
0.5,4,15,0,1000,200,5,constant,ratio-half,0.04200000000000004,4,1,1,mixture/0.5/4/5/15
0.5,4,16,0,400,200,5,constant,stated,0.6784994344878064,1,0,0,mixture/0.5/4/5/16
0.5,4,16,0,400,200,5,constant,geomean,0.1251998402554892,4,1,1,mixture/0.5/4/5/16
0.5,4,16,0,400,200,5,constant,ratio,0.08499999999999996,4,1,1,mixture/0.5/4/5/16
0.5,4,16,0,400,200,5,constant,ratio-half,0.08499999999999996,4,1,1,mixture/0.5/4/5/16
0.5,4,16,0,1000,200,5,constant,stated,0.5395907397331495,1,0,0,mixture/0.5/4/5/16
0.5,4,16,0,1000,200,5,constant,geomean,0.09359487165438077,4,1,1,mixture/0.5/4/5/16
0.5,4,16,0,1000,200,5,constant,ratio,0.04600000000000004,4,1,1,mixture/0.5/4/5/16
0.5,4,16,0,1000,200,5,constant,ratio-half,0.04600000000000004,4,1,1,mixture/0.5/4/5/16
0.5,4,17,0,400,200,5,constant,stated,0.6784994344878064,1,0,0,mixture/0.5/4/5/17
0.5,4,17,0,400,200,5,constant,geomean,0.12409673645990862,4,1,1,mixture/0.5/4/5/17
0.5,4,17,0,400,200,5,constant,ratio,0.07499999999999996,4,1,1,mixture/0.5/4/5/17
0.5,4,17,0,400,200,5,constant,ratio-half,0.07499999999999996,4,1,1,mixture/0.5/4/5/17
0.5,4,17,0,1000,200,5,constant,stated,0.5395907397331495,1,0,0,mixture/0.5/4/5/17
0.5,4,17,0,1000,200,5,constant,geomean,0.09830564581955611,4,1,1,mixture/0.5/4/5/17
0.5,4,17,0,1000,200,5,constant,ratio,0.04600000000000004,4,1,1,mixture/0.5/4/5/17
0.5,4,17,0,1000,200,5,constant,ratio-half,0.04600000000000004,4,1,1,mixture/0.5/4/5/17
0.5,4,18,0,400,200,5,constant,stated,0.6784994344878064,1,0,0,mixture/0.5/4/5/18
0.5,4,18,0,400,200,5,constant,geomean,0.17937391114652104,4,1,1,mixture/0.5/4/5/18
0.5,4,18,0,400,200,5,constant,ratio,0.11499999999999999,4,1,1,mixture/0.5/4/5/18
0.5,4,18,0,400,200,5,constant,ratio-half,0.11499999999999999,4,1,1,mixture/0.5/4/5/18
0.5,4,18,0,1000,200,5,constant,stated,0.5395907397331495,1,0,0,mixture/0.5/4/5/18
0.5,4,18,0,1000,200,5,constant,geomean,0.1397139935725837,4,1,1,mixture/0.5/4/5/18
0.5,4,18,0,1000,200,5,constant,ratio,0.08199999999999985,4,1,1,mixture/0.5/4/5/18
0.5,4,18,0,1000,200,5,constant,ratio-half,0.08199999999999985,4,1,1,mixture/0.5/4/5/18
0.5,4,19,0,400,200,5,constant,stated,0.6784994344878064,1,0,0,mixture/0.5/4/5/19
0.5,4,19,0,400,200,5,constant,geomean,0.13076696830622014,4,1,1,mixture/0.5/4/5/19
0.5,4,19,0,400,200,5,constant,ratio,0.09499999999999997,4,1,1,mixture/0.5/4/5/19
0.5,4,19,0,400,200,5,constant,ratio-half,0.09499999999999997,4,1,1,mixture/0.5/4/5/19
0.5,4,19,0,1000,200,5,constant,stated,0.5395907397331495,1,0,0,mixture/0.5/4/5/19
0.5,4,19,0,1000,200,5,constant,geomean,0.10133114032714724,4,1,1,mixture/0.5/4/5/19
0.5,4,19,0,1000,200,5,constant,ratio,0.050000000000000044,4,1,1,mixture/0.5/4/5/19
0.5,4,19,0,1000,200,5,constant,ratio-half,0.050000000000000044,4,1,1,mixture/0.5/4/5/19
0.5,5,0,0,400,200,5,constant,stated,0.6784994344878064,2,0,0,mixture/0.5/5/5/0
0.5,5,0,0,400,200,5,constant,geomean,0.1941004894378166,3,0,0,mixture/0.5/5/5/0
0.5,5,0,0,400,200,5,constant,ratio,0.19999999999999996,2,0,0,mixture/0.5/5/5/0
0.5,5,0,0,400,200,5,constant,ratio-half,0.19999999999999996,2,0,0,mixture/0.5/5/5/0
0.5,5,0,0,1000,200,5,constant,stated,0.5395907397331495,2,0,0,mixture/0.5/5/5/0
0.5,5,0,0,1000,200,5,constant,geomean,0.14387494569938164,5,1,1,mixture/0.5/5/5/0
0.5,5,0,0,1000,200,5,constant,ratio,0.19999999999999996,2,0,0,mixture/0.5/5/5/0
0.5,5,0,0,1000,200,5,constant,ratio-half,0.19999999999999996,2,0,0,mixture/0.5/5/5/0
0.5,5,1,0,400,200,5,constant,stated,0.6784994344878064,1,0,0,mixture/0.5/5/5/1
0.5,5,1,0,400,200,5,constant,geomean,0.16830032679706833,4,0,0,mixture/0.5/5/5/1
0.5,5,1,0,400,200,5,constant,ratio,0.20999999999999996,2,0,0,mixture/0.5/5/5/1
0.5,5,1,0,400,200,5,constant,ratio-half,0.20999999999999996,2,0,0,mixture/0.5/5/5/1
0.5,5,1,0,1000,200,5,constant,stated,0.5395907397331495,2,0,0,mixture/0.5/5/5/1
0.5,5,1,0,1000,200,5,constant,geomean,0.13099618315050257,5,1,1,mixture/0.5/5/5/1
0.5,5,1,0,1000,200,5,constant,ratio,0.20400000000000007,2,0,0,mixture/0.5/5/5/1
0.5,5,1,0,1000,200,5,constant,ratio-half,0.20400000000000007,2,0,0,mixture/0.5/5/5/1
0.5,5,2,0,400,200,5,constant,stated,0.6784994344878064,1,0,0,mixture/0.5/5/5/2
0.5,5,2,0,400,200,5,constant,geomean,0.1542724862054151,4,0,0,mixture/0.5/5/5/2
0.5,5,2,0,400,200,5,constant,ratio,0.17500000000000004,3,0,0,mixture/0.5/5/5/2
0.5,5,2,0,400,200,5,constant,ratio-half,0.17500000000000004,3,0,0,mixture/0.5/5/5/2
0.5,5,2,0,1000,200,5,constant,stated,0.5395907397331495,1,0,0,mixture/0.5/5/5/2
0.5,5,2,0,1000,200,5,constant,geomean,0.12328828005937942,5,1,1,mixture/0.5/5/5/2
0.5,5,2,0,1000,200,5,constant,ratio,0.07599999999999996,5,1,1,mixture/0.5/5/5/2
0.5,5,2,0,1000,200,5,constant,ratio-half,0.07599999999999996,5,1,1,mixture/0.5/5/5/2
0.5,5,3,0,400,200,5,constant,stated,0.6784994344878064,1,0,0,mixture/0.5/5/5/3
0.5,5,3,0,400,200,5,constant,geomean,0.15247950681976913,4,0,0,mixture/0.5/5/5/3
0.5,5,3,0,400,200,5,constant,ratio,0.12,4,0,0,mixture/0.5/5/5/3
0.5,5,3,0,400,200,5,constant,ratio-half,0.12,4,0,0,mixture/0.5/5/5/3
0.5,5,3,0,1000,200,5,constant,stated,0.5395907397331495,1,0,0,mixture/0.5/5/5/3
0.5,5,3,0,1000,200,5,constant,geomean,0.11644741302407695,5,1,1,mixture/0.5/5/5/3
0.5,5,3,0,1000,200,5,constant,ratio,0.04799999999999993,5,1,1,mixture/0.5/5/5/3
0.5,5,3,0,1000,200,5,constant,ratio-half,0.04799999999999993,5,1,1,mixture/0.5/5/5/3
0.5,5,4,0,400,200,5,constant,stated,0.6784994344878064,1,0,0,mixture/0.5/5/5/4
0.5,5,4,0,400,200,5,constant,geomean,0.14080127840328718,5,1,1,mixture/0.5/5/5/4
0.5,5,4,0,400,200,5,constant,ratio,0.20500000000000007,2,0,0,mixture/0.5/5/5/4
0.5,5,4,0,400,200,5,constant,ratio-half,0.20500000000000007,2,0,0,mixture/0.5/5/5/4
0.5,5,4,0,1000,200,5,constant,stated,0.5395907397331495,1,0,0,mixture/0.5/5/5/4
0.5,5,4,0,1000,200,5,constant,geomean,0.11415778554264273,5,1,1,mixture/0.5/5/5/4
0.5,5,4,0,1000,200,5,constant,ratio,0.061999999999999944,5,1,1,mixture/0.5/5/5/4
0.5,5,4,0,1000,200,5,constant,ratio-half,0.061999999999999944,5,1,1,mixture/0.5/5/5/4
0.5,5,5,0,400,200,5,constant,stated,0.6784994344878064,1,0,0,mixture/0.5/5/5/5
0.5,5,5,0,400,200,5,constant,geomean,0.12999999999999995,5,1,1,mixture/0.5/5/5/5
0.5,5,5,0,400,200,5,constant,ratio,0.09999999999999998,5,1,1,mixture/0.5/5/5/5
0.5,5,5,0,400,200,5,constant,ratio-half,0.09999999999999998,5,1,1,mixture/0.5/5/5/5
0.5,5,5,0,1000,200,5,constant,stated,0.5395907397331495,1,0,0,mixture/0.5/5/5/5
0.5,5,5,0,1000,200,5,constant,geomean,0.10818502669038822,5,1,1,mixture/0.5/5/5/5
0.5,5,5,0,1000,200,5,constant,ratio,0.05399999999999994,5,1,1,mixture/0.5/5/5/5
0.5,5,5,0,1000,200,5,constant,ratio-half,0.05399999999999994,5,1,1,mixture/0.5/5/5/5
0.5,5,6,0,400,200,5,constant,stated,0.6784994344878064,1,0,0,mixture/0.5/5/5/6
0.5,5,6,0,400,200,5,constant,geomean,0.14177446878757832,4,0,0,mixture/0.5/5/5/6
0.5,5,6,0,400,200,5,constant,ratio,0.14,4,0,0,mixture/0.5/5/5/6
0.5,5,6,0,400,200,5,constant,ratio-half,0.14,4,0,0,mixture/0.5/5/5/6
0.5,5,6,0,1000,200,5,constant,stated,0.5395907397331495,1,0,0,mixture/0.5/5/5/6
0.5,5,6,0,1000,200,5,constant,geomean,0.11192854863706582,5,1,1,mixture/0.5/5/5/6
0.5,5,6,0,1000,200,5,constant,ratio,0.050000000000000044,5,1,1,mixture/0.5/5/5/6
0.5,5,6,0,1000,200,5,constant,ratio-half,0.050000000000000044,5,1,1,mixture/0.5/5/5/6
0.5,5,7,0,400,200,5,constant,stated,0.6784994344878064,1,0,0,mixture/0.5/5/5/7
0.5,5,7,0,400,200,5,constant,geomean,0.12737739202856987,5,1,1,mixture/0.5/5/5/7
0.5,5,7,0,400,200,5,constant,ratio,0.11499999999999999,5,1,1,mixture/0.5/5/5/7
0.5,5,7,0,400,200,5,constant,ratio-half,0.11499999999999999,5,1,1,mixture/0.5/5/5/7
0.5,5,7,0,1000,200,5,constant,stated,0.5395907397331495,1,0,0,mixture/0.5/5/5/7
0.5,5,7,0,1000,200,5,constant,geomean,0.0935948716543806,5,1,1,mixture/0.5/5/5/7
0.5,5,7,0,1000,200,5,constant,ratio,0.050000000000000044,5,1,1,mixture/0.5/5/5/7
0.5,5,7,0,1000,200,5,constant,ratio-half,0.050000000000000044,5,1,1,mixture/0.5/5/5/7
0.5,5,8,0,400,200,5,constant,stated,0.6784994344878064,1,0,0,mixture/0.5/5/5/8
0.5,5,8,0,400,200,5,constant,geomean,0.11726039399558578,5,1,1,mixture/0.5/5/5/8
0.5,5,8,0,400,200,5,constant,ratio,0.14,2,0,0,mixture/0.5/5/5/8
0.5,5,8,0,400,200,5,constant,ratio-half,0.14,2,0,0,mixture/0.5/5/5/8
0.5,5,8,0,1000,200,5,constant,stated,0.5395907397331495,1,0,0,mixture/0.5/5/5/8
0.5,5,8,0,1000,200,5,constant,geomean,0.09156418513807682,5,1,1,mixture/0.5/5/5/8
0.5,5,8,0,1000,200,5,constant,ratio,0.04400000000000004,5,1,1,mixture/0.5/5/5/8
0.5,5,8,0,1000,200,5,constant,ratio-half,0.04400000000000004,5,1,1,mixture/0.5/5/5/8
0.5,5,9,0,400,200,5,constant,stated,0.6784994344878064,1,0,0,mixture/0.5/5/5/9
0.5,5,9,0,400,200,5,constant,geomean,0.1095445115010332,5,1,1,mixture/0.5/5/5/9
0.5,5,9,0,400,200,5,constant,ratio,0.08000000000000007,5,1,1,mixture/0.5/5/5/9
0.5,5,9,0,400,200,5,constant,ratio-half,0.08000000000000007,5,1,1,mixture/0.5/5/5/9
0.5,5,9,0,1000,200,5,constant,stated,0.5395907397331495,1,0,0,mixture/0.5/5/5/9
0.5,5,9,0,1000,200,5,constant,geomean,0.08037412518964039,5,1,1,mixture/0.5/5/5/9
0.5,5,9,0,1000,200,5,constant,ratio,0.05400000000000005,5,1,1,mixture/0.5/5/5/9
0.5,5,9,0,1000,200,5,constant,ratio-half,0.05400000000000005,5,1,1,mixture/0.5/5/5/9
0.5,5,10,0,400,200,5,constant,stated,0.6784994344878064,1,0,0,mixture/0.5/5/5/10
0.5,5,10,0,400,200,5,constant,geomean,0.13124404748406682,5,1,1,mixture/0.5/5/5/10
0.5,5,10,0,400,200,5,constant,ratio,0.125,5,1,1,mixture/0.5/5/5/10
0.5,5,10,0,400,200,5,constant,ratio-half,0.125,5,1,1,mixture/0.5/5/5/10
0.5,5,10,0,1000,200,5,constant,stated,0.5395907397331495,1,0,0,mixture/0.5/5/5/10
0.5,5,10,0,1000,200,5,constant,geomean,0.10677078252031318,5,1,1,mixture/0.5/5/5/10
0.5,5,10,0,1000,200,5,constant,ratio,0.06000000000000005,5,1,1,mixture/0.5/5/5/10
0.5,5,10,0,1000,200,5,constant,ratio-half,0.06000000000000005,5,1,1,mixture/0.5/5/5/10
0.5,5,11,0,400,200,5,constant,stated,0.6784994344878064,1,0,0,mixture/0.5/5/5/11
0.5,5,11,0,400,200,5,constant,geomean,0.13964240043768947,5,1,1,mixture/0.5/5/5/11
0.5,5,11,0,400,200,5,constant,ratio,0.07500000000000007,5,1,1,mixture/0.5/5/5/11
0.5,5,11,0,400,200,5,constant,ratio-half,0.07500000000000007,5,1,1,mixture/0.5/5/5/11
0.5,5,11,0,1000,200,5,constant,stated,0.5395907397331495,1,0,0,mixture/0.5/5/5/11
0.5,5,11,0,1000,200,5,constant,geomean,0.11304866208850047,5,1,1,mixture/0.5/5/5/11
0.5,5,11,0,1000,200,5,constant,ratio,0.05400000000000005,5,1,1,mixture/0.5/5/5/11
0.5,5,11,0,1000,200,5,constant,ratio-half,0.05400000000000005,5,1,1,mixture/0.5/5/5/11
0.5,5,12,0,400,200,5,constant,stated,0.6784994344878064,1,0,0,mixture/0.5/5/5/12
0.5,5,12,0,400,200,5,constant,geomean,0.12124355652982147,5,1,1,mixture/0.5/5/5/12
0.5,5,12,0,400,200,5,constant,ratio,0.13,4,0,0,mixture/0.5/5/5/12
0.5,5,12,0,400,200,5,constant,ratio-half,0.13,4,0,0,mixture/0.5/5/5/12
0.5,5,12,0,1000,200,5,constant,stated,0.5395907397331495,1,0,0,mixture/0.5/5/5/12
0.5,5,12,0,1000,200,5,constant,geomean,0.09822423326246944,5,1,1,mixture/0.5/5/5/12
0.5,5,12,0,1000,200,5,constant,ratio,0.05599999999999994,5,1,1,mixture/0.5/5/5/12
0.5,5,12,0,1000,200,5,constant,ratio-half,0.05599999999999994,5,1,1,mixture/0.5/5/5/12
0.5,5,13,0,400,200,5,constant,stated,0.6784994344878064,1,0,0,mixture/0.5/5/5/13
0.5,5,13,0,400,200,5,constant,geomean,0.13964240043768947,4,0,0,mixture/0.5/5/5/13
0.5,5,13,0,400,200,5,constant,ratio,0.17000000000000004,3,0,0,mixture/0.5/5/5/13
0.5,5,13,0,400,200,5,constant,ratio-half,0.17000000000000004,3,0,0,mixture/0.5/5/5/13
0.5,5,13,0,1000,200,5,constant,stated,0.5395907397331495,1,0,0,mixture/0.5/5/5/13
0.5,5,13,0,1000,200,5,constant,geomean,0.10641428475538411,5,1,1,mixture/0.5/5/5/13
0.5,5,13,0,1000,200,5,constant,ratio,0.15600000000000003,3,0,0,mixture/0.5/5/5/13
0.5,5,13,0,1000,200,5,constant,ratio-half,0.15600000000000003,3,0,0,mixture/0.5/5/5/13
0.5,5,14,0,400,200,5,constant,stated,0.6784994344878064,1,0,0,mixture/0.5/5/5/14
0.5,5,14,0,400,200,5,constant,geomean,0.11821590417536883,5,1,1,mixture/0.5/5/5/14
0.5,5,14,0,400,200,5,constant,ratio,0.09499999999999997,5,1,1,mixture/0.5/5/5/14
0.5,5,14,0,400,200,5,constant,ratio-half,0.09499999999999997,5,1,1,mixture/0.5/5/5/14
0.5,5,14,0,1000,200,5,constant,stated,0.5395907397331495,1,0,0,mixture/0.5/5/5/14
0.5,5,14,0,1000,200,5,constant,geomean,0.08818163074019444,5,1,1,mixture/0.5/5/5/14
0.5,5,14,0,1000,200,5,constant,ratio,0.04799999999999993,5,1,1,mixture/0.5/5/5/14
0.5,5,14,0,1000,200,5,constant,ratio-half,0.04799999999999993,5,1,1,mixture/0.5/5/5/14
0.5,5,15,0,400,200,5,constant,stated,0.6784994344878064,1,0,0,mixture/0.5/5/5/15
0.5,5,15,0,400,200,5,constant,geomean,0.11958260743101391,5,1,1,mixture/0.5/5/5/15
0.5,5,15,0,400,200,5,constant,ratio,0.06999999999999995,5,1,1,mixture/0.5/5/5/15
0.5,5,15,0,400,200,5,constant,ratio-half,0.06999999999999995,5,1,1,mixture/0.5/5/5/15
0.5,5,15,0,1000,200,5,constant,stated,0.5395907397331495,1,0,0,mixture/0.5/5/5/15
0.5,5,15,0,1000,200,5,constant,geomean,0.08625543461139133,5,1,1,mixture/0.5/5/5/15
0.5,5,15,0,1000,200,5,constant,ratio,0.040000000000000036,5,1,1,mixture/0.5/5/5/15
0.5,5,15,0,1000,200,5,constant,ratio-half,0.040000000000000036,5,1,1,mixture/0.5/5/5/15
0.5,5,16,0,400,200,5,constant,stated,0.6784994344878064,1,0,0,mixture/0.5/5/5/16
0.5,5,16,0,400,200,5,constant,geomean,0.11999999999999994,5,1,1,mixture/0.5/5/5/16
0.5,5,16,0,400,200,5,constant,ratio,0.09499999999999997,5,1,1,mixture/0.5/5/5/16
0.5,5,16,0,400,200,5,constant,ratio-half,0.09499999999999997,5,1,1,mixture/0.5/5/5/16
0.5,5,16,0,1000,200,5,constant,stated,0.5395907397331495,1,0,0,mixture/0.5/5/5/16
0.5,5,16,0,1000,200,5,constant,geomean,0.09256349172324911,5,1,1,mixture/0.5/5/5/16
0.5,5,16,0,1000,200,5,constant,ratio,0.050000000000000044,5,1,1,mixture/0.5/5/5/16
0.5,5,16,0,1000,200,5,constant,ratio-half,0.050000000000000044,5,1,1,mixture/0.5/5/5/16
0.5,5,17,0,400,200,5,constant,stated,0.6784994344878064,1,0,0,mixture/0.5/5/5/17
0.5,5,17,0,400,200,5,constant,geomean,0.15556349186104051,5,1,1,mixture/0.5/5/5/17
0.5,5,17,0,400,200,5,constant,ratio,0.09999999999999998,5,1,1,mixture/0.5/5/5/17
0.5,5,17,0,400,200,5,constant,ratio-half,0.09999999999999998,5,1,1,mixture/0.5/5/5/17
0.5,5,17,0,1000,200,5,constant,stated,0.5395907397331495,1,0,0,mixture/0.5/5/5/17
0.5,5,17,0,1000,200,5,constant,geomean,0.13096564434995928,5,1,1,mixture/0.5/5/5/17
0.5,5,17,0,1000,200,5,constant,ratio,0.061999999999999944,5,1,1,mixture/0.5/5/5/17
0.5,5,17,0,1000,200,5,constant,ratio-half,0.061999999999999944,5,1,1,mixture/0.5/5/5/17
0.5,5,18,0,400,200,5,constant,stated,0.6784994344878064,1,0,0,mixture/0.5/5/5/18
0.5,5,18,0,400,200,5,constant,geomean,0.12845232578665122,5,1,1,mixture/0.5/5/5/18
0.5,5,18,0,400,200,5,constant,ratio,0.08500000000000019,5,1,1,mixture/0.5/5/5/18
0.5,5,18,0,400,200,5,constant,ratio-half,0.08500000000000019,5,1,1,mixture/0.5/5/5/18
0.5,5,18,0,1000,200,5,constant,stated,0.5395907397331495,1,0,0,mixture/0.5/5/5/18
0.5,5,18,0,1000,200,5,constant,geomean,0.10217631819555845,5,1,1,mixture/0.5/5/5/18
0.5,5,18,0,1000,200,5,constant,ratio,0.06400000000000006,5,1,1,mixture/0.5/5/5/18
0.5,5,18,0,1000,200,5,constant,ratio-half,0.06400000000000006,5,1,1,mixture/0.5/5/5/18
0.5,5,19,0,400,200,5,constant,stated,0.6784994344878064,1,0,0,mixture/0.5/5/5/19
0.5,5,19,0,400,200,5,constant,geomean,0.1248999599679679,5,1,1,mixture/0.5/5/5/19
0.5,5,19,0,400,200,5,constant,ratio,0.08999999999999986,5,1,1,mixture/0.5/5/5/19
0.5,5,19,0,400,200,5,constant,ratio-half,0.08999999999999986,5,1,1,mixture/0.5/5/5/19
0.5,5,19,0,1000,200,5,constant,stated,0.5395907397331495,1,0,0,mixture/0.5/5/5/19
0.5,5,19,0,1000,200,5,constant,geomean,0.08908422980528038,5,1,1,mixture/0.5/5/5/19
0.5,5,19,0,1000,200,5,constant,ratio,0.04400000000000004,5,1,1,mixture/0.5/5/5/19
0.5,5,19,0,1000,200,5,constant,ratio-half,0.04400000000000004,5,1,1,mixture/0.5/5/5/19
0.5,6,0,0,400,200,5,constant,stated,0.6784994344878064,1,0,0,mixture/0.5/6/5/0
0.5,6,0,0,400,200,5,constant,geomean,0.12072696467649627,6,1,1,mixture/0.5/6/5/0
0.5,6,0,0,400,200,5,constant,ratio,0.09000000000000002,6,1,1,mixture/0.5/6/5/0
0.5,6,0,0,400,200,5,constant,ratio-half,0.09000000000000002,6,1,1,mixture/0.5/6/5/0
0.5,6,0,0,1000,200,5,constant,stated,0.5395907397331495,1,0,0,mixture/0.5/6/5/0
0.5,6,0,0,1000,200,5,constant,geomean,0.09165151389911683,6,1,1,mixture/0.5/6/5/0
0.5,6,0,0,1000,200,5,constant,ratio,0.04400000000000004,6,1,1,mixture/0.5/6/5/0
0.5,6,0,0,1000,200,5,constant,ratio-half,0.04400000000000004,6,1,1,mixture/0.5/6/5/0
0.5,6,1,0,400,200,5,constant,stated,0.6784994344878064,1,0,0,mixture/0.5/6/5/1
0.5,6,1,0,400,200,5,constant,geomean,0.14645818515876818,6,1,1,mixture/0.5/6/5/1
0.5,6,1,0,400,200,5,constant,ratio,0.22000000000000008,2,0,0,mixture/0.5/6/5/1
0.5,6,1,0,400,200,5,constant,ratio-half,0.22000000000000008,2,0,0,mixture/0.5/6/5/1
0.5,6,1,0,1000,200,5,constant,stated,0.5395907397331495,1,0,0,mixture/0.5/6/5/1
0.5,6,1,0,1000,200,5,constant,geomean,0.1059245014149229,6,1,1,mixture/0.5/6/5/1
0.5,6,1,0,1000,200,5,constant,ratio,0.052000000000000046,6,1,1,mixture/0.5/6/5/1
0.5,6,1,0,1000,200,5,constant,ratio-half,0.052000000000000046,6,1,1,mixture/0.5/6/5/1
0.5,6,2,0,400,200,5,constant,stated,0.6784994344878064,1,0,0,mixture/0.5/6/5/2
0.5,6,2,0,400,200,5,constant,geomean,0.13747727084867511,6,1,1,mixture/0.5/6/5/2
0.5,6,2,0,400,200,5,constant,ratio,0.20999999999999996,3,0,0,mixture/0.5/6/5/2
0.5,6,2,0,400,200,5,constant,ratio-half,0.20999999999999996,3,0,0,mixture/0.5/6/5/2
0.5,6,2,0,1000,200,5,constant,stated,0.5395907397331495,1,0,0,mixture/0.5/6/5/2
0.5,6,2,0,1000,200,5,constant,geomean,0.10213716267842969,6,1,1,mixture/0.5/6/5/2
0.5,6,2,0,1000,200,5,constant,ratio,0.06999999999999995,6,1,1,mixture/0.5/6/5/2
0.5,6,2,0,1000,200,5,constant,ratio-half,0.06999999999999995,6,1,1,mixture/0.5/6/5/2
0.5,6,3,0,400,200,5,constant,stated,0.6784994344878064,1,0,0,mixture/0.5/6/5/3
0.5,6,3,0,400,200,5,constant,geomean,0.1581929201955637,6,1,1,mixture/0.5/6/5/3
0.5,6,3,0,400,200,5,constant,ratio,0.11499999999999999,6,1,1,mixture/0.5/6/5/3
0.5,6,3,0,400,200,5,constant,ratio-half,0.11499999999999999,6,1,1,mixture/0.5/6/5/3
0.5,6,3,0,1000,200,5,constant,stated,0.5395907397331495,1,0,0,mixture/0.5/6/5/3
0.5,6,3,0,1000,200,5,constant,geomean,0.11665333257134154,6,1,1,mixture/0.5/6/5/3
0.5,6,3,0,1000,200,5,constant,ratio,0.06999999999999984,6,1,1,mixture/0.5/6/5/3
0.5,6,3,0,1000,200,5,constant,ratio-half,0.06999999999999984,6,1,1,mixture/0.5/6/5/3
0.5,6,4,0,400,200,5,constant,stated,0.6784994344878064,1,0,0,mixture/0.5/6/5/4
0.5,6,4,0,400,200,5,constant,geomean,0.13964240043768947,4,0,0,mixture/0.5/6/5/4
0.5,6,4,0,400,200,5,constant,ratio,0.21000000000000008,2,0,0,mixture/0.5/6/5/4
0.5,6,4,0,400,200,5,constant,ratio-half,0.21000000000000008,2,0,0,mixture/0.5/6/5/4
0.5,6,4,0,1000,200,5,constant,stated,0.5395907397331495,1,0,0,mixture/0.5/6/5/4
0.5,6,4,0,1000,200,5,constant,geomean,0.10688311372709915,6,1,1,mixture/0.5/6/5/4
0.5,6,4,0,1000,200,5,constant,ratio,0.050000000000000044,6,1,1,mixture/0.5/6/5/4
0.5,6,4,0,1000,200,5,constant,ratio-half,0.050000000000000044,6,1,1,mixture/0.5/6/5/4
0.5,6,5,0,400,200,5,constant,stated,0.6784994344878064,1,0,0,mixture/0.5/6/5/5
0.5,6,5,0,400,200,5,constant,geomean,0.1643167672515499,6,1,1,mixture/0.5/6/5/5
0.5,6,5,0,400,200,5,constant,ratio,0.2599999999999999,2,0,0,mixture/0.5/6/5/5
0.5,6,5,0,400,200,5,constant,ratio-half,0.2599999999999999,2,0,0,mixture/0.5/6/5/5
0.5,6,5,0,1000,200,5,constant,stated,0.5395907397331495,1,0,0,mixture/0.5/6/5/5
0.5,6,5,0,1000,200,5,constant,geomean,0.13347658970770873,6,1,1,mixture/0.5/6/5/5
0.5,6,5,0,1000,200,5,constant,ratio,0.05800000000000005,6,1,1,mixture/0.5/6/5/5
0.5,6,5,0,1000,200,5,constant,ratio-half,0.05800000000000005,6,1,1,mixture/0.5/6/5/5
0.5,6,6,0,400,200,5,constant,stated,0.6784994344878064,1,0,0,mixture/0.5/6/5/6
0.5,6,6,0,400,200,5,constant,geomean,0.1336974195712093,6,1,1,mixture/0.5/6/5/6
0.5,6,6,0,400,200,5,constant,ratio,0.07999999999999996,6,1,1,mixture/0.5/6/5/6
0.5,6,6,0,400,200,5,constant,ratio-half,0.07999999999999996,6,1,1,mixture/0.5/6/5/6
0.5,6,6,0,1000,200,5,constant,stated,0.5395907397331495,1,0,0,mixture/0.5/6/5/6
0.5,6,6,0,1000,200,5,constant,geomean,0.10069756700139289,6,1,1,mixture/0.5/6/5/6
0.5,6,6,0,1000,200,5,constant,ratio,0.04400000000000004,6,1,1,mixture/0.5/6/5/6
0.5,6,6,0,1000,200,5,constant,ratio-half,0.04400000000000004,6,1,1,mixture/0.5/6/5/6
0.5,6,7,0,400,200,5,constant,stated,0.6784994344878064,1,0,0,mixture/0.5/6/5/7
0.5,6,7,0,400,200,5,constant,geomean,0.13247641299491764,6,1,1,mixture/0.5/6/5/7
0.5,6,7,0,400,200,5,constant,ratio,0.14500000000000002,5,0,0,mixture/0.5/6/5/7
0.5,6,7,0,400,200,5,constant,ratio-half,0.14500000000000002,5,0,0,mixture/0.5/6/5/7
0.5,6,7,0,1000,200,5,constant,stated,0.5395907397331495,1,0,0,mixture/0.5/6/5/7
0.5,6,7,0,1000,200,5,constant,geomean,0.10003999200319845,6,1,1,mixture/0.5/6/5/7
0.5,6,7,0,1000,200,5,constant,ratio,0.06400000000000006,6,1,1,mixture/0.5/6/5/7
0.5,6,7,0,1000,200,5,constant,ratio-half,0.06400000000000006,6,1,1,mixture/0.5/6/5/7
0.5,6,8,0,400,200,5,constant,stated,0.6784994344878064,1,0,0,mixture/0.5/6/5/8
0.5,6,8,0,400,200,5,constant,geomean,0.12845232578665136,6,1,1,mixture/0.5/6/5/8
0.5,6,8,0,400,200,5,constant,ratio,0.07999999999999996,6,1,1,mixture/0.5/6/5/8
0.5,6,8,0,400,200,5,constant,ratio-half,0.07999999999999996,6,1,1,mixture/0.5/6/5/8
0.5,6,8,0,1000,200,5,constant,stated,0.5395907397331495,1,0,0,mixture/0.5/6/5/8
0.5,6,8,0,1000,200,5,constant,geomean,0.09581231653602791,6,1,1,mixture/0.5/6/5/8
0.5,6,8,0,1000,200,5,constant,ratio,0.05599999999999994,6,1,1,mixture/0.5/6/5/8
0.5,6,8,0,1000,200,5,constant,ratio-half,0.05599999999999994,6,1,1,mixture/0.5/6/5/8
0.5,6,9,0,400,200,5,constant,stated,0.6784994344878064,1,0,0,mixture/0.5/6/5/9
0.5,6,9,0,400,200,5,constant,geomean,0.13490737563232047,7,0,0,mixture/0.5/6/5/9
0.5,6,9,0,400,200,5,constant,ratio,0.19000000000000006,4,0,0,mixture/0.5/6/5/9
0.5,6,9,0,400,200,5,constant,ratio-half,0.19000000000000006,4,0,0,mixture/0.5/6/5/9
0.5,6,9,0,1000,200,5,constant,stated,0.5395907397331495,1,0,0,mixture/0.5/6/5/9
0.5,6,9,0,1000,200,5,constant,geomean,0.10278132126023683,6,1,1,mixture/0.5/6/5/9
0.5,6,9,0,1000,200,5,constant,ratio,0.08399999999999996,6,1,1,mixture/0.5/6/5/9
0.5,6,9,0,1000,200,5,constant,ratio-half,0.08399999999999996,6,1,1,mixture/0.5/6/5/9
0.5,6,10,0,400,200,5,constant,stated,0.6784994344878064,1,0,0,mixture/0.5/6/5/10
0.5,6,10,0,400,200,5,constant,geomean,0.15491933384829673,5,0,0,mixture/0.5/6/5/10
0.5,6,10,0,400,200,5,constant,ratio,0.21500000000000008,2,0,0,mixture/0.5/6/5/10
0.5,6,10,0,400,200,5,constant,ratio-half,0.21500000000000008,2,0,0,mixture/0.5/6/5/10
0.5,6,10,0,1000,200,5,constant,stated,0.5395907397331495,1,0,0,mixture/0.5/6/5/10
0.5,6,10,0,1000,200,5,constant,geomean,0.11366617790706261,6,1,1,mixture/0.5/6/5/10
0.5,6,10,0,1000,200,5,constant,ratio,0.05999999999999994,6,1,1,mixture/0.5/6/5/10
0.5,6,10,0,1000,200,5,constant,ratio-half,0.05999999999999994,6,1,1,mixture/0.5/6/5/10
0.5,6,11,0,400,200,5,constant,stated,0.6784994344878064,1,0,0,mixture/0.5/6/5/11
0.5,6,11,0,400,200,5,constant,geomean,0.1489966442575135,5,0,0,mixture/0.5/6/5/11
0.5,6,11,0,400,200,5,constant,ratio,0.25,2,0,0,mixture/0.5/6/5/11
0.5,6,11,0,400,200,5,constant,ratio-half,0.25,2,0,0,mixture/0.5/6/5/11
0.5,6,11,0,1000,200,5,constant,stated,0.5395907397331495,1,0,0,mixture/0.5/6/5/11
0.5,6,11,0,1000,200,5,constant,geomean,0.11632712495372698,6,1,1,mixture/0.5/6/5/11
0.5,6,11,0,1000,200,5,constant,ratio,0.15600000000000003,4,0,0,mixture/0.5/6/5/11
0.5,6,11,0,1000,200,5,constant,ratio-half,0.15600000000000003,4,0,0,mixture/0.5/6/5/11
0.5,6,12,0,400,200,5,constant,stated,0.6784994344878064,1,0,0,mixture/0.5/6/5/12
0.5,6,12,0,400,200,5,constant,geomean,0.15874507866387538,5,0,0,mixture/0.5/6/5/12
0.5,6,12,0,400,200,5,constant,ratio,0.20499999999999996,2,0,0,mixture/0.5/6/5/12
0.5,6,12,0,400,200,5,constant,ratio-half,0.20499999999999996,2,0,0,mixture/0.5/6/5/12
0.5,6,12,0,1000,200,5,constant,stated,0.5395907397331495,1,0,0,mixture/0.5/6/5/12
0.5,6,12,0,1000,200,5,constant,geomean,0.12396773773849394,6,1,1,mixture/0.5/6/5/12
0.5,6,12,0,1000,200,5,constant,ratio,0.05400000000000005,6,1,1,mixture/0.5/6/5/12
0.5,6,12,0,1000,200,5,constant,ratio-half,0.05400000000000005,6,1,1,mixture/0.5/6/5/12
0.5,6,13,0,400,200,5,constant,stated,0.6784994344878064,1,0,0,mixture/0.5/6/5/13
0.5,6,13,0,400,200,5,constant,geomean,0.13610657588816194,5,0,0,mixture/0.5/6/5/13
0.5,6,13,0,400,200,5,constant,ratio,0.15500000000000003,4,0,0,mixture/0.5/6/5/13
0.5,6,13,0,400,200,5,constant,ratio-half,0.15500000000000003,4,0,0,mixture/0.5/6/5/13
0.5,6,13,0,1000,200,5,constant,stated,0.5395907397331495,1,0,0,mixture/0.5/6/5/13
0.5,6,13,0,1000,200,5,constant,geomean,0.10003999200319845,6,1,1,mixture/0.5/6/5/13
0.5,6,13,0,1000,200,5,constant,ratio,0.05399999999999994,6,1,1,mixture/0.5/6/5/13
0.5,6,13,0,1000,200,5,constant,ratio-half,0.05399999999999994,6,1,1,mixture/0.5/6/5/13
0.5,6,14,0,400,200,5,constant,stated,0.6784994344878064,2,0,0,mixture/0.5/6/5/14
0.5,6,14,0,400,200,5,constant,geomean,0.278208554864871,4,0,0,mixture/0.5/6/5/14
0.5,6,14,0,400,200,5,constant,ratio,0.30000000000000004,2,0,0,mixture/0.5/6/5/14
0.5,6,14,0,400,200,5,constant,ratio-half,0.30000000000000004,2,0,0,mixture/0.5/6/5/14
0.5,6,14,0,1000,200,5,constant,stated,0.5395907397331495,2,0,0,mixture/0.5/6/5/14
0.5,6,14,0,1000,200,5,constant,geomean,0.2104471430074546,5,0,0,mixture/0.5/6/5/14
0.5,6,14,0,1000,200,5,constant,ratio,0.32000000000000006,2,0,0,mixture/0.5/6/5/14
0.5,6,14,0,1000,200,5,constant,ratio-half,0.32000000000000006,2,0,0,mixture/0.5/6/5/14
0.5,6,15,0,400,200,5,constant,stated,0.6784994344878064,1,0,0,mixture/0.5/6/5/15
0.5,6,15,0,400,200,5,constant,geomean,0.1361065758881619,6,1,1,mixture/0.5/6/5/15
0.5,6,15,0,400,200,5,constant,ratio,0.12499999999999989,6,1,1,mixture/0.5/6/5/15
0.5,6,15,0,400,200,5,constant,ratio-half,0.12499999999999989,6,1,1,mixture/0.5/6/5/15
0.5,6,15,0,1000,200,5,constant,stated,0.5395907397331495,1,0,0,mixture/0.5/6/5/15
0.5,6,15,0,1000,200,5,constant,geomean,0.10099504938362083,6,1,1,mixture/0.5/6/5/15
0.5,6,15,0,1000,200,5,constant,ratio,0.05999999999999983,6,1,1,mixture/0.5/6/5/15
0.5,6,15,0,1000,200,5,constant,ratio-half,0.05999999999999983,6,1,1,mixture/0.5/6/5/15
0.5,6,16,0,400,200,5,constant,stated,0.6784994344878064,1,0,0,mixture/0.5/6/5/16
0.5,6,16,0,400,200,5,constant,geomean,0.15099668870541508,6,1,1,mixture/0.5/6/5/16
0.5,6,16,0,400,200,5,constant,ratio,0.09999999999999987,6,1,1,mixture/0.5/6/5/16
0.5,6,16,0,400,200,5,constant,ratio-half,0.09999999999999987,6,1,1,mixture/0.5/6/5/16
0.5,6,16,0,1000,200,5,constant,stated,0.5395907397331495,1,0,0,mixture/0.5/6/5/16
0.5,6,16,0,1000,200,5,constant,geomean,0.12089665007765918,6,1,1,mixture/0.5/6/5/16
0.5,6,16,0,1000,200,5,constant,ratio,0.053999999999999826,6,1,1,mixture/0.5/6/5/16
0.5,6,16,0,1000,200,5,constant,ratio-half,0.053999999999999826,6,1,1,mixture/0.5/6/5/16
0.5,6,17,0,400,200,5,constant,stated,0.6784994344878064,1,0,0,mixture/0.5/6/5/17
0.5,6,17,0,400,200,5,constant,geomean,0.1336974195712094,5,0,0,mixture/0.5/6/5/17
0.5,6,17,0,400,200,5,constant,ratio,0.1100000000000001,5,0,0,mixture/0.5/6/5/17
0.5,6,17,0,400,200,5,constant,ratio-half,0.1100000000000001,5,0,0,mixture/0.5/6/5/17
0.5,6,17,0,1000,200,5,constant,stated,0.5395907397331495,1,0,0,mixture/0.5/6/5/17
0.5,6,17,0,1000,200,5,constant,geomean,0.1029951455166699,6,1,1,mixture/0.5/6/5/17
0.5,6,17,0,1000,200,5,constant,ratio,0.06400000000000006,6,1,1,mixture/0.5/6/5/17
0.5,6,17,0,1000,200,5,constant,ratio-half,0.06400000000000006,6,1,1,mixture/0.5/6/5/17
0.5,6,18,0,400,200,5,constant,stated,0.6784994344878064,1,0,0,mixture/0.5/6/5/18
0.5,6,18,0,400,200,5,constant,geomean,0.13190905958272914,5,0,0,mixture/0.5/6/5/18
0.5,6,18,0,400,200,5,constant,ratio,0.14500000000000002,4,0,0,mixture/0.5/6/5/18
0.5,6,18,0,400,200,5,constant,ratio-half,0.14500000000000002,4,0,0,mixture/0.5/6/5/18
0.5,6,18,0,1000,200,5,constant,stated,0.5395907397331495,1,0,0,mixture/0.5/6/5/18
0.5,6,18,0,1000,200,5,constant,geomean,0.0989545350148239,6,1,1,mixture/0.5/6/5/18
0.5,6,18,0,1000,200,5,constant,ratio,0.05999999999999994,6,1,1,mixture/0.5/6/5/18
0.5,6,18,0,1000,200,5,constant,ratio-half,0.05999999999999994,6,1,1,mixture/0.5/6/5/18
0.5,6,19,0,400,200,5,constant,stated,0.6784994344878064,1,0,0,mixture/0.5/6/5/19
0.5,6,19,0,400,200,5,constant,geomean,0.13095800853708792,5,0,0,mixture/0.5/6/5/19
0.5,6,19,0,400,200,5,constant,ratio,0.15000000000000002,2,0,0,mixture/0.5/6/5/19
0.5,6,19,0,400,200,5,constant,ratio-half,0.15000000000000002,2,0,0,mixture/0.5/6/5/19
0.5,6,19,0,1000,200,5,constant,stated,0.5395907397331495,1,0,0,mixture/0.5/6/5/19
0.5,6,19,0,1000,200,5,constant,geomean,0.10000000000000005,6,1,1,mixture/0.5/6/5/19
0.5,6,19,0,1000,200,5,constant,ratio,0.052000000000000046,6,1,1,mixture/0.5/6/5/19
0.5,6,19,0,1000,200,5,constant,ratio-half,0.052000000000000046,6,1,1,mixture/0.5/6/5/19
0.5,7,0,0,400,200,5,constant,stated,0.6784994344878064,1,0,0,mixture/0.5/7/5/0
0.5,7,0,0,400,200,5,constant,geomean,0.15968719422671304,11,0,0,mixture/0.5/7/5/0
0.5,7,0,0,400,200,5,constant,ratio,0.19499999999999995,3,0,0,mixture/0.5/7/5/0
0.5,7,0,0,400,200,5,constant,ratio-half,0.19499999999999995,3,0,0,mixture/0.5/7/5/0
0.5,7,0,0,1000,200,5,constant,stated,0.5395907397331495,1,0,0,mixture/0.5/7/5/0
0.5,7,0,0,1000,200,5,constant,geomean,0.11919731540601076,7,1,0,mixture/0.5/7/5/0
0.5,7,0,0,1000,200,5,constant,ratio,0.19200000000000006,3,0,0,mixture/0.5/7/5/0
0.5,7,0,0,1000,200,5,constant,ratio-half,0.19200000000000006,3,0,0,mixture/0.5/7/5/0
0.5,7,1,0,400,200,5,constant,stated,0.6784994344878064,1,0,0,mixture/0.5/7/5/1
0.5,7,1,0,400,200,5,constant,geomean,0.13964240043768947,6,0,0,mixture/0.5/7/5/1
0.5,7,1,0,400,200,5,constant,ratio,0.19000000000000006,4,0,0,mixture/0.5/7/5/1
0.5,7,1,0,400,200,5,constant,ratio-half,0.19000000000000006,4,0,0,mixture/0.5/7/5/1
0.5,7,1,0,1000,200,5,constant,stated,0.5395907397331495,1,0,0,mixture/0.5/7/5/1
0.5,7,1,0,1000,200,5,constant,geomean,0.10814804667676624,6,0,0,mixture/0.5/7/5/1
0.5,7,1,0,1000,200,5,constant,ratio,0.10199999999999998,6,0,0,mixture/0.5/7/5/1
0.5,7,1,0,1000,200,5,constant,ratio-half,0.10199999999999998,6,0,0,mixture/0.5/7/5/1
0.5,7,2,0,400,200,5,constant,stated,0.6784994344878064,1,0,0,mixture/0.5/7/5/2
0.5,7,2,0,400,200,5,constant,geomean,0.1407124727947028,7,1,1,mixture/0.5/7/5/2
0.5,7,2,0,400,200,5,constant,ratio,0.1150000000000001,7,1,1,mixture/0.5/7/5/2
0.5,7,2,0,400,200,5,constant,ratio-half,0.1150000000000001,7,1,1,mixture/0.5/7/5/2
0.5,7,2,0,1000,200,5,constant,stated,0.5395907397331495,1,0,0,mixture/0.5/7/5/2
0.5,7,2,0,1000,200,5,constant,geomean,0.10244998779892563,7,1,1,mixture/0.5/7/5/2
0.5,7,2,0,1000,200,5,constant,ratio,0.062000000000000055,7,1,1,mixture/0.5/7/5/2
0.5,7,2,0,1000,200,5,constant,ratio-half,0.062000000000000055,7,1,1,mixture/0.5/7/5/2
0.5,7,3,0,400,200,5,constant,stated,0.6784994344878064,1,0,0,mixture/0.5/7/5/3
0.5,7,3,0,400,200,5,constant,geomean,0.1641645515938201,6,0,0,mixture/0.5/7/5/3
0.5,7,3,0,400,200,5,constant,ratio,0.10499999999999998,6,0,0,mixture/0.5/7/5/3
0.5,7,3,0,400,200,5,constant,ratio-half,0.10499999999999998,6,0,0,mixture/0.5/7/5/3
0.5,7,3,0,1000,200,5,constant,stated,0.5395907397331495,2,0,0,mixture/0.5/7/5/3
0.5,7,3,0,1000,200,5,constant,geomean,0.13145341380123993,6,0,0,mixture/0.5/7/5/3
0.5,7,3,0,1000,200,5,constant,ratio,0.08399999999999996,6,0,0,mixture/0.5/7/5/3
0.5,7,3,0,1000,200,5,constant,ratio-half,0.08399999999999996,6,0,0,mixture/0.5/7/5/3
0.5,7,4,0,400,200,5,constant,stated,0.6784994344878064,1,0,0,mixture/0.5/7/5/4
0.5,7,4,0,400,200,5,constant,geomean,0.13964240043768933,7,1,1,mixture/0.5/7/5/4
0.5,7,4,0,400,200,5,constant,ratio,0.08500000000000019,7,1,1,mixture/0.5/7/5/4
0.5,7,4,0,400,200,5,constant,ratio-half,0.08500000000000019,7,1,1,mixture/0.5/7/5/4
0.5,7,4,0,1000,200,5,constant,stated,0.5395907397331495,1,0,0,mixture/0.5/7/5/4
0.5,7,4,0,1000,200,5,constant,geomean,0.1130663522008206,7,1,1,mixture/0.5/7/5/4
0.5,7,4,0,1000,200,5,constant,ratio,0.052000000000000046,7,1,1,mixture/0.5/7/5/4
0.5,7,4,0,1000,200,5,constant,ratio-half,0.052000000000000046,7,1,1,mixture/0.5/7/5/4
0.5,7,5,0,400,200,5,constant,stated,0.6784994344878064,1,0,0,mixture/0.5/7/5/5
0.5,7,5,0,400,200,5,constant,geomean,0.09949874371066206,7,1,1,mixture/0.5/7/5/5
0.5,7,5,0,400,200,5,constant,ratio,0.07999999999999996,7,1,1,mixture/0.5/7/5/5
0.5,7,5,0,400,200,5,constant,ratio-half,0.07999999999999996,7,1,1,mixture/0.5/7/5/5
0.5,7,5,0,1000,200,5,constant,stated,0.5395907397331495,1,0,0,mixture/0.5/7/5/5
0.5,7,5,0,1000,200,5,constant,geomean,0.0779743547584716,7,1,1,mixture/0.5/7/5/5
0.5,7,5,0,1000,200,5,constant,ratio,0.04799999999999993,7,1,1,mixture/0.5/7/5/5
0.5,7,5,0,1000,200,5,constant,ratio-half,0.04799999999999993,7,1,1,mixture/0.5/7/5/5
0.5,7,6,0,400,200,5,constant,stated,0.6784994344878064,1,0,0,mixture/0.5/7/5/6
0.5,7,6,0,400,200,5,constant,geomean,0.12227019260637488,10,0,0,mixture/0.5/7/5/6
0.5,7,6,0,400,200,5,constant,ratio,0.13,6,0,0,mixture/0.5/7/5/6
0.5,7,6,0,400,200,5,constant,ratio-half,0.13,6,0,0,mixture/0.5/7/5/6
0.5,7,6,0,1000,200,5,constant,stated,0.5395907397331495,1,0,0,mixture/0.5/7/5/6
0.5,7,6,0,1000,200,5,constant,geomean,0.09633275663033843,7,1,1,mixture/0.5/7/5/6
0.5,7,6,0,1000,200,5,constant,ratio,0.09799999999999998,6,0,0,mixture/0.5/7/5/6
0.5,7,6,0,1000,200,5,constant,ratio-half,0.09799999999999998,6,0,0,mixture/0.5/7/5/6
0.5,7,7,0,400,200,5,constant,stated,0.6784994344878064,1,0,0,mixture/0.5/7/5/7
0.5,7,7,0,400,200,5,constant,geomean,0.1856071119327058,5,0,0,mixture/0.5/7/5/7
0.5,7,7,0,400,200,5,constant,ratio,0.30000000000000004,3,0,0,mixture/0.5/7/5/7
0.5,7,7,0,400,200,5,constant,ratio-half,0.30000000000000004,3,0,0,mixture/0.5/7/5/7
0.5,7,7,0,1000,200,5,constant,stated,0.5395907397331495,1,0,0,mixture/0.5/7/5/7
0.5,7,7,0,1000,200,5,constant,geomean,0.13839075113604962,7,1,1,mixture/0.5/7/5/7
0.5,7,7,0,1000,200,5,constant,ratio,0.08399999999999996,7,1,1,mixture/0.5/7/5/7
0.5,7,7,0,1000,200,5,constant,ratio-half,0.08399999999999996,7,1,1,mixture/0.5/7/5/7
0.5,7,8,0,400,200,5,constant,stated,0.6784994344878064,1,0,0,mixture/0.5/7/5/8
0.5,7,8,0,400,200,5,constant,geomean,0.11747340124470727,7,1,1,mixture/0.5/7/5/8
0.5,7,8,0,400,200,5,constant,ratio,0.09999999999999987,7,1,1,mixture/0.5/7/5/8
0.5,7,8,0,400,200,5,constant,ratio-half,0.09999999999999987,7,1,1,mixture/0.5/7/5/8
0.5,7,8,0,1000,200,5,constant,stated,0.5395907397331495,1,0,0,mixture/0.5/7/5/8
0.5,7,8,0,1000,200,5,constant,geomean,0.08836288813749812,7,1,1,mixture/0.5/7/5/8
0.5,7,8,0,1000,200,5,constant,ratio,0.04600000000000004,7,1,1,mixture/0.5/7/5/8
0.5,7,8,0,1000,200,5,constant,ratio-half,0.04600000000000004,7,1,1,mixture/0.5/7/5/8
0.5,7,9,0,400,200,5,constant,stated,0.6784994344878064,1,0,0,mixture/0.5/7/5/9
0.5,7,9,0,400,200,5,constant,geomean,0.1519868415357067,6,0,0,mixture/0.5/7/5/9
0.5,7,9,0,400,200,5,constant,ratio,0.255,2,0,0,mixture/0.5/7/5/9
0.5,7,9,0,400,200,5,constant,ratio-half,0.255,2,0,0,mixture/0.5/7/5/9
0.5,7,9,0,1000,200,5,constant,stated,0.5395907397331495,1,0,0,mixture/0.5/7/5/9
0.5,7,9,0,1000,200,5,constant,geomean,0.11838918869559,7,1,1,mixture/0.5/7/5/9
0.5,7,9,0,1000,200,5,constant,ratio,0.050000000000000044,7,1,1,mixture/0.5/7/5/9
0.5,7,9,0,1000,200,5,constant,ratio-half,0.050000000000000044,7,1,1,mixture/0.5/7/5/9
0.5,7,10,0,400,200,5,constant,stated,0.6784994344878064,1,0,0,mixture/0.5/7/5/10
0.5,7,10,0,400,200,5,constant,geomean,0.11747340124470736,7,1,1,mixture/0.5/7/5/10
0.5,7,10,0,400,200,5,constant,ratio,0.08999999999999997,7,1,1,mixture/0.5/7/5/10
0.5,7,10,0,400,200,5,constant,ratio-half,0.08999999999999997,7,1,1,mixture/0.5/7/5/10
0.5,7,10,0,1000,200,5,constant,stated,0.5395907397331495,1,0,0,mixture/0.5/7/5/10
0.5,7,10,0,1000,200,5,constant,geomean,0.08569714114251425,7,1,1,mixture/0.5/7/5/10
0.5,7,10,0,1000,200,5,constant,ratio,0.11599999999999999,5,0,0,mixture/0.5/7/5/10
0.5,7,10,0,1000,200,5,constant,ratio-half,0.11599999999999999,5,0,0,mixture/0.5/7/5/10
0.5,7,11,0,400,200,5,constant,stated,0.6784994344878064,1,0,0,mixture/0.5/7/5/11
0.5,7,11,0,400,200,5,constant,geomean,0.1714642819948224,15,0,0,mixture/0.5/7/5/11
0.5,7,11,0,400,200,5,constant,ratio,0.235,4,0,0,mixture/0.5/7/5/11
0.5,7,11,0,400,200,5,constant,ratio-half,0.235,4,0,0,mixture/0.5/7/5/11
0.5,7,11,0,1000,200,5,constant,stated,0.5395907397331495,1,0,0,mixture/0.5/7/5/11
0.5,7,11,0,1000,200,5,constant,geomean,0.12445079348883242,9,0,0,mixture/0.5/7/5/11
0.5,7,11,0,1000,200,5,constant,ratio,0.22999999999999998,4,0,0,mixture/0.5/7/5/11
0.5,7,11,0,1000,200,5,constant,ratio-half,0.22999999999999998,4,0,0,mixture/0.5/7/5/11
0.5,7,12,0,400,200,5,constant,stated,0.6784994344878064,1,0,0,mixture/0.5/7/5/12
0.5,7,12,0,400,200,5,constant,geomean,0.1816590212458494,6,0,0,mixture/0.5/7/5/12
0.5,7,12,0,400,200,5,constant,ratio,0.125,6,0,0,mixture/0.5/7/5/12
0.5,7,12,0,400,200,5,constant,ratio-half,0.125,6,0,0,mixture/0.5/7/5/12
0.5,7,12,0,1000,200,5,constant,stated,0.5395907397331495,2,0,0,mixture/0.5/7/5/12
0.5,7,12,0,1000,200,5,constant,geomean,0.14187318280774563,6,0,0,mixture/0.5/7/5/12
0.5,7,12,0,1000,200,5,constant,ratio,0.12,6,0,0,mixture/0.5/7/5/12
0.5,7,12,0,1000,200,5,constant,ratio-half,0.12,6,0,0,mixture/0.5/7/5/12
0.5,7,13,0,400,200,5,constant,stated,0.6784994344878064,1,0,0,mixture/0.5/7/5/13
0.5,7,13,0,400,200,5,constant,geomean,0.13747727084867525,6,0,0,mixture/0.5/7/5/13
0.5,7,13,0,400,200,5,constant,ratio,0.18499999999999994,4,0,0,mixture/0.5/7/5/13
0.5,7,13,0,400,200,5,constant,ratio-half,0.18499999999999994,4,0,0,mixture/0.5/7/5/13
0.5,7,13,0,1000,200,5,constant,stated,0.5395907397331495,1,0,0,mixture/0.5/7/5/13
0.5,7,13,0,1000,200,5,constant,geomean,0.106320270880016,7,1,1,mixture/0.5/7/5/13
0.5,7,13,0,1000,200,5,constant,ratio,0.06600000000000006,7,1,1,mixture/0.5/7/5/13
0.5,7,13,0,1000,200,5,constant,ratio-half,0.06600000000000006,7,1,1,mixture/0.5/7/5/13
0.5,7,14,0,400,200,5,constant,stated,0.6784994344878064,1,0,0,mixture/0.5/7/5/14
0.5,7,14,0,400,200,5,constant,geomean,0.12609520212918487,3,0,0,mixture/0.5/7/5/14
0.5,7,14,0,400,200,5,constant,ratio,0.12,3,0,0,mixture/0.5/7/5/14
0.5,7,14,0,400,200,5,constant,ratio-half,0.12,3,0,0,mixture/0.5/7/5/14
0.5,7,14,0,1000,200,5,constant,stated,0.5395907397331495,1,0,0,mixture/0.5/7/5/14
0.5,7,14,0,1000,200,5,constant,geomean,0.09329523031752486,7,1,1,mixture/0.5/7/5/14
0.5,7,14,0,1000,200,5,constant,ratio,0.122,3,0,0,mixture/0.5/7/5/14
0.5,7,14,0,1000,200,5,constant,ratio-half,0.122,3,0,0,mixture/0.5/7/5/14
0.5,7,15,0,400,200,5,constant,stated,0.6784994344878064,1,0,0,mixture/0.5/7/5/15
0.5,7,15,0,400,200,5,constant,geomean,0.1783255450012701,5,0,0,mixture/0.5/7/5/15
0.5,7,15,0,400,200,5,constant,ratio,0.29000000000000004,2,0,0,mixture/0.5/7/5/15
0.5,7,15,0,400,200,5,constant,ratio-half,0.29000000000000004,2,0,0,mixture/0.5/7/5/15
0.5,7,15,0,1000,200,5,constant,stated,0.5395907397331495,1,0,0,mixture/0.5/7/5/15
0.5,7,15,0,1000,200,5,constant,geomean,0.13449163542763537,6,0,0,mixture/0.5/7/5/15
0.5,7,15,0,1000,200,5,constant,ratio,0.05599999999999994,7,1,1,mixture/0.5/7/5/15
0.5,7,15,0,1000,200,5,constant,ratio-half,0.05599999999999994,7,1,1,mixture/0.5/7/5/15
0.5,7,16,0,400,200,5,constant,stated,0.6784994344878064,1,0,0,mixture/0.5/7/5/16
0.5,7,16,0,400,200,5,constant,geomean,0.11874342087037912,7,1,1,mixture/0.5/7/5/16
0.5,7,16,0,400,200,5,constant,ratio,0.10499999999999998,7,1,1,mixture/0.5/7/5/16
0.5,7,16,0,400,200,5,constant,ratio-half,0.10499999999999998,7,1,1,mixture/0.5/7/5/16
0.5,7,16,0,1000,200,5,constant,stated,0.5395907397331495,1,0,0,mixture/0.5/7/5/16
0.5,7,16,0,1000,200,5,constant,geomean,0.08919641248391093,7,1,1,mixture/0.5/7/5/16
0.5,7,16,0,1000,200,5,constant,ratio,0.052000000000000046,7,1,1,mixture/0.5/7/5/16
0.5,7,16,0,1000,200,5,constant,ratio-half,0.052000000000000046,7,1,1,mixture/0.5/7/5/16
0.5,7,17,0,400,200,5,constant,stated,0.6784994344878064,1,0,0,mixture/0.5/7/5/17
0.5,7,17,0,400,200,5,constant,geomean,0.1209338662244783,7,1,1,mixture/0.5/7/5/17
0.5,7,17,0,400,200,5,constant,ratio,0.10000000000000009,7,1,1,mixture/0.5/7/5/17
0.5,7,17,0,400,200,5,constant,ratio-half,0.10000000000000009,7,1,1,mixture/0.5/7/5/17
0.5,7,17,0,1000,200,5,constant,stated,0.5395907397331495,1,0,0,mixture/0.5/7/5/17
0.5,7,17,0,1000,200,5,constant,geomean,0.09059801322324904,7,1,1,mixture/0.5/7/5/17
0.5,7,17,0,1000,200,5,constant,ratio,0.05800000000000005,7,1,1,mixture/0.5/7/5/17
0.5,7,17,0,1000,200,5,constant,ratio-half,0.05800000000000005,7,1,1,mixture/0.5/7/5/17
0.5,7,18,0,400,200,5,constant,stated,0.6784994344878064,1,0,0,mixture/0.5/7/5/18
0.5,7,18,0,400,200,5,constant,geomean,0.13000000000000006,10,0,0,mixture/0.5/7/5/18
0.5,7,18,0,400,200,5,constant,ratio,0.18500000000000005,5,0,0,mixture/0.5/7/5/18
0.5,7,18,0,400,200,5,constant,ratio-half,0.18500000000000005,5,0,0,mixture/0.5/7/5/18
0.5,7,18,0,1000,200,5,constant,stated,0.5395907397331495,1,0,0,mixture/0.5/7/5/18
0.5,7,18,0,1000,200,5,constant,geomean,0.10015987220439136,7,1,1,mixture/0.5/7/5/18
0.5,7,18,0,1000,200,5,constant,ratio,0.09399999999999997,7,1,1,mixture/0.5/7/5/18
0.5,7,18,0,1000,200,5,constant,ratio-half,0.09399999999999997,7,1,1,mixture/0.5/7/5/18
0.5,7,19,0,400,200,5,constant,stated,0.6784994344878064,1,0,0,mixture/0.5/7/5/19
0.5,7,19,0,400,200,5,constant,geomean,0.1135781669160054,10,0,0,mixture/0.5/7/5/19
0.5,7,19,0,400,200,5,constant,ratio,0.12499999999999994,7,1,1,mixture/0.5/7/5/19
0.5,7,19,0,400,200,5,constant,ratio-half,0.12499999999999994,7,1,1,mixture/0.5/7/5/19
0.5,7,19,0,1000,200,5,constant,stated,0.5395907397331495,1,0,0,mixture/0.5/7/5/19
0.5,7,19,0,1000,200,5,constant,geomean,0.08390470785361216,7,1,1,mixture/0.5/7/5/19
0.5,7,19,0,1000,200,5,constant,ratio,0.07999999999999985,7,1,1,mixture/0.5/7/5/19
0.5,7,19,0,1000,200,5,constant,ratio-half,0.07999999999999985,7,1,1,mixture/0.5/7/5/19
0.5,8,0,0,400,200,5,constant,stated,0.6784994344878064,1,0,0,mixture/0.5/8/5/0
0.5,8,0,0,400,200,5,constant,geomean,0.17492855684535896,7,0,0,mixture/0.5/8/5/0
0.5,8,0,0,400,200,5,constant,ratio,0.25,2,0,0,mixture/0.5/8/5/0
0.5,8,0,0,400,200,5,constant,ratio-half,0.25,2,0,0,mixture/0.5/8/5/0
0.5,8,0,0,1000,200,5,constant,stated,0.5395907397331495,1,0,0,mixture/0.5/8/5/0
0.5,8,0,0,1000,200,5,constant,geomean,0.13398507379555388,8,1,1,mixture/0.5/8/5/0
0.5,8,0,0,1000,200,5,constant,ratio,0.06000000000000005,8,1,1,mixture/0.5/8/5/0
0.5,8,0,0,1000,200,5,constant,ratio-half,0.06000000000000005,8,1,1,mixture/0.5/8/5/0
0.5,8,1,0,400,200,5,constant,stated,0.6784994344878064,1,0,0,mixture/0.5/8/5/1
0.5,8,1,0,400,200,5,constant,geomean,0.13266499161421605,8,1,1,mixture/0.5/8/5/1
0.5,8,1,0,400,200,5,constant,ratio,0.11500000000000021,8,1,1,mixture/0.5/8/5/1
0.5,8,1,0,400,200,5,constant,ratio-half,0.11500000000000021,8,1,1,mixture/0.5/8/5/1
0.5,8,1,0,1000,200,5,constant,stated,0.5395907397331495,1,0,0,mixture/0.5/8/5/1
0.5,8,1,0,1000,200,5,constant,geomean,0.10307278981380107,8,1,1,mixture/0.5/8/5/1
0.5,8,1,0,1000,200,5,constant,ratio,0.06400000000000006,8,1,1,mixture/0.5/8/5/1
0.5,8,1,0,1000,200,5,constant,ratio-half,0.06400000000000006,8,1,1,mixture/0.5/8/5/1
0.5,8,2,0,400,200,5,constant,stated,0.6784994344878064,1,0,0,mixture/0.5/8/5/2
0.5,8,2,0,400,200,5,constant,geomean,0.14195069566578383,7,0,0,mixture/0.5/8/5/2
0.5,8,2,0,400,200,5,constant,ratio,0.09500000000000008,8,1,1,mixture/0.5/8/5/2
0.5,8,2,0,400,200,5,constant,ratio-half,0.09500000000000008,8,1,1,mixture/0.5/8/5/2
0.5,8,2,0,1000,200,5,constant,stated,0.5395907397331495,1,0,0,mixture/0.5/8/5/2
0.5,8,2,0,1000,200,5,constant,geomean,0.10833282051160678,8,1,1,mixture/0.5/8/5/2
0.5,8,2,0,1000,200,5,constant,ratio,0.052000000000000046,8,1,1,mixture/0.5/8/5/2
0.5,8,2,0,1000,200,5,constant,ratio-half,0.052000000000000046,8,1,1,mixture/0.5/8/5/2
0.5,8,3,0,400,200,5,constant,stated,0.6784994344878064,1,0,0,mixture/0.5/8/5/3
0.5,8,3,0,400,200,5,constant,geomean,0.1643167672515499,6,0,0,mixture/0.5/8/5/3
0.5,8,3,0,400,200,5,constant,ratio,0.30499999999999994,2,0,0,mixture/0.5/8/5/3
0.5,8,3,0,400,200,5,constant,ratio-half,0.30499999999999994,2,0,0,mixture/0.5/8/5/3
0.5,8,3,0,1000,200,5,constant,stated,0.5395907397331495,1,0,0,mixture/0.5/8/5/3
0.5,8,3,0,1000,200,5,constant,geomean,0.12924395537122815,8,1,1,mixture/0.5/8/5/3
0.5,8,3,0,1000,200,5,constant,ratio,0.07600000000000007,8,1,1,mixture/0.5/8/5/3
0.5,8,3,0,1000,200,5,constant,ratio-half,0.07600000000000007,8,1,1,mixture/0.5/8/5/3
0.5,8,4,0,400,200,5,constant,stated,0.6784994344878064,1,0,0,mixture/0.5/8/5/4
0.5,8,4,0,400,200,5,constant,geomean,0.18907670401189045,5,0,0,mixture/0.5/8/5/4
0.5,8,4,0,400,200,5,constant,ratio,0.26,2,0,0,mixture/0.5/8/5/4
0.5,8,4,0,400,200,5,constant,ratio-half,0.26,2,0,0,mixture/0.5/8/5/4
0.5,8,4,0,1000,200,5,constant,stated,0.5395907397331495,2,0,0,mixture/0.5/8/5/4
0.5,8,4,0,1000,200,5,constant,geomean,0.14324803663575994,8,1,1,mixture/0.5/8/5/4
0.5,8,4,0,1000,200,5,constant,ratio,0.248,2,0,0,mixture/0.5/8/5/4
0.5,8,4,0,1000,200,5,constant,ratio-half,0.248,2,0,0,mixture/0.5/8/5/4
0.5,8,5,0,400,200,5,constant,stated,0.6784994344878064,1,0,0,mixture/0.5/8/5/5
0.5,8,5,0,400,200,5,constant,geomean,0.14798648586948748,6,0,0,mixture/0.5/8/5/5
0.5,8,5,0,400,200,5,constant,ratio,0.16000000000000003,4,0,0,mixture/0.5/8/5/5
0.5,8,5,0,400,200,5,constant,ratio-half,0.16000000000000003,4,0,0,mixture/0.5/8/5/5
0.5,8,5,0,1000,200,5,constant,stated,0.5395907397331495,1,0,0,mixture/0.5/8/5/5
0.5,8,5,0,1000,200,5,constant,geomean,0.11515207336387831,8,1,1,mixture/0.5/8/5/5
0.5,8,5,0,1000,200,5,constant,ratio,0.06599999999999984,8,1,1,mixture/0.5/8/5/5
0.5,8,5,0,1000,200,5,constant,ratio-half,0.06599999999999984,8,1,1,mixture/0.5/8/5/5
0.5,8,6,0,400,200,5,constant,stated,0.6784994344878064,1,0,0,mixture/0.5/8/5/6
0.5,8,6,0,400,200,5,constant,geomean,0.1808314132002513,7,0,0,mixture/0.5/8/5/6
0.5,8,6,0,400,200,5,constant,ratio,0.25,2,0,0,mixture/0.5/8/5/6
0.5,8,6,0,400,200,5,constant,ratio-half,0.25,2,0,0,mixture/0.5/8/5/6
0.5,8,6,0,1000,200,5,constant,stated,0.5395907397331495,2,0,0,mixture/0.5/8/5/6
0.5,8,6,0,1000,200,5,constant,geomean,0.14223923509355646,8,1,1,mixture/0.5/8/5/6
0.5,8,6,0,1000,200,5,constant,ratio,0.254,2,0,0,mixture/0.5/8/5/6
0.5,8,6,0,1000,200,5,constant,ratio-half,0.254,2,0,0,mixture/0.5/8/5/6
0.5,8,7,0,400,200,5,constant,stated,0.6784994344878064,1,0,0,mixture/0.5/8/5/7
0.5,8,7,0,400,200,5,constant,geomean,0.13747727084867525,7,0,0,mixture/0.5/8/5/7
0.5,8,7,0,400,200,5,constant,ratio,0.21499999999999997,2,0,0,mixture/0.5/8/5/7
0.5,8,7,0,400,200,5,constant,ratio-half,0.21499999999999997,2,0,0,mixture/0.5/8/5/7
0.5,8,7,0,1000,200,5,constant,stated,0.5395907397331495,1,0,0,mixture/0.5/8/5/7
0.5,8,7,0,1000,200,5,constant,geomean,0.10031948963187567,8,1,1,mixture/0.5/8/5/7
0.5,8,7,0,1000,200,5,constant,ratio,0.06399999999999995,8,1,1,mixture/0.5/8/5/7
0.5,8,7,0,1000,200,5,constant,ratio-half,0.06399999999999995,8,1,1,mixture/0.5/8/5/7
0.5,8,8,0,400,200,5,constant,stated,0.6784994344878064,1,0,0,mixture/0.5/8/5/8
0.5,8,8,0,400,200,5,constant,geomean,0.13527749258468677,8,1,1,mixture/0.5/8/5/8
0.5,8,8,0,400,200,5,constant,ratio,0.10499999999999998,8,1,1,mixture/0.5/8/5/8
0.5,8,8,0,400,200,5,constant,ratio-half,0.10499999999999998,8,1,1,mixture/0.5/8/5/8
0.5,8,8,0,1000,200,5,constant,stated,0.5395907397331495,1,0,0,mixture/0.5/8/5/8
0.5,8,8,0,1000,200,5,constant,geomean,0.1039807674524477,8,1,1,mixture/0.5/8/5/8
0.5,8,8,0,1000,200,5,constant,ratio,0.04999999999999993,8,1,1,mixture/0.5/8/5/8
0.5,8,8,0,1000,200,5,constant,ratio-half,0.04999999999999993,8,1,1,mixture/0.5/8/5/8
0.5,8,9,0,400,200,5,constant,stated,0.6784994344878064,1,0,0,mixture/0.5/8/5/9
0.5,8,9,0,400,200,5,constant,geomean,0.19595917942265434,5,0,0,mixture/0.5/8/5/9
0.5,8,9,0,400,200,5,constant,ratio,0.365,2,0,0,mixture/0.5/8/5/9
0.5,8,9,0,400,200,5,constant,ratio-half,0.365,2,0,0,mixture/0.5/8/5/9
0.5,8,9,0,1000,200,5,constant,stated,0.5395907397331495,2,0,0,mixture/0.5/8/5/9
0.5,8,9,0,1000,200,5,constant,geomean,0.14934523762075583,7,0,0,mixture/0.5/8/5/9
0.5,8,9,0,1000,200,5,constant,ratio,0.061999999999999944,8,1,1,mixture/0.5/8/5/9
0.5,8,9,0,1000,200,5,constant,ratio-half,0.061999999999999944,8,1,1,mixture/0.5/8/5/9
0.5,8,10,0,400,200,5,constant,stated,0.6784994344878064,1,0,0,mixture/0.5/8/5/10
0.5,8,10,0,400,200,5,constant,geomean,0.16431676725154976,5,0,0,mixture/0.5/8/5/10
0.5,8,10,0,400,200,5,constant,ratio,0.28500000000000003,2,0,0,mixture/0.5/8/5/10
0.5,8,10,0,400,200,5,constant,ratio-half,0.28500000000000003,2,0,0,mixture/0.5/8/5/10
0.5,8,10,0,1000,200,5,constant,stated,0.5395907397331495,1,0,0,mixture/0.5/8/5/10
0.5,8,10,0,1000,200,5,constant,geomean,0.11978313737751241,7,0,0,mixture/0.5/8/5/10
0.5,8,10,0,1000,200,5,constant,ratio,0.06999999999999995,8,1,1,mixture/0.5/8/5/10
0.5,8,10,0,1000,200,5,constant,ratio-half,0.06999999999999995,8,1,1,mixture/0.5/8/5/10
0.5,8,11,0,400,200,5,constant,stated,0.6784994344878064,1,0,0,mixture/0.5/8/5/11
0.5,8,11,0,400,200,5,constant,geomean,0.16201851746019658,7,0,0,mixture/0.5/8/5/11
0.5,8,11,0,400,200,5,constant,ratio,0.265,3,0,0,mixture/0.5/8/5/11
0.5,8,11,0,400,200,5,constant,ratio-half,0.265,3,0,0,mixture/0.5/8/5/11
0.5,8,11,0,1000,200,5,constant,stated,0.5395907397331495,1,0,0,mixture/0.5/8/5/11
0.5,8,11,0,1000,200,5,constant,geomean,0.12993844696624626,8,1,1,mixture/0.5/8/5/11
0.5,8,11,0,1000,200,5,constant,ratio,0.08400000000000007,8,1,1,mixture/0.5/8/5/11
0.5,8,11,0,1000,200,5,constant,ratio-half,0.08400000000000007,8,1,1,mixture/0.5/8/5/11
0.5,8,12,0,400,200,5,constant,stated,0.6784994344878064,1,0,0,mixture/0.5/8/5/12
0.5,8,12,0,400,200,5,constant,geomean,0.11489125293076065,8,1,1,mixture/0.5/8/5/12
0.5,8,12,0,400,200,5,constant,ratio,0.10499999999999998,8,1,1,mixture/0.5/8/5/12
0.5,8,12,0,400,200,5,constant,ratio-half,0.10499999999999998,8,1,1,mixture/0.5/8/5/12
0.5,8,12,0,1000,200,5,constant,stated,0.5395907397331495,1,0,0,mixture/0.5/8/5/12
0.5,8,12,0,1000,200,5,constant,geomean,0.09448809448814163,8,1,1,mixture/0.5/8/5/12
0.5,8,12,0,1000,200,5,constant,ratio,0.051999999999999824,8,1,1,mixture/0.5/8/5/12
0.5,8,12,0,1000,200,5,constant,ratio-half,0.051999999999999824,8,1,1,mixture/0.5/8/5/12
0.5,8,13,0,400,200,5,constant,stated,0.6784994344878064,2,0,0,mixture/0.5/8/5/13
0.5,8,13,0,400,200,5,constant,geomean,0.21748563170931576,6,0,0,mixture/0.5/8/5/13
0.5,8,13,0,400,200,5,constant,ratio,0.27,2,0,0,mixture/0.5/8/5/13
0.5,8,13,0,400,200,5,constant,ratio-half,0.27,2,0,0,mixture/0.5/8/5/13
0.5,8,13,0,1000,200,5,constant,stated,0.5395907397331495,2,0,0,mixture/0.5/8/5/13
0.5,8,13,0,1000,200,5,constant,geomean,0.17724559232883627,8,1,1,mixture/0.5/8/5/13
0.5,8,13,0,1000,200,5,constant,ratio,0.060000000000000026,8,1,1,mixture/0.5/8/5/13
0.5,8,13,0,1000,200,5,constant,ratio-half,0.060000000000000026,8,1,1,mixture/0.5/8/5/13
0.5,8,14,0,400,200,5,constant,stated,0.6784994344878064,1,0,0,mixture/0.5/8/5/14
0.5,8,14,0,400,200,5,constant,geomean,0.1808314132002513,7,0,0,mixture/0.5/8/5/14
0.5,8,14,0,400,200,5,constant,ratio,0.31499999999999995,2,0,0,mixture/0.5/8/5/14
0.5,8,14,0,400,200,5,constant,ratio-half,0.31499999999999995,2,0,0,mixture/0.5/8/5/14
0.5,8,14,0,1000,200,5,constant,stated,0.5395907397331495,2,0,0,mixture/0.5/8/5/14
0.5,8,14,0,1000,200,5,constant,geomean,0.13242356285797485,8,1,1,mixture/0.5/8/5/14
0.5,8,14,0,1000,200,5,constant,ratio,0.06600000000000006,8,1,1,mixture/0.5/8/5/14
0.5,8,14,0,1000,200,5,constant,ratio-half,0.06600000000000006,8,1,1,mixture/0.5/8/5/14
0.5,8,15,0,400,200,5,constant,stated,0.6784994344878064,1,0,0,mixture/0.5/8/5/15
0.5,8,15,0,400,200,5,constant,geomean,0.16340134638368198,5,0,0,mixture/0.5/8/5/15
0.5,8,15,0,400,200,5,constant,ratio,0.22999999999999998,3,0,0,mixture/0.5/8/5/15
0.5,8,15,0,400,200,5,constant,ratio-half,0.22999999999999998,3,0,0,mixture/0.5/8/5/15
0.5,8,15,0,1000,200,5,constant,stated,0.5395907397331495,1,0,0,mixture/0.5/8/5/15
0.5,8,15,0,1000,200,5,constant,geomean,0.13655768012089256,6,0,0,mixture/0.5/8/5/15
0.5,8,15,0,1000,200,5,constant,ratio,0.05999999999999994,8,1,1,mixture/0.5/8/5/15
0.5,8,15,0,1000,200,5,constant,ratio-half,0.05999999999999994,8,1,1,mixture/0.5/8/5/15
0.5,8,16,0,400,200,5,constant,stated,0.6784994344878064,1,0,0,mixture/0.5/8/5/16
0.5,8,16,0,400,200,5,constant,geomean,0.11113055385446441,9,0,0,mixture/0.5/8/5/16
0.5,8,16,0,400,200,5,constant,ratio,0.13,6,0,0,mixture/0.5/8/5/16
0.5,8,16,0,400,200,5,constant,ratio-half,0.13,6,0,0,mixture/0.5/8/5/16
0.5,8,16,0,1000,200,5,constant,stated,0.5395907397331495,1,0,0,mixture/0.5/8/5/16
0.5,8,16,0,1000,200,5,constant,geomean,0.08847598544237871,8,1,1,mixture/0.5/8/5/16
0.5,8,16,0,1000,200,5,constant,ratio,0.124,6,0,0,mixture/0.5/8/5/16
0.5,8,16,0,1000,200,5,constant,ratio-half,0.124,6,0,0,mixture/0.5/8/5/16
0.5,8,17,0,400,200,5,constant,stated,0.6784994344878064,1,0,0,mixture/0.5/8/5/17
0.5,8,17,0,400,200,5,constant,geomean,0.13973188612482126,9,0,0,mixture/0.5/8/5/17
0.5,8,17,0,400,200,5,constant,ratio,0.08000000000000007,9,0,0,mixture/0.5/8/5/17
0.5,8,17,0,400,200,5,constant,ratio-half,0.08000000000000007,9,0,0,mixture/0.5/8/5/17
0.5,8,17,0,1000,200,5,constant,stated,0.5395907397331495,1,0,0,mixture/0.5/8/5/17
0.5,8,17,0,1000,200,5,constant,geomean,0.12315843454672527,8,1,1,mixture/0.5/8/5/17
0.5,8,17,0,1000,200,5,constant,ratio,0.05199999999999999,8,1,1,mixture/0.5/8/5/17
0.5,8,17,0,1000,200,5,constant,ratio-half,0.05199999999999999,8,1,1,mixture/0.5/8/5/17
0.5,8,18,0,400,200,5,constant,stated,0.6784994344878064,2,0,0,mixture/0.5/8/5/18
0.5,8,18,0,400,200,5,constant,geomean,0.2187464285422737,3,0,0,mixture/0.5/8/5/18
0.5,8,18,0,400,200,5,constant,ratio,0.30999999999999994,2,0,0,mixture/0.5/8/5/18
0.5,8,18,0,400,200,5,constant,ratio-half,0.30999999999999994,2,0,0,mixture/0.5/8/5/18
0.5,8,18,0,1000,200,5,constant,stated,0.5395907397331495,2,0,0,mixture/0.5/8/5/18
0.5,8,18,0,1000,200,5,constant,geomean,0.16685322891691373,6,0,0,mixture/0.5/8/5/18
0.5,8,18,0,1000,200,5,constant,ratio,0.29800000000000004,2,0,0,mixture/0.5/8/5/18
0.5,8,18,0,1000,200,5,constant,ratio-half,0.29800000000000004,2,0,0,mixture/0.5/8/5/18
0.5,8,19,0,400,200,5,constant,stated,0.6784994344878064,1,0,0,mixture/0.5/8/5/19
0.5,8,19,0,400,200,5,constant,geomean,0.12951833846988622,8,1,1,mixture/0.5/8/5/19
0.5,8,19,0,400,200,5,constant,ratio,0.09999999999999998,8,1,1,mixture/0.5/8/5/19
0.5,8,19,0,400,200,5,constant,ratio-half,0.09999999999999998,8,1,1,mixture/0.5/8/5/19
0.5,8,19,0,1000,200,5,constant,stated,0.5395907397331495,1,0,0,mixture/0.5/8/5/19
0.5,8,19,0,1000,200,5,constant,geomean,0.10276186062932109,8,1,1,mixture/0.5/8/5/19
0.5,8,19,0,1000,200,5,constant,ratio,0.05799999999999994,8,1,1,mixture/0.5/8/5/19
0.5,8,19,0,1000,200,5,constant,ratio-half,0.05799999999999994,8,1,1,mixture/0.5/8/5/19
0.5,9,0,0,400,200,5,constant,stated,0.6784994344878064,1,0,0,mixture/0.5/9/5/0
0.5,9,0,0,400,200,5,constant,geomean,0.12961481396815716,9,1,1,mixture/0.5/9/5/0
0.5,9,0,0,400,200,5,constant,ratio,0.09000000000000008,9,1,1,mixture/0.5/9/5/0
0.5,9,0,0,400,200,5,constant,ratio-half,0.09000000000000008,9,1,1,mixture/0.5/9/5/0
0.5,9,0,0,1000,200,5,constant,stated,0.5395907397331495,1,0,0,mixture/0.5/9/5/0
0.5,9,0,0,1000,200,5,constant,geomean,0.10133114032714725,9,1,1,mixture/0.5/9/5/0
0.5,9,0,0,1000,200,5,constant,ratio,0.05600000000000005,9,1,1,mixture/0.5/9/5/0
0.5,9,0,0,1000,200,5,constant,ratio-half,0.05600000000000005,9,1,1,mixture/0.5/9/5/0
0.5,9,1,0,400,200,5,constant,stated,0.6784994344878064,1,0,0,mixture/0.5/9/5/1
0.5,9,1,0,400,200,5,constant,geomean,0.12369316876852976,7,0,0,mixture/0.5/9/5/1
0.5,9,1,0,400,200,5,constant,ratio,0.08000000000000007,8,0,0,mixture/0.5/9/5/1
0.5,9,1,0,400,200,5,constant,ratio-half,0.08000000000000007,8,0,0,mixture/0.5/9/5/1
0.5,9,1,0,1000,200,5,constant,stated,0.5395907397331495,1,0,0,mixture/0.5/9/5/1
0.5,9,1,0,1000,200,5,constant,geomean,0.0922605007573664,8,0,0,mixture/0.5/9/5/1
0.5,9,1,0,1000,200,5,constant,ratio,0.05399999999999994,8,0,0,mixture/0.5/9/5/1
0.5,9,1,0,1000,200,5,constant,ratio-half,0.05399999999999994,8,0,0,mixture/0.5/9/5/1
0.5,9,2,0,400,200,5,constant,stated,0.6784994344878064,1,0,0,mixture/0.5/9/5/2
0.5,9,2,0,400,200,5,constant,geomean,0.11747340124470736,9,1,1,mixture/0.5/9/5/2
0.5,9,2,0,400,200,5,constant,ratio,0.09499999999999997,9,1,1,mixture/0.5/9/5/2
0.5,9,2,0,400,200,5,constant,ratio-half,0.09499999999999997,9,1,1,mixture/0.5/9/5/2
0.5,9,2,0,1000,200,5,constant,stated,0.5395907397331495,1,0,0,mixture/0.5/9/5/2
0.5,9,2,0,1000,200,5,constant,geomean,0.0888144132446981,9,1,1,mixture/0.5/9/5/2
0.5,9,2,0,1000,200,5,constant,ratio,0.061999999999999944,9,1,1,mixture/0.5/9/5/2
0.5,9,2,0,1000,200,5,constant,ratio-half,0.061999999999999944,9,1,1,mixture/0.5/9/5/2
0.5,9,3,0,400,200,5,constant,stated,0.6784994344878064,1,0,0,mixture/0.5/9/5/3
0.5,9,3,0,400,200,5,constant,geomean,0.15556349186104043,8,0,0,mixture/0.5/9/5/3
0.5,9,3,0,400,200,5,constant,ratio,0.28500000000000003,2,0,0,mixture/0.5/9/5/3
0.5,9,3,0,400,200,5,constant,ratio-half,0.28500000000000003,2,0,0,mixture/0.5/9/5/3
0.5,9,3,0,1000,200,5,constant,stated,0.5395907397331495,1,0,0,mixture/0.5/9/5/3
0.5,9,3,0,1000,200,5,constant,geomean,0.11865917579353065,9,1,1,mixture/0.5/9/5/3
0.5,9,3,0,1000,200,5,constant,ratio,0.051999999999999935,9,1,1,mixture/0.5/9/5/3
0.5,9,3,0,1000,200,5,constant,ratio-half,0.051999999999999935,9,1,1,mixture/0.5/9/5/3
0.5,9,4,0,400,200,5,constant,stated,0.6784994344878064,1,0,0,mixture/0.5/9/5/4
0.5,9,4,0,400,200,5,constant,geomean,0.13527749258468688,9,1,1,mixture/0.5/9/5/4
0.5,9,4,0,400,200,5,constant,ratio,0.18500000000000005,4,0,0,mixture/0.5/9/5/4
0.5,9,4,0,400,200,5,constant,ratio-half,0.18500000000000005,4,0,0,mixture/0.5/9/5/4
0.5,9,4,0,1000,200,5,constant,stated,0.5395907397331495,1,0,0,mixture/0.5/9/5/4
0.5,9,4,0,1000,200,5,constant,geomean,0.10365326815879956,9,1,1,mixture/0.5/9/5/4
0.5,9,4,0,1000,200,5,constant,ratio,0.05599999999999994,9,1,1,mixture/0.5/9/5/4
0.5,9,4,0,1000,200,5,constant,ratio-half,0.05599999999999994,9,1,1,mixture/0.5/9/5/4
0.5,9,5,0,400,200,5,constant,stated,0.6784994344878064,1,0,0,mixture/0.5/9/5/5
0.5,9,5,0,400,200,5,constant,geomean,0.18907670401189045,7,0,0,mixture/0.5/9/5/5
0.5,9,5,0,400,200,5,constant,ratio,0.275,2,0,0,mixture/0.5/9/5/5
0.5,9,5,0,400,200,5,constant,ratio-half,0.275,2,0,0,mixture/0.5/9/5/5
0.5,9,5,0,1000,200,5,constant,stated,0.5395907397331495,2,0,0,mixture/0.5/9/5/5
0.5,9,5,0,1000,200,5,constant,geomean,0.14198591479439085,9,1,1,mixture/0.5/9/5/5
0.5,9,5,0,1000,200,5,constant,ratio,0.05999999999999983,9,1,1,mixture/0.5/9/5/5
0.5,9,5,0,1000,200,5,constant,ratio-half,0.05999999999999983,9,1,1,mixture/0.5/9/5/5
0.5,9,6,0,400,200,5,constant,stated,0.6784994344878064,1,0,0,mixture/0.5/9/5/6
0.5,9,6,0,400,200,5,constant,geomean,0.1341640786499873,9,1,1,mixture/0.5/9/5/6
0.5,9,6,0,400,200,5,constant,ratio,0.08999999999999997,9,1,1,mixture/0.5/9/5/6
0.5,9,6,0,400,200,5,constant,ratio-half,0.08999999999999997,9,1,1,mixture/0.5/9/5/6
0.5,9,6,0,1000,200,5,constant,stated,0.5395907397331495,1,0,0,mixture/0.5/9/5/6
0.5,9,6,0,1000,200,5,constant,geomean,0.09997999799959995,9,1,1,mixture/0.5/9/5/6
0.5,9,6,0,1000,200,5,constant,ratio,0.050000000000000044,10,0,0,mixture/0.5/9/5/6
0.5,9,6,0,1000,200,5,constant,ratio-half,0.050000000000000044,10,0,0,mixture/0.5/9/5/6
0.5,9,7,0,400,200,5,constant,stated,0.6784994344878064,1,0,0,mixture/0.5/9/5/7
0.5,9,7,0,400,200,5,constant,geomean,0.148660687473185,12,0,0,mixture/0.5/9/5/7
0.5,9,7,0,400,200,5,constant,ratio,0.21499999999999997,3,0,0,mixture/0.5/9/5/7
0.5,9,7,0,400,200,5,constant,ratio-half,0.21499999999999997,3,0,0,mixture/0.5/9/5/7
0.5,9,7,0,1000,200,5,constant,stated,0.5395907397331495,1,0,0,mixture/0.5/9/5/7
0.5,9,7,0,1000,200,5,constant,geomean,0.11849050594878907,9,1,0,mixture/0.5/9/5/7
0.5,9,7,0,1000,200,5,constant,ratio,0.16599999999999993,5,0,0,mixture/0.5/9/5/7
0.5,9,7,0,1000,200,5,constant,ratio-half,0.16599999999999993,5,0,0,mixture/0.5/9/5/7
0.5,9,8,0,400,200,5,constant,stated,0.6784994344878064,1,0,0,mixture/0.5/9/5/8
0.5,9,8,0,400,200,5,constant,geomean,0.1385640646055101,9,1,1,mixture/0.5/9/5/8
0.5,9,8,0,400,200,5,constant,ratio,0.19000000000000006,3,0,0,mixture/0.5/9/5/8
0.5,9,8,0,400,200,5,constant,ratio-half,0.19000000000000006,3,0,0,mixture/0.5/9/5/8
0.5,9,8,0,1000,200,5,constant,stated,0.5395907397331495,1,0,0,mixture/0.5/9/5/8
0.5,9,8,0,1000,200,5,constant,geomean,0.10495713410721545,9,1,1,mixture/0.5/9/5/8
0.5,9,8,0,1000,200,5,constant,ratio,0.04600000000000004,9,1,1,mixture/0.5/9/5/8
0.5,9,8,0,1000,200,5,constant,ratio-half,0.04600000000000004,9,1,1,mixture/0.5/9/5/8
0.5,9,9,0,400,200,5,constant,stated,0.6784994344878064,1,0,0,mixture/0.5/9/5/9
0.5,9,9,0,400,200,5,constant,geomean,0.19364916731037093,3,0,0,mixture/0.5/9/5/9
0.5,9,9,0,400,200,5,constant,ratio,0.22499999999999998,2,0,0,mixture/0.5/9/5/9
0.5,9,9,0,400,200,5,constant,ratio-half,0.22499999999999998,2,0,0,mixture/0.5/9/5/9
0.5,9,9,0,1000,200,5,constant,stated,0.5395907397331495,2,0,0,mixture/0.5/9/5/9
0.5,9,9,0,1000,200,5,constant,geomean,0.148202564080383,9,1,1,mixture/0.5/9/5/9
0.5,9,9,0,1000,200,5,constant,ratio,0.21800000000000008,2,0,0,mixture/0.5/9/5/9
0.5,9,9,0,1000,200,5,constant,ratio-half,0.21800000000000008,2,0,0,mixture/0.5/9/5/9
0.5,9,10,0,400,200,5,constant,stated,0.6784994344878064,1,0,0,mixture/0.5/9/5/10
0.5,9,10,0,400,200,5,constant,geomean,0.12369316876852987,9,1,1,mixture/0.5/9/5/10
0.5,9,10,0,400,200,5,constant,ratio,0.10000000000000009,9,1,1,mixture/0.5/9/5/10
0.5,9,10,0,400,200,5,constant,ratio-half,0.10000000000000009,9,1,1,mixture/0.5/9/5/10
0.5,9,10,0,1000,200,5,constant,stated,0.5395907397331495,1,0,0,mixture/0.5/9/5/10
0.5,9,10,0,1000,200,5,constant,geomean,0.09895453501482374,9,1,1,mixture/0.5/9/5/10
0.5,9,10,0,1000,200,5,constant,ratio,0.05400000000000005,9,1,1,mixture/0.5/9/5/10
0.5,9,10,0,1000,200,5,constant,ratio-half,0.05400000000000005,9,1,1,mixture/0.5/9/5/10
0.5,9,11,0,400,200,5,constant,stated,0.6784994344878064,1,0,0,mixture/0.5/9/5/11
0.5,9,11,0,400,200,5,constant,geomean,0.14899664425751333,4,0,0,mixture/0.5/9/5/11
0.5,9,11,0,400,200,5,constant,ratio,0.14,4,0,0,mixture/0.5/9/5/11
0.5,9,11,0,400,200,5,constant,ratio-half,0.14,4,0,0,mixture/0.5/9/5/11
0.5,9,11,0,1000,200,5,constant,stated,0.5395907397331495,1,0,0,mixture/0.5/9/5/11
0.5,9,11,0,1000,200,5,constant,geomean,0.11835539700410798,7,0,0,mixture/0.5/9/5/11
0.5,9,11,0,1000,200,5,constant,ratio,0.236,2,0,0,mixture/0.5/9/5/11
0.5,9,11,0,1000,200,5,constant,ratio-half,0.236,2,0,0,mixture/0.5/9/5/11
0.5,9,12,0,400,200,5,constant,stated,0.6784994344878064,1,0,0,mixture/0.5/9/5/12
0.5,9,12,0,400,200,5,constant,geomean,0.12629330940315095,8,0,0,mixture/0.5/9/5/12
0.5,9,12,0,400,200,5,constant,ratio,0.16000000000000003,4,0,0,mixture/0.5/9/5/12
0.5,9,12,0,400,200,5,constant,ratio-half,0.16000000000000003,4,0,0,mixture/0.5/9/5/12
0.5,9,12,0,1000,200,5,constant,stated,0.5395907397331495,1,0,0,mixture/0.5/9/5/12
0.5,9,12,0,1000,200,5,constant,geomean,0.09600000000000004,9,1,1,mixture/0.5/9/5/12
0.5,9,12,0,1000,200,5,constant,ratio,0.052000000000000046,9,1,1,mixture/0.5/9/5/12
0.5,9,12,0,1000,200,5,constant,ratio-half,0.052000000000000046,9,1,1,mixture/0.5/9/5/12
0.5,9,13,0,400,200,5,constant,stated,0.6784994344878064,1,0,0,mixture/0.5/9/5/13
0.5,9,13,0,400,200,5,constant,geomean,0.1412444689182553,8,0,0,mixture/0.5/9/5/13
0.5,9,13,0,400,200,5,constant,ratio,0.13,8,0,0,mixture/0.5/9/5/13
0.5,9,13,0,400,200,5,constant,ratio-half,0.13,8,0,0,mixture/0.5/9/5/13
0.5,9,13,0,1000,200,5,constant,stated,0.5395907397331495,1,0,0,mixture/0.5/9/5/13
0.5,9,13,0,1000,200,5,constant,geomean,0.11523888232710336,8,0,0,mixture/0.5/9/5/13
0.5,9,13,0,1000,200,5,constant,ratio,0.10399999999999998,8,0,0,mixture/0.5/9/5/13
0.5,9,13,0,1000,200,5,constant,ratio-half,0.10399999999999998,8,0,0,mixture/0.5/9/5/13
0.5,9,14,0,400,200,5,constant,stated,0.6784994344878064,1,0,0,mixture/0.5/9/5/14
0.5,9,14,0,400,200,5,constant,geomean,0.10954451150103325,8,0,0,mixture/0.5/9/5/14
0.5,9,14,0,400,200,5,constant,ratio,0.09499999999999997,8,0,0,mixture/0.5/9/5/14
0.5,9,14,0,400,200,5,constant,ratio-half,0.09499999999999997,8,0,0,mixture/0.5/9/5/14
0.5,9,14,0,1000,200,5,constant,stated,0.5395907397331495,1,0,0,mixture/0.5/9/5/14
0.5,9,14,0,1000,200,5,constant,geomean,0.08694826047713655,9,1,1,mixture/0.5/9/5/14
0.5,9,14,0,1000,200,5,constant,ratio,0.05799999999999994,9,1,1,mixture/0.5/9/5/14
0.5,9,14,0,1000,200,5,constant,ratio-half,0.05799999999999994,9,1,1,mixture/0.5/9/5/14
0.5,9,15,0,400,200,5,constant,stated,0.6784994344878064,1,0,0,mixture/0.5/9/5/15
0.5,9,15,0,400,200,5,constant,geomean,0.15099668870541494,9,1,1,mixture/0.5/9/5/15
0.5,9,15,0,400,200,5,constant,ratio,0.10000000000000009,9,1,1,mixture/0.5/9/5/15
0.5,9,15,0,400,200,5,constant,ratio-half,0.10000000000000009,9,1,1,mixture/0.5/9/5/15
0.5,9,15,0,1000,200,5,constant,stated,0.5395907397331495,1,0,0,mixture/0.5/9/5/15
0.5,9,15,0,1000,200,5,constant,geomean,0.12296340919151504,9,1,1,mixture/0.5/9/5/15
0.5,9,15,0,1000,200,5,constant,ratio,0.06599999999999995,9,1,1,mixture/0.5/9/5/15
0.5,9,15,0,1000,200,5,constant,ratio-half,0.06599999999999995,9,1,1,mixture/0.5/9/5/15
0.5,9,16,0,400,200,5,constant,stated,0.6784994344878064,1,0,0,mixture/0.5/9/5/16
0.5,9,16,0,400,200,5,constant,geomean,0.13162446581088189,9,1,1,mixture/0.5/9/5/16
0.5,9,16,0,400,200,5,constant,ratio,0.14,8,0,0,mixture/0.5/9/5/16
0.5,9,16,0,400,200,5,constant,ratio-half,0.14,8,0,0,mixture/0.5/9/5/16
0.5,9,16,0,1000,200,5,constant,stated,0.5395907397331495,1,0,0,mixture/0.5/9/5/16
0.5,9,16,0,1000,200,5,constant,geomean,0.10461357464497621,9,1,1,mixture/0.5/9/5/16
0.5,9,16,0,1000,200,5,constant,ratio,0.05599999999999983,9,1,1,mixture/0.5/9/5/16
0.5,9,16,0,1000,200,5,constant,ratio-half,0.05599999999999983,9,1,1,mixture/0.5/9/5/16
0.5,9,17,0,400,200,5,constant,stated,0.6784994344878064,1,0,0,mixture/0.5/9/5/17
0.5,9,17,0,400,200,5,constant,geomean,0.14309088021254177,8,0,0,mixture/0.5/9/5/17
0.5,9,17,0,400,200,5,constant,ratio,0.10499999999999998,8,0,0,mixture/0.5/9/5/17
0.5,9,17,0,400,200,5,constant,ratio-half,0.10499999999999998,8,0,0,mixture/0.5/9/5/17
0.5,9,17,0,1000,200,5,constant,stated,0.5395907397331495,1,0,0,mixture/0.5/9/5/17
0.5,9,17,0,1000,200,5,constant,geomean,0.10965400129498243,8,0,0,mixture/0.5/9/5/17
0.5,9,17,0,1000,200,5,constant,ratio,0.05999999999999983,9,1,1,mixture/0.5/9/5/17
0.5,9,17,0,1000,200,5,constant,ratio-half,0.05999999999999983,9,1,1,mixture/0.5/9/5/17
0.5,9,18,0,400,200,5,constant,stated,0.6784994344878064,1,0,0,mixture/0.5/9/5/18
0.5,9,18,0,400,200,5,constant,geomean,0.11999999999999994,9,1,1,mixture/0.5/9/5/18
0.5,9,18,0,400,200,5,constant,ratio,0.08000000000000007,9,1,1,mixture/0.5/9/5/18
0.5,9,18,0,400,200,5,constant,ratio-half,0.08000000000000007,9,1,1,mixture/0.5/9/5/18
0.5,9,18,0,1000,200,5,constant,stated,0.5395907397331495,1,0,0,mixture/0.5/9/5/18
0.5,9,18,0,1000,200,5,constant,geomean,0.08843076387773662,9,1,1,mixture/0.5/9/5/18
0.5,9,18,0,1000,200,5,constant,ratio,0.052000000000000046,9,1,1,mixture/0.5/9/5/18
0.5,9,18,0,1000,200,5,constant,ratio-half,0.052000000000000046,9,1,1,mixture/0.5/9/5/18
0.5,9,19,0,400,200,5,constant,stated,0.6784994344878064,1,0,0,mixture/0.5/9/5/19
0.5,9,19,0,400,200,5,constant,geomean,0.14594519519326432,9,1,1,mixture/0.5/9/5/19
0.5,9,19,0,400,200,5,constant,ratio,0.10000000000000009,9,1,1,mixture/0.5/9/5/19
0.5,9,19,0,400,200,5,constant,ratio-half,0.10000000000000009,9,1,1,mixture/0.5/9/5/19
0.5,9,19,0,1000,200,5,constant,stated,0.5395907397331495,1,0,0,mixture/0.5/9/5/19
0.5,9,19,0,1000,200,5,constant,geomean,0.11818629362155313,9,1,1,mixture/0.5/9/5/19
0.5,9,19,0,1000,200,5,constant,ratio,0.05400000000000005,9,1,1,mixture/0.5/9/5/19
0.5,9,19,0,1000,200,5,constant,ratio-half,0.05400000000000005,9,1,1,mixture/0.5/9/5/19
0.5,10,0,0,400,200,5,constant,stated,0.6784994344878064,1,0,0,mixture/0.5/10/5/0
0.5,10,0,0,400,200,5,constant,geomean,0.12609520212918487,7,0,0,mixture/0.5/10/5/0
0.5,10,0,0,400,200,5,constant,ratio,0.135,6,0,0,mixture/0.5/10/5/0
0.5,10,0,0,400,200,5,constant,ratio-half,0.135,6,0,0,mixture/0.5/10/5/0
0.5,10,0,0,1000,200,5,constant,stated,0.5395907397331495,1,0,0,mixture/0.5/10/5/0
0.5,10,0,0,1000,200,5,constant,geomean,0.08836288813749812,10,1,1,mixture/0.5/10/5/0
0.5,10,0,0,1000,200,5,constant,ratio,0.06000000000000005,10,1,1,mixture/0.5/10/5/0
0.5,10,0,0,1000,200,5,constant,ratio-half,0.06000000000000005,10,1,1,mixture/0.5/10/5/0
0.5,10,1,0,400,200,5,constant,stated,0.6784994344878064,1,0,0,mixture/0.5/10/5/1
0.5,10,1,0,400,200,5,constant,geomean,0.1417744687875782,10,1,1,mixture/0.5/10/5/1
0.5,10,1,0,400,200,5,constant,ratio,0.10499999999999998,10,1,1,mixture/0.5/10/5/1
0.5,10,1,0,400,200,5,constant,ratio-half,0.10499999999999998,10,1,1,mixture/0.5/10/5/1
0.5,10,1,0,1000,200,5,constant,stated,0.5395907397331495,1,0,0,mixture/0.5/10/5/1
0.5,10,1,0,1000,200,5,constant,geomean,0.11094142598686935,10,1,1,mixture/0.5/10/5/1
0.5,10,1,0,1000,200,5,constant,ratio,0.07600000000000007,10,1,1,mixture/0.5/10/5/1
0.5,10,1,0,1000,200,5,constant,ratio-half,0.07600000000000007,10,1,1,mixture/0.5/10/5/1
0.5,10,2,0,400,200,5,constant,stated,0.6784994344878064,1,0,0,mixture/0.5/10/5/2
0.5,10,2,0,400,200,5,constant,geomean,0.13527749258468663,9,0,0,mixture/0.5/10/5/2
0.5,10,2,0,400,200,5,constant,ratio,0.08500000000000008,11,0,0,mixture/0.5/10/5/2
0.5,10,2,0,400,200,5,constant,ratio-half,0.08500000000000008,11,0,0,mixture/0.5/10/5/2
0.5,10,2,0,1000,200,5,constant,stated,0.5395907397331495,1,0,0,mixture/0.5/10/5/2
0.5,10,2,0,1000,200,5,constant,geomean,0.09895453501482387,10,1,1,mixture/0.5/10/5/2
0.5,10,2,0,1000,200,5,constant,ratio,0.050000000000000044,10,1,1,mixture/0.5/10/5/2
0.5,10,2,0,1000,200,5,constant,ratio-half,0.050000000000000044,10,1,1,mixture/0.5/10/5/2
0.5,10,3,0,400,200,5,constant,stated,0.6784994344878064,1,0,0,mixture/0.5/10/5/3
0.5,10,3,0,400,200,5,constant,geomean,0.12409673645990851,10,1,1,mixture/0.5/10/5/3
0.5,10,3,0,400,200,5,constant,ratio,0.125,9,0,0,mixture/0.5/10/5/3
0.5,10,3,0,400,200,5,constant,ratio-half,0.125,9,0,0,mixture/0.5/10/5/3
0.5,10,3,0,1000,200,5,constant,stated,0.5395907397331495,1,0,0,mixture/0.5/10/5/3
0.5,10,3,0,1000,200,5,constant,geomean,0.09465727652959376,10,1,1,mixture/0.5/10/5/3
0.5,10,3,0,1000,200,5,constant,ratio,0.08600000000000008,10,1,1,mixture/0.5/10/5/3
0.5,10,3,0,1000,200,5,constant,ratio-half,0.08600000000000008,10,1,1,mixture/0.5/10/5/3
0.5,10,4,0,400,200,5,constant,stated,0.6784994344878064,1,0,0,mixture/0.5/10/5/4
0.5,10,4,0,400,200,5,constant,geomean,0.16124515496597105,7,0,0,mixture/0.5/10/5/4
0.5,10,4,0,400,200,5,constant,ratio,0.235,2,0,0,mixture/0.5/10/5/4
0.5,10,4,0,400,200,5,constant,ratio-half,0.235,2,0,0,mixture/0.5/10/5/4
0.5,10,4,0,1000,200,5,constant,stated,0.5395907397331495,1,0,0,mixture/0.5/10/5/4
0.5,10,4,0,1000,200,5,constant,geomean,0.1304760514424008,9,0,0,mixture/0.5/10/5/4
0.5,10,4,0,1000,200,5,constant,ratio,0.061999999999999944,10,1,1,mixture/0.5/10/5/4
0.5,10,4,0,1000,200,5,constant,ratio-half,0.061999999999999944,10,1,1,mixture/0.5/10/5/4
0.5,10,5,0,400,200,5,constant,stated,0.6784994344878064,1,0,0,mixture/0.5/10/5/5
0.5,10,5,0,400,200,5,constant,geomean,0.16155494421403505,8,0,0,mixture/0.5/10/5/5
0.5,10,5,0,400,200,5,constant,ratio,0.22999999999999998,2,0,0,mixture/0.5/10/5/5
0.5,10,5,0,400,200,5,constant,ratio-half,0.22999999999999998,2,0,0,mixture/0.5/10/5/5
0.5,10,5,0,1000,200,5,constant,stated,0.5395907397331495,1,0,0,mixture/0.5/10/5/5
0.5,10,5,0,1000,200,5,constant,geomean,0.1290736224021005,8,0,0,mixture/0.5/10/5/5
0.5,10,5,0,1000,200,5,constant,ratio,0.25199999999999995,2,0,0,mixture/0.5/10/5/5
0.5,10,5,0,1000,200,5,constant,ratio-half,0.25199999999999995,2,0,0,mixture/0.5/10/5/5
0.5,10,6,0,400,200,5,constant,stated,0.6784994344878064,1,0,0,mixture/0.5/10/5/6
0.5,10,6,0,400,200,5,constant,geomean,0.10954451150103325,10,1,1,mixture/0.5/10/5/6
0.5,10,6,0,400,200,5,constant,ratio,0.08499999999999996,10,1,1,mixture/0.5/10/5/6
0.5,10,6,0,400,200,5,constant,ratio-half,0.08499999999999996,10,1,1,mixture/0.5/10/5/6
0.5,10,6,0,1000,200,5,constant,stated,0.5395907397331495,1,0,0,mixture/0.5/10/5/6
0.5,10,6,0,1000,200,5,constant,geomean,0.08736131867136614,10,1,1,mixture/0.5/10/5/6
0.5,10,6,0,1000,200,5,constant,ratio,0.051999999999999935,10,1,1,mixture/0.5/10/5/6
0.5,10,6,0,1000,200,5,constant,ratio-half,0.051999999999999935,10,1,1,mixture/0.5/10/5/6
0.5,10,7,0,400,200,5,constant,stated,0.6784994344878064,1,0,0,mixture/0.5/10/5/7
0.5,10,7,0,400,200,5,constant,geomean,0.14071247279470295,10,1,1,mixture/0.5/10/5/7
0.5,10,7,0,400,200,5,constant,ratio,0.10499999999999998,10,1,1,mixture/0.5/10/5/7
0.5,10,7,0,400,200,5,constant,ratio-half,0.10499999999999998,10,1,1,mixture/0.5/10/5/7
0.5,10,7,0,1000,200,5,constant,stated,0.5395907397331495,1,0,0,mixture/0.5/10/5/7
0.5,10,7,0,1000,200,5,constant,geomean,0.10751744044572493,10,1,1,mixture/0.5/10/5/7
0.5,10,7,0,1000,200,5,constant,ratio,0.07599999999999996,10,1,1,mixture/0.5/10/5/7
0.5,10,7,0,1000,200,5,constant,ratio-half,0.07599999999999996,10,1,1,mixture/0.5/10/5/7
0.5,10,8,0,400,200,5,constant,stated,0.6784994344878064,1,0,0,mixture/0.5/10/5/8
0.5,10,8,0,400,200,5,constant,geomean,0.1881488772222679,6,0,0,mixture/0.5/10/5/8
0.5,10,8,0,400,200,5,constant,ratio,0.29000000000000004,2,0,0,mixture/0.5/10/5/8
0.5,10,8,0,400,200,5,constant,ratio-half,0.29000000000000004,2,0,0,mixture/0.5/10/5/8
0.5,10,8,0,1000,200,5,constant,stated,0.5395907397331495,2,0,0,mixture/0.5/10/5/8
0.5,10,8,0,1000,200,5,constant,geomean,0.15316657598836642,7,0,0,mixture/0.5/10/5/8
0.5,10,8,0,1000,200,5,constant,ratio,0.304,2,0,0,mixture/0.5/10/5/8
0.5,10,8,0,1000,200,5,constant,ratio-half,0.304,2,0,0,mixture/0.5/10/5/8
0.5,10,9,0,400,200,5,constant,stated,0.6784994344878064,1,0,0,mixture/0.5/10/5/9
0.5,10,9,0,400,200,5,constant,geomean,0.12000000000000005,10,1,1,mixture/0.5/10/5/9
0.5,10,9,0,400,200,5,constant,ratio,0.12,10,1,1,mixture/0.5/10/5/9
0.5,10,9,0,400,200,5,constant,ratio-half,0.12,10,1,1,mixture/0.5/10/5/9
0.5,10,9,0,1000,200,5,constant,stated,0.5395907397331495,1,0,0,mixture/0.5/10/5/9
0.5,10,9,0,1000,200,5,constant,geomean,0.0956242647030554,10,1,1,mixture/0.5/10/5/9
0.5,10,9,0,1000,200,5,constant,ratio,0.06399999999999983,10,1,1,mixture/0.5/10/5/9
0.5,10,9,0,1000,200,5,constant,ratio-half,0.06399999999999983,10,1,1,mixture/0.5/10/5/9
0.5,10,10,0,400,200,5,constant,stated,0.6784994344878064,1,0,0,mixture/0.5/10/5/10
0.5,10,10,0,400,200,5,constant,geomean,0.1336974195712094,9,0,0,mixture/0.5/10/5/10
0.5,10,10,0,400,200,5,constant,ratio,0.12,9,0,0,mixture/0.5/10/5/10
0.5,10,10,0,400,200,5,constant,ratio-half,0.12,9,0,0,mixture/0.5/10/5/10
0.5,10,10,0,1000,200,5,constant,stated,0.5395907397331495,1,0,0,mixture/0.5/10/5/10
0.5,10,10,0,1000,200,5,constant,geomean,0.10853570840972114,10,1,1,mixture/0.5/10/5/10
0.5,10,10,0,1000,200,5,constant,ratio,0.06799999999999995,10,1,1,mixture/0.5/10/5/10
0.5,10,10,0,1000,200,5,constant,ratio-half,0.06799999999999995,10,1,1,mixture/0.5/10/5/10
0.5,10,11,0,400,200,5,constant,stated,0.6784994344878064,1,0,0,mixture/0.5/10/5/11
0.5,10,11,0,400,200,5,constant,geomean,0.17007351351694944,8,0,0,mixture/0.5/10/5/11
0.5,10,11,0,400,200,5,constant,ratio,0.2400000000000001,2,0,0,mixture/0.5/10/5/11
0.5,10,11,0,400,200,5,constant,ratio-half,0.2400000000000001,2,0,0,mixture/0.5/10/5/11
0.5,10,11,0,1000,200,5,constant,stated,0.5395907397331495,1,0,0,mixture/0.5/10/5/11
0.5,10,11,0,1000,200,5,constant,geomean,0.13443213901444853,9,0,0,mixture/0.5/10/5/11
0.5,10,11,0,1000,200,5,constant,ratio,0.05400000000000005,10,1,1,mixture/0.5/10/5/11
0.5,10,11,0,1000,200,5,constant,ratio-half,0.05400000000000005,10,1,1,mixture/0.5/10/5/11
0.5,10,12,0,400,200,5,constant,stated,0.6784994344878064,1,0,0,mixture/0.5/10/5/12
0.5,10,12,0,400,200,5,constant,geomean,0.14195069566578383,8,0,0,mixture/0.5/10/5/12
0.5,10,12,0,400,200,5,constant,ratio,0.19000000000000006,3,0,0,mixture/0.5/10/5/12
0.5,10,12,0,400,200,5,constant,ratio-half,0.19000000000000006,3,0,0,mixture/0.5/10/5/12
0.5,10,12,0,1000,200,5,constant,stated,0.5395907397331495,1,0,0,mixture/0.5/10/5/12
0.5,10,12,0,1000,200,5,constant,geomean,0.1069953270007621,9,0,0,mixture/0.5/10/5/12
0.5,10,12,0,1000,200,5,constant,ratio,0.06600000000000006,10,1,1,mixture/0.5/10/5/12
0.5,10,12,0,1000,200,5,constant,ratio-half,0.06600000000000006,10,1,1,mixture/0.5/10/5/12
0.5,10,13,0,400,200,5,constant,stated,0.6784994344878064,1,0,0,mixture/0.5/10/5/13
0.5,10,13,0,400,200,5,constant,geomean,0.13856406460551024,9,0,0,mixture/0.5/10/5/13
0.5,10,13,0,400,200,5,constant,ratio,0.19500000000000006,2,0,0,mixture/0.5/10/5/13
0.5,10,13,0,400,200,5,constant,ratio-half,0.19500000000000006,2,0,0,mixture/0.5/10/5/13
0.5,10,13,0,1000,200,5,constant,stated,0.5395907397331495,1,0,0,mixture/0.5/10/5/13
0.5,10,13,0,1000,200,5,constant,geomean,0.1281249390243756,10,1,1,mixture/0.5/10/5/13
0.5,10,13,0,1000,200,5,constant,ratio,0.21399999999999997,2,0,0,mixture/0.5/10/5/13
0.5,10,13,0,1000,200,5,constant,ratio-half,0.21399999999999997,2,0,0,mixture/0.5/10/5/13
0.5,10,14,0,400,200,5,constant,stated,0.6784994344878064,1,0,0,mixture/0.5/10/5/14
0.5,10,14,0,400,200,5,constant,geomean,0.16522711641858315,10,1,1,mixture/0.5/10/5/14
0.5,10,14,0,400,200,5,constant,ratio,0.1100000000000001,10,1,1,mixture/0.5/10/5/14
0.5,10,14,0,400,200,5,constant,ratio-half,0.1100000000000001,10,1,1,mixture/0.5/10/5/14
0.5,10,14,0,1000,200,5,constant,stated,0.5395907397331495,1,0,0,mixture/0.5/10/5/14
0.5,10,14,0,1000,200,5,constant,geomean,0.13389548162652823,10,1,1,mixture/0.5/10/5/14
0.5,10,14,0,1000,200,5,constant,ratio,0.07799999999999996,10,1,1,mixture/0.5/10/5/14
0.5,10,14,0,1000,200,5,constant,ratio-half,0.07799999999999996,10,1,1,mixture/0.5/10/5/14
0.5,10,15,0,400,200,5,constant,stated,0.6784994344878064,1,0,0,mixture/0.5/10/5/15
0.5,10,15,0,400,200,5,constant,geomean,0.11874342087037922,10,1,1,mixture/0.5/10/5/15
0.5,10,15,0,400,200,5,constant,ratio,0.08499999999999996,10,1,1,mixture/0.5/10/5/15
0.5,10,15,0,400,200,5,constant,ratio-half,0.08499999999999996,10,1,1,mixture/0.5/10/5/15
0.5,10,15,0,1000,200,5,constant,stated,0.5395907397331495,1,0,0,mixture/0.5/10/5/15
0.5,10,15,0,1000,200,5,constant,geomean,0.08694826047713654,11,0,0,mixture/0.5/10/5/15
0.5,10,15,0,1000,200,5,constant,ratio,0.09200000000000008,10,1,1,mixture/0.5/10/5/15
0.5,10,15,0,1000,200,5,constant,ratio-half,0.09200000000000008,10,1,1,mixture/0.5/10/5/15
0.5,10,16,0,400,200,5,constant,stated,0.6784994344878064,1,0,0,mixture/0.5/10/5/16
0.5,10,16,0,400,200,5,constant,geomean,0.16970562748477147,8,0,0,mixture/0.5/10/5/16
0.5,10,16,0,400,200,5,constant,ratio,0.245,2,0,0,mixture/0.5/10/5/16
0.5,10,16,0,400,200,5,constant,ratio-half,0.245,2,0,0,mixture/0.5/10/5/16
0.5,10,16,0,1000,200,5,constant,stated,0.5395907397331495,1,0,0,mixture/0.5/10/5/16
0.5,10,16,0,1000,200,5,constant,geomean,0.13760813929415644,9,0,0,mixture/0.5/10/5/16
0.5,10,16,0,1000,200,5,constant,ratio,0.05600000000000005,10,1,1,mixture/0.5/10/5/16
0.5,10,16,0,1000,200,5,constant,ratio-half,0.05600000000000005,10,1,1,mixture/0.5/10/5/16
0.5,10,17,0,400,200,5,constant,stated,0.6784994344878064,1,0,0,mixture/0.5/10/5/17
0.5,10,17,0,400,200,5,constant,geomean,0.13190905958272922,10,1,1,mixture/0.5/10/5/17
0.5,10,17,0,400,200,5,constant,ratio,0.16500000000000004,6,0,0,mixture/0.5/10/5/17
0.5,10,17,0,400,200,5,constant,ratio-half,0.16500000000000004,6,0,0,mixture/0.5/10/5/17
0.5,10,17,0,1000,200,5,constant,stated,0.5395907397331495,1,0,0,mixture/0.5/10/5/17
0.5,10,17,0,1000,200,5,constant,geomean,0.10182337649086287,10,1,1,mixture/0.5/10/5/17
0.5,10,17,0,1000,200,5,constant,ratio,0.061999999999999944,10,1,1,mixture/0.5/10/5/17
0.5,10,17,0,1000,200,5,constant,ratio-half,0.061999999999999944,10,1,1,mixture/0.5/10/5/17
0.5,10,18,0,400,200,5,constant,stated,0.6784994344878064,1,0,0,mixture/0.5/10/5/18
0.5,10,18,0,400,200,5,constant,geomean,0.12093386622447842,10,1,1,mixture/0.5/10/5/18
0.5,10,18,0,400,200,5,constant,ratio,0.09999999999999998,10,1,1,mixture/0.5/10/5/18
0.5,10,18,0,400,200,5,constant,ratio-half,0.09999999999999998,10,1,1,mixture/0.5/10/5/18
0.5,10,18,0,1000,200,5,constant,stated,0.5395907397331495,1,0,0,mixture/0.5/10/5/18
0.5,10,18,0,1000,200,5,constant,geomean,0.0918477000256403,10,1,1,mixture/0.5/10/5/18
0.5,10,18,0,1000,200,5,constant,ratio,0.07000000000000006,10,1,1,mixture/0.5/10/5/18
0.5,10,18,0,1000,200,5,constant,ratio-half,0.07000000000000006,10,1,1,mixture/0.5/10/5/18
0.5,10,19,0,400,200,5,constant,stated,0.6784994344878064,1,0,0,mixture/0.5/10/5/19
0.5,10,19,0,400,200,5,constant,geomean,0.15491933384829673,9,0,0,mixture/0.5/10/5/19
0.5,10,19,0,400,200,5,constant,ratio,0.125,9,0,0,mixture/0.5/10/5/19
0.5,10,19,0,400,200,5,constant,ratio-half,0.125,9,0,0,mixture/0.5/10/5/19
0.5,10,19,0,1000,200,5,constant,stated,0.5395907397331495,1,0,0,mixture/0.5/10/5/19
0.5,10,19,0,1000,200,5,constant,geomean,0.11665333257134154,9,0,0,mixture/0.5/10/5/19
0.5,10,19,0,1000,200,5,constant,ratio,0.11399999999999999,9,0,0,mixture/0.5/10/5/19
0.5,10,19,0,1000,200,5,constant,ratio-half,0.11399999999999999,9,0,0,mixture/0.5/10/5/19
1.0,2,0,0,400,200,5,constant,stated,0.6784994344878064,1,0,0,mixture/1.0/2/5/0
1.0,2,0,0,400,200,5,constant,geomean,0.0964365076099296,2,1,1,mixture/1.0/2/5/0
1.0,2,0,0,400,200,5,constant,ratio,0.07999999999999996,2,1,1,mixture/1.0/2/5/0
1.0,2,0,0,400,200,5,constant,ratio-half,0.07999999999999996,2,1,1,mixture/1.0/2/5/0
1.0,2,0,0,1000,200,5,constant,stated,0.5395907397331495,1,0,0,mixture/1.0/2/5/0
1.0,2,0,0,1000,200,5,constant,geomean,0.07236021006050221,2,1,1,mixture/1.0/2/5/0
1.0,2,0,0,1000,200,5,constant,ratio,0.050000000000000044,2,1,1,mixture/1.0/2/5/0
1.0,2,0,0,1000,200,5,constant,ratio-half,0.050000000000000044,2,1,1,mixture/1.0/2/5/0
1.0,2,1,0,400,200,5,constant,stated,0.6784994344878064,1,0,0,mixture/1.0/2/5/1
1.0,2,1,0,400,200,5,constant,geomean,0.08774964387392126,2,1,1,mixture/1.0/2/5/1
1.0,2,1,0,400,200,5,constant,ratio,0.07999999999999996,2,1,1,mixture/1.0/2/5/1
1.0,2,1,0,400,200,5,constant,ratio-half,0.07999999999999996,2,1,1,mixture/1.0/2/5/1
1.0,2,1,0,1000,200,5,constant,stated,0.5395907397331495,1,0,0,mixture/1.0/2/5/1
1.0,2,1,0,1000,200,5,constant,geomean,0.06740919818541076,2,1,1,mixture/1.0/2/5/1
1.0,2,1,0,1000,200,5,constant,ratio,0.04600000000000004,2,1,1,mixture/1.0/2/5/1
1.0,2,1,0,1000,200,5,constant,ratio-half,0.04600000000000004,2,1,1,mixture/1.0/2/5/1
1.0,2,2,0,400,200,5,constant,stated,0.6784994344878064,1,0,0,mixture/1.0/2/5/2
1.0,2,2,0,400,200,5,constant,geomean,0.09082951062292467,2,1,1,mixture/1.0/2/5/2
1.0,2,2,0,400,200,5,constant,ratio,0.06499999999999995,2,1,1,mixture/1.0/2/5/2
1.0,2,2,0,400,200,5,constant,ratio-half,0.06499999999999995,2,1,1,mixture/1.0/2/5/2
1.0,2,2,0,1000,200,5,constant,stated,0.5395907397331495,1,0,0,mixture/1.0/2/5/2
1.0,2,2,0,1000,200,5,constant,geomean,0.06734983296193083,2,1,1,mixture/1.0/2/5/2
1.0,2,2,0,1000,200,5,constant,ratio,0.03600000000000003,2,1,1,mixture/1.0/2/5/2
1.0,2,2,0,1000,200,5,constant,ratio-half,0.03600000000000003,2,1,1,mixture/1.0/2/5/2
1.0,2,3,0,400,200,5,constant,stated,0.6784994344878064,1,0,0,mixture/1.0/2/5/3
1.0,2,3,0,400,200,5,constant,geomean,0.09669539802906854,2,1,1,mixture/1.0/2/5/3
1.0,2,3,0,400,200,5,constant,ratio,0.08000000000000007,2,1,1,mixture/1.0/2/5/3
1.0,2,3,0,400,200,5,constant,ratio-half,0.08000000000000007,2,1,1,mixture/1.0/2/5/3
1.0,2,3,0,1000,200,5,constant,stated,0.5395907397331495,1,0,0,mixture/1.0/2/5/3
1.0,2,3,0,1000,200,5,constant,geomean,0.06752777206453657,2,1,1,mixture/1.0/2/5/3
1.0,2,3,0,1000,200,5,constant,ratio,0.03799999999999992,2,1,1,mixture/1.0/2/5/3
1.0,2,3,0,1000,200,5,constant,ratio-half,0.03799999999999992,2,1,1,mixture/1.0/2/5/3
1.0,2,4,0,400,200,5,constant,stated,0.6784994344878064,1,0,0,mixture/1.0/2/5/4
1.0,2,4,0,400,200,5,constant,geomean,0.10954451150103327,2,1,1,mixture/1.0/2/5/4
1.0,2,4,0,400,200,5,constant,ratio,0.06500000000000006,2,1,1,mixture/1.0/2/5/4
1.0,2,4,0,400,200,5,constant,ratio-half,0.06500000000000006,2,1,1,mixture/1.0/2/5/4
1.0,2,4,0,1000,200,5,constant,stated,0.5395907397331495,1,0,0,mixture/1.0/2/5/4
1.0,2,4,0,1000,200,5,constant,geomean,0.07884161337770815,2,1,1,mixture/1.0/2/5/4
1.0,2,4,0,1000,200,5,constant,ratio,0.04799999999999993,2,1,1,mixture/1.0/2/5/4
1.0,2,4,0,1000,200,5,constant,ratio-half,0.04799999999999993,2,1,1,mixture/1.0/2/5/4
1.0,2,5,0,400,200,5,constant,stated,0.6784994344878064,1,0,0,mixture/1.0/2/5/5
1.0,2,5,0,400,200,5,constant,geomean,0.07599342076785331,2,1,1,mixture/1.0/2/5/5
1.0,2,5,0,400,200,5,constant,ratio,0.06999999999999995,2,1,1,mixture/1.0/2/5/5
1.0,2,5,0,400,200,5,constant,ratio-half,0.06999999999999995,2,1,1,mixture/1.0/2/5/5
1.0,2,5,0,1000,200,5,constant,stated,0.5395907397331495,1,0,0,mixture/1.0/2/5/5
1.0,2,5,0,1000,200,5,constant,geomean,0.057965506984757775,2,1,1,mixture/1.0/2/5/5
1.0,2,5,0,1000,200,5,constant,ratio,0.038000000000000034,2,1,1,mixture/1.0/2/5/5
1.0,2,5,0,1000,200,5,constant,ratio-half,0.038000000000000034,2,1,1,mixture/1.0/2/5/5
1.0,2,6,0,400,200,5,constant,stated,0.6784994344878064,1,0,0,mixture/1.0/2/5/6
1.0,2,6,0,400,200,5,constant,geomean,0.11090536506409421,2,1,1,mixture/1.0/2/5/6
1.0,2,6,0,400,200,5,constant,ratio,0.07999999999999985,2,1,1,mixture/1.0/2/5/6
1.0,2,6,0,400,200,5,constant,ratio-half,0.07999999999999985,2,1,1,mixture/1.0/2/5/6
1.0,2,6,0,1000,200,5,constant,stated,0.5395907397331495,1,0,0,mixture/1.0/2/5/6
1.0,2,6,0,1000,200,5,constant,geomean,0.08687922651589393,2,1,1,mixture/1.0/2/5/6
1.0,2,6,0,1000,200,5,constant,ratio,0.04399999999999993,2,1,1,mixture/1.0/2/5/6
1.0,2,6,0,1000,200,5,constant,ratio-half,0.04399999999999993,2,1,1,mixture/1.0/2/5/6
1.0,2,7,0,400,200,5,constant,stated,0.6784994344878064,1,0,0,mixture/1.0/2/5/7
1.0,2,7,0,400,200,5,constant,geomean,0.07416198487095665,2,1,1,mixture/1.0/2/5/7
1.0,2,7,0,400,200,5,constant,ratio,0.07000000000000006,2,1,1,mixture/1.0/2/5/7
1.0,2,7,0,400,200,5,constant,ratio-half,0.07000000000000006,2,1,1,mixture/1.0/2/5/7
1.0,2,7,0,1000,200,5,constant,stated,0.5395907397331495,1,0,0,mixture/1.0/2/5/7
1.0,2,7,0,1000,200,5,constant,geomean,0.05585696017507568,2,1,1,mixture/1.0/2/5/7
1.0,2,7,0,1000,200,5,constant,ratio,0.041999999999999926,2,1,1,mixture/1.0/2/5/7
1.0,2,7,0,1000,200,5,constant,ratio-half,0.041999999999999926,2,1,1,mixture/1.0/2/5/7
1.0,2,8,0,400,200,5,constant,stated,0.6784994344878064,1,0,0,mixture/1.0/2/5/8
1.0,2,8,0,400,200,5,constant,geomean,0.0923309265630969,2,1,1,mixture/1.0/2/5/8
1.0,2,8,0,400,200,5,constant,ratio,0.07500000000000007,2,1,1,mixture/1.0/2/5/8
1.0,2,8,0,400,200,5,constant,ratio-half,0.07500000000000007,2,1,1,mixture/1.0/2/5/8
1.0,2,8,0,1000,200,5,constant,stated,0.5395907397331495,1,0,0,mixture/1.0/2/5/8
1.0,2,8,0,1000,200,5,constant,geomean,0.06480740698407864,2,1,1,mixture/1.0/2/5/8
1.0,2,8,0,1000,200,5,constant,ratio,0.038000000000000034,2,1,1,mixture/1.0/2/5/8
1.0,2,8,0,1000,200,5,constant,ratio-half,0.038000000000000034,2,1,1,mixture/1.0/2/5/8
1.0,2,9,0,400,200,5,constant,stated,0.6784994344878064,1,0,0,mixture/1.0/2/5/9
1.0,2,9,0,400,200,5,constant,geomean,0.08930285549745881,2,1,1,mixture/1.0/2/5/9
1.0,2,9,0,400,200,5,constant,ratio,0.07000000000000006,2,1,1,mixture/1.0/2/5/9
1.0,2,9,0,400,200,5,constant,ratio-half,0.07000000000000006,2,1,1,mixture/1.0/2/5/9
1.0,2,9,0,1000,200,5,constant,stated,0.5395907397331495,1,0,0,mixture/1.0/2/5/9
1.0,2,9,0,1000,200,5,constant,geomean,0.06788225099390847,2,1,1,mixture/1.0/2/5/9
1.0,2,9,0,1000,200,5,constant,ratio,0.038000000000000034,2,1,1,mixture/1.0/2/5/9
1.0,2,9,0,1000,200,5,constant,ratio-half,0.038000000000000034,2,1,1,mixture/1.0/2/5/9
1.0,2,10,0,400,200,5,constant,stated,0.6784994344878064,1,0,0,mixture/1.0/2/5/10
1.0,2,10,0,400,200,5,constant,geomean,0.11608186766243893,2,1,1,mixture/1.0/2/5/10
1.0,2,10,0,400,200,5,constant,ratio,0.07000000000000006,2,1,1,mixture/1.0/2/5/10
1.0,2,10,0,400,200,5,constant,ratio-half,0.07000000000000006,2,1,1,mixture/1.0/2/5/10
1.0,2,10,0,1000,200,5,constant,stated,0.5395907397331495,1,0,0,mixture/1.0/2/5/10
1.0,2,10,0,1000,200,5,constant,geomean,0.08590692637965816,2,1,1,mixture/1.0/2/5/10
1.0,2,10,0,1000,200,5,constant,ratio,0.03600000000000003,2,1,1,mixture/1.0/2/5/10
1.0,2,10,0,1000,200,5,constant,ratio-half,0.03600000000000003,2,1,1,mixture/1.0/2/5/10
1.0,2,11,0,400,200,5,constant,stated,0.6784994344878064,1,0,0,mixture/1.0/2/5/11
1.0,2,11,0,400,200,5,constant,geomean,0.12845232578665122,2,1,1,mixture/1.0/2/5/11
1.0,2,11,0,400,200,5,constant,ratio,0.07499999999999996,2,1,1,mixture/1.0/2/5/11
1.0,2,11,0,400,200,5,constant,ratio-half,0.07499999999999996,2,1,1,mixture/1.0/2/5/11
1.0,2,11,0,1000,200,5,constant,stated,0.5395907397331495,1,0,0,mixture/1.0/2/5/11
1.0,2,11,0,1000,200,5,constant,geomean,0.09262828941527533,2,1,1,mixture/1.0/2/5/11
1.0,2,11,0,1000,200,5,constant,ratio,0.040000000000000036,2,1,1,mixture/1.0/2/5/11
1.0,2,11,0,1000,200,5,constant,ratio-half,0.040000000000000036,2,1,1,mixture/1.0/2/5/11
1.0,2,12,0,400,200,5,constant,stated,0.6784994344878064,1,0,0,mixture/1.0/2/5/12
1.0,2,12,0,400,200,5,constant,geomean,0.09643650760992951,2,1,1,mixture/1.0/2/5/12
1.0,2,12,0,400,200,5,constant,ratio,0.07000000000000006,2,1,1,mixture/1.0/2/5/12
1.0,2,12,0,400,200,5,constant,ratio-half,0.07000000000000006,2,1,1,mixture/1.0/2/5/12
1.0,2,12,0,1000,200,5,constant,stated,0.5395907397331495,1,0,0,mixture/1.0/2/5/12
1.0,2,12,0,1000,200,5,constant,geomean,0.06693280212272597,2,1,1,mixture/1.0/2/5/12
1.0,2,12,0,1000,200,5,constant,ratio,0.03799999999999992,2,1,1,mixture/1.0/2/5/12
1.0,2,12,0,1000,200,5,constant,ratio-half,0.03799999999999992,2,1,1,mixture/1.0/2/5/12
1.0,2,13,0,400,200,5,constant,stated,0.6784994344878064,1,0,0,mixture/1.0/2/5/13
1.0,2,13,0,400,200,5,constant,geomean,0.0908295106229248,2,1,1,mixture/1.0/2/5/13
1.0,2,13,0,400,200,5,constant,ratio,0.06999999999999995,2,1,1,mixture/1.0/2/5/13
1.0,2,13,0,400,200,5,constant,ratio-half,0.06999999999999995,2,1,1,mixture/1.0/2/5/13
1.0,2,13,0,1000,200,5,constant,stated,0.5395907397331495,1,0,0,mixture/1.0/2/5/13
1.0,2,13,0,1000,200,5,constant,geomean,0.06740919818541079,2,1,1,mixture/1.0/2/5/13
1.0,2,13,0,1000,200,5,constant,ratio,0.041999999999999926,2,1,1,mixture/1.0/2/5/13
1.0,2,13,0,1000,200,5,constant,ratio-half,0.041999999999999926,2,1,1,mixture/1.0/2/5/13
1.0,2,14,0,400,200,5,constant,stated,0.6784994344878064,1,0,0,mixture/1.0/2/5/14
1.0,2,14,0,400,200,5,constant,geomean,0.1022252415013043,2,1,1,mixture/1.0/2/5/14
1.0,2,14,0,400,200,5,constant,ratio,0.07000000000000006,2,1,1,mixture/1.0/2/5/14
1.0,2,14,0,400,200,5,constant,ratio-half,0.07000000000000006,2,1,1,mixture/1.0/2/5/14
1.0,2,14,0,1000,200,5,constant,stated,0.5395907397331495,1,0,0,mixture/1.0/2/5/14
1.0,2,14,0,1000,200,5,constant,geomean,0.07628892449104265,2,1,1,mixture/1.0/2/5/14
1.0,2,14,0,1000,200,5,constant,ratio,0.039999999999999925,2,1,1,mixture/1.0/2/5/14
1.0,2,14,0,1000,200,5,constant,ratio-half,0.039999999999999925,2,1,1,mixture/1.0/2/5/14
1.0,2,15,0,400,200,5,constant,stated,0.6784994344878064,1,0,0,mixture/1.0/2/5/15
1.0,2,15,0,400,200,5,constant,geomean,0.13774977313955902,2,1,1,mixture/1.0/2/5/15
1.0,2,15,0,400,200,5,constant,ratio,0.06500000000000006,2,1,1,mixture/1.0/2/5/15
1.0,2,15,0,400,200,5,constant,ratio-half,0.06500000000000006,2,1,1,mixture/1.0/2/5/15
1.0,2,15,0,1000,200,5,constant,stated,0.5395907397331495,1,0,0,mixture/1.0/2/5/15
1.0,2,15,0,1000,200,5,constant,geomean,0.10507140429250943,2,1,1,mixture/1.0/2/5/15
1.0,2,15,0,1000,200,5,constant,ratio,0.039999999999999925,2,1,1,mixture/1.0/2/5/15
1.0,2,15,0,1000,200,5,constant,ratio-half,0.039999999999999925,2,1,1,mixture/1.0/2/5/15
1.0,2,16,0,400,200,5,constant,stated,0.6784994344878064,1,0,0,mixture/1.0/2/5/16
1.0,2,16,0,400,200,5,constant,geomean,0.13124404748406682,2,1,1,mixture/1.0/2/5/16
1.0,2,16,0,400,200,5,constant,ratio,0.09500000000000008,2,1,1,mixture/1.0/2/5/16
1.0,2,16,0,400,200,5,constant,ratio-half,0.09500000000000008,2,1,1,mixture/1.0/2/5/16
1.0,2,16,0,1000,200,5,constant,stated,0.5395907397331495,1,0,0,mixture/1.0/2/5/16
1.0,2,16,0,1000,200,5,constant,geomean,0.10533755265810942,2,1,1,mixture/1.0/2/5/16
1.0,2,16,0,1000,200,5,constant,ratio,0.04999999999999993,2,1,1,mixture/1.0/2/5/16
1.0,2,16,0,1000,200,5,constant,ratio-half,0.04999999999999993,2,1,1,mixture/1.0/2/5/16
1.0,2,17,0,400,200,5,constant,stated,0.6784994344878064,1,0,0,mixture/1.0/2/5/17
1.0,2,17,0,400,200,5,constant,geomean,0.08124038404635955,2,1,1,mixture/1.0/2/5/17
1.0,2,17,0,400,200,5,constant,ratio,0.07000000000000006,2,1,1,mixture/1.0/2/5/17
1.0,2,17,0,400,200,5,constant,ratio-half,0.07000000000000006,2,1,1,mixture/1.0/2/5/17
1.0,2,17,0,1000,200,5,constant,stated,0.5395907397331495,1,0,0,mixture/1.0/2/5/17
1.0,2,17,0,1000,200,5,constant,geomean,0.0584807660688537,2,1,1,mixture/1.0/2/5/17
1.0,2,17,0,1000,200,5,constant,ratio,0.038000000000000034,2,1,1,mixture/1.0/2/5/17
1.0,2,17,0,1000,200,5,constant,ratio-half,0.038000000000000034,2,1,1,mixture/1.0/2/5/17
1.0,2,18,0,400,200,5,constant,stated,0.6784994344878064,1,0,0,mixture/1.0/2/5/18
1.0,2,18,0,400,200,5,constant,geomean,0.10087120500916014,2,1,1,mixture/1.0/2/5/18
1.0,2,18,0,400,200,5,constant,ratio,0.06999999999999995,2,1,1,mixture/1.0/2/5/18
1.0,2,18,0,400,200,5,constant,ratio-half,0.06999999999999995,2,1,1,mixture/1.0/2/5/18
1.0,2,18,0,1000,200,5,constant,stated,0.5395907397331495,1,0,0,mixture/1.0/2/5/18
1.0,2,18,0,1000,200,5,constant,geomean,0.07628892449104265,2,1,1,mixture/1.0/2/5/18
1.0,2,18,0,1000,200,5,constant,ratio,0.04200000000000004,2,1,1,mixture/1.0/2/5/18
1.0,2,18,0,1000,200,5,constant,ratio-half,0.04200000000000004,2,1,1,mixture/1.0/2/5/18
1.0,2,19,0,400,200,5,constant,stated,0.6784994344878064,1,0,0,mixture/1.0/2/5/19
1.0,2,19,0,400,200,5,constant,geomean,0.08616843969807038,2,1,1,mixture/1.0/2/5/19
1.0,2,19,0,400,200,5,constant,ratio,0.06500000000000006,2,1,1,mixture/1.0/2/5/19
1.0,2,19,0,400,200,5,constant,ratio-half,0.06500000000000006,2,1,1,mixture/1.0/2/5/19
1.0,2,19,0,1000,200,5,constant,stated,0.5395907397331495,1,0,0,mixture/1.0/2/5/19
1.0,2,19,0,1000,200,5,constant,geomean,0.06480740698407851,2,1,1,mixture/1.0/2/5/19
1.0,2,19,0,1000,200,5,constant,ratio,0.03799999999999992,2,1,1,mixture/1.0/2/5/19
1.0,2,19,0,1000,200,5,constant,ratio-half,0.03799999999999992,2,1,1,mixture/1.0/2/5/19
1.0,3,0,0,400,200,5,constant,stated,0.6784994344878064,1,0,0,mixture/1.0/3/5/0
1.0,3,0,0,400,200,5,constant,geomean,0.0894427190999916,3,1,1,mixture/1.0/3/5/0
1.0,3,0,0,400,200,5,constant,ratio,0.07999999999999996,3,1,1,mixture/1.0/3/5/0
1.0,3,0,0,400,200,5,constant,ratio-half,0.07999999999999996,3,1,1,mixture/1.0/3/5/0
1.0,3,0,0,1000,200,5,constant,stated,0.5395907397331495,1,0,0,mixture/1.0/3/5/0
1.0,3,0,0,1000,200,5,constant,geomean,0.06609084656743326,3,1,1,mixture/1.0/3/5/0
1.0,3,0,0,1000,200,5,constant,ratio,0.038000000000000034,3,1,1,mixture/1.0/3/5/0
1.0,3,0,0,1000,200,5,constant,ratio-half,0.038000000000000034,3,1,1,mixture/1.0/3/5/0
1.0,3,1,0,400,200,5,constant,stated,0.6784994344878064,1,0,0,mixture/1.0/3/5/1
1.0,3,1,0,400,200,5,constant,geomean,0.08215838362577492,3,1,1,mixture/1.0/3/5/1
1.0,3,1,0,400,200,5,constant,ratio,0.07000000000000006,3,1,1,mixture/1.0/3/5/1
1.0,3,1,0,400,200,5,constant,ratio-half,0.07000000000000006,3,1,1,mixture/1.0/3/5/1
1.0,3,1,0,1000,200,5,constant,stated,0.5395907397331495,1,0,0,mixture/1.0/3/5/1
1.0,3,1,0,1000,200,5,constant,geomean,0.05844655678480985,3,1,1,mixture/1.0/3/5/1
1.0,3,1,0,1000,200,5,constant,ratio,0.03799999999999992,3,1,1,mixture/1.0/3/5/1
1.0,3,1,0,1000,200,5,constant,ratio-half,0.03799999999999992,3,1,1,mixture/1.0/3/5/1
1.0,3,2,0,400,200,5,constant,stated,0.6784994344878064,1,0,0,mixture/1.0/3/5/2
1.0,3,2,0,400,200,5,constant,geomean,0.11000000000000004,3,1,1,mixture/1.0/3/5/2
1.0,3,2,0,400,200,5,constant,ratio,0.07999999999999996,3,1,1,mixture/1.0/3/5/2
1.0,3,2,0,400,200,5,constant,ratio-half,0.07999999999999996,3,1,1,mixture/1.0/3/5/2
1.0,3,2,0,1000,200,5,constant,stated,0.5395907397331495,1,0,0,mixture/1.0/3/5/2
1.0,3,2,0,1000,200,5,constant,geomean,0.08504116650187724,3,1,1,mixture/1.0/3/5/2
1.0,3,2,0,1000,200,5,constant,ratio,0.04400000000000004,3,1,1,mixture/1.0/3/5/2
1.0,3,2,0,1000,200,5,constant,ratio-half,0.04400000000000004,3,1,1,mixture/1.0/3/5/2
1.0,3,3,0,400,200,5,constant,stated,0.6784994344878064,1,0,0,mixture/1.0/3/5/3
1.0,3,3,0,400,200,5,constant,geomean,0.0836660026534076,3,1,1,mixture/1.0/3/5/3
1.0,3,3,0,400,200,5,constant,ratio,0.07000000000000006,3,1,1,mixture/1.0/3/5/3
1.0,3,3,0,400,200,5,constant,ratio-half,0.07000000000000006,3,1,1,mixture/1.0/3/5/3
1.0,3,3,0,1000,200,5,constant,stated,0.5395907397331495,1,0,0,mixture/1.0/3/5/3
1.0,3,3,0,1000,200,5,constant,geomean,0.0634980314655502,3,1,1,mixture/1.0/3/5/3
1.0,3,3,0,1000,200,5,constant,ratio,0.038000000000000034,3,1,1,mixture/1.0/3/5/3
1.0,3,3,0,1000,200,5,constant,ratio-half,0.038000000000000034,3,1,1,mixture/1.0/3/5/3
1.0,3,4,0,400,200,5,constant,stated,0.6784994344878064,1,0,0,mixture/1.0/3/5/4
1.0,3,4,0,400,200,5,constant,geomean,0.10246950765959605,3,1,1,mixture/1.0/3/5/4
1.0,3,4,0,400,200,5,constant,ratio,0.07999999999999996,3,1,1,mixture/1.0/3/5/4
1.0,3,4,0,400,200,5,constant,ratio-half,0.07999999999999996,3,1,1,mixture/1.0/3/5/4
1.0,3,4,0,1000,200,5,constant,stated,0.5395907397331495,1,0,0,mixture/1.0/3/5/4
1.0,3,4,0,1000,200,5,constant,geomean,0.0799499843652268,3,1,1,mixture/1.0/3/5/4
1.0,3,4,0,1000,200,5,constant,ratio,0.04599999999999993,3,1,1,mixture/1.0/3/5/4
1.0,3,4,0,1000,200,5,constant,ratio-half,0.04599999999999993,3,1,1,mixture/1.0/3/5/4
1.0,3,5,0,400,200,5,constant,stated,0.6784994344878064,1,0,0,mixture/1.0/3/5/5
1.0,3,5,0,400,200,5,constant,geomean,0.09874208829065756,3,1,1,mixture/1.0/3/5/5
1.0,3,5,0,400,200,5,constant,ratio,0.07000000000000006,3,1,1,mixture/1.0/3/5/5
1.0,3,5,0,400,200,5,constant,ratio-half,0.07000000000000006,3,1,1,mixture/1.0/3/5/5
1.0,3,5,0,1000,200,5,constant,stated,0.5395907397331495,1,0,0,mixture/1.0/3/5/5
1.0,3,5,0,1000,200,5,constant,geomean,0.07216647421067489,3,1,1,mixture/1.0/3/5/5
1.0,3,5,0,1000,200,5,constant,ratio,0.040000000000000036,3,1,1,mixture/1.0/3/5/5
1.0,3,5,0,1000,200,5,constant,ratio-half,0.040000000000000036,3,1,1,mixture/1.0/3/5/5
1.0,3,6,0,400,200,5,constant,stated,0.6784994344878064,1,0,0,mixture/1.0/3/5/6
1.0,3,6,0,400,200,5,constant,geomean,0.11489125293076054,3,1,1,mixture/1.0/3/5/6
1.0,3,6,0,400,200,5,constant,ratio,0.08499999999999996,3,1,1,mixture/1.0/3/5/6
1.0,3,6,0,400,200,5,constant,ratio-half,0.08499999999999996,3,1,1,mixture/1.0/3/5/6
1.0,3,6,0,1000,200,5,constant,stated,0.5395907397331495,1,0,0,mixture/1.0/3/5/6
1.0,3,6,0,1000,200,5,constant,geomean,0.0857904423581089,3,1,1,mixture/1.0/3/5/6
1.0,3,6,0,1000,200,5,constant,ratio,0.04600000000000004,3,1,1,mixture/1.0/3/5/6
1.0,3,6,0,1000,200,5,constant,ratio-half,0.04600000000000004,3,1,1,mixture/1.0/3/5/6
1.0,3,7,0,400,200,5,constant,stated,0.6784994344878064,1,0,0,mixture/1.0/3/5/7
1.0,3,7,0,400,200,5,constant,geomean,0.07952986860293436,3,1,1,mixture/1.0/3/5/7
1.0,3,7,0,400,200,5,constant,ratio,0.08499999999999996,2,0,0,mixture/1.0/3/5/7
1.0,3,7,0,400,200,5,constant,ratio-half,0.08499999999999996,2,0,0,mixture/1.0/3/5/7
1.0,3,7,0,1000,200,5,constant,stated,0.5395907397331495,1,0,0,mixture/1.0/3/5/7
1.0,3,7,0,1000,200,5,constant,geomean,0.05713142742834282,3,1,1,mixture/1.0/3/5/7
1.0,3,7,0,1000,200,5,constant,ratio,0.039999999999999925,3,1,1,mixture/1.0/3/5/7
1.0,3,7,0,1000,200,5,constant,ratio-half,0.039999999999999925,3,1,1,mixture/1.0/3/5/7
1.0,3,8,0,400,200,5,constant,stated,0.6784994344878064,1,0,0,mixture/1.0/3/5/8
1.0,3,8,0,400,200,5,constant,geomean,0.10874281585465766,3,1,1,mixture/1.0/3/5/8
1.0,3,8,0,400,200,5,constant,ratio,0.06500000000000006,3,1,1,mixture/1.0/3/5/8
1.0,3,8,0,400,200,5,constant,ratio-half,0.06500000000000006,3,1,1,mixture/1.0/3/5/8
1.0,3,8,0,1000,200,5,constant,stated,0.5395907397331495,1,0,0,mixture/1.0/3/5/8
1.0,3,8,0,1000,200,5,constant,geomean,0.08485281374238558,3,1,1,mixture/1.0/3/5/8
1.0,3,8,0,1000,200,5,constant,ratio,0.038000000000000034,3,1,1,mixture/1.0/3/5/8
1.0,3,8,0,1000,200,5,constant,ratio-half,0.038000000000000034,3,1,1,mixture/1.0/3/5/8
1.0,3,9,0,400,200,5,constant,stated,0.6784994344878064,1,0,0,mixture/1.0/3/5/9
1.0,3,9,0,400,200,5,constant,geomean,0.0932737905308881,3,1,1,mixture/1.0/3/5/9
1.0,3,9,0,400,200,5,constant,ratio,0.08499999999999996,3,1,1,mixture/1.0/3/5/9
1.0,3,9,0,400,200,5,constant,ratio-half,0.08499999999999996,3,1,1,mixture/1.0/3/5/9
1.0,3,9,0,1000,200,5,constant,stated,0.5395907397331495,1,0,0,mixture/1.0/3/5/9
1.0,3,9,0,1000,200,5,constant,geomean,0.07282856582413241,3,1,1,mixture/1.0/3/5/9
1.0,3,9,0,1000,200,5,constant,ratio,0.04200000000000004,3,1,1,mixture/1.0/3/5/9
1.0,3,9,0,1000,200,5,constant,ratio-half,0.04200000000000004,3,1,1,mixture/1.0/3/5/9
1.0,3,10,0,400,200,5,constant,stated,0.6784994344878064,1,0,0,mixture/1.0/3/5/10
1.0,3,10,0,400,200,5,constant,geomean,0.1022252415013044,3,1,1,mixture/1.0/3/5/10
1.0,3,10,0,400,200,5,constant,ratio,0.08500000000000008,3,1,1,mixture/1.0/3/5/10
1.0,3,10,0,400,200,5,constant,ratio-half,0.08500000000000008,3,1,1,mixture/1.0/3/5/10
1.0,3,10,0,1000,200,5,constant,stated,0.5395907397331495,1,0,0,mixture/1.0/3/5/10
1.0,3,10,0,1000,200,5,constant,geomean,0.07628892449104263,3,1,1,mixture/1.0/3/5/10
1.0,3,10,0,1000,200,5,constant,ratio,0.040000000000000036,3,1,1,mixture/1.0/3/5/10
1.0,3,10,0,1000,200,5,constant,ratio-half,0.040000000000000036,3,1,1,mixture/1.0/3/5/10
1.0,3,11,0,400,200,5,constant,stated,0.6784994344878064,1,0,0,mixture/1.0/3/5/11
1.0,3,11,0,400,200,5,constant,geomean,0.10511898020814325,3,1,1,mixture/1.0/3/5/11
1.0,3,11,0,400,200,5,constant,ratio,0.08500000000000008,3,1,1,mixture/1.0/3/5/11
1.0,3,11,0,400,200,5,constant,ratio-half,0.08500000000000008,3,1,1,mixture/1.0/3/5/11
1.0,3,11,0,1000,200,5,constant,stated,0.5395907397331495,1,0,0,mixture/1.0/3/5/11
1.0,3,11,0,1000,200,5,constant,geomean,0.08226785520481256,3,1,1,mixture/1.0/3/5/11
1.0,3,11,0,1000,200,5,constant,ratio,0.04999999999999993,3,1,1,mixture/1.0/3/5/11
1.0,3,11,0,1000,200,5,constant,ratio-half,0.04999999999999993,3,1,1,mixture/1.0/3/5/11
1.0,3,12,0,400,200,5,constant,stated,0.6784994344878064,1,0,0,mixture/1.0/3/5/12
1.0,3,12,0,400,200,5,constant,geomean,0.1039230484541327,3,1,1,mixture/1.0/3/5/12
1.0,3,12,0,400,200,5,constant,ratio,0.08999999999999997,3,1,1,mixture/1.0/3/5/12
1.0,3,12,0,400,200,5,constant,ratio-half,0.08999999999999997,3,1,1,mixture/1.0/3/5/12
1.0,3,12,0,1000,200,5,constant,stated,0.5395907397331495,1,0,0,mixture/1.0/3/5/12
1.0,3,12,0,1000,200,5,constant,geomean,0.07467261881037791,3,1,1,mixture/1.0/3/5/12
1.0,3,12,0,1000,200,5,constant,ratio,0.062000000000000055,3,1,1,mixture/1.0/3/5/12
1.0,3,12,0,1000,200,5,constant,ratio-half,0.062000000000000055,3,1,1,mixture/1.0/3/5/12
1.0,3,13,0,400,200,5,constant,stated,0.6784994344878064,1,0,0,mixture/1.0/3/5/13
1.0,3,13,0,400,200,5,constant,geomean,0.11842719282327016,3,1,1,mixture/1.0/3/5/13
1.0,3,13,0,400,200,5,constant,ratio,0.09499999999999997,3,1,1,mixture/1.0/3/5/13
1.0,3,13,0,400,200,5,constant,ratio-half,0.09499999999999997,3,1,1,mixture/1.0/3/5/13
1.0,3,13,0,1000,200,5,constant,stated,0.5395907397331495,1,0,0,mixture/1.0/3/5/13
1.0,3,13,0,1000,200,5,constant,geomean,0.08944271909999148,3,1,1,mixture/1.0/3/5/13
1.0,3,13,0,1000,200,5,constant,ratio,0.062000000000000055,3,1,1,mixture/1.0/3/5/13
1.0,3,13,0,1000,200,5,constant,ratio-half,0.062000000000000055,3,1,1,mixture/1.0/3/5/13
1.0,3,14,0,400,200,5,constant,stated,0.6784994344878064,1,0,0,mixture/1.0/3/5/14
1.0,3,14,0,400,200,5,constant,geomean,0.10087120500916003,3,1,1,mixture/1.0/3/5/14
1.0,3,14,0,400,200,5,constant,ratio,0.06999999999999995,3,1,1,mixture/1.0/3/5/14
1.0,3,14,0,400,200,5,constant,ratio-half,0.06999999999999995,3,1,1,mixture/1.0/3/5/14
1.0,3,14,0,1000,200,5,constant,stated,0.5395907397331495,1,0,0,mixture/1.0/3/5/14
1.0,3,14,0,1000,200,5,constant,geomean,0.07224956747275381,3,1,1,mixture/1.0/3/5/14
1.0,3,14,0,1000,200,5,constant,ratio,0.050000000000000044,3,1,1,mixture/1.0/3/5/14
1.0,3,14,0,1000,200,5,constant,ratio-half,0.050000000000000044,3,1,1,mixture/1.0/3/5/14
1.0,3,15,0,400,200,5,constant,stated,0.6784994344878064,1,0,0,mixture/1.0/3/5/15
1.0,3,15,0,400,200,5,constant,geomean,0.10000000000000006,3,1,1,mixture/1.0/3/5/15
1.0,3,15,0,400,200,5,constant,ratio,0.08499999999999996,3,1,1,mixture/1.0/3/5/15
1.0,3,15,0,400,200,5,constant,ratio-half,0.08499999999999996,3,1,1,mixture/1.0/3/5/15
1.0,3,15,0,1000,200,5,constant,stated,0.5395907397331495,1,0,0,mixture/1.0/3/5/15
1.0,3,15,0,1000,200,5,constant,geomean,0.08012490249604043,3,1,1,mixture/1.0/3/5/15
1.0,3,15,0,1000,200,5,constant,ratio,0.03600000000000003,3,1,1,mixture/1.0/3/5/15
1.0,3,15,0,1000,200,5,constant,ratio-half,0.03600000000000003,3,1,1,mixture/1.0/3/5/15
1.0,3,16,0,400,200,5,constant,stated,0.6784994344878064,1,0,0,mixture/1.0/3/5/16
1.0,3,16,0,400,200,5,constant,geomean,0.1039230484541327,3,1,1,mixture/1.0/3/5/16
1.0,3,16,0,400,200,5,constant,ratio,0.09499999999999997,3,1,1,mixture/1.0/3/5/16
1.0,3,16,0,400,200,5,constant,ratio-half,0.09499999999999997,3,1,1,mixture/1.0/3/5/16
1.0,3,16,0,1000,200,5,constant,stated,0.5395907397331495,1,0,0,mixture/1.0/3/5/16
1.0,3,16,0,1000,200,5,constant,geomean,0.07647221717722069,3,1,1,mixture/1.0/3/5/16
1.0,3,16,0,1000,200,5,constant,ratio,0.06000000000000005,3,1,1,mixture/1.0/3/5/16
1.0,3,16,0,1000,200,5,constant,ratio-half,0.06000000000000005,3,1,1,mixture/1.0/3/5/16
1.0,3,17,0,400,200,5,constant,stated,0.6784994344878064,1,0,0,mixture/1.0/3/5/17
1.0,3,17,0,400,200,5,constant,geomean,0.12961481396815713,2,0,0,mixture/1.0/3/5/17
1.0,3,17,0,400,200,5,constant,ratio,0.12,2,0,0,mixture/1.0/3/5/17
1.0,3,17,0,400,200,5,constant,ratio-half,0.12,2,0,0,mixture/1.0/3/5/17
1.0,3,17,0,1000,200,5,constant,stated,0.5395907397331495,1,0,0,mixture/1.0/3/5/17
1.0,3,17,0,1000,200,5,constant,geomean,0.09431860898041265,3,1,1,mixture/1.0/3/5/17
1.0,3,17,0,1000,200,5,constant,ratio,0.04600000000000004,3,1,1,mixture/1.0/3/5/17
1.0,3,17,0,1000,200,5,constant,ratio-half,0.04600000000000004,3,1,1,mixture/1.0/3/5/17
1.0,3,18,0,400,200,5,constant,stated,0.6784994344878064,1,0,0,mixture/1.0/3/5/18
1.0,3,18,0,400,200,5,constant,geomean,0.10356157588603986,2,0,0,mixture/1.0/3/5/18
1.0,3,18,0,400,200,5,constant,ratio,0.09999999999999998,2,0,0,mixture/1.0/3/5/18
1.0,3,18,0,400,200,5,constant,ratio-half,0.09999999999999998,2,0,0,mixture/1.0/3/5/18
1.0,3,18,0,1000,200,5,constant,stated,0.5395907397331495,1,0,0,mixture/1.0/3/5/18
1.0,3,18,0,1000,200,5,constant,geomean,0.08234075540095549,3,1,1,mixture/1.0/3/5/18
1.0,3,18,0,1000,200,5,constant,ratio,0.08399999999999996,2,0,0,mixture/1.0/3/5/18
1.0,3,18,0,1000,200,5,constant,ratio-half,0.08399999999999996,2,0,0,mixture/1.0/3/5/18
1.0,3,19,0,400,200,5,constant,stated,0.6784994344878064,1,0,0,mixture/1.0/3/5/19
1.0,3,19,0,400,200,5,constant,geomean,0.09082951062292476,3,1,1,mixture/1.0/3/5/19
1.0,3,19,0,400,200,5,constant,ratio,0.06999999999999995,3,1,1,mixture/1.0/3/5/19
1.0,3,19,0,400,200,5,constant,ratio-half,0.06999999999999995,3,1,1,mixture/1.0/3/5/19
1.0,3,19,0,1000,200,5,constant,stated,0.5395907397331495,1,0,0,mixture/1.0/3/5/19
1.0,3,19,0,1000,200,5,constant,geomean,0.06884765791223403,3,1,1,mixture/1.0/3/5/19
1.0,3,19,0,1000,200,5,constant,ratio,0.052000000000000046,3,1,1,mixture/1.0/3/5/19
1.0,3,19,0,1000,200,5,constant,ratio-half,0.052000000000000046,3,1,1,mixture/1.0/3/5/19
1.0,4,0,0,400,200,5,constant,stated,0.6784994344878064,1,0,0,mixture/1.0/4/5/0
1.0,4,0,0,400,200,5,constant,geomean,0.10874281585465777,4,1,1,mixture/1.0/4/5/0
1.0,4,0,0,400,200,5,constant,ratio,0.09500000000000008,4,1,1,mixture/1.0/4/5/0
1.0,4,0,0,400,200,5,constant,ratio-half,0.09500000000000008,4,1,1,mixture/1.0/4/5/0
1.0,4,0,0,1000,200,5,constant,stated,0.5395907397331495,1,0,0,mixture/1.0/4/5/0
1.0,4,0,0,1000,200,5,constant,geomean,0.07959899496852962,4,1,1,mixture/1.0/4/5/0
1.0,4,0,0,1000,200,5,constant,ratio,0.051999999999999935,4,1,1,mixture/1.0/4/5/0
1.0,4,0,0,1000,200,5,constant,ratio-half,0.051999999999999935,4,1,1,mixture/1.0/4/5/0
1.0,4,1,0,400,200,5,constant,stated,0.6784994344878064,1,0,0,mixture/1.0/4/5/1
1.0,4,1,0,400,200,5,constant,geomean,0.09810708435174297,4,1,1,mixture/1.0/4/5/1
1.0,4,1,0,400,200,5,constant,ratio,0.07000000000000006,4,1,1,mixture/1.0/4/5/1
1.0,4,1,0,400,200,5,constant,ratio-half,0.07000000000000006,4,1,1,mixture/1.0/4/5/1
1.0,4,1,0,1000,200,5,constant,stated,0.5395907397331495,1,0,0,mixture/1.0/4/5/1
1.0,4,1,0,1000,200,5,constant,geomean,0.07823042886243181,4,1,1,mixture/1.0/4/5/1
1.0,4,1,0,1000,200,5,constant,ratio,0.04800000000000004,4,1,1,mixture/1.0/4/5/1
1.0,4,1,0,1000,200,5,constant,ratio-half,0.04800000000000004,4,1,1,mixture/1.0/4/5/1
1.0,4,2,0,400,200,5,constant,stated,0.6784994344878064,1,0,0,mixture/1.0/4/5/2
1.0,4,2,0,400,200,5,constant,geomean,0.1135781669160054,4,1,1,mixture/1.0/4/5/2
1.0,4,2,0,400,200,5,constant,ratio,0.07999999999999996,4,1,1,mixture/1.0/4/5/2
1.0,4,2,0,400,200,5,constant,ratio-half,0.07999999999999996,4,1,1,mixture/1.0/4/5/2
1.0,4,2,0,1000,200,5,constant,stated,0.5395907397331495,1,0,0,mixture/1.0/4/5/2
1.0,4,2,0,1000,200,5,constant,geomean,0.08804544281222058,4,1,1,mixture/1.0/4/5/2
1.0,4,2,0,1000,200,5,constant,ratio,0.04800000000000004,4,1,1,mixture/1.0/4/5/2
1.0,4,2,0,1000,200,5,constant,ratio-half,0.04800000000000004,4,1,1,mixture/1.0/4/5/2
1.0,4,3,0,400,200,5,constant,stated,0.6784994344878064,1,0,0,mixture/1.0/4/5/3
1.0,4,3,0,400,200,5,constant,geomean,0.10356157588603983,2,0,0,mixture/1.0/4/5/3
1.0,4,3,0,400,200,5,constant,ratio,0.09999999999999998,2,0,0,mixture/1.0/4/5/3
1.0,4,3,0,400,200,5,constant,ratio-half,0.09999999999999998,2,0,0,mixture/1.0/4/5/3
1.0,4,3,0,1000,200,5,constant,stated,0.5395907397331495,1,0,0,mixture/1.0/4/5/3
1.0,4,3,0,1000,200,5,constant,geomean,0.07861297602813407,3,0,0,mixture/1.0/4/5/3
1.0,4,3,0,1000,200,5,constant,ratio,0.10399999999999998,2,0,0,mixture/1.0/4/5/3
1.0,4,3,0,1000,200,5,constant,ratio-half,0.10399999999999998,2,0,0,mixture/1.0/4/5/3
1.0,4,4,0,400,200,5,constant,stated,0.6784994344878064,1,0,0,mixture/1.0/4/5/4
1.0,4,4,0,400,200,5,constant,geomean,0.11726039399558567,3,0,0,mixture/1.0/4/5/4
1.0,4,4,0,400,200,5,constant,ratio,0.09000000000000008,3,0,0,mixture/1.0/4/5/4
1.0,4,4,0,400,200,5,constant,ratio-half,0.09000000000000008,3,0,0,mixture/1.0/4/5/4
1.0,4,4,0,1000,200,5,constant,stated,0.5395907397331495,1,0,0,mixture/1.0/4/5/4
1.0,4,4,0,1000,200,5,constant,geomean,0.08694826047713668,4,1,1,mixture/1.0/4/5/4
1.0,4,4,0,1000,200,5,constant,ratio,0.04200000000000004,4,1,1,mixture/1.0/4/5/4
1.0,4,4,0,1000,200,5,constant,ratio-half,0.04200000000000004,4,1,1,mixture/1.0/4/5/4
1.0,4,5,0,400,200,5,constant,stated,0.6784994344878064,1,0,0,mixture/1.0/4/5/5
1.0,4,5,0,400,200,5,constant,geomean,0.10618380290797644,3,0,0,mixture/1.0/4/5/5
1.0,4,5,0,400,200,5,constant,ratio,0.10999999999999999,2,0,0,mixture/1.0/4/5/5
1.0,4,5,0,400,200,5,constant,ratio-half,0.10999999999999999,2,0,0,mixture/1.0/4/5/5
1.0,4,5,0,1000,200,5,constant,stated,0.5395907397331495,1,0,0,mixture/1.0/4/5/5
1.0,4,5,0,1000,200,5,constant,geomean,0.07745966692414838,3,0,0,mixture/1.0/4/5/5
1.0,4,5,0,1000,200,5,constant,ratio,0.10000000000000009,2,0,0,mixture/1.0/4/5/5
1.0,4,5,0,1000,200,5,constant,ratio-half,0.10000000000000009,2,0,0,mixture/1.0/4/5/5
1.0,4,6,0,400,200,5,constant,stated,0.6784994344878064,1,0,0,mixture/1.0/4/5/6
1.0,4,6,0,400,200,5,constant,geomean,0.12227019260637478,3,0,0,mixture/1.0/4/5/6
1.0,4,6,0,400,200,5,constant,ratio,0.14,2,0,0,mixture/1.0/4/5/6
1.0,4,6,0,400,200,5,constant,ratio-half,0.14,2,0,0,mixture/1.0/4/5/6
1.0,4,6,0,1000,200,5,constant,stated,0.5395907397331495,1,0,0,mixture/1.0/4/5/6
1.0,4,6,0,1000,200,5,constant,geomean,0.09019977827023748,4,1,1,mixture/1.0/4/5/6
1.0,4,6,0,1000,200,5,constant,ratio,0.04800000000000004,4,1,1,mixture/1.0/4/5/6
1.0,4,6,0,1000,200,5,constant,ratio-half,0.04800000000000004,4,1,1,mixture/1.0/4/5/6
1.0,4,7,0,400,200,5,constant,stated,0.6784994344878064,1,0,0,mixture/1.0/4/5/7
1.0,4,7,0,400,200,5,constant,geomean,0.08455767262643876,6,0,0,mixture/1.0/4/5/7
1.0,4,7,0,400,200,5,constant,ratio,0.08499999999999996,4,1,1,mixture/1.0/4/5/7
1.0,4,7,0,400,200,5,constant,ratio-half,0.08499999999999996,4,1,1,mixture/1.0/4/5/7
1.0,4,7,0,1000,200,5,constant,stated,0.5395907397331495,1,0,0,mixture/1.0/4/5/7
1.0,4,7,0,1000,200,5,constant,geomean,0.06974238309665069,4,1,1,mixture/1.0/4/5/7
1.0,4,7,0,1000,200,5,constant,ratio,0.051999999999999935,4,1,1,mixture/1.0/4/5/7
1.0,4,7,0,1000,200,5,constant,ratio-half,0.051999999999999935,4,1,1,mixture/1.0/4/5/7
1.0,4,8,0,400,200,5,constant,stated,0.6784994344878064,1,0,0,mixture/1.0/4/5/8
1.0,4,8,0,400,200,5,constant,geomean,0.12072696467649642,3,0,0,mixture/1.0/4/5/8
1.0,4,8,0,400,200,5,constant,ratio,0.135,2,0,0,mixture/1.0/4/5/8
1.0,4,8,0,400,200,5,constant,ratio-half,0.135,2,0,0,mixture/1.0/4/5/8
1.0,4,8,0,1000,200,5,constant,stated,0.5395907397331495,1,0,0,mixture/1.0/4/5/8
1.0,4,8,0,1000,200,5,constant,geomean,0.0964365076099296,3,0,0,mixture/1.0/4/5/8
1.0,4,8,0,1000,200,5,constant,ratio,0.134,2,0,0,mixture/1.0/4/5/8
1.0,4,8,0,1000,200,5,constant,ratio-half,0.134,2,0,0,mixture/1.0/4/5/8
1.0,4,9,0,400,200,5,constant,stated,0.6784994344878064,1,0,0,mixture/1.0/4/5/9
1.0,4,9,0,400,200,5,constant,geomean,0.12000000000000005,4,1,1,mixture/1.0/4/5/9
1.0,4,9,0,400,200,5,constant,ratio,0.07999999999999996,4,1,1,mixture/1.0/4/5/9
1.0,4,9,0,400,200,5,constant,ratio-half,0.07999999999999996,4,1,1,mixture/1.0/4/5/9
1.0,4,9,0,1000,200,5,constant,stated,0.5395907397331495,1,0,0,mixture/1.0/4/5/9
1.0,4,9,0,1000,200,5,constant,geomean,0.09438220171197538,4,1,1,mixture/1.0/4/5/9
1.0,4,9,0,1000,200,5,constant,ratio,0.04800000000000004,4,1,1,mixture/1.0/4/5/9
1.0,4,9,0,1000,200,5,constant,ratio-half,0.04800000000000004,4,1,1,mixture/1.0/4/5/9
1.0,4,10,0,400,200,5,constant,stated,0.6784994344878064,1,0,0,mixture/1.0/4/5/10
1.0,4,10,0,400,200,5,constant,geomean,0.10099504938362074,4,1,1,mixture/1.0/4/5/10
1.0,4,10,0,400,200,5,constant,ratio,0.1100000000000001,3,0,0,mixture/1.0/4/5/10
1.0,4,10,0,400,200,5,constant,ratio-half,0.1100000000000001,3,0,0,mixture/1.0/4/5/10
1.0,4,10,0,1000,200,5,constant,stated,0.5395907397331495,1,0,0,mixture/1.0/4/5/10
1.0,4,10,0,1000,200,5,constant,geomean,0.07557777451076478,4,1,1,mixture/1.0/4/5/10
1.0,4,10,0,1000,200,5,constant,ratio,0.04799999999999993,4,1,1,mixture/1.0/4/5/10
1.0,4,10,0,1000,200,5,constant,ratio-half,0.04799999999999993,4,1,1,mixture/1.0/4/5/10
1.0,4,11,0,400,200,5,constant,stated,0.6784994344878064,1,0,0,mixture/1.0/4/5/11
1.0,4,11,0,400,200,5,constant,geomean,0.10246950765959605,4,1,1,mixture/1.0/4/5/11
1.0,4,11,0,400,200,5,constant,ratio,0.09500000000000008,4,1,1,mixture/1.0/4/5/11
1.0,4,11,0,400,200,5,constant,ratio-half,0.09500000000000008,4,1,1,mixture/1.0/4/5/11
1.0,4,11,0,1000,200,5,constant,stated,0.5395907397331495,1,0,0,mixture/1.0/4/5/11
1.0,4,11,0,1000,200,5,constant,geomean,0.08049844718999236,4,1,1,mixture/1.0/4/5/11
1.0,4,11,0,1000,200,5,constant,ratio,0.052000000000000046,4,1,1,mixture/1.0/4/5/11
1.0,4,11,0,1000,200,5,constant,ratio-half,0.052000000000000046,4,1,1,mixture/1.0/4/5/11
1.0,4,12,0,400,200,5,constant,stated,0.6784994344878064,1,0,0,mixture/1.0/4/5/12
1.0,4,12,0,400,200,5,constant,geomean,0.11124297730643498,3,0,0,mixture/1.0/4/5/12
1.0,4,12,0,400,200,5,constant,ratio,0.14500000000000002,2,0,0,mixture/1.0/4/5/12
1.0,4,12,0,400,200,5,constant,ratio-half,0.14500000000000002,2,0,0,mixture/1.0/4/5/12
1.0,4,12,0,1000,200,5,constant,stated,0.5395907397331495,1,0,0,mixture/1.0/4/5/12
1.0,4,12,0,1000,200,5,constant,geomean,0.08012490249604055,4,1,1,mixture/1.0/4/5/12
1.0,4,12,0,1000,200,5,constant,ratio,0.040000000000000036,4,1,1,mixture/1.0/4/5/12
1.0,4,12,0,1000,200,5,constant,ratio-half,0.040000000000000036,4,1,1,mixture/1.0/4/5/12
1.0,4,13,0,400,200,5,constant,stated,0.6784994344878064,1,0,0,mixture/1.0/4/5/13
1.0,4,13,0,400,200,5,constant,geomean,0.0923309265630969,4,1,1,mixture/1.0/4/5/13
1.0,4,13,0,400,200,5,constant,ratio,0.07000000000000006,4,1,1,mixture/1.0/4/5/13
1.0,4,13,0,400,200,5,constant,ratio-half,0.07000000000000006,4,1,1,mixture/1.0/4/5/13
1.0,4,13,0,1000,200,5,constant,stated,0.5395907397331495,1,0,0,mixture/1.0/4/5/13
1.0,4,13,0,1000,200,5,constant,geomean,0.07266360849833985,4,1,1,mixture/1.0/4/5/13
1.0,4,13,0,1000,200,5,constant,ratio,0.06399999999999995,4,1,1,mixture/1.0/4/5/13
1.0,4,13,0,1000,200,5,constant,ratio-half,0.06399999999999995,4,1,1,mixture/1.0/4/5/13
1.0,4,14,0,400,200,5,constant,stated,0.6784994344878064,1,0,0,mixture/1.0/4/5/14
1.0,4,14,0,400,200,5,constant,geomean,0.11489125293076051,5,0,0,mixture/1.0/4/5/14
1.0,4,14,0,400,200,5,constant,ratio,0.12,4,1,1,mixture/1.0/4/5/14
1.0,4,14,0,400,200,5,constant,ratio-half,0.12,4,1,1,mixture/1.0/4/5/14
1.0,4,14,0,1000,200,5,constant,stated,0.5395907397331495,1,0,0,mixture/1.0/4/5/14
1.0,4,14,0,1000,200,5,constant,geomean,0.08541662601625052,4,1,1,mixture/1.0/4/5/14
1.0,4,14,0,1000,200,5,constant,ratio,0.05800000000000005,4,1,1,mixture/1.0/4/5/14
1.0,4,14,0,1000,200,5,constant,ratio-half,0.05800000000000005,4,1,1,mixture/1.0/4/5/14
1.0,4,15,0,400,200,5,constant,stated,0.6784994344878064,1,0,0,mixture/1.0/4/5/15
1.0,4,15,0,400,200,5,constant,geomean,0.1048808848170152,3,0,0,mixture/1.0/4/5/15
1.0,4,15,0,400,200,5,constant,ratio,0.125,2,0,0,mixture/1.0/4/5/15
1.0,4,15,0,400,200,5,constant,ratio-half,0.125,2,0,0,mixture/1.0/4/5/15
1.0,4,15,0,1000,200,5,constant,stated,0.5395907397331495,1,0,0,mixture/1.0/4/5/15
1.0,4,15,0,1000,200,5,constant,geomean,0.08049844718999231,4,1,1,mixture/1.0/4/5/15
1.0,4,15,0,1000,200,5,constant,ratio,0.04600000000000004,4,1,1,mixture/1.0/4/5/15
1.0,4,15,0,1000,200,5,constant,ratio-half,0.04600000000000004,4,1,1,mixture/1.0/4/5/15
1.0,4,16,0,400,200,5,constant,stated,0.6784994344878064,1,0,0,mixture/1.0/4/5/16
1.0,4,16,0,400,200,5,constant,geomean,0.10874281585465777,3,0,0,mixture/1.0/4/5/16
1.0,4,16,0,400,200,5,constant,ratio,0.125,2,0,0,mixture/1.0/4/5/16
1.0,4,16,0,400,200,5,constant,ratio-half,0.125,2,0,0,mixture/1.0/4/5/16
1.0,4,16,0,1000,200,5,constant,stated,0.5395907397331495,1,0,0,mixture/1.0/4/5/16
1.0,4,16,0,1000,200,5,constant,geomean,0.08352245207128443,4,1,1,mixture/1.0/4/5/16
1.0,4,16,0,1000,200,5,constant,ratio,0.04400000000000004,4,1,1,mixture/1.0/4/5/16
1.0,4,16,0,1000,200,5,constant,ratio-half,0.04400000000000004,4,1,1,mixture/1.0/4/5/16
1.0,4,17,0,400,200,5,constant,stated,0.6784994344878064,1,0,0,mixture/1.0/4/5/17
1.0,4,17,0,400,200,5,constant,geomean,0.09526279441628818,4,1,1,mixture/1.0/4/5/17
1.0,4,17,0,400,200,5,constant,ratio,0.06999999999999995,4,1,1,mixture/1.0/4/5/17
1.0,4,17,0,400,200,5,constant,ratio-half,0.06999999999999995,4,1,1,mixture/1.0/4/5/17
1.0,4,17,0,1000,200,5,constant,stated,0.5395907397331495,1,0,0,mixture/1.0/4/5/17
1.0,4,17,0,1000,200,5,constant,geomean,0.07183313998427192,4,1,1,mixture/1.0/4/5/17
1.0,4,17,0,1000,200,5,constant,ratio,0.03799999999999992,4,1,1,mixture/1.0/4/5/17
1.0,4,17,0,1000,200,5,constant,ratio-half,0.03799999999999992,4,1,1,mixture/1.0/4/5/17
1.0,4,18,0,400,200,5,constant,stated,0.6784994344878064,1,0,0,mixture/1.0/4/5/18
1.0,4,18,0,400,200,5,constant,geomean,0.09810708435174297,4,1,1,mixture/1.0/4/5/18
1.0,4,18,0,400,200,5,constant,ratio,0.07999999999999996,4,1,1,mixture/1.0/4/5/18
1.0,4,18,0,400,200,5,constant,ratio-half,0.07999999999999996,4,1,1,mixture/1.0/4/5/18
1.0,4,18,0,1000,200,5,constant,stated,0.5395907397331495,1,0,0,mixture/1.0/4/5/18
1.0,4,18,0,1000,200,5,constant,geomean,0.07631513611335557,4,1,1,mixture/1.0/4/5/18
1.0,4,18,0,1000,200,5,constant,ratio,0.04799999999999993,4,1,1,mixture/1.0/4/5/18
1.0,4,18,0,1000,200,5,constant,ratio-half,0.04799999999999993,4,1,1,mixture/1.0/4/5/18
1.0,4,19,0,400,200,5,constant,stated,0.6784994344878064,1,0,0,mixture/1.0/4/5/19
1.0,4,19,0,400,200,5,constant,geomean,0.10099504938362083,4,1,1,mixture/1.0/4/5/19
1.0,4,19,0,400,200,5,constant,ratio,0.11499999999999999,2,0,0,mixture/1.0/4/5/19
1.0,4,19,0,400,200,5,constant,ratio-half,0.11499999999999999,2,0,0,mixture/1.0/4/5/19
1.0,4,19,0,1000,200,5,constant,stated,0.5395907397331495,1,0,0,mixture/1.0/4/5/19
1.0,4,19,0,1000,200,5,constant,geomean,0.07823042886243183,4,1,1,mixture/1.0/4/5/19
1.0,4,19,0,1000,200,5,constant,ratio,0.04999999999999993,4,1,1,mixture/1.0/4/5/19
1.0,4,19,0,1000,200,5,constant,ratio-half,0.04999999999999993,4,1,1,mixture/1.0/4/5/19
1.0,5,0,0,400,200,5,constant,stated,0.6784994344878064,1,0,0,mixture/1.0/5/5/0
1.0,5,0,0,400,200,5,constant,geomean,0.10816653826391964,4,0,0,mixture/1.0/5/5/0
1.0,5,0,0,400,200,5,constant,ratio,0.09500000000000008,4,0,0,mixture/1.0/5/5/0
1.0,5,0,0,400,200,5,constant,ratio-half,0.09500000000000008,4,0,0,mixture/1.0/5/5/0
1.0,5,0,0,1000,200,5,constant,stated,0.5395907397331495,1,0,0,mixture/1.0/5/5/0
1.0,5,0,0,1000,200,5,constant,geomean,0.08390470785361218,5,1,1,mixture/1.0/5/5/0
1.0,5,0,0,1000,200,5,constant,ratio,0.050000000000000044,5,1,1,mixture/1.0/5/5/0
1.0,5,0,0,1000,200,5,constant,ratio-half,0.050000000000000044,5,1,1,mixture/1.0/5/5/0
1.0,5,1,0,400,200,5,constant,stated,0.6784994344878064,1,0,0,mixture/1.0/5/5/1
1.0,5,1,0,400,200,5,constant,geomean,0.09380831519646864,3,0,0,mixture/1.0/5/5/1
1.0,5,1,0,400,200,5,constant,ratio,0.08500000000000008,3,0,0,mixture/1.0/5/5/1
1.0,5,1,0,400,200,5,constant,ratio-half,0.08500000000000008,3,0,0,mixture/1.0/5/5/1
1.0,5,1,0,1000,200,5,constant,stated,0.5395907397331495,1,0,0,mixture/1.0/5/5/1
1.0,5,1,0,1000,200,5,constant,geomean,0.07019971509913686,4,0,0,mixture/1.0/5/5/1
1.0,5,1,0,1000,200,5,constant,ratio,0.04799999999999993,4,0,0,mixture/1.0/5/5/1
1.0,5,1,0,1000,200,5,constant,ratio-half,0.04799999999999993,4,0,0,mixture/1.0/5/5/1
1.0,5,2,0,400,200,5,constant,stated,0.6784994344878064,1,0,0,mixture/1.0/5/5/2
1.0,5,2,0,400,200,5,constant,geomean,0.09165151389911676,3,0,0,mixture/1.0/5/5/2
1.0,5,2,0,400,200,5,constant,ratio,0.08500000000000008,3,0,0,mixture/1.0/5/5/2
1.0,5,2,0,400,200,5,constant,ratio-half,0.08500000000000008,3,0,0,mixture/1.0/5/5/2
1.0,5,2,0,1000,200,5,constant,stated,0.5395907397331495,1,0,0,mixture/1.0/5/5/2
1.0,5,2,0,1000,200,5,constant,geomean,0.06299206299209452,5,1,1,mixture/1.0/5/5/2
1.0,5,2,0,1000,200,5,constant,ratio,0.04200000000000004,5,1,1,mixture/1.0/5/5/2
1.0,5,2,0,1000,200,5,constant,ratio-half,0.04200000000000004,5,1,1,mixture/1.0/5/5/2
1.0,5,3,0,400,200,5,constant,stated,0.6784994344878064,1,0,0,mixture/1.0/5/5/3
1.0,5,3,0,400,200,5,constant,geomean,0.09874208829065746,5,1,1,mixture/1.0/5/5/3
1.0,5,3,0,400,200,5,constant,ratio,0.09500000000000008,5,1,1,mixture/1.0/5/5/3
1.0,5,3,0,400,200,5,constant,ratio-half,0.09500000000000008,5,1,1,mixture/1.0/5/5/3
1.0,5,3,0,1000,200,5,constant,stated,0.5395907397331495,1,0,0,mixture/1.0/5/5/3
1.0,5,3,0,1000,200,5,constant,geomean,0.07249827584156747,5,1,1,mixture/1.0/5/5/3
1.0,5,3,0,1000,200,5,constant,ratio,0.05800000000000005,5,1,1,mixture/1.0/5/5/3
1.0,5,3,0,1000,200,5,constant,ratio-half,0.05800000000000005,5,1,1,mixture/1.0/5/5/3
1.0,5,4,0,400,200,5,constant,stated,0.6784994344878064,1,0,0,mixture/1.0/5/5/4
1.0,5,4,0,400,200,5,constant,geomean,0.11618950038622254,4,0,0,mixture/1.0/5/5/4
1.0,5,4,0,400,200,5,constant,ratio,0.17500000000000004,2,0,0,mixture/1.0/5/5/4
1.0,5,4,0,400,200,5,constant,ratio-half,0.17500000000000004,2,0,0,mixture/1.0/5/5/4
1.0,5,4,0,1000,200,5,constant,stated,0.5395907397331495,1,0,0,mixture/1.0/5/5/4
1.0,5,4,0,1000,200,5,constant,geomean,0.0919782583005354,5,1,1,mixture/1.0/5/5/4
1.0,5,4,0,1000,200,5,constant,ratio,0.04599999999999993,5,1,1,mixture/1.0/5/5/4
1.0,5,4,0,1000,200,5,constant,ratio-half,0.04599999999999993,5,1,1,mixture/1.0/5/5/4
1.0,5,5,0,400,200,5,constant,stated,0.6784994344878064,1,0,0,mixture/1.0/5/5/5
1.0,5,5,0,400,200,5,constant,geomean,0.09165151389911676,5,1,1,mixture/1.0/5/5/5
1.0,5,5,0,400,200,5,constant,ratio,0.07500000000000007,5,1,1,mixture/1.0/5/5/5
1.0,5,5,0,400,200,5,constant,ratio-half,0.07500000000000007,5,1,1,mixture/1.0/5/5/5
1.0,5,5,0,1000,200,5,constant,stated,0.5395907397331495,1,0,0,mixture/1.0/5/5/5
1.0,5,5,0,1000,200,5,constant,geomean,0.06548282217497964,5,1,1,mixture/1.0/5/5/5
1.0,5,5,0,1000,200,5,constant,ratio,0.04600000000000004,5,1,1,mixture/1.0/5/5/5
1.0,5,5,0,1000,200,5,constant,ratio-half,0.04600000000000004,5,1,1,mixture/1.0/5/5/5
1.0,5,6,0,400,200,5,constant,stated,0.6784994344878064,1,0,0,mixture/1.0/5/5/6
1.0,5,6,0,400,200,5,constant,geomean,0.09797958971132717,5,1,1,mixture/1.0/5/5/6
1.0,5,6,0,400,200,5,constant,ratio,0.09000000000000008,5,1,1,mixture/1.0/5/5/6
1.0,5,6,0,400,200,5,constant,ratio-half,0.09000000000000008,5,1,1,mixture/1.0/5/5/6
1.0,5,6,0,1000,200,5,constant,stated,0.5395907397331495,1,0,0,mixture/1.0/5/5/6
1.0,5,6,0,1000,200,5,constant,geomean,0.0749399759807807,5,1,1,mixture/1.0/5/5/6
1.0,5,6,0,1000,200,5,constant,ratio,0.04400000000000004,5,1,1,mixture/1.0/5/5/6
1.0,5,6,0,1000,200,5,constant,ratio-half,0.04400000000000004,5,1,1,mixture/1.0/5/5/6
1.0,5,7,0,400,200,5,constant,stated,0.6784994344878064,1,0,0,mixture/1.0/5/5/7
1.0,5,7,0,400,200,5,constant,geomean,0.08930285549745881,5,1,1,mixture/1.0/5/5/7
1.0,5,7,0,400,200,5,constant,ratio,0.07000000000000006,5,1,1,mixture/1.0/5/5/7
1.0,5,7,0,400,200,5,constant,ratio-half,0.07000000000000006,5,1,1,mixture/1.0/5/5/7
1.0,5,7,0,1000,200,5,constant,stated,0.5395907397331495,1,0,0,mixture/1.0/5/5/7
1.0,5,7,0,1000,200,5,constant,geomean,0.0670820393249937,5,1,1,mixture/1.0/5/5/7
1.0,5,7,0,1000,200,5,constant,ratio,0.040000000000000036,5,1,1,mixture/1.0/5/5/7
1.0,5,7,0,1000,200,5,constant,ratio-half,0.040000000000000036,5,1,1,mixture/1.0/5/5/7
1.0,5,8,0,400,200,5,constant,stated,0.6784994344878064,1,0,0,mixture/1.0/5/5/8
1.0,5,8,0,400,200,5,constant,geomean,0.0964365076099296,5,1,1,mixture/1.0/5/5/8
1.0,5,8,0,400,200,5,constant,ratio,0.08499999999999985,5,1,1,mixture/1.0/5/5/8
1.0,5,8,0,400,200,5,constant,ratio-half,0.08499999999999985,5,1,1,mixture/1.0/5/5/8
1.0,5,8,0,1000,200,5,constant,stated,0.5395907397331495,1,0,0,mixture/1.0/5/5/8
1.0,5,8,0,1000,200,5,constant,geomean,0.07188880302244575,5,1,1,mixture/1.0/5/5/8
1.0,5,8,0,1000,200,5,constant,ratio,0.050000000000000044,5,1,1,mixture/1.0/5/5/8
1.0,5,8,0,1000,200,5,constant,ratio-half,0.050000000000000044,5,1,1,mixture/1.0/5/5/8
1.0,5,9,0,400,200,5,constant,stated,0.6784994344878064,1,0,0,mixture/1.0/5/5/9
1.0,5,9,0,400,200,5,constant,geomean,0.09669539802906864,5,1,1,mixture/1.0/5/5/9
1.0,5,9,0,400,200,5,constant,ratio,0.07999999999999996,5,1,1,mixture/1.0/5/5/9
1.0,5,9,0,400,200,5,constant,ratio-half,0.07999999999999996,5,1,1,mixture/1.0/5/5/9
1.0,5,9,0,1000,200,5,constant,stated,0.5395907397331495,1,0,0,mixture/1.0/5/5/9
1.0,5,9,0,1000,200,5,constant,geomean,0.07504665215717492,5,1,1,mixture/1.0/5/5/9
1.0,5,9,0,1000,200,5,constant,ratio,0.04600000000000004,5,1,1,mixture/1.0/5/5/9
1.0,5,9,0,1000,200,5,constant,ratio-half,0.04600000000000004,5,1,1,mixture/1.0/5/5/9
1.0,5,10,0,400,200,5,constant,stated,0.6784994344878064,1,0,0,mixture/1.0/5/5/10
1.0,5,10,0,400,200,5,constant,geomean,0.10954451150103316,5,1,1,mixture/1.0/5/5/10
1.0,5,10,0,400,200,5,constant,ratio,0.10999999999999999,4,0,0,mixture/1.0/5/5/10
1.0,5,10,0,400,200,5,constant,ratio-half,0.10999999999999999,4,0,0,mixture/1.0/5/5/10
1.0,5,10,0,1000,200,5,constant,stated,0.5395907397331495,1,0,0,mixture/1.0/5/5/10
1.0,5,10,0,1000,200,5,constant,geomean,0.08079603950689665,5,1,1,mixture/1.0/5/5/10
1.0,5,10,0,1000,200,5,constant,ratio,0.050000000000000044,5,1,1,mixture/1.0/5/5/10
1.0,5,10,0,1000,200,5,constant,ratio-half,0.050000000000000044,5,1,1,mixture/1.0/5/5/10
1.0,5,11,0,400,200,5,constant,stated,0.6784994344878064,1,0,0,mixture/1.0/5/5/11
1.0,5,11,0,400,200,5,constant,geomean,0.09669539802906864,5,1,1,mixture/1.0/5/5/11
1.0,5,11,0,400,200,5,constant,ratio,0.08499999999999996,5,1,1,mixture/1.0/5/5/11
1.0,5,11,0,400,200,5,constant,ratio-half,0.08499999999999996,5,1,1,mixture/1.0/5/5/11
1.0,5,11,0,1000,200,5,constant,stated,0.5395907397331495,1,0,0,mixture/1.0/5/5/11
1.0,5,11,0,1000,200,5,constant,geomean,0.07504665215717478,5,1,1,mixture/1.0/5/5/11
1.0,5,11,0,1000,200,5,constant,ratio,0.05600000000000005,5,1,1,mixture/1.0/5/5/11
1.0,5,11,0,1000,200,5,constant,ratio-half,0.05600000000000005,5,1,1,mixture/1.0/5/5/11
1.0,5,12,0,400,200,5,constant,stated,0.6784994344878064,1,0,0,mixture/1.0/5/5/12
1.0,5,12,0,400,200,5,constant,geomean,0.10677078252031318,5,1,1,mixture/1.0/5/5/12
1.0,5,12,0,400,200,5,constant,ratio,0.09999999999999998,5,1,1,mixture/1.0/5/5/12
1.0,5,12,0,400,200,5,constant,ratio-half,0.09999999999999998,5,1,1,mixture/1.0/5/5/12
1.0,5,12,0,1000,200,5,constant,stated,0.5395907397331495,1,0,0,mixture/1.0/5/5/12
1.0,5,12,0,1000,200,5,constant,geomean,0.08609297300012357,5,1,1,mixture/1.0/5/5/12
1.0,5,12,0,1000,200,5,constant,ratio,0.05999999999999994,5,1,1,mixture/1.0/5/5/12
1.0,5,12,0,1000,200,5,constant,ratio-half,0.05999999999999994,5,1,1,mixture/1.0/5/5/12
1.0,5,13,0,400,200,5,constant,stated,0.6784994344878064,1,0,0,mixture/1.0/5/5/13
1.0,5,13,0,400,200,5,constant,geomean,0.08930285549745881,5,1,1,mixture/1.0/5/5/13
1.0,5,13,0,400,200,5,constant,ratio,0.07500000000000007,5,1,1,mixture/1.0/5/5/13
1.0,5,13,0,400,200,5,constant,ratio-half,0.07500000000000007,5,1,1,mixture/1.0/5/5/13
1.0,5,13,0,1000,200,5,constant,stated,0.5395907397331495,1,0,0,mixture/1.0/5/5/13
1.0,5,13,0,1000,200,5,constant,geomean,0.06693280212272594,5,1,1,mixture/1.0/5/5/13
1.0,5,13,0,1000,200,5,constant,ratio,0.04400000000000004,5,1,1,mixture/1.0/5/5/13
1.0,5,13,0,1000,200,5,constant,ratio-half,0.04400000000000004,5,1,1,mixture/1.0/5/5/13
1.0,5,14,0,400,200,5,constant,stated,0.6784994344878064,1,0,0,mixture/1.0/5/5/14
1.0,5,14,0,400,200,5,constant,geomean,0.08455767262643885,4,0,0,mixture/1.0/5/5/14
1.0,5,14,0,400,200,5,constant,ratio,0.09000000000000008,3,0,0,mixture/1.0/5/5/14
1.0,5,14,0,400,200,5,constant,ratio-half,0.09000000000000008,3,0,0,mixture/1.0/5/5/14
1.0,5,14,0,1000,200,5,constant,stated,0.5395907397331495,1,0,0,mixture/1.0/5/5/14
1.0,5,14,0,1000,200,5,constant,geomean,0.0634980314655502,5,1,1,mixture/1.0/5/5/14
1.0,5,14,0,1000,200,5,constant,ratio,0.08199999999999996,3,0,0,mixture/1.0/5/5/14
1.0,5,14,0,1000,200,5,constant,ratio-half,0.08199999999999996,3,0,0,mixture/1.0/5/5/14
1.0,5,15,0,400,200,5,constant,stated,0.6784994344878064,1,0,0,mixture/1.0/5/5/15
1.0,5,15,0,400,200,5,constant,geomean,0.10087120500916014,3,0,0,mixture/1.0/5/5/15
1.0,5,15,0,400,200,5,constant,ratio,0.08999999999999997,3,0,0,mixture/1.0/5/5/15
1.0,5,15,0,400,200,5,constant,ratio-half,0.08999999999999997,3,0,0,mixture/1.0/5/5/15
1.0,5,15,0,1000,200,5,constant,stated,0.5395907397331495,1,0,0,mixture/1.0/5/5/15
1.0,5,15,0,1000,200,5,constant,geomean,0.07589466384404116,4,0,0,mixture/1.0/5/5/15
1.0,5,15,0,1000,200,5,constant,ratio,0.07600000000000007,3,0,0,mixture/1.0/5/5/15
1.0,5,15,0,1000,200,5,constant,ratio-half,0.07600000000000007,3,0,0,mixture/1.0/5/5/15
1.0,5,16,0,400,200,5,constant,stated,0.6784994344878064,1,0,0,mixture/1.0/5/5/16
1.0,5,16,0,400,200,5,constant,geomean,0.1022252415013044,3,0,0,mixture/1.0/5/5/16
1.0,5,16,0,400,200,5,constant,ratio,0.09000000000000008,3,0,0,mixture/1.0/5/5/16
1.0,5,16,0,400,200,5,constant,ratio-half,0.09000000000000008,3,0,0,mixture/1.0/5/5/16
1.0,5,16,0,1000,200,5,constant,stated,0.5395907397331495,1,0,0,mixture/1.0/5/5/16
1.0,5,16,0,1000,200,5,constant,geomean,0.07547184905645288,4,0,0,mixture/1.0/5/5/16
1.0,5,16,0,1000,200,5,constant,ratio,0.08400000000000007,3,0,0,mixture/1.0/5/5/16
1.0,5,16,0,1000,200,5,constant,ratio-half,0.08400000000000007,3,0,0,mixture/1.0/5/5/16
1.0,5,17,0,400,200,5,constant,stated,0.6784994344878064,1,0,0,mixture/1.0/5/5/17
1.0,5,17,0,400,200,5,constant,geomean,0.10747092630102334,5,1,1,mixture/1.0/5/5/17
1.0,5,17,0,400,200,5,constant,ratio,0.07999999999999996,5,1,1,mixture/1.0/5/5/17
1.0,5,17,0,400,200,5,constant,ratio-half,0.07999999999999996,5,1,1,mixture/1.0/5/5/17
1.0,5,17,0,1000,200,5,constant,stated,0.5395907397331495,1,0,0,mixture/1.0/5/5/17
1.0,5,17,0,1000,200,5,constant,geomean,0.08485281374238574,5,1,1,mixture/1.0/5/5/17
1.0,5,17,0,1000,200,5,constant,ratio,0.04200000000000004,5,1,1,mixture/1.0/5/5/17
1.0,5,17,0,1000,200,5,constant,ratio-half,0.04200000000000004,5,1,1,mixture/1.0/5/5/17
1.0,5,18,0,400,200,5,constant,stated,0.6784994344878064,1,0,0,mixture/1.0/5/5/18
1.0,5,18,0,400,200,5,constant,geomean,0.11726039399558567,4,0,0,mixture/1.0/5/5/18
1.0,5,18,0,400,200,5,constant,ratio,0.07000000000000006,5,1,1,mixture/1.0/5/5/18
1.0,5,18,0,400,200,5,constant,ratio-half,0.07000000000000006,5,1,1,mixture/1.0/5/5/18
1.0,5,18,0,1000,200,5,constant,stated,0.5395907397331495,1,0,0,mixture/1.0/5/5/18
1.0,5,18,0,1000,200,5,constant,geomean,0.0896660470858396,5,1,1,mixture/1.0/5/5/18
1.0,5,18,0,1000,200,5,constant,ratio,0.052000000000000046,5,1,1,mixture/1.0/5/5/18
1.0,5,18,0,1000,200,5,constant,ratio-half,0.052000000000000046,5,1,1,mixture/1.0/5/5/18
1.0,5,19,0,400,200,5,constant,stated,0.6784994344878064,1,0,0,mixture/1.0/5/5/19
1.0,5,19,0,400,200,5,constant,geomean,0.12247448713915884,3,0,0,mixture/1.0/5/5/19
1.0,5,19,0,400,200,5,constant,ratio,0.09500000000000008,3,0,0,mixture/1.0/5/5/19
1.0,5,19,0,400,200,5,constant,ratio-half,0.09500000000000008,3,0,0,mixture/1.0/5/5/19
1.0,5,19,0,1000,200,5,constant,stated,0.5395907397331495,1,0,0,mixture/1.0/5/5/19
1.0,5,19,0,1000,200,5,constant,geomean,0.09121403400793109,3,0,0,mixture/1.0/5/5/19
1.0,5,19,0,1000,200,5,constant,ratio,0.07800000000000007,3,0,0,mixture/1.0/5/5/19
1.0,5,19,0,1000,200,5,constant,ratio-half,0.07800000000000007,3,0,0,mixture/1.0/5/5/19
1.0,6,0,0,400,200,5,constant,stated,0.6784994344878064,1,0,0,mixture/1.0/6/5/0
1.0,6,0,0,400,200,5,constant,geomean,0.10356157588603992,5,0,0,mixture/1.0/6/5/0
1.0,6,0,0,400,200,5,constant,ratio,0.07000000000000006,6,1,1,mixture/1.0/6/5/0
1.0,6,0,0,400,200,5,constant,ratio-half,0.07000000000000006,6,1,1,mixture/1.0/6/5/0
1.0,6,0,0,1000,200,5,constant,stated,0.5395907397331495,1,0,0,mixture/1.0/6/5/0
1.0,6,0,0,1000,200,5,constant,geomean,0.07631513611335554,6,1,1,mixture/1.0/6/5/0
1.0,6,0,0,1000,200,5,constant,ratio,0.04200000000000004,6,1,1,mixture/1.0/6/5/0
1.0,6,0,0,1000,200,5,constant,ratio-half,0.04200000000000004,6,1,1,mixture/1.0/6/5/0
1.0,6,1,0,400,200,5,constant,stated,0.6784994344878064,1,0,0,mixture/1.0/6/5/1
1.0,6,1,0,400,200,5,constant,geomean,0.11618950038622256,6,1,1,mixture/1.0/6/5/1
1.0,6,1,0,400,200,5,constant,ratio,0.09999999999999998,6,1,1,mixture/1.0/6/5/1
1.0,6,1,0,400,200,5,constant,ratio-half,0.09999999999999998,6,1,1,mixture/1.0/6/5/1
1.0,6,1,0,1000,200,5,constant,stated,0.5395907397331495,1,0,0,mixture/1.0/6/5/1
1.0,6,1,0,1000,200,5,constant,geomean,0.10003999200319844,6,1,1,mixture/1.0/6/5/1
1.0,6,1,0,1000,200,5,constant,ratio,0.050000000000000044,6,1,1,mixture/1.0/6/5/1
1.0,6,1,0,1000,200,5,constant,ratio-half,0.050000000000000044,6,1,1,mixture/1.0/6/5/1
1.0,6,2,0,400,200,5,constant,stated,0.6784994344878064,1,0,0,mixture/1.0/6/5/2
1.0,6,2,0,400,200,5,constant,geomean,0.09797958971132717,5,0,0,mixture/1.0/6/5/2
1.0,6,2,0,400,200,5,constant,ratio,0.09999999999999987,4,0,0,mixture/1.0/6/5/2
1.0,6,2,0,400,200,5,constant,ratio-half,0.09999999999999987,4,0,0,mixture/1.0/6/5/2
1.0,6,2,0,1000,200,5,constant,stated,0.5395907397331495,1,0,0,mixture/1.0/6/5/2
1.0,6,2,0,1000,200,5,constant,geomean,0.07093659140387283,6,1,1,mixture/1.0/6/5/2
1.0,6,2,0,1000,200,5,constant,ratio,0.050000000000000044,6,1,1,mixture/1.0/6/5/2
1.0,6,2,0,1000,200,5,constant,ratio-half,0.050000000000000044,6,1,1,mixture/1.0/6/5/2
1.0,6,3,0,400,200,5,constant,stated,0.6784994344878064,1,0,0,mixture/1.0/6/5/3
1.0,6,3,0,400,200,5,constant,geomean,0.10099504938362074,5,0,0,mixture/1.0/6/5/3
1.0,6,3,0,400,200,5,constant,ratio,0.12,3,0,0,mixture/1.0/6/5/3
1.0,6,3,0,400,200,5,constant,ratio-half,0.12,3,0,0,mixture/1.0/6/5/3
1.0,6,3,0,1000,200,5,constant,stated,0.5395907397331495,1,0,0,mixture/1.0/6/5/3
1.0,6,3,0,1000,200,5,constant,geomean,0.07504665215717489,6,1,1,mixture/1.0/6/5/3
1.0,6,3,0,1000,200,5,constant,ratio,0.04400000000000004,6,1,1,mixture/1.0/6/5/3
1.0,6,3,0,1000,200,5,constant,ratio-half,0.04400000000000004,6,1,1,mixture/1.0/6/5/3
1.0,6,4,0,400,200,5,constant,stated,0.6784994344878064,1,0,0,mixture/1.0/6/5/4
1.0,6,4,0,400,200,5,constant,geomean,0.09327379053088816,8,0,0,mixture/1.0/6/5/4
1.0,6,4,0,400,200,5,constant,ratio,0.10999999999999999,4,0,0,mixture/1.0/6/5/4
1.0,6,4,0,400,200,5,constant,ratio-half,0.10999999999999999,4,0,0,mixture/1.0/6/5/4
1.0,6,4,0,1000,200,5,constant,stated,0.5395907397331495,1,0,0,mixture/1.0/6/5/4
1.0,6,4,0,1000,200,5,constant,geomean,0.07093659140387283,6,1,1,mixture/1.0/6/5/4
1.0,6,4,0,1000,200,5,constant,ratio,0.052000000000000046,6,1,1,mixture/1.0/6/5/4
1.0,6,4,0,1000,200,5,constant,ratio-half,0.052000000000000046,6,1,1,mixture/1.0/6/5/4
1.0,6,5,0,400,200,5,constant,stated,0.6784994344878064,1,0,0,mixture/1.0/6/5/5
1.0,6,5,0,400,200,5,constant,geomean,0.1022252415013044,5,0,0,mixture/1.0/6/5/5
1.0,6,5,0,400,200,5,constant,ratio,0.13,2,0,0,mixture/1.0/6/5/5
1.0,6,5,0,400,200,5,constant,ratio-half,0.13,2,0,0,mixture/1.0/6/5/5
1.0,6,5,0,1000,200,5,constant,stated,0.5395907397331495,1,0,0,mixture/1.0/6/5/5
1.0,6,5,0,1000,200,5,constant,geomean,0.07673330437300353,6,1,1,mixture/1.0/6/5/5
1.0,6,5,0,1000,200,5,constant,ratio,0.04600000000000004,6,1,1,mixture/1.0/6/5/5
1.0,6,5,0,1000,200,5,constant,ratio-half,0.04600000000000004,6,1,1,mixture/1.0/6/5/5
1.0,6,6,0,400,200,5,constant,stated,0.6784994344878064,1,0,0,mixture/1.0/6/5/6
1.0,6,6,0,400,200,5,constant,geomean,0.09380831519646861,6,1,1,mixture/1.0/6/5/6
1.0,6,6,0,400,200,5,constant,ratio,0.07499999999999996,6,1,1,mixture/1.0/6/5/6
1.0,6,6,0,400,200,5,constant,ratio-half,0.07499999999999996,6,1,1,mixture/1.0/6/5/6
1.0,6,6,0,1000,200,5,constant,stated,0.5395907397331495,1,0,0,mixture/1.0/6/5/6
1.0,6,6,0,1000,200,5,constant,geomean,0.0706540869306228,6,1,1,mixture/1.0/6/5/6
1.0,6,6,0,1000,200,5,constant,ratio,0.04200000000000004,6,1,1,mixture/1.0/6/5/6
1.0,6,6,0,1000,200,5,constant,ratio-half,0.04200000000000004,6,1,1,mixture/1.0/6/5/6
1.0,6,7,0,400,200,5,constant,stated,0.6784994344878064,1,0,0,mixture/1.0/6/5/7
1.0,6,7,0,400,200,5,constant,geomean,0.09949874371066203,5,0,0,mixture/1.0/6/5/7
1.0,6,7,0,400,200,5,constant,ratio,0.11499999999999999,3,0,0,mixture/1.0/6/5/7
1.0,6,7,0,400,200,5,constant,ratio-half,0.11499999999999999,3,0,0,mixture/1.0/6/5/7
1.0,6,7,0,1000,200,5,constant,stated,0.5395907397331495,1,0,0,mixture/1.0/6/5/7
1.0,6,7,0,1000,200,5,constant,geomean,0.07418894796396568,5,0,0,mixture/1.0/6/5/7
1.0,6,7,0,1000,200,5,constant,ratio,0.06399999999999995,5,0,0,mixture/1.0/6/5/7
1.0,6,7,0,1000,200,5,constant,ratio-half,0.06399999999999995,5,0,0,mixture/1.0/6/5/7
1.0,6,8,0,400,200,5,constant,stated,0.6784994344878064,1,0,0,mixture/1.0/6/5/8
1.0,6,8,0,400,200,5,constant,geomean,0.11958260743101393,7,0,0,mixture/1.0/6/5/8
1.0,6,8,0,400,200,5,constant,ratio,0.14500000000000002,4,0,0,mixture/1.0/6/5/8
1.0,6,8,0,400,200,5,constant,ratio-half,0.14500000000000002,4,0,0,mixture/1.0/6/5/8
1.0,6,8,0,1000,200,5,constant,stated,0.5395907397331495,1,0,0,mixture/1.0/6/5/8
1.0,6,8,0,1000,200,5,constant,geomean,0.08858893836140044,6,1,1,mixture/1.0/6/5/8
1.0,6,8,0,1000,200,5,constant,ratio,0.06800000000000006,6,1,1,mixture/1.0/6/5/8
1.0,6,8,0,1000,200,5,constant,ratio-half,0.06800000000000006,6,1,1,mixture/1.0/6/5/8
1.0,6,9,0,400,200,5,constant,stated,0.6784994344878064,1,0,0,mixture/1.0/6/5/9
1.0,6,9,0,400,200,5,constant,geomean,0.08660254037844382,6,1,1,mixture/1.0/6/5/9
1.0,6,9,0,400,200,5,constant,ratio,0.09999999999999998,4,0,0,mixture/1.0/6/5/9
1.0,6,9,0,400,200,5,constant,ratio-half,0.09999999999999998,4,0,0,mixture/1.0/6/5/9
1.0,6,9,0,1000,200,5,constant,stated,0.5395907397331495,1,0,0,mixture/1.0/6/5/9
1.0,6,9,0,1000,200,5,constant,geomean,0.06299206299209452,6,1,1,mixture/1.0/6/5/9
1.0,6,9,0,1000,200,5,constant,ratio,0.04599999999999993,6,1,1,mixture/1.0/6/5/9
1.0,6,9,0,1000,200,5,constant,ratio-half,0.04599999999999993,6,1,1,mixture/1.0/6/5/9
1.0,6,10,0,400,200,5,constant,stated,0.6784994344878064,1,0,0,mixture/1.0/6/5/10
1.0,6,10,0,400,200,5,constant,geomean,0.10099504938362071,7,0,0,mixture/1.0/6/5/10
1.0,6,10,0,400,200,5,constant,ratio,0.07500000000000007,7,0,0,mixture/1.0/6/5/10
1.0,6,10,0,400,200,5,constant,ratio-half,0.07500000000000007,7,0,0,mixture/1.0/6/5/10
1.0,6,10,0,1000,200,5,constant,stated,0.5395907397331495,1,0,0,mixture/1.0/6/5/10
1.0,6,10,0,1000,200,5,constant,geomean,0.06997142273814352,6,1,1,mixture/1.0/6/5/10
1.0,6,10,0,1000,200,5,constant,ratio,0.04400000000000004,6,1,1,mixture/1.0/6/5/10
1.0,6,10,0,1000,200,5,constant,ratio-half,0.04400000000000004,6,1,1,mixture/1.0/6/5/10
1.0,6,11,0,400,200,5,constant,stated,0.6784994344878064,1,0,0,mixture/1.0/6/5/11
1.0,6,11,0,400,200,5,constant,geomean,0.13527749258468674,3,0,0,mixture/1.0/6/5/11
1.0,6,11,0,400,200,5,constant,ratio,0.14,2,0,0,mixture/1.0/6/5/11
1.0,6,11,0,400,200,5,constant,ratio-half,0.14,2,0,0,mixture/1.0/6/5/11
1.0,6,11,0,1000,200,5,constant,stated,0.5395907397331495,1,0,0,mixture/1.0/6/5/11
1.0,6,11,0,1000,200,5,constant,geomean,0.09465727652959391,6,1,1,mixture/1.0/6/5/11
1.0,6,11,0,1000,200,5,constant,ratio,0.04800000000000004,6,1,1,mixture/1.0/6/5/11
1.0,6,11,0,1000,200,5,constant,ratio-half,0.04800000000000004,6,1,1,mixture/1.0/6/5/11
1.0,6,12,0,400,200,5,constant,stated,0.6784994344878064,1,0,0,mixture/1.0/6/5/12
1.0,6,12,0,400,200,5,constant,geomean,0.08485281374238567,5,0,0,mixture/1.0/6/5/12
1.0,6,12,0,400,200,5,constant,ratio,0.08000000000000007,5,0,0,mixture/1.0/6/5/12
1.0,6,12,0,400,200,5,constant,ratio-half,0.08000000000000007,5,0,0,mixture/1.0/6/5/12
1.0,6,12,0,1000,200,5,constant,stated,0.5395907397331495,1,0,0,mixture/1.0/6/5/12
1.0,6,12,0,1000,200,5,constant,geomean,0.06334035048845241,6,1,1,mixture/1.0/6/5/12
1.0,6,12,0,1000,200,5,constant,ratio,0.04200000000000004,6,1,1,mixture/1.0/6/5/12
1.0,6,12,0,1000,200,5,constant,ratio-half,0.04200000000000004,6,1,1,mixture/1.0/6/5/12
1.0,6,13,0,400,200,5,constant,stated,0.6784994344878064,1,0,0,mixture/1.0/6/5/13
1.0,6,13,0,400,200,5,constant,geomean,0.1008712050091601,4,0,0,mixture/1.0/6/5/13
1.0,6,13,0,400,200,5,constant,ratio,0.11499999999999999,3,0,0,mixture/1.0/6/5/13
1.0,6,13,0,400,200,5,constant,ratio-half,0.11499999999999999,3,0,0,mixture/1.0/6/5/13
1.0,6,13,0,1000,200,5,constant,stated,0.5395907397331495,1,0,0,mixture/1.0/6/5/13
1.0,6,13,0,1000,200,5,constant,geomean,0.07461903242471056,5,0,0,mixture/1.0/6/5/13
1.0,6,13,0,1000,200,5,constant,ratio,0.04999999999999993,5,0,0,mixture/1.0/6/5/13
1.0,6,13,0,1000,200,5,constant,ratio-half,0.04999999999999993,5,0,0,mixture/1.0/6/5/13
1.0,6,14,0,400,200,5,constant,stated,0.6784994344878064,1,0,0,mixture/1.0/6/5/14
1.0,6,14,0,400,200,5,constant,geomean,0.12227019260637481,5,0,0,mixture/1.0/6/5/14
1.0,6,14,0,400,200,5,constant,ratio,0.15500000000000003,3,0,0,mixture/1.0/6/5/14
1.0,6,14,0,400,200,5,constant,ratio-half,0.15500000000000003,3,0,0,mixture/1.0/6/5/14
1.0,6,14,0,1000,200,5,constant,stated,0.5395907397331495,1,0,0,mixture/1.0/6/5/14
1.0,6,14,0,1000,200,5,constant,geomean,0.08979977728257466,5,0,0,mixture/1.0/6/5/14
1.0,6,14,0,1000,200,5,constant,ratio,0.07600000000000007,5,0,0,mixture/1.0/6/5/14
1.0,6,14,0,1000,200,5,constant,ratio-half,0.07600000000000007,5,0,0,mixture/1.0/6/5/14
1.0,6,15,0,400,200,5,constant,stated,0.6784994344878064,1,0,0,mixture/1.0/6/5/15
1.0,6,15,0,400,200,5,constant,geomean,0.08774964387392123,6,1,1,mixture/1.0/6/5/15
1.0,6,15,0,400,200,5,constant,ratio,0.07500000000000007,6,1,1,mixture/1.0/6/5/15
1.0,6,15,0,400,200,5,constant,ratio-half,0.07500000000000007,6,1,1,mixture/1.0/6/5/15
1.0,6,15,0,1000,200,5,constant,stated,0.5395907397331495,1,0,0,mixture/1.0/6/5/15
1.0,6,15,0,1000,200,5,constant,geomean,0.06645299090334462,6,1,1,mixture/1.0/6/5/15
1.0,6,15,0,1000,200,5,constant,ratio,0.050000000000000044,6,1,1,mixture/1.0/6/5/15
1.0,6,15,0,1000,200,5,constant,ratio-half,0.050000000000000044,6,1,1,mixture/1.0/6/5/15
1.0,6,16,0,400,200,5,constant,stated,0.6784994344878064,1,0,0,mixture/1.0/6/5/16
1.0,6,16,0,400,200,5,constant,geomean,0.10618380290797653,4,0,0,mixture/1.0/6/5/16
1.0,6,16,0,400,200,5,constant,ratio,0.10499999999999998,4,0,0,mixture/1.0/6/5/16
1.0,6,16,0,400,200,5,constant,ratio-half,0.10499999999999998,4,0,0,mixture/1.0/6/5/16
1.0,6,16,0,1000,200,5,constant,stated,0.5395907397331495,1,0,0,mixture/1.0/6/5/16
1.0,6,16,0,1000,200,5,constant,geomean,0.07919595949289338,6,1,1,mixture/1.0/6/5/16
1.0,6,16,0,1000,200,5,constant,ratio,0.04400000000000004,6,1,1,mixture/1.0/6/5/16
1.0,6,16,0,1000,200,5,constant,ratio-half,0.04400000000000004,6,1,1,mixture/1.0/6/5/16
1.0,6,17,0,400,200,5,constant,stated,0.6784994344878064,1,0,0,mixture/1.0/6/5/17
1.0,6,17,0,400,200,5,constant,geomean,0.13527749258468677,3,0,0,mixture/1.0/6/5/17
1.0,6,17,0,400,200,5,constant,ratio,0.15000000000000002,2,0,0,mixture/1.0/6/5/17
1.0,6,17,0,400,200,5,constant,ratio-half,0.15000000000000002,2,0,0,mixture/1.0/6/5/17
1.0,6,17,0,1000,200,5,constant,stated,0.5395907397331495,1,0,0,mixture/1.0/6/5/17
1.0,6,17,0,1000,200,5,constant,geomean,0.10065783625729283,5,0,0,mixture/1.0/6/5/17
1.0,6,17,0,1000,200,5,constant,ratio,0.14400000000000002,2,0,0,mixture/1.0/6/5/17
1.0,6,17,0,1000,200,5,constant,ratio-half,0.14400000000000002,2,0,0,mixture/1.0/6/5/17
1.0,6,18,0,400,200,5,constant,stated,0.6784994344878064,1,0,0,mixture/1.0/6/5/18
1.0,6,18,0,400,200,5,constant,geomean,0.10392304845413257,7,0,0,mixture/1.0/6/5/18
1.0,6,18,0,400,200,5,constant,ratio,0.10499999999999998,6,1,1,mixture/1.0/6/5/18
1.0,6,18,0,400,200,5,constant,ratio-half,0.10499999999999998,6,1,1,mixture/1.0/6/5/18
1.0,6,18,0,1000,200,5,constant,stated,0.5395907397331495,1,0,0,mixture/1.0/6/5/18
1.0,6,18,0,1000,200,5,constant,geomean,0.0812157620169877,6,1,1,mixture/1.0/6/5/18
1.0,6,18,0,1000,200,5,constant,ratio,0.05600000000000005,6,1,1,mixture/1.0/6/5/18
1.0,6,18,0,1000,200,5,constant,ratio-half,0.05600000000000005,6,1,1,mixture/1.0/6/5/18
1.0,6,19,0,400,200,5,constant,stated,0.6784994344878064,1,0,0,mixture/1.0/6/5/19
1.0,6,19,0,400,200,5,constant,geomean,0.10392304845413267,5,0,0,mixture/1.0/6/5/19
1.0,6,19,0,400,200,5,constant,ratio,0.09500000000000008,5,0,0,mixture/1.0/6/5/19
1.0,6,19,0,400,200,5,constant,ratio-half,0.09500000000000008,5,0,0,mixture/1.0/6/5/19
1.0,6,19,0,1000,200,5,constant,stated,0.5395907397331495,1,0,0,mixture/1.0/6/5/19
1.0,6,19,0,1000,200,5,constant,geomean,0.07866384175718856,6,1,1,mixture/1.0/6/5/19
1.0,6,19,0,1000,200,5,constant,ratio,0.04800000000000004,6,1,1,mixture/1.0/6/5/19
1.0,6,19,0,1000,200,5,constant,ratio-half,0.04800000000000004,6,1,1,mixture/1.0/6/5/19
1.0,7,0,0,400,200,5,constant,stated,0.6784994344878064,1,0,0,mixture/1.0/7/5/0
1.0,7,0,0,400,200,5,constant,geomean,0.1195826074310139,6,0,0,mixture/1.0/7/5/0
1.0,7,0,0,400,200,5,constant,ratio,0.14500000000000002,4,0,0,mixture/1.0/7/5/0
1.0,7,0,0,400,200,5,constant,ratio-half,0.14500000000000002,4,0,0,mixture/1.0/7/5/0
1.0,7,0,0,1000,200,5,constant,stated,0.5395907397331495,1,0,0,mixture/1.0/7/5/0
1.0,7,0,0,1000,200,5,constant,geomean,0.09019977827023748,5,0,0,mixture/1.0/7/5/0
1.0,7,0,0,1000,200,5,constant,ratio,0.08800000000000008,5,0,0,mixture/1.0/7/5/0
1.0,7,0,0,1000,200,5,constant,ratio-half,0.08800000000000008,5,0,0,mixture/1.0/7/5/0
1.0,7,1,0,400,200,5,constant,stated,0.6784994344878064,1,0,0,mixture/1.0/7/5/1
1.0,7,1,0,400,200,5,constant,geomean,0.11113055385446431,6,0,0,mixture/1.0/7/5/1
1.0,7,1,0,400,200,5,constant,ratio,0.15999999999999992,2,0,0,mixture/1.0/7/5/1
1.0,7,1,0,400,200,5,constant,ratio-half,0.15999999999999992,2,0,0,mixture/1.0/7/5/1
1.0,7,1,0,1000,200,5,constant,stated,0.5395907397331495,1,0,0,mixture/1.0/7/5/1
1.0,7,1,0,1000,200,5,constant,geomean,0.08529947244854452,7,1,1,mixture/1.0/7/5/1
1.0,7,1,0,1000,200,5,constant,ratio,0.07399999999999995,7,1,1,mixture/1.0/7/5/1
1.0,7,1,0,1000,200,5,constant,ratio-half,0.07399999999999995,7,1,1,mixture/1.0/7/5/1
1.0,7,2,0,400,200,5,constant,stated,0.6784994344878064,1,0,0,mixture/1.0/7/5/2
1.0,7,2,0,400,200,5,constant,geomean,0.10198039027185572,8,0,0,mixture/1.0/7/5/2
1.0,7,2,0,400,200,5,constant,ratio,0.1050000000000001,6,0,0,mixture/1.0/7/5/2
1.0,7,2,0,400,200,5,constant,ratio-half,0.1050000000000001,6,0,0,mixture/1.0/7/5/2
1.0,7,2,0,1000,200,5,constant,stated,0.5395907397331495,1,0,0,mixture/1.0/7/5/2
1.0,7,2,0,1000,200,5,constant,geomean,0.08084553172563087,7,1,1,mixture/1.0/7/5/2
1.0,7,2,0,1000,200,5,constant,ratio,0.06799999999999995,7,1,1,mixture/1.0/7/5/2
1.0,7,2,0,1000,200,5,constant,ratio-half,0.06799999999999995,7,1,1,mixture/1.0/7/5/2
1.0,7,3,0,400,200,5,constant,stated,0.6784994344878064,1,0,0,mixture/1.0/7/5/3
1.0,7,3,0,400,200,5,constant,geomean,0.10747092630102335,7,1,0,mixture/1.0/7/5/3
1.0,7,3,0,400,200,5,constant,ratio,0.11499999999999999,5,0,0,mixture/1.0/7/5/3
1.0,7,3,0,400,200,5,constant,ratio-half,0.11499999999999999,5,0,0,mixture/1.0/7/5/3
1.0,7,3,0,1000,200,5,constant,stated,0.5395907397331495,1,0,0,mixture/1.0/7/5/3
1.0,7,3,0,1000,200,5,constant,geomean,0.08390470785361202,7,1,1,mixture/1.0/7/5/3
1.0,7,3,0,1000,200,5,constant,ratio,0.05400000000000005,7,1,1,mixture/1.0/7/5/3
1.0,7,3,0,1000,200,5,constant,ratio-half,0.05400000000000005,7,1,1,mixture/1.0/7/5/3
1.0,7,4,0,400,200,5,constant,stated,0.6784994344878064,1,0,0,mixture/1.0/7/5/4
1.0,7,4,0,400,200,5,constant,geomean,0.11874342087037922,7,1,1,mixture/1.0/7/5/4
1.0,7,4,0,400,200,5,constant,ratio,0.08500000000000019,7,1,1,mixture/1.0/7/5/4
1.0,7,4,0,400,200,5,constant,ratio-half,0.08500000000000019,7,1,1,mixture/1.0/7/5/4
1.0,7,4,0,1000,200,5,constant,stated,0.5395907397331495,1,0,0,mixture/1.0/7/5/4
1.0,7,4,0,1000,200,5,constant,geomean,0.09219544457292891,7,1,1,mixture/1.0/7/5/4
1.0,7,4,0,1000,200,5,constant,ratio,0.04999999999999993,7,1,1,mixture/1.0/7/5/4
1.0,7,4,0,1000,200,5,constant,ratio-half,0.04999999999999993,7,1,1,mixture/1.0/7/5/4
1.0,7,5,0,400,200,5,constant,stated,0.6784994344878064,1,0,0,mixture/1.0/7/5/5
1.0,7,5,0,400,200,5,constant,geomean,0.10099504938362074,6,0,0,mixture/1.0/7/5/5
1.0,7,5,0,400,200,5,constant,ratio,0.09999999999999998,6,0,0,mixture/1.0/7/5/5
1.0,7,5,0,400,200,5,constant,ratio-half,0.09999999999999998,6,0,0,mixture/1.0/7/5/5
1.0,7,5,0,1000,200,5,constant,stated,0.5395907397331495,1,0,0,mixture/1.0/7/5/5
1.0,7,5,0,1000,200,5,constant,geomean,0.07602631123499289,7,1,1,mixture/1.0/7/5/5
1.0,7,5,0,1000,200,5,constant,ratio,0.050000000000000044,7,1,1,mixture/1.0/7/5/5
1.0,7,5,0,1000,200,5,constant,ratio-half,0.050000000000000044,7,1,1,mixture/1.0/7/5/5
1.0,7,6,0,400,200,5,constant,stated,0.6784994344878064,1,0,0,mixture/1.0/7/5/6
1.0,7,6,0,400,200,5,constant,geomean,0.09949874371066206,7,1,1,mixture/1.0/7/5/6
1.0,7,6,0,400,200,5,constant,ratio,0.08000000000000007,7,1,1,mixture/1.0/7/5/6
1.0,7,6,0,400,200,5,constant,ratio-half,0.08000000000000007,7,1,1,mixture/1.0/7/5/6
1.0,7,6,0,1000,200,5,constant,stated,0.5395907397331495,1,0,0,mixture/1.0/7/5/6
1.0,7,6,0,1000,200,5,constant,geomean,0.07421590126111778,7,1,1,mixture/1.0/7/5/6
1.0,7,6,0,1000,200,5,constant,ratio,0.04400000000000004,7,1,1,mixture/1.0/7/5/6
1.0,7,6,0,1000,200,5,constant,ratio-half,0.04400000000000004,7,1,1,mixture/1.0/7/5/6
1.0,7,7,0,400,200,5,constant,stated,0.6784994344878064,1,0,0,mixture/1.0/7/5/7
1.0,7,7,0,400,200,5,constant,geomean,0.11821590417536883,7,1,1,mixture/1.0/7/5/7
1.0,7,7,0,400,200,5,constant,ratio,0.16500000000000004,2,0,0,mixture/1.0/7/5/7
1.0,7,7,0,400,200,5,constant,ratio-half,0.16500000000000004,2,0,0,mixture/1.0/7/5/7
1.0,7,7,0,1000,200,5,constant,stated,0.5395907397331495,1,0,0,mixture/1.0/7/5/7
1.0,7,7,0,1000,200,5,constant,geomean,0.09256349172324911,7,1,1,mixture/1.0/7/5/7
1.0,7,7,0,1000,200,5,constant,ratio,0.05800000000000005,7,1,1,mixture/1.0/7/5/7
1.0,7,7,0,1000,200,5,constant,ratio-half,0.05800000000000005,7,1,1,mixture/1.0/7/5/7
1.0,7,8,0,400,200,5,constant,stated,0.6784994344878064,1,0,0,mixture/1.0/7/5/8
1.0,7,8,0,400,200,5,constant,geomean,0.12999999999999992,4,0,0,mixture/1.0/7/5/8
1.0,7,8,0,400,200,5,constant,ratio,0.11499999999999999,4,0,0,mixture/1.0/7/5/8
1.0,7,8,0,400,200,5,constant,ratio-half,0.11499999999999999,4,0,0,mixture/1.0/7/5/8
1.0,7,8,0,1000,200,5,constant,stated,0.5395907397331495,1,0,0,mixture/1.0/7/5/8
1.0,7,8,0,1000,200,5,constant,geomean,0.09448809448814177,6,0,0,mixture/1.0/7/5/8
1.0,7,8,0,1000,200,5,constant,ratio,0.050000000000000044,7,1,1,mixture/1.0/7/5/8
1.0,7,8,0,1000,200,5,constant,ratio-half,0.050000000000000044,7,1,1,mixture/1.0/7/5/8
1.0,7,9,0,400,200,5,constant,stated,0.6784994344878064,1,0,0,mixture/1.0/7/5/9
1.0,7,9,0,400,200,5,constant,geomean,0.10099504938362074,5,0,0,mixture/1.0/7/5/9
1.0,7,9,0,400,200,5,constant,ratio,0.125,2,0,0,mixture/1.0/7/5/9
1.0,7,9,0,400,200,5,constant,ratio-half,0.125,2,0,0,mixture/1.0/7/5/9
1.0,7,9,0,1000,200,5,constant,stated,0.5395907397331495,1,0,0,mixture/1.0/7/5/9
1.0,7,9,0,1000,200,5,constant,geomean,0.07994998436522666,6,0,0,mixture/1.0/7/5/9
1.0,7,9,0,1000,200,5,constant,ratio,0.122,2,0,0,mixture/1.0/7/5/9
1.0,7,9,0,1000,200,5,constant,ratio-half,0.122,2,0,0,mixture/1.0/7/5/9
1.0,7,10,0,400,200,5,constant,stated,0.6784994344878064,1,0,0,mixture/1.0/7/5/10
1.0,7,10,0,400,200,5,constant,geomean,0.1048808848170152,5,0,0,mixture/1.0/7/5/10
1.0,7,10,0,400,200,5,constant,ratio,0.09999999999999998,5,0,0,mixture/1.0/7/5/10
1.0,7,10,0,400,200,5,constant,ratio-half,0.09999999999999998,5,0,0,mixture/1.0/7/5/10
1.0,7,10,0,1000,200,5,constant,stated,0.5395907397331495,1,0,0,mixture/1.0/7/5/10
1.0,7,10,0,1000,200,5,constant,geomean,0.07838367176906172,7,1,1,mixture/1.0/7/5/10
1.0,7,10,0,1000,200,5,constant,ratio,0.050000000000000044,7,1,1,mixture/1.0/7/5/10
1.0,7,10,0,1000,200,5,constant,ratio-half,0.050000000000000044,7,1,1,mixture/1.0/7/5/10
1.0,7,11,0,400,200,5,constant,stated,0.6784994344878064,1,0,0,mixture/1.0/7/5/11
1.0,7,11,0,400,200,5,constant,geomean,0.09669539802906864,7,1,1,mixture/1.0/7/5/11
1.0,7,11,0,400,200,5,constant,ratio,0.07499999999999996,7,1,1,mixture/1.0/7/5/11
1.0,7,11,0,400,200,5,constant,ratio-half,0.07499999999999996,7,1,1,mixture/1.0/7/5/11
1.0,7,11,0,1000,200,5,constant,stated,0.5395907397331495,1,0,0,mixture/1.0/7/5/11
1.0,7,11,0,1000,200,5,constant,geomean,0.07418894796396554,7,1,1,mixture/1.0/7/5/11
1.0,7,11,0,1000,200,5,constant,ratio,0.05399999999999994,7,1,1,mixture/1.0/7/5/11
1.0,7,11,0,1000,200,5,constant,ratio-half,0.05399999999999994,7,1,1,mixture/1.0/7/5/11
1.0,7,12,0,400,200,5,constant,stated,0.6784994344878064,1,0,0,mixture/1.0/7/5/12
1.0,7,12,0,400,200,5,constant,geomean,0.09949874371066206,5,0,0,mixture/1.0/7/5/12
1.0,7,12,0,400,200,5,constant,ratio,0.1100000000000001,3,0,0,mixture/1.0/7/5/12
1.0,7,12,0,400,200,5,constant,ratio-half,0.1100000000000001,3,0,0,mixture/1.0/7/5/12
1.0,7,12,0,1000,200,5,constant,stated,0.5395907397331495,1,0,0,mixture/1.0/7/5/12
1.0,7,12,0,1000,200,5,constant,geomean,0.07467261881037791,7,1,1,mixture/1.0/7/5/12
1.0,7,12,0,1000,200,5,constant,ratio,0.05399999999999994,7,1,1,mixture/1.0/7/5/12
1.0,7,12,0,1000,200,5,constant,ratio-half,0.05399999999999994,7,1,1,mixture/1.0/7/5/12
1.0,7,13,0,400,200,5,constant,stated,0.6784994344878064,1,0,0,mixture/1.0/7/5/13
1.0,7,13,0,400,200,5,constant,geomean,0.11224972160321821,6,0,0,mixture/1.0/7/5/13
1.0,7,13,0,400,200,5,constant,ratio,0.12,2,0,0,mixture/1.0/7/5/13
1.0,7,13,0,400,200,5,constant,ratio-half,0.12,2,0,0,mixture/1.0/7/5/13
1.0,7,13,0,1000,200,5,constant,stated,0.5395907397331495,1,0,0,mixture/1.0/7/5/13
1.0,7,13,0,1000,200,5,constant,geomean,0.08609297300012343,7,1,1,mixture/1.0/7/5/13
1.0,7,13,0,1000,200,5,constant,ratio,0.04799999999999993,7,1,1,mixture/1.0/7/5/13
1.0,7,13,0,1000,200,5,constant,ratio-half,0.04799999999999993,7,1,1,mixture/1.0/7/5/13
1.0,7,14,0,400,200,5,constant,stated,0.6784994344878064,1,0,0,mixture/1.0/7/5/14
1.0,7,14,0,400,200,5,constant,geomean,0.10816653826391974,5,0,0,mixture/1.0/7/5/14
1.0,7,14,0,400,200,5,constant,ratio,0.12,3,0,0,mixture/1.0/7/5/14
1.0,7,14,0,400,200,5,constant,ratio-half,0.12,3,0,0,mixture/1.0/7/5/14
1.0,7,14,0,1000,200,5,constant,stated,0.5395907397331495,1,0,0,mixture/1.0/7/5/14
1.0,7,14,0,1000,200,5,constant,geomean,0.0799499843652268,7,1,1,mixture/1.0/7/5/14
1.0,7,14,0,1000,200,5,constant,ratio,0.11199999999999999,3,0,0,mixture/1.0/7/5/14
1.0,7,14,0,1000,200,5,constant,ratio-half,0.11199999999999999,3,0,0,mixture/1.0/7/5/14
1.0,7,15,0,400,200,5,constant,stated,0.6784994344878064,1,0,0,mixture/1.0/7/5/15
1.0,7,15,0,400,200,5,constant,geomean,0.11842719282327016,6,0,0,mixture/1.0/7/5/15
1.0,7,15,0,400,200,5,constant,ratio,0.15999999999999992,3,0,0,mixture/1.0/7/5/15
1.0,7,15,0,400,200,5,constant,ratio-half,0.15999999999999992,3,0,0,mixture/1.0/7/5/15
1.0,7,15,0,1000,200,5,constant,stated,0.5395907397331495,1,0,0,mixture/1.0/7/5/15
1.0,7,15,0,1000,200,5,constant,geomean,0.09086253353280442,7,1,1,mixture/1.0/7/5/15
1.0,7,15,0,1000,200,5,constant,ratio,0.050000000000000044,7,1,1,mixture/1.0/7/5/15
1.0,7,15,0,1000,200,5,constant,ratio-half,0.050000000000000044,7,1,1,mixture/1.0/7/5/15
1.0,7,16,0,400,200,5,constant,stated,0.6784994344878064,1,0,0,mixture/1.0/7/5/16
1.0,7,16,0,400,200,5,constant,geomean,0.10488088481701521,6,0,0,mixture/1.0/7/5/16
1.0,7,16,0,400,200,5,constant,ratio,0.08499999999999996,6,0,0,mixture/1.0/7/5/16
1.0,7,16,0,400,200,5,constant,ratio-half,0.08499999999999996,6,0,0,mixture/1.0/7/5/16
1.0,7,16,0,1000,200,5,constant,stated,0.5395907397331495,1,0,0,mixture/1.0/7/5/16
1.0,7,16,0,1000,200,5,constant,geomean,0.08197560612767683,6,0,0,mixture/1.0/7/5/16
1.0,7,16,0,1000,200,5,constant,ratio,0.07399999999999995,6,0,0,mixture/1.0/7/5/16
1.0,7,16,0,1000,200,5,constant,ratio-half,0.07399999999999995,6,0,0,mixture/1.0/7/5/16
1.0,7,17,0,400,200,5,constant,stated,0.6784994344878064,1,0,0,mixture/1.0/7/5/17
1.0,7,17,0,400,200,5,constant,geomean,0.08831760866327842,7,1,1,mixture/1.0/7/5/17
1.0,7,17,0,400,200,5,constant,ratio,0.07499999999999996,7,1,1,mixture/1.0/7/5/17
1.0,7,17,0,400,200,5,constant,ratio-half,0.07499999999999996,7,1,1,mixture/1.0/7/5/17
1.0,7,17,0,1000,200,5,constant,stated,0.5395907397331495,1,0,0,mixture/1.0/7/5/17
1.0,7,17,0,1000,200,5,constant,geomean,0.06648308055437867,7,1,1,mixture/1.0/7/5/17
1.0,7,17,0,1000,200,5,constant,ratio,0.04799999999999993,7,1,1,mixture/1.0/7/5/17
1.0,7,17,0,1000,200,5,constant,ratio-half,0.04799999999999993,7,1,1,mixture/1.0/7/5/17
1.0,7,18,0,400,200,5,constant,stated,0.6784994344878064,1,0,0,mixture/1.0/7/5/18
1.0,7,18,0,400,200,5,constant,geomean,0.0964365076099296,7,1,1,mixture/1.0/7/5/18
1.0,7,18,0,400,200,5,constant,ratio,0.07999999999999996,7,1,1,mixture/1.0/7/5/18
1.0,7,18,0,400,200,5,constant,ratio-half,0.07999999999999996,7,1,1,mixture/1.0/7/5/18
1.0,7,18,0,1000,200,5,constant,stated,0.5395907397331495,1,0,0,mixture/1.0/7/5/18
1.0,7,18,0,1000,200,5,constant,geomean,0.07329392880723479,7,1,1,mixture/1.0/7/5/18
1.0,7,18,0,1000,200,5,constant,ratio,0.04400000000000004,7,1,1,mixture/1.0/7/5/18
1.0,7,18,0,1000,200,5,constant,ratio-half,0.04400000000000004,7,1,1,mixture/1.0/7/5/18
1.0,7,19,0,400,200,5,constant,stated,0.6784994344878064,1,0,0,mixture/1.0/7/5/19
1.0,7,19,0,400,200,5,constant,geomean,0.16992645467966436,3,0,0,mixture/1.0/7/5/19
1.0,7,19,0,400,200,5,constant,ratio,0.18499999999999994,2,0,0,mixture/1.0/7/5/19
1.0,7,19,0,400,200,5,constant,ratio-half,0.18499999999999994,2,0,0,mixture/1.0/7/5/19
1.0,7,19,0,1000,200,5,constant,stated,0.5395907397331495,1,0,0,mixture/1.0/7/5/19
1.0,7,19,0,1000,200,5,constant,geomean,0.13096564434995928,5,0,0,mixture/1.0/7/5/19
1.0,7,19,0,1000,200,5,constant,ratio,0.17799999999999994,2,0,0,mixture/1.0/7/5/19
1.0,7,19,0,1000,200,5,constant,ratio-half,0.17799999999999994,2,0,0,mixture/1.0/7/5/19
1.0,8,0,0,400,200,5,constant,stated,0.6784994344878064,1,0,0,mixture/1.0/8/5/0
1.0,8,0,0,400,200,5,constant,geomean,0.10037429949942363,8,1,1,mixture/1.0/8/5/0
1.0,8,0,0,400,200,5,constant,ratio,0.10499999999999998,7,0,0,mixture/1.0/8/5/0
1.0,8,0,0,400,200,5,constant,ratio-half,0.10499999999999998,7,0,0,mixture/1.0/8/5/0
1.0,8,0,0,1000,200,5,constant,stated,0.5395907397331495,1,0,0,mixture/1.0/8/5/0
1.0,8,0,0,1000,200,5,constant,geomean,0.07093659140387283,8,1,1,mixture/1.0/8/5/0
1.0,8,0,0,1000,200,5,constant,ratio,0.05599999999999994,8,1,1,mixture/1.0/8/5/0
1.0,8,0,0,1000,200,5,constant,ratio-half,0.05599999999999994,8,1,1,mixture/1.0/8/5/0
1.0,8,1,0,400,200,5,constant,stated,0.6784994344878064,1,0,0,mixture/1.0/8/5/1
1.0,8,1,0,400,200,5,constant,geomean,0.10677078252031308,8,1,1,mixture/1.0/8/5/1
1.0,8,1,0,400,200,5,constant,ratio,0.13,4,0,0,mixture/1.0/8/5/1
1.0,8,1,0,400,200,5,constant,ratio-half,0.13,4,0,0,mixture/1.0/8/5/1
1.0,8,1,0,1000,200,5,constant,stated,0.5395907397331495,1,0,0,mixture/1.0/8/5/1
1.0,8,1,0,1000,200,5,constant,geomean,0.08246211251235323,8,1,1,mixture/1.0/8/5/1
1.0,8,1,0,1000,200,5,constant,ratio,0.052000000000000046,8,1,1,mixture/1.0/8/5/1
1.0,8,1,0,1000,200,5,constant,ratio-half,0.052000000000000046,8,1,1,mixture/1.0/8/5/1
1.0,8,2,0,400,200,5,constant,stated,0.6784994344878064,1,0,0,mixture/1.0/8/5/2
1.0,8,2,0,400,200,5,constant,geomean,0.09165151389911684,8,1,1,mixture/1.0/8/5/2
1.0,8,2,0,400,200,5,constant,ratio,0.07500000000000007,8,1,1,mixture/1.0/8/5/2
1.0,8,2,0,400,200,5,constant,ratio-half,0.07500000000000007,8,1,1,mixture/1.0/8/5/2
1.0,8,2,0,1000,200,5,constant,stated,0.5395907397331495,1,0,0,mixture/1.0/8/5/2
1.0,8,2,0,1000,200,5,constant,geomean,0.07045565981523419,8,1,1,mixture/1.0/8/5/2
1.0,8,2,0,1000,200,5,constant,ratio,0.04400000000000004,8,1,1,mixture/1.0/8/5/2
1.0,8,2,0,1000,200,5,constant,ratio-half,0.04400000000000004,8,1,1,mixture/1.0/8/5/2
1.0,8,3,0,400,200,5,constant,stated,0.6784994344878064,1,0,0,mixture/1.0/8/5/3
1.0,8,3,0,400,200,5,constant,geomean,0.11747340124470736,5,0,0,mixture/1.0/8/5/3
1.0,8,3,0,400,200,5,constant,ratio,0.15500000000000003,2,0,0,mixture/1.0/8/5/3
1.0,8,3,0,400,200,5,constant,ratio-half,0.15500000000000003,2,0,0,mixture/1.0/8/5/3
1.0,8,3,0,1000,200,5,constant,stated,0.5395907397331495,1,0,0,mixture/1.0/8/5/3
1.0,8,3,0,1000,200,5,constant,geomean,0.09138927727036682,6,0,0,mixture/1.0/8/5/3
1.0,8,3,0,1000,200,5,constant,ratio,0.04599999999999993,8,1,1,mixture/1.0/8/5/3
1.0,8,3,0,1000,200,5,constant,ratio-half,0.04599999999999993,8,1,1,mixture/1.0/8/5/3
1.0,8,4,0,400,200,5,constant,stated,0.6784994344878064,1,0,0,mixture/1.0/8/5/4
1.0,8,4,0,400,200,5,constant,geomean,0.10246950765959591,7,0,0,mixture/1.0/8/5/4
1.0,8,4,0,400,200,5,constant,ratio,0.08999999999999997,7,0,0,mixture/1.0/8/5/4
1.0,8,4,0,400,200,5,constant,ratio-half,0.08999999999999997,7,0,0,mixture/1.0/8/5/4
1.0,8,4,0,1000,200,5,constant,stated,0.5395907397331495,1,0,0,mixture/1.0/8/5/4
1.0,8,4,0,1000,200,5,constant,geomean,0.07994998436522663,7,0,0,mixture/1.0/8/5/4
1.0,8,4,0,1000,200,5,constant,ratio,0.07800000000000007,7,0,0,mixture/1.0/8/5/4
1.0,8,4,0,1000,200,5,constant,ratio-half,0.07800000000000007,7,0,0,mixture/1.0/8/5/4
1.0,8,5,0,400,200,5,constant,stated,0.6784994344878064,1,0,0,mixture/1.0/8/5/5
1.0,8,5,0,400,200,5,constant,geomean,0.10356157588603987,7,0,0,mixture/1.0/8/5/5
1.0,8,5,0,400,200,5,constant,ratio,0.135,2,0,0,mixture/1.0/8/5/5
1.0,8,5,0,400,200,5,constant,ratio-half,0.135,2,0,0,mixture/1.0/8/5/5
1.0,8,5,0,1000,200,5,constant,stated,0.5395907397331495,1,0,0,mixture/1.0/8/5/5
1.0,8,5,0,1000,200,5,constant,geomean,0.07909487973314078,8,1,1,mixture/1.0/8/5/5
1.0,8,5,0,1000,200,5,constant,ratio,0.050000000000000044,8,1,1,mixture/1.0/8/5/5
1.0,8,5,0,1000,200,5,constant,ratio-half,0.050000000000000044,8,1,1,mixture/1.0/8/5/5
1.0,8,6,0,400,200,5,constant,stated,0.6784994344878064,1,0,0,mixture/1.0/8/5/6
1.0,8,6,0,400,200,5,constant,geomean,0.0866025403784439,7,0,0,mixture/1.0/8/5/6
1.0,8,6,0,400,200,5,constant,ratio,0.08999999999999997,6,0,0,mixture/1.0/8/5/6
1.0,8,6,0,400,200,5,constant,ratio-half,0.08999999999999997,6,0,0,mixture/1.0/8/5/6
1.0,8,6,0,1000,200,5,constant,stated,0.5395907397331495,1,0,0,mixture/1.0/8/5/6
1.0,8,6,0,1000,200,5,constant,geomean,0.06545227268781431,8,1,1,mixture/1.0/8/5/6
1.0,8,6,0,1000,200,5,constant,ratio,0.04799999999999993,8,1,1,mixture/1.0/8/5/6
1.0,8,6,0,1000,200,5,constant,ratio-half,0.04799999999999993,8,1,1,mixture/1.0/8/5/6
1.0,8,7,0,400,200,5,constant,stated,0.6784994344878064,1,0,0,mixture/1.0/8/5/7
1.0,8,7,0,400,200,5,constant,geomean,0.12124355652982136,5,0,0,mixture/1.0/8/5/7
1.0,8,7,0,400,200,5,constant,ratio,0.14500000000000002,2,0,0,mixture/1.0/8/5/7
1.0,8,7,0,400,200,5,constant,ratio-half,0.14500000000000002,2,0,0,mixture/1.0/8/5/7
1.0,8,7,0,1000,200,5,constant,stated,0.5395907397331495,1,0,0,mixture/1.0/8/5/7
1.0,8,7,0,1000,200,5,constant,geomean,0.09438220171197538,7,0,0,mixture/1.0/8/5/7
1.0,8,7,0,1000,200,5,constant,ratio,0.1359999999999999,2,0,0,mixture/1.0/8/5/7
1.0,8,7,0,1000,200,5,constant,ratio-half,0.1359999999999999,2,0,0,mixture/1.0/8/5/7
1.0,8,8,0,400,200,5,constant,stated,0.6784994344878064,1,0,0,mixture/1.0/8/5/8
1.0,8,8,0,400,200,5,constant,geomean,0.09797958971132709,5,0,0,mixture/1.0/8/5/8
1.0,8,8,0,400,200,5,constant,ratio,0.11499999999999999,4,0,0,mixture/1.0/8/5/8
1.0,8,8,0,400,200,5,constant,ratio-half,0.11499999999999999,4,0,0,mixture/1.0/8/5/8
1.0,8,8,0,1000,200,5,constant,stated,0.5395907397331495,1,0,0,mixture/1.0/8/5/8
1.0,8,8,0,1000,200,5,constant,geomean,0.07691553809211756,8,1,1,mixture/1.0/8/5/8
1.0,8,8,0,1000,200,5,constant,ratio,0.05799999999999994,8,1,1,mixture/1.0/8/5/8
1.0,8,8,0,1000,200,5,constant,ratio-half,0.05799999999999994,8,1,1,mixture/1.0/8/5/8
1.0,8,9,0,400,200,5,constant,stated,0.6784994344878064,1,0,0,mixture/1.0/8/5/9
1.0,8,9,0,400,200,5,constant,geomean,0.08999999999999996,8,1,1,mixture/1.0/8/5/9
1.0,8,9,0,400,200,5,constant,ratio,0.07499999999999996,8,1,1,mixture/1.0/8/5/9
1.0,8,9,0,400,200,5,constant,ratio-half,0.07499999999999996,8,1,1,mixture/1.0/8/5/9
1.0,8,9,0,1000,200,5,constant,stated,0.5395907397331495,1,0,0,mixture/1.0/8/5/9
1.0,8,9,0,1000,200,5,constant,geomean,0.0634980314655502,8,1,1,mixture/1.0/8/5/9
1.0,8,9,0,1000,200,5,constant,ratio,0.041999999999999926,8,1,1,mixture/1.0/8/5/9
1.0,8,9,0,1000,200,5,constant,ratio-half,0.041999999999999926,8,1,1,mixture/1.0/8/5/9
1.0,8,10,0,400,200,5,constant,stated,0.6784994344878064,1,0,0,mixture/1.0/8/5/10
1.0,8,10,0,400,200,5,constant,geomean,0.10535653752852742,4,0,0,mixture/1.0/8/5/10
1.0,8,10,0,400,200,5,constant,ratio,0.125,2,0,0,mixture/1.0/8/5/10
1.0,8,10,0,400,200,5,constant,ratio-half,0.125,2,0,0,mixture/1.0/8/5/10
1.0,8,10,0,1000,200,5,constant,stated,0.5395907397331495,1,0,0,mixture/1.0/8/5/10
1.0,8,10,0,1000,200,5,constant,geomean,0.08609297300012357,6,0,0,mixture/1.0/8/5/10
1.0,8,10,0,1000,200,5,constant,ratio,0.124,2,0,0,mixture/1.0/8/5/10
1.0,8,10,0,1000,200,5,constant,ratio-half,0.124,2,0,0,mixture/1.0/8/5/10
1.0,8,11,0,400,200,5,constant,stated,0.6784994344878064,1,0,0,mixture/1.0/8/5/11
1.0,8,11,0,400,200,5,constant,geomean,0.08774964387392126,8,1,1,mixture/1.0/8/5/11
1.0,8,11,0,400,200,5,constant,ratio,0.10499999999999998,4,0,0,mixture/1.0/8/5/11
1.0,8,11,0,400,200,5,constant,ratio-half,0.10499999999999998,4,0,0,mixture/1.0/8/5/11
1.0,8,11,0,1000,200,5,constant,stated,0.5395907397331495,1,0,0,mixture/1.0/8/5/11
1.0,8,11,0,1000,200,5,constant,geomean,0.06740919818541076,8,1,1,mixture/1.0/8/5/11
1.0,8,11,0,1000,200,5,constant,ratio,0.04400000000000004,8,1,1,mixture/1.0/8/5/11
1.0,8,11,0,1000,200,5,constant,ratio-half,0.04400000000000004,8,1,1,mixture/1.0/8/5/11
1.0,8,12,0,400,200,5,constant,stated,0.6784994344878064,1,0,0,mixture/1.0/8/5/12
1.0,8,12,0,400,200,5,constant,geomean,0.10392304845413267,8,1,1,mixture/1.0/8/5/12
1.0,8,12,0,400,200,5,constant,ratio,0.08500000000000008,8,1,1,mixture/1.0/8/5/12
1.0,8,12,0,400,200,5,constant,ratio-half,0.08500000000000008,8,1,1,mixture/1.0/8/5/12
1.0,8,12,0,1000,200,5,constant,stated,0.5395907397331495,1,0,0,mixture/1.0/8/5/12
1.0,8,12,0,1000,200,5,constant,geomean,0.07691553809211767,8,1,1,mixture/1.0/8/5/12
1.0,8,12,0,1000,200,5,constant,ratio,0.050000000000000044,8,1,1,mixture/1.0/8/5/12
1.0,8,12,0,1000,200,5,constant,ratio-half,0.050000000000000044,8,1,1,mixture/1.0/8/5/12
1.0,8,13,0,400,200,5,constant,stated,0.6784994344878064,1,0,0,mixture/1.0/8/5/13
1.0,8,13,0,400,200,5,constant,geomean,0.09949874371066196,6,0,0,mixture/1.0/8/5/13
1.0,8,13,0,400,200,5,constant,ratio,0.135,2,0,0,mixture/1.0/8/5/13
1.0,8,13,0,400,200,5,constant,ratio-half,0.135,2,0,0,mixture/1.0/8/5/13
1.0,8,13,0,1000,200,5,constant,stated,0.5395907397331495,1,0,0,mixture/1.0/8/5/13
1.0,8,13,0,1000,200,5,constant,geomean,0.07735631842325488,8,1,1,mixture/1.0/8/5/13
1.0,8,13,0,1000,200,5,constant,ratio,0.051999999999999935,8,1,1,mixture/1.0/8/5/13
1.0,8,13,0,1000,200,5,constant,ratio-half,0.051999999999999935,8,1,1,mixture/1.0/8/5/13
1.0,8,14,0,400,200,5,constant,stated,0.6784994344878064,1,0,0,mixture/1.0/8/5/14
1.0,8,14,0,400,200,5,constant,geomean,0.08455767262643885,8,1,1,mixture/1.0/8/5/14
1.0,8,14,0,400,200,5,constant,ratio,0.1050000000000001,2,0,0,mixture/1.0/8/5/14
1.0,8,14,0,400,200,5,constant,ratio-half,0.1050000000000001,2,0,0,mixture/1.0/8/5/14
1.0,8,14,0,1000,200,5,constant,stated,0.5395907397331495,1,0,0,mixture/1.0/8/5/14
1.0,8,14,0,1000,200,5,constant,geomean,0.06400000000000003,8,1,1,mixture/1.0/8/5/14
1.0,8,14,0,1000,200,5,constant,ratio,0.04400000000000004,8,1,1,mixture/1.0/8/5/14
1.0,8,14,0,1000,200,5,constant,ratio-half,0.04400000000000004,8,1,1,mixture/1.0/8/5/14
1.0,8,15,0,400,200,5,constant,stated,0.6784994344878064,1,0,0,mixture/1.0/8/5/15
1.0,8,15,0,400,200,5,constant,geomean,0.10246950765959595,6,0,0,mixture/1.0/8/5/15
1.0,8,15,0,400,200,5,constant,ratio,0.135,3,0,0,mixture/1.0/8/5/15
1.0,8,15,0,400,200,5,constant,ratio-half,0.135,3,0,0,mixture/1.0/8/5/15
1.0,8,15,0,1000,200,5,constant,stated,0.5395907397331495,1,0,0,mixture/1.0/8/5/15
1.0,8,15,0,1000,200,5,constant,geomean,0.07547184905645288,8,1,1,mixture/1.0/8/5/15
1.0,8,15,0,1000,200,5,constant,ratio,0.04599999999999993,8,1,1,mixture/1.0/8/5/15
1.0,8,15,0,1000,200,5,constant,ratio-half,0.04599999999999993,8,1,1,mixture/1.0/8/5/15
1.0,8,16,0,400,200,5,constant,stated,0.6784994344878064,1,0,0,mixture/1.0/8/5/16
1.0,8,16,0,400,200,5,constant,geomean,0.12000000000000008,6,0,0,mixture/1.0/8/5/16
1.0,8,16,0,400,200,5,constant,ratio,0.14,2,0,0,mixture/1.0/8/5/16
1.0,8,16,0,400,200,5,constant,ratio-half,0.14,2,0,0,mixture/1.0/8/5/16
1.0,8,16,0,1000,200,5,constant,stated,0.5395907397331495,1,0,0,mixture/1.0/8/5/16
1.0,8,16,0,1000,200,5,constant,geomean,0.09474175425861611,8,1,1,mixture/1.0/8/5/16
1.0,8,16,0,1000,200,5,constant,ratio,0.04599999999999993,8,1,1,mixture/1.0/8/5/16
1.0,8,16,0,1000,200,5,constant,ratio-half,0.04599999999999993,8,1,1,mixture/1.0/8/5/16
1.0,8,17,0,400,200,5,constant,stated,0.6784994344878064,1,0,0,mixture/1.0/8/5/17
1.0,8,17,0,400,200,5,constant,geomean,0.0908295106229248,8,1,1,mixture/1.0/8/5/17
1.0,8,17,0,400,200,5,constant,ratio,0.1100000000000001,6,0,0,mixture/1.0/8/5/17
1.0,8,17,0,400,200,5,constant,ratio-half,0.1100000000000001,6,0,0,mixture/1.0/8/5/17
1.0,8,17,0,1000,200,5,constant,stated,0.5395907397331495,1,0,0,mixture/1.0/8/5/17
1.0,8,17,0,1000,200,5,constant,geomean,0.07110555533852475,8,1,1,mixture/1.0/8/5/17
1.0,8,17,0,1000,200,5,constant,ratio,0.04600000000000004,8,1,1,mixture/1.0/8/5/17
1.0,8,17,0,1000,200,5,constant,ratio-half,0.04600000000000004,8,1,1,mixture/1.0/8/5/17
1.0,8,18,0,400,200,5,constant,stated,0.6784994344878064,1,0,0,mixture/1.0/8/5/18
1.0,8,18,0,400,200,5,constant,geomean,0.11113055385446428,7,0,0,mixture/1.0/8/5/18
1.0,8,18,0,400,200,5,constant,ratio,0.1349999999999999,2,0,0,mixture/1.0/8/5/18
1.0,8,18,0,400,200,5,constant,ratio-half,0.1349999999999999,2,0,0,mixture/1.0/8/5/18
1.0,8,18,0,1000,200,5,constant,stated,0.5395907397331495,1,0,0,mixture/1.0/8/5/18
1.0,8,18,0,1000,200,5,constant,geomean,0.08527602242131141,8,1,1,mixture/1.0/8/5/18
1.0,8,18,0,1000,200,5,constant,ratio,0.04999999999999993,8,1,1,mixture/1.0/8/5/18
1.0,8,18,0,1000,200,5,constant,ratio-half,0.04999999999999993,8,1,1,mixture/1.0/8/5/18
1.0,8,19,0,400,200,5,constant,stated,0.6784994344878064,1,0,0,mixture/1.0/8/5/19
1.0,8,19,0,400,200,5,constant,geomean,0.09327379053088819,9,0,0,mixture/1.0/8/5/19
1.0,8,19,0,400,200,5,constant,ratio,0.08499999999999996,9,0,0,mixture/1.0/8/5/19
1.0,8,19,0,400,200,5,constant,ratio-half,0.08499999999999996,9,0,0,mixture/1.0/8/5/19
1.0,8,19,0,1000,200,5,constant,stated,0.5395907397331495,1,0,0,mixture/1.0/8/5/19
1.0,8,19,0,1000,200,5,constant,geomean,0.07045565981523419,8,1,1,mixture/1.0/8/5/19
1.0,8,19,0,1000,200,5,constant,ratio,0.05999999999999994,8,1,1,mixture/1.0/8/5/19
1.0,8,19,0,1000,200,5,constant,ratio-half,0.05999999999999994,8,1,1,mixture/1.0/8/5/19
1.0,9,0,0,400,200,5,constant,stated,0.6784994344878064,1,0,0,mixture/1.0/9/5/0
1.0,9,0,0,400,200,5,constant,geomean,0.09165151389911684,8,0,0,mixture/1.0/9/5/0
1.0,9,0,0,400,200,5,constant,ratio,0.07499999999999996,10,0,0,mixture/1.0/9/5/0
1.0,9,0,0,400,200,5,constant,ratio-half,0.07499999999999996,10,0,0,mixture/1.0/9/5/0
1.0,9,0,0,1000,200,5,constant,stated,0.5395907397331495,1,0,0,mixture/1.0/9/5/0
1.0,9,0,0,1000,200,5,constant,geomean,0.06699253689777694,9,1,1,mixture/1.0/9/5/0
1.0,9,0,0,1000,200,5,constant,ratio,0.04600000000000004,9,1,1,mixture/1.0/9/5/0
1.0,9,0,0,1000,200,5,constant,ratio-half,0.04600000000000004,9,1,1,mixture/1.0/9/5/0
1.0,9,1,0,400,200,5,constant,stated,0.6784994344878064,1,0,0,mixture/1.0/9/5/1
1.0,9,1,0,400,200,5,constant,geomean,0.10665364503850765,9,1,1,mixture/1.0/9/5/1
1.0,9,1,0,400,200,5,constant,ratio,0.08999999999999997,9,1,1,mixture/1.0/9/5/1
1.0,9,1,0,400,200,5,constant,ratio-half,0.08999999999999997,9,1,1,mixture/1.0/9/5/1
1.0,9,1,0,1000,200,5,constant,stated,0.5395907397331495,1,0,0,mixture/1.0/9/5/1
1.0,9,1,0,1000,200,5,constant,geomean,0.0773045923603508,9,1,1,mixture/1.0/9/5/1
1.0,9,1,0,1000,200,5,constant,ratio,0.050000000000000044,9,1,1,mixture/1.0/9/5/1
1.0,9,1,0,1000,200,5,constant,ratio-half,0.050000000000000044,9,1,1,mixture/1.0/9/5/1
1.0,9,2,0,400,200,5,constant,stated,0.6784994344878064,1,0,0,mixture/1.0/9/5/2
1.0,9,2,0,400,200,5,constant,geomean,0.09797958971132717,9,1,1,mixture/1.0/9/5/2
1.0,9,2,0,400,200,5,constant,ratio,0.08000000000000007,9,1,1,mixture/1.0/9/5/2
1.0,9,2,0,400,200,5,constant,ratio-half,0.08000000000000007,9,1,1,mixture/1.0/9/5/2
1.0,9,2,0,1000,200,5,constant,stated,0.5395907397331495,1,0,0,mixture/1.0/9/5/2
1.0,9,2,0,1000,200,5,constant,geomean,0.07421590126111793,9,1,1,mixture/1.0/9/5/2
1.0,9,2,0,1000,200,5,constant,ratio,0.052000000000000046,9,1,1,mixture/1.0/9/5/2
1.0,9,2,0,1000,200,5,constant,ratio-half,0.052000000000000046,9,1,1,mixture/1.0/9/5/2
1.0,9,3,0,400,200,5,constant,stated,0.6784994344878064,1,0,0,mixture/1.0/9/5/3
1.0,9,3,0,400,200,5,constant,geomean,0.18734993995195184,2,0,0,mixture/1.0/9/5/3
1.0,9,3,0,400,200,5,constant,ratio,0.14500000000000002,2,0,0,mixture/1.0/9/5/3
1.0,9,3,0,400,200,5,constant,ratio-half,0.14500000000000002,2,0,0,mixture/1.0/9/5/3
1.0,9,3,0,1000,200,5,constant,stated,0.5395907397331495,2,0,0,mixture/1.0/9/5/3
1.0,9,3,0,1000,200,5,constant,geomean,0.14664242223858695,3,0,0,mixture/1.0/9/5/3
1.0,9,3,0,1000,200,5,constant,ratio,0.15200000000000002,2,0,0,mixture/1.0/9/5/3
1.0,9,3,0,1000,200,5,constant,ratio-half,0.15200000000000002,2,0,0,mixture/1.0/9/5/3
1.0,9,4,0,400,200,5,constant,stated,0.6784994344878064,1,0,0,mixture/1.0/9/5/4
1.0,9,4,0,400,200,5,constant,geomean,0.10246950765959602,6,0,0,mixture/1.0/9/5/4
1.0,9,4,0,400,200,5,constant,ratio,0.135,2,0,0,mixture/1.0/9/5/4
1.0,9,4,0,400,200,5,constant,ratio-half,0.135,2,0,0,mixture/1.0/9/5/4
1.0,9,4,0,1000,200,5,constant,stated,0.5395907397331495,1,0,0,mixture/1.0/9/5/4
1.0,9,4,0,1000,200,5,constant,geomean,0.07647221717722066,7,0,0,mixture/1.0/9/5/4
1.0,9,4,0,1000,200,5,constant,ratio,0.08600000000000008,6,0,0,mixture/1.0/9/5/4
1.0,9,4,0,1000,200,5,constant,ratio-half,0.08600000000000008,6,0,0,mixture/1.0/9/5/4
1.0,9,5,0,400,200,5,constant,stated,0.6784994344878064,1,0,0,mixture/1.0/9/5/5
1.0,9,5,0,400,200,5,constant,geomean,0.09797958971132714,10,0,0,mixture/1.0/9/5/5
1.0,9,5,0,400,200,5,constant,ratio,0.09999999999999998,8,0,0,mixture/1.0/9/5/5
1.0,9,5,0,400,200,5,constant,ratio-half,0.09999999999999998,8,0,0,mixture/1.0/9/5/5
1.0,9,5,0,1000,200,5,constant,stated,0.5395907397331495,1,0,0,mixture/1.0/9/5/5
1.0,9,5,0,1000,200,5,constant,geomean,0.07557777451076475,9,1,1,mixture/1.0/9/5/5
1.0,9,5,0,1000,200,5,constant,ratio,0.04600000000000004,9,1,1,mixture/1.0/9/5/5
1.0,9,5,0,1000,200,5,constant,ratio-half,0.04600000000000004,9,1,1,mixture/1.0/9/5/5
1.0,9,6,0,400,200,5,constant,stated,0.6784994344878064,1,0,0,mixture/1.0/9/5/6
1.0,9,6,0,400,200,5,constant,geomean,0.10954451150103325,8,0,0,mixture/1.0/9/5/6
1.0,9,6,0,400,200,5,constant,ratio,0.13,3,0,0,mixture/1.0/9/5/6
1.0,9,6,0,400,200,5,constant,ratio-half,0.13,3,0,0,mixture/1.0/9/5/6
1.0,9,6,0,1000,200,5,constant,stated,0.5395907397331495,1,0,0,mixture/1.0/9/5/6
1.0,9,6,0,1000,200,5,constant,geomean,0.08529947244854452,8,0,0,mixture/1.0/9/5/6
1.0,9,6,0,1000,200,5,constant,ratio,0.06799999999999995,8,0,0,mixture/1.0/9/5/6
1.0,9,6,0,1000,200,5,constant,ratio-half,0.06799999999999995,8,0,0,mixture/1.0/9/5/6
1.0,9,7,0,400,200,5,constant,stated,0.6784994344878064,1,0,0,mixture/1.0/9/5/7
1.0,9,7,0,400,200,5,constant,geomean,0.1135781669160054,10,0,0,mixture/1.0/9/5/7
1.0,9,7,0,400,200,5,constant,ratio,0.16499999999999992,2,0,0,mixture/1.0/9/5/7
1.0,9,7,0,400,200,5,constant,ratio-half,0.16499999999999992,2,0,0,mixture/1.0/9/5/7
1.0,9,7,0,1000,200,5,constant,stated,0.5395907397331495,1,0,0,mixture/1.0/9/5/7
1.0,9,7,0,1000,200,5,constant,geomean,0.08489994110716453,9,1,1,mixture/1.0/9/5/7
1.0,9,7,0,1000,200,5,constant,ratio,0.061999999999999944,9,1,1,mixture/1.0/9/5/7
1.0,9,7,0,1000,200,5,constant,ratio-half,0.061999999999999944,9,1,1,mixture/1.0/9/5/7
1.0,9,8,0,400,200,5,constant,stated,0.6784994344878064,1,0,0,mixture/1.0/9/5/8
1.0,9,8,0,400,200,5,constant,geomean,0.10392304845413257,7,0,0,mixture/1.0/9/5/8
1.0,9,8,0,400,200,5,constant,ratio,0.15000000000000002,2,0,0,mixture/1.0/9/5/8
1.0,9,8,0,400,200,5,constant,ratio-half,0.15000000000000002,2,0,0,mixture/1.0/9/5/8
1.0,9,8,0,1000,200,5,constant,stated,0.5395907397331495,1,0,0,mixture/1.0/9/5/8
1.0,9,8,0,1000,200,5,constant,geomean,0.07866384175718846,9,1,1,mixture/1.0/9/5/8
1.0,9,8,0,1000,200,5,constant,ratio,0.04800000000000004,10,0,0,mixture/1.0/9/5/8
1.0,9,8,0,1000,200,5,constant,ratio-half,0.04800000000000004,10,0,0,mixture/1.0/9/5/8
1.0,9,9,0,400,200,5,constant,stated,0.6784994344878064,1,0,0,mixture/1.0/9/5/9
1.0,9,9,0,400,200,5,constant,geomean,0.10246950765959605,7,0,0,mixture/1.0/9/5/9
1.0,9,9,0,400,200,5,constant,ratio,0.135,2,0,0,mixture/1.0/9/5/9
1.0,9,9,0,400,200,5,constant,ratio-half,0.135,2,0,0,mixture/1.0/9/5/9
1.0,9,9,0,1000,200,5,constant,stated,0.5395907397331495,1,0,0,mixture/1.0/9/5/9
1.0,9,9,0,1000,200,5,constant,geomean,0.07823042886243183,9,1,1,mixture/1.0/9/5/9
1.0,9,9,0,1000,200,5,constant,ratio,0.04799999999999993,9,1,1,mixture/1.0/9/5/9
1.0,9,9,0,1000,200,5,constant,ratio-half,0.04799999999999993,9,1,1,mixture/1.0/9/5/9
1.0,9,10,0,400,200,5,constant,stated,0.6784994344878064,1,0,0,mixture/1.0/9/5/10
1.0,9,10,0,400,200,5,constant,geomean,0.10198039027185567,6,0,0,mixture/1.0/9/5/10
1.0,9,10,0,400,200,5,constant,ratio,0.10999999999999999,4,0,0,mixture/1.0/9/5/10
1.0,9,10,0,400,200,5,constant,ratio-half,0.10999999999999999,4,0,0,mixture/1.0/9/5/10
1.0,9,10,0,1000,200,5,constant,stated,0.5395907397331495,1,0,0,mixture/1.0/9/5/10
1.0,9,10,0,1000,200,5,constant,geomean,0.07894301742396213,9,1,1,mixture/1.0/9/5/10
1.0,9,10,0,1000,200,5,constant,ratio,0.05599999999999994,9,1,1,mixture/1.0/9/5/10
1.0,9,10,0,1000,200,5,constant,ratio-half,0.05599999999999994,9,1,1,mixture/1.0/9/5/10
1.0,9,11,0,400,200,5,constant,stated,0.6784994344878064,1,0,0,mixture/1.0/9/5/11
1.0,9,11,0,400,200,5,constant,geomean,0.08831760866327842,7,0,0,mixture/1.0/9/5/11
1.0,9,11,0,400,200,5,constant,ratio,0.08500000000000008,7,0,0,mixture/1.0/9/5/11
1.0,9,11,0,400,200,5,constant,ratio-half,0.08500000000000008,7,0,0,mixture/1.0/9/5/11
1.0,9,11,0,1000,200,5,constant,stated,0.5395907397331495,1,0,0,mixture/1.0/9/5/11
1.0,9,11,0,1000,200,5,constant,geomean,0.06699253689777691,9,1,1,mixture/1.0/9/5/11
1.0,9,11,0,1000,200,5,constant,ratio,0.04999999999999993,9,1,1,mixture/1.0/9/5/11
1.0,9,11,0,1000,200,5,constant,ratio-half,0.04999999999999993,9,1,1,mixture/1.0/9/5/11
1.0,9,12,0,400,200,5,constant,stated,0.6784994344878064,1,0,0,mixture/1.0/9/5/12
1.0,9,12,0,400,200,5,constant,geomean,0.11999999999999994,3,0,0,mixture/1.0/9/5/12
1.0,9,12,0,400,200,5,constant,ratio,0.11499999999999999,3,0,0,mixture/1.0/9/5/12
1.0,9,12,0,400,200,5,constant,ratio-half,0.11499999999999999,3,0,0,mixture/1.0/9/5/12
1.0,9,12,0,1000,200,5,constant,stated,0.5395907397331495,1,0,0,mixture/1.0/9/5/12
1.0,9,12,0,1000,200,5,constant,geomean,0.09732420048477157,5,0,0,mixture/1.0/9/5/12
1.0,9,12,0,1000,200,5,constant,ratio,0.16200000000000003,2,0,0,mixture/1.0/9/5/12
1.0,9,12,0,1000,200,5,constant,ratio-half,0.16200000000000003,2,0,0,mixture/1.0/9/5/12
1.0,9,13,0,400,200,5,constant,stated,0.6784994344878064,1,0,0,mixture/1.0/9/5/13
1.0,9,13,0,400,200,5,constant,geomean,0.10099504938362074,8,0,0,mixture/1.0/9/5/13
1.0,9,13,0,400,200,5,constant,ratio,0.08500000000000008,9,1,1,mixture/1.0/9/5/13
1.0,9,13,0,400,200,5,constant,ratio-half,0.08500000000000008,9,1,1,mixture/1.0/9/5/13
1.0,9,13,0,1000,200,5,constant,stated,0.5395907397331495,1,0,0,mixture/1.0/9/5/13
1.0,9,13,0,1000,200,5,constant,geomean,0.07375635565834314,9,1,1,mixture/1.0/9/5/13
1.0,9,13,0,1000,200,5,constant,ratio,0.04600000000000004,9,1,1,mixture/1.0/9/5/13
1.0,9,13,0,1000,200,5,constant,ratio-half,0.04600000000000004,9,1,1,mixture/1.0/9/5/13
1.0,9,14,0,400,200,5,constant,stated,0.6784994344878064,1,0,0,mixture/1.0/9/5/14
1.0,9,14,0,400,200,5,constant,geomean,0.11224972160321818,7,0,0,mixture/1.0/9/5/14
1.0,9,14,0,400,200,5,constant,ratio,0.15000000000000002,2,0,0,mixture/1.0/9/5/14
1.0,9,14,0,400,200,5,constant,ratio-half,0.15000000000000002,2,0,0,mixture/1.0/9/5/14
1.0,9,14,0,1000,200,5,constant,stated,0.5395907397331495,1,0,0,mixture/1.0/9/5/14
1.0,9,14,0,1000,200,5,constant,geomean,0.09033271832508961,8,0,0,mixture/1.0/9/5/14
1.0,9,14,0,1000,200,5,constant,ratio,0.14600000000000002,2,0,0,mixture/1.0/9/5/14
1.0,9,14,0,1000,200,5,constant,ratio-half,0.14600000000000002,2,0,0,mixture/1.0/9/5/14
1.0,9,15,0,400,200,5,constant,stated,0.6784994344878064,1,0,0,mixture/1.0/9/5/15
1.0,9,15,0,400,200,5,constant,geomean,0.09874208829065755,6,0,0,mixture/1.0/9/5/15
1.0,9,15,0,400,200,5,constant,ratio,0.12,2,0,0,mixture/1.0/9/5/15
1.0,9,15,0,400,200,5,constant,ratio-half,0.12,2,0,0,mixture/1.0/9/5/15
1.0,9,15,0,1000,200,5,constant,stated,0.5395907397331495,1,0,0,mixture/1.0/9/5/15
1.0,9,15,0,1000,200,5,constant,geomean,0.07683749084919422,9,1,1,mixture/1.0/9/5/15
1.0,9,15,0,1000,200,5,constant,ratio,0.051999999999999935,9,1,1,mixture/1.0/9/5/15
1.0,9,15,0,1000,200,5,constant,ratio-half,0.051999999999999935,9,1,1,mixture/1.0/9/5/15
1.0,9,16,0,400,200,5,constant,stated,0.6784994344878064,1,0,0,mixture/1.0/9/5/16
1.0,9,16,0,400,200,5,constant,geomean,0.11090536506409425,5,0,0,mixture/1.0/9/5/16
1.0,9,16,0,400,200,5,constant,ratio,0.13,2,0,0,mixture/1.0/9/5/16
1.0,9,16,0,400,200,5,constant,ratio-half,0.13,2,0,0,mixture/1.0/9/5/16
1.0,9,16,0,1000,200,5,constant,stated,0.5395907397331495,1,0,0,mixture/1.0/9/5/16
1.0,9,16,0,1000,200,5,constant,geomean,0.08409518416651458,8,0,0,mixture/1.0/9/5/16
1.0,9,16,0,1000,200,5,constant,ratio,0.12200000000000011,2,0,0,mixture/1.0/9/5/16
1.0,9,16,0,1000,200,5,constant,ratio-half,0.12200000000000011,2,0,0,mixture/1.0/9/5/16
1.0,9,17,0,400,200,5,constant,stated,0.6784994344878064,1,0,0,mixture/1.0/9/5/17
1.0,9,17,0,400,200,5,constant,geomean,0.09165151389911684,9,1,1,mixture/1.0/9/5/17
1.0,9,17,0,400,200,5,constant,ratio,0.08500000000000008,9,1,1,mixture/1.0/9/5/17
1.0,9,17,0,400,200,5,constant,ratio-half,0.08500000000000008,9,1,1,mixture/1.0/9/5/17
1.0,9,17,0,1000,200,5,constant,stated,0.5395907397331495,1,0,0,mixture/1.0/9/5/17
1.0,9,17,0,1000,200,5,constant,geomean,0.07188880302244575,9,1,1,mixture/1.0/9/5/17
1.0,9,17,0,1000,200,5,constant,ratio,0.04800000000000004,9,1,1,mixture/1.0/9/5/17
1.0,9,17,0,1000,200,5,constant,ratio-half,0.04800000000000004,9,1,1,mixture/1.0/9/5/17
1.0,9,18,0,400,200,5,constant,stated,0.6784994344878064,1,0,0,mixture/1.0/9/5/18
1.0,9,18,0,400,200,5,constant,geomean,0.0932737905308881,9,1,1,mixture/1.0/9/5/18
1.0,9,18,0,400,200,5,constant,ratio,0.040000000000000036,199,0,0,mixture/1.0/9/5/18
1.0,9,18,0,400,200,5,constant,ratio-half,0.12,5,0,0,mixture/1.0/9/5/18
1.0,9,18,0,1000,200,5,constant,stated,0.5395907397331495,1,0,0,mixture/1.0/9/5/18
1.0,9,18,0,1000,200,5,constant,geomean,0.06749814812274474,9,1,1,mixture/1.0/9/5/18
1.0,9,18,0,1000,200,5,constant,ratio,0.05400000000000005,9,1,1,mixture/1.0/9/5/18
1.0,9,18,0,1000,200,5,constant,ratio-half,0.05400000000000005,9,1,1,mixture/1.0/9/5/18
1.0,9,19,0,400,200,5,constant,stated,0.6784994344878064,1,0,0,mixture/1.0/9/5/19
1.0,9,19,0,400,200,5,constant,geomean,0.09165151389911672,8,0,0,mixture/1.0/9/5/19
1.0,9,19,0,400,200,5,constant,ratio,0.10499999999999998,5,0,0,mixture/1.0/9/5/19
1.0,9,19,0,400,200,5,constant,ratio-half,0.10499999999999998,5,0,0,mixture/1.0/9/5/19
1.0,9,19,0,1000,200,5,constant,stated,0.5395907397331495,1,0,0,mixture/1.0/9/5/19
1.0,9,19,0,1000,200,5,constant,geomean,0.06749814812274485,9,1,1,mixture/1.0/9/5/19
1.0,9,19,0,1000,200,5,constant,ratio,0.05600000000000005,9,1,1,mixture/1.0/9/5/19
1.0,9,19,0,1000,200,5,constant,ratio-half,0.05600000000000005,9,1,1,mixture/1.0/9/5/19
1.0,10,0,0,400,200,5,constant,stated,0.6784994344878064,1,0,0,mixture/1.0/10/5/0
1.0,10,0,0,400,200,5,constant,geomean,0.10356157588603995,10,1,0,mixture/1.0/10/5/0
1.0,10,0,0,400,200,5,constant,ratio,0.15000000000000002,2,0,0,mixture/1.0/10/5/0
1.0,10,0,0,400,200,5,constant,ratio-half,0.15000000000000002,2,0,0,mixture/1.0/10/5/0
1.0,10,0,0,1000,200,5,constant,stated,0.5395907397331495,1,0,0,mixture/1.0/10/5/0
1.0,10,0,0,1000,200,5,constant,geomean,0.0754983443527074,10,1,1,mixture/1.0/10/5/0
1.0,10,0,0,1000,200,5,constant,ratio,0.05800000000000005,10,1,1,mixture/1.0/10/5/0
1.0,10,0,0,1000,200,5,constant,ratio-half,0.05800000000000005,10,1,1,mixture/1.0/10/5/0
1.0,10,1,0,400,200,5,constant,stated,0.6784994344878064,1,0,0,mixture/1.0/10/5/1
1.0,10,1,0,400,200,5,constant,geomean,0.08999999999999996,12,0,0,mixture/1.0/10/5/1
1.0,10,1,0,400,200,5,constant,ratio,0.08999999999999997,9,0,0,mixture/1.0/10/5/1
1.0,10,1,0,400,200,5,constant,ratio-half,0.08999999999999997,9,0,0,mixture/1.0/10/5/1
1.0,10,1,0,1000,200,5,constant,stated,0.5395907397331495,1,0,0,mixture/1.0/10/5/1
1.0,10,1,0,1000,200,5,constant,geomean,0.0644049687524185,9,0,0,mixture/1.0/10/5/1
1.0,10,1,0,1000,200,5,constant,ratio,0.07199999999999995,8,0,0,mixture/1.0/10/5/1
1.0,10,1,0,1000,200,5,constant,ratio-half,0.07199999999999995,8,0,0,mixture/1.0/10/5/1
1.0,10,2,0,400,200,5,constant,stated,0.6784994344878064,1,0,0,mixture/1.0/10/5/2
1.0,10,2,0,400,200,5,constant,geomean,0.10099504938362074,7,0,0,mixture/1.0/10/5/2
1.0,10,2,0,400,200,5,constant,ratio,0.13,3,0,0,mixture/1.0/10/5/2
1.0,10,2,0,400,200,5,constant,ratio-half,0.13,3,0,0,mixture/1.0/10/5/2
1.0,10,2,0,1000,200,5,constant,stated,0.5395907397331495,1,0,0,mixture/1.0/10/5/2
1.0,10,2,0,1000,200,5,constant,geomean,0.07919595949289335,8,0,0,mixture/1.0/10/5/2
1.0,10,2,0,1000,200,5,constant,ratio,0.11599999999999999,3,0,0,mixture/1.0/10/5/2
1.0,10,2,0,1000,200,5,constant,ratio-half,0.11599999999999999,3,0,0,mixture/1.0/10/5/2
1.0,10,3,0,400,200,5,constant,stated,0.6784994344878064,1,0,0,mixture/1.0/10/5/3
1.0,10,3,0,400,200,5,constant,geomean,0.1924837655492015,2,0,0,mixture/1.0/10/5/3
1.0,10,3,0,400,200,5,constant,ratio,0.15500000000000003,2,0,0,mixture/1.0/10/5/3
1.0,10,3,0,400,200,5,constant,ratio-half,0.15500000000000003,2,0,0,mixture/1.0/10/5/3
1.0,10,3,0,1000,200,5,constant,stated,0.5395907397331495,2,0,0,mixture/1.0/10/5/3
1.0,10,3,0,1000,200,5,constant,geomean,0.16077313208369123,2,0,0,mixture/1.0/10/5/3
1.0,10,3,0,1000,200,5,constant,ratio,0.15800000000000003,2,0,0,mixture/1.0/10/5/3
1.0,10,3,0,1000,200,5,constant,ratio-half,0.15800000000000003,2,0,0,mixture/1.0/10/5/3
1.0,10,4,0,400,200,5,constant,stated,0.6784994344878064,1,0,0,mixture/1.0/10/5/4
1.0,10,4,0,400,200,5,constant,geomean,0.08999999999999996,11,0,0,mixture/1.0/10/5/4
1.0,10,4,0,400,200,5,constant,ratio,0.07999999999999996,11,0,0,mixture/1.0/10/5/4
1.0,10,4,0,400,200,5,constant,ratio-half,0.07999999999999996,11,0,0,mixture/1.0/10/5/4
1.0,10,4,0,1000,200,5,constant,stated,0.5395907397331495,1,0,0,mixture/1.0/10/5/4
1.0,10,4,0,1000,200,5,constant,geomean,0.07188880302244575,10,1,1,mixture/1.0/10/5/4
1.0,10,4,0,1000,200,5,constant,ratio,0.04799999999999993,10,1,1,mixture/1.0/10/5/4
1.0,10,4,0,1000,200,5,constant,ratio-half,0.04799999999999993,10,1,1,mixture/1.0/10/5/4
1.0,10,5,0,400,200,5,constant,stated,0.6784994344878064,1,0,0,mixture/1.0/10/5/5
1.0,10,5,0,400,200,5,constant,geomean,0.11618950038622247,8,0,0,mixture/1.0/10/5/5
1.0,10,5,0,400,200,5,constant,ratio,0.16000000000000003,3,0,0,mixture/1.0/10/5/5
1.0,10,5,0,400,200,5,constant,ratio-half,0.16000000000000003,3,0,0,mixture/1.0/10/5/5
1.0,10,5,0,1000,200,5,constant,stated,0.5395907397331495,1,0,0,mixture/1.0/10/5/5
1.0,10,5,0,1000,200,5,constant,geomean,0.08368990381163062,10,1,1,mixture/1.0/10/5/5
1.0,10,5,0,1000,200,5,constant,ratio,0.05800000000000005,10,1,1,mixture/1.0/10/5/5
1.0,10,5,0,1000,200,5,constant,ratio-half,0.05800000000000005,10,1,1,mixture/1.0/10/5/5
1.0,10,6,0,400,200,5,constant,stated,0.6784994344878064,1,0,0,mixture/1.0/10/5/6
1.0,10,6,0,400,200,5,constant,geomean,0.09486832980505143,11,0,0,mixture/1.0/10/5/6
1.0,10,6,0,400,200,5,constant,ratio,0.11499999999999999,5,0,0,mixture/1.0/10/5/6
1.0,10,6,0,400,200,5,constant,ratio-half,0.11499999999999999,5,0,0,mixture/1.0/10/5/6
1.0,10,6,0,1000,200,5,constant,stated,0.5395907397331495,1,0,0,mixture/1.0/10/5/6
1.0,10,6,0,1000,200,5,constant,geomean,0.07048404074682442,10,1,1,mixture/1.0/10/5/6
1.0,10,6,0,1000,200,5,constant,ratio,0.04800000000000004,10,1,1,mixture/1.0/10/5/6
1.0,10,6,0,1000,200,5,constant,ratio-half,0.04800000000000004,10,1,1,mixture/1.0/10/5/6
1.0,10,7,0,400,200,5,constant,stated,0.6784994344878064,1,0,0,mixture/1.0/10/5/7
1.0,10,7,0,400,200,5,constant,geomean,0.09797958971132717,8,0,0,mixture/1.0/10/5/7
1.0,10,7,0,400,200,5,constant,ratio,0.10999999999999999,6,0,0,mixture/1.0/10/5/7
1.0,10,7,0,400,200,5,constant,ratio-half,0.10999999999999999,6,0,0,mixture/1.0/10/5/7
1.0,10,7,0,1000,200,5,constant,stated,0.5395907397331495,1,0,0,mixture/1.0/10/5/7
1.0,10,7,0,1000,200,5,constant,geomean,0.07467261881037789,9,0,0,mixture/1.0/10/5/7
1.0,10,7,0,1000,200,5,constant,ratio,0.05799999999999994,10,1,1,mixture/1.0/10/5/7
1.0,10,7,0,1000,200,5,constant,ratio-half,0.05799999999999994,10,1,1,mixture/1.0/10/5/7
1.0,10,8,0,400,200,5,constant,stated,0.6784994344878064,1,0,0,mixture/1.0/10/5/8
1.0,10,8,0,400,200,5,constant,geomean,0.08930285549745881,7,0,0,mixture/1.0/10/5/8
1.0,10,8,0,400,200,5,constant,ratio,0.08499999999999996,7,0,0,mixture/1.0/10/5/8
1.0,10,8,0,400,200,5,constant,ratio-half,0.08499999999999996,7,0,0,mixture/1.0/10/5/8
1.0,10,8,0,1000,200,5,constant,stated,0.5395907397331495,1,0,0,mixture/1.0/10/5/8
1.0,10,8,0,1000,200,5,constant,geomean,0.06596969000988258,10,1,1,mixture/1.0/10/5/8
1.0,10,8,0,1000,200,5,constant,ratio,0.041999999999999926,10,1,1,mixture/1.0/10/5/8
1.0,10,8,0,1000,200,5,constant,ratio-half,0.041999999999999926,10,1,1,mixture/1.0/10/5/8
1.0,10,9,0,400,200,5,constant,stated,0.6784994344878064,1,0,0,mixture/1.0/10/5/9
1.0,10,9,0,400,200,5,constant,geomean,0.11874342087037912,7,0,0,mixture/1.0/10/5/9
1.0,10,9,0,400,200,5,constant,ratio,0.16500000000000004,2,0,0,mixture/1.0/10/5/9
1.0,10,9,0,400,200,5,constant,ratio-half,0.16500000000000004,2,0,0,mixture/1.0/10/5/9
1.0,10,9,0,1000,200,5,constant,stated,0.5395907397331495,1,0,0,mixture/1.0/10/5/9
1.0,10,9,0,1000,200,5,constant,geomean,0.10031948963187566,7,0,0,mixture/1.0/10/5/9
1.0,10,9,0,1000,200,5,constant,ratio,0.17599999999999993,2,0,0,mixture/1.0/10/5/9
1.0,10,9,0,1000,200,5,constant,ratio-half,0.17599999999999993,2,0,0,mixture/1.0/10/5/9
1.0,10,10,0,400,200,5,constant,stated,0.6784994344878064,1,0,0,mixture/1.0/10/5/10
1.0,10,10,0,400,200,5,constant,geomean,0.12247448713915896,7,0,0,mixture/1.0/10/5/10
1.0,10,10,0,400,200,5,constant,ratio,0.1499999999999999,2,0,0,mixture/1.0/10/5/10
1.0,10,10,0,400,200,5,constant,ratio-half,0.1499999999999999,2,0,0,mixture/1.0/10/5/10
1.0,10,10,0,1000,200,5,constant,stated,0.5395907397331495,1,0,0,mixture/1.0/10/5/10
1.0,10,10,0,1000,200,5,constant,geomean,0.09545679651025384,10,1,1,mixture/1.0/10/5/10
1.0,10,10,0,1000,200,5,constant,ratio,0.16799999999999993,2,0,0,mixture/1.0/10/5/10
1.0,10,10,0,1000,200,5,constant,ratio-half,0.16799999999999993,2,0,0,mixture/1.0/10/5/10
1.0,10,11,0,400,200,5,constant,stated,0.6784994344878064,1,0,0,mixture/1.0/10/5/11
1.0,10,11,0,400,200,5,constant,geomean,0.11747340124470733,5,0,0,mixture/1.0/10/5/11
1.0,10,11,0,400,200,5,constant,ratio,0.14500000000000002,2,0,0,mixture/1.0/10/5/11
1.0,10,11,0,400,200,5,constant,ratio-half,0.14500000000000002,2,0,0,mixture/1.0/10/5/11
1.0,10,11,0,1000,200,5,constant,stated,0.5395907397331495,1,0,0,mixture/1.0/10/5/11
1.0,10,11,0,1000,200,5,constant,geomean,0.09256349172324911,6,0,0,mixture/1.0/10/5/11
1.0,10,11,0,1000,200,5,constant,ratio,0.14400000000000002,2,0,0,mixture/1.0/10/5/11
1.0,10,11,0,1000,200,5,constant,ratio-half,0.14400000000000002,2,0,0,mixture/1.0/10/5/11
1.0,10,12,0,400,200,5,constant,stated,0.6784994344878064,1,0,0,mixture/1.0/10/5/12
1.0,10,12,0,400,200,5,constant,geomean,0.09643650760992951,8,0,0,mixture/1.0/10/5/12
1.0,10,12,0,400,200,5,constant,ratio,0.08000000000000007,10,1,1,mixture/1.0/10/5/12
1.0,10,12,0,400,200,5,constant,ratio-half,0.08000000000000007,10,1,1,mixture/1.0/10/5/12
1.0,10,12,0,1000,200,5,constant,stated,0.5395907397331495,1,0,0,mixture/1.0/10/5/12
1.0,10,12,0,1000,200,5,constant,geomean,0.07329392880723469,10,1,1,mixture/1.0/10/5/12
1.0,10,12,0,1000,200,5,constant,ratio,0.04800000000000004,10,1,1,mixture/1.0/10/5/12
1.0,10,12,0,1000,200,5,constant,ratio-half,0.04800000000000004,10,1,1,mixture/1.0/10/5/12
1.0,10,13,0,400,200,5,constant,stated,0.6784994344878064,1,0,0,mixture/1.0/10/5/13
1.0,10,13,0,400,200,5,constant,geomean,0.08455767262643885,10,1,0,mixture/1.0/10/5/13
1.0,10,13,0,400,200,5,constant,ratio,0.08500000000000008,9,0,0,mixture/1.0/10/5/13
1.0,10,13,0,400,200,5,constant,ratio-half,0.08500000000000008,9,0,0,mixture/1.0/10/5/13
1.0,10,13,0,1000,200,5,constant,stated,0.5395907397331495,1,0,0,mixture/1.0/10/5/13
1.0,10,13,0,1000,200,5,constant,geomean,0.06499230723708771,10,1,1,mixture/1.0/10/5/13
1.0,10,13,0,1000,200,5,constant,ratio,0.040000000000000036,10,1,1,mixture/1.0/10/5/13
1.0,10,13,0,1000,200,5,constant,ratio-half,0.040000000000000036,10,1,1,mixture/1.0/10/5/13
1.0,10,14,0,400,200,5,constant,stated,0.6784994344878064,1,0,0,mixture/1.0/10/5/14
1.0,10,14,0,400,200,5,constant,geomean,0.12489995996796803,6,0,0,mixture/1.0/10/5/14
1.0,10,14,0,400,200,5,constant,ratio,0.15500000000000003,2,0,0,mixture/1.0/10/5/14
1.0,10,14,0,400,200,5,constant,ratio-half,0.15500000000000003,2,0,0,mixture/1.0/10/5/14
1.0,10,14,0,1000,200,5,constant,stated,0.5395907397331495,1,0,0,mixture/1.0/10/5/14
1.0,10,14,0,1000,200,5,constant,geomean,0.09293008124391157,8,0,0,mixture/1.0/10/5/14
1.0,10,14,0,1000,200,5,constant,ratio,0.15800000000000003,2,0,0,mixture/1.0/10/5/14
1.0,10,14,0,1000,200,5,constant,ratio-half,0.15800000000000003,2,0,0,mixture/1.0/10/5/14
1.0,10,15,0,400,200,5,constant,stated,0.6784994344878064,1,0,0,mixture/1.0/10/5/15
1.0,10,15,0,400,200,5,constant,geomean,0.1729161646579059,3,0,0,mixture/1.0/10/5/15
1.0,10,15,0,400,200,5,constant,ratio,0.19500000000000006,2,0,0,mixture/1.0/10/5/15
1.0,10,15,0,400,200,5,constant,ratio-half,0.19500000000000006,2,0,0,mixture/1.0/10/5/15
1.0,10,15,0,1000,200,5,constant,stated,0.5395907397331495,1,0,0,mixture/1.0/10/5/15
1.0,10,15,0,1000,200,5,constant,geomean,0.13221195104830735,7,0,0,mixture/1.0/10/5/15
1.0,10,15,0,1000,200,5,constant,ratio,0.18999999999999995,2,0,0,mixture/1.0/10/5/15
1.0,10,15,0,1000,200,5,constant,ratio-half,0.18999999999999995,2,0,0,mixture/1.0/10/5/15
1.0,10,16,0,400,200,5,constant,stated,0.6784994344878064,1,0,0,mixture/1.0/10/5/16
1.0,10,16,0,400,200,5,constant,geomean,0.10099504938362083,9,0,0,mixture/1.0/10/5/16
1.0,10,16,0,400,200,5,constant,ratio,0.125,3,0,0,mixture/1.0/10/5/16
1.0,10,16,0,400,200,5,constant,ratio-half,0.125,3,0,0,mixture/1.0/10/5/16
1.0,10,16,0,1000,200,5,constant,stated,0.5395907397331495,1,0,0,mixture/1.0/10/5/16
1.0,10,16,0,1000,200,5,constant,geomean,0.07691553809211768,10,1,1,mixture/1.0/10/5/16
1.0,10,16,0,1000,200,5,constant,ratio,0.050000000000000044,10,1,1,mixture/1.0/10/5/16
1.0,10,16,0,1000,200,5,constant,ratio-half,0.050000000000000044,10,1,1,mixture/1.0/10/5/16
1.0,10,17,0,400,200,5,constant,stated,0.6784994344878064,1,0,0,mixture/1.0/10/5/17
1.0,10,17,0,400,200,5,constant,geomean,0.11258330249197705,10,1,0,mixture/1.0/10/5/17
1.0,10,17,0,400,200,5,constant,ratio,0.15500000000000003,2,0,0,mixture/1.0/10/5/17
1.0,10,17,0,400,200,5,constant,ratio-half,0.15500000000000003,2,0,0,mixture/1.0/10/5/17
1.0,10,17,0,1000,200,5,constant,stated,0.5395907397331495,1,0,0,mixture/1.0/10/5/17
1.0,10,17,0,1000,200,5,constant,geomean,0.08226785520481258,9,0,0,mixture/1.0/10/5/17
1.0,10,17,0,1000,200,5,constant,ratio,0.06600000000000006,9,0,0,mixture/1.0/10/5/17
1.0,10,17,0,1000,200,5,constant,ratio-half,0.06600000000000006,9,0,0,mixture/1.0/10/5/17
1.0,10,18,0,400,200,5,constant,stated,0.6784994344878064,1,0,0,mixture/1.0/10/5/18
1.0,10,18,0,400,200,5,constant,geomean,0.09708243919473791,10,1,0,mixture/1.0/10/5/18
1.0,10,18,0,400,200,5,constant,ratio,0.10499999999999998,4,0,0,mixture/1.0/10/5/18
1.0,10,18,0,400,200,5,constant,ratio-half,0.10499999999999998,4,0,0,mixture/1.0/10/5/18
1.0,10,18,0,1000,200,5,constant,stated,0.5395907397331495,1,0,0,mixture/1.0/10/5/18
1.0,10,18,0,1000,200,5,constant,geomean,0.07397296803562775,11,0,0,mixture/1.0/10/5/18
1.0,10,18,0,1000,200,5,constant,ratio,0.04999999999999993,11,0,0,mixture/1.0/10/5/18
1.0,10,18,0,1000,200,5,constant,ratio-half,0.04999999999999993,11,0,0,mixture/1.0/10/5/18
1.0,10,19,0,400,200,5,constant,stated,0.6784994344878064,1,0,0,mixture/1.0/10/5/19
1.0,10,19,0,400,200,5,constant,geomean,0.09486832980505139,10,1,1,mixture/1.0/10/5/19
1.0,10,19,0,400,200,5,constant,ratio,0.07999999999999996,10,1,1,mixture/1.0/10/5/19
1.0,10,19,0,400,200,5,constant,ratio-half,0.07999999999999996,10,1,1,mixture/1.0/10/5/19
1.0,10,19,0,1000,200,5,constant,stated,0.5395907397331495,1,0,0,mixture/1.0/10/5/19
1.0,10,19,0,1000,200,5,constant,geomean,0.07282856582413254,10,1,1,mixture/1.0/10/5/19
1.0,10,19,0,1000,200,5,constant,ratio,0.04800000000000004,10,1,1,mixture/1.0/10/5/19
1.0,10,19,0,1000,200,5,constant,ratio-half,0.04800000000000004,10,1,1,mixture/1.0/10/5/19
5.0,2,0,0,400,200,5,constant,stated,0.6784994344878064,1,0,0,mixture/5.0/2/5/0
5.0,2,0,0,400,200,5,constant,geomean,0.059791303715506935,11,0,0,mixture/5.0/2/5/0
5.0,2,0,0,400,200,5,constant,ratio,0.04500000000000004,194,0,0,mixture/5.0/2/5/0
5.0,2,0,0,400,200,5,constant,ratio-half,0.05500000000000005,11,0,0,mixture/5.0/2/5/0
5.0,2,0,0,1000,200,5,constant,stated,0.5395907397331495,1,0,0,mixture/5.0/2/5/0
5.0,2,0,0,1000,200,5,constant,geomean,0.03633180424916986,2,1,1,mixture/5.0/2/5/0
5.0,2,0,0,1000,200,5,constant,ratio,0.03600000000000003,2,1,1,mixture/5.0/2/5/0
5.0,2,0,0,1000,200,5,constant,ratio-half,0.03600000000000003,2,1,1,mixture/5.0/2/5/0
5.0,2,1,0,400,200,5,constant,stated,0.6784994344878064,1,0,0,mixture/5.0/2/5/1
5.0,2,1,0,400,200,5,constant,geomean,0.07035623639735139,2,1,1,mixture/5.0/2/5/1
5.0,2,1,0,400,200,5,constant,ratio,0.07000000000000006,2,1,1,mixture/5.0/2/5/1
5.0,2,1,0,400,200,5,constant,ratio-half,0.07000000000000006,2,1,1,mixture/5.0/2/5/1
5.0,2,1,0,1000,200,5,constant,stated,0.5395907397331495,1,0,0,mixture/5.0/2/5/1
5.0,2,1,0,1000,200,5,constant,geomean,0.04647580015448901,2,1,1,mixture/5.0/2/5/1
5.0,2,1,0,1000,200,5,constant,ratio,0.03600000000000003,2,1,1,mixture/5.0/2/5/1
5.0,2,1,0,1000,200,5,constant,ratio-half,0.03600000000000003,2,1,1,mixture/5.0/2/5/1
5.0,2,2,0,400,200,5,constant,stated,0.6784994344878064,1,0,0,mixture/5.0/2/5/2
5.0,2,2,0,400,200,5,constant,geomean,0.06633249580710794,4,0,0,mixture/5.0/2/5/2
5.0,2,2,0,400,200,5,constant,ratio,0.07000000000000006,2,1,1,mixture/5.0/2/5/2
5.0,2,2,0,400,200,5,constant,ratio-half,0.07000000000000006,2,1,1,mixture/5.0/2/5/2
5.0,2,2,0,1000,200,5,constant,stated,0.5395907397331495,1,0,0,mixture/5.0/2/5/2
5.0,2,2,0,1000,200,5,constant,geomean,0.04837354648979131,2,1,1,mixture/5.0/2/5/2
5.0,2,2,0,1000,200,5,constant,ratio,0.03799999999999992,2,1,1,mixture/5.0/2/5/2
5.0,2,2,0,1000,200,5,constant,ratio-half,0.03799999999999992,2,1,1,mixture/5.0/2/5/2
5.0,2,3,0,400,200,5,constant,stated,0.6784994344878064,1,0,0,mixture/5.0/2/5/3
5.0,2,3,0,400,200,5,constant,geomean,0.05477225575051666,85,0,0,mixture/5.0/2/5/3
5.0,2,3,0,400,200,5,constant,ratio,0.040000000000000036,199,0,0,mixture/5.0/2/5/3
5.0,2,3,0,400,200,5,constant,ratio-half,0.050000000000000044,85,0,0,mixture/5.0/2/5/3
5.0,2,3,0,1000,200,5,constant,stated,0.5395907397331495,1,0,0,mixture/5.0/2/5/3
5.0,2,3,0,1000,200,5,constant,geomean,0.034292856398964525,2,1,1,mixture/5.0/2/5/3
5.0,2,3,0,1000,200,5,constant,ratio,0.03400000000000003,2,1,1,mixture/5.0/2/5/3
5.0,2,3,0,1000,200,5,constant,ratio-half,0.03400000000000003,2,1,1,mixture/5.0/2/5/3
5.0,2,4,0,400,200,5,constant,stated,0.6784994344878064,1,0,0,mixture/5.0/2/5/4
5.0,2,4,0,400,200,5,constant,geomean,0.0570087712549569,6,0,0,mixture/5.0/2/5/4
5.0,2,4,0,400,200,5,constant,ratio,0.040000000000000036,199,0,0,mixture/5.0/2/5/4
5.0,2,4,0,400,200,5,constant,ratio-half,0.050000000000000044,51,0,0,mixture/5.0/2/5/4
5.0,2,4,0,1000,200,5,constant,stated,0.5395907397331495,1,0,0,mixture/5.0/2/5/4
5.0,2,4,0,1000,200,5,constant,geomean,0.03815756805667786,2,1,1,mixture/5.0/2/5/4
5.0,2,4,0,1000,200,5,constant,ratio,0.03200000000000003,2,1,1,mixture/5.0/2/5/4
5.0,2,4,0,1000,200,5,constant,ratio-half,0.03200000000000003,2,1,1,mixture/5.0/2/5/4
5.0,2,5,0,400,200,5,constant,stated,0.6784994344878064,1,0,0,mixture/5.0/2/5/5
5.0,2,5,0,400,200,5,constant,geomean,0.0570087712549569,14,0,0,mixture/5.0/2/5/5
5.0,2,5,0,400,200,5,constant,ratio,0.04500000000000004,183,0,0,mixture/5.0/2/5/5
5.0,2,5,0,400,200,5,constant,ratio-half,0.050000000000000044,84,0,0,mixture/5.0/2/5/5
5.0,2,5,0,1000,200,5,constant,stated,0.5395907397331495,1,0,0,mixture/5.0/2/5/5
5.0,2,5,0,1000,200,5,constant,geomean,0.03588871688985271,3,0,0,mixture/5.0/2/5/5
5.0,2,5,0,1000,200,5,constant,ratio,0.03600000000000003,2,1,1,mixture/5.0/2/5/5
5.0,2,5,0,1000,200,5,constant,ratio-half,0.03600000000000003,2,1,1,mixture/5.0/2/5/5
5.0,2,6,0,400,200,5,constant,stated,0.6784994344878064,1,0,0,mixture/5.0/2/5/6
5.0,2,6,0,400,200,5,constant,geomean,0.05700877125495695,13,0,0,mixture/5.0/2/5/6
5.0,2,6,0,400,200,5,constant,ratio,0.04500000000000004,187,0,0,mixture/5.0/2/5/6
5.0,2,6,0,400,200,5,constant,ratio-half,0.050000000000000044,94,0,0,mixture/5.0/2/5/6
5.0,2,6,0,1000,200,5,constant,stated,0.5395907397331495,1,0,0,mixture/5.0/2/5/6
5.0,2,6,0,1000,200,5,constant,geomean,0.034292856398964525,4,0,0,mixture/5.0/2/5/6
5.0,2,6,0,1000,200,5,constant,ratio,0.03400000000000003,4,0,0,mixture/5.0/2/5/6
5.0,2,6,0,1000,200,5,constant,ratio-half,0.03400000000000003,4,0,0,mixture/5.0/2/5/6
5.0,2,7,0,400,200,5,constant,stated,0.6784994344878064,1,0,0,mixture/5.0/2/5/7
5.0,2,7,0,400,200,5,constant,geomean,0.07035623639735139,2,1,1,mixture/5.0/2/5/7
5.0,2,7,0,400,200,5,constant,ratio,0.06499999999999995,2,1,1,mixture/5.0/2/5/7
5.0,2,7,0,400,200,5,constant,ratio-half,0.06499999999999995,2,1,1,mixture/5.0/2/5/7
5.0,2,7,0,1000,200,5,constant,stated,0.5395907397331495,1,0,0,mixture/5.0/2/5/7
5.0,2,7,0,1000,200,5,constant,geomean,0.04774934554525329,2,1,1,mixture/5.0/2/5/7
5.0,2,7,0,1000,200,5,constant,ratio,0.03600000000000003,2,1,1,mixture/5.0/2/5/7
5.0,2,7,0,1000,200,5,constant,ratio-half,0.03600000000000003,2,1,1,mixture/5.0/2/5/7
5.0,2,8,0,400,200,5,constant,stated,0.6784994344878064,1,0,0,mixture/5.0/2/5/8
5.0,2,8,0,400,200,5,constant,geomean,0.059791303715506935,15,0,0,mixture/5.0/2/5/8
5.0,2,8,0,400,200,5,constant,ratio,0.04500000000000004,194,0,0,mixture/5.0/2/5/8
5.0,2,8,0,400,200,5,constant,ratio-half,0.05500000000000005,15,0,0,mixture/5.0/2/5/8
5.0,2,8,0,1000,200,5,constant,stated,0.5395907397331495,1,0,0,mixture/5.0/2/5/8
5.0,2,8,0,1000,200,5,constant,geomean,0.04098780306383839,2,1,1,mixture/5.0/2/5/8
5.0,2,8,0,1000,200,5,constant,ratio,0.038000000000000034,2,1,1,mixture/5.0/2/5/8
5.0,2,8,0,1000,200,5,constant,ratio-half,0.038000000000000034,2,1,1,mixture/5.0/2/5/8
5.0,2,9,0,400,200,5,constant,stated,0.6784994344878064,1,0,0,mixture/5.0/2/5/9
5.0,2,9,0,400,200,5,constant,geomean,0.059791303715506935,32,0,0,mixture/5.0/2/5/9
5.0,2,9,0,400,200,5,constant,ratio,0.04500000000000004,199,0,0,mixture/5.0/2/5/9
5.0,2,9,0,400,200,5,constant,ratio-half,0.05500000000000005,32,0,0,mixture/5.0/2/5/9
5.0,2,9,0,1000,200,5,constant,stated,0.5395907397331495,1,0,0,mixture/5.0/2/5/9
5.0,2,9,0,1000,200,5,constant,geomean,0.03376388603226818,14,0,0,mixture/5.0/2/5/9
5.0,2,9,0,1000,200,5,constant,ratio,0.026000000000000023,194,0,0,mixture/5.0/2/5/9
5.0,2,9,0,1000,200,5,constant,ratio-half,0.030000000000000027,61,0,0,mixture/5.0/2/5/9
5.0,2,10,0,400,200,5,constant,stated,0.6784994344878064,1,0,0,mixture/5.0/2/5/10
5.0,2,10,0,400,200,5,constant,geomean,0.057445626465380276,11,0,0,mixture/5.0/2/5/10
5.0,2,10,0,400,200,5,constant,ratio,0.04500000000000004,191,0,0,mixture/5.0/2/5/10
5.0,2,10,0,400,200,5,constant,ratio-half,0.05500000000000005,11,0,0,mixture/5.0/2/5/10
5.0,2,10,0,1000,200,5,constant,stated,0.5395907397331495,1,0,0,mixture/5.0/2/5/10
5.0,2,10,0,1000,200,5,constant,geomean,0.034292856398964476,2,1,1,mixture/5.0/2/5/10
5.0,2,10,0,1000,200,5,constant,ratio,0.03200000000000003,2,1,1,mixture/5.0/2/5/10
5.0,2,10,0,1000,200,5,constant,ratio-half,0.03200000000000003,2,1,1,mixture/5.0/2/5/10
5.0,2,11,0,400,200,5,constant,stated,0.6784994344878064,1,0,0,mixture/5.0/2/5/11
5.0,2,11,0,400,200,5,constant,geomean,0.0632455532033676,5,0,0,mixture/5.0/2/5/11
5.0,2,11,0,400,200,5,constant,ratio,0.06499999999999995,2,1,1,mixture/5.0/2/5/11
5.0,2,11,0,400,200,5,constant,ratio-half,0.06499999999999995,2,1,1,mixture/5.0/2/5/11
5.0,2,11,0,1000,200,5,constant,stated,0.5395907397331495,1,0,0,mixture/5.0/2/5/11
5.0,2,11,0,1000,200,5,constant,geomean,0.0448998886412873,2,1,1,mixture/5.0/2/5/11
5.0,2,11,0,1000,200,5,constant,ratio,0.03599999999999992,2,1,1,mixture/5.0/2/5/11
5.0,2,11,0,1000,200,5,constant,ratio-half,0.03599999999999992,2,1,1,mixture/5.0/2/5/11
5.0,2,12,0,400,200,5,constant,stated,0.6784994344878064,1,0,0,mixture/5.0/2/5/12
5.0,2,12,0,400,200,5,constant,geomean,0.062048368229954284,8,0,0,mixture/5.0/2/5/12
5.0,2,12,0,400,200,5,constant,ratio,0.050000000000000044,178,0,0,mixture/5.0/2/5/12
5.0,2,12,0,400,200,5,constant,ratio-half,0.05500000000000005,66,0,0,mixture/5.0/2/5/12
5.0,2,12,0,1000,200,5,constant,stated,0.5395907397331495,1,0,0,mixture/5.0/2/5/12
5.0,2,12,0,1000,200,5,constant,geomean,0.04156921938165298,2,1,1,mixture/5.0/2/5/12
5.0,2,12,0,1000,200,5,constant,ratio,0.038000000000000034,2,1,1,mixture/5.0/2/5/12
5.0,2,12,0,1000,200,5,constant,ratio-half,0.038000000000000034,2,1,1,mixture/5.0/2/5/12
5.0,2,13,0,400,200,5,constant,stated,0.6784994344878064,1,0,0,mixture/5.0/2/5/13
5.0,2,13,0,400,200,5,constant,geomean,0.06204836822995428,5,0,0,mixture/5.0/2/5/13
5.0,2,13,0,400,200,5,constant,ratio,0.04500000000000004,196,0,0,mixture/5.0/2/5/13
5.0,2,13,0,400,200,5,constant,ratio-half,0.05500000000000005,30,0,0,mixture/5.0/2/5/13
5.0,2,13,0,1000,200,5,constant,stated,0.5395907397331495,1,0,0,mixture/5.0/2/5/13
5.0,2,13,0,1000,200,5,constant,geomean,0.038729833462074086,2,1,1,mixture/5.0/2/5/13
5.0,2,13,0,1000,200,5,constant,ratio,0.03599999999999992,2,1,1,mixture/5.0/2/5/13
5.0,2,13,0,1000,200,5,constant,ratio-half,0.03599999999999992,2,1,1,mixture/5.0/2/5/13
5.0,2,14,0,400,200,5,constant,stated,0.6784994344878064,1,0,0,mixture/5.0/2/5/14
5.0,2,14,0,400,200,5,constant,geomean,0.061237243569579464,3,0,0,mixture/5.0/2/5/14
5.0,2,14,0,400,200,5,constant,ratio,0.06499999999999995,2,1,1,mixture/5.0/2/5/14
5.0,2,14,0,400,200,5,constant,ratio-half,0.06499999999999995,2,1,1,mixture/5.0/2/5/14
5.0,2,14,0,1000,200,5,constant,stated,0.5395907397331495,1,0,0,mixture/5.0/2/5/14
5.0,2,14,0,1000,200,5,constant,geomean,0.04791659420284377,2,1,1,mixture/5.0/2/5/14
5.0,2,14,0,1000,200,5,constant,ratio,0.03799999999999992,2,1,1,mixture/5.0/2/5/14
5.0,2,14,0,1000,200,5,constant,ratio-half,0.03799999999999992,2,1,1,mixture/5.0/2/5/14
5.0,2,15,0,400,200,5,constant,stated,0.6784994344878064,1,0,0,mixture/5.0/2/5/15
5.0,2,15,0,400,200,5,constant,geomean,0.054772255750516606,91,0,0,mixture/5.0/2/5/15
5.0,2,15,0,400,200,5,constant,ratio,0.040000000000000036,199,0,0,mixture/5.0/2/5/15
5.0,2,15,0,400,200,5,constant,ratio-half,0.050000000000000044,91,0,0,mixture/5.0/2/5/15
5.0,2,15,0,1000,200,5,constant,stated,0.5395907397331495,1,0,0,mixture/5.0/2/5/15
5.0,2,15,0,1000,200,5,constant,geomean,0.037148351242013454,2,1,1,mixture/5.0/2/5/15
5.0,2,15,0,1000,200,5,constant,ratio,0.03600000000000003,2,1,1,mixture/5.0/2/5/15
5.0,2,15,0,1000,200,5,constant,ratio-half,0.03600000000000003,2,1,1,mixture/5.0/2/5/15
5.0,2,16,0,400,200,5,constant,stated,0.6784994344878064,1,0,0,mixture/5.0/2/5/16
5.0,2,16,0,400,200,5,constant,geomean,0.0642261628933256,8,0,0,mixture/5.0/2/5/16
5.0,2,16,0,400,200,5,constant,ratio,0.04500000000000004,196,0,0,mixture/5.0/2/5/16
5.0,2,16,0,400,200,5,constant,ratio-half,0.05500000000000005,31,0,0,mixture/5.0/2/5/16
5.0,2,16,0,1000,200,5,constant,stated,0.5395907397331495,1,0,0,mixture/5.0/2/5/16
5.0,2,16,0,1000,200,5,constant,geomean,0.04171330722922842,2,1,1,mixture/5.0/2/5/16
5.0,2,16,0,1000,200,5,constant,ratio,0.039999999999999925,2,1,1,mixture/5.0/2/5/16
5.0,2,16,0,1000,200,5,constant,ratio-half,0.039999999999999925,2,1,1,mixture/5.0/2/5/16
5.0,2,17,0,400,200,5,constant,stated,0.6784994344878064,1,0,0,mixture/5.0/2/5/17
5.0,2,17,0,400,200,5,constant,geomean,0.05700877125495695,7,0,0,mixture/5.0/2/5/17
5.0,2,17,0,400,200,5,constant,ratio,0.04500000000000004,191,0,0,mixture/5.0/2/5/17
5.0,2,17,0,400,200,5,constant,ratio-half,0.050000000000000044,58,0,0,mixture/5.0/2/5/17
5.0,2,17,0,1000,200,5,constant,stated,0.5395907397331495,1,0,0,mixture/5.0/2/5/17
5.0,2,17,0,1000,200,5,constant,geomean,0.034292856398964525,2,1,1,mixture/5.0/2/5/17
5.0,2,17,0,1000,200,5,constant,ratio,0.03400000000000003,2,1,1,mixture/5.0/2/5/17
5.0,2,17,0,1000,200,5,constant,ratio-half,0.03400000000000003,2,1,1,mixture/5.0/2/5/17
5.0,2,18,0,400,200,5,constant,stated,0.6784994344878064,1,0,0,mixture/5.0/2/5/18
5.0,2,18,0,400,200,5,constant,geomean,0.0570087712549569,15,0,0,mixture/5.0/2/5/18
5.0,2,18,0,400,200,5,constant,ratio,0.04500000000000004,189,0,0,mixture/5.0/2/5/18
5.0,2,18,0,400,200,5,constant,ratio-half,0.050000000000000044,91,0,0,mixture/5.0/2/5/18
5.0,2,18,0,1000,200,5,constant,stated,0.5395907397331495,1,0,0,mixture/5.0/2/5/18
5.0,2,18,0,1000,200,5,constant,geomean,0.03509985754956852,2,1,1,mixture/5.0/2/5/18
5.0,2,18,0,1000,200,5,constant,ratio,0.03400000000000003,2,1,1,mixture/5.0/2/5/18
5.0,2,18,0,1000,200,5,constant,ratio-half,0.03400000000000003,2,1,1,mixture/5.0/2/5/18
5.0,2,19,0,400,200,5,constant,stated,0.6784994344878064,1,0,0,mixture/5.0/2/5/19
5.0,2,19,0,400,200,5,constant,geomean,0.059791303715506935,13,0,0,mixture/5.0/2/5/19
5.0,2,19,0,400,200,5,constant,ratio,0.04500000000000004,195,0,0,mixture/5.0/2/5/19
5.0,2,19,0,400,200,5,constant,ratio-half,0.05500000000000005,13,0,0,mixture/5.0/2/5/19
5.0,2,19,0,1000,200,5,constant,stated,0.5395907397331495,1,0,0,mixture/5.0/2/5/19
5.0,2,19,0,1000,200,5,constant,geomean,0.03376388603226823,2,1,1,mixture/5.0/2/5/19
5.0,2,19,0,1000,200,5,constant,ratio,0.03200000000000003,2,1,1,mixture/5.0/2/5/19
5.0,2,19,0,1000,200,5,constant,ratio-half,0.03200000000000003,2,1,1,mixture/5.0/2/5/19
5.0,3,0,0,400,200,5,constant,stated,0.6784994344878064,1,0,0,mixture/5.0/3/5/0
5.0,3,0,0,400,200,5,constant,geomean,0.07228416147400482,2,0,0,mixture/5.0/3/5/0
5.0,3,0,0,400,200,5,constant,ratio,0.06500000000000006,2,0,0,mixture/5.0/3/5/0
5.0,3,0,0,400,200,5,constant,ratio-half,0.06500000000000006,2,0,0,mixture/5.0/3/5/0
5.0,3,0,0,1000,200,5,constant,stated,0.5395907397331495,1,0,0,mixture/5.0/3/5/0
5.0,3,0,0,1000,200,5,constant,geomean,0.05310367218940703,2,0,0,mixture/5.0/3/5/0
5.0,3,0,0,1000,200,5,constant,ratio,0.04800000000000004,2,0,0,mixture/5.0/3/5/0
5.0,3,0,0,1000,200,5,constant,ratio-half,0.04800000000000004,2,0,0,mixture/5.0/3/5/0
5.0,3,1,0,400,200,5,constant,stated,0.6784994344878064,1,0,0,mixture/5.0/3/5/1
5.0,3,1,0,400,200,5,constant,geomean,0.0570087712549569,12,0,0,mixture/5.0/3/5/1
5.0,3,1,0,400,200,5,constant,ratio,0.04500000000000004,186,0,0,mixture/5.0/3/5/1
5.0,3,1,0,400,200,5,constant,ratio-half,0.050000000000000044,95,0,0,mixture/5.0/3/5/1
5.0,3,1,0,1000,200,5,constant,stated,0.5395907397331495,1,0,0,mixture/5.0/3/5/1
5.0,3,1,0,1000,200,5,constant,geomean,0.03949683531626292,3,1,1,mixture/5.0/3/5/1
5.0,3,1,0,1000,200,5,constant,ratio,0.03600000000000003,3,1,1,mixture/5.0/3/5/1
5.0,3,1,0,1000,200,5,constant,ratio-half,0.03600000000000003,3,1,1,mixture/5.0/3/5/1
5.0,3,2,0,400,200,5,constant,stated,0.6784994344878064,1,0,0,mixture/5.0/3/5/2
5.0,3,2,0,400,200,5,constant,geomean,0.0642261628933256,8,0,0,mixture/5.0/3/5/2
5.0,3,2,0,400,200,5,constant,ratio,0.06500000000000006,2,0,0,mixture/5.0/3/5/2
5.0,3,2,0,400,200,5,constant,ratio-half,0.06500000000000006,2,0,0,mixture/5.0/3/5/2
5.0,3,2,0,1000,200,5,constant,stated,0.5395907397331495,1,0,0,mixture/5.0/3/5/2
5.0,3,2,0,1000,200,5,constant,geomean,0.040249223594996206,3,1,1,mixture/5.0/3/5/2
5.0,3,2,0,1000,200,5,constant,ratio,0.03799999999999992,3,1,1,mixture/5.0/3/5/2
5.0,3,2,0,1000,200,5,constant,ratio-half,0.03799999999999992,3,1,1,mixture/5.0/3/5/2
5.0,3,3,0,400,200,5,constant,stated,0.6784994344878064,1,0,0,mixture/5.0/3/5/3
5.0,3,3,0,400,200,5,constant,geomean,0.06837397165588673,5,0,0,mixture/5.0/3/5/3
5.0,3,3,0,400,200,5,constant,ratio,0.07499999999999996,2,0,0,mixture/5.0/3/5/3
5.0,3,3,0,400,200,5,constant,ratio-half,0.07499999999999996,2,0,0,mixture/5.0/3/5/3
5.0,3,3,0,1000,200,5,constant,stated,0.5395907397331495,1,0,0,mixture/5.0/3/5/3
5.0,3,3,0,1000,200,5,constant,geomean,0.04774934554525329,3,1,1,mixture/5.0/3/5/3
5.0,3,3,0,1000,200,5,constant,ratio,0.052000000000000046,2,0,0,mixture/5.0/3/5/3
5.0,3,3,0,1000,200,5,constant,ratio-half,0.052000000000000046,2,0,0,mixture/5.0/3/5/3
5.0,3,4,0,400,200,5,constant,stated,0.6784994344878064,1,0,0,mixture/5.0/3/5/4
5.0,3,4,0,400,200,5,constant,geomean,0.0642261628933256,4,0,0,mixture/5.0/3/5/4
5.0,3,4,0,400,200,5,constant,ratio,0.04500000000000004,194,0,0,mixture/5.0/3/5/4
5.0,3,4,0,400,200,5,constant,ratio-half,0.05500000000000005,27,0,0,mixture/5.0/3/5/4
5.0,3,4,0,1000,200,5,constant,stated,0.5395907397331495,1,0,0,mixture/5.0/3/5/4
5.0,3,4,0,1000,200,5,constant,geomean,0.03949683531626299,4,0,0,mixture/5.0/3/5/4
5.0,3,4,0,1000,200,5,constant,ratio,0.03400000000000003,4,0,0,mixture/5.0/3/5/4
5.0,3,4,0,1000,200,5,constant,ratio-half,0.03400000000000003,4,0,0,mixture/5.0/3/5/4
5.0,3,5,0,400,200,5,constant,stated,0.6784994344878064,1,0,0,mixture/5.0/3/5/5
5.0,3,5,0,400,200,5,constant,geomean,0.06204836822995428,7,0,0,mixture/5.0/3/5/5
5.0,3,5,0,400,200,5,constant,ratio,0.04500000000000004,196,0,0,mixture/5.0/3/5/5
5.0,3,5,0,400,200,5,constant,ratio-half,0.05500000000000005,38,0,0,mixture/5.0/3/5/5
5.0,3,5,0,1000,200,5,constant,stated,0.5395907397331495,1,0,0,mixture/5.0/3/5/5
5.0,3,5,0,1000,200,5,constant,geomean,0.040249223594996206,3,1,1,mixture/5.0/3/5/5
5.0,3,5,0,1000,200,5,constant,ratio,0.04399999999999993,2,0,0,mixture/5.0/3/5/5
5.0,3,5,0,1000,200,5,constant,ratio-half,0.04399999999999993,2,0,0,mixture/5.0/3/5/5
5.0,3,6,0,400,200,5,constant,stated,0.6784994344878064,1,0,0,mixture/5.0/3/5/6
5.0,3,6,0,400,200,5,constant,geomean,0.06204836822995428,4,0,0,mixture/5.0/3/5/6
5.0,3,6,0,400,200,5,constant,ratio,0.04500000000000004,197,0,0,mixture/5.0/3/5/6
5.0,3,6,0,400,200,5,constant,ratio-half,0.05500000000000005,43,0,0,mixture/5.0/3/5/6
5.0,3,6,0,1000,200,5,constant,stated,0.5395907397331495,1,0,0,mixture/5.0/3/5/6
5.0,3,6,0,1000,200,5,constant,geomean,0.037148351242013385,2,0,0,mixture/5.0/3/5/6
5.0,3,6,0,1000,200,5,constant,ratio,0.03600000000000003,2,0,0,mixture/5.0/3/5/6
5.0,3,6,0,1000,200,5,constant,ratio-half,0.03600000000000003,2,0,0,mixture/5.0/3/5/6
5.0,3,7,0,400,200,5,constant,stated,0.6784994344878064,1,0,0,mixture/5.0/3/5/7
5.0,3,7,0,400,200,5,constant,geomean,0.059791303715506935,34,0,0,mixture/5.0/3/5/7
5.0,3,7,0,400,200,5,constant,ratio,0.04500000000000004,198,0,0,mixture/5.0/3/5/7
5.0,3,7,0,400,200,5,constant,ratio-half,0.05500000000000005,34,0,0,mixture/5.0/3/5/7
5.0,3,7,0,1000,200,5,constant,stated,0.5395907397331495,1,0,0,mixture/5.0/3/5/7
5.0,3,7,0,1000,200,5,constant,geomean,0.03949683531626292,2,0,0,mixture/5.0/3/5/7
5.0,3,7,0,1000,200,5,constant,ratio,0.03600000000000003,2,0,0,mixture/5.0/3/5/7
5.0,3,7,0,1000,200,5,constant,ratio-half,0.03600000000000003,2,0,0,mixture/5.0/3/5/7
5.0,3,8,0,400,200,5,constant,stated,0.6784994344878064,1,0,0,mixture/5.0/3/5/8
5.0,3,8,0,400,200,5,constant,geomean,0.06422616289332565,9,0,0,mixture/5.0/3/5/8
5.0,3,8,0,400,200,5,constant,ratio,0.06500000000000006,2,0,0,mixture/5.0/3/5/8
5.0,3,8,0,400,200,5,constant,ratio-half,0.06500000000000006,2,0,0,mixture/5.0/3/5/8
5.0,3,8,0,1000,200,5,constant,stated,0.5395907397331495,1,0,0,mixture/5.0/3/5/8
5.0,3,8,0,1000,200,5,constant,geomean,0.04516635916254486,3,1,1,mixture/5.0/3/5/8
5.0,3,8,0,1000,200,5,constant,ratio,0.038000000000000034,3,1,1,mixture/5.0/3/5/8
5.0,3,8,0,1000,200,5,constant,ratio-half,0.038000000000000034,3,1,1,mixture/5.0/3/5/8
5.0,3,9,0,400,200,5,constant,stated,0.6784994344878064,1,0,0,mixture/5.0/3/5/9
5.0,3,9,0,400,200,5,constant,geomean,0.059791303715506935,24,0,0,mixture/5.0/3/5/9
5.0,3,9,0,400,200,5,constant,ratio,0.04500000000000004,192,0,0,mixture/5.0/3/5/9
5.0,3,9,0,400,200,5,constant,ratio-half,0.05500000000000005,24,0,0,mixture/5.0/3/5/9
5.0,3,9,0,1000,200,5,constant,stated,0.5395907397331495,1,0,0,mixture/5.0/3/5/9
5.0,3,9,0,1000,200,5,constant,geomean,0.037148351242013385,3,1,1,mixture/5.0/3/5/9
5.0,3,9,0,1000,200,5,constant,ratio,0.040000000000000036,2,0,0,mixture/5.0/3/5/9
5.0,3,9,0,1000,200,5,constant,ratio-half,0.040000000000000036,2,0,0,mixture/5.0/3/5/9
5.0,3,10,0,400,200,5,constant,stated,0.6784994344878064,1,0,0,mixture/5.0/3/5/10
5.0,3,10,0,400,200,5,constant,geomean,0.0642261628933256,7,0,0,mixture/5.0/3/5/10
5.0,3,10,0,400,200,5,constant,ratio,0.04500000000000004,193,0,0,mixture/5.0/3/5/10
5.0,3,10,0,400,200,5,constant,ratio-half,0.05500000000000005,30,0,0,mixture/5.0/3/5/10
5.0,3,10,0,1000,200,5,constant,stated,0.5395907397331495,1,0,0,mixture/5.0/3/5/10
5.0,3,10,0,1000,200,5,constant,geomean,0.043127717305695645,3,1,1,mixture/5.0/3/5/10
5.0,3,10,0,1000,200,5,constant,ratio,0.03600000000000003,3,1,1,mixture/5.0/3/5/10
5.0,3,10,0,1000,200,5,constant,ratio-half,0.03600000000000003,3,1,1,mixture/5.0/3/5/10
5.0,3,11,0,400,200,5,constant,stated,0.6784994344878064,1,0,0,mixture/5.0/3/5/11
5.0,3,11,0,400,200,5,constant,geomean,0.059791303715506984,29,0,0,mixture/5.0/3/5/11
5.0,3,11,0,400,200,5,constant,ratio,0.04500000000000004,197,0,0,mixture/5.0/3/5/11
5.0,3,11,0,400,200,5,constant,ratio-half,0.05500000000000005,29,0,0,mixture/5.0/3/5/11
5.0,3,11,0,1000,200,5,constant,stated,0.5395907397331495,1,0,0,mixture/5.0/3/5/11
5.0,3,11,0,1000,200,5,constant,geomean,0.03714835124201334,2,0,0,mixture/5.0/3/5/11
5.0,3,11,0,1000,200,5,constant,ratio,0.03600000000000003,2,0,0,mixture/5.0/3/5/11
5.0,3,11,0,1000,200,5,constant,ratio-half,0.03600000000000003,2,0,0,mixture/5.0/3/5/11
5.0,3,12,0,400,200,5,constant,stated,0.6784994344878064,1,0,0,mixture/5.0/3/5/12
5.0,3,12,0,400,200,5,constant,geomean,0.0642261628933257,19,0,0,mixture/5.0/3/5/12
5.0,3,12,0,400,200,5,constant,ratio,0.04500000000000004,198,0,0,mixture/5.0/3/5/12
5.0,3,12,0,400,200,5,constant,ratio-half,0.05500000000000005,64,0,0,mixture/5.0/3/5/12
5.0,3,12,0,1000,200,5,constant,stated,0.5395907397331495,1,0,0,mixture/5.0/3/5/12
5.0,3,12,0,1000,200,5,constant,geomean,0.04171330722922842,3,1,1,mixture/5.0/3/5/12
5.0,3,12,0,1000,200,5,constant,ratio,0.038000000000000034,3,1,1,mixture/5.0/3/5/12
5.0,3,12,0,1000,200,5,constant,ratio-half,0.038000000000000034,3,1,1,mixture/5.0/3/5/12
5.0,3,13,0,400,200,5,constant,stated,0.6784994344878064,1,0,0,mixture/5.0/3/5/13
5.0,3,13,0,400,200,5,constant,geomean,0.059791303715506935,22,0,0,mixture/5.0/3/5/13
5.0,3,13,0,400,200,5,constant,ratio,0.04500000000000004,197,0,0,mixture/5.0/3/5/13
5.0,3,13,0,400,200,5,constant,ratio-half,0.05500000000000005,22,0,0,mixture/5.0/3/5/13
5.0,3,13,0,1000,200,5,constant,stated,0.5395907397331495,1,0,0,mixture/5.0/3/5/13
5.0,3,13,0,1000,200,5,constant,geomean,0.03633180424916982,3,1,1,mixture/5.0/3/5/13
5.0,3,13,0,1000,200,5,constant,ratio,0.03600000000000003,3,1,1,mixture/5.0/3/5/13
5.0,3,13,0,1000,200,5,constant,ratio-half,0.03600000000000003,3,1,1,mixture/5.0/3/5/13
5.0,3,14,0,400,200,5,constant,stated,0.6784994344878064,1,0,0,mixture/5.0/3/5/14
5.0,3,14,0,400,200,5,constant,geomean,0.059791303715506935,28,0,0,mixture/5.0/3/5/14
5.0,3,14,0,400,200,5,constant,ratio,0.04500000000000004,194,0,0,mixture/5.0/3/5/14
5.0,3,14,0,400,200,5,constant,ratio-half,0.05500000000000005,28,0,0,mixture/5.0/3/5/14
5.0,3,14,0,1000,200,5,constant,stated,0.5395907397331495,1,0,0,mixture/5.0/3/5/14
5.0,3,14,0,1000,200,5,constant,geomean,0.035496478698597685,5,0,0,mixture/5.0/3/5/14
5.0,3,14,0,1000,200,5,constant,ratio,0.038000000000000034,2,0,0,mixture/5.0/3/5/14
5.0,3,14,0,1000,200,5,constant,ratio-half,0.038000000000000034,2,0,0,mixture/5.0/3/5/14
5.0,3,15,0,400,200,5,constant,stated,0.6784994344878064,1,0,0,mixture/5.0/3/5/15
5.0,3,15,0,400,200,5,constant,geomean,0.059791303715506935,20,0,0,mixture/5.0/3/5/15
5.0,3,15,0,400,200,5,constant,ratio,0.04500000000000004,194,0,0,mixture/5.0/3/5/15
5.0,3,15,0,400,200,5,constant,ratio-half,0.05500000000000005,20,0,0,mixture/5.0/3/5/15
5.0,3,15,0,1000,200,5,constant,stated,0.5395907397331495,1,0,0,mixture/5.0/3/5/15
5.0,3,15,0,1000,200,5,constant,geomean,0.03376388603226823,11,0,0,mixture/5.0/3/5/15
5.0,3,15,0,1000,200,5,constant,ratio,0.026000000000000023,182,0,0,mixture/5.0/3/5/15
5.0,3,15,0,1000,200,5,constant,ratio-half,0.030000000000000027,40,0,0,mixture/5.0/3/5/15
5.0,3,16,0,400,200,5,constant,stated,0.6784994344878064,1,0,0,mixture/5.0/3/5/16
5.0,3,16,0,400,200,5,constant,geomean,0.061237243569579464,3,1,0,mixture/5.0/3/5/16
5.0,3,16,0,400,200,5,constant,ratio,0.06499999999999995,2,0,0,mixture/5.0/3/5/16
5.0,3,16,0,400,200,5,constant,ratio-half,0.06499999999999995,2,0,0,mixture/5.0/3/5/16
5.0,3,16,0,1000,200,5,constant,stated,0.5395907397331495,1,0,0,mixture/5.0/3/5/16
5.0,3,16,0,1000,200,5,constant,geomean,0.03509985754956852,2,0,0,mixture/5.0/3/5/16
5.0,3,16,0,1000,200,5,constant,ratio,0.03400000000000003,2,0,0,mixture/5.0/3/5/16
5.0,3,16,0,1000,200,5,constant,ratio-half,0.03400000000000003,2,0,0,mixture/5.0/3/5/16
5.0,3,17,0,400,200,5,constant,stated,0.6784994344878064,1,0,0,mixture/5.0/3/5/17
5.0,3,17,0,400,200,5,constant,geomean,0.0642261628933256,4,0,0,mixture/5.0/3/5/17
5.0,3,17,0,400,200,5,constant,ratio,0.06499999999999995,2,0,0,mixture/5.0/3/5/17
5.0,3,17,0,400,200,5,constant,ratio-half,0.06499999999999995,2,0,0,mixture/5.0/3/5/17
5.0,3,17,0,1000,200,5,constant,stated,0.5395907397331495,1,0,0,mixture/5.0/3/5/17
5.0,3,17,0,1000,200,5,constant,geomean,0.037947331922020516,4,0,0,mixture/5.0/3/5/17
5.0,3,17,0,1000,200,5,constant,ratio,0.039999999999999925,3,1,1,mixture/5.0/3/5/17
5.0,3,17,0,1000,200,5,constant,ratio-half,0.039999999999999925,3,1,1,mixture/5.0/3/5/17
5.0,3,18,0,400,200,5,constant,stated,0.6784994344878064,1,0,0,mixture/5.0/3/5/18
5.0,3,18,0,400,200,5,constant,geomean,0.06204836822995428,5,0,0,mixture/5.0/3/5/18
5.0,3,18,0,400,200,5,constant,ratio,0.04500000000000004,196,0,0,mixture/5.0/3/5/18
5.0,3,18,0,400,200,5,constant,ratio-half,0.05500000000000005,25,0,0,mixture/5.0/3/5/18
5.0,3,18,0,1000,200,5,constant,stated,0.5395907397331495,1,0,0,mixture/5.0/3/5/18
5.0,3,18,0,1000,200,5,constant,geomean,0.040249223594996136,3,1,1,mixture/5.0/3/5/18
5.0,3,18,0,1000,200,5,constant,ratio,0.03600000000000003,3,1,1,mixture/5.0/3/5/18
5.0,3,18,0,1000,200,5,constant,ratio-half,0.03600000000000003,3,1,1,mixture/5.0/3/5/18
5.0,3,19,0,400,200,5,constant,stated,0.6784994344878064,1,0,0,mixture/5.0/3/5/19
5.0,3,19,0,400,200,5,constant,geomean,0.06204836822995422,2,0,0,mixture/5.0/3/5/19
5.0,3,19,0,400,200,5,constant,ratio,0.06000000000000005,2,0,0,mixture/5.0/3/5/19
5.0,3,19,0,400,200,5,constant,ratio-half,0.06000000000000005,2,0,0,mixture/5.0/3/5/19
5.0,3,19,0,1000,200,5,constant,stated,0.5395907397331495,1,0,0,mixture/5.0/3/5/19
5.0,3,19,0,1000,200,5,constant,geomean,0.043127717305695645,2,0,0,mixture/5.0/3/5/19
5.0,3,19,0,1000,200,5,constant,ratio,0.03799999999999992,2,0,0,mixture/5.0/3/5/19
5.0,3,19,0,1000,200,5,constant,ratio-half,0.03799999999999992,2,0,0,mixture/5.0/3/5/19
5.0,4,0,0,400,200,5,constant,stated,0.6784994344878064,1,0,0,mixture/5.0/4/5/0
5.0,4,0,0,400,200,5,constant,geomean,0.06480740698407855,28,0,0,mixture/5.0/4/5/0
5.0,4,0,0,400,200,5,constant,ratio,0.050000000000000044,189,0,0,mixture/5.0/4/5/0
5.0,4,0,0,400,200,5,constant,ratio-half,0.06000000000000005,28,0,0,mixture/5.0/4/5/0
5.0,4,0,0,1000,200,5,constant,stated,0.5395907397331495,1,0,0,mixture/5.0/4/5/0
5.0,4,0,0,1000,200,5,constant,geomean,0.04381780460041329,4,1,1,mixture/5.0/4/5/0
5.0,4,0,0,1000,200,5,constant,ratio,0.041999999999999926,4,1,1,mixture/5.0/4/5/0
5.0,4,0,0,1000,200,5,constant,ratio-half,0.041999999999999926,4,1,1,mixture/5.0/4/5/0
5.0,4,1,0,400,200,5,constant,stated,0.6784994344878064,1,0,0,mixture/5.0/4/5/1
5.0,4,1,0,400,200,5,constant,geomean,0.062048368229954284,22,0,0,mixture/5.0/4/5/1
5.0,4,1,0,400,200,5,constant,ratio,0.050000000000000044,186,0,0,mixture/5.0/4/5/1
5.0,4,1,0,400,200,5,constant,ratio-half,0.05500000000000005,90,0,0,mixture/5.0/4/5/1
5.0,4,1,0,1000,200,5,constant,stated,0.5395907397331495,1,0,0,mixture/5.0/4/5/1
5.0,4,1,0,1000,200,5,constant,geomean,0.040792156108742275,3,0,0,mixture/5.0/4/5/1
5.0,4,1,0,1000,200,5,constant,ratio,0.04399999999999993,2,0,0,mixture/5.0/4/5/1
5.0,4,1,0,1000,200,5,constant,ratio-half,0.04399999999999993,2,0,0,mixture/5.0/4/5/1
5.0,4,2,0,400,200,5,constant,stated,0.6784994344878064,1,0,0,mixture/5.0/4/5/2
5.0,4,2,0,400,200,5,constant,geomean,0.062048368229954284,16,0,0,mixture/5.0/4/5/2
5.0,4,2,0,400,200,5,constant,ratio,0.04500000000000004,197,0,0,mixture/5.0/4/5/2
5.0,4,2,0,400,200,5,constant,ratio-half,0.05500000000000005,84,0,0,mixture/5.0/4/5/2
5.0,4,2,0,1000,200,5,constant,stated,0.5395907397331495,1,0,0,mixture/5.0/4/5/2
5.0,4,2,0,1000,200,5,constant,geomean,0.03487119154832536,20,0,0,mixture/5.0/4/5/2
5.0,4,2,0,1000,200,5,constant,ratio,0.026000000000000023,199,0,0,mixture/5.0/4/5/2
5.0,4,2,0,1000,200,5,constant,ratio-half,0.03200000000000003,65,0,0,mixture/5.0/4/5/2
5.0,4,3,0,400,200,5,constant,stated,0.6784994344878064,1,0,0,mixture/5.0/4/5/3
5.0,4,3,0,400,200,5,constant,geomean,0.07035623639735146,3,0,0,mixture/5.0/4/5/3
5.0,4,3,0,400,200,5,constant,ratio,0.07500000000000007,2,0,0,mixture/5.0/4/5/3
5.0,4,3,0,400,200,5,constant,ratio-half,0.07500000000000007,2,0,0,mixture/5.0/4/5/3
5.0,4,3,0,1000,200,5,constant,stated,0.5395907397331495,1,0,0,mixture/5.0/4/5/3
5.0,4,3,0,1000,200,5,constant,geomean,0.04931531202375174,3,0,0,mixture/5.0/4/5/3
5.0,4,3,0,1000,200,5,constant,ratio,0.051999999999999935,2,0,0,mixture/5.0/4/5/3
5.0,4,3,0,1000,200,5,constant,ratio-half,0.051999999999999935,2,0,0,mixture/5.0/4/5/3
5.0,4,4,0,400,200,5,constant,stated,0.6784994344878064,1,0,0,mixture/5.0/4/5/4
5.0,4,4,0,400,200,5,constant,geomean,0.059791303715506935,26,0,0,mixture/5.0/4/5/4
5.0,4,4,0,400,200,5,constant,ratio,0.04500000000000004,186,0,0,mixture/5.0/4/5/4
5.0,4,4,0,400,200,5,constant,ratio-half,0.05500000000000005,26,0,0,mixture/5.0/4/5/4
5.0,4,4,0,1000,200,5,constant,stated,0.5395907397331495,1,0,0,mixture/5.0/4/5/4
5.0,4,4,0,1000,200,5,constant,geomean,0.03714835124201334,2,0,0,mixture/5.0/4/5/4
5.0,4,4,0,1000,200,5,constant,ratio,0.03600000000000003,2,0,0,mixture/5.0/4/5/4
5.0,4,4,0,1000,200,5,constant,ratio-half,0.03600000000000003,2,0,0,mixture/5.0/4/5/4
5.0,4,5,0,400,200,5,constant,stated,0.6784994344878064,1,0,0,mixture/5.0/4/5/5
5.0,4,5,0,400,200,5,constant,geomean,0.06204836822995428,8,0,0,mixture/5.0/4/5/5
5.0,4,5,0,400,200,5,constant,ratio,0.04500000000000004,194,0,0,mixture/5.0/4/5/5
5.0,4,5,0,400,200,5,constant,ratio-half,0.05500000000000005,47,0,0,mixture/5.0/4/5/5
5.0,4,5,0,1000,200,5,constant,stated,0.5395907397331495,1,0,0,mixture/5.0/4/5/5
5.0,4,5,0,1000,200,5,constant,geomean,0.04171330722922842,4,1,1,mixture/5.0/4/5/5
5.0,4,5,0,1000,200,5,constant,ratio,0.03799999999999992,4,1,1,mixture/5.0/4/5/5
5.0,4,5,0,1000,200,5,constant,ratio-half,0.03799999999999992,4,1,1,mixture/5.0/4/5/5
5.0,4,6,0,400,200,5,constant,stated,0.6784994344878064,1,0,0,mixture/5.0/4/5/6
5.0,4,6,0,400,200,5,constant,geomean,0.059791303715506935,17,0,0,mixture/5.0/4/5/6
5.0,4,6,0,400,200,5,constant,ratio,0.04500000000000004,195,0,0,mixture/5.0/4/5/6
5.0,4,6,0,400,200,5,constant,ratio-half,0.05500000000000005,17,0,0,mixture/5.0/4/5/6
5.0,4,6,0,1000,200,5,constant,stated,0.5395907397331495,1,0,0,mixture/5.0/4/5/6
5.0,4,6,0,1000,200,5,constant,geomean,0.038729833462074204,4,1,1,mixture/5.0/4/5/6
5.0,4,6,0,1000,200,5,constant,ratio,0.03400000000000003,4,1,1,mixture/5.0/4/5/6
5.0,4,6,0,1000,200,5,constant,ratio-half,0.03400000000000003,4,1,1,mixture/5.0/4/5/6
5.0,4,7,0,400,200,5,constant,stated,0.6784994344878064,1,0,0,mixture/5.0/4/5/7
5.0,4,7,0,400,200,5,constant,geomean,0.06837397165588673,5,0,0,mixture/5.0/4/5/7
5.0,4,7,0,400,200,5,constant,ratio,0.07000000000000006,2,0,0,mixture/5.0/4/5/7
5.0,4,7,0,400,200,5,constant,ratio-half,0.07000000000000006,2,0,0,mixture/5.0/4/5/7
5.0,4,7,0,1000,200,5,constant,stated,0.5395907397331495,1,0,0,mixture/5.0/4/5/7
5.0,4,7,0,1000,200,5,constant,geomean,0.047328638264796934,4,1,1,mixture/5.0/4/5/7
5.0,4,7,0,1000,200,5,constant,ratio,0.04799999999999993,3,0,0,mixture/5.0/4/5/7
5.0,4,7,0,1000,200,5,constant,ratio-half,0.04799999999999993,3,0,0,mixture/5.0/4/5/7
5.0,4,8,0,400,200,5,constant,stated,0.6784994344878064,1,0,0,mixture/5.0/4/5/8
5.0,4,8,0,400,200,5,constant,geomean,0.059791303715506935,40,0,0,mixture/5.0/4/5/8
5.0,4,8,0,400,200,5,constant,ratio,0.04500000000000004,195,0,0,mixture/5.0/4/5/8
5.0,4,8,0,400,200,5,constant,ratio-half,0.05500000000000005,40,0,0,mixture/5.0/4/5/8
5.0,4,8,0,1000,200,5,constant,stated,0.5395907397331495,1,0,0,mixture/5.0/4/5/8
5.0,4,8,0,1000,200,5,constant,geomean,0.037148351242013454,4,1,1,mixture/5.0/4/5/8
5.0,4,8,0,1000,200,5,constant,ratio,0.03600000000000003,4,1,1,mixture/5.0/4/5/8
5.0,4,8,0,1000,200,5,constant,ratio-half,0.03600000000000003,4,1,1,mixture/5.0/4/5/8
5.0,4,9,0,400,200,5,constant,stated,0.6784994344878064,1,0,0,mixture/5.0/4/5/9
5.0,4,9,0,400,200,5,constant,geomean,0.0642261628933256,9,0,0,mixture/5.0/4/5/9
5.0,4,9,0,400,200,5,constant,ratio,0.06500000000000006,3,0,0,mixture/5.0/4/5/9
5.0,4,9,0,400,200,5,constant,ratio-half,0.06500000000000006,3,0,0,mixture/5.0/4/5/9
5.0,4,9,0,1000,200,5,constant,stated,0.5395907397331495,1,0,0,mixture/5.0/4/5/9
5.0,4,9,0,1000,200,5,constant,geomean,0.043127717305695645,3,0,0,mixture/5.0/4/5/9
5.0,4,9,0,1000,200,5,constant,ratio,0.040000000000000036,3,0,0,mixture/5.0/4/5/9
5.0,4,9,0,1000,200,5,constant,ratio-half,0.040000000000000036,3,0,0,mixture/5.0/4/5/9
5.0,4,10,0,400,200,5,constant,stated,0.6784994344878064,1,0,0,mixture/5.0/4/5/10
5.0,4,10,0,400,200,5,constant,geomean,0.062048368229954284,18,0,0,mixture/5.0/4/5/10
5.0,4,10,0,400,200,5,constant,ratio,0.04500000000000004,197,0,0,mixture/5.0/4/5/10
5.0,4,10,0,400,200,5,constant,ratio-half,0.05500000000000005,80,0,0,mixture/5.0/4/5/10
5.0,4,10,0,1000,200,5,constant,stated,0.5395907397331495,1,0,0,mixture/5.0/4/5/10
5.0,4,10,0,1000,200,5,constant,geomean,0.044542114902640095,4,1,1,mixture/5.0/4/5/10
5.0,4,10,0,1000,200,5,constant,ratio,0.03799999999999992,4,1,1,mixture/5.0/4/5/10
5.0,4,10,0,1000,200,5,constant,ratio-half,0.03799999999999992,4,1,1,mixture/5.0/4/5/10
5.0,4,11,0,400,200,5,constant,stated,0.6784994344878064,1,0,0,mixture/5.0/4/5/11
5.0,4,11,0,400,200,5,constant,geomean,0.0642261628933256,4,1,0,mixture/5.0/4/5/11
5.0,4,11,0,400,200,5,constant,ratio,0.06499999999999995,2,0,0,mixture/5.0/4/5/11
5.0,4,11,0,400,200,5,constant,ratio-half,0.06499999999999995,2,0,0,mixture/5.0/4/5/11
5.0,4,11,0,1000,200,5,constant,stated,0.5395907397331495,1,0,0,mixture/5.0/4/5/11
5.0,4,11,0,1000,200,5,constant,geomean,0.044497190922574016,2,0,0,mixture/5.0/4/5/11
5.0,4,11,0,1000,200,5,constant,ratio,0.04400000000000004,2,0,0,mixture/5.0/4/5/11
5.0,4,11,0,1000,200,5,constant,ratio-half,0.04400000000000004,2,0,0,mixture/5.0/4/5/11
5.0,4,12,0,400,200,5,constant,stated,0.6784994344878064,1,0,0,mixture/5.0/4/5/12
5.0,4,12,0,400,200,5,constant,geomean,0.059791303715506935,23,0,0,mixture/5.0/4/5/12
5.0,4,12,0,400,200,5,constant,ratio,0.04500000000000004,193,0,0,mixture/5.0/4/5/12
5.0,4,12,0,400,200,5,constant,ratio-half,0.05500000000000005,23,0,0,mixture/5.0/4/5/12
5.0,4,12,0,1000,200,5,constant,stated,0.5395907397331495,1,0,0,mixture/5.0/4/5/12
5.0,4,12,0,1000,200,5,constant,geomean,0.038729833462074204,3,0,0,mixture/5.0/4/5/12
5.0,4,12,0,1000,200,5,constant,ratio,0.03599999999999992,3,0,0,mixture/5.0/4/5/12
5.0,4,12,0,1000,200,5,constant,ratio-half,0.03599999999999992,3,0,0,mixture/5.0/4/5/12
5.0,4,13,0,400,200,5,constant,stated,0.6784994344878064,1,0,0,mixture/5.0/4/5/13
5.0,4,13,0,400,200,5,constant,geomean,0.0648074069840786,29,0,0,mixture/5.0/4/5/13
5.0,4,13,0,400,200,5,constant,ratio,0.050000000000000044,194,0,0,mixture/5.0/4/5/13
5.0,4,13,0,400,200,5,constant,ratio-half,0.06000000000000005,29,0,0,mixture/5.0/4/5/13
5.0,4,13,0,1000,200,5,constant,stated,0.5395907397331495,1,0,0,mixture/5.0/4/5/13
5.0,4,13,0,1000,200,5,constant,geomean,0.0366606055596467,11,0,0,mixture/5.0/4/5/13
5.0,4,13,0,1000,200,5,constant,ratio,0.028000000000000025,187,0,0,mixture/5.0/4/5/13
5.0,4,13,0,1000,200,5,constant,ratio-half,0.03200000000000003,69,0,0,mixture/5.0/4/5/13
5.0,4,14,0,400,200,5,constant,stated,0.6784994344878064,1,0,0,mixture/5.0/4/5/14
5.0,4,14,0,400,200,5,constant,geomean,0.06204836822995422,6,0,0,mixture/5.0/4/5/14
5.0,4,14,0,400,200,5,constant,ratio,0.04500000000000004,195,0,0,mixture/5.0/4/5/14
5.0,4,14,0,400,200,5,constant,ratio-half,0.05500000000000005,30,0,0,mixture/5.0/4/5/14
5.0,4,14,0,1000,200,5,constant,stated,0.5395907397331495,1,0,0,mixture/5.0/4/5/14
5.0,4,14,0,1000,200,5,constant,geomean,0.03949683531626303,3,0,0,mixture/5.0/4/5/14
5.0,4,14,0,1000,200,5,constant,ratio,0.040000000000000036,2,0,0,mixture/5.0/4/5/14
5.0,4,14,0,1000,200,5,constant,ratio-half,0.040000000000000036,2,0,0,mixture/5.0/4/5/14
5.0,4,15,0,400,200,5,constant,stated,0.6784994344878064,1,0,0,mixture/5.0/4/5/15
5.0,4,15,0,400,200,5,constant,geomean,0.059791303715506935,28,0,0,mixture/5.0/4/5/15
5.0,4,15,0,400,200,5,constant,ratio,0.04500000000000004,197,0,0,mixture/5.0/4/5/15
5.0,4,15,0,400,200,5,constant,ratio-half,0.05500000000000005,28,0,0,mixture/5.0/4/5/15
5.0,4,15,0,1000,200,5,constant,stated,0.5395907397331495,1,0,0,mixture/5.0/4/5/15
5.0,4,15,0,1000,200,5,constant,geomean,0.037947331922020516,4,1,0,mixture/5.0/4/5/15
5.0,4,15,0,1000,200,5,constant,ratio,0.04200000000000004,2,0,0,mixture/5.0/4/5/15
5.0,4,15,0,1000,200,5,constant,ratio-half,0.04200000000000004,2,0,0,mixture/5.0/4/5/15
5.0,4,16,0,400,200,5,constant,stated,0.6784994344878064,1,0,0,mixture/5.0/4/5/16
5.0,4,16,0,400,200,5,constant,geomean,0.06204836822995422,12,0,0,mixture/5.0/4/5/16
5.0,4,16,0,400,200,5,constant,ratio,0.04500000000000004,198,0,0,mixture/5.0/4/5/16
5.0,4,16,0,400,200,5,constant,ratio-half,0.05500000000000005,45,0,0,mixture/5.0/4/5/16
5.0,4,16,0,1000,200,5,constant,stated,0.5395907397331495,1,0,0,mixture/5.0/4/5/16
5.0,4,16,0,1000,200,5,constant,geomean,0.04242640687119289,4,1,1,mixture/5.0/4/5/16
5.0,4,16,0,1000,200,5,constant,ratio,0.03600000000000003,4,1,1,mixture/5.0/4/5/16
5.0,4,16,0,1000,200,5,constant,ratio-half,0.03600000000000003,4,1,1,mixture/5.0/4/5/16
5.0,4,17,0,400,200,5,constant,stated,0.6784994344878064,1,0,0,mixture/5.0/4/5/17
5.0,4,17,0,400,200,5,constant,geomean,0.059791303715506935,18,0,0,mixture/5.0/4/5/17
5.0,4,17,0,400,200,5,constant,ratio,0.040000000000000036,199,0,0,mixture/5.0/4/5/17
5.0,4,17,0,400,200,5,constant,ratio-half,0.05500000000000005,18,0,0,mixture/5.0/4/5/17
5.0,4,17,0,1000,200,5,constant,stated,0.5395907397331495,1,0,0,mixture/5.0/4/5/17
5.0,4,17,0,1000,200,5,constant,geomean,0.03633180424916986,4,1,1,mixture/5.0/4/5/17
5.0,4,17,0,1000,200,5,constant,ratio,0.03400000000000003,4,1,1,mixture/5.0/4/5/17
5.0,4,17,0,1000,200,5,constant,ratio-half,0.03400000000000003,4,1,1,mixture/5.0/4/5/17
5.0,4,18,0,400,200,5,constant,stated,0.6784994344878064,1,0,0,mixture/5.0/4/5/18
5.0,4,18,0,400,200,5,constant,geomean,0.059791303715506935,55,0,0,mixture/5.0/4/5/18
5.0,4,18,0,400,200,5,constant,ratio,0.04500000000000004,198,0,0,mixture/5.0/4/5/18
5.0,4,18,0,400,200,5,constant,ratio-half,0.05500000000000005,55,0,0,mixture/5.0/4/5/18
5.0,4,18,0,1000,200,5,constant,stated,0.5395907397331495,1,0,0,mixture/5.0/4/5/18
5.0,4,18,0,1000,200,5,constant,geomean,0.037148351242013405,4,1,1,mixture/5.0/4/5/18
5.0,4,18,0,1000,200,5,constant,ratio,0.039999999999999925,2,0,0,mixture/5.0/4/5/18
5.0,4,18,0,1000,200,5,constant,ratio-half,0.039999999999999925,2,0,0,mixture/5.0/4/5/18
5.0,4,19,0,400,200,5,constant,stated,0.6784994344878064,1,0,0,mixture/5.0/4/5/19
5.0,4,19,0,400,200,5,constant,geomean,0.059791303715506935,32,0,0,mixture/5.0/4/5/19
5.0,4,19,0,400,200,5,constant,ratio,0.04500000000000004,194,0,0,mixture/5.0/4/5/19
5.0,4,19,0,400,200,5,constant,ratio-half,0.05500000000000005,32,0,0,mixture/5.0/4/5/19
5.0,4,19,0,1000,200,5,constant,stated,0.5395907397331495,1,0,0,mixture/5.0/4/5/19
5.0,4,19,0,1000,200,5,constant,geomean,0.03949683531626303,4,1,1,mixture/5.0/4/5/19
5.0,4,19,0,1000,200,5,constant,ratio,0.04200000000000004,2,0,0,mixture/5.0/4/5/19
5.0,4,19,0,1000,200,5,constant,ratio-half,0.04200000000000004,2,0,0,mixture/5.0/4/5/19
5.0,5,0,0,400,200,5,constant,stated,0.6784994344878064,1,0,0,mixture/5.0/5/5/0
5.0,5,0,0,400,200,5,constant,geomean,0.059791303715506984,36,0,0,mixture/5.0/5/5/0
5.0,5,0,0,400,200,5,constant,ratio,0.04500000000000004,195,0,0,mixture/5.0/5/5/0
5.0,5,0,0,400,200,5,constant,ratio-half,0.05500000000000005,36,0,0,mixture/5.0/5/5/0
5.0,5,0,0,1000,200,5,constant,stated,0.5395907397331495,1,0,0,mixture/5.0/5/5/0
5.0,5,0,0,1000,200,5,constant,geomean,0.037947331922020544,6,0,0,mixture/5.0/5/5/0
5.0,5,0,0,1000,200,5,constant,ratio,0.039999999999999925,3,0,0,mixture/5.0/5/5/0
5.0,5,0,0,1000,200,5,constant,ratio-half,0.039999999999999925,3,0,0,mixture/5.0/5/5/0
5.0,5,1,0,400,200,5,constant,stated,0.6784994344878064,1,0,0,mixture/5.0/5/5/1
5.0,5,1,0,400,200,5,constant,geomean,0.059791303715506984,56,0,0,mixture/5.0/5/5/1
5.0,5,1,0,400,200,5,constant,ratio,0.04500000000000004,195,0,0,mixture/5.0/5/5/1
5.0,5,1,0,400,200,5,constant,ratio-half,0.05500000000000005,56,0,0,mixture/5.0/5/5/1
5.0,5,1,0,1000,200,5,constant,stated,0.5395907397331495,1,0,0,mixture/5.0/5/5/1
5.0,5,1,0,1000,200,5,constant,geomean,0.04233202097703337,4,0,0,mixture/5.0/5/5/1
5.0,5,1,0,1000,200,5,constant,ratio,0.040000000000000036,4,0,0,mixture/5.0/5/5/1
5.0,5,1,0,1000,200,5,constant,ratio-half,0.040000000000000036,4,0,0,mixture/5.0/5/5/1
5.0,5,2,0,400,200,5,constant,stated,0.6784994344878064,1,0,0,mixture/5.0/5/5/2
5.0,5,2,0,400,200,5,constant,geomean,0.062048368229954284,7,0,0,mixture/5.0/5/5/2
5.0,5,2,0,400,200,5,constant,ratio,0.04500000000000004,197,0,0,mixture/5.0/5/5/2
5.0,5,2,0,400,200,5,constant,ratio-half,0.05500000000000005,67,0,0,mixture/5.0/5/5/2
5.0,5,2,0,1000,200,5,constant,stated,0.5395907397331495,1,0,0,mixture/5.0/5/5/2
5.0,5,2,0,1000,200,5,constant,geomean,0.037523326078587355,6,0,0,mixture/5.0/5/5/2
5.0,5,2,0,1000,200,5,constant,ratio,0.02400000000000002,199,0,0,mixture/5.0/5/5/2
5.0,5,2,0,1000,200,5,constant,ratio-half,0.03200000000000003,35,0,0,mixture/5.0/5/5/2
5.0,5,3,0,400,200,5,constant,stated,0.6784994344878064,1,0,0,mixture/5.0/5/5/3
5.0,5,3,0,400,200,5,constant,geomean,0.059791303715506984,35,0,0,mixture/5.0/5/5/3
5.0,5,3,0,400,200,5,constant,ratio,0.04500000000000004,196,0,0,mixture/5.0/5/5/3
5.0,5,3,0,400,200,5,constant,ratio-half,0.05500000000000005,35,0,0,mixture/5.0/5/5/3
5.0,5,3,0,1000,200,5,constant,stated,0.5395907397331495,1,0,0,mixture/5.0/5/5/3
5.0,5,3,0,1000,200,5,constant,geomean,0.04242640687119289,2,0,0,mixture/5.0/5/5/3
5.0,5,3,0,1000,200,5,constant,ratio,0.040000000000000036,2,0,0,mixture/5.0/5/5/3
5.0,5,3,0,1000,200,5,constant,ratio-half,0.040000000000000036,2,0,0,mixture/5.0/5/5/3
5.0,5,4,0,400,200,5,constant,stated,0.6784994344878064,1,0,0,mixture/5.0/5/5/4
5.0,5,4,0,400,200,5,constant,geomean,0.06633249580710805,5,1,0,mixture/5.0/5/5/4
5.0,5,4,0,400,200,5,constant,ratio,0.04500000000000004,198,0,0,mixture/5.0/5/5/4
5.0,5,4,0,400,200,5,constant,ratio-half,0.05500000000000005,82,0,0,mixture/5.0/5/5/4
5.0,5,4,0,1000,200,5,constant,stated,0.5395907397331495,1,0,0,mixture/5.0/5/5/4
5.0,5,4,0,1000,200,5,constant,geomean,0.046647615158762326,5,1,1,mixture/5.0/5/5/4
5.0,5,4,0,1000,200,5,constant,ratio,0.051999999999999935,2,0,0,mixture/5.0/5/5/4
5.0,5,4,0,1000,200,5,constant,ratio-half,0.051999999999999935,2,0,0,mixture/5.0/5/5/4
5.0,5,5,0,400,200,5,constant,stated,0.6784994344878064,1,0,0,mixture/5.0/5/5/5
5.0,5,5,0,400,200,5,constant,geomean,0.059791303715506935,21,0,0,mixture/5.0/5/5/5
5.0,5,5,0,400,200,5,constant,ratio,0.04500000000000004,193,0,0,mixture/5.0/5/5/5
5.0,5,5,0,400,200,5,constant,ratio-half,0.05500000000000005,21,0,0,mixture/5.0/5/5/5
5.0,5,5,0,1000,200,5,constant,stated,0.5395907397331495,1,0,0,mixture/5.0/5/5/5
5.0,5,5,0,1000,200,5,constant,geomean,0.032863353450309885,13,0,0,mixture/5.0/5/5/5
5.0,5,5,0,1000,200,5,constant,ratio,0.026000000000000023,189,0,0,mixture/5.0/5/5/5
5.0,5,5,0,1000,200,5,constant,ratio-half,0.030000000000000027,40,0,0,mixture/5.0/5/5/5
5.0,5,6,0,400,200,5,constant,stated,0.6784994344878064,1,0,0,mixture/5.0/5/5/6
5.0,5,6,0,400,200,5,constant,geomean,0.06204836822995422,6,0,0,mixture/5.0/5/5/6
5.0,5,6,0,400,200,5,constant,ratio,0.04500000000000004,195,0,0,mixture/5.0/5/5/6
5.0,5,6,0,400,200,5,constant,ratio-half,0.05500000000000005,38,0,0,mixture/5.0/5/5/6
5.0,5,6,0,1000,200,5,constant,stated,0.5395907397331495,1,0,0,mixture/5.0/5/5/6
5.0,5,6,0,1000,200,5,constant,geomean,0.040249223594996206,3,0,0,mixture/5.0/5/5/6
5.0,5,6,0,1000,200,5,constant,ratio,0.040000000000000036,3,0,0,mixture/5.0/5/5/6
5.0,5,6,0,1000,200,5,constant,ratio-half,0.040000000000000036,3,0,0,mixture/5.0/5/5/6
5.0,5,7,0,400,200,5,constant,stated,0.6784994344878064,1,0,0,mixture/5.0/5/5/7
5.0,5,7,0,400,200,5,constant,geomean,0.059791303715506984,65,0,0,mixture/5.0/5/5/7
5.0,5,7,0,400,200,5,constant,ratio,0.04500000000000004,196,0,0,mixture/5.0/5/5/7
5.0,5,7,0,400,200,5,constant,ratio-half,0.05500000000000005,65,0,0,mixture/5.0/5/5/7
5.0,5,7,0,1000,200,5,constant,stated,0.5395907397331495,1,0,0,mixture/5.0/5/5/7
5.0,5,7,0,1000,200,5,constant,geomean,0.03666060555964669,7,0,0,mixture/5.0/5/5/7
5.0,5,7,0,1000,200,5,constant,ratio,0.038000000000000034,2,0,0,mixture/5.0/5/5/7
5.0,5,7,0,1000,200,5,constant,ratio-half,0.038000000000000034,2,0,0,mixture/5.0/5/5/7
5.0,5,8,0,400,200,5,constant,stated,0.6784994344878064,1,0,0,mixture/5.0/5/5/8
5.0,5,8,0,400,200,5,constant,geomean,0.06204836822995422,10,0,0,mixture/5.0/5/5/8
5.0,5,8,0,400,200,5,constant,ratio,0.04500000000000004,194,0,0,mixture/5.0/5/5/8
5.0,5,8,0,400,200,5,constant,ratio-half,0.05500000000000005,56,0,0,mixture/5.0/5/5/8
5.0,5,8,0,1000,200,5,constant,stated,0.5395907397331495,1,0,0,mixture/5.0/5/5/8
5.0,5,8,0,1000,200,5,constant,geomean,0.040249223594996254,4,0,0,mixture/5.0/5/5/8
5.0,5,8,0,1000,200,5,constant,ratio,0.041999999999999926,3,0,0,mixture/5.0/5/5/8
5.0,5,8,0,1000,200,5,constant,ratio-half,0.041999999999999926,3,0,0,mixture/5.0/5/5/8
5.0,5,9,0,400,200,5,constant,stated,0.6784994344878064,1,0,0,mixture/5.0/5/5/9
5.0,5,9,0,400,200,5,constant,geomean,0.059791303715506984,43,0,0,mixture/5.0/5/5/9
5.0,5,9,0,400,200,5,constant,ratio,0.04500000000000004,198,0,0,mixture/5.0/5/5/9
5.0,5,9,0,400,200,5,constant,ratio-half,0.05500000000000005,43,0,0,mixture/5.0/5/5/9
5.0,5,9,0,1000,200,5,constant,stated,0.5395907397331495,1,0,0,mixture/5.0/5/5/9
5.0,5,9,0,1000,200,5,constant,geomean,0.037947331922020544,4,0,0,mixture/5.0/5/5/9
5.0,5,9,0,1000,200,5,constant,ratio,0.038000000000000034,3,0,0,mixture/5.0/5/5/9
5.0,5,9,0,1000,200,5,constant,ratio-half,0.038000000000000034,3,0,0,mixture/5.0/5/5/9
5.0,5,10,0,400,200,5,constant,stated,0.6784994344878064,1,0,0,mixture/5.0/5/5/10
5.0,5,10,0,400,200,5,constant,geomean,0.06204836822995433,23,0,0,mixture/5.0/5/5/10
5.0,5,10,0,400,200,5,constant,ratio,0.050000000000000044,166,0,0,mixture/5.0/5/5/10
5.0,5,10,0,400,200,5,constant,ratio-half,0.05500000000000005,97,0,0,mixture/5.0/5/5/10
5.0,5,10,0,1000,200,5,constant,stated,0.5395907397331495,1,0,0,mixture/5.0/5/5/10
5.0,5,10,0,1000,200,5,constant,geomean,0.0407921561087422,4,0,0,mixture/5.0/5/5/10
5.0,5,10,0,1000,200,5,constant,ratio,0.04400000000000004,2,0,0,mixture/5.0/5/5/10
5.0,5,10,0,1000,200,5,constant,ratio-half,0.04400000000000004,2,0,0,mixture/5.0/5/5/10
5.0,5,11,0,400,200,5,constant,stated,0.6784994344878064,1,0,0,mixture/5.0/5/5/11
5.0,5,11,0,400,200,5,constant,geomean,0.062048368229954284,16,0,0,mixture/5.0/5/5/11
5.0,5,11,0,400,200,5,constant,ratio,0.04500000000000004,199,0,0,mixture/5.0/5/5/11
5.0,5,11,0,400,200,5,constant,ratio-half,0.05500000000000005,70,0,0,mixture/5.0/5/5/11
5.0,5,11,0,1000,200,5,constant,stated,0.5395907397331495,1,0,0,mixture/5.0/5/5/11
5.0,5,11,0,1000,200,5,constant,geomean,0.040792156108742275,5,1,1,mixture/5.0/5/5/11
5.0,5,11,0,1000,200,5,constant,ratio,0.04400000000000004,3,0,0,mixture/5.0/5/5/11
5.0,5,11,0,1000,200,5,constant,ratio-half,0.04400000000000004,3,0,0,mixture/5.0/5/5/11
5.0,5,12,0,400,200,5,constant,stated,0.6784994344878064,1,0,0,mixture/5.0/5/5/12
5.0,5,12,0,400,200,5,constant,geomean,0.0642261628933256,5,1,0,mixture/5.0/5/5/12
5.0,5,12,0,400,200,5,constant,ratio,0.06500000000000006,2,0,0,mixture/5.0/5/5/12
5.0,5,12,0,400,200,5,constant,ratio-half,0.06500000000000006,2,0,0,mixture/5.0/5/5/12
5.0,5,12,0,1000,200,5,constant,stated,0.5395907397331495,1,0,0,mixture/5.0/5/5/12
5.0,5,12,0,1000,200,5,constant,geomean,0.043127717305695645,2,0,0,mixture/5.0/5/5/12
5.0,5,12,0,1000,200,5,constant,ratio,0.039999999999999925,2,0,0,mixture/5.0/5/5/12
5.0,5,12,0,1000,200,5,constant,ratio-half,0.039999999999999925,2,0,0,mixture/5.0/5/5/12
5.0,5,13,0,400,200,5,constant,stated,0.6784994344878064,1,0,0,mixture/5.0/5/5/13
5.0,5,13,0,400,200,5,constant,geomean,0.06204836822995422,7,0,0,mixture/5.0/5/5/13
5.0,5,13,0,400,200,5,constant,ratio,0.04500000000000004,199,0,0,mixture/5.0/5/5/13
5.0,5,13,0,400,200,5,constant,ratio-half,0.05500000000000005,51,0,0,mixture/5.0/5/5/13
5.0,5,13,0,1000,200,5,constant,stated,0.5395907397331495,1,0,0,mixture/5.0/5/5/13
5.0,5,13,0,1000,200,5,constant,geomean,0.037148351242013405,5,1,0,mixture/5.0/5/5/13
5.0,5,13,0,1000,200,5,constant,ratio,0.041999999999999926,2,0,0,mixture/5.0/5/5/13
5.0,5,13,0,1000,200,5,constant,ratio-half,0.041999999999999926,2,0,0,mixture/5.0/5/5/13
5.0,5,14,0,400,200,5,constant,stated,0.6784994344878064,1,0,0,mixture/5.0/5/5/14
5.0,5,14,0,400,200,5,constant,geomean,0.059791303715506984,52,0,0,mixture/5.0/5/5/14
5.0,5,14,0,400,200,5,constant,ratio,0.04500000000000004,199,0,0,mixture/5.0/5/5/14
5.0,5,14,0,400,200,5,constant,ratio-half,0.05500000000000005,52,0,0,mixture/5.0/5/5/14
5.0,5,14,0,1000,200,5,constant,stated,0.5395907397331495,1,0,0,mixture/5.0/5/5/14
5.0,5,14,0,1000,200,5,constant,geomean,0.03666060555964669,4,0,0,mixture/5.0/5/5/14
5.0,5,14,0,1000,200,5,constant,ratio,0.026000000000000023,196,0,0,mixture/5.0/5/5/14
5.0,5,14,0,1000,200,5,constant,ratio-half,0.03200000000000003,23,0,0,mixture/5.0/5/5/14
5.0,5,15,0,400,200,5,constant,stated,0.6784994344878064,1,0,0,mixture/5.0/5/5/15
5.0,5,15,0,400,200,5,constant,geomean,0.059791303715506984,50,0,0,mixture/5.0/5/5/15
5.0,5,15,0,400,200,5,constant,ratio,0.04500000000000004,196,0,0,mixture/5.0/5/5/15
5.0,5,15,0,400,200,5,constant,ratio-half,0.05500000000000005,50,0,0,mixture/5.0/5/5/15
5.0,5,15,0,1000,200,5,constant,stated,0.5395907397331495,1,0,0,mixture/5.0/5/5/15
5.0,5,15,0,1000,200,5,constant,geomean,0.03633180424916989,6,0,0,mixture/5.0/5/5/15
5.0,5,15,0,1000,200,5,constant,ratio,0.039999999999999925,2,0,0,mixture/5.0/5/5/15
5.0,5,15,0,1000,200,5,constant,ratio-half,0.039999999999999925,2,0,0,mixture/5.0/5/5/15
5.0,5,16,0,400,200,5,constant,stated,0.6784994344878064,1,0,0,mixture/5.0/5/5/16
5.0,5,16,0,400,200,5,constant,geomean,0.0670820393249937,7,0,0,mixture/5.0/5/5/16
5.0,5,16,0,400,200,5,constant,ratio,0.04500000000000004,198,0,0,mixture/5.0/5/5/16
5.0,5,16,0,400,200,5,constant,ratio-half,0.06000000000000005,33,0,0,mixture/5.0/5/5/16
5.0,5,16,0,1000,200,5,constant,stated,0.5395907397331495,1,0,0,mixture/5.0/5/5/16
5.0,5,16,0,1000,200,5,constant,geomean,0.04800000000000001,5,1,1,mixture/5.0/5/5/16
5.0,5,16,0,1000,200,5,constant,ratio,0.040000000000000036,5,1,1,mixture/5.0/5/5/16
5.0,5,16,0,1000,200,5,constant,ratio-half,0.040000000000000036,5,1,1,mixture/5.0/5/5/16
5.0,5,17,0,400,200,5,constant,stated,0.6784994344878064,1,0,0,mixture/5.0/5/5/17
5.0,5,17,0,400,200,5,constant,geomean,0.06204836822995422,8,0,0,mixture/5.0/5/5/17
5.0,5,17,0,400,200,5,constant,ratio,0.04500000000000004,197,0,0,mixture/5.0/5/5/17
5.0,5,17,0,400,200,5,constant,ratio-half,0.05500000000000005,47,0,0,mixture/5.0/5/5/17
5.0,5,17,0,1000,200,5,constant,stated,0.5395907397331495,1,0,0,mixture/5.0/5/5/17
5.0,5,17,0,1000,200,5,constant,geomean,0.037148351242013405,6,0,0,mixture/5.0/5/5/17
5.0,5,17,0,1000,200,5,constant,ratio,0.040000000000000036,3,0,0,mixture/5.0/5/5/17
5.0,5,17,0,1000,200,5,constant,ratio-half,0.040000000000000036,3,0,0,mixture/5.0/5/5/17
5.0,5,18,0,400,200,5,constant,stated,0.6784994344878064,1,0,0,mixture/5.0/5/5/18
5.0,5,18,0,400,200,5,constant,geomean,0.06204836822995422,5,1,0,mixture/5.0/5/5/18
5.0,5,18,0,400,200,5,constant,ratio,0.04500000000000004,195,0,0,mixture/5.0/5/5/18
5.0,5,18,0,400,200,5,constant,ratio-half,0.05500000000000005,34,0,0,mixture/5.0/5/5/18
5.0,5,18,0,1000,200,5,constant,stated,0.5395907397331495,1,0,0,mixture/5.0/5/5/18
5.0,5,18,0,1000,200,5,constant,geomean,0.03949683531626299,3,0,0,mixture/5.0/5/5/18
5.0,5,18,0,1000,200,5,constant,ratio,0.040000000000000036,2,0,0,mixture/5.0/5/5/18
5.0,5,18,0,1000,200,5,constant,ratio-half,0.040000000000000036,2,0,0,mixture/5.0/5/5/18
5.0,5,19,0,400,200,5,constant,stated,0.6784994344878064,1,0,0,mixture/5.0/5/5/19
5.0,5,19,0,400,200,5,constant,geomean,0.059791303715506935,36,0,0,mixture/5.0/5/5/19
5.0,5,19,0,400,200,5,constant,ratio,0.050000000000000044,148,0,0,mixture/5.0/5/5/19
5.0,5,19,0,400,200,5,constant,ratio-half,0.05500000000000005,36,0,0,mixture/5.0/5/5/19
5.0,5,19,0,1000,200,5,constant,stated,0.5395907397331495,1,0,0,mixture/5.0/5/5/19
5.0,5,19,0,1000,200,5,constant,geomean,0.037947331922020586,5,1,0,mixture/5.0/5/5/19
5.0,5,19,0,1000,200,5,constant,ratio,0.039999999999999925,3,0,0,mixture/5.0/5/5/19
5.0,5,19,0,1000,200,5,constant,ratio-half,0.039999999999999925,3,0,0,mixture/5.0/5/5/19
5.0,6,0,0,400,200,5,constant,stated,0.6784994344878064,1,0,0,mixture/5.0/6/5/0
5.0,6,0,0,400,200,5,constant,geomean,0.06204836822995428,16,0,0,mixture/5.0/6/5/0
5.0,6,0,0,400,200,5,constant,ratio,0.040000000000000036,199,0,0,mixture/5.0/6/5/0
5.0,6,0,0,400,200,5,constant,ratio-half,0.05500000000000005,61,0,0,mixture/5.0/6/5/0
5.0,6,0,0,1000,200,5,constant,stated,0.5395907397331495,1,0,0,mixture/5.0/6/5/0
5.0,6,0,0,1000,200,5,constant,geomean,0.037148351242013405,9,0,0,mixture/5.0/6/5/0
5.0,6,0,0,1000,200,5,constant,ratio,0.04200000000000004,2,0,0,mixture/5.0/6/5/0
5.0,6,0,0,1000,200,5,constant,ratio-half,0.04200000000000004,2,0,0,mixture/5.0/6/5/0
5.0,6,1,0,400,200,5,constant,stated,0.6784994344878064,1,0,0,mixture/5.0/6/5/1
5.0,6,1,0,400,200,5,constant,geomean,0.059791303715506984,55,0,0,mixture/5.0/6/5/1
5.0,6,1,0,400,200,5,constant,ratio,0.04500000000000004,197,0,0,mixture/5.0/6/5/1
5.0,6,1,0,400,200,5,constant,ratio-half,0.05500000000000005,55,0,0,mixture/5.0/6/5/1
5.0,6,1,0,1000,200,5,constant,stated,0.5395907397331495,1,0,0,mixture/5.0/6/5/1
5.0,6,1,0,1000,200,5,constant,geomean,0.03633180424916989,7,0,0,mixture/5.0/6/5/1
5.0,6,1,0,1000,200,5,constant,ratio,0.026000000000000023,195,0,0,mixture/5.0/6/5/1
5.0,6,1,0,1000,200,5,constant,ratio-half,0.030000000000000027,80,0,0,mixture/5.0/6/5/1
5.0,6,2,0,400,200,5,constant,stated,0.6784994344878064,1,0,0,mixture/5.0/6/5/2
5.0,6,2,0,400,200,5,constant,geomean,0.059791303715506984,38,0,0,mixture/5.0/6/5/2
5.0,6,2,0,400,200,5,constant,ratio,0.04500000000000004,198,0,0,mixture/5.0/6/5/2
5.0,6,2,0,400,200,5,constant,ratio-half,0.05500000000000005,38,0,0,mixture/5.0/6/5/2
5.0,6,2,0,1000,200,5,constant,stated,0.5395907397331495,1,0,0,mixture/5.0/6/5/2
5.0,6,2,0,1000,200,5,constant,geomean,0.037947331922020544,6,1,1,mixture/5.0/6/5/2
5.0,6,2,0,1000,200,5,constant,ratio,0.03599999999999992,6,1,1,mixture/5.0/6/5/2
5.0,6,2,0,1000,200,5,constant,ratio-half,0.03599999999999992,6,1,1,mixture/5.0/6/5/2
5.0,6,3,0,400,200,5,constant,stated,0.6784994344878064,1,0,0,mixture/5.0/6/5/3
5.0,6,3,0,400,200,5,constant,geomean,0.059791303715506935,52,0,0,mixture/5.0/6/5/3
5.0,6,3,0,400,200,5,constant,ratio,0.04500000000000004,195,0,0,mixture/5.0/6/5/3
5.0,6,3,0,400,200,5,constant,ratio-half,0.05500000000000005,52,0,0,mixture/5.0/6/5/3
5.0,6,3,0,1000,200,5,constant,stated,0.5395907397331495,1,0,0,mixture/5.0/6/5/3
5.0,6,3,0,1000,200,5,constant,geomean,0.03919183588453077,5,0,0,mixture/5.0/6/5/3
5.0,6,3,0,1000,200,5,constant,ratio,0.038000000000000034,5,0,0,mixture/5.0/6/5/3
5.0,6,3,0,1000,200,5,constant,ratio-half,0.038000000000000034,5,0,0,mixture/5.0/6/5/3
5.0,6,4,0,400,200,5,constant,stated,0.6784994344878064,1,0,0,mixture/5.0/6/5/4
5.0,6,4,0,400,200,5,constant,geomean,0.059791303715506984,35,0,0,mixture/5.0/6/5/4
5.0,6,4,0,400,200,5,constant,ratio,0.04500000000000004,198,0,0,mixture/5.0/6/5/4
5.0,6,4,0,400,200,5,constant,ratio-half,0.05500000000000005,35,0,0,mixture/5.0/6/5/4
5.0,6,4,0,1000,200,5,constant,stated,0.5395907397331495,1,0,0,mixture/5.0/6/5/4
5.0,6,4,0,1000,200,5,constant,geomean,0.03949683531626299,2,0,0,mixture/5.0/6/5/4
5.0,6,4,0,1000,200,5,constant,ratio,0.038000000000000034,2,0,0,mixture/5.0/6/5/4
5.0,6,4,0,1000,200,5,constant,ratio-half,0.038000000000000034,2,0,0,mixture/5.0/6/5/4
5.0,6,5,0,400,200,5,constant,stated,0.6784994344878064,1,0,0,mixture/5.0/6/5/5
5.0,6,5,0,400,200,5,constant,geomean,0.059791303715506984,46,0,0,mixture/5.0/6/5/5
5.0,6,5,0,400,200,5,constant,ratio,0.040000000000000036,199,0,0,mixture/5.0/6/5/5
5.0,6,5,0,400,200,5,constant,ratio-half,0.05500000000000005,46,0,0,mixture/5.0/6/5/5
5.0,6,5,0,1000,200,5,constant,stated,0.5395907397331495,1,0,0,mixture/5.0/6/5/5
5.0,6,5,0,1000,200,5,constant,geomean,0.035777087639996555,16,0,0,mixture/5.0/6/5/5
5.0,6,5,0,1000,200,5,constant,ratio,0.026000000000000023,197,0,0,mixture/5.0/6/5/5
5.0,6,5,0,1000,200,5,constant,ratio-half,0.03200000000000003,55,0,0,mixture/5.0/6/5/5
5.0,6,6,0,400,200,5,constant,stated,0.6784994344878064,1,0,0,mixture/5.0/6/5/6
5.0,6,6,0,400,200,5,constant,geomean,0.06422616289332565,14,0,0,mixture/5.0/6/5/6
5.0,6,6,0,400,200,5,constant,ratio,0.04500000000000004,199,0,0,mixture/5.0/6/5/6
5.0,6,6,0,400,200,5,constant,ratio-half,0.05500000000000005,65,0,0,mixture/5.0/6/5/6
5.0,6,6,0,1000,200,5,constant,stated,0.5395907397331495,1,0,0,mixture/5.0/6/5/6
5.0,6,6,0,1000,200,5,constant,geomean,0.037523326078587355,8,0,0,mixture/5.0/6/5/6
5.0,6,6,0,1000,200,5,constant,ratio,0.040000000000000036,2,0,0,mixture/5.0/6/5/6
5.0,6,6,0,1000,200,5,constant,ratio-half,0.040000000000000036,2,0,0,mixture/5.0/6/5/6
5.0,6,7,0,400,200,5,constant,stated,0.6784994344878064,1,0,0,mixture/5.0/6/5/7
5.0,6,7,0,400,200,5,constant,geomean,0.06204836822995422,6,1,0,mixture/5.0/6/5/7
5.0,6,7,0,400,200,5,constant,ratio,0.040000000000000036,199,0,0,mixture/5.0/6/5/7
5.0,6,7,0,400,200,5,constant,ratio-half,0.05500000000000005,46,0,0,mixture/5.0/6/5/7
5.0,6,7,0,1000,200,5,constant,stated,0.5395907397331495,1,0,0,mixture/5.0/6/5/7
5.0,6,7,0,1000,200,5,constant,geomean,0.04156921938165302,3,0,0,mixture/5.0/6/5/7
5.0,6,7,0,1000,200,5,constant,ratio,0.040000000000000036,3,0,0,mixture/5.0/6/5/7
5.0,6,7,0,1000,200,5,constant,ratio-half,0.040000000000000036,3,0,0,mixture/5.0/6/5/7
5.0,6,8,0,400,200,5,constant,stated,0.6784994344878064,1,0,0,mixture/5.0/6/5/8
5.0,6,8,0,400,200,5,constant,geomean,0.0642261628933257,21,0,0,mixture/5.0/6/5/8
5.0,6,8,0,400,200,5,constant,ratio,0.04500000000000004,193,0,0,mixture/5.0/6/5/8
5.0,6,8,0,400,200,5,constant,ratio-half,0.05500000000000005,70,0,0,mixture/5.0/6/5/8
5.0,6,8,0,1000,200,5,constant,stated,0.5395907397331495,1,0,0,mixture/5.0/6/5/8
5.0,6,8,0,1000,200,5,constant,geomean,0.04079215610874224,6,1,0,mixture/5.0/6/5/8
5.0,6,8,0,1000,200,5,constant,ratio,0.041999999999999926,4,0,0,mixture/5.0/6/5/8
5.0,6,8,0,1000,200,5,constant,ratio-half,0.041999999999999926,4,0,0,mixture/5.0/6/5/8
5.0,6,9,0,400,200,5,constant,stated,0.6784994344878064,1,0,0,mixture/5.0/6/5/9
5.0,6,9,0,400,200,5,constant,geomean,0.06422616289332564,5,0,0,mixture/5.0/6/5/9
5.0,6,9,0,400,200,5,constant,ratio,0.06500000000000006,2,0,0,mixture/5.0/6/5/9
5.0,6,9,0,400,200,5,constant,ratio-half,0.06500000000000006,2,0,0,mixture/5.0/6/5/9
5.0,6,9,0,1000,200,5,constant,stated,0.5395907397331495,1,0,0,mixture/5.0/6/5/9
5.0,6,9,0,1000,200,5,constant,geomean,0.04156921938165302,2,0,0,mixture/5.0/6/5/9
5.0,6,9,0,1000,200,5,constant,ratio,0.040000000000000036,2,0,0,mixture/5.0/6/5/9
5.0,6,9,0,1000,200,5,constant,ratio-half,0.040000000000000036,2,0,0,mixture/5.0/6/5/9
5.0,6,10,0,400,200,5,constant,stated,0.6784994344878064,1,0,0,mixture/5.0/6/5/10
5.0,6,10,0,400,200,5,constant,geomean,0.059791303715507046,86,0,0,mixture/5.0/6/5/10
5.0,6,10,0,400,200,5,constant,ratio,0.04500000000000004,199,0,0,mixture/5.0/6/5/10
5.0,6,10,0,400,200,5,constant,ratio-half,0.05500000000000005,86,0,0,mixture/5.0/6/5/10
5.0,6,10,0,1000,200,5,constant,stated,0.5395907397331495,1,0,0,mixture/5.0/6/5/10
5.0,6,10,0,1000,200,5,constant,geomean,0.04233202097703341,4,0,0,mixture/5.0/6/5/10
5.0,6,10,0,1000,200,5,constant,ratio,0.04800000000000004,2,0,0,mixture/5.0/6/5/10
5.0,6,10,0,1000,200,5,constant,ratio-half,0.04800000000000004,2,0,0,mixture/5.0/6/5/10
5.0,6,11,0,400,200,5,constant,stated,0.6784994344878064,1,0,0,mixture/5.0/6/5/11
5.0,6,11,0,400,200,5,constant,geomean,0.06633249580710794,4,0,0,mixture/5.0/6/5/11
5.0,6,11,0,400,200,5,constant,ratio,0.04500000000000004,198,0,0,mixture/5.0/6/5/11
5.0,6,11,0,400,200,5,constant,ratio-half,0.05500000000000005,46,0,0,mixture/5.0/6/5/11
5.0,6,11,0,1000,200,5,constant,stated,0.5395907397331495,1,0,0,mixture/5.0/6/5/11
5.0,6,11,0,1000,200,5,constant,geomean,0.046647615158762326,3,0,0,mixture/5.0/6/5/11
5.0,6,11,0,1000,200,5,constant,ratio,0.04999999999999993,2,0,0,mixture/5.0/6/5/11
5.0,6,11,0,1000,200,5,constant,ratio-half,0.04999999999999993,2,0,0,mixture/5.0/6/5/11
5.0,6,12,0,400,200,5,constant,stated,0.6784994344878064,1,0,0,mixture/5.0/6/5/12
5.0,6,12,0,400,200,5,constant,geomean,0.062048368229954284,19,0,0,mixture/5.0/6/5/12
5.0,6,12,0,400,200,5,constant,ratio,0.04500000000000004,198,0,0,mixture/5.0/6/5/12
5.0,6,12,0,400,200,5,constant,ratio-half,0.05500000000000005,72,0,0,mixture/5.0/6/5/12
5.0,6,12,0,1000,200,5,constant,stated,0.5395907397331495,1,0,0,mixture/5.0/6/5/12
5.0,6,12,0,1000,200,5,constant,geomean,0.03872983346207416,8,0,0,mixture/5.0/6/5/12
5.0,6,12,0,1000,200,5,constant,ratio,0.04200000000000004,5,0,0,mixture/5.0/6/5/12
5.0,6,12,0,1000,200,5,constant,ratio-half,0.04200000000000004,5,0,0,mixture/5.0/6/5/12
5.0,6,13,0,400,200,5,constant,stated,0.6784994344878064,1,0,0,mixture/5.0/6/5/13
5.0,6,13,0,400,200,5,constant,geomean,0.059791303715506935,28,0,0,mixture/5.0/6/5/13
5.0,6,13,0,400,200,5,constant,ratio,0.040000000000000036,199,0,0,mixture/5.0/6/5/13
5.0,6,13,0,400,200,5,constant,ratio-half,0.05500000000000005,28,0,0,mixture/5.0/6/5/13
5.0,6,13,0,1000,200,5,constant,stated,0.5395907397331495,1,0,0,mixture/5.0/6/5/13
5.0,6,13,0,1000,200,5,constant,geomean,0.034641016151377574,4,0,0,mixture/5.0/6/5/13
5.0,6,13,0,1000,200,5,constant,ratio,0.03599999999999992,2,0,0,mixture/5.0/6/5/13
5.0,6,13,0,1000,200,5,constant,ratio-half,0.03599999999999992,2,0,0,mixture/5.0/6/5/13
5.0,6,14,0,400,200,5,constant,stated,0.6784994344878064,1,0,0,mixture/5.0/6/5/14
5.0,6,14,0,400,200,5,constant,geomean,0.059791303715506935,37,0,0,mixture/5.0/6/5/14
5.0,6,14,0,400,200,5,constant,ratio,0.050000000000000044,161,0,0,mixture/5.0/6/5/14
5.0,6,14,0,400,200,5,constant,ratio-half,0.05500000000000005,37,0,0,mixture/5.0/6/5/14
5.0,6,14,0,1000,200,5,constant,stated,0.5395907397331495,1,0,0,mixture/5.0/6/5/14
5.0,6,14,0,1000,200,5,constant,geomean,0.03633180424916989,4,0,0,mixture/5.0/6/5/14
5.0,6,14,0,1000,200,5,constant,ratio,0.03600000000000003,4,0,0,mixture/5.0/6/5/14
5.0,6,14,0,1000,200,5,constant,ratio-half,0.03600000000000003,4,0,0,mixture/5.0/6/5/14
5.0,6,15,0,400,200,5,constant,stated,0.6784994344878064,1,0,0,mixture/5.0/6/5/15
5.0,6,15,0,400,200,5,constant,geomean,0.06633249580710801,3,0,0,mixture/5.0/6/5/15
5.0,6,15,0,400,200,5,constant,ratio,0.06500000000000006,3,0,0,mixture/5.0/6/5/15
5.0,6,15,0,400,200,5,constant,ratio-half,0.06500000000000006,3,0,0,mixture/5.0/6/5/15
5.0,6,15,0,1000,200,5,constant,stated,0.5395907397331495,1,0,0,mixture/5.0/6/5/15
5.0,6,15,0,1000,200,5,constant,geomean,0.04156921938165298,4,0,0,mixture/5.0/6/5/15
5.0,6,15,0,1000,200,5,constant,ratio,0.04200000000000004,2,0,0,mixture/5.0/6/5/15
5.0,6,15,0,1000,200,5,constant,ratio-half,0.04200000000000004,2,0,0,mixture/5.0/6/5/15
5.0,6,16,0,400,200,5,constant,stated,0.6784994344878064,1,0,0,mixture/5.0/6/5/16
5.0,6,16,0,400,200,5,constant,geomean,0.06204836822995422,7,0,0,mixture/5.0/6/5/16
5.0,6,16,0,400,200,5,constant,ratio,0.040000000000000036,198,0,0,mixture/5.0/6/5/16
5.0,6,16,0,400,200,5,constant,ratio-half,0.05500000000000005,26,0,0,mixture/5.0/6/5/16
5.0,6,16,0,1000,200,5,constant,stated,0.5395907397331495,1,0,0,mixture/5.0/6/5/16
5.0,6,16,0,1000,200,5,constant,geomean,0.042426406871192854,3,0,0,mixture/5.0/6/5/16
5.0,6,16,0,1000,200,5,constant,ratio,0.04400000000000004,2,0,0,mixture/5.0/6/5/16
5.0,6,16,0,1000,200,5,constant,ratio-half,0.04400000000000004,2,0,0,mixture/5.0/6/5/16
5.0,6,17,0,400,200,5,constant,stated,0.6784994344878064,1,0,0,mixture/5.0/6/5/17
5.0,6,17,0,400,200,5,constant,geomean,0.0642261628933257,12,0,0,mixture/5.0/6/5/17
5.0,6,17,0,400,200,5,constant,ratio,0.050000000000000044,178,0,0,mixture/5.0/6/5/17
5.0,6,17,0,400,200,5,constant,ratio-half,0.05500000000000005,74,0,0,mixture/5.0/6/5/17
5.0,6,17,0,1000,200,5,constant,stated,0.5395907397331495,1,0,0,mixture/5.0/6/5/17
5.0,6,17,0,1000,200,5,constant,geomean,0.039999999999999925,5,0,0,mixture/5.0/6/5/17
5.0,6,17,0,1000,200,5,constant,ratio,0.039999999999999925,5,0,0,mixture/5.0/6/5/17
5.0,6,17,0,1000,200,5,constant,ratio-half,0.039999999999999925,5,0,0,mixture/5.0/6/5/17
5.0,6,18,0,400,200,5,constant,stated,0.6784994344878064,1,0,0,mixture/5.0/6/5/18
5.0,6,18,0,400,200,5,constant,geomean,0.06204836822995422,6,1,0,mixture/5.0/6/5/18
5.0,6,18,0,400,200,5,constant,ratio,0.04500000000000004,196,0,0,mixture/5.0/6/5/18
5.0,6,18,0,400,200,5,constant,ratio-half,0.05500000000000005,45,0,0,mixture/5.0/6/5/18
5.0,6,18,0,1000,200,5,constant,stated,0.5395907397331495,1,0,0,mixture/5.0/6/5/18
5.0,6,18,0,1000,200,5,constant,geomean,0.035496478698597726,13,0,0,mixture/5.0/6/5/18
5.0,6,18,0,1000,200,5,constant,ratio,0.026000000000000023,190,0,0,mixture/5.0/6/5/18
5.0,6,18,0,1000,200,5,constant,ratio-half,0.030000000000000027,64,0,0,mixture/5.0/6/5/18
5.0,6,19,0,400,200,5,constant,stated,0.6784994344878064,1,0,0,mixture/5.0/6/5/19
5.0,6,19,0,400,200,5,constant,geomean,0.059791303715506984,50,0,0,mixture/5.0/6/5/19
5.0,6,19,0,400,200,5,constant,ratio,0.04500000000000004,195,0,0,mixture/5.0/6/5/19
5.0,6,19,0,400,200,5,constant,ratio-half,0.05500000000000005,50,0,0,mixture/5.0/6/5/19
5.0,6,19,0,1000,200,5,constant,stated,0.5395907397331495,1,0,0,mixture/5.0/6/5/19
5.0,6,19,0,1000,200,5,constant,geomean,0.0407921561087422,4,0,0,mixture/5.0/6/5/19
5.0,6,19,0,1000,200,5,constant,ratio,0.041999999999999926,2,0,0,mixture/5.0/6/5/19
5.0,6,19,0,1000,200,5,constant,ratio-half,0.041999999999999926,2,0,0,mixture/5.0/6/5/19
5.0,7,0,0,400,200,5,constant,stated,0.6784994344878064,1,0,0,mixture/5.0/7/5/0
5.0,7,0,0,400,200,5,constant,geomean,0.07141428428542856,4,0,0,mixture/5.0/7/5/0
5.0,7,0,0,400,200,5,constant,ratio,0.07499999999999996,2,0,0,mixture/5.0/7/5/0
5.0,7,0,0,400,200,5,constant,ratio-half,0.07499999999999996,2,0,0,mixture/5.0/7/5/0
5.0,7,0,0,1000,200,5,constant,stated,0.5395907397331495,1,0,0,mixture/5.0/7/5/0
5.0,7,0,0,1000,200,5,constant,geomean,0.045166359162544856,6,0,0,mixture/5.0/7/5/0
5.0,7,0,0,1000,200,5,constant,ratio,0.04599999999999993,5,0,0,mixture/5.0/7/5/0
5.0,7,0,0,1000,200,5,constant,ratio-half,0.04599999999999993,5,0,0,mixture/5.0/7/5/0
5.0,7,1,0,400,200,5,constant,stated,0.6784994344878064,1,0,0,mixture/5.0/7/5/1
5.0,7,1,0,400,200,5,constant,geomean,0.06204836822995433,10,0,0,mixture/5.0/7/5/1
5.0,7,1,0,400,200,5,constant,ratio,0.04500000000000004,199,0,0,mixture/5.0/7/5/1
5.0,7,1,0,400,200,5,constant,ratio-half,0.05500000000000005,76,0,0,mixture/5.0/7/5/1
5.0,7,1,0,1000,200,5,constant,stated,0.5395907397331495,1,0,0,mixture/5.0/7/5/1
5.0,7,1,0,1000,200,5,constant,geomean,0.04156921938165298,7,1,0,mixture/5.0/7/5/1
5.0,7,1,0,1000,200,5,constant,ratio,0.04800000000000004,2,0,0,mixture/5.0/7/5/1
5.0,7,1,0,1000,200,5,constant,ratio-half,0.04800000000000004,2,0,0,mixture/5.0/7/5/1
5.0,7,2,0,400,200,5,constant,stated,0.6784994344878064,1,0,0,mixture/5.0/7/5/2
5.0,7,2,0,400,200,5,constant,geomean,0.0642261628933257,25,0,0,mixture/5.0/7/5/2
5.0,7,2,0,400,200,5,constant,ratio,0.04500000000000004,198,0,0,mixture/5.0/7/5/2
5.0,7,2,0,400,200,5,constant,ratio-half,0.05500000000000005,93,0,0,mixture/5.0/7/5/2
5.0,7,2,0,1000,200,5,constant,stated,0.5395907397331495,1,0,0,mixture/5.0/7/5/2
5.0,7,2,0,1000,200,5,constant,geomean,0.04454211490264014,4,0,0,mixture/5.0/7/5/2
5.0,7,2,0,1000,200,5,constant,ratio,0.04800000000000004,2,0,0,mixture/5.0/7/5/2
5.0,7,2,0,1000,200,5,constant,ratio-half,0.04800000000000004,2,0,0,mixture/5.0/7/5/2
5.0,7,3,0,400,200,5,constant,stated,0.6784994344878064,1,0,0,mixture/5.0/7/5/3
5.0,7,3,0,400,200,5,constant,geomean,0.059791303715506984,43,0,0,mixture/5.0/7/5/3
5.0,7,3,0,400,200,5,constant,ratio,0.04500000000000004,197,0,0,mixture/5.0/7/5/3
5.0,7,3,0,400,200,5,constant,ratio-half,0.05500000000000005,43,0,0,mixture/5.0/7/5/3
5.0,7,3,0,1000,200,5,constant,stated,0.5395907397331495,1,0,0,mixture/5.0/7/5/3
5.0,7,3,0,1000,200,5,constant,geomean,0.040249223594996254,4,0,0,mixture/5.0/7/5/3
5.0,7,3,0,1000,200,5,constant,ratio,0.041999999999999926,3,0,0,mixture/5.0/7/5/3
5.0,7,3,0,1000,200,5,constant,ratio-half,0.041999999999999926,3,0,0,mixture/5.0/7/5/3
5.0,7,4,0,400,200,5,constant,stated,0.6784994344878064,1,0,0,mixture/5.0/7/5/4
5.0,7,4,0,400,200,5,constant,geomean,0.059791303715506984,52,0,0,mixture/5.0/7/5/4
5.0,7,4,0,400,200,5,constant,ratio,0.04499999999999993,199,0,0,mixture/5.0/7/5/4
5.0,7,4,0,400,200,5,constant,ratio-half,0.05500000000000005,52,0,0,mixture/5.0/7/5/4
5.0,7,4,0,1000,200,5,constant,stated,0.5395907397331495,1,0,0,mixture/5.0/7/5/4
5.0,7,4,0,1000,200,5,constant,geomean,0.0375233260785874,6,0,0,mixture/5.0/7/5/4
5.0,7,4,0,1000,200,5,constant,ratio,0.03600000000000003,6,0,0,mixture/5.0/7/5/4
5.0,7,4,0,1000,200,5,constant,ratio-half,0.03600000000000003,6,0,0,mixture/5.0/7/5/4
5.0,7,5,0,400,200,5,constant,stated,0.6784994344878064,1,0,0,mixture/5.0/7/5/5
5.0,7,5,0,400,200,5,constant,geomean,0.06204836822995422,9,0,0,mixture/5.0/7/5/5
5.0,7,5,0,400,200,5,constant,ratio,0.04500000000000004,196,0,0,mixture/5.0/7/5/5
5.0,7,5,0,400,200,5,constant,ratio-half,0.05500000000000005,43,0,0,mixture/5.0/7/5/5
5.0,7,5,0,1000,200,5,constant,stated,0.5395907397331495,1,0,0,mixture/5.0/7/5/5
5.0,7,5,0,1000,200,5,constant,geomean,0.035496478698597685,12,0,0,mixture/5.0/7/5/5
5.0,7,5,0,1000,200,5,constant,ratio,0.02200000000000002,199,0,0,mixture/5.0/7/5/5
5.0,7,5,0,1000,200,5,constant,ratio-half,0.03799999999999992,2,0,0,mixture/5.0/7/5/5
5.0,7,6,0,400,200,5,constant,stated,0.6784994344878064,1,0,0,mixture/5.0/7/5/6
5.0,7,6,0,400,200,5,constant,geomean,0.062048368229954284,12,0,0,mixture/5.0/7/5/6
5.0,7,6,0,400,200,5,constant,ratio,0.04500000000000004,198,0,0,mixture/5.0/7/5/6
5.0,7,6,0,400,200,5,constant,ratio-half,0.05500000000000005,76,0,0,mixture/5.0/7/5/6
5.0,7,6,0,1000,200,5,constant,stated,0.5395907397331495,1,0,0,mixture/5.0/7/5/6
5.0,7,6,0,1000,200,5,constant,geomean,0.038366652186501676,9,0,0,mixture/5.0/7/5/6
5.0,7,6,0,1000,200,5,constant,ratio,0.026000000000000023,196,0,0,mixture/5.0/7/5/6
5.0,7,6,0,1000,200,5,constant,ratio-half,0.03200000000000003,66,0,0,mixture/5.0/7/5/6
5.0,7,7,0,400,200,5,constant,stated,0.6784994344878064,1,0,0,mixture/5.0/7/5/7
5.0,7,7,0,400,200,5,constant,geomean,0.06204836822995422,8,0,0,mixture/5.0/7/5/7
5.0,7,7,0,400,200,5,constant,ratio,0.04500000000000004,196,0,0,mixture/5.0/7/5/7
5.0,7,7,0,400,200,5,constant,ratio-half,0.05500000000000005,44,0,0,mixture/5.0/7/5/7
5.0,7,7,0,1000,200,5,constant,stated,0.5395907397331495,1,0,0,mixture/5.0/7/5/7
5.0,7,7,0,1000,200,5,constant,geomean,0.037148351242013454,7,1,1,mixture/5.0/7/5/7
5.0,7,7,0,1000,200,5,constant,ratio,0.03600000000000003,7,1,1,mixture/5.0/7/5/7
5.0,7,7,0,1000,200,5,constant,ratio-half,0.03600000000000003,7,1,1,mixture/5.0/7/5/7
5.0,7,8,0,400,200,5,constant,stated,0.6784994344878064,1,0,0,mixture/5.0/7/5/8
5.0,7,8,0,400,200,5,constant,geomean,0.059791303715506984,51,0,0,mixture/5.0/7/5/8
5.0,7,8,0,400,200,5,constant,ratio,0.04500000000000004,197,0,0,mixture/5.0/7/5/8
5.0,7,8,0,400,200,5,constant,ratio-half,0.05500000000000005,51,0,0,mixture/5.0/7/5/8
5.0,7,8,0,1000,200,5,constant,stated,0.5395907397331495,1,0,0,mixture/5.0/7/5/8
5.0,7,8,0,1000,200,5,constant,geomean,0.040249223594996206,2,0,0,mixture/5.0/7/5/8
5.0,7,8,0,1000,200,5,constant,ratio,0.038000000000000034,2,0,0,mixture/5.0/7/5/8
5.0,7,8,0,1000,200,5,constant,ratio-half,0.038000000000000034,2,0,0,mixture/5.0/7/5/8
5.0,7,9,0,400,200,5,constant,stated,0.6784994344878064,1,0,0,mixture/5.0/7/5/9
5.0,7,9,0,400,200,5,constant,geomean,0.0670820393249937,16,0,0,mixture/5.0/7/5/9
5.0,7,9,0,400,200,5,constant,ratio,0.04499999999999993,199,0,0,mixture/5.0/7/5/9
5.0,7,9,0,400,200,5,constant,ratio-half,0.06000000000000005,51,0,0,mixture/5.0/7/5/9
5.0,7,9,0,1000,200,5,constant,stated,0.5395907397331495,1,0,0,mixture/5.0/7/5/9
5.0,7,9,0,1000,200,5,constant,geomean,0.04454211490264018,6,0,0,mixture/5.0/7/5/9
5.0,7,9,0,1000,200,5,constant,ratio,0.04800000000000004,3,0,0,mixture/5.0/7/5/9
5.0,7,9,0,1000,200,5,constant,ratio-half,0.04800000000000004,3,0,0,mixture/5.0/7/5/9
5.0,7,10,0,400,200,5,constant,stated,0.6784994344878064,1,0,0,mixture/5.0/7/5/10
5.0,7,10,0,400,200,5,constant,geomean,0.06633249580710801,5,0,0,mixture/5.0/7/5/10
5.0,7,10,0,400,200,5,constant,ratio,0.04500000000000004,198,0,0,mixture/5.0/7/5/10
5.0,7,10,0,400,200,5,constant,ratio-half,0.05500000000000005,94,0,0,mixture/5.0/7/5/10
5.0,7,10,0,1000,200,5,constant,stated,0.5395907397331495,1,0,0,mixture/5.0/7/5/10
5.0,7,10,0,1000,200,5,constant,geomean,0.0407921561087422,4,0,0,mixture/5.0/7/5/10
5.0,7,10,0,1000,200,5,constant,ratio,0.040000000000000036,4,0,0,mixture/5.0/7/5/10
5.0,7,10,0,1000,200,5,constant,ratio-half,0.040000000000000036,4,0,0,mixture/5.0/7/5/10
5.0,7,11,0,400,200,5,constant,stated,0.6784994344878064,1,0,0,mixture/5.0/7/5/11
5.0,7,11,0,400,200,5,constant,geomean,0.06204836822995433,23,0,0,mixture/5.0/7/5/11
5.0,7,11,0,400,200,5,constant,ratio,0.04500000000000004,199,0,0,mixture/5.0/7/5/11
5.0,7,11,0,400,200,5,constant,ratio-half,0.05500000000000005,93,0,0,mixture/5.0/7/5/11
5.0,7,11,0,1000,200,5,constant,stated,0.5395907397331495,1,0,0,mixture/5.0/7/5/11
5.0,7,11,0,1000,200,5,constant,geomean,0.04454211490264021,4,0,0,mixture/5.0/7/5/11
5.0,7,11,0,1000,200,5,constant,ratio,0.040000000000000036,4,0,0,mixture/5.0/7/5/11
5.0,7,11,0,1000,200,5,constant,ratio-half,0.040000000000000036,4,0,0,mixture/5.0/7/5/11
5.0,7,12,0,400,200,5,constant,stated,0.6784994344878064,1,0,0,mixture/5.0/7/5/12
5.0,7,12,0,400,200,5,constant,geomean,0.06633249580710801,2,0,0,mixture/5.0/7/5/12
5.0,7,12,0,400,200,5,constant,ratio,0.06500000000000006,2,0,0,mixture/5.0/7/5/12
5.0,7,12,0,400,200,5,constant,ratio-half,0.06500000000000006,2,0,0,mixture/5.0/7/5/12
5.0,7,12,0,1000,200,5,constant,stated,0.5395907397331495,1,0,0,mixture/5.0/7/5/12
5.0,7,12,0,1000,200,5,constant,geomean,0.045956501172304154,4,0,0,mixture/5.0/7/5/12
5.0,7,12,0,1000,200,5,constant,ratio,0.04600000000000004,2,0,0,mixture/5.0/7/5/12
5.0,7,12,0,1000,200,5,constant,ratio-half,0.04600000000000004,2,0,0,mixture/5.0/7/5/12
5.0,7,13,0,400,200,5,constant,stated,0.6784994344878064,1,0,0,mixture/5.0/7/5/13
5.0,7,13,0,400,200,5,constant,geomean,0.059791303715507046,93,0,0,mixture/5.0/7/5/13
5.0,7,13,0,400,200,5,constant,ratio,0.050000000000000044,180,0,0,mixture/5.0/7/5/13
5.0,7,13,0,400,200,5,constant,ratio-half,0.05500000000000005,93,0,0,mixture/5.0/7/5/13
5.0,7,13,0,1000,200,5,constant,stated,0.5395907397331495,1,0,0,mixture/5.0/7/5/13
5.0,7,13,0,1000,200,5,constant,geomean,0.03666060555964669,9,0,0,mixture/5.0/7/5/13
5.0,7,13,0,1000,200,5,constant,ratio,0.028000000000000025,192,0,0,mixture/5.0/7/5/13
5.0,7,13,0,1000,200,5,constant,ratio-half,0.03200000000000003,62,0,0,mixture/5.0/7/5/13
5.0,7,14,0,400,200,5,constant,stated,0.6784994344878064,1,0,0,mixture/5.0/7/5/14
5.0,7,14,0,400,200,5,constant,geomean,0.06204836822995433,19,0,0,mixture/5.0/7/5/14
5.0,7,14,0,400,200,5,constant,ratio,0.04500000000000004,197,0,0,mixture/5.0/7/5/14
5.0,7,14,0,400,200,5,constant,ratio-half,0.05500000000000005,74,0,0,mixture/5.0/7/5/14
5.0,7,14,0,1000,200,5,constant,stated,0.5395907397331495,1,0,0,mixture/5.0/7/5/14
5.0,7,14,0,1000,200,5,constant,geomean,0.04079215610874224,7,1,0,mixture/5.0/7/5/14
5.0,7,14,0,1000,200,5,constant,ratio,0.04200000000000004,5,0,0,mixture/5.0/7/5/14
5.0,7,14,0,1000,200,5,constant,ratio-half,0.04200000000000004,5,0,0,mixture/5.0/7/5/14
5.0,7,15,0,400,200,5,constant,stated,0.6784994344878064,1,0,0,mixture/5.0/7/5/15
5.0,7,15,0,400,200,5,constant,geomean,0.062048368229954284,14,0,0,mixture/5.0/7/5/15
5.0,7,15,0,400,200,5,constant,ratio,0.04500000000000004,199,0,0,mixture/5.0/7/5/15
5.0,7,15,0,400,200,5,constant,ratio-half,0.05500000000000005,63,0,0,mixture/5.0/7/5/15
5.0,7,15,0,1000,200,5,constant,stated,0.5395907397331495,1,0,0,mixture/5.0/7/5/15
5.0,7,15,0,1000,200,5,constant,geomean,0.03919183588453077,4,0,0,mixture/5.0/7/5/15
5.0,7,15,0,1000,200,5,constant,ratio,0.040000000000000036,3,0,0,mixture/5.0/7/5/15
5.0,7,15,0,1000,200,5,constant,ratio-half,0.040000000000000036,3,0,0,mixture/5.0/7/5/15
5.0,7,16,0,400,200,5,constant,stated,0.6784994344878064,1,0,0,mixture/5.0/7/5/16
5.0,7,16,0,400,200,5,constant,geomean,0.059791303715507046,96,0,0,mixture/5.0/7/5/16
5.0,7,16,0,400,200,5,constant,ratio,0.04500000000000004,199,0,0,mixture/5.0/7/5/16
5.0,7,16,0,400,200,5,constant,ratio-half,0.05500000000000005,96,0,0,mixture/5.0/7/5/16
5.0,7,16,0,1000,200,5,constant,stated,0.5395907397331495,1,0,0,mixture/5.0/7/5/16
5.0,7,16,0,1000,200,5,constant,geomean,0.040000000000000036,3,0,0,mixture/5.0/7/5/16
5.0,7,16,0,1000,200,5,constant,ratio,0.041999999999999926,2,0,0,mixture/5.0/7/5/16
5.0,7,16,0,1000,200,5,constant,ratio-half,0.041999999999999926,2,0,0,mixture/5.0/7/5/16
5.0,7,17,0,400,200,5,constant,stated,0.6784994344878064,1,0,0,mixture/5.0/7/5/17
5.0,7,17,0,400,200,5,constant,geomean,0.06204836822995433,9,0,0,mixture/5.0/7/5/17
5.0,7,17,0,400,200,5,constant,ratio,0.04500000000000004,195,0,0,mixture/5.0/7/5/17
5.0,7,17,0,400,200,5,constant,ratio-half,0.05500000000000005,69,0,0,mixture/5.0/7/5/17
5.0,7,17,0,1000,200,5,constant,stated,0.5395907397331495,1,0,0,mixture/5.0/7/5/17
5.0,7,17,0,1000,200,5,constant,geomean,0.03919183588453082,4,0,0,mixture/5.0/7/5/17
5.0,7,17,0,1000,200,5,constant,ratio,0.04200000000000004,2,0,0,mixture/5.0/7/5/17
5.0,7,17,0,1000,200,5,constant,ratio-half,0.04200000000000004,2,0,0,mixture/5.0/7/5/17
5.0,7,18,0,400,200,5,constant,stated,0.6784994344878064,1,0,0,mixture/5.0/7/5/18
5.0,7,18,0,400,200,5,constant,geomean,0.062048368229954284,10,0,0,mixture/5.0/7/5/18
5.0,7,18,0,400,200,5,constant,ratio,0.04500000000000004,198,0,0,mixture/5.0/7/5/18
5.0,7,18,0,400,200,5,constant,ratio-half,0.05500000000000005,72,0,0,mixture/5.0/7/5/18
5.0,7,18,0,1000,200,5,constant,stated,0.5395907397331495,1,0,0,mixture/5.0/7/5/18
5.0,7,18,0,1000,200,5,constant,geomean,0.039999999999999925,5,0,0,mixture/5.0/7/5/18
5.0,7,18,0,1000,200,5,constant,ratio,0.040000000000000036,3,0,0,mixture/5.0/7/5/18
5.0,7,18,0,1000,200,5,constant,ratio-half,0.040000000000000036,3,0,0,mixture/5.0/7/5/18
5.0,7,19,0,400,200,5,constant,stated,0.6784994344878064,1,0,0,mixture/5.0/7/5/19
5.0,7,19,0,400,200,5,constant,geomean,0.062048368229954284,12,0,0,mixture/5.0/7/5/19
5.0,7,19,0,400,200,5,constant,ratio,0.04500000000000004,199,0,0,mixture/5.0/7/5/19
5.0,7,19,0,400,200,5,constant,ratio-half,0.05500000000000005,60,0,0,mixture/5.0/7/5/19
5.0,7,19,0,1000,200,5,constant,stated,0.5395907397331495,1,0,0,mixture/5.0/7/5/19
5.0,7,19,0,1000,200,5,constant,geomean,0.03919183588453077,3,0,0,mixture/5.0/7/5/19
5.0,7,19,0,1000,200,5,constant,ratio,0.038000000000000034,3,0,0,mixture/5.0/7/5/19
5.0,7,19,0,1000,200,5,constant,ratio-half,0.038000000000000034,3,0,0,mixture/5.0/7/5/19
5.0,8,0,0,400,200,5,constant,stated,0.6784994344878064,1,0,0,mixture/5.0/8/5/0
5.0,8,0,0,400,200,5,constant,geomean,0.06204836822995433,18,0,0,mixture/5.0/8/5/0
5.0,8,0,0,400,200,5,constant,ratio,0.04500000000000004,197,0,0,mixture/5.0/8/5/0
5.0,8,0,0,400,200,5,constant,ratio-half,0.05500000000000005,84,0,0,mixture/5.0/8/5/0
5.0,8,0,0,1000,200,5,constant,stated,0.5395907397331495,1,0,0,mixture/5.0/8/5/0
5.0,8,0,0,1000,200,5,constant,geomean,0.040792156108742275,5,0,0,mixture/5.0/8/5/0
5.0,8,0,0,1000,200,5,constant,ratio,0.04399999999999993,2,0,0,mixture/5.0/8/5/0
5.0,8,0,0,1000,200,5,constant,ratio-half,0.04399999999999993,2,0,0,mixture/5.0/8/5/0
5.0,8,1,0,400,200,5,constant,stated,0.6784994344878064,1,0,0,mixture/5.0/8/5/1
5.0,8,1,0,400,200,5,constant,geomean,0.06204836822995433,12,0,0,mixture/5.0/8/5/1
5.0,8,1,0,400,200,5,constant,ratio,0.04500000000000004,199,0,0,mixture/5.0/8/5/1
5.0,8,1,0,400,200,5,constant,ratio-half,0.05500000000000005,86,0,0,mixture/5.0/8/5/1
5.0,8,1,0,1000,200,5,constant,stated,0.5395907397331495,1,0,0,mixture/5.0/8/5/1
5.0,8,1,0,1000,200,5,constant,geomean,0.03919183588453084,7,0,0,mixture/5.0/8/5/1
5.0,8,1,0,1000,200,5,constant,ratio,0.041999999999999926,3,0,0,mixture/5.0/8/5/1
5.0,8,1,0,1000,200,5,constant,ratio-half,0.041999999999999926,3,0,0,mixture/5.0/8/5/1
5.0,8,2,0,400,200,5,constant,stated,0.6784994344878064,1,0,0,mixture/5.0/8/5/2
5.0,8,2,0,400,200,5,constant,geomean,0.062048368229954284,13,0,0,mixture/5.0/8/5/2
5.0,8,2,0,400,200,5,constant,ratio,0.04500000000000004,197,0,0,mixture/5.0/8/5/2
5.0,8,2,0,400,200,5,constant,ratio-half,0.05500000000000005,72,0,0,mixture/5.0/8/5/2
5.0,8,2,0,1000,200,5,constant,stated,0.5395907397331495,1,0,0,mixture/5.0/8/5/2
5.0,8,2,0,1000,200,5,constant,geomean,0.037947331922020544,10,0,0,mixture/5.0/8/5/2
5.0,8,2,0,1000,200,5,constant,ratio,0.040000000000000036,6,0,0,mixture/5.0/8/5/2
5.0,8,2,0,1000,200,5,constant,ratio-half,0.040000000000000036,6,0,0,mixture/5.0/8/5/2
5.0,8,3,0,400,200,5,constant,stated,0.6784994344878064,1,0,0,mixture/5.0/8/5/3
5.0,8,3,0,400,200,5,constant,geomean,0.06204836822995428,14,0,0,mixture/5.0/8/5/3
5.0,8,3,0,400,200,5,constant,ratio,0.040000000000000036,199,0,0,mixture/5.0/8/5/3
5.0,8,3,0,400,200,5,constant,ratio-half,0.05500000000000005,61,0,0,mixture/5.0/8/5/3
5.0,8,3,0,1000,200,5,constant,stated,0.5395907397331495,1,0,0,mixture/5.0/8/5/3
5.0,8,3,0,1000,200,5,constant,geomean,0.040249223594996206,5,0,0,mixture/5.0/8/5/3
5.0,8,3,0,1000,200,5,constant,ratio,0.04200000000000004,4,0,0,mixture/5.0/8/5/3
5.0,8,3,0,1000,200,5,constant,ratio-half,0.04200000000000004,4,0,0,mixture/5.0/8/5/3
5.0,8,4,0,400,200,5,constant,stated,0.6784994344878064,1,0,0,mixture/5.0/8/5/4
5.0,8,4,0,400,200,5,constant,geomean,0.062048368229954284,17,0,0,mixture/5.0/8/5/4
5.0,8,4,0,400,200,5,constant,ratio,0.04500000000000004,198,0,0,mixture/5.0/8/5/4
5.0,8,4,0,400,200,5,constant,ratio-half,0.05500000000000005,93,0,0,mixture/5.0/8/5/4
5.0,8,4,0,1000,200,5,constant,stated,0.5395907397331495,1,0,0,mixture/5.0/8/5/4
5.0,8,4,0,1000,200,5,constant,geomean,0.040792156108742275,6,0,0,mixture/5.0/8/5/4
5.0,8,4,0,1000,200,5,constant,ratio,0.04200000000000004,4,0,0,mixture/5.0/8/5/4
5.0,8,4,0,1000,200,5,constant,ratio-half,0.04200000000000004,4,0,0,mixture/5.0/8/5/4
5.0,8,5,0,400,200,5,constant,stated,0.6784994344878064,1,0,0,mixture/5.0/8/5/5
5.0,8,5,0,400,200,5,constant,geomean,0.06422616289332565,17,0,0,mixture/5.0/8/5/5
5.0,8,5,0,400,200,5,constant,ratio,0.050000000000000044,177,0,0,mixture/5.0/8/5/5
5.0,8,5,0,400,200,5,constant,ratio-half,0.05500000000000005,73,0,0,mixture/5.0/8/5/5
5.0,8,5,0,1000,200,5,constant,stated,0.5395907397331495,1,0,0,mixture/5.0/8/5/5
5.0,8,5,0,1000,200,5,constant,geomean,0.038366652186501725,7,0,0,mixture/5.0/8/5/5
5.0,8,5,0,1000,200,5,constant,ratio,0.040000000000000036,5,0,0,mixture/5.0/8/5/5
5.0,8,5,0,1000,200,5,constant,ratio-half,0.040000000000000036,5,0,0,mixture/5.0/8/5/5
5.0,8,6,0,400,200,5,constant,stated,0.6784994344878064,1,0,0,mixture/5.0/8/5/6
5.0,8,6,0,400,200,5,constant,geomean,0.06837397165588666,3,0,0,mixture/5.0/8/5/6
5.0,8,6,0,400,200,5,constant,ratio,0.06999999999999995,2,0,0,mixture/5.0/8/5/6
5.0,8,6,0,400,200,5,constant,ratio-half,0.06999999999999995,2,0,0,mixture/5.0/8/5/6
5.0,8,6,0,1000,200,5,constant,stated,0.5395907397331495,1,0,0,mixture/5.0/8/5/6
5.0,8,6,0,1000,200,5,constant,geomean,0.038366652186501676,7,0,0,mixture/5.0/8/5/6
5.0,8,6,0,1000,200,5,constant,ratio,0.026000000000000023,197,0,0,mixture/5.0/8/5/6
5.0,8,6,0,1000,200,5,constant,ratio-half,0.03200000000000003,55,0,0,mixture/5.0/8/5/6
5.0,8,7,0,400,200,5,constant,stated,0.6784994344878064,1,0,0,mixture/5.0/8/5/7
5.0,8,7,0,400,200,5,constant,geomean,0.06633249580710801,9,0,0,mixture/5.0/8/5/7
5.0,8,7,0,400,200,5,constant,ratio,0.04499999999999993,199,0,0,mixture/5.0/8/5/7
5.0,8,7,0,400,200,5,constant,ratio-half,0.05500000000000005,99,0,0,mixture/5.0/8/5/7
5.0,8,7,0,1000,200,5,constant,stated,0.5395907397331495,1,0,0,mixture/5.0/8/5/7
5.0,8,7,0,1000,200,5,constant,geomean,0.04156921938165298,6,0,0,mixture/5.0/8/5/7
5.0,8,7,0,1000,200,5,constant,ratio,0.02400000000000002,198,0,0,mixture/5.0/8/5/7
5.0,8,7,0,1000,200,5,constant,ratio-half,0.04799999999999993,2,0,0,mixture/5.0/8/5/7
5.0,8,8,0,400,200,5,constant,stated,0.6784994344878064,1,0,0,mixture/5.0/8/5/8
5.0,8,8,0,400,200,5,constant,geomean,0.059791303715507046,72,0,0,mixture/5.0/8/5/8
5.0,8,8,0,400,200,5,constant,ratio,0.04500000000000004,197,0,0,mixture/5.0/8/5/8
5.0,8,8,0,400,200,5,constant,ratio-half,0.05500000000000005,72,0,0,mixture/5.0/8/5/8
5.0,8,8,0,1000,200,5,constant,stated,0.5395907397331495,1,0,0,mixture/5.0/8/5/8
5.0,8,8,0,1000,200,5,constant,geomean,0.043817804600413256,3,0,0,mixture/5.0/8/5/8
5.0,8,8,0,1000,200,5,constant,ratio,0.04599999999999993,2,0,0,mixture/5.0/8/5/8
5.0,8,8,0,1000,200,5,constant,ratio-half,0.04599999999999993,2,0,0,mixture/5.0/8/5/8
5.0,8,9,0,400,200,5,constant,stated,0.6784994344878064,1,0,0,mixture/5.0/8/5/9
5.0,8,9,0,400,200,5,constant,geomean,0.06837397165588666,2,0,0,mixture/5.0/8/5/9
5.0,8,9,0,400,200,5,constant,ratio,0.06500000000000006,2,0,0,mixture/5.0/8/5/9
5.0,8,9,0,400,200,5,constant,ratio-half,0.06500000000000006,2,0,0,mixture/5.0/8/5/9
5.0,8,9,0,1000,200,5,constant,stated,0.5395907397331495,1,0,0,mixture/5.0/8/5/9
5.0,8,9,0,1000,200,5,constant,geomean,0.037523326078587355,8,1,0,mixture/5.0/8/5/9
5.0,8,9,0,1000,200,5,constant,ratio,0.028000000000000025,184,0,0,mixture/5.0/8/5/9
5.0,8,9,0,1000,200,5,constant,ratio-half,0.03200000000000003,45,0,0,mixture/5.0/8/5/9
5.0,8,10,0,400,200,5,constant,stated,0.6784994344878064,1,0,0,mixture/5.0/8/5/10
5.0,8,10,0,400,200,5,constant,geomean,0.06633249580710805,2,0,0,mixture/5.0/8/5/10
5.0,8,10,0,400,200,5,constant,ratio,0.06500000000000006,2,0,0,mixture/5.0/8/5/10
5.0,8,10,0,400,200,5,constant,ratio-half,0.06500000000000006,2,0,0,mixture/5.0/8/5/10
5.0,8,10,0,1000,200,5,constant,stated,0.5395907397331495,1,0,0,mixture/5.0/8/5/10
5.0,8,10,0,1000,200,5,constant,geomean,0.04156921938165305,9,0,0,mixture/5.0/8/5/10
5.0,8,10,0,1000,200,5,constant,ratio,0.04600000000000004,2,0,0,mixture/5.0/8/5/10
5.0,8,10,0,1000,200,5,constant,ratio-half,0.04600000000000004,2,0,0,mixture/5.0/8/5/10
5.0,8,11,0,400,200,5,constant,stated,0.6784994344878064,1,0,0,mixture/5.0/8/5/11
5.0,8,11,0,400,200,5,constant,geomean,0.059791303715507046,81,0,0,mixture/5.0/8/5/11
5.0,8,11,0,400,200,5,constant,ratio,0.050000000000000044,171,0,0,mixture/5.0/8/5/11
5.0,8,11,0,400,200,5,constant,ratio-half,0.05500000000000005,81,0,0,mixture/5.0/8/5/11
5.0,8,11,0,1000,200,5,constant,stated,0.5395907397331495,1,0,0,mixture/5.0/8/5/11
5.0,8,11,0,1000,200,5,constant,geomean,0.04079215610874224,5,0,0,mixture/5.0/8/5/11
5.0,8,11,0,1000,200,5,constant,ratio,0.04400000000000004,2,0,0,mixture/5.0/8/5/11
5.0,8,11,0,1000,200,5,constant,ratio-half,0.04400000000000004,2,0,0,mixture/5.0/8/5/11
5.0,8,12,0,400,200,5,constant,stated,0.6784994344878064,1,0,0,mixture/5.0/8/5/12
5.0,8,12,0,400,200,5,constant,geomean,0.062048368229954284,15,0,0,mixture/5.0/8/5/12
5.0,8,12,0,400,200,5,constant,ratio,0.04500000000000004,196,0,0,mixture/5.0/8/5/12
5.0,8,12,0,400,200,5,constant,ratio-half,0.05500000000000005,69,0,0,mixture/5.0/8/5/12
5.0,8,12,0,1000,200,5,constant,stated,0.5395907397331495,1,0,0,mixture/5.0/8/5/12
5.0,8,12,0,1000,200,5,constant,geomean,0.04233202097703337,4,0,0,mixture/5.0/8/5/12
5.0,8,12,0,1000,200,5,constant,ratio,0.04800000000000004,2,0,0,mixture/5.0/8/5/12
5.0,8,12,0,1000,200,5,constant,ratio-half,0.04800000000000004,2,0,0,mixture/5.0/8/5/12
5.0,8,13,0,400,200,5,constant,stated,0.6784994344878064,1,0,0,mixture/5.0/8/5/13
5.0,8,13,0,400,200,5,constant,geomean,0.06633249580710805,5,0,0,mixture/5.0/8/5/13
5.0,8,13,0,400,200,5,constant,ratio,0.04500000000000004,194,0,0,mixture/5.0/8/5/13
5.0,8,13,0,400,200,5,constant,ratio-half,0.05500000000000005,69,0,0,mixture/5.0/8/5/13
5.0,8,13,0,1000,200,5,constant,stated,0.5395907397331495,1,0,0,mixture/5.0/8/5/13
5.0,8,13,0,1000,200,5,constant,geomean,0.0375233260785874,11,0,0,mixture/5.0/8/5/13
5.0,8,13,0,1000,200,5,constant,ratio,0.040000000000000036,4,0,0,mixture/5.0/8/5/13
5.0,8,13,0,1000,200,5,constant,ratio-half,0.040000000000000036,4,0,0,mixture/5.0/8/5/13
5.0,8,14,0,400,200,5,constant,stated,0.6784994344878064,1,0,0,mixture/5.0/8/5/14
5.0,8,14,0,400,200,5,constant,geomean,0.0648074069840786,30,0,0,mixture/5.0/8/5/14
5.0,8,14,0,400,200,5,constant,ratio,0.04500000000000004,199,0,0,mixture/5.0/8/5/14
5.0,8,14,0,400,200,5,constant,ratio-half,0.06000000000000005,30,0,0,mixture/5.0/8/5/14
5.0,8,14,0,1000,200,5,constant,stated,0.5395907397331495,1,0,0,mixture/5.0/8/5/14
5.0,8,14,0,1000,200,5,constant,geomean,0.03999999999999999,9,0,0,mixture/5.0/8/5/14
5.0,8,14,0,1000,200,5,constant,ratio,0.04200000000000004,5,0,0,mixture/5.0/8/5/14
5.0,8,14,0,1000,200,5,constant,ratio-half,0.04200000000000004,5,0,0,mixture/5.0/8/5/14
5.0,8,15,0,400,200,5,constant,stated,0.6784994344878064,1,0,0,mixture/5.0/8/5/15
5.0,8,15,0,400,200,5,constant,geomean,0.06928203230275504,12,0,0,mixture/5.0/8/5/15
5.0,8,15,0,400,200,5,constant,ratio,0.04500000000000004,199,0,0,mixture/5.0/8/5/15
5.0,8,15,0,400,200,5,constant,ratio-half,0.06000000000000005,41,0,0,mixture/5.0/8/5/15
5.0,8,15,0,1000,200,5,constant,stated,0.5395907397331495,1,0,0,mixture/5.0/8/5/15
5.0,8,15,0,1000,200,5,constant,geomean,0.049477267507411854,4,0,0,mixture/5.0/8/5/15
5.0,8,15,0,1000,200,5,constant,ratio,0.050000000000000044,3,0,0,mixture/5.0/8/5/15
5.0,8,15,0,1000,200,5,constant,ratio-half,0.050000000000000044,3,0,0,mixture/5.0/8/5/15
5.0,8,16,0,400,200,5,constant,stated,0.6784994344878064,1,0,0,mixture/5.0/8/5/16
5.0,8,16,0,400,200,5,constant,geomean,0.06422616289332565,14,0,0,mixture/5.0/8/5/16
5.0,8,16,0,400,200,5,constant,ratio,0.04500000000000004,198,0,0,mixture/5.0/8/5/16
5.0,8,16,0,400,200,5,constant,ratio-half,0.05500000000000005,73,0,0,mixture/5.0/8/5/16
5.0,8,16,0,1000,200,5,constant,stated,0.5395907397331495,1,0,0,mixture/5.0/8/5/16
5.0,8,16,0,1000,200,5,constant,geomean,0.040792156108742275,2,0,0,mixture/5.0/8/5/16
5.0,8,16,0,1000,200,5,constant,ratio,0.039999999999999925,2,0,0,mixture/5.0/8/5/16
5.0,8,16,0,1000,200,5,constant,ratio-half,0.039999999999999925,2,0,0,mixture/5.0/8/5/16
5.0,8,17,0,400,200,5,constant,stated,0.6784994344878064,1,0,0,mixture/5.0/8/5/17
5.0,8,17,0,400,200,5,constant,geomean,0.06708203932499364,6,0,0,mixture/5.0/8/5/17
5.0,8,17,0,400,200,5,constant,ratio,0.04500000000000004,199,0,0,mixture/5.0/8/5/17
5.0,8,17,0,400,200,5,constant,ratio-half,0.06000000000000005,30,0,0,mixture/5.0/8/5/17
5.0,8,17,0,1000,200,5,constant,stated,0.5395907397331495,1,0,0,mixture/5.0/8/5/17
5.0,8,17,0,1000,200,5,constant,geomean,0.037523326078587424,18,0,0,mixture/5.0/8/5/17
5.0,8,17,0,1000,200,5,constant,ratio,0.026000000000000023,198,0,0,mixture/5.0/8/5/17
5.0,8,17,0,1000,200,5,constant,ratio-half,0.03200000000000003,92,0,0,mixture/5.0/8/5/17
5.0,8,18,0,400,200,5,constant,stated,0.6784994344878064,1,0,0,mixture/5.0/8/5/18
5.0,8,18,0,400,200,5,constant,geomean,0.06204836822995433,17,0,0,mixture/5.0/8/5/18
5.0,8,18,0,400,200,5,constant,ratio,0.04500000000000004,197,0,0,mixture/5.0/8/5/18
5.0,8,18,0,400,200,5,constant,ratio-half,0.05500000000000005,100,0,0,mixture/5.0/8/5/18
5.0,8,18,0,1000,200,5,constant,stated,0.5395907397331495,1,0,0,mixture/5.0/8/5/18
5.0,8,18,0,1000,200,5,constant,geomean,0.038366652186501676,4,0,0,mixture/5.0/8/5/18
5.0,8,18,0,1000,200,5,constant,ratio,0.041999999999999926,2,0,0,mixture/5.0/8/5/18
5.0,8,18,0,1000,200,5,constant,ratio-half,0.041999999999999926,2,0,0,mixture/5.0/8/5/18
5.0,8,19,0,400,200,5,constant,stated,0.6784994344878064,1,0,0,mixture/5.0/8/5/19
5.0,8,19,0,400,200,5,constant,geomean,0.06837397165588678,2,0,0,mixture/5.0/8/5/19
5.0,8,19,0,400,200,5,constant,ratio,0.06499999999999995,2,0,0,mixture/5.0/8/5/19
5.0,8,19,0,400,200,5,constant,ratio-half,0.06499999999999995,2,0,0,mixture/5.0/8/5/19
5.0,8,19,0,1000,200,5,constant,stated,0.5395907397331495,1,0,0,mixture/5.0/8/5/19
5.0,8,19,0,1000,200,5,constant,geomean,0.0357770876399966,24,0,0,mixture/5.0/8/5/19
5.0,8,19,0,1000,200,5,constant,ratio,0.026000000000000023,198,0,0,mixture/5.0/8/5/19
5.0,8,19,0,1000,200,5,constant,ratio-half,0.03200000000000003,74,0,0,mixture/5.0/8/5/19
5.0,9,0,0,400,200,5,constant,stated,0.6784994344878064,1,0,0,mixture/5.0/9/5/0
5.0,9,0,0,400,200,5,constant,geomean,0.06204836822995422,12,0,0,mixture/5.0/9/5/0
5.0,9,0,0,400,200,5,constant,ratio,0.04500000000000004,198,0,0,mixture/5.0/9/5/0
5.0,9,0,0,400,200,5,constant,ratio-half,0.05500000000000005,59,0,0,mixture/5.0/9/5/0
5.0,9,0,0,1000,200,5,constant,stated,0.5395907397331495,1,0,0,mixture/5.0/9/5/0
5.0,9,0,0,1000,200,5,constant,geomean,0.03919183588453084,11,0,0,mixture/5.0/9/5/0
5.0,9,0,0,1000,200,5,constant,ratio,0.02400000000000002,199,0,0,mixture/5.0/9/5/0
5.0,9,0,0,1000,200,5,constant,ratio-half,0.03200000000000003,63,0,0,mixture/5.0/9/5/0
5.0,9,1,0,400,200,5,constant,stated,0.6784994344878064,1,0,0,mixture/5.0/9/5/1
5.0,9,1,0,400,200,5,constant,geomean,0.06204836822995433,23,0,0,mixture/5.0/9/5/1
5.0,9,1,0,400,200,5,constant,ratio,0.04500000000000004,199,0,0,mixture/5.0/9/5/1
5.0,9,1,0,400,200,5,constant,ratio-half,0.05500000000000005,93,0,0,mixture/5.0/9/5/1
5.0,9,1,0,1000,200,5,constant,stated,0.5395907397331495,1,0,0,mixture/5.0/9/5/1
5.0,9,1,0,1000,200,5,constant,geomean,0.04079215610874232,7,0,0,mixture/5.0/9/5/1
5.0,9,1,0,1000,200,5,constant,ratio,0.041999999999999926,5,0,0,mixture/5.0/9/5/1
5.0,9,1,0,1000,200,5,constant,ratio-half,0.041999999999999926,5,0,0,mixture/5.0/9/5/1
5.0,9,2,0,400,200,5,constant,stated,0.6784994344878064,1,0,0,mixture/5.0/9/5/2
5.0,9,2,0,400,200,5,constant,geomean,0.06422616289332565,12,0,0,mixture/5.0/9/5/2
5.0,9,2,0,400,200,5,constant,ratio,0.06500000000000006,2,0,0,mixture/5.0/9/5/2
5.0,9,2,0,400,200,5,constant,ratio-half,0.06500000000000006,2,0,0,mixture/5.0/9/5/2
5.0,9,2,0,1000,200,5,constant,stated,0.5395907397331495,1,0,0,mixture/5.0/9/5/2
5.0,9,2,0,1000,200,5,constant,geomean,0.038366652186501676,5,0,0,mixture/5.0/9/5/2
5.0,9,2,0,1000,200,5,constant,ratio,0.040000000000000036,3,0,0,mixture/5.0/9/5/2
5.0,9,2,0,1000,200,5,constant,ratio-half,0.040000000000000036,3,0,0,mixture/5.0/9/5/2
5.0,9,3,0,400,200,5,constant,stated,0.6784994344878064,1,0,0,mixture/5.0/9/5/3
5.0,9,3,0,400,200,5,constant,geomean,0.0734846922834953,2,0,0,mixture/5.0/9/5/3
5.0,9,3,0,400,200,5,constant,ratio,0.06999999999999995,2,0,0,mixture/5.0/9/5/3
5.0,9,3,0,400,200,5,constant,ratio-half,0.06999999999999995,2,0,0,mixture/5.0/9/5/3
5.0,9,3,0,1000,200,5,constant,stated,0.5395907397331495,1,0,0,mixture/5.0/9/5/3
5.0,9,3,0,1000,200,5,constant,geomean,0.042332020977033445,4,0,0,mixture/5.0/9/5/3
5.0,9,3,0,1000,200,5,constant,ratio,0.04600000000000004,2,0,0,mixture/5.0/9/5/3
5.0,9,3,0,1000,200,5,constant,ratio-half,0.04600000000000004,2,0,0,mixture/5.0/9/5/3
5.0,9,4,0,400,200,5,constant,stated,0.6784994344878064,1,0,0,mixture/5.0/9/5/4
5.0,9,4,0,400,200,5,constant,geomean,0.06480740698407855,18,0,0,mixture/5.0/9/5/4
5.0,9,4,0,400,200,5,constant,ratio,0.050000000000000044,190,0,0,mixture/5.0/9/5/4
5.0,9,4,0,400,200,5,constant,ratio-half,0.06000000000000005,18,0,0,mixture/5.0/9/5/4
5.0,9,4,0,1000,200,5,constant,stated,0.5395907397331495,1,0,0,mixture/5.0/9/5/4
5.0,9,4,0,1000,200,5,constant,geomean,0.03919183588453084,10,0,0,mixture/5.0/9/5/4
5.0,9,4,0,1000,200,5,constant,ratio,0.04399999999999993,2,0,0,mixture/5.0/9/5/4
5.0,9,4,0,1000,200,5,constant,ratio-half,0.04399999999999993,2,0,0,mixture/5.0/9/5/4
5.0,9,5,0,400,200,5,constant,stated,0.6784994344878064,1,0,0,mixture/5.0/9/5/5
5.0,9,5,0,400,200,5,constant,geomean,0.062048368229954284,20,0,0,mixture/5.0/9/5/5
5.0,9,5,0,400,200,5,constant,ratio,0.04500000000000004,194,0,0,mixture/5.0/9/5/5
5.0,9,5,0,400,200,5,constant,ratio-half,0.05500000000000005,85,0,0,mixture/5.0/9/5/5
5.0,9,5,0,1000,200,5,constant,stated,0.5395907397331495,1,0,0,mixture/5.0/9/5/5
5.0,9,5,0,1000,200,5,constant,geomean,0.03919183588453082,6,0,0,mixture/5.0/9/5/5
5.0,9,5,0,1000,200,5,constant,ratio,0.04399999999999993,2,0,0,mixture/5.0/9/5/5
5.0,9,5,0,1000,200,5,constant,ratio-half,0.04399999999999993,2,0,0,mixture/5.0/9/5/5
5.0,9,6,0,400,200,5,constant,stated,0.6784994344878064,1,0,0,mixture/5.0/9/5/6
5.0,9,6,0,400,200,5,constant,geomean,0.062048368229954284,9,1,0,mixture/5.0/9/5/6
5.0,9,6,0,400,200,5,constant,ratio,0.04500000000000004,197,0,0,mixture/5.0/9/5/6
5.0,9,6,0,400,200,5,constant,ratio-half,0.05500000000000005,68,0,0,mixture/5.0/9/5/6
5.0,9,6,0,1000,200,5,constant,stated,0.5395907397331495,1,0,0,mixture/5.0/9/5/6
5.0,9,6,0,1000,200,5,constant,geomean,0.0375233260785874,12,0,0,mixture/5.0/9/5/6
5.0,9,6,0,1000,200,5,constant,ratio,0.026000000000000023,196,0,0,mixture/5.0/9/5/6
5.0,9,6,0,1000,200,5,constant,ratio-half,0.03200000000000003,67,0,0,mixture/5.0/9/5/6
5.0,9,7,0,400,200,5,constant,stated,0.6784994344878064,1,0,0,mixture/5.0/9/5/7
5.0,9,7,0,400,200,5,constant,geomean,0.06480740698407855,27,0,0,mixture/5.0/9/5/7
5.0,9,7,0,400,200,5,constant,ratio,0.04500000000000004,199,0,0,mixture/5.0/9/5/7
5.0,9,7,0,400,200,5,constant,ratio-half,0.06000000000000005,27,0,0,mixture/5.0/9/5/7
5.0,9,7,0,1000,200,5,constant,stated,0.5395907397331495,1,0,0,mixture/5.0/9/5/7
5.0,9,7,0,1000,200,5,constant,geomean,0.03919183588453088,8,0,0,mixture/5.0/9/5/7
5.0,9,7,0,1000,200,5,constant,ratio,0.026000000000000023,196,0,0,mixture/5.0/9/5/7
5.0,9,7,0,1000,200,5,constant,ratio-half,0.03200000000000003,83,0,0,mixture/5.0/9/5/7
5.0,9,8,0,400,200,5,constant,stated,0.6784994344878064,1,0,0,mixture/5.0/9/5/8
5.0,9,8,0,400,200,5,constant,geomean,0.06422616289332565,19,0,0,mixture/5.0/9/5/8
5.0,9,8,0,400,200,5,constant,ratio,0.050000000000000044,173,0,0,mixture/5.0/9/5/8
5.0,9,8,0,400,200,5,constant,ratio-half,0.05500000000000005,96,0,0,mixture/5.0/9/5/8
5.0,9,8,0,1000,200,5,constant,stated,0.5395907397331495,1,0,0,mixture/5.0/9/5/8
5.0,9,8,0,1000,200,5,constant,geomean,0.03919183588453088,9,1,0,mixture/5.0/9/5/8
5.0,9,8,0,1000,200,5,constant,ratio,0.04200000000000004,2,0,0,mixture/5.0/9/5/8
5.0,9,8,0,1000,200,5,constant,ratio-half,0.04200000000000004,2,0,0,mixture/5.0/9/5/8
5.0,9,9,0,400,200,5,constant,stated,0.6784994344878064,1,0,0,mixture/5.0/9/5/9
5.0,9,9,0,400,200,5,constant,geomean,0.06204836822995433,13,0,0,mixture/5.0/9/5/9
5.0,9,9,0,400,200,5,constant,ratio,0.04500000000000004,198,0,0,mixture/5.0/9/5/9
5.0,9,9,0,400,200,5,constant,ratio-half,0.05500000000000005,81,0,0,mixture/5.0/9/5/9
5.0,9,9,0,1000,200,5,constant,stated,0.5395907397331495,1,0,0,mixture/5.0/9/5/9
5.0,9,9,0,1000,200,5,constant,geomean,0.039999999999999966,6,0,0,mixture/5.0/9/5/9
5.0,9,9,0,1000,200,5,constant,ratio,0.04200000000000004,4,0,0,mixture/5.0/9/5/9
5.0,9,9,0,1000,200,5,constant,ratio-half,0.04200000000000004,4,0,0,mixture/5.0/9/5/9
5.0,9,10,0,400,200,5,constant,stated,0.6784994344878064,1,0,0,mixture/5.0/9/5/10
5.0,9,10,0,400,200,5,constant,geomean,0.062048368229954284,10,0,0,mixture/5.0/9/5/10
5.0,9,10,0,400,200,5,constant,ratio,0.04500000000000004,198,0,0,mixture/5.0/9/5/10
5.0,9,10,0,400,200,5,constant,ratio-half,0.05500000000000005,73,0,0,mixture/5.0/9/5/10
5.0,9,10,0,1000,200,5,constant,stated,0.5395907397331495,1,0,0,mixture/5.0/9/5/10
5.0,9,10,0,1000,200,5,constant,geomean,0.043081318457075995,2,0,0,mixture/5.0/9/5/10
5.0,9,10,0,1000,200,5,constant,ratio,0.04200000000000004,2,0,0,mixture/5.0/9/5/10
5.0,9,10,0,1000,200,5,constant,ratio-half,0.04200000000000004,2,0,0,mixture/5.0/9/5/10
5.0,9,11,0,400,200,5,constant,stated,0.6784994344878064,1,0,0,mixture/5.0/9/5/11
5.0,9,11,0,400,200,5,constant,geomean,0.062048368229954284,15,0,0,mixture/5.0/9/5/11
5.0,9,11,0,400,200,5,constant,ratio,0.050000000000000044,180,0,0,mixture/5.0/9/5/11
5.0,9,11,0,400,200,5,constant,ratio-half,0.05500000000000005,77,0,0,mixture/5.0/9/5/11
5.0,9,11,0,1000,200,5,constant,stated,0.5395907397331495,1,0,0,mixture/5.0/9/5/11
5.0,9,11,0,1000,200,5,constant,geomean,0.039999999999999925,5,0,0,mixture/5.0/9/5/11
5.0,9,11,0,1000,200,5,constant,ratio,0.040000000000000036,4,0,0,mixture/5.0/9/5/11
5.0,9,11,0,1000,200,5,constant,ratio-half,0.040000000000000036,4,0,0,mixture/5.0/9/5/11
5.0,9,12,0,400,200,5,constant,stated,0.6784994344878064,1,0,0,mixture/5.0/9/5/12
5.0,9,12,0,400,200,5,constant,geomean,0.06480740698407855,22,0,0,mixture/5.0/9/5/12
5.0,9,12,0,400,200,5,constant,ratio,0.04500000000000004,199,0,0,mixture/5.0/9/5/12
5.0,9,12,0,400,200,5,constant,ratio-half,0.06000000000000005,22,0,0,mixture/5.0/9/5/12
5.0,9,12,0,1000,200,5,constant,stated,0.5395907397331495,1,0,0,mixture/5.0/9/5/12
5.0,9,12,0,1000,200,5,constant,geomean,0.04595650117230427,3,0,0,mixture/5.0/9/5/12
5.0,9,12,0,1000,200,5,constant,ratio,0.04800000000000004,2,0,0,mixture/5.0/9/5/12
5.0,9,12,0,1000,200,5,constant,ratio-half,0.04800000000000004,2,0,0,mixture/5.0/9/5/12
5.0,9,13,0,400,200,5,constant,stated,0.6784994344878064,1,0,0,mixture/5.0/9/5/13
5.0,9,13,0,400,200,5,constant,geomean,0.07141428428542845,3,0,0,mixture/5.0/9/5/13
5.0,9,13,0,400,200,5,constant,ratio,0.07500000000000007,2,0,0,mixture/5.0/9/5/13
5.0,9,13,0,400,200,5,constant,ratio-half,0.07500000000000007,2,0,0,mixture/5.0/9/5/13
5.0,9,13,0,1000,200,5,constant,stated,0.5395907397331495,1,0,0,mixture/5.0/9/5/13
5.0,9,13,0,1000,200,5,constant,geomean,0.03752332607858747,14,0,0,mixture/5.0/9/5/13
5.0,9,13,0,1000,200,5,constant,ratio,0.040000000000000036,5,0,0,mixture/5.0/9/5/13
5.0,9,13,0,1000,200,5,constant,ratio-half,0.040000000000000036,5,0,0,mixture/5.0/9/5/13
5.0,9,14,0,400,200,5,constant,stated,0.6784994344878064,1,0,0,mixture/5.0/9/5/14
5.0,9,14,0,400,200,5,constant,geomean,0.062048368229954284,18,0,0,mixture/5.0/9/5/14
5.0,9,14,0,400,200,5,constant,ratio,0.04500000000000004,198,0,0,mixture/5.0/9/5/14
5.0,9,14,0,400,200,5,constant,ratio-half,0.05500000000000005,66,0,0,mixture/5.0/9/5/14
5.0,9,14,0,1000,200,5,constant,stated,0.5395907397331495,1,0,0,mixture/5.0/9/5/14
5.0,9,14,0,1000,200,5,constant,geomean,0.03919183588453077,4,0,0,mixture/5.0/9/5/14
5.0,9,14,0,1000,200,5,constant,ratio,0.040000000000000036,3,0,0,mixture/5.0/9/5/14
5.0,9,14,0,1000,200,5,constant,ratio-half,0.040000000000000036,3,0,0,mixture/5.0/9/5/14
5.0,9,15,0,400,200,5,constant,stated,0.6784994344878064,1,0,0,mixture/5.0/9/5/15
5.0,9,15,0,400,200,5,constant,geomean,0.0670820393249937,8,0,0,mixture/5.0/9/5/15
5.0,9,15,0,400,200,5,constant,ratio,0.050000000000000044,189,0,0,mixture/5.0/9/5/15
5.0,9,15,0,400,200,5,constant,ratio-half,0.06000000000000005,32,0,0,mixture/5.0/9/5/15
5.0,9,15,0,1000,200,5,constant,stated,0.5395907397331495,1,0,0,mixture/5.0/9/5/15
5.0,9,15,0,1000,200,5,constant,geomean,0.04233202097703349,2,0,0,mixture/5.0/9/5/15
5.0,9,15,0,1000,200,5,constant,ratio,0.040000000000000036,2,0,0,mixture/5.0/9/5/15
5.0,9,15,0,1000,200,5,constant,ratio-half,0.040000000000000036,2,0,0,mixture/5.0/9/5/15
5.0,9,16,0,400,200,5,constant,stated,0.6784994344878064,1,0,0,mixture/5.0/9/5/16
5.0,9,16,0,400,200,5,constant,geomean,0.06204836822995433,27,0,0,mixture/5.0/9/5/16
5.0,9,16,0,400,200,5,constant,ratio,0.04500000000000004,198,0,0,mixture/5.0/9/5/16
5.0,9,16,0,400,200,5,constant,ratio-half,0.05500000000000005,98,0,0,mixture/5.0/9/5/16
5.0,9,16,0,1000,200,5,constant,stated,0.5395907397331495,1,0,0,mixture/5.0/9/5/16
5.0,9,16,0,1000,200,5,constant,geomean,0.04454211490264018,3,0,0,mixture/5.0/9/5/16
5.0,9,16,0,1000,200,5,constant,ratio,0.04800000000000004,2,0,0,mixture/5.0/9/5/16
5.0,9,16,0,1000,200,5,constant,ratio-half,0.04800000000000004,2,0,0,mixture/5.0/9/5/16
5.0,9,17,0,400,200,5,constant,stated,0.6784994344878064,1,0,0,mixture/5.0/9/5/17
5.0,9,17,0,400,200,5,constant,geomean,0.0648074069840786,36,0,0,mixture/5.0/9/5/17
5.0,9,17,0,400,200,5,constant,ratio,0.050000000000000044,189,0,0,mixture/5.0/9/5/17
5.0,9,17,0,400,200,5,constant,ratio-half,0.06000000000000005,36,0,0,mixture/5.0/9/5/17
5.0,9,17,0,1000,200,5,constant,stated,0.5395907397331495,1,0,0,mixture/5.0/9/5/17
5.0,9,17,0,1000,200,5,constant,geomean,0.04233202097703349,5,0,0,mixture/5.0/9/5/17
5.0,9,17,0,1000,200,5,constant,ratio,0.04599999999999993,2,0,0,mixture/5.0/9/5/17
5.0,9,17,0,1000,200,5,constant,ratio-half,0.04599999999999993,2,0,0,mixture/5.0/9/5/17
5.0,9,18,0,400,200,5,constant,stated,0.6784994344878064,1,0,0,mixture/5.0/9/5/18
5.0,9,18,0,400,200,5,constant,geomean,0.06422616289332565,17,0,0,mixture/5.0/9/5/18
5.0,9,18,0,400,200,5,constant,ratio,0.04500000000000004,194,0,0,mixture/5.0/9/5/18
5.0,9,18,0,400,200,5,constant,ratio-half,0.05500000000000005,77,0,0,mixture/5.0/9/5/18
5.0,9,18,0,1000,200,5,constant,stated,0.5395907397331495,1,0,0,mixture/5.0/9/5/18
5.0,9,18,0,1000,200,5,constant,geomean,0.04156921938165298,5,0,0,mixture/5.0/9/5/18
5.0,9,18,0,1000,200,5,constant,ratio,0.04600000000000004,2,0,0,mixture/5.0/9/5/18
5.0,9,18,0,1000,200,5,constant,ratio-half,0.04600000000000004,2,0,0,mixture/5.0/9/5/18
5.0,9,19,0,400,200,5,constant,stated,0.6784994344878064,1,0,0,mixture/5.0/9/5/19
5.0,9,19,0,400,200,5,constant,geomean,0.062048368229954284,15,0,0,mixture/5.0/9/5/19
5.0,9,19,0,400,200,5,constant,ratio,0.04500000000000004,197,0,0,mixture/5.0/9/5/19
5.0,9,19,0,400,200,5,constant,ratio-half,0.05500000000000005,70,0,0,mixture/5.0/9/5/19
5.0,9,19,0,1000,200,5,constant,stated,0.5395907397331495,1,0,0,mixture/5.0/9/5/19
5.0,9,19,0,1000,200,5,constant,geomean,0.03872983346207416,4,0,0,mixture/5.0/9/5/19
5.0,9,19,0,1000,200,5,constant,ratio,0.038000000000000034,4,0,0,mixture/5.0/9/5/19
5.0,9,19,0,1000,200,5,constant,ratio-half,0.038000000000000034,4,0,0,mixture/5.0/9/5/19
5.0,10,0,0,400,200,5,constant,stated,0.6784994344878064,1,0,0,mixture/5.0/10/5/0
5.0,10,0,0,400,200,5,constant,geomean,0.06708203932499364,5,0,0,mixture/5.0/10/5/0
5.0,10,0,0,400,200,5,constant,ratio,0.050000000000000044,185,0,0,mixture/5.0/10/5/0
5.0,10,0,0,400,200,5,constant,ratio-half,0.06000000000000005,28,0,0,mixture/5.0/10/5/0
5.0,10,0,0,1000,200,5,constant,stated,0.5395907397331495,1,0,0,mixture/5.0/10/5/0
5.0,10,0,0,1000,200,5,constant,geomean,0.04039801975344828,8,0,0,mixture/5.0/10/5/0
5.0,10,0,0,1000,200,5,constant,ratio,0.04400000000000004,2,0,0,mixture/5.0/10/5/0
5.0,10,0,0,1000,200,5,constant,ratio-half,0.04400000000000004,2,0,0,mixture/5.0/10/5/0
5.0,10,1,0,400,200,5,constant,stated,0.6784994344878064,1,0,0,mixture/5.0/10/5/1
5.0,10,1,0,400,200,5,constant,geomean,0.059791303715506984,38,0,0,mixture/5.0/10/5/1
5.0,10,1,0,400,200,5,constant,ratio,0.050000000000000044,164,0,0,mixture/5.0/10/5/1
5.0,10,1,0,400,200,5,constant,ratio-half,0.05500000000000005,38,0,0,mixture/5.0/10/5/1
5.0,10,1,0,1000,200,5,constant,stated,0.5395907397331495,1,0,0,mixture/5.0/10/5/1
5.0,10,1,0,1000,200,5,constant,geomean,0.0357770876399966,11,0,0,mixture/5.0/10/5/1
5.0,10,1,0,1000,200,5,constant,ratio,0.02400000000000002,199,0,0,mixture/5.0/10/5/1
5.0,10,1,0,1000,200,5,constant,ratio-half,0.03200000000000003,36,0,0,mixture/5.0/10/5/1
5.0,10,2,0,400,200,5,constant,stated,0.6784994344878064,1,0,0,mixture/5.0/10/5/2
5.0,10,2,0,400,200,5,constant,geomean,0.059791303715507046,84,0,0,mixture/5.0/10/5/2
5.0,10,2,0,400,200,5,constant,ratio,0.04500000000000004,197,0,0,mixture/5.0/10/5/2
5.0,10,2,0,400,200,5,constant,ratio-half,0.05500000000000005,84,0,0,mixture/5.0/10/5/2
5.0,10,2,0,1000,200,5,constant,stated,0.5395907397331495,1,0,0,mixture/5.0/10/5/2
5.0,10,2,0,1000,200,5,constant,geomean,0.038366652186501746,7,0,0,mixture/5.0/10/5/2
5.0,10,2,0,1000,200,5,constant,ratio,0.038000000000000034,7,0,0,mixture/5.0/10/5/2
5.0,10,2,0,1000,200,5,constant,ratio-half,0.038000000000000034,7,0,0,mixture/5.0/10/5/2
5.0,10,3,0,400,200,5,constant,stated,0.6784994344878064,1,0,0,mixture/5.0/10/5/3
5.0,10,3,0,400,200,5,constant,geomean,0.06708203932499364,5,0,0,mixture/5.0/10/5/3
5.0,10,3,0,400,200,5,constant,ratio,0.04500000000000004,199,0,0,mixture/5.0/10/5/3
5.0,10,3,0,400,200,5,constant,ratio-half,0.06000000000000005,28,0,0,mixture/5.0/10/5/3
5.0,10,3,0,1000,200,5,constant,stated,0.5395907397331495,1,0,0,mixture/5.0/10/5/3
5.0,10,3,0,1000,200,5,constant,geomean,0.03919183588453084,11,0,0,mixture/5.0/10/5/3
5.0,10,3,0,1000,200,5,constant,ratio,0.04200000000000004,3,0,0,mixture/5.0/10/5/3
5.0,10,3,0,1000,200,5,constant,ratio-half,0.04200000000000004,3,0,0,mixture/5.0/10/5/3
5.0,10,4,0,400,200,5,constant,stated,0.6784994344878064,1,0,0,mixture/5.0/10/5/4
5.0,10,4,0,400,200,5,constant,geomean,0.059791303715507046,95,0,0,mixture/5.0/10/5/4
5.0,10,4,0,400,200,5,constant,ratio,0.050000000000000044,180,0,0,mixture/5.0/10/5/4
5.0,10,4,0,400,200,5,constant,ratio-half,0.05500000000000005,95,0,0,mixture/5.0/10/5/4
5.0,10,4,0,1000,200,5,constant,stated,0.5395907397331495,1,0,0,mixture/5.0/10/5/4
5.0,10,4,0,1000,200,5,constant,geomean,0.038366652186501725,6,0,0,mixture/5.0/10/5/4
5.0,10,4,0,1000,200,5,constant,ratio,0.038000000000000034,6,0,0,mixture/5.0/10/5/4
5.0,10,4,0,1000,200,5,constant,ratio-half,0.038000000000000034,6,0,0,mixture/5.0/10/5/4
5.0,10,5,0,400,200,5,constant,stated,0.6784994344878064,1,0,0,mixture/5.0/10/5/5
5.0,10,5,0,400,200,5,constant,geomean,0.06204836822995433,19,0,0,mixture/5.0/10/5/5
5.0,10,5,0,400,200,5,constant,ratio,0.04500000000000004,199,0,0,mixture/5.0/10/5/5
5.0,10,5,0,400,200,5,constant,ratio-half,0.05500000000000005,90,0,0,mixture/5.0/10/5/5
5.0,10,5,0,1000,200,5,constant,stated,0.5395907397331495,1,0,0,mixture/5.0/10/5/5
5.0,10,5,0,1000,200,5,constant,geomean,0.035777087639996666,38,0,0,mixture/5.0/10/5/5
5.0,10,5,0,1000,200,5,constant,ratio,0.028000000000000025,195,0,0,mixture/5.0/10/5/5
5.0,10,5,0,1000,200,5,constant,ratio-half,0.03200000000000003,91,0,0,mixture/5.0/10/5/5
5.0,10,6,0,400,200,5,constant,stated,0.6784994344878064,1,0,0,mixture/5.0/10/5/6
5.0,10,6,0,400,200,5,constant,geomean,0.06204836822995433,22,0,0,mixture/5.0/10/5/6
5.0,10,6,0,400,200,5,constant,ratio,0.04500000000000004,198,0,0,mixture/5.0/10/5/6
5.0,10,6,0,400,200,5,constant,ratio-half,0.05500000000000005,94,0,0,mixture/5.0/10/5/6
5.0,10,6,0,1000,200,5,constant,stated,0.5395907397331495,1,0,0,mixture/5.0/10/5/6
5.0,10,6,0,1000,200,5,constant,geomean,0.03752332607858747,19,0,0,mixture/5.0/10/5/6
5.0,10,6,0,1000,200,5,constant,ratio,0.026000000000000023,199,0,0,mixture/5.0/10/5/6
5.0,10,6,0,1000,200,5,constant,ratio-half,0.03200000000000003,92,0,0,mixture/5.0/10/5/6
5.0,10,7,0,400,200,5,constant,stated,0.6784994344878064,1,0,0,mixture/5.0/10/5/7
5.0,10,7,0,400,200,5,constant,geomean,0.06633249580710805,4,0,0,mixture/5.0/10/5/7
5.0,10,7,0,400,200,5,constant,ratio,0.06999999999999995,2,0,0,mixture/5.0/10/5/7
5.0,10,7,0,400,200,5,constant,ratio-half,0.06999999999999995,2,0,0,mixture/5.0/10/5/7
5.0,10,7,0,1000,200,5,constant,stated,0.5395907397331495,1,0,0,mixture/5.0/10/5/7
5.0,10,7,0,1000,200,5,constant,geomean,0.03999999999999999,10,1,0,mixture/5.0/10/5/7
5.0,10,7,0,1000,200,5,constant,ratio,0.04200000000000004,4,0,0,mixture/5.0/10/5/7
5.0,10,7,0,1000,200,5,constant,ratio-half,0.04200000000000004,4,0,0,mixture/5.0/10/5/7
5.0,10,8,0,400,200,5,constant,stated,0.6784994344878064,1,0,0,mixture/5.0/10/5/8
5.0,10,8,0,400,200,5,constant,geomean,0.06204836822995433,27,0,0,mixture/5.0/10/5/8
5.0,10,8,0,400,200,5,constant,ratio,0.050000000000000044,179,0,0,mixture/5.0/10/5/8
5.0,10,8,0,400,200,5,constant,ratio-half,0.05500000000000005,87,0,0,mixture/5.0/10/5/8
5.0,10,8,0,1000,200,5,constant,stated,0.5395907397331495,1,0,0,mixture/5.0/10/5/8
5.0,10,8,0,1000,200,5,constant,geomean,0.03919183588453084,6,0,0,mixture/5.0/10/5/8
5.0,10,8,0,1000,200,5,constant,ratio,0.026000000000000023,197,0,0,mixture/5.0/10/5/8
5.0,10,8,0,1000,200,5,constant,ratio-half,0.03200000000000003,78,0,0,mixture/5.0/10/5/8
5.0,10,9,0,400,200,5,constant,stated,0.6784994344878064,1,0,0,mixture/5.0/10/5/9
5.0,10,9,0,400,200,5,constant,geomean,0.06928203230275509,7,0,0,mixture/5.0/10/5/9
5.0,10,9,0,400,200,5,constant,ratio,0.04500000000000004,199,0,0,mixture/5.0/10/5/9
5.0,10,9,0,400,200,5,constant,ratio-half,0.06000000000000005,29,0,0,mixture/5.0/10/5/9
5.0,10,9,0,1000,200,5,constant,stated,0.5395907397331495,1,0,0,mixture/5.0/10/5/9
5.0,10,9,0,1000,200,5,constant,geomean,0.04156921938165305,5,0,0,mixture/5.0/10/5/9
5.0,10,9,0,1000,200,5,constant,ratio,0.04400000000000004,2,0,0,mixture/5.0/10/5/9
5.0,10,9,0,1000,200,5,constant,ratio-half,0.04400000000000004,2,0,0,mixture/5.0/10/5/9
5.0,10,10,0,400,200,5,constant,stated,0.6784994344878064,1,0,0,mixture/5.0/10/5/10
5.0,10,10,0,400,200,5,constant,geomean,0.06633249580710801,6,0,0,mixture/5.0/10/5/10
5.0,10,10,0,400,200,5,constant,ratio,0.050000000000000044,169,0,0,mixture/5.0/10/5/10
5.0,10,10,0,400,200,5,constant,ratio-half,0.05500000000000005,85,0,0,mixture/5.0/10/5/10
5.0,10,10,0,1000,200,5,constant,stated,0.5395907397331495,1,0,0,mixture/5.0/10/5/10
5.0,10,10,0,1000,200,5,constant,geomean,0.03836665218650179,8,0,0,mixture/5.0/10/5/10
5.0,10,10,0,1000,200,5,constant,ratio,0.026000000000000023,196,0,0,mixture/5.0/10/5/10
5.0,10,10,0,1000,200,5,constant,ratio-half,0.03200000000000003,100,0,0,mixture/5.0/10/5/10
5.0,10,11,0,400,200,5,constant,stated,0.6784994344878064,1,0,0,mixture/5.0/10/5/11
5.0,10,11,0,400,200,5,constant,geomean,0.06633249580710805,3,0,0,mixture/5.0/10/5/11
5.0,10,11,0,400,200,5,constant,ratio,0.06999999999999995,2,0,0,mixture/5.0/10/5/11
5.0,10,11,0,400,200,5,constant,ratio-half,0.06999999999999995,2,0,0,mixture/5.0/10/5/11
5.0,10,11,0,1000,200,5,constant,stated,0.5395907397331495,1,0,0,mixture/5.0/10/5/11
5.0,10,11,0,1000,200,5,constant,geomean,0.04233202097703341,4,0,0,mixture/5.0/10/5/11
5.0,10,11,0,1000,200,5,constant,ratio,0.04399999999999993,3,0,0,mixture/5.0/10/5/11
5.0,10,11,0,1000,200,5,constant,ratio-half,0.04399999999999993,3,0,0,mixture/5.0/10/5/11
5.0,10,12,0,400,200,5,constant,stated,0.6784994344878064,1,0,0,mixture/5.0/10/5/12
5.0,10,12,0,400,200,5,constant,geomean,0.06204836822995428,17,0,0,mixture/5.0/10/5/12
5.0,10,12,0,400,200,5,constant,ratio,0.04500000000000004,194,0,0,mixture/5.0/10/5/12
5.0,10,12,0,400,200,5,constant,ratio-half,0.05500000000000005,72,0,0,mixture/5.0/10/5/12
5.0,10,12,0,1000,200,5,constant,stated,0.5395907397331495,1,0,0,mixture/5.0/10/5/12
5.0,10,12,0,1000,200,5,constant,geomean,0.039999999999999966,4,0,0,mixture/5.0/10/5/12
5.0,10,12,0,1000,200,5,constant,ratio,0.040000000000000036,3,0,0,mixture/5.0/10/5/12
5.0,10,12,0,1000,200,5,constant,ratio-half,0.040000000000000036,3,0,0,mixture/5.0/10/5/12
5.0,10,13,0,400,200,5,constant,stated,0.6784994344878064,1,0,0,mixture/5.0/10/5/13
5.0,10,13,0,400,200,5,constant,geomean,0.0642261628933257,23,0,0,mixture/5.0/10/5/13
5.0,10,13,0,400,200,5,constant,ratio,0.04500000000000004,199,0,0,mixture/5.0/10/5/13
5.0,10,13,0,400,200,5,constant,ratio-half,0.05500000000000005,76,0,0,mixture/5.0/10/5/13
5.0,10,13,0,1000,200,5,constant,stated,0.5395907397331495,1,0,0,mixture/5.0/10/5/13
5.0,10,13,0,1000,200,5,constant,geomean,0.04156921938165305,6,0,0,mixture/5.0/10/5/13
5.0,10,13,0,1000,200,5,constant,ratio,0.04599999999999993,3,0,0,mixture/5.0/10/5/13
5.0,10,13,0,1000,200,5,constant,ratio-half,0.04599999999999993,3,0,0,mixture/5.0/10/5/13
5.0,10,14,0,400,200,5,constant,stated,0.6784994344878064,1,0,0,mixture/5.0/10/5/14
5.0,10,14,0,400,200,5,constant,geomean,0.059791303715507046,75,0,0,mixture/5.0/10/5/14
5.0,10,14,0,400,200,5,constant,ratio,0.050000000000000044,184,0,0,mixture/5.0/10/5/14
5.0,10,14,0,400,200,5,constant,ratio-half,0.05500000000000005,75,0,0,mixture/5.0/10/5/14
5.0,10,14,0,1000,200,5,constant,stated,0.5395907397331495,1,0,0,mixture/5.0/10/5/14
5.0,10,14,0,1000,200,5,constant,geomean,0.0357770876399966,24,0,0,mixture/5.0/10/5/14
5.0,10,14,0,1000,200,5,constant,ratio,0.026000000000000023,198,0,0,mixture/5.0/10/5/14
5.0,10,14,0,1000,200,5,constant,ratio-half,0.03200000000000003,68,0,0,mixture/5.0/10/5/14
5.0,10,15,0,400,200,5,constant,stated,0.6784994344878064,1,0,0,mixture/5.0/10/5/15
5.0,10,15,0,400,200,5,constant,geomean,0.06204836822995428,11,0,0,mixture/5.0/10/5/15
5.0,10,15,0,400,200,5,constant,ratio,0.050000000000000044,168,0,0,mixture/5.0/10/5/15
5.0,10,15,0,400,200,5,constant,ratio-half,0.05500000000000005,65,0,0,mixture/5.0/10/5/15
5.0,10,15,0,1000,200,5,constant,stated,0.5395907397331495,1,0,0,mixture/5.0/10/5/15
5.0,10,15,0,1000,200,5,constant,geomean,0.038366652186501725,5,0,0,mixture/5.0/10/5/15
5.0,10,15,0,1000,200,5,constant,ratio,0.04200000000000004,3,0,0,mixture/5.0/10/5/15
5.0,10,15,0,1000,200,5,constant,ratio-half,0.04200000000000004,3,0,0,mixture/5.0/10/5/15
5.0,10,16,0,400,200,5,constant,stated,0.6784994344878064,1,0,0,mixture/5.0/10/5/16
5.0,10,16,0,400,200,5,constant,geomean,0.06204836822995428,11,0,0,mixture/5.0/10/5/16
5.0,10,16,0,400,200,5,constant,ratio,0.04500000000000004,197,0,0,mixture/5.0/10/5/16
5.0,10,16,0,400,200,5,constant,ratio-half,0.05500000000000005,61,0,0,mixture/5.0/10/5/16
5.0,10,16,0,1000,200,5,constant,stated,0.5395907397331495,1,0,0,mixture/5.0/10/5/16
5.0,10,16,0,1000,200,5,constant,geomean,0.03919183588453084,9,0,0,mixture/5.0/10/5/16
5.0,10,16,0,1000,200,5,constant,ratio,0.04399999999999993,2,0,0,mixture/5.0/10/5/16
5.0,10,16,0,1000,200,5,constant,ratio-half,0.04399999999999993,2,0,0,mixture/5.0/10/5/16
5.0,10,17,0,400,200,5,constant,stated,0.6784994344878064,1,0,0,mixture/5.0/10/5/17
5.0,10,17,0,400,200,5,constant,geomean,0.06633249580710801,6,0,0,mixture/5.0/10/5/17
5.0,10,17,0,400,200,5,constant,ratio,0.07000000000000006,2,0,0,mixture/5.0/10/5/17
5.0,10,17,0,400,200,5,constant,ratio-half,0.07000000000000006,2,0,0,mixture/5.0/10/5/17
5.0,10,17,0,1000,200,5,constant,stated,0.5395907397331495,1,0,0,mixture/5.0/10/5/17
5.0,10,17,0,1000,200,5,constant,geomean,0.04595650117230427,2,0,0,mixture/5.0/10/5/17
5.0,10,17,0,1000,200,5,constant,ratio,0.041999999999999926,2,0,0,mixture/5.0/10/5/17
5.0,10,17,0,1000,200,5,constant,ratio-half,0.041999999999999926,2,0,0,mixture/5.0/10/5/17
5.0,10,18,0,400,200,5,constant,stated,0.6784994344878064,1,0,0,mixture/5.0/10/5/18
5.0,10,18,0,400,200,5,constant,geomean,0.062048368229954284,13,0,0,mixture/5.0/10/5/18
5.0,10,18,0,400,200,5,constant,ratio,0.04500000000000004,199,0,0,mixture/5.0/10/5/18
5.0,10,18,0,400,200,5,constant,ratio-half,0.05500000000000005,92,0,0,mixture/5.0/10/5/18
5.0,10,18,0,1000,200,5,constant,stated,0.5395907397331495,1,0,0,mixture/5.0/10/5/18
5.0,10,18,0,1000,200,5,constant,geomean,0.0375233260785874,6,0,0,mixture/5.0/10/5/18
5.0,10,18,0,1000,200,5,constant,ratio,0.03600000000000003,6,0,0,mixture/5.0/10/5/18
5.0,10,18,0,1000,200,5,constant,ratio-half,0.03600000000000003,6,0,0,mixture/5.0/10/5/18
5.0,10,19,0,400,200,5,constant,stated,0.6784994344878064,1,0,0,mixture/5.0/10/5/19
5.0,10,19,0,400,200,5,constant,geomean,0.062048368229954284,29,0,0,mixture/5.0/10/5/19
5.0,10,19,0,400,200,5,constant,ratio,0.050000000000000044,183,0,0,mixture/5.0/10/5/19
5.0,10,19,0,400,200,5,constant,ratio-half,0.05500000000000005,100,0,0,mixture/5.0/10/5/19
5.0,10,19,0,1000,200,5,constant,stated,0.5395907397331495,1,0,0,mixture/5.0/10/5/19
5.0,10,19,0,1000,200,5,constant,geomean,0.043634848458542784,9,0,0,mixture/5.0/10/5/19
5.0,10,19,0,1000,200,5,constant,ratio,0.050000000000000044,3,0,0,mixture/5.0/10/5/19
5.0,10,19,0,1000,200,5,constant,ratio-half,0.050000000000000044,3,0,0,mixture/5.0/10/5/19
10.0,2,0,0,400,200,5,constant,stated,0.6784994344878064,1,0,0,mixture/10.0/2/5/0
10.0,2,0,0,400,200,5,constant,geomean,0.061237243569579464,2,1,1,mixture/10.0/2/5/0
10.0,2,0,0,400,200,5,constant,ratio,0.06000000000000005,2,1,1,mixture/10.0/2/5/0
10.0,2,0,0,400,200,5,constant,ratio-half,0.06000000000000005,2,1,1,mixture/10.0/2/5/0
10.0,2,0,0,1000,200,5,constant,stated,0.5395907397331495,1,0,0,mixture/10.0/2/5/0
10.0,2,0,0,1000,200,5,constant,geomean,0.040298883359219766,2,1,1,mixture/10.0/2/5/0
10.0,2,0,0,1000,200,5,constant,ratio,0.03400000000000003,2,1,1,mixture/10.0/2/5/0
10.0,2,0,0,1000,200,5,constant,ratio-half,0.03400000000000003,2,1,1,mixture/10.0/2/5/0
10.0,2,1,0,400,200,5,constant,stated,0.6784994344878064,1,0,0,mixture/10.0/2/5/1
10.0,2,1,0,400,200,5,constant,geomean,0.052440442408507565,48,0,0,mixture/10.0/2/5/1
10.0,2,1,0,400,200,5,constant,ratio,0.04500000000000004,183,0,0,mixture/10.0/2/5/1
10.0,2,1,0,400,200,5,constant,ratio-half,0.050000000000000044,48,0,0,mixture/10.0/2/5/1
10.0,2,1,0,1000,200,5,constant,stated,0.5395907397331495,1,0,0,mixture/10.0/2/5/1
10.0,2,1,0,1000,200,5,constant,geomean,0.03174901573277507,5,0,0,mixture/10.0/2/5/1
10.0,2,1,0,1000,200,5,constant,ratio,0.03200000000000003,2,1,0,mixture/10.0/2/5/1
10.0,2,1,0,1000,200,5,constant,ratio-half,0.03200000000000003,2,1,0,mixture/10.0/2/5/1
10.0,2,2,0,400,200,5,constant,stated,0.6784994344878064,1,0,0,mixture/10.0/2/5/2
10.0,2,2,0,400,200,5,constant,geomean,0.06204836822995422,3,0,0,mixture/10.0/2/5/2
10.0,2,2,0,400,200,5,constant,ratio,0.04500000000000004,198,0,0,mixture/10.0/2/5/2
10.0,2,2,0,400,200,5,constant,ratio-half,0.05500000000000005,19,0,0,mixture/10.0/2/5/2
10.0,2,2,0,1000,200,5,constant,stated,0.5395907397331495,1,0,0,mixture/10.0/2/5/2
10.0,2,2,0,1000,200,5,constant,geomean,0.03464101615137746,2,1,1,mixture/10.0/2/5/2
10.0,2,2,0,1000,200,5,constant,ratio,0.03400000000000003,2,1,1,mixture/10.0/2/5/2
10.0,2,2,0,1000,200,5,constant,ratio-half,0.03400000000000003,2,1,1,mixture/10.0/2/5/2
10.0,2,3,0,400,200,5,constant,stated,0.6784994344878064,1,0,0,mixture/10.0/2/5/3
10.0,2,3,0,400,200,5,constant,geomean,0.05916079783099616,7,0,0,mixture/10.0/2/5/3
10.0,2,3,0,400,200,5,constant,ratio,0.05999999999999994,2,1,0,mixture/10.0/2/5/3
10.0,2,3,0,400,200,5,constant,ratio-half,0.05999999999999994,2,1,0,mixture/10.0/2/5/3
10.0,2,3,0,1000,200,5,constant,stated,0.5395907397331495,1,0,0,mixture/10.0/2/5/3
10.0,2,3,0,1000,200,5,constant,geomean,0.03174901573277512,17,0,0,mixture/10.0/2/5/3
10.0,2,3,0,1000,200,5,constant,ratio,0.03200000000000003,2,1,1,mixture/10.0/2/5/3
10.0,2,3,0,1000,200,5,constant,ratio-half,0.03200000000000003,2,1,1,mixture/10.0/2/5/3
10.0,2,4,0,400,200,5,constant,stated,0.6784994344878064,1,0,0,mixture/10.0/2/5/4
10.0,2,4,0,400,200,5,constant,geomean,0.0570087712549569,5,0,0,mixture/10.0/2/5/4
10.0,2,4,0,400,200,5,constant,ratio,0.04500000000000004,193,0,0,mixture/10.0/2/5/4
10.0,2,4,0,400,200,5,constant,ratio-half,0.050000000000000044,72,0,0,mixture/10.0/2/5/4
10.0,2,4,0,1000,200,5,constant,stated,0.5395907397331495,1,0,0,mixture/10.0/2/5/4
10.0,2,4,0,1000,200,5,constant,geomean,0.030854497241083002,12,0,0,mixture/10.0/2/5/4
10.0,2,4,0,1000,200,5,constant,ratio,0.02400000000000002,193,0,0,mixture/10.0/2/5/4
10.0,2,4,0,1000,200,5,constant,ratio-half,0.028000000000000025,66,0,0,mixture/10.0/2/5/4
10.0,2,5,0,400,200,5,constant,stated,0.6784994344878064,1,0,0,mixture/10.0/2/5/5
10.0,2,5,0,400,200,5,constant,geomean,0.05477225575051666,85,0,0,mixture/10.0/2/5/5
10.0,2,5,0,400,200,5,constant,ratio,0.04500000000000004,190,0,0,mixture/10.0/2/5/5
10.0,2,5,0,400,200,5,constant,ratio-half,0.050000000000000044,85,0,0,mixture/10.0/2/5/5
10.0,2,5,0,1000,200,5,constant,stated,0.5395907397331495,1,0,0,mixture/10.0/2/5/5
10.0,2,5,0,1000,200,5,constant,geomean,0.03261901286060016,6,0,0,mixture/10.0/2/5/5
10.0,2,5,0,1000,200,5,constant,ratio,0.02400000000000002,199,0,0,mixture/10.0/2/5/5
10.0,2,5,0,1000,200,5,constant,ratio-half,0.028000000000000025,75,0,0,mixture/10.0/2/5/5
10.0,2,6,0,400,200,5,constant,stated,0.6784994344878064,1,0,0,mixture/10.0/2/5/6
10.0,2,6,0,400,200,5,constant,geomean,0.059791303715506935,21,0,0,mixture/10.0/2/5/6
10.0,2,6,0,400,200,5,constant,ratio,0.04500000000000004,193,0,0,mixture/10.0/2/5/6
10.0,2,6,0,400,200,5,constant,ratio-half,0.05500000000000005,21,0,0,mixture/10.0/2/5/6
10.0,2,6,0,1000,200,5,constant,stated,0.5395907397331495,1,0,0,mixture/10.0/2/5/6
10.0,2,6,0,1000,200,5,constant,geomean,0.03464101615137746,2,1,1,mixture/10.0/2/5/6
10.0,2,6,0,1000,200,5,constant,ratio,0.03399999999999992,2,1,1,mixture/10.0/2/5/6
10.0,2,6,0,1000,200,5,constant,ratio-half,0.03399999999999992,2,1,1,mixture/10.0/2/5/6
10.0,2,7,0,400,200,5,constant,stated,0.6784994344878064,1,0,0,mixture/10.0/2/5/7
10.0,2,7,0,400,200,5,constant,geomean,0.0570087712549569,12,0,0,mixture/10.0/2/5/7
10.0,2,7,0,400,200,5,constant,ratio,0.04500000000000004,186,0,0,mixture/10.0/2/5/7
10.0,2,7,0,400,200,5,constant,ratio-half,0.050000000000000044,73,0,0,mixture/10.0/2/5/7
10.0,2,7,0,1000,200,5,constant,stated,0.5395907397331495,1,0,0,mixture/10.0/2/5/7
10.0,2,7,0,1000,200,5,constant,geomean,0.030854497241083002,11,0,0,mixture/10.0/2/5/7
10.0,2,7,0,1000,200,5,constant,ratio,0.02400000000000002,198,0,0,mixture/10.0/2/5/7
10.0,2,7,0,1000,200,5,constant,ratio-half,0.028000000000000025,63,0,0,mixture/10.0/2/5/7
10.0,2,8,0,400,200,5,constant,stated,0.6784994344878064,1,0,0,mixture/10.0/2/5/8
10.0,2,8,0,400,200,5,constant,geomean,0.054772255750516606,56,0,0,mixture/10.0/2/5/8
10.0,2,8,0,400,200,5,constant,ratio,0.04500000000000004,192,0,0,mixture/10.0/2/5/8
10.0,2,8,0,400,200,5,constant,ratio-half,0.050000000000000044,56,0,0,mixture/10.0/2/5/8
10.0,2,8,0,1000,200,5,constant,stated,0.5395907397331495,1,0,0,mixture/10.0/2/5/8
10.0,2,8,0,1000,200,5,constant,geomean,0.030854497241083002,8,0,0,mixture/10.0/2/5/8
10.0,2,8,0,1000,200,5,constant,ratio,0.02400000000000002,198,0,0,mixture/10.0/2/5/8
10.0,2,8,0,1000,200,5,constant,ratio-half,0.028000000000000025,80,0,0,mixture/10.0/2/5/8
10.0,2,9,0,400,200,5,constant,stated,0.6784994344878064,1,0,0,mixture/10.0/2/5/9
10.0,2,9,0,400,200,5,constant,geomean,0.0570087712549569,9,0,0,mixture/10.0/2/5/9
10.0,2,9,0,400,200,5,constant,ratio,0.04500000000000004,182,0,0,mixture/10.0/2/5/9
10.0,2,9,0,400,200,5,constant,ratio-half,0.050000000000000044,72,0,0,mixture/10.0/2/5/9
10.0,2,9,0,1000,200,5,constant,stated,0.5395907397331495,1,0,0,mixture/10.0/2/5/9
10.0,2,9,0,1000,200,5,constant,geomean,0.03174901573277512,15,0,0,mixture/10.0/2/5/9
10.0,2,9,0,1000,200,5,constant,ratio,0.02400000000000002,199,0,0,mixture/10.0/2/5/9
10.0,2,9,0,1000,200,5,constant,ratio-half,0.028000000000000025,61,0,0,mixture/10.0/2/5/9
10.0,2,10,0,400,200,5,constant,stated,0.6784994344878064,1,0,0,mixture/10.0/2/5/10
10.0,2,10,0,400,200,5,constant,geomean,0.05477225575051666,69,0,0,mixture/10.0/2/5/10
10.0,2,10,0,400,200,5,constant,ratio,0.04500000000000004,187,0,0,mixture/10.0/2/5/10
10.0,2,10,0,400,200,5,constant,ratio-half,0.050000000000000044,69,0,0,mixture/10.0/2/5/10
10.0,2,10,0,1000,200,5,constant,stated,0.5395907397331495,1,0,0,mixture/10.0/2/5/10
10.0,2,10,0,1000,200,5,constant,geomean,0.03174901573277512,19,0,0,mixture/10.0/2/5/10
10.0,2,10,0,1000,200,5,constant,ratio,0.02400000000000002,196,0,0,mixture/10.0/2/5/10
10.0,2,10,0,1000,200,5,constant,ratio-half,0.028000000000000025,61,0,0,mixture/10.0/2/5/10
10.0,2,11,0,400,200,5,constant,stated,0.6784994344878064,1,0,0,mixture/10.0/2/5/11
10.0,2,11,0,400,200,5,constant,geomean,0.054772255750516606,63,0,0,mixture/10.0/2/5/11
10.0,2,11,0,400,200,5,constant,ratio,0.04500000000000004,179,0,0,mixture/10.0/2/5/11
10.0,2,11,0,400,200,5,constant,ratio-half,0.050000000000000044,63,0,0,mixture/10.0/2/5/11
10.0,2,11,0,1000,200,5,constant,stated,0.5395907397331495,1,0,0,mixture/10.0/2/5/11
10.0,2,11,0,1000,200,5,constant,geomean,0.03509985754956852,3,0,0,mixture/10.0/2/5/11
10.0,2,11,0,1000,200,5,constant,ratio,0.03599999999999992,2,1,1,mixture/10.0/2/5/11
10.0,2,11,0,1000,200,5,constant,ratio-half,0.03599999999999992,2,1,1,mixture/10.0/2/5/11
10.0,2,12,0,400,200,5,constant,stated,0.6784994344878064,1,0,0,mixture/10.0/2/5/12
10.0,2,12,0,400,200,5,constant,geomean,0.05477225575051666,74,0,0,mixture/10.0/2/5/12
10.0,2,12,0,400,200,5,constant,ratio,0.04500000000000004,192,0,0,mixture/10.0/2/5/12
10.0,2,12,0,400,200,5,constant,ratio-half,0.050000000000000044,74,0,0,mixture/10.0/2/5/12
10.0,2,12,0,1000,200,5,constant,stated,0.5395907397331495,1,0,0,mixture/10.0/2/5/12
10.0,2,12,0,1000,200,5,constant,geomean,0.03174901573277507,16,0,0,mixture/10.0/2/5/12
10.0,2,12,0,1000,200,5,constant,ratio,0.02400000000000002,199,0,0,mixture/10.0/2/5/12
10.0,2,12,0,1000,200,5,constant,ratio-half,0.028000000000000025,73,0,0,mixture/10.0/2/5/12
10.0,2,13,0,400,200,5,constant,stated,0.6784994344878064,1,0,0,mixture/10.0/2/5/13
10.0,2,13,0,400,200,5,constant,geomean,0.05916079783099616,9,0,0,mixture/10.0/2/5/13
10.0,2,13,0,400,200,5,constant,ratio,0.05999999999999994,2,1,0,mixture/10.0/2/5/13
10.0,2,13,0,400,200,5,constant,ratio-half,0.05999999999999994,2,1,0,mixture/10.0/2/5/13
10.0,2,13,0,1000,200,5,constant,stated,0.5395907397331495,1,0,0,mixture/10.0/2/5/13
10.0,2,13,0,1000,200,5,constant,geomean,0.03174901573277512,18,0,0,mixture/10.0/2/5/13
10.0,2,13,0,1000,200,5,constant,ratio,0.02400000000000002,199,0,0,mixture/10.0/2/5/13
10.0,2,13,0,1000,200,5,constant,ratio-half,0.028000000000000025,84,0,0,mixture/10.0/2/5/13
10.0,2,14,0,400,200,5,constant,stated,0.6784994344878064,1,0,0,mixture/10.0/2/5/14
10.0,2,14,0,400,200,5,constant,geomean,0.05477225575051666,53,0,0,mixture/10.0/2/5/14
10.0,2,14,0,400,200,5,constant,ratio,0.040000000000000036,199,0,0,mixture/10.0/2/5/14
10.0,2,14,0,400,200,5,constant,ratio-half,0.050000000000000044,53,0,0,mixture/10.0/2/5/14
10.0,2,14,0,1000,200,5,constant,stated,0.5395907397331495,1,0,0,mixture/10.0/2/5/14
10.0,2,14,0,1000,200,5,constant,geomean,0.03085449724108305,7,0,0,mixture/10.0/2/5/14
10.0,2,14,0,1000,200,5,constant,ratio,0.02400000000000002,193,0,0,mixture/10.0/2/5/14
10.0,2,14,0,1000,200,5,constant,ratio-half,0.028000000000000025,37,0,0,mixture/10.0/2/5/14
10.0,2,15,0,400,200,5,constant,stated,0.6784994344878064,1,0,0,mixture/10.0/2/5/15
10.0,2,15,0,400,200,5,constant,geomean,0.059791303715506935,12,0,0,mixture/10.0/2/5/15
10.0,2,15,0,400,200,5,constant,ratio,0.04500000000000004,193,0,0,mixture/10.0/2/5/15
10.0,2,15,0,400,200,5,constant,ratio-half,0.05500000000000005,12,0,0,mixture/10.0/2/5/15
10.0,2,15,0,1000,200,5,constant,stated,0.5395907397331495,1,0,0,mixture/10.0/2/5/15
10.0,2,15,0,1000,200,5,constant,geomean,0.03193743884534259,36,0,0,mixture/10.0/2/5/15
10.0,2,15,0,1000,200,5,constant,ratio,0.026000000000000023,190,0,0,mixture/10.0/2/5/15
10.0,2,15,0,1000,200,5,constant,ratio-half,0.030000000000000027,36,0,0,mixture/10.0/2/5/15
10.0,2,16,0,400,200,5,constant,stated,0.6784994344878064,1,0,0,mixture/10.0/2/5/16
10.0,2,16,0,400,200,5,constant,geomean,0.057445626465380276,16,0,0,mixture/10.0/2/5/16
10.0,2,16,0,400,200,5,constant,ratio,0.04500000000000004,196,0,0,mixture/10.0/2/5/16
10.0,2,16,0,400,200,5,constant,ratio-half,0.05500000000000005,16,0,0,mixture/10.0/2/5/16
10.0,2,16,0,1000,200,5,constant,stated,0.5395907397331495,1,0,0,mixture/10.0/2/5/16
10.0,2,16,0,1000,200,5,constant,geomean,0.030854497241083002,17,0,0,mixture/10.0/2/5/16
10.0,2,16,0,1000,200,5,constant,ratio,0.02400000000000002,199,0,0,mixture/10.0/2/5/16
10.0,2,16,0,1000,200,5,constant,ratio-half,0.028000000000000025,93,0,0,mixture/10.0/2/5/16
10.0,2,17,0,400,200,5,constant,stated,0.6784994344878064,1,0,0,mixture/10.0/2/5/17
10.0,2,17,0,400,200,5,constant,geomean,0.057445626465380276,20,0,0,mixture/10.0/2/5/17
10.0,2,17,0,400,200,5,constant,ratio,0.04500000000000004,192,0,0,mixture/10.0/2/5/17
10.0,2,17,0,400,200,5,constant,ratio-half,0.05500000000000005,20,0,0,mixture/10.0/2/5/17
10.0,2,17,0,1000,200,5,constant,stated,0.5395907397331495,1,0,0,mixture/10.0/2/5/17
10.0,2,17,0,1000,200,5,constant,geomean,0.03794733192202047,2,1,1,mixture/10.0/2/5/17
10.0,2,17,0,1000,200,5,constant,ratio,0.03400000000000003,2,1,1,mixture/10.0/2/5/17
10.0,2,17,0,1000,200,5,constant,ratio-half,0.03400000000000003,2,1,1,mixture/10.0/2/5/17
10.0,2,18,0,400,200,5,constant,stated,0.6784994344878064,1,0,0,mixture/10.0/2/5/18
10.0,2,18,0,400,200,5,constant,geomean,0.0570087712549569,13,0,0,mixture/10.0/2/5/18
10.0,2,18,0,400,200,5,constant,ratio,0.04500000000000004,192,0,0,mixture/10.0/2/5/18
10.0,2,18,0,400,200,5,constant,ratio-half,0.050000000000000044,83,0,0,mixture/10.0/2/5/18
10.0,2,18,0,1000,200,5,constant,stated,0.5395907397331495,1,0,0,mixture/10.0/2/5/18
10.0,2,18,0,1000,200,5,constant,geomean,0.03794733192202047,2,1,1,mixture/10.0/2/5/18
10.0,2,18,0,1000,200,5,constant,ratio,0.03400000000000003,2,1,1,mixture/10.0/2/5/18
10.0,2,18,0,1000,200,5,constant,ratio-half,0.03400000000000003,2,1,1,mixture/10.0/2/5/18
10.0,2,19,0,400,200,5,constant,stated,0.6784994344878064,1,0,0,mixture/10.0/2/5/19
10.0,2,19,0,400,200,5,constant,geomean,0.0570087712549569,6,0,0,mixture/10.0/2/5/19
10.0,2,19,0,400,200,5,constant,ratio,0.04500000000000004,182,0,0,mixture/10.0/2/5/19
10.0,2,19,0,400,200,5,constant,ratio-half,0.050000000000000044,69,0,0,mixture/10.0/2/5/19
10.0,2,19,0,1000,200,5,constant,stated,0.5395907397331495,1,0,0,mixture/10.0/2/5/19
10.0,2,19,0,1000,200,5,constant,geomean,0.03633180424916982,3,0,0,mixture/10.0/2/5/19
10.0,2,19,0,1000,200,5,constant,ratio,0.03399999999999992,3,0,0,mixture/10.0/2/5/19
10.0,2,19,0,1000,200,5,constant,ratio-half,0.03399999999999992,3,0,0,mixture/10.0/2/5/19
10.0,3,0,0,400,200,5,constant,stated,0.6784994344878064,1,0,0,mixture/10.0/3/5/0
10.0,3,0,0,400,200,5,constant,geomean,0.059791303715506984,40,0,0,mixture/10.0/3/5/0
10.0,3,0,0,400,200,5,constant,ratio,0.04500000000000004,198,0,0,mixture/10.0/3/5/0
10.0,3,0,0,400,200,5,constant,ratio-half,0.05500000000000005,40,0,0,mixture/10.0/3/5/0
10.0,3,0,0,1000,200,5,constant,stated,0.5395907397331495,1,0,0,mixture/10.0/3/5/0
10.0,3,0,0,1000,200,5,constant,geomean,0.03376388603226823,15,0,0,mixture/10.0/3/5/0
10.0,3,0,0,1000,200,5,constant,ratio,0.02400000000000002,199,0,0,mixture/10.0/3/5/0
10.0,3,0,0,1000,200,5,constant,ratio-half,0.030000000000000027,43,0,0,mixture/10.0/3/5/0
10.0,3,1,0,400,200,5,constant,stated,0.6784994344878064,1,0,0,mixture/10.0/3/5/1
10.0,3,1,0,400,200,5,constant,geomean,0.059791303715506984,28,0,0,mixture/10.0/3/5/1
10.0,3,1,0,400,200,5,constant,ratio,0.04500000000000004,199,0,0,mixture/10.0/3/5/1
10.0,3,1,0,400,200,5,constant,ratio-half,0.05500000000000005,28,0,0,mixture/10.0/3/5/1
10.0,3,1,0,1000,200,5,constant,stated,0.5395907397331495,1,0,0,mixture/10.0/3/5/1
10.0,3,1,0,1000,200,5,constant,geomean,0.038729833462074086,2,0,0,mixture/10.0/3/5/1
10.0,3,1,0,1000,200,5,constant,ratio,0.03399999999999992,2,0,0,mixture/10.0/3/5/1
10.0,3,1,0,1000,200,5,constant,ratio-half,0.03399999999999992,2,0,0,mixture/10.0/3/5/1
10.0,3,2,0,400,200,5,constant,stated,0.6784994344878064,1,0,0,mixture/10.0/3/5/2
10.0,3,2,0,400,200,5,constant,geomean,0.054772255750516606,61,0,0,mixture/10.0/3/5/2
10.0,3,2,0,400,200,5,constant,ratio,0.04500000000000004,183,0,0,mixture/10.0/3/5/2
10.0,3,2,0,400,200,5,constant,ratio-half,0.050000000000000044,61,0,0,mixture/10.0/3/5/2
10.0,3,2,0,1000,200,5,constant,stated,0.5395907397331495,1,0,0,mixture/10.0/3/5/2
10.0,3,2,0,1000,200,5,constant,geomean,0.029933259094191558,80,0,0,mixture/10.0/3/5/2
10.0,3,2,0,1000,200,5,constant,ratio,0.02400000000000002,198,0,0,mixture/10.0/3/5/2
10.0,3,2,0,1000,200,5,constant,ratio-half,0.028000000000000025,80,0,0,mixture/10.0/3/5/2
10.0,3,3,0,400,200,5,constant,stated,0.6784994344878064,1,0,0,mixture/10.0/3/5/3
10.0,3,3,0,400,200,5,constant,geomean,0.0570087712549569,12,0,0,mixture/10.0/3/5/3
10.0,3,3,0,400,200,5,constant,ratio,0.040000000000000036,199,0,0,mixture/10.0/3/5/3
10.0,3,3,0,400,200,5,constant,ratio-half,0.050000000000000044,83,0,0,mixture/10.0/3/5/3
10.0,3,3,0,1000,200,5,constant,stated,0.5395907397331495,1,0,0,mixture/10.0/3/5/3
10.0,3,3,0,1000,200,5,constant,geomean,0.032863353450309885,12,0,0,mixture/10.0/3/5/3
10.0,3,3,0,1000,200,5,constant,ratio,0.02200000000000002,199,0,0,mixture/10.0/3/5/3
10.0,3,3,0,1000,200,5,constant,ratio-half,0.030000000000000027,31,0,0,mixture/10.0/3/5/3
10.0,3,4,0,400,200,5,constant,stated,0.6784994344878064,1,0,0,mixture/10.0/3/5/4
10.0,3,4,0,400,200,5,constant,geomean,0.0570087712549569,12,0,0,mixture/10.0/3/5/4
10.0,3,4,0,400,200,5,constant,ratio,0.04500000000000004,194,0,0,mixture/10.0/3/5/4
10.0,3,4,0,400,200,5,constant,ratio-half,0.050000000000000044,85,0,0,mixture/10.0/3/5/4
10.0,3,4,0,1000,200,5,constant,stated,0.5395907397331495,1,0,0,mixture/10.0/3/5/4
10.0,3,4,0,1000,200,5,constant,geomean,0.03174901573277507,27,0,0,mixture/10.0/3/5/4
10.0,3,4,0,1000,200,5,constant,ratio,0.02400000000000002,199,0,0,mixture/10.0/3/5/4
10.0,3,4,0,1000,200,5,constant,ratio-half,0.028000000000000025,84,0,0,mixture/10.0/3/5/4
10.0,3,5,0,400,200,5,constant,stated,0.6784994344878064,1,0,0,mixture/10.0/3/5/5
10.0,3,5,0,400,200,5,constant,geomean,0.057445626465380276,19,0,0,mixture/10.0/3/5/5
10.0,3,5,0,400,200,5,constant,ratio,0.04500000000000004,197,0,0,mixture/10.0/3/5/5
10.0,3,5,0,400,200,5,constant,ratio-half,0.05500000000000005,19,0,0,mixture/10.0/3/5/5
10.0,3,5,0,1000,200,5,constant,stated,0.5395907397331495,1,0,0,mixture/10.0/3/5/5
10.0,3,5,0,1000,200,5,constant,geomean,0.03633180424916982,2,0,0,mixture/10.0/3/5/5
10.0,3,5,0,1000,200,5,constant,ratio,0.03400000000000003,2,0,0,mixture/10.0/3/5/5
10.0,3,5,0,1000,200,5,constant,ratio-half,0.03400000000000003,2,0,0,mixture/10.0/3/5/5
10.0,3,6,0,400,200,5,constant,stated,0.6784994344878064,1,0,0,mixture/10.0/3/5/6
10.0,3,6,0,400,200,5,constant,geomean,0.059791303715506935,39,0,0,mixture/10.0/3/5/6
10.0,3,6,0,400,200,5,constant,ratio,0.04500000000000004,199,0,0,mixture/10.0/3/5/6
10.0,3,6,0,400,200,5,constant,ratio-half,0.05500000000000005,39,0,0,mixture/10.0/3/5/6
10.0,3,6,0,1000,200,5,constant,stated,0.5395907397331495,1,0,0,mixture/10.0/3/5/6
10.0,3,6,0,1000,200,5,constant,geomean,0.03633180424916989,3,1,1,mixture/10.0/3/5/6
10.0,3,6,0,1000,200,5,constant,ratio,0.03599999999999992,3,1,1,mixture/10.0/3/5/6
10.0,3,6,0,1000,200,5,constant,ratio-half,0.03599999999999992,3,1,1,mixture/10.0/3/5/6
10.0,3,7,0,400,200,5,constant,stated,0.6784994344878064,1,0,0,mixture/10.0/3/5/7
10.0,3,7,0,400,200,5,constant,geomean,0.0570087712549569,10,0,0,mixture/10.0/3/5/7
10.0,3,7,0,400,200,5,constant,ratio,0.04500000000000004,196,0,0,mixture/10.0/3/5/7
10.0,3,7,0,400,200,5,constant,ratio-half,0.050000000000000044,92,0,0,mixture/10.0/3/5/7
10.0,3,7,0,1000,200,5,constant,stated,0.5395907397331495,1,0,0,mixture/10.0/3/5/7
10.0,3,7,0,1000,200,5,constant,geomean,0.03193743884534259,29,0,0,mixture/10.0/3/5/7
10.0,3,7,0,1000,200,5,constant,ratio,0.02400000000000002,198,0,0,mixture/10.0/3/5/7
10.0,3,7,0,1000,200,5,constant,ratio-half,0.030000000000000027,29,0,0,mixture/10.0/3/5/7
10.0,3,8,0,400,200,5,constant,stated,0.6784994344878064,1,0,0,mixture/10.0/3/5/8
10.0,3,8,0,400,200,5,constant,geomean,0.0570087712549569,14,0,0,mixture/10.0/3/5/8
10.0,3,8,0,400,200,5,constant,ratio,0.04500000000000004,194,0,0,mixture/10.0/3/5/8
10.0,3,8,0,400,200,5,constant,ratio-half,0.050000000000000044,95,0,0,mixture/10.0/3/5/8
10.0,3,8,0,1000,200,5,constant,stated,0.5395907397331495,1,0,0,mixture/10.0/3/5/8
10.0,3,8,0,1000,200,5,constant,geomean,0.03174901573277507,21,0,0,mixture/10.0/3/5/8
10.0,3,8,0,1000,200,5,constant,ratio,0.02399999999999991,198,0,0,mixture/10.0/3/5/8
10.0,3,8,0,1000,200,5,constant,ratio-half,0.028000000000000025,92,0,0,mixture/10.0/3/5/8
10.0,3,9,0,400,200,5,constant,stated,0.6784994344878064,1,0,0,mixture/10.0/3/5/9
10.0,3,9,0,400,200,5,constant,geomean,0.059791303715506935,14,0,0,mixture/10.0/3/5/9
10.0,3,9,0,400,200,5,constant,ratio,0.04500000000000004,193,0,0,mixture/10.0/3/5/9
10.0,3,9,0,400,200,5,constant,ratio-half,0.05500000000000005,14,0,0,mixture/10.0/3/5/9
10.0,3,9,0,1000,200,5,constant,stated,0.5395907397331495,1,0,0,mixture/10.0/3/5/9
10.0,3,9,0,1000,200,5,constant,geomean,0.03193743884534259,23,0,0,mixture/10.0/3/5/9
10.0,3,9,0,1000,200,5,constant,ratio,0.02400000000000002,199,0,0,mixture/10.0/3/5/9
10.0,3,9,0,1000,200,5,constant,ratio-half,0.030000000000000027,23,0,0,mixture/10.0/3/5/9
10.0,3,10,0,400,200,5,constant,stated,0.6784994344878064,1,0,0,mixture/10.0/3/5/10
10.0,3,10,0,400,200,5,constant,geomean,0.06422616289332564,5,0,0,mixture/10.0/3/5/10
10.0,3,10,0,400,200,5,constant,ratio,0.06500000000000006,2,0,0,mixture/10.0/3/5/10
10.0,3,10,0,400,200,5,constant,ratio-half,0.06500000000000006,2,0,0,mixture/10.0/3/5/10
10.0,3,10,0,1000,200,5,constant,stated,0.5395907397331495,1,0,0,mixture/10.0/3/5/10
10.0,3,10,0,1000,200,5,constant,geomean,0.03376388603226818,14,0,0,mixture/10.0/3/5/10
10.0,3,10,0,1000,200,5,constant,ratio,0.026000000000000023,195,0,0,mixture/10.0/3/5/10
10.0,3,10,0,1000,200,5,constant,ratio-half,0.030000000000000027,56,0,0,mixture/10.0/3/5/10
10.0,3,11,0,400,200,5,constant,stated,0.6784994344878064,1,0,0,mixture/10.0/3/5/11
10.0,3,11,0,400,200,5,constant,geomean,0.059791303715506984,16,0,0,mixture/10.0/3/5/11
10.0,3,11,0,400,200,5,constant,ratio,0.04500000000000004,195,0,0,mixture/10.0/3/5/11
10.0,3,11,0,400,200,5,constant,ratio-half,0.05500000000000005,16,0,0,mixture/10.0/3/5/11
10.0,3,11,0,1000,200,5,constant,stated,0.5395907397331495,1,0,0,mixture/10.0/3/5/11
10.0,3,11,0,1000,200,5,constant,geomean,0.032863353450309885,8,0,0,mixture/10.0/3/5/11
10.0,3,11,0,1000,200,5,constant,ratio,0.026000000000000023,187,0,0,mixture/10.0/3/5/11
10.0,3,11,0,1000,200,5,constant,ratio-half,0.030000000000000027,49,0,0,mixture/10.0/3/5/11
10.0,3,12,0,400,200,5,constant,stated,0.6784994344878064,1,0,0,mixture/10.0/3/5/12
10.0,3,12,0,400,200,5,constant,geomean,0.05477225575051666,95,0,0,mixture/10.0/3/5/12
10.0,3,12,0,400,200,5,constant,ratio,0.04500000000000004,191,0,0,mixture/10.0/3/5/12
10.0,3,12,0,400,200,5,constant,ratio-half,0.050000000000000044,95,0,0,mixture/10.0/3/5/12
10.0,3,12,0,1000,200,5,constant,stated,0.5395907397331495,1,0,0,mixture/10.0/3/5/12
10.0,3,12,0,1000,200,5,constant,geomean,0.03376388603226823,9,0,0,mixture/10.0/3/5/12
10.0,3,12,0,1000,200,5,constant,ratio,0.026000000000000023,189,0,0,mixture/10.0/3/5/12
10.0,3,12,0,1000,200,5,constant,ratio-half,0.030000000000000027,39,0,0,mixture/10.0/3/5/12
10.0,3,13,0,400,200,5,constant,stated,0.6784994344878064,1,0,0,mixture/10.0/3/5/13
10.0,3,13,0,400,200,5,constant,geomean,0.057445626465380276,16,0,0,mixture/10.0/3/5/13
10.0,3,13,0,400,200,5,constant,ratio,0.04500000000000004,198,0,0,mixture/10.0/3/5/13
10.0,3,13,0,400,200,5,constant,ratio-half,0.05500000000000005,16,0,0,mixture/10.0/3/5/13
10.0,3,13,0,1000,200,5,constant,stated,0.5395907397331495,1,0,0,mixture/10.0/3/5/13
10.0,3,13,0,1000,200,5,constant,geomean,0.032619012860600205,13,0,0,mixture/10.0/3/5/13
10.0,3,13,0,1000,200,5,constant,ratio,0.02400000000000002,197,0,0,mixture/10.0/3/5/13
10.0,3,13,0,1000,200,5,constant,ratio-half,0.028000000000000025,98,0,0,mixture/10.0/3/5/13
10.0,3,14,0,400,200,5,constant,stated,0.6784994344878064,1,0,0,mixture/10.0/3/5/14
10.0,3,14,0,400,200,5,constant,geomean,0.059791303715506935,39,0,0,mixture/10.0/3/5/14
10.0,3,14,0,400,200,5,constant,ratio,0.04500000000000004,198,0,0,mixture/10.0/3/5/14
10.0,3,14,0,400,200,5,constant,ratio-half,0.05500000000000005,39,0,0,mixture/10.0/3/5/14
10.0,3,14,0,1000,200,5,constant,stated,0.5395907397331495,1,0,0,mixture/10.0/3/5/14
10.0,3,14,0,1000,200,5,constant,geomean,0.035496478698597685,6,0,0,mixture/10.0/3/5/14
10.0,3,14,0,1000,200,5,constant,ratio,0.038000000000000034,2,0,0,mixture/10.0/3/5/14
10.0,3,14,0,1000,200,5,constant,ratio-half,0.038000000000000034,2,0,0,mixture/10.0/3/5/14
10.0,3,15,0,400,200,5,constant,stated,0.6784994344878064,1,0,0,mixture/10.0/3/5/15
10.0,3,15,0,400,200,5,constant,geomean,0.057445626465380276,22,0,0,mixture/10.0/3/5/15
10.0,3,15,0,400,200,5,constant,ratio,0.04500000000000004,196,0,0,mixture/10.0/3/5/15
10.0,3,15,0,400,200,5,constant,ratio-half,0.05500000000000005,22,0,0,mixture/10.0/3/5/15
10.0,3,15,0,1000,200,5,constant,stated,0.5395907397331495,1,0,0,mixture/10.0/3/5/15
10.0,3,15,0,1000,200,5,constant,geomean,0.03376388603226823,9,0,0,mixture/10.0/3/5/15
10.0,3,15,0,1000,200,5,constant,ratio,0.03399999999999992,5,0,0,mixture/10.0/3/5/15
10.0,3,15,0,1000,200,5,constant,ratio-half,0.03399999999999992,5,0,0,mixture/10.0/3/5/15
10.0,3,16,0,400,200,5,constant,stated,0.6784994344878064,1,0,0,mixture/10.0/3/5/16
10.0,3,16,0,400,200,5,constant,geomean,0.059791303715506984,24,0,0,mixture/10.0/3/5/16
10.0,3,16,0,400,200,5,constant,ratio,0.04500000000000004,197,0,0,mixture/10.0/3/5/16
10.0,3,16,0,400,200,5,constant,ratio-half,0.05500000000000005,24,0,0,mixture/10.0/3/5/16
10.0,3,16,0,1000,200,5,constant,stated,0.5395907397331495,1,0,0,mixture/10.0/3/5/16
10.0,3,16,0,1000,200,5,constant,geomean,0.032863353450309996,12,0,0,mixture/10.0/3/5/16
10.0,3,16,0,1000,200,5,constant,ratio,0.026000000000000023,195,0,0,mixture/10.0/3/5/16
10.0,3,16,0,1000,200,5,constant,ratio-half,0.030000000000000027,70,0,0,mixture/10.0/3/5/16
10.0,3,17,0,400,200,5,constant,stated,0.6784994344878064,1,0,0,mixture/10.0/3/5/17
10.0,3,17,0,400,200,5,constant,geomean,0.059791303715506984,15,0,0,mixture/10.0/3/5/17
10.0,3,17,0,400,200,5,constant,ratio,0.04500000000000004,197,0,0,mixture/10.0/3/5/17
10.0,3,17,0,400,200,5,constant,ratio-half,0.05500000000000005,15,0,0,mixture/10.0/3/5/17
10.0,3,17,0,1000,200,5,constant,stated,0.5395907397331495,1,0,0,mixture/10.0/3/5/17
10.0,3,17,0,1000,200,5,constant,geomean,0.03193743884534254,33,0,0,mixture/10.0/3/5/17
10.0,3,17,0,1000,200,5,constant,ratio,0.026000000000000023,189,0,0,mixture/10.0/3/5/17
10.0,3,17,0,1000,200,5,constant,ratio-half,0.030000000000000027,33,0,0,mixture/10.0/3/5/17
10.0,3,18,0,400,200,5,constant,stated,0.6784994344878064,1,0,0,mixture/10.0/3/5/18
10.0,3,18,0,400,200,5,constant,geomean,0.057445626465380276,18,0,0,mixture/10.0/3/5/18
10.0,3,18,0,400,200,5,constant,ratio,0.04500000000000004,196,0,0,mixture/10.0/3/5/18
10.0,3,18,0,400,200,5,constant,ratio-half,0.05500000000000005,18,0,0,mixture/10.0/3/5/18
10.0,3,18,0,1000,200,5,constant,stated,0.5395907397331495,1,0,0,mixture/10.0/3/5/18
10.0,3,18,0,1000,200,5,constant,geomean,0.03193743884534254,32,0,0,mixture/10.0/3/5/18
10.0,3,18,0,1000,200,5,constant,ratio,0.02400000000000002,199,0,0,mixture/10.0/3/5/18
10.0,3,18,0,1000,200,5,constant,ratio-half,0.030000000000000027,32,0,0,mixture/10.0/3/5/18
10.0,3,19,0,400,200,5,constant,stated,0.6784994344878064,1,0,0,mixture/10.0/3/5/19
10.0,3,19,0,400,200,5,constant,geomean,0.0570087712549569,12,0,0,mixture/10.0/3/5/19
10.0,3,19,0,400,200,5,constant,ratio,0.04500000000000004,188,0,0,mixture/10.0/3/5/19
10.0,3,19,0,400,200,5,constant,ratio-half,0.050000000000000044,78,0,0,mixture/10.0/3/5/19
10.0,3,19,0,1000,200,5,constant,stated,0.5395907397331495,1,0,0,mixture/10.0/3/5/19
10.0,3,19,0,1000,200,5,constant,geomean,0.032863353450309885,5,0,0,mixture/10.0/3/5/19
10.0,3,19,0,1000,200,5,constant,ratio,0.02400000000000002,197,0,0,mixture/10.0/3/5/19
10.0,3,19,0,1000,200,5,constant,ratio-half,0.030000000000000027,21,0,0,mixture/10.0/3/5/19
10.0,4,0,0,400,200,5,constant,stated,0.6784994344878064,1,0,0,mixture/10.0/4/5/0
10.0,4,0,0,400,200,5,constant,geomean,0.059791303715506984,34,0,0,mixture/10.0/4/5/0
10.0,4,0,0,400,200,5,constant,ratio,0.04500000000000004,196,0,0,mixture/10.0/4/5/0
10.0,4,0,0,400,200,5,constant,ratio-half,0.05500000000000005,34,0,0,mixture/10.0/4/5/0
10.0,4,0,0,1000,200,5,constant,stated,0.5395907397331495,1,0,0,mixture/10.0/4/5/0
10.0,4,0,0,1000,200,5,constant,geomean,0.032863353450309996,14,0,0,mixture/10.0/4/5/0
10.0,4,0,0,1000,200,5,constant,ratio,0.026000000000000023,195,0,0,mixture/10.0/4/5/0
10.0,4,0,0,1000,200,5,constant,ratio-half,0.030000000000000027,67,0,0,mixture/10.0/4/5/0
10.0,4,1,0,400,200,5,constant,stated,0.6784994344878064,1,0,0,mixture/10.0/4/5/1
10.0,4,1,0,400,200,5,constant,geomean,0.05744562646538023,11,0,0,mixture/10.0/4/5/1
10.0,4,1,0,400,200,5,constant,ratio,0.04500000000000004,196,0,0,mixture/10.0/4/5/1
10.0,4,1,0,400,200,5,constant,ratio-half,0.05500000000000005,11,0,0,mixture/10.0/4/5/1
10.0,4,1,0,1000,200,5,constant,stated,0.5395907397331495,1,0,0,mixture/10.0/4/5/1
10.0,4,1,0,1000,200,5,constant,geomean,0.03286335345030993,12,0,0,mixture/10.0/4/5/1
10.0,4,1,0,1000,200,5,constant,ratio,0.02400000000000002,199,0,0,mixture/10.0/4/5/1
10.0,4,1,0,1000,200,5,constant,ratio-half,0.030000000000000027,36,0,0,mixture/10.0/4/5/1
10.0,4,2,0,400,200,5,constant,stated,0.6784994344878064,1,0,0,mixture/10.0/4/5/2
10.0,4,2,0,400,200,5,constant,geomean,0.06204836822995422,5,0,0,mixture/10.0/4/5/2
10.0,4,2,0,400,200,5,constant,ratio,0.04500000000000004,195,0,0,mixture/10.0/4/5/2
10.0,4,2,0,400,200,5,constant,ratio-half,0.05500000000000005,20,0,0,mixture/10.0/4/5/2
10.0,4,2,0,1000,200,5,constant,stated,0.5395907397331495,1,0,0,mixture/10.0/4/5/2
10.0,4,2,0,1000,200,5,constant,geomean,0.03376388603226818,14,0,0,mixture/10.0/4/5/2
10.0,4,2,0,1000,200,5,constant,ratio,0.02400000000000002,196,0,0,mixture/10.0/4/5/2
10.0,4,2,0,1000,200,5,constant,ratio-half,0.030000000000000027,55,0,0,mixture/10.0/4/5/2
10.0,4,3,0,400,200,5,constant,stated,0.6784994344878064,1,0,0,mixture/10.0/4/5/3
10.0,4,3,0,400,200,5,constant,geomean,0.05477225575051655,59,0,0,mixture/10.0/4/5/3
10.0,4,3,0,400,200,5,constant,ratio,0.040000000000000036,199,0,0,mixture/10.0/4/5/3
10.0,4,3,0,400,200,5,constant,ratio-half,0.050000000000000044,59,0,0,mixture/10.0/4/5/3
10.0,4,3,0,1000,200,5,constant,stated,0.5395907397331495,1,0,0,mixture/10.0/4/5/3
10.0,4,3,0,1000,200,5,constant,geomean,0.03193743884534259,22,0,0,mixture/10.0/4/5/3
10.0,4,3,0,1000,200,5,constant,ratio,0.026000000000000023,186,0,0,mixture/10.0/4/5/3
10.0,4,3,0,1000,200,5,constant,ratio-half,0.030000000000000027,22,0,0,mixture/10.0/4/5/3
10.0,4,4,0,400,200,5,constant,stated,0.6784994344878064,1,0,0,mixture/10.0/4/5/4
10.0,4,4,0,400,200,5,constant,geomean,0.059791303715506935,13,0,0,mixture/10.0/4/5/4
10.0,4,4,0,400,200,5,constant,ratio,0.04500000000000004,194,0,0,mixture/10.0/4/5/4
10.0,4,4,0,400,200,5,constant,ratio-half,0.05500000000000005,13,0,0,mixture/10.0/4/5/4
10.0,4,4,0,1000,200,5,constant,stated,0.5395907397331495,1,0,0,mixture/10.0/4/5/4
10.0,4,4,0,1000,200,5,constant,geomean,0.03193743884534259,32,0,0,mixture/10.0/4/5/4
10.0,4,4,0,1000,200,5,constant,ratio,0.02400000000000002,199,0,0,mixture/10.0/4/5/4
10.0,4,4,0,1000,200,5,constant,ratio-half,0.030000000000000027,32,0,0,mixture/10.0/4/5/4
10.0,4,5,0,400,200,5,constant,stated,0.6784994344878064,1,0,0,mixture/10.0/4/5/5
10.0,4,5,0,400,200,5,constant,geomean,0.06204836822995422,4,1,0,mixture/10.0/4/5/5
10.0,4,5,0,400,200,5,constant,ratio,0.04500000000000004,193,0,0,mixture/10.0/4/5/5
10.0,4,5,0,400,200,5,constant,ratio-half,0.05500000000000005,32,0,0,mixture/10.0/4/5/5
10.0,4,5,0,1000,200,5,constant,stated,0.5395907397331495,1,0,0,mixture/10.0/4/5/5
10.0,4,5,0,1000,200,5,constant,geomean,0.034641016151377525,6,0,0,mixture/10.0/4/5/5
10.0,4,5,0,1000,200,5,constant,ratio,0.02400000000000002,198,0,0,mixture/10.0/4/5/5
10.0,4,5,0,1000,200,5,constant,ratio-half,0.030000000000000027,73,0,0,mixture/10.0/4/5/5
10.0,4,6,0,400,200,5,constant,stated,0.6784994344878064,1,0,0,mixture/10.0/4/5/6
10.0,4,6,0,400,200,5,constant,geomean,0.05744562646538023,14,0,0,mixture/10.0/4/5/6
10.0,4,6,0,400,200,5,constant,ratio,0.04500000000000004,194,0,0,mixture/10.0/4/5/6
10.0,4,6,0,400,200,5,constant,ratio-half,0.05500000000000005,14,0,0,mixture/10.0/4/5/6
10.0,4,6,0,1000,200,5,constant,stated,0.5395907397331495,1,0,0,mixture/10.0/4/5/6
10.0,4,6,0,1000,200,5,constant,geomean,0.03376388603226818,8,0,0,mixture/10.0/4/5/6
10.0,4,6,0,1000,200,5,constant,ratio,0.03400000000000003,2,0,0,mixture/10.0/4/5/6
10.0,4,6,0,1000,200,5,constant,ratio-half,0.03400000000000003,2,0,0,mixture/10.0/4/5/6
10.0,4,7,0,400,200,5,constant,stated,0.6784994344878064,1,0,0,mixture/10.0/4/5/7
10.0,4,7,0,400,200,5,constant,geomean,0.059791303715506935,25,0,0,mixture/10.0/4/5/7
10.0,4,7,0,400,200,5,constant,ratio,0.04500000000000004,193,0,0,mixture/10.0/4/5/7
10.0,4,7,0,400,200,5,constant,ratio-half,0.05500000000000005,25,0,0,mixture/10.0/4/5/7
10.0,4,7,0,1000,200,5,constant,stated,0.5395907397331495,1,0,0,mixture/10.0/4/5/7
10.0,4,7,0,1000,200,5,constant,geomean,0.03376388603226818,14,0,0,mixture/10.0/4/5/7
10.0,4,7,0,1000,200,5,constant,ratio,0.03400000000000003,3,0,0,mixture/10.0/4/5/7
10.0,4,7,0,1000,200,5,constant,ratio-half,0.03400000000000003,3,0,0,mixture/10.0/4/5/7
10.0,4,8,0,400,200,5,constant,stated,0.6784994344878064,1,0,0,mixture/10.0/4/5/8
10.0,4,8,0,400,200,5,constant,geomean,0.06422616289332564,2,0,0,mixture/10.0/4/5/8
10.0,4,8,0,400,200,5,constant,ratio,0.05999999999999994,2,0,0,mixture/10.0/4/5/8
10.0,4,8,0,400,200,5,constant,ratio-half,0.05999999999999994,2,0,0,mixture/10.0/4/5/8
10.0,4,8,0,1000,200,5,constant,stated,0.5395907397331495,1,0,0,mixture/10.0/4/5/8
10.0,4,8,0,1000,200,5,constant,geomean,0.03286335345030993,21,0,0,mixture/10.0/4/5/8
10.0,4,8,0,1000,200,5,constant,ratio,0.026000000000000023,191,0,0,mixture/10.0/4/5/8
10.0,4,8,0,1000,200,5,constant,ratio-half,0.030000000000000027,61,0,0,mixture/10.0/4/5/8
10.0,4,9,0,400,200,5,constant,stated,0.6784994344878064,1,0,0,mixture/10.0/4/5/9
10.0,4,9,0,400,200,5,constant,geomean,0.057445626465380276,25,0,0,mixture/10.0/4/5/9
10.0,4,9,0,400,200,5,constant,ratio,0.04500000000000004,198,0,0,mixture/10.0/4/5/9
10.0,4,9,0,400,200,5,constant,ratio-half,0.05500000000000005,25,0,0,mixture/10.0/4/5/9
10.0,4,9,0,1000,200,5,constant,stated,0.5395907397331495,1,0,0,mixture/10.0/4/5/9
10.0,4,9,0,1000,200,5,constant,geomean,0.03633180424916986,2,0,0,mixture/10.0/4/5/9
10.0,4,9,0,1000,200,5,constant,ratio,0.03600000000000003,2,0,0,mixture/10.0/4/5/9
10.0,4,9,0,1000,200,5,constant,ratio-half,0.03600000000000003,2,0,0,mixture/10.0/4/5/9
10.0,4,10,0,400,200,5,constant,stated,0.6784994344878064,1,0,0,mixture/10.0/4/5/10
10.0,4,10,0,400,200,5,constant,geomean,0.05744562646538023,10,0,0,mixture/10.0/4/5/10
10.0,4,10,0,400,200,5,constant,ratio,0.04500000000000004,195,0,0,mixture/10.0/4/5/10
10.0,4,10,0,400,200,5,constant,ratio-half,0.05500000000000005,10,0,0,mixture/10.0/4/5/10
10.0,4,10,0,1000,200,5,constant,stated,0.5395907397331495,1,0,0,mixture/10.0/4/5/10
10.0,4,10,0,1000,200,5,constant,geomean,0.03376388603226818,7,0,0,mixture/10.0/4/5/10
10.0,4,10,0,1000,200,5,constant,ratio,0.02400000000000002,198,0,0,mixture/10.0/4/5/10
10.0,4,10,0,1000,200,5,constant,ratio-half,0.030000000000000027,36,0,0,mixture/10.0/4/5/10
10.0,4,11,0,400,200,5,constant,stated,0.6784994344878064,1,0,0,mixture/10.0/4/5/11
10.0,4,11,0,400,200,5,constant,geomean,0.059791303715506984,15,0,0,mixture/10.0/4/5/11
10.0,4,11,0,400,200,5,constant,ratio,0.04500000000000004,197,0,0,mixture/10.0/4/5/11
10.0,4,11,0,400,200,5,constant,ratio-half,0.05500000000000005,15,0,0,mixture/10.0/4/5/11
10.0,4,11,0,1000,200,5,constant,stated,0.5395907397331495,1,0,0,mixture/10.0/4/5/11
10.0,4,11,0,1000,200,5,constant,geomean,0.03376388603226823,11,0,0,mixture/10.0/4/5/11
10.0,4,11,0,1000,200,5,constant,ratio,0.03400000000000003,4,1,0,mixture/10.0/4/5/11
10.0,4,11,0,1000,200,5,constant,ratio-half,0.03400000000000003,4,1,0,mixture/10.0/4/5/11
10.0,4,12,0,400,200,5,constant,stated,0.6784994344878064,1,0,0,mixture/10.0/4/5/12
10.0,4,12,0,400,200,5,constant,geomean,0.059791303715506935,32,0,0,mixture/10.0/4/5/12
10.0,4,12,0,400,200,5,constant,ratio,0.04500000000000004,195,0,0,mixture/10.0/4/5/12
10.0,4,12,0,400,200,5,constant,ratio-half,0.05500000000000005,32,0,0,mixture/10.0/4/5/12
10.0,4,12,0,1000,200,5,constant,stated,0.5395907397331495,1,0,0,mixture/10.0/4/5/12
10.0,4,12,0,1000,200,5,constant,geomean,0.03376388603226818,19,0,0,mixture/10.0/4/5/12
10.0,4,12,0,1000,200,5,constant,ratio,0.026000000000000023,191,0,0,mixture/10.0/4/5/12
10.0,4,12,0,1000,200,5,constant,ratio-half,0.030000000000000027,55,0,0,mixture/10.0/4/5/12
10.0,4,13,0,400,200,5,constant,stated,0.6784994344878064,1,0,0,mixture/10.0/4/5/13
10.0,4,13,0,400,200,5,constant,geomean,0.059791303715506984,35,0,0,mixture/10.0/4/5/13
10.0,4,13,0,400,200,5,constant,ratio,0.04500000000000004,196,0,0,mixture/10.0/4/5/13
10.0,4,13,0,400,200,5,constant,ratio-half,0.05500000000000005,35,0,0,mixture/10.0/4/5/13
10.0,4,13,0,1000,200,5,constant,stated,0.5395907397331495,1,0,0,mixture/10.0/4/5/13
10.0,4,13,0,1000,200,5,constant,geomean,0.03376388603226823,24,0,0,mixture/10.0/4/5/13
10.0,4,13,0,1000,200,5,constant,ratio,0.026000000000000023,192,0,0,mixture/10.0/4/5/13
10.0,4,13,0,1000,200,5,constant,ratio-half,0.030000000000000027,65,0,0,mixture/10.0/4/5/13
10.0,4,14,0,400,200,5,constant,stated,0.6784994344878064,1,0,0,mixture/10.0/4/5/14
10.0,4,14,0,400,200,5,constant,geomean,0.059791303715506935,10,0,0,mixture/10.0/4/5/14
10.0,4,14,0,400,200,5,constant,ratio,0.04500000000000004,196,0,0,mixture/10.0/4/5/14
10.0,4,14,0,400,200,5,constant,ratio-half,0.05500000000000005,10,0,0,mixture/10.0/4/5/14
10.0,4,14,0,1000,200,5,constant,stated,0.5395907397331495,1,0,0,mixture/10.0/4/5/14
10.0,4,14,0,1000,200,5,constant,geomean,0.03376388603226818,4,1,0,mixture/10.0/4/5/14
10.0,4,14,0,1000,200,5,constant,ratio,0.03400000000000003,2,0,0,mixture/10.0/4/5/14
10.0,4,14,0,1000,200,5,constant,ratio-half,0.03400000000000003,2,0,0,mixture/10.0/4/5/14
10.0,4,15,0,400,200,5,constant,stated,0.6784994344878064,1,0,0,mixture/10.0/4/5/15
10.0,4,15,0,400,200,5,constant,geomean,0.057445626465380276,19,0,0,mixture/10.0/4/5/15
10.0,4,15,0,400,200,5,constant,ratio,0.04500000000000004,195,0,0,mixture/10.0/4/5/15
10.0,4,15,0,400,200,5,constant,ratio-half,0.05500000000000005,19,0,0,mixture/10.0/4/5/15
10.0,4,15,0,1000,200,5,constant,stated,0.5395907397331495,1,0,0,mixture/10.0/4/5/15
10.0,4,15,0,1000,200,5,constant,geomean,0.03376388603226818,7,0,0,mixture/10.0/4/5/15
10.0,4,15,0,1000,200,5,constant,ratio,0.03399999999999992,2,0,0,mixture/10.0/4/5/15
10.0,4,15,0,1000,200,5,constant,ratio-half,0.03399999999999992,2,0,0,mixture/10.0/4/5/15
10.0,4,16,0,400,200,5,constant,stated,0.6784994344878064,1,0,0,mixture/10.0/4/5/16
10.0,4,16,0,400,200,5,constant,geomean,0.06422616289332564,6,0,0,mixture/10.0/4/5/16
10.0,4,16,0,400,200,5,constant,ratio,0.06500000000000006,2,0,0,mixture/10.0/4/5/16
10.0,4,16,0,400,200,5,constant,ratio-half,0.06500000000000006,2,0,0,mixture/10.0/4/5/16
10.0,4,16,0,1000,200,5,constant,stated,0.5395907397331495,1,0,0,mixture/10.0/4/5/16
10.0,4,16,0,1000,200,5,constant,geomean,0.034641016151377525,6,0,0,mixture/10.0/4/5/16
10.0,4,16,0,1000,200,5,constant,ratio,0.026000000000000023,194,0,0,mixture/10.0/4/5/16
10.0,4,16,0,1000,200,5,constant,ratio-half,0.030000000000000027,63,0,0,mixture/10.0/4/5/16
10.0,4,17,0,400,200,5,constant,stated,0.6784994344878064,1,0,0,mixture/10.0/4/5/17
10.0,4,17,0,400,200,5,constant,geomean,0.059791303715506935,22,0,0,mixture/10.0/4/5/17
10.0,4,17,0,400,200,5,constant,ratio,0.040000000000000036,199,0,0,mixture/10.0/4/5/17
10.0,4,17,0,400,200,5,constant,ratio-half,0.05500000000000005,22,0,0,mixture/10.0/4/5/17
10.0,4,17,0,1000,200,5,constant,stated,0.5395907397331495,1,0,0,mixture/10.0/4/5/17
10.0,4,17,0,1000,200,5,constant,geomean,0.035496478698597664,7,0,0,mixture/10.0/4/5/17
10.0,4,17,0,1000,200,5,constant,ratio,0.03599999999999992,2,0,0,mixture/10.0/4/5/17
10.0,4,17,0,1000,200,5,constant,ratio-half,0.03599999999999992,2,0,0,mixture/10.0/4/5/17
10.0,4,18,0,400,200,5,constant,stated,0.6784994344878064,1,0,0,mixture/10.0/4/5/18
10.0,4,18,0,400,200,5,constant,geomean,0.05477225575051666,70,0,0,mixture/10.0/4/5/18
10.0,4,18,0,400,200,5,constant,ratio,0.04500000000000004,183,0,0,mixture/10.0/4/5/18
10.0,4,18,0,400,200,5,constant,ratio-half,0.050000000000000044,70,0,0,mixture/10.0/4/5/18
10.0,4,18,0,1000,200,5,constant,stated,0.5395907397331495,1,0,0,mixture/10.0/4/5/18
10.0,4,18,0,1000,200,5,constant,geomean,0.03174901573277512,22,0,0,mixture/10.0/4/5/18
10.0,4,18,0,1000,200,5,constant,ratio,0.02400000000000002,198,0,0,mixture/10.0/4/5/18
10.0,4,18,0,1000,200,5,constant,ratio-half,0.028000000000000025,99,0,0,mixture/10.0/4/5/18
10.0,4,19,0,400,200,5,constant,stated,0.6784994344878064,1,0,0,mixture/10.0/4/5/19
10.0,4,19,0,400,200,5,constant,geomean,0.059791303715506984,24,0,0,mixture/10.0/4/5/19
10.0,4,19,0,400,200,5,constant,ratio,0.04500000000000004,194,0,0,mixture/10.0/4/5/19
10.0,4,19,0,400,200,5,constant,ratio-half,0.05500000000000005,24,0,0,mixture/10.0/4/5/19
10.0,4,19,0,1000,200,5,constant,stated,0.5395907397331495,1,0,0,mixture/10.0/4/5/19
10.0,4,19,0,1000,200,5,constant,geomean,0.03376388603226818,13,0,0,mixture/10.0/4/5/19
10.0,4,19,0,1000,200,5,constant,ratio,0.02400000000000002,199,0,0,mixture/10.0/4/5/19
10.0,4,19,0,1000,200,5,constant,ratio-half,0.030000000000000027,56,0,0,mixture/10.0/4/5/19
10.0,5,0,0,400,200,5,constant,stated,0.6784994344878064,1,0,0,mixture/10.0/5/5/0
10.0,5,0,0,400,200,5,constant,geomean,0.059791303715506984,40,0,0,mixture/10.0/5/5/0
10.0,5,0,0,400,200,5,constant,ratio,0.050000000000000044,163,0,0,mixture/10.0/5/5/0
10.0,5,0,0,400,200,5,constant,ratio-half,0.05500000000000005,40,0,0,mixture/10.0/5/5/0
10.0,5,0,0,1000,200,5,constant,stated,0.5395907397331495,1,0,0,mixture/10.0/5/5/0
10.0,5,0,0,1000,200,5,constant,geomean,0.03464101615137751,9,0,0,mixture/10.0/5/5/0
10.0,5,0,0,1000,200,5,constant,ratio,0.026000000000000023,191,0,0,mixture/10.0/5/5/0
10.0,5,0,0,1000,200,5,constant,ratio-half,0.030000000000000027,65,0,0,mixture/10.0/5/5/0
10.0,5,1,0,400,200,5,constant,stated,0.6784994344878064,1,0,0,mixture/10.0/5/5/1
10.0,5,1,0,400,200,5,constant,geomean,0.06204836822995428,7,0,0,mixture/10.0/5/5/1
10.0,5,1,0,400,200,5,constant,ratio,0.04500000000000004,197,0,0,mixture/10.0/5/5/1
10.0,5,1,0,400,200,5,constant,ratio-half,0.05500000000000005,32,0,0,mixture/10.0/5/5/1
10.0,5,1,0,1000,200,5,constant,stated,0.5395907397331495,1,0,0,mixture/10.0/5/5/1
10.0,5,1,0,1000,200,5,constant,geomean,0.035496478698597664,8,0,0,mixture/10.0/5/5/1
10.0,5,1,0,1000,200,5,constant,ratio,0.03799999999999992,3,0,0,mixture/10.0/5/5/1
10.0,5,1,0,1000,200,5,constant,ratio-half,0.03799999999999992,3,0,0,mixture/10.0/5/5/1
10.0,5,2,0,400,200,5,constant,stated,0.6784994344878064,1,0,0,mixture/10.0/5/5/2
10.0,5,2,0,400,200,5,constant,geomean,0.0642261628933256,4,0,0,mixture/10.0/5/5/2
10.0,5,2,0,400,200,5,constant,ratio,0.06499999999999995,2,0,0,mixture/10.0/5/5/2
10.0,5,2,0,400,200,5,constant,ratio-half,0.06499999999999995,2,0,0,mixture/10.0/5/5/2
10.0,5,2,0,1000,200,5,constant,stated,0.5395907397331495,1,0,0,mixture/10.0/5/5/2
10.0,5,2,0,1000,200,5,constant,geomean,0.03376388603226818,21,0,0,mixture/10.0/5/5/2
10.0,5,2,0,1000,200,5,constant,ratio,0.02400000000000002,199,0,0,mixture/10.0/5/5/2
10.0,5,2,0,1000,200,5,constant,ratio-half,0.030000000000000027,64,0,0,mixture/10.0/5/5/2
10.0,5,3,0,400,200,5,constant,stated,0.6784994344878064,1,0,0,mixture/10.0/5/5/3
10.0,5,3,0,400,200,5,constant,geomean,0.06204836822995422,8,0,0,mixture/10.0/5/5/3
10.0,5,3,0,400,200,5,constant,ratio,0.050000000000000044,169,0,0,mixture/10.0/5/5/3
10.0,5,3,0,400,200,5,constant,ratio-half,0.05500000000000005,52,0,0,mixture/10.0/5/5/3
10.0,5,3,0,1000,200,5,constant,stated,0.5395907397331495,1,0,0,mixture/10.0/5/5/3
10.0,5,3,0,1000,200,5,constant,geomean,0.03286335345030995,19,0,0,mixture/10.0/5/5/3
10.0,5,3,0,1000,200,5,constant,ratio,0.026000000000000023,197,0,0,mixture/10.0/5/5/3
10.0,5,3,0,1000,200,5,constant,ratio-half,0.030000000000000027,85,0,0,mixture/10.0/5/5/3
10.0,5,4,0,400,200,5,constant,stated,0.6784994344878064,1,0,0,mixture/10.0/5/5/4
10.0,5,4,0,400,200,5,constant,geomean,0.059791303715506935,32,0,0,mixture/10.0/5/5/4
10.0,5,4,0,400,200,5,constant,ratio,0.04500000000000004,196,0,0,mixture/10.0/5/5/4
10.0,5,4,0,400,200,5,constant,ratio-half,0.05500000000000005,32,0,0,mixture/10.0/5/5/4
10.0,5,4,0,1000,200,5,constant,stated,0.5395907397331495,1,0,0,mixture/10.0/5/5/4
10.0,5,4,0,1000,200,5,constant,geomean,0.033763886032268244,19,0,0,mixture/10.0/5/5/4
10.0,5,4,0,1000,200,5,constant,ratio,0.02400000000000002,198,0,0,mixture/10.0/5/5/4
10.0,5,4,0,1000,200,5,constant,ratio-half,0.030000000000000027,70,0,0,mixture/10.0/5/5/4
10.0,5,5,0,400,200,5,constant,stated,0.6784994344878064,1,0,0,mixture/10.0/5/5/5
10.0,5,5,0,400,200,5,constant,geomean,0.059791303715506935,19,0,0,mixture/10.0/5/5/5
10.0,5,5,0,400,200,5,constant,ratio,0.04499999999999993,198,0,0,mixture/10.0/5/5/5
10.0,5,5,0,400,200,5,constant,ratio-half,0.05500000000000005,19,0,0,mixture/10.0/5/5/5
10.0,5,5,0,1000,200,5,constant,stated,0.5395907397331495,1,0,0,mixture/10.0/5/5/5
10.0,5,5,0,1000,200,5,constant,geomean,0.032863353450309996,17,0,0,mixture/10.0/5/5/5
10.0,5,5,0,1000,200,5,constant,ratio,0.02400000000000002,199,0,0,mixture/10.0/5/5/5
10.0,5,5,0,1000,200,5,constant,ratio-half,0.030000000000000027,70,0,0,mixture/10.0/5/5/5
10.0,5,6,0,400,200,5,constant,stated,0.6784994344878064,1,0,0,mixture/10.0/5/5/6
10.0,5,6,0,400,200,5,constant,geomean,0.059791303715506935,24,0,0,mixture/10.0/5/5/6
10.0,5,6,0,400,200,5,constant,ratio,0.04500000000000004,197,0,0,mixture/10.0/5/5/6
10.0,5,6,0,400,200,5,constant,ratio-half,0.05500000000000005,24,0,0,mixture/10.0/5/5/6
10.0,5,6,0,1000,200,5,constant,stated,0.5395907397331495,1,0,0,mixture/10.0/5/5/6
10.0,5,6,0,1000,200,5,constant,geomean,0.03376388603226818,21,0,0,mixture/10.0/5/5/6
10.0,5,6,0,1000,200,5,constant,ratio,0.026000000000000023,188,0,0,mixture/10.0/5/5/6
10.0,5,6,0,1000,200,5,constant,ratio-half,0.030000000000000027,61,0,0,mixture/10.0/5/5/6
10.0,5,7,0,400,200,5,constant,stated,0.6784994344878064,1,0,0,mixture/10.0/5/5/7
10.0,5,7,0,400,200,5,constant,geomean,0.06204836822995422,2,0,0,mixture/10.0/5/5/7
10.0,5,7,0,400,200,5,constant,ratio,0.05999999999999994,2,0,0,mixture/10.0/5/5/7
10.0,5,7,0,400,200,5,constant,ratio-half,0.05999999999999994,2,0,0,mixture/10.0/5/5/7
10.0,5,7,0,1000,200,5,constant,stated,0.5395907397331495,1,0,0,mixture/10.0/5/5/7
10.0,5,7,0,1000,200,5,constant,geomean,0.032863353450309996,14,0,0,mixture/10.0/5/5/7
10.0,5,7,0,1000,200,5,constant,ratio,0.02400000000000002,198,0,0,mixture/10.0/5/5/7
10.0,5,7,0,1000,200,5,constant,ratio-half,0.030000000000000027,52,0,0,mixture/10.0/5/5/7
10.0,5,8,0,400,200,5,constant,stated,0.6784994344878064,1,0,0,mixture/10.0/5/5/8
10.0,5,8,0,400,200,5,constant,geomean,0.059791303715506935,18,0,0,mixture/10.0/5/5/8
10.0,5,8,0,400,200,5,constant,ratio,0.04500000000000004,197,0,0,mixture/10.0/5/5/8
10.0,5,8,0,400,200,5,constant,ratio-half,0.05500000000000005,18,0,0,mixture/10.0/5/5/8
10.0,5,8,0,1000,200,5,constant,stated,0.5395907397331495,1,0,0,mixture/10.0/5/5/8
10.0,5,8,0,1000,200,5,constant,geomean,0.033763886032268244,13,0,0,mixture/10.0/5/5/8
10.0,5,8,0,1000,200,5,constant,ratio,0.02400000000000002,199,0,0,mixture/10.0/5/5/8
10.0,5,8,0,1000,200,5,constant,ratio-half,0.030000000000000027,50,0,0,mixture/10.0/5/5/8
10.0,5,9,0,400,200,5,constant,stated,0.6784994344878064,1,0,0,mixture/10.0/5/5/9
10.0,5,9,0,400,200,5,constant,geomean,0.057445626465380276,17,0,0,mixture/10.0/5/5/9
10.0,5,9,0,400,200,5,constant,ratio,0.04500000000000004,195,0,0,mixture/10.0/5/5/9
10.0,5,9,0,400,200,5,constant,ratio-half,0.05500000000000005,17,0,0,mixture/10.0/5/5/9
10.0,5,9,0,1000,200,5,constant,stated,0.5395907397331495,1,0,0,mixture/10.0/5/5/9
10.0,5,9,0,1000,200,5,constant,geomean,0.03286335345030993,7,0,0,mixture/10.0/5/5/9
10.0,5,9,0,1000,200,5,constant,ratio,0.02400000000000002,198,0,0,mixture/10.0/5/5/9
10.0,5,9,0,1000,200,5,constant,ratio-half,0.030000000000000027,47,0,0,mixture/10.0/5/5/9
10.0,5,10,0,400,200,5,constant,stated,0.6784994344878064,1,0,0,mixture/10.0/5/5/10
10.0,5,10,0,400,200,5,constant,geomean,0.05744562646538023,11,0,0,mixture/10.0/5/5/10
10.0,5,10,0,400,200,5,constant,ratio,0.04500000000000004,197,0,0,mixture/10.0/5/5/10
10.0,5,10,0,400,200,5,constant,ratio-half,0.05500000000000005,11,0,0,mixture/10.0/5/5/10
10.0,5,10,0,1000,200,5,constant,stated,0.5395907397331495,1,0,0,mixture/10.0/5/5/10
10.0,5,10,0,1000,200,5,constant,geomean,0.03193743884534259,34,0,0,mixture/10.0/5/5/10
10.0,5,10,0,1000,200,5,constant,ratio,0.02400000000000002,199,0,0,mixture/10.0/5/5/10
10.0,5,10,0,1000,200,5,constant,ratio-half,0.030000000000000027,34,0,0,mixture/10.0/5/5/10
10.0,5,11,0,400,200,5,constant,stated,0.6784994344878064,1,0,0,mixture/10.0/5/5/11
10.0,5,11,0,400,200,5,constant,geomean,0.059791303715506935,28,0,0,mixture/10.0/5/5/11
10.0,5,11,0,400,200,5,constant,ratio,0.04500000000000004,195,0,0,mixture/10.0/5/5/11
10.0,5,11,0,400,200,5,constant,ratio-half,0.05500000000000005,28,0,0,mixture/10.0/5/5/11
10.0,5,11,0,1000,200,5,constant,stated,0.5395907397331495,1,0,0,mixture/10.0/5/5/11
10.0,5,11,0,1000,200,5,constant,geomean,0.034641016151377525,6,0,0,mixture/10.0/5/5/11
10.0,5,11,0,1000,200,5,constant,ratio,0.026000000000000023,196,0,0,mixture/10.0/5/5/11
10.0,5,11,0,1000,200,5,constant,ratio-half,0.030000000000000027,62,0,0,mixture/10.0/5/5/11
10.0,5,12,0,400,200,5,constant,stated,0.6784994344878064,1,0,0,mixture/10.0/5/5/12
10.0,5,12,0,400,200,5,constant,geomean,0.06204836822995422,4,0,0,mixture/10.0/5/5/12
10.0,5,12,0,400,200,5,constant,ratio,0.04500000000000004,195,0,0,mixture/10.0/5/5/12
10.0,5,12,0,400,200,5,constant,ratio-half,0.05500000000000005,22,0,0,mixture/10.0/5/5/12
10.0,5,12,0,1000,200,5,constant,stated,0.5395907397331495,1,0,0,mixture/10.0/5/5/12
10.0,5,12,0,1000,200,5,constant,geomean,0.03376388603226818,15,0,0,mixture/10.0/5/5/12
10.0,5,12,0,1000,200,5,constant,ratio,0.03400000000000003,2,0,0,mixture/10.0/5/5/12
10.0,5,12,0,1000,200,5,constant,ratio-half,0.03400000000000003,2,0,0,mixture/10.0/5/5/12
10.0,5,13,0,400,200,5,constant,stated,0.6784994344878064,1,0,0,mixture/10.0/5/5/13
10.0,5,13,0,400,200,5,constant,geomean,0.059791303715506984,19,0,0,mixture/10.0/5/5/13
10.0,5,13,0,400,200,5,constant,ratio,0.04500000000000004,196,0,0,mixture/10.0/5/5/13
10.0,5,13,0,400,200,5,constant,ratio-half,0.05500000000000005,19,0,0,mixture/10.0/5/5/13
10.0,5,13,0,1000,200,5,constant,stated,0.5395907397331495,1,0,0,mixture/10.0/5/5/13
10.0,5,13,0,1000,200,5,constant,geomean,0.03286335345030995,10,0,0,mixture/10.0/5/5/13
10.0,5,13,0,1000,200,5,constant,ratio,0.026000000000000023,196,0,0,mixture/10.0/5/5/13
10.0,5,13,0,1000,200,5,constant,ratio-half,0.030000000000000027,55,0,0,mixture/10.0/5/5/13
10.0,5,14,0,400,200,5,constant,stated,0.6784994344878064,1,0,0,mixture/10.0/5/5/14
10.0,5,14,0,400,200,5,constant,geomean,0.057445626465380276,27,0,0,mixture/10.0/5/5/14
10.0,5,14,0,400,200,5,constant,ratio,0.04500000000000004,197,0,0,mixture/10.0/5/5/14
10.0,5,14,0,400,200,5,constant,ratio-half,0.05500000000000005,27,0,0,mixture/10.0/5/5/14
10.0,5,14,0,1000,200,5,constant,stated,0.5395907397331495,1,0,0,mixture/10.0/5/5/14
10.0,5,14,0,1000,200,5,constant,geomean,0.033763886032268244,12,0,0,mixture/10.0/5/5/14
10.0,5,14,0,1000,200,5,constant,ratio,0.02400000000000002,199,0,0,mixture/10.0/5/5/14
10.0,5,14,0,1000,200,5,constant,ratio-half,0.030000000000000027,68,0,0,mixture/10.0/5/5/14
10.0,5,15,0,400,200,5,constant,stated,0.6784994344878064,1,0,0,mixture/10.0/5/5/15
10.0,5,15,0,400,200,5,constant,geomean,0.06204836822995428,4,0,0,mixture/10.0/5/5/15
10.0,5,15,0,400,200,5,constant,ratio,0.04500000000000004,198,0,0,mixture/10.0/5/5/15
10.0,5,15,0,400,200,5,constant,ratio-half,0.05500000000000005,41,0,0,mixture/10.0/5/5/15
10.0,5,15,0,1000,200,5,constant,stated,0.5395907397331495,1,0,0,mixture/10.0/5/5/15
10.0,5,15,0,1000,200,5,constant,geomean,0.0337638860322683,24,0,0,mixture/10.0/5/5/15
10.0,5,15,0,1000,200,5,constant,ratio,0.026000000000000023,195,0,0,mixture/10.0/5/5/15
10.0,5,15,0,1000,200,5,constant,ratio-half,0.030000000000000027,89,0,0,mixture/10.0/5/5/15
10.0,5,16,0,400,200,5,constant,stated,0.6784994344878064,1,0,0,mixture/10.0/5/5/16
10.0,5,16,0,400,200,5,constant,geomean,0.059791303715506935,32,0,0,mixture/10.0/5/5/16
10.0,5,16,0,400,200,5,constant,ratio,0.04500000000000004,199,0,0,mixture/10.0/5/5/16
10.0,5,16,0,400,200,5,constant,ratio-half,0.05500000000000005,32,0,0,mixture/10.0/5/5/16
10.0,5,16,0,1000,200,5,constant,stated,0.5395907397331495,1,0,0,mixture/10.0/5/5/16
10.0,5,16,0,1000,200,5,constant,geomean,0.0337638860322683,20,0,0,mixture/10.0/5/5/16
10.0,5,16,0,1000,200,5,constant,ratio,0.026000000000000023,198,0,0,mixture/10.0/5/5/16
10.0,5,16,0,1000,200,5,constant,ratio-half,0.030000000000000027,96,0,0,mixture/10.0/5/5/16
10.0,5,17,0,400,200,5,constant,stated,0.6784994344878064,1,0,0,mixture/10.0/5/5/17
10.0,5,17,0,400,200,5,constant,geomean,0.059791303715506935,19,0,0,mixture/10.0/5/5/17
10.0,5,17,0,400,200,5,constant,ratio,0.04500000000000004,198,0,0,mixture/10.0/5/5/17
10.0,5,17,0,400,200,5,constant,ratio-half,0.05500000000000005,19,0,0,mixture/10.0/5/5/17
10.0,5,17,0,1000,200,5,constant,stated,0.5395907397331495,1,0,0,mixture/10.0/5/5/17
10.0,5,17,0,1000,200,5,constant,geomean,0.032863353450309885,8,0,0,mixture/10.0/5/5/17
10.0,5,17,0,1000,200,5,constant,ratio,0.02400000000000002,199,0,0,mixture/10.0/5/5/17
10.0,5,17,0,1000,200,5,constant,ratio-half,0.030000000000000027,64,0,0,mixture/10.0/5/5/17
10.0,5,18,0,400,200,5,constant,stated,0.6784994344878064,1,0,0,mixture/10.0/5/5/18
10.0,5,18,0,400,200,5,constant,geomean,0.059791303715506935,45,0,0,mixture/10.0/5/5/18
10.0,5,18,0,400,200,5,constant,ratio,0.050000000000000044,152,0,0,mixture/10.0/5/5/18
10.0,5,18,0,400,200,5,constant,ratio-half,0.05500000000000005,45,0,0,mixture/10.0/5/5/18
10.0,5,18,0,1000,200,5,constant,stated,0.5395907397331495,1,0,0,mixture/10.0/5/5/18
10.0,5,18,0,1000,200,5,constant,geomean,0.032863353450309996,24,0,0,mixture/10.0/5/5/18
10.0,5,18,0,1000,200,5,constant,ratio,0.02400000000000002,198,0,0,mixture/10.0/5/5/18
10.0,5,18,0,1000,200,5,constant,ratio-half,0.030000000000000027,78,0,0,mixture/10.0/5/5/18
10.0,5,19,0,400,200,5,constant,stated,0.6784994344878064,1,0,0,mixture/10.0/5/5/19
10.0,5,19,0,400,200,5,constant,geomean,0.059791303715506935,32,0,0,mixture/10.0/5/5/19
10.0,5,19,0,400,200,5,constant,ratio,0.04500000000000004,193,0,0,mixture/10.0/5/5/19
10.0,5,19,0,400,200,5,constant,ratio-half,0.05500000000000005,32,0,0,mixture/10.0/5/5/19
10.0,5,19,0,1000,200,5,constant,stated,0.5395907397331495,1,0,0,mixture/10.0/5/5/19
10.0,5,19,0,1000,200,5,constant,geomean,0.03464101615137751,7,0,0,mixture/10.0/5/5/19
10.0,5,19,0,1000,200,5,constant,ratio,0.02400000000000002,199,0,0,mixture/10.0/5/5/19
10.0,5,19,0,1000,200,5,constant,ratio-half,0.030000000000000027,54,0,0,mixture/10.0/5/5/19
10.0,6,0,0,400,200,5,constant,stated,0.6784994344878064,1,0,0,mixture/10.0/6/5/0
10.0,6,0,0,400,200,5,constant,geomean,0.0570087712549569,16,0,0,mixture/10.0/6/5/0
10.0,6,0,0,400,200,5,constant,ratio,0.04500000000000004,190,0,0,mixture/10.0/6/5/0
10.0,6,0,0,400,200,5,constant,ratio-half,0.050000000000000044,90,0,0,mixture/10.0/6/5/0
10.0,6,0,0,1000,200,5,constant,stated,0.5395907397331495,1,0,0,mixture/10.0/6/5/0
10.0,6,0,0,1000,200,5,constant,geomean,0.033763886032268244,15,0,0,mixture/10.0/6/5/0
10.0,6,0,0,1000,200,5,constant,ratio,0.02400000000000002,199,0,0,mixture/10.0/6/5/0
10.0,6,0,0,1000,200,5,constant,ratio-half,0.030000000000000027,58,0,0,mixture/10.0/6/5/0
10.0,6,1,0,400,200,5,constant,stated,0.6784994344878064,1,0,0,mixture/10.0/6/5/1
10.0,6,1,0,400,200,5,constant,geomean,0.06204836822995422,5,0,0,mixture/10.0/6/5/1
10.0,6,1,0,400,200,5,constant,ratio,0.04500000000000004,198,0,0,mixture/10.0/6/5/1
10.0,6,1,0,400,200,5,constant,ratio-half,0.05500000000000005,42,0,0,mixture/10.0/6/5/1
10.0,6,1,0,1000,200,5,constant,stated,0.5395907397331495,1,0,0,mixture/10.0/6/5/1
10.0,6,1,0,1000,200,5,constant,geomean,0.035777087639996555,8,0,0,mixture/10.0/6/5/1
10.0,6,1,0,1000,200,5,constant,ratio,0.03599999999999992,2,0,0,mixture/10.0/6/5/1
10.0,6,1,0,1000,200,5,constant,ratio-half,0.03599999999999992,2,0,0,mixture/10.0/6/5/1
10.0,6,2,0,400,200,5,constant,stated,0.6784994344878064,1,0,0,mixture/10.0/6/5/2
10.0,6,2,0,400,200,5,constant,geomean,0.059791303715506984,46,0,0,mixture/10.0/6/5/2
10.0,6,2,0,400,200,5,constant,ratio,0.04500000000000004,195,0,0,mixture/10.0/6/5/2
10.0,6,2,0,400,200,5,constant,ratio-half,0.05500000000000005,46,0,0,mixture/10.0/6/5/2
10.0,6,2,0,1000,200,5,constant,stated,0.5395907397331495,1,0,0,mixture/10.0/6/5/2
10.0,6,2,0,1000,200,5,constant,geomean,0.033763886032268244,28,0,0,mixture/10.0/6/5/2
10.0,6,2,0,1000,200,5,constant,ratio,0.02400000000000002,199,0,0,mixture/10.0/6/5/2
10.0,6,2,0,1000,200,5,constant,ratio-half,0.030000000000000027,94,0,0,mixture/10.0/6/5/2
10.0,6,3,0,400,200,5,constant,stated,0.6784994344878064,1,0,0,mixture/10.0/6/5/3
10.0,6,3,0,400,200,5,constant,geomean,0.059791303715506935,16,0,0,mixture/10.0/6/5/3
10.0,6,3,0,400,200,5,constant,ratio,0.04500000000000004,194,0,0,mixture/10.0/6/5/3
10.0,6,3,0,400,200,5,constant,ratio-half,0.05500000000000005,16,0,0,mixture/10.0/6/5/3
10.0,6,3,0,1000,200,5,constant,stated,0.5395907397331495,1,0,0,mixture/10.0/6/5/3
10.0,6,3,0,1000,200,5,constant,geomean,0.032863353450309885,11,0,0,mixture/10.0/6/5/3
10.0,6,3,0,1000,200,5,constant,ratio,0.02400000000000002,199,0,0,mixture/10.0/6/5/3
10.0,6,3,0,1000,200,5,constant,ratio-half,0.030000000000000027,71,0,0,mixture/10.0/6/5/3
10.0,6,4,0,400,200,5,constant,stated,0.6784994344878064,1,0,0,mixture/10.0/6/5/4
10.0,6,4,0,400,200,5,constant,geomean,0.059791303715506935,20,0,0,mixture/10.0/6/5/4
10.0,6,4,0,400,200,5,constant,ratio,0.04500000000000004,191,0,0,mixture/10.0/6/5/4
10.0,6,4,0,400,200,5,constant,ratio-half,0.05500000000000005,20,0,0,mixture/10.0/6/5/4
10.0,6,4,0,1000,200,5,constant,stated,0.5395907397331495,1,0,0,mixture/10.0/6/5/4
10.0,6,4,0,1000,200,5,constant,geomean,0.0337638860322683,15,0,0,mixture/10.0/6/5/4
10.0,6,4,0,1000,200,5,constant,ratio,0.02400000000000002,199,0,0,mixture/10.0/6/5/4
10.0,6,4,0,1000,200,5,constant,ratio-half,0.030000000000000027,58,0,0,mixture/10.0/6/5/4
10.0,6,5,0,400,200,5,constant,stated,0.6784994344878064,1,0,0,mixture/10.0/6/5/5
10.0,6,5,0,400,200,5,constant,geomean,0.059791303715506935,18,0,0,mixture/10.0/6/5/5
10.0,6,5,0,400,200,5,constant,ratio,0.04500000000000004,197,0,0,mixture/10.0/6/5/5
10.0,6,5,0,400,200,5,constant,ratio-half,0.05500000000000005,18,0,0,mixture/10.0/6/5/5
10.0,6,5,0,1000,200,5,constant,stated,0.5395907397331495,1,0,0,mixture/10.0/6/5/5
10.0,6,5,0,1000,200,5,constant,geomean,0.033763886032268244,10,0,0,mixture/10.0/6/5/5
10.0,6,5,0,1000,200,5,constant,ratio,0.026000000000000023,192,0,0,mixture/10.0/6/5/5
10.0,6,5,0,1000,200,5,constant,ratio-half,0.030000000000000027,62,0,0,mixture/10.0/6/5/5
10.0,6,6,0,400,200,5,constant,stated,0.6784994344878064,1,0,0,mixture/10.0/6/5/6
10.0,6,6,0,400,200,5,constant,geomean,0.057445626465380276,25,0,0,mixture/10.0/6/5/6
10.0,6,6,0,400,200,5,constant,ratio,0.04500000000000004,199,0,0,mixture/10.0/6/5/6
10.0,6,6,0,400,200,5,constant,ratio-half,0.05500000000000005,25,0,0,mixture/10.0/6/5/6
10.0,6,6,0,1000,200,5,constant,stated,0.5395907397331495,1,0,0,mixture/10.0/6/5/6
10.0,6,6,0,1000,200,5,constant,geomean,0.032863353450309885,22,0,0,mixture/10.0/6/5/6
10.0,6,6,0,1000,200,5,constant,ratio,0.026000000000000023,192,0,0,mixture/10.0/6/5/6
10.0,6,6,0,1000,200,5,constant,ratio-half,0.030000000000000027,66,0,0,mixture/10.0/6/5/6
10.0,6,7,0,400,200,5,constant,stated,0.6784994344878064,1,0,0,mixture/10.0/6/5/7
10.0,6,7,0,400,200,5,constant,geomean,0.059791303715506935,50,0,0,mixture/10.0/6/5/7
10.0,6,7,0,400,200,5,constant,ratio,0.04500000000000004,196,0,0,mixture/10.0/6/5/7
10.0,6,7,0,400,200,5,constant,ratio-half,0.05500000000000005,50,0,0,mixture/10.0/6/5/7
10.0,6,7,0,1000,200,5,constant,stated,0.5395907397331495,1,0,0,mixture/10.0/6/5/7
10.0,6,7,0,1000,200,5,constant,geomean,0.033763886032268244,26,0,0,mixture/10.0/6/5/7
10.0,6,7,0,1000,200,5,constant,ratio,0.026000000000000023,194,0,0,mixture/10.0/6/5/7
10.0,6,7,0,1000,200,5,constant,ratio-half,0.030000000000000027,83,0,0,mixture/10.0/6/5/7
10.0,6,8,0,400,200,5,constant,stated,0.6784994344878064,1,0,0,mixture/10.0/6/5/8
10.0,6,8,0,400,200,5,constant,geomean,0.059791303715506935,24,0,0,mixture/10.0/6/5/8
10.0,6,8,0,400,200,5,constant,ratio,0.04500000000000004,193,0,0,mixture/10.0/6/5/8
10.0,6,8,0,400,200,5,constant,ratio-half,0.05500000000000005,24,0,0,mixture/10.0/6/5/8
10.0,6,8,0,1000,200,5,constant,stated,0.5395907397331495,1,0,0,mixture/10.0/6/5/8
10.0,6,8,0,1000,200,5,constant,geomean,0.03464101615137751,5,0,0,mixture/10.0/6/5/8
10.0,6,8,0,1000,200,5,constant,ratio,0.03599999999999992,2,0,0,mixture/10.0/6/5/8
10.0,6,8,0,1000,200,5,constant,ratio-half,0.03599999999999992,2,0,0,mixture/10.0/6/5/8
10.0,6,9,0,400,200,5,constant,stated,0.6784994344878064,1,0,0,mixture/10.0/6/5/9
10.0,6,9,0,400,200,5,constant,geomean,0.06422616289332564,4,0,0,mixture/10.0/6/5/9
10.0,6,9,0,400,200,5,constant,ratio,0.06500000000000006,2,0,0,mixture/10.0/6/5/9
10.0,6,9,0,400,200,5,constant,ratio-half,0.06500000000000006,2,0,0,mixture/10.0/6/5/9
10.0,6,9,0,1000,200,5,constant,stated,0.5395907397331495,1,0,0,mixture/10.0/6/5/9
10.0,6,9,0,1000,200,5,constant,geomean,0.032863353450309996,14,0,0,mixture/10.0/6/5/9
10.0,6,9,0,1000,200,5,constant,ratio,0.02400000000000002,199,0,0,mixture/10.0/6/5/9
10.0,6,9,0,1000,200,5,constant,ratio-half,0.030000000000000027,74,0,0,mixture/10.0/6/5/9
10.0,6,10,0,400,200,5,constant,stated,0.6784994344878064,1,0,0,mixture/10.0/6/5/10
10.0,6,10,0,400,200,5,constant,geomean,0.059791303715506984,43,0,0,mixture/10.0/6/5/10
10.0,6,10,0,400,200,5,constant,ratio,0.04500000000000004,198,0,0,mixture/10.0/6/5/10
10.0,6,10,0,400,200,5,constant,ratio-half,0.05500000000000005,43,0,0,mixture/10.0/6/5/10
10.0,6,10,0,1000,200,5,constant,stated,0.5395907397331495,1,0,0,mixture/10.0/6/5/10
10.0,6,10,0,1000,200,5,constant,geomean,0.0337638860322683,16,0,0,mixture/10.0/6/5/10
10.0,6,10,0,1000,200,5,constant,ratio,0.026000000000000023,196,0,0,mixture/10.0/6/5/10
10.0,6,10,0,1000,200,5,constant,ratio-half,0.030000000000000027,73,0,0,mixture/10.0/6/5/10
10.0,6,11,0,400,200,5,constant,stated,0.6784994344878064,1,0,0,mixture/10.0/6/5/11
10.0,6,11,0,400,200,5,constant,geomean,0.059791303715506935,45,0,0,mixture/10.0/6/5/11
10.0,6,11,0,400,200,5,constant,ratio,0.04500000000000004,198,0,0,mixture/10.0/6/5/11
10.0,6,11,0,400,200,5,constant,ratio-half,0.05500000000000005,45,0,0,mixture/10.0/6/5/11
10.0,6,11,0,1000,200,5,constant,stated,0.5395907397331495,1,0,0,mixture/10.0/6/5/11
10.0,6,11,0,1000,200,5,constant,geomean,0.03666060555964664,4,0,0,mixture/10.0/6/5/11
10.0,6,11,0,1000,200,5,constant,ratio,0.02400000000000002,197,0,0,mixture/10.0/6/5/11
10.0,6,11,0,1000,200,5,constant,ratio-half,0.03200000000000003,31,0,0,mixture/10.0/6/5/11
10.0,6,12,0,400,200,5,constant,stated,0.6784994344878064,1,0,0,mixture/10.0/6/5/12
10.0,6,12,0,400,200,5,constant,geomean,0.05744562646538023,20,0,0,mixture/10.0/6/5/12
10.0,6,12,0,400,200,5,constant,ratio,0.04500000000000004,198,0,0,mixture/10.0/6/5/12
10.0,6,12,0,400,200,5,constant,ratio-half,0.05500000000000005,20,0,0,mixture/10.0/6/5/12
10.0,6,12,0,1000,200,5,constant,stated,0.5395907397331495,1,0,0,mixture/10.0/6/5/12
10.0,6,12,0,1000,200,5,constant,geomean,0.033763886032268244,17,0,0,mixture/10.0/6/5/12
10.0,6,12,0,1000,200,5,constant,ratio,0.02400000000000002,199,0,0,mixture/10.0/6/5/12
10.0,6,12,0,1000,200,5,constant,ratio-half,0.030000000000000027,80,0,0,mixture/10.0/6/5/12
10.0,6,13,0,400,200,5,constant,stated,0.6784994344878064,1,0,0,mixture/10.0/6/5/13
10.0,6,13,0,400,200,5,constant,geomean,0.059791303715506935,9,0,0,mixture/10.0/6/5/13
10.0,6,13,0,400,200,5,constant,ratio,0.04500000000000004,195,0,0,mixture/10.0/6/5/13
10.0,6,13,0,400,200,5,constant,ratio-half,0.05500000000000005,9,0,0,mixture/10.0/6/5/13
10.0,6,13,0,1000,200,5,constant,stated,0.5395907397331495,1,0,0,mixture/10.0/6/5/13
10.0,6,13,0,1000,200,5,constant,geomean,0.031937438845342656,50,0,0,mixture/10.0/6/5/13
10.0,6,13,0,1000,200,5,constant,ratio,0.02400000000000002,199,0,0,mixture/10.0/6/5/13
10.0,6,13,0,1000,200,5,constant,ratio-half,0.030000000000000027,50,0,0,mixture/10.0/6/5/13
10.0,6,14,0,400,200,5,constant,stated,0.6784994344878064,1,0,0,mixture/10.0/6/5/14
10.0,6,14,0,400,200,5,constant,geomean,0.06204836822995422,8,0,0,mixture/10.0/6/5/14
10.0,6,14,0,400,200,5,constant,ratio,0.04500000000000004,194,0,0,mixture/10.0/6/5/14
10.0,6,14,0,400,200,5,constant,ratio-half,0.05500000000000005,38,0,0,mixture/10.0/6/5/14
10.0,6,14,0,1000,200,5,constant,stated,0.5395907397331495,1,0,0,mixture/10.0/6/5/14
10.0,6,14,0,1000,200,5,constant,geomean,0.03633180424916989,3,0,0,mixture/10.0/6/5/14
10.0,6,14,0,1000,200,5,constant,ratio,0.03799999999999992,2,0,0,mixture/10.0/6/5/14
10.0,6,14,0,1000,200,5,constant,ratio-half,0.03799999999999992,2,0,0,mixture/10.0/6/5/14
10.0,6,15,0,400,200,5,constant,stated,0.6784994344878064,1,0,0,mixture/10.0/6/5/15
10.0,6,15,0,400,200,5,constant,geomean,0.057445626465380276,11,0,0,mixture/10.0/6/5/15
10.0,6,15,0,400,200,5,constant,ratio,0.04500000000000004,195,0,0,mixture/10.0/6/5/15
10.0,6,15,0,400,200,5,constant,ratio-half,0.05500000000000005,11,0,0,mixture/10.0/6/5/15
10.0,6,15,0,1000,200,5,constant,stated,0.5395907397331495,1,0,0,mixture/10.0/6/5/15
10.0,6,15,0,1000,200,5,constant,geomean,0.03286335345030995,19,0,0,mixture/10.0/6/5/15
10.0,6,15,0,1000,200,5,constant,ratio,0.026000000000000023,198,0,0,mixture/10.0/6/5/15
10.0,6,15,0,1000,200,5,constant,ratio-half,0.030000000000000027,81,0,0,mixture/10.0/6/5/15
10.0,6,16,0,400,200,5,constant,stated,0.6784994344878064,1,0,0,mixture/10.0/6/5/16
10.0,6,16,0,400,200,5,constant,geomean,0.06204836822995422,7,0,0,mixture/10.0/6/5/16
10.0,6,16,0,400,200,5,constant,ratio,0.04500000000000004,199,0,0,mixture/10.0/6/5/16
10.0,6,16,0,400,200,5,constant,ratio-half,0.05500000000000005,41,0,0,mixture/10.0/6/5/16
10.0,6,16,0,1000,200,5,constant,stated,0.5395907397331495,1,0,0,mixture/10.0/6/5/16
10.0,6,16,0,1000,200,5,constant,geomean,0.0337638860322683,21,0,0,mixture/10.0/6/5/16
10.0,6,16,0,1000,200,5,constant,ratio,0.02400000000000002,199,0,0,mixture/10.0/6/5/16
10.0,6,16,0,1000,200,5,constant,ratio-half,0.030000000000000027,80,0,0,mixture/10.0/6/5/16
10.0,6,17,0,400,200,5,constant,stated,0.6784994344878064,1,0,0,mixture/10.0/6/5/17
10.0,6,17,0,400,200,5,constant,geomean,0.059791303715506935,58,0,0,mixture/10.0/6/5/17
10.0,6,17,0,400,200,5,constant,ratio,0.050000000000000044,174,0,0,mixture/10.0/6/5/17
10.0,6,17,0,400,200,5,constant,ratio-half,0.05500000000000005,58,0,0,mixture/10.0/6/5/17
10.0,6,17,0,1000,200,5,constant,stated,0.5395907397331495,1,0,0,mixture/10.0/6/5/17
10.0,6,17,0,1000,200,5,constant,geomean,0.03487119154832531,11,0,0,mixture/10.0/6/5/17
10.0,6,17,0,1000,200,5,constant,ratio,0.026000000000000023,195,0,0,mixture/10.0/6/5/17
10.0,6,17,0,1000,200,5,constant,ratio-half,0.03200000000000003,38,0,0,mixture/10.0/6/5/17
10.0,6,18,0,400,200,5,constant,stated,0.6784994344878064,1,0,0,mixture/10.0/6/5/18
10.0,6,18,0,400,200,5,constant,geomean,0.06204836822995422,8,0,0,mixture/10.0/6/5/18
10.0,6,18,0,400,200,5,constant,ratio,0.04500000000000004,197,0,0,mixture/10.0/6/5/18
10.0,6,18,0,400,200,5,constant,ratio-half,0.05500000000000005,35,0,0,mixture/10.0/6/5/18
10.0,6,18,0,1000,200,5,constant,stated,0.5395907397331495,1,0,0,mixture/10.0/6/5/18
10.0,6,18,0,1000,200,5,constant,geomean,0.032863353450309996,19,0,0,mixture/10.0/6/5/18
10.0,6,18,0,1000,200,5,constant,ratio,0.026000000000000023,196,0,0,mixture/10.0/6/5/18
10.0,6,18,0,1000,200,5,constant,ratio-half,0.030000000000000027,84,0,0,mixture/10.0/6/5/18
10.0,6,19,0,400,200,5,constant,stated,0.6784994344878064,1,0,0,mixture/10.0/6/5/19
10.0,6,19,0,400,200,5,constant,geomean,0.059791303715506935,24,0,0,mixture/10.0/6/5/19
10.0,6,19,0,400,200,5,constant,ratio,0.04500000000000004,194,0,0,mixture/10.0/6/5/19
10.0,6,19,0,400,200,5,constant,ratio-half,0.05500000000000005,24,0,0,mixture/10.0/6/5/19
10.0,6,19,0,1000,200,5,constant,stated,0.5395907397331495,1,0,0,mixture/10.0/6/5/19
10.0,6,19,0,1000,200,5,constant,geomean,0.034641016151377525,5,0,0,mixture/10.0/6/5/19
10.0,6,19,0,1000,200,5,constant,ratio,0.03600000000000003,2,0,0,mixture/10.0/6/5/19
10.0,6,19,0,1000,200,5,constant,ratio-half,0.03600000000000003,2,0,0,mixture/10.0/6/5/19
10.0,7,0,0,400,200,5,constant,stated,0.6784994344878064,1,0,0,mixture/10.0/7/5/0
10.0,7,0,0,400,200,5,constant,geomean,0.059791303715506935,30,0,0,mixture/10.0/7/5/0
10.0,7,0,0,400,200,5,constant,ratio,0.04500000000000004,197,0,0,mixture/10.0/7/5/0
10.0,7,0,0,400,200,5,constant,ratio-half,0.05500000000000005,30,0,0,mixture/10.0/7/5/0
10.0,7,0,0,1000,200,5,constant,stated,0.5395907397331495,1,0,0,mixture/10.0/7/5/0
10.0,7,0,0,1000,200,5,constant,geomean,0.03286335345030995,19,0,0,mixture/10.0/7/5/0
10.0,7,0,0,1000,200,5,constant,ratio,0.026000000000000023,190,0,0,mixture/10.0/7/5/0
10.0,7,0,0,1000,200,5,constant,ratio-half,0.030000000000000027,76,0,0,mixture/10.0/7/5/0
10.0,7,1,0,400,200,5,constant,stated,0.6784994344878064,1,0,0,mixture/10.0/7/5/1
10.0,7,1,0,400,200,5,constant,geomean,0.059791303715506935,33,0,0,mixture/10.0/7/5/1
10.0,7,1,0,400,200,5,constant,ratio,0.04500000000000004,199,0,0,mixture/10.0/7/5/1
10.0,7,1,0,400,200,5,constant,ratio-half,0.05500000000000005,33,0,0,mixture/10.0/7/5/1
10.0,7,1,0,1000,200,5,constant,stated,0.5395907397331495,1,0,0,mixture/10.0/7/5/1
10.0,7,1,0,1000,200,5,constant,geomean,0.03394112549695425,35,0,0,mixture/10.0/7/5/1
10.0,7,1,0,1000,200,5,constant,ratio,0.02399999999999991,199,0,0,mixture/10.0/7/5/1
10.0,7,1,0,1000,200,5,constant,ratio-half,0.03200000000000003,35,0,0,mixture/10.0/7/5/1
10.0,7,2,0,400,200,5,constant,stated,0.6784994344878064,1,0,0,mixture/10.0/7/5/2
10.0,7,2,0,400,200,5,constant,geomean,0.059791303715506935,24,0,0,mixture/10.0/7/5/2
10.0,7,2,0,400,200,5,constant,ratio,0.04500000000000004,197,0,0,mixture/10.0/7/5/2
10.0,7,2,0,400,200,5,constant,ratio-half,0.05500000000000005,24,0,0,mixture/10.0/7/5/2
10.0,7,2,0,1000,200,5,constant,stated,0.5395907397331495,1,0,0,mixture/10.0/7/5/2
10.0,7,2,0,1000,200,5,constant,geomean,0.03633180424916989,2,0,0,mixture/10.0/7/5/2
10.0,7,2,0,1000,200,5,constant,ratio,0.03600000000000003,2,0,0,mixture/10.0/7/5/2
10.0,7,2,0,1000,200,5,constant,ratio-half,0.03600000000000003,2,0,0,mixture/10.0/7/5/2
10.0,7,3,0,400,200,5,constant,stated,0.6784994344878064,1,0,0,mixture/10.0/7/5/3
10.0,7,3,0,400,200,5,constant,geomean,0.059791303715506935,14,0,0,mixture/10.0/7/5/3
10.0,7,3,0,400,200,5,constant,ratio,0.04500000000000004,198,0,0,mixture/10.0/7/5/3
10.0,7,3,0,400,200,5,constant,ratio-half,0.05500000000000005,14,0,0,mixture/10.0/7/5/3
10.0,7,3,0,1000,200,5,constant,stated,0.5395907397331495,1,0,0,mixture/10.0/7/5/3
10.0,7,3,0,1000,200,5,constant,geomean,0.0337638860322683,14,0,0,mixture/10.0/7/5/3
10.0,7,3,0,1000,200,5,constant,ratio,0.026000000000000023,190,0,0,mixture/10.0/7/5/3
10.0,7,3,0,1000,200,5,constant,ratio-half,0.030000000000000027,46,0,0,mixture/10.0/7/5/3
10.0,7,4,0,400,200,5,constant,stated,0.6784994344878064,1,0,0,mixture/10.0/7/5/4
10.0,7,4,0,400,200,5,constant,geomean,0.059791303715506984,22,0,0,mixture/10.0/7/5/4
10.0,7,4,0,400,200,5,constant,ratio,0.04500000000000004,195,0,0,mixture/10.0/7/5/4
10.0,7,4,0,400,200,5,constant,ratio-half,0.05500000000000005,22,0,0,mixture/10.0/7/5/4
10.0,7,4,0,1000,200,5,constant,stated,0.5395907397331495,1,0,0,mixture/10.0/7/5/4
10.0,7,4,0,1000,200,5,constant,geomean,0.034641016151377525,6,0,0,mixture/10.0/7/5/4
10.0,7,4,0,1000,200,5,constant,ratio,0.03599999999999992,2,0,0,mixture/10.0/7/5/4
10.0,7,4,0,1000,200,5,constant,ratio-half,0.03599999999999992,2,0,0,mixture/10.0/7/5/4
10.0,7,5,0,400,200,5,constant,stated,0.6784994344878064,1,0,0,mixture/10.0/7/5/5
10.0,7,5,0,400,200,5,constant,geomean,0.06204836822995428,8,0,0,mixture/10.0/7/5/5
10.0,7,5,0,400,200,5,constant,ratio,0.04500000000000004,197,0,0,mixture/10.0/7/5/5
10.0,7,5,0,400,200,5,constant,ratio-half,0.05500000000000005,42,0,0,mixture/10.0/7/5/5
10.0,7,5,0,1000,200,5,constant,stated,0.5395907397331495,1,0,0,mixture/10.0/7/5/5
10.0,7,5,0,1000,200,5,constant,geomean,0.03487119154832531,6,0,0,mixture/10.0/7/5/5
10.0,7,5,0,1000,200,5,constant,ratio,0.02400000000000002,199,0,0,mixture/10.0/7/5/5
10.0,7,5,0,1000,200,5,constant,ratio-half,0.03200000000000003,36,0,0,mixture/10.0/7/5/5
10.0,7,6,0,400,200,5,constant,stated,0.6784994344878064,1,0,0,mixture/10.0/7/5/6
10.0,7,6,0,400,200,5,constant,geomean,0.059791303715506935,33,0,0,mixture/10.0/7/5/6
10.0,7,6,0,400,200,5,constant,ratio,0.04500000000000004,198,0,0,mixture/10.0/7/5/6
10.0,7,6,0,400,200,5,constant,ratio-half,0.05500000000000005,33,0,0,mixture/10.0/7/5/6
10.0,7,6,0,1000,200,5,constant,stated,0.5395907397331495,1,0,0,mixture/10.0/7/5/6
10.0,7,6,0,1000,200,5,constant,geomean,0.032863353450309996,17,0,0,mixture/10.0/7/5/6
10.0,7,6,0,1000,200,5,constant,ratio,0.026000000000000023,194,0,0,mixture/10.0/7/5/6
10.0,7,6,0,1000,200,5,constant,ratio-half,0.030000000000000027,80,0,0,mixture/10.0/7/5/6
10.0,7,7,0,400,200,5,constant,stated,0.6784994344878064,1,0,0,mixture/10.0/7/5/7
10.0,7,7,0,400,200,5,constant,geomean,0.0570087712549569,15,0,0,mixture/10.0/7/5/7
10.0,7,7,0,400,200,5,constant,ratio,0.04500000000000004,195,0,0,mixture/10.0/7/5/7
10.0,7,7,0,400,200,5,constant,ratio-half,0.050000000000000044,100,0,0,mixture/10.0/7/5/7
10.0,7,7,0,1000,200,5,constant,stated,0.5395907397331495,1,0,0,mixture/10.0/7/5/7
10.0,7,7,0,1000,200,5,constant,geomean,0.032863353450309885,5,0,0,mixture/10.0/7/5/7
10.0,7,7,0,1000,200,5,constant,ratio,0.026000000000000023,188,0,0,mixture/10.0/7/5/7
10.0,7,7,0,1000,200,5,constant,ratio-half,0.030000000000000027,38,0,0,mixture/10.0/7/5/7
10.0,7,8,0,400,200,5,constant,stated,0.6784994344878064,1,0,0,mixture/10.0/7/5/8
10.0,7,8,0,400,200,5,constant,geomean,0.059791303715506935,40,0,0,mixture/10.0/7/5/8
10.0,7,8,0,400,200,5,constant,ratio,0.04500000000000004,198,0,0,mixture/10.0/7/5/8
10.0,7,8,0,400,200,5,constant,ratio-half,0.05500000000000005,40,0,0,mixture/10.0/7/5/8
10.0,7,8,0,1000,200,5,constant,stated,0.5395907397331495,1,0,0,mixture/10.0/7/5/8
10.0,7,8,0,1000,200,5,constant,geomean,0.03394112549695425,34,0,0,mixture/10.0/7/5/8
10.0,7,8,0,1000,200,5,constant,ratio,0.02400000000000002,199,0,0,mixture/10.0/7/5/8
10.0,7,8,0,1000,200,5,constant,ratio-half,0.03200000000000003,34,0,0,mixture/10.0/7/5/8
10.0,7,9,0,400,200,5,constant,stated,0.6784994344878064,1,0,0,mixture/10.0/7/5/9
10.0,7,9,0,400,200,5,constant,geomean,0.06204836822995422,3,0,0,mixture/10.0/7/5/9
10.0,7,9,0,400,200,5,constant,ratio,0.050000000000000044,145,0,0,mixture/10.0/7/5/9
10.0,7,9,0,400,200,5,constant,ratio-half,0.05500000000000005,25,0,0,mixture/10.0/7/5/9
10.0,7,9,0,1000,200,5,constant,stated,0.5395907397331495,1,0,0,mixture/10.0/7/5/9
10.0,7,9,0,1000,200,5,constant,geomean,0.03286335345030995,21,0,0,mixture/10.0/7/5/9
10.0,7,9,0,1000,200,5,constant,ratio,0.02400000000000002,199,0,0,mixture/10.0/7/5/9
10.0,7,9,0,1000,200,5,constant,ratio-half,0.030000000000000027,82,0,0,mixture/10.0/7/5/9
10.0,7,10,0,400,200,5,constant,stated,0.6784994344878064,1,0,0,mixture/10.0/7/5/10
10.0,7,10,0,400,200,5,constant,geomean,0.06204836822995422,2,0,0,mixture/10.0/7/5/10
10.0,7,10,0,400,200,5,constant,ratio,0.06000000000000005,2,0,0,mixture/10.0/7/5/10
10.0,7,10,0,400,200,5,constant,ratio-half,0.06000000000000005,2,0,0,mixture/10.0/7/5/10
10.0,7,10,0,1000,200,5,constant,stated,0.5395907397331495,1,0,0,mixture/10.0/7/5/10
10.0,7,10,0,1000,200,5,constant,geomean,0.03286335345030995,21,0,0,mixture/10.0/7/5/10
10.0,7,10,0,1000,200,5,constant,ratio,0.026000000000000023,195,0,0,mixture/10.0/7/5/10
10.0,7,10,0,1000,200,5,constant,ratio-half,0.030000000000000027,65,0,0,mixture/10.0/7/5/10
10.0,7,11,0,400,200,5,constant,stated,0.6784994344878064,1,0,0,mixture/10.0/7/5/11
10.0,7,11,0,400,200,5,constant,geomean,0.059791303715506935,37,0,0,mixture/10.0/7/5/11
10.0,7,11,0,400,200,5,constant,ratio,0.050000000000000044,159,0,0,mixture/10.0/7/5/11
10.0,7,11,0,400,200,5,constant,ratio-half,0.05500000000000005,37,0,0,mixture/10.0/7/5/11
10.0,7,11,0,1000,200,5,constant,stated,0.5395907397331495,1,0,0,mixture/10.0/7/5/11
10.0,7,11,0,1000,200,5,constant,geomean,0.03376388603226823,16,0,0,mixture/10.0/7/5/11
10.0,7,11,0,1000,200,5,constant,ratio,0.026000000000000023,187,0,0,mixture/10.0/7/5/11
10.0,7,11,0,1000,200,5,constant,ratio-half,0.030000000000000027,68,0,0,mixture/10.0/7/5/11
10.0,7,12,0,400,200,5,constant,stated,0.6784994344878064,1,0,0,mixture/10.0/7/5/12
10.0,7,12,0,400,200,5,constant,geomean,0.059791303715506935,37,0,0,mixture/10.0/7/5/12
10.0,7,12,0,400,200,5,constant,ratio,0.04500000000000004,198,0,0,mixture/10.0/7/5/12
10.0,7,12,0,400,200,5,constant,ratio-half,0.05500000000000005,37,0,0,mixture/10.0/7/5/12
10.0,7,12,0,1000,200,5,constant,stated,0.5395907397331495,1,0,0,mixture/10.0/7/5/12
10.0,7,12,0,1000,200,5,constant,geomean,0.037523326078587355,6,0,0,mixture/10.0/7/5/12
10.0,7,12,0,1000,200,5,constant,ratio,0.039999999999999925,2,0,0,mixture/10.0/7/5/12
10.0,7,12,0,1000,200,5,constant,ratio-half,0.039999999999999925,2,0,0,mixture/10.0/7/5/12
10.0,7,13,0,400,200,5,constant,stated,0.6784994344878064,1,0,0,mixture/10.0/7/5/13
10.0,7,13,0,400,200,5,constant,geomean,0.057445626465380276,24,0,0,mixture/10.0/7/5/13
10.0,7,13,0,400,200,5,constant,ratio,0.04500000000000004,199,0,0,mixture/10.0/7/5/13
10.0,7,13,0,400,200,5,constant,ratio-half,0.05500000000000005,24,0,0,mixture/10.0/7/5/13
10.0,7,13,0,1000,200,5,constant,stated,0.5395907397331495,1,0,0,mixture/10.0/7/5/13
10.0,7,13,0,1000,200,5,constant,geomean,0.031937438845342656,55,0,0,mixture/10.0/7/5/13
10.0,7,13,0,1000,200,5,constant,ratio,0.02400000000000002,199,0,0,mixture/10.0/7/5/13
10.0,7,13,0,1000,200,5,constant,ratio-half,0.030000000000000027,55,0,0,mixture/10.0/7/5/13
10.0,7,14,0,400,200,5,constant,stated,0.6784994344878064,1,0,0,mixture/10.0/7/5/14
10.0,7,14,0,400,200,5,constant,geomean,0.057445626465380276,20,0,0,mixture/10.0/7/5/14
10.0,7,14,0,400,200,5,constant,ratio,0.04500000000000004,193,0,0,mixture/10.0/7/5/14
10.0,7,14,0,400,200,5,constant,ratio-half,0.05500000000000005,20,0,0,mixture/10.0/7/5/14
10.0,7,14,0,1000,200,5,constant,stated,0.5395907397331495,1,0,0,mixture/10.0/7/5/14
10.0,7,14,0,1000,200,5,constant,geomean,0.0337638860322683,27,0,0,mixture/10.0/7/5/14
10.0,7,14,0,1000,200,5,constant,ratio,0.02400000000000002,199,0,0,mixture/10.0/7/5/14
10.0,7,14,0,1000,200,5,constant,ratio-half,0.030000000000000027,86,0,0,mixture/10.0/7/5/14
10.0,7,15,0,400,200,5,constant,stated,0.6784994344878064,1,0,0,mixture/10.0/7/5/15
10.0,7,15,0,400,200,5,constant,geomean,0.06204836822995422,3,0,0,mixture/10.0/7/5/15
10.0,7,15,0,400,200,5,constant,ratio,0.04500000000000004,195,0,0,mixture/10.0/7/5/15
10.0,7,15,0,400,200,5,constant,ratio-half,0.05500000000000005,25,0,0,mixture/10.0/7/5/15
10.0,7,15,0,1000,200,5,constant,stated,0.5395907397331495,1,0,0,mixture/10.0/7/5/15
10.0,7,15,0,1000,200,5,constant,geomean,0.035496478698597685,3,0,0,mixture/10.0/7/5/15
10.0,7,15,0,1000,200,5,constant,ratio,0.03599999999999992,2,0,0,mixture/10.0/7/5/15
10.0,7,15,0,1000,200,5,constant,ratio-half,0.03599999999999992,2,0,0,mixture/10.0/7/5/15
10.0,7,16,0,400,200,5,constant,stated,0.6784994344878064,1,0,0,mixture/10.0/7/5/16
10.0,7,16,0,400,200,5,constant,geomean,0.059791303715506935,28,0,0,mixture/10.0/7/5/16
10.0,7,16,0,400,200,5,constant,ratio,0.04500000000000004,194,0,0,mixture/10.0/7/5/16
10.0,7,16,0,400,200,5,constant,ratio-half,0.05500000000000005,28,0,0,mixture/10.0/7/5/16
10.0,7,16,0,1000,200,5,constant,stated,0.5395907397331495,1,0,0,mixture/10.0/7/5/16
10.0,7,16,0,1000,200,5,constant,geomean,0.0337638860322683,20,0,0,mixture/10.0/7/5/16
10.0,7,16,0,1000,200,5,constant,ratio,0.026000000000000023,198,0,0,mixture/10.0/7/5/16
10.0,7,16,0,1000,200,5,constant,ratio-half,0.030000000000000027,74,0,0,mixture/10.0/7/5/16
10.0,7,17,0,400,200,5,constant,stated,0.6784994344878064,1,0,0,mixture/10.0/7/5/17
10.0,7,17,0,400,200,5,constant,geomean,0.06204836822995428,8,0,0,mixture/10.0/7/5/17
10.0,7,17,0,400,200,5,constant,ratio,0.04500000000000004,199,0,0,mixture/10.0/7/5/17
10.0,7,17,0,400,200,5,constant,ratio-half,0.05500000000000005,58,0,0,mixture/10.0/7/5/17
10.0,7,17,0,1000,200,5,constant,stated,0.5395907397331495,1,0,0,mixture/10.0/7/5/17
10.0,7,17,0,1000,200,5,constant,geomean,0.03666060555964664,3,0,0,mixture/10.0/7/5/17
10.0,7,17,0,1000,200,5,constant,ratio,0.038000000000000034,2,0,0,mixture/10.0/7/5/17
10.0,7,17,0,1000,200,5,constant,ratio-half,0.038000000000000034,2,0,0,mixture/10.0/7/5/17
10.0,7,18,0,400,200,5,constant,stated,0.6784994344878064,1,0,0,mixture/10.0/7/5/18
10.0,7,18,0,400,200,5,constant,geomean,0.06204836822995422,5,0,0,mixture/10.0/7/5/18
10.0,7,18,0,400,200,5,constant,ratio,0.04500000000000004,197,0,0,mixture/10.0/7/5/18
10.0,7,18,0,400,200,5,constant,ratio-half,0.05500000000000005,24,0,0,mixture/10.0/7/5/18
10.0,7,18,0,1000,200,5,constant,stated,0.5395907397331495,1,0,0,mixture/10.0/7/5/18
10.0,7,18,0,1000,200,5,constant,geomean,0.0337638860322683,17,0,0,mixture/10.0/7/5/18
10.0,7,18,0,1000,200,5,constant,ratio,0.02399999999999991,199,0,0,mixture/10.0/7/5/18
10.0,7,18,0,1000,200,5,constant,ratio-half,0.030000000000000027,65,0,0,mixture/10.0/7/5/18
10.0,7,19,0,400,200,5,constant,stated,0.6784994344878064,1,0,0,mixture/10.0/7/5/19
10.0,7,19,0,400,200,5,constant,geomean,0.06633249580710794,2,0,0,mixture/10.0/7/5/19
10.0,7,19,0,400,200,5,constant,ratio,0.06500000000000006,2,0,0,mixture/10.0/7/5/19
10.0,7,19,0,400,200,5,constant,ratio-half,0.06500000000000006,2,0,0,mixture/10.0/7/5/19
10.0,7,19,0,1000,200,5,constant,stated,0.5395907397331495,1,0,0,mixture/10.0/7/5/19
10.0,7,19,0,1000,200,5,constant,geomean,0.033763886032268244,29,0,0,mixture/10.0/7/5/19
10.0,7,19,0,1000,200,5,constant,ratio,0.026000000000000023,192,0,0,mixture/10.0/7/5/19
10.0,7,19,0,1000,200,5,constant,ratio-half,0.030000000000000027,93,0,0,mixture/10.0/7/5/19
10.0,8,0,0,400,200,5,constant,stated,0.6784994344878064,1,0,0,mixture/10.0/8/5/0
10.0,8,0,0,400,200,5,constant,geomean,0.06204836822995422,10,0,0,mixture/10.0/8/5/0
10.0,8,0,0,400,200,5,constant,ratio,0.04499999999999993,198,0,0,mixture/10.0/8/5/0
10.0,8,0,0,400,200,5,constant,ratio-half,0.05500000000000005,42,0,0,mixture/10.0/8/5/0
10.0,8,0,0,1000,200,5,constant,stated,0.5395907397331495,1,0,0,mixture/10.0/8/5/0
10.0,8,0,0,1000,200,5,constant,geomean,0.04454211490264014,2,0,0,mixture/10.0/8/5/0
10.0,8,0,0,1000,200,5,constant,ratio,0.03799999999999992,2,0,0,mixture/10.0/8/5/0
10.0,8,0,0,1000,200,5,constant,ratio-half,0.03799999999999992,2,0,0,mixture/10.0/8/5/0
10.0,8,1,0,400,200,5,constant,stated,0.6784994344878064,1,0,0,mixture/10.0/8/5/1
10.0,8,1,0,400,200,5,constant,geomean,0.059791303715506984,35,0,0,mixture/10.0/8/5/1
10.0,8,1,0,400,200,5,constant,ratio,0.04500000000000004,198,0,0,mixture/10.0/8/5/1
10.0,8,1,0,400,200,5,constant,ratio-half,0.05500000000000005,35,0,0,mixture/10.0/8/5/1
10.0,8,1,0,1000,200,5,constant,stated,0.5395907397331495,1,0,0,mixture/10.0/8/5/1
10.0,8,1,0,1000,200,5,constant,geomean,0.034641016151377574,7,0,0,mixture/10.0/8/5/1
10.0,8,1,0,1000,200,5,constant,ratio,0.03600000000000003,2,0,0,mixture/10.0/8/5/1
10.0,8,1,0,1000,200,5,constant,ratio-half,0.03600000000000003,2,0,0,mixture/10.0/8/5/1
10.0,8,2,0,400,200,5,constant,stated,0.6784994344878064,1,0,0,mixture/10.0/8/5/2
10.0,8,2,0,400,200,5,constant,geomean,0.059791303715506935,46,0,0,mixture/10.0/8/5/2
10.0,8,2,0,400,200,5,constant,ratio,0.04500000000000004,199,0,0,mixture/10.0/8/5/2
10.0,8,2,0,400,200,5,constant,ratio-half,0.05500000000000005,46,0,0,mixture/10.0/8/5/2
10.0,8,2,0,1000,200,5,constant,stated,0.5395907397331495,1,0,0,mixture/10.0/8/5/2
10.0,8,2,0,1000,200,5,constant,geomean,0.0357770876399966,8,1,0,mixture/10.0/8/5/2
10.0,8,2,0,1000,200,5,constant,ratio,0.026000000000000023,199,0,0,mixture/10.0/8/5/2
10.0,8,2,0,1000,200,5,constant,ratio-half,0.03200000000000003,25,0,0,mixture/10.0/8/5/2
10.0,8,3,0,400,200,5,constant,stated,0.6784994344878064,1,0,0,mixture/10.0/8/5/3
10.0,8,3,0,400,200,5,constant,geomean,0.06204836822995428,8,1,0,mixture/10.0/8/5/3
10.0,8,3,0,400,200,5,constant,ratio,0.04500000000000004,198,0,0,mixture/10.0/8/5/3
10.0,8,3,0,400,200,5,constant,ratio-half,0.05500000000000005,38,0,0,mixture/10.0/8/5/3
10.0,8,3,0,1000,200,5,constant,stated,0.5395907397331495,1,0,0,mixture/10.0/8/5/3
10.0,8,3,0,1000,200,5,constant,geomean,0.03666060555964664,6,0,0,mixture/10.0/8/5/3
10.0,8,3,0,1000,200,5,constant,ratio,0.026000000000000023,197,0,0,mixture/10.0/8/5/3
10.0,8,3,0,1000,200,5,constant,ratio-half,0.03200000000000003,48,0,0,mixture/10.0/8/5/3
10.0,8,4,0,400,200,5,constant,stated,0.6784994344878064,1,0,0,mixture/10.0/8/5/4
10.0,8,4,0,400,200,5,constant,geomean,0.06204836822995422,3,0,0,mixture/10.0/8/5/4
10.0,8,4,0,400,200,5,constant,ratio,0.04500000000000004,199,0,0,mixture/10.0/8/5/4
10.0,8,4,0,400,200,5,constant,ratio-half,0.05500000000000005,24,0,0,mixture/10.0/8/5/4
10.0,8,4,0,1000,200,5,constant,stated,0.5395907397331495,1,0,0,mixture/10.0/8/5/4
10.0,8,4,0,1000,200,5,constant,geomean,0.03286335345030995,20,0,0,mixture/10.0/8/5/4
10.0,8,4,0,1000,200,5,constant,ratio,0.026000000000000023,196,0,0,mixture/10.0/8/5/4
10.0,8,4,0,1000,200,5,constant,ratio-half,0.030000000000000027,79,0,0,mixture/10.0/8/5/4
10.0,8,5,0,400,200,5,constant,stated,0.6784994344878064,1,0,0,mixture/10.0/8/5/5
10.0,8,5,0,400,200,5,constant,geomean,0.059791303715506984,64,0,0,mixture/10.0/8/5/5
10.0,8,5,0,400,200,5,constant,ratio,0.04500000000000004,197,0,0,mixture/10.0/8/5/5
10.0,8,5,0,400,200,5,constant,ratio-half,0.05500000000000005,64,0,0,mixture/10.0/8/5/5
10.0,8,5,0,1000,200,5,constant,stated,0.5395907397331495,1,0,0,mixture/10.0/8/5/5
10.0,8,5,0,1000,200,5,constant,geomean,0.034641016151377525,9,0,0,mixture/10.0/8/5/5
10.0,8,5,0,1000,200,5,constant,ratio,0.026000000000000023,198,0,0,mixture/10.0/8/5/5
10.0,8,5,0,1000,200,5,constant,ratio-half,0.030000000000000027,96,0,0,mixture/10.0/8/5/5
10.0,8,6,0,400,200,5,constant,stated,0.6784994344878064,1,0,0,mixture/10.0/8/5/6
10.0,8,6,0,400,200,5,constant,geomean,0.059791303715506935,40,0,0,mixture/10.0/8/5/6
10.0,8,6,0,400,200,5,constant,ratio,0.04500000000000004,195,0,0,mixture/10.0/8/5/6
10.0,8,6,0,400,200,5,constant,ratio-half,0.05500000000000005,40,0,0,mixture/10.0/8/5/6
10.0,8,6,0,1000,200,5,constant,stated,0.5395907397331495,1,0,0,mixture/10.0/8/5/6
10.0,8,6,0,1000,200,5,constant,geomean,0.0337638860322683,27,0,0,mixture/10.0/8/5/6
10.0,8,6,0,1000,200,5,constant,ratio,0.02400000000000002,199,0,0,mixture/10.0/8/5/6
10.0,8,6,0,1000,200,5,constant,ratio-half,0.030000000000000027,96,0,0,mixture/10.0/8/5/6
10.0,8,7,0,400,200,5,constant,stated,0.6784994344878064,1,0,0,mixture/10.0/8/5/7
10.0,8,7,0,400,200,5,constant,geomean,0.059791303715506935,47,0,0,mixture/10.0/8/5/7
10.0,8,7,0,400,200,5,constant,ratio,0.04500000000000004,199,0,0,mixture/10.0/8/5/7
10.0,8,7,0,400,200,5,constant,ratio-half,0.05500000000000005,47,0,0,mixture/10.0/8/5/7
10.0,8,7,0,1000,200,5,constant,stated,0.5395907397331495,1,0,0,mixture/10.0/8/5/7
10.0,8,7,0,1000,200,5,constant,geomean,0.03666060555964664,2,0,0,mixture/10.0/8/5/7
10.0,8,7,0,1000,200,5,constant,ratio,0.03600000000000003,2,0,0,mixture/10.0/8/5/7
10.0,8,7,0,1000,200,5,constant,ratio-half,0.03600000000000003,2,0,0,mixture/10.0/8/5/7
10.0,8,8,0,400,200,5,constant,stated,0.6784994344878064,1,0,0,mixture/10.0/8/5/8
10.0,8,8,0,400,200,5,constant,geomean,0.06204836822995422,8,1,0,mixture/10.0/8/5/8
10.0,8,8,0,400,200,5,constant,ratio,0.04500000000000004,197,0,0,mixture/10.0/8/5/8
10.0,8,8,0,400,200,5,constant,ratio-half,0.05500000000000005,46,0,0,mixture/10.0/8/5/8
10.0,8,8,0,1000,200,5,constant,stated,0.5395907397331495,1,0,0,mixture/10.0/8/5/8
10.0,8,8,0,1000,200,5,constant,geomean,0.037523326078587355,4,0,0,mixture/10.0/8/5/8
10.0,8,8,0,1000,200,5,constant,ratio,0.03600000000000003,4,0,0,mixture/10.0/8/5/8
10.0,8,8,0,1000,200,5,constant,ratio-half,0.03600000000000003,4,0,0,mixture/10.0/8/5/8
10.0,8,9,0,400,200,5,constant,stated,0.6784994344878064,1,0,0,mixture/10.0/8/5/9
10.0,8,9,0,400,200,5,constant,geomean,0.059791303715506935,41,0,0,mixture/10.0/8/5/9
10.0,8,9,0,400,200,5,constant,ratio,0.04500000000000004,196,0,0,mixture/10.0/8/5/9
10.0,8,9,0,400,200,5,constant,ratio-half,0.05500000000000005,41,0,0,mixture/10.0/8/5/9
10.0,8,9,0,1000,200,5,constant,stated,0.5395907397331495,1,0,0,mixture/10.0/8/5/9
10.0,8,9,0,1000,200,5,constant,geomean,0.033763886032268244,19,0,0,mixture/10.0/8/5/9
10.0,8,9,0,1000,200,5,constant,ratio,0.028000000000000025,174,0,0,mixture/10.0/8/5/9
10.0,8,9,0,1000,200,5,constant,ratio-half,0.030000000000000027,99,0,0,mixture/10.0/8/5/9
10.0,8,10,0,400,200,5,constant,stated,0.6784994344878064,1,0,0,mixture/10.0/8/5/10
10.0,8,10,0,400,200,5,constant,geomean,0.059791303715506935,33,0,0,mixture/10.0/8/5/10
10.0,8,10,0,400,200,5,constant,ratio,0.04500000000000004,195,0,0,mixture/10.0/8/5/10
10.0,8,10,0,400,200,5,constant,ratio-half,0.05500000000000005,33,0,0,mixture/10.0/8/5/10
10.0,8,10,0,1000,200,5,constant,stated,0.5395907397331495,1,0,0,mixture/10.0/8/5/10
10.0,8,10,0,1000,200,5,constant,geomean,0.03666060555964664,3,0,0,mixture/10.0/8/5/10
10.0,8,10,0,1000,200,5,constant,ratio,0.03799999999999992,2,0,0,mixture/10.0/8/5/10
10.0,8,10,0,1000,200,5,constant,ratio-half,0.03799999999999992,2,0,0,mixture/10.0/8/5/10
10.0,8,11,0,400,200,5,constant,stated,0.6784994344878064,1,0,0,mixture/10.0/8/5/11
10.0,8,11,0,400,200,5,constant,geomean,0.06204836822995422,3,0,0,mixture/10.0/8/5/11
10.0,8,11,0,400,200,5,constant,ratio,0.04500000000000004,194,0,0,mixture/10.0/8/5/11
10.0,8,11,0,400,200,5,constant,ratio-half,0.05500000000000005,19,0,0,mixture/10.0/8/5/11
10.0,8,11,0,1000,200,5,constant,stated,0.5395907397331495,1,0,0,mixture/10.0/8/5/11
10.0,8,11,0,1000,200,5,constant,geomean,0.033763886032268244,17,0,0,mixture/10.0/8/5/11
10.0,8,11,0,1000,200,5,constant,ratio,0.02400000000000002,199,0,0,mixture/10.0/8/5/11
10.0,8,11,0,1000,200,5,constant,ratio-half,0.030000000000000027,83,0,0,mixture/10.0/8/5/11
10.0,8,12,0,400,200,5,constant,stated,0.6784994344878064,1,0,0,mixture/10.0/8/5/12
10.0,8,12,0,400,200,5,constant,geomean,0.059791303715506984,53,0,0,mixture/10.0/8/5/12
10.0,8,12,0,400,200,5,constant,ratio,0.04499999999999993,199,0,0,mixture/10.0/8/5/12
10.0,8,12,0,400,200,5,constant,ratio-half,0.05500000000000005,53,0,0,mixture/10.0/8/5/12
10.0,8,12,0,1000,200,5,constant,stated,0.5395907397331495,1,0,0,mixture/10.0/8/5/12
10.0,8,12,0,1000,200,5,constant,geomean,0.034641016151377525,8,1,0,mixture/10.0/8/5/12
10.0,8,12,0,1000,200,5,constant,ratio,0.03599999999999992,2,0,0,mixture/10.0/8/5/12
10.0,8,12,0,1000,200,5,constant,ratio-half,0.03599999999999992,2,0,0,mixture/10.0/8/5/12
10.0,8,13,0,400,200,5,constant,stated,0.6784994344878064,1,0,0,mixture/10.0/8/5/13
10.0,8,13,0,400,200,5,constant,geomean,0.059791303715506984,42,0,0,mixture/10.0/8/5/13
10.0,8,13,0,400,200,5,constant,ratio,0.04500000000000004,197,0,0,mixture/10.0/8/5/13
10.0,8,13,0,400,200,5,constant,ratio-half,0.05500000000000005,42,0,0,mixture/10.0/8/5/13
10.0,8,13,0,1000,200,5,constant,stated,0.5395907397331495,1,0,0,mixture/10.0/8/5/13
10.0,8,13,0,1000,200,5,constant,geomean,0.033941125496954196,38,0,0,mixture/10.0/8/5/13
10.0,8,13,0,1000,200,5,constant,ratio,0.026000000000000023,197,0,0,mixture/10.0/8/5/13
10.0,8,13,0,1000,200,5,constant,ratio-half,0.03200000000000003,38,0,0,mixture/10.0/8/5/13
10.0,8,14,0,400,200,5,constant,stated,0.6784994344878064,1,0,0,mixture/10.0/8/5/14
10.0,8,14,0,400,200,5,constant,geomean,0.059791303715506935,32,0,0,mixture/10.0/8/5/14
10.0,8,14,0,400,200,5,constant,ratio,0.04500000000000004,199,0,0,mixture/10.0/8/5/14
10.0,8,14,0,400,200,5,constant,ratio-half,0.05500000000000005,32,0,0,mixture/10.0/8/5/14
10.0,8,14,0,1000,200,5,constant,stated,0.5395907397331495,1,0,0,mixture/10.0/8/5/14
10.0,8,14,0,1000,200,5,constant,geomean,0.03394112549695425,21,0,0,mixture/10.0/8/5/14
10.0,8,14,0,1000,200,5,constant,ratio,0.026000000000000023,196,0,0,mixture/10.0/8/5/14
10.0,8,14,0,1000,200,5,constant,ratio-half,0.03200000000000003,21,0,0,mixture/10.0/8/5/14
10.0,8,15,0,400,200,5,constant,stated,0.6784994344878064,1,0,0,mixture/10.0/8/5/15
10.0,8,15,0,400,200,5,constant,geomean,0.06204836822995428,7,0,0,mixture/10.0/8/5/15
10.0,8,15,0,400,200,5,constant,ratio,0.04500000000000004,195,0,0,mixture/10.0/8/5/15
10.0,8,15,0,400,200,5,constant,ratio-half,0.05500000000000005,39,0,0,mixture/10.0/8/5/15
10.0,8,15,0,1000,200,5,constant,stated,0.5395907397331495,1,0,0,mixture/10.0/8/5/15
10.0,8,15,0,1000,200,5,constant,geomean,0.035496478698597685,9,0,0,mixture/10.0/8/5/15
10.0,8,15,0,1000,200,5,constant,ratio,0.038000000000000034,2,0,0,mixture/10.0/8/5/15
10.0,8,15,0,1000,200,5,constant,ratio-half,0.038000000000000034,2,0,0,mixture/10.0/8/5/15
10.0,8,16,0,400,200,5,constant,stated,0.6784994344878064,1,0,0,mixture/10.0/8/5/16
10.0,8,16,0,400,200,5,constant,geomean,0.059791303715506935,37,0,0,mixture/10.0/8/5/16
10.0,8,16,0,400,200,5,constant,ratio,0.04500000000000004,199,0,0,mixture/10.0/8/5/16
10.0,8,16,0,400,200,5,constant,ratio-half,0.05500000000000005,37,0,0,mixture/10.0/8/5/16
10.0,8,16,0,1000,200,5,constant,stated,0.5395907397331495,1,0,0,mixture/10.0/8/5/16
10.0,8,16,0,1000,200,5,constant,geomean,0.03286335345030995,17,0,0,mixture/10.0/8/5/16
10.0,8,16,0,1000,200,5,constant,ratio,0.026000000000000023,191,0,0,mixture/10.0/8/5/16
10.0,8,16,0,1000,200,5,constant,ratio-half,0.030000000000000027,93,0,0,mixture/10.0/8/5/16
10.0,8,17,0,400,200,5,constant,stated,0.6784994344878064,1,0,0,mixture/10.0/8/5/17
10.0,8,17,0,400,200,5,constant,geomean,0.059791303715506935,18,0,0,mixture/10.0/8/5/17
10.0,8,17,0,400,200,5,constant,ratio,0.04500000000000004,195,0,0,mixture/10.0/8/5/17
10.0,8,17,0,400,200,5,constant,ratio-half,0.05500000000000005,18,0,0,mixture/10.0/8/5/17
10.0,8,17,0,1000,200,5,constant,stated,0.5395907397331495,1,0,0,mixture/10.0/8/5/17
10.0,8,17,0,1000,200,5,constant,geomean,0.0319374388453426,82,0,0,mixture/10.0/8/5/17
10.0,8,17,0,1000,200,5,constant,ratio,0.02400000000000002,199,0,0,mixture/10.0/8/5/17
10.0,8,17,0,1000,200,5,constant,ratio-half,0.030000000000000027,82,0,0,mixture/10.0/8/5/17
10.0,8,18,0,400,200,5,constant,stated,0.6784994344878064,1,0,0,mixture/10.0/8/5/18
10.0,8,18,0,400,200,5,constant,geomean,0.059791303715506935,20,0,0,mixture/10.0/8/5/18
10.0,8,18,0,400,200,5,constant,ratio,0.04500000000000004,197,0,0,mixture/10.0/8/5/18
10.0,8,18,0,400,200,5,constant,ratio-half,0.05500000000000005,20,0,0,mixture/10.0/8/5/18
10.0,8,18,0,1000,200,5,constant,stated,0.5395907397331495,1,0,0,mixture/10.0/8/5/18
10.0,8,18,0,1000,200,5,constant,geomean,0.032863353450309996,32,0,0,mixture/10.0/8/5/18
10.0,8,18,0,1000,200,5,constant,ratio,0.02400000000000002,199,0,0,mixture/10.0/8/5/18
10.0,8,18,0,1000,200,5,constant,ratio-half,0.030000000000000027,85,0,0,mixture/10.0/8/5/18
10.0,8,19,0,400,200,5,constant,stated,0.6784994344878064,1,0,0,mixture/10.0/8/5/19
10.0,8,19,0,400,200,5,constant,geomean,0.059791303715506984,29,0,0,mixture/10.0/8/5/19
10.0,8,19,0,400,200,5,constant,ratio,0.04500000000000004,196,0,0,mixture/10.0/8/5/19
10.0,8,19,0,400,200,5,constant,ratio-half,0.05500000000000005,29,0,0,mixture/10.0/8/5/19
10.0,8,19,0,1000,200,5,constant,stated,0.5395907397331495,1,0,0,mixture/10.0/8/5/19
10.0,8,19,0,1000,200,5,constant,geomean,0.033763886032268244,23,0,0,mixture/10.0/8/5/19
10.0,8,19,0,1000,200,5,constant,ratio,0.026000000000000023,199,0,0,mixture/10.0/8/5/19
10.0,8,19,0,1000,200,5,constant,ratio-half,0.030000000000000027,97,0,0,mixture/10.0/8/5/19
10.0,9,0,0,400,200,5,constant,stated,0.6784994344878064,1,0,0,mixture/10.0/9/5/0
10.0,9,0,0,400,200,5,constant,geomean,0.059791303715506984,34,0,0,mixture/10.0/9/5/0
10.0,9,0,0,400,200,5,constant,ratio,0.04500000000000004,193,0,0,mixture/10.0/9/5/0
10.0,9,0,0,400,200,5,constant,ratio-half,0.05500000000000005,34,0,0,mixture/10.0/9/5/0
10.0,9,0,0,1000,200,5,constant,stated,0.5395907397331495,1,0,0,mixture/10.0/9/5/0
10.0,9,0,0,1000,200,5,constant,geomean,0.032863353450309996,30,0,0,mixture/10.0/9/5/0
10.0,9,0,0,1000,200,5,constant,ratio,0.026000000000000023,195,0,0,mixture/10.0/9/5/0
10.0,9,0,0,1000,200,5,constant,ratio-half,0.030000000000000027,82,0,0,mixture/10.0/9/5/0
10.0,9,1,0,400,200,5,constant,stated,0.6784994344878064,1,0,0,mixture/10.0/9/5/1
10.0,9,1,0,400,200,5,constant,geomean,0.059791303715506935,32,0,0,mixture/10.0/9/5/1
10.0,9,1,0,400,200,5,constant,ratio,0.04500000000000004,196,0,0,mixture/10.0/9/5/1
10.0,9,1,0,400,200,5,constant,ratio-half,0.05500000000000005,32,0,0,mixture/10.0/9/5/1
10.0,9,1,0,1000,200,5,constant,stated,0.5395907397331495,1,0,0,mixture/10.0/9/5/1
10.0,9,1,0,1000,200,5,constant,geomean,0.033763886032268244,26,0,0,mixture/10.0/9/5/1
10.0,9,1,0,1000,200,5,constant,ratio,0.026000000000000023,199,0,0,mixture/10.0/9/5/1
10.0,9,1,0,1000,200,5,constant,ratio-half,0.030000000000000027,100,0,0,mixture/10.0/9/5/1
10.0,9,2,0,400,200,5,constant,stated,0.6784994344878064,1,0,0,mixture/10.0/9/5/2
10.0,9,2,0,400,200,5,constant,geomean,0.059791303715506935,28,0,0,mixture/10.0/9/5/2
10.0,9,2,0,400,200,5,constant,ratio,0.04500000000000004,197,0,0,mixture/10.0/9/5/2
10.0,9,2,0,400,200,5,constant,ratio-half,0.05500000000000005,28,0,0,mixture/10.0/9/5/2
10.0,9,2,0,1000,200,5,constant,stated,0.5395907397331495,1,0,0,mixture/10.0/9/5/2
10.0,9,2,0,1000,200,5,constant,geomean,0.032863353450309996,24,0,0,mixture/10.0/9/5/2
10.0,9,2,0,1000,200,5,constant,ratio,0.026000000000000023,197,0,0,mixture/10.0/9/5/2
10.0,9,2,0,1000,200,5,constant,ratio-half,0.030000000000000027,83,0,0,mixture/10.0/9/5/2
10.0,9,3,0,400,200,5,constant,stated,0.6784994344878064,1,0,0,mixture/10.0/9/5/3
10.0,9,3,0,400,200,5,constant,geomean,0.05916079783099616,10,0,0,mixture/10.0/9/5/3
10.0,9,3,0,400,200,5,constant,ratio,0.05999999999999994,2,0,0,mixture/10.0/9/5/3
10.0,9,3,0,400,200,5,constant,ratio-half,0.05999999999999994,2,0,0,mixture/10.0/9/5/3
10.0,9,3,0,1000,200,5,constant,stated,0.5395907397331495,1,0,0,mixture/10.0/9/5/3
10.0,9,3,0,1000,200,5,constant,geomean,0.03286335345030995,6,0,0,mixture/10.0/9/5/3
10.0,9,3,0,1000,200,5,constant,ratio,0.02400000000000002,199,0,0,mixture/10.0/9/5/3
10.0,9,3,0,1000,200,5,constant,ratio-half,0.030000000000000027,50,0,0,mixture/10.0/9/5/3
10.0,9,4,0,400,200,5,constant,stated,0.6784994344878064,1,0,0,mixture/10.0/9/5/4
10.0,9,4,0,400,200,5,constant,geomean,0.059791303715506935,64,0,0,mixture/10.0/9/5/4
10.0,9,4,0,400,200,5,constant,ratio,0.04499999999999993,198,0,0,mixture/10.0/9/5/4
10.0,9,4,0,400,200,5,constant,ratio-half,0.05500000000000005,64,0,0,mixture/10.0/9/5/4
10.0,9,4,0,1000,200,5,constant,stated,0.5395907397331495,1,0,0,mixture/10.0/9/5/4
10.0,9,4,0,1000,200,5,constant,geomean,0.0357770876399966,13,0,0,mixture/10.0/9/5/4
10.0,9,4,0,1000,200,5,constant,ratio,0.026000000000000023,194,0,0,mixture/10.0/9/5/4
10.0,9,4,0,1000,200,5,constant,ratio-half,0.03200000000000003,53,0,0,mixture/10.0/9/5/4
10.0,9,5,0,400,200,5,constant,stated,0.6784994344878064,1,0,0,mixture/10.0/9/5/5
10.0,9,5,0,400,200,5,constant,geomean,0.059791303715506935,30,0,0,mixture/10.0/9/5/5
10.0,9,5,0,400,200,5,constant,ratio,0.04500000000000004,198,0,0,mixture/10.0/9/5/5
10.0,9,5,0,400,200,5,constant,ratio-half,0.05500000000000005,30,0,0,mixture/10.0/9/5/5
10.0,9,5,0,1000,200,5,constant,stated,0.5395907397331495,1,0,0,mixture/10.0/9/5/5
10.0,9,5,0,1000,200,5,constant,geomean,0.034641016151377525,8,0,0,mixture/10.0/9/5/5
10.0,9,5,0,1000,200,5,constant,ratio,0.026000000000000023,197,0,0,mixture/10.0/9/5/5
10.0,9,5,0,1000,200,5,constant,ratio-half,0.030000000000000027,95,0,0,mixture/10.0/9/5/5
10.0,9,6,0,400,200,5,constant,stated,0.6784994344878064,1,0,0,mixture/10.0/9/5/6
10.0,9,6,0,400,200,5,constant,geomean,0.059791303715506984,56,0,0,mixture/10.0/9/5/6
10.0,9,6,0,400,200,5,constant,ratio,0.04500000000000004,197,0,0,mixture/10.0/9/5/6
10.0,9,6,0,400,200,5,constant,ratio-half,0.05500000000000005,56,0,0,mixture/10.0/9/5/6
10.0,9,6,0,1000,200,5,constant,stated,0.5395907397331495,1,0,0,mixture/10.0/9/5/6
10.0,9,6,0,1000,200,5,constant,geomean,0.035777087639996555,16,0,0,mixture/10.0/9/5/6
10.0,9,6,0,1000,200,5,constant,ratio,0.028000000000000025,176,0,0,mixture/10.0/9/5/6
10.0,9,6,0,1000,200,5,constant,ratio-half,0.03200000000000003,43,0,0,mixture/10.0/9/5/6
10.0,9,7,0,400,200,5,constant,stated,0.6784994344878064,1,0,0,mixture/10.0/9/5/7
10.0,9,7,0,400,200,5,constant,geomean,0.057445626465380276,34,0,0,mixture/10.0/9/5/7
10.0,9,7,0,400,200,5,constant,ratio,0.04500000000000004,197,0,0,mixture/10.0/9/5/7
10.0,9,7,0,400,200,5,constant,ratio-half,0.05500000000000005,34,0,0,mixture/10.0/9/5/7
10.0,9,7,0,1000,200,5,constant,stated,0.5395907397331495,1,0,0,mixture/10.0/9/5/7
10.0,9,7,0,1000,200,5,constant,geomean,0.03487119154832531,11,0,0,mixture/10.0/9/5/7
10.0,9,7,0,1000,200,5,constant,ratio,0.02400000000000002,199,0,0,mixture/10.0/9/5/7
10.0,9,7,0,1000,200,5,constant,ratio-half,0.03200000000000003,35,0,0,mixture/10.0/9/5/7
10.0,9,8,0,400,200,5,constant,stated,0.6784994344878064,1,0,0,mixture/10.0/9/5/8
10.0,9,8,0,400,200,5,constant,geomean,0.06204836822995428,9,1,0,mixture/10.0/9/5/8
10.0,9,8,0,400,200,5,constant,ratio,0.04500000000000004,196,0,0,mixture/10.0/9/5/8
10.0,9,8,0,400,200,5,constant,ratio-half,0.05500000000000005,28,0,0,mixture/10.0/9/5/8
10.0,9,8,0,1000,200,5,constant,stated,0.5395907397331495,1,0,0,mixture/10.0/9/5/8
10.0,9,8,0,1000,200,5,constant,geomean,0.034641016151377525,12,0,0,mixture/10.0/9/5/8
10.0,9,8,0,1000,200,5,constant,ratio,0.026000000000000023,196,0,0,mixture/10.0/9/5/8
10.0,9,8,0,1000,200,5,constant,ratio-half,0.030000000000000027,94,0,0,mixture/10.0/9/5/8
10.0,9,9,0,400,200,5,constant,stated,0.6784994344878064,1,0,0,mixture/10.0/9/5/9
10.0,9,9,0,400,200,5,constant,geomean,0.059791303715506935,22,0,0,mixture/10.0/9/5/9
10.0,9,9,0,400,200,5,constant,ratio,0.04500000000000004,198,0,0,mixture/10.0/9/5/9
10.0,9,9,0,400,200,5,constant,ratio-half,0.05500000000000005,22,0,0,mixture/10.0/9/5/9
10.0,9,9,0,1000,200,5,constant,stated,0.5395907397331495,1,0,0,mixture/10.0/9/5/9
10.0,9,9,0,1000,200,5,constant,geomean,0.03286335345030995,18,0,0,mixture/10.0/9/5/9
10.0,9,9,0,1000,200,5,constant,ratio,0.026000000000000023,196,0,0,mixture/10.0/9/5/9
10.0,9,9,0,1000,200,5,constant,ratio-half,0.030000000000000027,92,0,0,mixture/10.0/9/5/9
10.0,9,10,0,400,200,5,constant,stated,0.6784994344878064,1,0,0,mixture/10.0/9/5/10
10.0,9,10,0,400,200,5,constant,geomean,0.0642261628933256,6,0,0,mixture/10.0/9/5/10
10.0,9,10,0,400,200,5,constant,ratio,0.06500000000000006,2,0,0,mixture/10.0/9/5/10
10.0,9,10,0,400,200,5,constant,ratio-half,0.06500000000000006,2,0,0,mixture/10.0/9/5/10
10.0,9,10,0,1000,200,5,constant,stated,0.5395907397331495,1,0,0,mixture/10.0/9/5/10
10.0,9,10,0,1000,200,5,constant,geomean,0.03487119154832531,8,0,0,mixture/10.0/9/5/10
10.0,9,10,0,1000,200,5,constant,ratio,0.026000000000000023,197,0,0,mixture/10.0/9/5/10
10.0,9,10,0,1000,200,5,constant,ratio-half,0.03200000000000003,44,0,0,mixture/10.0/9/5/10
10.0,9,11,0,400,200,5,constant,stated,0.6784994344878064,1,0,0,mixture/10.0/9/5/11
10.0,9,11,0,400,200,5,constant,geomean,0.06204836822995428,3,0,0,mixture/10.0/9/5/11
10.0,9,11,0,400,200,5,constant,ratio,0.04500000000000004,195,0,0,mixture/10.0/9/5/11
10.0,9,11,0,400,200,5,constant,ratio-half,0.05500000000000005,34,0,0,mixture/10.0/9/5/11
10.0,9,11,0,1000,200,5,constant,stated,0.5395907397331495,1,0,0,mixture/10.0/9/5/11
10.0,9,11,0,1000,200,5,constant,geomean,0.033763886032268244,27,0,0,mixture/10.0/9/5/11
10.0,9,11,0,1000,200,5,constant,ratio,0.026000000000000023,192,0,0,mixture/10.0/9/5/11
10.0,9,11,0,1000,200,5,constant,ratio-half,0.030000000000000027,82,0,0,mixture/10.0/9/5/11
10.0,9,12,0,400,200,5,constant,stated,0.6784994344878064,1,0,0,mixture/10.0/9/5/12
10.0,9,12,0,400,200,5,constant,geomean,0.059791303715506984,51,0,0,mixture/10.0/9/5/12
10.0,9,12,0,400,200,5,constant,ratio,0.050000000000000044,176,0,0,mixture/10.0/9/5/12
10.0,9,12,0,400,200,5,constant,ratio-half,0.05500000000000005,51,0,0,mixture/10.0/9/5/12
10.0,9,12,0,1000,200,5,constant,stated,0.5395907397331495,1,0,0,mixture/10.0/9/5/12
10.0,9,12,0,1000,200,5,constant,geomean,0.035777087639996555,11,0,0,mixture/10.0/9/5/12
10.0,9,12,0,1000,200,5,constant,ratio,0.026000000000000023,197,0,0,mixture/10.0/9/5/12
10.0,9,12,0,1000,200,5,constant,ratio-half,0.03200000000000003,53,0,0,mixture/10.0/9/5/12
10.0,9,13,0,400,200,5,constant,stated,0.6784994344878064,1,0,0,mixture/10.0/9/5/13
10.0,9,13,0,400,200,5,constant,geomean,0.059791303715506935,35,0,0,mixture/10.0/9/5/13
10.0,9,13,0,400,200,5,constant,ratio,0.04500000000000004,196,0,0,mixture/10.0/9/5/13
10.0,9,13,0,400,200,5,constant,ratio-half,0.05500000000000005,35,0,0,mixture/10.0/9/5/13
10.0,9,13,0,1000,200,5,constant,stated,0.5395907397331495,1,0,0,mixture/10.0/9/5/13
10.0,9,13,0,1000,200,5,constant,geomean,0.03487119154832531,8,0,0,mixture/10.0/9/5/13
10.0,9,13,0,1000,200,5,constant,ratio,0.028000000000000025,179,0,0,mixture/10.0/9/5/13
10.0,9,13,0,1000,200,5,constant,ratio-half,0.03200000000000003,29,0,0,mixture/10.0/9/5/13
10.0,9,14,0,400,200,5,constant,stated,0.6784994344878064,1,0,0,mixture/10.0/9/5/14
10.0,9,14,0,400,200,5,constant,geomean,0.059791303715506935,44,0,0,mixture/10.0/9/5/14
10.0,9,14,0,400,200,5,constant,ratio,0.04500000000000004,198,0,0,mixture/10.0/9/5/14
10.0,9,14,0,400,200,5,constant,ratio-half,0.05500000000000005,44,0,0,mixture/10.0/9/5/14
10.0,9,14,0,1000,200,5,constant,stated,0.5395907397331495,1,0,0,mixture/10.0/9/5/14
10.0,9,14,0,1000,200,5,constant,geomean,0.035777087639996555,13,0,0,mixture/10.0/9/5/14
10.0,9,14,0,1000,200,5,constant,ratio,0.026000000000000023,195,0,0,mixture/10.0/9/5/14
10.0,9,14,0,1000,200,5,constant,ratio-half,0.03200000000000003,44,0,0,mixture/10.0/9/5/14
10.0,9,15,0,400,200,5,constant,stated,0.6784994344878064,1,0,0,mixture/10.0/9/5/15
10.0,9,15,0,400,200,5,constant,geomean,0.059791303715506935,7,0,0,mixture/10.0/9/5/15
10.0,9,15,0,400,200,5,constant,ratio,0.04499999999999993,196,0,0,mixture/10.0/9/5/15
10.0,9,15,0,400,200,5,constant,ratio-half,0.05500000000000005,7,0,0,mixture/10.0/9/5/15
10.0,9,15,0,1000,200,5,constant,stated,0.5395907397331495,1,0,0,mixture/10.0/9/5/15
10.0,9,15,0,1000,200,5,constant,geomean,0.03286335345030995,20,0,0,mixture/10.0/9/5/15
10.0,9,15,0,1000,200,5,constant,ratio,0.026000000000000023,197,0,0,mixture/10.0/9/5/15
10.0,9,15,0,1000,200,5,constant,ratio-half,0.030000000000000027,86,0,0,mixture/10.0/9/5/15
10.0,9,16,0,400,200,5,constant,stated,0.6784994344878064,1,0,0,mixture/10.0/9/5/16
10.0,9,16,0,400,200,5,constant,geomean,0.059791303715506935,30,0,0,mixture/10.0/9/5/16
10.0,9,16,0,400,200,5,constant,ratio,0.04500000000000004,198,0,0,mixture/10.0/9/5/16
10.0,9,16,0,400,200,5,constant,ratio-half,0.05500000000000005,30,0,0,mixture/10.0/9/5/16
10.0,9,16,0,1000,200,5,constant,stated,0.5395907397331495,1,0,0,mixture/10.0/9/5/16
10.0,9,16,0,1000,200,5,constant,geomean,0.03666060555964664,2,0,0,mixture/10.0/9/5/16
10.0,9,16,0,1000,200,5,constant,ratio,0.03600000000000003,2,0,0,mixture/10.0/9/5/16
10.0,9,16,0,1000,200,5,constant,ratio-half,0.03600000000000003,2,0,0,mixture/10.0/9/5/16
10.0,9,17,0,400,200,5,constant,stated,0.6784994344878064,1,0,0,mixture/10.0/9/5/17
10.0,9,17,0,400,200,5,constant,geomean,0.059791303715506984,28,0,0,mixture/10.0/9/5/17
10.0,9,17,0,400,200,5,constant,ratio,0.04499999999999993,198,0,0,mixture/10.0/9/5/17
10.0,9,17,0,400,200,5,constant,ratio-half,0.05500000000000005,28,0,0,mixture/10.0/9/5/17
10.0,9,17,0,1000,200,5,constant,stated,0.5395907397331495,1,0,0,mixture/10.0/9/5/17
10.0,9,17,0,1000,200,5,constant,geomean,0.03487119154832531,7,0,0,mixture/10.0/9/5/17
10.0,9,17,0,1000,200,5,constant,ratio,0.026000000000000023,199,0,0,mixture/10.0/9/5/17
10.0,9,17,0,1000,200,5,constant,ratio-half,0.03200000000000003,19,0,0,mixture/10.0/9/5/17
10.0,9,18,0,400,200,5,constant,stated,0.6784994344878064,1,0,0,mixture/10.0/9/5/18
10.0,9,18,0,400,200,5,constant,geomean,0.059791303715506984,26,0,0,mixture/10.0/9/5/18
10.0,9,18,0,400,200,5,constant,ratio,0.04500000000000004,199,0,0,mixture/10.0/9/5/18
10.0,9,18,0,400,200,5,constant,ratio-half,0.05500000000000005,26,0,0,mixture/10.0/9/5/18
10.0,9,18,0,1000,200,5,constant,stated,0.5395907397331495,1,0,0,mixture/10.0/9/5/18
10.0,9,18,0,1000,200,5,constant,geomean,0.034641016151377525,9,1,0,mixture/10.0/9/5/18
10.0,9,18,0,1000,200,5,constant,ratio,0.026000000000000023,197,0,0,mixture/10.0/9/5/18
10.0,9,18,0,1000,200,5,constant,ratio-half,0.030000000000000027,87,0,0,mixture/10.0/9/5/18
10.0,9,19,0,400,200,5,constant,stated,0.6784994344878064,1,0,0,mixture/10.0/9/5/19
10.0,9,19,0,400,200,5,constant,geomean,0.059791303715506935,21,0,0,mixture/10.0/9/5/19
10.0,9,19,0,400,200,5,constant,ratio,0.04500000000000004,195,0,0,mixture/10.0/9/5/19
10.0,9,19,0,400,200,5,constant,ratio-half,0.05500000000000005,21,0,0,mixture/10.0/9/5/19
10.0,9,19,0,1000,200,5,constant,stated,0.5395907397331495,1,0,0,mixture/10.0/9/5/19
10.0,9,19,0,1000,200,5,constant,geomean,0.033763886032268244,23,0,0,mixture/10.0/9/5/19
10.0,9,19,0,1000,200,5,constant,ratio,0.02400000000000002,199,0,0,mixture/10.0/9/5/19
10.0,9,19,0,1000,200,5,constant,ratio-half,0.030000000000000027,78,0,0,mixture/10.0/9/5/19
10.0,10,0,0,400,200,5,constant,stated,0.6784994344878064,1,0,0,mixture/10.0/10/5/0
10.0,10,0,0,400,200,5,constant,geomean,0.06422616289332564,8,0,0,mixture/10.0/10/5/0
10.0,10,0,0,400,200,5,constant,ratio,0.04500000000000004,197,0,0,mixture/10.0/10/5/0
10.0,10,0,0,400,200,5,constant,ratio-half,0.05500000000000005,23,0,0,mixture/10.0/10/5/0
10.0,10,0,0,1000,200,5,constant,stated,0.5395907397331495,1,0,0,mixture/10.0/10/5/0
10.0,10,0,0,1000,200,5,constant,geomean,0.033763886032268244,27,0,0,mixture/10.0/10/5/0
10.0,10,0,0,1000,200,5,constant,ratio,0.02400000000000002,199,0,0,mixture/10.0/10/5/0
10.0,10,0,0,1000,200,5,constant,ratio-half,0.030000000000000027,92,0,0,mixture/10.0/10/5/0
10.0,10,1,0,400,200,5,constant,stated,0.6784994344878064,1,0,0,mixture/10.0/10/5/1
10.0,10,1,0,400,200,5,constant,geomean,0.059791303715506984,52,0,0,mixture/10.0/10/5/1
10.0,10,1,0,400,200,5,constant,ratio,0.04500000000000004,196,0,0,mixture/10.0/10/5/1
10.0,10,1,0,400,200,5,constant,ratio-half,0.05500000000000005,52,0,0,mixture/10.0/10/5/1
10.0,10,1,0,1000,200,5,constant,stated,0.5395907397331495,1,0,0,mixture/10.0/10/5/1
10.0,10,1,0,1000,200,5,constant,geomean,0.0357770876399966,16,0,0,mixture/10.0/10/5/1
10.0,10,1,0,1000,200,5,constant,ratio,0.026000000000000023,198,0,0,mixture/10.0/10/5/1
10.0,10,1,0,1000,200,5,constant,ratio-half,0.03200000000000003,50,0,0,mixture/10.0/10/5/1
10.0,10,2,0,400,200,5,constant,stated,0.6784994344878064,1,0,0,mixture/10.0/10/5/2
10.0,10,2,0,400,200,5,constant,geomean,0.06204836822995422,6,0,0,mixture/10.0/10/5/2
10.0,10,2,0,400,200,5,constant,ratio,0.04500000000000004,197,0,0,mixture/10.0/10/5/2
10.0,10,2,0,400,200,5,constant,ratio-half,0.05500000000000005,44,0,0,mixture/10.0/10/5/2
10.0,10,2,0,1000,200,5,constant,stated,0.5395907397331495,1,0,0,mixture/10.0/10/5/2
10.0,10,2,0,1000,200,5,constant,geomean,0.03487119154832531,10,1,0,mixture/10.0/10/5/2
10.0,10,2,0,1000,200,5,constant,ratio,0.025999999999999912,198,0,0,mixture/10.0/10/5/2
10.0,10,2,0,1000,200,5,constant,ratio-half,0.03200000000000003,38,0,0,mixture/10.0/10/5/2
10.0,10,3,0,400,200,5,constant,stated,0.6784994344878064,1,0,0,mixture/10.0/10/5/3
10.0,10,3,0,400,200,5,constant,geomean,0.059791303715506935,27,0,0,mixture/10.0/10/5/3
10.0,10,3,0,400,200,5,constant,ratio,0.04500000000000004,196,0,0,mixture/10.0/10/5/3
10.0,10,3,0,400,200,5,constant,ratio-half,0.05500000000000005,27,0,0,mixture/10.0/10/5/3
10.0,10,3,0,1000,200,5,constant,stated,0.5395907397331495,1,0,0,mixture/10.0/10/5/3
10.0,10,3,0,1000,200,5,constant,geomean,0.03464101615137746,7,0,0,mixture/10.0/10/5/3
10.0,10,3,0,1000,200,5,constant,ratio,0.026000000000000023,192,0,0,mixture/10.0/10/5/3
10.0,10,3,0,1000,200,5,constant,ratio-half,0.030000000000000027,66,0,0,mixture/10.0/10/5/3
10.0,10,4,0,400,200,5,constant,stated,0.6784994344878064,1,0,0,mixture/10.0/10/5/4
10.0,10,4,0,400,200,5,constant,geomean,0.06204836822995428,4,0,0,mixture/10.0/10/5/4
10.0,10,4,0,400,200,5,constant,ratio,0.04500000000000004,199,0,0,mixture/10.0/10/5/4
10.0,10,4,0,400,200,5,constant,ratio-half,0.05500000000000005,48,0,0,mixture/10.0/10/5/4
10.0,10,4,0,1000,200,5,constant,stated,0.5395907397331495,1,0,0,mixture/10.0/10/5/4
10.0,10,4,0,1000,200,5,constant,geomean,0.035777087639996555,13,0,0,mixture/10.0/10/5/4
10.0,10,4,0,1000,200,5,constant,ratio,0.026000000000000023,196,0,0,mixture/10.0/10/5/4
10.0,10,4,0,1000,200,5,constant,ratio-half,0.03200000000000003,45,0,0,mixture/10.0/10/5/4
10.0,10,5,0,400,200,5,constant,stated,0.6784994344878064,1,0,0,mixture/10.0/10/5/5
10.0,10,5,0,400,200,5,constant,geomean,0.06204836822995422,4,0,0,mixture/10.0/10/5/5
10.0,10,5,0,400,200,5,constant,ratio,0.04500000000000004,191,0,0,mixture/10.0/10/5/5
10.0,10,5,0,400,200,5,constant,ratio-half,0.05500000000000005,13,0,0,mixture/10.0/10/5/5
10.0,10,5,0,1000,200,5,constant,stated,0.5395907397331495,1,0,0,mixture/10.0/10/5/5
10.0,10,5,0,1000,200,5,constant,geomean,0.03286335345030995,21,0,0,mixture/10.0/10/5/5
10.0,10,5,0,1000,200,5,constant,ratio,0.02399999999999991,199,0,0,mixture/10.0/10/5/5
10.0,10,5,0,1000,200,5,constant,ratio-half,0.030000000000000027,71,0,0,mixture/10.0/10/5/5
10.0,10,6,0,400,200,5,constant,stated,0.6784994344878064,1,0,0,mixture/10.0/10/5/6
10.0,10,6,0,400,200,5,constant,geomean,0.06204836822995428,5,0,0,mixture/10.0/10/5/6
10.0,10,6,0,400,200,5,constant,ratio,0.04500000000000004,199,0,0,mixture/10.0/10/5/6
10.0,10,6,0,400,200,5,constant,ratio-half,0.05500000000000005,48,0,0,mixture/10.0/10/5/6
10.0,10,6,0,1000,200,5,constant,stated,0.5395907397331495,1,0,0,mixture/10.0/10/5/6
10.0,10,6,0,1000,200,5,constant,geomean,0.0357770876399966,13,0,0,mixture/10.0/10/5/6
10.0,10,6,0,1000,200,5,constant,ratio,0.026000000000000023,199,0,0,mixture/10.0/10/5/6
10.0,10,6,0,1000,200,5,constant,ratio-half,0.03200000000000003,49,0,0,mixture/10.0/10/5/6
10.0,10,7,0,400,200,5,constant,stated,0.6784994344878064,1,0,0,mixture/10.0/10/5/7
10.0,10,7,0,400,200,5,constant,geomean,0.0642261628933256,12,0,0,mixture/10.0/10/5/7
10.0,10,7,0,400,200,5,constant,ratio,0.04500000000000004,195,0,0,mixture/10.0/10/5/7
10.0,10,7,0,400,200,5,constant,ratio-half,0.05500000000000005,54,0,0,mixture/10.0/10/5/7
10.0,10,7,0,1000,200,5,constant,stated,0.5395907397331495,1,0,0,mixture/10.0/10/5/7
10.0,10,7,0,1000,200,5,constant,geomean,0.03487119154832536,18,0,0,mixture/10.0/10/5/7
10.0,10,7,0,1000,200,5,constant,ratio,0.026000000000000023,196,0,0,mixture/10.0/10/5/7
10.0,10,7,0,1000,200,5,constant,ratio-half,0.03200000000000003,53,0,0,mixture/10.0/10/5/7
10.0,10,8,0,400,200,5,constant,stated,0.6784994344878064,1,0,0,mixture/10.0/10/5/8
10.0,10,8,0,400,200,5,constant,geomean,0.059791303715506984,26,0,0,mixture/10.0/10/5/8
10.0,10,8,0,400,200,5,constant,ratio,0.04500000000000004,196,0,0,mixture/10.0/10/5/8
10.0,10,8,0,400,200,5,constant,ratio-half,0.05500000000000005,26,0,0,mixture/10.0/10/5/8
10.0,10,8,0,1000,200,5,constant,stated,0.5395907397331495,1,0,0,mixture/10.0/10/5/8
10.0,10,8,0,1000,200,5,constant,geomean,0.033941125496954196,21,0,0,mixture/10.0/10/5/8
10.0,10,8,0,1000,200,5,constant,ratio,0.026000000000000023,199,0,0,mixture/10.0/10/5/8
10.0,10,8,0,1000,200,5,constant,ratio-half,0.03200000000000003,21,0,0,mixture/10.0/10/5/8
10.0,10,9,0,400,200,5,constant,stated,0.6784994344878064,1,0,0,mixture/10.0/10/5/9
10.0,10,9,0,400,200,5,constant,geomean,0.059791303715506935,29,0,0,mixture/10.0/10/5/9
10.0,10,9,0,400,200,5,constant,ratio,0.04500000000000004,195,0,0,mixture/10.0/10/5/9
10.0,10,9,0,400,200,5,constant,ratio-half,0.05500000000000005,29,0,0,mixture/10.0/10/5/9
10.0,10,9,0,1000,200,5,constant,stated,0.5395907397331495,1,0,0,mixture/10.0/10/5/9
10.0,10,9,0,1000,200,5,constant,geomean,0.033763886032268244,37,0,0,mixture/10.0/10/5/9
10.0,10,9,0,1000,200,5,constant,ratio,0.026000000000000023,199,0,0,mixture/10.0/10/5/9
10.0,10,9,0,1000,200,5,constant,ratio-half,0.030000000000000027,92,0,0,mixture/10.0/10/5/9
10.0,10,10,0,400,200,5,constant,stated,0.6784994344878064,1,0,0,mixture/10.0/10/5/10
10.0,10,10,0,400,200,5,constant,geomean,0.059791303715506935,40,0,0,mixture/10.0/10/5/10
10.0,10,10,0,400,200,5,constant,ratio,0.04500000000000004,196,0,0,mixture/10.0/10/5/10
10.0,10,10,0,400,200,5,constant,ratio-half,0.05500000000000005,40,0,0,mixture/10.0/10/5/10
10.0,10,10,0,1000,200,5,constant,stated,0.5395907397331495,1,0,0,mixture/10.0/10/5/10
10.0,10,10,0,1000,200,5,constant,geomean,0.033941125496954196,27,0,0,mixture/10.0/10/5/10
10.0,10,10,0,1000,200,5,constant,ratio,0.02399999999999991,199,0,0,mixture/10.0/10/5/10
10.0,10,10,0,1000,200,5,constant,ratio-half,0.03200000000000003,27,0,0,mixture/10.0/10/5/10
10.0,10,11,0,400,200,5,constant,stated,0.6784994344878064,1,0,0,mixture/10.0/10/5/11
10.0,10,11,0,400,200,5,constant,geomean,0.059791303715506935,20,0,0,mixture/10.0/10/5/11
10.0,10,11,0,400,200,5,constant,ratio,0.04500000000000004,198,0,0,mixture/10.0/10/5/11
10.0,10,11,0,400,200,5,constant,ratio-half,0.05500000000000005,20,0,0,mixture/10.0/10/5/11
10.0,10,11,0,1000,200,5,constant,stated,0.5395907397331495,1,0,0,mixture/10.0/10/5/11
10.0,10,11,0,1000,200,5,constant,geomean,0.03487119154832531,9,0,0,mixture/10.0/10/5/11
10.0,10,11,0,1000,200,5,constant,ratio,0.026000000000000023,199,0,0,mixture/10.0/10/5/11
10.0,10,11,0,1000,200,5,constant,ratio-half,0.03200000000000003,33,0,0,mixture/10.0/10/5/11
10.0,10,12,0,400,200,5,constant,stated,0.6784994344878064,1,0,0,mixture/10.0/10/5/12
10.0,10,12,0,400,200,5,constant,geomean,0.059791303715506935,25,0,0,mixture/10.0/10/5/12
10.0,10,12,0,400,200,5,constant,ratio,0.04500000000000004,196,0,0,mixture/10.0/10/5/12
10.0,10,12,0,400,200,5,constant,ratio-half,0.05500000000000005,25,0,0,mixture/10.0/10/5/12
10.0,10,12,0,1000,200,5,constant,stated,0.5395907397331495,1,0,0,mixture/10.0/10/5/12
10.0,10,12,0,1000,200,5,constant,geomean,0.03286335345030995,18,0,0,mixture/10.0/10/5/12
10.0,10,12,0,1000,200,5,constant,ratio,0.026000000000000023,197,0,0,mixture/10.0/10/5/12
10.0,10,12,0,1000,200,5,constant,ratio-half,0.030000000000000027,73,0,0,mixture/10.0/10/5/12
10.0,10,13,0,400,200,5,constant,stated,0.6784994344878064,1,0,0,mixture/10.0/10/5/13
10.0,10,13,0,400,200,5,constant,geomean,0.0642261628933256,6,0,0,mixture/10.0/10/5/13
10.0,10,13,0,400,200,5,constant,ratio,0.06500000000000006,2,0,0,mixture/10.0/10/5/13
10.0,10,13,0,400,200,5,constant,ratio-half,0.06500000000000006,2,0,0,mixture/10.0/10/5/13
10.0,10,13,0,1000,200,5,constant,stated,0.5395907397331495,1,0,0,mixture/10.0/10/5/13
10.0,10,13,0,1000,200,5,constant,geomean,0.03487119154832536,12,0,0,mixture/10.0/10/5/13
10.0,10,13,0,1000,200,5,constant,ratio,0.028000000000000025,186,0,0,mixture/10.0/10/5/13
10.0,10,13,0,1000,200,5,constant,ratio-half,0.03200000000000003,45,0,0,mixture/10.0/10/5/13
10.0,10,14,0,400,200,5,constant,stated,0.6784994344878064,1,0,0,mixture/10.0/10/5/14
10.0,10,14,0,400,200,5,constant,geomean,0.059791303715506935,30,0,0,mixture/10.0/10/5/14
10.0,10,14,0,400,200,5,constant,ratio,0.04500000000000004,196,0,0,mixture/10.0/10/5/14
10.0,10,14,0,400,200,5,constant,ratio-half,0.05500000000000005,30,0,0,mixture/10.0/10/5/14
10.0,10,14,0,1000,200,5,constant,stated,0.5395907397331495,1,0,0,mixture/10.0/10/5/14
10.0,10,14,0,1000,200,5,constant,geomean,0.032863353450309996,25,0,0,mixture/10.0/10/5/14
10.0,10,14,0,1000,200,5,constant,ratio,0.02400000000000002,199,0,0,mixture/10.0/10/5/14
10.0,10,14,0,1000,200,5,constant,ratio-half,0.030000000000000027,89,0,0,mixture/10.0/10/5/14
10.0,10,15,0,400,200,5,constant,stated,0.6784994344878064,1,0,0,mixture/10.0/10/5/15
10.0,10,15,0,400,200,5,constant,geomean,0.059791303715506984,15,0,0,mixture/10.0/10/5/15
10.0,10,15,0,400,200,5,constant,ratio,0.04500000000000004,194,0,0,mixture/10.0/10/5/15
10.0,10,15,0,400,200,5,constant,ratio-half,0.05500000000000005,15,0,0,mixture/10.0/10/5/15
10.0,10,15,0,1000,200,5,constant,stated,0.5395907397331495,1,0,0,mixture/10.0/10/5/15
10.0,10,15,0,1000,200,5,constant,geomean,0.03286335345030995,13,0,0,mixture/10.0/10/5/15
10.0,10,15,0,1000,200,5,constant,ratio,0.02400000000000002,198,0,0,mixture/10.0/10/5/15
10.0,10,15,0,1000,200,5,constant,ratio-half,0.030000000000000027,64,0,0,mixture/10.0/10/5/15
10.0,10,16,0,400,200,5,constant,stated,0.6784994344878064,1,0,0,mixture/10.0/10/5/16
10.0,10,16,0,400,200,5,constant,geomean,0.06204836822995422,5,0,0,mixture/10.0/10/5/16
10.0,10,16,0,400,200,5,constant,ratio,0.050000000000000044,156,0,0,mixture/10.0/10/5/16
10.0,10,16,0,400,200,5,constant,ratio-half,0.05500000000000005,39,0,0,mixture/10.0/10/5/16
10.0,10,16,0,1000,200,5,constant,stated,0.5395907397331495,1,0,0,mixture/10.0/10/5/16
10.0,10,16,0,1000,200,5,constant,geomean,0.035496478698597685,8,0,0,mixture/10.0/10/5/16
10.0,10,16,0,1000,200,5,constant,ratio,0.03600000000000003,3,0,0,mixture/10.0/10/5/16
10.0,10,16,0,1000,200,5,constant,ratio-half,0.03600000000000003,3,0,0,mixture/10.0/10/5/16
10.0,10,17,0,400,200,5,constant,stated,0.6784994344878064,1,0,0,mixture/10.0/10/5/17
10.0,10,17,0,400,200,5,constant,geomean,0.059791303715506935,16,0,0,mixture/10.0/10/5/17
10.0,10,17,0,400,200,5,constant,ratio,0.04500000000000004,197,0,0,mixture/10.0/10/5/17
10.0,10,17,0,400,200,5,constant,ratio-half,0.05500000000000005,16,0,0,mixture/10.0/10/5/17
10.0,10,17,0,1000,200,5,constant,stated,0.5395907397331495,1,0,0,mixture/10.0/10/5/17
10.0,10,17,0,1000,200,5,constant,geomean,0.032863353450309996,23,0,0,mixture/10.0/10/5/17
10.0,10,17,0,1000,200,5,constant,ratio,0.02400000000000002,199,0,0,mixture/10.0/10/5/17
10.0,10,17,0,1000,200,5,constant,ratio-half,0.030000000000000027,99,0,0,mixture/10.0/10/5/17
10.0,10,18,0,400,200,5,constant,stated,0.6784994344878064,1,0,0,mixture/10.0/10/5/18
10.0,10,18,0,400,200,5,constant,geomean,0.06204836822995422,6,0,0,mixture/10.0/10/5/18
10.0,10,18,0,400,200,5,constant,ratio,0.04500000000000004,196,0,0,mixture/10.0/10/5/18
10.0,10,18,0,400,200,5,constant,ratio-half,0.05500000000000005,37,0,0,mixture/10.0/10/5/18
10.0,10,18,0,1000,200,5,constant,stated,0.5395907397331495,1,0,0,mixture/10.0/10/5/18
10.0,10,18,0,1000,200,5,constant,geomean,0.03487119154832531,11,0,0,mixture/10.0/10/5/18
10.0,10,18,0,1000,200,5,constant,ratio,0.026000000000000023,197,0,0,mixture/10.0/10/5/18
10.0,10,18,0,1000,200,5,constant,ratio-half,0.03200000000000003,41,0,0,mixture/10.0/10/5/18
10.0,10,19,0,400,200,5,constant,stated,0.6784994344878064,1,0,0,mixture/10.0/10/5/19
10.0,10,19,0,400,200,5,constant,geomean,0.06204836822995428,7,0,0,mixture/10.0/10/5/19
10.0,10,19,0,400,200,5,constant,ratio,0.04500000000000004,198,0,0,mixture/10.0/10/5/19
10.0,10,19,0,400,200,5,constant,ratio-half,0.05500000000000005,58,0,0,mixture/10.0/10/5/19
10.0,10,19,0,1000,200,5,constant,stated,0.5395907397331495,1,0,0,mixture/10.0/10/5/19
10.0,10,19,0,1000,200,5,constant,geomean,0.03487119154832531,8,0,0,mixture/10.0/10/5/19
10.0,10,19,0,1000,200,5,constant,ratio,0.02400000000000002,199,0,0,mixture/10.0/10/5/19
10.0,10,19,0,1000,200,5,constant,ratio-half,0.03200000000000003,62,0,0,mixture/10.0/10/5/19
