alpha,K,mixture_id,n,cost_scheme,eta_hat,eta_ci_low,eta_ci_high,separation_status,n_pairs,level,mixture_key
0.1,2,0,400,constant,0.32216666666666693,0.3042121026522251,0.3401212306811088,separated,60,0.95,mixture/0.1/2/5/0
0.1,2,0,1000,constant,0.32916666666666666,0.3184541898334676,0.3398791434998657,separated,60,0.95,mixture/0.1/2/5/0
0.1,2,1,400,constant,1.4074166666666668,1.3860072272230783,1.4288261061102554,separated,60,0.95,mixture/0.1/2/5/1
0.1,2,1,1000,constant,1.4186999999999996,1.405849958494131,1.4315500415058684,separated,60,0.95,mixture/0.1/2/5/1
0.1,2,2,400,constant,1.5544166666666666,1.5310715269192516,1.577761806414082,separated,60,0.95,mixture/0.1/2/5/2
0.1,2,2,1000,constant,1.5702000000000005,1.5559158235641413,1.5844841764358597,separated,60,0.95,mixture/0.1/2/5/2
0.1,2,3,400,constant,1.190833333333333,1.1156066043788746,1.2660600622877913,separated,60,0.95,mixture/0.1/2/5/3
0.1,2,3,1000,constant,1.2911666666666672,1.2512500680859566,1.3310832652473779,separated,60,0.95,mixture/0.1/2/5/3
0.1,2,4,400,constant,1.8684166666666662,1.8261507841537614,1.910682549179571,separated,60,0.95,mixture/0.1/2/5/4
0.1,2,4,1000,constant,1.9281999999999997,1.907775021438964,1.9486249785610354,separated,60,0.95,mixture/0.1/2/5/4
0.1,2,5,400,constant,1.591333333333333,1.56728416451157,1.6153825021550963,separated,60,0.95,mixture/0.1/2/5/5
0.1,2,5,1000,constant,1.604233333333333,1.5874463903972726,1.6210202762693933,separated,60,0.95,mixture/0.1/2/5/5
0.1,2,6,400,constant,1.1627500000000004,1.1434305593680074,1.1820694406319934,separated,60,0.95,mixture/0.1/2/5/6
0.1,2,6,1000,constant,1.1794666666666669,1.1672058509922978,1.1917274823410358,separated,60,0.95,mixture/0.1/2/5/6
0.1,2,7,400,constant,0.575916666666667,0.5211997012985651,0.6306336320347689,separated,60,0.95,mixture/0.1/2/5/7
0.1,2,7,1000,constant,0.5916999999999998,0.562745251418657,0.6206547485813425,separated,60,0.95,mixture/0.1/2/5/7
0.1,2,8,400,constant,0.3400000000000002,0.31952987252516385,0.36047012747483653,separated,60,0.95,mixture/0.1/2/5/8
0.1,2,8,1000,constant,0.35760000000000025,0.34463832667544625,0.37056167332455425,separated,60,0.95,mixture/0.1/2/5/8
0.1,2,9,400,constant,0.9076666666666664,0.8108747841691653,1.0044585491641675,separated,60,0.95,mixture/0.1/2/5/9
0.1,2,9,1000,constant,1.0461666666666662,0.9778508152261367,1.1144825181071956,separated,60,0.95,mixture/0.1/2/5/9
0.1,2,10,400,constant,1.5587499999999999,1.5365878528456005,1.5809121471543994,separated,60,0.95,mixture/0.1/2/5/10
0.1,2,10,1000,constant,1.5670000000000004,1.5532655354556788,1.580734464544322,separated,60,0.95,mixture/0.1/2/5/10
0.1,2,11,400,constant,0.2915,0.2765101011500672,0.3064898988499328,separated,60,0.95,mixture/0.1/2/5/11
0.1,2,11,1000,constant,0.29569999999999996,0.2874154603925442,0.30398453960745575,separated,60,0.95,mixture/0.1/2/5/11
0.1,2,12,400,constant,0.5724999999999998,0.2635645995368532,0.8814354004631464,separated,60,0.95,mixture/0.1/2/5/12
0.1,2,12,1000,constant,0.8000999999999997,0.5363175015299033,1.063882498470096,separated,60,0.95,mixture/0.1/2/5/12
0.1,2,13,400,constant,0.4132499999999997,0.3728782072455411,0.45362179275445824,separated,60,0.95,mixture/0.1/2/5/13
0.1,2,13,1000,constant,0.44456666666666644,0.41496743816232784,0.47416589517100505,separated,60,0.95,mixture/0.1/2/5/13
0.1,2,14,400,constant,0.5364166666666668,0.5194385513142912,0.5533947820190425,separated,60,0.95,mixture/0.1/2/5/14
0.1,2,14,1000,constant,0.5451333333333337,0.5357145103282612,0.5545521563384062,separated,60,0.95,mixture/0.1/2/5/14
0.1,2,15,400,constant,0.35958333333333337,0.34261719943348923,0.3765494672331775,separated,60,0.95,mixture/0.1/2/5/15
0.1,2,15,1000,constant,0.3672666666666668,0.35659943490491053,0.37793389842842307,separated,60,0.95,mixture/0.1/2/5/15
0.1,2,16,400,constant,0.5630000000000005,0.530111412888885,0.595888587111116,separated,60,0.95,mixture/0.1/2/5/16
0.1,2,16,1000,constant,0.5978666666666665,0.5780660329486732,0.6176673003846599,separated,60,0.95,mixture/0.1/2/5/16
0.1,2,17,400,constant,0.5196666666666667,0.450530656027911,0.5888026773054225,separated,60,0.95,mixture/0.1/2/5/17
0.1,2,17,1000,constant,0.5457999999999998,0.503353221233063,0.5882467787669367,separated,60,0.95,mixture/0.1/2/5/17
0.1,2,18,400,constant,0.6813333333333332,0.6669971863856828,0.6956694802809836,separated,60,0.95,mixture/0.1/2/5/18
0.1,2,18,1000,constant,0.6851333333333331,0.6769365004254604,0.6933301662412061,separated,60,0.95,mixture/0.1/2/5/18
0.1,2,19,400,constant,1.4510833333333328,1.4364679114914476,1.465698755175218,separated,60,0.95,mixture/0.1/2/5/19
0.1,2,19,1000,constant,1.4652666666666663,1.4575037880691573,1.473029545264175,separated,60,0.95,mixture/0.1/2/5/19
0.1,3,0,400,constant,0.47358333333333313,0.45310199803510953,0.4940646686315568,separated,60,0.95,mixture/0.1/3/5/0
0.1,3,0,1000,constant,0.4889333333333332,0.4772227313172034,0.500643935349463,separated,60,0.95,mixture/0.1/3/5/0
0.1,3,1,400,constant,0.9885833333333333,0.9700099446554097,1.0071567220112567,separated,60,0.95,mixture/0.1/3/5/1
0.1,3,1,1000,constant,0.9965333333333339,0.9831415342344068,1.009925132432261,separated,60,0.95,mixture/0.1/3/5/1
0.1,3,2,400,constant,1.138083333333334,1.0846303621957856,1.1915363044708824,separated,60,0.95,mixture/0.1/3/5/2
0.1,3,2,1000,constant,1.1673333333333336,1.1360996699601071,1.1985669967065602,separated,60,0.95,mixture/0.1/3/5/2
0.1,3,3,400,constant,1.2799166666666664,1.225607245664188,1.3007190766691386,separated,60,0.95,mixture/0.1/3/5/3
0.1,3,3,1000,constant,1.3007333333333333,1.291073602558022,1.3103930641086443,separated,60,0.95,mixture/0.1/3/5/3
0.1,3,4,400,constant,1.3703333333333336,1.3498640362838303,1.390802630382837,separated,60,0.95,mixture/0.1/3/5/4
0.1,3,4,1000,constant,1.4010999999999996,1.390175606939789,1.41202439306021,separated,60,0.95,mixture/0.1/3/5/4
0.1,3,5,400,constant,0.7486666666666663,0.698781547950171,0.7985517853831615,separated,60,0.95,mixture/0.1/3/5/5
0.1,3,5,1000,constant,0.7954666666666664,0.7609425970937619,0.829990736239571,separated,60,0.95,mixture/0.1/3/5/5
0.1,3,6,400,constant,0.5085,0.49881140520967104,0.5181885947903289,separated,60,0.95,mixture/0.1/3/5/6
0.1,3,6,1000,constant,0.5124999999999998,0.5066061487413474,0.5183938512586523,separated,60,0.95,mixture/0.1/3/5/6
0.1,3,7,400,constant,0.5147499999999997,0.4646374869346205,0.564862513065379,separated,60,0.95,mixture/0.1/3/5/7
0.1,3,7,1000,constant,0.5609666666666662,0.5293682187180062,0.5925651146153259,separated,60,0.95,mixture/0.1/3/5/7
0.1,3,8,400,constant,0.5221666666666664,0.4890805195840705,0.5552528137492624,separated,60,0.95,mixture/0.1/3/5/8
0.1,3,8,1000,constant,0.5436333333333334,0.5226964721681425,0.558151780852906,separated,60,0.95,mixture/0.1/3/5/8
0.1,3,9,400,constant,-0.01799999999999996,-0.0359272716407224,-7.272835927751853e-05,nonseparated,60,0.95,mixture/0.1/3/5/9
0.1,3,9,1000,constant,-0.0013333333333335196,-0.012395056030047924,0.009728389363380885,uncertain,60,0.95,mixture/0.1/3/5/9
0.1,3,10,400,constant,0.4679999999999998,0.4575639098842902,0.4784360901157094,separated,60,0.95,mixture/0.1/3/5/10
0.1,3,10,1000,constant,0.47413333333333335,0.46710161034121156,0.48116505632545514,separated,60,0.95,mixture/0.1/3/5/10
0.1,3,11,400,constant,0.5030000000000003,0.4490451969010275,0.5516719176582541,separated,60,0.95,mixture/0.1/3/5/11
0.1,3,11,1000,constant,0.49586666666666646,0.4680319470261587,0.5237013863071742,separated,60,0.95,mixture/0.1/3/5/11
0.1,3,12,400,constant,0.24324999999999952,0.07215812335496397,0.4143418766450351,separated,60,0.95,mixture/0.1/3/5/12
0.1,3,12,1000,constant,0.371733333333333,0.2549960310730287,0.48847063559363735,separated,60,0.95,mixture/0.1/3/5/12
0.1,3,13,400,constant,1.116,1.087506298396505,1.144493701603495,separated,60,0.95,mixture/0.1/3/5/13
0.1,3,13,1000,constant,1.1176,1.0994463431938937,1.1357536568061062,separated,60,0.95,mixture/0.1/3/5/13
0.1,3,14,400,constant,-0.17908333333333315,-0.5017988310338282,0.14363216436716186,uncertain,60,0.95,mixture/0.1/3/5/14
0.1,3,14,1000,constant,-0.036533333333333085,-0.3271445172886256,0.25407785062195937,uncertain,60,0.95,mixture/0.1/3/5/14
0.1,3,15,400,constant,0.17733333333333323,0.1421366954512302,0.21252997121543626,separated,60,0.95,mixture/0.1/3/5/15
0.1,3,15,1000,constant,0.2170333333333333,0.195153096672953,0.2389135699937136,separated,60,0.95,mixture/0.1/3/5/15
0.1,3,16,400,constant,0.4483333333333334,0.433813391136002,0.46285327553066485,separated,60,0.95,mixture/0.1/3/5/16
0.1,3,16,1000,constant,0.45719999999999966,0.4493078443754882,0.4650921556245111,separated,60,0.95,mixture/0.1/3/5/16
0.1,3,17,400,constant,0.45325000000000004,0.4165515817091666,0.48994841829083347,separated,60,0.95,mixture/0.1/3/5/17
0.1,3,17,1000,constant,0.47263333333333335,0.45166057200565435,0.49360609466101235,separated,60,0.95,mixture/0.1/3/5/17
0.1,3,18,400,constant,0.6682499999999997,0.3328660572955313,0.8871134587967867,separated,60,0.95,mixture/0.1/3/5/18
0.1,3,18,1000,constant,0.6084999999999998,0.34162116042461355,0.8400281540542831,separated,60,0.95,mixture/0.1/3/5/18
0.1,3,19,400,constant,0.057333333333333236,-0.242848518138858,0.35751518480552447,uncertain,60,0.95,mixture/0.1/3/5/19
0.1,3,19,1000,constant,0.10553333333333326,-0.17857994135158606,0.38964660801825257,uncertain,60,0.95,mixture/0.1/3/5/19
0.1,4,0,400,constant,0.20758333333333334,-0.05340389441983562,0.4685705610865023,uncertain,60,0.95,mixture/0.1/4/5/0
0.1,4,0,1000,constant,0.2816999999999996,0.10841848255011544,0.4549815174498838,separated,60,0.95,mixture/0.1/4/5/0
0.1,4,1,400,constant,-0.24500000000000005,-0.2682268621977279,-0.2217731378022722,nonseparated,60,0.95,mixture/0.1/4/5/1
0.1,4,1,1000,constant,-0.22930000000000034,-0.24281162175756726,-0.2157883782424334,nonseparated,60,0.95,mixture/0.1/4/5/1
0.1,4,2,400,constant,0.4676666666666663,0.43744045346995974,0.49789287986337283,separated,60,0.95,mixture/0.1/4/5/2
0.1,4,2,1000,constant,0.4774666666666665,0.4607082422715117,0.4942250910618213,separated,60,0.95,mixture/0.1/4/5/2
0.1,4,3,400,constant,0.024250000000000105,-0.1995780823334059,0.2255100412777613,uncertain,60,0.95,mixture/0.1/4/5/3
0.1,4,3,1000,constant,0.035499999999999976,-0.08057281302233704,0.151572813022337,uncertain,60,0.95,mixture/0.1/4/5/3
0.1,4,4,400,constant,0.2891666666666667,0.23358543176029167,0.3447479015730417,separated,60,0.95,mixture/0.1/4/5/4
0.1,4,4,1000,constant,0.301533333333333,0.2635269182980482,0.3395397483686178,separated,60,0.95,mixture/0.1/4/5/4
0.1,4,5,400,constant,0.5780833333333335,0.5540410371882767,0.6021256294783903,separated,60,0.95,mixture/0.1/4/5/5
0.1,4,5,1000,constant,0.5918666666666662,0.5783037109666438,0.6054296223666886,separated,60,0.95,mixture/0.1/4/5/5
0.1,4,6,400,constant,0.34150000000000014,0.314716037581501,0.36828396241849926,separated,60,0.95,mixture/0.1/4/5/6
0.1,4,6,1000,constant,0.3551,0.33951579741136073,0.3706842025886393,separated,60,0.95,mixture/0.1/4/5/6
0.1,4,7,400,constant,0.5817499999999998,0.5338366680329301,0.6296633319670695,separated,60,0.95,mixture/0.1/4/5/7
0.1,4,7,1000,constant,0.6224000000000004,0.5927662178967568,0.652033782103244,separated,60,0.95,mixture/0.1/4/5/7
0.1,4,8,400,constant,0.16658333333333342,0.13538311128333658,0.19778355538333026,separated,60,0.95,mixture/0.1/4/5/8
0.1,4,8,1000,constant,0.19443333333333335,0.17719937227034965,0.21166729439631704,separated,60,0.95,mixture/0.1/4/5/8
0.1,4,9,400,constant,0.15074999999999983,0.0775146415679544,0.22398535843204526,separated,60,0.95,mixture/0.1/4/5/9
0.1,4,9,1000,constant,0.15563333333333362,0.11481716905916817,0.19644949760749908,separated,60,0.95,mixture/0.1/4/5/9
0.1,4,10,400,constant,0.23858333333333348,0.21164631934163314,0.2655203473250338,separated,60,0.95,mixture/0.1/4/5/10
0.1,4,10,1000,constant,0.26416666666666655,0.25174351094790404,0.27658982238542906,separated,60,0.95,mixture/0.1/4/5/10
0.1,4,11,400,constant,0.1683333333333331,0.11926535612772404,0.21740131053894218,separated,60,0.95,mixture/0.1/4/5/11
0.1,4,11,1000,constant,0.20583333333333376,0.1748887795445745,0.23677788712209302,separated,60,0.95,mixture/0.1/4/5/11
0.1,4,12,400,constant,-0.0955,-0.2191281896608392,0.010992360194002349,uncertain,60,0.95,mixture/0.1/4/5/12
0.1,4,12,1000,constant,-0.06429999999999994,-0.10106969873604482,-0.029591895565732884,nonseparated,60,0.95,mixture/0.1/4/5/12
0.1,4,13,400,constant,0.33883333333333315,0.3199267835564545,0.3577398831102118,separated,60,0.95,mixture/0.1/4/5/13
0.1,4,13,1000,constant,0.34123333333333333,0.329810893480141,0.3526557731865257,separated,60,0.95,mixture/0.1/4/5/13
0.1,4,14,400,constant,0.21666666666666723,0.1567490605556312,0.27658427277770326,separated,60,0.95,mixture/0.1/4/5/14
0.1,4,14,1000,constant,0.2573333333333335,0.22390737290094131,0.29075929376572573,separated,60,0.95,mixture/0.1/4/5/14
0.1,4,15,400,constant,-0.10374999999999984,-0.1243699266524067,-0.08313007334759298,nonseparated,60,0.95,mixture/0.1/4/5/15
0.1,4,15,1000,constant,-0.09253333333333319,-0.10560655557931103,-0.07946011108735535,nonseparated,60,0.95,mixture/0.1/4/5/15
0.1,4,16,400,constant,-0.44566666666666666,-0.4722584251480552,-0.41907490818527804,nonseparated,60,0.95,mixture/0.1/4/5/16
0.1,4,16,1000,constant,-0.44519999999999993,-0.46096869100018767,-0.4294313089998122,nonseparated,60,0.95,mixture/0.1/4/5/16
0.1,4,17,400,constant,0.2219999999999998,0.20778323950512173,0.2362167604948779,separated,60,0.95,mixture/0.1/4/5/17
0.1,4,17,1000,constant,0.22940000000000021,0.22193837156873658,0.23686162843126385,separated,60,0.95,mixture/0.1/4/5/17
0.1,4,18,400,constant,0.7376666666666662,0.7170224982884653,0.7583108350448673,separated,60,0.95,mixture/0.1/4/5/18
0.1,4,18,1000,constant,0.7475333333333332,0.73414600570537,0.7609206609612963,separated,60,0.95,mixture/0.1/4/5/18
0.1,4,19,400,constant,0.6476666666666664,0.6276619258877153,0.6676714074456175,separated,60,0.95,mixture/0.1/4/5/19
0.1,4,19,1000,constant,0.6582333333333336,0.6474079053875945,0.6690587612790726,separated,60,0.95,mixture/0.1/4/5/19
0.1,5,0,400,constant,0.2646666666666665,0.24046248386482472,0.2888708494685083,separated,60,0.95,mixture/0.1/5/5/0
0.1,5,0,1000,constant,0.2764999999999998,0.262330974054225,0.2906690259457746,separated,60,0.95,mixture/0.1/5/5/0
0.1,5,1,400,constant,-0.7035833333333334,-1.1551968318657233,-0.2519698348009435,nonseparated,60,0.95,mixture/0.1/5/5/1
0.1,5,1,1000,constant,-0.7357000000000002,-1.1414414248608782,-0.3299585751391224,nonseparated,60,0.95,mixture/0.1/5/5/1
0.1,5,2,400,constant,0.4800000000000001,0.4646075474077488,0.4953924525922513,separated,60,0.95,mixture/0.1/5/5/2
0.1,5,2,1000,constant,0.49273333333333336,0.48460483480009153,0.5008618318665752,separated,60,0.95,mixture/0.1/5/5/2
0.1,5,3,400,constant,0.4995833333333335,0.42481855961857407,0.5684026727622851,separated,60,0.95,mixture/0.1/5/5/3
0.1,5,3,1000,constant,0.5056999999999999,0.463136029235537,0.5482639707644629,separated,60,0.95,mixture/0.1/5/5/3
0.1,5,4,400,constant,0.09450000000000014,-0.15902803578828606,0.34802803578828634,uncertain,60,0.95,mixture/0.1/5/5/4
0.1,5,4,1000,constant,0.3333000000000004,0.13786839018849817,0.4330915974207329,separated,60,0.95,mixture/0.1/5/5/4
0.1,5,5,400,constant,0.13716666666666666,-0.1009105029760392,0.22316088664985312,uncertain,60,0.95,mixture/0.1/5/5/5
0.1,5,5,1000,constant,0.11956666666666627,0.03998035443647341,0.19915297889685912,separated,60,0.95,mixture/0.1/5/5/5
0.1,5,6,400,constant,0.16641666666666688,0.14906867356525988,0.18376465976807388,separated,60,0.95,mixture/0.1/5/5/6
0.1,5,6,1000,constant,0.17549999999999966,0.1658789448605057,0.18512105513949362,separated,60,0.95,mixture/0.1/5/5/6
0.1,5,7,400,constant,0.20966666666666667,0.17766772246530327,0.24166561086803007,separated,60,0.95,mixture/0.1/5/5/7
0.1,5,7,1000,constant,0.2187666666666665,0.1992872926949676,0.2382460406383654,separated,60,0.95,mixture/0.1/5/5/7
0.1,5,8,400,constant,0.11958333333333332,0.0738219425818375,0.16534472408482914,separated,60,0.95,mixture/0.1/5/5/8
0.1,5,8,1000,constant,0.1238333333333334,0.09549435418256125,0.1521723124841055,separated,60,0.95,mixture/0.1/5/5/8
0.1,5,9,400,constant,0.03866666666666663,-0.09801198582284854,0.1753453191561818,uncertain,60,0.95,mixture/0.1/5/5/9
0.1,5,9,1000,constant,0.10676666666666657,0.02248819871866392,0.1910451346146692,separated,60,0.95,mixture/0.1/5/5/9
0.1,5,10,400,constant,-0.14666666666666606,-0.7379086858715505,0.361692139740331,uncertain,60,0.95,mixture/0.1/5/5/10
0.1,5,10,1000,constant,-0.31840000000000024,-0.8684882274709089,0.23168822747090856,uncertain,60,0.95,mixture/0.1/5/5/10
0.1,5,11,400,constant,-0.017583333333333395,-0.04116768538576082,0.006001018719093976,uncertain,60,0.95,mixture/0.1/5/5/11
0.1,5,11,1000,constant,-0.00503333333333339,-0.018355644063300813,0.008288977396634034,uncertain,60,0.95,mixture/0.1/5/5/11
0.1,5,12,400,constant,0.22408333333333308,0.0017136367339350977,0.3876905982950918,separated,60,0.95,mixture/0.1/5/5/12
0.1,5,12,1000,constant,0.37116666666666637,0.28087344492693167,0.3831825688637962,separated,60,0.95,mixture/0.1/5/5/12
0.1,5,13,400,constant,0.006249999999999922,-0.033651275665074476,0.04615127566507432,uncertain,60,0.95,mixture/0.1/5/5/13
0.1,5,13,1000,constant,-0.002666666666666706,-0.026948107459320858,0.021614774125987446,uncertain,60,0.95,mixture/0.1/5/5/13
0.1,5,14,400,constant,0.24333333333333362,0.22684418216655866,0.2598224845001086,separated,60,0.95,mixture/0.1/5/5/14
0.1,5,14,1000,constant,0.2476999999999996,0.2381120154566148,0.25728798454338436,separated,60,0.95,mixture/0.1/5/5/14
0.1,5,15,400,constant,0.2294999999999997,0.19201485012781816,0.26698514987218125,separated,60,0.95,mixture/0.1/5/5/15
0.1,5,15,1000,constant,0.2500333333333332,0.22895177439667846,0.271114892269988,separated,60,0.95,mixture/0.1/5/5/15
0.1,5,16,400,constant,0.010583333333333167,-0.29768097220555056,0.27309217606606373,uncertain,60,0.95,mixture/0.1/5/5/16
0.1,5,16,1000,constant,0.011466666666666292,-0.18912640022617722,0.2120597335595098,uncertain,60,0.95,mixture/0.1/5/5/16
0.1,5,17,400,constant,0.035333333333333494,-0.001903776284445935,0.07184751386932786,uncertain,60,0.95,mixture/0.1/5/5/17
0.1,5,17,1000,constant,0.045933333333333215,0.023451073744056083,0.06841559292261035,separated,60,0.95,mixture/0.1/5/5/17
0.1,5,18,400,constant,0.323833333333333,0.28240754004540525,0.3584400554177597,separated,60,0.95,mixture/0.1/5/5/18
0.1,5,18,1000,constant,0.3391333333333335,0.3254917509580999,0.3527749157085671,separated,60,0.95,mixture/0.1/5/5/18
0.1,5,19,400,constant,0.13533333333333342,0.1019682463597944,0.16869842030687243,separated,60,0.95,mixture/0.1/5/5/19
0.1,5,19,1000,constant,0.1584666666666663,0.13992596363419296,0.17700736969913966,separated,60,0.95,mixture/0.1/5/5/19
0.1,6,0,400,constant,0.3925833333333334,0.36876562735272955,0.41640103931393724,separated,60,0.95,mixture/0.1/6/5/0
0.1,6,0,1000,constant,0.39209999999999984,0.3778963032165785,0.40630369678342115,separated,60,0.95,mixture/0.1/6/5/0
0.1,6,1,400,constant,0.2621666666666663,0.21768494883706735,0.30357381862772026,separated,60,0.95,mixture/0.1/6/5/1
0.1,6,1,1000,constant,0.2792666666666668,0.2620367953275329,0.29649653800580067,separated,60,0.95,mixture/0.1/6/5/1
0.1,6,2,400,constant,0.19908333333333317,0.1521426815894974,0.22234055611948067,separated,60,0.95,mixture/0.1/6/5/2
0.1,6,2,1000,constant,0.20569999999999988,0.17990303993542855,0.22637491501829476,separated,60,0.95,mixture/0.1/6/5/2
0.1,6,3,400,constant,-0.0429166666666666,-0.07418554940200756,-0.01164778393132565,nonseparated,60,0.95,mixture/0.1/6/5/3
0.1,6,3,1000,constant,-0.045533333333333315,-0.06441254078493597,-0.02665412588173066,nonseparated,60,0.95,mixture/0.1/6/5/3
0.1,6,4,400,constant,0.2745833333333334,0.22165477195616323,0.31177197807629764,separated,60,0.95,mixture/0.1/6/5/4
0.1,6,4,1000,constant,0.2813333333333329,0.24870550549393566,0.31062533847594276,separated,60,0.95,mixture/0.1/6/5/4
0.1,6,5,400,constant,0.1144999999999996,0.05247620651691265,0.17652379348308656,separated,60,0.95,mixture/0.1/6/5/5
0.1,6,5,1000,constant,0.12043333333333317,0.0806259263793444,0.16024074028732194,separated,60,0.95,mixture/0.1/6/5/5
0.1,6,6,400,constant,0.16266666666666685,0.13972908472909185,0.18560424860424185,separated,60,0.95,mixture/0.1/6/5/6
0.1,6,6,1000,constant,0.17756666666666687,0.16353042917556093,0.1916029041577728,separated,60,0.95,mixture/0.1/6/5/6
0.1,6,7,400,constant,-0.19825000000000004,-0.287948820561042,-0.10855117943895809,nonseparated,60,0.95,mixture/0.1/6/5/7
0.1,6,7,1000,constant,-0.10746666666666649,-0.15305376952258432,-0.06187956381074866,nonseparated,60,0.95,mixture/0.1/6/5/7
0.1,6,8,400,constant,0.15099999999999958,0.09966124691464184,0.20233875308535731,separated,60,0.95,mixture/0.1/6/5/8
0.1,6,8,1000,constant,0.1852999999999999,0.1541933184057599,0.21640668159423992,separated,60,0.95,mixture/0.1/6/5/8
0.1,6,9,400,constant,-0.018500000000000516,-0.3658923427959314,0.21692385293550398,uncertain,60,0.95,mixture/0.1/6/5/9
0.1,6,9,1000,constant,0.19356666666666666,0.014871965271499366,0.2108145515753329,separated,60,0.95,mixture/0.1/6/5/9
0.1,6,10,400,constant,0.13541666666666646,0.11976181908745426,0.15107151424587867,separated,60,0.95,mixture/0.1/6/5/10
0.1,6,10,1000,constant,0.14626666666666638,0.13598974960314492,0.15654358373018784,separated,60,0.95,mixture/0.1/6/5/10
0.1,6,11,400,constant,-0.0060833333333333295,-0.05805737110463427,0.04589070443796761,uncertain,60,0.95,mixture/0.1/6/5/11
0.1,6,11,1000,constant,0.028233333333333333,-0.00557868859169619,0.062045355258362855,uncertain,60,0.95,mixture/0.1/6/5/11
0.1,6,12,400,constant,-0.32508333333333306,-0.39079870611588235,-0.25936796055078376,nonseparated,60,0.95,mixture/0.1/6/5/12
0.1,6,12,1000,constant,-0.3079333333333333,-0.3481642658815297,-0.26770240078513685,nonseparated,60,0.95,mixture/0.1/6/5/12
0.1,6,13,400,constant,0.1635833333333332,0.09416278147652213,0.23300388519014426,separated,60,0.95,mixture/0.1/6/5/13
0.1,6,13,1000,constant,0.22046666666666692,0.18175371910952104,0.23828899512402607,separated,60,0.95,mixture/0.1/6/5/13
0.1,6,14,400,constant,0.3686666666666668,0.3139946541392803,0.4233386791940533,separated,60,0.95,mixture/0.1/6/5/14
0.1,6,14,1000,constant,0.42286666666666656,0.390550425841541,0.4551829074917922,separated,60,0.95,mixture/0.1/6/5/14
0.1,6,15,400,constant,-0.34274999999999983,-0.6838677742432138,-0.001632225756786121,nonseparated,60,0.95,mixture/0.1/6/5/15
0.1,6,15,1000,constant,-0.4136333333333333,-0.6964054175675256,-0.13086124909914099,nonseparated,60,0.95,mixture/0.1/6/5/15
0.1,6,16,400,constant,-0.23216666666666663,-0.31528344515937506,-0.14904988817395814,nonseparated,60,0.95,mixture/0.1/6/5/16
0.1,6,16,1000,constant,-0.3052666666666667,-0.3459456327613915,-0.2645877005719419,nonseparated,60,0.95,mixture/0.1/6/5/16
0.1,6,17,400,constant,-0.11616666666666653,-0.42828167897424585,0.1959483456409128,uncertain,60,0.95,mixture/0.1/6/5/17
0.1,6,17,1000,constant,-0.14276666666666682,-0.4111312441823207,0.12559791084898697,uncertain,60,0.95,mixture/0.1/6/5/17
0.1,6,18,400,constant,-0.19708333333333322,-0.45165262532018063,-0.07448099728735791,nonseparated,60,0.95,mixture/0.1/6/5/18
0.1,6,18,1000,constant,-0.3029333333333333,-0.3869156680080525,-0.21895099865861412,nonseparated,60,0.95,mixture/0.1/6/5/18
0.1,6,19,400,constant,0.10133333333333328,0.04988899076128217,0.15277767590538438,separated,60,0.95,mixture/0.1/6/5/19
0.1,6,19,1000,constant,0.1347666666666666,0.10475366365604777,0.1647796696772854,separated,60,0.95,mixture/0.1/6/5/19
0.1,7,0,400,constant,-0.15474999999999994,-0.284967752562144,-0.030548729015764553,nonseparated,60,0.95,mixture/0.1/7/5/0
0.1,7,0,1000,constant,-0.054299999999999904,-0.12532876627494582,-0.029261874521189557,nonseparated,60,0.95,mixture/0.1/7/5/0
0.1,7,1,400,constant,-0.32133333333333347,-0.5295665707474891,-0.14539266245307192,nonseparated,60,0.95,mixture/0.1/7/5/1
0.1,7,1,1000,constant,-0.15486666666666682,-0.2554889701951295,-0.13799921046677222,nonseparated,60,0.95,mixture/0.1/7/5/1
0.1,7,2,400,constant,0.18050000000000033,0.08652789259766391,0.2660794712601612,separated,60,0.95,mixture/0.1/7/5/2
0.1,7,2,1000,constant,0.2336999999999998,0.1848084520092419,0.2618652532039367,separated,60,0.95,mixture/0.1/7/5/2
0.1,7,3,400,constant,0.4352499999999999,0.417702128714114,0.45279787128588583,separated,60,0.95,mixture/0.1/7/5/3
0.1,7,3,1000,constant,0.44016666666666643,0.42926884137573096,0.4510644919576019,separated,60,0.95,mixture/0.1/7/5/3
0.1,7,4,400,constant,0.06500000000000039,-0.12195604353504297,0.2328103676057609,uncertain,60,0.95,mixture/0.1/7/5/4
0.1,7,4,1000,constant,0.12926666666666697,0.009189966537817673,0.23361788523444027,separated,60,0.95,mixture/0.1/7/5/4
0.1,7,5,400,constant,-0.21608333333333352,-0.24254753106381527,-0.18961913560285176,nonseparated,60,0.95,mixture/0.1/7/5/5
0.1,7,5,1000,constant,-0.20856666666666657,-0.22393672007165644,-0.1931966132616767,nonseparated,60,0.95,mixture/0.1/7/5/5
0.1,7,6,400,constant,-0.41574999999999995,-0.4697558628200742,-0.36174413717992576,nonseparated,60,0.95,mixture/0.1/7/5/6
0.1,7,6,1000,constant,-0.4090333333333334,-0.44255456756928807,-0.37551209909737876,nonseparated,60,0.95,mixture/0.1/7/5/6
0.1,7,7,400,constant,0.09558333333333313,0.025930363387672406,0.16523630327899386,separated,60,0.95,mixture/0.1/7/5/7
0.1,7,7,1000,constant,0.14193333333333324,0.1077294793056015,0.17613718736106498,separated,60,0.95,mixture/0.1/7/5/7
0.1,7,8,400,constant,-0.12091666666666667,-0.3752744391903856,0.08551504706005542,uncertain,60,0.95,mixture/0.1/7/5/8
0.1,7,8,1000,constant,0.01959999999999984,-0.1219130639690661,0.046967732338304646,uncertain,60,0.95,mixture/0.1/7/5/8
0.1,7,9,400,constant,0.19150000000000011,0.14115145273968221,0.24184854726031801,separated,60,0.95,mixture/0.1/7/5/9
0.1,7,9,1000,constant,0.21266666666666684,0.1815582895934389,0.24295904767435594,separated,60,0.95,mixture/0.1/7/5/9
0.1,7,10,400,constant,-0.5397499999999997,-0.5866550949224565,-0.4928449050775431,nonseparated,60,0.95,mixture/0.1/7/5/10
0.1,7,10,1000,constant,-0.5575,-0.5823949672463342,-0.5326050327536658,nonseparated,60,0.95,mixture/0.1/7/5/10
0.1,7,11,400,constant,0.05941666666666645,-0.07476846461580267,0.19360179794913557,uncertain,60,0.95,mixture/0.1/7/5/11
0.1,7,11,1000,constant,0.0671666666666666,-0.029549686611819226,0.16388301994515242,uncertain,60,0.95,mixture/0.1/7/5/11
0.1,7,12,400,constant,-0.19599999999999962,-0.6638987051076891,-0.04836701547938782,nonseparated,60,0.95,mixture/0.1/7/5/12
0.1,7,12,1000,constant,-0.28250000000000014,-0.5513841094420355,-0.2082270176716885,nonseparated,60,0.95,mixture/0.1/7/5/12
0.1,7,13,400,constant,0.12366666666666692,-0.0005666194597377938,0.24789995279307164,uncertain,60,0.95,mixture/0.1/7/5/13
0.1,7,13,1000,constant,0.1683666666666669,0.10044258695948738,0.2362907463738464,separated,60,0.95,mixture/0.1/7/5/13
0.1,7,14,400,constant,-0.08975000000000022,-0.42870235911084686,0.21362438799399297,uncertain,60,0.95,mixture/0.1/7/5/14
0.1,7,14,1000,constant,-0.004799999999999804,-0.266089006708226,0.20890048103221948,uncertain,60,0.95,mixture/0.1/7/5/14
0.1,7,15,400,constant,-0.10133333333333333,-0.15532727479138347,-0.04733939187528313,nonseparated,60,0.95,mixture/0.1/7/5/15
0.1,7,15,1000,constant,-0.07563333333333333,-0.1077239305034916,-0.043542736163175055,nonseparated,60,0.95,mixture/0.1/7/5/15
0.1,7,16,400,constant,0.06841666666666657,0.005824420773043015,0.13100891256029012,separated,60,0.95,mixture/0.1/7/5/16
0.1,7,16,1000,constant,0.08536666666666637,0.04547129872896105,0.12526203460437163,separated,60,0.95,mixture/0.1/7/5/16
0.1,7,17,400,constant,0.01641666666666719,-0.12719173385421334,0.13924954870263284,uncertain,60,0.95,mixture/0.1/7/5/17
0.1,7,17,1000,constant,0.12526666666666642,0.04988682949589429,0.14269356957912294,separated,60,0.95,mixture/0.1/7/5/17
0.1,7,18,400,constant,-0.49200000000000016,-0.5207297081565584,-0.463270291843442,nonseparated,60,0.95,mixture/0.1/7/5/18
0.1,7,18,1000,constant,-0.47773333333333334,-0.4990625018448469,-0.45640416482181984,nonseparated,60,0.95,mixture/0.1/7/5/18
0.1,7,19,400,constant,-0.11108333333333342,-0.3635466809812362,0.025393134402722506,uncertain,60,0.95,mixture/0.1/7/5/19
0.1,7,19,1000,constant,-0.013599999999999834,-0.1635581736989501,0.0329426754822163,uncertain,60,0.95,mixture/0.1/7/5/19
0.1,8,0,400,constant,0.1429166666666667,0.11097832575469468,0.1748550075786387,separated,60,0.95,mixture/0.1/8/5/0
0.1,8,0,1000,constant,0.15800000000000003,0.14037947549513574,0.17562052450486432,separated,60,0.95,mixture/0.1/8/5/0
0.1,8,1,400,constant,-0.2594166666666666,-0.2811394595371074,-0.23769387379622575,nonseparated,60,0.95,mixture/0.1/8/5/1
0.1,8,1,1000,constant,-0.25506666666666666,-0.26882099966842204,-0.24131233366491128,nonseparated,60,0.95,mixture/0.1/8/5/1
0.1,8,2,400,constant,-0.030166666666666675,-0.06135115636166122,0.0010178230283278689,uncertain,60,0.95,mixture/0.1/8/5/2
0.1,8,2,1000,constant,-0.03330000000000005,-0.04921398482470729,-0.017386015175292813,nonseparated,60,0.95,mixture/0.1/8/5/2
0.1,8,3,400,constant,-0.252916666666667,-0.5910337634906984,0.05897540647432142,uncertain,60,0.95,mixture/0.1/8/5/3
0.1,8,3,1000,constant,-0.18046666666666666,-0.5858070786279387,0.06192166036704694,uncertain,60,0.95,mixture/0.1/8/5/3
0.1,8,4,400,constant,0.06708333333333305,-0.008314094991008436,0.11171916475084409,uncertain,60,0.95,mixture/0.1/8/5/4
0.1,8,4,1000,constant,0.08876666666666666,0.07748153438155436,0.10005179895177896,separated,60,0.95,mixture/0.1/8/5/4
0.1,8,5,400,constant,0.047916666666666496,-0.25672489561255063,0.34618956245817867,uncertain,60,0.95,mixture/0.1/8/5/5
0.1,8,5,1000,constant,0.33336666666666687,0.19642712562745834,0.3501941046267721,separated,60,0.95,mixture/0.1/8/5/5
0.1,8,6,400,constant,-0.1977500000000001,-0.4511346752117288,0.02836386821358705,uncertain,60,0.95,mixture/0.1/8/5/6
0.1,8,6,1000,constant,0.0010666666666666602,-0.12607006376470686,0.08774651602369898,uncertain,60,0.95,mixture/0.1/8/5/6
0.1,8,7,400,constant,0.08283333333333326,0.005725314043183216,0.15804618753071592,separated,60,0.95,mixture/0.1/8/5/7
0.1,8,7,1000,constant,0.10639999999999983,0.06685920057868128,0.13977970122666183,separated,60,0.95,mixture/0.1/8/5/7
0.1,8,8,400,constant,0.1655000000000002,0.09697814759184042,0.23402185240815998,separated,60,0.95,mixture/0.1/8/5/8
0.1,8,8,1000,constant,0.21290000000000042,0.17421910917860128,0.25158089082139956,separated,60,0.95,mixture/0.1/8/5/8
0.1,8,9,400,constant,-0.5884999999999999,-0.7034944466192252,-0.47350555338077466,nonseparated,60,0.95,mixture/0.1/8/5/9
0.1,8,9,1000,constant,-0.5116666666666666,-0.5696263049988776,-0.45370702833445564,nonseparated,60,0.95,mixture/0.1/8/5/9
0.1,8,10,400,constant,-0.2945000000000003,-0.7720446219859523,0.0779371140331857,uncertain,60,0.95,mixture/0.1/8/5/10
0.1,8,10,1000,constant,-0.07556666666666634,-0.41199687831434195,0.26086354498100917,uncertain,60,0.95,mixture/0.1/8/5/10
0.1,8,11,400,constant,-0.17583333333333362,-0.4766563283836467,0.12498966171697945,uncertain,60,0.95,mixture/0.1/8/5/11
0.1,8,11,1000,constant,-0.137133333333333,-0.4306841605739159,0.1564174939072499,uncertain,60,0.95,mixture/0.1/8/5/11
0.1,8,12,400,constant,-0.26308333333333367,-0.6438653633133515,0.04915506769901534,uncertain,60,0.95,mixture/0.1/8/5/12
0.1,8,12,1000,constant,-0.031433333333333424,-0.3465326783064552,0.05758352409153533,uncertain,60,0.95,mixture/0.1/8/5/12
0.1,8,13,400,constant,-0.14366666666666672,-0.44695825639620695,-0.04075403509836817,nonseparated,60,0.95,mixture/0.1/8/5/13
0.1,8,13,1000,constant,-0.15956666666666663,-0.32527571266026434,-0.03738278364946168,nonseparated,60,0.95,mixture/0.1/8/5/13
0.1,8,14,400,constant,0.024583333333333512,-0.0025988183811028742,0.0517654850477699,uncertain,60,0.95,mixture/0.1/8/5/14
0.1,8,14,1000,constant,0.03170000000000006,0.01597650617252988,0.04742349382747024,separated,60,0.95,mixture/0.1/8/5/14
0.1,8,15,400,constant,0.1675833333333333,0.05635032493461989,0.27578576491604323,separated,60,0.95,mixture/0.1/8/5/15
0.1,8,15,1000,constant,0.22076666666666644,0.15087739525828048,0.29061266950068065,separated,60,0.95,mixture/0.1/8/5/15
0.1,8,16,400,constant,-0.1282500000000001,-0.1969059617038792,-0.05959403829612098,nonseparated,60,0.95,mixture/0.1/8/5/16
0.1,8,16,1000,constant,-0.10806666666666664,-0.15827694716753776,-0.059337740254437554,nonseparated,60,0.95,mixture/0.1/8/5/16
0.1,8,17,400,constant,0.13841666666666652,0.07008757324099768,0.20674576009233536,separated,60,0.95,mixture/0.1/8/5/17
0.1,8,17,1000,constant,0.19010000000000005,0.15297783913564178,0.2272221608643583,separated,60,0.95,mixture/0.1/8/5/17
0.1,8,18,400,constant,0.1024166666666666,0.031291222296800925,0.1510730086486104,separated,60,0.95,mixture/0.1/8/5/18
0.1,8,18,1000,constant,0.1140000000000001,0.07328257267803406,0.15325487765119983,separated,60,0.95,mixture/0.1/8/5/18
0.1,8,19,400,constant,0.16399999999999992,0.13365857332366404,0.19356495807315255,separated,60,0.95,mixture/0.1/8/5/19
0.1,8,19,1000,constant,0.19403333333333328,0.17830556763272531,0.20976109903394125,separated,60,0.95,mixture/0.1/8/5/19
0.1,9,0,400,constant,-0.38341666666666707,-1.123445692577795,-0.0053185630237228,nonseparated,60,0.95,mixture/0.1/9/5/0
0.1,9,0,1000,constant,-0.4096000000000002,-1.1317810540442297,-0.042154519140108815,nonseparated,60,0.95,mixture/0.1/9/5/0
0.1,9,1,400,constant,-0.5771666666666665,-0.600494968178594,-0.5538383651547389,nonseparated,60,0.95,mixture/0.1/9/5/1
0.1,9,1,1000,constant,-0.5789333333333331,-0.5915183477158472,-0.5663483189508189,nonseparated,60,0.95,mixture/0.1/9/5/1
0.1,9,2,400,constant,-0.620166666666667,-0.8029931763459365,-0.4373401569873974,nonseparated,60,0.95,mixture/0.1/9/5/2
0.1,9,2,1000,constant,-0.42079999999999995,-0.5203216591273183,-0.3212783408726815,nonseparated,60,0.95,mixture/0.1/9/5/2
0.1,9,3,400,constant,-0.19791666666666652,-0.2672083955386797,-0.12862493779465334,nonseparated,60,0.95,mixture/0.1/9/5/3
0.1,9,3,1000,constant,-0.18176666666666652,-0.2287635613723118,-0.13476977196102125,nonseparated,60,0.95,mixture/0.1/9/5/3
0.1,9,4,400,constant,-0.1900000000000001,-0.31854961853704483,-0.08587790321631811,nonseparated,60,0.95,mixture/0.1/9/5/4
0.1,9,4,1000,constant,-0.2884,-0.3737787086735045,-0.20302129132649555,nonseparated,60,0.95,mixture/0.1/9/5/4
0.1,9,5,400,constant,-0.24008333333333337,-0.26628211671090196,-0.21388454995576484,nonseparated,60,0.95,mixture/0.1/9/5/5
0.1,9,5,1000,constant,-0.23186666666666644,-0.2498494672029679,-0.21388386613036497,nonseparated,60,0.95,mixture/0.1/9/5/5
0.1,9,6,400,constant,-0.5179999999999993,-0.8764931280865907,-0.15950687191340795,nonseparated,60,0.95,mixture/0.1/9/5/6
0.1,9,6,1000,constant,-0.31913333333333327,-0.6451968663840472,0.006930199717380625,uncertain,60,0.95,mixture/0.1/9/5/6
0.1,9,7,400,constant,0.058666666666666534,-0.04473398053743449,0.15875653002477919,uncertain,60,0.95,mixture/0.1/9/5/7
0.1,9,7,1000,constant,0.08210000000000006,0.0130166961904985,0.15005878499115954,separated,60,0.95,mixture/0.1/9/5/7
0.1,9,8,400,constant,-0.14975000000000005,-0.374578256628184,0.07507825662818379,uncertain,60,0.95,mixture/0.1/9/5/8
0.1,9,8,1000,constant,0.03543333333333332,-0.11315177887263761,0.18069246721166132,uncertain,60,0.95,mixture/0.1/9/5/8
0.1,9,9,400,constant,-0.66575,-0.769644410405792,-0.561855589594208,nonseparated,60,0.95,mixture/0.1/9/5/9
0.1,9,9,1000,constant,-0.6203,-0.673080226544248,-0.567519773455752,nonseparated,60,0.95,mixture/0.1/9/5/9
0.1,9,10,400,constant,-0.12025000000000008,-0.17240317598812505,-0.06809682401187511,nonseparated,60,0.95,mixture/0.1/9/5/10
0.1,9,10,1000,constant,-0.12616666666666693,-0.15843373405045352,-0.09389959928288033,nonseparated,60,0.95,mixture/0.1/9/5/10
0.1,9,11,400,constant,0.001083333333333325,-0.11057499279459593,0.032961875607888214,uncertain,60,0.95,mixture/0.1/9/5/11
0.1,9,11,1000,constant,0.0023333333333331874,-0.043342706544591714,0.035266142211214824,uncertain,60,0.95,mixture/0.1/9/5/11
0.1,9,12,400,constant,-0.011083333333333056,-0.13535762203313367,0.049029810184641476,uncertain,60,0.95,mixture/0.1/9/5/12
0.1,9,12,1000,constant,0.013600000000000112,-0.01743857136976884,0.044638571369769064,uncertain,60,0.95,mixture/0.1/9/5/12
0.1,9,13,400,constant,-0.19466666666666682,-0.5935778191913279,0.006686383789917927,uncertain,60,0.95,mixture/0.1/9/5/13
0.1,9,13,1000,constant,-0.3228666666666667,-0.3995963406915384,-0.246136992641795,nonseparated,60,0.95,mixture/0.1/9/5/13
0.1,9,14,400,constant,-0.14700000000000024,-0.4373109165357514,0.1433109165357509,uncertain,60,0.95,mixture/0.1/9/5/14
0.1,9,14,1000,constant,-0.2344666666666665,-0.4684832797285826,-0.0004500536047503667,nonseparated,60,0.95,mixture/0.1/9/5/14
0.1,9,15,400,constant,-0.2063333333333333,-0.29321755686155043,-0.12543944063566265,nonseparated,60,0.95,mixture/0.1/9/5/15
0.1,9,15,1000,constant,-0.2211999999999999,-0.26385880406113904,-0.17854119593886075,nonseparated,60,0.95,mixture/0.1/9/5/15
0.1,9,16,400,constant,0.12975000000000025,0.0989554055269295,0.160544594473071,separated,60,0.95,mixture/0.1/9/5/16
0.1,9,16,1000,constant,0.15283333333333338,0.1344776283625002,0.17118903830416654,separated,60,0.95,mixture/0.1/9/5/16
0.1,9,17,400,constant,0.18341666666666678,0.13460018925500972,0.23223314407832385,separated,60,0.95,mixture/0.1/9/5/17
0.1,9,17,1000,constant,0.22590000000000032,0.19875397142245033,0.2530460285775503,separated,60,0.95,mixture/0.1/9/5/17
0.1,9,18,400,constant,-0.1610833333333328,-0.27484463984698393,-0.04732202681968167,nonseparated,60,0.95,mixture/0.1/9/5/18
0.1,9,18,1000,constant,-0.0737000000000001,-0.1308496404007129,-0.0165503595992873,nonseparated,60,0.95,mixture/0.1/9/5/18
0.1,9,19,400,constant,0.09474999999999967,0.06067630545311309,0.12882369454688625,separated,60,0.95,mixture/0.1/9/5/19
0.1,9,19,1000,constant,0.114933333333333,0.09472422955959892,0.13514243710706708,separated,60,0.95,mixture/0.1/9/5/19
0.1,10,0,400,constant,-0.2148333333333337,-0.257193182894363,-0.17247348377230443,nonseparated,60,0.95,mixture/0.1/10/5/0
0.1,10,0,1000,constant,-0.20453333333333334,-0.23179802036734848,-0.1772686462993182,nonseparated,60,0.95,mixture/0.1/10/5/0
0.1,10,1,400,constant,-0.16975000000000018,-0.2637238813730618,-0.07577611862693856,nonseparated,60,0.95,mixture/0.1/10/5/1
0.1,10,1,1000,constant,-0.06429999999999991,-0.13178363216795874,0.0031836321679589163,uncertain,60,0.95,mixture/0.1/10/5/1
0.1,10,2,400,constant,0.013249999999999873,-0.01861472768186634,0.045114727681866085,uncertain,60,0.95,mixture/0.1/10/5/2
0.1,10,2,1000,constant,0.030199999999999838,0.012962779430747862,0.047437220569251815,separated,60,0.95,mixture/0.1/10/5/2
0.1,10,3,400,constant,0.04033333333333322,0.004019362206739707,0.07664730445992674,separated,60,0.95,mixture/0.1/10/5/3
0.1,10,3,1000,constant,0.04856666666666687,0.026864360771070572,0.07026897256226317,separated,60,0.95,mixture/0.1/10/5/3
0.1,10,4,400,constant,-0.25825000000000026,-0.3445946672266913,-0.17190533277330922,nonseparated,60,0.95,mixture/0.1/10/5/4
0.1,10,4,1000,constant,-0.21199999999999974,-0.26459690846572437,-0.15940309153427512,nonseparated,60,0.95,mixture/0.1/10/5/4
0.1,10,5,400,constant,-0.23625000000000018,-1.0307200161269998,0.15814129012405698,uncertain,60,0.95,mixture/0.1/10/5/5
0.1,10,5,1000,constant,-0.2149000000000003,-1.0104662260991149,0.14317231018937848,uncertain,60,0.95,mixture/0.1/10/5/5
0.1,10,6,400,constant,-0.08658333333333346,-0.13826770419673073,-0.03489896246993618,nonseparated,60,0.95,mixture/0.1/10/5/6
0.1,10,6,1000,constant,-0.031300000000000106,-0.05891862285839222,-0.003681377141607989,nonseparated,60,0.95,mixture/0.1/10/5/6
0.1,10,7,400,constant,-0.24574999999999997,-0.31939930384677084,-0.2261513481195927,nonseparated,60,0.95,mixture/0.1/10/5/7
0.1,10,7,1000,constant,-0.24293333333333333,-0.25413304057376185,-0.23173362609290482,nonseparated,60,0.95,mixture/0.1/10/5/7
0.1,10,8,400,constant,0.03808333333333325,0.019702833799764008,0.056463832866902486,separated,60,0.95,mixture/0.1/10/5/8
0.1,10,8,1000,constant,0.04993333333333305,0.03966494658572062,0.06020172008094549,separated,60,0.95,mixture/0.1/10/5/8
0.1,10,9,400,constant,-0.33650000000000013,-0.7012151373801558,0.028215137380155575,uncertain,60,0.95,mixture/0.1/10/5/9
0.1,10,9,1000,constant,-0.2709999999999997,-0.5347770549832865,-0.007222945016712834,nonseparated,60,0.95,mixture/0.1/10/5/9
0.1,10,10,400,constant,0.11591666666666656,0.08121579596319095,0.15061753737014216,separated,60,0.95,mixture/0.1/10/5/10
0.1,10,10,1000,constant,0.13823333333333332,0.11373380684404122,0.1615406032171458,separated,60,0.95,mixture/0.1/10/5/10
0.1,10,11,400,constant,0.04775000000000018,-0.33962971802092246,0.10942667238702142,uncertain,60,0.95,mixture/0.1/10/5/11
0.1,10,11,1000,constant,0.07996666666666674,-0.23945638177865303,0.10480496676818563,uncertain,60,0.95,mixture/0.1/10/5/11
0.1,10,12,400,constant,-0.39541666666666686,-0.6826561251988967,-0.1081772081344371,nonseparated,60,0.95,mixture/0.1/10/5/12
0.1,10,12,1000,constant,-0.372,-0.6206156817449601,-0.12338431825504004,nonseparated,60,0.95,mixture/0.1/10/5/12
0.1,10,13,400,constant,0.010166666666666768,-0.10672576644122744,0.10737866378100314,uncertain,60,0.95,mixture/0.1/10/5/13
0.1,10,13,1000,constant,0.04726666666666701,-0.01928629492117695,0.10244393890129466,uncertain,60,0.95,mixture/0.1/10/5/13
0.1,10,14,400,constant,-0.5912499999999999,-0.9950439195632463,-0.18745608043675355,nonseparated,60,0.95,mixture/0.1/10/5/14
0.1,10,14,1000,constant,-0.41013333333333324,-0.7280578864478143,-0.09220878021885215,nonseparated,60,0.95,mixture/0.1/10/5/14
0.1,10,15,400,constant,0.0048333333333338,-0.056837587641956344,0.06057923382417463,uncertain,60,0.95,mixture/0.1/10/5/15
0.1,10,15,1000,constant,0.014833333333333698,-0.02792752894700623,0.05759419561367363,uncertain,60,0.95,mixture/0.1/10/5/15
0.1,10,16,400,constant,-0.05991666666666651,-0.08388769259136603,-0.03594564074196693,nonseparated,60,0.95,mixture/0.1/10/5/16
0.1,10,16,1000,constant,-0.05226666666666657,-0.06784038101578449,-0.036692952317548655,nonseparated,60,0.95,mixture/0.1/10/5/16
0.1,10,17,400,constant,0.004416666666666735,-0.1870561426456131,0.1596898695648804,uncertain,60,0.95,mixture/0.1/10/5/17
0.1,10,17,1000,constant,0.0077666666666665884,-0.08712584318440786,0.07036593736596525,uncertain,60,0.95,mixture/0.1/10/5/17
0.1,10,18,400,constant,-0.3958333333333334,-0.48871241169683266,-0.30295425496983425,nonseparated,60,0.95,mixture/0.1/10/5/18
0.1,10,18,1000,constant,-0.34786666666666666,-0.39325043781406,-0.3024828955192733,nonseparated,60,0.95,mixture/0.1/10/5/18
0.1,10,19,400,constant,-0.4263333333333334,-0.4766677621813704,-0.3850083322375377,nonseparated,60,0.95,mixture/0.1/10/5/19
0.1,10,19,1000,constant,-0.40923333333333356,-0.4360327419278246,-0.38304009822777624,nonseparated,60,0.95,mixture/0.1/10/5/19
0.2,2,0,400,constant,0.6881666666666665,0.6603095132530971,0.7160238200802359,separated,60,0.95,mixture/0.2/2/5/0
0.2,2,0,1000,constant,0.696033333333333,0.6806626425249915,0.7114040241416744,separated,60,0.95,mixture/0.2/2/5/0
0.2,2,1,400,constant,0.4349166666666673,0.3985395187851296,0.4575069268178815,separated,60,0.95,mixture/0.2/2/5/1
0.2,2,1,1000,constant,0.4502999999999997,0.4377832549184989,0.4628167450815005,separated,60,0.95,mixture/0.2/2/5/1
0.2,2,2,400,constant,1.597833333333333,1.5699247352762618,1.6257419313904042,separated,60,0.95,mixture/0.2/2/5/2
0.2,2,2,1000,constant,1.6273666666666666,1.6110392575364685,1.6436940757968648,separated,60,0.95,mixture/0.2/2/5/2
0.2,2,3,400,constant,0.7350833333333332,0.7167390420311606,0.7534276246355058,separated,60,0.95,mixture/0.2/2/5/3
0.2,2,3,1000,constant,0.7405000000000004,0.7288964762713468,0.752103523728654,separated,60,0.95,mixture/0.2/2/5/3
0.2,2,4,400,constant,1.269,1.2143816619081793,1.3236183380918203,separated,60,0.95,mixture/0.2/2/5/4
0.2,2,4,1000,constant,1.304266666666667,1.264605629461062,1.3439277038722723,separated,60,0.95,mixture/0.2/2/5/4
0.2,2,5,400,constant,0.41283333333333316,0.3918390233886935,0.43382764327797296,separated,60,0.95,mixture/0.2/2/5/5
0.2,2,5,1000,constant,0.41626666666666623,0.4049493965876667,0.42758393674566575,separated,60,0.95,mixture/0.2/2/5/5
0.2,2,6,400,constant,0.3624166666666663,0.33104437918513363,0.39378895414819903,separated,60,0.95,mixture/0.2/2/5/6
0.2,2,6,1000,constant,0.38173333333333337,0.3641060681183589,0.39936059854830785,separated,60,0.95,mixture/0.2/2/5/6
0.2,2,7,400,constant,0.32008333333333305,0.3059432562367068,0.3342234104299593,separated,60,0.95,mixture/0.2/2/5/7
0.2,2,7,1000,constant,0.3206,0.3118600789753695,0.32933992102463056,separated,60,0.95,mixture/0.2/2/5/7
0.2,2,8,400,constant,1.348333333333333,1.2952226590030693,1.4014440076635966,separated,60,0.95,mixture/0.2/2/5/8
0.2,2,8,1000,constant,1.3848333333333338,1.352026781110182,1.4176398855564858,separated,60,0.95,mixture/0.2/2/5/8
0.2,2,9,400,constant,0.5607500000000003,0.5314938699544497,0.5900061300455509,separated,60,0.95,mixture/0.2/2/5/9
0.2,2,9,1000,constant,0.5745999999999999,0.5589723598183883,0.5902276401816114,separated,60,0.95,mixture/0.2/2/5/9
0.2,2,10,400,constant,0.2995000000000002,0.28623021580846875,0.3127697841915317,separated,60,0.95,mixture/0.2/2/5/10
0.2,2,10,1000,constant,0.30306666666666693,0.295069023434953,0.31106430989838085,separated,60,0.95,mixture/0.2/2/5/10
0.2,2,11,400,constant,0.19899999999999973,0.1733764082931738,0.22462359170682566,separated,60,0.95,mixture/0.2/2/5/11
0.2,2,11,1000,constant,0.21436666666666637,0.19831091052875482,0.23042242280457792,separated,60,0.95,mixture/0.2/2/5/11
0.2,2,12,400,constant,1.597083333333333,1.491793475070012,1.7023731915966542,separated,60,0.95,mixture/0.2/2/5/12
0.2,2,12,1000,constant,1.6652666666666662,1.6018950364732065,1.728638296860126,separated,60,0.95,mixture/0.2/2/5/12
0.2,2,13,400,constant,0.38091666666666657,0.36249462798525967,0.3993387053480735,separated,60,0.95,mixture/0.2/2/5/13
0.2,2,13,1000,constant,0.38736666666666675,0.37324769524083734,0.40148563809249604,separated,60,0.95,mixture/0.2/2/5/13
0.2,2,14,400,constant,0.26341666666666674,0.2420414289217946,0.2847919044115389,separated,60,0.95,mixture/0.2/2/5/14
0.2,2,14,1000,constant,0.26946666666666674,0.25690811378511536,0.28202521954821813,separated,60,0.95,mixture/0.2/2/5/14
0.2,2,15,400,constant,0.3589166666666669,0.34570874810445684,0.3721245852288769,separated,60,0.95,mixture/0.2/2/5/15
0.2,2,15,1000,constant,0.36276666666666657,0.35513349731573873,0.3703998360175944,separated,60,0.95,mixture/0.2/2/5/15
0.2,2,16,400,constant,0.6460833333333336,0.6229686176985345,0.6691980489681328,separated,60,0.95,mixture/0.2/2/5/16
0.2,2,16,1000,constant,0.6544000000000001,0.6397722647394386,0.6690277352605616,separated,60,0.95,mixture/0.2/2/5/16
0.2,2,17,400,constant,0.36775,0.34472509948552077,0.3907749005144793,separated,60,0.95,mixture/0.2/2/5/17
0.2,2,17,1000,constant,0.38133333333333364,0.3684685813349954,0.3941980853316719,separated,60,0.95,mixture/0.2/2/5/17
0.2,2,18,400,constant,0.1698333333333335,0.1267847087274191,0.2128819579392479,separated,60,0.95,mixture/0.2/2/5/18
0.2,2,18,1000,constant,0.20799999999999996,0.18349444762903377,0.23250555237096615,separated,60,0.95,mixture/0.2/2/5/18
0.2,2,19,400,constant,0.2455833333333336,0.22904730232336945,0.26211936434329774,separated,60,0.95,mixture/0.2/2/5/19
0.2,2,19,1000,constant,0.25063333333333315,0.2403093450675995,0.2609573215990668,separated,60,0.95,mixture/0.2/2/5/19
0.2,3,0,400,constant,0.17833333333333345,0.16012785151610853,0.19653881515055838,separated,60,0.95,mixture/0.2/3/5/0
0.2,3,0,1000,constant,0.18353333333333355,0.17226292423717404,0.19480374242949305,separated,60,0.95,mixture/0.2/3/5/0
0.2,3,1,400,constant,0.284333333333333,0.26437959283372525,0.30428707383294074,separated,60,0.95,mixture/0.2/3/5/1
0.2,3,1,1000,constant,0.2938333333333335,0.2802514262717978,0.3074152403948692,separated,60,0.95,mixture/0.2/3/5/1
0.2,3,2,400,constant,0.26941666666666686,0.2393034760601208,0.2995298572732129,separated,60,0.95,mixture/0.2/3/5/2
0.2,3,2,1000,constant,0.28346666666666664,0.26651663938286363,0.30041669395046966,separated,60,0.95,mixture/0.2/3/5/2
0.2,3,3,400,constant,0.40249999999999975,0.3784542065915213,0.4265457934084782,separated,60,0.95,mixture/0.2/3/5/3
0.2,3,3,1000,constant,0.4279666666666667,0.409447184378979,0.44287860879301044,separated,60,0.95,mixture/0.2/3/5/3
0.2,3,4,400,constant,0.4570000000000002,0.44069105132774233,0.47330894867225803,separated,60,0.95,mixture/0.2/3/5/4
0.2,3,4,1000,constant,0.46566666666666706,0.4549771981374551,0.47635613519587905,separated,60,0.95,mixture/0.2/3/5/4
0.2,3,5,400,constant,0.13933333333333342,0.08422828413951644,0.1944383825271504,separated,60,0.95,mixture/0.2/3/5/5
0.2,3,5,1000,constant,0.1791666666666667,0.14190764071368844,0.21642569261964495,separated,60,0.95,mixture/0.2/3/5/5
0.2,3,6,400,constant,0.11191666666666666,0.07632906290347519,0.14750427042985814,separated,60,0.95,mixture/0.2/3/5/6
0.2,3,6,1000,constant,0.14370000000000005,0.12409152743787899,0.1633084725621211,separated,60,0.95,mixture/0.2/3/5/6
0.2,3,7,400,constant,0.6333333333333331,0.5910277029581398,0.6756389637085264,separated,60,0.95,mixture/0.2/3/5/7
0.2,3,7,1000,constant,0.6660666666666666,0.6430468887182921,0.689086444615041,separated,60,0.95,mixture/0.2/3/5/7
0.2,3,8,400,constant,-0.05449999999999999,-0.10462438647187355,-0.004375613528126432,nonseparated,60,0.95,mixture/0.2/3/5/8
0.2,3,8,1000,constant,-0.015533333333333288,-0.04520022940916468,0.014133562742498107,uncertain,60,0.95,mixture/0.2/3/5/8
0.2,3,9,400,constant,0.2355833333333337,0.21375391822908318,0.2574127484375842,separated,60,0.95,mixture/0.2/3/5/9
0.2,3,9,1000,constant,0.24736666666666673,0.2355270091480628,0.2592063241852707,separated,60,0.95,mixture/0.2/3/5/9
0.2,3,10,400,constant,-0.02874999999999983,-0.12215848993170353,0.06465848993170387,uncertain,60,0.95,mixture/0.2/3/5/10
0.2,3,10,1000,constant,0.05396666666666672,-0.00011489490681138026,0.0694495995207497,uncertain,60,0.95,mixture/0.2/3/5/10
0.2,3,11,400,constant,0.5841666666666671,0.5582090774207151,0.610124255912619,separated,60,0.95,mixture/0.2/3/5/11
0.2,3,11,1000,constant,0.5998999999999999,0.5847487825374652,0.6150512174625345,separated,60,0.95,mixture/0.2/3/5/11
0.2,3,12,400,constant,0.6932500000000009,0.6661713038301131,0.7203286961698887,separated,60,0.95,mixture/0.2/3/5/12
0.2,3,12,1000,constant,0.7020666666666668,0.682427005135653,0.7217063281976805,separated,60,0.95,mixture/0.2/3/5/12
0.2,3,13,400,constant,1.0058333333333338,0.9331413145636419,1.0785253521030254,separated,60,0.95,mixture/0.2/3/5/13
0.2,3,13,1000,constant,1.0303333333333338,0.9878361316443124,1.072830535022355,separated,60,0.95,mixture/0.2/3/5/13
0.2,3,14,400,constant,0.6058333333333334,0.5877365549175286,0.6239301117491383,separated,60,0.95,mixture/0.2/3/5/14
0.2,3,14,1000,constant,0.6102666666666671,0.5992550960122062,0.621278237321128,separated,60,0.95,mixture/0.2/3/5/14
0.2,3,15,400,constant,0.5344166666666664,0.496479940271946,0.5723533930613869,separated,60,0.95,mixture/0.2/3/5/15
0.2,3,15,1000,constant,0.5523333333333336,0.5292591358813946,0.5754075307852725,separated,60,0.95,mixture/0.2/3/5/15
0.2,3,16,400,constant,0.3794166666666666,0.32294767882490816,0.41624142055189073,separated,60,0.95,mixture/0.2/3/5/16
0.2,3,16,1000,constant,0.40049999999999997,0.3788684374271487,0.4221315625728512,separated,60,0.95,mixture/0.2/3/5/16
0.2,3,17,400,constant,0.21116666666666717,0.18748316898033246,0.23485016435300188,separated,60,0.95,mixture/0.2/3/5/17
0.2,3,17,1000,constant,0.21696666666666675,0.20270492646661586,0.23073562676527548,separated,60,0.95,mixture/0.2/3/5/17
0.2,3,18,400,constant,0.35691666666666677,0.3313769105013651,0.38245642283196846,separated,60,0.95,mixture/0.2/3/5/18
0.2,3,18,1000,constant,0.37449999999999994,0.3582903829952183,0.3907096170047816,separated,60,0.95,mixture/0.2/3/5/18
0.2,3,19,400,constant,0.6771666666666665,0.6605781990859486,0.6937551342473842,separated,60,0.95,mixture/0.2/3/5/19
0.2,3,19,1000,constant,0.6769999999999998,0.6665755636908662,0.6874244363091334,separated,60,0.95,mixture/0.2/3/5/19
0.2,4,0,400,constant,0.327666666666667,0.30826053760722283,0.34707279572611116,separated,60,0.95,mixture/0.2/4/5/0
0.2,4,0,1000,constant,0.3337,0.32321737848743703,0.34418262151256296,separated,60,0.95,mixture/0.2/4/5/0
0.2,4,1,400,constant,0.3054166666666666,0.2849318468932235,0.32590148644010974,separated,60,0.95,mixture/0.2/4/5/1
0.2,4,1,1000,constant,0.31026666666666686,0.2982869116108798,0.32224642172245394,separated,60,0.95,mixture/0.2/4/5/1
0.2,4,2,400,constant,0.31025000000000025,0.2915533417863292,0.3289466582136713,separated,60,0.95,mixture/0.2/4/5/2
0.2,4,2,1000,constant,0.3109666666666663,0.2993182984962094,0.32261503483712317,separated,60,0.95,mixture/0.2/4/5/2
0.2,4,3,400,constant,0.19983333333333342,0.18377236933494157,0.21589429733172527,separated,60,0.95,mixture/0.2/4/5/3
0.2,4,3,1000,constant,0.20506666666666684,0.19556649912896518,0.2145668342043685,separated,60,0.95,mixture/0.2/4/5/3
0.2,4,4,400,constant,0.10941666666666694,0.0823839317777334,0.13644940155560048,separated,60,0.95,mixture/0.2/4/5/4
0.2,4,4,1000,constant,0.11406666666666654,0.09880102249306033,0.12933231084027275,separated,60,0.95,mixture/0.2/4/5/4
0.2,4,5,400,constant,0.11391666666666667,0.07452765848846521,0.15330567484486812,separated,60,0.95,mixture/0.2/4/5/5
0.2,4,5,1000,constant,0.11510000000000009,0.09222938190637953,0.1379706180936206,separated,60,0.95,mixture/0.2/4/5/5
0.2,4,6,400,constant,0.40400000000000014,0.3746592512233259,0.43269912474044225,separated,60,0.95,mixture/0.2/4/5/6
0.2,4,6,1000,constant,0.42120000000000013,0.4046866821230176,0.43771331787698264,separated,60,0.95,mixture/0.2/4/5/6
0.2,4,7,400,constant,0.3729999999999992,0.326082317297116,0.41991768270288243,separated,60,0.95,mixture/0.2/4/5/7
0.2,4,7,1000,constant,0.4084333333333334,0.3822729202209175,0.43459374644574933,separated,60,0.95,mixture/0.2/4/5/7
0.2,4,8,400,constant,0.12016666666666698,0.10022588408207045,0.1401074492512635,separated,60,0.95,mixture/0.2/4/5/8
0.2,4,8,1000,constant,0.1241333333333332,0.11084950317544229,0.13741716349122413,separated,60,0.95,mixture/0.2/4/5/8
0.2,4,9,400,constant,0.40575000000000006,0.3866076948870114,0.4248923051129887,separated,60,0.95,mixture/0.2/4/5/9
0.2,4,9,1000,constant,0.4149666666666665,0.40473669570446436,0.4251966376288686,separated,60,0.95,mixture/0.2/4/5/9
0.2,4,10,400,constant,0.2008333333333331,0.17880114551120163,0.22286552115546454,separated,60,0.95,mixture/0.2/4/5/10
0.2,4,10,1000,constant,0.21103333333333352,0.19845806833982693,0.2236085983268401,separated,60,0.95,mixture/0.2/4/5/10
0.2,4,11,400,constant,0.20958333333333334,0.18757055645457077,0.23159611021209592,separated,60,0.95,mixture/0.2/4/5/11
0.2,4,11,1000,constant,0.21563333333333345,0.2039434097173045,0.2273232569493624,separated,60,0.95,mixture/0.2/4/5/11
0.2,4,12,400,constant,0.2030833333333334,0.1655091103265235,0.2406575563401433,separated,60,0.95,mixture/0.2/4/5/12
0.2,4,12,1000,constant,0.22676666666666645,0.20483594909461023,0.24869738423872267,separated,60,0.95,mixture/0.2/4/5/12
0.2,4,13,400,constant,0.2290000000000001,0.19142772420226006,0.25353838378178206,separated,60,0.95,mixture/0.2/4/5/13
0.2,4,13,1000,constant,0.24093333333333322,0.22845914981913085,0.2534075168475356,separated,60,0.95,mixture/0.2/4/5/13
0.2,4,14,400,constant,0.10825000000000018,0.08372454515005101,0.13277545484994935,separated,60,0.95,mixture/0.2/4/5/14
0.2,4,14,1000,constant,0.12136666666666662,0.10697377186131507,0.13575956147201818,separated,60,0.95,mixture/0.2/4/5/14
0.2,4,15,400,constant,0.5858333333333337,0.5509828617306045,0.6206838049360628,separated,60,0.95,mixture/0.2/4/5/15
0.2,4,15,1000,constant,0.6159666666666668,0.597933197662579,0.6340001356707545,separated,60,0.95,mixture/0.2/4/5/15
0.2,4,16,400,constant,0.22758333333333325,0.2027161530903252,0.2524505135763413,separated,60,0.95,mixture/0.2/4/5/16
0.2,4,16,1000,constant,0.2430333333333331,0.22588400093406547,0.26018266573260074,separated,60,0.95,mixture/0.2/4/5/16
0.2,4,17,400,constant,0.09291666666666665,0.07844135637218375,0.10739197696114955,separated,60,0.95,mixture/0.2/4/5/17
0.2,4,17,1000,constant,0.10103333333333342,0.0921586003240259,0.10990806634264094,separated,60,0.95,mixture/0.2/4/5/17
0.2,4,18,400,constant,0.11699999999999988,0.0530052873429353,0.18099471265706446,separated,60,0.95,mixture/0.2/4/5/18
0.2,4,18,1000,constant,0.11183333333333323,0.07837680494597343,0.14528986172069303,separated,60,0.95,mixture/0.2/4/5/18
0.2,4,19,400,constant,0.23099999999999965,0.20542819480075358,0.2565718051992457,separated,60,0.95,mixture/0.2/4/5/19
0.2,4,19,1000,constant,0.24533333333333351,0.22939778697049518,0.26126887969617185,separated,60,0.95,mixture/0.2/4/5/19
0.2,5,0,400,constant,0.2240000000000001,0.20165065103875257,0.2463493489612476,separated,60,0.95,mixture/0.2/5/5/0
0.2,5,0,1000,constant,0.2232666666666665,0.2096609790989642,0.2368723542343688,separated,60,0.95,mixture/0.2/5/5/0
0.2,5,1,400,constant,-0.020166666666666666,-0.055508896178073974,0.015175562844740642,uncertain,60,0.95,mixture/0.2/5/5/1
0.2,5,1,1000,constant,0.006166666666666876,-0.013851307706164273,0.026184641039498024,uncertain,60,0.95,mixture/0.2/5/5/1
0.2,5,2,400,constant,0.11949999999999972,0.05820850528390853,0.1807914947160909,separated,60,0.95,mixture/0.2/5/5/2
0.2,5,2,1000,constant,0.12986666666666669,0.09450340438109772,0.16522992895223565,separated,60,0.95,mixture/0.2/5/5/2
0.2,5,3,400,constant,0.2802499999999999,0.2591512048439445,0.3013487951560553,separated,60,0.95,mixture/0.2/5/5/3
0.2,5,3,1000,constant,0.28976666666666673,0.27648878402379595,0.3030445493095375,separated,60,0.95,mixture/0.2/5/5/3
0.2,5,4,400,constant,0.14683333333333326,0.1295213096413832,0.16414535702528332,separated,60,0.95,mixture/0.2/5/5/4
0.2,5,4,1000,constant,0.15200000000000036,0.14115947508287863,0.1628405249171221,separated,60,0.95,mixture/0.2/5/5/4
0.2,5,5,400,constant,0.23366666666666647,0.20159168655445014,0.2657416467788828,separated,60,0.95,mixture/0.2/5/5/5
0.2,5,5,1000,constant,0.2709333333333328,0.25050792690049384,0.29135873976617177,separated,60,0.95,mixture/0.2/5/5/5
0.2,5,6,400,constant,0.4099999999999999,0.30826095802593934,0.5117390419740605,separated,60,0.95,mixture/0.2/5/5/6
0.2,5,6,1000,constant,0.4773333333333333,0.40321008459714025,0.5514565820695263,separated,60,0.95,mixture/0.2/5/5/6
0.2,5,7,400,constant,0.16333333333333333,0.12974922656276155,0.1969174401039051,separated,60,0.95,mixture/0.2/5/5/7
0.2,5,7,1000,constant,0.1751999999999998,0.15657282141616025,0.19382717858383935,separated,60,0.95,mixture/0.2/5/5/7
0.2,5,8,400,constant,0.02516666666666656,-0.02069390120802861,0.07102723454136173,uncertain,60,0.95,mixture/0.2/5/5/8
0.2,5,8,1000,constant,0.062066666666666714,0.03887697157146741,0.08525636176186602,separated,60,0.95,mixture/0.2/5/5/8
0.2,5,9,400,constant,0.07899999999999985,0.05177147212551547,0.10622852787448422,separated,60,0.95,mixture/0.2/5/5/9
0.2,5,9,1000,constant,0.08876666666666655,0.07339957275039777,0.10413376058293533,separated,60,0.95,mixture/0.2/5/5/9
0.2,5,10,400,constant,0.029499999999999527,-0.01707096751161996,0.07607096751161901,uncertain,60,0.95,mixture/0.2/5/5/10
0.2,5,10,1000,constant,0.044166666666666465,0.01672098915973863,0.0716123441735943,separated,60,0.95,mixture/0.2/5/5/10
0.2,5,11,400,constant,0.1166666666666667,0.09654747140753484,0.13678586192579856,separated,60,0.95,mixture/0.2/5/5/11
0.2,5,11,1000,constant,0.12386666666666679,0.1124699571219534,0.13526337621138018,separated,60,0.95,mixture/0.2/5/5/11
0.2,5,12,400,constant,0.01908333333333323,-0.0069180129546670965,0.04508467962133356,uncertain,60,0.95,mixture/0.2/5/5/12
0.2,5,12,1000,constant,0.027000000000000135,0.01030211167884909,0.04369788832115118,separated,60,0.95,mixture/0.2/5/5/12
0.2,5,13,400,constant,0.10800000000000021,0.06155677467316367,0.15444322532683674,separated,60,0.95,mixture/0.2/5/5/13
0.2,5,13,1000,constant,0.13233333333333297,0.10279882759301306,0.16186783907365287,separated,60,0.95,mixture/0.2/5/5/13
0.2,5,14,400,constant,0.13158333333333372,0.08116342828570855,0.1820032383809589,separated,60,0.95,mixture/0.2/5/5/14
0.2,5,14,1000,constant,0.1514333333333331,0.1268629535677559,0.17376390599693914,separated,60,0.95,mixture/0.2/5/5/14
0.2,5,15,400,constant,0.12699999999999978,0.07954374297001121,0.16111317293696492,separated,60,0.95,mixture/0.2/5/5/15
0.2,5,15,1000,constant,0.11930000000000007,0.09978025065292773,0.13881974934707242,separated,60,0.95,mixture/0.2/5/5/15
0.2,5,16,400,constant,-0.04383333333333317,-0.07600896527848289,-0.01165770138818345,nonseparated,60,0.95,mixture/0.2/5/5/16
0.2,5,16,1000,constant,-0.03673333333333284,-0.05386117696388193,-0.01960548970278375,nonseparated,60,0.95,mixture/0.2/5/5/16
0.2,5,17,400,constant,0.06291666666666629,0.04397117993226163,0.08186215340107095,separated,60,0.95,mixture/0.2/5/5/17
0.2,5,17,1000,constant,0.07413333333333305,0.06397121674586159,0.08429544992080451,separated,60,0.95,mixture/0.2/5/5/17
0.2,5,18,400,constant,0.09658333333333313,0.06924278734291256,0.1239238793237537,separated,60,0.95,mixture/0.2/5/5/18
0.2,5,18,1000,constant,0.11653333333333338,0.10176778184103441,0.13129888482563234,separated,60,0.95,mixture/0.2/5/5/18
0.2,5,19,400,constant,0.11658333333333348,0.09809272523781709,0.13507394142884988,separated,60,0.95,mixture/0.2/5/5/19
0.2,5,19,1000,constant,0.1228666666666664,0.11188280025676733,0.13385053307656547,separated,60,0.95,mixture/0.2/5/5/19
0.2,6,0,400,constant,0.22300000000000042,0.20028630674973702,0.24571369325026382,separated,60,0.95,mixture/0.2/6/5/0
0.2,6,0,1000,constant,0.2342666666666665,0.22049080881058547,0.24804252452274755,separated,60,0.95,mixture/0.2/6/5/0
0.2,6,1,400,constant,0.24016666666666653,0.2089682923186278,0.27136504101470527,separated,60,0.95,mixture/0.2/6/5/1
0.2,6,1,1000,constant,0.2588999999999999,0.24411579521981197,0.27368420478018785,separated,60,0.95,mixture/0.2/6/5/1
0.2,6,2,400,constant,0.008999999999999897,-0.01562235500458875,0.030184909338347388,uncertain,60,0.95,mixture/0.2/6/5/2
0.2,6,2,1000,constant,0.0209666666666668,0.007202430379317559,0.03473090295401604,separated,60,0.95,mixture/0.2/6/5/2
0.2,6,3,400,constant,0.21683333333333354,0.19690198784724733,0.23676467881941976,separated,60,0.95,mixture/0.2/6/5/3
0.2,6,3,1000,constant,0.22463333333333324,0.21280217805198742,0.23646448861467906,separated,60,0.95,mixture/0.2/6/5/3
0.2,6,4,400,constant,0.01841666666666708,-0.00994400674964091,0.04677734008297507,uncertain,60,0.95,mixture/0.2/6/5/4
0.2,6,4,1000,constant,0.03270000000000006,0.016689422681749666,0.04871057731825046,separated,60,0.95,mixture/0.2/6/5/4
0.2,6,5,400,constant,0.16008333333333347,0.1408492495045397,0.17931741716212724,separated,60,0.95,mixture/0.2/6/5/5
0.2,6,5,1000,constant,0.1623000000000001,0.15024004139746117,0.17435995860253906,separated,60,0.95,mixture/0.2/6/5/5
0.2,6,6,400,constant,0.16574999999999962,0.13404918365750007,0.19745081634249917,separated,60,0.95,mixture/0.2/6/5/6
0.2,6,6,1000,constant,0.17773333333333308,0.15924384292490334,0.1962228237417628,separated,60,0.95,mixture/0.2/6/5/6
0.2,6,7,400,constant,-0.16249999999999998,-0.18645254344211704,-0.13854745655788292,nonseparated,60,0.95,mixture/0.2/6/5/7
0.2,6,7,1000,constant,-0.1653000000000001,-0.1811461935682106,-0.14945380643178963,nonseparated,60,0.95,mixture/0.2/6/5/7
0.2,6,8,400,constant,0.1469166666666667,0.1219804446453715,0.1718528886879619,separated,60,0.95,mixture/0.2/6/5/8
0.2,6,8,1000,constant,0.1488333333333337,0.13386933576447735,0.16379733090219006,separated,60,0.95,mixture/0.2/6/5/8
0.2,6,9,400,constant,0.009499999999999953,-0.18491288933839334,0.1759943648354757,uncertain,60,0.95,mixture/0.2/6/5/9
0.2,6,9,1000,constant,0.058866666666666734,-0.030961064718305398,0.14869439805163887,uncertain,60,0.95,mixture/0.2/6/5/9
0.2,6,10,400,constant,0.07299999999999995,0.04054232646717715,0.10545767353282276,separated,60,0.95,mixture/0.2/6/5/10
0.2,6,10,1000,constant,0.08646666666666669,0.06908214355287512,0.10385118978045826,separated,60,0.95,mixture/0.2/6/5/10
0.2,6,11,400,constant,0.1282500000000001,0.09748930314315774,0.15901069685684244,separated,60,0.95,mixture/0.2/6/5/11
0.2,6,11,1000,constant,0.13090000000000024,0.11344279006102698,0.1483572099389735,separated,60,0.95,mixture/0.2/6/5/11
0.2,6,12,400,constant,0.2784166666666663,0.24600010007247186,0.31083323326086076,separated,60,0.95,mixture/0.2/6/5/12
0.2,6,12,1000,constant,0.2869999999999999,0.26846179306654994,0.3055382069334499,separated,60,0.95,mixture/0.2/6/5/12
0.2,6,13,400,constant,-0.20149999999999996,-0.24064684680472098,-0.16235315319527888,nonseparated,60,0.95,mixture/0.2/6/5/13
0.2,6,13,1000,constant,-0.19693333333333352,-0.21887393799008398,-0.1749927286765831,nonseparated,60,0.95,mixture/0.2/6/5/13
0.2,6,14,400,constant,0.21633333333333338,0.18818812768661997,0.24437591022426663,separated,60,0.95,mixture/0.2/6/5/14
0.2,6,14,1000,constant,0.21793333333333353,0.20313888307557393,0.23272778359109314,separated,60,0.95,mixture/0.2/6/5/14
0.2,6,15,400,constant,-0.12058333333333338,-0.16063934266394647,-0.08052732400272028,nonseparated,60,0.95,mixture/0.2/6/5/15
0.2,6,15,1000,constant,-0.12683333333333324,-0.14973774030525488,-0.1039289263614116,nonseparated,60,0.95,mixture/0.2/6/5/15
0.2,6,16,400,constant,0.23541666666666627,0.11508137048234457,0.3171288233399363,separated,60,0.95,mixture/0.2/6/5/16
0.2,6,16,1000,constant,0.2707666666666664,0.19673574139508587,0.33594050599247405,separated,60,0.95,mixture/0.2/6/5/16
0.2,6,17,400,constant,0.12308333333333377,0.08741918813238447,0.15874747853428306,separated,60,0.95,mixture/0.2/6/5/17
0.2,6,17,1000,constant,0.14103333333333323,0.11969620354461252,0.16237046312205394,separated,60,0.95,mixture/0.2/6/5/17
0.2,6,18,400,constant,0.1732499999999999,0.10248783911534898,0.24401216088465083,separated,60,0.95,mixture/0.2/6/5/18
0.2,6,18,1000,constant,0.2049666666666664,0.17135154177535605,0.23858179155797676,separated,60,0.95,mixture/0.2/6/5/18
0.2,6,19,400,constant,0.06841666666666657,0.011310349836376132,0.125522983496957,separated,60,0.95,mixture/0.2/6/5/19
0.2,6,19,1000,constant,0.05476666666666685,0.01637130866830694,0.09316202466502677,separated,60,0.95,mixture/0.2/6/5/19
0.2,7,0,400,constant,-0.016249999999999876,-0.04835150547702327,0.01585150547702352,uncertain,60,0.95,mixture/0.2/7/5/0
0.2,7,0,1000,constant,0.005499999999999727,-0.011275454941884755,0.02227545494188421,uncertain,60,0.95,mixture/0.2/7/5/0
0.2,7,1,400,constant,0.03341666666666665,0.010197364956953003,0.0566359683763803,separated,60,0.95,mixture/0.2/7/5/1
0.2,7,1,1000,constant,0.04700000000000015,0.034913428424555804,0.0590865715754445,separated,60,0.95,mixture/0.2/7/5/1
0.2,7,2,400,constant,0.34399999999999986,0.32253122757918196,0.36546877242081777,separated,60,0.95,mixture/0.2/7/5/2
0.2,7,2,1000,constant,0.3592000000000003,0.3444865065228301,0.3739134934771705,separated,60,0.95,mixture/0.2/7/5/2
0.2,7,3,400,constant,-0.5359166666666668,-0.5861877497256838,-0.48564558360765,nonseparated,60,0.95,mixture/0.2/7/5/3
0.2,7,3,1000,constant,-0.5206999999999998,-0.5494546798946943,-0.49194532010530534,nonseparated,60,0.95,mixture/0.2/7/5/3
0.2,7,4,400,constant,0.07274999999999976,0.0329842647331684,0.11251573526683112,separated,60,0.95,mixture/0.2/7/5/4
0.2,7,4,1000,constant,0.07183333333333364,0.04553761383664179,0.09812905283002549,separated,60,0.95,mixture/0.2/7/5/4
0.2,7,5,400,constant,0.051249999999999574,-0.005825345611208732,0.10832534561120788,uncertain,60,0.95,mixture/0.2/7/5/5
0.2,7,5,1000,constant,0.10039999999999982,0.07069213879067493,0.13010786120932472,separated,60,0.95,mixture/0.2/7/5/5
0.2,7,6,400,constant,0.06266666666666665,-0.03689342477196511,0.1622267581052984,uncertain,60,0.95,mixture/0.2/7/5/6
0.2,7,6,1000,constant,0.14379999999999982,0.09858872022749743,0.1781293593624298,separated,60,0.95,mixture/0.2/7/5/6
0.2,7,7,400,constant,0.1568333333333336,0.13072902102870987,0.18293764563795734,separated,60,0.95,mixture/0.2/7/5/7
0.2,7,7,1000,constant,0.16456666666666664,0.14918476049048202,0.17994857284285126,separated,60,0.95,mixture/0.2/7/5/7
0.2,7,8,400,constant,0.11724999999999974,0.07380563367864068,0.1606943663213588,separated,60,0.95,mixture/0.2/7/5/8
0.2,7,8,1000,constant,0.12289999999999979,0.09802582468572807,0.1477741753142715,separated,60,0.95,mixture/0.2/7/5/8
0.2,7,9,400,constant,0.1616666666666663,0.11433343433019438,0.19179973826786,separated,60,0.95,mixture/0.2/7/5/9
0.2,7,9,1000,constant,0.1665000000000001,0.14332220721813627,0.18372447517440238,separated,60,0.95,mixture/0.2/7/5/9
0.2,7,10,400,constant,-0.21708333333333357,-0.2687198035223588,-0.16544686314430834,nonseparated,60,0.95,mixture/0.2/7/5/10
0.2,7,10,1000,constant,-0.20713333333333317,-0.24511519651744795,-0.16915147014921839,nonseparated,60,0.95,mixture/0.2/7/5/10
0.2,7,11,400,constant,0.11624999999999974,0.09919189338903622,0.13330810661096326,separated,60,0.95,mixture/0.2/7/5/11
0.2,7,11,1000,constant,0.12013333333333331,0.10959125460239194,0.1306754120642747,separated,60,0.95,mixture/0.2/7/5/11
0.2,7,12,400,constant,0.026083333333333347,-0.021273750175182404,0.0734404168418491,uncertain,60,0.95,mixture/0.2/7/5/12
0.2,7,12,1000,constant,0.0367666666666665,0.010914019617274784,0.06261931371605822,separated,60,0.95,mixture/0.2/7/5/12
0.2,7,13,400,constant,-0.02533333333333354,-0.04364182997650301,-0.007024836690164071,nonseparated,60,0.95,mixture/0.2/7/5/13
0.2,7,13,1000,constant,-0.01656666666666673,-0.027511961495902182,-0.005621371837431277,nonseparated,60,0.95,mixture/0.2/7/5/13
0.2,7,14,400,constant,0.015499999999999847,-0.005469091693275252,0.036469091693274946,uncertain,60,0.95,mixture/0.2/7/5/14
0.2,7,14,1000,constant,0.02193333333333325,0.010997974250972153,0.032868692415694345,separated,60,0.95,mixture/0.2/7/5/14
0.2,7,15,400,constant,0.0017500000000002514,-0.025682667284217975,0.029182667284218478,uncertain,60,0.95,mixture/0.2/7/5/15
0.2,7,15,1000,constant,0.016800000000000037,-0.0011637519744617242,0.0347637519744618,uncertain,60,0.95,mixture/0.2/7/5/15
0.2,7,16,400,constant,0.09175000000000022,0.029276707727130757,0.15422329227286968,separated,60,0.95,mixture/0.2/7/5/16
0.2,7,16,1000,constant,0.12159999999999993,0.08603907988613246,0.15716092011386734,separated,60,0.95,mixture/0.2/7/5/16
0.2,7,17,400,constant,0.1413333333333333,0.11567738241057834,0.16698928425608828,separated,60,0.95,mixture/0.2/7/5/17
0.2,7,17,1000,constant,0.1455333333333334,0.1292963147420415,0.16061927659835562,separated,60,0.95,mixture/0.2/7/5/17
0.2,7,18,400,constant,0.045166666666666355,-0.025378813014343526,0.11228745291958753,uncertain,60,0.95,mixture/0.2/7/5/18
0.2,7,18,1000,constant,0.07819999999999994,0.03615612200053553,0.12024387799946434,separated,60,0.95,mixture/0.2/7/5/18
0.2,7,19,400,constant,0.014500000000000068,-0.1613365927205348,0.06323107627619484,uncertain,60,0.95,mixture/0.2/7/5/19
0.2,7,19,1000,constant,0.046266666666666456,0.033137942396530895,0.05939539093680202,separated,60,0.95,mixture/0.2/7/5/19
0.2,8,0,400,constant,0.04066666666666674,-0.007689314328430896,0.08902264766176438,uncertain,60,0.95,mixture/0.2/8/5/0
0.2,8,0,1000,constant,0.058833333333333404,0.03252544373802135,0.08514122292864545,separated,60,0.95,mixture/0.2/8/5/0
0.2,8,1,400,constant,0.019166666666666776,-0.0359000893137531,0.07423342264708666,uncertain,60,0.95,mixture/0.2/8/5/1
0.2,8,1,1000,constant,0.06236666666666657,0.0342747412688581,0.09045859206447504,separated,60,0.95,mixture/0.2/8/5/1
0.2,8,2,400,constant,0.05566666666666664,0.020051816058299532,0.09128151727503375,separated,60,0.95,mixture/0.2/8/5/2
0.2,8,2,1000,constant,0.0730333333333334,0.05182614992777934,0.09424051673888745,separated,60,0.95,mixture/0.2/8/5/2
0.2,8,3,400,constant,-0.021499999999999964,-0.05386984413693874,0.010869844136938811,uncertain,60,0.95,mixture/0.2/8/5/3
0.2,8,3,1000,constant,-0.008699999999999819,-0.02684267611767477,0.00944267611767513,uncertain,60,0.95,mixture/0.2/8/5/3
0.2,8,4,400,constant,-0.12750000000000006,-0.18371968358787705,-0.07128031641212307,nonseparated,60,0.95,mixture/0.2/8/5/4
0.2,8,4,1000,constant,-0.11333333333333362,-0.1499612978619116,-0.07670536880475565,nonseparated,60,0.95,mixture/0.2/8/5/4
0.2,8,5,400,constant,0.053416666666666335,0.028803039989869328,0.07803029334346334,separated,60,0.95,mixture/0.2/8/5/5
0.2,8,5,1000,constant,0.060266666666666246,0.04366589027683665,0.07686744305649584,separated,60,0.95,mixture/0.2/8/5/5
0.2,8,6,400,constant,-0.04383333333333295,-0.06954677301798895,-0.018119893648676944,nonseparated,60,0.95,mixture/0.2/8/5/6
0.2,8,6,1000,constant,-0.030999999999999694,-0.04606317156142803,-0.01593682843857136,nonseparated,60,0.95,mixture/0.2/8/5/6
0.2,8,7,400,constant,-0.06458333333333321,-0.14081886698815482,0.011652200321488393,uncertain,60,0.95,mixture/0.2/8/5/7
0.2,8,7,1000,constant,-0.01880000000000004,-0.06021070961578334,0.022610709615783264,uncertain,60,0.95,mixture/0.2/8/5/7
0.2,8,8,400,constant,0.01983333333333337,-0.014530322033166287,0.054196988699833026,uncertain,60,0.95,mixture/0.2/8/5/8
0.2,8,8,1000,constant,0.038266666666667004,0.017538347570536073,0.058994985762797936,separated,60,0.95,mixture/0.2/8/5/8
0.2,8,9,400,constant,0.0818333333333332,0.06507473378756645,0.09859193287909995,separated,60,0.95,mixture/0.2/8/5/9
0.2,8,9,1000,constant,0.08289999999999997,0.07235492294300838,0.09344507705699157,separated,60,0.95,mixture/0.2/8/5/9
0.2,8,10,400,constant,-0.06399999999999961,-0.12024864198936736,-0.029921795372648052,nonseparated,60,0.95,mixture/0.2/8/5/10
0.2,8,10,1000,constant,-0.0641666666666667,-0.08249877109754244,-0.045834562235790965,nonseparated,60,0.95,mixture/0.2/8/5/10
0.2,8,11,400,constant,-0.1875833333333332,-0.2075399446739749,-0.16762672199269146,nonseparated,60,0.95,mixture/0.2/8/5/11
0.2,8,11,1000,constant,-0.17059999999999986,-0.18417250586110961,-0.15702749413889006,nonseparated,60,0.95,mixture/0.2/8/5/11
0.2,8,12,400,constant,-0.004583333333333051,-0.03994952890589665,0.030782862239230546,uncertain,60,0.95,mixture/0.2/8/5/12
0.2,8,12,1000,constant,0.015233333333333543,-0.004768708373044883,0.03523537503971197,uncertain,60,0.95,mixture/0.2/8/5/12
0.2,8,13,400,constant,0.17041666666666633,0.1449054648475594,0.1959278684857732,separated,60,0.95,mixture/0.2/8/5/13
0.2,8,13,1000,constant,0.17946666666666666,0.16577582338687524,0.19315750994645808,separated,60,0.95,mixture/0.2/8/5/13
0.2,8,14,400,constant,0.026416666666666977,0.0020357005454312294,0.050797632787902725,separated,60,0.95,mixture/0.2/8/5/14
0.2,8,14,1000,constant,0.03433333333333377,0.018598325933265603,0.05006834073340194,separated,60,0.95,mixture/0.2/8/5/14
0.2,8,15,400,constant,0.05549999999999988,0.020033047997206843,0.09096695200279292,separated,60,0.95,mixture/0.2/8/5/15
0.2,8,15,1000,constant,0.05543333333333311,0.0329555149278028,0.07791115173886343,separated,60,0.95,mixture/0.2/8/5/15
0.2,8,16,400,constant,0.00883333333333336,-0.028089822118959606,0.045756488785626326,uncertain,60,0.95,mixture/0.2/8/5/16
0.2,8,16,1000,constant,0.040733333333332844,0.01807184037442322,0.06339482629224247,separated,60,0.95,mixture/0.2/8/5/16
0.2,8,17,400,constant,0.0928333333333331,0.062006725216785075,0.12365994144988113,separated,60,0.95,mixture/0.2/8/5/17
0.2,8,17,1000,constant,0.10573333333333335,0.0876246152917094,0.12329985092551143,separated,60,0.95,mixture/0.2/8/5/17
0.2,8,18,400,constant,0.130083333333333,0.07530841865418081,0.18485824801248518,separated,60,0.95,mixture/0.2/8/5/18
0.2,8,18,1000,constant,0.14903333333333368,0.1195008532365357,0.17856581343013167,separated,60,0.95,mixture/0.2/8/5/18
0.2,8,19,400,constant,-0.09558333333333369,-0.15660650160642053,-0.04155465680655357,nonseparated,60,0.95,mixture/0.2/8/5/19
0.2,8,19,1000,constant,-0.07386666666666658,-0.10847186959158228,-0.049677140210031334,nonseparated,60,0.95,mixture/0.2/8/5/19
0.2,9,0,400,constant,0.011750000000000038,-0.21585640497200687,0.05647558252072871,uncertain,60,0.95,mixture/0.2/9/5/0
0.2,9,0,1000,constant,0.05176666666666674,-0.05535425081695544,0.07045777821142096,uncertain,60,0.95,mixture/0.2/9/5/0
0.2,9,1,400,constant,-0.26999999999999996,-0.3190258892933311,-0.22097411070666884,nonseparated,60,0.95,mixture/0.2/9/5/1
0.2,9,1,1000,constant,-0.25543333333333346,-0.28543820781932966,-0.22542845884733725,nonseparated,60,0.95,mixture/0.2/9/5/1
0.2,9,2,400,constant,0.01991666666666647,-0.018287726692467476,0.05812106002580042,uncertain,60,0.95,mixture/0.2/9/5/2
0.2,9,2,1000,constant,0.04723333333333313,0.026803084132845933,0.06766358253382032,separated,60,0.95,mixture/0.2/9/5/2
0.2,9,3,400,constant,-0.1431666666666669,-0.17782926262400867,-0.1085040707093251,nonseparated,60,0.95,mixture/0.2/9/5/3
0.2,9,3,1000,constant,-0.10673333333333335,-0.1290784721116005,-0.08438819455506619,nonseparated,60,0.95,mixture/0.2/9/5/3
0.2,9,4,400,constant,-0.24233333333333323,-0.29035440661009854,-0.19431226005656793,nonseparated,60,0.95,mixture/0.2/9/5/4
0.2,9,4,1000,constant,-0.24370000000000008,-0.2750242757973996,-0.2123757242026006,nonseparated,60,0.95,mixture/0.2/9/5/4
0.2,9,5,400,constant,0.18141666666666656,0.1559715462467377,0.20686178708659542,separated,60,0.95,mixture/0.2/9/5/5
0.2,9,5,1000,constant,0.1869333333333335,0.17252191131671246,0.20134475534995455,separated,60,0.95,mixture/0.2/9/5/5
0.2,9,6,400,constant,-0.12708333333333321,-0.21818313809185608,-0.03598352857481035,nonseparated,60,0.95,mixture/0.2/9/5/6
0.2,9,6,1000,constant,-0.09983333333333355,-0.1503532121324871,-0.04931345453418001,nonseparated,60,0.95,mixture/0.2/9/5/6
0.2,9,7,400,constant,0.10641666666666638,0.0651441298556168,0.14589941383349103,separated,60,0.95,mixture/0.2/9/5/7
0.2,9,7,1000,constant,0.1110333333333332,0.08740371294429017,0.13466295372237624,separated,60,0.95,mixture/0.2/9/5/7
0.2,9,8,400,constant,-0.10316666666666707,-0.14629470634849373,-0.060038626984840415,nonseparated,60,0.95,mixture/0.2/9/5/8
0.2,9,8,1000,constant,-0.07313333333333305,-0.09847408224941434,-0.04779258441725176,nonseparated,60,0.95,mixture/0.2/9/5/8
0.2,9,9,400,constant,-0.033166666666666345,-0.09463279087830012,0.028299457544967432,uncertain,60,0.95,mixture/0.2/9/5/9
0.2,9,9,1000,constant,-0.005133333333333323,-0.03872468650261218,0.027343085299361025,uncertain,60,0.95,mixture/0.2/9/5/9
0.2,9,10,400,constant,-0.2921666666666668,-0.673975672856654,0.01217609464481284,uncertain,60,0.95,mixture/0.2/9/5/10
0.2,9,10,1000,constant,-0.3794000000000003,-0.7079704145862759,-0.05082958541372473,nonseparated,60,0.95,mixture/0.2/9/5/10
0.2,9,11,400,constant,-0.07674999999999987,-0.11204191454072665,-0.0414580854592731,nonseparated,60,0.95,mixture/0.2/9/5/11
0.2,9,11,1000,constant,-0.06266666666666676,-0.0837737842069245,-0.04155954912640902,nonseparated,60,0.95,mixture/0.2/9/5/11
0.2,9,12,400,constant,0.1459999999999998,0.11981559987258594,0.17218440012741365,separated,60,0.95,mixture/0.2/9/5/12
0.2,9,12,1000,constant,0.16576666666666617,0.15069596547248354,0.1808373678608488,separated,60,0.95,mixture/0.2/9/5/12
0.2,9,13,400,constant,0.15683333333333316,0.10067897902140077,0.21298768764526554,separated,60,0.95,mixture/0.2/9/5/13
0.2,9,13,1000,constant,0.19906666666666661,0.1706205799327749,0.22751275340055832,separated,60,0.95,mixture/0.2/9/5/13
0.2,9,14,400,constant,-0.04583333333333295,-0.09163495061509919,-3.171605156671031e-05,nonseparated,60,0.95,mixture/0.2/9/5/14
0.2,9,14,1000,constant,-0.035900000000000265,-0.05954465199953818,-0.012255348000462352,nonseparated,60,0.95,mixture/0.2/9/5/14
0.2,9,15,400,constant,-0.020833333333332926,-0.0645998200906921,0.022933153424026242,uncertain,60,0.95,mixture/0.2/9/5/15
0.2,9,15,1000,constant,0.008100000000000218,-0.018794271827245912,0.03499427182724635,uncertain,60,0.95,mixture/0.2/9/5/15
0.2,9,16,400,constant,0.1306666666666665,0.10599438661484706,0.15533894671848592,separated,60,0.95,mixture/0.2/9/5/16
0.2,9,16,1000,constant,0.15556666666666652,0.14153127909968022,0.16960205423365282,separated,60,0.95,mixture/0.2/9/5/16
0.2,9,17,400,constant,-0.20924999999999983,-0.23989299090287652,-0.17860700909712313,nonseparated,60,0.95,mixture/0.2/9/5/17
0.2,9,17,1000,constant,-0.19769999999999976,-0.21651218197316513,-0.1788878180268344,nonseparated,60,0.95,mixture/0.2/9/5/17
0.2,9,18,400,constant,-0.4315833333333332,-0.4534828484980925,-0.4096838181685739,nonseparated,60,0.95,mixture/0.2/9/5/18
0.2,9,18,1000,constant,-0.4207,-0.43464549241844086,-0.4067545075815592,nonseparated,60,0.95,mixture/0.2/9/5/18
0.2,9,19,400,constant,0.15750000000000008,0.11852295254024958,0.193903296795079,separated,60,0.95,mixture/0.2/9/5/19
0.2,9,19,1000,constant,0.17616666666666692,0.15564906230361564,0.1966842710297182,separated,60,0.95,mixture/0.2/9/5/19
0.2,10,0,400,constant,-0.3800833333333331,-0.4493804472510418,-0.31524735042308344,nonseparated,60,0.95,mixture/0.2/10/5/0
0.2,10,0,1000,constant,-0.3667999999999997,-0.42712913688990983,-0.322342960596732,nonseparated,60,0.95,mixture/0.2/10/5/0
0.2,10,1,400,constant,-0.08841666666666692,-0.1364821416432228,-0.06923548606293461,nonseparated,60,0.95,mixture/0.2/10/5/1
0.2,10,1,1000,constant,-0.07616666666666672,-0.08951483020751982,-0.06281850312581361,nonseparated,60,0.95,mixture/0.2/10/5/1
0.2,10,2,400,constant,-0.025083333333333457,-0.06700083796266765,0.014576815762761597,uncertain,60,0.95,mixture/0.2/10/5/2
0.2,10,2,1000,constant,-0.0041999999999997595,-0.030291973039155207,0.021891973039155688,uncertain,60,0.95,mixture/0.2/10/5/2
0.2,10,3,400,constant,-0.07416666666666649,-0.10606561854432106,-0.04226771478901192,nonseparated,60,0.95,mixture/0.2/10/5/3
0.2,10,3,1000,constant,-0.06559999999999999,-0.0839264430792882,-0.04727355692071178,nonseparated,60,0.95,mixture/0.2/10/5/3
0.2,10,4,400,constant,0.07241666666666668,0.0011056528279889122,0.14372768050534446,separated,60,0.95,mixture/0.2/10/5/4
0.2,10,4,1000,constant,0.12490000000000012,0.08988233793942668,0.15991766206057356,separated,60,0.95,mixture/0.2/10/5/4
0.2,10,5,400,constant,0.07558333333333356,0.006040151469551613,0.14345152415172246,separated,60,0.95,mixture/0.2/10/5/5
0.2,10,5,1000,constant,0.08383333333333332,0.043534338935825034,0.1241323277308416,separated,60,0.95,mixture/0.2/10/5/5
0.2,10,6,400,constant,-0.23141666666666694,-0.2675782501268027,-0.19525508320653118,nonseparated,60,0.95,mixture/0.2/10/5/6
0.2,10,6,1000,constant,-0.21796666666666648,-0.24138438663416756,-0.1945489466991654,nonseparated,60,0.95,mixture/0.2/10/5/6
0.2,10,7,400,constant,0.04474999999999962,-0.02544169321231493,0.0747868045666169,uncertain,60,0.95,mixture/0.2/10/5/7
0.2,10,7,1000,constant,0.04826666666666646,0.030838145716965193,0.06569518761636772,separated,60,0.95,mixture/0.2/10/5/7
0.2,10,8,400,constant,-0.041999999999999815,-0.11275324012015331,0.028753240120153678,uncertain,60,0.95,mixture/0.2/10/5/8
0.2,10,8,1000,constant,0.014133333333333775,-0.025731115108079794,0.053997781774747344,uncertain,60,0.95,mixture/0.2/10/5/8
0.2,10,9,400,constant,-0.01508333333333356,-0.08703200802407407,0.02751512764807662,uncertain,60,0.95,mixture/0.2/10/5/9
0.2,10,9,1000,constant,0.013133333333332997,-0.009244819563066442,0.026115772816441507,uncertain,60,0.95,mixture/0.2/10/5/9
0.2,10,10,400,constant,-0.17249999999999976,-0.2886152486373763,-0.07660288496319534,nonseparated,60,0.95,mixture/0.2/10/5/10
0.2,10,10,1000,constant,-0.1774666666666665,-0.22825746347318915,-0.1317452127099955,nonseparated,60,0.95,mixture/0.2/10/5/10
0.2,10,11,400,constant,-0.048083333333333034,-0.09381885656101918,-0.002347810105646886,nonseparated,60,0.95,mixture/0.2/10/5/11
0.2,10,11,1000,constant,-0.02210000000000012,-0.049320445559951076,-0.001511925365862643,nonseparated,60,0.95,mixture/0.2/10/5/11
0.2,10,12,400,constant,0.05466666666666664,0.011479597656024354,0.09785373567730893,separated,60,0.95,mixture/0.2/10/5/12
0.2,10,12,1000,constant,0.09773333333333312,0.07666216192983932,0.11880450473682691,separated,60,0.95,mixture/0.2/10/5/12
0.2,10,13,400,constant,-0.26266666666666644,-0.31776157301108077,-0.2075717603222521,nonseparated,60,0.95,mixture/0.2/10/5/13
0.2,10,13,1000,constant,-0.25386666666666646,-0.29037895345657305,-0.21735437987675987,nonseparated,60,0.95,mixture/0.2/10/5/13
0.2,10,14,400,constant,-0.050499999999999656,-0.08055569792940209,-0.02044430207059722,nonseparated,60,0.95,mixture/0.2/10/5/14
0.2,10,14,1000,constant,-0.027566666666667183,-0.04383590049268071,-0.011297432840653654,nonseparated,60,0.95,mixture/0.2/10/5/14
0.2,10,15,400,constant,-0.07325000000000004,-0.10451975579257056,-0.04198024420742952,nonseparated,60,0.95,mixture/0.2/10/5/15
0.2,10,15,1000,constant,-0.056566666666666654,-0.07473875907384331,-0.03839457425949,nonseparated,60,0.95,mixture/0.2/10/5/15
0.2,10,16,400,constant,0.07783333333333331,0.04430096707034026,0.11136569959632636,separated,60,0.95,mixture/0.2/10/5/16
0.2,10,16,1000,constant,0.08563333333333367,0.06413002868303963,0.10713663798362771,separated,60,0.95,mixture/0.2/10/5/16
0.2,10,17,400,constant,0.07799999999999985,0.025604246899821215,0.13039575310017848,separated,60,0.95,mixture/0.2/10/5/17
0.2,10,17,1000,constant,0.10953333333333315,0.08235196648588194,0.13671470018078435,separated,60,0.95,mixture/0.2/10/5/17
0.2,10,18,400,constant,-0.06499999999999995,-0.15541542928251406,-0.021768449661282996,nonseparated,60,0.95,mixture/0.2/10/5/18
0.2,10,18,1000,constant,-0.04393333333333316,-0.10715560274676061,-0.0012959713671816253,nonseparated,60,0.95,mixture/0.2/10/5/18
0.2,10,19,400,constant,0.09291666666666687,0.02655213587121008,0.15928119746212366,separated,60,0.95,mixture/0.2/10/5/19
0.2,10,19,1000,constant,0.10213333333333341,0.06029073188577372,0.1439759347808931,separated,60,0.95,mixture/0.2/10/5/19
0.3,2,0,400,constant,0.19341666666666668,0.15314103434452542,0.23369229898880794,separated,60,0.95,mixture/0.3/2/5/0
0.3,2,0,1000,constant,0.20186666666666664,0.17908685773445454,0.22464647559887874,separated,60,0.95,mixture/0.3/2/5/0
0.3,2,1,400,constant,0.4061666666666669,0.38664529829418504,0.42568803503914876,separated,60,0.95,mixture/0.3/2/5/1
0.3,2,1,1000,constant,0.3994666666666664,0.38978308989635746,0.40915024343697537,separated,60,0.95,mixture/0.3/2/5/1
0.3,2,2,400,constant,0.4945000000000004,0.4710970837438606,0.5179029162561402,separated,60,0.95,mixture/0.3/2/5/2
0.3,2,2,1000,constant,0.4989333333333339,0.48401660367949517,0.5138500629871726,separated,60,0.95,mixture/0.3/2/5/2
0.3,2,3,400,constant,0.23683333333333323,0.21987850173093304,0.2537881649357334,separated,60,0.95,mixture/0.3/2/5/3
0.3,2,3,1000,constant,0.24826666666666686,0.23935248723646763,0.2571808460968661,separated,60,0.95,mixture/0.3/2/5/3
0.3,2,4,400,constant,0.1553333333333331,0.14340402644288108,0.16726264022378512,separated,60,0.95,mixture/0.3/2/5/4
0.3,2,4,1000,constant,0.16193333333333326,0.15369080642862842,0.1701758602380381,separated,60,0.95,mixture/0.3/2/5/4
0.3,2,5,400,constant,0.8482499999999997,0.8281430636427033,0.8683569363572962,separated,60,0.95,mixture/0.3/2/5/5
0.3,2,5,1000,constant,0.8544333333333333,0.8434750340732909,0.8653916325933756,separated,60,0.95,mixture/0.3/2/5/5
0.3,2,6,400,constant,0.348916666666667,0.33252694062148946,0.3653063927118445,separated,60,0.95,mixture/0.3/2/5/6
0.3,2,6,1000,constant,0.3542333333333334,0.34430161951669946,0.36416504714996734,separated,60,0.95,mixture/0.3/2/5/6
0.3,2,7,400,constant,0.44666666666666666,0.4220875791505112,0.4712457541828221,separated,60,0.95,mixture/0.3/2/5/7
0.3,2,7,1000,constant,0.44776666666666665,0.4343673150950692,0.4611660182382641,separated,60,0.95,mixture/0.3/2/5/7
0.3,2,8,400,constant,0.19658333333333333,0.1756237060509721,0.21754296061569456,separated,60,0.95,mixture/0.3/2/5/8
0.3,2,8,1000,constant,0.19706666666666672,0.18395978914295563,0.21017354419037781,separated,60,0.95,mixture/0.3/2/5/8
0.3,2,9,400,constant,0.6346666666666666,0.5881245402124989,0.6719997042129806,separated,60,0.95,mixture/0.3/2/5/9
0.3,2,9,1000,constant,0.6643000000000001,0.6496012183530746,0.6789987816469255,separated,60,0.95,mixture/0.3/2/5/9
0.3,2,10,400,constant,0.23508333333333364,0.21924715496449032,0.25091951170217697,separated,60,0.95,mixture/0.3/2/5/10
0.3,2,10,1000,constant,0.237933333333333,0.2296392164713802,0.2462274501952858,separated,60,0.95,mixture/0.3/2/5/10
0.3,2,11,400,constant,0.630083333333333,0.6025201922844301,0.6576464743822359,separated,60,0.95,mixture/0.3/2/5/11
0.3,2,11,1000,constant,0.6438333333333335,0.6274575320388716,0.6602091346277954,separated,60,0.95,mixture/0.3/2/5/11
0.3,2,12,400,constant,0.7855833333333332,0.7608095443977504,0.810357122268916,separated,60,0.95,mixture/0.3/2/5/12
0.3,2,12,1000,constant,0.7960000000000003,0.7810426204521076,0.8109573795478929,separated,60,0.95,mixture/0.3/2/5/12
0.3,2,13,400,constant,0.28591666666666693,0.2662246040234134,0.30560872930992045,separated,60,0.95,mixture/0.3/2/5/13
0.3,2,13,1000,constant,0.2897666666666663,0.27977943766771207,0.2997538956656205,separated,60,0.95,mixture/0.3/2/5/13
0.3,2,14,400,constant,0.47783333333333333,0.4413751902280174,0.5142914764386493,separated,60,0.95,mixture/0.3/2/5/14
0.3,2,14,1000,constant,0.4980333333333331,0.4777495216611408,0.5183171450055254,separated,60,0.95,mixture/0.3/2/5/14
0.3,2,15,400,constant,0.32566666666666666,0.3103582630402699,0.3409750702930634,separated,60,0.95,mixture/0.3/2/5/15
0.3,2,15,1000,constant,0.32843333333333335,0.3197452041749863,0.3371214624916804,separated,60,0.95,mixture/0.3/2/5/15
0.3,2,16,400,constant,0.6849999999999998,0.6329426454556638,0.7370573545443359,separated,60,0.95,mixture/0.3/2/5/16
0.3,2,16,1000,constant,0.7312666666666662,0.7031095108707872,0.7594238224625451,separated,60,0.95,mixture/0.3/2/5/16
0.3,2,17,400,constant,0.26725000000000076,0.24347568323791657,0.29102431676208496,separated,60,0.95,mixture/0.3/2/5/17
0.3,2,17,1000,constant,0.28173333333333295,0.2672500043125058,0.2962166623541601,separated,60,0.95,mixture/0.3/2/5/17
0.3,2,18,400,constant,0.3825833333333334,0.35719723283422333,0.40796943383244344,separated,60,0.95,mixture/0.3/2/5/18
0.3,2,18,1000,constant,0.4071666666666667,0.39253799326514527,0.4217953400681881,separated,60,0.95,mixture/0.3/2/5/18
0.3,2,19,400,constant,0.35716666666666663,0.30564489246317694,0.4086884408701563,separated,60,0.95,mixture/0.3/2/5/19
0.3,2,19,1000,constant,0.37236666666666673,0.3456317269279132,0.39910160640542025,separated,60,0.95,mixture/0.3/2/5/19
0.3,3,0,400,constant,0.25275000000000025,0.2234172777860084,0.2820827222139921,separated,60,0.95,mixture/0.3/3/5/0
0.3,3,0,1000,constant,0.26636666666666675,0.24793993000924663,0.28479340332408687,separated,60,0.95,mixture/0.3/3/5/0
0.3,3,1,400,constant,0.3340000000000001,0.3138357016480414,0.35416429835195873,separated,60,0.95,mixture/0.3/3/5/1
0.3,3,1,1000,constant,0.3354333333333332,0.3233324363670004,0.347534230299666,separated,60,0.95,mixture/0.3/3/5/1
0.3,3,2,400,constant,0.12341666666666673,0.09439432050247931,0.15243901283085415,separated,60,0.95,mixture/0.3/3/5/2
0.3,3,2,1000,constant,0.13973333333333315,0.12293879126931029,0.15652787539735602,separated,60,0.95,mixture/0.3/3/5/2
0.3,3,3,400,constant,0.36100000000000043,0.3210595027479053,0.4009404972520956,separated,60,0.95,mixture/0.3/3/5/3
0.3,3,3,1000,constant,0.38470000000000026,0.36161663185021276,0.4077833681497878,separated,60,0.95,mixture/0.3/3/5/3
0.3,3,4,400,constant,0.2800833333333336,0.23736272206916653,0.3228039445975005,separated,60,0.95,mixture/0.3/3/5/4
0.3,3,4,1000,constant,0.2889333333333334,0.26479795781973114,0.3130687088469356,separated,60,0.95,mixture/0.3/3/5/4
0.3,3,5,400,constant,0.22658333333333291,0.1929421831498198,0.260224483516846,separated,60,0.95,mixture/0.3/3/5/5
0.3,3,5,1000,constant,0.2532666666666664,0.2309670956648674,0.27556623766846544,separated,60,0.95,mixture/0.3/3/5/5
0.3,3,6,400,constant,0.30558333333333354,0.2766424571190603,0.33452420954760675,separated,60,0.95,mixture/0.3/3/5/6
0.3,3,6,1000,constant,0.3147333333333332,0.29931872837088536,0.33014793829578104,separated,60,0.95,mixture/0.3/3/5/6
0.3,3,7,400,constant,0.1419166666666667,0.12252058293259149,0.1613127504007419,separated,60,0.95,mixture/0.3/3/5/7
0.3,3,7,1000,constant,0.14426666666666677,0.13361312503328038,0.15492020830005315,separated,60,0.95,mixture/0.3/3/5/7
0.3,3,8,400,constant,0.30433333333333323,0.27642712635820355,0.3322395403084629,separated,60,0.95,mixture/0.3/3/5/8
0.3,3,8,1000,constant,0.3098666666666663,0.2931710449848739,0.3265622883484587,separated,60,0.95,mixture/0.3/3/5/8
0.3,3,9,400,constant,0.8749999999999998,0.837383581832491,0.9126164181675087,separated,60,0.95,mixture/0.3/3/5/9
0.3,3,9,1000,constant,0.8843000000000002,0.8610625805927137,0.9075374194072867,separated,60,0.95,mixture/0.3/3/5/9
0.3,3,10,400,constant,0.2374166666666666,0.2118105904324491,0.2630227429008841,separated,60,0.95,mixture/0.3/3/5/10
0.3,3,10,1000,constant,0.24886666666666646,0.23473884480865403,0.2629944885246789,separated,60,0.95,mixture/0.3/3/5/10
0.3,3,11,400,constant,0.23641666666666683,0.2132686856231476,0.25956464771018606,separated,60,0.95,mixture/0.3/3/5/11
0.3,3,11,1000,constant,0.23673333333333302,0.22180393112374608,0.2516627355429199,separated,60,0.95,mixture/0.3/3/5/11
0.3,3,12,400,constant,0.24224999999999974,0.21791093834820063,0.264247376816686,separated,60,0.95,mixture/0.3/3/5/12
0.3,3,12,1000,constant,0.24956666666666671,0.23446628429275052,0.26464194896097315,separated,60,0.95,mixture/0.3/3/5/12
0.3,3,13,400,constant,0.31491666666666696,0.2858627631746773,0.3439705701586566,separated,60,0.95,mixture/0.3/3/5/13
0.3,3,13,1000,constant,0.33416666666666683,0.3190639259596023,0.34926940737373136,separated,60,0.95,mixture/0.3/3/5/13
0.3,3,14,400,constant,0.09524999999999983,0.07128590067836016,0.11921409932163951,separated,60,0.95,mixture/0.3/3/5/14
0.3,3,14,1000,constant,0.09903333333333297,0.08522327324617307,0.11284339342049288,separated,60,0.95,mixture/0.3/3/5/14
0.3,3,15,400,constant,0.3524166666666668,0.33210862940944896,0.3727247039238847,separated,60,0.95,mixture/0.3/3/5/15
0.3,3,15,1000,constant,0.36506666666666643,0.35132482929422637,0.3788085040391065,separated,60,0.95,mixture/0.3/3/5/15
0.3,3,16,400,constant,0.19425000000000003,0.18030411219141618,0.2081958878085839,separated,60,0.95,mixture/0.3/3/5/16
0.3,3,16,1000,constant,0.20016666666666627,0.1917997972249169,0.20853353610841563,separated,60,0.95,mixture/0.3/3/5/16
0.3,3,17,400,constant,0.23891666666666667,0.20995989568518347,0.26787343764814986,separated,60,0.95,mixture/0.3/3/5/17
0.3,3,17,1000,constant,0.25763333333333327,0.23965171592005918,0.27561495074660736,separated,60,0.95,mixture/0.3/3/5/17
0.3,3,18,400,constant,0.21583333333333343,0.1835300999719316,0.24177433185558728,separated,60,0.95,mixture/0.3/3/5/18
0.3,3,18,1000,constant,0.2181333333333335,0.19752660603198258,0.23275839655751585,separated,60,0.95,mixture/0.3/3/5/18
0.3,3,19,400,constant,0.16316666666666668,0.12526448973310667,0.2010688436002267,separated,60,0.95,mixture/0.3/3/5/19
0.3,3,19,1000,constant,0.18766666666666665,0.16324162141244225,0.21209171192089105,separated,60,0.95,mixture/0.3/3/5/19
0.3,4,0,400,constant,0.23599999999999988,0.2086559911395519,0.26334400886044784,separated,60,0.95,mixture/0.3/4/5/0
0.3,4,0,1000,constant,0.23903333333333343,0.22183327052964108,0.2562333961370258,separated,60,0.95,mixture/0.3/4/5/0
0.3,4,1,400,constant,0.3189166666666663,0.29205400796170045,0.34577932537163214,separated,60,0.95,mixture/0.3/4/5/1
0.3,4,1,1000,constant,0.3338666666666664,0.3191796527934767,0.34855368053985614,separated,60,0.95,mixture/0.3/4/5/1
0.3,4,2,400,constant,0.19924999999999993,0.16338773186098698,0.23511226813901287,separated,60,0.95,mixture/0.3/4/5/2
0.3,4,2,1000,constant,0.23726666666666663,0.21804056377514358,0.2514227008940251,separated,60,0.95,mixture/0.3/4/5/2
0.3,4,3,400,constant,0.4378333333333332,0.41450703360680297,0.4611596330598634,separated,60,0.95,mixture/0.3/4/5/3
0.3,4,3,1000,constant,0.44146666666666634,0.42777911109427535,0.4551542222390573,separated,60,0.95,mixture/0.3/4/5/3
0.3,4,4,400,constant,0.13216666666666677,0.10831386422555123,0.1560194691077823,separated,60,0.95,mixture/0.3/4/5/4
0.3,4,4,1000,constant,0.13529999999999986,0.12285396964583695,0.14774603035416278,separated,60,0.95,mixture/0.3/4/5/4
0.3,4,5,400,constant,0.5342499999999999,0.5144768740786447,0.554023125921355,separated,60,0.95,mixture/0.3/4/5/5
0.3,4,5,1000,constant,0.5387666666666665,0.5266129005288127,0.5509204328045203,separated,60,0.95,mixture/0.3/4/5/5
0.3,4,6,400,constant,0.12591666666666668,0.10310498349136044,0.14872834984197292,separated,60,0.95,mixture/0.3/4/5/6
0.3,4,6,1000,constant,0.1418333333333328,0.12778735208295888,0.15587931458370674,separated,60,0.95,mixture/0.3/4/5/6
0.3,4,7,400,constant,0.1301666666666662,0.11397722654848441,0.146356106784848,separated,60,0.95,mixture/0.3/4/5/7
0.3,4,7,1000,constant,0.13,0.12120541900170245,0.13879458099829756,separated,60,0.95,mixture/0.3/4/5/7
0.3,4,8,400,constant,0.1845833333333331,0.16362970285355716,0.20553696381310904,separated,60,0.95,mixture/0.3/4/5/8
0.3,4,8,1000,constant,0.19040000000000024,0.1785019469659509,0.20229805303404957,separated,60,0.95,mixture/0.3/4/5/8
0.3,4,9,400,constant,0.23333333333333317,0.20357027848514508,0.26309638818152126,separated,60,0.95,mixture/0.3/4/5/9
0.3,4,9,1000,constant,0.24549999999999994,0.2275340807435523,0.2590855801750015,separated,60,0.95,mixture/0.3/4/5/9
0.3,4,10,400,constant,-0.03925000000000012,-0.06433362572172696,-0.014166374278273275,nonseparated,60,0.95,mixture/0.3/4/5/10
0.3,4,10,1000,constant,-0.03070000000000006,-0.046544702816758377,-0.014855297183241745,nonseparated,60,0.95,mixture/0.3/4/5/10
0.3,4,11,400,constant,0.04491666666666705,0.022183540626543152,0.06764979270679095,separated,60,0.95,mixture/0.3/4/5/11
0.3,4,11,1000,constant,0.05846666666666678,0.04473575643812455,0.072197576895209,separated,60,0.95,mixture/0.3/4/5/11
0.3,4,12,400,constant,0.21066666666666678,0.19118486215149544,0.23014847118183812,separated,60,0.95,mixture/0.3/4/5/12
0.3,4,12,1000,constant,0.21936666666666682,0.20744451073004644,0.2312888226032872,separated,60,0.95,mixture/0.3/4/5/12
0.3,4,13,400,constant,0.12241666666666673,0.10791014220599127,0.1369231911273422,separated,60,0.95,mixture/0.3/4/5/13
0.3,4,13,1000,constant,0.1286666666666667,0.12033343260268747,0.13699990073064594,separated,60,0.95,mixture/0.3/4/5/13
0.3,4,14,400,constant,0.1218333333333329,0.09894425379561855,0.14472241287104726,separated,60,0.95,mixture/0.3/4/5/14
0.3,4,14,1000,constant,0.12826666666666697,0.1155056515249675,0.14102768180836645,separated,60,0.95,mixture/0.3/4/5/14
0.3,4,15,400,constant,0.18716666666666648,0.14849854811872532,0.22583478521460765,separated,60,0.95,mixture/0.3/4/5/15
0.3,4,15,1000,constant,0.192433333333333,0.17072583006359787,0.21414083660306815,separated,60,0.95,mixture/0.3/4/5/15
0.3,4,16,400,constant,0.3324999999999997,0.30083200897642814,0.3641679910235712,separated,60,0.95,mixture/0.3/4/5/16
0.3,4,16,1000,constant,0.3459000000000003,0.32681388426938873,0.3649861157306119,separated,60,0.95,mixture/0.3/4/5/16
0.3,4,17,400,constant,0.013666666666666938,-0.024264546844556256,0.05159788017789013,uncertain,60,0.95,mixture/0.3/4/5/17
0.3,4,17,1000,constant,0.04093333333333382,0.02018831729334669,0.06167834937332095,separated,60,0.95,mixture/0.3/4/5/17
0.3,4,18,400,constant,0.21983333333333377,0.20527215173699298,0.23439451492967456,separated,60,0.95,mixture/0.3/4/5/18
0.3,4,18,1000,constant,0.22409999999999997,0.2147181726141426,0.23348182738585732,separated,60,0.95,mixture/0.3/4/5/18
0.3,4,19,400,constant,0.12108333333333332,0.10308709157003038,0.13907957509663627,separated,60,0.95,mixture/0.3/4/5/19
0.3,4,19,1000,constant,0.12469999999999992,0.11394211630576201,0.13545788369423784,separated,60,0.95,mixture/0.3/4/5/19
0.3,5,0,400,constant,0.20799999999999996,0.18463281164355105,0.23136718835644887,separated,60,0.95,mixture/0.3/5/5/0
0.3,5,0,1000,constant,0.22183333333333355,0.20591583270403968,0.23775083396262742,separated,60,0.95,mixture/0.3/5/5/0
0.3,5,1,400,constant,0.16308333333333325,0.13291939900401895,0.19324726766264755,separated,60,0.95,mixture/0.3/5/5/1
0.3,5,1,1000,constant,0.17899999999999994,0.16299628659206666,0.1950037134079332,separated,60,0.95,mixture/0.3/5/5/1
0.3,5,2,400,constant,0.09133333333333371,0.07023570961567926,0.11243095705098816,separated,60,0.95,mixture/0.3/5/5/2
0.3,5,2,1000,constant,0.0944999999999997,0.08397122088013897,0.10502877911986042,separated,60,0.95,mixture/0.3/5/5/2
0.3,5,3,400,constant,0.032583333333333186,0.0008453773947517673,0.0643212892719146,separated,60,0.95,mixture/0.3/5/5/3
0.3,5,3,1000,constant,0.046233333333333015,0.026599930158882512,0.06586673650778352,separated,60,0.95,mixture/0.3/5/5/3
0.3,5,4,400,constant,0.22016666666666662,0.19065581885513094,0.2496775144782023,separated,60,0.95,mixture/0.3/5/5/4
0.3,5,4,1000,constant,0.22319999999999995,0.20341724539159556,0.24298275460840435,separated,60,0.95,mixture/0.3/5/5/4
0.3,5,5,400,constant,0.08024999999999993,0.059346385562663695,0.10115361443733617,separated,60,0.95,mixture/0.3/5/5/5
0.3,5,5,1000,constant,0.08816666666666606,0.07728705747558384,0.09904627585774828,separated,60,0.95,mixture/0.3/5/5/5
0.3,5,6,400,constant,0.08008333333333373,0.04926165903984703,0.11090500762682043,separated,60,0.95,mixture/0.3/5/5/6
0.3,5,6,1000,constant,0.08166666666666689,0.06540135059015695,0.09793198274317683,separated,60,0.95,mixture/0.3/5/5/6
0.3,5,7,400,constant,0.20824999999999994,0.18594105666961047,0.2305589433303894,separated,60,0.95,mixture/0.3/5/5/7
0.3,5,7,1000,constant,0.20986666666666653,0.1938686644248997,0.22586466890843337,separated,60,0.95,mixture/0.3/5/5/7
0.3,5,8,400,constant,0.25158333333333316,0.22774677100811702,0.2754198956585493,separated,60,0.95,mixture/0.3/5/5/8
0.3,5,8,1000,constant,0.27069999999999983,0.2552461405123997,0.28615385948759997,separated,60,0.95,mixture/0.3/5/5/8
0.3,5,9,400,constant,0.1385000000000003,0.12143617455959965,0.15556382544040093,separated,60,0.95,mixture/0.3/5/5/9
0.3,5,9,1000,constant,0.1384000000000003,0.12790557597028718,0.14889442402971342,separated,60,0.95,mixture/0.3/5/5/9
0.3,5,10,400,constant,0.18699999999999983,0.1629780261590965,0.21102197384090315,separated,60,0.95,mixture/0.3/5/5/10
0.3,5,10,1000,constant,0.19086666666666652,0.17696950589586147,0.20476382743747157,separated,60,0.95,mixture/0.3/5/5/10
0.3,5,11,400,constant,0.1695000000000002,0.1385002019261633,0.2004997980738371,separated,60,0.95,mixture/0.3/5/5/11
0.3,5,11,1000,constant,0.18186666666666673,0.1648450946893404,0.19888823864399308,separated,60,0.95,mixture/0.3/5/5/11
0.3,5,12,400,constant,0.20024999999999982,0.17726479244217375,0.2194953220132887,separated,60,0.95,mixture/0.3/5/5/12
0.3,5,12,1000,constant,0.2068333333333332,0.19414970466595605,0.2174793620682829,separated,60,0.95,mixture/0.3/5/5/12
0.3,5,13,400,constant,0.10958333333333303,0.09017572948893249,0.12899093717773358,separated,60,0.95,mixture/0.3/5/5/13
0.3,5,13,1000,constant,0.10986666666666622,0.09881617504342932,0.12057862588664614,separated,60,0.95,mixture/0.3/5/5/13
0.3,5,14,400,constant,0.13324999999999998,0.10790662694752717,0.15859337305247279,separated,60,0.95,mixture/0.3/5/5/14
0.3,5,14,1000,constant,0.14906666666666668,0.13370454010077826,0.1644287932325551,separated,60,0.95,mixture/0.3/5/5/14
0.3,5,15,400,constant,0.08641666666666681,0.061892544857299336,0.11094078847603428,separated,60,0.95,mixture/0.3/5/5/15
0.3,5,15,1000,constant,0.09433333333333349,0.08000384482983292,0.10866282183683407,separated,60,0.95,mixture/0.3/5/5/15
0.3,5,16,400,constant,0.12100000000000011,0.07692088496500649,0.16507911503499373,separated,60,0.95,mixture/0.3/5/5/16
0.3,5,16,1000,constant,0.1292333333333332,0.1054966493632602,0.1529700173034062,separated,60,0.95,mixture/0.3/5/5/16
0.3,5,17,400,constant,0.11408333333333331,0.09774488271366011,0.13042178395300652,separated,60,0.95,mixture/0.3/5/5/17
0.3,5,17,1000,constant,0.11646666666666672,0.10643767383608704,0.1264956594972464,separated,60,0.95,mixture/0.3/5/5/17
0.3,5,18,400,constant,0.036583333333333634,0.01862131149442392,0.05454535517224335,separated,60,0.95,mixture/0.3/5/5/18
0.3,5,18,1000,constant,0.04643333333333299,0.035542830895790356,0.05732383577087563,separated,60,0.95,mixture/0.3/5/5/18
0.3,5,19,400,constant,0.2024166666666669,0.1753967572725632,0.22943657606077061,separated,60,0.95,mixture/0.3/5/5/19
0.3,5,19,1000,constant,0.2047333333333331,0.18772034339696975,0.22174632326969645,separated,60,0.95,mixture/0.3/5/5/19
0.3,6,0,400,constant,0.02591666666666692,-0.0004491264400424688,0.05228245977337631,uncertain,60,0.95,mixture/0.3/6/5/0
0.3,6,0,1000,constant,0.03746666666666698,0.022684775685852032,0.05224855764748193,separated,60,0.95,mixture/0.3/6/5/0
0.3,6,1,400,constant,-0.13508333333333378,-0.1790485764266755,-0.09111809023999207,nonseparated,60,0.95,mixture/0.3/6/5/1
0.3,6,1,1000,constant,-0.11540000000000006,-0.1390585775625286,-0.09174142243747152,nonseparated,60,0.95,mixture/0.3/6/5/1
0.3,6,2,400,constant,0.07066666666666666,0.04663316322293087,0.09470017011040244,separated,60,0.95,mixture/0.3/6/5/2
0.3,6,2,1000,constant,0.0742666666666667,0.05928198575460597,0.08925134757872744,separated,60,0.95,mixture/0.3/6/5/2
0.3,6,3,400,constant,0.02766666666666684,-0.016468866575218954,0.07180219990855263,uncertain,60,0.95,mixture/0.3/6/5/3
0.3,6,3,1000,constant,0.04863333333333342,0.023246676590526594,0.07401999007614024,separated,60,0.95,mixture/0.3/6/5/3
0.3,6,4,400,constant,0.16316666666666668,0.14495272707789786,0.1813806062554355,separated,60,0.95,mixture/0.3/6/5/4
0.3,6,4,1000,constant,0.16613333333333324,0.15272854909732902,0.17741260617644106,separated,60,0.95,mixture/0.3/6/5/4
0.3,6,5,400,constant,0.11024999999999963,0.0914377283112423,0.12906227168875695,separated,60,0.95,mixture/0.3/6/5/5
0.3,6,5,1000,constant,0.11850000000000016,0.10804565336781002,0.1289543466321903,separated,60,0.95,mixture/0.3/6/5/5
0.3,6,6,400,constant,0.23675000000000002,0.2076243415341752,0.26587565846582484,separated,60,0.95,mixture/0.3/6/5/6
0.3,6,6,1000,constant,0.25736666666666674,0.23967473292401986,0.2750586004093136,separated,60,0.95,mixture/0.3/6/5/6
0.3,6,7,400,constant,0.1408333333333336,0.12245928399183248,0.1592073826748347,separated,60,0.95,mixture/0.3/6/5/7
0.3,6,7,1000,constant,0.14886666666666604,0.13777651013779357,0.15967169264104975,separated,60,0.95,mixture/0.3/6/5/7
0.3,6,8,400,constant,0.01491666666666669,-0.0061246156774854565,0.035957949010818835,uncertain,60,0.95,mixture/0.3/6/5/8
0.3,6,8,1000,constant,0.032999999999999585,0.020431511336519215,0.045568488663479956,separated,60,0.95,mixture/0.3/6/5/8
0.3,6,9,400,constant,0.08566666666666667,0.06689036615061772,0.10444296718271562,separated,60,0.95,mixture/0.3/6/5/9
0.3,6,9,1000,constant,0.09310000000000018,0.08232952808860006,0.10387047191140031,separated,60,0.95,mixture/0.3/6/5/9
0.3,6,10,400,constant,-0.24758333333333338,-0.297110893357103,-0.19805577330956375,nonseparated,60,0.95,mixture/0.3/6/5/10
0.3,6,10,1000,constant,-0.24623333333333336,-0.27735733743756336,-0.21510932922910336,nonseparated,60,0.95,mixture/0.3/6/5/10
0.3,6,11,400,constant,-0.08716666666666661,-0.11462079754024568,-0.05971253579308755,nonseparated,60,0.95,mixture/0.3/6/5/11
0.3,6,11,1000,constant,-0.07673333333333321,-0.09420033034662634,-0.05926633632004008,nonseparated,60,0.95,mixture/0.3/6/5/11
0.3,6,12,400,constant,0.06441666666666646,0.041204232533830765,0.08762910079950215,separated,60,0.95,mixture/0.3/6/5/12
0.3,6,12,1000,constant,0.06373333333333331,0.05226895381264429,0.07519771285402232,separated,60,0.95,mixture/0.3/6/5/12
0.3,6,13,400,constant,0.024000000000000687,0.006726173265674262,0.04127382673432711,separated,60,0.95,mixture/0.3/6/5/13
0.3,6,13,1000,constant,0.02959999999999996,0.019529846668731254,0.039670153331268665,separated,60,0.95,mixture/0.3/6/5/13
0.3,6,14,400,constant,0.13558333333333372,0.11503827899462638,0.15612838767204107,separated,60,0.95,mixture/0.3/6/5/14
0.3,6,14,1000,constant,0.14876666666666682,0.13789970452226985,0.1596336288110638,separated,60,0.95,mixture/0.3/6/5/14
0.3,6,15,400,constant,-0.06799999999999995,-0.09406865107599693,-0.041931348924002965,nonseparated,60,0.95,mixture/0.3/6/5/15
0.3,6,15,1000,constant,-0.061333333333333906,-0.07752037100312781,-0.045146295663540004,nonseparated,60,0.95,mixture/0.3/6/5/15
0.3,6,16,400,constant,0.09458333333333357,0.07571516660680655,0.1134515000598606,separated,60,0.95,mixture/0.3/6/5/16
0.3,6,16,1000,constant,0.09513333333333307,0.08391134743689821,0.10635531922976793,separated,60,0.95,mixture/0.3/6/5/16
0.3,6,17,400,constant,0.07908333333333306,0.05129966739409031,0.10686699927257581,separated,60,0.95,mixture/0.3/6/5/17
0.3,6,17,1000,constant,0.09959999999999969,0.08385279188639705,0.11534720811360233,separated,60,0.95,mixture/0.3/6/5/17
0.3,6,18,400,constant,0.19274999999999998,0.1477440815291554,0.22518229572329695,separated,60,0.95,mixture/0.3/6/5/18
0.3,6,18,1000,constant,0.20016666666666671,0.17281894945771925,0.2241441943301139,separated,60,0.95,mixture/0.3/6/5/18
0.3,6,19,400,constant,0.14300000000000013,0.12313607364671975,0.1628639263532805,separated,60,0.95,mixture/0.3/6/5/19
0.3,6,19,1000,constant,0.14726666666666677,0.13602555264684935,0.1585077806864842,separated,60,0.95,mixture/0.3/6/5/19
0.3,7,0,400,constant,0.13299999999999979,0.09851108052540447,0.1674889194745951,separated,60,0.95,mixture/0.3/7/5/0
0.3,7,0,1000,constant,0.13196666666666623,0.10935510473723264,0.15457822859609982,separated,60,0.95,mixture/0.3/7/5/0
0.3,7,1,400,constant,0.12633333333333363,0.09797253146284124,0.15469413520382602,separated,60,0.95,mixture/0.3/7/5/1
0.3,7,1,1000,constant,0.1300333333333331,0.11300442032632141,0.14706224634034482,separated,60,0.95,mixture/0.3/7/5/1
0.3,7,2,400,constant,0.015666666666666718,-0.023929172541959476,0.05526250587529291,uncertain,60,0.95,mixture/0.3/7/5/2
0.3,7,2,1000,constant,0.03946666666666687,0.018774709003197665,0.06015862433013608,separated,60,0.95,mixture/0.3/7/5/2
0.3,7,3,400,constant,0.09183333333333377,0.0572020913549689,0.12646457531169863,separated,60,0.95,mixture/0.3/7/5/3
0.3,7,3,1000,constant,0.10863333333333369,0.08779053916251756,0.12947612750414983,separated,60,0.95,mixture/0.3/7/5/3
0.3,7,4,400,constant,0.012916666666666687,-0.019640877245506227,0.0454742105788396,uncertain,60,0.95,mixture/0.3/7/5/4
0.3,7,4,1000,constant,0.024666666666666615,0.005591284073280356,0.04374204926005287,separated,60,0.95,mixture/0.3/7/5/4
0.3,7,5,400,constant,0.12283333333333335,0.023831519456214978,0.20237153876626912,separated,60,0.95,mixture/0.3/7/5/5
0.3,7,5,1000,constant,0.12826666666666664,0.062448931787365436,0.19023829886399024,separated,60,0.95,mixture/0.3/7/5/5
0.3,7,6,400,constant,0.1532500000000001,0.13088654061970706,0.17561345938029316,separated,60,0.95,mixture/0.3/7/5/6
0.3,7,6,1000,constant,0.16343333333333332,0.1506595428932429,0.17596681474390607,separated,60,0.95,mixture/0.3/7/5/6
0.3,7,7,400,constant,0.1798333333333333,0.1603166456970797,0.19883590658306405,separated,60,0.95,mixture/0.3/7/5/7
0.3,7,7,1000,constant,0.1847000000000003,0.1738693594004327,0.19553064059956793,separated,60,0.95,mixture/0.3/7/5/7
0.3,7,8,400,constant,-0.011499999999999844,-0.03949373981316184,0.016493739813162156,uncertain,60,0.95,mixture/0.3/7/5/8
0.3,7,8,1000,constant,-0.0005333333333336077,-0.01701429419727163,0.015947627530604414,uncertain,60,0.95,mixture/0.3/7/5/8
0.3,7,9,400,constant,0.04683333333333317,0.019699191055376652,0.06942064506457479,separated,60,0.95,mixture/0.3/7/5/9
0.3,7,9,1000,constant,0.04430000000000012,0.03204203098945424,0.056557969010545994,separated,60,0.95,mixture/0.3/7/5/9
0.3,7,10,400,constant,0.05116666666666658,0.030870828904329795,0.07146250442900337,separated,60,0.95,mixture/0.3/7/5/10
0.3,7,10,1000,constant,0.05649999999999977,0.046118951559334764,0.06688104844066478,separated,60,0.95,mixture/0.3/7/5/10
0.3,7,11,400,constant,0.07258333333333311,0.05201520495991263,0.09315146170675359,separated,60,0.95,mixture/0.3/7/5/11
0.3,7,11,1000,constant,0.07800000000000029,0.06664261257424808,0.0893573874257525,separated,60,0.95,mixture/0.3/7/5/11
0.3,7,12,400,constant,0.1799166666666666,0.11420961275929642,0.22465717558050624,separated,60,0.95,mixture/0.3/7/5/12
0.3,7,12,1000,constant,0.18790000000000073,0.1643057365070021,0.202343155733673,separated,60,0.95,mixture/0.3/7/5/12
0.3,7,13,400,constant,0.12149999999999961,0.09183927504638911,0.1511607249536101,separated,60,0.95,mixture/0.3/7/5/13
0.3,7,13,1000,constant,0.12800000000000022,0.10936901626759943,0.14663098373240102,separated,60,0.95,mixture/0.3/7/5/13
0.3,7,14,400,constant,0.1275833333333335,0.10813479640024692,0.14703187026642006,separated,60,0.95,mixture/0.3/7/5/14
0.3,7,14,1000,constant,0.13500000000000023,0.12342304084420741,0.14657695915579305,separated,60,0.95,mixture/0.3/7/5/14
0.3,7,15,400,constant,0.0007500000000002505,-0.022917530228576344,0.024417530228576845,uncertain,60,0.95,mixture/0.3/7/5/15
0.3,7,15,1000,constant,0.007333333333333414,-0.006544261190512768,0.021210927857179596,uncertain,60,0.95,mixture/0.3/7/5/15
0.3,7,16,400,constant,-0.09316666666666629,-0.14029258326187322,-0.04604075007145936,nonseparated,60,0.95,mixture/0.3/7/5/16
0.3,7,16,1000,constant,-0.11040000000000028,-0.13871557606696017,-0.08208442393304038,nonseparated,60,0.95,mixture/0.3/7/5/16
0.3,7,17,400,constant,0.062249999999999805,0.04007692841714783,0.08442307158285178,separated,60,0.95,mixture/0.3/7/5/17
0.3,7,17,1000,constant,0.08216666666666683,0.06940512327408621,0.09492821005924745,separated,60,0.95,mixture/0.3/7/5/17
0.3,7,18,400,constant,0.09808333333333319,0.0687461506976429,0.12432642893913237,separated,60,0.95,mixture/0.3/7/5/18
0.3,7,18,1000,constant,0.10286666666666677,0.08635826246919387,0.11937507086413968,separated,60,0.95,mixture/0.3/7/5/18
0.3,7,19,400,constant,0.10399999999999998,0.07602159029516897,0.1308201955030266,separated,60,0.95,mixture/0.3/7/5/19
0.3,7,19,1000,constant,0.11316666666666653,0.09972713012789214,0.12599719610693583,separated,60,0.95,mixture/0.3/7/5/19
0.3,8,0,400,constant,0.1635000000000003,0.14260093606416502,0.1843990639358356,separated,60,0.95,mixture/0.3/8/5/0
0.3,8,0,1000,constant,0.1681666666666669,0.15600250201809773,0.18033083131523608,separated,60,0.95,mixture/0.3/8/5/0
0.3,8,1,400,constant,0.020750000000000046,0.003386826521210251,0.03811317347878984,separated,60,0.95,mixture/0.3/8/5/1
0.3,8,1,1000,constant,0.024833333333333263,0.013890954070428174,0.03577571259623835,separated,60,0.95,mixture/0.3/8/5/1
0.3,8,2,400,constant,0.039416666666666766,0.014410298894364959,0.06442303443896857,separated,60,0.95,mixture/0.3/8/5/2
0.3,8,2,1000,constant,0.05283333333333362,0.03834903771946008,0.06731762894720716,separated,60,0.95,mixture/0.3/8/5/2
0.3,8,3,400,constant,0.12983333333333313,0.10244835152687615,0.15721831513979012,separated,60,0.95,mixture/0.3/8/5/3
0.3,8,3,1000,constant,0.1324666666666664,0.11698230473852167,0.14795102859481113,separated,60,0.95,mixture/0.3/8/5/3
0.3,8,4,400,constant,0.12050000000000005,0.08885591853256536,0.15214408146743474,separated,60,0.95,mixture/0.3/8/5/4
0.3,8,4,1000,constant,0.14370000000000027,0.12657509209947115,0.1595545604598243,separated,60,0.95,mixture/0.3/8/5/4
0.3,8,5,400,constant,-0.03775000000000006,-0.06882618592746681,-0.006673814072533313,nonseparated,60,0.95,mixture/0.3/8/5/5
0.3,8,5,1000,constant,-0.0215666666666664,-0.03699602473617536,-0.006137308597157443,nonseparated,60,0.95,mixture/0.3/8/5/5
0.3,8,6,400,constant,-0.04258333333333353,-0.0688051527978718,-0.016361513868795252,nonseparated,60,0.95,mixture/0.3/8/5/6
0.3,8,6,1000,constant,-0.03393333333333315,-0.04826161820565067,-0.01960504846101563,nonseparated,60,0.95,mixture/0.3/8/5/6
0.3,8,7,400,constant,0.10599999999999998,0.07417878378611142,0.13782121621388854,separated,60,0.95,mixture/0.3/8/5/7
0.3,8,7,1000,constant,0.12243333333333328,0.10248474395957663,0.14238192270708994,separated,60,0.95,mixture/0.3/8/5/7
0.3,8,8,400,constant,0.0780833333333334,0.05240949745791723,0.10375716920874956,separated,60,0.95,mixture/0.3/8/5/8
0.3,8,8,1000,constant,0.08940000000000015,0.0746233480533155,0.1041766519466848,separated,60,0.95,mixture/0.3/8/5/8
0.3,8,9,400,constant,0.047000000000000375,0.009515669997810172,0.08448433000219058,separated,60,0.95,mixture/0.3/8/5/9
0.3,8,9,1000,constant,0.08160000000000012,0.06188687081008293,0.1013131291899173,separated,60,0.95,mixture/0.3/8/5/9
0.3,8,10,400,constant,-0.01258333333333339,-0.037625316307019485,0.012458649640352704,uncertain,60,0.95,mixture/0.3/8/5/10
0.3,8,10,1000,constant,-0.015866666666666918,-0.03140066924883944,-0.000332664084494394,nonseparated,60,0.95,mixture/0.3/8/5/10
0.3,8,11,400,constant,0.0426666666666663,0.018774631748127546,0.06428080790198276,separated,60,0.95,mixture/0.3/8/5/11
0.3,8,11,1000,constant,0.043266666666666675,0.02988105647652961,0.05665227685680374,separated,60,0.95,mixture/0.3/8/5/11
0.3,8,12,400,constant,0.05683333333333329,0.022417475321582336,0.08814097329635973,separated,60,0.95,mixture/0.3/8/5/12
0.3,8,12,1000,constant,0.05986666666666696,0.0457642440480488,0.07396908928528512,separated,60,0.95,mixture/0.3/8/5/12
0.3,8,13,400,constant,0.10575000000000001,0.06852102370369617,0.14297897629630385,separated,60,0.95,mixture/0.3/8/5/13
0.3,8,13,1000,constant,0.12883333333333347,0.10635969581155058,0.15130697085511635,separated,60,0.95,mixture/0.3/8/5/13
0.3,8,14,400,constant,0.01949999999999974,-0.010318319404177712,0.04931831940417719,uncertain,60,0.95,mixture/0.3/8/5/14
0.3,8,14,1000,constant,0.03186666666666649,0.01242704015413687,0.051306293179196105,separated,60,0.95,mixture/0.3/8/5/14
0.3,8,15,400,constant,-0.011500000000000288,-0.042100107158123956,0.01910010715812338,uncertain,60,0.95,mixture/0.3/8/5/15
0.3,8,15,1000,constant,-0.005599999999999716,-0.023420981615157044,0.012220981615157611,uncertain,60,0.95,mixture/0.3/8/5/15
0.3,8,16,400,constant,0.1307499999999997,0.09830333210466258,0.16319666789533682,separated,60,0.95,mixture/0.3/8/5/16
0.3,8,16,1000,constant,0.13836666666666653,0.1177594750644928,0.15897385826884025,separated,60,0.95,mixture/0.3/8/5/16
0.3,8,17,400,constant,0.13183333333333358,0.11083412527476766,0.1528325413918995,separated,60,0.95,mixture/0.3/8/5/17
0.3,8,17,1000,constant,0.1346666666666665,0.12305170486025352,0.14628162847307946,separated,60,0.95,mixture/0.3/8/5/17
0.3,8,18,400,constant,0.05249999999999977,0.022042491539429165,0.08295750846057037,separated,60,0.95,mixture/0.3/8/5/18
0.3,8,18,1000,constant,0.06929999999999992,0.05304045145069125,0.08555954854930858,separated,60,0.95,mixture/0.3/8/5/18
0.3,8,19,400,constant,-0.20891666666666686,-0.23400232122392461,-0.1838310121094091,nonseparated,60,0.95,mixture/0.3/8/5/19
0.3,8,19,1000,constant,-0.1952999999999997,-0.21141666373877643,-0.17918333626122296,nonseparated,60,0.95,mixture/0.3/8/5/19
0.3,9,0,400,constant,-0.08016666666666661,-0.10216879673486323,-0.058164536598469985,nonseparated,60,0.95,mixture/0.3/9/5/0
0.3,9,0,1000,constant,-0.06933333333333325,-0.08417437695969221,-0.054492289706974284,nonseparated,60,0.95,mixture/0.3/9/5/0
0.3,9,1,400,constant,0.10366666666666657,0.0711710782369418,0.12956127763851277,separated,60,0.95,mixture/0.3/9/5/1
0.3,9,1,1000,constant,0.10956666666666648,0.09011642713618084,0.12642416097041964,separated,60,0.95,mixture/0.3/9/5/1
0.3,9,2,400,constant,-0.11483333333333312,-0.15220500653575453,-0.08912497091358595,nonseparated,60,0.95,mixture/0.3/9/5/2
0.3,9,2,1000,constant,-0.10653333333333348,-0.12213188162903865,-0.09093478503762831,nonseparated,60,0.95,mixture/0.3/9/5/2
0.3,9,3,400,constant,-0.09066666666666678,-0.1335088850100008,-0.04782444832333277,nonseparated,60,0.95,mixture/0.3/9/5/3
0.3,9,3,1000,constant,-0.0731666666666666,-0.09966043166009331,-0.0466729016732399,nonseparated,60,0.95,mixture/0.3/9/5/3
0.3,9,4,400,constant,-0.06808333333333372,-0.12994908500860092,-0.006217581658066518,nonseparated,60,0.95,mixture/0.3/9/5/4
0.3,9,4,1000,constant,-0.028399999999999648,-0.06293368839961144,0.006133688399612147,uncertain,60,0.95,mixture/0.3/9/5/4
0.3,9,5,400,constant,0.0245000000000003,-0.015047520437569739,0.06404752043757034,uncertain,60,0.95,mixture/0.3/9/5/5
0.3,9,5,1000,constant,0.031166666666666676,0.01043177011237828,0.05190156322095507,separated,60,0.95,mixture/0.3/9/5/5
0.3,9,6,400,constant,0.027499999999999747,-0.002451864478318244,0.05745186447831774,uncertain,60,0.95,mixture/0.3/9/5/6
0.3,9,6,1000,constant,0.04456666666666642,0.026144248367475198,0.06179614673431144,separated,60,0.95,mixture/0.3/9/5/6
0.3,9,7,400,constant,0.047499999999999876,-0.004338587110623404,0.09933858711062316,uncertain,60,0.95,mixture/0.3/9/5/7
0.3,9,7,1000,constant,0.09363333333333368,0.0638149184503165,0.12345174821635085,separated,60,0.95,mixture/0.3/9/5/7
0.3,9,8,400,constant,0.013666666666666716,-0.031295719640122455,0.058629052973455886,uncertain,60,0.95,mixture/0.3/9/5/8
0.3,9,8,1000,constant,0.03179999999999994,0.005186080776800606,0.05841391922319927,separated,60,0.95,mixture/0.3/9/5/8
0.3,9,9,400,constant,0.03675000000000017,-0.014939017533856291,0.0873633388455507,uncertain,60,0.95,mixture/0.3/9/5/9
0.3,9,9,1000,constant,0.06680000000000008,0.03845561826012589,0.09464524670010999,separated,60,0.95,mixture/0.3/9/5/9
0.3,9,10,400,constant,0.022083333333333566,-0.012345921402276638,0.05651258806894377,uncertain,60,0.95,mixture/0.3/9/5/10
0.3,9,10,1000,constant,0.03870000000000007,0.015055707097048177,0.06234429290295196,separated,60,0.95,mixture/0.3/9/5/10
0.3,9,11,400,constant,-0.15249999999999964,-0.19908591093011396,-0.10591408906988531,nonseparated,60,0.95,mixture/0.3/9/5/11
0.3,9,11,1000,constant,-0.16083333333333338,-0.18841727053862667,-0.1332493961280401,nonseparated,60,0.95,mixture/0.3/9/5/11
0.3,9,12,400,constant,-0.015166666666666773,-0.04228188284541223,0.011948549512078688,uncertain,60,0.95,mixture/0.3/9/5/12
0.3,9,12,1000,constant,-0.0005333333333329415,-0.015293236464237303,0.01422656979757142,uncertain,60,0.95,mixture/0.3/9/5/12
0.3,9,13,400,constant,-0.03866666666666685,-0.05990288407787825,-0.018291344617178185,nonseparated,60,0.95,mixture/0.3/9/5/13
0.3,9,13,1000,constant,-0.031633333333333735,-0.044562336785861745,-0.018704329880805726,nonseparated,60,0.95,mixture/0.3/9/5/13
0.3,9,14,400,constant,-0.041916666666666935,-0.06266642186373239,-0.02116691146960148,nonseparated,60,0.95,mixture/0.3/9/5/14
0.3,9,14,1000,constant,-0.03543333333333276,-0.048369914667600766,-0.022496751999064757,nonseparated,60,0.95,mixture/0.3/9/5/14
0.3,9,15,400,constant,-0.014666666666666717,-0.035853679706635444,0.006520346373302011,uncertain,60,0.95,mixture/0.3/9/5/15
0.3,9,15,1000,constant,-0.012866666666666804,-0.024876891279861812,-0.0008564420534717954,nonseparated,60,0.95,mixture/0.3/9/5/15
0.3,9,16,400,constant,-0.02200000000000024,-0.04433498848441275,0.0003349884844122686,uncertain,60,0.95,mixture/0.3/9/5/16
0.3,9,16,1000,constant,-0.020366666666666533,-0.03454023077998569,-0.006193102553347374,nonseparated,60,0.95,mixture/0.3/9/5/16
0.3,9,17,400,constant,-0.04758333333333298,-0.07958338395983877,-0.015583282706827184,nonseparated,60,0.95,mixture/0.3/9/5/17
0.3,9,17,1000,constant,-0.03723333333333345,-0.056901690269622995,-0.017564976397043908,nonseparated,60,0.95,mixture/0.3/9/5/17
0.3,9,18,400,constant,0.0009999999999998899,-0.021904893700927408,0.023904893700927188,uncertain,60,0.95,mixture/0.3/9/5/18
0.3,9,18,1000,constant,0.005400000000000071,-0.008055333536090004,0.018855333536090146,uncertain,60,0.95,mixture/0.3/9/5/18
0.3,9,19,400,constant,0.05091666666666661,0.023887539564778737,0.07794579376855448,separated,60,0.95,mixture/0.3/9/5/19
0.3,9,19,1000,constant,0.055900000000000505,0.04083082874352262,0.07096917125647839,separated,60,0.95,mixture/0.3/9/5/19
0.3,10,0,400,constant,0.10741666666666683,0.06934185795328796,0.1381655589705274,separated,60,0.95,mixture/0.3/10/5/0
0.3,10,0,1000,constant,0.11769999999999992,0.09286890000506764,0.13582990525102867,separated,60,0.95,mixture/0.3/10/5/0
0.3,10,1,400,constant,0.06133333333333302,0.03393795786851306,0.08872870879815298,separated,60,0.95,mixture/0.3/10/5/1
0.3,10,1,1000,constant,0.06309999999999993,0.044342038966903585,0.08185796103309628,separated,60,0.95,mixture/0.3/10/5/1
0.3,10,2,400,constant,-0.14516666666666678,-0.1785283064163884,-0.11180502691694516,nonseparated,60,0.95,mixture/0.3/10/5/2
0.3,10,2,1000,constant,-0.12956666666666672,-0.14968467655564588,-0.10944865677768756,nonseparated,60,0.95,mixture/0.3/10/5/2
0.3,10,3,400,constant,-0.03866666666666707,-0.066015581209948,-0.011317752123386149,nonseparated,60,0.95,mixture/0.3/10/5/3
0.3,10,3,1000,constant,-0.03469999999999995,-0.04999427615449836,-0.019405723845501544,nonseparated,60,0.95,mixture/0.3/10/5/3
0.3,10,4,400,constant,-0.4751666666666665,-0.5179583088937741,-0.4323750244395589,nonseparated,60,0.95,mixture/0.3/10/5/4
0.3,10,4,1000,constant,-0.4601999999999999,-0.48664501607192767,-0.4337549839280721,nonseparated,60,0.95,mixture/0.3/10/5/4
0.3,10,5,400,constant,0.01508333333333356,-0.04431942253218735,0.07448608919885447,uncertain,60,0.95,mixture/0.3/10/5/5
0.3,10,5,1000,constant,0.035533333333333195,-0.0002597848108246703,0.07132645147749106,uncertain,60,0.95,mixture/0.3/10/5/5
0.3,10,6,400,constant,0.15933333333333344,0.13005540636862378,0.18629612769642145,separated,60,0.95,mixture/0.3/10/5/6
0.3,10,6,1000,constant,0.16716666666666657,0.1518606393544667,0.18247269397886645,separated,60,0.95,mixture/0.3/10/5/6
0.3,10,7,400,constant,0.056666666666666865,-0.01752233881641807,0.11058630021146343,uncertain,60,0.95,mixture/0.3/10/5/7
0.3,10,7,1000,constant,0.07733333333333325,0.047412891339834395,0.09960692983159425,separated,60,0.95,mixture/0.3/10/5/7
0.3,10,8,400,constant,-0.11333333333333373,-0.1634276254994601,-0.06323904116720735,nonseparated,60,0.95,mixture/0.3/10/5/8
0.3,10,8,1000,constant,-0.1091000000000002,-0.14040912060441324,-0.07779087939558715,nonseparated,60,0.95,mixture/0.3/10/5/8
0.3,10,9,400,constant,-0.0183333333333332,-0.06690564541642174,0.01065906388711979,uncertain,60,0.95,mixture/0.3/10/5/9
0.3,10,9,1000,constant,-0.006266666666666532,-0.022829574208684478,0.010296240875351415,uncertain,60,0.95,mixture/0.3/10/5/9
0.3,10,10,400,constant,0.01116666666666688,-0.037923595851715675,0.050611417514692,uncertain,60,0.95,mixture/0.3/10/5/10
0.3,10,10,1000,constant,0.01476666666666715,-0.012965712627164616,0.042499045960498916,uncertain,60,0.95,mixture/0.3/10/5/10
0.3,10,11,400,constant,-0.11258333333333304,-0.16087834414257884,-0.06428832252408723,nonseparated,60,0.95,mixture/0.3/10/5/11
0.3,10,11,1000,constant,-0.10916666666666652,-0.13651917268637892,-0.08181416064695413,nonseparated,60,0.95,mixture/0.3/10/5/11
0.3,10,12,400,constant,-0.1778333333333334,-0.2313114021997676,-0.12435526446689926,nonseparated,60,0.95,mixture/0.3/10/5/12
0.3,10,12,1000,constant,-0.17506666666666687,-0.20737194691355854,-0.1427613864197752,nonseparated,60,0.95,mixture/0.3/10/5/12
0.3,10,13,400,constant,0.09899999999999975,0.06584495714854766,0.13215504285145185,separated,60,0.95,mixture/0.3/10/5/13
0.3,10,13,1000,constant,0.10666666666666691,0.08872472551677502,0.1246086078165588,separated,60,0.95,mixture/0.3/10/5/13
0.3,10,14,400,constant,-0.05283333333333318,-0.1074435427990138,-0.027526563512044855,nonseparated,60,0.95,mixture/0.3/10/5/14
0.3,10,14,1000,constant,-0.04236666666666633,-0.059405812782191814,-0.027919180605642357,nonseparated,60,0.95,mixture/0.3/10/5/14
0.3,10,15,400,constant,-0.07758333333333334,-0.13317175556926886,-0.029688720107796662,nonseparated,60,0.95,mixture/0.3/10/5/15
0.3,10,15,1000,constant,-0.08436666666666692,-0.10989975052902001,-0.05883358280431383,nonseparated,60,0.95,mixture/0.3/10/5/15
0.3,10,16,400,constant,-0.026916666666666256,-0.051595573315668775,-0.002237760017663737,nonseparated,60,0.95,mixture/0.3/10/5/16
0.3,10,16,1000,constant,-0.022566666666666846,-0.03568588212032531,-0.009447451213008384,nonseparated,60,0.95,mixture/0.3/10/5/16
0.3,10,17,400,constant,0.0004166666666668428,-0.028689919541923126,0.02952325287525681,uncertain,60,0.95,mixture/0.3/10/5/17
0.3,10,17,1000,constant,0.014100000000000112,-0.0011779572971305496,0.029377957297130775,uncertain,60,0.95,mixture/0.3/10/5/17
0.3,10,18,400,constant,0.017583333333333284,-0.009976147889189435,0.03987606309396807,uncertain,60,0.95,mixture/0.3/10/5/18
0.3,10,18,1000,constant,0.025066666666667015,0.008422080961871692,0.03893135218413524,separated,60,0.95,mixture/0.3/10/5/18
0.3,10,19,400,constant,-0.11050000000000004,-0.13970718842560936,-0.08129281157439072,nonseparated,60,0.95,mixture/0.3/10/5/19
0.3,10,19,1000,constant,-0.09973333333333345,-0.11783820947492307,-0.08162845719174383,nonseparated,60,0.95,mixture/0.3/10/5/19
0.4,2,0,400,constant,0.3098333333333334,0.29074144253174883,0.328925224134918,separated,60,0.95,mixture/0.4/2/5/0
0.4,2,0,1000,constant,0.3128000000000002,0.30133903333210943,0.32426096666789095,separated,60,0.95,mixture/0.4/2/5/0
0.4,2,1,400,constant,0.2635833333333334,0.23895482797808076,0.288211838688586,separated,60,0.95,mixture/0.4/2/5/1
0.4,2,1,1000,constant,0.27983333333333327,0.2657753569789848,0.29389130968768173,separated,60,0.95,mixture/0.4/2/5/1
0.4,2,2,400,constant,0.19808333333333328,0.1828609281626834,0.21330573850398316,separated,60,0.95,mixture/0.4/2/5/2
0.4,2,2,1000,constant,0.2041000000000004,0.19534304322998652,0.21285695677001426,separated,60,0.95,mixture/0.4/2/5/2
0.4,2,3,400,constant,0.37358333333333327,0.3518891804321056,0.39527748623456094,separated,60,0.95,mixture/0.4/2/5/3
0.4,2,3,1000,constant,0.37680000000000013,0.3642943082885355,0.3893056917114648,separated,60,0.95,mixture/0.4/2/5/3
0.4,2,4,400,constant,0.5630833333333334,0.5364037711118089,0.5897628955548578,separated,60,0.95,mixture/0.4/2/5/4
0.4,2,4,1000,constant,0.5727000000000001,0.5569618401056514,0.5884381598943488,separated,60,0.95,mixture/0.4/2/5/4
0.4,2,5,400,constant,0.6082499999999998,0.5855393181476344,0.6309606818523653,separated,60,0.95,mixture/0.4/2/5/5
0.4,2,5,1000,constant,0.6154000000000002,0.5997427354180469,0.6310572645819534,separated,60,0.95,mixture/0.4/2/5/5
0.4,2,6,400,constant,0.2227499999999999,0.2006747442151804,0.2448252557848194,separated,60,0.95,mixture/0.4/2/5/6
0.4,2,6,1000,constant,0.2273333333333334,0.21462774091448544,0.24003892575218133,separated,60,0.95,mixture/0.4/2/5/6
0.4,2,7,400,constant,0.5500833333333335,0.5129458866321994,0.5872207800344675,separated,60,0.95,mixture/0.4/2/5/7
0.4,2,7,1000,constant,0.5534333333333333,0.5297662384406945,0.5771004282259722,separated,60,0.95,mixture/0.4/2/5/7
0.4,2,8,400,constant,0.10208333333333353,0.08870723883836762,0.11545942782829943,separated,60,0.95,mixture/0.4/2/5/8
0.4,2,8,1000,constant,0.10366666666666635,0.09485952470504122,0.11247380862829148,separated,60,0.95,mixture/0.4/2/5/8
0.4,2,9,400,constant,0.12499999999999956,0.10454713445250918,0.14545286554748993,separated,60,0.95,mixture/0.4/2/5/9
0.4,2,9,1000,constant,0.12829999999999975,0.11551679443342522,0.14108320556657428,separated,60,0.95,mixture/0.4/2/5/9
0.4,2,10,400,constant,0.09799999999999986,0.07521492053622514,0.12078507946377459,separated,60,0.95,mixture/0.4/2/5/10
0.4,2,10,1000,constant,0.09953333333333347,0.08648457402964904,0.1125820926370179,separated,60,0.95,mixture/0.4/2/5/10
0.4,2,11,400,constant,0.20758333333333345,0.1860983347103432,0.2290683319563237,separated,60,0.95,mixture/0.4/2/5/11
0.4,2,11,1000,constant,0.21650000000000014,0.20462159243391365,0.22837840756608663,separated,60,0.95,mixture/0.4/2/5/11
0.4,2,12,400,constant,0.4144166666666663,0.3927762316973198,0.43605710163601286,separated,60,0.95,mixture/0.4/2/5/12
0.4,2,12,1000,constant,0.4259333333333337,0.41005228765847956,0.4418143790081879,separated,60,0.95,mixture/0.4/2/5/12
0.4,2,13,400,constant,0.3295000000000001,0.3148060144566983,0.34419398554330194,separated,60,0.95,mixture/0.4/2/5/13
0.4,2,13,1000,constant,0.32966666666666666,0.32113859880282947,0.33819473453050386,separated,60,0.95,mixture/0.4/2/5/13
0.4,2,14,400,constant,0.21858333333333324,0.20189079636704188,0.2352758702996246,separated,60,0.95,mixture/0.4/2/5/14
0.4,2,14,1000,constant,0.22866666666666646,0.21821137164699345,0.23912196168633948,separated,60,0.95,mixture/0.4/2/5/14
0.4,2,15,400,constant,0.3437499999999999,0.31770461802271555,0.3697953819772841,separated,60,0.95,mixture/0.4/2/5/15
0.4,2,15,1000,constant,0.35086666666666666,0.3358911548721387,0.3658421784611946,separated,60,0.95,mixture/0.4/2/5/15
0.4,2,16,400,constant,0.3455833333333337,0.32848806332321245,0.3626786033434549,separated,60,0.95,mixture/0.4/2/5/16
0.4,2,16,1000,constant,0.3450000000000002,0.33457852103963803,0.35542147896036236,separated,60,0.95,mixture/0.4/2/5/16
0.4,2,17,400,constant,0.16966666666666708,0.15433335361667477,0.18499997971665938,separated,60,0.95,mixture/0.4/2/5/17
0.4,2,17,1000,constant,0.17506666666666693,0.16688018468841848,0.18325314864491538,separated,60,0.95,mixture/0.4/2/5/17
0.4,2,18,400,constant,0.9368333333333335,0.9127564032382115,0.9609102634284555,separated,60,0.95,mixture/0.4/2/5/18
0.4,2,18,1000,constant,0.943733333333333,0.9289975091975029,0.9584691574691631,separated,60,0.95,mixture/0.4/2/5/18
0.4,2,19,400,constant,0.5304999999999999,0.5070046603971093,0.5539953396028904,separated,60,0.95,mixture/0.4/2/5/19
0.4,2,19,1000,constant,0.5381333333333335,0.5214324228100037,0.5548342438566632,separated,60,0.95,mixture/0.4/2/5/19
0.4,3,0,400,constant,0.5060000000000002,0.4784956145359691,0.5335043854640313,separated,60,0.95,mixture/0.4/3/5/0
0.4,3,0,1000,constant,0.5162333333333333,0.49797446962928005,0.5344921970373866,separated,60,0.95,mixture/0.4/3/5/0
0.4,3,1,400,constant,0.136,0.11152096753729823,0.1604790324627018,separated,60,0.95,mixture/0.4/3/5/1
0.4,3,1,1000,constant,0.15023333333333355,0.13469497818026754,0.16577168848639956,separated,60,0.95,mixture/0.4/3/5/1
0.4,3,2,400,constant,0.19674999999999987,0.17148244620769604,0.2220175537923037,separated,60,0.95,mixture/0.4/3/5/2
0.4,3,2,1000,constant,0.20343333333333324,0.18813546705707007,0.21873119960959642,separated,60,0.95,mixture/0.4/3/5/2
0.4,3,3,400,constant,0.06691666666666674,0.0482166324922475,0.08561670084108597,separated,60,0.95,mixture/0.4/3/5/3
0.4,3,3,1000,constant,0.07340000000000002,0.06332504105014236,0.08347495894985768,separated,60,0.95,mixture/0.4/3/5/3
0.4,3,4,400,constant,0.14216666666666666,0.1220339151956027,0.16229941813773063,separated,60,0.95,mixture/0.4/3/5/4
0.4,3,4,1000,constant,0.1416333333333335,0.13034421371806304,0.15292245294860396,separated,60,0.95,mixture/0.4/3/5/4
0.4,3,5,400,constant,0.18633333333333357,0.1491527954566375,0.22351387121002964,separated,60,0.95,mixture/0.4/3/5/5
0.4,3,5,1000,constant,0.1972666666666668,0.17198285687100978,0.22255047646232384,separated,60,0.95,mixture/0.4/3/5/5
0.4,3,6,400,constant,0.016583333333333505,-0.0008015069586063683,0.03396817362527338,uncertain,60,0.95,mixture/0.4/3/5/6
0.4,3,6,1000,constant,0.024566666666666848,0.013771363819366056,0.03536196951396764,separated,60,0.95,mixture/0.4/3/5/6
0.4,3,7,400,constant,0.14508333333333312,0.1275469081304108,0.16261975853625543,separated,60,0.95,mixture/0.4/3/5/7
0.4,3,7,1000,constant,0.15446666666666642,0.1425772831657065,0.16635605016762633,separated,60,0.95,mixture/0.4/3/5/7
0.4,3,8,400,constant,0.17466666666666653,0.16075131606184934,0.18858201727148372,separated,60,0.95,mixture/0.4/3/5/8
0.4,3,8,1000,constant,0.17666666666666686,0.16802164345531156,0.18531168987802216,separated,60,0.95,mixture/0.4/3/5/8
0.4,3,9,400,constant,0.2671666666666668,0.24510041438792363,0.2892329189454099,separated,60,0.95,mixture/0.4/3/5/9
0.4,3,9,1000,constant,0.26576666666666704,0.25258498268600593,0.27894835064732815,separated,60,0.95,mixture/0.4/3/5/9
0.4,3,10,400,constant,0.10874999999999968,0.08794868575736225,0.1295513142426371,separated,60,0.95,mixture/0.4/3/5/10
0.4,3,10,1000,constant,0.12063333333333326,0.10797324317623003,0.1332934234904365,separated,60,0.95,mixture/0.4/3/5/10
0.4,3,11,400,constant,0.29416666666666635,0.2708292449393003,0.31750408839403244,separated,60,0.95,mixture/0.4/3/5/11
0.4,3,11,1000,constant,0.30323333333333347,0.28999523112146897,0.31647143554519797,separated,60,0.95,mixture/0.4/3/5/11
0.4,3,12,400,constant,0.14341666666666708,0.12047077268399142,0.16636256064934274,separated,60,0.95,mixture/0.4/3/5/12
0.4,3,12,1000,constant,0.15779999999999994,0.14369787781436583,0.17190212218563405,separated,60,0.95,mixture/0.4/3/5/12
0.4,3,13,400,constant,0.15849999999999964,0.13654352126052505,0.18045647873947424,separated,60,0.95,mixture/0.4/3/5/13
0.4,3,13,1000,constant,0.16916666666666635,0.15680212917707148,0.18153120415626123,separated,60,0.95,mixture/0.4/3/5/13
0.4,3,14,400,constant,0.3344999999999998,0.31488466435125817,0.3541153356487414,separated,60,0.95,mixture/0.4/3/5/14
0.4,3,14,1000,constant,0.33930000000000016,0.3264691352612794,0.3521308647387209,separated,60,0.95,mixture/0.4/3/5/14
0.4,3,15,400,constant,0.10641666666666716,0.08016239270035308,0.13267094063298124,separated,60,0.95,mixture/0.4/3/5/15
0.4,3,15,1000,constant,0.11316666666666653,0.09918011187819287,0.1271532214551402,separated,60,0.95,mixture/0.4/3/5/15
0.4,3,16,400,constant,0.2284166666666667,0.20919420681712786,0.24763912651620557,separated,60,0.95,mixture/0.4/3/5/16
0.4,3,16,1000,constant,0.2306666666666667,0.219015519249809,0.24231781408352437,separated,60,0.95,mixture/0.4/3/5/16
0.4,3,17,400,constant,0.2984166666666668,0.26559906050057036,0.3312342728327633,separated,60,0.95,mixture/0.4/3/5/17
0.4,3,17,1000,constant,0.30806666666666704,0.2881478289848509,0.32798550434848317,separated,60,0.95,mixture/0.4/3/5/17
0.4,3,18,400,constant,0.10041666666666638,0.08428213463260326,0.1165511987007295,separated,60,0.95,mixture/0.4/3/5/18
0.4,3,18,1000,constant,0.11086666666666667,0.0997573379975456,0.12197599533578773,separated,60,0.95,mixture/0.4/3/5/18
0.4,3,19,400,constant,0.4808333333333328,0.4499262170522137,0.5117404496144519,separated,60,0.95,mixture/0.4/3/5/19
0.4,3,19,1000,constant,0.4945333333333335,0.4767128357761432,0.5123538308905238,separated,60,0.95,mixture/0.4/3/5/19
0.4,4,0,400,constant,0.18866666666666643,0.16227660342641337,0.21505672990691949,separated,60,0.95,mixture/0.4/4/5/0
0.4,4,0,1000,constant,0.19933333333333336,0.18563344666306358,0.21303322000360314,separated,60,0.95,mixture/0.4/4/5/0
0.4,4,1,400,constant,0.08441666666666603,0.06605540939130661,0.10277792394202545,separated,60,0.95,mixture/0.4/4/5/1
0.4,4,1,1000,constant,0.09756666666666669,0.08678818552244627,0.10834514781088711,separated,60,0.95,mixture/0.4/4/5/1
0.4,4,2,400,constant,0.015666666666666718,-0.01716233343398832,0.048495666767321755,uncertain,60,0.95,mixture/0.4/4/5/2
0.4,4,2,1000,constant,0.03953333333333353,0.022089339859886925,0.05697732680678014,separated,60,0.95,mixture/0.4/4/5/2
0.4,4,3,400,constant,0.012750000000000039,-0.012992833432008188,0.03849283343200827,uncertain,60,0.95,mixture/0.4/4/5/3
0.4,4,3,1000,constant,0.01973333333333316,0.005584682206528191,0.033881984460138126,separated,60,0.95,mixture/0.4/4/5/3
0.4,4,4,400,constant,0.31316666666666626,0.28389446766415793,0.34025818406781483,separated,60,0.95,mixture/0.4/4/5/4
0.4,4,4,1000,constant,0.3207333333333334,0.30430972820793856,0.3357989142392438,separated,60,0.95,mixture/0.4/4/5/4
0.4,4,5,400,constant,0.1722499999999998,0.14033939845391696,0.20416060154608262,separated,60,0.95,mixture/0.4/4/5/5
0.4,4,5,1000,constant,0.17049999999999987,0.15035399711811726,0.1906460028818825,separated,60,0.95,mixture/0.4/4/5/5
0.4,4,6,400,constant,0.2000000000000003,0.17755526227067042,0.22244473772933016,separated,60,0.95,mixture/0.4/4/5/6
0.4,4,6,1000,constant,0.20886666666666687,0.19463440876315585,0.22309892457017788,separated,60,0.95,mixture/0.4/4/5/6
0.4,4,7,400,constant,0.25858333333333317,0.1938463487289792,0.2869201048884975,separated,60,0.95,mixture/0.4/4/5/7
0.4,4,7,1000,constant,0.27303333333333346,0.2590782801807764,0.28698838648589053,separated,60,0.95,mixture/0.4/4/5/7
0.4,4,8,400,constant,0.05291666666666639,0.024056572005626164,0.08177676132770662,separated,60,0.95,mixture/0.4/4/5/8
0.4,4,8,1000,constant,0.07953333333333301,0.06098446283705228,0.09808220382961375,separated,60,0.95,mixture/0.4/4/5/8
0.4,4,9,400,constant,0.06791666666666696,0.03656682438252601,0.09926650895080791,separated,60,0.95,mixture/0.4/4/5/9
0.4,4,9,1000,constant,0.07289999999999974,0.05423849765476918,0.0915615023452303,separated,60,0.95,mixture/0.4/4/5/9
0.4,4,10,400,constant,0.15300000000000025,0.13356791905733212,0.17243208094266838,separated,60,0.95,mixture/0.4/4/5/10
0.4,4,10,1000,constant,0.1623,0.15138295562263948,0.17321704437736052,separated,60,0.95,mixture/0.4/4/5/10
0.4,4,11,400,constant,0.0949166666666671,0.07791325204923127,0.11192008128410291,separated,60,0.95,mixture/0.4/4/5/11
0.4,4,11,1000,constant,0.1016333333333338,0.09059831028038512,0.1121182091160613,separated,60,0.95,mixture/0.4/4/5/11
0.4,4,12,400,constant,0.15758333333333296,0.13774685965737155,0.17741980700929438,separated,60,0.95,mixture/0.4/4/5/12
0.4,4,12,1000,constant,0.16650000000000031,0.1537300321517604,0.17926996784824023,separated,60,0.95,mixture/0.4/4/5/12
0.4,4,13,400,constant,0.21399999999999986,0.19248452728193244,0.23551547271806728,separated,60,0.95,mixture/0.4/4/5/13
0.4,4,13,1000,constant,0.2219000000000001,0.20964891380418615,0.23415108619581404,separated,60,0.95,mixture/0.4/4/5/13
0.4,4,14,400,constant,0.17500000000000016,0.14530122479315577,0.20469877520684454,separated,60,0.95,mixture/0.4/4/5/14
0.4,4,14,1000,constant,0.185433333333333,0.16863024985122055,0.20223641681544546,separated,60,0.95,mixture/0.4/4/5/14
0.4,4,15,400,constant,0.13866666666666683,0.0980150034946865,0.17810846994255314,separated,60,0.95,mixture/0.4/4/5/15
0.4,4,15,1000,constant,0.14849999999999985,0.12593160048601404,0.1679734253731059,separated,60,0.95,mixture/0.4/4/5/15
0.4,4,16,400,constant,0.18141666666666667,0.16214365429842859,0.20068967903490476,separated,60,0.95,mixture/0.4/4/5/16
0.4,4,16,1000,constant,0.18549999999999978,0.17325001532524997,0.19774998467474958,separated,60,0.95,mixture/0.4/4/5/16
0.4,4,17,400,constant,0.06250000000000022,0.04195648063481616,0.08304351936518428,separated,60,0.95,mixture/0.4/4/5/17
0.4,4,17,1000,constant,0.06280000000000019,0.05071671186694926,0.07488328813305112,separated,60,0.95,mixture/0.4/4/5/17
0.4,4,18,400,constant,0.08899999999999997,0.06934808629200229,0.10865191370799765,separated,60,0.95,mixture/0.4/4/5/18
0.4,4,18,1000,constant,0.10166666666666657,0.09044766934326731,0.11288566399006583,separated,60,0.95,mixture/0.4/4/5/18
0.4,4,19,400,constant,0.11416666666666664,0.09037114199728669,0.1379621913360466,separated,60,0.95,mixture/0.4/4/5/19
0.4,4,19,1000,constant,0.12593333333333345,0.11296670074368753,0.13889996592297937,separated,60,0.95,mixture/0.4/4/5/19
0.4,5,0,400,constant,0.12875000000000025,0.10947571339920459,0.14802428660079592,separated,60,0.95,mixture/0.4/5/5/0
0.4,5,0,1000,constant,0.13516666666666632,0.12450047494830574,0.1458328583850269,separated,60,0.95,mixture/0.4/5/5/0
0.4,5,1,400,constant,-0.004000000000000226,-0.02723514311700448,0.019235143117004028,uncertain,60,0.95,mixture/0.4/5/5/1
0.4,5,1,1000,constant,0.004133333333333433,-0.010339004149110487,0.018605670815777353,uncertain,60,0.95,mixture/0.4/5/5/1
0.4,5,2,400,constant,0.17349999999999977,0.1517944049310742,0.19520559506892532,separated,60,0.95,mixture/0.4/5/5/2
0.4,5,2,1000,constant,0.18226666666666658,0.16833990878838356,0.1961934245449496,separated,60,0.95,mixture/0.4/5/5/2
0.4,5,3,400,constant,0.0066666666666663765,-0.02257452762847778,0.035907860961810534,uncertain,60,0.95,mixture/0.4/5/5/3
0.4,5,3,1000,constant,0.02446666666666708,0.007546518017889969,0.04138681531544419,separated,60,0.95,mixture/0.4/5/5/3
0.4,5,4,400,constant,0.11233333333333351,0.09493052461338658,0.12973614205328043,separated,60,0.95,mixture/0.4/5/5/4
0.4,5,4,1000,constant,0.11683333333333312,0.10760764237713416,0.12605902428953208,separated,60,0.95,mixture/0.4/5/5/4
0.4,5,5,400,constant,0.11266666666666669,0.08038390446881494,0.1418739638464298,separated,60,0.95,mixture/0.4/5/5/5
0.4,5,5,1000,constant,0.12116666666666687,0.10753737505533412,0.13479595827799962,separated,60,0.95,mixture/0.4/5/5/5
0.4,5,6,400,constant,0.03458333333333308,0.005783684749660067,0.06338298191700609,separated,60,0.95,mixture/0.4/5/5/6
0.4,5,6,1000,constant,0.03536666666666677,0.01939209409126763,0.051341239242065906,separated,60,0.95,mixture/0.4/5/5/6
0.4,5,7,400,constant,0.0731666666666666,0.04238190657037544,0.09679346011616452,separated,60,0.95,mixture/0.4/5/5/7
0.4,5,7,1000,constant,0.08339999999999981,0.07185726581130403,0.09494273418869559,separated,60,0.95,mixture/0.4/5/5/7
0.4,5,8,400,constant,0.10033333333333339,0.07622275702417813,0.12444390964248864,separated,60,0.95,mixture/0.4/5/5/8
0.4,5,8,1000,constant,0.11170000000000002,0.09621861715181812,0.12718138284818192,separated,60,0.95,mixture/0.4/5/5/8
0.4,5,9,400,constant,0.09641666666666682,0.07800360558979402,0.11482972774353961,separated,60,0.95,mixture/0.4/5/5/9
0.4,5,9,1000,constant,0.10493333333333343,0.09388806839912833,0.11597859826753854,separated,60,0.95,mixture/0.4/5/5/9
0.4,5,10,400,constant,0.0235000000000003,0.0021714679096483946,0.0448285320903522,separated,60,0.95,mixture/0.4/5/5/10
0.4,5,10,1000,constant,0.035633333333333295,0.02264524979381166,0.04862141687285493,separated,60,0.95,mixture/0.4/5/5/10
0.4,5,11,400,constant,0.1195833333333336,0.09863405785195589,0.1405326088147113,separated,60,0.95,mixture/0.4/5/5/11
0.4,5,11,1000,constant,0.12906666666666655,0.11600674302864089,0.1421265903046922,separated,60,0.95,mixture/0.4/5/5/11
0.4,5,12,400,constant,-0.33741666666666664,-0.37813870615201944,-0.29669462718131384,nonseparated,60,0.95,mixture/0.4/5/5/12
0.4,5,12,1000,constant,-0.3212333333333335,-0.34633801406163833,-0.29612865260502863,nonseparated,60,0.95,mixture/0.4/5/5/12
0.4,5,13,400,constant,0.21750000000000014,0.1972388896810967,0.23776111031890357,separated,60,0.95,mixture/0.4/5/5/13
0.4,5,13,1000,constant,0.22099999999999975,0.20741764054923983,0.23458235945075967,separated,60,0.95,mixture/0.4/5/5/13
0.4,5,14,400,constant,0.05741666666666678,0.03966351307283622,0.07516982026049734,separated,60,0.95,mixture/0.4/5/5/14
0.4,5,14,1000,constant,0.06523333333333348,0.05400440502218218,0.07646226164448477,separated,60,0.95,mixture/0.4/5/5/14
0.4,5,15,400,constant,-0.022666666666666724,-0.061493073056149594,0.016159739722816147,uncertain,60,0.95,mixture/0.4/5/5/15
0.4,5,15,1000,constant,-0.00693333333333368,-0.028160987952645655,0.014294321285978295,uncertain,60,0.95,mixture/0.4/5/5/15
0.4,5,16,400,constant,-0.08291666666666664,-0.10549724510290825,-0.06033608823042502,nonseparated,60,0.95,mixture/0.4/5/5/16
0.4,5,16,1000,constant,-0.07490000000000019,-0.0878349059228628,-0.06196509407713757,nonseparated,60,0.95,mixture/0.4/5/5/16
0.4,5,17,400,constant,0.025916666666666255,-0.0029556498005315346,0.054788983133864044,uncertain,60,0.95,mixture/0.4/5/5/17
0.4,5,17,1000,constant,0.030933333333332813,0.014678922299610653,0.04718774436705497,separated,60,0.95,mixture/0.4/5/5/17
0.4,5,18,400,constant,0.11283333333333356,0.0919076436641233,0.13340849608778882,separated,60,0.95,mixture/0.4/5/5/18
0.4,5,18,1000,constant,0.11139999999999983,0.09906389887269573,0.12373610112730393,separated,60,0.95,mixture/0.4/5/5/18
0.4,5,19,400,constant,0.15749999999999997,0.12959977058750194,0.185400229412498,separated,60,0.95,mixture/0.4/5/5/19
0.4,5,19,1000,constant,0.17256666666666687,0.15642255372489977,0.18871077960843397,separated,60,0.95,mixture/0.4/5/5/19
0.4,6,0,400,constant,-0.003916666666666679,-0.024361548760618357,0.016528215427284998,uncertain,60,0.95,mixture/0.4/6/5/0
0.4,6,0,1000,constant,0.00560000000000016,-0.007800791815489094,0.019000791815489415,uncertain,60,0.95,mixture/0.4/6/5/0
0.4,6,1,400,constant,0.07316666666666671,0.05145756361590936,0.09487576971742406,separated,60,0.95,mixture/0.4/6/5/1
0.4,6,1,1000,constant,0.08213333333333306,0.06899933601570285,0.09526733065096327,separated,60,0.95,mixture/0.4/6/5/1
0.4,6,2,400,constant,0.0412499999999999,0.015283909355778502,0.0672160906442213,separated,60,0.95,mixture/0.4/6/5/2
0.4,6,2,1000,constant,0.046666666666666856,0.031066607612146302,0.06226672572118741,separated,60,0.95,mixture/0.4/6/5/2
0.4,6,3,400,constant,0.09291666666666643,0.0677462107055461,0.11808712262778676,separated,60,0.95,mixture/0.4/6/5/3
0.4,6,3,1000,constant,0.10270000000000001,0.08772173735690769,0.11767826264309234,separated,60,0.95,mixture/0.4/6/5/3
0.4,6,4,400,constant,0.03358333333333274,-0.011507486933643118,0.0786741536003086,uncertain,60,0.95,mixture/0.4/6/5/4
0.4,6,4,1000,constant,0.04946666666666644,0.02557995605891017,0.07327493979266309,separated,60,0.95,mixture/0.4/6/5/4
0.4,6,5,400,constant,0.0657500000000002,0.0358911227032378,0.0956088772967626,separated,60,0.95,mixture/0.4/6/5/5
0.4,6,5,1000,constant,0.08236666666666692,0.06341903925026104,0.1013142940830728,separated,60,0.95,mixture/0.4/6/5/5
0.4,6,6,400,constant,0.04791666666666616,0.022739680810687113,0.07095942555545776,separated,60,0.95,mixture/0.4/6/5/6
0.4,6,6,1000,constant,0.04933333333333334,0.03662394611670383,0.06204272054996285,separated,60,0.95,mixture/0.4/6/5/6
0.4,6,7,400,constant,0.0871666666666665,0.06951406109979186,0.10481927223354115,separated,60,0.95,mixture/0.4/6/5/7
0.4,6,7,1000,constant,0.0885666666666668,0.07831715270441919,0.0988161806289144,separated,60,0.95,mixture/0.4/6/5/7
0.4,6,8,400,constant,0.06183333333333296,0.041887601075745295,0.08177906559092063,separated,60,0.95,mixture/0.4/6/5/8
0.4,6,8,1000,constant,0.0683999999999998,0.05774452062812996,0.07905547937186963,separated,60,0.95,mixture/0.4/6/5/8
0.4,6,9,400,constant,0.009499999999999953,-0.018265264805480852,0.03726526480548076,uncertain,60,0.95,mixture/0.4/6/5/9
0.4,6,9,1000,constant,0.0035333333333336103,-0.012126871626959801,0.01919353829362702,uncertain,60,0.95,mixture/0.4/6/5/9
0.4,6,10,400,constant,0.04408333333333336,0.02128072755861732,0.06688593910804941,separated,60,0.95,mixture/0.4/6/5/10
0.4,6,10,1000,constant,0.04146666666666654,0.02867203408617769,0.05426129924715539,separated,60,0.95,mixture/0.4/6/5/10
0.4,6,11,400,constant,0.08466666666666656,0.06399734041715943,0.10252041231515518,separated,60,0.95,mixture/0.4/6/5/11
0.4,6,11,1000,constant,0.08863333333333334,0.07706575326021048,0.1002009134064562,separated,60,0.95,mixture/0.4/6/5/11
0.4,6,12,400,constant,0.03674999999999973,0.012449687772694618,0.06105031222730484,separated,60,0.95,mixture/0.4/6/5/12
0.4,6,12,1000,constant,0.03936666666666688,0.025817038891979727,0.05291629444135404,separated,60,0.95,mixture/0.4/6/5/12
0.4,6,13,400,constant,0.10658333333333347,0.07265611194973565,0.1405105547169313,separated,60,0.95,mixture/0.4/6/5/13
0.4,6,13,1000,constant,0.1151000000000002,0.09538252075789622,0.1348174792421042,separated,60,0.95,mixture/0.4/6/5/13
0.4,6,14,400,constant,0.059833333333333516,0.032722624224753916,0.08694404244191312,separated,60,0.95,mixture/0.4/6/5/14
0.4,6,14,1000,constant,0.07443333333333302,0.05891120261270466,0.08995546405396138,separated,60,0.95,mixture/0.4/6/5/14
0.4,6,15,400,constant,0.003083333333333327,-0.02041696628678391,0.026583632953450564,uncertain,60,0.95,mixture/0.4/6/5/15
0.4,6,15,1000,constant,0.009899999999999687,-0.003727105416657661,0.023527105416657035,uncertain,60,0.95,mixture/0.4/6/5/15
0.4,6,16,400,constant,0.0925833333333338,0.06341812336349295,0.12174854330317464,separated,60,0.95,mixture/0.4/6/5/16
0.4,6,16,1000,constant,0.10543333333333316,0.0880722546655558,0.12279441200111052,separated,60,0.95,mixture/0.4/6/5/16
0.4,6,17,400,constant,0.09966666666666646,0.07411376380970092,0.125219569523632,separated,60,0.95,mixture/0.4/6/5/17
0.4,6,17,1000,constant,0.11186666666666689,0.09732202924576705,0.12641130408756673,separated,60,0.95,mixture/0.4/6/5/17
0.4,6,18,400,constant,0.19233333333333347,0.16820174573605007,0.21469091763090553,separated,60,0.95,mixture/0.4/6/5/18
0.4,6,18,1000,constant,0.1921000000000005,0.17843367333426086,0.20576632666574013,separated,60,0.95,mixture/0.4/6/5/18
0.4,6,19,400,constant,0.04599999999999993,0.0013758912805057477,0.09062410871949411,separated,60,0.95,mixture/0.4/6/5/19
0.4,6,19,1000,constant,0.06903333333333361,0.03857647792434549,0.09949018874232174,separated,60,0.95,mixture/0.4/6/5/19
0.4,7,0,400,constant,-0.050000000000000266,-0.07646273423271122,-0.024890875463428053,nonseparated,60,0.95,mixture/0.4/7/5/0
0.4,7,0,1000,constant,-0.04203333333333359,-0.06041033221656733,-0.02666593951770091,nonseparated,60,0.95,mixture/0.4/7/5/0
0.4,7,1,400,constant,-0.0016666666666665941,-0.028259686753426716,0.024926353420093528,uncertain,60,0.95,mixture/0.4/7/5/1
0.4,7,1,1000,constant,0.005366666666666742,-0.009660815775240583,0.020394149108574067,uncertain,60,0.95,mixture/0.4/7/5/1
0.4,7,2,400,constant,0.08199999999999996,0.062374278626450286,0.10162572137354964,separated,60,0.95,mixture/0.4/7/5/2
0.4,7,2,1000,constant,0.07856666666666678,0.0672998726850983,0.08983346064823527,separated,60,0.95,mixture/0.4/7/5/2
0.4,7,3,400,constant,0.05316666666666647,0.020275648210267172,0.08605768512306577,separated,60,0.95,mixture/0.4/7/5/3
0.4,7,3,1000,constant,0.06756666666666622,0.046358666261239856,0.08877466707209258,separated,60,0.95,mixture/0.4/7/5/3
0.4,7,4,400,constant,0.06600000000000017,0.04755312216468188,0.08444687783531846,separated,60,0.95,mixture/0.4/7/5/4
0.4,7,4,1000,constant,0.06743333333333335,0.05759054747439707,0.07727611919226962,separated,60,0.95,mixture/0.4/7/5/4
0.4,7,5,400,constant,-0.0011666666666668712,-0.028126961676116946,0.025793628342783204,uncertain,60,0.95,mixture/0.4/7/5/5
0.4,7,5,1000,constant,0.004233333333333422,-0.01204891253021334,0.020515579196880185,uncertain,60,0.95,mixture/0.4/7/5/5
0.4,7,6,400,constant,-0.3579999999999999,-0.3955709273611555,-0.32042907263884424,nonseparated,60,0.95,mixture/0.4/7/5/6
0.4,7,6,1000,constant,-0.36366666666666675,-0.3847191287562042,-0.3426142045771293,nonseparated,60,0.95,mixture/0.4/7/5/6
0.4,7,7,400,constant,0.09466666666666679,0.06697775275724216,0.12235558057609142,separated,60,0.95,mixture/0.4/7/5/7
0.4,7,7,1000,constant,0.10216666666666674,0.08589421196386637,0.1184391213694671,separated,60,0.95,mixture/0.4/7/5/7
0.4,7,8,400,constant,-0.10550000000000015,-0.14442797270224783,-0.06657202729775247,nonseparated,60,0.95,mixture/0.4/7/5/8
0.4,7,8,1000,constant,-0.10763333333333347,-0.13170938700308787,-0.08355727966357906,nonseparated,60,0.95,mixture/0.4/7/5/8
0.4,7,9,400,constant,-0.02275000000000027,-0.05707045702168012,0.011570457021679581,uncertain,60,0.95,mixture/0.4/7/5/9
0.4,7,9,1000,constant,-0.010466666666666513,-0.031519235422880376,0.01058590208954735,uncertain,60,0.95,mixture/0.4/7/5/9
0.4,7,10,400,constant,-0.047083333333333255,-0.07528170820848135,-0.018884958458185164,nonseparated,60,0.95,mixture/0.4/7/5/10
0.4,7,10,1000,constant,-0.045633333333333526,-0.06264548074929699,-0.028621185917370062,nonseparated,60,0.95,mixture/0.4/7/5/10
0.4,7,11,400,constant,0.12783333333333358,0.0974366841826062,0.15822998248406095,separated,60,0.95,mixture/0.4/7/5/11
0.4,7,11,1000,constant,0.12993333333333312,0.1033258036694823,0.1544831477596248,separated,60,0.95,mixture/0.4/7/5/11
0.4,7,12,400,constant,0.06650000000000011,0.029763377982698458,0.08830404050464791,separated,60,0.95,mixture/0.4/7/5/12
0.4,7,12,1000,constant,0.08383333333333365,0.06399950196009985,0.09747268779742901,separated,60,0.95,mixture/0.4/7/5/12
0.4,7,13,400,constant,0.0060833333333331074,-0.014017009822610005,0.02618367648927622,uncertain,60,0.95,mixture/0.4/7/5/13
0.4,7,13,1000,constant,0.000800000000000245,-0.018681919240596145,0.020281919240596635,uncertain,60,0.95,mixture/0.4/7/5/13
0.4,7,14,400,constant,0.07908333333333328,0.04900647988380846,0.1091601867828581,separated,60,0.95,mixture/0.4/7/5/14
0.4,7,14,1000,constant,0.09046666666666658,0.07370673725284393,0.10452155825948939,separated,60,0.95,mixture/0.4/7/5/14
0.4,7,15,400,constant,0.048250000000000015,0.022510933950460443,0.07293092269566182,separated,60,0.95,mixture/0.4/7/5/15
0.4,7,15,1000,constant,0.04206666666666625,0.026635923570905495,0.05749740976242701,separated,60,0.95,mixture/0.4/7/5/15
0.4,7,16,400,constant,0.013500000000000179,-0.009279748003534039,0.036279748003534396,uncertain,60,0.95,mixture/0.4/7/5/16
0.4,7,16,1000,constant,0.022199999999999664,0.00808290854140492,0.03631709145859441,separated,60,0.95,mixture/0.4/7/5/16
0.4,7,17,400,constant,-0.02666666666666706,-0.06590680046433073,0.012573467130996607,uncertain,60,0.95,mixture/0.4/7/5/17
0.4,7,17,1000,constant,-0.004733333333333478,-0.02763953634096361,0.018172869674296654,uncertain,60,0.95,mixture/0.4/7/5/17
0.4,7,18,400,constant,0.026583333333333292,0.00679708800049228,0.04555114850732245,separated,60,0.95,mixture/0.4/7/5/18
0.4,7,18,1000,constant,0.030533333333333745,0.018650837671883802,0.042388461551790324,separated,60,0.95,mixture/0.4/7/5/18
0.4,7,19,400,constant,0.09975,0.07648862209984941,0.1230113779001506,separated,60,0.95,mixture/0.4/7/5/19
0.4,7,19,1000,constant,0.10929999999999984,0.09523365331833678,0.12336634668166291,separated,60,0.95,mixture/0.4/7/5/19
0.4,8,0,400,constant,-0.1675000000000001,-0.208471103632056,-0.12652889636794418,nonseparated,60,0.95,mixture/0.4/8/5/0
0.4,8,0,1000,constant,-0.1639666666666666,-0.1893252697871547,-0.1386080635461785,nonseparated,60,0.95,mixture/0.4/8/5/0
0.4,8,1,400,constant,-0.043083333333333806,-0.06369833838663075,-0.022588181658450668,nonseparated,60,0.95,mixture/0.4/8/5/1
0.4,8,1,1000,constant,-0.036733333333333285,-0.04792027602909732,-0.02554639063756925,nonseparated,60,0.95,mixture/0.4/8/5/1
0.4,8,2,400,constant,-0.09158333333333346,-0.1294885838600096,-0.05430134450612911,nonseparated,60,0.95,mixture/0.4/8/5/2
0.4,8,2,1000,constant,-0.07220000000000026,-0.09590288065734665,-0.04849711934265388,nonseparated,60,0.95,mixture/0.4/8/5/2
0.4,8,3,400,constant,0.018000000000000127,-0.005801963854370928,0.04180196385437118,uncertain,60,0.95,mixture/0.4/8/5/3
0.4,8,3,1000,constant,0.03653333333333342,0.023354821122484548,0.04971184554418229,separated,60,0.95,mixture/0.4/8/5/3
0.4,8,4,400,constant,0.07341666666666691,0.04860741548491698,0.09822591784841683,separated,60,0.95,mixture/0.4/8/5/4
0.4,8,4,1000,constant,0.08773333333333344,0.07078945602074216,0.10467721064592472,separated,60,0.95,mixture/0.4/8/5/4
0.4,8,5,400,constant,0.008916666666666462,-0.0114268163810205,0.029260149714353423,uncertain,60,0.95,mixture/0.4/8/5/5
0.4,8,5,1000,constant,0.01703333333333301,0.005053215216699658,0.029013451449966365,separated,60,0.95,mixture/0.4/8/5/5
0.4,8,6,400,constant,0.009416666666666629,-0.03142431542982782,0.041162815143988896,uncertain,60,0.95,mixture/0.4/8/5/6
0.4,8,6,1000,constant,0.021566666666666623,-0.005064254873284879,0.046212558593118125,uncertain,60,0.95,mixture/0.4/8/5/6
0.4,8,7,400,constant,0.12158333333333315,0.10306829632865988,0.14009837033800643,separated,60,0.95,mixture/0.4/8/5/7
0.4,8,7,1000,constant,0.12456666666666638,0.1144126112114181,0.13472072212191466,separated,60,0.95,mixture/0.4/8/5/7
0.4,8,8,400,constant,0.052333333333333565,0.028133987313860742,0.07653267935280639,separated,60,0.95,mixture/0.4/8/5/8
0.4,8,8,1000,constant,0.054799999999999516,0.040555639495825635,0.0690443605041734,separated,60,0.95,mixture/0.4/8/5/8
0.4,8,9,400,constant,-0.056333333333333346,-0.08264477032959194,-0.03002189633707475,nonseparated,60,0.95,mixture/0.4/8/5/9
0.4,8,9,1000,constant,-0.046333333333333115,-0.06390864619955583,-0.0287580204671104,nonseparated,60,0.95,mixture/0.4/8/5/9
0.4,8,10,400,constant,0.10799999999999998,0.06726617169232263,0.14873382830767734,separated,60,0.95,mixture/0.4/8/5/10
0.4,8,10,1000,constant,0.12216666666666653,0.09485906617441475,0.14947426715891832,separated,60,0.95,mixture/0.4/8/5/10
0.4,8,11,400,constant,-0.03066666666666651,-0.05933712911984346,-0.001996204213489561,nonseparated,60,0.95,mixture/0.4/8/5/11
0.4,8,11,1000,constant,-0.016066666666666563,-0.03348572044858855,0.0003349036865960553,uncertain,60,0.95,mixture/0.4/8/5/11
0.4,8,12,400,constant,0.11966666666666703,0.09141040440957415,0.14424919339979503,separated,60,0.95,mixture/0.4/8/5/12
0.4,8,12,1000,constant,0.1222000000000002,0.1062610872555797,0.1357069450184749,separated,60,0.95,mixture/0.4/8/5/12
0.4,8,13,400,constant,-0.030000000000000138,-0.05439487174336499,-0.005605128256635283,nonseparated,60,0.95,mixture/0.4/8/5/13
0.4,8,13,1000,constant,-0.023199999999999554,-0.03694326398219272,-0.009456736017806389,nonseparated,60,0.95,mixture/0.4/8/5/13
0.4,8,14,400,constant,0.035833333333333495,0.0037823513487965643,0.06788431531787043,separated,60,0.95,mixture/0.4/8/5/14
0.4,8,14,1000,constant,0.05206666666666682,0.0334538131924943,0.07067952014083934,separated,60,0.95,mixture/0.4/8/5/14
0.4,8,15,400,constant,0.06599999999999995,0.04536585777067004,0.08663414222932986,separated,60,0.95,mixture/0.4/8/5/15
0.4,8,15,1000,constant,0.06686666666666674,0.05343201195879488,0.0803013213745386,separated,60,0.95,mixture/0.4/8/5/15
0.4,8,16,400,constant,-0.11441666666666694,-0.14342695836805186,-0.08540637496528203,nonseparated,60,0.95,mixture/0.4/8/5/16
0.4,8,16,1000,constant,-0.1055666666666667,-0.1244356814223998,-0.08669765191093359,nonseparated,60,0.95,mixture/0.4/8/5/16
0.4,8,17,400,constant,0.0149166666666668,-0.0061062527198045835,0.035939586053138184,uncertain,60,0.95,mixture/0.4/8/5/17
0.4,8,17,1000,constant,0.014533333333333287,0.0024620882112649234,0.02660457845540165,separated,60,0.95,mixture/0.4/8/5/17
0.4,8,18,400,constant,-0.024916666666666476,-0.05435155518537427,0.004518221852041315,uncertain,60,0.95,mixture/0.4/8/5/18
0.4,8,18,1000,constant,-0.016100000000000003,-0.03544187283967282,0.0032418728396728103,uncertain,60,0.95,mixture/0.4/8/5/18
0.4,8,19,400,constant,0.005083333333333218,-0.015023844011792797,0.025190510678459233,uncertain,60,0.95,mixture/0.4/8/5/19
0.4,8,19,1000,constant,0.008700000000000041,-0.004595031100097402,0.021995031100097484,uncertain,60,0.95,mixture/0.4/8/5/19
0.4,9,0,400,constant,0.10350000000000015,0.07851330642261012,0.12662819056657426,separated,60,0.95,mixture/0.4/9/5/0
0.4,9,0,1000,constant,0.10760000000000003,0.0938224829285268,0.12137751707147326,separated,60,0.95,mixture/0.4/9/5/0
0.4,9,1,400,constant,-0.02941666666666687,-0.05840745141377446,-0.0004258819195592789,nonseparated,60,0.95,mixture/0.4/9/5/1
0.4,9,1,1000,constant,-0.016166666666666774,-0.03307049636229831,0.0007371630289647602,uncertain,60,0.95,mixture/0.4/9/5/1
0.4,9,2,400,constant,-0.25000000000000044,-0.30600614534850634,-0.21870208592747598,nonseparated,60,0.95,mixture/0.4/9/5/2
0.4,9,2,1000,constant,-0.2421666666666663,-0.25980238061687555,-0.22453095271645707,nonseparated,60,0.95,mixture/0.4/9/5/2
0.4,9,3,400,constant,0.01733333333333298,-0.011007000021351243,0.0456736666880172,uncertain,60,0.95,mixture/0.4/9/5/3
0.4,9,3,1000,constant,0.027366666666666872,0.011955477411532689,0.042777855921801056,separated,60,0.95,mixture/0.4/9/5/3
0.4,9,4,400,constant,-0.10100000000000042,-0.12894521031466444,-0.07305478968533641,nonseparated,60,0.95,mixture/0.4/9/5/4
0.4,9,4,1000,constant,-0.09103333333333319,-0.10824642595916945,-0.07382024070749693,nonseparated,60,0.95,mixture/0.4/9/5/4
0.4,9,5,400,constant,0.017166666666666774,-0.0046662744806549306,0.03899960781398848,uncertain,60,0.95,mixture/0.4/9/5/5
0.4,9,5,1000,constant,0.01763333333333339,0.0058146410827034645,0.029452025583963315,separated,60,0.95,mixture/0.4/9/5/5
0.4,9,6,400,constant,0.050416666666666665,0.02756099935502987,0.07327233397830346,separated,60,0.95,mixture/0.4/9/5/6
0.4,9,6,1000,constant,0.05466666666666642,0.04150645013106813,0.06782688320226471,separated,60,0.95,mixture/0.4/9/5/6
0.4,9,7,400,constant,0.03674999999999984,0.006041771747608449,0.06745822825239123,separated,60,0.95,mixture/0.4/9/5/7
0.4,9,7,1000,constant,0.038833333333333386,0.02233623632422399,0.05533043034244278,separated,60,0.95,mixture/0.4/9/5/7
0.4,9,8,400,constant,0.10208333333333353,0.07161949165110082,0.13254717501556623,separated,60,0.95,mixture/0.4/9/5/8
0.4,9,8,1000,constant,0.10303333333333309,0.08571948237151639,0.12034718429514979,separated,60,0.95,mixture/0.4/9/5/8
0.4,9,9,400,constant,0.08516666666666683,0.06289937545707769,0.10743395787625598,separated,60,0.95,mixture/0.4/9/5/9
0.4,9,9,1000,constant,0.08806666666666652,0.07609766089101755,0.10003567244231548,separated,60,0.95,mixture/0.4/9/5/9
0.4,9,10,400,constant,0.13333333333333353,0.1140918942797503,0.15257477238691675,separated,60,0.95,mixture/0.4/9/5/10
0.4,9,10,1000,constant,0.14093333333333347,0.12868816905454938,0.15317849761211755,separated,60,0.95,mixture/0.4/9/5/10
0.4,9,11,400,constant,0.08241666666666692,0.03467896580276808,0.1176110967043732,separated,60,0.95,mixture/0.4/9/5/11
0.4,9,11,1000,constant,0.0941333333333334,0.06659468388761824,0.12167198277904856,separated,60,0.95,mixture/0.4/9/5/11
0.4,9,12,400,constant,0.003833333333333133,-0.02585505063788429,0.03352171730455056,uncertain,60,0.95,mixture/0.4/9/5/12
0.4,9,12,1000,constant,0.011899999999999356,-0.0016515579509412959,0.025451557950940007,uncertain,60,0.95,mixture/0.4/9/5/12
0.4,9,13,400,constant,0.10100000000000031,0.07288341507645402,0.1291165849235466,separated,60,0.95,mixture/0.4/9/5/13
0.4,9,13,1000,constant,0.11636666666666673,0.09982787494510859,0.13290545838822487,separated,60,0.95,mixture/0.4/9/5/13
0.4,9,14,400,constant,-0.0782500000000006,-0.13111122691916632,-0.02538877308083487,nonseparated,60,0.95,mixture/0.4/9/5/14
0.4,9,14,1000,constant,-0.06400000000000006,-0.09249505303019412,-0.035504946969805995,nonseparated,60,0.95,mixture/0.4/9/5/14
0.4,9,15,400,constant,-0.008916666666666795,-0.061151372316523345,0.02311151276403578,uncertain,60,0.95,mixture/0.4/9/5/15
0.4,9,15,1000,constant,0.0014333333333330645,-0.015763406205373975,0.018630072872040104,uncertain,60,0.95,mixture/0.4/9/5/15
0.4,9,16,400,constant,0.07083333333333364,0.00032075881479021184,0.12769582652411715,separated,60,0.95,mixture/0.4/9/5/16
0.4,9,16,1000,constant,0.08530000000000038,0.048705793674501785,0.11468617982831175,separated,60,0.95,mixture/0.4/9/5/16
0.4,9,17,400,constant,0.03283333333333327,0.005500033778899849,0.06016663288776669,separated,60,0.95,mixture/0.4/9/5/17
0.4,9,17,1000,constant,0.043366666666667,0.028006921931424178,0.05872641140190982,separated,60,0.95,mixture/0.4/9/5/17
0.4,9,18,400,constant,0.020583333333333287,-0.0017447038376959823,0.042653703727266845,uncertain,60,0.95,mixture/0.4/9/5/18
0.4,9,18,1000,constant,0.02750000000000019,0.012652153592535909,0.041574725871091234,separated,60,0.95,mixture/0.4/9/5/18
0.4,9,19,400,constant,0.03816666666666679,0.012266195553309767,0.06266689723490138,separated,60,0.95,mixture/0.4/9/5/19
0.4,9,19,1000,constant,0.0428666666666665,0.02713093523976584,0.0569293042029565,separated,60,0.95,mixture/0.4/9/5/19
0.4,10,0,400,constant,-0.0821666666666665,-0.11087796443046749,-0.05345536890286551,nonseparated,60,0.95,mixture/0.4/10/5/0
0.4,10,0,1000,constant,-0.07486666666666686,-0.09088824702342235,-0.058845086309911365,nonseparated,60,0.95,mixture/0.4/10/5/0
0.4,10,1,400,constant,-0.018916666666666915,-0.040590375851040084,0.002757042517706254,uncertain,60,0.95,mixture/0.4/10/5/1
0.4,10,1,1000,constant,-0.013600000000000056,-0.02810218383921581,0.0009021838392156978,uncertain,60,0.95,mixture/0.4/10/5/1
0.4,10,2,400,constant,0.09275000000000022,0.07195083400365943,0.11354916599634102,separated,60,0.95,mixture/0.4/10/5/2
0.4,10,2,1000,constant,0.09150000000000036,0.08075909976811646,0.10224090023188426,separated,60,0.95,mixture/0.4/10/5/2
0.4,10,3,400,constant,0.06633333333333336,0.04685407644731043,0.08539051990321,separated,60,0.95,mixture/0.4/10/5/3
0.4,10,3,1000,constant,0.06859999999999988,0.056953751463201474,0.08024624853679829,separated,60,0.95,mixture/0.4/10/5/3
0.4,10,4,400,constant,0.03416666666666657,0.008575809904603937,0.0597575234287292,separated,60,0.95,mixture/0.4/10/5/4
0.4,10,4,1000,constant,0.03886666666666638,0.0239772500391644,0.053756083294168366,separated,60,0.95,mixture/0.4/10/5/4
0.4,10,5,400,constant,0.03733333333333344,0.015386679570634998,0.05927998709603188,separated,60,0.95,mixture/0.4/10/5/5
0.4,10,5,1000,constant,0.044766666666666954,0.031746094213681464,0.057787239119652445,separated,60,0.95,mixture/0.4/10/5/5
0.4,10,6,400,constant,0.056333333333333235,0.018078604852521107,0.09458806181414536,separated,60,0.95,mixture/0.4/10/5/6
0.4,10,6,1000,constant,0.056266666666666465,0.0361056985070799,0.07642763482625303,separated,60,0.95,mixture/0.4/10/5/6
0.4,10,7,400,constant,0.03041666666666687,0.006169486373450717,0.05466384695988302,separated,60,0.95,mixture/0.4/10/5/7
0.4,10,7,1000,constant,0.03346666666666642,0.01952845353055921,0.047404879802773636,separated,60,0.95,mixture/0.4/10/5/7
0.4,10,8,400,constant,-0.13208333333333344,-0.15250148825742327,-0.11166517840924362,nonseparated,60,0.95,mixture/0.4/10/5/8
0.4,10,8,1000,constant,-0.1292333333333331,-0.14142030724046384,-0.11704635942620234,nonseparated,60,0.95,mixture/0.4/10/5/8
0.4,10,9,400,constant,-0.011083333333333223,-0.0374590678947847,0.015292401228118258,uncertain,60,0.95,mixture/0.4/10/5/9
0.4,10,9,1000,constant,0.002000000000000113,-0.01220844303643187,0.016208443036432096,uncertain,60,0.95,mixture/0.4/10/5/9
0.4,10,10,400,constant,-0.12725000000000009,-0.16831929285273006,-0.08618070714727011,nonseparated,60,0.95,mixture/0.4/10/5/10
0.4,10,10,1000,constant,-0.11393333333333333,-0.13659387225079844,-0.09127279441586822,nonseparated,60,0.95,mixture/0.4/10/5/10
0.4,10,11,400,constant,-0.19908333333333317,-0.23548752535251566,-0.16943280756387058,nonseparated,60,0.95,mixture/0.4/10/5/11
0.4,10,11,1000,constant,-0.19299999999999978,-0.21071968671729158,-0.175280313282708,nonseparated,60,0.95,mixture/0.4/10/5/11
0.4,10,12,400,constant,-0.006249999999999978,-0.03573582326138347,0.023235823261383515,uncertain,60,0.95,mixture/0.4/10/5/12
0.4,10,12,1000,constant,0.009566666666667056,-0.007428058718748853,0.026561392052082966,uncertain,60,0.95,mixture/0.4/10/5/12
0.4,10,13,400,constant,0.05591666666666684,0.033868271693715424,0.07796506163961825,separated,60,0.95,mixture/0.4/10/5/13
0.4,10,13,1000,constant,0.05693333333333295,0.04224899133793403,0.07161767532873187,separated,60,0.95,mixture/0.4/10/5/13
0.4,10,14,400,constant,-0.19108333333333327,-0.2153567846937684,-0.16680988197289814,nonseparated,60,0.95,mixture/0.4/10/5/14
0.4,10,14,1000,constant,-0.18140000000000012,-0.19409810524209992,-0.16870189475790032,nonseparated,60,0.95,mixture/0.4/10/5/14
0.4,10,15,400,constant,-0.10750000000000004,-0.13255927806365364,-0.08514542969915095,nonseparated,60,0.95,mixture/0.4/10/5/15
0.4,10,15,1000,constant,-0.0955666666666668,-0.11011968382627568,-0.08101364950705792,nonseparated,60,0.95,mixture/0.4/10/5/15
0.4,10,16,400,constant,-0.05641666666666667,-0.07657342756808971,-0.03625990576524363,nonseparated,60,0.95,mixture/0.4/10/5/16
0.4,10,16,1000,constant,-0.0578333333333334,-0.06829941443539267,-0.04736725223127414,nonseparated,60,0.95,mixture/0.4/10/5/16
0.4,10,17,400,constant,-0.0235833333333334,-0.04605561128442637,-0.0011110553822404334,nonseparated,60,0.95,mixture/0.4/10/5/17
0.4,10,17,1000,constant,-0.015933333333333244,-0.02940068738046686,-0.0024659792861996266,nonseparated,60,0.95,mixture/0.4/10/5/17
0.4,10,18,400,constant,-0.012916666666666687,-0.03977998106354863,0.013946647730215256,uncertain,60,0.95,mixture/0.4/10/5/18
0.4,10,18,1000,constant,-0.0078666666666668,-0.024062117235348568,0.008328783902014969,uncertain,60,0.95,mixture/0.4/10/5/18
0.4,10,19,400,constant,-0.09241666666666615,-0.1149469713772513,-0.069886361956081,nonseparated,60,0.95,mixture/0.4/10/5/19
0.4,10,19,1000,constant,-0.08756666666666668,-0.09987285601497309,-0.07526047731836027,nonseparated,60,0.95,mixture/0.4/10/5/19
0.5,2,0,400,constant,0.22233333333333305,0.19919742937964335,0.24546923728702275,separated,60,0.95,mixture/0.5/2/5/0
0.5,2,0,1000,constant,0.23256666666666692,0.21913259522001638,0.24600073811331746,separated,60,0.95,mixture/0.5/2/5/0
0.5,2,1,400,constant,0.11933333333333296,0.10148052394290275,0.13718614272376317,separated,60,0.95,mixture/0.5/2/5/1
0.5,2,1,1000,constant,0.11793333333333311,0.10719184439359086,0.12867482227307536,separated,60,0.95,mixture/0.5/2/5/1
0.5,2,2,400,constant,0.3283333333333335,0.3134677496599483,0.3431989170067187,separated,60,0.95,mixture/0.5/2/5/2
0.5,2,2,1000,constant,0.3267333333333331,0.3176303080945724,0.3358363585720938,separated,60,0.95,mixture/0.5/2/5/2
0.5,2,3,400,constant,0.13549999999999995,0.12062780240919146,0.15037219759080844,separated,60,0.95,mixture/0.5/2/5/3
0.5,2,3,1000,constant,0.14113333333333367,0.13116917325960098,0.15109749340706635,separated,60,0.95,mixture/0.5/2/5/3
0.5,2,4,400,constant,0.5648333333333334,0.5240461212904396,0.6056205453762272,separated,60,0.95,mixture/0.5/2/5/4
0.5,2,4,1000,constant,0.5684000000000001,0.5451220077722411,0.5916779922277592,separated,60,0.95,mixture/0.5/2/5/4
0.5,2,5,400,constant,0.3170833333333337,0.297130693207841,0.3370359734588264,separated,60,0.95,mixture/0.5/2/5/5
0.5,2,5,1000,constant,0.30743333333333356,0.29562318716955693,0.3192434794971102,separated,60,0.95,mixture/0.5/2/5/5
0.5,2,6,400,constant,0.2539166666666671,0.23623108868500375,0.2716022446483305,separated,60,0.95,mixture/0.5/2/5/6
0.5,2,6,1000,constant,0.26049999999999973,0.24940659350932026,0.2715934064906792,separated,60,0.95,mixture/0.5/2/5/6
0.5,2,7,400,constant,0.3956666666666667,0.37116693040185533,0.4201664029314781,separated,60,0.95,mixture/0.5/2/5/7
0.5,2,7,1000,constant,0.3948333333333329,0.37936751411889513,0.4102991525477707,separated,60,0.95,mixture/0.5/2/5/7
0.5,2,8,400,constant,0.22966666666666669,0.202198998341366,0.25713433499196736,separated,60,0.95,mixture/0.5/2/5/8
0.5,2,8,1000,constant,0.23876666666666668,0.22299913699161955,0.2545341963417138,separated,60,0.95,mixture/0.5/2/5/8
0.5,2,9,400,constant,0.24675000000000025,0.2312043514197747,0.2622956485802258,separated,60,0.95,mixture/0.5/2/5/9
0.5,2,9,1000,constant,0.2526333333333334,0.2428858087279825,0.26238085793868426,separated,60,0.95,mixture/0.5/2/5/9
0.5,2,10,400,constant,0.2060000000000003,0.18814658539345352,0.22385341460654706,separated,60,0.95,mixture/0.5/2/5/10
0.5,2,10,1000,constant,0.206566666666667,0.19475090058218048,0.21838243275115354,separated,60,0.95,mixture/0.5/2/5/10
0.5,2,11,400,constant,0.22725000000000017,0.20600749513099326,0.2484925048690071,separated,60,0.95,mixture/0.5/2/5/11
0.5,2,11,1000,constant,0.22856666666666647,0.21666241046861212,0.24047092286472083,separated,60,0.95,mixture/0.5/2/5/11
0.5,2,12,400,constant,0.2457499999999998,0.22401915123596494,0.26748084876403466,separated,60,0.95,mixture/0.5/2/5/12
0.5,2,12,1000,constant,0.2507000000000005,0.23895194810996356,0.2624480518900374,separated,60,0.95,mixture/0.5/2/5/12
0.5,2,13,400,constant,0.27783333333333304,0.25655618843008177,0.2991104782365843,separated,60,0.95,mixture/0.5/2/5/13
0.5,2,13,1000,constant,0.2853333333333332,0.27192949777260256,0.2987371688940639,separated,60,0.95,mixture/0.5/2/5/13
0.5,2,14,400,constant,0.17600000000000016,0.16147078041085128,0.19052921958914903,separated,60,0.95,mixture/0.5/2/5/14
0.5,2,14,1000,constant,0.17989999999999984,0.17106589231171299,0.1887341076882867,separated,60,0.95,mixture/0.5/2/5/14
0.5,2,15,400,constant,0.1838333333333334,0.1648843645173953,0.2027823021492715,separated,60,0.95,mixture/0.5/2/5/15
0.5,2,15,1000,constant,0.1890999999999997,0.17842521173178894,0.1997747882682105,separated,60,0.95,mixture/0.5/2/5/15
0.5,2,16,400,constant,0.4481666666666668,0.4290736890239881,0.4672596443093455,separated,60,0.95,mixture/0.5/2/5/16
0.5,2,16,1000,constant,0.4463666666666666,0.4325068061321814,0.46022652720115176,separated,60,0.95,mixture/0.5/2/5/16
0.5,2,17,400,constant,0.3935833333333335,0.3681408352246134,0.41902583144205363,separated,60,0.95,mixture/0.5/2/5/17
0.5,2,17,1000,constant,0.4020999999999998,0.3854711780177421,0.41872882198225747,separated,60,0.95,mixture/0.5/2/5/17
0.5,2,18,400,constant,0.7053333333333335,0.6705760789727886,0.7400905876938784,separated,60,0.95,mixture/0.5/2/5/18
0.5,2,18,1000,constant,0.7192999999999998,0.7009171097717989,0.7376828902282008,separated,60,0.95,mixture/0.5/2/5/18
0.5,2,19,400,constant,0.1459999999999999,0.1308787128178206,0.16112128718217922,separated,60,0.95,mixture/0.5/2/5/19
0.5,2,19,1000,constant,0.15126666666666666,0.14300872436379497,0.15952460896953835,separated,60,0.95,mixture/0.5/2/5/19
0.5,3,0,400,constant,0.04899999999999993,0.02973902175151466,0.0682609782484852,separated,60,0.95,mixture/0.5/3/5/0
0.5,3,0,1000,constant,0.05106666666666648,0.03832607720212855,0.06380725613120442,separated,60,0.95,mixture/0.5/3/5/0
0.5,3,1,400,constant,0.22799999999999998,0.2077339094406797,0.24826609055932025,separated,60,0.95,mixture/0.5/3/5/1
0.5,3,1,1000,constant,0.23503333333333354,0.223852057870791,0.2462146087958761,separated,60,0.95,mixture/0.5/3/5/1
0.5,3,2,400,constant,0.36883333333333346,0.3417748632934463,0.3958918033732206,separated,60,0.95,mixture/0.5/3/5/2
0.5,3,2,1000,constant,0.37863333333333304,0.3606389697881369,0.39530006267594575,separated,60,0.95,mixture/0.5/3/5/2
0.5,3,3,400,constant,0.061416666666666564,0.045491628065067014,0.07734170526826611,separated,60,0.95,mixture/0.5/3/5/3
0.5,3,3,1000,constant,0.07049999999999967,0.06142310493397585,0.0795768950660235,separated,60,0.95,mixture/0.5/3/5/3
0.5,3,4,400,constant,0.44016666666666615,0.4072857815001458,0.4730475518331865,separated,60,0.95,mixture/0.5/3/5/4
0.5,3,4,1000,constant,0.4366333333333333,0.41680903590762264,0.456457630759044,separated,60,0.95,mixture/0.5/3/5/4
0.5,3,5,400,constant,0.03283333333333327,0.013197734218776458,0.05246893244789008,separated,60,0.95,mixture/0.5/3/5/5
0.5,3,5,1000,constant,0.049499999999999766,0.03811636500807014,0.06088363499192939,separated,60,0.95,mixture/0.5/3/5/5
0.5,3,6,400,constant,0.17566666666666697,0.1496210456608823,0.20171228767245164,separated,60,0.95,mixture/0.5/3/5/6
0.5,3,6,1000,constant,0.18149999999999988,0.1667966745937185,0.19620332540628127,separated,60,0.95,mixture/0.5/3/5/6
0.5,3,7,400,constant,0.33633333333333326,0.3096127365215926,0.3630539301450739,separated,60,0.95,mixture/0.5/3/5/7
0.5,3,7,1000,constant,0.3591000000000001,0.3451516337390559,0.3730483662609443,separated,60,0.95,mixture/0.5/3/5/7
0.5,3,8,400,constant,0.10183333333333355,0.08556024859332001,0.1181064180733471,separated,60,0.95,mixture/0.5/3/5/8
0.5,3,8,1000,constant,0.10616666666666674,0.0971829782091792,0.11515035512415428,separated,60,0.95,mixture/0.5/3/5/8
0.5,3,9,400,constant,0.16374999999999995,0.14434682365841078,0.18315317634158912,separated,60,0.95,mixture/0.5/3/5/9
0.5,3,9,1000,constant,0.16756666666666686,0.15517106772796485,0.17996226560536888,separated,60,0.95,mixture/0.5/3/5/9
0.5,3,10,400,constant,0.17283333333333362,0.15342344717380085,0.19131525339191857,separated,60,0.95,mixture/0.5/3/5/10
0.5,3,10,1000,constant,0.17626666666666646,0.16417840557688923,0.1883549277564437,separated,60,0.95,mixture/0.5/3/5/10
0.5,3,11,400,constant,0.18874999999999986,0.16525551408500894,0.2122444859149908,separated,60,0.95,mixture/0.5/3/5/11
0.5,3,11,1000,constant,0.1910999999999996,0.17762729756296114,0.20457270243703807,separated,60,0.95,mixture/0.5/3/5/11
0.5,3,12,400,constant,0.0964166666666667,0.08015539638552338,0.11267793694781003,separated,60,0.95,mixture/0.5/3/5/12
0.5,3,12,1000,constant,0.10303333333333364,0.09257450827994296,0.11349215838672433,separated,60,0.95,mixture/0.5/3/5/12
0.5,3,13,400,constant,0.0804999999999999,0.06482606733717022,0.09617393266282959,separated,60,0.95,mixture/0.5/3/5/13
0.5,3,13,1000,constant,0.08036666666666659,0.07072874917951177,0.0900045841538214,separated,60,0.95,mixture/0.5/3/5/13
0.5,3,14,400,constant,0.2171666666666665,0.19280913991275261,0.2415241934205804,separated,60,0.95,mixture/0.5/3/5/14
0.5,3,14,1000,constant,0.21786666666666643,0.20496598183097992,0.23076735150235295,separated,60,0.95,mixture/0.5/3/5/14
0.5,3,15,400,constant,-0.0002499999999996394,-0.020636862039332682,0.020136862039333403,uncertain,60,0.95,mixture/0.5/3/5/15
0.5,3,15,1000,constant,0.013733333333333153,0.0010664345586636204,0.026400232108002686,separated,60,0.95,mixture/0.5/3/5/15
0.5,3,16,400,constant,0.1923333333333338,0.1770760506818163,0.2073700601587446,separated,60,0.95,mixture/0.5/3/5/16
0.5,3,16,1000,constant,0.1964999999999999,0.18757100413180505,0.20542899586819474,separated,60,0.95,mixture/0.5/3/5/16
0.5,3,17,400,constant,0.2699166666666666,0.2503525093014499,0.28948082403188324,separated,60,0.95,mixture/0.5/3/5/17
0.5,3,17,1000,constant,0.2789000000000005,0.26803809221804875,0.2897619077819522,separated,60,0.95,mixture/0.5/3/5/17
0.5,3,18,400,constant,0.0938333333333331,0.07840899461569029,0.10925767205097592,separated,60,0.95,mixture/0.5/3/5/18
0.5,3,18,1000,constant,0.09193333333333298,0.08260398121862456,0.1012626854480414,separated,60,0.95,mixture/0.5/3/5/18
0.5,3,19,400,constant,0.11408333333333376,0.09418446455439367,0.13398220211227385,separated,60,0.95,mixture/0.5/3/5/19
0.5,3,19,1000,constant,0.12336666666666674,0.11004143872642858,0.1366918946069049,separated,60,0.95,mixture/0.5/3/5/19
0.5,4,0,400,constant,0.17299999999999993,0.1529380377483377,0.19306196225166217,separated,60,0.95,mixture/0.5/4/5/0
0.5,4,0,1000,constant,0.1736333333333332,0.1637405912067248,0.1835260754599416,separated,60,0.95,mixture/0.5/4/5/0
0.5,4,1,400,constant,0.14266666666666672,0.12455229143690771,0.16078104189642572,separated,60,0.95,mixture/0.5/4/5/1
0.5,4,1,1000,constant,0.144033333333333,0.13413907520182344,0.15392759146484258,separated,60,0.95,mixture/0.5/4/5/1
0.5,4,2,400,constant,0.06908333333333339,0.04671840993676191,0.09144825672990486,separated,60,0.95,mixture/0.5/4/5/2
0.5,4,2,1000,constant,0.0771666666666666,0.06497945371722191,0.0893538796161113,separated,60,0.95,mixture/0.5/4/5/2
0.5,4,3,400,constant,0.08508333333333318,0.06186038494179058,0.10830628172487577,separated,60,0.95,mixture/0.5/4/5/3
0.5,4,3,1000,constant,0.08646666666666658,0.07321514273624219,0.09971819059709097,separated,60,0.95,mixture/0.5/4/5/3
0.5,4,4,400,constant,0.17283333333333317,0.1556849451078136,0.18998172155885273,separated,60,0.95,mixture/0.5/4/5/4
0.5,4,4,1000,constant,0.17509999999999948,0.16427097717987937,0.18592902282011958,separated,60,0.95,mixture/0.5/4/5/4
0.5,4,5,400,constant,0.08033333333333326,0.055686929017498166,0.10497973764916835,separated,60,0.95,mixture/0.5/4/5/5
0.5,4,5,1000,constant,0.07513333333333327,0.06179316471552354,0.08847350195114301,separated,60,0.95,mixture/0.5/4/5/5
0.5,4,6,400,constant,0.09050000000000025,0.06635243962548731,0.11464756037451318,separated,60,0.95,mixture/0.5/4/5/6
0.5,4,6,1000,constant,0.10796666666666643,0.09296892712878402,0.12296440620454885,separated,60,0.95,mixture/0.5/4/5/6
0.5,4,7,400,constant,0.15433333333333266,0.12479496846044791,0.1838716982062174,separated,60,0.95,mixture/0.5/4/5/7
0.5,4,7,1000,constant,0.15096666666666658,0.13503098835641958,0.16690234497691359,separated,60,0.95,mixture/0.5/4/5/7
0.5,4,8,400,constant,0.15533333333333343,0.12593443101570712,0.18473223565095975,separated,60,0.95,mixture/0.5/4/5/8
0.5,4,8,1000,constant,0.17566666666666686,0.15849134026863432,0.1928419930646994,separated,60,0.95,mixture/0.5/4/5/8
0.5,4,9,400,constant,0.09458333333333346,0.0773398970329281,0.11182676963373883,separated,60,0.95,mixture/0.5/4/5/9
0.5,4,9,1000,constant,0.1039333333333331,0.09335649128421564,0.11451017538245056,separated,60,0.95,mixture/0.5/4/5/9
0.5,4,10,400,constant,0.08741666666666659,0.06228613210196654,0.11254720123136663,separated,60,0.95,mixture/0.5/4/5/10
0.5,4,10,1000,constant,0.10209999999999964,0.08629045515473077,0.1179095448452685,separated,60,0.95,mixture/0.5/4/5/10
0.5,4,11,400,constant,0.14449999999999996,0.12546192458061523,0.1635380754193847,separated,60,0.95,mixture/0.5/4/5/11
0.5,4,11,1000,constant,0.14456666666666673,0.13274640656791925,0.1563869267654142,separated,60,0.95,mixture/0.5/4/5/11
0.5,4,12,400,constant,0.16208333333333347,0.1455646750470987,0.17860199161956825,separated,60,0.95,mixture/0.5/4/5/12
0.5,4,12,1000,constant,0.1674333333333331,0.15858118781377872,0.17628547885288748,separated,60,0.95,mixture/0.5/4/5/12
0.5,4,13,400,constant,0.09649999999999992,0.0801878563797761,0.11281214362022374,separated,60,0.95,mixture/0.5/4/5/13
0.5,4,13,1000,constant,0.095766666666667,0.0868467888949297,0.1046865444384043,separated,60,0.95,mixture/0.5/4/5/13
0.5,4,14,400,constant,0.07025000000000026,0.048573498567725304,0.09192650143227521,separated,60,0.95,mixture/0.5/4/5/14
0.5,4,14,1000,constant,0.07829999999999993,0.0670027608507271,0.08959723914927276,separated,60,0.95,mixture/0.5/4/5/14
0.5,4,15,400,constant,0.06250000000000022,0.0487742025043052,0.07622579749569525,separated,60,0.95,mixture/0.5/4/5/15
0.5,4,15,1000,constant,0.06593333333333318,0.05663049809879184,0.07523616856787452,separated,60,0.95,mixture/0.5/4/5/15
0.5,4,16,400,constant,0.14308333333333367,0.12277074885851325,0.1633959178081541,separated,60,0.95,mixture/0.5/4/5/16
0.5,4,16,1000,constant,0.1582333333333339,0.14670525648167787,0.1697614101849899,separated,60,0.95,mixture/0.5/4/5/16
0.5,4,17,400,constant,0.10783333333333323,0.08874806420676384,0.1269186024599026,separated,60,0.95,mixture/0.5/4/5/17
0.5,4,17,1000,constant,0.11043333333333338,0.09802721767474065,0.12283944899192611,separated,60,0.95,mixture/0.5/4/5/17
0.5,4,18,400,constant,0.22558333333333347,0.19611522078845045,0.2550514458782165,separated,60,0.95,mixture/0.5/4/5/18
0.5,4,18,1000,constant,0.2272333333333335,0.2114240646072859,0.2430426020593811,separated,60,0.95,mixture/0.5/4/5/18
0.5,4,19,400,constant,0.14200000000000013,0.11995076984075503,0.16404923015924522,separated,60,0.95,mixture/0.5/4/5/19
0.5,4,19,1000,constant,0.14546666666666686,0.13242078689266934,0.15851254644066437,separated,60,0.95,mixture/0.5/4/5/19
0.5,5,0,400,constant,0.0581666666666667,0.03871793683365399,0.07761539649967941,separated,60,0.95,mixture/0.5/5/5/0
0.5,5,0,1000,constant,0.061033333333333384,0.0486111755769385,0.07345549108972826,separated,60,0.95,mixture/0.5/5/5/0
0.5,5,1,400,constant,0.04475000000000007,0.02579854072795562,0.06370145927204451,separated,60,0.95,mixture/0.5/5/5/1
0.5,5,1,1000,constant,0.05023333333333313,0.038857071985856306,0.061609594680809954,separated,60,0.95,mixture/0.5/5/5/1
0.5,5,2,400,constant,0.09408333333333341,0.06759266353397864,0.12057400313268818,separated,60,0.95,mixture/0.5/5/5/2
0.5,5,2,1000,constant,0.09753333333333358,0.08031115862836358,0.11365055018997905,separated,60,0.95,mixture/0.5/5/5/2
0.5,5,3,400,constant,0.09525000000000006,0.07634530543774787,0.11415469456225225,separated,60,0.95,mixture/0.5/5/5/3
0.5,5,3,1000,constant,0.09706666666666641,0.08502079182710887,0.10911254150622396,separated,60,0.95,mixture/0.5/5/5/3
0.5,5,4,400,constant,0.03283333333333327,0.010002089581250484,0.055664577085416056,separated,60,0.95,mixture/0.5/5/5/4
0.5,5,4,1000,constant,0.048966666666666936,0.03416412573363803,0.06376920759969584,separated,60,0.95,mixture/0.5/5/5/4
0.5,5,5,400,constant,0.11050000000000026,0.08704370160853359,0.13395629839146694,separated,60,0.95,mixture/0.5/5/5/5
0.5,5,5,1000,constant,0.12129999999999996,0.10814699203210876,0.13445300796789117,separated,60,0.95,mixture/0.5/5/5/5
0.5,5,6,400,constant,0.04816666666666636,0.02237009696739578,0.07396323636593694,separated,60,0.95,mixture/0.5/5/5/6
0.5,5,6,1000,constant,0.05786666666666662,0.042278808161005044,0.0734545251723282,separated,60,0.95,mixture/0.5/5/5/6
0.5,5,7,400,constant,0.03366666666666662,0.01481294075866968,0.052520392574663566,separated,60,0.95,mixture/0.5/5/5/7
0.5,5,7,1000,constant,0.03960000000000019,0.028546191620888228,0.05065380837911215,separated,60,0.95,mixture/0.5/5/5/7
0.5,5,8,400,constant,0.014250000000000207,-0.004657476252416415,0.03315747625241683,uncertain,60,0.95,mixture/0.5/5/5/8
0.5,5,8,1000,constant,0.0177333333333336,0.005676253713007617,0.029790412953659584,separated,60,0.95,mixture/0.5/5/5/8
0.5,5,9,400,constant,0.024499999999999522,0.004463989307456617,0.04453601069254243,separated,60,0.95,mixture/0.5/5/5/9
0.5,5,9,1000,constant,0.030200000000000005,0.017751082600635626,0.04264891739936438,separated,60,0.95,mixture/0.5/5/5/9
0.5,5,10,400,constant,0.06975000000000053,0.046139487376242294,0.09336051262375877,separated,60,0.95,mixture/0.5/5/5/10
0.5,5,10,1000,constant,0.07550000000000001,0.06288935642000526,0.08811064357999476,separated,60,0.95,mixture/0.5/5/5/10
0.5,5,11,400,constant,0.08733333333333326,0.06481021717705071,0.10985644948961582,separated,60,0.95,mixture/0.5/5/5/11
0.5,5,11,1000,constant,0.09819999999999973,0.08482786612377125,0.11157213387622822,separated,60,0.95,mixture/0.5/5/5/11
0.5,5,12,400,constant,0.02633333333333332,0.005710302679478363,0.04562189620613044,separated,60,0.95,mixture/0.5/5/5/12
0.5,5,12,1000,constant,0.03169999999999995,0.01863843105691232,0.04357379136261674,separated,60,0.95,mixture/0.5/5/5/12
0.5,5,13,400,constant,0.06166666666666698,0.04224242350703622,0.08109090982629774,separated,60,0.95,mixture/0.5/5/5/13
0.5,5,13,1000,constant,0.06330000000000013,0.0522991151291029,0.07430088487089737,separated,60,0.95,mixture/0.5/5/5/13
0.5,5,14,400,constant,-0.007250000000000312,-0.027215416615035903,0.012689371078384082,uncertain,60,0.95,mixture/0.5/5/5/14
0.5,5,14,1000,constant,-0.0025333333333332764,-0.01447928945441912,0.009412622787752567,uncertain,60,0.95,mixture/0.5/5/5/14
0.5,5,15,400,constant,0.12149999999999961,0.09826174728075021,0.144738252719249,separated,60,0.95,mixture/0.5/5/5/15
0.5,5,15,1000,constant,0.12103333333333322,0.10739913381976096,0.13466753284690547,separated,60,0.95,mixture/0.5/5/5/15
0.5,5,16,400,constant,0.0008333333333336856,-0.021443126986810945,0.023109793653478317,uncertain,60,0.95,mixture/0.5/5/5/16
0.5,5,16,1000,constant,0.016200000000000214,0.002629098104785066,0.029770901895215363,separated,60,0.95,mixture/0.5/5/5/16
0.5,5,17,400,constant,0.052166666666666694,0.027380603344742127,0.07695272998859126,separated,60,0.95,mixture/0.5/5/5/17
0.5,5,17,1000,constant,0.07033333333333347,0.055591677822026786,0.08507498884464015,separated,60,0.95,mixture/0.5/5/5/17
0.5,5,18,400,constant,0.08958333333333335,0.06978733284839778,0.10937933381826892,separated,60,0.95,mixture/0.5/5/5/18
0.5,5,18,1000,constant,0.09713333333333285,0.08471706030708792,0.10954960635957778,separated,60,0.95,mixture/0.5/5/5/18
0.5,5,19,400,constant,0.035916666666666486,0.012850946581305922,0.05898238675202705,separated,60,0.95,mixture/0.5/5/5/19
0.5,5,19,1000,constant,0.04106666666666681,0.028354111475932697,0.053779221857400916,separated,60,0.95,mixture/0.5/5/5/19
0.5,6,0,400,constant,0.044916666666666494,0.02510969841764532,0.06472363491568767,separated,60,0.95,mixture/0.5/6/5/0
0.5,6,0,1000,constant,0.052066666666666594,0.03894232894373295,0.06519100438960024,separated,60,0.95,mixture/0.5/6/5/0
0.5,6,1,400,constant,0.02966666666666662,0.010460380328468744,0.048872953004864494,separated,60,0.95,mixture/0.5/6/5/1
0.5,6,1,1000,constant,0.0328333333333336,0.021654573440855862,0.044012093225811344,separated,60,0.95,mixture/0.5/6/5/1
0.5,6,2,400,constant,0.09550000000000014,0.0748194687209377,0.11618053127906258,separated,60,0.95,mixture/0.5/6/5/2
0.5,6,2,1000,constant,0.09626666666666672,0.08475973690328387,0.10777359643004958,separated,60,0.95,mixture/0.5/6/5/2
0.5,6,3,400,constant,0.03916666666666668,0.006919913613636752,0.07141341971969661,separated,60,0.95,mixture/0.5/6/5/3
0.5,6,3,1000,constant,0.05113333333333314,0.0325782385518133,0.06968842811485298,separated,60,0.95,mixture/0.5/6/5/3
0.5,6,4,400,constant,0.029583333333333517,0.009862048162246673,0.04930461850442036,separated,60,0.95,mixture/0.5/6/5/4
0.5,6,4,1000,constant,0.033033333333333026,0.02278161520619315,0.0432850514604729,separated,60,0.95,mixture/0.5/6/5/4
0.5,6,5,400,constant,0.06449999999999989,0.04405622123210584,0.08494377876789394,separated,60,0.95,mixture/0.5/6/5/5
0.5,6,5,1000,constant,0.06843333333333312,0.056716363524,0.08015030314266625,separated,60,0.95,mixture/0.5/6/5/5
0.5,6,6,400,constant,0.048666666666666636,0.03138890177401632,0.06594443155931695,separated,60,0.95,mixture/0.5/6/5/6
0.5,6,6,1000,constant,0.05263333333333364,0.041122982932527696,0.06414368373413959,separated,60,0.95,mixture/0.5/6/5/6
0.5,6,7,400,constant,0.058250000000000024,0.027037964489873056,0.08946203551012699,separated,60,0.95,mixture/0.5/6/5/7
0.5,6,7,1000,constant,0.057266666666666355,0.03981173116507242,0.07472160216826029,separated,60,0.95,mixture/0.5/6/5/7
0.5,6,8,400,constant,0.07966666666666666,0.05654635735566527,0.10006957357401458,separated,60,0.95,mixture/0.5/6/5/8
0.5,6,8,1000,constant,0.08209999999999984,0.06651113030496625,0.09455621588014862,separated,60,0.95,mixture/0.5/6/5/8
0.5,6,9,400,constant,0.028166666666666562,0.005157500406888338,0.051175832926444786,separated,60,0.95,mixture/0.5/6/5/9
0.5,6,9,1000,constant,0.037333333333332996,0.023900500907661826,0.05076616575900417,separated,60,0.95,mixture/0.5/6/5/9
0.5,6,10,400,constant,0.09908333333333341,0.07829480397988753,0.1198718626867793,separated,60,0.95,mixture/0.5/6/5/10
0.5,6,10,1000,constant,0.1093000000000004,0.09767469111102245,0.12092530888897834,separated,60,0.95,mixture/0.5/6/5/10
0.5,6,11,400,constant,0.06824999999999981,0.02633508930866424,0.09380966969313353,separated,60,0.95,mixture/0.5/6/5/11
0.5,6,11,1000,constant,0.07979999999999998,0.06855440644443211,0.09104559355556785,separated,60,0.95,mixture/0.5/6/5/11
0.5,6,12,400,constant,0.07124999999999992,0.05413758944381286,0.08836241055618699,separated,60,0.95,mixture/0.5/6/5/12
0.5,6,12,1000,constant,0.0717333333333332,0.06180088679531759,0.08166577987134882,separated,60,0.95,mixture/0.5/6/5/12
0.5,6,13,400,constant,0.05849999999999955,0.03393854019123377,0.08306145980876534,separated,60,0.95,mixture/0.5/6/5/13
0.5,6,13,1000,constant,0.06523333333333348,0.05120915538172022,0.07925751128494674,separated,60,0.95,mixture/0.5/6/5/13
0.5,6,14,400,constant,0.023583333333332956,0.002066256046512005,0.04510041062015391,separated,60,0.95,mixture/0.5/6/5/14
0.5,6,14,1000,constant,0.024866666666666926,0.012228372289126654,0.0375049610442072,separated,60,0.95,mixture/0.5/6/5/14
0.5,6,15,400,constant,0.003666666666666374,-0.017831519306459542,0.02516485263979229,uncertain,60,0.95,mixture/0.5/6/5/15
0.5,6,15,1000,constant,0.011833333333333251,-0.0011444063901762114,0.024811073056842714,uncertain,60,0.95,mixture/0.5/6/5/15
0.5,6,16,400,constant,0.0854166666666667,0.06184514289866516,0.10898819043466823,separated,60,0.95,mixture/0.5/6/5/16
0.5,6,16,1000,constant,0.0933999999999997,0.08038789836397586,0.10641210163602355,separated,60,0.95,mixture/0.5/6/5/16
0.5,6,17,400,constant,-0.004416666666666624,-0.024415613804333325,0.015582280471000076,uncertain,60,0.95,mixture/0.5/6/5/17
0.5,6,17,1000,constant,0.007400000000000073,-0.006180200781275347,0.020980200781275493,uncertain,60,0.95,mixture/0.5/6/5/17
0.5,6,18,400,constant,0.05208333333333359,0.025806466660833194,0.07836020000583399,separated,60,0.95,mixture/0.5/6/5/18
0.5,6,18,1000,constant,0.06380000000000019,0.04771228100260361,0.07988771899739677,separated,60,0.95,mixture/0.5/6/5/18
0.5,6,19,400,constant,0.07408333333333339,0.05028747527153099,0.09787919139513579,separated,60,0.95,mixture/0.5/6/5/19
0.5,6,19,1000,constant,0.07920000000000027,0.06571181723176245,0.09268818276823809,separated,60,0.95,mixture/0.5/6/5/19
0.5,7,0,400,constant,-0.09241666666666659,-0.14428157330875713,-0.040551760024576056,nonseparated,60,0.95,mixture/0.5/7/5/0
0.5,7,0,1000,constant,-0.04523333333333346,-0.07638452457197875,-0.014082142094688166,nonseparated,60,0.95,mixture/0.5/7/5/0
0.5,7,1,400,constant,0.00900000000000023,-0.01201184255933152,0.03001184255933198,uncertain,60,0.95,mixture/0.5/7/5/1
0.5,7,1,1000,constant,0.01196666666666657,-0.0012306795755065991,0.02516401290883974,uncertain,60,0.95,mixture/0.5/7/5/1
0.5,7,2,400,constant,0.06666666666666676,0.03638255047129724,0.09695078286203629,separated,60,0.95,mixture/0.5/7/5/2
0.5,7,2,1000,constant,0.07403333333333373,0.05569708684724972,0.09236957981941774,separated,60,0.95,mixture/0.5/7/5/2
0.5,7,3,400,constant,0.047999999999999376,0.030798189753625804,0.06520181024637295,separated,60,0.95,mixture/0.5/7/5/3
0.5,7,3,1000,constant,0.04789999999999972,0.03785265455674092,0.057947345443258524,separated,60,0.95,mixture/0.5/7/5/3
0.5,7,4,400,constant,0.09091666666666653,0.0633516539029827,0.11848167943035037,separated,60,0.95,mixture/0.5/7/5/4
0.5,7,4,1000,constant,0.09393333333333298,0.0795535026511558,0.10831316401551017,separated,60,0.95,mixture/0.5/7/5/4
0.5,7,5,400,constant,0.05233333333333334,0.02969124278536217,0.07497542388130451,separated,60,0.95,mixture/0.5/7/5/5
0.5,7,5,1000,constant,0.06310000000000027,0.051764370415586236,0.0744356295844143,separated,60,0.95,mixture/0.5/7/5/5
0.5,7,6,400,constant,0.017416666666666858,-0.0030791866756963993,0.037912520009030115,uncertain,60,0.95,mixture/0.5/7/5/6
0.5,7,6,1000,constant,0.01956666666666651,0.007253769002480426,0.031879564330852594,separated,60,0.95,mixture/0.5/7/5/6
0.5,7,7,400,constant,0.1084166666666666,0.0883483074715199,0.12848502586181332,separated,60,0.95,mixture/0.5/7/5/7
0.5,7,7,1000,constant,0.10986666666666689,0.09866172607775026,0.12107160725558352,separated,60,0.95,mixture/0.5/7/5/7
0.5,7,8,400,constant,0.006249999999999978,-0.01264361768515987,0.025143617685159825,uncertain,60,0.95,mixture/0.5/7/5/8
0.5,7,8,1000,constant,0.017266666666666652,0.0052178603912778065,0.029315472942055498,separated,60,0.95,mixture/0.5/7/5/8
0.5,7,9,400,constant,-0.04283333333333339,-0.06688240151473124,-0.018784265151935542,nonseparated,60,0.95,mixture/0.5/7/5/9
0.5,7,9,1000,constant,-0.031133333333333346,-0.04485641418760811,-0.017410252479058586,nonseparated,60,0.95,mixture/0.5/7/5/9
0.5,7,10,400,constant,-0.025083333333333457,-0.04586922101680346,-0.004297445649863452,nonseparated,60,0.95,mixture/0.5/7/5/10
0.5,7,10,1000,constant,-0.015333333333333199,-0.027423954528158156,-0.0032427121385082414,nonseparated,60,0.95,mixture/0.5/7/5/10
0.5,7,11,400,constant,0.022249999999999992,0.0053093954887249994,0.039190604511274985,separated,60,0.95,mixture/0.5/7/5/11
0.5,7,11,1000,constant,0.02296666666666647,0.013164050971774977,0.03276928236155796,separated,60,0.95,mixture/0.5/7/5/11
0.5,7,12,400,constant,-0.025000000000000022,-0.04724025278147115,-0.0027597472185288963,nonseparated,60,0.95,mixture/0.5/7/5/12
0.5,7,12,1000,constant,-0.0176333333333335,-0.029620549424520193,-0.005646117242146809,nonseparated,60,0.95,mixture/0.5/7/5/12
0.5,7,13,400,constant,0.04308333333333325,0.019143335481994983,0.06702333118467152,separated,60,0.95,mixture/0.5/7/5/13
0.5,7,13,1000,constant,0.049033333333333484,0.03594350822886949,0.06212315843779748,separated,60,0.95,mixture/0.5/7/5/13
0.5,7,14,400,constant,-0.038833333333333275,-0.06020398662780935,-0.017462680038857203,nonseparated,60,0.95,mixture/0.5/7/5/14
0.5,7,14,1000,constant,-0.03693333333333326,-0.047895711095434446,-0.02597095557123208,nonseparated,60,0.95,mixture/0.5/7/5/14
0.5,7,15,400,constant,-0.0561666666666667,-0.08372903550556277,-0.02860429782777063,nonseparated,60,0.95,mixture/0.5/7/5/15
0.5,7,15,1000,constant,-0.046866666666666834,-0.06250668357694,-0.031226649756393665,nonseparated,60,0.95,mixture/0.5/7/5/15
0.5,7,16,400,constant,0.05249999999999988,0.03292985498174272,0.07207014501825704,separated,60,0.95,mixture/0.5/7/5/16
0.5,7,16,1000,constant,0.06030000000000002,0.047653932128546295,0.07294606787145375,separated,60,0.95,mixture/0.5/7/5/16
0.5,7,17,400,constant,-0.004583333333333384,-0.026852013391777563,0.017685346725110795,uncertain,60,0.95,mixture/0.5/7/5/17
0.5,7,17,1000,constant,0.011133333333333773,-0.002355424416557006,0.02462209108322455,uncertain,60,0.95,mixture/0.5/7/5/17
0.5,7,18,400,constant,0.09850000000000003,0.07018018011700455,0.1268198198829955,separated,60,0.95,mixture/0.5/7/5/18
0.5,7,18,1000,constant,0.11936666666666684,0.1019164851532327,0.1350291591032461,separated,60,0.95,mixture/0.5/7/5/18
0.5,7,19,400,constant,-0.1484166666666663,-0.17342138206586966,-0.12341195126746296,nonseparated,60,0.95,mixture/0.5/7/5/19
0.5,7,19,1000,constant,-0.1402333333333331,-0.1543105253130681,-0.1261561413535981,nonseparated,60,0.95,mixture/0.5/7/5/19
0.5,8,0,400,constant,0.023333333333333428,0.003364107762350743,0.04330255890431611,separated,60,0.95,mixture/0.5/8/5/0
0.5,8,0,1000,constant,0.021266666666666434,0.009712674709847935,0.03282065862348493,separated,60,0.95,mixture/0.5/8/5/0
0.5,8,1,400,constant,-0.01633333333333331,-0.04311971405915205,0.010453047392485426,uncertain,60,0.95,mixture/0.5/8/5/1
0.5,8,1,1000,constant,-0.010733333333333483,-0.02653772212137684,0.005071055454709872,uncertain,60,0.95,mixture/0.5/8/5/1
0.5,8,2,400,constant,0.02983333333333371,0.004792390596340956,0.054874276070326466,separated,60,0.95,mixture/0.5/8/5/2
0.5,8,2,1000,constant,0.03766666666666696,0.02312055177464034,0.05221278155869358,separated,60,0.95,mixture/0.5/8/5/2
0.5,8,3,400,constant,-0.0331666666666669,-0.05656487788968445,-0.009768455443649349,nonseparated,60,0.95,mixture/0.5/8/5/3
0.5,8,3,1000,constant,-0.027766666666666717,-0.043231998167528096,-0.012301335165805338,nonseparated,60,0.95,mixture/0.5/8/5/3
0.5,8,4,400,constant,0.02366666666666639,0.0032814354996548722,0.042596114138663044,separated,60,0.95,mixture/0.5/8/5/4
0.5,8,4,1000,constant,0.028066666666666573,0.014999182994911542,0.041134150338421605,separated,60,0.95,mixture/0.5/8/5/4
0.5,8,5,400,constant,0.0022500000000001963,-0.017689407545474545,0.020638556062306246,uncertain,60,0.95,mixture/0.5/8/5/5
0.5,8,5,1000,constant,0.006933333333333347,-0.0046904056871196476,0.01855707235378634,uncertain,60,0.95,mixture/0.5/8/5/5
0.5,8,6,400,constant,0.03816666666666635,0.011534652549209046,0.06479868078412365,separated,60,0.95,mixture/0.5/8/5/6
0.5,8,6,1000,constant,0.05296666666666683,0.039436142448363465,0.06649719088497019,separated,60,0.95,mixture/0.5/8/5/6
0.5,8,7,400,constant,0.0014166666666667327,-0.024858551684651564,0.02769188501798503,uncertain,60,0.95,mixture/0.5/8/5/7
0.5,8,7,1000,constant,0.016433333333333522,0.0008556440329270387,0.032011022633740005,separated,60,0.95,mixture/0.5/8/5/7
0.5,8,8,400,constant,-0.052166666666666583,-0.0758469610412752,-0.02848637229205797,nonseparated,60,0.95,mixture/0.5/8/5/8
0.5,8,8,1000,constant,-0.039100000000000135,-0.05311144302189197,-0.0250885569781083,nonseparated,60,0.95,mixture/0.5/8/5/8
0.5,8,9,400,constant,-0.011666666666666492,-0.044064774894723935,0.02073144156139095,uncertain,60,0.95,mixture/0.5/8/5/9
0.5,8,9,1000,constant,-0.005566666666666276,-0.023432327791166996,0.012298994457834445,uncertain,60,0.95,mixture/0.5/8/5/9
0.5,8,10,400,constant,0.06374999999999975,0.030775206093253127,0.09517977445776571,separated,60,0.95,mixture/0.5/8/5/10
0.5,8,10,1000,constant,0.06933333333333347,0.05400468069007458,0.08466198597659236,separated,60,0.95,mixture/0.5/8/5/10
0.5,8,11,400,constant,-0.09091666666666687,-0.12647244880812902,-0.05536088452520471,nonseparated,60,0.95,mixture/0.5/8/5/11
0.5,8,11,1000,constant,-0.08096666666666641,-0.10179919648727986,-0.060134136846052955,nonseparated,60,0.95,mixture/0.5/8/5/11
0.5,8,12,400,constant,-0.04999999999999993,-0.07298351693422078,-0.027016483065779084,nonseparated,60,0.95,mixture/0.5/8/5/12
0.5,8,12,1000,constant,-0.047366666666666446,-0.06304490566630205,-0.03168842766703084,nonseparated,60,0.95,mixture/0.5/8/5/12
0.5,8,13,400,constant,0.08933333333333326,0.06706266371773939,0.11160400294892714,separated,60,0.95,mixture/0.5/8/5/13
0.5,8,13,1000,constant,0.10363333333333369,0.09051999863509241,0.11674666803157496,separated,60,0.95,mixture/0.5/8/5/13
0.5,8,14,400,constant,0.027249999999999996,-0.0017157370208572553,0.05621573702085725,uncertain,60,0.95,mixture/0.5/8/5/14
0.5,8,14,1000,constant,0.04056666666666675,0.02373216244878873,0.05740117088454477,separated,60,0.95,mixture/0.5/8/5/14
0.5,8,15,400,constant,0.018916666666666915,-0.0036512986199035424,0.04148463195323737,uncertain,60,0.95,mixture/0.5/8/5/15
0.5,8,15,1000,constant,0.025399999999999756,0.010822325464412308,0.039977674535587204,separated,60,0.95,mixture/0.5/8/5/15
0.5,8,16,400,constant,-0.0389166666666666,-0.07554359862814752,-0.0022897347051856753,nonseparated,60,0.95,mixture/0.5/8/5/16
0.5,8,16,1000,constant,-0.0482666666666669,-0.06932483264749612,-0.02720850068583769,nonseparated,60,0.95,mixture/0.5/8/5/16
0.5,8,17,400,constant,0.07133333333333303,0.049832637042407146,0.0928340296242589,separated,60,0.95,mixture/0.5/8/5/17
0.5,8,17,1000,constant,0.07816666666666616,0.06550894620918446,0.09082438712414787,separated,60,0.95,mixture/0.5/8/5/17
0.5,8,18,400,constant,-0.041666666666667074,-0.06452619068373733,-0.01880714264959682,nonseparated,60,0.95,mixture/0.5/8/5/18
0.5,8,18,1000,constant,-0.03373333333333328,-0.04609967786218061,-0.021366988804485954,nonseparated,60,0.95,mixture/0.5/8/5/18
0.5,8,19,400,constant,-0.038833333333333275,-0.0596915793339543,-0.017975087332712247,nonseparated,60,0.95,mixture/0.5/8/5/19
0.5,8,19,1000,constant,-0.03970000000000018,-0.05213300844413504,-0.027266991555865316,nonseparated,60,0.95,mixture/0.5/8/5/19
0.5,9,0,400,constant,-0.08758333333333324,-0.11193869742067042,-0.06322796924599605,nonseparated,60,0.95,mixture/0.5/9/5/0
0.5,9,0,1000,constant,-0.07693333333333319,-0.09135188117802251,-0.06251478548864386,nonseparated,60,0.95,mixture/0.5/9/5/0
0.5,9,1,400,constant,-0.038666666666666405,-0.059801893096287584,-0.017531440237045226,nonseparated,60,0.95,mixture/0.5/9/5/1
0.5,9,1,1000,constant,-0.03306666666666647,-0.04549390957835264,-0.02063942375498029,nonseparated,60,0.95,mixture/0.5/9/5/1
0.5,9,2,400,constant,0.04441666666666666,0.01788283784560485,0.07095049548772847,separated,60,0.95,mixture/0.5/9/5/2
0.5,9,2,1000,constant,0.05126666666666657,0.036133041159089996,0.06640029217424315,separated,60,0.95,mixture/0.5/9/5/2
0.5,9,3,400,constant,-0.09200000000000041,-0.11416010866406934,-0.07185547400406145,nonseparated,60,0.95,mixture/0.5/9/5/3
0.5,9,3,1000,constant,-0.08950000000000025,-0.10447614229192115,-0.07602674678025356,nonseparated,60,0.95,mixture/0.5/9/5/3
0.5,9,4,400,constant,0.03258333333333285,0.009544590230205263,0.055622076436460444,separated,60,0.95,mixture/0.5/9/5/4
0.5,9,4,1000,constant,0.039866666666666606,0.028506485096234546,0.051226848237098666,separated,60,0.95,mixture/0.5/9/5/4
0.5,9,5,400,constant,-0.006000000000000116,-0.03280250294434095,0.020802502944340717,uncertain,60,0.95,mixture/0.5/9/5/5
0.5,9,5,1000,constant,0.0015333333333330534,-0.01627569280234542,0.019342359469011527,uncertain,60,0.95,mixture/0.5/9/5/5
0.5,9,6,400,constant,0.014083333333333004,-0.009382145451240054,0.03754881211790606,uncertain,60,0.95,mixture/0.5/9/5/6
0.5,9,6,1000,constant,0.01723333333333299,0.002944113605018006,0.03152255306164797,separated,60,0.95,mixture/0.5/9/5/6
0.5,9,7,400,constant,0.006000000000000227,-0.03165971546246682,0.02985312734113499,uncertain,60,0.95,mixture/0.5/9/5/7
0.5,9,7,1000,constant,0.00963333333333316,-0.01211014523839693,0.02181569481610668,uncertain,60,0.95,mixture/0.5/9/5/7
0.5,9,8,400,constant,0.028166666666666784,0.007665412726906795,0.04866792060642677,separated,60,0.95,mixture/0.5/9/5/8
0.5,9,8,1000,constant,0.03499999999999992,0.022115419933583125,0.047884580066416715,separated,60,0.95,mixture/0.5/9/5/8
0.5,9,9,400,constant,0.0086666666666666,-0.014251935667548232,0.03103361550505568,uncertain,60,0.95,mixture/0.5/9/5/9
0.5,9,9,1000,constant,0.013833333333333697,0.0018462120424420636,0.024139698548406585,separated,60,0.95,mixture/0.5/9/5/9
0.5,9,10,400,constant,-0.055666666666666975,-0.07854560525891774,-0.03278772807441621,nonseparated,60,0.95,mixture/0.5/9/5/10
0.5,9,10,1000,constant,-0.04826666666666668,-0.06308772324356504,-0.03344561008976832,nonseparated,60,0.95,mixture/0.5/9/5/10
0.5,9,11,400,constant,-0.045166666666666466,-0.07404386639982319,-0.016289466933509744,nonseparated,60,0.95,mixture/0.5/9/5/11
0.5,9,11,1000,constant,-0.03266666666666673,-0.048675789231264366,-0.0166575441020691,nonseparated,60,0.95,mixture/0.5/9/5/11
0.5,9,12,400,constant,-0.008583333333333276,-0.037132821891138756,0.019966155224472204,uncertain,60,0.95,mixture/0.5/9/5/12
0.5,9,12,1000,constant,-0.003666666666666707,-0.019152183852817917,0.011818850519484503,uncertain,60,0.95,mixture/0.5/9/5/12
0.5,9,13,400,constant,-0.1276666666666666,-0.1605728556320951,-0.09476047770123808,nonseparated,60,0.95,mixture/0.5/9/5/13
0.5,9,13,1000,constant,-0.09299999999999986,-0.11391069748521254,-0.07208930251478718,nonseparated,60,0.95,mixture/0.5/9/5/13
0.5,9,14,400,constant,-0.04141666666666666,-0.07772019956345178,-0.005113133769881539,nonseparated,60,0.95,mixture/0.5/9/5/14
0.5,9,14,1000,constant,-0.03489999999999982,-0.05519011392818962,-0.014609886071810019,nonseparated,60,0.95,mixture/0.5/9/5/14
0.5,9,15,400,constant,0.08416666666666672,0.05650149890344125,0.1118318344298922,separated,60,0.95,mixture/0.5/9/5/15
0.5,9,15,1000,constant,0.08359999999999979,0.06530333706847802,0.10189666293152155,separated,60,0.95,mixture/0.5/9/5/15
0.5,9,16,400,constant,-0.07458333333333322,-0.10548634458830597,-0.04368032207836048,nonseparated,60,0.95,mixture/0.5/9/5/16
0.5,9,16,1000,constant,-0.06553333333333289,-0.08322483135973635,-0.047841835306929426,nonseparated,60,0.95,mixture/0.5/9/5/16
0.5,9,17,400,constant,0.0025000000000002798,-0.01763739547758192,0.022637395477582478,uncertain,60,0.95,mixture/0.5/9/5/17
0.5,9,17,1000,constant,0.007500000000000173,-0.005424462765813098,0.020424462765813445,uncertain,60,0.95,mixture/0.5/9/5/17
0.5,9,18,400,constant,-0.05758333333333332,-0.07952985025853965,-0.03563681640812699,nonseparated,60,0.95,mixture/0.5/9/5/18
0.5,9,18,1000,constant,-0.05139999999999989,-0.06388898980536883,-0.038911010194630946,nonseparated,60,0.95,mixture/0.5/9/5/18
0.5,9,19,400,constant,0.011250000000000204,-0.012092314175893293,0.031797581425058175,uncertain,60,0.95,mixture/0.5/9/5/19
0.5,9,19,1000,constant,0.012766666666666593,-0.0004703553676908001,0.026003688701023986,uncertain,60,0.95,mixture/0.5/9/5/19
0.5,10,0,400,constant,0.012000000000000344,-0.012328630938039709,0.03612024052456497,uncertain,60,0.95,mixture/0.5/10/5/0
0.5,10,0,1000,constant,0.01833333333333287,0.0041910773928997,0.03247558927376604,separated,60,0.95,mixture/0.5/10/5/0
0.5,10,1,400,constant,0.07758333333333367,0.05364683733843334,0.09867864164513518,separated,60,0.95,mixture/0.5/10/5/1
0.5,10,1,1000,constant,0.07866666666666644,0.06656579783460204,0.09076753549873084,separated,60,0.95,mixture/0.5/10/5/1
0.5,10,2,400,constant,-0.04324999999999979,-0.06627388177766991,-0.02022611822232967,nonseparated,60,0.95,mixture/0.5/10/5/2
0.5,10,2,1000,constant,-0.03466666666666662,-0.04710149012258602,-0.022231843210747226,nonseparated,60,0.95,mixture/0.5/10/5/2
0.5,10,3,400,constant,-0.034166666666666345,-0.05841387275692622,-0.00991946057640647,nonseparated,60,0.95,mixture/0.5/10/5/3
0.5,10,3,1000,constant,-0.029533333333333744,-0.042979804082503015,-0.016086862584164474,nonseparated,60,0.95,mixture/0.5/10/5/3
0.5,10,4,400,constant,-0.010416666666666963,-0.05126323365224883,0.030429900318914904,uncertain,60,0.95,mixture/0.5/10/5/4
0.5,10,4,1000,constant,-0.01499999999999968,-0.041184741589778695,0.011184741589779335,uncertain,60,0.95,mixture/0.5/10/5/4
0.5,10,5,400,constant,-0.020166666666666444,-0.039316206954279065,-0.0010171263790538232,nonseparated,60,0.95,mixture/0.5/10/5/5
0.5,10,5,1000,constant,-0.016266666666666874,-0.02675895069086376,-0.0057743826424699884,nonseparated,60,0.95,mixture/0.5/10/5/5
0.5,10,6,400,constant,-0.010916666666667019,-0.029220719728083377,0.00738738639474934,uncertain,60,0.95,mixture/0.5/10/5/6
0.5,10,6,1000,constant,-0.009433333333333516,-0.020797383825945426,0.0019307171592783945,uncertain,60,0.95,mixture/0.5/10/5/6
0.5,10,7,400,constant,-0.009083333333333332,-0.036351690023492034,0.01818502335682537,uncertain,60,0.95,mixture/0.5/10/5/7
0.5,10,7,1000,constant,0.002766666666666695,-0.011774896954323877,0.017308230287657267,uncertain,60,0.95,mixture/0.5/10/5/7
0.5,10,8,400,constant,0.026833333333333265,0.005612511567914313,0.048054155098752216,separated,60,0.95,mixture/0.5/10/5/8
0.5,10,8,1000,constant,0.02740000000000009,0.014577767349547077,0.040222232650453105,separated,60,0.95,mixture/0.5/10/5/8
0.5,10,9,400,constant,0.04225000000000012,0.01238008643743016,0.07211991356257008,separated,60,0.95,mixture/0.5/10/5/9
0.5,10,9,1000,constant,0.04246666666666721,0.02734164496742275,0.05739752565346812,separated,60,0.95,mixture/0.5/10/5/9
0.5,10,10,400,constant,0.0684166666666669,0.03854362568775205,0.09163060296177383,separated,60,0.95,mixture/0.5/10/5/10
0.5,10,10,1000,constant,0.06879999999999986,0.056232111625390435,0.08136788837460929,separated,60,0.95,mixture/0.5/10/5/10
0.5,10,11,400,constant,-0.004666666666666708,-0.027727881798306542,0.018394548464973126,uncertain,60,0.95,mixture/0.5/10/5/11
0.5,10,11,1000,constant,-3.3333333333440684e-05,-0.014345973664068201,0.01427930699740132,uncertain,60,0.95,mixture/0.5/10/5/11
0.5,10,12,400,constant,-0.036000000000000254,-0.05675131004996381,-0.015248689950036698,nonseparated,60,0.95,mixture/0.5/10/5/12
0.5,10,12,1000,constant,-0.029900000000000038,-0.04193689347288465,-0.017863106527115424,nonseparated,60,0.95,mixture/0.5/10/5/12
0.5,10,13,400,constant,-0.02666666666666684,-0.055810783137773434,0.0024774498044397575,uncertain,60,0.95,mixture/0.5/10/5/13
0.5,10,13,1000,constant,-0.018833333333333258,-0.036540375808407966,-0.0011262908582585496,nonseparated,60,0.95,mixture/0.5/10/5/13
0.5,10,14,400,constant,0.046666666666666745,0.011499067582017575,0.07651918508182443,separated,60,0.95,mixture/0.5/10/5/14
0.5,10,14,1000,constant,0.05113333333333303,0.031158143596709986,0.07110852306995608,separated,60,0.95,mixture/0.5/10/5/14
0.5,10,15,400,constant,-0.021666666666666834,-0.0496289596568642,0.0016587697131142942,uncertain,60,0.95,mixture/0.5/10/5/15
0.5,10,15,1000,constant,-0.01563333333333361,-0.031823597168133544,-0.00035048960261907514,nonseparated,60,0.95,mixture/0.5/10/5/15
0.5,10,16,400,constant,-0.06724999999999992,-0.09606080182796783,-0.03843919817203201,nonseparated,60,0.95,mixture/0.5/10/5/16
0.5,10,16,1000,constant,-0.06123333333333325,-0.07793497200891841,-0.04453169465774809,nonseparated,60,0.95,mixture/0.5/10/5/16
0.5,10,17,400,constant,-0.060833333333333184,-0.09030867728183956,-0.03135798938482681,nonseparated,60,0.95,mixture/0.5/10/5/17
0.5,10,17,1000,constant,-0.058800000000000185,-0.07617124260024732,-0.04142875739975305,nonseparated,60,0.95,mixture/0.5/10/5/17
0.5,10,18,400,constant,0.020916666666666472,-0.011806460297841825,0.05363979363117477,uncertain,60,0.95,mixture/0.5/10/5/18
0.5,10,18,1000,constant,0.024466666666666748,0.0066090154641147425,0.04232431786921875,separated,60,0.95,mixture/0.5/10/5/18
0.5,10,19,400,constant,0.011250000000000426,-0.019036002955120646,0.03811127611027698,uncertain,60,0.95,mixture/0.5/10/5/19
0.5,10,19,1000,constant,0.012199999999999767,-0.002383179471422414,0.026783179471421947,uncertain,60,0.95,mixture/0.5/10/5/19
1.0,2,0,400,constant,0.13041666666666663,0.10945718404860261,0.15137614928473064,separated,60,0.95,mixture/1.0/2/5/0
1.0,2,0,1000,constant,0.13766666666666683,0.12609031234296042,0.14924302099037323,separated,60,0.95,mixture/1.0/2/5/0
1.0,2,1,400,constant,0.12241666666666695,0.1064210640781671,0.1384122692551668,separated,60,0.95,mixture/1.0/2/5/1
1.0,2,1,1000,constant,0.12670000000000026,0.1170677436624733,0.1363322563375272,separated,60,0.95,mixture/1.0/2/5/1
1.0,2,2,400,constant,0.1316666666666665,0.1181599616688791,0.14517337166445388,separated,60,0.95,mixture/1.0/2/5/2
1.0,2,2,1000,constant,0.13323333333333331,0.1253353645517764,0.14113130211489022,separated,60,0.95,mixture/1.0/2/5/2
1.0,2,3,400,constant,0.11725000000000008,0.10257887891029505,0.1319211210897051,separated,60,0.95,mixture/1.0/2/5/3
1.0,2,3,1000,constant,0.1192000000000002,0.11088717917453772,0.12751282082546267,separated,60,0.95,mixture/1.0/2/5/3
1.0,2,4,400,constant,0.17716666666666703,0.16030283803819023,0.19403049529514382,separated,60,0.95,mixture/1.0/2/5/4
1.0,2,4,1000,constant,0.19023333333333303,0.18012138580752124,0.20034528085914483,separated,60,0.95,mixture/1.0/2/5/4
1.0,2,5,400,constant,0.0298333333333336,0.015493151176785958,0.04417351548988124,separated,60,0.95,mixture/1.0/2/5/5
1.0,2,5,1000,constant,0.03616666666666668,0.027448997373608175,0.044884335959725186,separated,60,0.95,mixture/1.0/2/5/5
1.0,2,6,400,constant,0.19033333333333335,0.1705768762591443,0.2100897904075224,separated,60,0.95,mixture/1.0/2/5/6
1.0,2,6,1000,constant,0.19926666666666693,0.1882584621437502,0.21027487118958366,separated,60,0.95,mixture/1.0/2/5/6
1.0,2,7,400,constant,0.050750000000000295,0.03522370283671816,0.06627629716328243,separated,60,0.95,mixture/1.0/2/5/7
1.0,2,7,1000,constant,0.06016666666666637,0.05110376899067881,0.06922956434265393,separated,60,0.95,mixture/1.0/2/5/7
1.0,2,8,400,constant,0.12808333333333322,0.11466439485548341,0.14150227181118302,separated,60,0.95,mixture/1.0/2/5/8
1.0,2,8,1000,constant,0.1303333333333332,0.1225222469566819,0.13814441970998448,separated,60,0.95,mixture/1.0/2/5/8
1.0,2,9,400,constant,0.12991666666666668,0.11378250021043324,0.14605083312290013,separated,60,0.95,mixture/1.0/2/5/9
1.0,2,9,1000,constant,0.12976666666666659,0.12076214685022202,0.13877118648311115,separated,60,0.95,mixture/1.0/2/5/9
1.0,2,10,400,constant,0.20358333333333356,0.1887470005276698,0.21841966613899733,separated,60,0.95,mixture/1.0/2/5/10
1.0,2,10,1000,constant,0.20643333333333358,0.19733783568145147,0.2155288309852157,separated,60,0.95,mixture/1.0/2/5/10
1.0,2,11,400,constant,0.25675000000000026,0.23687492502850194,0.2766250749714987,separated,60,0.95,mixture/1.0/2/5/11
1.0,2,11,1000,constant,0.26170000000000004,0.25092383562497333,0.27247616437502675,separated,60,0.95,mixture/1.0/2/5/11
1.0,2,12,400,constant,0.1295000000000004,0.11518827773603724,0.14381172226396355,separated,60,0.95,mixture/1.0/2/5/12
1.0,2,12,1000,constant,0.12920000000000031,0.11998080953156132,0.1381893242372868,separated,60,0.95,mixture/1.0/2/5/12
1.0,2,13,400,constant,0.12891666666666657,0.11344981185548819,0.14438352147784494,separated,60,0.95,mixture/1.0/2/5/13
1.0,2,13,1000,constant,0.12533333333333307,0.11656324333790347,0.13410342332876268,separated,60,0.95,mixture/1.0/2/5/13
1.0,2,14,400,constant,0.1616666666666664,0.1458910963967297,0.1774422369366031,separated,60,0.95,mixture/1.0/2/5/14
1.0,2,14,1000,constant,0.17013333333333325,0.16092628883272764,0.17934037783393886,separated,60,0.95,mixture/1.0/2/5/14
1.0,2,15,400,constant,0.26258333333333317,0.24553144343076272,0.2796352232359036,separated,60,0.95,mixture/1.0/2/5/15
1.0,2,15,1000,constant,0.27229999999999965,0.26113279444509174,0.28346720555490756,separated,60,0.95,mixture/1.0/2/5/15
1.0,2,16,400,constant,0.20591666666666653,0.18554568203540256,0.2262876512979305,separated,60,0.95,mixture/1.0/2/5/16
1.0,2,16,1000,constant,0.20630000000000026,0.1941124223053875,0.21848757769461302,separated,60,0.95,mixture/1.0/2/5/16
1.0,2,17,400,constant,0.036416666666666875,0.022661970958922195,0.050171362374411554,separated,60,0.95,mixture/1.0/2/5/17
1.0,2,17,1000,constant,0.03849999999999976,0.030611510123490615,0.0463884898765089,separated,60,0.95,mixture/1.0/2/5/17
1.0,2,18,400,constant,0.17216666666666647,0.15662951145780668,0.18770382187552626,separated,60,0.95,mixture/1.0/2/5/18
1.0,2,18,1000,constant,0.17293333333333394,0.16311561022445986,0.18275105644220802,separated,60,0.95,mixture/1.0/2/5/18
1.0,2,19,400,constant,0.07766666666666677,0.06513605596459349,0.09019727736874006,separated,60,0.95,mixture/1.0/2/5/19
1.0,2,19,1000,constant,0.0800000000000003,0.07206886244554345,0.08793113755445714,separated,60,0.95,mixture/1.0/2/5/19
1.0,3,0,400,constant,0.09200000000000019,0.07555461239073313,0.10844538760926725,separated,60,0.95,mixture/1.0/3/5/0
1.0,3,0,1000,constant,0.09496666666666687,0.08467054287034614,0.10526279046298759,separated,60,0.95,mixture/1.0/3/5/0
1.0,3,1,400,constant,0.0714166666666669,0.054713328745458756,0.08812000458787506,separated,60,0.95,mixture/1.0/3/5/1
1.0,3,1,1000,constant,0.07800000000000051,0.06990288087697782,0.0860971191230232,separated,60,0.95,mixture/1.0/3/5/1
1.0,3,2,400,constant,0.0996666666666669,0.08246416854481642,0.11686916478851739,separated,60,0.95,mixture/1.0/3/5/2
1.0,3,2,1000,constant,0.10466666666666669,0.09363676474044458,0.1156965685928888,separated,60,0.95,mixture/1.0/3/5/2
1.0,3,3,400,constant,0.09458333333333335,0.07967799269742193,0.10948867396924478,separated,60,0.95,mixture/1.0/3/5/3
1.0,3,3,1000,constant,0.09396666666666698,0.08500434909604448,0.10292898423728947,separated,60,0.95,mixture/1.0/3/5/3
1.0,3,4,400,constant,0.035416666666666874,0.017845897896564877,0.05298743543676887,separated,60,0.95,mixture/1.0/3/5/4
1.0,3,4,1000,constant,0.040866666666666496,0.031020367488499567,0.050712965844833424,separated,60,0.95,mixture/1.0/3/5/4
1.0,3,5,400,constant,0.06149999999999978,0.04482896996125252,0.07817103003874704,separated,60,0.95,mixture/1.0/3/5/5
1.0,3,5,1000,constant,0.06793333333333296,0.057876054495758944,0.07799061217090697,separated,60,0.95,mixture/1.0/3/5/5
1.0,3,6,400,constant,0.09808333333333319,0.08011848675713074,0.11604817990953564,separated,60,0.95,mixture/1.0/3/5/6
1.0,3,6,1000,constant,0.11076666666666646,0.09994613417631826,0.12158719915701466,separated,60,0.95,mixture/1.0/3/5/6
1.0,3,7,400,constant,0.02333333333333354,0.007959172627064803,0.038707494039602275,separated,60,0.95,mixture/1.0/3/5/7
1.0,3,7,1000,constant,0.028866666666666485,0.019286573486097747,0.03844675984723522,separated,60,0.95,mixture/1.0/3/5/7
1.0,3,8,400,constant,0.07783333333333364,0.059167103667825405,0.09649956299884188,separated,60,0.95,mixture/1.0/3/5/8
1.0,3,8,1000,constant,0.08570000000000011,0.07471792197303506,0.09668207802696516,separated,60,0.95,mixture/1.0/3/5/8
1.0,3,9,400,constant,0.039833333333333054,0.02325325978210513,0.05641340688456098,separated,60,0.95,mixture/1.0/3/5/9
1.0,3,9,1000,constant,0.03956666666666686,0.029121228231510643,0.05001210510182308,separated,60,0.95,mixture/1.0/3/5/9
1.0,3,10,400,constant,0.11708333333333243,0.09986578584142103,0.13302230230547085,separated,60,0.95,mixture/1.0/3/5/10
1.0,3,10,1000,constant,0.11933333333333318,0.11046019638854743,0.12820647027811893,separated,60,0.95,mixture/1.0/3/5/10
1.0,3,11,400,constant,0.01550000000000018,-0.0038551416473567857,0.034855141647357146,uncertain,60,0.95,mixture/1.0/3/5/11
1.0,3,11,1000,constant,0.0129999999999999,0.003647097248648312,0.02235290275135149,separated,60,0.95,mixture/1.0/3/5/11
1.0,3,12,400,constant,0.09099999999999986,0.07245619818909266,0.10954380181090706,separated,60,0.95,mixture/1.0/3/5/12
1.0,3,12,1000,constant,0.09509999999999963,0.08523684434036638,0.10496315565963288,separated,60,0.95,mixture/1.0/3/5/12
1.0,3,13,400,constant,0.20583333333333353,0.18890233278049162,0.22276433388617545,separated,60,0.95,mixture/1.0/3/5/13
1.0,3,13,1000,constant,0.20853333333333313,0.19832396690755572,0.21874269975911054,separated,60,0.95,mixture/1.0/3/5/13
1.0,3,14,400,constant,0.08791666666666675,0.07000192457577137,0.10583140875756214,separated,60,0.95,mixture/1.0/3/5/14
1.0,3,14,1000,constant,0.09303333333333319,0.08217467565687053,0.10389199100979585,separated,60,0.95,mixture/1.0/3/5/14
1.0,3,15,400,constant,0.0597500000000003,0.041125287643399844,0.07837471235660076,separated,60,0.95,mixture/1.0/3/5/15
1.0,3,15,1000,constant,0.06240000000000023,0.05154343865233435,0.07325656134766612,separated,60,0.95,mixture/1.0/3/5/15
1.0,3,16,400,constant,0.11583333333333345,0.09618360510193102,0.13548306156473588,separated,60,0.95,mixture/1.0/3/5/16
1.0,3,16,1000,constant,0.11900000000000022,0.10710938122713598,0.13089061877286445,separated,60,0.95,mixture/1.0/3/5/16
1.0,3,17,400,constant,0.09891666666666632,0.08233971501406512,0.11549361831926752,separated,60,0.95,mixture/1.0/3/5/17
1.0,3,17,1000,constant,0.09646666666666648,0.08701776516081383,0.10591556817251913,separated,60,0.95,mixture/1.0/3/5/17
1.0,3,18,400,constant,0.020333333333333314,0.007014330700158666,0.03365233596650796,separated,60,0.95,mixture/1.0/3/5/18
1.0,3,18,1000,constant,0.02306666666666657,0.014291288781265177,0.03184204455206796,separated,60,0.95,mixture/1.0/3/5/18
1.0,3,19,400,constant,0.0721666666666666,0.05396106273658796,0.09037227059674524,separated,60,0.95,mixture/1.0/3/5/19
1.0,3,19,1000,constant,0.0773333333333327,0.0674971444003577,0.0871695222663077,separated,60,0.95,mixture/1.0/3/5/19
1.0,4,0,400,constant,0.14100000000000001,0.12319332401372607,0.15880667598627396,separated,60,0.95,mixture/1.0/4/5/0
1.0,4,0,1000,constant,0.1445333333333333,0.13493048478575587,0.15413618188091072,separated,60,0.95,mixture/1.0/4/5/0
1.0,4,1,400,constant,0.02750000000000019,0.010074936374704913,0.04492506362529547,separated,60,0.95,mixture/1.0/4/5/1
1.0,4,1,1000,constant,0.0325333333333333,0.022561831567417756,0.04250483509924885,separated,60,0.95,mixture/1.0/4/5/1
1.0,4,2,400,constant,-0.016333333333333533,-0.034965248355493306,0.00229858168882624,uncertain,60,0.95,mixture/1.0/4/5/2
1.0,4,2,1000,constant,-0.012100000000000222,-0.023191382845948127,-0.0010086171540523159,nonseparated,60,0.95,mixture/1.0/4/5/2
1.0,4,3,400,constant,-0.005333333333333412,-0.022525002318660836,0.011858335651994012,uncertain,60,0.95,mixture/1.0/4/5/3
1.0,4,3,1000,constant,-0.004433333333333289,-0.01434222687583031,0.005475560209163732,uncertain,60,0.95,mixture/1.0/4/5/3
1.0,4,4,400,constant,0.02816666666666645,0.008489293015287336,0.047844040318045566,separated,60,0.95,mixture/1.0/4/5/4
1.0,4,4,1000,constant,0.03543333333333387,0.0244072165603878,0.04645945010627994,separated,60,0.95,mixture/1.0/4/5/4
1.0,4,5,400,constant,-0.04300000000000015,-0.061046069414818716,-0.024953930585181583,nonseparated,60,0.95,mixture/1.0/4/5/5
1.0,4,5,1000,constant,-0.033633333333333515,-0.04341879624621359,-0.023847870420453443,nonseparated,60,0.95,mixture/1.0/4/5/5
1.0,4,6,400,constant,0.056166666666666365,0.035054333473226396,0.07727899986010633,separated,60,0.95,mixture/1.0/4/5/6
1.0,4,6,1000,constant,0.059533333333333216,0.04703602835300014,0.0720306383136663,separated,60,0.95,mixture/1.0/4/5/6
1.0,4,7,400,constant,-0.04458333333333342,-0.06544830875980556,-0.023718357906861276,nonseparated,60,0.95,mixture/1.0/4/5/7
1.0,4,7,1000,constant,-0.04000000000000026,-0.05234597652384909,-0.027654023476151424,nonseparated,60,0.95,mixture/1.0/4/5/7
1.0,4,8,400,constant,0.03691666666666704,0.01863688589149337,0.05519644744184071,separated,60,0.95,mixture/1.0/4/5/8
1.0,4,8,1000,constant,0.03703333333333303,0.025974002915271743,0.048092663751394316,separated,60,0.95,mixture/1.0/4/5/8
1.0,4,9,400,constant,0.08399999999999985,0.06306846297353641,0.1049315370264633,separated,60,0.95,mixture/1.0/4/5/9
1.0,4,9,1000,constant,0.0901666666666665,0.07669829438880793,0.10363503894452508,separated,60,0.95,mixture/1.0/4/5/9
1.0,4,10,400,constant,0.025500000000000522,0.008323543318163096,0.04267645668183795,separated,60,0.95,mixture/1.0/4/5/10
1.0,4,10,1000,constant,0.02663333333333362,0.01685390265222142,0.03641276401444582,separated,60,0.95,mixture/1.0/4/5/10
1.0,4,11,400,constant,0.0743333333333337,0.05888114136873124,0.08978552529793615,separated,60,0.95,mixture/1.0/4/5/11
1.0,4,11,1000,constant,0.07593333333333385,0.06702569909397971,0.084840967572688,separated,60,0.95,mixture/1.0/4/5/11
1.0,4,12,400,constant,0.03891666666666682,0.019775968036355285,0.05805736529697836,separated,60,0.95,mixture/1.0/4/5/12
1.0,4,12,1000,constant,0.041200000000000125,0.030973318172981212,0.05142668182701904,separated,60,0.95,mixture/1.0/4/5/12
1.0,4,13,400,constant,0.02933333333333321,0.009877384326033467,0.048789282340632956,separated,60,0.95,mixture/1.0/4/5/13
1.0,4,13,1000,constant,0.03713333333333313,0.026204556633628306,0.04806211003303795,separated,60,0.95,mixture/1.0/4/5/13
1.0,4,14,400,constant,0.15216666666666645,0.13044337988900223,0.17388995344433067,separated,60,0.95,mixture/1.0/4/5/14
1.0,4,14,1000,constant,0.16320000000000012,0.15072243593323553,0.1756775640667647,separated,60,0.95,mixture/1.0/4/5/14
1.0,4,15,400,constant,0.03291666666666693,0.01683570051243477,0.048997632820899084,separated,60,0.95,mixture/1.0/4/5/15
1.0,4,15,1000,constant,0.038666666666666516,0.030534597524725093,0.04679873580860794,separated,60,0.95,mixture/1.0/4/5/15
1.0,4,16,400,constant,0.061166666666667036,0.045088173259177244,0.07724516007415683,separated,60,0.95,mixture/1.0/4/5/16
1.0,4,16,1000,constant,0.06713333333333349,0.056875234078719195,0.07739143258794778,separated,60,0.95,mixture/1.0/4/5/16
1.0,4,17,400,constant,0.06499999999999995,0.049326703273716355,0.08067329672628354,separated,60,0.95,mixture/1.0/4/5/17
1.0,4,17,1000,constant,0.07440000000000013,0.06511136548357832,0.08368863451642194,separated,60,0.95,mixture/1.0/4/5/17
1.0,4,18,400,constant,0.0192500000000001,-0.0052285391319328856,0.04072413829789834,uncertain,60,0.95,mixture/1.0/4/5/18
1.0,4,18,1000,constant,0.02196666666666658,0.007809973230741729,0.03612336010259143,separated,60,0.95,mixture/1.0/4/5/18
1.0,4,19,400,constant,0.04108333333333303,0.018878395856914088,0.062241933779018876,separated,60,0.95,mixture/1.0/4/5/19
1.0,4,19,1000,constant,0.05033333333333301,0.038559110146644815,0.0621075565200212,separated,60,0.95,mixture/1.0/4/5/19
1.0,5,0,400,constant,0.0632499999999998,0.04396463063733114,0.08253536936266848,separated,60,0.95,mixture/1.0/5/5/0
1.0,5,0,1000,constant,0.06736666666666691,0.056954346151220525,0.07777898718211329,separated,60,0.95,mixture/1.0/5/5/0
1.0,5,1,400,constant,-0.010000000000000231,-0.02603035973776624,0.006030359737765778,uncertain,60,0.95,mixture/1.0/5/5/1
1.0,5,1,1000,constant,-0.008633333333333493,-0.017591285597998163,0.0003246189313311776,uncertain,60,0.95,mixture/1.0/5/5/1
1.0,5,2,400,constant,0.023666666666666614,0.007017131301433777,0.04031620203189945,separated,60,0.95,mixture/1.0/5/5/2
1.0,5,2,1000,constant,0.023699999999999832,0.013874913209265483,0.03352508679073418,separated,60,0.95,mixture/1.0/5/5/2
1.0,5,3,400,constant,0.08024999999999982,0.06369283925307845,0.0968071607469212,separated,60,0.95,mixture/1.0/5/5/3
1.0,5,3,1000,constant,0.07700000000000007,0.06667474645726645,0.08732525354273368,separated,60,0.95,mixture/1.0/5/5/3
1.0,5,4,400,constant,0.06183333333333341,0.04442748949175601,0.0792391771749108,separated,60,0.95,mixture/1.0/5/5/4
1.0,5,4,1000,constant,0.05626666666666702,0.04771691226060981,0.06481642107272423,separated,60,0.95,mixture/1.0/5/5/4
1.0,5,5,400,constant,8.333333333365722e-05,-0.02104241350463043,0.021209080171297745,uncertain,60,0.95,mixture/1.0/5/5/5
1.0,5,5,1000,constant,0.005866666666666687,-0.006177119967817668,0.01791045330115104,uncertain,60,0.95,mixture/1.0/5/5/5
1.0,5,6,400,constant,0.05583333333333329,0.03543587184358499,0.07457828615634665,separated,60,0.95,mixture/1.0/5/5/6
1.0,5,6,1000,constant,0.060399999999999676,0.05101223263628052,0.06978776736371883,separated,60,0.95,mixture/1.0/5/5/6
1.0,5,7,400,constant,0.022416666666667084,0.004001691260981932,0.04083164207235224,separated,60,0.95,mixture/1.0/5/5/7
1.0,5,7,1000,constant,0.022500000000000187,0.012307480773600332,0.03269251922640004,separated,60,0.95,mixture/1.0/5/5/7
1.0,5,8,400,constant,0.05999999999999983,0.03862786595246859,0.08137213404753108,separated,60,0.95,mixture/1.0/5/5/8
1.0,5,8,1000,constant,0.06613333333333338,0.053048189465493945,0.07921847720117281,separated,60,0.95,mixture/1.0/5/5/8
1.0,5,9,400,constant,0.0071666666666666545,-0.010774066819999373,0.025107400153332682,uncertain,60,0.95,mixture/1.0/5/5/9
1.0,5,9,1000,constant,0.015233333333333432,0.00472930645759484,0.025556987371768813,separated,60,0.95,mixture/1.0/5/5/9
1.0,5,10,400,constant,0.06908333333333316,0.04766415220829723,0.0905025144583691,separated,60,0.95,mixture/1.0/5/5/10
1.0,5,10,1000,constant,0.07146666666666657,0.05878477219887701,0.08414856113445612,separated,60,0.95,mixture/1.0/5/5/10
1.0,5,11,400,constant,0.023916666666666808,0.005411814343621257,0.04242151898971236,separated,60,0.95,mixture/1.0/5/5/11
1.0,5,11,1000,constant,0.030866666666666376,0.01875796437165511,0.04297536896167764,separated,60,0.95,mixture/1.0/5/5/11
1.0,5,12,400,constant,0.008666666666666933,-0.01298703417514524,0.030320367508479107,uncertain,60,0.95,mixture/1.0/5/5/12
1.0,5,12,1000,constant,0.022333333333333316,0.009485339195995257,0.035181327470671375,separated,60,0.95,mixture/1.0/5/5/12
1.0,5,13,400,constant,0.038999999999999924,0.022877100060022082,0.055122899939977765,separated,60,0.95,mixture/1.0/5/5/13
1.0,5,13,1000,constant,0.04726666666666668,0.038113455352599135,0.05641987798073422,separated,60,0.95,mixture/1.0/5/5/13
1.0,5,14,400,constant,0.009416666666666518,-0.008338220720870648,0.026114786281195124,uncertain,60,0.95,mixture/1.0/5/5/14
1.0,5,14,1000,constant,0.011999999999999456,0.0018870954525478378,0.02109521000156156,separated,60,0.95,mixture/1.0/5/5/14
1.0,5,15,400,constant,0.026416666666666644,0.007206260199007719,0.04562707313432557,separated,60,0.95,mixture/1.0/5/5/15
1.0,5,15,1000,constant,0.025900000000000256,0.01552176524885096,0.03627823475114955,separated,60,0.95,mixture/1.0/5/5/15
1.0,5,16,400,constant,0.026416666666666644,0.006324578481051613,0.046508754852281675,separated,60,0.95,mixture/1.0/5/5/16
1.0,5,16,1000,constant,0.027199999999999558,0.01581761530446868,0.038582384695530436,separated,60,0.95,mixture/1.0/5/5/16
1.0,5,17,400,constant,0.09883333333333344,0.07840967692919132,0.11925698973747556,separated,60,0.95,mixture/1.0/5/5/17
1.0,5,17,1000,constant,0.10816666666666652,0.09710731046479892,0.11922602286853412,separated,60,0.95,mixture/1.0/5/5/17
1.0,5,18,400,constant,0.06641666666666701,0.0492137529978246,0.08361958033550942,separated,60,0.95,mixture/1.0/5/5/18
1.0,5,18,1000,constant,0.06543333333333345,0.054614047867226345,0.07625261879944056,separated,60,0.95,mixture/1.0/5/5/18
1.0,5,19,400,constant,0.031500000000000083,0.012663535205059806,0.05033646479494036,separated,60,0.95,mixture/1.0/5/5/19
1.0,5,19,1000,constant,0.04296666666666715,0.031944766819650305,0.053988566513684,separated,60,0.95,mixture/1.0/5/5/19
1.0,6,0,400,constant,0.04283333333333306,0.02466293731455438,0.060658394134941784,separated,60,0.95,mixture/1.0/6/5/0
1.0,6,0,1000,constant,0.04479999999999995,0.03365937910522365,0.05594062089477625,separated,60,0.95,mixture/1.0/6/5/0
1.0,6,1,400,constant,0.07233333333333292,0.049129294446968785,0.09553737221969705,separated,60,0.95,mixture/1.0/6/5/1
1.0,6,1,1000,constant,0.0828333333333332,0.07005681119943508,0.09560985546723133,separated,60,0.95,mixture/1.0/6/5/1
1.0,6,2,400,constant,0.025000000000000244,0.003729436157864585,0.042600632466303634,separated,60,0.95,mixture/1.0/6/5/2
1.0,6,2,1000,constant,0.028233333333333666,0.016966276320918183,0.03950039034574915,separated,60,0.95,mixture/1.0/6/5/2
1.0,6,3,400,constant,0.046833333333333615,0.02864902072828812,0.06501764593837911,separated,60,0.95,mixture/1.0/6/5/3
1.0,6,3,1000,constant,0.051266666666667016,0.040540656071619496,0.061992677261714535,separated,60,0.95,mixture/1.0/6/5/3
1.0,6,4,400,constant,-0.004250000000000309,-0.026878215893699764,0.018378215893699146,uncertain,60,0.95,mixture/1.0/6/5/4
1.0,6,4,1000,constant,0.001400000000000623,-0.01187601268673899,0.014676012686740236,uncertain,60,0.95,mixture/1.0/6/5/4
1.0,6,5,400,constant,0.04158333333333353,0.022743391672544466,0.06042327499412259,separated,60,0.95,mixture/1.0/6/5/5
1.0,6,5,1000,constant,0.03916666666666624,0.028534799479962625,0.04979853385336985,separated,60,0.95,mixture/1.0/6/5/5
1.0,6,6,400,constant,-0.00258333333333316,-0.0217166570186883,0.01654999035202198,uncertain,60,0.95,mixture/1.0/6/5/6
1.0,6,6,1000,constant,0.0025333333333334984,-0.00913724411246608,0.014203910779133078,uncertain,60,0.95,mixture/1.0/6/5/6
1.0,6,7,400,constant,0.033083333333333576,0.015402152822700743,0.05076451384396641,separated,60,0.95,mixture/1.0/6/5/7
1.0,6,7,1000,constant,0.03480000000000005,0.024351995796523362,0.045248004203476744,separated,60,0.95,mixture/1.0/6/5/7
1.0,6,8,400,constant,0.06824999999999981,0.0386531042324314,0.08907444115590957,separated,60,0.95,mixture/1.0/6/5/8
1.0,6,8,1000,constant,0.07593333333333341,0.06252160771949156,0.08934505894717526,separated,60,0.95,mixture/1.0/6/5/8
1.0,6,9,400,constant,0.036666666666666736,0.02047571025297601,0.05285762308035746,separated,60,0.95,mixture/1.0/6/5/9
1.0,6,9,1000,constant,0.03723333333333312,0.027648668807939147,0.04681799785872709,separated,60,0.95,mixture/1.0/6/5/9
1.0,6,10,400,constant,-0.009916666666666463,-0.029000546212273992,0.009167212878941067,uncertain,60,0.95,mixture/1.0/6/5/10
1.0,6,10,1000,constant,-0.0065666666666664986,-0.018705457939119596,0.005572124605786599,uncertain,60,0.95,mixture/1.0/6/5/10
1.0,6,11,400,constant,0.03224999999999956,0.014370732459296653,0.05012926754070246,separated,60,0.95,mixture/1.0/6/5/11
1.0,6,11,1000,constant,0.030600000000000183,0.020422990495922444,0.04077700950407792,separated,60,0.95,mixture/1.0/6/5/11
1.0,6,12,400,constant,0.005416666666667069,-0.011315342276623341,0.02214867560995748,uncertain,60,0.95,mixture/1.0/6/5/12
1.0,6,12,1000,constant,0.012500000000000289,0.0031199704368750636,0.021880029563125514,separated,60,0.95,mixture/1.0/6/5/12
1.0,6,13,400,constant,-0.01666666666666672,-0.03380529913844754,0.00047196580511410513,uncertain,60,0.95,mixture/1.0/6/5/13
1.0,6,13,1000,constant,-0.00686666666666691,-0.017983191303653112,0.004249857970319293,uncertain,60,0.95,mixture/1.0/6/5/13
1.0,6,14,400,constant,0.04491666666666616,0.024924161348353624,0.0649091719849787,separated,60,0.95,mixture/1.0/6/5/14
1.0,6,14,1000,constant,0.04513333333333369,0.03318759389036208,0.057079072776305306,separated,60,0.95,mixture/1.0/6/5/14
1.0,6,15,400,constant,0.05066666666666686,0.032720902256535345,0.06861243107679837,separated,60,0.95,mixture/1.0/6/5/15
1.0,6,15,1000,constant,0.05500000000000005,0.04510980058195935,0.06489019941804075,separated,60,0.95,mixture/1.0/6/5/15
1.0,6,16,400,constant,0.016999999999999793,-0.0013715239695433201,0.035371523969542906,uncertain,60,0.95,mixture/1.0/6/5/16
1.0,6,16,1000,constant,0.023399999999999865,0.013805300842775314,0.032994699157224416,separated,60,0.95,mixture/1.0/6/5/16
1.0,6,17,400,constant,0.04149999999999965,0.01898999195416895,0.06401000804583035,separated,60,0.95,mixture/1.0/6/5/17
1.0,6,17,1000,constant,0.04166666666666641,0.029717844991049014,0.05329158496903674,separated,60,0.95,mixture/1.0/6/5/17
1.0,6,18,400,constant,0.05300000000000005,0.03485100279358089,0.0711489972064192,separated,60,0.95,mixture/1.0/6/5/18
1.0,6,18,1000,constant,0.05420000000000025,0.0435642730373661,0.0648357269626344,separated,60,0.95,mixture/1.0/6/5/18
1.0,6,19,400,constant,-0.024333333333333318,-0.047855919467236885,-0.000810747199429751,nonseparated,60,0.95,mixture/1.0/6/5/19
1.0,6,19,1000,constant,-0.02103333333333368,-0.03237870185856351,-0.009687964808103855,nonseparated,60,0.95,mixture/1.0/6/5/19
1.0,7,0,400,constant,-0.042500000000000315,-0.06503852194127613,-0.019961478058724502,nonseparated,60,0.95,mixture/1.0/7/5/0
1.0,7,0,1000,constant,-0.03990000000000027,-0.05343698084214865,-0.026363019157851886,nonseparated,60,0.95,mixture/1.0/7/5/0
1.0,7,1,400,constant,-0.01883333333333337,-0.035685303887309394,-0.001981362779357343,nonseparated,60,0.95,mixture/1.0/7/5/1
1.0,7,1,1000,constant,-0.014466666666666739,-0.024551776949177095,-0.004381556384156382,nonseparated,60,0.95,mixture/1.0/7/5/1
1.0,7,2,400,constant,0.011749999999999705,-0.014740337687722094,0.038240337687721504,uncertain,60,0.95,mixture/1.0/7/5/2
1.0,7,2,1000,constant,0.026833333333333598,0.010895654595927562,0.042771012070739634,separated,60,0.95,mixture/1.0/7/5/2
1.0,7,3,400,constant,-0.007583333333333386,-0.0297480922464618,0.014581425579795027,uncertain,60,0.95,mixture/1.0/7/5/3
1.0,7,3,1000,constant,0.0004999999999997229,-0.012028369067939693,0.013028369067939138,uncertain,60,0.95,mixture/1.0/7/5/3
1.0,7,4,400,constant,0.0279166666666667,0.005599862843212233,0.05023347049012117,separated,60,0.95,mixture/1.0/7/5/4
1.0,7,4,1000,constant,0.03713333333333335,0.025428705870101265,0.048053744408521615,separated,60,0.95,mixture/1.0/7/5/4
1.0,7,5,400,constant,-0.03333333333333366,-0.05264541626282493,-0.014021250403842389,nonseparated,60,0.95,mixture/1.0/7/5/5
1.0,7,5,1000,constant,-0.028400000000000536,-0.03946622921138576,-0.01733377078861531,nonseparated,60,0.95,mixture/1.0/7/5/5
1.0,7,6,400,constant,-0.010583333333333056,-0.03533637692577141,0.014169710259105295,uncertain,60,0.95,mixture/1.0/7/5/6
1.0,7,6,1000,constant,-0.005999999999999672,-0.020717981794158957,0.008717981794159613,uncertain,60,0.95,mixture/1.0/7/5/6
1.0,7,7,400,constant,0.05416666666666681,0.03065538177043059,0.0744502246175276,separated,60,0.95,mixture/1.0/7/5/7
1.0,7,7,1000,constant,0.052433333333333,0.03835397085668857,0.06651269580997743,separated,60,0.95,mixture/1.0/7/5/7
1.0,7,8,400,constant,0.007416666666666405,-0.009507058666779034,0.024340392000111843,uncertain,60,0.95,mixture/1.0/7/5/8
1.0,7,8,1000,constant,0.007966666666666677,-0.0015606693261981386,0.017494002659531493,uncertain,60,0.95,mixture/1.0/7/5/8
1.0,7,9,400,constant,-0.007916666666666794,-0.030655265737538073,0.014821932404204485,uncertain,60,0.95,mixture/1.0/7/5/9
1.0,7,9,1000,constant,-0.004000000000000226,-0.01795415902584696,0.00995415902584651,uncertain,60,0.95,mixture/1.0/7/5/9
1.0,7,10,400,constant,0.024916666666666587,0.006491619027636397,0.04334171430569678,separated,60,0.95,mixture/1.0/7/5/10
1.0,7,10,1000,constant,0.025866666666666926,0.013671278272916365,0.03806205506041749,separated,60,0.95,mixture/1.0/7/5/10
1.0,7,11,400,constant,0.015916666666666468,-0.0010503351467203714,0.03204325664196772,uncertain,60,0.95,mixture/1.0/7/5/11
1.0,7,11,1000,constant,0.014600000000000168,0.003256536125708198,0.02594346387429214,separated,60,0.95,mixture/1.0/7/5/11
1.0,7,12,400,constant,0.026999999999999802,0.009110161985894205,0.0448898380141054,separated,60,0.95,mixture/1.0/7/5/12
1.0,7,12,1000,constant,0.029600000000000293,0.019044961850078312,0.04015503814992227,separated,60,0.95,mixture/1.0/7/5/12
1.0,7,13,400,constant,0.033333333333333104,0.012715783967535699,0.05395088269913051,separated,60,0.95,mixture/1.0/7/5/13
1.0,7,13,1000,constant,0.04200000000000004,0.029587529491586273,0.05406572532075404,separated,60,0.95,mixture/1.0/7/5/13
1.0,7,14,400,constant,0.006499999999999617,-0.01733277814017431,0.02243043369135822,uncertain,60,0.95,mixture/1.0/7/5/14
1.0,7,14,1000,constant,0.008299999999999974,-0.0017740183210624982,0.018374018321062446,uncertain,60,0.95,mixture/1.0/7/5/14
1.0,7,15,400,constant,-0.04441666666666644,-0.06539984882185079,-0.024329230078547814,nonseparated,60,0.95,mixture/1.0/7/5/15
1.0,7,15,1000,constant,-0.03316666666666668,-0.04711309753434878,-0.019220235798984575,nonseparated,60,0.95,mixture/1.0/7/5/15
1.0,7,16,400,constant,-0.018916666666666693,-0.03630594783047547,-0.0015273855028579142,nonseparated,60,0.95,mixture/1.0/7/5/16
1.0,7,16,1000,constant,-0.012133333333332996,-0.0225777597391964,-0.0016889069274695911,nonseparated,60,0.95,mixture/1.0/7/5/16
1.0,7,17,400,constant,-0.030666666666666842,-0.05121775486570368,-0.010115578467630004,nonseparated,60,0.95,mixture/1.0/7/5/17
1.0,7,17,1000,constant,-0.02636666666666676,-0.0365032311285548,-0.016230102204778718,nonseparated,60,0.95,mixture/1.0/7/5/17
1.0,7,18,400,constant,0.01408333333333367,-0.007425529887020499,0.03559219655368784,uncertain,60,0.95,mixture/1.0/7/5/18
1.0,7,18,1000,constant,0.01973333333333327,0.008615049526024543,0.030851617140641996,separated,60,0.95,mixture/1.0/7/5/18
1.0,7,19,400,constant,0.03541666666666665,0.01390437836911984,0.05692895496421346,separated,60,0.95,mixture/1.0/7/5/19
1.0,7,19,1000,constant,0.035566666666666746,0.022418353251333345,0.04871498008200015,separated,60,0.95,mixture/1.0/7/5/19
1.0,8,0,400,constant,0.05291666666666672,0.032015010991904735,0.07381832234142871,separated,60,0.95,mixture/1.0/8/5/0
1.0,8,0,1000,constant,0.04823333333333335,0.0361431352099808,0.05906459651881368,separated,60,0.95,mixture/1.0/8/5/0
1.0,8,1,400,constant,0.010750000000000037,-0.011339609041851606,0.032428782065008765,uncertain,60,0.95,mixture/1.0/8/5/1
1.0,8,1,1000,constant,0.010266666666666424,-0.00200660348479087,0.022539936818123718,uncertain,60,0.95,mixture/1.0/8/5/1
1.0,8,2,400,constant,-0.032083333333333575,-0.04900651501630093,-0.015160151650366216,nonseparated,60,0.95,mixture/1.0/8/5/2
1.0,8,2,1000,constant,-0.02193333333333325,-0.032052757547641364,-0.011813909119025134,nonseparated,60,0.95,mixture/1.0/8/5/2
1.0,8,3,400,constant,0.029166666666666563,0.011506073695612185,0.04682725963772094,separated,60,0.95,mixture/1.0/8/5/3
1.0,8,3,1000,constant,0.03533333333333333,0.025835958934738446,0.04483070773192821,separated,60,0.95,mixture/1.0/8/5/3
1.0,8,4,400,constant,-0.06841666666666657,-0.0890593053849339,-0.047774027948399245,nonseparated,60,0.95,mixture/1.0/8/5/4
1.0,8,4,1000,constant,-0.06139999999999968,-0.07348686668515325,-0.0493131333148461,nonseparated,60,0.95,mixture/1.0/8/5/4
1.0,8,5,400,constant,0.053916666666666724,0.03465735596491337,0.07317597736842008,separated,60,0.95,mixture/1.0/8/5/5
1.0,8,5,1000,constant,0.05650000000000022,0.044572471961514815,0.06842752803848562,separated,60,0.95,mixture/1.0/8/5/5
1.0,8,6,400,constant,-0.01866666666666672,-0.03768039648486288,0.00034706315152943645,uncertain,60,0.95,mixture/1.0/8/5/6
1.0,8,6,1000,constant,-0.015933333333333355,-0.025946941265301948,-0.0059197254013647616,nonseparated,60,0.95,mixture/1.0/8/5/6
1.0,8,7,400,constant,0.024833333333333374,0.006506420817675607,0.04316024584899114,separated,60,0.95,mixture/1.0/8/5/7
1.0,8,7,1000,constant,0.019866666666667143,0.009010032524760625,0.03072330080857366,separated,60,0.95,mixture/1.0/8/5/7
1.0,8,8,400,constant,-0.04641666666666655,-0.06471137091329837,-0.02812196242003473,nonseparated,60,0.95,mixture/1.0/8/5/8
1.0,8,8,1000,constant,-0.0328333333333336,-0.04367713325563494,-0.02198953341103227,nonseparated,60,0.95,mixture/1.0/8/5/8
1.0,8,9,400,constant,-0.038249999999999895,-0.05547245561008862,-0.021027544389911168,nonseparated,60,0.95,mixture/1.0/8/5/9
1.0,8,9,1000,constant,-0.029166666666666785,-0.04039128914760526,-0.017942044185728312,nonseparated,60,0.95,mixture/1.0/8/5/9
1.0,8,10,400,constant,0.011583333333333723,-0.00831007233040304,0.031476738997070486,uncertain,60,0.95,mixture/1.0/8/5/10
1.0,8,10,1000,constant,0.011499999999999733,-0.0008285126441139878,0.023828512644113453,uncertain,60,0.95,mixture/1.0/8/5/10
1.0,8,11,400,constant,-0.06458333333333366,-0.08380619347447948,-0.04536047319218783,nonseparated,60,0.95,mixture/1.0/8/5/11
1.0,8,11,1000,constant,-0.05983333333333318,-0.07224577058902149,-0.04742089607764488,nonseparated,60,0.95,mixture/1.0/8/5/11
1.0,8,12,400,constant,-0.029666666666666397,-0.04714011203351498,-0.012193221299817814,nonseparated,60,0.95,mixture/1.0/8/5/12
1.0,8,12,1000,constant,-0.02493333333333314,-0.03476818385142133,-0.015098482815244951,nonseparated,60,0.95,mixture/1.0/8/5/12
1.0,8,13,400,constant,0.0029166666666665675,-0.014999731451533105,0.02083306478486624,uncertain,60,0.95,mixture/1.0/8/5/13
1.0,8,13,1000,constant,0.007733333333333148,-0.003860660383699699,0.019327327050365994,uncertain,60,0.95,mixture/1.0/8/5/13
1.0,8,14,400,constant,0.0202500000000001,0.004124148325181154,0.03637585167481905,separated,60,0.95,mixture/1.0/8/5/14
1.0,8,14,1000,constant,0.018300000000000094,0.00789578331414953,0.02870421668585066,separated,60,0.95,mixture/1.0/8/5/14
1.0,8,15,400,constant,-0.009916666666666463,-0.027687903024894545,0.00785456969156162,uncertain,60,0.95,mixture/1.0/8/5/15
1.0,8,15,1000,constant,-0.005366666666666298,-0.015239080972238805,0.00450574763890621,uncertain,60,0.95,mixture/1.0/8/5/15
1.0,8,16,400,constant,0.00891666666666635,-0.010307723297580784,0.028141056630913486,uncertain,60,0.95,mixture/1.0/8/5/16
1.0,8,16,1000,constant,0.012599999999999834,0.0007202720027508214,0.024479727997248846,separated,60,0.95,mixture/1.0/8/5/16
1.0,8,17,400,constant,0.02516666666666656,0.005777669124123697,0.04455566420920942,separated,60,0.95,mixture/1.0/8/5/17
1.0,8,17,1000,constant,0.027933333333333477,0.01604694594383682,0.03981972072283013,separated,60,0.95,mixture/1.0/8/5/17
1.0,8,18,400,constant,0.039583333333333526,0.014493358549364066,0.06467330811730299,separated,60,0.95,mixture/1.0/8/5/18
1.0,8,18,1000,constant,0.045500000000000096,0.02906893797007215,0.06193106202992804,separated,60,0.95,mixture/1.0/8/5/18
1.0,8,19,400,constant,-0.039750000000000174,-0.06421980740030031,-0.015280192599700038,nonseparated,60,0.95,mixture/1.0/8/5/19
1.0,8,19,1000,constant,-0.031066666666666243,-0.04359768095021843,-0.018535652383114054,nonseparated,60,0.95,mixture/1.0/8/5/19
1.0,9,0,400,constant,-0.0005833333333332691,-0.022073783523779977,0.02090711685711344,uncertain,60,0.95,mixture/1.0/9/5/0
1.0,9,0,1000,constant,0.00780000000000014,-0.004504363540606016,0.020104363540606296,uncertain,60,0.95,mixture/1.0/9/5/0
1.0,9,1,400,constant,0.03583333333333327,0.01612607497653884,0.055540591690127705,separated,60,0.95,mixture/1.0/9/5/1
1.0,9,1,1000,constant,0.04283333333333317,0.031300805608912796,0.05436586105775354,separated,60,0.95,mixture/1.0/9/5/1
1.0,9,2,400,constant,0.040416666666666545,0.01960741222835094,0.06122592110498215,separated,60,0.95,mixture/1.0/9/5/2
1.0,9,2,1000,constant,0.038833333333333386,0.02789454833128935,0.049772118335377424,separated,60,0.95,mixture/1.0/9/5/2
1.0,9,3,400,constant,-0.03566666666666651,-0.056728944359517475,-0.014604388973815552,nonseparated,60,0.95,mixture/1.0/9/5/3
1.0,9,3,1000,constant,-0.030733333333333168,-0.0422487174184375,-0.01921794924822884,nonseparated,60,0.95,mixture/1.0/9/5/3
1.0,9,4,400,constant,-0.06008333333333349,-0.07930228686408858,-0.0408643798025784,nonseparated,60,0.95,mixture/1.0/9/5/4
1.0,9,4,1000,constant,-0.048633333333333084,-0.061855677603802506,-0.03541098906286366,nonseparated,60,0.95,mixture/1.0/9/5/4
1.0,9,5,400,constant,0.0011666666666669823,-0.021200260279735095,0.02353359361306906,uncertain,60,0.95,mixture/1.0/9/5/5
1.0,9,5,1000,constant,0.003366666666666851,-0.009650834483354132,0.016384167816687834,uncertain,60,0.95,mixture/1.0/9/5/5
1.0,9,6,400,constant,-0.05366666666666675,-0.07381257857668844,-0.033520754756645066,nonseparated,60,0.95,mixture/1.0/9/5/6
1.0,9,6,1000,constant,-0.047766666666666735,-0.061122213906062095,-0.034411119427271375,nonseparated,60,0.95,mixture/1.0/9/5/6
1.0,9,7,400,constant,0.047333333333332894,0.02410412745267998,0.07056253921398581,separated,60,0.95,mixture/1.0/9/5/7
1.0,9,7,1000,constant,0.05403333333333349,0.043334634382957926,0.06473203228370905,separated,60,0.95,mixture/1.0/9/5/7
1.0,9,8,400,constant,-0.0055833333333332735,-0.025603288462439866,0.014436621795773319,uncertain,60,0.95,mixture/1.0/9/5/8
1.0,9,8,1000,constant,-0.003466666666666729,-0.016222533874602374,0.009289200541268916,uncertain,60,0.95,mixture/1.0/9/5/8
1.0,9,9,400,constant,-0.052333333333333565,-0.07392535643822584,-0.030741310228441288,nonseparated,60,0.95,mixture/1.0/9/5/9
1.0,9,9,1000,constant,-0.04960000000000042,-0.06289085689687168,-0.03630914310312916,nonseparated,60,0.95,mixture/1.0/9/5/9
1.0,9,10,400,constant,0.031999999999999584,0.011934603980962355,0.052065396019036814,separated,60,0.95,mixture/1.0/9/5/10
1.0,9,10,1000,constant,0.0361999999999999,0.023057604949374144,0.049342395050625654,separated,60,0.95,mixture/1.0/9/5/10
1.0,9,11,400,constant,-0.06883333333333319,-0.08856513882952477,-0.04910152783714161,nonseparated,60,0.95,mixture/1.0/9/5/11
1.0,9,11,1000,constant,-0.05573333333333341,-0.06793456001101017,-0.043532106655656655,nonseparated,60,0.95,mixture/1.0/9/5/11
1.0,9,12,400,constant,-0.03375000000000017,-0.05396706526020145,-0.013532934739798885,nonseparated,60,0.95,mixture/1.0/9/5/12
1.0,9,12,1000,constant,-0.02770000000000039,-0.03940951539383197,-0.01599048460616881,nonseparated,60,0.95,mixture/1.0/9/5/12
1.0,9,13,400,constant,-0.02791666666666648,-0.048406568179261256,-0.007426765154071702,nonseparated,60,0.95,mixture/1.0/9/5/13
1.0,9,13,1000,constant,-0.03029999999999977,-0.0424374408878857,-0.01816255911211384,nonseparated,60,0.95,mixture/1.0/9/5/13
1.0,9,14,400,constant,0.025083333333333346,0.009363305739355177,0.040803360927311516,separated,60,0.95,mixture/1.0/9/5/14
1.0,9,14,1000,constant,0.032566666666666855,0.023318391139190653,0.04181494219414306,separated,60,0.95,mixture/1.0/9/5/14
1.0,9,15,400,constant,0.029583333333333295,0.008202892602493739,0.04791611892293368,separated,60,0.95,mixture/1.0/9/5/15
1.0,9,15,1000,constant,0.029833333333332823,0.020395700531210648,0.039270966135455,separated,60,0.95,mixture/1.0/9/5/15
1.0,9,16,400,constant,-0.011833333333333362,-0.040002118435690126,0.0060496747445616395,uncertain,60,0.95,mixture/1.0/9/5/16
1.0,9,16,1000,constant,-0.008599999999999719,-0.019865346500893444,0.002665346500894006,uncertain,60,0.95,mixture/1.0/9/5/16
1.0,9,17,400,constant,-0.016416666666666635,-0.036452312831195766,0.0036189794978624956,uncertain,60,0.95,mixture/1.0/9/5/17
1.0,9,17,1000,constant,-0.005266666666666753,-0.017463916042650962,0.006930582709317457,uncertain,60,0.95,mixture/1.0/9/5/17
1.0,9,18,400,constant,-0.004916666666667013,-0.02691260510312632,0.017079271769792292,uncertain,60,0.95,mixture/1.0/9/5/18
1.0,9,18,1000,constant,0.00556666666666672,-0.007193068927341839,0.01832640226067528,uncertain,60,0.95,mixture/1.0/9/5/18
1.0,9,19,400,constant,-0.0355833333333333,-0.05884051075613239,-0.012326155910534209,nonseparated,60,0.95,mixture/1.0/9/5/19
1.0,9,19,1000,constant,-0.031166666666666454,-0.043320166649909564,-0.019013166683423344,nonseparated,60,0.95,mixture/1.0/9/5/19
1.0,10,0,400,constant,-0.012916666666666798,-0.0365122378943028,0.009797208500921917,uncertain,60,0.95,mixture/1.0/10/5/0
1.0,10,0,1000,constant,-0.008466666666666622,-0.02102299346179437,0.004089660128461126,uncertain,60,0.95,mixture/1.0/10/5/0
1.0,10,1,400,constant,-0.07516666666666683,-0.09655805760178637,-0.05377527573154728,nonseparated,60,0.95,mixture/1.0/10/5/1
1.0,10,1,1000,constant,-0.07013333333333349,-0.08271286267711109,-0.057553803989555896,nonseparated,60,0.95,mixture/1.0/10/5/1
1.0,10,2,400,constant,0.00016666666666620422,-0.02312877172251626,0.02346210505584867,uncertain,60,0.95,mixture/1.0/10/5/2
1.0,10,2,1000,constant,0.008366666666666522,-0.003705754112382831,0.020439087445715876,uncertain,60,0.95,mixture/1.0/10/5/2
1.0,10,3,400,constant,-0.00825000000000009,-0.02883434813232033,0.01233434813232015,uncertain,60,0.95,mixture/1.0/10/5/3
1.0,10,3,1000,constant,-0.004666666666666819,-0.016285020634735248,0.00695168730140161,uncertain,60,0.95,mixture/1.0/10/5/3
1.0,10,4,400,constant,0.011583333333333501,-0.00860185348486675,0.03176852015153375,uncertain,60,0.95,mixture/1.0/10/5/4
1.0,10,4,1000,constant,0.008333333333333415,-0.0027623130543427132,0.019428979721009543,uncertain,60,0.95,mixture/1.0/10/5/4
1.0,10,5,400,constant,-0.014833333333333143,-0.03539464978886475,0.005727983122198466,uncertain,60,0.95,mixture/1.0/10/5/5
1.0,10,5,1000,constant,-0.00656666666666661,-0.019700962167713998,0.006567628834380779,uncertain,60,0.95,mixture/1.0/10/5/5
1.0,10,6,400,constant,0.007583333333333386,-0.01524927656414432,0.027259487769821233,uncertain,60,0.95,mixture/1.0/10/5/6
1.0,10,6,1000,constant,0.013699999999999934,0.0009575056174471186,0.02644249438255275,separated,60,0.95,mixture/1.0/10/5/6
1.0,10,7,400,constant,-0.02583333333333293,-0.04771373642894228,-0.003952930237723584,nonseparated,60,0.95,mixture/1.0/10/5/7
1.0,10,7,1000,constant,-0.02113333333333356,-0.033666308357400476,-0.008600358309266642,nonseparated,60,0.95,mixture/1.0/10/5/7
1.0,10,8,400,constant,-0.009999999999999898,-0.02931064828908403,0.009310648289084233,uncertain,60,0.95,mixture/1.0/10/5/8
1.0,10,8,1000,constant,-0.005466666666666953,-0.019065075872268133,0.008131742538934228,uncertain,60,0.95,mixture/1.0/10/5/8
1.0,10,9,400,constant,0.022666666666666613,0.0037108358847044443,0.04162249744862878,separated,60,0.95,mixture/1.0/10/5/9
1.0,10,9,1000,constant,0.025066666666667015,0.012949737122114113,0.037183596211219916,separated,60,0.95,mixture/1.0/10/5/9
1.0,10,10,400,constant,0.01683333333333359,-0.008781566587966694,0.04244823325463387,uncertain,60,0.95,mixture/1.0/10/5/10
1.0,10,10,1000,constant,0.0165333333333334,0.0030900080040556777,0.029976658662611122,separated,60,0.95,mixture/1.0/10/5/10
1.0,10,11,400,constant,-0.013166666666666438,-0.03319387994433021,0.006860546610997331,uncertain,60,0.95,mixture/1.0/10/5/11
1.0,10,11,1000,constant,-0.004533333333333167,-0.017316517315652424,0.00824985064898609,uncertain,60,0.95,mixture/1.0/10/5/11
1.0,10,12,400,constant,-0.06266666666666632,-0.07848436524788827,-0.046848968085444365,nonseparated,60,0.95,mixture/1.0/10/5/12
1.0,10,12,1000,constant,-0.06249999999999978,-0.07281660702465653,-0.052183392975343024,nonseparated,60,0.95,mixture/1.0/10/5/12
1.0,10,13,400,constant,-0.007999999999999785,-0.027651482912164904,0.011651482912165334,uncertain,60,0.95,mixture/1.0/10/5/13
1.0,10,13,1000,constant,-0.009633333333333494,-0.02083431421386983,0.001567647547202844,uncertain,60,0.95,mixture/1.0/10/5/13
1.0,10,14,400,constant,-0.0934166666666667,-0.11409253409357667,-0.07274079923975674,nonseparated,60,0.95,mixture/1.0/10/5/14
1.0,10,14,1000,constant,-0.08236666666666692,-0.09367015113753108,-0.07106318219580277,nonseparated,60,0.95,mixture/1.0/10/5/14
1.0,10,15,400,constant,-0.04808333333333337,-0.07214283754156103,-0.0240238291251057,nonseparated,60,0.95,mixture/1.0/10/5/15
1.0,10,15,1000,constant,-0.040966666666666374,-0.05595110314780505,-0.0259822301855277,nonseparated,60,0.95,mixture/1.0/10/5/15
1.0,10,16,400,constant,-0.012916666666666687,-0.033388101700477346,0.007554768367143971,uncertain,60,0.95,mixture/1.0/10/5/16
1.0,10,16,1000,constant,-0.010466666666666402,-0.02200372772176218,0.0010703943884293743,uncertain,60,0.95,mixture/1.0/10/5/16
1.0,10,17,400,constant,-0.10925000000000007,-0.1329015770868971,-0.08559842291310304,nonseparated,60,0.95,mixture/1.0/10/5/17
1.0,10,17,1000,constant,-0.10349999999999993,-0.11562994638963475,-0.0913700536103651,nonseparated,60,0.95,mixture/1.0/10/5/17
1.0,10,18,400,constant,-0.023249999999999993,-0.046442484410090135,-5.751558990985117e-05,nonseparated,60,0.95,mixture/1.0/10/5/18
1.0,10,18,1000,constant,-0.02053333333333307,-0.03324626638083572,-0.00782040028583042,nonseparated,60,0.95,mixture/1.0/10/5/18
1.0,10,19,400,constant,0.0050833333333331066,-0.01699238598586683,0.027159052652533044,uncertain,60,0.95,mixture/1.0/10/5/19
1.0,10,19,1000,constant,0.0083666666666663,-0.002697671220910136,0.019431004554242737,uncertain,60,0.95,mixture/1.0/10/5/19
5.0,2,0,400,constant,0.02508333333333368,0.01399912216599597,0.03616754450067139,separated,60,0.95,mixture/5.0/2/5/0
5.0,2,0,1000,constant,0.02110000000000045,0.014008295888458422,0.02819170411154248,separated,60,0.95,mixture/5.0/2/5/0
5.0,2,1,400,constant,0.053166666666666695,0.04016629943996164,0.06616703389337175,separated,60,0.95,mixture/5.0/2/5/1
5.0,2,1,1000,constant,0.05136666666666656,0.044246880001533984,0.05848645333179914,separated,60,0.95,mixture/5.0/2/5/1
5.0,2,2,400,constant,0.03749999999999909,0.024098985558461683,0.050901014441536496,separated,60,0.95,mixture/5.0/2/5/2
5.0,2,2,1000,constant,0.03859999999999997,0.029936856110091004,0.04726314388990893,separated,60,0.95,mixture/5.0/2/5/2
5.0,2,3,400,constant,0.006833333333332914,-0.006110394586013368,0.019777061252679196,uncertain,60,0.95,mixture/5.0/2/5/3
5.0,2,3,1000,constant,0.007466666666667177,0.0005631976437127095,0.014370135689621644,separated,60,0.95,mixture/5.0/2/5/3
5.0,2,4,400,constant,0.02850000000000008,0.016139205030954562,0.0408607949690456,separated,60,0.95,mixture/5.0/2/5/4
5.0,2,4,1000,constant,0.029466666666666197,0.022039034970641747,0.03689429836269065,separated,60,0.95,mixture/5.0/2/5/4
5.0,2,5,400,constant,0.020999999999999908,0.009685269477146652,0.03231473052285316,separated,60,0.95,mixture/5.0/2/5/5
5.0,2,5,1000,constant,0.020366666666666533,0.012791411543880082,0.027941921789452984,separated,60,0.95,mixture/5.0/2/5/5
5.0,2,6,400,constant,0.022916666666666807,0.010218082668900008,0.035615250664433606,separated,60,0.95,mixture/5.0/2/5/6
5.0,2,6,1000,constant,0.021399999999999753,0.014390216510476117,0.028409783489523388,separated,60,0.95,mixture/5.0/2/5/6
5.0,2,7,400,constant,0.050833333333333064,0.039063109168135046,0.06260355749853108,separated,60,0.95,mixture/5.0/2/5/7
5.0,2,7,1000,constant,0.050066666666666704,0.04296339837059149,0.05716993496274192,separated,60,0.95,mixture/5.0/2/5/7
5.0,2,8,400,constant,0.035583333333333966,0.02329353992442651,0.04787312674224142,separated,60,0.95,mixture/5.0/2/5/8
5.0,2,8,1000,constant,0.0371999999999999,0.03011154866868937,0.04428845133131043,separated,60,0.95,mixture/5.0/2/5/8
5.0,2,9,400,constant,0.00891666666666635,-0.0026806639244391084,0.02051399725777181,uncertain,60,0.95,mixture/5.0/2/5/9
5.0,2,9,1000,constant,0.0050000000000003375,-0.0021836814485987066,0.012183681448599382,uncertain,60,0.95,mixture/5.0/2/5/9
5.0,2,10,400,constant,0.02141666666666664,0.009580234118146014,0.033253099215187265,separated,60,0.95,mixture/5.0/2/5/10
5.0,2,10,1000,constant,0.021199999999999553,0.014463381446662926,0.02793661855333618,separated,60,0.95,mixture/5.0/2/5/10
5.0,2,11,400,constant,0.047666666666666635,0.034873038972067505,0.060460294361265765,separated,60,0.95,mixture/5.0/2/5/11
5.0,2,11,1000,constant,0.05263333333333309,0.04491829143249282,0.06034837523417336,separated,60,0.95,mixture/5.0/2/5/11
5.0,2,12,400,constant,0.027416666666666423,0.014405516363344972,0.04042781696998787,separated,60,0.95,mixture/5.0/2/5/12
5.0,2,12,1000,constant,0.028300000000000103,0.02119478933667185,0.03540521066332836,separated,60,0.95,mixture/5.0/2/5/12
5.0,2,13,400,constant,-0.0007500000000001394,-0.013140505916605427,0.011640505916605148,uncertain,60,0.95,mixture/5.0/2/5/13
5.0,2,13,1000,constant,0.007333333333333414,-6.0640692875368885e-05,0.014727307359542197,uncertain,60,0.95,mixture/5.0/2/5/13
5.0,2,14,400,constant,0.043500000000000205,0.030404907739036036,0.056595092260964375,separated,60,0.95,mixture/5.0/2/5/14
5.0,2,14,1000,constant,0.04433333333333356,0.03639070824805313,0.05227595841861399,separated,60,0.95,mixture/5.0/2/5/14
5.0,2,15,400,constant,0.003916666666666679,-0.007605892295619143,0.015439225628952502,uncertain,60,0.95,mixture/5.0/2/5/15
5.0,2,15,1000,constant,0.009600000000000164,0.0035358518073559386,0.01566414819264439,separated,60,0.95,mixture/5.0/2/5/15
5.0,2,16,400,constant,0.03949999999999987,0.025859314592964533,0.053140685407035204,separated,60,0.95,mixture/5.0/2/5/16
5.0,2,16,1000,constant,0.041033333333333255,0.03307152323452489,0.04899514343214162,separated,60,0.95,mixture/5.0/2/5/16
5.0,2,17,400,constant,0.02291666666666725,0.011357543118465374,0.03447579021486913,separated,60,0.95,mixture/5.0/2/5/17
5.0,2,17,1000,constant,0.021899999999999475,0.014861659359830526,0.028938340640168425,separated,60,0.95,mixture/5.0/2/5/17
5.0,2,18,400,constant,0.0030000000000001137,-0.00934918240329019,0.015349182403290418,uncertain,60,0.95,mixture/5.0/2/5/18
5.0,2,18,1000,constant,0.0004666666666668373,-0.006792008436778185,0.00772534177011186,uncertain,60,0.95,mixture/5.0/2/5/18
5.0,2,19,400,constant,0.007499999999999729,-0.004503222521760053,0.01950322252175951,uncertain,60,0.95,mixture/5.0/2/5/19
5.0,2,19,1000,constant,0.011433333333333073,0.004820288658858862,0.018046378007807284,separated,60,0.95,mixture/5.0/2/5/19
5.0,3,0,400,constant,0.004333333333333855,-0.009278042617581583,0.017944709284249294,uncertain,60,0.95,mixture/5.0/3/5/0
5.0,3,0,1000,constant,0.0032333333333331993,-0.004831531846010817,0.011298198512677216,uncertain,60,0.95,mixture/5.0/3/5/0
5.0,3,1,400,constant,-0.0013333333333330755,-0.014032321504326428,0.011365654837660277,uncertain,60,0.95,mixture/5.0/3/5/1
5.0,3,1,1000,constant,0.001100000000000101,-0.006482422828716139,0.00868242282871634,uncertain,60,0.95,mixture/5.0/3/5/1
5.0,3,2,400,constant,0.018000000000000238,0.0032761688664877386,0.03272383113351274,separated,60,0.95,mixture/5.0/3/5/2
5.0,3,2,1000,constant,0.015233333333333321,0.007644093077924463,0.02282257358874218,separated,60,0.95,mixture/5.0/3/5/2
5.0,3,3,400,constant,0.03316666666666668,0.019554690391817564,0.04677864294151579,separated,60,0.95,mixture/5.0/3/5/3
5.0,3,3,1000,constant,0.030599999999999627,0.02270043877543859,0.03849956122456066,separated,60,0.95,mixture/5.0/3/5/3
5.0,3,4,400,constant,0.013250000000000206,0.0008112941949822705,0.025274817711549935,separated,60,0.95,mixture/5.0/3/5/4
5.0,3,4,1000,constant,0.008166666666666655,0.0017636200906565591,0.014569713242676752,separated,60,0.95,mixture/5.0/3/5/4
5.0,3,5,400,constant,0.00924999999999998,-0.005360408052629273,0.023860408052629234,uncertain,60,0.95,mixture/5.0/3/5/5
5.0,3,5,1000,constant,0.014033333333333897,0.005960910871179226,0.02210575579548857,separated,60,0.95,mixture/5.0/3/5/5
5.0,3,6,400,constant,0.01949999999999985,0.00550318169074937,0.03349681830925033,separated,60,0.95,mixture/5.0/3/5/6
5.0,3,6,1000,constant,0.021233333333333215,0.01398990621438323,0.0284767604522832,separated,60,0.95,mixture/5.0/3/5/6
5.0,3,7,400,constant,0.024833333333333152,0.011375460281905503,0.0376150222460766,separated,60,0.95,mixture/5.0/3/5/7
5.0,3,7,1000,constant,0.02333333333333354,0.0165775272841876,0.03008913938247948,separated,60,0.95,mixture/5.0/3/5/7
5.0,3,8,400,constant,0.02058333333333362,0.006513514237262541,0.0346531524294047,separated,60,0.95,mixture/5.0/3/5/8
5.0,3,8,1000,constant,0.017066666666666785,0.009172406447817139,0.024960926885516432,separated,60,0.95,mixture/5.0/3/5/8
5.0,3,9,400,constant,0.011833333333333251,-0.001925843973440422,0.025592510640106925,uncertain,60,0.95,mixture/5.0/3/5/9
5.0,3,9,1000,constant,0.015266666666666984,0.007865111374880218,0.02266822195845375,separated,60,0.95,mixture/5.0/3/5/9
5.0,3,10,400,constant,0.01258333333333339,2.9047763466127918e-05,0.025137618903200654,separated,60,0.95,mixture/5.0/3/5/10
5.0,3,10,1000,constant,0.01570000000000038,0.008562842329031262,0.0228371576709695,separated,60,0.95,mixture/5.0/3/5/10
5.0,3,11,400,constant,0.005250000000000088,-0.010423048564573989,0.020923048564574165,uncertain,60,0.95,mixture/5.0/3/5/11
5.0,3,11,1000,constant,0.008166666666666655,0.0005815548877947663,0.015751778445538545,separated,60,0.95,mixture/5.0/3/5/11
5.0,3,12,400,constant,-0.0015000000000000568,-0.017163596291149275,0.01416359629114916,uncertain,60,0.95,mixture/5.0/3/5/12
5.0,3,12,1000,constant,0.007233333333332981,-0.0008907442816181721,0.015357410948284134,uncertain,60,0.95,mixture/5.0/3/5/12
5.0,3,13,400,constant,0.004833333333333134,-0.008152191502992956,0.017818858169659224,uncertain,60,0.95,mixture/5.0/3/5/13
5.0,3,13,1000,constant,0.010866666666666469,0.003983527409717413,0.017749805923615525,separated,60,0.95,mixture/5.0/3/5/13
5.0,3,14,400,constant,0.019583333333333064,0.005652410590800239,0.03351425607586589,separated,60,0.95,mixture/5.0/3/5/14
5.0,3,14,1000,constant,0.022099999999999675,0.01435406583934895,0.0298459341606504,separated,60,0.95,mixture/5.0/3/5/14
5.0,3,15,400,constant,-0.010499999999999954,-0.02318238106536774,0.0021823810653678333,uncertain,60,0.95,mixture/5.0/3/5/15
5.0,3,15,1000,constant,-0.008499999999999952,-0.016606282302375153,-0.0003937176976247514,nonseparated,60,0.95,mixture/5.0/3/5/15
5.0,3,16,400,constant,0.005166666666666653,-0.007790486360437776,0.01812381969377108,uncertain,60,0.95,mixture/5.0/3/5/16
5.0,3,16,1000,constant,0.011966666666666126,0.004506935883650587,0.019426397449681665,separated,60,0.95,mixture/5.0/3/5/16
5.0,3,17,400,constant,0.014499999999999846,0.0005746572284942575,0.028425342771505435,separated,60,0.95,mixture/5.0/3/5/17
5.0,3,17,1000,constant,0.017266666666665986,0.009791786148295123,0.02474154718503685,separated,60,0.95,mixture/5.0/3/5/17
5.0,3,18,400,constant,0.016666666666666385,0.0016575684826752868,0.031675764850657484,separated,60,0.95,mixture/5.0/3/5/18
5.0,3,18,1000,constant,0.021766666666666823,0.013348022363679268,0.030185310969654378,separated,60,0.95,mixture/5.0/3/5/18
5.0,3,19,400,constant,-0.010416666666667074,-0.022966726283809136,0.0021333929504749882,uncertain,60,0.95,mixture/5.0/3/5/19
5.0,3,19,1000,constant,-0.008499999999999952,-0.01633885169462146,-0.000661148305378445,nonseparated,60,0.95,mixture/5.0/3/5/19
5.0,4,0,400,constant,0.012249999999999761,-0.00210041222388313,0.026600412223882652,uncertain,60,0.95,mixture/5.0/4/5/0
5.0,4,0,1000,constant,0.015233333333333654,0.007010149700222401,0.023456516966444907,separated,60,0.95,mixture/5.0/4/5/0
5.0,4,1,400,constant,0.0003333333333332966,-0.013478542536909721,0.014145209203576314,uncertain,60,0.95,mixture/5.0/4/5/1
5.0,4,1,1000,constant,0.0014333333333336196,-0.006742115849629249,0.009608782516296488,uncertain,60,0.95,mixture/5.0/4/5/1
5.0,4,2,400,constant,-0.01391666666666691,-0.02869304866341038,0.0008597153300765603,uncertain,60,0.95,mixture/5.0/4/5/2
5.0,4,2,1000,constant,-0.010466666666666624,-0.018330480809232053,-0.0026028525241011957,nonseparated,60,0.95,mixture/5.0/4/5/2
5.0,4,3,400,constant,-0.01566666666666694,-0.03263005682446474,0.0012967234911308578,uncertain,60,0.95,mixture/5.0/4/5/3
5.0,4,3,1000,constant,-0.0065666666666664986,-0.015752935497052034,0.002619602163719037,uncertain,60,0.95,mixture/5.0/4/5/3
5.0,4,4,400,constant,0.004416666666666846,-0.010032515086061622,0.018865848419395315,uncertain,60,0.95,mixture/5.0/4/5/4
5.0,4,4,1000,constant,0.0039999999999997815,-0.004354804352035724,0.012354804352035287,uncertain,60,0.95,mixture/5.0/4/5/4
5.0,4,5,400,constant,0.00258333333333316,-0.01122778294811888,0.0163944496147852,uncertain,60,0.95,mixture/5.0/4/5/5
5.0,4,5,1000,constant,-0.00039999999999995595,-0.008550921883225926,0.007750921883226014,uncertain,60,0.95,mixture/5.0/4/5/5
5.0,4,6,400,constant,-0.02416666666666667,-0.03922244474846026,-0.009110888584873078,nonseparated,60,0.95,mixture/5.0/4/5/6
5.0,4,6,1000,constant,-0.025399999999999867,-0.034054689722956555,-0.01674531027704318,nonseparated,60,0.95,mixture/5.0/4/5/6
5.0,4,7,400,constant,0.028500000000000303,0.0139164251508348,0.04308357484916581,separated,60,0.95,mixture/5.0/4/5/7
5.0,4,7,1000,constant,0.03069999999999984,0.021584665567397687,0.03981533443260199,separated,60,0.95,mixture/5.0/4/5/7
5.0,4,8,400,constant,-0.01399999999999968,-0.027439930775896126,-0.0005600692241032323,nonseparated,60,0.95,mixture/5.0/4/5/8
5.0,4,8,1000,constant,-0.012533333333333507,-0.019978613669185852,-0.0051970418246536365,nonseparated,60,0.95,mixture/5.0/4/5/8
5.0,4,9,400,constant,-0.002249999999999752,-0.016047778579513894,0.01154777857951439,uncertain,60,0.95,mixture/5.0/4/5/9
5.0,4,9,1000,constant,0.0018666666666666831,-0.006506159655780719,0.010239492989114085,uncertain,60,0.95,mixture/5.0/4/5/9
5.0,4,10,400,constant,-0.011583333333333057,-0.028027923359317364,0.00486125669265125,uncertain,60,0.95,mixture/5.0/4/5/10
5.0,4,10,1000,constant,-0.009800000000000031,-0.01908491292542447,-0.0005150870745755931,nonseparated,60,0.95,mixture/5.0/4/5/10
5.0,4,11,400,constant,-0.011833333333332918,-0.025603688129151148,0.001937021462485311,uncertain,60,0.95,mixture/5.0/4/5/11
5.0,4,11,1000,constant,-0.011766666666666148,-0.019324033148151232,-0.004209300185181064,nonseparated,60,0.95,mixture/5.0/4/5/11
5.0,4,12,400,constant,-0.021999999999999797,-0.035397717297933506,-0.008602282702066089,nonseparated,60,0.95,mixture/5.0/4/5/12
5.0,4,12,1000,constant,-0.015133333333333554,-0.023041621298222736,-0.007225045368444372,nonseparated,60,0.95,mixture/5.0/4/5/12
5.0,4,13,400,constant,-0.0014999999999998348,-0.015178650507177593,0.012178650507177924,uncertain,60,0.95,mixture/5.0/4/5/13
5.0,4,13,1000,constant,0.002966666666666673,-0.0057906015307209735,0.01172393486405432,uncertain,60,0.95,mixture/5.0/4/5/13
5.0,4,14,400,constant,0.01100000000000001,-0.003999036621471164,0.02447553187087137,uncertain,60,0.95,mixture/5.0/4/5/14
5.0,4,14,1000,constant,0.006399999999999961,-0.0024082755209736684,0.015208275520973591,uncertain,60,0.95,mixture/5.0/4/5/14
5.0,4,15,400,constant,0.015416666666666967,0.0007152259107222614,0.02993400227998011,separated,60,0.95,mixture/5.0/4/5/15
5.0,4,15,1000,constant,0.014266666666667205,0.005502912302122076,0.023030421031212334,separated,60,0.95,mixture/5.0/4/5/15
5.0,4,16,400,constant,-0.0072499999999993125,-0.02187941163683238,0.007379411636833755,uncertain,60,0.95,mixture/5.0/4/5/16
5.0,4,16,1000,constant,-0.005133333333333434,-0.01334325487720256,0.003076588210535691,uncertain,60,0.95,mixture/5.0/4/5/16
5.0,4,17,400,constant,-0.010583333333333056,-0.025939843107624316,0.0047731764409582045,uncertain,60,0.95,mixture/5.0/4/5/17
5.0,4,17,1000,constant,-0.013299999999999979,-0.021925790992800565,-0.0046742090071993925,nonseparated,60,0.95,mixture/5.0/4/5/17
5.0,4,18,400,constant,0.0008333333333331305,-0.013635115448318302,0.015301782114984563,uncertain,60,0.95,mixture/5.0/4/5/18
5.0,4,18,1000,constant,-0.0008666666666667933,-0.008772298464856276,0.00703896513152269,uncertain,60,0.95,mixture/5.0/4/5/18
5.0,4,19,400,constant,-0.010916666666666242,-0.025987841885122043,0.00415450855178956,uncertain,60,0.95,mixture/5.0/4/5/19
5.0,4,19,1000,constant,-0.004133333333333322,-0.0122519798781765,0.0039853132115098555,uncertain,60,0.95,mixture/5.0/4/5/19
5.0,5,0,400,constant,0.0033333333333336324,-0.011918770227563713,0.018585436894230978,uncertain,60,0.95,mixture/5.0/5/5/0
5.0,5,0,1000,constant,0.005733333333333035,-0.0029329871221374093,0.01439965378880348,uncertain,60,0.95,mixture/5.0/5/5/0
5.0,5,1,400,constant,-0.014166666666666883,-0.0309119689963957,0.0025786356630619345,uncertain,60,0.95,mixture/5.0/5/5/1
5.0,5,1,1000,constant,-0.009299999999999864,-0.017263877863764043,-0.0013361221362356845,nonseparated,60,0.95,mixture/5.0/5/5/1
5.0,5,2,400,constant,0.003666666666667151,-0.010175297643648107,0.01750863097698241,uncertain,60,0.95,mixture/5.0/5/5/2
5.0,5,2,1000,constant,0.002766666666666917,-0.00600791945866197,0.011541252791995804,uncertain,60,0.95,mixture/5.0/5/5/2
5.0,5,3,400,constant,-0.0030000000000001137,-0.01956008582611135,0.013560085826111123,uncertain,60,0.95,mixture/5.0/5/5/3
5.0,5,3,1000,constant,-0.0004999999999997229,-0.009683049154562084,0.008683049154562639,uncertain,60,0.95,mixture/5.0/5/5/3
5.0,5,4,400,constant,-0.0335833333333333,-0.05288636687815085,-0.014280299788515749,nonseparated,60,0.95,mixture/5.0/5/5/4
5.0,5,4,1000,constant,-0.026000000000000134,-0.036366650604436,-0.015633349395564267,nonseparated,60,0.95,mixture/5.0/5/5/4
5.0,5,5,400,constant,0.0013333333333337416,-0.013441692125414129,0.016108358792081612,uncertain,60,0.95,mixture/5.0/5/5/5
5.0,5,5,1000,constant,0.0038333333333335773,-0.003734783881813697,0.011401450548480851,uncertain,60,0.95,mixture/5.0/5/5/5
5.0,5,6,400,constant,-0.021999999999999797,-0.036150515962864005,-0.00784948403713559,nonseparated,60,0.95,mixture/5.0/5/5/6
5.0,5,6,1000,constant,-0.02019999999999944,-0.028105498859495426,-0.012294501140503455,nonseparated,60,0.95,mixture/5.0/5/5/6
5.0,5,7,400,constant,-0.016999999999999793,-0.032066944189479085,-0.001933055810520501,nonseparated,60,0.95,mixture/5.0/5/5/7
5.0,5,7,1000,constant,-0.012433333333333518,-0.021052090104326515,-0.0038145765623405214,nonseparated,60,0.95,mixture/5.0/5/5/7
5.0,5,8,400,constant,-0.009833333333333028,-0.023357023638556407,0.0036903569718903517,uncertain,60,0.95,mixture/5.0/5/5/8
5.0,5,8,1000,constant,-0.005733333333333479,-0.0143505451011533,0.002883878434486342,uncertain,60,0.95,mixture/5.0/5/5/8
5.0,5,9,400,constant,-0.01741666666666697,-0.03305020043316198,-0.0017831329001719576,nonseparated,60,0.95,mixture/5.0/5/5/9
5.0,5,9,1000,constant,-0.014500000000000401,-0.022217967437350716,-0.006782032562650087,nonseparated,60,0.95,mixture/5.0/5/5/9
5.0,5,10,400,constant,-0.029249999999999998,-0.04561402628003486,-0.012885973719965138,nonseparated,60,0.95,mixture/5.0/5/5/10
5.0,5,10,1000,constant,-0.02580000000000049,-0.033922694012577526,-0.017677305987423453,nonseparated,60,0.95,mixture/5.0/5/5/10
5.0,5,11,400,constant,-0.002166666666666428,-0.01770839833148763,0.013375064998154773,uncertain,60,0.95,mixture/5.0/5/5/11
5.0,5,11,1000,constant,-0.0042999999999998595,-0.013465525645806609,0.00486552564580689,uncertain,60,0.95,mixture/5.0/5/5/11
5.0,5,12,400,constant,0.006000000000000116,-0.008522839285895922,0.020522839285896155,uncertain,60,0.95,mixture/5.0/5/5/12
5.0,5,12,1000,constant,0.0036333333333335993,-0.003997910284670891,0.010991994501180602,uncertain,60,0.95,mixture/5.0/5/5/12
5.0,5,13,400,constant,0.007250000000000201,-0.008237628473326652,0.022737628473327054,uncertain,60,0.95,mixture/5.0/5/5/13
5.0,5,13,1000,constant,0.00996666666666668,0.001319750171703049,0.01861358316163031,separated,60,0.95,mixture/5.0/5/5/13
5.0,5,14,400,constant,0.0025000000000002798,-0.012986890362736259,0.017986890362736818,uncertain,60,0.95,mixture/5.0/5/5/14
5.0,5,14,1000,constant,0.004200000000000426,-0.004728190089002493,0.013128190089003344,uncertain,60,0.95,mixture/5.0/5/5/14
5.0,5,15,400,constant,-0.01358333333333317,-0.029167109970898664,0.001339859862355297,uncertain,60,0.95,mixture/5.0/5/5/15
5.0,5,15,1000,constant,-0.0121,-0.021570949795161498,-0.002629050204838501,nonseparated,60,0.95,mixture/5.0/5/5/15
5.0,5,16,400,constant,0.01758333333333295,0.00413048779195424,0.031036178874711662,separated,60,0.95,mixture/5.0/5/5/16
5.0,5,16,1000,constant,0.02100000000000035,0.012313979194739422,0.02968602080526128,separated,60,0.95,mixture/5.0/5/5/16
5.0,5,17,400,constant,-0.012249999999999761,-0.028035453457329385,0.0035354534573298624,uncertain,60,0.95,mixture/5.0/5/5/17
5.0,5,17,1000,constant,-0.011600000000000055,-0.019224717290063142,-0.003975282709936967,nonseparated,60,0.95,mixture/5.0/5/5/17
5.0,5,18,400,constant,-0.012416666666666631,-0.027147806504719152,0.002314473171385889,uncertain,60,0.95,mixture/5.0/5/5/18
5.0,5,18,1000,constant,-0.00990000000000002,-0.018503507689717313,-0.0012964923102827264,nonseparated,60,0.95,mixture/5.0/5/5/18
5.0,5,19,400,constant,-0.0007500000000002505,-0.014244023607959622,0.01274402360795912,uncertain,60,0.95,mixture/5.0/5/5/19
5.0,5,19,1000,constant,0.0018999999999994577,-0.005990883572958405,0.00979088357295732,uncertain,60,0.95,mixture/5.0/5/5/19
5.0,6,0,400,constant,-0.01050000000000062,-0.02581306055265964,0.004813060552658399,uncertain,60,0.95,mixture/5.0/6/5/0
5.0,6,0,1000,constant,-0.010766666666667035,-0.019118225708010472,-0.002415107625323598,nonseparated,60,0.95,mixture/5.0/6/5/0
5.0,6,1,400,constant,-0.01275000000000015,-0.0282817200363904,0.0027817200363901007,uncertain,60,0.95,mixture/5.0/6/5/1
5.0,6,1,1000,constant,-0.007966666666666344,-0.016125290062361852,0.0001919567290291635,uncertain,60,0.95,mixture/5.0/6/5/1
5.0,6,2,400,constant,0.0055833333333332735,-0.009868275174204966,0.019732705707746545,uncertain,60,0.95,mixture/5.0/6/5/2
5.0,6,2,1000,constant,0.004266666666666863,-0.0035127144948574607,0.012046047828191186,uncertain,60,0.95,mixture/5.0/6/5/2
5.0,6,3,400,constant,-0.013083333333333336,-0.027595200972139855,0.0014285343054731836,uncertain,60,0.95,mixture/5.0/6/5/3
5.0,6,3,1000,constant,-0.011366666666666525,-0.0199761832805192,-0.0027571500528138504,nonseparated,60,0.95,mixture/5.0/6/5/3
5.0,6,4,400,constant,-0.0050000000000001155,-0.020103116309320934,0.010103116309320703,uncertain,60,0.95,mixture/5.0/6/5/4
5.0,6,4,1000,constant,-0.0003333333333336297,-0.008476094099930553,0.007809427433263294,uncertain,60,0.95,mixture/5.0/6/5/4
5.0,6,5,400,constant,0.0014166666666667327,-0.01475688397179642,0.016609226497867002,uncertain,60,0.95,mixture/5.0/6/5/5
5.0,6,5,1000,constant,0.0021333333333329874,-0.006671168009632078,0.010937834676298053,uncertain,60,0.95,mixture/5.0/6/5/5
5.0,6,6,400,constant,-0.012166666666666992,-0.02798756938395275,0.0036542360506187643,uncertain,60,0.95,mixture/5.0/6/5/6
5.0,6,6,1000,constant,-0.006533333333333724,-0.015757220125082072,0.002690553458414624,uncertain,60,0.95,mixture/5.0/6/5/6
5.0,6,7,400,constant,0.0017500000000003624,-0.013672857669882799,0.017172857669883523,uncertain,60,0.95,mixture/5.0/6/5/7
5.0,6,7,1000,constant,0.005866666666666798,-0.0023347525280483783,0.014068085861381974,uncertain,60,0.95,mixture/5.0/6/5/7
5.0,6,8,400,constant,-0.0279166666666667,-0.04582099420046626,-0.010012339132867143,nonseparated,60,0.95,mixture/5.0/6/5/8
5.0,6,8,1000,constant,-0.027766666666666717,-0.036358229175095236,-0.0191751041582382,nonseparated,60,0.95,mixture/5.0/6/5/8
5.0,6,9,400,constant,-0.021083333333333232,-0.03706629196763145,-0.005100374699035015,nonseparated,60,0.95,mixture/5.0/6/5/9
5.0,6,9,1000,constant,-0.020533333333333292,-0.02883011826602655,-0.012533620125324885,nonseparated,60,0.95,mixture/5.0/6/5/9
5.0,6,10,400,constant,-0.021749999999999492,-0.03672487652333678,-0.006775123476662204,nonseparated,60,0.95,mixture/5.0/6/5/10
5.0,6,10,1000,constant,-0.021000000000000463,-0.02980585498574373,-0.012194145014257196,nonseparated,60,0.95,mixture/5.0/6/5/10
5.0,6,11,400,constant,-0.022166666666666668,-0.03831402712247434,-0.006019306210858999,nonseparated,60,0.95,mixture/5.0/6/5/11
5.0,6,11,1000,constant,-0.025933333333333364,-0.034298779799122325,-0.017567886867544402,nonseparated,60,0.95,mixture/5.0/6/5/11
5.0,6,12,400,constant,-0.02083333333333315,-0.036948110720195215,-0.004718555946471081,nonseparated,60,0.95,mixture/5.0/6/5/12
5.0,6,12,1000,constant,-0.01683333333333359,-0.026657333243385373,-0.007009333423281805,nonseparated,60,0.95,mixture/5.0/6/5/12
5.0,6,13,400,constant,-0.01625000000000032,-0.03159146233125332,-0.0009085376687473223,nonseparated,60,0.95,mixture/5.0/6/5/13
5.0,6,13,1000,constant,-0.014499999999999846,-0.023695848848286682,-0.00530415115171301,nonseparated,60,0.95,mixture/5.0/6/5/13
5.0,6,14,400,constant,-0.028750000000000164,-0.04319545261944402,-0.01430454738055631,nonseparated,60,0.95,mixture/5.0/6/5/14
5.0,6,14,1000,constant,-0.026800000000000268,-0.03601110374937644,-0.017588896250624098,nonseparated,60,0.95,mixture/5.0/6/5/14
5.0,6,15,400,constant,-0.01433333333333342,-0.03154462613127185,0.0028779594646050066,uncertain,60,0.95,mixture/5.0/6/5/15
5.0,6,15,1000,constant,-0.011133333333333106,-0.020760783450321396,-0.002378207052432302,nonseparated,60,0.95,mixture/5.0/6/5/15
5.0,6,16,400,constant,-0.011749999999999927,-0.028715788630746975,0.00521578863074712,uncertain,60,0.95,mixture/5.0/6/5/16
5.0,6,16,1000,constant,-0.010066666666666335,-0.019573852742297948,-0.0005594805910347223,nonseparated,60,0.95,mixture/5.0/6/5/16
5.0,6,17,400,constant,-0.040250000000000674,-0.05621947716100195,-0.024280522838999397,nonseparated,60,0.95,mixture/5.0/6/5/17
5.0,6,17,1000,constant,-0.03233333333333366,-0.04140016052089823,-0.023266506145769084,nonseparated,60,0.95,mixture/5.0/6/5/17
5.0,6,18,400,constant,-0.0013333333333332975,-0.014738197366514494,0.012071530699847899,uncertain,60,0.95,mixture/5.0/6/5/18
5.0,6,18,1000,constant,-0.0014333333333330645,-0.009959484221500725,0.007092817554834596,uncertain,60,0.95,mixture/5.0/6/5/18
5.0,6,19,400,constant,-0.00883333333333347,-0.023025498346693873,0.005358831680026932,uncertain,60,0.95,mixture/5.0/6/5/19
5.0,6,19,1000,constant,-0.0013000000000000789,-0.010668267412626053,0.008068267412625896,uncertain,60,0.95,mixture/5.0/6/5/19
5.0,7,0,400,constant,-0.025416666666666865,-0.04297208671575681,-0.007861246617576922,nonseparated,60,0.95,mixture/5.0/7/5/0
5.0,7,0,1000,constant,-0.019900000000000362,-0.029698778400097048,-0.010101221599903676,nonseparated,60,0.95,mixture/5.0/7/5/0
5.0,7,1,400,constant,-0.01100000000000012,-0.027184375324038834,0.005184375324038593,uncertain,60,0.95,mixture/5.0/7/5/1
5.0,7,1,1000,constant,-0.01120000000000032,-0.02103701409343861,-0.0013629859065620309,nonseparated,60,0.95,mixture/5.0/7/5/1
5.0,7,2,400,constant,-0.031083333333333463,-0.04556142311528977,-0.016605243551377158,nonseparated,60,0.95,mixture/5.0/7/5/2
5.0,7,2,1000,constant,-0.027533333333333188,-0.036629057415397015,-0.018462954628061023,nonseparated,60,0.95,mixture/5.0/7/5/2
5.0,7,3,400,constant,-0.017999999999999683,-0.0336767165303925,-0.0023232834696068627,nonseparated,60,0.95,mixture/5.0/7/5/3
5.0,7,3,1000,constant,-0.01499999999999968,-0.0241780694048499,-0.00582193059514946,nonseparated,60,0.95,mixture/5.0/7/5/3
5.0,7,4,400,constant,-0.01075000000000037,-0.02646362628625909,0.004963626286258349,uncertain,60,0.95,mixture/5.0/7/5/4
5.0,7,4,1000,constant,-0.007200000000000317,-0.01485293039423341,0.0004529303942327756,uncertain,60,0.95,mixture/5.0/7/5/4
5.0,7,5,400,constant,0.0034166666666667345,-0.0119493838175605,0.01878271715089397,uncertain,60,0.95,mixture/5.0/7/5/5
5.0,7,5,1000,constant,0.008266666666666644,-0.0011486510461927724,0.01768198437952606,uncertain,60,0.95,mixture/5.0/7/5/5
5.0,7,6,400,constant,-0.004583333333333495,-0.02185225736143037,0.012685590694763382,uncertain,60,0.95,mixture/5.0/7/5/6
5.0,7,6,1000,constant,-0.005199999999999982,-0.013894705204643754,0.0034947052046437888,uncertain,60,0.95,mixture/5.0/7/5/6
5.0,7,7,400,constant,-0.0011666666666666492,-0.014640208656689468,0.012234546412290936,uncertain,60,0.95,mixture/5.0/7/5/7
5.0,7,7,1000,constant,0.0033333333333331883,-0.0056960975262317914,0.012362764192898168,uncertain,60,0.95,mixture/5.0/7/5/7
5.0,7,8,400,constant,-0.006333333333333413,-0.02205655866310363,0.009389891996436805,uncertain,60,0.95,mixture/5.0/7/5/8
5.0,7,8,1000,constant,-0.006466666666666621,-0.014889839488060441,0.0019565061547272,uncertain,60,0.95,mixture/5.0/7/5/8
5.0,7,9,400,constant,-0.041666666666667074,-0.05857972916607679,-0.02475360416725736,nonseparated,60,0.95,mixture/5.0/7/5/9
5.0,7,9,1000,constant,-0.038733333333333175,-0.04795848088283927,-0.02950818578382708,nonseparated,60,0.95,mixture/5.0/7/5/9
5.0,7,10,400,constant,-0.007083333333333441,-0.02421425555931911,0.009235226639364824,uncertain,60,0.95,mixture/5.0/7/5/10
5.0,7,10,1000,constant,-0.011366666666666858,-0.021091757034402914,-0.0016415762989308025,nonseparated,60,0.95,mixture/5.0/7/5/10
5.0,7,11,400,constant,-0.012333333333333307,-0.029625536344257575,0.00495886967759096,uncertain,60,0.95,mixture/5.0/7/5/11
5.0,7,11,1000,constant,-0.001000000000000112,-0.010021257381642834,0.00802125738164261,uncertain,60,0.95,mixture/5.0/7/5/11
5.0,7,12,400,constant,-0.015416666666666967,-0.030282298268749175,-0.0005510350645847595,nonseparated,60,0.95,mixture/5.0/7/5/12
5.0,7,12,1000,constant,-0.01333333333333353,-0.022041353973941913,-0.0046253126927251476,nonseparated,60,0.95,mixture/5.0/7/5/12
5.0,7,13,400,constant,-0.002666666666666484,-0.01994140556809132,0.014608072234758351,uncertain,60,0.95,mixture/5.0/7/5/13
5.0,7,13,1000,constant,0.0017000000000001458,-0.007994209553539577,0.011394209553539869,uncertain,60,0.95,mixture/5.0/7/5/13
5.0,7,14,400,constant,-0.02608333333333346,-0.042851030040729876,-0.009891323761432202,nonseparated,60,0.95,mixture/5.0/7/5/14
5.0,7,14,1000,constant,-0.02286666666666648,-0.031982441636538295,-0.013750891696794665,nonseparated,60,0.95,mixture/5.0/7/5/14
5.0,7,15,400,constant,-0.03924999999999923,-0.05613501531173648,-0.02236498468826198,nonseparated,60,0.95,mixture/5.0/7/5/15
5.0,7,15,1000,constant,-0.032733333333333836,-0.04126110277284556,-0.024205563893822113,nonseparated,60,0.95,mixture/5.0/7/5/15
5.0,7,16,400,constant,-0.026333333333333653,-0.043502392899774645,-0.009164273766892661,nonseparated,60,0.95,mixture/5.0/7/5/16
5.0,7,16,1000,constant,-0.025133333333333452,-0.03336916799168421,-0.01689749867498269,nonseparated,60,0.95,mixture/5.0/7/5/16
5.0,7,17,400,constant,-0.012583333333333613,-0.02839625661886014,0.0032295899521929128,uncertain,60,0.95,mixture/5.0/7/5/17
5.0,7,17,1000,constant,-0.007100000000000217,-0.016583743746972468,0.0023837437469720335,uncertain,60,0.95,mixture/5.0/7/5/17
5.0,7,18,400,constant,-0.025916666666666588,-0.042616307585848,-0.009827474198905728,nonseparated,60,0.95,mixture/5.0/7/5/18
5.0,7,18,1000,constant,-0.024633333333333174,-0.03413187122243011,-0.015134795444236238,nonseparated,60,0.95,mixture/5.0/7/5/18
5.0,7,19,400,constant,-0.004333333333332967,-0.02114501880923747,0.012478352142571536,uncertain,60,0.95,mixture/5.0/7/5/19
5.0,7,19,1000,constant,0.002866666666666351,-0.0062467485180299764,0.01162863849098239,uncertain,60,0.95,mixture/5.0/7/5/19
5.0,8,0,400,constant,-0.04241666666666677,-0.05973305336746393,-0.02510027996586961,nonseparated,60,0.95,mixture/5.0/8/5/0
5.0,8,0,1000,constant,-0.03666666666666629,-0.04636195018335254,-0.02706601808529696,nonseparated,60,0.95,mixture/5.0/8/5/0
5.0,8,1,400,constant,-0.009833333333333139,-0.027514101162548377,0.0078474344958821,uncertain,60,0.95,mixture/5.0/8/5/1
5.0,8,1,1000,constant,-0.00619999999999965,-0.01624594810582214,0.0038459481058228384,uncertain,60,0.95,mixture/5.0/8/5/1
5.0,8,2,400,constant,-0.036000000000000476,-0.05262936660427975,-0.019370633395721204,nonseparated,60,0.95,mixture/5.0/8/5/2
5.0,8,2,1000,constant,-0.03423333333333334,-0.04392331306884356,-0.024543353597823114,nonseparated,60,0.95,mixture/5.0/8/5/2
5.0,8,3,400,constant,-0.015833333333333255,-0.0336840401717281,0.0020173735050615926,uncertain,60,0.95,mixture/5.0/8/5/3
5.0,8,3,1000,constant,-0.014933333333333687,-0.025210081860004507,-0.004656584806662867,nonseparated,60,0.95,mixture/5.0/8/5/3
5.0,8,4,400,constant,-0.04383333333333361,-0.06106276710212655,-0.02660389956454068,nonseparated,60,0.95,mixture/5.0/8/5/4
5.0,8,4,1000,constant,-0.0407333333333334,-0.0494686248973335,-0.031998041769333296,nonseparated,60,0.95,mixture/5.0/8/5/4
5.0,8,5,400,constant,-0.03541666666666721,-0.05041830412814785,-0.020415029205186563,nonseparated,60,0.95,mixture/5.0/8/5/5
5.0,8,5,1000,constant,-0.028400000000000092,-0.037450994265350146,-0.019349005734650038,nonseparated,60,0.95,mixture/5.0/8/5/5
5.0,8,6,400,constant,-0.021416666666666417,-0.0387651477612444,-0.004068185572088434,nonseparated,60,0.95,mixture/5.0/8/5/6
5.0,8,6,1000,constant,-0.01599999999999968,-0.026064295028237372,-0.006449155984723509,nonseparated,60,0.95,mixture/5.0/8/5/6
5.0,8,7,400,constant,-0.0028333333333337984,-0.019095193292978374,0.013088143222042325,uncertain,60,0.95,mixture/5.0/8/5/7
5.0,8,7,1000,constant,-0.004433333333333289,-0.013938064842544229,0.004350153611218044,uncertain,60,0.95,mixture/5.0/8/5/7
5.0,8,8,400,constant,-0.0028333333333333544,-0.01937124312712102,0.01370457646045431,uncertain,60,0.95,mixture/5.0/8/5/8
5.0,8,8,1000,constant,-0.001566666666666161,-0.011461692702994242,0.00832835936966192,uncertain,60,0.95,mixture/5.0/8/5/8
5.0,8,9,400,constant,0.00700000000000045,-0.008908978800131195,0.022908978800132096,uncertain,60,0.95,mixture/5.0/8/5/9
5.0,8,9,1000,constant,0.006666666666666599,-0.0021326611017562502,0.015465994435089447,uncertain,60,0.95,mixture/5.0/8/5/9
5.0,8,10,400,constant,-0.02183333333333337,-0.03787206202018556,-0.005794604646481183,nonseparated,60,0.95,mixture/5.0/8/5/10
5.0,8,10,1000,constant,-0.020033333333333014,-0.0293706379096923,-0.01069602875697373,nonseparated,60,0.95,mixture/5.0/8/5/10
5.0,8,11,400,constant,-0.01341666666666641,-0.03025101696109589,0.0034176836277630684,uncertain,60,0.95,mixture/5.0/8/5/11
5.0,8,11,1000,constant,-0.010233333333333094,-0.01984551316233729,-0.0006211535043288974,nonseparated,60,0.95,mixture/5.0/8/5/11
5.0,8,12,400,constant,-0.01883333333333337,-0.035073822817064615,-0.0025928438496021222,nonseparated,60,0.95,mixture/5.0/8/5/12
5.0,8,12,1000,constant,-0.014033333333333564,-0.02335399906261948,-0.004712667604047649,nonseparated,60,0.95,mixture/5.0/8/5/12
5.0,8,13,400,constant,-0.011583333333333501,-0.027542921431440326,0.004376254764773324,uncertain,60,0.95,mixture/5.0/8/5/13
5.0,8,13,1000,constant,-0.013266666666666982,-0.02191600086036849,-0.004617332472965474,nonseparated,60,0.95,mixture/5.0/8/5/13
5.0,8,14,400,constant,-0.013416666666666632,-0.02998366690649068,0.0030648892477035394,uncertain,60,0.95,mixture/5.0/8/5/14
5.0,8,14,1000,constant,-0.011366666666666636,-0.020509638565853527,-0.0022236947674797447,nonseparated,60,0.95,mixture/5.0/8/5/14
5.0,8,15,400,constant,-0.0144166666666673,-0.03020189628315606,0.0013685629498214613,uncertain,60,0.95,mixture/5.0/8/5/15
5.0,8,15,1000,constant,-0.009466666666666956,-0.018990813477269053,5.7480143935140227e-05,uncertain,60,0.95,mixture/5.0/8/5/15
5.0,8,16,400,constant,-0.02083333333333348,-0.03841140244198604,-0.0032552642246809205,nonseparated,60,0.95,mixture/5.0/8/5/16
5.0,8,16,1000,constant,-0.02029999999999954,-0.029589861517738125,-0.011010138482260956,nonseparated,60,0.95,mixture/5.0/8/5/16
5.0,8,17,400,constant,-0.010749999999999926,-0.02727801330382995,0.0057780133038300985,uncertain,60,0.95,mixture/5.0/8/5/17
5.0,8,17,1000,constant,-0.005199999999999982,-0.014436799124850075,0.00403679912485011,uncertain,60,0.95,mixture/5.0/8/5/17
5.0,8,18,400,constant,-0.017416666666666192,-0.033573601600816794,-0.00125973173251559,nonseparated,60,0.95,mixture/5.0/8/5/18
5.0,8,18,1000,constant,-0.016300000000000425,-0.026222407128786207,-0.0063775928712146435,nonseparated,60,0.95,mixture/5.0/8/5/18
5.0,8,19,400,constant,0.0004166666666666208,-0.016785780988105348,0.01685635428337484,uncertain,60,0.95,mixture/5.0/8/5/19
5.0,8,19,1000,constant,0.00016666666666675933,-0.008367586712147435,0.008700920045480953,uncertain,60,0.95,mixture/5.0/8/5/19
5.0,9,0,400,constant,-0.006833333333333247,-0.025544709106222085,0.011598352070559703,uncertain,60,0.95,mixture/5.0/9/5/0
5.0,9,0,1000,constant,-0.0032000000000002027,-0.013447605642323168,0.007047605642322763,uncertain,60,0.95,mixture/5.0/9/5/0
5.0,9,1,400,constant,-0.031500000000000306,-0.048543171805270235,-0.014456828194730376,nonseparated,60,0.95,mixture/5.0/9/5/1
5.0,9,1,1000,constant,-0.024199999999999777,-0.03497334700690802,-0.013426652993091537,nonseparated,60,0.95,mixture/5.0/9/5/1
5.0,9,2,400,constant,-0.0610833333333336,-0.07699396408201453,-0.04517270258465267,nonseparated,60,0.95,mixture/5.0/9/5/2
5.0,9,2,1000,constant,-0.06073333333333286,-0.07096224306596499,-0.05050442360070073,nonseparated,60,0.95,mixture/5.0/9/5/2
5.0,9,3,400,constant,0.004749999999999921,-0.0130496763845247,0.021328117970027205,uncertain,60,0.95,mixture/5.0/9/5/3
5.0,9,3,1000,constant,0.0010666666666665492,-0.00966498508312974,0.011798318416462839,uncertain,60,0.95,mixture/5.0/9/5/3
5.0,9,4,400,constant,-0.012166666666666437,-0.02826362700559326,0.003930293672260388,uncertain,60,0.95,mixture/5.0/9/5/4
5.0,9,4,1000,constant,-0.010333333333333417,-0.020802761048592022,0.0001360943819251892,uncertain,60,0.95,mixture/5.0/9/5/4
5.0,9,5,400,constant,-0.02908333333333346,-0.04542874709107647,-0.01273791957559045,nonseparated,60,0.95,mixture/5.0/9/5/5
5.0,9,5,1000,constant,-0.02953333333333308,-0.0389540774203917,-0.02011258924627446,nonseparated,60,0.95,mixture/5.0/9/5/5
5.0,9,6,400,constant,-0.025416666666666754,-0.042650555314796224,-0.008182778018537284,nonseparated,60,0.95,mixture/5.0/9/5/6
5.0,9,6,1000,constant,-0.02063333333333328,-0.030289149523449965,-0.010977517143216597,nonseparated,60,0.95,mixture/5.0/9/5/6
5.0,9,7,400,constant,-0.012583333333333613,-0.029495227996530926,0.004280312845104994,uncertain,60,0.95,mixture/5.0/9/5/7
5.0,9,7,1000,constant,-0.0087666666666667,-0.01898524948499336,0.0013111762710931174,uncertain,60,0.95,mixture/5.0/9/5/7
5.0,9,8,400,constant,-0.018750000000000155,-0.03555063722231633,-0.0027959380968253233,nonseparated,60,0.95,mixture/5.0/9/5/8
5.0,9,8,1000,constant,-0.01963333333333306,-0.028319735561586845,-0.010946931105079272,nonseparated,60,0.95,mixture/5.0/9/5/8
5.0,9,9,400,constant,-0.03449999999999975,-0.049462955211670656,-0.01953704478832885,nonseparated,60,0.95,mixture/5.0/9/5/9
5.0,9,9,1000,constant,-0.029166666666666785,-0.03896820140701085,-0.01936513192632272,nonseparated,60,0.95,mixture/5.0/9/5/9
5.0,9,10,400,constant,-0.041749999999999954,-0.060602965168922496,-0.022897034831077412,nonseparated,60,0.95,mixture/5.0/9/5/10
5.0,9,10,1000,constant,-0.04000000000000037,-0.05025783550384033,-0.029742164496160406,nonseparated,60,0.95,mixture/5.0/9/5/10
5.0,9,11,400,constant,-0.03775000000000017,-0.056417857403878724,-0.01908214259612162,nonseparated,60,0.95,mixture/5.0/9/5/11
5.0,9,11,1000,constant,-0.032633333333333514,-0.042115195981472175,-0.02318171625797205,nonseparated,60,0.95,mixture/5.0/9/5/11
5.0,9,12,400,constant,-0.010416666666666519,-0.028798348114271066,0.007868793251745054,uncertain,60,0.95,mixture/5.0/9/5/12
5.0,9,12,1000,constant,-0.009666666666666712,-0.020213487636408956,0.00023902679534260063,uncertain,60,0.95,mixture/5.0/9/5/12
5.0,9,13,400,constant,-0.009999999999999898,-0.02806812477199694,0.008068124771997143,uncertain,60,0.95,mixture/5.0/9/5/13
5.0,9,13,1000,constant,-0.00570000000000026,-0.015719527011983092,0.004319527011982571,uncertain,60,0.95,mixture/5.0/9/5/13
5.0,9,14,400,constant,-0.0345833333333333,-0.05261338252327663,-0.016553284143389968,nonseparated,60,0.95,mixture/5.0/9/5/14
5.0,9,14,1000,constant,-0.026366666666666316,-0.03568918232418028,-0.017044151009152353,nonseparated,60,0.95,mixture/5.0/9/5/14
5.0,9,15,400,constant,-0.013833333333333586,-0.02880165400132373,0.0011349873346565564,uncertain,60,0.95,mixture/5.0/9/5/15
5.0,9,15,1000,constant,-0.00966666666666649,-0.01893522379614887,-0.00039810953718411035,nonseparated,60,0.95,mixture/5.0/9/5/15
5.0,9,16,400,constant,-0.027916666666666923,-0.04355833266936582,-0.012275000663968028,nonseparated,60,0.95,mixture/5.0/9/5/16
5.0,9,16,1000,constant,-0.028933333333333255,-0.03889925237382941,-0.019158767278257827,nonseparated,60,0.95,mixture/5.0/9/5/16
5.0,9,17,400,constant,-0.035250000000000115,-0.05485535565944699,-0.016249028690681677,nonseparated,60,0.95,mixture/5.0/9/5/17
5.0,9,17,1000,constant,-0.027966666666666806,-0.03843052465128183,-0.017502808682051785,nonseparated,60,0.95,mixture/5.0/9/5/17
5.0,9,18,400,constant,-0.023916666666666808,-0.040667934177897824,-0.007165399155435792,nonseparated,60,0.95,mixture/5.0/9/5/18
5.0,9,18,1000,constant,-0.020033333333333125,-0.030317771712397912,-0.009748894954268339,nonseparated,60,0.95,mixture/5.0/9/5/18
5.0,9,19,400,constant,-0.021583333333333066,-0.03920307393309186,-0.003963592733574273,nonseparated,60,0.95,mixture/5.0/9/5/19
5.0,9,19,1000,constant,-0.019866666666666477,-0.02892471741066449,-0.010808615922668463,nonseparated,60,0.95,mixture/5.0/9/5/19
5.0,10,0,400,constant,-0.018999999999999906,-0.03709099337810362,-0.0009090066218961912,nonseparated,60,0.95,mixture/5.0/10/5/0
5.0,10,0,1000,constant,-0.017033333333333456,-0.02718019776359948,-0.006886468903067433,nonseparated,60,0.95,mixture/5.0/10/5/0
5.0,10,1,400,constant,-0.010583333333333278,-0.026737980904977365,0.005571314238310809,uncertain,60,0.95,mixture/5.0/10/5/1
5.0,10,1,1000,constant,-0.0057000000000004825,-0.016006566177437898,0.004606566177436933,uncertain,60,0.95,mixture/5.0/10/5/1
5.0,10,2,400,constant,-0.022166666666666446,-0.0418977132563374,-0.0024356200769954928,nonseparated,60,0.95,mixture/5.0/10/5/2
5.0,10,2,1000,constant,-0.014133333333333442,-0.02503881500317573,-0.0032278516634911547,nonseparated,60,0.95,mixture/5.0/10/5/2
5.0,10,3,400,constant,-0.022333333333333538,-0.038529930134640566,-0.00613673653202651,nonseparated,60,0.95,mixture/5.0/10/5/3
5.0,10,3,1000,constant,-0.019600000000000284,-0.029939349716168517,-0.00926065028383205,nonseparated,60,0.95,mixture/5.0/10/5/3
5.0,10,4,400,constant,-0.009583333333333277,-0.027165352200868242,0.007998685534201688,uncertain,60,0.95,mixture/5.0/10/5/4
5.0,10,4,1000,constant,-0.010433333333333406,-0.01998452651348903,-0.0008821401531777795,nonseparated,60,0.95,mixture/5.0/10/5/4
5.0,10,5,400,constant,-0.016249999999999987,-0.03431794062310456,0.0018179406231045858,uncertain,60,0.95,mixture/5.0/10/5/5
5.0,10,5,1000,constant,-0.012333333333333751,-0.02174354197929307,-0.0029231246873744343,nonseparated,60,0.95,mixture/5.0/10/5/5
5.0,10,6,400,constant,-0.008833333333333582,-0.02639136969221656,0.008724703025549396,uncertain,60,0.95,mixture/5.0/10/5/6
5.0,10,6,1000,constant,-0.006800000000000139,-0.017032327437549566,0.0034323274375492874,uncertain,60,0.95,mixture/5.0/10/5/6
5.0,10,7,400,constant,-0.03166666666666684,-0.05044785163133747,-0.013551318117583255,nonseparated,60,0.95,mixture/5.0/10/5/7
5.0,10,7,1000,constant,-0.030733333333333723,-0.04103479946306954,-0.020972206357014023,nonseparated,60,0.95,mixture/5.0/10/5/7
5.0,10,8,400,constant,-0.02191666666666703,-0.041677717270129366,-0.002250677930481837,nonseparated,60,0.95,mixture/5.0/10/5/8
5.0,10,8,1000,constant,-0.018499999999999628,-0.02918013390816432,-0.007819866091834937,nonseparated,60,0.95,mixture/5.0/10/5/8
5.0,10,9,400,constant,-0.0014166666666663996,-0.020794729970485926,0.014409585563445737,uncertain,60,0.95,mixture/5.0/10/5/9
5.0,10,9,1000,constant,-0.0018333333333330204,-0.01114931182340928,0.0074826451567432395,uncertain,60,0.95,mixture/5.0/10/5/9
5.0,10,10,400,constant,-0.028416666666666535,-0.0447479978186206,-0.012185987650763064,nonseparated,60,0.95,mixture/5.0/10/5/10
5.0,10,10,1000,constant,-0.02726666666666655,-0.03764874968562526,-0.01688458364770784,nonseparated,60,0.95,mixture/5.0/10/5/10
5.0,10,11,400,constant,-0.023083333333333345,-0.04111751427139898,-0.005049152395267709,nonseparated,60,0.95,mixture/5.0/10/5/11
5.0,10,11,1000,constant,-0.020433333333333414,-0.031392900543974145,-0.009473766122692684,nonseparated,60,0.95,mixture/5.0/10/5/11
5.0,10,12,400,constant,-0.04491666666666727,-0.0627182025534384,-0.027115130779896135,nonseparated,60,0.95,mixture/5.0/10/5/12
5.0,10,12,1000,constant,-0.04289999999999983,-0.05327444750923338,-0.032525552490766274,nonseparated,60,0.95,mixture/5.0/10/5/12
5.0,10,13,400,constant,-0.03266666666666662,-0.04913036922268865,-0.01730121914873939,nonseparated,60,0.95,mixture/5.0/10/5/13
5.0,10,13,1000,constant,-0.025033333333333352,-0.035067410453424985,-0.0159996199788085,nonseparated,60,0.95,mixture/5.0/10/5/13
5.0,10,14,400,constant,0.0025000000000002798,-0.01587854519526677,0.02087854519526733,uncertain,60,0.95,mixture/5.0/10/5/14
5.0,10,14,1000,constant,0.0033999999999999586,-0.007470213036215756,0.013724208631337276,uncertain,60,0.95,mixture/5.0/10/5/14
5.0,10,15,400,constant,-0.02833333333333299,-0.044895905676556214,-0.011770760990109763,nonseparated,60,0.95,mixture/5.0/10/5/15
5.0,10,15,1000,constant,-0.0294333333333332,-0.03903633500385584,-0.019830331662810563,nonseparated,60,0.95,mixture/5.0/10/5/15
5.0,10,16,400,constant,-0.03524999999999989,-0.055278796677643904,-0.01522120332235588,nonseparated,60,0.95,mixture/5.0/10/5/16
5.0,10,16,1000,constant,-0.03733333333333322,-0.0501112875523122,-0.024555379114354237,nonseparated,60,0.95,mixture/5.0/10/5/16
5.0,10,17,400,constant,-0.011000000000000232,-0.027262996630330383,0.005193774811147467,uncertain,60,0.95,mixture/5.0/10/5/17
5.0,10,17,1000,constant,-0.011266666666666425,-0.020179055632334464,-0.002692660843878869,nonseparated,60,0.95,mixture/5.0/10/5/17
5.0,10,18,400,constant,-0.02966666666666662,-0.04788985931776624,-0.011443474015567001,nonseparated,60,0.95,mixture/5.0/10/5/18
5.0,10,18,1000,constant,-0.02513333333333323,-0.03548488834365238,-0.014781778323014083,nonseparated,60,0.95,mixture/5.0/10/5/18
5.0,10,19,400,constant,-0.043333333333333335,-0.061887901243799726,-0.024778765422866944,nonseparated,60,0.95,mixture/5.0/10/5/19
5.0,10,19,1000,constant,-0.03856666666666719,-0.04857552948195354,-0.028665063775297206,nonseparated,60,0.95,mixture/5.0/10/5/19
10.0,2,0,400,constant,0.047333333333333116,0.03282057663838145,0.061846090028284784,separated,60,0.95,mixture/10.0/2/5/0
10.0,2,0,1000,constant,0.04896666666666627,0.040633002373927196,0.05730033095940534,separated,60,0.95,mixture/10.0/2/5/0
10.0,2,1,400,constant,0.006000000000000227,-0.006313776453344633,0.018313776453345088,uncertain,60,0.95,mixture/10.0/2/5/1
10.0,2,1,1000,constant,0.003466666666666618,-0.0025393998915588245,0.00947273322489206,uncertain,60,0.95,mixture/10.0/2/5/1
10.0,2,2,400,constant,0.006416666666666404,-0.006927564397179342,0.01976089773051215,uncertain,60,0.95,mixture/10.0/2/5/2
10.0,2,2,1000,constant,0.011799999999999922,0.005284287628708473,0.01831571237129137,separated,60,0.95,mixture/10.0/2/5/2
10.0,2,3,400,constant,0.013750000000000373,0.0015008258117060747,0.02599917418829467,separated,60,0.95,mixture/10.0/2/5/3
10.0,2,3,1000,constant,0.009666666666666268,0.0029851480656208906,0.016348185267711646,separated,60,0.95,mixture/10.0/2/5/3
10.0,2,4,400,constant,0.008666666666666822,-0.0015727971461736434,0.018906130479507288,uncertain,60,0.95,mixture/10.0/2/5/4
10.0,2,4,1000,constant,0.010199999999999876,0.004128994708638034,0.016271005291361718,separated,60,0.95,mixture/10.0/2/5/4
10.0,2,5,400,constant,0.011416666666666964,0.0006645802848597171,0.02216875304847421,separated,60,0.95,mixture/10.0/2/5/5
10.0,2,5,1000,constant,0.014466666666667072,0.007737798769689608,0.021195534563644536,separated,60,0.95,mixture/10.0/2/5/5
10.0,2,6,400,constant,0.0014166666666663996,-0.010297530933366716,0.013130864266699516,uncertain,60,0.95,mixture/10.0/2/5/6
10.0,2,6,1000,constant,-0.0002333333333331966,-0.006456240948787051,0.005989574282120658,uncertain,60,0.95,mixture/10.0/2/5/6
10.0,2,7,400,constant,-0.0024166666666668446,-0.013510895251690025,0.008677561918356336,uncertain,60,0.95,mixture/10.0/2/5/7
10.0,2,7,1000,constant,0.0007666666666665822,-0.0051303733519344474,0.006663706685267612,uncertain,60,0.95,mixture/10.0/2/5/7
10.0,2,8,400,constant,0.014916666666666467,0.0031866071072315094,0.026646726226101425,separated,60,0.95,mixture/10.0/2/5/8
10.0,2,8,1000,constant,0.014633333333333276,0.008243462826203474,0.02102320384046308,separated,60,0.95,mixture/10.0/2/5/8
10.0,2,9,400,constant,0.01066666666666638,-0.00024178102240646204,0.021575114355739222,uncertain,60,0.95,mixture/10.0/2/5/9
10.0,2,9,1000,constant,0.007199999999999873,0.0006911011414815205,0.013708898858518226,separated,60,0.95,mixture/10.0/2/5/9
10.0,2,10,400,constant,0.004083333333332995,-0.007302135170599744,0.015468801837265733,uncertain,60,0.95,mixture/10.0/2/5/10
10.0,2,10,1000,constant,-0.0012666666666667492,-0.0067816454521728575,0.004248312118839359,uncertain,60,0.95,mixture/10.0/2/5/10
10.0,2,11,400,constant,0.0018333333333333535,-0.009746110642363637,0.013412777309030344,uncertain,60,0.95,mixture/10.0/2/5/11
10.0,2,11,1000,constant,0.002666666666666928,-0.0036983527449858666,0.009031686078319723,uncertain,60,0.95,mixture/10.0/2/5/11
10.0,2,12,400,constant,0.0050833333333331066,-0.006143440656467991,0.016310107323134204,uncertain,60,0.95,mixture/10.0/2/5/12
10.0,2,12,1000,constant,0.006899999999999906,-0.0006887481556588915,0.014488748155658704,uncertain,60,0.95,mixture/10.0/2/5/12
10.0,2,13,400,constant,0.008249999999999869,-0.0023639886388019393,0.018863988638801676,uncertain,60,0.95,mixture/10.0/2/5/13
10.0,2,13,1000,constant,0.009466666666667067,0.0030207852963867188,0.015912548036947416,separated,60,0.95,mixture/10.0/2/5/13
10.0,2,14,400,constant,0.009916666666667018,-0.0024069565578439533,0.02224028989117799,uncertain,60,0.95,mixture/10.0/2/5/14
10.0,2,14,1000,constant,0.008866666666666578,0.002434751340109287,0.01529858199322387,separated,60,0.95,mixture/10.0/2/5/14
10.0,2,15,400,constant,0.0066666666666664876,-0.004625819203820103,0.017959152537153078,uncertain,60,0.95,mixture/10.0/2/5/15
10.0,2,15,1000,constant,0.008933333333333793,0.0025424418966293327,0.015324224770038253,separated,60,0.95,mixture/10.0/2/5/15
10.0,2,16,400,constant,0.0050000000000001155,-0.006696341012098039,0.01669634101209827,uncertain,60,0.95,mixture/10.0/2/5/16
10.0,2,16,1000,constant,0.009200000000000208,0.0026382091272634245,0.01576179087273699,separated,60,0.95,mixture/10.0/2/5/16
10.0,2,17,400,constant,0.020249999999999546,0.007400402794840111,0.03309959720515898,separated,60,0.95,mixture/10.0/2/5/17
10.0,2,17,1000,constant,0.025500000000000078,0.018843462859830296,0.03215653714016986,separated,60,0.95,mixture/10.0/2/5/17
10.0,2,18,400,constant,0.015083333333332893,0.003275031850359267,0.02689163481630652,separated,60,0.95,mixture/10.0/2/5/18
10.0,2,18,1000,constant,0.011566666666666614,0.004774240010807507,0.01835909332252572,separated,60,0.95,mixture/10.0/2/5/18
10.0,2,19,400,constant,0.01916666666666711,0.006754687427417583,0.031578645905916636,separated,60,0.95,mixture/10.0/2/5/19
10.0,2,19,1000,constant,0.016799999999999926,0.01001034181011251,0.02358965818988734,separated,60,0.95,mixture/10.0/2/5/19
10.0,3,0,400,constant,0.004166666666666874,-0.00873235606213707,0.017065689395470818,uncertain,60,0.95,mixture/10.0/3/5/0
10.0,3,0,1000,constant,0.0033333333333332993,-0.004355651860903698,0.011022318527570296,uncertain,60,0.95,mixture/10.0/3/5/0
10.0,3,1,400,constant,0.0035833333333332718,-0.01015742567756961,0.017324092344236153,uncertain,60,0.95,mixture/10.0/3/5/1
10.0,3,1,1000,constant,0.004766666666666586,-0.002425471798011558,0.01195880513134473,uncertain,60,0.95,mixture/10.0/3/5/1
10.0,3,2,400,constant,0.0015000000000002789,-0.012002997940803506,0.015002997940804064,uncertain,60,0.95,mixture/10.0/3/5/2
10.0,3,2,1000,constant,0.0008333333333332416,-0.006465063795585979,0.008131730462252462,uncertain,60,0.95,mixture/10.0/3/5/2
10.0,3,3,400,constant,-0.0018333333333335755,-0.013731250214599422,0.010064583547932271,uncertain,60,0.95,mixture/10.0/3/5/3
10.0,3,3,1000,constant,0.0022333333333334204,-0.005290483191889961,0.009757149858556802,uncertain,60,0.95,mixture/10.0/3/5/3
10.0,3,4,400,constant,0.0066666666666661545,-0.006181704487228434,0.019515037820560743,uncertain,60,0.95,mixture/10.0/3/5/4
10.0,3,4,1000,constant,0.008966666666666678,0.0018483313451771455,0.01608500198815621,separated,60,0.95,mixture/10.0/3/5/4
10.0,3,5,400,constant,0.007916666666666683,-0.006719893759848383,0.02255322709318175,uncertain,60,0.95,mixture/10.0/3/5/5
10.0,3,5,1000,constant,0.006833333333333247,-0.0012822902465671193,0.014948956913233613,uncertain,60,0.95,mixture/10.0/3/5/5
10.0,3,6,400,constant,0.016999999999999682,0.003024787979012733,0.03097521202098663,separated,60,0.95,mixture/10.0/3/5/6
10.0,3,6,1000,constant,0.01586666666666703,0.006983396723392543,0.024749936609941514,separated,60,0.95,mixture/10.0/3/5/6
10.0,3,7,400,constant,0.0002500000000000835,-0.012936997636384229,0.013436997636384396,uncertain,60,0.95,mixture/10.0/3/5/7
10.0,3,7,1000,constant,0.002566666666666828,-0.00490724874409143,0.010040582077425086,uncertain,60,0.95,mixture/10.0/3/5/7
10.0,3,8,400,constant,-0.01474999999999993,-0.02732822847305616,-0.0021717715269437,nonseparated,60,0.95,mixture/10.0/3/5/8
10.0,3,8,1000,constant,-0.014433333333333409,-0.02274627988829192,-0.006120386778374898,nonseparated,60,0.95,mixture/10.0/3/5/8
10.0,3,9,400,constant,0.0005833333333336022,-0.012250306530783295,0.012601006431644413,uncertain,60,0.95,mixture/10.0/3/5/9
10.0,3,9,1000,constant,-0.0010999999999998789,-0.00811564590847813,0.005915645908478373,uncertain,60,0.95,mixture/10.0/3/5/9
10.0,3,10,400,constant,0.002666666666666817,-0.009989844634012757,0.01532317796734639,uncertain,60,0.95,mixture/10.0/3/5/10
10.0,3,10,1000,constant,0.005266666666666642,-0.001398952151888344,0.011932285485221628,uncertain,60,0.95,mixture/10.0/3/5/10
10.0,3,11,400,constant,0.002083333333332882,-0.011923985333992193,0.015818851674209045,uncertain,60,0.95,mixture/10.0/3/5/11
10.0,3,11,1000,constant,0.0020333333333335535,-0.00559818482117469,0.009664851487841797,uncertain,60,0.95,mixture/10.0/3/5/11
10.0,3,12,400,constant,0.009416666666666518,-0.005638786348976188,0.024472119682309224,uncertain,60,0.95,mixture/10.0/3/5/12
10.0,3,12,1000,constant,0.008833333333333027,0.00019434052749822683,0.01704552681472893,separated,60,0.95,mixture/10.0/3/5/12
10.0,3,13,400,constant,-0.0029999999999995586,-0.01670718351924727,0.01016850289011817,uncertain,60,0.95,mixture/10.0/3/5/13
10.0,3,13,1000,constant,-0.000300000000000078,-0.008244873370939598,0.007644873370939442,uncertain,60,0.95,mixture/10.0/3/5/13
10.0,3,14,400,constant,-0.010166666666666657,-0.023207840907431887,0.0028745075740985726,uncertain,60,0.95,mixture/10.0/3/5/14
10.0,3,14,1000,constant,-0.009300000000000197,-0.016836415010406003,-0.0017635849895943911,nonseparated,60,0.95,mixture/10.0/3/5/14
10.0,3,15,400,constant,0.012499999999999845,-0.0011127287867169766,0.026112728786716666,uncertain,60,0.95,mixture/10.0/3/5/15
10.0,3,15,1000,constant,0.01340000000000019,0.006295920233269525,0.020390470001043437,separated,60,0.95,mixture/10.0/3/5/15
10.0,3,16,400,constant,0.0039999999999998925,-0.009097495485227092,0.017050713774300674,uncertain,60,0.95,mixture/10.0/3/5/16
10.0,3,16,1000,constant,0.007966666666666788,0.00047545904050638743,0.015250786809190342,separated,60,0.95,mixture/10.0/3/5/16
10.0,3,17,400,constant,0.0024166666666667336,-0.009925549705519399,0.014758883038852866,uncertain,60,0.95,mixture/10.0/3/5/17
10.0,3,17,1000,constant,0.0033999999999999586,-0.004112434475330939,0.010912434475330857,uncertain,60,0.95,mixture/10.0/3/5/17
10.0,3,18,400,constant,-0.009749999999999925,-0.022643553539687167,0.003143553539687316,uncertain,60,0.95,mixture/10.0/3/5/18
10.0,3,18,1000,constant,-0.006633333333333269,-0.013628297240368625,0.0003616305737020875,uncertain,60,0.95,mixture/10.0/3/5/18
10.0,3,19,400,constant,0.00833333333333397,-0.005141880197620297,0.021808546864288236,uncertain,60,0.95,mixture/10.0/3/5/19
10.0,3,19,1000,constant,0.011500000000000066,0.00472483358735265,0.01827516641264748,separated,60,0.95,mixture/10.0/3/5/19
10.0,4,0,400,constant,0.002666666666666817,-0.012098184709398385,0.01743151804273202,uncertain,60,0.95,mixture/10.0/4/5/0
10.0,4,0,1000,constant,0.007099999999999773,-0.0006482699511312084,0.014848269951130755,uncertain,60,0.95,mixture/10.0/4/5/0
10.0,4,1,400,constant,-0.005416666666666403,-0.01856081858627623,0.007727485252943422,uncertain,60,0.95,mixture/10.0/4/5/1
10.0,4,1,1000,constant,-0.006199999999999872,-0.013509633303006474,0.0011096333030067296,uncertain,60,0.95,mixture/10.0/4/5/1
10.0,4,2,400,constant,8.33333333335462e-05,-0.013424515265738735,0.013544856954838425,uncertain,60,0.95,mixture/10.0/4/5/2
10.0,4,2,1000,constant,-0.0018333333333334645,-0.009374970173704034,0.005708303507037105,uncertain,60,0.95,mixture/10.0/4/5/2
10.0,4,3,400,constant,0.0013333333333335196,-0.011305294184427161,0.0139719608510942,uncertain,60,0.95,mixture/10.0/4/5/3
10.0,4,3,1000,constant,0.0020333333333334425,-0.005719287929154548,0.009785954595821433,uncertain,60,0.95,mixture/10.0/4/5/3
10.0,4,4,400,constant,-0.005416666666666736,-0.018428889920172886,0.007595556586839414,uncertain,60,0.95,mixture/10.0/4/5/4
10.0,4,4,1000,constant,-0.004833333333333467,-0.012862134160953054,0.0031954674942861194,uncertain,60,0.95,mixture/10.0/4/5/4
10.0,4,5,400,constant,-0.011583333333333723,-0.026685313768648355,0.0035186471019809096,uncertain,60,0.95,mixture/10.0/4/5/5
10.0,4,5,1000,constant,-0.012833333333333252,-0.021158455698832346,-0.004508210967834159,nonseparated,60,0.95,mixture/10.0/4/5/5
10.0,4,6,400,constant,-0.018916666666666693,-0.0334665835335356,-0.004366749799797787,nonseparated,60,0.95,mixture/10.0/4/5/6
10.0,4,6,1000,constant,-0.013066666666666893,-0.0212078747543617,-0.004925458578972086,nonseparated,60,0.95,mixture/10.0/4/5/6
10.0,4,7,400,constant,-0.011916666666666687,-0.025790533996426723,0.0019572006630933503,uncertain,60,0.95,mixture/10.0/4/5/7
10.0,4,7,1000,constant,-0.011566666666666725,-0.018763296007148655,-0.004370037326184795,nonseparated,60,0.95,mixture/10.0/4/5/7
10.0,4,8,400,constant,0.009583333333333055,-0.004810109067436952,0.023976775734103062,uncertain,60,0.95,mixture/10.0/4/5/8
10.0,4,8,1000,constant,0.009366666666666967,0.0018326549021803196,0.016900678431153615,separated,60,0.95,mixture/10.0/4/5/8
10.0,4,9,400,constant,-0.008083333333333442,-0.02106652350304783,0.004899856836380945,uncertain,60,0.95,mixture/10.0/4/5/9
10.0,4,9,1000,constant,-0.004266666666666419,-0.011414038988378006,0.002880705655045168,uncertain,60,0.95,mixture/10.0/4/5/9
10.0,4,10,400,constant,-0.020583333333333287,-0.03649789897924194,-0.004668767687424635,nonseparated,60,0.95,mixture/10.0/4/5/10
10.0,4,10,1000,constant,-0.018266666666666653,-0.026576976304394706,-0.0099563570289386,nonseparated,60,0.95,mixture/10.0/4/5/10
10.0,4,11,400,constant,0.0006666666666671484,-0.01315101634660698,0.014484349679941277,uncertain,60,0.95,mixture/10.0/4/5/11
10.0,4,11,1000,constant,0.004399999999999626,-0.0029742237421535034,0.011774223742152756,uncertain,60,0.95,mixture/10.0/4/5/11
10.0,4,12,400,constant,-0.00258333333333316,-0.017207914000017532,0.012041247333351213,uncertain,60,0.95,mixture/10.0/4/5/12
10.0,4,12,1000,constant,0.00033333333333385173,-0.009049295720131023,0.009715962386798727,uncertain,60,0.95,mixture/10.0/4/5/12
10.0,4,13,400,constant,-0.006833333333333136,-0.023011394954497444,0.009344728287831172,uncertain,60,0.95,mixture/10.0/4/5/13
10.0,4,13,1000,constant,-0.0042999999999997485,-0.012071292060530037,0.0034712920605305397,uncertain,60,0.95,mixture/10.0/4/5/13
10.0,4,14,400,constant,0.0013333333333336306,-0.013567085974154791,0.01484689624924218,uncertain,60,0.95,mixture/10.0/4/5/14
10.0,4,14,1000,constant,0.0060666666666662206,-0.0017302051475917013,0.013683512047226398,uncertain,60,0.95,mixture/10.0/4/5/14
10.0,4,15,400,constant,0.000500000000000167,-0.01513300401257256,0.015178348725134905,uncertain,60,0.95,mixture/10.0/4/5/15
10.0,4,15,1000,constant,-0.0010666666666669933,-0.009018578296739355,0.006885244963405368,uncertain,60,0.95,mixture/10.0/4/5/15
10.0,4,16,400,constant,-0.027750000000000385,-0.04205254805852887,-0.0134474519414719,nonseparated,60,0.95,mixture/10.0/4/5/16
10.0,4,16,1000,constant,-0.030400000000000316,-0.038363111902261826,-0.022436888097738805,nonseparated,60,0.95,mixture/10.0/4/5/16
10.0,4,17,400,constant,-0.012500000000000067,-0.026019904306759822,0.0010199043067596891,uncertain,60,0.95,mixture/10.0/4/5/17
10.0,4,17,1000,constant,-0.009700000000000486,-0.01764140740127007,-0.0017585925987309015,nonseparated,60,0.95,mixture/10.0/4/5/17
10.0,4,18,400,constant,-0.026750000000000163,-0.03869244727450416,-0.014807552725496165,nonseparated,60,0.95,mixture/10.0/4/5/18
10.0,4,18,1000,constant,-0.023466666666666636,-0.03130849563870386,-0.015624837694629412,nonseparated,60,0.95,mixture/10.0/4/5/18
10.0,4,19,400,constant,-0.0034999999999996145,-0.01690521401200218,0.00990521401200295,uncertain,60,0.95,mixture/10.0/4/5/19
10.0,4,19,1000,constant,0.002466666666666617,-0.005490943636756729,0.010424276970089963,uncertain,60,0.95,mixture/10.0/4/5/19
10.0,5,0,400,constant,-0.006999999999999895,-0.02228191547989733,0.00828191547989754,uncertain,60,0.95,mixture/10.0/5/5/0
10.0,5,0,1000,constant,-0.0030333333333335544,-0.011112503695510534,0.005045837028843425,uncertain,60,0.95,mixture/10.0/5/5/0
10.0,5,1,400,constant,-0.03008333333333335,-0.04431198920381996,-0.015854677462846745,nonseparated,60,0.95,mixture/10.0/5/5/1
10.0,5,1,1000,constant,-0.02773333333333361,-0.036438445497977257,-0.019028221168689963,nonseparated,60,0.95,mixture/10.0/5/5/1
10.0,5,2,400,constant,-0.005583333333333496,-0.020850793068338924,0.009684126401671933,uncertain,60,0.95,mixture/10.0/5/5/2
10.0,5,2,1000,constant,-0.0011333333333329865,-0.009151125222484735,0.006884458555818762,uncertain,60,0.95,mixture/10.0/5/5/2
10.0,5,3,400,constant,-0.00825000000000009,-0.024040513034148114,0.007540513034147933,uncertain,60,0.95,mixture/10.0/5/5/3
10.0,5,3,1000,constant,-0.0046999999999998154,-0.013928996695615647,0.004528996695616017,uncertain,60,0.95,mixture/10.0/5/5/3
10.0,5,4,400,constant,-0.007083333333332775,-0.023005077311951894,0.008838410645286343,uncertain,60,0.95,mixture/10.0/5/5/4
10.0,5,4,1000,constant,-0.008366666666666633,-0.017665423223305887,0.0003162489073317287,uncertain,60,0.95,mixture/10.0/5/5/4
10.0,5,5,400,constant,-0.001583333333333159,-0.01883224091506841,0.015665574248402092,uncertain,60,0.95,mixture/10.0/5/5/5
10.0,5,5,1000,constant,0.000900000000000345,-0.007253314289374702,0.009053314289375392,uncertain,60,0.95,mixture/10.0/5/5/5
10.0,5,6,400,constant,-0.011749999999999705,-0.024958940226945336,0.001270239997351874,uncertain,60,0.95,mixture/10.0/5/5/6
10.0,5,6,1000,constant,-0.010233333333333428,-0.017628972841043256,-0.0028376938256235995,nonseparated,60,0.95,mixture/10.0/5/5/6
10.0,5,7,400,constant,0.0016666666666668162,-0.012482774352973625,0.015816107686307257,uncertain,60,0.95,mixture/10.0/5/5/7
10.0,5,7,1000,constant,3.333333333355171e-05,-0.007713195247655902,0.007779861914323005,uncertain,60,0.95,mixture/10.0/5/5/7
10.0,5,8,400,constant,0.0007500000000001394,-0.012767412252671528,0.014205532528640319,uncertain,60,0.95,mixture/10.0/5/5/8
10.0,5,8,1000,constant,0.0022999999999998577,-0.005842491262941452,0.010336069093678457,uncertain,60,0.95,mixture/10.0/5/5/8
10.0,5,9,400,constant,0.0014999999999998348,-0.014592381113684216,0.014487383249133012,uncertain,60,0.95,mixture/10.0/5/5/9
10.0,5,9,1000,constant,-0.00036666666666651526,-0.007706235293927333,0.006854144328017897,uncertain,60,0.95,mixture/10.0/5/5/9
10.0,5,10,400,constant,-0.01591666666666669,-0.02993868009186318,-0.002637391903523967,nonseparated,60,0.95,mixture/10.0/5/5/10
10.0,5,10,1000,constant,-0.011133333333333328,-0.019758463925801384,-0.002508202740865273,nonseparated,60,0.95,mixture/10.0/5/5/10
10.0,5,11,400,constant,-0.01066666666666638,-0.02426232211944157,0.0029289887861088104,uncertain,60,0.95,mixture/10.0/5/5/11
10.0,5,11,1000,constant,-0.0041333333333331,-0.011390476153499418,0.003123809486833218,uncertain,60,0.95,mixture/10.0/5/5/11
10.0,5,12,400,constant,-0.014416666666666744,-0.030980659362200513,-0.000804325591304611,nonseparated,60,0.95,mixture/10.0/5/5/12
10.0,5,12,1000,constant,-0.014966666666666462,-0.023967999036860865,-0.006902130311441712,nonseparated,60,0.95,mixture/10.0/5/5/12
10.0,5,13,400,constant,-0.008833333333333915,-0.023680262298324317,0.006013595631656488,uncertain,60,0.95,mixture/10.0/5/5/13
10.0,5,13,1000,constant,-0.009066666666666778,-0.016487649478097666,-0.001645683855235891,nonseparated,60,0.95,mixture/10.0/5/5/13
10.0,5,14,400,constant,-0.00825000000000009,-0.021858254651096143,0.005358254651095962,uncertain,60,0.95,mixture/10.0/5/5/14
10.0,5,14,1000,constant,-0.007833333333333026,-0.016606819191409272,0.0009401525247432208,uncertain,60,0.95,mixture/10.0/5/5/14
10.0,5,15,400,constant,-0.00849999999999973,-0.02393481052225943,0.006934810522259971,uncertain,60,0.95,mixture/10.0/5/5/15
10.0,5,15,1000,constant,-0.007333333333333081,-0.0156054464973292,0.000938779830663039,uncertain,60,0.95,mixture/10.0/5/5/15
10.0,5,16,400,constant,-0.005999999999999894,-0.022751184141402092,0.010660424713827776,uncertain,60,0.95,mixture/10.0/5/5/16
10.0,5,16,1000,constant,-0.006133333333332991,-0.014527664407446905,0.0022609977407809234,uncertain,60,0.95,mixture/10.0/5/5/16
10.0,5,17,400,constant,-0.010333333333333194,-0.026772033976266263,0.006105367309599874,uncertain,60,0.95,mixture/10.0/5/5/17
10.0,5,17,1000,constant,-0.008033333333333226,-0.016320843219662984,0.00020806267171769033,uncertain,60,0.95,mixture/10.0/5/5/17
10.0,5,18,400,constant,-0.02400000000000002,-0.03808313159625032,-0.009916868403749723,nonseparated,60,0.95,mixture/10.0/5/5/18
10.0,5,18,1000,constant,-0.019366666666667087,-0.027226792864230798,-0.011506540469103377,nonseparated,60,0.95,mixture/10.0/5/5/18
10.0,5,19,400,constant,-0.012666666666666604,-0.02654423904799197,0.001210905714658761,uncertain,60,0.95,mixture/10.0/5/5/19
10.0,5,19,1000,constant,-0.010333333333333417,-0.018832856764249506,-0.0018338099024173271,nonseparated,60,0.95,mixture/10.0/5/5/19
10.0,6,0,400,constant,-0.018916666666666693,-0.032852059558164504,-0.004981273775168882,nonseparated,60,0.95,mixture/10.0/6/5/0
10.0,6,0,1000,constant,-0.019233333333333547,-0.02827199113783785,-0.010194675528829245,nonseparated,60,0.95,mixture/10.0/6/5/0
10.0,6,1,400,constant,-0.033833333333333604,-0.04850885315605913,-0.01915781351060808,nonseparated,60,0.95,mixture/10.0/6/5/1
10.0,6,1,1000,constant,-0.03190000000000004,-0.040312570667516034,-0.023487429332484044,nonseparated,60,0.95,mixture/10.0/6/5/1
10.0,6,2,400,constant,-0.02758333333333296,-0.041520395511738695,-0.013646271154927225,nonseparated,60,0.95,mixture/10.0/6/5/2
10.0,6,2,1000,constant,-0.02893333333333381,-0.0370140325163717,-0.020852634150295923,nonseparated,60,0.95,mixture/10.0/6/5/2
10.0,6,3,400,constant,-0.02475000000000005,-0.040161741090465886,-0.009338258909534214,nonseparated,60,0.95,mixture/10.0/6/5/3
10.0,6,3,1000,constant,-0.022933333333333583,-0.03170757588654716,-0.01415909078012001,nonseparated,60,0.95,mixture/10.0/6/5/3
10.0,6,4,400,constant,-0.015416666666666745,-0.030847267681906043,-8.965117255710364e-05,nonseparated,60,0.95,mixture/10.0/6/5/4
10.0,6,4,1000,constant,-0.015966666666666907,-0.02395771016786452,-0.007975623165469292,nonseparated,60,0.95,mixture/10.0/6/5/4
10.0,6,5,400,constant,-0.01849999999999996,-0.03270845420863755,-0.004291545791362372,nonseparated,60,0.95,mixture/10.0/6/5/5
10.0,6,5,1000,constant,-0.01670000000000016,-0.02505243827569459,-0.008533710172382913,nonseparated,60,0.95,mixture/10.0/6/5/5
10.0,6,6,400,constant,-0.014833333333332921,-0.029164493376001466,-0.0005021732906643761,nonseparated,60,0.95,mixture/10.0/6/5/6
10.0,6,6,1000,constant,-0.01333333333333342,-0.021497157607278217,-0.005169509059388622,nonseparated,60,0.95,mixture/10.0/6/5/6
10.0,6,7,400,constant,-0.013000000000000567,-0.027977993710365134,0.001977993710364001,uncertain,60,0.95,mixture/10.0/6/5/7
10.0,6,7,1000,constant,-0.01870000000000016,-0.027646435513690393,-0.009753564486309929,nonseparated,60,0.95,mixture/10.0/6/5/7
10.0,6,8,400,constant,-0.03841666666666688,-0.05485912353490896,-0.021974209798424793,nonseparated,60,0.95,mixture/10.0/6/5/8
10.0,6,8,1000,constant,-0.031999999999999695,-0.04008292982553263,-0.02391707017446676,nonseparated,60,0.95,mixture/10.0/6/5/8
10.0,6,9,400,constant,-0.003166666666666762,-0.017679180647778847,0.011345847314445323,uncertain,60,0.95,mixture/10.0/6/5/9
10.0,6,9,1000,constant,0.0002333333333331966,-0.008846936408953843,0.009313603075620236,uncertain,60,0.95,mixture/10.0/6/5/9
10.0,6,10,400,constant,-0.01708333333333345,-0.032953922564398774,-0.0012127441022681262,nonseparated,60,0.95,mixture/10.0/6/5/10
10.0,6,10,1000,constant,-0.018600000000000172,-0.027086053420442346,-0.010113946579557997,nonseparated,60,0.95,mixture/10.0/6/5/10
10.0,6,11,400,constant,0.00041666666666650976,-0.016278117913397727,0.017111451246730747,uncertain,60,0.95,mixture/10.0/6/5/11
10.0,6,11,1000,constant,0.004266666666666419,-0.005020169402034869,0.013553502735367706,uncertain,60,0.95,mixture/10.0/6/5/11
10.0,6,12,400,constant,-0.007083333333333108,-0.023411439995076444,0.008515899548708239,uncertain,60,0.95,mixture/10.0/6/5/12
10.0,6,12,1000,constant,-0.006300000000000083,-0.01530566897147656,0.0027056689714763937,uncertain,60,0.95,mixture/10.0/6/5/12
10.0,6,13,400,constant,-0.015166666666666884,-0.03096615070202824,0.0006328173686944716,uncertain,60,0.95,mixture/10.0/6/5/13
10.0,6,13,1000,constant,-0.012766666666667037,-0.02141676767537981,-0.004116565657954263,nonseparated,60,0.95,mixture/10.0/6/5/13
10.0,6,14,400,constant,-0.004583333333333495,-0.01941609406907019,0.0102494274024032,uncertain,60,0.95,mixture/10.0/6/5/14
10.0,6,14,1000,constant,-0.0042999999999996374,-0.014450000759256287,0.0058500007592570125,uncertain,60,0.95,mixture/10.0/6/5/14
10.0,6,15,400,constant,-0.0015000000000000568,-0.015493352636379853,0.01249335263637974,uncertain,60,0.95,mixture/10.0/6/5/15
10.0,6,15,1000,constant,0.0004999999999999449,-0.008729713817027362,0.009427837057078947,uncertain,60,0.95,mixture/10.0/6/5/15
10.0,6,16,400,constant,-0.011500000000000066,-0.026987149015544554,0.003987149015544422,uncertain,60,0.95,mixture/10.0/6/5/16
10.0,6,16,1000,constant,-0.010566666666666391,-0.01865245766912882,-0.002480875664203963,nonseparated,60,0.95,mixture/10.0/6/5/16
10.0,6,17,400,constant,-0.021500000000000186,-0.03859272365153166,-0.004407276348468714,nonseparated,60,0.95,mixture/10.0/6/5/17
10.0,6,17,1000,constant,-0.01536666666666675,-0.02462627441355869,-0.00610705891977481,nonseparated,60,0.95,mixture/10.0/6/5/17
10.0,6,18,400,constant,0.005750000000000477,-0.008795416207510787,0.02029541620751174,uncertain,60,0.95,mixture/10.0/6/5/18
10.0,6,18,1000,constant,0.00336666666666674,-0.005239149407761712,0.01122575958587635,uncertain,60,0.95,mixture/10.0/6/5/18
10.0,6,19,400,constant,-0.01700000000000046,-0.030686771825093273,-0.0033132281749076453,nonseparated,60,0.95,mixture/10.0/6/5/19
10.0,6,19,1000,constant,-0.016433333333333633,-0.024325622960426507,-0.008541043706240758,nonseparated,60,0.95,mixture/10.0/6/5/19
10.0,7,0,400,constant,-0.0030000000000004468,-0.02099788720988094,0.014382736640072502,uncertain,60,0.95,mixture/10.0/7/5/0
10.0,7,0,1000,constant,-0.0026333333333331543,-0.012323663370878202,0.007056996704211893,uncertain,60,0.95,mixture/10.0/7/5/0
10.0,7,1,400,constant,-0.01708333333333345,-0.03206330280718794,-0.002103363859478957,nonseparated,60,0.95,mixture/10.0/7/5/1
10.0,7,1,1000,constant,-0.02159999999999984,-0.030051453483540547,-0.013148546516459136,nonseparated,60,0.95,mixture/10.0/7/5/1
10.0,7,2,400,constant,-0.02041666666666686,-0.03706143397950501,-0.0037718993538287116,nonseparated,60,0.95,mixture/10.0/7/5/2
10.0,7,2,1000,constant,-0.016133333333333555,-0.025005318337613214,-0.007261348329053896,nonseparated,60,0.95,mixture/10.0/7/5/2
10.0,7,3,400,constant,-0.01241666666666652,-0.02740680231873238,0.002573468985399341,uncertain,60,0.95,mixture/10.0/7/5/3
10.0,7,3,1000,constant,-0.00986666666666669,-0.019917952640324588,0.0001846193069912072,uncertain,60,0.95,mixture/10.0/7/5/3
10.0,7,4,400,constant,-0.018500000000000294,-0.033252098466294955,-0.003747901533705633,nonseparated,60,0.95,mixture/10.0/7/5/4
10.0,7,4,1000,constant,-0.021899999999999364,-0.030448626362445608,-0.013351373637553121,nonseparated,60,0.95,mixture/10.0/7/5/4
10.0,7,5,400,constant,-0.012833333333333696,-0.027228820876383564,0.0015621542097161711,uncertain,60,0.95,mixture/10.0/7/5/5
10.0,7,5,1000,constant,-0.010700000000000487,-0.019693039822217706,-0.0017069601777832677,nonseparated,60,0.95,mixture/10.0/7/5/5
10.0,7,6,400,constant,-0.011166666666666658,-0.026413109544910607,0.004079776211577291,uncertain,60,0.95,mixture/10.0/7/5/6
10.0,7,6,1000,constant,-0.008200000000000318,-0.01651685385672852,0.00011685385672788318,uncertain,60,0.95,mixture/10.0/7/5/6
10.0,7,7,400,constant,0.002249999999999752,-0.011954358728657688,0.015588776051105868,uncertain,60,0.95,mixture/10.0/7/5/7
10.0,7,7,1000,constant,0.0013333333333335196,-0.00785898167321486,0.009888705964838151,uncertain,60,0.95,mixture/10.0/7/5/7
10.0,7,8,400,constant,-0.002083333333333215,-0.01732693518176831,0.01316026851510188,uncertain,60,0.95,mixture/10.0/7/5/8
10.0,7,8,1000,constant,-0.002300000000000413,-0.010753723817309102,0.006027151715318979,uncertain,60,0.95,mixture/10.0/7/5/8
10.0,7,9,400,constant,-0.005916666666666237,-0.021250719085200265,0.00941738575186779,uncertain,60,0.95,mixture/10.0/7/5/9
10.0,7,9,1000,constant,-0.0042000000000000925,-0.012747124838704549,0.004347124838704364,uncertain,60,0.95,mixture/10.0/7/5/9
10.0,7,10,400,constant,-0.019333333333333202,-0.034267322182131355,-0.0043993444845350504,nonseparated,60,0.95,mixture/10.0/7/5/10
10.0,7,10,1000,constant,-0.019966666666666133,-0.0281334314232089,-0.011799901910123367,nonseparated,60,0.95,mixture/10.0/7/5/10
10.0,7,11,400,constant,-0.01100000000000012,-0.024580957815217963,0.0025809578152177215,uncertain,60,0.95,mixture/10.0/7/5/11
10.0,7,11,1000,constant,-0.009533333333333283,-0.01814931483860671,-0.001705346454534018,nonseparated,60,0.95,mixture/10.0/7/5/11
10.0,7,12,400,constant,-0.02216666666666689,-0.03787372628054764,-0.006459607052786143,nonseparated,60,0.95,mixture/10.0/7/5/12
10.0,7,12,1000,constant,-0.01886666666666692,-0.027581143648449435,-0.010152189684884405,nonseparated,60,0.95,mixture/10.0/7/5/12
10.0,7,13,400,constant,0.0050000000000002265,-0.010475799022956367,0.019197711757998892,uncertain,60,0.95,mixture/10.0/7/5/13
10.0,7,13,1000,constant,0.0030999999999997696,-0.005696068740173588,0.011800372348653831,uncertain,60,0.95,mixture/10.0/7/5/13
10.0,7,14,400,constant,-0.020083333333333564,-0.03634488756009291,-0.003821779106574219,nonseparated,60,0.95,mixture/10.0/7/5/14
10.0,7,14,1000,constant,-0.018866666666666698,-0.027731114265768908,-0.010002219067564488,nonseparated,60,0.95,mixture/10.0/7/5/14
10.0,7,15,400,constant,-0.04108333333333325,-0.058020378234466596,-0.024146288432199903,nonseparated,60,0.95,mixture/10.0/7/5/15
10.0,7,15,1000,constant,-0.04149999999999954,-0.05056641400247919,-0.03243358599751989,nonseparated,60,0.95,mixture/10.0/7/5/15
10.0,7,16,400,constant,-0.008666666666666711,-0.025882275795321097,0.007184888790947808,uncertain,60,0.95,mixture/10.0/7/5/16
10.0,7,16,1000,constant,-0.008066666666667,-0.017066445282863274,0.000933111949529275,uncertain,60,0.95,mixture/10.0/7/5/16
10.0,7,17,400,constant,-0.005083333333333551,-0.02214162414608689,0.01197495747941979,uncertain,60,0.95,mixture/10.0/7/5/17
10.0,7,17,1000,constant,-0.00446666666666673,-0.013129863922765606,0.004196530589432146,uncertain,60,0.95,mixture/10.0/7/5/17
10.0,7,18,400,constant,-0.0076666666666667105,-0.02475025731036229,0.009416923977028868,uncertain,60,0.95,mixture/10.0/7/5/18
10.0,7,18,1000,constant,-0.008266666666667088,-0.017319962320234028,0.0007866289868998511,uncertain,60,0.95,mixture/10.0/7/5/18
10.0,7,19,400,constant,-0.011666666666666936,-0.02718605993745926,0.0038527266041253894,uncertain,60,0.95,mixture/10.0/7/5/19
10.0,7,19,1000,constant,-0.009300000000000086,-0.018015583778474786,-0.0006548638381973504,nonseparated,60,0.95,mixture/10.0/7/5/19
10.0,8,0,400,constant,-0.02341666666666653,-0.03867893463773475,-0.008154398695598308,nonseparated,60,0.95,mixture/10.0/8/5/0
10.0,8,0,1000,constant,-0.023399999999999976,-0.03323430742929012,-0.01356569257070983,nonseparated,60,0.95,mixture/10.0/8/5/0
10.0,8,1,400,constant,-0.026000000000000245,-0.04401027835769056,-0.007989721642309933,nonseparated,60,0.95,mixture/10.0/8/5/1
10.0,8,1,1000,constant,-0.021800000000000375,-0.03128182178694294,-0.012318178213057807,nonseparated,60,0.95,mixture/10.0/8/5/1
10.0,8,2,400,constant,-0.012249999999999983,-0.028573038345341528,0.003371003261320338,uncertain,60,0.95,mixture/10.0/8/5/2
10.0,8,2,1000,constant,-0.012166666666666659,-0.020499137166198333,-0.003886856772357672,nonseparated,60,0.95,mixture/10.0/8/5/2
10.0,8,3,400,constant,-0.03433333333333355,-0.052352503402975814,-0.016314163263691284,nonseparated,60,0.95,mixture/10.0/8/5/3
10.0,8,3,1000,constant,-0.03256666666666652,-0.04304827005229195,-0.022085063281041095,nonseparated,60,0.95,mixture/10.0/8/5/3
10.0,8,4,400,constant,-0.013250000000000206,-0.02991261255865163,0.0007530130234438825,uncertain,60,0.95,mixture/10.0/8/5/4
10.0,8,4,1000,constant,-0.012499999999999845,-0.021565767078654097,-0.0034342329213455924,nonseparated,60,0.95,mixture/10.0/8/5/4
10.0,8,5,400,constant,-0.02150000000000052,-0.037681209025832496,-0.005318790974168541,nonseparated,60,0.95,mixture/10.0/8/5/5
10.0,8,5,1000,constant,-0.02326666666666677,-0.031108269278157463,-0.015425064055176074,nonseparated,60,0.95,mixture/10.0/8/5/5
10.0,8,6,400,constant,-0.0076666666666664884,-0.023321840450690523,0.007988507117357546,uncertain,60,0.95,mixture/10.0/8/5/6
10.0,8,6,1000,constant,-0.003466666666667062,-0.012534898182044008,0.004949466151505488,uncertain,60,0.95,mixture/10.0/8/5/6
10.0,8,7,400,constant,-0.01516666666666644,-0.03136754146583309,0.001034208132500214,uncertain,60,0.95,mixture/10.0/8/5/7
10.0,8,7,1000,constant,-0.015799999999999925,-0.024950914565199267,-0.0066490854348005834,nonseparated,60,0.95,mixture/10.0/8/5/7
10.0,8,8,400,constant,-0.013000000000000012,-0.02828583488226699,0.0019212901438786512,uncertain,60,0.95,mixture/10.0/8/5/8
10.0,8,8,1000,constant,-0.011166666666666769,-0.020754900960567424,-0.0015784323727661143,nonseparated,60,0.95,mixture/10.0/8/5/8
10.0,8,9,400,constant,-0.012999999999999678,-0.029013260259112106,0.002730188780612819,uncertain,60,0.95,mixture/10.0/8/5/9
10.0,8,9,1000,constant,-0.01430000000000009,-0.023804699416434483,-0.004795300583565698,nonseparated,60,0.95,mixture/10.0/8/5/9
10.0,8,10,400,constant,-0.012083333333333113,-0.02584802020909338,0.0016813535424271553,uncertain,60,0.95,mixture/10.0/8/5/10
10.0,8,10,1000,constant,-0.010533333333333283,-0.019131278207872415,-0.0019353884587941517,nonseparated,60,0.95,mixture/10.0/8/5/10
10.0,8,11,400,constant,-0.023749999999999827,-0.0393556968946942,-0.00814430310530545,nonseparated,60,0.95,mixture/10.0/8/5/11
10.0,8,11,1000,constant,-0.023900000000000143,-0.03229125221764251,-0.015508747782357779,nonseparated,60,0.95,mixture/10.0/8/5/11
10.0,8,12,400,constant,-0.013249999999999651,-0.028864261547517978,0.001364502792261968,uncertain,60,0.95,mixture/10.0/8/5/12
10.0,8,12,1000,constant,-0.01423333333333332,-0.023756329402798038,-0.0052462239917040465,nonseparated,60,0.95,mixture/10.0/8/5/12
10.0,8,13,400,constant,-0.013999999999999901,-0.030397171920296895,0.002397171920297092,uncertain,60,0.95,mixture/10.0/8/5/13
10.0,8,13,1000,constant,-0.011533333333333617,-0.020627769142675945,-0.0024388975239912902,nonseparated,60,0.95,mixture/10.0/8/5/13
10.0,8,14,400,constant,-0.010666666666666602,-0.02870268896970407,0.006571310853960899,uncertain,60,0.95,mixture/10.0/8/5/14
10.0,8,14,1000,constant,-0.01006666666666678,-0.019750689582931247,-0.0003826437504023117,nonseparated,60,0.95,mixture/10.0/8/5/14
10.0,8,15,400,constant,-0.02216666666666689,-0.036824571985352494,-0.007979083219543326,nonseparated,60,0.95,mixture/10.0/8/5/15
10.0,8,15,1000,constant,-0.021600000000000064,-0.030140306041495757,-0.01305969395850437,nonseparated,60,0.95,mixture/10.0/8/5/15
10.0,8,16,400,constant,-0.009250000000000091,-0.02565874649915001,0.007158746499149826,uncertain,60,0.95,mixture/10.0/8/5/16
10.0,8,16,1000,constant,-0.00583333333333369,-0.014590537952112737,0.0029238712854453563,uncertain,60,0.95,mixture/10.0/8/5/16
10.0,8,17,400,constant,-0.022666666666666835,-0.03799069693185786,-0.0073426364014758105,nonseparated,60,0.95,mixture/10.0/8/5/17
10.0,8,17,1000,constant,-0.02569999999999939,-0.035316603606517005,-0.016083396393481775,nonseparated,60,0.95,mixture/10.0/8/5/17
10.0,8,18,400,constant,-0.01375000000000004,-0.030908387142939198,0.0025115813055428537,uncertain,60,0.95,mixture/10.0/8/5/18
10.0,8,18,1000,constant,-0.0118999999999998,-0.021447075666444215,-0.002352924333555384,nonseparated,60,0.95,mixture/10.0/8/5/18
10.0,8,19,400,constant,-0.02550000000000041,-0.04161214267968427,-0.00938785732031655,nonseparated,60,0.95,mixture/10.0/8/5/19
10.0,8,19,1000,constant,-0.021866666666666923,-0.03148257048545722,-0.012250762847876628,nonseparated,60,0.95,mixture/10.0/8/5/19
10.0,9,0,400,constant,-0.03066666666666673,-0.04705864950345784,-0.014314052176532366,nonseparated,60,0.95,mixture/10.0/9/5/0
10.0,9,0,1000,constant,-0.026233333333333553,-0.035980477096285934,-0.01648618957038117,nonseparated,60,0.95,mixture/10.0/9/5/0
10.0,9,1,400,constant,-0.018583333333333285,-0.035191498298918544,-0.001975168367748026,nonseparated,60,0.95,mixture/10.0/9/5/1
10.0,9,1,1000,constant,-0.01593333333333291,-0.025197446398507517,-0.006669220268158305,nonseparated,60,0.95,mixture/10.0/9/5/1
10.0,9,2,400,constant,-0.01016666666666688,-0.025334995065328214,0.005001661731994456,uncertain,60,0.95,mixture/10.0/9/5/2
10.0,9,2,1000,constant,-0.010466666666666513,-0.019803045464596436,-0.0011302878687365903,nonseparated,60,0.95,mixture/10.0/9/5/2
10.0,9,3,400,constant,-0.011916666666666909,-0.029424885581520344,0.005429503080778275,uncertain,60,0.95,mixture/10.0/9/5/3
10.0,9,3,1000,constant,-0.014766666666666706,-0.02497578649567167,-0.004557546837661741,nonseparated,60,0.95,mixture/10.0/9/5/3
10.0,9,4,400,constant,-0.024833333333333152,-0.04053709579040943,-0.009129570876256876,nonseparated,60,0.95,mixture/10.0/9/5/4
10.0,9,4,1000,constant,-0.019133333333333558,-0.028280187782297905,-0.00998647888436921,nonseparated,60,0.95,mixture/10.0/9/5/4
10.0,9,5,400,constant,-0.015166666666666218,-0.0319407550130375,0.0015834608328274546,uncertain,60,0.95,mixture/10.0/9/5/5
10.0,9,5,1000,constant,-0.011766666666666481,-0.020363574070083157,-0.0032807011609576886,nonseparated,60,0.95,mixture/10.0/9/5/5
10.0,9,6,400,constant,-0.012000000000000122,-0.029665977482901673,0.00566597748290143,uncertain,60,0.95,mixture/10.0/9/5/6
10.0,9,6,1000,constant,-0.010533333333333394,-0.02008370051281594,-0.0009829661538508505,nonseparated,60,0.95,mixture/10.0/9/5/6
10.0,9,7,400,constant,-0.011416666666667075,-0.02610235187459853,0.0030104938005849347,uncertain,60,0.95,mixture/10.0/9/5/7
10.0,9,7,1000,constant,-0.012533333333333507,-0.021917567127871518,-0.0031490995387954968,nonseparated,60,0.95,mixture/10.0/9/5/7
10.0,9,8,400,constant,-0.019583333333333508,-0.037004058634678705,-0.002162608031988311,nonseparated,60,0.95,mixture/10.0/9/5/8
10.0,9,8,1000,constant,-0.014766666666667483,-0.02408687399163978,-0.005446459341695187,nonseparated,60,0.95,mixture/10.0/9/5/8
10.0,9,9,400,constant,-0.016916666666666247,-0.03218621969443414,-0.0016471136388983565,nonseparated,60,0.95,mixture/10.0/9/5/9
10.0,9,9,1000,constant,-0.014300000000000312,-0.023378707679980515,-0.00522129232002011,nonseparated,60,0.95,mixture/10.0/9/5/9
10.0,9,10,400,constant,-0.021250000000000324,-0.03686602064970268,-0.0056339793502979685,nonseparated,60,0.95,mixture/10.0/9/5/10
10.0,9,10,1000,constant,-0.01656666666666673,-0.02484689195713452,-0.008286441376198939,nonseparated,60,0.95,mixture/10.0/9/5/10
10.0,9,11,400,constant,-0.027416666666666645,-0.04441545098594735,-0.010417882347385943,nonseparated,60,0.95,mixture/10.0/9/5/11
10.0,9,11,1000,constant,-0.025533333333333075,-0.03391681565234683,-0.017149851014319317,nonseparated,60,0.95,mixture/10.0/9/5/11
10.0,9,12,400,constant,-0.018916666666666804,-0.03620883810793296,-0.0016244952254006462,nonseparated,60,0.95,mixture/10.0/9/5/12
10.0,9,12,1000,constant,-0.01506666666666645,-0.02457619251472365,-0.005557140818609252,nonseparated,60,0.95,mixture/10.0/9/5/12
10.0,9,13,400,constant,-0.016499999999999848,-0.03446907595609494,0.0014690759560952449,uncertain,60,0.95,mixture/10.0/9/5/13
10.0,9,13,1000,constant,-0.011566666666666392,-0.02117644083836223,-0.002174328800185199,nonseparated,60,0.95,mixture/10.0/9/5/13
10.0,9,14,400,constant,-0.016416666666666635,-0.034245915995773646,0.0009339222280940751,uncertain,60,0.95,mixture/10.0/9/5/14
10.0,9,14,1000,constant,-0.0186333333333335,-0.028847931194554643,-0.00841873547211236,nonseparated,60,0.95,mixture/10.0/9/5/14
10.0,9,15,400,constant,-0.023166666666666558,-0.039635264972044615,-0.0072592494620945525,nonseparated,60,0.95,mixture/10.0/9/5/15
10.0,9,15,1000,constant,-0.020866666666666256,-0.029689980966162266,-0.012043352367170246,nonseparated,60,0.95,mixture/10.0/9/5/15
10.0,9,16,400,constant,-0.012666666666666826,-0.029373048939892676,0.0039515975202218945,uncertain,60,0.95,mixture/10.0/9/5/16
10.0,9,16,1000,constant,-0.009666666666667156,-0.018272648592736584,-0.0012138674961857943,nonseparated,60,0.95,mixture/10.0/9/5/16
10.0,9,17,400,constant,-0.015916666666667023,-0.0340566457545497,0.002037760488076912,uncertain,60,0.95,mixture/10.0/9/5/17
10.0,9,17,1000,constant,-0.01356666666666706,-0.022761786477031976,-0.004371546856302144,nonseparated,60,0.95,mixture/10.0/9/5/17
10.0,9,18,400,constant,-0.024833333333333263,-0.04288022393911184,-0.008559773886189448,nonseparated,60,0.95,mixture/10.0/9/5/18
10.0,9,18,1000,constant,-0.0206666666666665,-0.030336192737504653,-0.011960110366912469,nonseparated,60,0.95,mixture/10.0/9/5/18
10.0,9,19,400,constant,-0.00966666666666638,-0.026450987143596283,0.0071176538102635245,uncertain,60,0.95,mixture/10.0/9/5/19
10.0,9,19,1000,constant,-0.0074666666666665105,-0.01688626053182629,0.0019529271984932706,uncertain,60,0.95,mixture/10.0/9/5/19
10.0,10,0,400,constant,-0.04808333333333381,-0.06564030676841204,-0.030526359898255584,nonseparated,60,0.95,mixture/10.0/10/5/0
10.0,10,0,1000,constant,-0.04216666666666635,-0.052152763653923406,-0.03220303295434923,nonseparated,60,0.95,mixture/10.0/10/5/0
10.0,10,1,400,constant,-0.0289166666666667,-0.04391964941271953,-0.013913683920613873,nonseparated,60,0.95,mixture/10.0/10/5/1
10.0,10,1,1000,constant,-0.022666666666666724,-0.03269864843867587,-0.012634684894657577,nonseparated,60,0.95,mixture/10.0/10/5/1
10.0,10,2,400,constant,-0.01983333333333348,-0.03514082689516518,-0.004525839771501783,nonseparated,60,0.95,mixture/10.0/10/5/2
10.0,10,2,1000,constant,-0.0173333333333332,-0.02638441198487218,-0.008293657437634994,nonseparated,60,0.95,mixture/10.0/10/5/2
10.0,10,3,400,constant,-0.007500000000000284,-0.023804095612085185,0.008756837824337005,uncertain,60,0.95,mixture/10.0/10/5/3
10.0,10,3,1000,constant,-0.0054000000000005155,-0.014821211312506688,0.003933643104067852,uncertain,60,0.95,mixture/10.0/10/5/3
10.0,10,4,400,constant,-0.006000000000000005,-0.023021330519747085,0.010986250938631481,uncertain,60,0.95,mixture/10.0/10/5/4
10.0,10,4,1000,constant,-0.008200000000000207,-0.017580665643353033,0.0011806656433526186,uncertain,60,0.95,mixture/10.0/10/5/4
10.0,10,5,400,constant,-0.010500000000000398,-0.02752515429438185,0.005534758858048328,uncertain,60,0.95,mixture/10.0/10/5/5
10.0,10,5,1000,constant,-0.011399999999999966,-0.020280858836842386,-0.0025191411631575455,nonseparated,60,0.95,mixture/10.0/10/5/5
10.0,10,6,400,constant,-0.04550000000000021,-0.06284930437265401,-0.0281506956273464,nonseparated,60,0.95,mixture/10.0/10/5/6
10.0,10,6,1000,constant,-0.04090000000000016,-0.051054240948468665,-0.03074575905153165,nonseparated,60,0.95,mixture/10.0/10/5/6
10.0,10,7,400,constant,-0.022250000000000325,-0.03878022734646891,-0.005719772653531741,nonseparated,60,0.95,mixture/10.0/10/5/7
10.0,10,7,1000,constant,-0.020700000000000496,-0.029737783610479185,-0.011662216389521807,nonseparated,60,0.95,mixture/10.0/10/5/7
10.0,10,8,400,constant,-0.016500000000000403,-0.03218542610873343,-0.0008145738912673783,nonseparated,60,0.95,mixture/10.0/10/5/8
10.0,10,8,1000,constant,-0.0179333333333338,-0.027207836557852194,-0.008658830108815407,nonseparated,60,0.95,mixture/10.0/10/5/8
10.0,10,9,400,constant,-0.005833333333333135,-0.02254200064838363,0.010875333981717361,uncertain,60,0.95,mixture/10.0/10/5/9
10.0,10,9,1000,constant,-0.0022333333333330874,-0.012248996087729003,0.007782329421062828,uncertain,60,0.95,mixture/10.0/10/5/9
10.0,10,10,400,constant,-0.007666666666666377,-0.025494493620215608,0.010161160286882853,uncertain,60,0.95,mixture/10.0/10/5/10
10.0,10,10,1000,constant,-0.010366666666666857,-0.01932558392913819,-0.001407749404195524,nonseparated,60,0.95,mixture/10.0/10/5/10
10.0,10,11,400,constant,-0.014666666666666828,-0.03217256810737534,0.0022568783105806345,uncertain,60,0.95,mixture/10.0/10/5/11
10.0,10,11,1000,constant,-0.012600000000000278,-0.02234361611118585,-0.0028563838888147064,nonseparated,60,0.95,mixture/10.0/10/5/11
10.0,10,12,400,constant,-0.03791666666666649,-0.05823743448467289,-0.017863844333407153,nonseparated,60,0.95,mixture/10.0/10/5/12
10.0,10,12,1000,constant,-0.03379999999999994,-0.04452567599029955,-0.02307432400970033,nonseparated,60,0.95,mixture/10.0/10/5/12
10.0,10,13,400,constant,-0.007916666666666461,-0.023614661444096408,0.007781328110763486,uncertain,60,0.95,mixture/10.0/10/5/13
10.0,10,13,1000,constant,-0.005766666666666809,-0.014799058630249218,0.0032657252969156003,uncertain,60,0.95,mixture/10.0/10/5/13
10.0,10,14,400,constant,-0.012166666666666548,-0.02950668810763246,0.005173354774299366,uncertain,60,0.95,mixture/10.0/10/5/14
10.0,10,14,1000,constant,-0.016433333333333522,-0.02617619677619476,-0.006881536397433163,nonseparated,60,0.95,mixture/10.0/10/5/14
10.0,10,15,400,constant,-0.019916666666666805,-0.037896043253560774,-0.0019372900797728354,nonseparated,60,0.95,mixture/10.0/10/5/15
10.0,10,15,1000,constant,-0.01936666666666642,-0.028785174709141437,-0.009948158624191406,nonseparated,60,0.95,mixture/10.0/10/5/15
10.0,10,16,400,constant,-0.01825000000000032,-0.03390658239507216,-0.002593417604928483,nonseparated,60,0.95,mixture/10.0/10/5/16
10.0,10,16,1000,constant,-0.01873333333333349,-0.028803952378846143,-0.008662714287820839,nonseparated,60,0.95,mixture/10.0/10/5/16
10.0,10,17,400,constant,-0.03433333333333333,-0.04980196371068235,-0.018864702955984303,nonseparated,60,0.95,mixture/10.0/10/5/17
10.0,10,17,1000,constant,-0.03220000000000023,-0.04115831425386196,-0.023241685746138496,nonseparated,60,0.95,mixture/10.0/10/5/17
10.0,10,18,400,constant,-0.00866666666666649,-0.02723954923323124,0.008543886795899902,uncertain,60,0.95,mixture/10.0/10/5/18
10.0,10,18,1000,constant,-0.009066666666666445,-0.018025751300620674,-0.0004291259280585491,nonseparated,60,0.95,mixture/10.0/10/5/18
10.0,10,19,400,constant,-0.033250000000000224,-0.05084594676579002,-0.01565405323421043,nonseparated,60,0.95,mixture/10.0/10/5/19
10.0,10,19,1000,constant,-0.03173333333333339,-0.04126669568667707,-0.022199970979989714,nonseparated,60,0.95,mixture/10.0/10/5/19
