alpha,K,d,mixture_id,dataset_id,n,N,cost_scheme,algorithm,exact_recovery,ari,k_hat,k_correct,exact_recovery_at_k_hat,pam_one_swap_certified,pam_hit_cap,mixture_key
3.0,4,3125,0,0,100,200,constant-mc,single,0,0.002197227682720514,80,0,0,,,hmm-mixture/4/4/5/0
3.0,4,3125,0,0,100,200,constant-mc,complete,0,0.43945500181098224,80,0,0,,,hmm-mixture/4/4/5/0
3.0,4,3125,0,0,100,200,constant-mc,average,0,0.843356097288452,80,0,0,,,hmm-mixture/4/4/5/0
3.0,4,3125,0,0,100,200,constant-mc,pam,0,0.38937815487538313,80,0,0,1,0,hmm-mixture/4/4/5/0
3.0,4,3125,0,0,200,200,constant-mc,single,0,0.010428613169671079,2,0,0,,,hmm-mixture/4/4/5/0
3.0,4,3125,0,0,200,200,constant-mc,complete,0,0.9415871252708853,2,0,0,,,hmm-mixture/4/4/5/0
3.0,4,3125,0,0,200,200,constant-mc,average,0,0.9481818275175967,2,0,0,,,hmm-mixture/4/4/5/0
3.0,4,3125,0,0,200,200,constant-mc,pam,0,0.8242305725736033,2,0,0,1,0,hmm-mixture/4/4/5/0
3.0,4,3125,0,0,300,200,constant-mc,single,0,0.010428613169671079,2,0,0,,,hmm-mixture/4/4/5/0
3.0,4,3125,0,0,300,200,constant-mc,complete,0,0.9838140686033977,2,0,0,,,hmm-mixture/4/4/5/0
3.0,4,3125,0,0,300,200,constant-mc,average,1,1.0,2,0,0,,,hmm-mixture/4/4/5/0
3.0,4,3125,0,0,300,200,constant-mc,pam,0,0.7918558119806909,2,0,0,1,0,hmm-mixture/4/4/5/0
3.0,4,3125,0,0,400,200,constant-mc,single,0,0.5569792361769684,2,0,0,,,hmm-mixture/4/4/5/0
3.0,4,3125,0,0,400,200,constant-mc,complete,1,1.0,2,0,0,,,hmm-mixture/4/4/5/0
3.0,4,3125,0,0,400,200,constant-mc,average,1,1.0,2,0,0,,,hmm-mixture/4/4/5/0
3.0,4,3125,0,0,400,200,constant-mc,pam,0,0.8961716310499452,2,0,0,1,0,hmm-mixture/4/4/5/0
3.0,4,3125,0,0,500,200,constant-mc,single,0,0.5569792361769684,2,0,0,,,hmm-mixture/4/4/5/0
3.0,4,3125,0,0,500,200,constant-mc,complete,1,1.0,2,0,0,,,hmm-mixture/4/4/5/0
3.0,4,3125,0,0,500,200,constant-mc,average,1,1.0,2,0,0,,,hmm-mixture/4/4/5/0
3.0,4,3125,0,0,500,200,constant-mc,pam,0,0.9569458504455159,2,0,0,1,0,hmm-mixture/4/4/5/0
3.0,4,3125,0,0,600,200,constant-mc,single,0,0.5545845293454926,2,0,0,,,hmm-mixture/4/4/5/0
3.0,4,3125,0,0,600,200,constant-mc,complete,1,1.0,2,0,0,,,hmm-mixture/4/4/5/0
3.0,4,3125,0,0,600,200,constant-mc,average,1,1.0,2,0,0,,,hmm-mixture/4/4/5/0
3.0,4,3125,0,0,600,200,constant-mc,pam,0,0.9343547704755581,2,0,0,1,0,hmm-mixture/4/4/5/0
3.0,4,3125,0,0,700,200,constant-mc,single,1,1.0,3,0,0,,,hmm-mixture/4/4/5/0
3.0,4,3125,0,0,700,200,constant-mc,complete,1,1.0,3,0,0,,,hmm-mixture/4/4/5/0
3.0,4,3125,0,0,700,200,constant-mc,average,1,1.0,3,0,0,,,hmm-mixture/4/4/5/0
3.0,4,3125,0,0,700,200,constant-mc,pam,0,0.9838140686033977,3,0,0,1,0,hmm-mixture/4/4/5/0
3.0,4,3125,0,0,800,200,constant-mc,single,1,1.0,3,0,0,,,hmm-mixture/4/4/5/0
3.0,4,3125,0,0,800,200,constant-mc,complete,1,1.0,3,0,0,,,hmm-mixture/4/4/5/0
3.0,4,3125,0,0,800,200,constant-mc,average,1,1.0,3,0,0,,,hmm-mixture/4/4/5/0
3.0,4,3125,0,0,800,200,constant-mc,pam,1,1.0,3,0,0,1,0,hmm-mixture/4/4/5/0
3.0,4,3125,0,0,900,200,constant-mc,single,1,1.0,3,0,0,,,hmm-mixture/4/4/5/0
3.0,4,3125,0,0,900,200,constant-mc,complete,1,1.0,3,0,0,,,hmm-mixture/4/4/5/0
3.0,4,3125,0,0,900,200,constant-mc,average,1,1.0,3,0,0,,,hmm-mixture/4/4/5/0
3.0,4,3125,0,0,900,200,constant-mc,pam,1,1.0,3,0,0,1,0,hmm-mixture/4/4/5/0
3.0,4,3125,0,0,1000,200,constant-mc,single,1,1.0,3,0,0,,,hmm-mixture/4/4/5/0
3.0,4,3125,0,0,1000,200,constant-mc,complete,1,1.0,3,0,0,,,hmm-mixture/4/4/5/0
3.0,4,3125,0,0,1000,200,constant-mc,average,1,1.0,3,0,0,,,hmm-mixture/4/4/5/0
3.0,4,3125,0,0,1000,200,constant-mc,pam,1,1.0,3,0,0,1,0,hmm-mixture/4/4/5/0
3.0,4,3125,0,1,100,200,constant-mc,single,0,-0.0016548869660316789,80,0,0,,,hmm-mixture/4/4/5/0
3.0,4,3125,0,1,100,200,constant-mc,complete,0,0.5235981240838913,80,0,0,,,hmm-mixture/4/4/5/0
3.0,4,3125,0,1,100,200,constant-mc,average,0,0.7171193027210574,80,0,0,,,hmm-mixture/4/4/5/0
3.0,4,3125,0,1,100,200,constant-mc,pam,0,0.4869548549992893,80,0,0,1,0,hmm-mixture/4/4/5/0
3.0,4,3125,0,1,200,200,constant-mc,single,0,0.0035942074065684446,2,0,0,,,hmm-mixture/4/4/5/0
3.0,4,3125,0,1,200,200,constant-mc,complete,0,0.9740426668771749,2,0,0,,,hmm-mixture/4/4/5/0
3.0,4,3125,0,1,200,200,constant-mc,average,0,0.9687286203548785,2,0,0,,,hmm-mixture/4/4/5/0
3.0,4,3125,0,1,200,200,constant-mc,pam,0,0.6934558240263266,2,0,0,1,0,hmm-mixture/4/4/5/0
3.0,4,3125,0,1,300,200,constant-mc,single,0,0.3942354695884405,2,0,0,,,hmm-mixture/4/4/5/0
3.0,4,3125,0,1,300,200,constant-mc,complete,0,0.984242719780218,2,0,0,,,hmm-mixture/4/4/5/0
3.0,4,3125,0,1,300,200,constant-mc,average,1,1.0,2,0,0,,,hmm-mixture/4/4/5/0
3.0,4,3125,0,1,300,200,constant-mc,pam,0,0.8165879069694054,2,0,0,1,0,hmm-mixture/4/4/5/0
3.0,4,3125,0,1,400,200,constant-mc,single,0,0.8468741456611045,2,0,0,,,hmm-mixture/4/4/5/0
3.0,4,3125,0,1,400,200,constant-mc,complete,1,1.0,2,0,0,,,hmm-mixture/4/4/5/0
3.0,4,3125,0,1,400,200,constant-mc,average,0,0.984242719780218,2,0,0,,,hmm-mixture/4/4/5/0
3.0,4,3125,0,1,400,200,constant-mc,pam,0,0.8854431473813469,2,0,0,1,0,hmm-mixture/4/4/5/0
3.0,4,3125,0,1,500,200,constant-mc,single,0,0.5860255763269548,2,0,0,,,hmm-mixture/4/4/5/0
3.0,4,3125,0,1,500,200,constant-mc,complete,1,1.0,2,0,0,,,hmm-mixture/4/4/5/0
3.0,4,3125,0,1,500,200,constant-mc,average,1,1.0,2,0,0,,,hmm-mixture/4/4/5/0
3.0,4,3125,0,1,500,200,constant-mc,pam,0,0.9741693587499517,2,0,0,1,0,hmm-mixture/4/4/5/0
3.0,4,3125,0,1,600,200,constant-mc,single,0,0.9898449850417178,2,0,0,,,hmm-mixture/4/4/5/0
3.0,4,3125,0,1,600,200,constant-mc,complete,1,1.0,2,0,0,,,hmm-mixture/4/4/5/0
3.0,4,3125,0,1,600,200,constant-mc,average,1,1.0,2,0,0,,,hmm-mixture/4/4/5/0
3.0,4,3125,0,1,600,200,constant-mc,pam,0,0.9842374765166751,2,0,0,1,0,hmm-mixture/4/4/5/0
3.0,4,3125,0,1,700,200,constant-mc,single,0,0.8494417439557462,2,0,0,,,hmm-mixture/4/4/5/0
3.0,4,3125,0,1,700,200,constant-mc,complete,1,1.0,2,0,0,,,hmm-mixture/4/4/5/0
3.0,4,3125,0,1,700,200,constant-mc,average,1,1.0,2,0,0,,,hmm-mixture/4/4/5/0
3.0,4,3125,0,1,700,200,constant-mc,pam,0,0.974180840657065,2,0,0,1,0,hmm-mixture/4/4/5/0
3.0,4,3125,0,1,800,200,constant-mc,single,1,1.0,2,0,0,,,hmm-mixture/4/4/5/0
3.0,4,3125,0,1,800,200,constant-mc,complete,1,1.0,2,0,0,,,hmm-mixture/4/4/5/0
3.0,4,3125,0,1,800,200,constant-mc,average,1,1.0,2,0,0,,,hmm-mixture/4/4/5/0
3.0,4,3125,0,1,800,200,constant-mc,pam,0,0.984242719780218,2,0,0,1,0,hmm-mixture/4/4/5/0
3.0,4,3125,0,1,900,200,constant-mc,single,1,1.0,3,0,0,,,hmm-mixture/4/4/5/0
3.0,4,3125,0,1,900,200,constant-mc,complete,1,1.0,3,0,0,,,hmm-mixture/4/4/5/0
3.0,4,3125,0,1,900,200,constant-mc,average,1,1.0,3,0,0,,,hmm-mixture/4/4/5/0
3.0,4,3125,0,1,900,200,constant-mc,pam,0,0.984242719780218,3,0,0,1,0,hmm-mixture/4/4/5/0
3.0,4,3125,0,1,1000,200,constant-mc,single,1,1.0,3,0,0,,,hmm-mixture/4/4/5/0
3.0,4,3125,0,1,1000,200,constant-mc,complete,1,1.0,3,0,0,,,hmm-mixture/4/4/5/0
3.0,4,3125,0,1,1000,200,constant-mc,average,1,1.0,3,0,0,,,hmm-mixture/4/4/5/0
3.0,4,3125,0,1,1000,200,constant-mc,pam,0,0.9898449850417178,3,0,0,1,0,hmm-mixture/4/4/5/0
3.0,4,3125,0,2,100,200,constant-mc,single,0,0.012651103449219095,15,0,0,,,hmm-mixture/4/4/5/0
3.0,4,3125,0,2,100,200,constant-mc,complete,0,0.757348154636829,15,0,0,,,hmm-mixture/4/4/5/0
3.0,4,3125,0,2,100,200,constant-mc,average,0,0.797024967198852,15,0,0,,,hmm-mixture/4/4/5/0
3.0,4,3125,0,2,100,200,constant-mc,pam,0,0.4265743530987827,15,0,0,1,0,hmm-mixture/4/4/5/0
3.0,4,3125,0,2,200,200,constant-mc,single,0,0.0025711147144929377,2,0,0,,,hmm-mixture/4/4/5/0
3.0,4,3125,0,2,200,200,constant-mc,complete,0,0.9330757015616389,2,0,0,,,hmm-mixture/4/4/5/0
3.0,4,3125,0,2,200,200,constant-mc,average,0,0.9584428953264603,2,0,0,,,hmm-mixture/4/4/5/0
3.0,4,3125,0,2,200,200,constant-mc,pam,0,0.7031089284909708,2,0,0,1,0,hmm-mixture/4/4/5/0
3.0,4,3125,0,2,300,200,constant-mc,single,0,0.606969297958024,2,0,0,,,hmm-mixture/4/4/5/0
3.0,4,3125,0,2,300,200,constant-mc,complete,1,1.0,2,0,0,,,hmm-mixture/4/4/5/0
3.0,4,3125,0,2,300,200,constant-mc,average,1,1.0,2,0,0,,,hmm-mixture/4/4/5/0
3.0,4,3125,0,2,300,200,constant-mc,pam,0,0.7973378671111806,2,0,0,1,0,hmm-mixture/4/4/5/0
3.0,4,3125,0,2,400,200,constant-mc,single,0,0.606969297958024,2,0,0,,,hmm-mixture/4/4/5/0
3.0,4,3125,0,2,400,200,constant-mc,complete,1,1.0,2,0,0,,,hmm-mixture/4/4/5/0
3.0,4,3125,0,2,400,200,constant-mc,average,0,0.9845124369267241,2,0,0,,,hmm-mixture/4/4/5/0
3.0,4,3125,0,2,400,200,constant-mc,pam,0,0.9543052891143844,2,0,0,1,0,hmm-mixture/4/4/5/0
3.0,4,3125,0,2,500,200,constant-mc,single,0,0.606969297958024,2,0,0,,,hmm-mixture/4/4/5/0
3.0,4,3125,0,2,500,200,constant-mc,complete,0,0.9845161106784988,2,0,0,,,hmm-mixture/4/4/5/0
3.0,4,3125,0,2,500,200,constant-mc,average,1,1.0,2,0,0,,,hmm-mixture/4/4/5/0
3.0,4,3125,0,2,500,200,constant-mc,pam,0,0.939589287679828,2,0,0,1,0,hmm-mixture/4/4/5/0
3.0,4,3125,0,2,600,200,constant-mc,single,0,0.606969297958024,2,0,0,,,hmm-mixture/4/4/5/0
3.0,4,3125,0,2,600,200,constant-mc,complete,1,1.0,2,0,0,,,hmm-mixture/4/4/5/0
3.0,4,3125,0,2,600,200,constant-mc,average,1,1.0,2,0,0,,,hmm-mixture/4/4/5/0
3.0,4,3125,0,2,600,200,constant-mc,pam,0,0.96928268865076,2,0,0,1,0,hmm-mixture/4/4/5/0
3.0,4,3125,0,2,700,200,constant-mc,single,0,0.606969297958024,3,0,0,,,hmm-mixture/4/4/5/0
3.0,4,3125,0,2,700,200,constant-mc,complete,1,1.0,3,0,0,,,hmm-mixture/4/4/5/0
3.0,4,3125,0,2,700,200,constant-mc,average,1,1.0,3,0,0,,,hmm-mixture/4/4/5/0
3.0,4,3125,0,2,700,200,constant-mc,pam,0,0.9692972570274857,3,0,0,1,0,hmm-mixture/4/4/5/0
3.0,4,3125,0,2,800,200,constant-mc,single,0,0.6075317581269573,3,0,0,,,hmm-mixture/4/4/5/0
3.0,4,3125,0,2,800,200,constant-mc,complete,1,1.0,3,0,0,,,hmm-mixture/4/4/5/0
3.0,4,3125,0,2,800,200,constant-mc,average,1,1.0,3,0,0,,,hmm-mixture/4/4/5/0
3.0,4,3125,0,2,800,200,constant-mc,pam,1,1.0,3,0,0,1,0,hmm-mixture/4/4/5/0
3.0,4,3125,0,2,900,200,constant-mc,single,1,1.0,3,0,0,,,hmm-mixture/4/4/5/0
3.0,4,3125,0,2,900,200,constant-mc,complete,1,1.0,3,0,0,,,hmm-mixture/4/4/5/0
3.0,4,3125,0,2,900,200,constant-mc,average,1,1.0,3,0,0,,,hmm-mixture/4/4/5/0
3.0,4,3125,0,2,900,200,constant-mc,pam,1,1.0,3,0,0,1,0,hmm-mixture/4/4/5/0
3.0,4,3125,0,2,1000,200,constant-mc,single,1,1.0,3,0,0,,,hmm-mixture/4/4/5/0
3.0,4,3125,0,2,1000,200,constant-mc,complete,1,1.0,3,0,0,,,hmm-mixture/4/4/5/0
3.0,4,3125,0,2,1000,200,constant-mc,average,1,1.0,3,0,0,,,hmm-mixture/4/4/5/0
3.0,4,3125,0,2,1000,200,constant-mc,pam,1,1.0,3,0,0,1,0,hmm-mixture/4/4/5/0
3.0,4,3125,0,3,100,200,constant-mc,single,0,-0.0033171621139301004,5,0,0,,,hmm-mixture/4/4/5/0
3.0,4,3125,0,3,100,200,constant-mc,complete,0,0.7205477132442157,5,0,0,,,hmm-mixture/4/4/5/0
3.0,4,3125,0,3,100,200,constant-mc,average,0,0.8135019117462303,5,0,0,,,hmm-mixture/4/4/5/0
3.0,4,3125,0,3,100,200,constant-mc,pam,0,0.4865696597290199,5,0,0,1,0,hmm-mixture/4/4/5/0
3.0,4,3125,0,3,200,200,constant-mc,single,0,-0.0017555789822352673,2,0,0,,,hmm-mixture/4/4/5/0
3.0,4,3125,0,3,200,200,constant-mc,complete,0,0.9073172126923517,2,0,0,,,hmm-mixture/4/4/5/0
3.0,4,3125,0,3,200,200,constant-mc,average,0,0.9435992505748059,2,0,0,,,hmm-mixture/4/4/5/0
3.0,4,3125,0,3,200,200,constant-mc,pam,0,0.812834166954258,2,0,0,1,0,hmm-mixture/4/4/5/0
3.0,4,3125,0,3,300,200,constant-mc,single,0,0.40775694854228534,2,0,0,,,hmm-mixture/4/4/5/0
3.0,4,3125,0,3,300,200,constant-mc,complete,0,0.98449799194466,2,0,0,,,hmm-mixture/4/4/5/0
3.0,4,3125,0,3,300,200,constant-mc,average,0,0.98449799194466,2,0,0,,,hmm-mixture/4/4/5/0
3.0,4,3125,0,3,300,200,constant-mc,pam,0,0.7620020313472788,2,0,0,1,0,hmm-mixture/4/4/5/0
3.0,4,3125,0,3,400,200,constant-mc,single,0,0.5988416364315319,2,0,0,,,hmm-mixture/4/4/5/0
3.0,4,3125,0,3,400,200,constant-mc,complete,1,1.0,2,0,0,,,hmm-mixture/4/4/5/0
3.0,4,3125,0,3,400,200,constant-mc,average,1,1.0,2,0,0,,,hmm-mixture/4/4/5/0
3.0,4,3125,0,3,400,200,constant-mc,pam,0,0.8939590538637477,2,0,0,1,0,hmm-mixture/4/4/5/0
3.0,4,3125,0,3,500,200,constant-mc,single,0,0.6001216937725423,2,0,0,,,hmm-mixture/4/4/5/0
3.0,4,3125,0,3,500,200,constant-mc,complete,0,0.9845168274464922,2,0,0,,,hmm-mixture/4/4/5/0
3.0,4,3125,0,3,500,200,constant-mc,average,1,1.0,2,0,0,,,hmm-mixture/4/4/5/0
3.0,4,3125,0,3,500,200,constant-mc,pam,0,0.9333217806795482,2,0,0,1,0,hmm-mixture/4/4/5/0
3.0,4,3125,0,3,600,200,constant-mc,single,0,0.5978449539337732,2,0,0,,,hmm-mixture/4/4/5/0
3.0,4,3125,0,3,600,200,constant-mc,complete,1,1.0,2,0,0,,,hmm-mixture/4/4/5/0
3.0,4,3125,0,3,600,200,constant-mc,average,1,1.0,2,0,0,,,hmm-mixture/4/4/5/0
3.0,4,3125,0,3,600,200,constant-mc,pam,0,0.9783992708611654,2,0,0,1,0,hmm-mixture/4/4/5/0
3.0,4,3125,0,3,700,200,constant-mc,single,0,0.5978449539337732,2,0,0,,,hmm-mixture/4/4/5/0
3.0,4,3125,0,3,700,200,constant-mc,complete,1,1.0,2,0,0,,,hmm-mixture/4/4/5/0
3.0,4,3125,0,3,700,200,constant-mc,average,1,1.0,2,0,0,,,hmm-mixture/4/4/5/0
3.0,4,3125,0,3,700,200,constant-mc,pam,1,1.0,2,0,0,1,0,hmm-mixture/4/4/5/0
3.0,4,3125,0,3,800,200,constant-mc,single,1,1.0,3,0,0,,,hmm-mixture/4/4/5/0
3.0,4,3125,0,3,800,200,constant-mc,complete,1,1.0,3,0,0,,,hmm-mixture/4/4/5/0
3.0,4,3125,0,3,800,200,constant-mc,average,1,1.0,3,0,0,,,hmm-mixture/4/4/5/0
3.0,4,3125,0,3,800,200,constant-mc,pam,1,1.0,3,0,0,1,0,hmm-mixture/4/4/5/0
3.0,4,3125,0,3,900,200,constant-mc,single,1,1.0,3,0,0,,,hmm-mixture/4/4/5/0
3.0,4,3125,0,3,900,200,constant-mc,complete,1,1.0,3,0,0,,,hmm-mixture/4/4/5/0
3.0,4,3125,0,3,900,200,constant-mc,average,1,1.0,3,0,0,,,hmm-mixture/4/4/5/0
3.0,4,3125,0,3,900,200,constant-mc,pam,1,1.0,3,0,0,0,1,hmm-mixture/4/4/5/0
3.0,4,3125,0,3,1000,200,constant-mc,single,1,1.0,3,0,0,,,hmm-mixture/4/4/5/0
3.0,4,3125,0,3,1000,200,constant-mc,complete,1,1.0,3,0,0,,,hmm-mixture/4/4/5/0
3.0,4,3125,0,3,1000,200,constant-mc,average,1,1.0,3,0,0,,,hmm-mixture/4/4/5/0
3.0,4,3125,0,3,1000,200,constant-mc,pam,1,1.0,3,0,0,1,0,hmm-mixture/4/4/5/0
3.0,4,3125,0,4,100,200,constant-mc,single,0,0.0032811750135240585,22,0,0,,,hmm-mixture/4/4/5/0
3.0,4,3125,0,4,100,200,constant-mc,complete,0,0.4073576181011877,22,0,0,,,hmm-mixture/4/4/5/0
3.0,4,3125,0,4,100,200,constant-mc,average,0,0.8153242929438222,22,0,0,,,hmm-mixture/4/4/5/0
3.0,4,3125,0,4,100,200,constant-mc,pam,0,0.5153579737683075,22,0,0,1,0,hmm-mixture/4/4/5/0
3.0,4,3125,0,4,200,200,constant-mc,single,0,-0.004311801857361136,2,0,0,,,hmm-mixture/4/4/5/0
3.0,4,3125,0,4,200,200,constant-mc,complete,0,0.9562402289027396,2,0,0,,,hmm-mixture/4/4/5/0
3.0,4,3125,0,4,200,200,constant-mc,average,0,0.9258355317204577,2,0,0,,,hmm-mixture/4/4/5/0
3.0,4,3125,0,4,200,200,constant-mc,pam,0,0.7794996539602893,2,0,0,1,0,hmm-mixture/4/4/5/0
3.0,4,3125,0,4,300,200,constant-mc,single,0,0.0032811750135240585,2,0,0,,,hmm-mixture/4/4/5/0
3.0,4,3125,0,4,300,200,constant-mc,complete,0,0.9682496021627286,2,0,0,,,hmm-mixture/4/4/5/0
3.0,4,3125,0,4,300,200,constant-mc,average,0,0.9840089316309442,2,0,0,,,hmm-mixture/4/4/5/0
3.0,4,3125,0,4,300,200,constant-mc,pam,0,0.786739361038574,2,0,0,1,0,hmm-mixture/4/4/5/0
3.0,4,3125,0,4,400,200,constant-mc,single,0,0.3588250608042371,2,0,0,,,hmm-mixture/4/4/5/0
3.0,4,3125,0,4,400,200,constant-mc,complete,0,0.9839885108593516,2,0,0,,,hmm-mixture/4/4/5/0
3.0,4,3125,0,4,400,200,constant-mc,average,1,1.0,2,0,0,,,hmm-mixture/4/4/5/0
3.0,4,3125,0,4,400,200,constant-mc,pam,0,0.9721365423866479,2,0,0,1,0,hmm-mixture/4/4/5/0
3.0,4,3125,0,4,500,200,constant-mc,single,0,0.5862889118644437,2,0,0,,,hmm-mixture/4/4/5/0
3.0,4,3125,0,4,500,200,constant-mc,complete,1,1.0,2,0,0,,,hmm-mixture/4/4/5/0
3.0,4,3125,0,4,500,200,constant-mc,average,1,1.0,2,0,0,,,hmm-mixture/4/4/5/0
3.0,4,3125,0,4,500,200,constant-mc,pam,0,0.9527882743389782,2,0,0,1,0,hmm-mixture/4/4/5/0
3.0,4,3125,0,4,600,200,constant-mc,single,0,0.5862889118644437,3,0,0,,,hmm-mixture/4/4/5/0
3.0,4,3125,0,4,600,200,constant-mc,complete,1,1.0,3,0,0,,,hmm-mixture/4/4/5/0
3.0,4,3125,0,4,600,200,constant-mc,average,1,1.0,3,0,0,,,hmm-mixture/4/4/5/0
3.0,4,3125,0,4,600,200,constant-mc,pam,1,1.0,3,0,0,1,0,hmm-mixture/4/4/5/0
3.0,4,3125,0,4,700,200,constant-mc,single,0,0.5840077980952751,3,0,0,,,hmm-mixture/4/4/5/0
3.0,4,3125,0,4,700,200,constant-mc,complete,1,1.0,3,0,0,,,hmm-mixture/4/4/5/0
3.0,4,3125,0,4,700,200,constant-mc,average,1,1.0,3,0,0,,,hmm-mixture/4/4/5/0
3.0,4,3125,0,4,700,200,constant-mc,pam,1,1.0,3,0,0,1,0,hmm-mixture/4/4/5/0
3.0,4,3125,0,4,800,200,constant-mc,single,1,1.0,3,0,0,,,hmm-mixture/4/4/5/0
3.0,4,3125,0,4,800,200,constant-mc,complete,1,1.0,3,0,0,,,hmm-mixture/4/4/5/0
3.0,4,3125,0,4,800,200,constant-mc,average,1,1.0,3,0,0,,,hmm-mixture/4/4/5/0
3.0,4,3125,0,4,800,200,constant-mc,pam,0,0.9839885108593516,3,0,0,1,0,hmm-mixture/4/4/5/0
3.0,4,3125,0,4,900,200,constant-mc,single,1,1.0,3,0,0,,,hmm-mixture/4/4/5/0
3.0,4,3125,0,4,900,200,constant-mc,complete,1,1.0,3,0,0,,,hmm-mixture/4/4/5/0
3.0,4,3125,0,4,900,200,constant-mc,average,1,1.0,3,0,0,,,hmm-mixture/4/4/5/0
3.0,4,3125,0,4,900,200,constant-mc,pam,1,1.0,3,0,0,1,0,hmm-mixture/4/4/5/0
3.0,4,3125,0,4,1000,200,constant-mc,single,1,1.0,3,0,0,,,hmm-mixture/4/4/5/0
3.0,4,3125,0,4,1000,200,constant-mc,complete,1,1.0,3,0,0,,,hmm-mixture/4/4/5/0
3.0,4,3125,0,4,1000,200,constant-mc,average,1,1.0,3,0,0,,,hmm-mixture/4/4/5/0
3.0,4,3125,0,4,1000,200,constant-mc,pam,1,1.0,3,0,0,1,0,hmm-mixture/4/4/5/0
3.0,4,3125,0,5,100,200,constant-mc,single,0,0.022997061882174288,16,0,0,,,hmm-mixture/4/4/5/0
3.0,4,3125,0,5,100,200,constant-mc,complete,0,0.8386206480657652,16,0,0,,,hmm-mixture/4/4/5/0
3.0,4,3125,0,5,100,200,constant-mc,average,0,0.8465549510837689,16,0,0,,,hmm-mixture/4/4/5/0
3.0,4,3125,0,5,100,200,constant-mc,pam,0,0.3922607199358648,16,0,0,1,0,hmm-mixture/4/4/5/0
3.0,4,3125,0,5,200,200,constant-mc,single,0,0.011704244526378757,2,0,0,,,hmm-mixture/4/4/5/0
3.0,4,3125,0,5,200,200,constant-mc,complete,0,0.9784012217271474,2,0,0,,,hmm-mixture/4/4/5/0
3.0,4,3125,0,5,200,200,constant-mc,average,0,0.9730910617218684,2,0,0,,,hmm-mixture/4/4/5/0
3.0,4,3125,0,5,200,200,constant-mc,pam,0,0.6471010610686484,2,0,0,1,0,hmm-mixture/4/4/5/0
3.0,4,3125,0,5,300,200,constant-mc,single,0,0.39574523506062675,2,0,0,,,hmm-mixture/4/4/5/0
3.0,4,3125,0,5,300,200,constant-mc,complete,0,0.9837594122633956,2,0,0,,,hmm-mixture/4/4/5/0
3.0,4,3125,0,5,300,200,constant-mc,average,0,0.9837594122633956,2,0,0,,,hmm-mixture/4/4/5/0
3.0,4,3125,0,5,300,200,constant-mc,pam,0,0.9258879290306822,2,0,0,1,0,hmm-mixture/4/4/5/0
3.0,4,3125,0,5,400,200,constant-mc,single,0,0.556391000093385,2,0,0,,,hmm-mixture/4/4/5/0
3.0,4,3125,0,5,400,200,constant-mc,complete,1,1.0,2,0,0,,,hmm-mixture/4/4/5/0
3.0,4,3125,0,5,400,200,constant-mc,average,1,1.0,2,0,0,,,hmm-mixture/4/4/5/0
3.0,4,3125,0,5,400,200,constant-mc,pam,0,0.9837594122633956,2,0,0,1,0,hmm-mixture/4/4/5/0
3.0,4,3125,0,5,500,200,constant-mc,single,0,0.5556755634375053,2,0,0,,,hmm-mixture/4/4/5/0
3.0,4,3125,0,5,500,200,constant-mc,complete,1,1.0,2,0,0,,,hmm-mixture/4/4/5/0
3.0,4,3125,0,5,500,200,constant-mc,average,1,1.0,2,0,0,,,hmm-mixture/4/4/5/0
3.0,4,3125,0,5,500,200,constant-mc,pam,0,0.9729693882116809,2,0,0,1,0,hmm-mixture/4/4/5/0
3.0,4,3125,0,5,600,200,constant-mc,single,0,0.5556755634375053,2,0,0,,,hmm-mixture/4/4/5/0
3.0,4,3125,0,5,600,200,constant-mc,complete,1,1.0,2,0,0,,,hmm-mixture/4/4/5/0
3.0,4,3125,0,5,600,200,constant-mc,average,1,1.0,2,0,0,,,hmm-mixture/4/4/5/0
3.0,4,3125,0,5,600,200,constant-mc,pam,0,0.9891076528717027,2,0,0,1,0,hmm-mixture/4/4/5/0
3.0,4,3125,0,5,700,200,constant-mc,single,1,1.0,3,0,0,,,hmm-mixture/4/4/5/0
3.0,4,3125,0,5,700,200,constant-mc,complete,1,1.0,3,0,0,,,hmm-mixture/4/4/5/0
3.0,4,3125,0,5,700,200,constant-mc,average,1,1.0,3,0,0,,,hmm-mixture/4/4/5/0
3.0,4,3125,0,5,700,200,constant-mc,pam,1,1.0,3,0,0,1,0,hmm-mixture/4/4/5/0
3.0,4,3125,0,5,800,200,constant-mc,single,1,1.0,3,0,0,,,hmm-mixture/4/4/5/0
3.0,4,3125,0,5,800,200,constant-mc,complete,1,1.0,3,0,0,,,hmm-mixture/4/4/5/0
3.0,4,3125,0,5,800,200,constant-mc,average,1,1.0,3,0,0,,,hmm-mixture/4/4/5/0
3.0,4,3125,0,5,800,200,constant-mc,pam,1,1.0,3,0,0,1,0,hmm-mixture/4/4/5/0
3.0,4,3125,0,5,900,200,constant-mc,single,1,1.0,3,0,0,,,hmm-mixture/4/4/5/0
3.0,4,3125,0,5,900,200,constant-mc,complete,1,1.0,3,0,0,,,hmm-mixture/4/4/5/0
3.0,4,3125,0,5,900,200,constant-mc,average,1,1.0,3,0,0,,,hmm-mixture/4/4/5/0
3.0,4,3125,0,5,900,200,constant-mc,pam,1,1.0,3,0,0,1,0,hmm-mixture/4/4/5/0
3.0,4,3125,0,5,1000,200,constant-mc,single,1,1.0,3,0,0,,,hmm-mixture/4/4/5/0
3.0,4,3125,0,5,1000,200,constant-mc,complete,1,1.0,3,0,0,,,hmm-mixture/4/4/5/0
3.0,4,3125,0,5,1000,200,constant-mc,average,1,1.0,3,0,0,,,hmm-mixture/4/4/5/0
3.0,4,3125,0,5,1000,200,constant-mc,pam,1,1.0,3,0,0,1,0,hmm-mixture/4/4/5/0
3.0,4,3125,0,6,100,200,constant-mc,single,0,0.006712419412649409,27,0,0,,,hmm-mixture/4/4/5/0
3.0,4,3125,0,6,100,200,constant-mc,complete,0,0.5658955767627708,27,0,0,,,hmm-mixture/4/4/5/0
3.0,4,3125,0,6,100,200,constant-mc,average,0,0.885597444391593,27,0,0,,,hmm-mixture/4/4/5/0
3.0,4,3125,0,6,100,200,constant-mc,pam,0,0.3818954474026414,27,0,0,1,0,hmm-mixture/4/4/5/0
3.0,4,3125,0,6,200,200,constant-mc,single,0,0.002384673102289905,2,0,0,,,hmm-mixture/4/4/5/0
3.0,4,3125,0,6,200,200,constant-mc,complete,0,0.9739330663450921,2,0,0,,,hmm-mixture/4/4/5/0
3.0,4,3125,0,6,200,200,constant-mc,average,0,0.9738230100336078,2,0,0,,,hmm-mixture/4/4/5/0
3.0,4,3125,0,6,200,200,constant-mc,pam,0,0.8173042988399587,2,0,0,1,0,hmm-mixture/4/4/5/0
3.0,4,3125,0,6,300,200,constant-mc,single,0,0.0033619061401130193,2,0,0,,,hmm-mixture/4/4/5/0
3.0,4,3125,0,6,300,200,constant-mc,complete,1,1.0,2,0,0,,,hmm-mixture/4/4/5/0
3.0,4,3125,0,6,300,200,constant-mc,average,1,1.0,2,0,0,,,hmm-mixture/4/4/5/0
3.0,4,3125,0,6,300,200,constant-mc,pam,0,0.8559447023841388,2,0,0,1,0,hmm-mixture/4/4/5/0
3.0,4,3125,0,6,400,200,constant-mc,single,0,0.6278261226158508,2,0,0,,,hmm-mixture/4/4/5/0
3.0,4,3125,0,6,400,200,constant-mc,complete,0,0.984954513039952,2,0,0,,,hmm-mixture/4/4/5/0
3.0,4,3125,0,6,400,200,constant-mc,average,0,0.984954513039952,2,0,0,,,hmm-mixture/4/4/5/0
3.0,4,3125,0,6,400,200,constant-mc,pam,0,0.9701392727911703,2,0,0,1,0,hmm-mixture/4/4/5/0
3.0,4,3125,0,6,500,200,constant-mc,single,0,0.6274015683140618,3,0,0,,,hmm-mixture/4/4/5/0
3.0,4,3125,0,6,500,200,constant-mc,complete,1,1.0,3,0,0,,,hmm-mixture/4/4/5/0
3.0,4,3125,0,6,500,200,constant-mc,average,1,1.0,3,0,0,,,hmm-mixture/4/4/5/0
3.0,4,3125,0,6,500,200,constant-mc,pam,1,1.0,3,0,0,1,0,hmm-mixture/4/4/5/0
3.0,4,3125,0,6,600,200,constant-mc,single,0,0.6278261226158508,2,0,0,,,hmm-mixture/4/4/5/0
3.0,4,3125,0,6,600,200,constant-mc,complete,1,1.0,2,0,0,,,hmm-mixture/4/4/5/0
3.0,4,3125,0,6,600,200,constant-mc,average,1,1.0,2,0,0,,,hmm-mixture/4/4/5/0
3.0,4,3125,0,6,600,200,constant-mc,pam,1,1.0,2,0,0,1,0,hmm-mixture/4/4/5/0
3.0,4,3125,0,6,700,200,constant-mc,single,0,0.6274015683140618,3,0,0,,,hmm-mixture/4/4/5/0
3.0,4,3125,0,6,700,200,constant-mc,complete,1,1.0,3,0,0,,,hmm-mixture/4/4/5/0
3.0,4,3125,0,6,700,200,constant-mc,average,1,1.0,3,0,0,,,hmm-mixture/4/4/5/0
3.0,4,3125,0,6,700,200,constant-mc,pam,1,1.0,3,0,0,1,0,hmm-mixture/4/4/5/0
3.0,4,3125,0,6,800,200,constant-mc,single,0,0.6274015683140618,3,0,0,,,hmm-mixture/4/4/5/0
3.0,4,3125,0,6,800,200,constant-mc,complete,1,1.0,3,0,0,,,hmm-mixture/4/4/5/0
3.0,4,3125,0,6,800,200,constant-mc,average,1,1.0,3,0,0,,,hmm-mixture/4/4/5/0
3.0,4,3125,0,6,800,200,constant-mc,pam,1,1.0,3,0,0,1,0,hmm-mixture/4/4/5/0
3.0,4,3125,0,6,900,200,constant-mc,single,1,1.0,3,0,0,,,hmm-mixture/4/4/5/0
3.0,4,3125,0,6,900,200,constant-mc,complete,1,1.0,3,0,0,,,hmm-mixture/4/4/5/0
3.0,4,3125,0,6,900,200,constant-mc,average,1,1.0,3,0,0,,,hmm-mixture/4/4/5/0
3.0,4,3125,0,6,900,200,constant-mc,pam,1,1.0,3,0,0,1,0,hmm-mixture/4/4/5/0
3.0,4,3125,0,6,1000,200,constant-mc,single,1,1.0,3,0,0,,,hmm-mixture/4/4/5/0
3.0,4,3125,0,6,1000,200,constant-mc,complete,1,1.0,3,0,0,,,hmm-mixture/4/4/5/0
3.0,4,3125,0,6,1000,200,constant-mc,average,1,1.0,3,0,0,,,hmm-mixture/4/4/5/0
3.0,4,3125,0,6,1000,200,constant-mc,pam,1,1.0,3,0,0,1,0,hmm-mixture/4/4/5/0
3.0,4,3125,0,7,100,200,constant-mc,single,0,-0.005036884054122537,18,0,0,,,hmm-mixture/4/4/5/0
3.0,4,3125,0,7,100,200,constant-mc,complete,0,0.4602858860874933,18,0,0,,,hmm-mixture/4/4/5/0
3.0,4,3125,0,7,100,200,constant-mc,average,0,0.8308954988790286,18,0,0,,,hmm-mixture/4/4/5/0
3.0,4,3125,0,7,100,200,constant-mc,pam,0,0.38203299486424475,18,0,0,1,0,hmm-mixture/4/4/5/0
3.0,4,3125,0,7,200,200,constant-mc,single,0,-0.0027208876604104992,2,0,0,,,hmm-mixture/4/4/5/0
3.0,4,3125,0,7,200,200,constant-mc,complete,0,0.9121269084537831,2,0,0,,,hmm-mixture/4/4/5/0
3.0,4,3125,0,7,200,200,constant-mc,average,0,0.9417983419628952,2,0,0,,,hmm-mixture/4/4/5/0
3.0,4,3125,0,7,200,200,constant-mc,pam,0,0.836577875728928,2,0,0,1,0,hmm-mixture/4/4/5/0
3.0,4,3125,0,7,300,200,constant-mc,single,0,0.361895601982283,2,0,0,,,hmm-mixture/4/4/5/0
3.0,4,3125,0,7,300,200,constant-mc,complete,0,0.9385173394750458,2,0,0,,,hmm-mixture/4/4/5/0
3.0,4,3125,0,7,300,200,constant-mc,average,0,0.9687030828339267,2,0,0,,,hmm-mixture/4/4/5/0
3.0,4,3125,0,7,300,200,constant-mc,pam,0,0.8948521755564258,2,0,0,1,0,hmm-mixture/4/4/5/0
3.0,4,3125,0,7,400,200,constant-mc,single,0,0.5930336719461682,2,0,0,,,hmm-mixture/4/4/5/0
3.0,4,3125,0,7,400,200,constant-mc,complete,1,1.0,2,0,0,,,hmm-mixture/4/4/5/0
3.0,4,3125,0,7,400,200,constant-mc,average,1,1.0,2,0,0,,,hmm-mixture/4/4/5/0
3.0,4,3125,0,7,400,200,constant-mc,pam,0,0.923558878389794,2,0,0,1,0,hmm-mixture/4/4/5/0
3.0,4,3125,0,7,500,200,constant-mc,single,0,0.5930336719461682,2,0,0,,,hmm-mixture/4/4/5/0
3.0,4,3125,0,7,500,200,constant-mc,complete,1,1.0,2,0,0,,,hmm-mixture/4/4/5/0
3.0,4,3125,0,7,500,200,constant-mc,average,1,1.0,2,0,0,,,hmm-mixture/4/4/5/0
3.0,4,3125,0,7,500,200,constant-mc,pam,0,0.968670137377678,2,0,0,1,0,hmm-mixture/4/4/5/0
3.0,4,3125,0,7,600,200,constant-mc,single,1,1.0,2,0,0,,,hmm-mixture/4/4/5/0
3.0,4,3125,0,7,600,200,constant-mc,complete,1,1.0,2,0,0,,,hmm-mixture/4/4/5/0
3.0,4,3125,0,7,600,200,constant-mc,average,1,1.0,2,0,0,,,hmm-mixture/4/4/5/0
3.0,4,3125,0,7,600,200,constant-mc,pam,0,0.9842021682005574,2,0,0,1,0,hmm-mixture/4/4/5/0
3.0,4,3125,0,7,700,200,constant-mc,single,1,1.0,3,0,0,,,hmm-mixture/4/4/5/0
3.0,4,3125,0,7,700,200,constant-mc,complete,1,1.0,3,0,0,,,hmm-mixture/4/4/5/0
3.0,4,3125,0,7,700,200,constant-mc,average,1,1.0,3,0,0,,,hmm-mixture/4/4/5/0
3.0,4,3125,0,7,700,200,constant-mc,pam,1,1.0,3,0,0,1,0,hmm-mixture/4/4/5/0
3.0,4,3125,0,7,800,200,constant-mc,single,1,1.0,3,0,0,,,hmm-mixture/4/4/5/0
3.0,4,3125,0,7,800,200,constant-mc,complete,1,1.0,3,0,0,,,hmm-mixture/4/4/5/0
3.0,4,3125,0,7,800,200,constant-mc,average,1,1.0,3,0,0,,,hmm-mixture/4/4/5/0
3.0,4,3125,0,7,800,200,constant-mc,pam,1,1.0,3,0,0,1,0,hmm-mixture/4/4/5/0
3.0,4,3125,0,7,900,200,constant-mc,single,1,1.0,3,0,0,,,hmm-mixture/4/4/5/0
3.0,4,3125,0,7,900,200,constant-mc,complete,1,1.0,3,0,0,,,hmm-mixture/4/4/5/0
3.0,4,3125,0,7,900,200,constant-mc,average,1,1.0,3,0,0,,,hmm-mixture/4/4/5/0
3.0,4,3125,0,7,900,200,constant-mc,pam,1,1.0,3,0,0,1,0,hmm-mixture/4/4/5/0
3.0,4,3125,0,7,1000,200,constant-mc,single,1,1.0,3,0,0,,,hmm-mixture/4/4/5/0
3.0,4,3125,0,7,1000,200,constant-mc,complete,1,1.0,3,0,0,,,hmm-mixture/4/4/5/0
3.0,4,3125,0,7,1000,200,constant-mc,average,1,1.0,3,0,0,,,hmm-mixture/4/4/5/0
3.0,4,3125,0,7,1000,200,constant-mc,pam,1,1.0,3,0,0,1,0,hmm-mixture/4/4/5/0
3.0,4,3125,0,8,100,200,constant-mc,single,0,0.018541413031112255,24,0,0,,,hmm-mixture/4/4/5/0
3.0,4,3125,0,8,100,200,constant-mc,complete,0,0.7512894315313807,24,0,0,,,hmm-mixture/4/4/5/0
3.0,4,3125,0,8,100,200,constant-mc,average,0,0.8339111290524717,24,0,0,,,hmm-mixture/4/4/5/0
3.0,4,3125,0,8,100,200,constant-mc,pam,0,0.3842172520666256,24,0,0,1,0,hmm-mixture/4/4/5/0
3.0,4,3125,0,8,200,200,constant-mc,single,0,0.0026889450145655015,2,0,0,,,hmm-mixture/4/4/5/0
3.0,4,3125,0,8,200,200,constant-mc,complete,0,0.9081813380084769,2,0,0,,,hmm-mixture/4/4/5/0
3.0,4,3125,0,8,200,200,constant-mc,average,0,0.9829006341265464,2,0,0,,,hmm-mixture/4/4/5/0
3.0,4,3125,0,8,200,200,constant-mc,pam,0,0.7770852681893424,2,0,0,1,0,hmm-mixture/4/4/5/0
3.0,4,3125,0,8,300,200,constant-mc,single,0,0.31677051692494457,2,0,0,,,hmm-mixture/4/4/5/0
3.0,4,3125,0,8,300,200,constant-mc,complete,1,1.0,2,0,0,,,hmm-mixture/4/4/5/0
3.0,4,3125,0,8,300,200,constant-mc,average,0,0.9829006341265464,2,0,0,,,hmm-mixture/4/4/5/0
3.0,4,3125,0,8,300,200,constant-mc,pam,0,0.8647263642765392,2,0,0,1,0,hmm-mixture/4/4/5/0
3.0,4,3125,0,8,400,200,constant-mc,single,0,0.3014150847935169,2,0,0,,,hmm-mixture/4/4/5/0
3.0,4,3125,0,8,400,200,constant-mc,complete,1,1.0,2,0,0,,,hmm-mixture/4/4/5/0
3.0,4,3125,0,8,400,200,constant-mc,average,1,1.0,2,0,0,,,hmm-mixture/4/4/5/0
3.0,4,3125,0,8,400,200,constant-mc,pam,0,0.9660704163635765,2,0,0,1,0,hmm-mixture/4/4/5/0
3.0,4,3125,0,8,500,200,constant-mc,single,0,0.5029982476239776,2,0,0,,,hmm-mixture/4/4/5/0
3.0,4,3125,0,8,500,200,constant-mc,complete,1,1.0,2,0,0,,,hmm-mixture/4/4/5/0
3.0,4,3125,0,8,500,200,constant-mc,average,1,1.0,2,0,0,,,hmm-mixture/4/4/5/0
3.0,4,3125,0,8,500,200,constant-mc,pam,0,0.9565480716727578,2,0,0,1,0,hmm-mixture/4/4/5/0
3.0,4,3125,0,8,600,200,constant-mc,single,0,0.4997272333806975,2,0,0,,,hmm-mixture/4/4/5/0
3.0,4,3125,0,8,600,200,constant-mc,complete,1,1.0,2,0,0,,,hmm-mixture/4/4/5/0
3.0,4,3125,0,8,600,200,constant-mc,average,1,1.0,2,0,0,,,hmm-mixture/4/4/5/0
3.0,4,3125,0,8,600,200,constant-mc,pam,1,1.0,2,0,0,1,0,hmm-mixture/4/4/5/0
3.0,4,3125,0,8,700,200,constant-mc,single,0,0.4997272333806975,2,0,0,,,hmm-mixture/4/4/5/0
3.0,4,3125,0,8,700,200,constant-mc,complete,1,1.0,2,0,0,,,hmm-mixture/4/4/5/0
3.0,4,3125,0,8,700,200,constant-mc,average,1,1.0,2,0,0,,,hmm-mixture/4/4/5/0
3.0,4,3125,0,8,700,200,constant-mc,pam,1,1.0,2,0,0,1,0,hmm-mixture/4/4/5/0
3.0,4,3125,0,8,800,200,constant-mc,single,1,1.0,3,0,0,,,hmm-mixture/4/4/5/0
3.0,4,3125,0,8,800,200,constant-mc,complete,1,1.0,3,0,0,,,hmm-mixture/4/4/5/0
3.0,4,3125,0,8,800,200,constant-mc,average,1,1.0,3,0,0,,,hmm-mixture/4/4/5/0
3.0,4,3125,0,8,800,200,constant-mc,pam,1,1.0,3,0,0,1,0,hmm-mixture/4/4/5/0
3.0,4,3125,0,8,900,200,constant-mc,single,1,1.0,3,0,0,,,hmm-mixture/4/4/5/0
3.0,4,3125,0,8,900,200,constant-mc,complete,1,1.0,3,0,0,,,hmm-mixture/4/4/5/0
3.0,4,3125,0,8,900,200,constant-mc,average,1,1.0,3,0,0,,,hmm-mixture/4/4/5/0
3.0,4,3125,0,8,900,200,constant-mc,pam,1,1.0,3,0,0,1,0,hmm-mixture/4/4/5/0
3.0,4,3125,0,8,1000,200,constant-mc,single,1,1.0,4,1,1,,,hmm-mixture/4/4/5/0
3.0,4,3125,0,8,1000,200,constant-mc,complete,1,1.0,4,1,1,,,hmm-mixture/4/4/5/0
3.0,4,3125,0,8,1000,200,constant-mc,average,1,1.0,4,1,1,,,hmm-mixture/4/4/5/0
3.0,4,3125,0,8,1000,200,constant-mc,pam,1,1.0,4,1,1,1,0,hmm-mixture/4/4/5/0
3.0,4,3125,0,9,100,200,constant-mc,single,0,-0.006038416290090282,21,0,0,,,hmm-mixture/4/4/5/0
3.0,4,3125,0,9,100,200,constant-mc,complete,0,0.6869464987182561,21,0,0,,,hmm-mixture/4/4/5/0
3.0,4,3125,0,9,100,200,constant-mc,average,0,0.7967175319789316,21,0,0,,,hmm-mixture/4/4/5/0
3.0,4,3125,0,9,100,200,constant-mc,pam,0,0.40750557031856544,21,0,0,1,0,hmm-mixture/4/4/5/0
3.0,4,3125,0,9,200,200,constant-mc,single,0,0.012048978754127667,2,0,0,,,hmm-mixture/4/4/5/0
3.0,4,3125,0,9,200,200,constant-mc,complete,0,0.9670032982283288,2,0,0,,,hmm-mixture/4/4/5/0
3.0,4,3125,0,9,200,200,constant-mc,average,0,0.9507950258992546,2,0,0,,,hmm-mixture/4/4/5/0
3.0,4,3125,0,9,200,200,constant-mc,pam,0,0.4830302416931806,2,0,0,1,0,hmm-mixture/4/4/5/0
3.0,4,3125,0,9,300,200,constant-mc,single,0,0.012048978754127667,2,0,0,,,hmm-mixture/4/4/5/0
3.0,4,3125,0,9,300,200,constant-mc,complete,1,1.0,2,0,0,,,hmm-mixture/4/4/5/0
3.0,4,3125,0,9,300,200,constant-mc,average,1,1.0,2,0,0,,,hmm-mixture/4/4/5/0
3.0,4,3125,0,9,300,200,constant-mc,pam,0,0.848593633672895,2,0,0,1,0,hmm-mixture/4/4/5/0
3.0,4,3125,0,9,400,200,constant-mc,single,0,0.5382798743224114,2,0,0,,,hmm-mixture/4/4/5/0
3.0,4,3125,0,9,400,200,constant-mc,complete,1,1.0,2,0,0,,,hmm-mixture/4/4/5/0
3.0,4,3125,0,9,400,200,constant-mc,average,1,1.0,2,0,0,,,hmm-mixture/4/4/5/0
3.0,4,3125,0,9,400,200,constant-mc,pam,0,0.9331033900044058,2,0,0,1,0,hmm-mixture/4/4/5/0
3.0,4,3125,0,9,500,200,constant-mc,single,0,0.5382798743224114,2,0,0,,,hmm-mixture/4/4/5/0
3.0,4,3125,0,9,500,200,constant-mc,complete,1,1.0,2,0,0,,,hmm-mixture/4/4/5/0
3.0,4,3125,0,9,500,200,constant-mc,average,1,1.0,2,0,0,,,hmm-mixture/4/4/5/0
3.0,4,3125,0,9,500,200,constant-mc,pam,1,1.0,2,0,0,1,0,hmm-mixture/4/4/5/0
3.0,4,3125,0,9,600,200,constant-mc,single,0,0.5382798743224114,2,0,0,,,hmm-mixture/4/4/5/0
3.0,4,3125,0,9,600,200,constant-mc,complete,1,1.0,2,0,0,,,hmm-mixture/4/4/5/0
3.0,4,3125,0,9,600,200,constant-mc,average,1,1.0,2,0,0,,,hmm-mixture/4/4/5/0
3.0,4,3125,0,9,600,200,constant-mc,pam,1,1.0,2,0,0,1,0,hmm-mixture/4/4/5/0
3.0,4,3125,0,9,700,200,constant-mc,single,0,0.5382798743224114,2,0,0,,,hmm-mixture/4/4/5/0
3.0,4,3125,0,9,700,200,constant-mc,complete,1,1.0,2,0,0,,,hmm-mixture/4/4/5/0
3.0,4,3125,0,9,700,200,constant-mc,average,1,1.0,2,0,0,,,hmm-mixture/4/4/5/0
3.0,4,3125,0,9,700,200,constant-mc,pam,1,1.0,2,0,0,1,0,hmm-mixture/4/4/5/0
3.0,4,3125,0,9,800,200,constant-mc,single,1,1.0,3,0,0,,,hmm-mixture/4/4/5/0
3.0,4,3125,0,9,800,200,constant-mc,complete,1,1.0,3,0,0,,,hmm-mixture/4/4/5/0
3.0,4,3125,0,9,800,200,constant-mc,average,1,1.0,3,0,0,,,hmm-mixture/4/4/5/0
3.0,4,3125,0,9,800,200,constant-mc,pam,1,1.0,3,0,0,1,0,hmm-mixture/4/4/5/0
3.0,4,3125,0,9,900,200,constant-mc,single,1,1.0,3,0,0,,,hmm-mixture/4/4/5/0
3.0,4,3125,0,9,900,200,constant-mc,complete,1,1.0,3,0,0,,,hmm-mixture/4/4/5/0
3.0,4,3125,0,9,900,200,constant-mc,average,1,1.0,3,0,0,,,hmm-mixture/4/4/5/0
3.0,4,3125,0,9,900,200,constant-mc,pam,1,1.0,3,0,0,1,0,hmm-mixture/4/4/5/0
3.0,4,3125,0,9,1000,200,constant-mc,single,1,1.0,3,0,0,,,hmm-mixture/4/4/5/0
3.0,4,3125,0,9,1000,200,constant-mc,complete,1,1.0,3,0,0,,,hmm-mixture/4/4/5/0
3.0,4,3125,0,9,1000,200,constant-mc,average,1,1.0,3,0,0,,,hmm-mixture/4/4/5/0
3.0,4,3125,0,9,1000,200,constant-mc,pam,1,1.0,3,0,0,1,0,hmm-mixture/4/4/5/0
3.0,4,3125,0,10,100,200,constant-mc,single,0,0.00791960698343393,22,0,0,,,hmm-mixture/4/4/5/0
3.0,4,3125,0,10,100,200,constant-mc,complete,0,0.6385156884932974,22,0,0,,,hmm-mixture/4/4/5/0
3.0,4,3125,0,10,100,200,constant-mc,average,0,0.7800969088734483,22,0,0,,,hmm-mixture/4/4/5/0
3.0,4,3125,0,10,100,200,constant-mc,pam,0,0.3790019353356791,22,0,0,1,0,hmm-mixture/4/4/5/0
3.0,4,3125,0,10,200,200,constant-mc,single,0,0.01737561190257416,2,0,0,,,hmm-mixture/4/4/5/0
3.0,4,3125,0,10,200,200,constant-mc,complete,0,0.9756194191696286,2,0,0,,,hmm-mixture/4/4/5/0
3.0,4,3125,0,10,200,200,constant-mc,average,0,0.9757027486430306,2,0,0,,,hmm-mixture/4/4/5/0
3.0,4,3125,0,10,200,200,constant-mc,pam,0,0.7305270635195037,2,0,0,1,0,hmm-mixture/4/4/5/0
3.0,4,3125,0,10,300,200,constant-mc,single,0,0.3681693852183439,2,0,0,,,hmm-mixture/4/4/5/0
3.0,4,3125,0,10,300,200,constant-mc,complete,0,0.9840233670887568,2,0,0,,,hmm-mixture/4/4/5/0
3.0,4,3125,0,10,300,200,constant-mc,average,0,0.9840233670887568,2,0,0,,,hmm-mixture/4/4/5/0
3.0,4,3125,0,10,300,200,constant-mc,pam,0,0.8623931391982745,2,0,0,1,0,hmm-mixture/4/4/5/0
3.0,4,3125,0,10,400,200,constant-mc,single,0,0.5818846544345919,3,0,0,,,hmm-mixture/4/4/5/0
3.0,4,3125,0,10,400,200,constant-mc,complete,1,1.0,3,0,0,,,hmm-mixture/4/4/5/0
3.0,4,3125,0,10,400,200,constant-mc,average,1,1.0,3,0,0,,,hmm-mixture/4/4/5/0
3.0,4,3125,0,10,400,200,constant-mc,pam,0,0.9220326976843319,3,0,0,1,0,hmm-mixture/4/4/5/0
3.0,4,3125,0,10,500,200,constant-mc,single,1,1.0,2,0,0,,,hmm-mixture/4/4/5/0
3.0,4,3125,0,10,500,200,constant-mc,complete,1,1.0,2,0,0,,,hmm-mixture/4/4/5/0
3.0,4,3125,0,10,500,200,constant-mc,average,1,1.0,2,0,0,,,hmm-mixture/4/4/5/0
3.0,4,3125,0,10,500,200,constant-mc,pam,0,0.9370592528256947,2,0,0,1,0,hmm-mixture/4/4/5/0
3.0,4,3125,0,10,600,200,constant-mc,single,1,1.0,2,0,0,,,hmm-mixture/4/4/5/0
3.0,4,3125,0,10,600,200,constant-mc,complete,1,1.0,2,0,0,,,hmm-mixture/4/4/5/0
3.0,4,3125,0,10,600,200,constant-mc,average,1,1.0,2,0,0,,,hmm-mixture/4/4/5/0
3.0,4,3125,0,10,600,200,constant-mc,pam,0,0.9676042149245715,2,0,0,1,0,hmm-mixture/4/4/5/0
3.0,4,3125,0,10,700,200,constant-mc,single,1,1.0,2,0,0,,,hmm-mixture/4/4/5/0
3.0,4,3125,0,10,700,200,constant-mc,complete,1,1.0,2,0,0,,,hmm-mixture/4/4/5/0
3.0,4,3125,0,10,700,200,constant-mc,average,1,1.0,2,0,0,,,hmm-mixture/4/4/5/0
3.0,4,3125,0,10,700,200,constant-mc,pam,0,0.9681331480248636,2,0,0,1,0,hmm-mixture/4/4/5/0
3.0,4,3125,0,10,800,200,constant-mc,single,1,1.0,2,0,0,,,hmm-mixture/4/4/5/0
3.0,4,3125,0,10,800,200,constant-mc,complete,1,1.0,2,0,0,,,hmm-mixture/4/4/5/0
3.0,4,3125,0,10,800,200,constant-mc,average,1,1.0,2,0,0,,,hmm-mixture/4/4/5/0
3.0,4,3125,0,10,800,200,constant-mc,pam,1,1.0,2,0,0,1,0,hmm-mixture/4/4/5/0
3.0,4,3125,0,10,900,200,constant-mc,single,1,1.0,3,0,0,,,hmm-mixture/4/4/5/0
3.0,4,3125,0,10,900,200,constant-mc,complete,1,1.0,3,0,0,,,hmm-mixture/4/4/5/0
3.0,4,3125,0,10,900,200,constant-mc,average,1,1.0,3,0,0,,,hmm-mixture/4/4/5/0
3.0,4,3125,0,10,900,200,constant-mc,pam,1,1.0,3,0,0,1,0,hmm-mixture/4/4/5/0
3.0,4,3125,0,10,1000,200,constant-mc,single,1,1.0,3,0,0,,,hmm-mixture/4/4/5/0
3.0,4,3125,0,10,1000,200,constant-mc,complete,1,1.0,3,0,0,,,hmm-mixture/4/4/5/0
3.0,4,3125,0,10,1000,200,constant-mc,average,1,1.0,3,0,0,,,hmm-mixture/4/4/5/0
3.0,4,3125,0,10,1000,200,constant-mc,pam,1,1.0,3,0,0,1,0,hmm-mixture/4/4/5/0
3.0,4,3125,0,11,100,200,constant-mc,single,0,0.012719411060615794,5,0,0,,,hmm-mixture/4/4/5/0
3.0,4,3125,0,11,100,200,constant-mc,complete,0,0.7104269337307033,5,0,0,,,hmm-mixture/4/4/5/0
3.0,4,3125,0,11,100,200,constant-mc,average,0,0.8354613021719778,5,0,0,,,hmm-mixture/4/4/5/0
3.0,4,3125,0,11,100,200,constant-mc,pam,0,0.4737873823132428,5,0,0,1,0,hmm-mixture/4/4/5/0
3.0,4,3125,0,11,200,200,constant-mc,single,0,0.012719411060615794,3,0,0,,,hmm-mixture/4/4/5/0
3.0,4,3125,0,11,200,200,constant-mc,complete,0,0.9435085208417642,3,0,0,,,hmm-mixture/4/4/5/0
3.0,4,3125,0,11,200,200,constant-mc,average,0,0.9434294937588154,3,0,0,,,hmm-mixture/4/4/5/0
3.0,4,3125,0,11,200,200,constant-mc,pam,0,0.6341200344720439,3,0,0,1,0,hmm-mixture/4/4/5/0
3.0,4,3125,0,11,300,200,constant-mc,single,0,0.4312849638043757,2,0,0,,,hmm-mixture/4/4/5/0
3.0,4,3125,0,11,300,200,constant-mc,complete,0,0.9839017935811786,2,0,0,,,hmm-mixture/4/4/5/0
3.0,4,3125,0,11,300,200,constant-mc,average,0,0.9839146141750009,2,0,0,,,hmm-mixture/4/4/5/0
3.0,4,3125,0,11,300,200,constant-mc,pam,0,0.7987919674395338,2,0,0,1,0,hmm-mixture/4/4/5/0
3.0,4,3125,0,11,400,200,constant-mc,single,0,0.11509698135395231,2,0,0,,,hmm-mixture/4/4/5/0
3.0,4,3125,0,11,400,200,constant-mc,complete,0,0.9839146141750009,2,0,0,,,hmm-mixture/4/4/5/0
3.0,4,3125,0,11,400,200,constant-mc,average,0,0.9839017935811786,2,0,0,,,hmm-mixture/4/4/5/0
3.0,4,3125,0,11,400,200,constant-mc,pam,0,0.7028636484912409,2,0,0,1,0,hmm-mixture/4/4/5/0
3.0,4,3125,0,11,500,200,constant-mc,single,1,1.0,2,0,0,,,hmm-mixture/4/4/5/0
3.0,4,3125,0,11,500,200,constant-mc,complete,1,1.0,2,0,0,,,hmm-mixture/4/4/5/0
3.0,4,3125,0,11,500,200,constant-mc,average,1,1.0,2,0,0,,,hmm-mixture/4/4/5/0
3.0,4,3125,0,11,500,200,constant-mc,pam,0,0.9839017935811786,2,0,0,1,0,hmm-mixture/4/4/5/0
3.0,4,3125,0,11,600,200,constant-mc,single,1,1.0,2,0,0,,,hmm-mixture/4/4/5/0
3.0,4,3125,0,11,600,200,constant-mc,complete,1,1.0,2,0,0,,,hmm-mixture/4/4/5/0
3.0,4,3125,0,11,600,200,constant-mc,average,1,1.0,2,0,0,,,hmm-mixture/4/4/5/0
3.0,4,3125,0,11,600,200,constant-mc,pam,1,1.0,2,0,0,1,0,hmm-mixture/4/4/5/0
3.0,4,3125,0,11,700,200,constant-mc,single,1,1.0,3,0,0,,,hmm-mixture/4/4/5/0
3.0,4,3125,0,11,700,200,constant-mc,complete,1,1.0,3,0,0,,,hmm-mixture/4/4/5/0
3.0,4,3125,0,11,700,200,constant-mc,average,1,1.0,3,0,0,,,hmm-mixture/4/4/5/0
3.0,4,3125,0,11,700,200,constant-mc,pam,1,1.0,3,0,0,1,0,hmm-mixture/4/4/5/0
3.0,4,3125,0,11,800,200,constant-mc,single,1,1.0,3,0,0,,,hmm-mixture/4/4/5/0
3.0,4,3125,0,11,800,200,constant-mc,complete,1,1.0,3,0,0,,,hmm-mixture/4/4/5/0
3.0,4,3125,0,11,800,200,constant-mc,average,1,1.0,3,0,0,,,hmm-mixture/4/4/5/0
3.0,4,3125,0,11,800,200,constant-mc,pam,0,0.9747849191740064,3,0,0,1,0,hmm-mixture/4/4/5/0
3.0,4,3125,0,11,900,200,constant-mc,single,1,1.0,2,0,0,,,hmm-mixture/4/4/5/0
3.0,4,3125,0,11,900,200,constant-mc,complete,1,1.0,2,0,0,,,hmm-mixture/4/4/5/0
3.0,4,3125,0,11,900,200,constant-mc,average,1,1.0,2,0,0,,,hmm-mixture/4/4/5/0
3.0,4,3125,0,11,900,200,constant-mc,pam,1,1.0,2,0,0,1,0,hmm-mixture/4/4/5/0
3.0,4,3125,0,11,1000,200,constant-mc,single,1,1.0,4,1,1,,,hmm-mixture/4/4/5/0
3.0,4,3125,0,11,1000,200,constant-mc,complete,1,1.0,4,1,1,,,hmm-mixture/4/4/5/0
3.0,4,3125,0,11,1000,200,constant-mc,average,1,1.0,4,1,1,,,hmm-mixture/4/4/5/0
3.0,4,3125,0,11,1000,200,constant-mc,pam,1,1.0,4,1,1,1,0,hmm-mixture/4/4/5/0
3.0,4,3125,0,12,100,200,constant-mc,single,0,0.00199927457138219,13,0,0,,,hmm-mixture/4/4/5/0
3.0,4,3125,0,12,100,200,constant-mc,complete,0,0.4044983461907514,13,0,0,,,hmm-mixture/4/4/5/0
3.0,4,3125,0,12,100,200,constant-mc,average,0,0.840537319509769,13,0,0,,,hmm-mixture/4/4/5/0
3.0,4,3125,0,12,100,200,constant-mc,pam,0,0.47415685259237,13,0,0,1,0,hmm-mixture/4/4/5/0
3.0,4,3125,0,12,200,200,constant-mc,single,0,-0.005183687321727194,2,0,0,,,hmm-mixture/4/4/5/0
3.0,4,3125,0,12,200,200,constant-mc,complete,0,0.9671440444224939,2,0,0,,,hmm-mixture/4/4/5/0
3.0,4,3125,0,12,200,200,constant-mc,average,0,0.9834451173565864,2,0,0,,,hmm-mixture/4/4/5/0
3.0,4,3125,0,12,200,200,constant-mc,pam,0,0.8543272007076809,2,0,0,1,0,hmm-mixture/4/4/5/0
3.0,4,3125,0,12,300,200,constant-mc,single,0,0.36224503213558984,2,0,0,,,hmm-mixture/4/4/5/0
3.0,4,3125,0,12,300,200,constant-mc,complete,1,1.0,2,0,0,,,hmm-mixture/4/4/5/0
3.0,4,3125,0,12,300,200,constant-mc,average,1,1.0,2,0,0,,,hmm-mixture/4/4/5/0
3.0,4,3125,0,12,300,200,constant-mc,pam,0,0.8122376005127858,2,0,0,1,0,hmm-mixture/4/4/5/0
3.0,4,3125,0,12,400,200,constant-mc,single,0,0.35304143752294553,2,0,0,,,hmm-mixture/4/4/5/0
3.0,4,3125,0,12,400,200,constant-mc,complete,1,1.0,2,0,0,,,hmm-mixture/4/4/5/0
3.0,4,3125,0,12,400,200,constant-mc,average,1,1.0,2,0,0,,,hmm-mixture/4/4/5/0
3.0,4,3125,0,12,400,200,constant-mc,pam,0,0.8745652787216925,2,0,0,1,0,hmm-mixture/4/4/5/0
3.0,4,3125,0,12,500,200,constant-mc,single,0,0.5406950996006908,2,0,0,,,hmm-mixture/4/4/5/0
3.0,4,3125,0,12,500,200,constant-mc,complete,1,1.0,2,0,0,,,hmm-mixture/4/4/5/0
3.0,4,3125,0,12,500,200,constant-mc,average,1,1.0,2,0,0,,,hmm-mixture/4/4/5/0
3.0,4,3125,0,12,500,200,constant-mc,pam,0,0.983455452804396,2,0,0,1,0,hmm-mixture/4/4/5/0
3.0,4,3125,0,12,600,200,constant-mc,single,1,1.0,3,0,0,,,hmm-mixture/4/4/5/0
3.0,4,3125,0,12,600,200,constant-mc,complete,1,1.0,3,0,0,,,hmm-mixture/4/4/5/0
3.0,4,3125,0,12,600,200,constant-mc,average,1,1.0,3,0,0,,,hmm-mixture/4/4/5/0
3.0,4,3125,0,12,600,200,constant-mc,pam,1,1.0,3,0,0,1,0,hmm-mixture/4/4/5/0
3.0,4,3125,0,12,700,200,constant-mc,single,0,0.5406950996006908,3,0,0,,,hmm-mixture/4/4/5/0
3.0,4,3125,0,12,700,200,constant-mc,complete,1,1.0,3,0,0,,,hmm-mixture/4/4/5/0
3.0,4,3125,0,12,700,200,constant-mc,average,1,1.0,3,0,0,,,hmm-mixture/4/4/5/0
3.0,4,3125,0,12,700,200,constant-mc,pam,0,0.983455452804396,3,0,0,1,0,hmm-mixture/4/4/5/0
3.0,4,3125,0,12,800,200,constant-mc,single,1,1.0,3,0,0,,,hmm-mixture/4/4/5/0
3.0,4,3125,0,12,800,200,constant-mc,complete,1,1.0,3,0,0,,,hmm-mixture/4/4/5/0
3.0,4,3125,0,12,800,200,constant-mc,average,1,1.0,3,0,0,,,hmm-mixture/4/4/5/0
3.0,4,3125,0,12,800,200,constant-mc,pam,1,1.0,3,0,0,1,0,hmm-mixture/4/4/5/0
3.0,4,3125,0,12,900,200,constant-mc,single,1,1.0,3,0,0,,,hmm-mixture/4/4/5/0
3.0,4,3125,0,12,900,200,constant-mc,complete,1,1.0,3,0,0,,,hmm-mixture/4/4/5/0
3.0,4,3125,0,12,900,200,constant-mc,average,1,1.0,3,0,0,,,hmm-mixture/4/4/5/0
3.0,4,3125,0,12,900,200,constant-mc,pam,1,1.0,3,0,0,1,0,hmm-mixture/4/4/5/0
3.0,4,3125,0,12,1000,200,constant-mc,single,1,1.0,3,0,0,,,hmm-mixture/4/4/5/0
3.0,4,3125,0,12,1000,200,constant-mc,complete,1,1.0,3,0,0,,,hmm-mixture/4/4/5/0
3.0,4,3125,0,12,1000,200,constant-mc,average,1,1.0,3,0,0,,,hmm-mixture/4/4/5/0
3.0,4,3125,0,12,1000,200,constant-mc,pam,1,1.0,3,0,0,1,0,hmm-mixture/4/4/5/0
3.0,4,3125,0,13,100,200,constant-mc,single,0,0.0016771038485677394,23,0,0,,,hmm-mixture/4/4/5/0
3.0,4,3125,0,13,100,200,constant-mc,complete,0,0.4624711105106987,23,0,0,,,hmm-mixture/4/4/5/0
3.0,4,3125,0,13,100,200,constant-mc,average,0,0.4936938993959737,23,0,0,,,hmm-mixture/4/4/5/0
3.0,4,3125,0,13,100,200,constant-mc,pam,0,0.3791794376744998,23,0,0,1,0,hmm-mixture/4/4/5/0
3.0,4,3125,0,13,200,200,constant-mc,single,0,0.0029779444545273296,3,0,0,,,hmm-mixture/4/4/5/0
3.0,4,3125,0,13,200,200,constant-mc,complete,0,0.9569494879435775,3,0,0,,,hmm-mixture/4/4/5/0
3.0,4,3125,0,13,200,200,constant-mc,average,0,0.9735674187337839,3,0,0,,,hmm-mixture/4/4/5/0
3.0,4,3125,0,13,200,200,constant-mc,pam,0,0.7363007227769205,3,0,0,1,0,hmm-mixture/4/4/5/0
3.0,4,3125,0,13,300,200,constant-mc,single,0,-0.003526258575270622,2,0,0,,,hmm-mixture/4/4/5/0
3.0,4,3125,0,13,300,200,constant-mc,complete,0,0.9735968159507491,2,0,0,,,hmm-mixture/4/4/5/0
3.0,4,3125,0,13,300,200,constant-mc,average,0,0.9735968159507491,2,0,0,,,hmm-mixture/4/4/5/0
3.0,4,3125,0,13,300,200,constant-mc,pam,0,0.8792668493672336,2,0,0,1,0,hmm-mixture/4/4/5/0
3.0,4,3125,0,13,400,200,constant-mc,single,0,0.14745265248543252,2,0,0,,,hmm-mixture/4/4/5/0
3.0,4,3125,0,13,400,200,constant-mc,complete,1,1.0,2,0,0,,,hmm-mixture/4/4/5/0
3.0,4,3125,0,13,400,200,constant-mc,average,1,1.0,2,0,0,,,hmm-mixture/4/4/5/0
3.0,4,3125,0,13,400,200,constant-mc,pam,0,0.9020342512531643,2,0,0,1,0,hmm-mixture/4/4/5/0
3.0,4,3125,0,13,500,200,constant-mc,single,1,1.0,3,0,0,,,hmm-mixture/4/4/5/0
3.0,4,3125,0,13,500,200,constant-mc,complete,1,1.0,3,0,0,,,hmm-mixture/4/4/5/0
3.0,4,3125,0,13,500,200,constant-mc,average,1,1.0,3,0,0,,,hmm-mixture/4/4/5/0
3.0,4,3125,0,13,500,200,constant-mc,pam,0,0.9348915350498698,3,0,0,1,0,hmm-mixture/4/4/5/0
3.0,4,3125,0,13,600,200,constant-mc,single,1,1.0,3,0,0,,,hmm-mixture/4/4/5/0
3.0,4,3125,0,13,600,200,constant-mc,complete,1,1.0,3,0,0,,,hmm-mixture/4/4/5/0
3.0,4,3125,0,13,600,200,constant-mc,average,1,1.0,3,0,0,,,hmm-mixture/4/4/5/0
3.0,4,3125,0,13,600,200,constant-mc,pam,0,0.9669598834581429,3,0,0,1,0,hmm-mixture/4/4/5/0
3.0,4,3125,0,13,700,200,constant-mc,single,1,1.0,3,0,0,,,hmm-mixture/4/4/5/0
3.0,4,3125,0,13,700,200,constant-mc,complete,1,1.0,3,0,0,,,hmm-mixture/4/4/5/0
3.0,4,3125,0,13,700,200,constant-mc,average,1,1.0,3,0,0,,,hmm-mixture/4/4/5/0
3.0,4,3125,0,13,700,200,constant-mc,pam,0,0.9833509084261735,3,0,0,1,0,hmm-mixture/4/4/5/0
3.0,4,3125,0,13,800,200,constant-mc,single,1,1.0,3,0,0,,,hmm-mixture/4/4/5/0
3.0,4,3125,0,13,800,200,constant-mc,complete,1,1.0,3,0,0,,,hmm-mixture/4/4/5/0
3.0,4,3125,0,13,800,200,constant-mc,average,1,1.0,3,0,0,,,hmm-mixture/4/4/5/0
3.0,4,3125,0,13,800,200,constant-mc,pam,1,1.0,3,0,0,1,0,hmm-mixture/4/4/5/0
3.0,4,3125,0,13,900,200,constant-mc,single,1,1.0,4,1,1,,,hmm-mixture/4/4/5/0
3.0,4,3125,0,13,900,200,constant-mc,complete,1,1.0,4,1,1,,,hmm-mixture/4/4/5/0
3.0,4,3125,0,13,900,200,constant-mc,average,1,1.0,4,1,1,,,hmm-mixture/4/4/5/0
3.0,4,3125,0,13,900,200,constant-mc,pam,1,1.0,4,1,1,0,1,hmm-mixture/4/4/5/0
3.0,4,3125,0,13,1000,200,constant-mc,single,1,1.0,4,1,1,,,hmm-mixture/4/4/5/0
3.0,4,3125,0,13,1000,200,constant-mc,complete,1,1.0,4,1,1,,,hmm-mixture/4/4/5/0
3.0,4,3125,0,13,1000,200,constant-mc,average,1,1.0,4,1,1,,,hmm-mixture/4/4/5/0
3.0,4,3125,0,13,1000,200,constant-mc,pam,1,1.0,4,1,1,1,0,hmm-mixture/4/4/5/0
3.0,4,3125,0,14,100,200,constant-mc,single,0,0.01283194951983765,21,0,0,,,hmm-mixture/4/4/5/0
3.0,4,3125,0,14,100,200,constant-mc,complete,0,0.4755762732567921,21,0,0,,,hmm-mixture/4/4/5/0
3.0,4,3125,0,14,100,200,constant-mc,average,0,0.8410405637330173,21,0,0,,,hmm-mixture/4/4/5/0
3.0,4,3125,0,14,100,200,constant-mc,pam,0,0.41357982569302526,21,0,0,1,0,hmm-mixture/4/4/5/0
3.0,4,3125,0,14,200,200,constant-mc,single,0,0.3644075613857559,2,0,0,,,hmm-mixture/4/4/5/0
3.0,4,3125,0,14,200,200,constant-mc,complete,0,0.9842021682005574,2,0,0,,,hmm-mixture/4/4/5/0
3.0,4,3125,0,14,200,200,constant-mc,average,0,0.9686738206529198,2,0,0,,,hmm-mixture/4/4/5/0
3.0,4,3125,0,14,200,200,constant-mc,pam,0,0.7857187461476762,2,0,0,1,0,hmm-mixture/4/4/5/0
3.0,4,3125,0,14,300,200,constant-mc,single,0,0.18549961964696846,2,0,0,,,hmm-mixture/4/4/5/0
3.0,4,3125,0,14,300,200,constant-mc,complete,0,0.9842021682005574,2,0,0,,,hmm-mixture/4/4/5/0
3.0,4,3125,0,14,300,200,constant-mc,average,0,0.9841929085246897,2,0,0,,,hmm-mixture/4/4/5/0
3.0,4,3125,0,14,300,200,constant-mc,pam,0,0.8747995716905326,2,0,0,1,0,hmm-mixture/4/4/5/0
3.0,4,3125,0,14,400,200,constant-mc,single,0,0.5925957875477564,2,0,0,,,hmm-mixture/4/4/5/0
3.0,4,3125,0,14,400,200,constant-mc,complete,1,1.0,2,0,0,,,hmm-mixture/4/4/5/0
3.0,4,3125,0,14,400,200,constant-mc,average,1,1.0,2,0,0,,,hmm-mixture/4/4/5/0
3.0,4,3125,0,14,400,200,constant-mc,pam,0,0.9841929085246897,2,0,0,1,0,hmm-mixture/4/4/5/0
3.0,4,3125,0,14,500,200,constant-mc,single,0,0.5925957875477564,2,0,0,,,hmm-mixture/4/4/5/0
3.0,4,3125,0,14,500,200,constant-mc,complete,1,1.0,2,0,0,,,hmm-mixture/4/4/5/0
3.0,4,3125,0,14,500,200,constant-mc,average,1,1.0,2,0,0,,,hmm-mixture/4/4/5/0
3.0,4,3125,0,14,500,200,constant-mc,pam,0,0.9841929085246897,2,0,0,1,0,hmm-mixture/4/4/5/0
3.0,4,3125,0,14,600,200,constant-mc,single,1,1.0,2,0,0,,,hmm-mixture/4/4/5/0
3.0,4,3125,0,14,600,200,constant-mc,complete,1,1.0,2,0,0,,,hmm-mixture/4/4/5/0
3.0,4,3125,0,14,600,200,constant-mc,average,1,1.0,2,0,0,,,hmm-mixture/4/4/5/0
3.0,4,3125,0,14,600,200,constant-mc,pam,0,0.968648120722091,2,0,0,1,0,hmm-mixture/4/4/5/0
3.0,4,3125,0,14,700,200,constant-mc,single,0,0.5925957875477564,2,0,0,,,hmm-mixture/4/4/5/0
3.0,4,3125,0,14,700,200,constant-mc,complete,1,1.0,2,0,0,,,hmm-mixture/4/4/5/0
3.0,4,3125,0,14,700,200,constant-mc,average,1,1.0,2,0,0,,,hmm-mixture/4/4/5/0
3.0,4,3125,0,14,700,200,constant-mc,pam,0,0.968648120722091,2,0,0,1,0,hmm-mixture/4/4/5/0
3.0,4,3125,0,14,800,200,constant-mc,single,1,1.0,3,0,0,,,hmm-mixture/4/4/5/0
3.0,4,3125,0,14,800,200,constant-mc,complete,1,1.0,3,0,0,,,hmm-mixture/4/4/5/0
3.0,4,3125,0,14,800,200,constant-mc,average,1,1.0,3,0,0,,,hmm-mixture/4/4/5/0
3.0,4,3125,0,14,800,200,constant-mc,pam,0,0.968648120722091,3,0,0,1,0,hmm-mixture/4/4/5/0
3.0,4,3125,0,14,900,200,constant-mc,single,1,1.0,3,0,0,,,hmm-mixture/4/4/5/0
3.0,4,3125,0,14,900,200,constant-mc,complete,1,1.0,3,0,0,,,hmm-mixture/4/4/5/0
3.0,4,3125,0,14,900,200,constant-mc,average,1,1.0,3,0,0,,,hmm-mixture/4/4/5/0
3.0,4,3125,0,14,900,200,constant-mc,pam,1,1.0,3,0,0,1,0,hmm-mixture/4/4/5/0
3.0,4,3125,0,14,1000,200,constant-mc,single,1,1.0,3,0,0,,,hmm-mixture/4/4/5/0
3.0,4,3125,0,14,1000,200,constant-mc,complete,1,1.0,3,0,0,,,hmm-mixture/4/4/5/0
3.0,4,3125,0,14,1000,200,constant-mc,average,1,1.0,3,0,0,,,hmm-mixture/4/4/5/0
3.0,4,3125,0,14,1000,200,constant-mc,pam,1,1.0,3,0,0,1,0,hmm-mixture/4/4/5/0
3.0,4,3125,0,15,100,200,constant-mc,single,0,0.0020111153403414845,6,0,0,,,hmm-mixture/4/4/5/0
3.0,4,3125,0,15,100,200,constant-mc,complete,0,0.47537854360477444,6,0,0,,,hmm-mixture/4/4/5/0
3.0,4,3125,0,15,100,200,constant-mc,average,0,0.5338086612607248,6,0,0,,,hmm-mixture/4/4/5/0
3.0,4,3125,0,15,100,200,constant-mc,pam,0,0.5018033305305801,6,0,0,1,0,hmm-mixture/4/4/5/0
3.0,4,3125,0,15,200,200,constant-mc,single,0,-0.002888879183483731,3,0,0,,,hmm-mixture/4/4/5/0
3.0,4,3125,0,15,200,200,constant-mc,complete,0,0.8789991672384855,3,0,0,,,hmm-mixture/4/4/5/0
3.0,4,3125,0,15,200,200,constant-mc,average,0,0.8915229253165894,3,0,0,,,hmm-mixture/4/4/5/0
3.0,4,3125,0,15,200,200,constant-mc,pam,0,0.77319384171305,3,0,0,1,0,hmm-mixture/4/4/5/0
3.0,4,3125,0,15,300,200,constant-mc,single,0,0.002151115183879348,2,0,0,,,hmm-mixture/4/4/5/0
3.0,4,3125,0,15,300,200,constant-mc,complete,1,1.0,2,0,0,,,hmm-mixture/4/4/5/0
3.0,4,3125,0,15,300,200,constant-mc,average,1,1.0,2,0,0,,,hmm-mixture/4/4/5/0
3.0,4,3125,0,15,300,200,constant-mc,pam,0,0.9005391114563648,2,0,0,1,0,hmm-mixture/4/4/5/0
3.0,4,3125,0,15,400,200,constant-mc,single,0,0.3785864141497078,2,0,0,,,hmm-mixture/4/4/5/0
3.0,4,3125,0,15,400,200,constant-mc,complete,1,1.0,2,0,0,,,hmm-mixture/4/4/5/0
3.0,4,3125,0,15,400,200,constant-mc,average,1,1.0,2,0,0,,,hmm-mixture/4/4/5/0
3.0,4,3125,0,15,400,200,constant-mc,pam,0,0.9146784913099257,2,0,0,1,0,hmm-mixture/4/4/5/0
3.0,4,3125,0,15,500,200,constant-mc,single,1,1.0,2,0,0,,,hmm-mixture/4/4/5/0
3.0,4,3125,0,15,500,200,constant-mc,complete,1,1.0,2,0,0,,,hmm-mixture/4/4/5/0
3.0,4,3125,0,15,500,200,constant-mc,average,1,1.0,2,0,0,,,hmm-mixture/4/4/5/0
3.0,4,3125,0,15,500,200,constant-mc,pam,0,0.9889694104878876,2,0,0,1,0,hmm-mixture/4/4/5/0
3.0,4,3125,0,15,600,200,constant-mc,single,0,0.6075317581269573,3,0,0,,,hmm-mixture/4/4/5/0
3.0,4,3125,0,15,600,200,constant-mc,complete,1,1.0,3,0,0,,,hmm-mixture/4/4/5/0
3.0,4,3125,0,15,600,200,constant-mc,average,1,1.0,3,0,0,,,hmm-mixture/4/4/5/0
3.0,4,3125,0,15,600,200,constant-mc,pam,0,0.9735778902384284,3,0,0,1,0,hmm-mixture/4/4/5/0
3.0,4,3125,0,15,700,200,constant-mc,single,0,0.6075317581269573,2,0,0,,,hmm-mixture/4/4/5/0
3.0,4,3125,0,15,700,200,constant-mc,complete,1,1.0,2,0,0,,,hmm-mixture/4/4/5/0
3.0,4,3125,0,15,700,200,constant-mc,average,1,1.0,2,0,0,,,hmm-mixture/4/4/5/0
3.0,4,3125,0,15,700,200,constant-mc,pam,0,0.9889694104878876,2,0,0,1,0,hmm-mixture/4/4/5/0
3.0,4,3125,0,15,800,200,constant-mc,single,1,1.0,2,0,0,,,hmm-mixture/4/4/5/0
3.0,4,3125,0,15,800,200,constant-mc,complete,1,1.0,2,0,0,,,hmm-mixture/4/4/5/0
3.0,4,3125,0,15,800,200,constant-mc,average,1,1.0,2,0,0,,,hmm-mixture/4/4/5/0
3.0,4,3125,0,15,800,200,constant-mc,pam,1,1.0,2,0,0,1,0,hmm-mixture/4/4/5/0
3.0,4,3125,0,15,900,200,constant-mc,single,1,1.0,3,0,0,,,hmm-mixture/4/4/5/0
3.0,4,3125,0,15,900,200,constant-mc,complete,1,1.0,3,0,0,,,hmm-mixture/4/4/5/0
3.0,4,3125,0,15,900,200,constant-mc,average,1,1.0,3,0,0,,,hmm-mixture/4/4/5/0
3.0,4,3125,0,15,900,200,constant-mc,pam,0,0.9889694104878876,3,0,0,1,0,hmm-mixture/4/4/5/0
3.0,4,3125,0,15,1000,200,constant-mc,single,1,1.0,3,0,0,,,hmm-mixture/4/4/5/0
3.0,4,3125,0,15,1000,200,constant-mc,complete,1,1.0,3,0,0,,,hmm-mixture/4/4/5/0
3.0,4,3125,0,15,1000,200,constant-mc,average,1,1.0,3,0,0,,,hmm-mixture/4/4/5/0
3.0,4,3125,0,15,1000,200,constant-mc,pam,1,1.0,3,0,0,1,0,hmm-mixture/4/4/5/0
3.0,4,3125,0,16,100,200,constant-mc,single,0,0.011816582426922994,16,0,0,,,hmm-mixture/4/4/5/0
3.0,4,3125,0,16,100,200,constant-mc,complete,0,0.5174798255722891,16,0,0,,,hmm-mixture/4/4/5/0
3.0,4,3125,0,16,100,200,constant-mc,average,0,0.4700169685460918,16,0,0,,,hmm-mixture/4/4/5/0
3.0,4,3125,0,16,100,200,constant-mc,pam,0,0.3914229185842343,16,0,0,1,0,hmm-mixture/4/4/5/0
3.0,4,3125,0,16,200,200,constant-mc,single,0,0.019523700539110924,2,0,0,,,hmm-mixture/4/4/5/0
3.0,4,3125,0,16,200,200,constant-mc,complete,0,0.8797642286131631,2,0,0,,,hmm-mixture/4/4/5/0
3.0,4,3125,0,16,200,200,constant-mc,average,0,0.9728584444220615,2,0,0,,,hmm-mixture/4/4/5/0
3.0,4,3125,0,16,200,200,constant-mc,pam,0,0.5329001147362512,2,0,0,1,0,hmm-mixture/4/4/5/0
3.0,4,3125,0,16,300,200,constant-mc,single,0,0.13388252616585666,2,0,0,,,hmm-mixture/4/4/5/0
3.0,4,3125,0,16,300,200,constant-mc,complete,0,0.9727226053205295,2,0,0,,,hmm-mixture/4/4/5/0
3.0,4,3125,0,16,300,200,constant-mc,average,0,0.9832601571648596,2,0,0,,,hmm-mixture/4/4/5/0
3.0,4,3125,0,16,300,200,constant-mc,pam,0,0.6437056180758374,2,0,0,1,0,hmm-mixture/4/4/5/0
3.0,4,3125,0,16,400,200,constant-mc,single,0,0.5217544388226402,2,0,0,,,hmm-mixture/4/4/5/0
3.0,4,3125,0,16,400,200,constant-mc,complete,0,0.9667562926475203,2,0,0,,,hmm-mixture/4/4/5/0
3.0,4,3125,0,16,400,200,constant-mc,average,0,0.9667693100747545,2,0,0,,,hmm-mixture/4/4/5/0
3.0,4,3125,0,16,400,200,constant-mc,pam,0,0.946010442782621,2,0,0,1,0,hmm-mixture/4/4/5/0
3.0,4,3125,0,16,500,200,constant-mc,single,0,0.5217544388226402,2,0,0,,,hmm-mixture/4/4/5/0
3.0,4,3125,0,16,500,200,constant-mc,complete,0,0.9832601571648596,2,0,0,,,hmm-mixture/4/4/5/0
3.0,4,3125,0,16,500,200,constant-mc,average,0,0.9832699861701132,2,0,0,,,hmm-mixture/4/4/5/0
3.0,4,3125,0,16,500,200,constant-mc,pam,0,0.9667693100747545,2,0,0,1,0,hmm-mixture/4/4/5/0
3.0,4,3125,0,16,600,200,constant-mc,single,0,0.522926609315722,3,0,0,,,hmm-mixture/4/4/5/0
3.0,4,3125,0,16,600,200,constant-mc,complete,0,0.9832699861701132,3,0,0,,,hmm-mixture/4/4/5/0
3.0,4,3125,0,16,600,200,constant-mc,average,0,0.9832699861701132,3,0,0,,,hmm-mixture/4/4/5/0
3.0,4,3125,0,16,600,200,constant-mc,pam,1,1.0,3,0,0,1,0,hmm-mixture/4/4/5/0
3.0,4,3125,0,16,700,200,constant-mc,single,0,0.522926609315722,3,0,0,,,hmm-mixture/4/4/5/0
3.0,4,3125,0,16,700,200,constant-mc,complete,0,0.9832601571648596,3,0,0,,,hmm-mixture/4/4/5/0
3.0,4,3125,0,16,700,200,constant-mc,average,0,0.9832601571648596,3,0,0,,,hmm-mixture/4/4/5/0
3.0,4,3125,0,16,700,200,constant-mc,pam,0,0.9832601571648596,3,0,0,1,0,hmm-mixture/4/4/5/0
3.0,4,3125,0,16,800,200,constant-mc,single,0,0.522926609315722,3,0,0,,,hmm-mixture/4/4/5/0
3.0,4,3125,0,16,800,200,constant-mc,complete,1,1.0,3,0,0,,,hmm-mixture/4/4/5/0
3.0,4,3125,0,16,800,200,constant-mc,average,1,1.0,3,0,0,,,hmm-mixture/4/4/5/0
3.0,4,3125,0,16,800,200,constant-mc,pam,0,0.9832601571648596,3,0,0,1,0,hmm-mixture/4/4/5/0
3.0,4,3125,0,16,900,200,constant-mc,single,1,1.0,3,0,0,,,hmm-mixture/4/4/5/0
3.0,4,3125,0,16,900,200,constant-mc,complete,1,1.0,3,0,0,,,hmm-mixture/4/4/5/0
3.0,4,3125,0,16,900,200,constant-mc,average,1,1.0,3,0,0,,,hmm-mixture/4/4/5/0
3.0,4,3125,0,16,900,200,constant-mc,pam,1,1.0,3,0,0,1,0,hmm-mixture/4/4/5/0
3.0,4,3125,0,16,1000,200,constant-mc,single,1,1.0,3,0,0,,,hmm-mixture/4/4/5/0
3.0,4,3125,0,16,1000,200,constant-mc,complete,1,1.0,3,0,0,,,hmm-mixture/4/4/5/0
3.0,4,3125,0,16,1000,200,constant-mc,average,1,1.0,3,0,0,,,hmm-mixture/4/4/5/0
3.0,4,3125,0,16,1000,200,constant-mc,pam,1,1.0,3,0,0,1,0,hmm-mixture/4/4/5/0
3.0,4,3125,0,17,100,200,constant-mc,single,0,0.0034553879772387225,83,0,0,,,hmm-mixture/4/4/5/0
3.0,4,3125,0,17,100,200,constant-mc,complete,0,0.6269590002109784,83,0,0,,,hmm-mixture/4/4/5/0
3.0,4,3125,0,17,100,200,constant-mc,average,0,0.8412519815986483,83,0,0,,,hmm-mixture/4/4/5/0
3.0,4,3125,0,17,100,200,constant-mc,pam,0,0.44799562360194456,83,0,0,1,0,hmm-mixture/4/4/5/0
3.0,4,3125,0,17,200,200,constant-mc,single,0,0.004656786870837166,2,0,0,,,hmm-mixture/4/4/5/0
3.0,4,3125,0,17,200,200,constant-mc,complete,0,0.8969818878172154,2,0,0,,,hmm-mixture/4/4/5/0
3.0,4,3125,0,17,200,200,constant-mc,average,0,0.9547637918294716,2,0,0,,,hmm-mixture/4/4/5/0
3.0,4,3125,0,17,200,200,constant-mc,pam,0,0.8899755486016631,2,0,0,1,0,hmm-mixture/4/4/5/0
3.0,4,3125,0,17,300,200,constant-mc,single,0,0.40771884420862053,2,0,0,,,hmm-mixture/4/4/5/0
3.0,4,3125,0,17,300,200,constant-mc,complete,1,1.0,2,0,0,,,hmm-mixture/4/4/5/0
3.0,4,3125,0,17,300,200,constant-mc,average,1,1.0,2,0,0,,,hmm-mixture/4/4/5/0
3.0,4,3125,0,17,300,200,constant-mc,pam,0,0.9677820988897776,2,0,0,1,0,hmm-mixture/4/4/5/0
3.0,4,3125,0,17,400,200,constant-mc,single,0,0.6133033947505295,2,0,0,,,hmm-mixture/4/4/5/0
3.0,4,3125,0,17,400,200,constant-mc,complete,1,1.0,2,0,0,,,hmm-mixture/4/4/5/0
3.0,4,3125,0,17,400,200,constant-mc,average,1,1.0,2,0,0,,,hmm-mixture/4/4/5/0
3.0,4,3125,0,17,400,200,constant-mc,pam,0,0.9549136222033419,2,0,0,1,0,hmm-mixture/4/4/5/0
3.0,4,3125,0,17,500,200,constant-mc,single,0,0.40771884420862053,2,0,0,,,hmm-mixture/4/4/5/0
3.0,4,3125,0,17,500,200,constant-mc,complete,1,1.0,2,0,0,,,hmm-mixture/4/4/5/0
3.0,4,3125,0,17,500,200,constant-mc,average,0,0.99132315204161,2,0,0,,,hmm-mixture/4/4/5/0
3.0,4,3125,0,17,500,200,constant-mc,pam,0,0.9846295836165663,2,0,0,1,0,hmm-mixture/4/4/5/0
3.0,4,3125,0,17,600,200,constant-mc,single,1,1.0,2,0,0,,,hmm-mixture/4/4/5/0
3.0,4,3125,0,17,600,200,constant-mc,complete,1,1.0,2,0,0,,,hmm-mixture/4/4/5/0
3.0,4,3125,0,17,600,200,constant-mc,average,1,1.0,2,0,0,,,hmm-mixture/4/4/5/0
3.0,4,3125,0,17,600,200,constant-mc,pam,1,1.0,2,0,0,1,0,hmm-mixture/4/4/5/0
3.0,4,3125,0,17,700,200,constant-mc,single,0,0.6165946123886443,3,0,0,,,hmm-mixture/4/4/5/0
3.0,4,3125,0,17,700,200,constant-mc,complete,1,1.0,3,0,0,,,hmm-mixture/4/4/5/0
3.0,4,3125,0,17,700,200,constant-mc,average,1,1.0,3,0,0,,,hmm-mixture/4/4/5/0
3.0,4,3125,0,17,700,200,constant-mc,pam,0,0.99132315204161,3,0,0,1,0,hmm-mixture/4/4/5/0
3.0,4,3125,0,17,800,200,constant-mc,single,1,1.0,3,0,0,,,hmm-mixture/4/4/5/0
3.0,4,3125,0,17,800,200,constant-mc,complete,1,1.0,3,0,0,,,hmm-mixture/4/4/5/0
3.0,4,3125,0,17,800,200,constant-mc,average,1,1.0,3,0,0,,,hmm-mixture/4/4/5/0
3.0,4,3125,0,17,800,200,constant-mc,pam,1,1.0,3,0,0,1,0,hmm-mixture/4/4/5/0
3.0,4,3125,0,17,900,200,constant-mc,single,1,1.0,3,0,0,,,hmm-mixture/4/4/5/0
3.0,4,3125,0,17,900,200,constant-mc,complete,1,1.0,3,0,0,,,hmm-mixture/4/4/5/0
3.0,4,3125,0,17,900,200,constant-mc,average,1,1.0,3,0,0,,,hmm-mixture/4/4/5/0
3.0,4,3125,0,17,900,200,constant-mc,pam,1,1.0,3,0,0,1,0,hmm-mixture/4/4/5/0
3.0,4,3125,0,17,1000,200,constant-mc,single,1,1.0,3,0,0,,,hmm-mixture/4/4/5/0
3.0,4,3125,0,17,1000,200,constant-mc,complete,1,1.0,3,0,0,,,hmm-mixture/4/4/5/0
3.0,4,3125,0,17,1000,200,constant-mc,average,1,1.0,3,0,0,,,hmm-mixture/4/4/5/0
3.0,4,3125,0,17,1000,200,constant-mc,pam,1,1.0,3,0,0,1,0,hmm-mixture/4/4/5/0
3.0,4,3125,0,18,100,200,constant-mc,single,0,0.006243299588304242,18,0,0,,,hmm-mixture/4/4/5/0
3.0,4,3125,0,18,100,200,constant-mc,complete,0,0.7082455628237326,18,0,0,,,hmm-mixture/4/4/5/0
3.0,4,3125,0,18,100,200,constant-mc,average,0,0.8737025632391493,18,0,0,,,hmm-mixture/4/4/5/0
3.0,4,3125,0,18,100,200,constant-mc,pam,0,0.5697812438704233,18,0,0,1,0,hmm-mixture/4/4/5/0
3.0,4,3125,0,18,200,200,constant-mc,single,0,-0.0012301161657841321,2,0,0,,,hmm-mixture/4/4/5/0
3.0,4,3125,0,18,200,200,constant-mc,complete,0,0.9320332219614348,2,0,0,,,hmm-mixture/4/4/5/0
3.0,4,3125,0,18,200,200,constant-mc,average,0,0.9472361623238474,2,0,0,,,hmm-mixture/4/4/5/0
3.0,4,3125,0,18,200,200,constant-mc,pam,0,0.8395938609710458,2,0,0,1,0,hmm-mixture/4/4/5/0
3.0,4,3125,0,18,300,200,constant-mc,single,0,0.4075236732053618,2,0,0,,,hmm-mixture/4/4/5/0
3.0,4,3125,0,18,300,200,constant-mc,complete,1,1.0,2,0,0,,,hmm-mixture/4/4/5/0
3.0,4,3125,0,18,300,200,constant-mc,average,1,1.0,2,0,0,,,hmm-mixture/4/4/5/0
3.0,4,3125,0,18,300,200,constant-mc,pam,0,0.9095860161210652,2,0,0,1,0,hmm-mixture/4/4/5/0
3.0,4,3125,0,18,400,200,constant-mc,single,0,0.6713276119744058,2,0,0,,,hmm-mixture/4/4/5/0
3.0,4,3125,0,18,400,200,constant-mc,complete,1,1.0,2,0,0,,,hmm-mixture/4/4/5/0
3.0,4,3125,0,18,400,200,constant-mc,average,1,1.0,2,0,0,,,hmm-mixture/4/4/5/0
3.0,4,3125,0,18,400,200,constant-mc,pam,0,0.9381748948289323,2,0,0,1,0,hmm-mixture/4/4/5/0
3.0,4,3125,0,18,500,200,constant-mc,single,0,0.6728800456560382,2,0,0,,,hmm-mixture/4/4/5/0
3.0,4,3125,0,18,500,200,constant-mc,complete,1,1.0,2,0,0,,,hmm-mixture/4/4/5/0
3.0,4,3125,0,18,500,200,constant-mc,average,1,1.0,2,0,0,,,hmm-mixture/4/4/5/0
3.0,4,3125,0,18,500,200,constant-mc,pam,0,0.9858838230227596,2,0,0,1,0,hmm-mixture/4/4/5/0
3.0,4,3125,0,18,600,200,constant-mc,single,0,0.6728800456560382,2,0,0,,,hmm-mixture/4/4/5/0
3.0,4,3125,0,18,600,200,constant-mc,complete,1,1.0,2,0,0,,,hmm-mixture/4/4/5/0
3.0,4,3125,0,18,600,200,constant-mc,average,1,1.0,2,0,0,,,hmm-mixture/4/4/5/0
3.0,4,3125,0,18,600,200,constant-mc,pam,1,1.0,2,0,0,1,0,hmm-mixture/4/4/5/0
3.0,4,3125,0,18,700,200,constant-mc,single,0,0.6728800456560382,2,0,0,,,hmm-mixture/4/4/5/0
3.0,4,3125,0,18,700,200,constant-mc,complete,1,1.0,2,0,0,,,hmm-mixture/4/4/5/0
3.0,4,3125,0,18,700,200,constant-mc,average,1,1.0,2,0,0,,,hmm-mixture/4/4/5/0
3.0,4,3125,0,18,700,200,constant-mc,pam,0,0.985871384714345,2,0,0,1,0,hmm-mixture/4/4/5/0
3.0,4,3125,0,18,800,200,constant-mc,single,0,0.6728800456560382,2,0,0,,,hmm-mixture/4/4/5/0
3.0,4,3125,0,18,800,200,constant-mc,complete,0,0.985871384714345,2,0,0,,,hmm-mixture/4/4/5/0
3.0,4,3125,0,18,800,200,constant-mc,average,0,0.9858838230227596,2,0,0,,,hmm-mixture/4/4/5/0
3.0,4,3125,0,18,800,200,constant-mc,pam,1,1.0,2,0,0,1,0,hmm-mixture/4/4/5/0
3.0,4,3125,0,18,900,200,constant-mc,single,1,1.0,3,0,0,,,hmm-mixture/4/4/5/0
3.0,4,3125,0,18,900,200,constant-mc,complete,1,1.0,3,0,0,,,hmm-mixture/4/4/5/0
3.0,4,3125,0,18,900,200,constant-mc,average,1,1.0,3,0,0,,,hmm-mixture/4/4/5/0
3.0,4,3125,0,18,900,200,constant-mc,pam,1,1.0,3,0,0,1,0,hmm-mixture/4/4/5/0
3.0,4,3125,0,18,1000,200,constant-mc,single,0,0.6713276119744058,3,0,0,,,hmm-mixture/4/4/5/0
3.0,4,3125,0,18,1000,200,constant-mc,complete,1,1.0,3,0,0,,,hmm-mixture/4/4/5/0
3.0,4,3125,0,18,1000,200,constant-mc,average,1,1.0,3,0,0,,,hmm-mixture/4/4/5/0
3.0,4,3125,0,18,1000,200,constant-mc,pam,1,1.0,3,0,0,1,0,hmm-mixture/4/4/5/0
3.0,4,3125,0,19,100,200,constant-mc,single,0,0.005733138307360075,80,0,0,,,hmm-mixture/4/4/5/0
3.0,4,3125,0,19,100,200,constant-mc,complete,0,0.6272689726034721,80,0,0,,,hmm-mixture/4/4/5/0
3.0,4,3125,0,19,100,200,constant-mc,average,0,0.8562008102176667,80,0,0,,,hmm-mixture/4/4/5/0
3.0,4,3125,0,19,100,200,constant-mc,pam,0,0.46031441797461053,80,0,0,1,0,hmm-mixture/4/4/5/0
3.0,4,3125,0,19,200,200,constant-mc,single,0,0.004442906636213977,2,0,0,,,hmm-mixture/4/4/5/0
3.0,4,3125,0,19,200,200,constant-mc,complete,0,0.9909193714054175,2,0,0,,,hmm-mixture/4/4/5/0
3.0,4,3125,0,19,200,200,constant-mc,average,0,0.969529247495526,2,0,0,,,hmm-mixture/4/4/5/0
3.0,4,3125,0,19,200,200,constant-mc,pam,0,0.6784356950808207,2,0,0,1,0,hmm-mixture/4/4/5/0
3.0,4,3125,0,19,300,200,constant-mc,single,0,0.12723076733129354,2,0,0,,,hmm-mixture/4/4/5/0
3.0,4,3125,0,19,300,200,constant-mc,complete,0,0.9846328761683493,2,0,0,,,hmm-mixture/4/4/5/0
3.0,4,3125,0,19,300,200,constant-mc,average,0,0.9846328761683493,2,0,0,,,hmm-mixture/4/4/5/0
3.0,4,3125,0,19,300,200,constant-mc,pam,0,0.8930070153485379,2,0,0,1,0,hmm-mixture/4/4/5/0
3.0,4,3125,0,19,400,200,constant-mc,single,0,0.594569628437295,2,0,0,,,hmm-mixture/4/4/5/0
3.0,4,3125,0,19,400,200,constant-mc,complete,1,1.0,2,0,0,,,hmm-mixture/4/4/5/0
3.0,4,3125,0,19,400,200,constant-mc,average,1,1.0,2,0,0,,,hmm-mixture/4/4/5/0
3.0,4,3125,0,19,400,200,constant-mc,pam,0,0.9113688776218107,2,0,0,1,0,hmm-mixture/4/4/5/0
3.0,4,3125,0,19,500,200,constant-mc,single,1,1.0,2,0,0,,,hmm-mixture/4/4/5/0
3.0,4,3125,0,19,500,200,constant-mc,complete,1,1.0,2,0,0,,,hmm-mixture/4/4/5/0
3.0,4,3125,0,19,500,200,constant-mc,average,1,1.0,2,0,0,,,hmm-mixture/4/4/5/0
3.0,4,3125,0,19,500,200,constant-mc,pam,0,0.9846199390634257,2,0,0,1,0,hmm-mixture/4/4/5/0
3.0,4,3125,0,19,600,200,constant-mc,single,1,1.0,2,0,0,,,hmm-mixture/4/4/5/0
3.0,4,3125,0,19,600,200,constant-mc,complete,1,1.0,2,0,0,,,hmm-mixture/4/4/5/0
3.0,4,3125,0,19,600,200,constant-mc,average,1,1.0,2,0,0,,,hmm-mixture/4/4/5/0
3.0,4,3125,0,19,600,200,constant-mc,pam,0,0.9757133786664696,2,0,0,1,0,hmm-mixture/4/4/5/0
3.0,4,3125,0,19,700,200,constant-mc,single,0,0.5962077309486595,2,0,0,,,hmm-mixture/4/4/5/0
3.0,4,3125,0,19,700,200,constant-mc,complete,1,1.0,2,0,0,,,hmm-mixture/4/4/5/0
3.0,4,3125,0,19,700,200,constant-mc,average,1,1.0,2,0,0,,,hmm-mixture/4/4/5/0
3.0,4,3125,0,19,700,200,constant-mc,pam,1,1.0,2,0,0,1,0,hmm-mixture/4/4/5/0
3.0,4,3125,0,19,800,200,constant-mc,single,1,1.0,2,0,0,,,hmm-mixture/4/4/5/0
3.0,4,3125,0,19,800,200,constant-mc,complete,1,1.0,2,0,0,,,hmm-mixture/4/4/5/0
3.0,4,3125,0,19,800,200,constant-mc,average,1,1.0,2,0,0,,,hmm-mixture/4/4/5/0
3.0,4,3125,0,19,800,200,constant-mc,pam,1,1.0,2,0,0,1,0,hmm-mixture/4/4/5/0
3.0,4,3125,0,19,900,200,constant-mc,single,1,1.0,2,0,0,,,hmm-mixture/4/4/5/0
3.0,4,3125,0,19,900,200,constant-mc,complete,1,1.0,2,0,0,,,hmm-mixture/4/4/5/0
3.0,4,3125,0,19,900,200,constant-mc,average,1,1.0,2,0,0,,,hmm-mixture/4/4/5/0
3.0,4,3125,0,19,900,200,constant-mc,pam,1,1.0,2,0,0,1,0,hmm-mixture/4/4/5/0
3.0,4,3125,0,19,1000,200,constant-mc,single,1,1.0,2,0,0,,,hmm-mixture/4/4/5/0
3.0,4,3125,0,19,1000,200,constant-mc,complete,1,1.0,2,0,0,,,hmm-mixture/4/4/5/0
3.0,4,3125,0,19,1000,200,constant-mc,average,1,1.0,2,0,0,,,hmm-mixture/4/4/5/0
3.0,4,3125,0,19,1000,200,constant-mc,pam,1,1.0,2,0,0,1,0,hmm-mixture/4/4/5/0
3.0,4,3125,1,0,100,200,constant-mc,single,0,0.012564467464447891,28,0,0,,,hmm-mixture/4/4/5/1
3.0,4,3125,1,0,100,200,constant-mc,complete,0,0.5457741953850236,28,0,0,,,hmm-mixture/4/4/5/1
3.0,4,3125,1,0,100,200,constant-mc,average,0,0.7922020243745027,28,0,0,,,hmm-mixture/4/4/5/1
3.0,4,3125,1,0,100,200,constant-mc,pam,0,0.25042889375167904,28,0,0,1,0,hmm-mixture/4/4/5/1
3.0,4,3125,1,0,200,200,constant-mc,single,0,0.011400810653623052,31,0,0,,,hmm-mixture/4/4/5/1
3.0,4,3125,1,0,200,200,constant-mc,complete,0,0.9720969788814962,31,0,0,,,hmm-mixture/4/4/5/1
3.0,4,3125,1,0,200,200,constant-mc,average,0,0.9904971476935832,31,0,0,,,hmm-mixture/4/4/5/1
3.0,4,3125,1,0,200,200,constant-mc,pam,0,0.5069093371321467,31,0,0,1,0,hmm-mixture/4/4/5/1
3.0,4,3125,1,0,300,200,constant-mc,single,0,0.271183250598984,5,0,0,,,hmm-mixture/4/4/5/1
3.0,4,3125,1,0,300,200,constant-mc,complete,0,0.9722833683023928,5,0,0,,,hmm-mixture/4/4/5/1
3.0,4,3125,1,0,300,200,constant-mc,average,1,1.0,5,0,0,,,hmm-mixture/4/4/5/1
3.0,4,3125,1,0,300,200,constant-mc,pam,0,0.9286684630670233,5,0,0,1,0,hmm-mixture/4/4/5/1
3.0,4,3125,1,0,400,200,constant-mc,single,0,0.26555532203218085,4,1,0,,,hmm-mixture/4/4/5/1
3.0,4,3125,1,0,400,200,constant-mc,complete,1,1.0,4,1,1,,,hmm-mixture/4/4/5/1
3.0,4,3125,1,0,400,200,constant-mc,average,1,1.0,4,1,1,,,hmm-mixture/4/4/5/1
3.0,4,3125,1,0,400,200,constant-mc,pam,0,0.9476944195183177,4,1,0,1,0,hmm-mixture/4/4/5/1
3.0,4,3125,1,0,500,200,constant-mc,single,0,0.27898290604023424,4,1,0,,,hmm-mixture/4/4/5/1
3.0,4,3125,1,0,500,200,constant-mc,complete,1,1.0,4,1,1,,,hmm-mixture/4/4/5/1
3.0,4,3125,1,0,500,200,constant-mc,average,1,1.0,4,1,1,,,hmm-mixture/4/4/5/1
3.0,4,3125,1,0,500,200,constant-mc,pam,0,0.9528982634570267,4,1,0,1,0,hmm-mixture/4/4/5/1
3.0,4,3125,1,0,600,200,constant-mc,single,0,0.6818139926029074,4,1,0,,,hmm-mixture/4/4/5/1
3.0,4,3125,1,0,600,200,constant-mc,complete,1,1.0,4,1,1,,,hmm-mixture/4/4/5/1
3.0,4,3125,1,0,600,200,constant-mc,average,1,1.0,4,1,1,,,hmm-mixture/4/4/5/1
3.0,4,3125,1,0,600,200,constant-mc,pam,0,0.9904971476935832,4,1,0,1,0,hmm-mixture/4/4/5/1
3.0,4,3125,1,0,700,200,constant-mc,single,0,0.8245928355926699,4,1,0,,,hmm-mixture/4/4/5/1
3.0,4,3125,1,0,700,200,constant-mc,complete,1,1.0,4,1,1,,,hmm-mixture/4/4/5/1
3.0,4,3125,1,0,700,200,constant-mc,average,1,1.0,4,1,1,,,hmm-mixture/4/4/5/1
3.0,4,3125,1,0,700,200,constant-mc,pam,0,0.9853554726480487,4,1,0,1,0,hmm-mixture/4/4/5/1
3.0,4,3125,1,0,800,200,constant-mc,single,0,0.6818139926029074,4,1,0,,,hmm-mixture/4/4/5/1
3.0,4,3125,1,0,800,200,constant-mc,complete,1,1.0,4,1,1,,,hmm-mixture/4/4/5/1
3.0,4,3125,1,0,800,200,constant-mc,average,1,1.0,4,1,1,,,hmm-mixture/4/4/5/1
3.0,4,3125,1,0,800,200,constant-mc,pam,1,1.0,4,1,1,1,0,hmm-mixture/4/4/5/1
3.0,4,3125,1,0,900,200,constant-mc,single,1,1.0,4,1,1,,,hmm-mixture/4/4/5/1
3.0,4,3125,1,0,900,200,constant-mc,complete,1,1.0,4,1,1,,,hmm-mixture/4/4/5/1
3.0,4,3125,1,0,900,200,constant-mc,average,1,1.0,4,1,1,,,hmm-mixture/4/4/5/1
3.0,4,3125,1,0,900,200,constant-mc,pam,1,1.0,4,1,1,1,0,hmm-mixture/4/4/5/1
3.0,4,3125,1,0,1000,200,constant-mc,single,1,1.0,4,1,1,,,hmm-mixture/4/4/5/1
3.0,4,3125,1,0,1000,200,constant-mc,complete,1,1.0,4,1,1,,,hmm-mixture/4/4/5/1
3.0,4,3125,1,0,1000,200,constant-mc,average,1,1.0,4,1,1,,,hmm-mixture/4/4/5/1
3.0,4,3125,1,0,1000,200,constant-mc,pam,1,1.0,4,1,1,1,0,hmm-mixture/4/4/5/1
3.0,4,3125,1,1,100,200,constant-mc,single,0,0.011083714706078033,85,0,0,,,hmm-mixture/4/4/5/1
3.0,4,3125,1,1,100,200,constant-mc,complete,0,0.5159021061439639,85,0,0,,,hmm-mixture/4/4/5/1
3.0,4,3125,1,1,100,200,constant-mc,average,0,0.9171392771084337,85,0,0,,,hmm-mixture/4/4/5/1
3.0,4,3125,1,1,100,200,constant-mc,pam,0,0.24589854556797147,85,0,0,1,0,hmm-mixture/4/4/5/1
3.0,4,3125,1,1,200,200,constant-mc,single,0,0.009171059538508147,23,0,0,,,hmm-mixture/4/4/5/1
3.0,4,3125,1,1,200,200,constant-mc,complete,0,0.9535002853432432,23,0,0,,,hmm-mixture/4/4/5/1
3.0,4,3125,1,1,200,200,constant-mc,average,0,0.9749436831097068,23,0,0,,,hmm-mixture/4/4/5/1
3.0,4,3125,1,1,200,200,constant-mc,pam,0,0.42460656042661377,23,0,0,1,0,hmm-mixture/4/4/5/1
3.0,4,3125,1,1,300,200,constant-mc,single,0,0.25274743967433655,7,0,0,,,hmm-mixture/4/4/5/1
3.0,4,3125,1,1,300,200,constant-mc,complete,0,0.9843271326224219,7,0,0,,,hmm-mixture/4/4/5/1
3.0,4,3125,1,1,300,200,constant-mc,average,1,1.0,7,0,0,,,hmm-mixture/4/4/5/1
3.0,4,3125,1,1,300,200,constant-mc,pam,0,0.9280006806244431,7,0,0,1,0,hmm-mixture/4/4/5/1
3.0,4,3125,1,1,400,200,constant-mc,single,0,0.2463978091839887,4,1,0,,,hmm-mixture/4/4/5/1
3.0,4,3125,1,1,400,200,constant-mc,complete,1,1.0,4,1,1,,,hmm-mixture/4/4/5/1
3.0,4,3125,1,1,400,200,constant-mc,average,1,1.0,4,1,1,,,hmm-mixture/4/4/5/1
3.0,4,3125,1,1,400,200,constant-mc,pam,0,0.9843271326224219,4,1,0,1,0,hmm-mixture/4/4/5/1
3.0,4,3125,1,1,500,200,constant-mc,single,0,0.8187374773151085,4,1,0,,,hmm-mixture/4/4/5/1
3.0,4,3125,1,1,500,200,constant-mc,complete,1,1.0,4,1,1,,,hmm-mixture/4/4/5/1
3.0,4,3125,1,1,500,200,constant-mc,average,1,1.0,4,1,1,,,hmm-mixture/4/4/5/1
3.0,4,3125,1,1,500,200,constant-mc,pam,0,0.9570999706029949,4,1,0,1,0,hmm-mixture/4/4/5/1
3.0,4,3125,1,1,600,200,constant-mc,single,0,0.25274743967433655,4,1,0,,,hmm-mixture/4/4/5/1
3.0,4,3125,1,1,600,200,constant-mc,complete,1,1.0,4,1,1,,,hmm-mixture/4/4/5/1
3.0,4,3125,1,1,600,200,constant-mc,average,1,1.0,4,1,1,,,hmm-mixture/4/4/5/1
3.0,4,3125,1,1,600,200,constant-mc,pam,0,0.9750590275818442,4,1,0,1,0,hmm-mixture/4/4/5/1
3.0,4,3125,1,1,700,200,constant-mc,single,0,0.8187374773151085,4,1,0,,,hmm-mixture/4/4/5/1
3.0,4,3125,1,1,700,200,constant-mc,complete,1,1.0,4,1,1,,,hmm-mixture/4/4/5/1
3.0,4,3125,1,1,700,200,constant-mc,average,1,1.0,4,1,1,,,hmm-mixture/4/4/5/1
3.0,4,3125,1,1,700,200,constant-mc,pam,1,1.0,4,1,1,1,0,hmm-mixture/4/4/5/1
3.0,4,3125,1,1,800,200,constant-mc,single,1,1.0,4,1,1,,,hmm-mixture/4/4/5/1
3.0,4,3125,1,1,800,200,constant-mc,complete,1,1.0,4,1,1,,,hmm-mixture/4/4/5/1
3.0,4,3125,1,1,800,200,constant-mc,average,1,1.0,4,1,1,,,hmm-mixture/4/4/5/1
3.0,4,3125,1,1,800,200,constant-mc,pam,1,1.0,4,1,1,1,0,hmm-mixture/4/4/5/1
3.0,4,3125,1,1,900,200,constant-mc,single,1,1.0,4,1,1,,,hmm-mixture/4/4/5/1
3.0,4,3125,1,1,900,200,constant-mc,complete,1,1.0,4,1,1,,,hmm-mixture/4/4/5/1
3.0,4,3125,1,1,900,200,constant-mc,average,1,1.0,4,1,1,,,hmm-mixture/4/4/5/1
3.0,4,3125,1,1,900,200,constant-mc,pam,1,1.0,4,1,1,1,0,hmm-mixture/4/4/5/1
3.0,4,3125,1,1,1000,200,constant-mc,single,1,1.0,4,1,1,,,hmm-mixture/4/4/5/1
3.0,4,3125,1,1,1000,200,constant-mc,complete,1,1.0,4,1,1,,,hmm-mixture/4/4/5/1
3.0,4,3125,1,1,1000,200,constant-mc,average,1,1.0,4,1,1,,,hmm-mixture/4/4/5/1
3.0,4,3125,1,1,1000,200,constant-mc,pam,1,1.0,4,1,1,1,0,hmm-mixture/4/4/5/1
3.0,4,3125,1,2,100,200,constant-mc,single,0,0.019103649920631027,29,0,0,,,hmm-mixture/4/4/5/1
3.0,4,3125,1,2,100,200,constant-mc,complete,0,0.6755945100168599,29,0,0,,,hmm-mixture/4/4/5/1
3.0,4,3125,1,2,100,200,constant-mc,average,0,0.9326868424818763,29,0,0,,,hmm-mixture/4/4/5/1
3.0,4,3125,1,2,100,200,constant-mc,pam,0,0.18700043763593838,29,0,0,1,0,hmm-mixture/4/4/5/1
3.0,4,3125,1,2,200,200,constant-mc,single,0,0.02402878546524723,17,0,0,,,hmm-mixture/4/4/5/1
3.0,4,3125,1,2,200,200,constant-mc,complete,0,0.9863865366344401,17,0,0,,,hmm-mixture/4/4/5/1
3.0,4,3125,1,2,200,200,constant-mc,average,0,0.9863865366344401,17,0,0,,,hmm-mixture/4/4/5/1
3.0,4,3125,1,2,200,200,constant-mc,pam,0,0.5463156100180381,17,0,0,1,0,hmm-mixture/4/4/5/1
3.0,4,3125,1,2,300,200,constant-mc,single,0,0.032911338852229716,8,0,0,,,hmm-mixture/4/4/5/1
3.0,4,3125,1,2,300,200,constant-mc,complete,1,1.0,8,0,0,,,hmm-mixture/4/4/5/1
3.0,4,3125,1,2,300,200,constant-mc,average,1,1.0,8,0,0,,,hmm-mixture/4/4/5/1
3.0,4,3125,1,2,300,200,constant-mc,pam,0,0.5483807529693407,8,0,0,1,0,hmm-mixture/4/4/5/1
3.0,4,3125,1,2,400,200,constant-mc,single,0,0.2582300472686614,4,1,0,,,hmm-mixture/4/4/5/1
3.0,4,3125,1,2,400,200,constant-mc,complete,1,1.0,4,1,1,,,hmm-mixture/4/4/5/1
3.0,4,3125,1,2,400,200,constant-mc,average,1,1.0,4,1,1,,,hmm-mixture/4/4/5/1
3.0,4,3125,1,2,400,200,constant-mc,pam,0,0.9709216422511641,4,1,0,1,0,hmm-mixture/4/4/5/1
3.0,4,3125,1,2,500,200,constant-mc,single,0,0.7742783249104445,4,1,0,,,hmm-mixture/4/4/5/1
3.0,4,3125,1,2,500,200,constant-mc,complete,1,1.0,4,1,1,,,hmm-mixture/4/4/5/1
3.0,4,3125,1,2,500,200,constant-mc,average,1,1.0,4,1,1,,,hmm-mixture/4/4/5/1
3.0,4,3125,1,2,500,200,constant-mc,pam,0,0.5426399807833171,4,1,0,1,0,hmm-mixture/4/4/5/1
3.0,4,3125,1,2,600,200,constant-mc,single,0,0.2582300472686614,4,1,0,,,hmm-mixture/4/4/5/1
3.0,4,3125,1,2,600,200,constant-mc,complete,1,1.0,4,1,1,,,hmm-mixture/4/4/5/1
3.0,4,3125,1,2,600,200,constant-mc,average,1,1.0,4,1,1,,,hmm-mixture/4/4/5/1
3.0,4,3125,1,2,600,200,constant-mc,pam,0,0.9920370198819614,4,1,0,1,0,hmm-mixture/4/4/5/1
3.0,4,3125,1,2,700,200,constant-mc,single,0,0.2582300472686614,4,1,0,,,hmm-mixture/4/4/5/1
3.0,4,3125,1,2,700,200,constant-mc,complete,1,1.0,4,1,1,,,hmm-mixture/4/4/5/1
3.0,4,3125,1,2,700,200,constant-mc,average,1,1.0,4,1,1,,,hmm-mixture/4/4/5/1
3.0,4,3125,1,2,700,200,constant-mc,pam,0,0.5391117992443482,4,1,0,1,0,hmm-mixture/4/4/5/1
3.0,4,3125,1,2,800,200,constant-mc,single,0,0.7742783249104445,4,1,0,,,hmm-mixture/4/4/5/1
3.0,4,3125,1,2,800,200,constant-mc,complete,1,1.0,4,1,1,,,hmm-mixture/4/4/5/1
3.0,4,3125,1,2,800,200,constant-mc,average,1,1.0,4,1,1,,,hmm-mixture/4/4/5/1
3.0,4,3125,1,2,800,200,constant-mc,pam,1,1.0,4,1,1,1,0,hmm-mixture/4/4/5/1
3.0,4,3125,1,2,900,200,constant-mc,single,1,1.0,4,1,1,,,hmm-mixture/4/4/5/1
3.0,4,3125,1,2,900,200,constant-mc,complete,1,1.0,4,1,1,,,hmm-mixture/4/4/5/1
3.0,4,3125,1,2,900,200,constant-mc,average,1,1.0,4,1,1,,,hmm-mixture/4/4/5/1
3.0,4,3125,1,2,900,200,constant-mc,pam,1,1.0,4,1,1,1,0,hmm-mixture/4/4/5/1
3.0,4,3125,1,2,1000,200,constant-mc,single,0,0.8823555844646717,4,1,0,,,hmm-mixture/4/4/5/1
3.0,4,3125,1,2,1000,200,constant-mc,complete,1,1.0,4,1,1,,,hmm-mixture/4/4/5/1
3.0,4,3125,1,2,1000,200,constant-mc,average,1,1.0,4,1,1,,,hmm-mixture/4/4/5/1
3.0,4,3125,1,2,1000,200,constant-mc,pam,1,1.0,4,1,1,1,0,hmm-mixture/4/4/5/1
3.0,4,3125,1,3,100,200,constant-mc,single,0,0.010506431270228008,14,0,0,,,hmm-mixture/4/4/5/1
3.0,4,3125,1,3,100,200,constant-mc,complete,0,0.7773522343002262,14,0,0,,,hmm-mixture/4/4/5/1
3.0,4,3125,1,3,100,200,constant-mc,average,0,0.873747470420793,14,0,0,,,hmm-mixture/4/4/5/1
3.0,4,3125,1,3,100,200,constant-mc,pam,0,0.2175583277959425,14,0,0,1,0,hmm-mixture/4/4/5/1
3.0,4,3125,1,3,200,200,constant-mc,single,0,0.010506431270228008,25,0,0,,,hmm-mixture/4/4/5/1
3.0,4,3125,1,3,200,200,constant-mc,complete,0,0.9356672490686169,25,0,0,,,hmm-mixture/4/4/5/1
3.0,4,3125,1,3,200,200,constant-mc,average,0,0.9484437661049466,25,0,0,,,hmm-mixture/4/4/5/1
3.0,4,3125,1,3,200,200,constant-mc,pam,0,0.484766231091318,25,0,0,1,0,hmm-mixture/4/4/5/1
3.0,4,3125,1,3,300,200,constant-mc,single,0,0.01093843020876971,4,1,0,,,hmm-mixture/4/4/5/1
3.0,4,3125,1,3,300,200,constant-mc,complete,0,0.9855487076678586,4,1,0,,,hmm-mixture/4/4/5/1
3.0,4,3125,1,3,300,200,constant-mc,average,0,0.9916944048706583,4,1,0,,,hmm-mixture/4/4/5/1
3.0,4,3125,1,3,300,200,constant-mc,pam,0,0.8755755120286881,4,1,0,1,0,hmm-mixture/4/4/5/1
3.0,4,3125,1,3,400,200,constant-mc,single,0,0.29412439898857706,4,1,0,,,hmm-mixture/4/4/5/1
3.0,4,3125,1,3,400,200,constant-mc,complete,1,1.0,4,1,1,,,hmm-mixture/4/4/5/1
3.0,4,3125,1,3,400,200,constant-mc,average,1,1.0,4,1,1,,,hmm-mixture/4/4/5/1
3.0,4,3125,1,3,400,200,constant-mc,pam,1,1.0,4,1,1,1,0,hmm-mixture/4/4/5/1
3.0,4,3125,1,3,500,200,constant-mc,single,0,0.29412439898857706,4,1,0,,,hmm-mixture/4/4/5/1
3.0,4,3125,1,3,500,200,constant-mc,complete,1,1.0,4,1,1,,,hmm-mixture/4/4/5/1
3.0,4,3125,1,3,500,200,constant-mc,average,1,1.0,4,1,1,,,hmm-mixture/4/4/5/1
3.0,4,3125,1,3,500,200,constant-mc,pam,1,1.0,4,1,1,1,0,hmm-mixture/4/4/5/1
3.0,4,3125,1,3,600,200,constant-mc,single,0,0.6965820863484697,4,1,0,,,hmm-mixture/4/4/5/1
3.0,4,3125,1,3,600,200,constant-mc,complete,1,1.0,4,1,1,,,hmm-mixture/4/4/5/1
3.0,4,3125,1,3,600,200,constant-mc,average,1,1.0,4,1,1,,,hmm-mixture/4/4/5/1
3.0,4,3125,1,3,600,200,constant-mc,pam,1,1.0,4,1,1,1,0,hmm-mixture/4/4/5/1
3.0,4,3125,1,3,700,200,constant-mc,single,0,0.6965820863484697,4,1,0,,,hmm-mixture/4/4/5/1
3.0,4,3125,1,3,700,200,constant-mc,complete,1,1.0,4,1,1,,,hmm-mixture/4/4/5/1
3.0,4,3125,1,3,700,200,constant-mc,average,1,1.0,4,1,1,,,hmm-mixture/4/4/5/1
3.0,4,3125,1,3,700,200,constant-mc,pam,1,1.0,4,1,1,1,0,hmm-mixture/4/4/5/1
3.0,4,3125,1,3,800,200,constant-mc,single,0,0.8239820718786437,4,1,0,,,hmm-mixture/4/4/5/1
3.0,4,3125,1,3,800,200,constant-mc,complete,1,1.0,4,1,1,,,hmm-mixture/4/4/5/1
3.0,4,3125,1,3,800,200,constant-mc,average,1,1.0,4,1,1,,,hmm-mixture/4/4/5/1
3.0,4,3125,1,3,800,200,constant-mc,pam,1,1.0,4,1,1,1,0,hmm-mixture/4/4/5/1
3.0,4,3125,1,3,900,200,constant-mc,single,0,0.6965820863484697,4,1,0,,,hmm-mixture/4/4/5/1
3.0,4,3125,1,3,900,200,constant-mc,complete,1,1.0,4,1,1,,,hmm-mixture/4/4/5/1
3.0,4,3125,1,3,900,200,constant-mc,average,1,1.0,4,1,1,,,hmm-mixture/4/4/5/1
3.0,4,3125,1,3,900,200,constant-mc,pam,1,1.0,4,1,1,1,0,hmm-mixture/4/4/5/1
3.0,4,3125,1,3,1000,200,constant-mc,single,1,1.0,4,1,1,,,hmm-mixture/4/4/5/1
3.0,4,3125,1,3,1000,200,constant-mc,complete,1,1.0,4,1,1,,,hmm-mixture/4/4/5/1
3.0,4,3125,1,3,1000,200,constant-mc,average,1,1.0,4,1,1,,,hmm-mixture/4/4/5/1
3.0,4,3125,1,3,1000,200,constant-mc,pam,1,1.0,4,1,1,1,0,hmm-mixture/4/4/5/1
3.0,4,3125,1,4,100,200,constant-mc,single,0,0.00834161536310931,13,0,0,,,hmm-mixture/4/4/5/1
3.0,4,3125,1,4,100,200,constant-mc,complete,0,0.37955803250686454,13,0,0,,,hmm-mixture/4/4/5/1
3.0,4,3125,1,4,100,200,constant-mc,average,0,0.5560439480648229,13,0,0,,,hmm-mixture/4/4/5/1
3.0,4,3125,1,4,100,200,constant-mc,pam,0,0.36271883216082434,13,0,0,1,0,hmm-mixture/4/4/5/1
3.0,4,3125,1,4,200,200,constant-mc,single,0,0.009757828745306386,8,0,0,,,hmm-mixture/4/4/5/1
3.0,4,3125,1,4,200,200,constant-mc,complete,0,0.9320669200577577,8,0,0,,,hmm-mixture/4/4/5/1
3.0,4,3125,1,4,200,200,constant-mc,average,0,0.9743960796934105,8,0,0,,,hmm-mixture/4/4/5/1
3.0,4,3125,1,4,200,200,constant-mc,pam,0,0.4966421894573946,8,0,0,1,0,hmm-mixture/4/4/5/1
3.0,4,3125,1,4,300,200,constant-mc,single,0,0.007481573484897636,10,0,0,,,hmm-mixture/4/4/5/1
3.0,4,3125,1,4,300,200,constant-mc,complete,0,0.9852166471303253,10,0,0,,,hmm-mixture/4/4/5/1
3.0,4,3125,1,4,300,200,constant-mc,average,0,0.9744239961886426,10,0,0,,,hmm-mixture/4/4/5/1
3.0,4,3125,1,4,300,200,constant-mc,pam,0,0.8770029138791866,10,0,0,1,0,hmm-mixture/4/4/5/1
3.0,4,3125,1,4,400,200,constant-mc,single,0,0.2503884398643821,4,1,0,,,hmm-mixture/4/4/5/1
3.0,4,3125,1,4,400,200,constant-mc,complete,0,0.9890492548284301,4,1,0,,,hmm-mixture/4/4/5/1
3.0,4,3125,1,4,400,200,constant-mc,average,1,1.0,4,1,1,,,hmm-mixture/4/4/5/1
3.0,4,3125,1,4,400,200,constant-mc,pam,0,0.9556007911213349,4,1,0,1,0,hmm-mixture/4/4/5/1
3.0,4,3125,1,4,500,200,constant-mc,single,0,0.2536675292449489,4,1,0,,,hmm-mixture/4/4/5/1
3.0,4,3125,1,4,500,200,constant-mc,complete,1,1.0,4,1,1,,,hmm-mixture/4/4/5/1
3.0,4,3125,1,4,500,200,constant-mc,average,1,1.0,4,1,1,,,hmm-mixture/4/4/5/1
3.0,4,3125,1,4,500,200,constant-mc,pam,0,0.9744239961886426,4,1,0,1,0,hmm-mixture/4/4/5/1
3.0,4,3125,1,4,600,200,constant-mc,single,0,0.2536675292449489,4,1,0,,,hmm-mixture/4/4/5/1
3.0,4,3125,1,4,600,200,constant-mc,complete,1,1.0,4,1,1,,,hmm-mixture/4/4/5/1
3.0,4,3125,1,4,600,200,constant-mc,average,0,0.9890492548284301,4,1,0,,,hmm-mixture/4/4/5/1
3.0,4,3125,1,4,600,200,constant-mc,pam,0,0.9744239961886426,4,1,0,1,0,hmm-mixture/4/4/5/1
3.0,4,3125,1,4,700,200,constant-mc,single,0,0.6633791352027543,4,1,0,,,hmm-mixture/4/4/5/1
3.0,4,3125,1,4,700,200,constant-mc,complete,1,1.0,4,1,1,,,hmm-mixture/4/4/5/1
3.0,4,3125,1,4,700,200,constant-mc,average,1,1.0,4,1,1,,,hmm-mixture/4/4/5/1
3.0,4,3125,1,4,700,200,constant-mc,pam,0,0.9890492548284301,4,1,0,1,0,hmm-mixture/4/4/5/1
3.0,4,3125,1,4,800,200,constant-mc,single,1,1.0,4,1,1,,,hmm-mixture/4/4/5/1
3.0,4,3125,1,4,800,200,constant-mc,complete,1,1.0,4,1,1,,,hmm-mixture/4/4/5/1
3.0,4,3125,1,4,800,200,constant-mc,average,1,1.0,4,1,1,,,hmm-mixture/4/4/5/1
3.0,4,3125,1,4,800,200,constant-mc,pam,0,0.9783615784121817,4,1,0,1,0,hmm-mixture/4/4/5/1
3.0,4,3125,1,4,900,200,constant-mc,single,1,1.0,4,1,1,,,hmm-mixture/4/4/5/1
3.0,4,3125,1,4,900,200,constant-mc,complete,1,1.0,4,1,1,,,hmm-mixture/4/4/5/1
3.0,4,3125,1,4,900,200,constant-mc,average,1,1.0,4,1,1,,,hmm-mixture/4/4/5/1
3.0,4,3125,1,4,900,200,constant-mc,pam,0,0.9890492548284301,4,1,0,1,0,hmm-mixture/4/4/5/1
3.0,4,3125,1,4,1000,200,constant-mc,single,1,1.0,4,1,1,,,hmm-mixture/4/4/5/1
3.0,4,3125,1,4,1000,200,constant-mc,complete,1,1.0,4,1,1,,,hmm-mixture/4/4/5/1
3.0,4,3125,1,4,1000,200,constant-mc,average,1,1.0,4,1,1,,,hmm-mixture/4/4/5/1
3.0,4,3125,1,4,1000,200,constant-mc,pam,0,0.9890492548284301,4,1,0,1,0,hmm-mixture/4/4/5/1
3.0,4,3125,1,5,100,200,constant-mc,single,0,0.009402001951517726,88,0,0,,,hmm-mixture/4/4/5/1
3.0,4,3125,1,5,100,200,constant-mc,complete,0,0.6484409714283088,88,0,0,,,hmm-mixture/4/4/5/1
3.0,4,3125,1,5,100,200,constant-mc,average,0,0.8947440646577489,88,0,0,,,hmm-mixture/4/4/5/1
3.0,4,3125,1,5,100,200,constant-mc,pam,0,0.4141672882201005,88,0,0,1,0,hmm-mixture/4/4/5/1
3.0,4,3125,1,5,200,200,constant-mc,single,0,0.010414661460293101,27,0,0,,,hmm-mixture/4/4/5/1
3.0,4,3125,1,5,200,200,constant-mc,complete,0,0.9193924540890537,27,0,0,,,hmm-mixture/4/4/5/1
3.0,4,3125,1,5,200,200,constant-mc,average,0,0.9464068471035745,27,0,0,,,hmm-mixture/4/4/5/1
3.0,4,3125,1,5,200,200,constant-mc,pam,0,0.4939685681091753,27,0,0,1,0,hmm-mixture/4/4/5/1
3.0,4,3125,1,5,300,200,constant-mc,single,0,0.009402001951517726,4,1,0,,,hmm-mixture/4/4/5/1
3.0,4,3125,1,5,300,200,constant-mc,complete,0,0.9846792678598865,4,1,0,,,hmm-mixture/4/4/5/1
3.0,4,3125,1,5,300,200,constant-mc,average,0,0.9847514525071599,4,1,0,,,hmm-mixture/4/4/5/1
3.0,4,3125,1,5,300,200,constant-mc,pam,0,0.8689530145433327,4,1,0,1,0,hmm-mixture/4/4/5/1
3.0,4,3125,1,5,400,200,constant-mc,single,0,0.282065453623504,4,1,0,,,hmm-mixture/4/4/5/1
3.0,4,3125,1,5,400,200,constant-mc,complete,1,1.0,4,1,1,,,hmm-mixture/4/4/5/1
3.0,4,3125,1,5,400,200,constant-mc,average,1,1.0,4,1,1,,,hmm-mixture/4/4/5/1
3.0,4,3125,1,5,400,200,constant-mc,pam,0,0.9575575915939207,4,1,0,1,0,hmm-mixture/4/4/5/1
3.0,4,3125,1,5,500,200,constant-mc,single,0,0.008678673730963886,4,1,0,,,hmm-mixture/4/4/5/1
3.0,4,3125,1,5,500,200,constant-mc,complete,1,1.0,4,1,1,,,hmm-mixture/4/4/5/1
3.0,4,3125,1,5,500,200,constant-mc,average,1,1.0,4,1,1,,,hmm-mixture/4/4/5/1
3.0,4,3125,1,5,500,200,constant-mc,pam,0,0.9698205796761143,4,1,0,1,0,hmm-mixture/4/4/5/1
3.0,4,3125,1,5,600,200,constant-mc,single,0,0.2805165026319665,4,1,0,,,hmm-mixture/4/4/5/1
3.0,4,3125,1,5,600,200,constant-mc,complete,1,1.0,4,1,1,,,hmm-mixture/4/4/5/1
3.0,4,3125,1,5,600,200,constant-mc,average,1,1.0,4,1,1,,,hmm-mixture/4/4/5/1
3.0,4,3125,1,5,600,200,constant-mc,pam,0,0.9810791175808506,4,1,0,1,0,hmm-mixture/4/4/5/1
3.0,4,3125,1,5,700,200,constant-mc,single,0,0.8197935390919934,4,1,0,,,hmm-mixture/4/4/5/1
3.0,4,3125,1,5,700,200,constant-mc,complete,1,1.0,4,1,1,,,hmm-mixture/4/4/5/1
3.0,4,3125,1,5,700,200,constant-mc,average,1,1.0,4,1,1,,,hmm-mixture/4/4/5/1
3.0,4,3125,1,5,700,200,constant-mc,pam,1,1.0,4,1,1,1,0,hmm-mixture/4/4/5/1
3.0,4,3125,1,5,800,200,constant-mc,single,0,0.8197935390919934,4,1,0,,,hmm-mixture/4/4/5/1
3.0,4,3125,1,5,800,200,constant-mc,complete,1,1.0,4,1,1,,,hmm-mixture/4/4/5/1
3.0,4,3125,1,5,800,200,constant-mc,average,1,1.0,4,1,1,,,hmm-mixture/4/4/5/1
3.0,4,3125,1,5,800,200,constant-mc,pam,0,0.9847514525071599,4,1,0,1,0,hmm-mixture/4/4/5/1
3.0,4,3125,1,5,900,200,constant-mc,single,1,1.0,4,1,1,,,hmm-mixture/4/4/5/1
3.0,4,3125,1,5,900,200,constant-mc,complete,1,1.0,4,1,1,,,hmm-mixture/4/4/5/1
3.0,4,3125,1,5,900,200,constant-mc,average,1,1.0,4,1,1,,,hmm-mixture/4/4/5/1
3.0,4,3125,1,5,900,200,constant-mc,pam,0,0.9904168268840404,4,1,0,1,0,hmm-mixture/4/4/5/1
3.0,4,3125,1,5,1000,200,constant-mc,single,1,1.0,4,1,1,,,hmm-mixture/4/4/5/1
3.0,4,3125,1,5,1000,200,constant-mc,complete,1,1.0,4,1,1,,,hmm-mixture/4/4/5/1
3.0,4,3125,1,5,1000,200,constant-mc,average,1,1.0,4,1,1,,,hmm-mixture/4/4/5/1
3.0,4,3125,1,5,1000,200,constant-mc,pam,1,1.0,4,1,1,1,0,hmm-mixture/4/4/5/1
3.0,4,3125,1,6,100,200,constant-mc,single,0,0.006496714281387083,12,0,0,,,hmm-mixture/4/4/5/1
3.0,4,3125,1,6,100,200,constant-mc,complete,0,0.6555055176532515,12,0,0,,,hmm-mixture/4/4/5/1
3.0,4,3125,1,6,100,200,constant-mc,average,0,0.880326686011528,12,0,0,,,hmm-mixture/4/4/5/1
3.0,4,3125,1,6,100,200,constant-mc,pam,0,0.33714367790683963,12,0,0,1,0,hmm-mixture/4/4/5/1
3.0,4,3125,1,6,200,200,constant-mc,single,0,0.006496714281387083,31,0,0,,,hmm-mixture/4/4/5/1
3.0,4,3125,1,6,200,200,constant-mc,complete,0,0.8421250584574972,31,0,0,,,hmm-mixture/4/4/5/1
3.0,4,3125,1,6,200,200,constant-mc,average,0,0.9687430958693574,31,0,0,,,hmm-mixture/4/4/5/1
3.0,4,3125,1,6,200,200,constant-mc,pam,0,0.7542419739863362,31,0,0,1,0,hmm-mixture/4/4/5/1
3.0,4,3125,1,6,300,200,constant-mc,single,0,0.0028418030074310956,6,0,0,,,hmm-mixture/4/4/5/1
3.0,4,3125,1,6,300,200,constant-mc,complete,1,1.0,6,0,0,,,hmm-mixture/4/4/5/1
3.0,4,3125,1,6,300,200,constant-mc,average,1,1.0,6,0,0,,,hmm-mixture/4/4/5/1
3.0,4,3125,1,6,300,200,constant-mc,pam,0,0.9427654959347552,6,0,0,1,0,hmm-mixture/4/4/5/1
3.0,4,3125,1,6,400,200,constant-mc,single,0,0.0028418030074310956,4,1,0,,,hmm-mixture/4/4/5/1
3.0,4,3125,1,6,400,200,constant-mc,complete,1,1.0,4,1,1,,,hmm-mixture/4/4/5/1
3.0,4,3125,1,6,400,200,constant-mc,average,1,1.0,4,1,1,,,hmm-mixture/4/4/5/1
3.0,4,3125,1,6,400,200,constant-mc,pam,0,0.9140019375553223,4,1,0,1,0,hmm-mixture/4/4/5/1
3.0,4,3125,1,6,500,200,constant-mc,single,0,0.26664825404731723,4,1,0,,,hmm-mixture/4/4/5/1
3.0,4,3125,1,6,500,200,constant-mc,complete,1,1.0,4,1,1,,,hmm-mixture/4/4/5/1
3.0,4,3125,1,6,500,200,constant-mc,average,1,1.0,4,1,1,,,hmm-mixture/4/4/5/1
3.0,4,3125,1,6,500,200,constant-mc,pam,0,0.9472897700448726,4,1,0,1,0,hmm-mixture/4/4/5/1
3.0,4,3125,1,6,600,200,constant-mc,single,0,0.6116068417192373,4,1,0,,,hmm-mixture/4/4/5/1
3.0,4,3125,1,6,600,200,constant-mc,complete,1,1.0,4,1,1,,,hmm-mixture/4/4/5/1
3.0,4,3125,1,6,600,200,constant-mc,average,1,1.0,4,1,1,,,hmm-mixture/4/4/5/1
3.0,4,3125,1,6,600,200,constant-mc,pam,0,0.9842700725278678,4,1,0,1,0,hmm-mixture/4/4/5/1
3.0,4,3125,1,6,700,200,constant-mc,single,0,0.7744700372394637,4,1,0,,,hmm-mixture/4/4/5/1
3.0,4,3125,1,6,700,200,constant-mc,complete,1,1.0,4,1,1,,,hmm-mixture/4/4/5/1
3.0,4,3125,1,6,700,200,constant-mc,average,1,1.0,4,1,1,,,hmm-mixture/4/4/5/1
3.0,4,3125,1,6,700,200,constant-mc,pam,0,0.9888134698088313,4,1,0,1,0,hmm-mixture/4/4/5/1
3.0,4,3125,1,6,800,200,constant-mc,single,1,1.0,4,1,1,,,hmm-mixture/4/4/5/1
3.0,4,3125,1,6,800,200,constant-mc,complete,1,1.0,4,1,1,,,hmm-mixture/4/4/5/1
3.0,4,3125,1,6,800,200,constant-mc,average,1,1.0,4,1,1,,,hmm-mixture/4/4/5/1
3.0,4,3125,1,6,800,200,constant-mc,pam,1,1.0,4,1,1,1,0,hmm-mixture/4/4/5/1
3.0,4,3125,1,6,900,200,constant-mc,single,1,1.0,4,1,1,,,hmm-mixture/4/4/5/1
3.0,4,3125,1,6,900,200,constant-mc,complete,1,1.0,4,1,1,,,hmm-mixture/4/4/5/1
3.0,4,3125,1,6,900,200,constant-mc,average,1,1.0,4,1,1,,,hmm-mixture/4/4/5/1
3.0,4,3125,1,6,900,200,constant-mc,pam,0,0.9888134698088313,4,1,0,1,0,hmm-mixture/4/4/5/1
3.0,4,3125,1,6,1000,200,constant-mc,single,1,1.0,4,1,1,,,hmm-mixture/4/4/5/1
3.0,4,3125,1,6,1000,200,constant-mc,complete,1,1.0,4,1,1,,,hmm-mixture/4/4/5/1
3.0,4,3125,1,6,1000,200,constant-mc,average,1,1.0,4,1,1,,,hmm-mixture/4/4/5/1
3.0,4,3125,1,6,1000,200,constant-mc,pam,1,1.0,4,1,1,1,0,hmm-mixture/4/4/5/1
3.0,4,3125,1,7,100,200,constant-mc,single,0,0.004514940882474115,16,0,0,,,hmm-mixture/4/4/5/1
3.0,4,3125,1,7,100,200,constant-mc,complete,0,0.531167708207986,16,0,0,,,hmm-mixture/4/4/5/1
3.0,4,3125,1,7,100,200,constant-mc,average,0,0.8040563623458249,16,0,0,,,hmm-mixture/4/4/5/1
3.0,4,3125,1,7,100,200,constant-mc,pam,0,0.5368983134859519,16,0,0,1,0,hmm-mixture/4/4/5/1
3.0,4,3125,1,7,200,200,constant-mc,single,0,0.004376400062890575,14,0,0,,,hmm-mixture/4/4/5/1
3.0,4,3125,1,7,200,200,constant-mc,complete,0,0.9739373794857552,14,0,0,,,hmm-mixture/4/4/5/1
3.0,4,3125,1,7,200,200,constant-mc,average,0,0.9739373794857552,14,0,0,,,hmm-mixture/4/4/5/1
3.0,4,3125,1,7,200,200,constant-mc,pam,0,0.7374709217713874,14,0,0,1,0,hmm-mixture/4/4/5/1
3.0,4,3125,1,7,300,200,constant-mc,single,0,0.006182701152103727,5,0,0,,,hmm-mixture/4/4/5/1
3.0,4,3125,1,7,300,200,constant-mc,complete,1,1.0,5,0,0,,,hmm-mixture/4/4/5/1
3.0,4,3125,1,7,300,200,constant-mc,average,1,1.0,5,0,0,,,hmm-mixture/4/4/5/1
3.0,4,3125,1,7,300,200,constant-mc,pam,0,0.8842023009908891,5,0,0,1,0,hmm-mixture/4/4/5/1
3.0,4,3125,1,7,400,200,constant-mc,single,0,0.2895785224664746,4,1,0,,,hmm-mixture/4/4/5/1
3.0,4,3125,1,7,400,200,constant-mc,complete,0,0.9853591911073954,4,1,0,,,hmm-mixture/4/4/5/1
3.0,4,3125,1,7,400,200,constant-mc,average,1,1.0,4,1,1,,,hmm-mixture/4/4/5/1
3.0,4,3125,1,7,400,200,constant-mc,pam,0,0.9635351162916318,4,1,0,1,0,hmm-mixture/4/4/5/1
3.0,4,3125,1,7,500,200,constant-mc,single,0,0.2895785224664746,4,1,0,,,hmm-mixture/4/4/5/1
3.0,4,3125,1,7,500,200,constant-mc,complete,0,0.9853591911073954,4,1,0,,,hmm-mixture/4/4/5/1
3.0,4,3125,1,7,500,200,constant-mc,average,1,1.0,4,1,1,,,hmm-mixture/4/4/5/1
3.0,4,3125,1,7,500,200,constant-mc,pam,0,0.9739536544940227,4,1,0,1,0,hmm-mixture/4/4/5/1
3.0,4,3125,1,7,600,200,constant-mc,single,1,1.0,4,1,1,,,hmm-mixture/4/4/5/1
3.0,4,3125,1,7,600,200,constant-mc,complete,1,1.0,4,1,1,,,hmm-mixture/4/4/5/1
3.0,4,3125,1,7,600,200,constant-mc,average,1,1.0,4,1,1,,,hmm-mixture/4/4/5/1
3.0,4,3125,1,7,600,200,constant-mc,pam,0,0.9854085794803016,4,1,0,1,0,hmm-mixture/4/4/5/1
3.0,4,3125,1,7,700,200,constant-mc,single,1,1.0,4,1,1,,,hmm-mixture/4/4/5/1
3.0,4,3125,1,7,700,200,constant-mc,complete,1,1.0,4,1,1,,,hmm-mixture/4/4/5/1
3.0,4,3125,1,7,700,200,constant-mc,average,1,1.0,4,1,1,,,hmm-mixture/4/4/5/1
3.0,4,3125,1,7,700,200,constant-mc,pam,0,0.977047683895439,4,1,0,1,0,hmm-mixture/4/4/5/1
3.0,4,3125,1,7,800,200,constant-mc,single,1,1.0,4,1,1,,,hmm-mixture/4/4/5/1
3.0,4,3125,1,7,800,200,constant-mc,complete,1,1.0,4,1,1,,,hmm-mixture/4/4/5/1
3.0,4,3125,1,7,800,200,constant-mc,average,1,1.0,4,1,1,,,hmm-mixture/4/4/5/1
3.0,4,3125,1,7,800,200,constant-mc,pam,1,1.0,4,1,1,1,0,hmm-mixture/4/4/5/1
3.0,4,3125,1,7,900,200,constant-mc,single,0,0.6705664443163094,4,1,0,,,hmm-mixture/4/4/5/1
3.0,4,3125,1,7,900,200,constant-mc,complete,1,1.0,4,1,1,,,hmm-mixture/4/4/5/1
3.0,4,3125,1,7,900,200,constant-mc,average,1,1.0,4,1,1,,,hmm-mixture/4/4/5/1
3.0,4,3125,1,7,900,200,constant-mc,pam,0,0.9883883483871546,4,1,0,1,0,hmm-mixture/4/4/5/1
3.0,4,3125,1,7,1000,200,constant-mc,single,1,1.0,4,1,1,,,hmm-mixture/4/4/5/1
3.0,4,3125,1,7,1000,200,constant-mc,complete,1,1.0,4,1,1,,,hmm-mixture/4/4/5/1
3.0,4,3125,1,7,1000,200,constant-mc,average,1,1.0,4,1,1,,,hmm-mixture/4/4/5/1
3.0,4,3125,1,7,1000,200,constant-mc,pam,0,0.9883883483871546,4,1,0,1,0,hmm-mixture/4/4/5/1
3.0,4,3125,1,8,100,200,constant-mc,single,0,0.021400491183851282,10,0,0,,,hmm-mixture/4/4/5/1
3.0,4,3125,1,8,100,200,constant-mc,complete,0,0.6242790918487398,10,0,0,,,hmm-mixture/4/4/5/1
3.0,4,3125,1,8,100,200,constant-mc,average,0,0.8306986525586596,10,0,0,,,hmm-mixture/4/4/5/1
3.0,4,3125,1,8,100,200,constant-mc,pam,0,0.36923723521486396,10,0,0,1,0,hmm-mixture/4/4/5/1
3.0,4,3125,1,8,200,200,constant-mc,single,0,0.017953890816612784,9,0,0,,,hmm-mixture/4/4/5/1
3.0,4,3125,1,8,200,200,constant-mc,complete,0,0.9409345088185099,9,0,0,,,hmm-mixture/4/4/5/1
3.0,4,3125,1,8,200,200,constant-mc,average,0,0.9341009110123561,9,0,0,,,hmm-mixture/4/4/5/1
3.0,4,3125,1,8,200,200,constant-mc,pam,0,0.43416829370601595,9,0,0,1,0,hmm-mixture/4/4/5/1
3.0,4,3125,1,8,300,200,constant-mc,single,0,0.23488032244140086,8,0,0,,,hmm-mixture/4/4/5/1
3.0,4,3125,1,8,300,200,constant-mc,complete,1,1.0,8,0,0,,,hmm-mixture/4/4/5/1
3.0,4,3125,1,8,300,200,constant-mc,average,1,1.0,8,0,0,,,hmm-mixture/4/4/5/1
3.0,4,3125,1,8,300,200,constant-mc,pam,0,0.4959113105305553,8,0,0,1,0,hmm-mixture/4/4/5/1
3.0,4,3125,1,8,400,200,constant-mc,single,0,0.23488032244140086,6,0,0,,,hmm-mixture/4/4/5/1
3.0,4,3125,1,8,400,200,constant-mc,complete,1,1.0,6,0,0,,,hmm-mixture/4/4/5/1
3.0,4,3125,1,8,400,200,constant-mc,average,1,1.0,6,0,0,,,hmm-mixture/4/4/5/1
3.0,4,3125,1,8,400,200,constant-mc,pam,0,0.9343536873778046,6,0,0,1,0,hmm-mixture/4/4/5/1
3.0,4,3125,1,8,500,200,constant-mc,single,0,0.23488032244140086,4,1,0,,,hmm-mixture/4/4/5/1
3.0,4,3125,1,8,500,200,constant-mc,complete,1,1.0,4,1,1,,,hmm-mixture/4/4/5/1
3.0,4,3125,1,8,500,200,constant-mc,average,0,0.9941405249560747,4,1,0,,,hmm-mixture/4/4/5/1
3.0,4,3125,1,8,500,200,constant-mc,pam,1,1.0,4,1,1,1,0,hmm-mixture/4/4/5/1
3.0,4,3125,1,8,600,200,constant-mc,single,0,0.665358727646477,4,1,0,,,hmm-mixture/4/4/5/1
3.0,4,3125,1,8,600,200,constant-mc,complete,1,1.0,4,1,1,,,hmm-mixture/4/4/5/1
3.0,4,3125,1,8,600,200,constant-mc,average,1,1.0,4,1,1,,,hmm-mixture/4/4/5/1
3.0,4,3125,1,8,600,200,constant-mc,pam,0,0.9769658220672198,4,1,0,1,0,hmm-mixture/4/4/5/1
3.0,4,3125,1,8,700,200,constant-mc,single,0,0.665358727646477,4,1,0,,,hmm-mixture/4/4/5/1
3.0,4,3125,1,8,700,200,constant-mc,complete,1,1.0,4,1,1,,,hmm-mixture/4/4/5/1
3.0,4,3125,1,8,700,200,constant-mc,average,1,1.0,4,1,1,,,hmm-mixture/4/4/5/1
3.0,4,3125,1,8,700,200,constant-mc,pam,0,0.991824559465282,4,1,0,1,0,hmm-mixture/4/4/5/1
3.0,4,3125,1,8,800,200,constant-mc,single,1,1.0,4,1,1,,,hmm-mixture/4/4/5/1
3.0,4,3125,1,8,800,200,constant-mc,complete,1,1.0,4,1,1,,,hmm-mixture/4/4/5/1
3.0,4,3125,1,8,800,200,constant-mc,average,1,1.0,4,1,1,,,hmm-mixture/4/4/5/1
3.0,4,3125,1,8,800,200,constant-mc,pam,0,0.9769658220672198,4,1,0,1,0,hmm-mixture/4/4/5/1
3.0,4,3125,1,8,900,200,constant-mc,single,1,1.0,4,1,1,,,hmm-mixture/4/4/5/1
3.0,4,3125,1,8,900,200,constant-mc,complete,1,1.0,4,1,1,,,hmm-mixture/4/4/5/1
3.0,4,3125,1,8,900,200,constant-mc,average,1,1.0,4,1,1,,,hmm-mixture/4/4/5/1
3.0,4,3125,1,8,900,200,constant-mc,pam,0,0.9769658220672198,4,1,0,1,0,hmm-mixture/4/4/5/1
3.0,4,3125,1,8,1000,200,constant-mc,single,1,1.0,4,1,1,,,hmm-mixture/4/4/5/1
3.0,4,3125,1,8,1000,200,constant-mc,complete,1,1.0,4,1,1,,,hmm-mixture/4/4/5/1
3.0,4,3125,1,8,1000,200,constant-mc,average,1,1.0,4,1,1,,,hmm-mixture/4/4/5/1
3.0,4,3125,1,8,1000,200,constant-mc,pam,1,1.0,4,1,1,1,0,hmm-mixture/4/4/5/1
3.0,4,3125,1,9,100,200,constant-mc,single,0,0.01012374217464,92,0,0,,,hmm-mixture/4/4/5/1
3.0,4,3125,1,9,100,200,constant-mc,complete,0,0.7203034682755881,92,0,0,,,hmm-mixture/4/4/5/1
3.0,4,3125,1,9,100,200,constant-mc,average,0,0.8658343846562071,92,0,0,,,hmm-mixture/4/4/5/1
3.0,4,3125,1,9,100,200,constant-mc,pam,0,0.3848194199484147,92,0,0,1,0,hmm-mixture/4/4/5/1
3.0,4,3125,1,9,200,200,constant-mc,single,0,0.015430805696534234,10,0,0,,,hmm-mixture/4/4/5/1
3.0,4,3125,1,9,200,200,constant-mc,complete,0,0.9052857502953754,10,0,0,,,hmm-mixture/4/4/5/1
3.0,4,3125,1,9,200,200,constant-mc,average,0,0.9002307924896684,10,0,0,,,hmm-mixture/4/4/5/1
3.0,4,3125,1,9,200,200,constant-mc,pam,0,0.5303079204410734,10,0,0,1,0,hmm-mixture/4/4/5/1
3.0,4,3125,1,9,300,200,constant-mc,single,0,0.011274259400065378,3,0,0,,,hmm-mixture/4/4/5/1
3.0,4,3125,1,9,300,200,constant-mc,complete,0,0.9913132164091073,3,0,0,,,hmm-mixture/4/4/5/1
3.0,4,3125,1,9,300,200,constant-mc,average,0,0.9828791039574416,3,0,0,,,hmm-mixture/4/4/5/1
3.0,4,3125,1,9,300,200,constant-mc,pam,0,0.5797056663342203,3,0,0,1,0,hmm-mixture/4/4/5/1
3.0,4,3125,1,9,400,200,constant-mc,single,0,0.011274259400065378,4,1,0,,,hmm-mixture/4/4/5/1
3.0,4,3125,1,9,400,200,constant-mc,complete,0,0.9856420697678858,4,1,0,,,hmm-mixture/4/4/5/1
3.0,4,3125,1,9,400,200,constant-mc,average,1,1.0,4,1,1,,,hmm-mixture/4/4/5/1
3.0,4,3125,1,9,400,200,constant-mc,pam,0,0.5329428105825338,4,1,0,1,0,hmm-mixture/4/4/5/1
3.0,4,3125,1,9,500,200,constant-mc,single,0,0.011274259400065378,4,1,0,,,hmm-mixture/4/4/5/1
3.0,4,3125,1,9,500,200,constant-mc,complete,1,1.0,4,1,1,,,hmm-mixture/4/4/5/1
3.0,4,3125,1,9,500,200,constant-mc,average,1,1.0,4,1,1,,,hmm-mixture/4/4/5/1
3.0,4,3125,1,9,500,200,constant-mc,pam,0,0.9648525827341696,4,1,0,1,0,hmm-mixture/4/4/5/1
3.0,4,3125,1,9,600,200,constant-mc,single,0,0.704313981094599,4,1,0,,,hmm-mixture/4/4/5/1
3.0,4,3125,1,9,600,200,constant-mc,complete,1,1.0,4,1,1,,,hmm-mixture/4/4/5/1
3.0,4,3125,1,9,600,200,constant-mc,average,1,1.0,4,1,1,,,hmm-mixture/4/4/5/1
3.0,4,3125,1,9,600,200,constant-mc,pam,0,0.9734859229732998,4,1,0,1,0,hmm-mixture/4/4/5/1
3.0,4,3125,1,9,700,200,constant-mc,single,0,0.704313981094599,4,1,0,,,hmm-mixture/4/4/5/1
3.0,4,3125,1,9,700,200,constant-mc,complete,1,1.0,4,1,1,,,hmm-mixture/4/4/5/1
3.0,4,3125,1,9,700,200,constant-mc,average,1,1.0,4,1,1,,,hmm-mixture/4/4/5/1
3.0,4,3125,1,9,700,200,constant-mc,pam,1,1.0,4,1,1,1,0,hmm-mixture/4/4/5/1
3.0,4,3125,1,9,800,200,constant-mc,single,1,1.0,4,1,1,,,hmm-mixture/4/4/5/1
3.0,4,3125,1,9,800,200,constant-mc,complete,1,1.0,4,1,1,,,hmm-mixture/4/4/5/1
3.0,4,3125,1,9,800,200,constant-mc,average,1,1.0,4,1,1,,,hmm-mixture/4/4/5/1
3.0,4,3125,1,9,800,200,constant-mc,pam,0,0.9908257189771856,4,1,0,1,0,hmm-mixture/4/4/5/1
3.0,4,3125,1,9,900,200,constant-mc,single,1,1.0,4,1,1,,,hmm-mixture/4/4/5/1
3.0,4,3125,1,9,900,200,constant-mc,complete,1,1.0,4,1,1,,,hmm-mixture/4/4/5/1
3.0,4,3125,1,9,900,200,constant-mc,average,1,1.0,4,1,1,,,hmm-mixture/4/4/5/1
3.0,4,3125,1,9,900,200,constant-mc,pam,1,1.0,4,1,1,1,0,hmm-mixture/4/4/5/1
3.0,4,3125,1,9,1000,200,constant-mc,single,1,1.0,4,1,1,,,hmm-mixture/4/4/5/1
3.0,4,3125,1,9,1000,200,constant-mc,complete,1,1.0,4,1,1,,,hmm-mixture/4/4/5/1
3.0,4,3125,1,9,1000,200,constant-mc,average,1,1.0,4,1,1,,,hmm-mixture/4/4/5/1
3.0,4,3125,1,9,1000,200,constant-mc,pam,0,0.9908257189771856,4,1,0,1,0,hmm-mixture/4/4/5/1
3.0,4,3125,1,10,100,200,constant-mc,single,0,0.012806380491570497,18,0,0,,,hmm-mixture/4/4/5/1
3.0,4,3125,1,10,100,200,constant-mc,complete,0,0.588413496119467,18,0,0,,,hmm-mixture/4/4/5/1
3.0,4,3125,1,10,100,200,constant-mc,average,0,0.7010021513586338,18,0,0,,,hmm-mixture/4/4/5/1
3.0,4,3125,1,10,100,200,constant-mc,pam,0,0.19455433078011147,18,0,0,1,0,hmm-mixture/4/4/5/1
3.0,4,3125,1,10,200,200,constant-mc,single,0,0.010458190807167781,27,0,0,,,hmm-mixture/4/4/5/1
3.0,4,3125,1,10,200,200,constant-mc,complete,0,0.7856135095106743,27,0,0,,,hmm-mixture/4/4/5/1
3.0,4,3125,1,10,200,200,constant-mc,average,0,0.9446416568818349,27,0,0,,,hmm-mixture/4/4/5/1
3.0,4,3125,1,10,200,200,constant-mc,pam,0,0.8801304720140145,27,0,0,1,0,hmm-mixture/4/4/5/1
3.0,4,3125,1,10,300,200,constant-mc,single,0,0.23596936531886445,6,0,0,,,hmm-mixture/4/4/5/1
3.0,4,3125,1,10,300,200,constant-mc,complete,0,0.9902546782590806,6,0,0,,,hmm-mixture/4/4/5/1
3.0,4,3125,1,10,300,200,constant-mc,average,1,1.0,6,0,0,,,hmm-mixture/4/4/5/1
3.0,4,3125,1,10,300,200,constant-mc,pam,0,0.9430946529170923,6,0,0,1,0,hmm-mixture/4/4/5/1
3.0,4,3125,1,10,400,200,constant-mc,single,0,0.24197890718329598,4,1,0,,,hmm-mixture/4/4/5/1
3.0,4,3125,1,10,400,200,constant-mc,complete,1,1.0,4,1,1,,,hmm-mixture/4/4/5/1
3.0,4,3125,1,10,400,200,constant-mc,average,1,1.0,4,1,1,,,hmm-mixture/4/4/5/1
3.0,4,3125,1,10,400,200,constant-mc,pam,0,0.980741649484711,4,1,0,1,0,hmm-mixture/4/4/5/1
3.0,4,3125,1,10,500,200,constant-mc,single,0,0.24197890718329598,4,1,0,,,hmm-mixture/4/4/5/1
3.0,4,3125,1,10,500,200,constant-mc,complete,1,1.0,4,1,1,,,hmm-mixture/4/4/5/1
3.0,4,3125,1,10,500,200,constant-mc,average,1,1.0,4,1,1,,,hmm-mixture/4/4/5/1
3.0,4,3125,1,10,500,200,constant-mc,pam,0,0.9653683294624509,4,1,0,1,0,hmm-mixture/4/4/5/1
3.0,4,3125,1,10,600,200,constant-mc,single,0,0.24197890718329598,4,1,0,,,hmm-mixture/4/4/5/1
3.0,4,3125,1,10,600,200,constant-mc,complete,1,1.0,4,1,1,,,hmm-mixture/4/4/5/1
3.0,4,3125,1,10,600,200,constant-mc,average,1,1.0,4,1,1,,,hmm-mixture/4/4/5/1
3.0,4,3125,1,10,600,200,constant-mc,pam,0,0.980741649484711,4,1,0,1,0,hmm-mixture/4/4/5/1
3.0,4,3125,1,10,700,200,constant-mc,single,0,0.6132361752062124,4,1,0,,,hmm-mixture/4/4/5/1
3.0,4,3125,1,10,700,200,constant-mc,complete,1,1.0,4,1,1,,,hmm-mixture/4/4/5/1
3.0,4,3125,1,10,700,200,constant-mc,average,1,1.0,4,1,1,,,hmm-mixture/4/4/5/1
3.0,4,3125,1,10,700,200,constant-mc,pam,1,1.0,4,1,1,1,0,hmm-mixture/4/4/5/1
3.0,4,3125,1,10,800,200,constant-mc,single,1,1.0,4,1,1,,,hmm-mixture/4/4/5/1
3.0,4,3125,1,10,800,200,constant-mc,complete,1,1.0,4,1,1,,,hmm-mixture/4/4/5/1
3.0,4,3125,1,10,800,200,constant-mc,average,1,1.0,4,1,1,,,hmm-mixture/4/4/5/1
3.0,4,3125,1,10,800,200,constant-mc,pam,1,1.0,4,1,1,1,0,hmm-mixture/4/4/5/1
3.0,4,3125,1,10,900,200,constant-mc,single,1,1.0,4,1,1,,,hmm-mixture/4/4/5/1
3.0,4,3125,1,10,900,200,constant-mc,complete,1,1.0,4,1,1,,,hmm-mixture/4/4/5/1
3.0,4,3125,1,10,900,200,constant-mc,average,1,1.0,4,1,1,,,hmm-mixture/4/4/5/1
3.0,4,3125,1,10,900,200,constant-mc,pam,1,1.0,4,1,1,1,0,hmm-mixture/4/4/5/1
3.0,4,3125,1,10,1000,200,constant-mc,single,1,1.0,4,1,1,,,hmm-mixture/4/4/5/1
3.0,4,3125,1,10,1000,200,constant-mc,complete,1,1.0,4,1,1,,,hmm-mixture/4/4/5/1
3.0,4,3125,1,10,1000,200,constant-mc,average,1,1.0,4,1,1,,,hmm-mixture/4/4/5/1
3.0,4,3125,1,10,1000,200,constant-mc,pam,1,1.0,4,1,1,1,0,hmm-mixture/4/4/5/1
3.0,4,3125,1,11,100,200,constant-mc,single,0,0.009604872942173541,11,0,0,,,hmm-mixture/4/4/5/1
3.0,4,3125,1,11,100,200,constant-mc,complete,0,0.6233382000936947,11,0,0,,,hmm-mixture/4/4/5/1
3.0,4,3125,1,11,100,200,constant-mc,average,0,0.8244147853562608,11,0,0,,,hmm-mixture/4/4/5/1
3.0,4,3125,1,11,100,200,constant-mc,pam,0,0.3188601175719694,11,0,0,1,0,hmm-mixture/4/4/5/1
3.0,4,3125,1,11,200,200,constant-mc,single,0,0.014211707504225101,7,0,0,,,hmm-mixture/4/4/5/1
3.0,4,3125,1,11,200,200,constant-mc,complete,0,0.9622401677366714,7,0,0,,,hmm-mixture/4/4/5/1
3.0,4,3125,1,11,200,200,constant-mc,average,0,0.9536813330494011,7,0,0,,,hmm-mixture/4/4/5/1
3.0,4,3125,1,11,200,200,constant-mc,pam,0,0.5061422805336804,7,0,0,1,0,hmm-mixture/4/4/5/1
3.0,4,3125,1,11,300,200,constant-mc,single,0,0.014211707504225101,5,0,0,,,hmm-mixture/4/4/5/1
3.0,4,3125,1,11,300,200,constant-mc,complete,0,0.985420772050269,5,0,0,,,hmm-mixture/4/4/5/1
3.0,4,3125,1,11,300,200,constant-mc,average,1,1.0,5,0,0,,,hmm-mixture/4/4/5/1
3.0,4,3125,1,11,300,200,constant-mc,pam,0,0.5107514212941282,5,0,0,1,0,hmm-mixture/4/4/5/1
3.0,4,3125,1,11,400,200,constant-mc,single,0,0.26365773838074924,4,1,0,,,hmm-mixture/4/4/5/1
3.0,4,3125,1,11,400,200,constant-mc,complete,1,1.0,4,1,1,,,hmm-mixture/4/4/5/1
3.0,4,3125,1,11,400,200,constant-mc,average,1,1.0,4,1,1,,,hmm-mixture/4/4/5/1
3.0,4,3125,1,11,400,200,constant-mc,pam,0,0.967737582507286,4,1,0,1,0,hmm-mixture/4/4/5/1
3.0,4,3125,1,11,500,200,constant-mc,single,0,0.2555637382374374,4,1,0,,,hmm-mixture/4/4/5/1
3.0,4,3125,1,11,500,200,constant-mc,complete,1,1.0,4,1,1,,,hmm-mixture/4/4/5/1
3.0,4,3125,1,11,500,200,constant-mc,average,1,1.0,4,1,1,,,hmm-mixture/4/4/5/1
3.0,4,3125,1,11,500,200,constant-mc,pam,0,0.9299369727324439,4,1,0,1,0,hmm-mixture/4/4/5/1
3.0,4,3125,1,11,600,200,constant-mc,single,0,0.26083100004206766,4,1,0,,,hmm-mixture/4/4/5/1
3.0,4,3125,1,11,600,200,constant-mc,complete,1,1.0,4,1,1,,,hmm-mixture/4/4/5/1
3.0,4,3125,1,11,600,200,constant-mc,average,1,1.0,4,1,1,,,hmm-mixture/4/4/5/1
3.0,4,3125,1,11,600,200,constant-mc,pam,0,0.9820140061627999,4,1,0,1,0,hmm-mixture/4/4/5/1
3.0,4,3125,1,11,700,200,constant-mc,single,0,0.6884481840091047,4,1,0,,,hmm-mixture/4/4/5/1
3.0,4,3125,1,11,700,200,constant-mc,complete,1,1.0,4,1,1,,,hmm-mixture/4/4/5/1
3.0,4,3125,1,11,700,200,constant-mc,average,1,1.0,4,1,1,,,hmm-mixture/4/4/5/1
3.0,4,3125,1,11,700,200,constant-mc,pam,1,1.0,4,1,1,1,0,hmm-mixture/4/4/5/1
3.0,4,3125,1,11,800,200,constant-mc,single,0,0.8345604271500127,4,1,0,,,hmm-mixture/4/4/5/1
3.0,4,3125,1,11,800,200,constant-mc,complete,1,1.0,4,1,1,,,hmm-mixture/4/4/5/1
3.0,4,3125,1,11,800,200,constant-mc,average,1,1.0,4,1,1,,,hmm-mixture/4/4/5/1
3.0,4,3125,1,11,800,200,constant-mc,pam,1,1.0,4,1,1,1,0,hmm-mixture/4/4/5/1
3.0,4,3125,1,11,900,200,constant-mc,single,1,1.0,4,1,1,,,hmm-mixture/4/4/5/1
3.0,4,3125,1,11,900,200,constant-mc,complete,1,1.0,4,1,1,,,hmm-mixture/4/4/5/1
3.0,4,3125,1,11,900,200,constant-mc,average,1,1.0,4,1,1,,,hmm-mixture/4/4/5/1
3.0,4,3125,1,11,900,200,constant-mc,pam,1,1.0,4,1,1,1,0,hmm-mixture/4/4/5/1
3.0,4,3125,1,11,1000,200,constant-mc,single,1,1.0,4,1,1,,,hmm-mixture/4/4/5/1
3.0,4,3125,1,11,1000,200,constant-mc,complete,1,1.0,4,1,1,,,hmm-mixture/4/4/5/1
3.0,4,3125,1,11,1000,200,constant-mc,average,1,1.0,4,1,1,,,hmm-mixture/4/4/5/1
3.0,4,3125,1,11,1000,200,constant-mc,pam,1,1.0,4,1,1,1,0,hmm-mixture/4/4/5/1
3.0,4,3125,1,12,100,200,constant-mc,single,0,0.010450368357475367,79,0,0,,,hmm-mixture/4/4/5/1
3.0,4,3125,1,12,100,200,constant-mc,complete,0,0.6059197782917668,79,0,0,,,hmm-mixture/4/4/5/1
3.0,4,3125,1,12,100,200,constant-mc,average,0,0.8060755061611838,79,0,0,,,hmm-mixture/4/4/5/1
3.0,4,3125,1,12,100,200,constant-mc,pam,0,0.4117715126135157,79,0,0,1,0,hmm-mixture/4/4/5/1
3.0,4,3125,1,12,200,200,constant-mc,single,0,0.011334355224125429,26,0,0,,,hmm-mixture/4/4/5/1
3.0,4,3125,1,12,200,200,constant-mc,complete,0,0.9510734475346748,26,0,0,,,hmm-mixture/4/4/5/1
3.0,4,3125,1,12,200,200,constant-mc,average,0,0.9605070447206352,26,0,0,,,hmm-mixture/4/4/5/1
3.0,4,3125,1,12,200,200,constant-mc,pam,0,0.759113634193947,26,0,0,1,0,hmm-mixture/4/4/5/1
3.0,4,3125,1,12,300,200,constant-mc,single,0,0.010450368357475367,4,1,0,,,hmm-mixture/4/4/5/1
3.0,4,3125,1,12,300,200,constant-mc,complete,1,1.0,4,1,1,,,hmm-mixture/4/4/5/1
3.0,4,3125,1,12,300,200,constant-mc,average,1,1.0,4,1,1,,,hmm-mixture/4/4/5/1
3.0,4,3125,1,12,300,200,constant-mc,pam,0,0.9030323630528226,4,1,0,1,0,hmm-mixture/4/4/5/1
3.0,4,3125,1,12,400,200,constant-mc,single,0,0.2803182443244691,4,1,0,,,hmm-mixture/4/4/5/1
3.0,4,3125,1,12,400,200,constant-mc,complete,1,1.0,4,1,1,,,hmm-mixture/4/4/5/1
3.0,4,3125,1,12,400,200,constant-mc,average,1,1.0,4,1,1,,,hmm-mixture/4/4/5/1
3.0,4,3125,1,12,400,200,constant-mc,pam,0,0.9442595378409757,4,1,0,1,0,hmm-mixture/4/4/5/1
3.0,4,3125,1,12,500,200,constant-mc,single,0,0.6392474089884111,4,1,0,,,hmm-mixture/4/4/5/1
3.0,4,3125,1,12,500,200,constant-mc,complete,1,1.0,4,1,1,,,hmm-mixture/4/4/5/1
3.0,4,3125,1,12,500,200,constant-mc,average,1,1.0,4,1,1,,,hmm-mixture/4/4/5/1
3.0,4,3125,1,12,500,200,constant-mc,pam,0,0.9822636428386086,4,1,0,1,0,hmm-mixture/4/4/5/1
3.0,4,3125,1,12,600,200,constant-mc,single,0,0.6392474089884111,4,1,0,,,hmm-mixture/4/4/5/1
3.0,4,3125,1,12,600,200,constant-mc,complete,1,1.0,4,1,1,,,hmm-mixture/4/4/5/1
3.0,4,3125,1,12,600,200,constant-mc,average,1,1.0,4,1,1,,,hmm-mixture/4/4/5/1
3.0,4,3125,1,12,600,200,constant-mc,pam,1,1.0,4,1,1,1,0,hmm-mixture/4/4/5/1
3.0,4,3125,1,12,700,200,constant-mc,single,0,0.6392474089884111,4,1,0,,,hmm-mixture/4/4/5/1
3.0,4,3125,1,12,700,200,constant-mc,complete,1,1.0,4,1,1,,,hmm-mixture/4/4/5/1
3.0,4,3125,1,12,700,200,constant-mc,average,1,1.0,4,1,1,,,hmm-mixture/4/4/5/1
3.0,4,3125,1,12,700,200,constant-mc,pam,1,1.0,4,1,1,1,0,hmm-mixture/4/4/5/1
3.0,4,3125,1,12,800,200,constant-mc,single,1,1.0,4,1,1,,,hmm-mixture/4/4/5/1
3.0,4,3125,1,12,800,200,constant-mc,complete,1,1.0,4,1,1,,,hmm-mixture/4/4/5/1
3.0,4,3125,1,12,800,200,constant-mc,average,1,1.0,4,1,1,,,hmm-mixture/4/4/5/1
3.0,4,3125,1,12,800,200,constant-mc,pam,1,1.0,4,1,1,1,0,hmm-mixture/4/4/5/1
3.0,4,3125,1,12,900,200,constant-mc,single,1,1.0,4,1,1,,,hmm-mixture/4/4/5/1
3.0,4,3125,1,12,900,200,constant-mc,complete,1,1.0,4,1,1,,,hmm-mixture/4/4/5/1
3.0,4,3125,1,12,900,200,constant-mc,average,1,1.0,4,1,1,,,hmm-mixture/4/4/5/1
3.0,4,3125,1,12,900,200,constant-mc,pam,1,1.0,4,1,1,1,0,hmm-mixture/4/4/5/1
3.0,4,3125,1,12,1000,200,constant-mc,single,1,1.0,4,1,1,,,hmm-mixture/4/4/5/1
3.0,4,3125,1,12,1000,200,constant-mc,complete,1,1.0,4,1,1,,,hmm-mixture/4/4/5/1
3.0,4,3125,1,12,1000,200,constant-mc,average,1,1.0,4,1,1,,,hmm-mixture/4/4/5/1
3.0,4,3125,1,12,1000,200,constant-mc,pam,0,0.9846650214117676,4,1,0,1,0,hmm-mixture/4/4/5/1
3.0,4,3125,1,13,100,200,constant-mc,single,0,0.015342402036061633,97,0,0,,,hmm-mixture/4/4/5/1
3.0,4,3125,1,13,100,200,constant-mc,complete,0,0.7309426528184609,97,0,0,,,hmm-mixture/4/4/5/1
3.0,4,3125,1,13,100,200,constant-mc,average,0,0.8442959301537808,97,0,0,,,hmm-mixture/4/4/5/1
3.0,4,3125,1,13,100,200,constant-mc,pam,0,0.3190677889620401,97,0,0,1,0,hmm-mixture/4/4/5/1
3.0,4,3125,1,13,200,200,constant-mc,single,0,0.01245012234856978,25,0,0,,,hmm-mixture/4/4/5/1
3.0,4,3125,1,13,200,200,constant-mc,complete,0,0.8426577051723753,25,0,0,,,hmm-mixture/4/4/5/1
3.0,4,3125,1,13,200,200,constant-mc,average,0,0.9496180975844283,25,0,0,,,hmm-mixture/4/4/5/1
3.0,4,3125,1,13,200,200,constant-mc,pam,0,0.4594378565850823,25,0,0,1,0,hmm-mixture/4/4/5/1
3.0,4,3125,1,13,300,200,constant-mc,single,0,0.010263180861189334,5,0,0,,,hmm-mixture/4/4/5/1
3.0,4,3125,1,13,300,200,constant-mc,complete,1,1.0,5,0,0,,,hmm-mixture/4/4/5/1
3.0,4,3125,1,13,300,200,constant-mc,average,1,1.0,5,0,0,,,hmm-mixture/4/4/5/1
3.0,4,3125,1,13,300,200,constant-mc,pam,0,0.4609964188492724,5,0,0,1,0,hmm-mixture/4/4/5/1
3.0,4,3125,1,13,400,200,constant-mc,single,0,0.2372962819019316,4,1,0,,,hmm-mixture/4/4/5/1
3.0,4,3125,1,13,400,200,constant-mc,complete,1,1.0,4,1,1,,,hmm-mixture/4/4/5/1
3.0,4,3125,1,13,400,200,constant-mc,average,0,0.98456061350015,4,1,0,,,hmm-mixture/4/4/5/1
3.0,4,3125,1,13,400,200,constant-mc,pam,0,0.940827245231178,4,1,0,1,0,hmm-mixture/4/4/5/1
3.0,4,3125,1,13,500,200,constant-mc,single,0,0.6266169625446141,4,1,0,,,hmm-mixture/4/4/5/1
3.0,4,3125,1,13,500,200,constant-mc,complete,1,1.0,4,1,1,,,hmm-mixture/4/4/5/1
3.0,4,3125,1,13,500,200,constant-mc,average,1,1.0,4,1,1,,,hmm-mixture/4/4/5/1
3.0,4,3125,1,13,500,200,constant-mc,pam,0,0.9520866740990107,4,1,0,1,0,hmm-mixture/4/4/5/1
3.0,4,3125,1,13,600,200,constant-mc,single,0,0.2372962819019316,4,1,0,,,hmm-mixture/4/4/5/1
3.0,4,3125,1,13,600,200,constant-mc,complete,1,1.0,4,1,1,,,hmm-mixture/4/4/5/1
3.0,4,3125,1,13,600,200,constant-mc,average,1,1.0,4,1,1,,,hmm-mixture/4/4/5/1
3.0,4,3125,1,13,600,200,constant-mc,pam,0,0.9694327892353016,4,1,0,1,0,hmm-mixture/4/4/5/1
3.0,4,3125,1,13,700,200,constant-mc,single,0,0.2372962819019316,4,1,0,,,hmm-mixture/4/4/5/1
3.0,4,3125,1,13,700,200,constant-mc,complete,1,1.0,4,1,1,,,hmm-mixture/4/4/5/1
3.0,4,3125,1,13,700,200,constant-mc,average,1,1.0,4,1,1,,,hmm-mixture/4/4/5/1
3.0,4,3125,1,13,700,200,constant-mc,pam,1,1.0,4,1,1,1,0,hmm-mixture/4/4/5/1
3.0,4,3125,1,13,800,200,constant-mc,single,0,0.8002170479530617,4,1,0,,,hmm-mixture/4/4/5/1
3.0,4,3125,1,13,800,200,constant-mc,complete,1,1.0,4,1,1,,,hmm-mixture/4/4/5/1
3.0,4,3125,1,13,800,200,constant-mc,average,1,1.0,4,1,1,,,hmm-mixture/4/4/5/1
3.0,4,3125,1,13,800,200,constant-mc,pam,0,0.98456061350015,4,1,0,1,0,hmm-mixture/4/4/5/1
3.0,4,3125,1,13,900,200,constant-mc,single,0,0.6266169625446141,4,1,0,,,hmm-mixture/4/4/5/1
3.0,4,3125,1,13,900,200,constant-mc,complete,1,1.0,4,1,1,,,hmm-mixture/4/4/5/1
3.0,4,3125,1,13,900,200,constant-mc,average,1,1.0,4,1,1,,,hmm-mixture/4/4/5/1
3.0,4,3125,1,13,900,200,constant-mc,pam,1,1.0,4,1,1,1,0,hmm-mixture/4/4/5/1
3.0,4,3125,1,13,1000,200,constant-mc,single,1,1.0,4,1,1,,,hmm-mixture/4/4/5/1
3.0,4,3125,1,13,1000,200,constant-mc,complete,1,1.0,4,1,1,,,hmm-mixture/4/4/5/1
3.0,4,3125,1,13,1000,200,constant-mc,average,1,1.0,4,1,1,,,hmm-mixture/4/4/5/1
3.0,4,3125,1,13,1000,200,constant-mc,pam,1,1.0,4,1,1,1,0,hmm-mixture/4/4/5/1
3.0,4,3125,1,14,100,200,constant-mc,single,0,0.015096778600526233,65,0,0,,,hmm-mixture/4/4/5/1
3.0,4,3125,1,14,100,200,constant-mc,complete,0,0.6242096378020746,65,0,0,,,hmm-mixture/4/4/5/1
3.0,4,3125,1,14,100,200,constant-mc,average,0,0.6370391385314461,65,0,0,,,hmm-mixture/4/4/5/1
3.0,4,3125,1,14,100,200,constant-mc,pam,0,0.3759806280871034,65,0,0,1,0,hmm-mixture/4/4/5/1
3.0,4,3125,1,14,200,200,constant-mc,single,0,0.014050678524690361,6,0,0,,,hmm-mixture/4/4/5/1
3.0,4,3125,1,14,200,200,constant-mc,complete,0,0.9911711266934796,6,0,0,,,hmm-mixture/4/4/5/1
3.0,4,3125,1,14,200,200,constant-mc,average,0,0.9597446485848842,6,0,0,,,hmm-mixture/4/4/5/1
3.0,4,3125,1,14,200,200,constant-mc,pam,0,0.44973145193249686,6,0,0,1,0,hmm-mixture/4/4/5/1
3.0,4,3125,1,14,300,200,constant-mc,single,0,0.2519295365007874,5,0,0,,,hmm-mixture/4/4/5/1
3.0,4,3125,1,14,300,200,constant-mc,complete,1,1.0,5,0,0,,,hmm-mixture/4/4/5/1
3.0,4,3125,1,14,300,200,constant-mc,average,1,1.0,5,0,0,,,hmm-mixture/4/4/5/1
3.0,4,3125,1,14,300,200,constant-mc,pam,0,0.4928251354413777,5,0,0,1,0,hmm-mixture/4/4/5/1
3.0,4,3125,1,14,400,200,constant-mc,single,0,0.25951367719649865,6,0,0,,,hmm-mixture/4/4/5/1
3.0,4,3125,1,14,400,200,constant-mc,complete,1,1.0,6,0,0,,,hmm-mixture/4/4/5/1
3.0,4,3125,1,14,400,200,constant-mc,average,1,1.0,6,0,0,,,hmm-mixture/4/4/5/1
3.0,4,3125,1,14,400,200,constant-mc,pam,0,0.49384874775113113,6,0,0,1,0,hmm-mixture/4/4/5/1
3.0,4,3125,1,14,500,200,constant-mc,single,0,0.2519295365007874,4,1,0,,,hmm-mixture/4/4/5/1
3.0,4,3125,1,14,500,200,constant-mc,complete,1,1.0,4,1,1,,,hmm-mixture/4/4/5/1
3.0,4,3125,1,14,500,200,constant-mc,average,1,1.0,4,1,1,,,hmm-mixture/4/4/5/1
3.0,4,3125,1,14,500,200,constant-mc,pam,0,0.9927974980920492,4,1,0,1,0,hmm-mixture/4/4/5/1
3.0,4,3125,1,14,600,200,constant-mc,single,0,0.8362110056914646,4,1,0,,,hmm-mixture/4/4/5/1
3.0,4,3125,1,14,600,200,constant-mc,complete,1,1.0,4,1,1,,,hmm-mixture/4/4/5/1
3.0,4,3125,1,14,600,200,constant-mc,average,1,1.0,4,1,1,,,hmm-mixture/4/4/5/1
3.0,4,3125,1,14,600,200,constant-mc,pam,1,1.0,4,1,1,1,0,hmm-mixture/4/4/5/1
3.0,4,3125,1,14,700,200,constant-mc,single,1,1.0,4,1,1,,,hmm-mixture/4/4/5/1
3.0,4,3125,1,14,700,200,constant-mc,complete,1,1.0,4,1,1,,,hmm-mixture/4/4/5/1
3.0,4,3125,1,14,700,200,constant-mc,average,1,1.0,4,1,1,,,hmm-mixture/4/4/5/1
3.0,4,3125,1,14,700,200,constant-mc,pam,1,1.0,4,1,1,1,0,hmm-mixture/4/4/5/1
3.0,4,3125,1,14,800,200,constant-mc,single,1,1.0,4,1,1,,,hmm-mixture/4/4/5/1
3.0,4,3125,1,14,800,200,constant-mc,complete,1,1.0,4,1,1,,,hmm-mixture/4/4/5/1
3.0,4,3125,1,14,800,200,constant-mc,average,1,1.0,4,1,1,,,hmm-mixture/4/4/5/1
3.0,4,3125,1,14,800,200,constant-mc,pam,1,1.0,4,1,1,1,0,hmm-mixture/4/4/5/1
3.0,4,3125,1,14,900,200,constant-mc,single,0,0.8397251155004596,4,1,0,,,hmm-mixture/4/4/5/1
3.0,4,3125,1,14,900,200,constant-mc,complete,1,1.0,4,1,1,,,hmm-mixture/4/4/5/1
3.0,4,3125,1,14,900,200,constant-mc,average,1,1.0,4,1,1,,,hmm-mixture/4/4/5/1
3.0,4,3125,1,14,900,200,constant-mc,pam,0,0.9911763923759597,4,1,0,1,0,hmm-mixture/4/4/5/1
3.0,4,3125,1,14,1000,200,constant-mc,single,1,1.0,4,1,1,,,hmm-mixture/4/4/5/1
3.0,4,3125,1,14,1000,200,constant-mc,complete,1,1.0,4,1,1,,,hmm-mixture/4/4/5/1
3.0,4,3125,1,14,1000,200,constant-mc,average,1,1.0,4,1,1,,,hmm-mixture/4/4/5/1
3.0,4,3125,1,14,1000,200,constant-mc,pam,1,1.0,4,1,1,1,0,hmm-mixture/4/4/5/1
3.0,4,3125,1,15,100,200,constant-mc,single,0,0.016037820834179994,21,0,0,,,hmm-mixture/4/4/5/1
3.0,4,3125,1,15,100,200,constant-mc,complete,0,0.3684512818627349,21,0,0,,,hmm-mixture/4/4/5/1
3.0,4,3125,1,15,100,200,constant-mc,average,0,0.7336704918718411,21,0,0,,,hmm-mixture/4/4/5/1
3.0,4,3125,1,15,100,200,constant-mc,pam,0,0.36580653141139924,21,0,0,1,0,hmm-mixture/4/4/5/1
3.0,4,3125,1,15,200,200,constant-mc,single,0,0.012927676632899301,23,0,0,,,hmm-mixture/4/4/5/1
3.0,4,3125,1,15,200,200,constant-mc,complete,0,0.9305011219201954,23,0,0,,,hmm-mixture/4/4/5/1
3.0,4,3125,1,15,200,200,constant-mc,average,0,0.9659466893777737,23,0,0,,,hmm-mixture/4/4/5/1
3.0,4,3125,1,15,200,200,constant-mc,pam,0,0.7574293440888532,23,0,0,1,0,hmm-mixture/4/4/5/1
3.0,4,3125,1,15,300,200,constant-mc,single,0,0.26866798838310263,4,1,0,,,hmm-mixture/4/4/5/1
3.0,4,3125,1,15,300,200,constant-mc,complete,1,1.0,4,1,1,,,hmm-mixture/4/4/5/1
3.0,4,3125,1,15,300,200,constant-mc,average,1,1.0,4,1,1,,,hmm-mixture/4/4/5/1
3.0,4,3125,1,15,300,200,constant-mc,pam,0,0.9361767281732251,4,1,0,1,0,hmm-mixture/4/4/5/1
3.0,4,3125,1,15,400,200,constant-mc,single,0,0.26866798838310263,5,0,0,,,hmm-mixture/4/4/5/1
3.0,4,3125,1,15,400,200,constant-mc,complete,1,1.0,5,0,0,,,hmm-mixture/4/4/5/1
3.0,4,3125,1,15,400,200,constant-mc,average,1,1.0,5,0,0,,,hmm-mixture/4/4/5/1
3.0,4,3125,1,15,400,200,constant-mc,pam,0,0.9144785679087516,5,0,0,1,0,hmm-mixture/4/4/5/1
3.0,4,3125,1,15,500,200,constant-mc,single,0,0.6493430620576884,4,1,0,,,hmm-mixture/4/4/5/1
3.0,4,3125,1,15,500,200,constant-mc,complete,1,1.0,4,1,1,,,hmm-mixture/4/4/5/1
3.0,4,3125,1,15,500,200,constant-mc,average,1,1.0,4,1,1,,,hmm-mixture/4/4/5/1
3.0,4,3125,1,15,500,200,constant-mc,pam,0,0.9718234231545676,4,1,0,1,0,hmm-mixture/4/4/5/1
3.0,4,3125,1,15,600,200,constant-mc,single,0,0.817069997676006,4,1,0,,,hmm-mixture/4/4/5/1
3.0,4,3125,1,15,600,200,constant-mc,complete,1,1.0,4,1,1,,,hmm-mixture/4/4/5/1
3.0,4,3125,1,15,600,200,constant-mc,average,1,1.0,4,1,1,,,hmm-mixture/4/4/5/1
3.0,4,3125,1,15,600,200,constant-mc,pam,0,0.9844185877125897,4,1,0,1,0,hmm-mixture/4/4/5/1
3.0,4,3125,1,15,700,200,constant-mc,single,1,1.0,4,1,1,,,hmm-mixture/4/4/5/1
3.0,4,3125,1,15,700,200,constant-mc,complete,1,1.0,4,1,1,,,hmm-mixture/4/4/5/1
3.0,4,3125,1,15,700,200,constant-mc,average,1,1.0,4,1,1,,,hmm-mixture/4/4/5/1
3.0,4,3125,1,15,700,200,constant-mc,pam,0,0.9903603596675753,4,1,0,1,0,hmm-mixture/4/4/5/1
3.0,4,3125,1,15,800,200,constant-mc,single,1,1.0,4,1,1,,,hmm-mixture/4/4/5/1
3.0,4,3125,1,15,800,200,constant-mc,complete,1,1.0,4,1,1,,,hmm-mixture/4/4/5/1
3.0,4,3125,1,15,800,200,constant-mc,average,1,1.0,4,1,1,,,hmm-mixture/4/4/5/1
3.0,4,3125,1,15,800,200,constant-mc,pam,1,1.0,4,1,1,1,0,hmm-mixture/4/4/5/1
3.0,4,3125,1,15,900,200,constant-mc,single,1,1.0,4,1,1,,,hmm-mixture/4/4/5/1
3.0,4,3125,1,15,900,200,constant-mc,complete,1,1.0,4,1,1,,,hmm-mixture/4/4/5/1
3.0,4,3125,1,15,900,200,constant-mc,average,1,1.0,4,1,1,,,hmm-mixture/4/4/5/1
3.0,4,3125,1,15,900,200,constant-mc,pam,1,1.0,4,1,1,1,0,hmm-mixture/4/4/5/1
3.0,4,3125,1,15,1000,200,constant-mc,single,0,0.817069997676006,4,1,0,,,hmm-mixture/4/4/5/1
3.0,4,3125,1,15,1000,200,constant-mc,complete,1,1.0,4,1,1,,,hmm-mixture/4/4/5/1
3.0,4,3125,1,15,1000,200,constant-mc,average,1,1.0,4,1,1,,,hmm-mixture/4/4/5/1
3.0,4,3125,1,15,1000,200,constant-mc,pam,1,1.0,4,1,1,1,0,hmm-mixture/4/4/5/1
3.0,4,3125,1,16,100,200,constant-mc,single,0,0.013650333859193634,14,0,0,,,hmm-mixture/4/4/5/1
3.0,4,3125,1,16,100,200,constant-mc,complete,0,0.6143642789205941,14,0,0,,,hmm-mixture/4/4/5/1
3.0,4,3125,1,16,100,200,constant-mc,average,0,0.8564122578279686,14,0,0,,,hmm-mixture/4/4/5/1
3.0,4,3125,1,16,100,200,constant-mc,pam,0,0.2803131760054799,14,0,0,1,0,hmm-mixture/4/4/5/1
3.0,4,3125,1,16,200,200,constant-mc,single,0,0.010047504243885915,37,0,0,,,hmm-mixture/4/4/5/1
3.0,4,3125,1,16,200,200,constant-mc,complete,0,0.8617756606511549,37,0,0,,,hmm-mixture/4/4/5/1
3.0,4,3125,1,16,200,200,constant-mc,average,0,0.9669323885581579,37,0,0,,,hmm-mixture/4/4/5/1
3.0,4,3125,1,16,200,200,constant-mc,pam,0,0.44827655521000337,37,0,0,1,0,hmm-mixture/4/4/5/1
3.0,4,3125,1,16,300,200,constant-mc,single,0,0.011698801150901952,3,0,0,,,hmm-mixture/4/4/5/1
3.0,4,3125,1,16,300,200,constant-mc,complete,0,0.9454268790190579,3,0,0,,,hmm-mixture/4/4/5/1
3.0,4,3125,1,16,300,200,constant-mc,average,0,0.9683488647728206,3,0,0,,,hmm-mixture/4/4/5/1
3.0,4,3125,1,16,300,200,constant-mc,pam,0,0.8921758290800165,3,0,0,1,0,hmm-mixture/4/4/5/1
3.0,4,3125,1,16,400,200,constant-mc,single,0,0.2859948826914578,4,1,0,,,hmm-mixture/4/4/5/1
3.0,4,3125,1,16,400,200,constant-mc,complete,1,1.0,4,1,1,,,hmm-mixture/4/4/5/1
3.0,4,3125,1,16,400,200,constant-mc,average,1,1.0,4,1,1,,,hmm-mixture/4/4/5/1
3.0,4,3125,1,16,400,200,constant-mc,pam,0,0.8725620846646631,4,1,0,1,0,hmm-mixture/4/4/5/1
3.0,4,3125,1,16,500,200,constant-mc,single,0,0.2899256878925345,4,1,0,,,hmm-mixture/4/4/5/1
3.0,4,3125,1,16,500,200,constant-mc,complete,1,1.0,4,1,1,,,hmm-mixture/4/4/5/1
3.0,4,3125,1,16,500,200,constant-mc,average,1,1.0,4,1,1,,,hmm-mixture/4/4/5/1
3.0,4,3125,1,16,500,200,constant-mc,pam,0,0.9446424108752589,4,1,0,1,0,hmm-mixture/4/4/5/1
3.0,4,3125,1,16,600,200,constant-mc,single,0,0.2859948826914578,4,1,0,,,hmm-mixture/4/4/5/1
3.0,4,3125,1,16,600,200,constant-mc,complete,1,1.0,4,1,1,,,hmm-mixture/4/4/5/1
3.0,4,3125,1,16,600,200,constant-mc,average,0,0.9840946843406451,4,1,0,,,hmm-mixture/4/4/5/1
3.0,4,3125,1,16,600,200,constant-mc,pam,0,0.937330664200483,4,1,0,1,0,hmm-mixture/4/4/5/1
3.0,4,3125,1,16,700,200,constant-mc,single,0,0.2859948826914578,4,1,0,,,hmm-mixture/4/4/5/1
3.0,4,3125,1,16,700,200,constant-mc,complete,1,1.0,4,1,1,,,hmm-mixture/4/4/5/1
3.0,4,3125,1,16,700,200,constant-mc,average,1,1.0,4,1,1,,,hmm-mixture/4/4/5/1
3.0,4,3125,1,16,700,200,constant-mc,pam,0,0.975786197933503,4,1,0,1,0,hmm-mixture/4/4/5/1
3.0,4,3125,1,16,800,200,constant-mc,single,0,0.8524877974653752,4,1,0,,,hmm-mixture/4/4/5/1
3.0,4,3125,1,16,800,200,constant-mc,complete,1,1.0,4,1,1,,,hmm-mixture/4/4/5/1
3.0,4,3125,1,16,800,200,constant-mc,average,1,1.0,4,1,1,,,hmm-mixture/4/4/5/1
3.0,4,3125,1,16,800,200,constant-mc,pam,0,0.9915635337168396,4,1,0,1,0,hmm-mixture/4/4/5/1
3.0,4,3125,1,16,900,200,constant-mc,single,0,0.8524877974653752,4,1,0,,,hmm-mixture/4/4/5/1
3.0,4,3125,1,16,900,200,constant-mc,complete,1,1.0,4,1,1,,,hmm-mixture/4/4/5/1
3.0,4,3125,1,16,900,200,constant-mc,average,1,1.0,4,1,1,,,hmm-mixture/4/4/5/1
3.0,4,3125,1,16,900,200,constant-mc,pam,0,0.9840946843406451,4,1,0,1,0,hmm-mixture/4/4/5/1
3.0,4,3125,1,16,1000,200,constant-mc,single,1,1.0,4,1,1,,,hmm-mixture/4/4/5/1
3.0,4,3125,1,16,1000,200,constant-mc,complete,1,1.0,4,1,1,,,hmm-mixture/4/4/5/1
3.0,4,3125,1,16,1000,200,constant-mc,average,1,1.0,4,1,1,,,hmm-mixture/4/4/5/1
3.0,4,3125,1,16,1000,200,constant-mc,pam,1,1.0,4,1,1,1,0,hmm-mixture/4/4/5/1
3.0,4,3125,1,17,100,200,constant-mc,single,0,0.02015740704080126,82,0,0,,,hmm-mixture/4/4/5/1
3.0,4,3125,1,17,100,200,constant-mc,complete,0,0.7134894014600227,82,0,0,,,hmm-mixture/4/4/5/1
3.0,4,3125,1,17,100,200,constant-mc,average,0,0.8897666471920435,82,0,0,,,hmm-mixture/4/4/5/1
3.0,4,3125,1,17,100,200,constant-mc,pam,0,0.3089794005653735,82,0,0,1,0,hmm-mixture/4/4/5/1
3.0,4,3125,1,17,200,200,constant-mc,single,0,0.02262203233357711,21,0,0,,,hmm-mixture/4/4/5/1
3.0,4,3125,1,17,200,200,constant-mc,complete,0,0.9704250274900669,21,0,0,,,hmm-mixture/4/4/5/1
3.0,4,3125,1,17,200,200,constant-mc,average,0,0.9705811871606501,21,0,0,,,hmm-mixture/4/4/5/1
3.0,4,3125,1,17,200,200,constant-mc,pam,0,0.44728775221142225,21,0,0,1,0,hmm-mixture/4/4/5/1
3.0,4,3125,1,17,300,200,constant-mc,single,0,0.015426804113547424,9,0,0,,,hmm-mixture/4/4/5/1
3.0,4,3125,1,17,300,200,constant-mc,complete,0,0.9632505303725453,9,0,0,,,hmm-mixture/4/4/5/1
3.0,4,3125,1,17,300,200,constant-mc,average,0,0.9922132089291713,9,0,0,,,hmm-mixture/4/4/5/1
3.0,4,3125,1,17,300,200,constant-mc,pam,0,0.48519313906884637,9,0,0,1,0,hmm-mixture/4/4/5/1
3.0,4,3125,1,17,400,200,constant-mc,single,0,0.3792850961105122,4,1,0,,,hmm-mixture/4/4/5/1
3.0,4,3125,1,17,400,200,constant-mc,complete,1,1.0,4,1,1,,,hmm-mixture/4/4/5/1
3.0,4,3125,1,17,400,200,constant-mc,average,1,1.0,4,1,1,,,hmm-mixture/4/4/5/1
3.0,4,3125,1,17,400,200,constant-mc,pam,0,0.9784950872343909,4,1,0,1,0,hmm-mixture/4/4/5/1
3.0,4,3125,1,17,500,200,constant-mc,single,0,0.3792850961105122,4,1,0,,,hmm-mixture/4/4/5/1
3.0,4,3125,1,17,500,200,constant-mc,complete,1,1.0,4,1,1,,,hmm-mixture/4/4/5/1
3.0,4,3125,1,17,500,200,constant-mc,average,1,1.0,4,1,1,,,hmm-mixture/4/4/5/1
3.0,4,3125,1,17,500,200,constant-mc,pam,0,0.9850616598925301,4,1,0,1,0,hmm-mixture/4/4/5/1
3.0,4,3125,1,17,600,200,constant-mc,single,0,0.3792850961105122,4,1,0,,,hmm-mixture/4/4/5/1
3.0,4,3125,1,17,600,200,constant-mc,complete,1,1.0,4,1,1,,,hmm-mixture/4/4/5/1
3.0,4,3125,1,17,600,200,constant-mc,average,1,1.0,4,1,1,,,hmm-mixture/4/4/5/1
3.0,4,3125,1,17,600,200,constant-mc,pam,0,0.9850616598925301,4,1,0,1,0,hmm-mixture/4/4/5/1
3.0,4,3125,1,17,700,200,constant-mc,single,0,0.6801351362685889,4,1,0,,,hmm-mixture/4/4/5/1
3.0,4,3125,1,17,700,200,constant-mc,complete,1,1.0,4,1,1,,,hmm-mixture/4/4/5/1
3.0,4,3125,1,17,700,200,constant-mc,average,1,1.0,4,1,1,,,hmm-mixture/4/4/5/1
3.0,4,3125,1,17,700,200,constant-mc,pam,1,1.0,4,1,1,1,0,hmm-mixture/4/4/5/1
3.0,4,3125,1,17,800,200,constant-mc,single,1,1.0,4,1,1,,,hmm-mixture/4/4/5/1
3.0,4,3125,1,17,800,200,constant-mc,complete,1,1.0,4,1,1,,,hmm-mixture/4/4/5/1
3.0,4,3125,1,17,800,200,constant-mc,average,1,1.0,4,1,1,,,hmm-mixture/4/4/5/1
3.0,4,3125,1,17,800,200,constant-mc,pam,1,1.0,4,1,1,1,0,hmm-mixture/4/4/5/1
3.0,4,3125,1,17,900,200,constant-mc,single,1,1.0,4,1,1,,,hmm-mixture/4/4/5/1
3.0,4,3125,1,17,900,200,constant-mc,complete,1,1.0,4,1,1,,,hmm-mixture/4/4/5/1
3.0,4,3125,1,17,900,200,constant-mc,average,1,1.0,4,1,1,,,hmm-mixture/4/4/5/1
3.0,4,3125,1,17,900,200,constant-mc,pam,1,1.0,4,1,1,1,0,hmm-mixture/4/4/5/1
3.0,4,3125,1,17,1000,200,constant-mc,single,1,1.0,4,1,1,,,hmm-mixture/4/4/5/1
3.0,4,3125,1,17,1000,200,constant-mc,complete,1,1.0,4,1,1,,,hmm-mixture/4/4/5/1
3.0,4,3125,1,17,1000,200,constant-mc,average,1,1.0,4,1,1,,,hmm-mixture/4/4/5/1
3.0,4,3125,1,17,1000,200,constant-mc,pam,1,1.0,4,1,1,1,0,hmm-mixture/4/4/5/1
3.0,4,3125,1,18,100,200,constant-mc,single,0,0.013003878016051759,10,0,0,,,hmm-mixture/4/4/5/1
3.0,4,3125,1,18,100,200,constant-mc,complete,0,0.5710677983063089,10,0,0,,,hmm-mixture/4/4/5/1
3.0,4,3125,1,18,100,200,constant-mc,average,0,0.8640575384150871,10,0,0,,,hmm-mixture/4/4/5/1
3.0,4,3125,1,18,100,200,constant-mc,pam,0,0.3136955136679661,10,0,0,1,0,hmm-mixture/4/4/5/1
3.0,4,3125,1,18,200,200,constant-mc,single,0,0.011102010442377805,30,0,0,,,hmm-mixture/4/4/5/1
3.0,4,3125,1,18,200,200,constant-mc,complete,0,0.9405807274271129,30,0,0,,,hmm-mixture/4/4/5/1
3.0,4,3125,1,18,200,200,constant-mc,average,0,0.9411863645839706,30,0,0,,,hmm-mixture/4/4/5/1
3.0,4,3125,1,18,200,200,constant-mc,pam,0,0.3907447596481355,30,0,0,1,0,hmm-mixture/4/4/5/1
3.0,4,3125,1,18,300,200,constant-mc,single,0,0.006420490261026535,4,1,0,,,hmm-mixture/4/4/5/1
3.0,4,3125,1,18,300,200,constant-mc,complete,0,0.9909345795165589,4,1,0,,,hmm-mixture/4/4/5/1
3.0,4,3125,1,18,300,200,constant-mc,average,0,0.9909199346566702,4,1,0,,,hmm-mixture/4/4/5/1
3.0,4,3125,1,18,300,200,constant-mc,pam,0,0.871464480875237,4,1,0,1,0,hmm-mixture/4/4/5/1
3.0,4,3125,1,18,400,200,constant-mc,single,0,0.26333154946762527,4,1,0,,,hmm-mixture/4/4/5/1
3.0,4,3125,1,18,400,200,constant-mc,complete,1,1.0,4,1,1,,,hmm-mixture/4/4/5/1
3.0,4,3125,1,18,400,200,constant-mc,average,1,1.0,4,1,1,,,hmm-mixture/4/4/5/1
3.0,4,3125,1,18,400,200,constant-mc,pam,0,0.9308997527357691,4,1,0,1,0,hmm-mixture/4/4/5/1
3.0,4,3125,1,18,500,200,constant-mc,single,0,0.26333154946762527,4,1,0,,,hmm-mixture/4/4/5/1
3.0,4,3125,1,18,500,200,constant-mc,complete,1,1.0,4,1,1,,,hmm-mixture/4/4/5/1
3.0,4,3125,1,18,500,200,constant-mc,average,1,1.0,4,1,1,,,hmm-mixture/4/4/5/1
3.0,4,3125,1,18,500,200,constant-mc,pam,0,0.9588456148954894,4,1,0,1,0,hmm-mixture/4/4/5/1
3.0,4,3125,1,18,600,200,constant-mc,single,0,0.5854274607403288,4,1,0,,,hmm-mixture/4/4/5/1
3.0,4,3125,1,18,600,200,constant-mc,complete,1,1.0,4,1,1,,,hmm-mixture/4/4/5/1
3.0,4,3125,1,18,600,200,constant-mc,average,1,1.0,4,1,1,,,hmm-mixture/4/4/5/1
3.0,4,3125,1,18,600,200,constant-mc,pam,0,0.9839160248503014,4,1,0,1,0,hmm-mixture/4/4/5/1
3.0,4,3125,1,18,700,200,constant-mc,single,0,0.5854274607403288,4,1,0,,,hmm-mixture/4/4/5/1
3.0,4,3125,1,18,700,200,constant-mc,complete,1,1.0,4,1,1,,,hmm-mixture/4/4/5/1
3.0,4,3125,1,18,700,200,constant-mc,average,1,1.0,4,1,1,,,hmm-mixture/4/4/5/1
3.0,4,3125,1,18,700,200,constant-mc,pam,1,1.0,4,1,1,1,0,hmm-mixture/4/4/5/1
3.0,4,3125,1,18,800,200,constant-mc,single,0,0.5854274607403288,4,1,0,,,hmm-mixture/4/4/5/1
3.0,4,3125,1,18,800,200,constant-mc,complete,1,1.0,4,1,1,,,hmm-mixture/4/4/5/1
3.0,4,3125,1,18,800,200,constant-mc,average,1,1.0,4,1,1,,,hmm-mixture/4/4/5/1
3.0,4,3125,1,18,800,200,constant-mc,pam,0,0.9681382643995217,4,1,0,1,0,hmm-mixture/4/4/5/1
3.0,4,3125,1,18,900,200,constant-mc,single,1,1.0,4,1,1,,,hmm-mixture/4/4/5/1
3.0,4,3125,1,18,900,200,constant-mc,complete,1,1.0,4,1,1,,,hmm-mixture/4/4/5/1
3.0,4,3125,1,18,900,200,constant-mc,average,1,1.0,4,1,1,,,hmm-mixture/4/4/5/1
3.0,4,3125,1,18,900,200,constant-mc,pam,0,0.9839160248503014,4,1,0,1,0,hmm-mixture/4/4/5/1
3.0,4,3125,1,18,1000,200,constant-mc,single,1,1.0,4,1,1,,,hmm-mixture/4/4/5/1
3.0,4,3125,1,18,1000,200,constant-mc,complete,1,1.0,4,1,1,,,hmm-mixture/4/4/5/1
3.0,4,3125,1,18,1000,200,constant-mc,average,1,1.0,4,1,1,,,hmm-mixture/4/4/5/1
3.0,4,3125,1,18,1000,200,constant-mc,pam,1,1.0,4,1,1,1,0,hmm-mixture/4/4/5/1
3.0,4,3125,1,19,100,200,constant-mc,single,0,0.009031947037477698,15,0,0,,,hmm-mixture/4/4/5/1
3.0,4,3125,1,19,100,200,constant-mc,complete,0,0.8067571898606728,15,0,0,,,hmm-mixture/4/4/5/1
3.0,4,3125,1,19,100,200,constant-mc,average,0,0.8703049189785713,15,0,0,,,hmm-mixture/4/4/5/1
3.0,4,3125,1,19,100,200,constant-mc,pam,0,0.5015282426900771,15,0,0,1,0,hmm-mixture/4/4/5/1
3.0,4,3125,1,19,200,200,constant-mc,single,0,0.008462997387434626,7,0,0,,,hmm-mixture/4/4/5/1
3.0,4,3125,1,19,200,200,constant-mc,complete,0,0.9644838905357487,7,0,0,,,hmm-mixture/4/4/5/1
3.0,4,3125,1,19,200,200,constant-mc,average,0,0.9844014735995301,7,0,0,,,hmm-mixture/4/4/5/1
3.0,4,3125,1,19,200,200,constant-mc,pam,0,0.8177555838340874,7,0,0,1,0,hmm-mixture/4/4/5/1
3.0,4,3125,1,19,300,200,constant-mc,single,0,0.26622519871821115,5,0,0,,,hmm-mixture/4/4/5/1
3.0,4,3125,1,19,300,200,constant-mc,complete,1,1.0,5,0,0,,,hmm-mixture/4/4/5/1
3.0,4,3125,1,19,300,200,constant-mc,average,1,1.0,5,0,0,,,hmm-mixture/4/4/5/1
3.0,4,3125,1,19,300,200,constant-mc,pam,0,0.9595502915556194,5,0,0,1,0,hmm-mixture/4/4/5/1
3.0,4,3125,1,19,400,200,constant-mc,single,0,0.2638053185445244,4,1,0,,,hmm-mixture/4/4/5/1
3.0,4,3125,1,19,400,200,constant-mc,complete,1,1.0,4,1,1,,,hmm-mixture/4/4/5/1
3.0,4,3125,1,19,400,200,constant-mc,average,1,1.0,4,1,1,,,hmm-mixture/4/4/5/1
3.0,4,3125,1,19,400,200,constant-mc,pam,0,0.9736783469803812,4,1,0,1,0,hmm-mixture/4/4/5/1
3.0,4,3125,1,19,500,200,constant-mc,single,0,0.6157454925308946,4,1,0,,,hmm-mixture/4/4/5/1
3.0,4,3125,1,19,500,200,constant-mc,complete,1,1.0,4,1,1,,,hmm-mixture/4/4/5/1
3.0,4,3125,1,19,500,200,constant-mc,average,1,1.0,4,1,1,,,hmm-mixture/4/4/5/1
3.0,4,3125,1,19,500,200,constant-mc,pam,0,0.9442026119804513,4,1,0,1,0,hmm-mixture/4/4/5/1
3.0,4,3125,1,19,600,200,constant-mc,single,0,0.2638053185445244,4,1,0,,,hmm-mixture/4/4/5/1
3.0,4,3125,1,19,600,200,constant-mc,complete,1,1.0,4,1,1,,,hmm-mixture/4/4/5/1
3.0,4,3125,1,19,600,200,constant-mc,average,1,1.0,4,1,1,,,hmm-mixture/4/4/5/1
3.0,4,3125,1,19,600,200,constant-mc,pam,0,0.9689821596244131,4,1,0,1,0,hmm-mixture/4/4/5/1
3.0,4,3125,1,19,700,200,constant-mc,single,1,1.0,4,1,1,,,hmm-mixture/4/4/5/1
3.0,4,3125,1,19,700,200,constant-mc,complete,1,1.0,4,1,1,,,hmm-mixture/4/4/5/1
3.0,4,3125,1,19,700,200,constant-mc,average,1,1.0,4,1,1,,,hmm-mixture/4/4/5/1
3.0,4,3125,1,19,700,200,constant-mc,pam,1,1.0,4,1,1,1,0,hmm-mixture/4/4/5/1
3.0,4,3125,1,19,800,200,constant-mc,single,1,1.0,4,1,1,,,hmm-mixture/4/4/5/1
3.0,4,3125,1,19,800,200,constant-mc,complete,1,1.0,4,1,1,,,hmm-mixture/4/4/5/1
3.0,4,3125,1,19,800,200,constant-mc,average,1,1.0,4,1,1,,,hmm-mixture/4/4/5/1
3.0,4,3125,1,19,800,200,constant-mc,pam,1,1.0,4,1,1,1,0,hmm-mixture/4/4/5/1
3.0,4,3125,1,19,900,200,constant-mc,single,1,1.0,4,1,1,,,hmm-mixture/4/4/5/1
3.0,4,3125,1,19,900,200,constant-mc,complete,1,1.0,4,1,1,,,hmm-mixture/4/4/5/1
3.0,4,3125,1,19,900,200,constant-mc,average,1,1.0,4,1,1,,,hmm-mixture/4/4/5/1
3.0,4,3125,1,19,900,200,constant-mc,pam,0,0.9894115805946792,4,1,0,1,0,hmm-mixture/4/4/5/1
3.0,4,3125,1,19,1000,200,constant-mc,single,1,1.0,4,1,1,,,hmm-mixture/4/4/5/1
3.0,4,3125,1,19,1000,200,constant-mc,complete,1,1.0,4,1,1,,,hmm-mixture/4/4/5/1
3.0,4,3125,1,19,1000,200,constant-mc,average,1,1.0,4,1,1,,,hmm-mixture/4/4/5/1
3.0,4,3125,1,19,1000,200,constant-mc,pam,1,1.0,4,1,1,1,0,hmm-mixture/4/4/5/1
3.0,4,3125,2,0,100,200,constant-mc,single,0,0.005709127048015531,23,0,0,,,hmm-mixture/4/4/5/2
3.0,4,3125,2,0,100,200,constant-mc,complete,0,0.9108909231727019,23,0,0,,,hmm-mixture/4/4/5/2
3.0,4,3125,2,0,100,200,constant-mc,average,0,0.9205921695321008,23,0,0,,,hmm-mixture/4/4/5/2
3.0,4,3125,2,0,100,200,constant-mc,pam,0,0.6921977055441115,23,0,0,1,0,hmm-mixture/4/4/5/2
3.0,4,3125,2,0,200,200,constant-mc,single,0,0.005709127048015531,5,0,0,,,hmm-mixture/4/4/5/2
3.0,4,3125,2,0,200,200,constant-mc,complete,1,1.0,5,0,0,,,hmm-mixture/4/4/5/2
3.0,4,3125,2,0,200,200,constant-mc,average,0,0.9853482688591502,5,0,0,,,hmm-mixture/4/4/5/2
3.0,4,3125,2,0,200,200,constant-mc,pam,0,0.8900229474379493,5,0,0,1,0,hmm-mixture/4/4/5/2
3.0,4,3125,2,0,300,200,constant-mc,single,0,0.4993669323072305,4,1,0,,,hmm-mixture/4/4/5/2
3.0,4,3125,2,0,300,200,constant-mc,complete,1,1.0,4,1,1,,,hmm-mixture/4/4/5/2
3.0,4,3125,2,0,300,200,constant-mc,average,1,1.0,4,1,1,,,hmm-mixture/4/4/5/2
3.0,4,3125,2,0,300,200,constant-mc,pam,0,0.9563534031481636,4,1,0,1,0,hmm-mixture/4/4/5/2
3.0,4,3125,2,0,400,200,constant-mc,single,1,1.0,4,1,1,,,hmm-mixture/4/4/5/2
3.0,4,3125,2,0,400,200,constant-mc,complete,1,1.0,4,1,1,,,hmm-mixture/4/4/5/2
3.0,4,3125,2,0,400,200,constant-mc,average,1,1.0,4,1,1,,,hmm-mixture/4/4/5/2
3.0,4,3125,2,0,400,200,constant-mc,pam,1,1.0,4,1,1,1,0,hmm-mixture/4/4/5/2
3.0,4,3125,2,0,500,200,constant-mc,single,1,1.0,4,1,1,,,hmm-mixture/4/4/5/2
3.0,4,3125,2,0,500,200,constant-mc,complete,1,1.0,4,1,1,,,hmm-mixture/4/4/5/2
3.0,4,3125,2,0,500,200,constant-mc,average,1,1.0,4,1,1,,,hmm-mixture/4/4/5/2
3.0,4,3125,2,0,500,200,constant-mc,pam,0,0.9853482688591502,4,1,0,1,0,hmm-mixture/4/4/5/2
3.0,4,3125,2,0,600,200,constant-mc,single,1,1.0,4,1,1,,,hmm-mixture/4/4/5/2
3.0,4,3125,2,0,600,200,constant-mc,complete,1,1.0,4,1,1,,,hmm-mixture/4/4/5/2
3.0,4,3125,2,0,600,200,constant-mc,average,1,1.0,4,1,1,,,hmm-mixture/4/4/5/2
3.0,4,3125,2,0,600,200,constant-mc,pam,1,1.0,4,1,1,1,0,hmm-mixture/4/4/5/2
3.0,4,3125,2,0,700,200,constant-mc,single,1,1.0,4,1,1,,,hmm-mixture/4/4/5/2
3.0,4,3125,2,0,700,200,constant-mc,complete,1,1.0,4,1,1,,,hmm-mixture/4/4/5/2
3.0,4,3125,2,0,700,200,constant-mc,average,1,1.0,4,1,1,,,hmm-mixture/4/4/5/2
3.0,4,3125,2,0,700,200,constant-mc,pam,1,1.0,4,1,1,1,0,hmm-mixture/4/4/5/2
3.0,4,3125,2,0,800,200,constant-mc,single,1,1.0,4,1,1,,,hmm-mixture/4/4/5/2
3.0,4,3125,2,0,800,200,constant-mc,complete,1,1.0,4,1,1,,,hmm-mixture/4/4/5/2
3.0,4,3125,2,0,800,200,constant-mc,average,1,1.0,4,1,1,,,hmm-mixture/4/4/5/2
3.0,4,3125,2,0,800,200,constant-mc,pam,1,1.0,4,1,1,1,0,hmm-mixture/4/4/5/2
3.0,4,3125,2,0,900,200,constant-mc,single,1,1.0,4,1,1,,,hmm-mixture/4/4/5/2
3.0,4,3125,2,0,900,200,constant-mc,complete,1,1.0,4,1,1,,,hmm-mixture/4/4/5/2
3.0,4,3125,2,0,900,200,constant-mc,average,1,1.0,4,1,1,,,hmm-mixture/4/4/5/2
3.0,4,3125,2,0,900,200,constant-mc,pam,1,1.0,4,1,1,1,0,hmm-mixture/4/4/5/2
3.0,4,3125,2,0,1000,200,constant-mc,single,1,1.0,4,1,1,,,hmm-mixture/4/4/5/2
3.0,4,3125,2,0,1000,200,constant-mc,complete,1,1.0,4,1,1,,,hmm-mixture/4/4/5/2
3.0,4,3125,2,0,1000,200,constant-mc,average,1,1.0,4,1,1,,,hmm-mixture/4/4/5/2
3.0,4,3125,2,0,1000,200,constant-mc,pam,1,1.0,4,1,1,1,0,hmm-mixture/4/4/5/2
3.0,4,3125,2,1,100,200,constant-mc,single,0,-0.001388702221162822,15,0,0,,,hmm-mixture/4/4/5/2
3.0,4,3125,2,1,100,200,constant-mc,complete,0,0.8477940848235157,15,0,0,,,hmm-mixture/4/4/5/2
3.0,4,3125,2,1,100,200,constant-mc,average,0,0.9334595991496578,15,0,0,,,hmm-mixture/4/4/5/2
3.0,4,3125,2,1,100,200,constant-mc,pam,0,0.6237975354674007,15,0,0,1,0,hmm-mixture/4/4/5/2
3.0,4,3125,2,1,200,200,constant-mc,single,0,0.34111287986412325,4,1,0,,,hmm-mixture/4/4/5/2
3.0,4,3125,2,1,200,200,constant-mc,complete,1,1.0,4,1,1,,,hmm-mixture/4/4/5/2
3.0,4,3125,2,1,200,200,constant-mc,average,0,0.9863970614006947,4,1,0,,,hmm-mixture/4/4/5/2
3.0,4,3125,2,1,200,200,constant-mc,pam,0,0.9293740545735861,4,1,0,1,0,hmm-mixture/4/4/5/2
3.0,4,3125,2,1,300,200,constant-mc,single,0,0.4881032655089735,4,1,0,,,hmm-mixture/4/4/5/2
3.0,4,3125,2,1,300,200,constant-mc,complete,1,1.0,4,1,1,,,hmm-mixture/4/4/5/2
3.0,4,3125,2,1,300,200,constant-mc,average,1,1.0,4,1,1,,,hmm-mixture/4/4/5/2
3.0,4,3125,2,1,300,200,constant-mc,pam,0,0.9715769637242206,4,1,0,1,0,hmm-mixture/4/4/5/2
3.0,4,3125,2,1,400,200,constant-mc,single,1,1.0,4,1,1,,,hmm-mixture/4/4/5/2
3.0,4,3125,2,1,400,200,constant-mc,complete,1,1.0,4,1,1,,,hmm-mixture/4/4/5/2
3.0,4,3125,2,1,400,200,constant-mc,average,1,1.0,4,1,1,,,hmm-mixture/4/4/5/2
3.0,4,3125,2,1,400,200,constant-mc,pam,1,1.0,4,1,1,1,0,hmm-mixture/4/4/5/2
3.0,4,3125,2,1,500,200,constant-mc,single,1,1.0,4,1,1,,,hmm-mixture/4/4/5/2
3.0,4,3125,2,1,500,200,constant-mc,complete,1,1.0,4,1,1,,,hmm-mixture/4/4/5/2
3.0,4,3125,2,1,500,200,constant-mc,average,1,1.0,4,1,1,,,hmm-mixture/4/4/5/2
3.0,4,3125,2,1,500,200,constant-mc,pam,1,1.0,4,1,1,1,0,hmm-mixture/4/4/5/2
3.0,4,3125,2,1,600,200,constant-mc,single,1,1.0,4,1,1,,,hmm-mixture/4/4/5/2
3.0,4,3125,2,1,600,200,constant-mc,complete,1,1.0,4,1,1,,,hmm-mixture/4/4/5/2
3.0,4,3125,2,1,600,200,constant-mc,average,1,1.0,4,1,1,,,hmm-mixture/4/4/5/2
3.0,4,3125,2,1,600,200,constant-mc,pam,1,1.0,4,1,1,1,0,hmm-mixture/4/4/5/2
3.0,4,3125,2,1,700,200,constant-mc,single,1,1.0,4,1,1,,,hmm-mixture/4/4/5/2
3.0,4,3125,2,1,700,200,constant-mc,complete,1,1.0,4,1,1,,,hmm-mixture/4/4/5/2
3.0,4,3125,2,1,700,200,constant-mc,average,1,1.0,4,1,1,,,hmm-mixture/4/4/5/2
3.0,4,3125,2,1,700,200,constant-mc,pam,1,1.0,4,1,1,1,0,hmm-mixture/4/4/5/2
3.0,4,3125,2,1,800,200,constant-mc,single,1,1.0,4,1,1,,,hmm-mixture/4/4/5/2
3.0,4,3125,2,1,800,200,constant-mc,complete,1,1.0,4,1,1,,,hmm-mixture/4/4/5/2
3.0,4,3125,2,1,800,200,constant-mc,average,1,1.0,4,1,1,,,hmm-mixture/4/4/5/2
3.0,4,3125,2,1,800,200,constant-mc,pam,1,1.0,4,1,1,1,0,hmm-mixture/4/4/5/2
3.0,4,3125,2,1,900,200,constant-mc,single,1,1.0,4,1,1,,,hmm-mixture/4/4/5/2
3.0,4,3125,2,1,900,200,constant-mc,complete,1,1.0,4,1,1,,,hmm-mixture/4/4/5/2
3.0,4,3125,2,1,900,200,constant-mc,average,1,1.0,4,1,1,,,hmm-mixture/4/4/5/2
3.0,4,3125,2,1,900,200,constant-mc,pam,1,1.0,4,1,1,1,0,hmm-mixture/4/4/5/2
3.0,4,3125,2,1,1000,200,constant-mc,single,1,1.0,4,1,1,,,hmm-mixture/4/4/5/2
3.0,4,3125,2,1,1000,200,constant-mc,complete,1,1.0,4,1,1,,,hmm-mixture/4/4/5/2
3.0,4,3125,2,1,1000,200,constant-mc,average,1,1.0,4,1,1,,,hmm-mixture/4/4/5/2
3.0,4,3125,2,1,1000,200,constant-mc,pam,1,1.0,4,1,1,1,0,hmm-mixture/4/4/5/2
3.0,4,3125,2,2,100,200,constant-mc,single,0,-0.0020739504333130393,75,0,0,,,hmm-mixture/4/4/5/2
3.0,4,3125,2,2,100,200,constant-mc,complete,0,0.8042877938480976,75,0,0,,,hmm-mixture/4/4/5/2
3.0,4,3125,2,2,100,200,constant-mc,average,0,0.8751251862405266,75,0,0,,,hmm-mixture/4/4/5/2
3.0,4,3125,2,2,100,200,constant-mc,pam,0,0.6217661664445144,75,0,0,1,0,hmm-mixture/4/4/5/2
3.0,4,3125,2,2,200,200,constant-mc,single,0,0.3404304604417649,5,0,0,,,hmm-mixture/4/4/5/2
3.0,4,3125,2,2,200,200,constant-mc,complete,1,1.0,5,0,0,,,hmm-mixture/4/4/5/2
3.0,4,3125,2,2,200,200,constant-mc,average,1,1.0,5,0,0,,,hmm-mixture/4/4/5/2
3.0,4,3125,2,2,200,200,constant-mc,pam,0,0.9164035351883896,5,0,0,1,0,hmm-mixture/4/4/5/2
3.0,4,3125,2,2,300,200,constant-mc,single,0,0.3353589385118924,4,1,0,,,hmm-mixture/4/4/5/2
3.0,4,3125,2,2,300,200,constant-mc,complete,1,1.0,4,1,1,,,hmm-mixture/4/4/5/2
3.0,4,3125,2,2,300,200,constant-mc,average,1,1.0,4,1,1,,,hmm-mixture/4/4/5/2
3.0,4,3125,2,2,300,200,constant-mc,pam,0,0.9594144186349877,4,1,0,1,0,hmm-mixture/4/4/5/2
3.0,4,3125,2,2,400,200,constant-mc,single,1,1.0,4,1,1,,,hmm-mixture/4/4/5/2
3.0,4,3125,2,2,400,200,constant-mc,complete,1,1.0,4,1,1,,,hmm-mixture/4/4/5/2
3.0,4,3125,2,2,400,200,constant-mc,average,1,1.0,4,1,1,,,hmm-mixture/4/4/5/2
3.0,4,3125,2,2,400,200,constant-mc,pam,1,1.0,4,1,1,1,0,hmm-mixture/4/4/5/2
3.0,4,3125,2,2,500,200,constant-mc,single,1,1.0,4,1,1,,,hmm-mixture/4/4/5/2
3.0,4,3125,2,2,500,200,constant-mc,complete,1,1.0,4,1,1,,,hmm-mixture/4/4/5/2
3.0,4,3125,2,2,500,200,constant-mc,average,1,1.0,4,1,1,,,hmm-mixture/4/4/5/2
3.0,4,3125,2,2,500,200,constant-mc,pam,1,1.0,4,1,1,1,0,hmm-mixture/4/4/5/2
3.0,4,3125,2,2,600,200,constant-mc,single,1,1.0,4,1,1,,,hmm-mixture/4/4/5/2
3.0,4,3125,2,2,600,200,constant-mc,complete,1,1.0,4,1,1,,,hmm-mixture/4/4/5/2
3.0,4,3125,2,2,600,200,constant-mc,average,1,1.0,4,1,1,,,hmm-mixture/4/4/5/2
3.0,4,3125,2,2,600,200,constant-mc,pam,1,1.0,4,1,1,1,0,hmm-mixture/4/4/5/2
3.0,4,3125,2,2,700,200,constant-mc,single,1,1.0,4,1,1,,,hmm-mixture/4/4/5/2
3.0,4,3125,2,2,700,200,constant-mc,complete,1,1.0,4,1,1,,,hmm-mixture/4/4/5/2
3.0,4,3125,2,2,700,200,constant-mc,average,1,1.0,4,1,1,,,hmm-mixture/4/4/5/2
3.0,4,3125,2,2,700,200,constant-mc,pam,1,1.0,4,1,1,1,0,hmm-mixture/4/4/5/2
3.0,4,3125,2,2,800,200,constant-mc,single,1,1.0,4,1,1,,,hmm-mixture/4/4/5/2
3.0,4,3125,2,2,800,200,constant-mc,complete,1,1.0,4,1,1,,,hmm-mixture/4/4/5/2
3.0,4,3125,2,2,800,200,constant-mc,average,1,1.0,4,1,1,,,hmm-mixture/4/4/5/2
3.0,4,3125,2,2,800,200,constant-mc,pam,1,1.0,4,1,1,1,0,hmm-mixture/4/4/5/2
3.0,4,3125,2,2,900,200,constant-mc,single,1,1.0,4,1,1,,,hmm-mixture/4/4/5/2
3.0,4,3125,2,2,900,200,constant-mc,complete,1,1.0,4,1,1,,,hmm-mixture/4/4/5/2
3.0,4,3125,2,2,900,200,constant-mc,average,1,1.0,4,1,1,,,hmm-mixture/4/4/5/2
3.0,4,3125,2,2,900,200,constant-mc,pam,1,1.0,4,1,1,1,0,hmm-mixture/4/4/5/2
3.0,4,3125,2,2,1000,200,constant-mc,single,1,1.0,4,1,1,,,hmm-mixture/4/4/5/2
3.0,4,3125,2,2,1000,200,constant-mc,complete,1,1.0,4,1,1,,,hmm-mixture/4/4/5/2
3.0,4,3125,2,2,1000,200,constant-mc,average,1,1.0,4,1,1,,,hmm-mixture/4/4/5/2
3.0,4,3125,2,2,1000,200,constant-mc,pam,1,1.0,4,1,1,1,0,hmm-mixture/4/4/5/2
3.0,4,3125,2,3,100,200,constant-mc,single,0,-0.0003643731079982244,20,0,0,,,hmm-mixture/4/4/5/2
3.0,4,3125,2,3,100,200,constant-mc,complete,0,0.8861223040536437,20,0,0,,,hmm-mixture/4/4/5/2
3.0,4,3125,2,3,100,200,constant-mc,average,0,0.937659178105966,20,0,0,,,hmm-mixture/4/4/5/2
3.0,4,3125,2,3,100,200,constant-mc,pam,0,0.7099155547226529,20,0,0,1,0,hmm-mixture/4/4/5/2
3.0,4,3125,2,3,200,200,constant-mc,single,0,0.21268639235372896,4,1,0,,,hmm-mixture/4/4/5/2
3.0,4,3125,2,3,200,200,constant-mc,complete,1,1.0,4,1,1,,,hmm-mixture/4/4/5/2
3.0,4,3125,2,3,200,200,constant-mc,average,1,1.0,4,1,1,,,hmm-mixture/4/4/5/2
3.0,4,3125,2,3,200,200,constant-mc,pam,0,0.922853232906133,4,1,0,1,0,hmm-mixture/4/4/5/2
3.0,4,3125,2,3,300,200,constant-mc,single,0,0.7495729298460102,4,1,0,,,hmm-mixture/4/4/5/2
3.0,4,3125,2,3,300,200,constant-mc,complete,1,1.0,4,1,1,,,hmm-mixture/4/4/5/2
3.0,4,3125,2,3,300,200,constant-mc,average,1,1.0,4,1,1,,,hmm-mixture/4/4/5/2
3.0,4,3125,2,3,300,200,constant-mc,pam,0,0.9862499789291064,4,1,0,1,0,hmm-mixture/4/4/5/2
3.0,4,3125,2,3,400,200,constant-mc,single,0,0.7495729298460102,4,1,0,,,hmm-mixture/4/4/5/2
3.0,4,3125,2,3,400,200,constant-mc,complete,1,1.0,4,1,1,,,hmm-mixture/4/4/5/2
3.0,4,3125,2,3,400,200,constant-mc,average,1,1.0,4,1,1,,,hmm-mixture/4/4/5/2
3.0,4,3125,2,3,400,200,constant-mc,pam,1,1.0,4,1,1,1,0,hmm-mixture/4/4/5/2
3.0,4,3125,2,3,500,200,constant-mc,single,1,1.0,4,1,1,,,hmm-mixture/4/4/5/2
3.0,4,3125,2,3,500,200,constant-mc,complete,1,1.0,4,1,1,,,hmm-mixture/4/4/5/2
3.0,4,3125,2,3,500,200,constant-mc,average,1,1.0,4,1,1,,,hmm-mixture/4/4/5/2
3.0,4,3125,2,3,500,200,constant-mc,pam,1,1.0,4,1,1,1,0,hmm-mixture/4/4/5/2
3.0,4,3125,2,3,600,200,constant-mc,single,1,1.0,4,1,1,,,hmm-mixture/4/4/5/2
3.0,4,3125,2,3,600,200,constant-mc,complete,1,1.0,4,1,1,,,hmm-mixture/4/4/5/2
3.0,4,3125,2,3,600,200,constant-mc,average,1,1.0,4,1,1,,,hmm-mixture/4/4/5/2
3.0,4,3125,2,3,600,200,constant-mc,pam,1,1.0,4,1,1,1,0,hmm-mixture/4/4/5/2
3.0,4,3125,2,3,700,200,constant-mc,single,1,1.0,4,1,1,,,hmm-mixture/4/4/5/2
3.0,4,3125,2,3,700,200,constant-mc,complete,1,1.0,4,1,1,,,hmm-mixture/4/4/5/2
3.0,4,3125,2,3,700,200,constant-mc,average,1,1.0,4,1,1,,,hmm-mixture/4/4/5/2
3.0,4,3125,2,3,700,200,constant-mc,pam,1,1.0,4,1,1,1,0,hmm-mixture/4/4/5/2
3.0,4,3125,2,3,800,200,constant-mc,single,1,1.0,4,1,1,,,hmm-mixture/4/4/5/2
3.0,4,3125,2,3,800,200,constant-mc,complete,1,1.0,4,1,1,,,hmm-mixture/4/4/5/2
3.0,4,3125,2,3,800,200,constant-mc,average,1,1.0,4,1,1,,,hmm-mixture/4/4/5/2
3.0,4,3125,2,3,800,200,constant-mc,pam,1,1.0,4,1,1,1,0,hmm-mixture/4/4/5/2
3.0,4,3125,2,3,900,200,constant-mc,single,1,1.0,4,1,1,,,hmm-mixture/4/4/5/2
3.0,4,3125,2,3,900,200,constant-mc,complete,1,1.0,4,1,1,,,hmm-mixture/4/4/5/2
3.0,4,3125,2,3,900,200,constant-mc,average,1,1.0,4,1,1,,,hmm-mixture/4/4/5/2
3.0,4,3125,2,3,900,200,constant-mc,pam,1,1.0,4,1,1,1,0,hmm-mixture/4/4/5/2
3.0,4,3125,2,3,1000,200,constant-mc,single,1,1.0,4,1,1,,,hmm-mixture/4/4/5/2
3.0,4,3125,2,3,1000,200,constant-mc,complete,1,1.0,4,1,1,,,hmm-mixture/4/4/5/2
3.0,4,3125,2,3,1000,200,constant-mc,average,1,1.0,4,1,1,,,hmm-mixture/4/4/5/2
3.0,4,3125,2,3,1000,200,constant-mc,pam,1,1.0,4,1,1,1,0,hmm-mixture/4/4/5/2
3.0,4,3125,2,4,100,200,constant-mc,single,0,0.0032420276247033834,21,0,0,,,hmm-mixture/4/4/5/2
3.0,4,3125,2,4,100,200,constant-mc,complete,0,0.9796035036723115,21,0,0,,,hmm-mixture/4/4/5/2
3.0,4,3125,2,4,100,200,constant-mc,average,0,0.964252959277588,21,0,0,,,hmm-mixture/4/4/5/2
3.0,4,3125,2,4,100,200,constant-mc,pam,0,0.623053802642455,21,0,0,1,0,hmm-mixture/4/4/5/2
3.0,4,3125,2,4,200,200,constant-mc,single,1,1.0,5,0,0,,,hmm-mixture/4/4/5/2
3.0,4,3125,2,4,200,200,constant-mc,complete,1,1.0,5,0,0,,,hmm-mixture/4/4/5/2
3.0,4,3125,2,4,200,200,constant-mc,average,1,1.0,5,0,0,,,hmm-mixture/4/4/5/2
3.0,4,3125,2,4,200,200,constant-mc,pam,0,0.9647872872597628,5,0,0,1,0,hmm-mixture/4/4/5/2
3.0,4,3125,2,4,300,200,constant-mc,single,1,1.0,4,1,1,,,hmm-mixture/4/4/5/2
3.0,4,3125,2,4,300,200,constant-mc,complete,1,1.0,4,1,1,,,hmm-mixture/4/4/5/2
3.0,4,3125,2,4,300,200,constant-mc,average,1,1.0,4,1,1,,,hmm-mixture/4/4/5/2
3.0,4,3125,2,4,300,200,constant-mc,pam,0,0.9854344285276796,4,1,0,1,0,hmm-mixture/4/4/5/2
3.0,4,3125,2,4,400,200,constant-mc,single,1,1.0,4,1,1,,,hmm-mixture/4/4/5/2
3.0,4,3125,2,4,400,200,constant-mc,complete,1,1.0,4,1,1,,,hmm-mixture/4/4/5/2
3.0,4,3125,2,4,400,200,constant-mc,average,1,1.0,4,1,1,,,hmm-mixture/4/4/5/2
3.0,4,3125,2,4,400,200,constant-mc,pam,1,1.0,4,1,1,1,0,hmm-mixture/4/4/5/2
3.0,4,3125,2,4,500,200,constant-mc,single,1,1.0,4,1,1,,,hmm-mixture/4/4/5/2
3.0,4,3125,2,4,500,200,constant-mc,complete,1,1.0,4,1,1,,,hmm-mixture/4/4/5/2
3.0,4,3125,2,4,500,200,constant-mc,average,1,1.0,4,1,1,,,hmm-mixture/4/4/5/2
3.0,4,3125,2,4,500,200,constant-mc,pam,1,1.0,4,1,1,1,0,hmm-mixture/4/4/5/2
3.0,4,3125,2,4,600,200,constant-mc,single,1,1.0,4,1,1,,,hmm-mixture/4/4/5/2
3.0,4,3125,2,4,600,200,constant-mc,complete,1,1.0,4,1,1,,,hmm-mixture/4/4/5/2
3.0,4,3125,2,4,600,200,constant-mc,average,1,1.0,4,1,1,,,hmm-mixture/4/4/5/2
3.0,4,3125,2,4,600,200,constant-mc,pam,1,1.0,4,1,1,1,0,hmm-mixture/4/4/5/2
3.0,4,3125,2,4,700,200,constant-mc,single,1,1.0,4,1,1,,,hmm-mixture/4/4/5/2
3.0,4,3125,2,4,700,200,constant-mc,complete,1,1.0,4,1,1,,,hmm-mixture/4/4/5/2
3.0,4,3125,2,4,700,200,constant-mc,average,1,1.0,4,1,1,,,hmm-mixture/4/4/5/2
3.0,4,3125,2,4,700,200,constant-mc,pam,1,1.0,4,1,1,1,0,hmm-mixture/4/4/5/2
3.0,4,3125,2,4,800,200,constant-mc,single,1,1.0,4,1,1,,,hmm-mixture/4/4/5/2
3.0,4,3125,2,4,800,200,constant-mc,complete,1,1.0,4,1,1,,,hmm-mixture/4/4/5/2
3.0,4,3125,2,4,800,200,constant-mc,average,1,1.0,4,1,1,,,hmm-mixture/4/4/5/2
3.0,4,3125,2,4,800,200,constant-mc,pam,1,1.0,4,1,1,1,0,hmm-mixture/4/4/5/2
3.0,4,3125,2,4,900,200,constant-mc,single,1,1.0,4,1,1,,,hmm-mixture/4/4/5/2
3.0,4,3125,2,4,900,200,constant-mc,complete,1,1.0,4,1,1,,,hmm-mixture/4/4/5/2
3.0,4,3125,2,4,900,200,constant-mc,average,1,1.0,4,1,1,,,hmm-mixture/4/4/5/2
3.0,4,3125,2,4,900,200,constant-mc,pam,1,1.0,4,1,1,1,0,hmm-mixture/4/4/5/2
3.0,4,3125,2,4,1000,200,constant-mc,single,1,1.0,4,1,1,,,hmm-mixture/4/4/5/2
3.0,4,3125,2,4,1000,200,constant-mc,complete,1,1.0,4,1,1,,,hmm-mixture/4/4/5/2
3.0,4,3125,2,4,1000,200,constant-mc,average,1,1.0,4,1,1,,,hmm-mixture/4/4/5/2
3.0,4,3125,2,4,1000,200,constant-mc,pam,1,1.0,4,1,1,1,0,hmm-mixture/4/4/5/2
3.0,4,3125,2,5,100,200,constant-mc,single,0,3.811133285261049e-05,6,0,0,,,hmm-mixture/4/4/5/2
3.0,4,3125,2,5,100,200,constant-mc,complete,0,0.6182872806143451,6,0,0,,,hmm-mixture/4/4/5/2
3.0,4,3125,2,5,100,200,constant-mc,average,0,0.8768599177088957,6,0,0,,,hmm-mixture/4/4/5/2
3.0,4,3125,2,5,100,200,constant-mc,pam,0,0.6423421156708885,6,0,0,1,0,hmm-mixture/4/4/5/2
3.0,4,3125,2,5,200,200,constant-mc,single,0,-0.0016196275169098773,8,0,0,,,hmm-mixture/4/4/5/2
3.0,4,3125,2,5,200,200,constant-mc,complete,0,0.9866394998336355,8,0,0,,,hmm-mixture/4/4/5/2
3.0,4,3125,2,5,200,200,constant-mc,average,0,0.9866394998336355,8,0,0,,,hmm-mixture/4/4/5/2
3.0,4,3125,2,5,200,200,constant-mc,pam,0,0.9442502080474986,8,0,0,1,0,hmm-mixture/4/4/5/2
3.0,4,3125,2,5,300,200,constant-mc,single,0,0.6207691194686674,4,1,0,,,hmm-mixture/4/4/5/2
3.0,4,3125,2,5,300,200,constant-mc,complete,1,1.0,4,1,1,,,hmm-mixture/4/4/5/2
3.0,4,3125,2,5,300,200,constant-mc,average,1,1.0,4,1,1,,,hmm-mixture/4/4/5/2
3.0,4,3125,2,5,300,200,constant-mc,pam,0,0.9593942773342264,4,1,0,1,0,hmm-mixture/4/4/5/2
3.0,4,3125,2,5,400,200,constant-mc,single,0,0.6207691194686674,4,1,0,,,hmm-mixture/4/4/5/2
3.0,4,3125,2,5,400,200,constant-mc,complete,1,1.0,4,1,1,,,hmm-mixture/4/4/5/2
3.0,4,3125,2,5,400,200,constant-mc,average,1,1.0,4,1,1,,,hmm-mixture/4/4/5/2
3.0,4,3125,2,5,400,200,constant-mc,pam,0,0.9865901999320723,4,1,0,1,0,hmm-mixture/4/4/5/2
3.0,4,3125,2,5,500,200,constant-mc,single,1,1.0,4,1,1,,,hmm-mixture/4/4/5/2
3.0,4,3125,2,5,500,200,constant-mc,complete,1,1.0,4,1,1,,,hmm-mixture/4/4/5/2
3.0,4,3125,2,5,500,200,constant-mc,average,1,1.0,4,1,1,,,hmm-mixture/4/4/5/2
3.0,4,3125,2,5,500,200,constant-mc,pam,1,1.0,4,1,1,1,0,hmm-mixture/4/4/5/2
3.0,4,3125,2,5,600,200,constant-mc,single,1,1.0,4,1,1,,,hmm-mixture/4/4/5/2
3.0,4,3125,2,5,600,200,constant-mc,complete,1,1.0,4,1,1,,,hmm-mixture/4/4/5/2
3.0,4,3125,2,5,600,200,constant-mc,average,1,1.0,4,1,1,,,hmm-mixture/4/4/5/2
3.0,4,3125,2,5,600,200,constant-mc,pam,1,1.0,4,1,1,1,0,hmm-mixture/4/4/5/2
3.0,4,3125,2,5,700,200,constant-mc,single,1,1.0,4,1,1,,,hmm-mixture/4/4/5/2
3.0,4,3125,2,5,700,200,constant-mc,complete,1,1.0,4,1,1,,,hmm-mixture/4/4/5/2
3.0,4,3125,2,5,700,200,constant-mc,average,1,1.0,4,1,1,,,hmm-mixture/4/4/5/2
3.0,4,3125,2,5,700,200,constant-mc,pam,1,1.0,4,1,1,1,0,hmm-mixture/4/4/5/2
3.0,4,3125,2,5,800,200,constant-mc,single,1,1.0,4,1,1,,,hmm-mixture/4/4/5/2
3.0,4,3125,2,5,800,200,constant-mc,complete,1,1.0,4,1,1,,,hmm-mixture/4/4/5/2
3.0,4,3125,2,5,800,200,constant-mc,average,1,1.0,4,1,1,,,hmm-mixture/4/4/5/2
3.0,4,3125,2,5,800,200,constant-mc,pam,1,1.0,4,1,1,1,0,hmm-mixture/4/4/5/2
3.0,4,3125,2,5,900,200,constant-mc,single,1,1.0,4,1,1,,,hmm-mixture/4/4/5/2
3.0,4,3125,2,5,900,200,constant-mc,complete,1,1.0,4,1,1,,,hmm-mixture/4/4/5/2
3.0,4,3125,2,5,900,200,constant-mc,average,1,1.0,4,1,1,,,hmm-mixture/4/4/5/2
3.0,4,3125,2,5,900,200,constant-mc,pam,1,1.0,4,1,1,1,0,hmm-mixture/4/4/5/2
3.0,4,3125,2,5,1000,200,constant-mc,single,1,1.0,4,1,1,,,hmm-mixture/4/4/5/2
3.0,4,3125,2,5,1000,200,constant-mc,complete,1,1.0,4,1,1,,,hmm-mixture/4/4/5/2
3.0,4,3125,2,5,1000,200,constant-mc,average,1,1.0,4,1,1,,,hmm-mixture/4/4/5/2
3.0,4,3125,2,5,1000,200,constant-mc,pam,1,1.0,4,1,1,1,0,hmm-mixture/4/4/5/2
3.0,4,3125,2,6,100,200,constant-mc,single,0,0.008081972651695017,16,0,0,,,hmm-mixture/4/4/5/2
3.0,4,3125,2,6,100,200,constant-mc,complete,0,0.8950126530497059,16,0,0,,,hmm-mixture/4/4/5/2
3.0,4,3125,2,6,100,200,constant-mc,average,0,0.9393131869039484,16,0,0,,,hmm-mixture/4/4/5/2
3.0,4,3125,2,6,100,200,constant-mc,pam,0,0.6521817279878367,16,0,0,1,0,hmm-mixture/4/4/5/2
3.0,4,3125,2,6,200,200,constant-mc,single,0,0.2372674862811615,4,1,0,,,hmm-mixture/4/4/5/2
3.0,4,3125,2,6,200,200,constant-mc,complete,1,1.0,4,1,1,,,hmm-mixture/4/4/5/2
3.0,4,3125,2,6,200,200,constant-mc,average,0,0.9842186015834817,4,1,0,,,hmm-mixture/4/4/5/2
3.0,4,3125,2,6,200,200,constant-mc,pam,0,0.9716192955576385,4,1,0,1,0,hmm-mixture/4/4/5/2
3.0,4,3125,2,6,300,200,constant-mc,single,1,1.0,4,1,1,,,hmm-mixture/4/4/5/2
3.0,4,3125,2,6,300,200,constant-mc,complete,1,1.0,4,1,1,,,hmm-mixture/4/4/5/2
3.0,4,3125,2,6,300,200,constant-mc,average,1,1.0,4,1,1,,,hmm-mixture/4/4/5/2
3.0,4,3125,2,6,300,200,constant-mc,pam,0,0.9258645672543723,4,1,0,1,0,hmm-mixture/4/4/5/2
3.0,4,3125,2,6,400,200,constant-mc,single,1,1.0,4,1,1,,,hmm-mixture/4/4/5/2
3.0,4,3125,2,6,400,200,constant-mc,complete,1,1.0,4,1,1,,,hmm-mixture/4/4/5/2
3.0,4,3125,2,6,400,200,constant-mc,average,1,1.0,4,1,1,,,hmm-mixture/4/4/5/2
3.0,4,3125,2,6,400,200,constant-mc,pam,1,1.0,4,1,1,1,0,hmm-mixture/4/4/5/2
3.0,4,3125,2,6,500,200,constant-mc,single,1,1.0,4,1,1,,,hmm-mixture/4/4/5/2
3.0,4,3125,2,6,500,200,constant-mc,complete,1,1.0,4,1,1,,,hmm-mixture/4/4/5/2
3.0,4,3125,2,6,500,200,constant-mc,average,1,1.0,4,1,1,,,hmm-mixture/4/4/5/2
3.0,4,3125,2,6,500,200,constant-mc,pam,1,1.0,4,1,1,1,0,hmm-mixture/4/4/5/2
3.0,4,3125,2,6,600,200,constant-mc,single,1,1.0,4,1,1,,,hmm-mixture/4/4/5/2
3.0,4,3125,2,6,600,200,constant-mc,complete,1,1.0,4,1,1,,,hmm-mixture/4/4/5/2
3.0,4,3125,2,6,600,200,constant-mc,average,1,1.0,4,1,1,,,hmm-mixture/4/4/5/2
3.0,4,3125,2,6,600,200,constant-mc,pam,1,1.0,4,1,1,1,0,hmm-mixture/4/4/5/2
3.0,4,3125,2,6,700,200,constant-mc,single,1,1.0,4,1,1,,,hmm-mixture/4/4/5/2
3.0,4,3125,2,6,700,200,constant-mc,complete,1,1.0,4,1,1,,,hmm-mixture/4/4/5/2
3.0,4,3125,2,6,700,200,constant-mc,average,1,1.0,4,1,1,,,hmm-mixture/4/4/5/2
3.0,4,3125,2,6,700,200,constant-mc,pam,1,1.0,4,1,1,1,0,hmm-mixture/4/4/5/2
3.0,4,3125,2,6,800,200,constant-mc,single,1,1.0,4,1,1,,,hmm-mixture/4/4/5/2
3.0,4,3125,2,6,800,200,constant-mc,complete,1,1.0,4,1,1,,,hmm-mixture/4/4/5/2
3.0,4,3125,2,6,800,200,constant-mc,average,1,1.0,4,1,1,,,hmm-mixture/4/4/5/2
3.0,4,3125,2,6,800,200,constant-mc,pam,1,1.0,4,1,1,1,0,hmm-mixture/4/4/5/2
3.0,4,3125,2,6,900,200,constant-mc,single,1,1.0,4,1,1,,,hmm-mixture/4/4/5/2
3.0,4,3125,2,6,900,200,constant-mc,complete,1,1.0,4,1,1,,,hmm-mixture/4/4/5/2
3.0,4,3125,2,6,900,200,constant-mc,average,1,1.0,4,1,1,,,hmm-mixture/4/4/5/2
3.0,4,3125,2,6,900,200,constant-mc,pam,1,1.0,4,1,1,1,0,hmm-mixture/4/4/5/2
3.0,4,3125,2,6,1000,200,constant-mc,single,1,1.0,4,1,1,,,hmm-mixture/4/4/5/2
3.0,4,3125,2,6,1000,200,constant-mc,complete,1,1.0,4,1,1,,,hmm-mixture/4/4/5/2
3.0,4,3125,2,6,1000,200,constant-mc,average,1,1.0,4,1,1,,,hmm-mixture/4/4/5/2
3.0,4,3125,2,6,1000,200,constant-mc,pam,1,1.0,4,1,1,1,0,hmm-mixture/4/4/5/2
3.0,4,3125,2,7,100,200,constant-mc,single,0,0.00972228363247506,13,0,0,,,hmm-mixture/4/4/5/2
3.0,4,3125,2,7,100,200,constant-mc,complete,0,0.6892427314694095,13,0,0,,,hmm-mixture/4/4/5/2
3.0,4,3125,2,7,100,200,constant-mc,average,0,0.8668667478855858,13,0,0,,,hmm-mixture/4/4/5/2
3.0,4,3125,2,7,100,200,constant-mc,pam,0,0.6962641752041365,13,0,0,1,0,hmm-mixture/4/4/5/2
3.0,4,3125,2,7,200,200,constant-mc,single,0,0.007190675331893608,4,1,0,,,hmm-mixture/4/4/5/2
3.0,4,3125,2,7,200,200,constant-mc,complete,1,1.0,4,1,1,,,hmm-mixture/4/4/5/2
3.0,4,3125,2,7,200,200,constant-mc,average,1,1.0,4,1,1,,,hmm-mixture/4/4/5/2
3.0,4,3125,2,7,200,200,constant-mc,pam,0,0.8950925384671352,4,1,0,1,0,hmm-mixture/4/4/5/2
3.0,4,3125,2,7,300,200,constant-mc,single,1,1.0,4,1,1,,,hmm-mixture/4/4/5/2
3.0,4,3125,2,7,300,200,constant-mc,complete,1,1.0,4,1,1,,,hmm-mixture/4/4/5/2
3.0,4,3125,2,7,300,200,constant-mc,average,1,1.0,4,1,1,,,hmm-mixture/4/4/5/2
3.0,4,3125,2,7,300,200,constant-mc,pam,1,1.0,4,1,1,1,0,hmm-mixture/4/4/5/2
3.0,4,3125,2,7,400,200,constant-mc,single,1,1.0,4,1,1,,,hmm-mixture/4/4/5/2
3.0,4,3125,2,7,400,200,constant-mc,complete,1,1.0,4,1,1,,,hmm-mixture/4/4/5/2
3.0,4,3125,2,7,400,200,constant-mc,average,1,1.0,4,1,1,,,hmm-mixture/4/4/5/2
3.0,4,3125,2,7,400,200,constant-mc,pam,1,1.0,4,1,1,1,0,hmm-mixture/4/4/5/2
3.0,4,3125,2,7,500,200,constant-mc,single,1,1.0,4,1,1,,,hmm-mixture/4/4/5/2
3.0,4,3125,2,7,500,200,constant-mc,complete,1,1.0,4,1,1,,,hmm-mixture/4/4/5/2
3.0,4,3125,2,7,500,200,constant-mc,average,1,1.0,4,1,1,,,hmm-mixture/4/4/5/2
3.0,4,3125,2,7,500,200,constant-mc,pam,1,1.0,4,1,1,1,0,hmm-mixture/4/4/5/2
3.0,4,3125,2,7,600,200,constant-mc,single,1,1.0,4,1,1,,,hmm-mixture/4/4/5/2
3.0,4,3125,2,7,600,200,constant-mc,complete,1,1.0,4,1,1,,,hmm-mixture/4/4/5/2
3.0,4,3125,2,7,600,200,constant-mc,average,1,1.0,4,1,1,,,hmm-mixture/4/4/5/2
3.0,4,3125,2,7,600,200,constant-mc,pam,1,1.0,4,1,1,1,0,hmm-mixture/4/4/5/2
3.0,4,3125,2,7,700,200,constant-mc,single,1,1.0,4,1,1,,,hmm-mixture/4/4/5/2
3.0,4,3125,2,7,700,200,constant-mc,complete,1,1.0,4,1,1,,,hmm-mixture/4/4/5/2
3.0,4,3125,2,7,700,200,constant-mc,average,1,1.0,4,1,1,,,hmm-mixture/4/4/5/2
3.0,4,3125,2,7,700,200,constant-mc,pam,1,1.0,4,1,1,1,0,hmm-mixture/4/4/5/2
3.0,4,3125,2,7,800,200,constant-mc,single,1,1.0,4,1,1,,,hmm-mixture/4/4/5/2
3.0,4,3125,2,7,800,200,constant-mc,complete,1,1.0,4,1,1,,,hmm-mixture/4/4/5/2
3.0,4,3125,2,7,800,200,constant-mc,average,1,1.0,4,1,1,,,hmm-mixture/4/4/5/2
3.0,4,3125,2,7,800,200,constant-mc,pam,1,1.0,4,1,1,1,0,hmm-mixture/4/4/5/2
3.0,4,3125,2,7,900,200,constant-mc,single,1,1.0,4,1,1,,,hmm-mixture/4/4/5/2
3.0,4,3125,2,7,900,200,constant-mc,complete,1,1.0,4,1,1,,,hmm-mixture/4/4/5/2
3.0,4,3125,2,7,900,200,constant-mc,average,1,1.0,4,1,1,,,hmm-mixture/4/4/5/2
3.0,4,3125,2,7,900,200,constant-mc,pam,1,1.0,4,1,1,1,0,hmm-mixture/4/4/5/2
3.0,4,3125,2,7,1000,200,constant-mc,single,1,1.0,4,1,1,,,hmm-mixture/4/4/5/2
3.0,4,3125,2,7,1000,200,constant-mc,complete,1,1.0,4,1,1,,,hmm-mixture/4/4/5/2
3.0,4,3125,2,7,1000,200,constant-mc,average,1,1.0,4,1,1,,,hmm-mixture/4/4/5/2
3.0,4,3125,2,7,1000,200,constant-mc,pam,1,1.0,4,1,1,1,0,hmm-mixture/4/4/5/2
3.0,4,3125,2,8,100,200,constant-mc,single,0,0.0010299903881393199,97,0,0,,,hmm-mixture/4/4/5/2
3.0,4,3125,2,8,100,200,constant-mc,complete,0,0.594534900764225,97,0,0,,,hmm-mixture/4/4/5/2
3.0,4,3125,2,8,100,200,constant-mc,average,0,0.9481583997208816,97,0,0,,,hmm-mixture/4/4/5/2
3.0,4,3125,2,8,100,200,constant-mc,pam,0,0.6723716463068466,97,0,0,1,0,hmm-mixture/4/4/5/2
3.0,4,3125,2,8,200,200,constant-mc,single,0,0.329361486421502,4,1,0,,,hmm-mixture/4/4/5/2
3.0,4,3125,2,8,200,200,constant-mc,complete,0,0.9871942522406576,4,1,0,,,hmm-mixture/4/4/5/2
3.0,4,3125,2,8,200,200,constant-mc,average,1,1.0,4,1,1,,,hmm-mixture/4/4/5/2
3.0,4,3125,2,8,200,200,constant-mc,pam,0,0.8848946367972386,4,1,0,1,0,hmm-mixture/4/4/5/2
3.0,4,3125,2,8,300,200,constant-mc,single,1,1.0,4,1,1,,,hmm-mixture/4/4/5/2
3.0,4,3125,2,8,300,200,constant-mc,complete,1,1.0,4,1,1,,,hmm-mixture/4/4/5/2
3.0,4,3125,2,8,300,200,constant-mc,average,1,1.0,4,1,1,,,hmm-mixture/4/4/5/2
3.0,4,3125,2,8,300,200,constant-mc,pam,0,0.9359321903705918,4,1,0,1,0,hmm-mixture/4/4/5/2
3.0,4,3125,2,8,400,200,constant-mc,single,1,1.0,4,1,1,,,hmm-mixture/4/4/5/2
3.0,4,3125,2,8,400,200,constant-mc,complete,1,1.0,4,1,1,,,hmm-mixture/4/4/5/2
3.0,4,3125,2,8,400,200,constant-mc,average,1,1.0,4,1,1,,,hmm-mixture/4/4/5/2
3.0,4,3125,2,8,400,200,constant-mc,pam,1,1.0,4,1,1,1,0,hmm-mixture/4/4/5/2
3.0,4,3125,2,8,500,200,constant-mc,single,1,1.0,4,1,1,,,hmm-mixture/4/4/5/2
3.0,4,3125,2,8,500,200,constant-mc,complete,1,1.0,4,1,1,,,hmm-mixture/4/4/5/2
3.0,4,3125,2,8,500,200,constant-mc,average,1,1.0,4,1,1,,,hmm-mixture/4/4/5/2
3.0,4,3125,2,8,500,200,constant-mc,pam,1,1.0,4,1,1,1,0,hmm-mixture/4/4/5/2
3.0,4,3125,2,8,600,200,constant-mc,single,1,1.0,4,1,1,,,hmm-mixture/4/4/5/2
3.0,4,3125,2,8,600,200,constant-mc,complete,1,1.0,4,1,1,,,hmm-mixture/4/4/5/2
3.0,4,3125,2,8,600,200,constant-mc,average,1,1.0,4,1,1,,,hmm-mixture/4/4/5/2
3.0,4,3125,2,8,600,200,constant-mc,pam,1,1.0,4,1,1,1,0,hmm-mixture/4/4/5/2
3.0,4,3125,2,8,700,200,constant-mc,single,1,1.0,4,1,1,,,hmm-mixture/4/4/5/2
3.0,4,3125,2,8,700,200,constant-mc,complete,1,1.0,4,1,1,,,hmm-mixture/4/4/5/2
3.0,4,3125,2,8,700,200,constant-mc,average,1,1.0,4,1,1,,,hmm-mixture/4/4/5/2
3.0,4,3125,2,8,700,200,constant-mc,pam,1,1.0,4,1,1,1,0,hmm-mixture/4/4/5/2
3.0,4,3125,2,8,800,200,constant-mc,single,1,1.0,4,1,1,,,hmm-mixture/4/4/5/2
3.0,4,3125,2,8,800,200,constant-mc,complete,1,1.0,4,1,1,,,hmm-mixture/4/4/5/2
3.0,4,3125,2,8,800,200,constant-mc,average,1,1.0,4,1,1,,,hmm-mixture/4/4/5/2
3.0,4,3125,2,8,800,200,constant-mc,pam,1,1.0,4,1,1,1,0,hmm-mixture/4/4/5/2
3.0,4,3125,2,8,900,200,constant-mc,single,1,1.0,4,1,1,,,hmm-mixture/4/4/5/2
3.0,4,3125,2,8,900,200,constant-mc,complete,1,1.0,4,1,1,,,hmm-mixture/4/4/5/2
3.0,4,3125,2,8,900,200,constant-mc,average,1,1.0,4,1,1,,,hmm-mixture/4/4/5/2
3.0,4,3125,2,8,900,200,constant-mc,pam,1,1.0,4,1,1,1,0,hmm-mixture/4/4/5/2
3.0,4,3125,2,8,1000,200,constant-mc,single,1,1.0,4,1,1,,,hmm-mixture/4/4/5/2
3.0,4,3125,2,8,1000,200,constant-mc,complete,1,1.0,4,1,1,,,hmm-mixture/4/4/5/2
3.0,4,3125,2,8,1000,200,constant-mc,average,1,1.0,4,1,1,,,hmm-mixture/4/4/5/2
3.0,4,3125,2,8,1000,200,constant-mc,pam,1,1.0,4,1,1,1,0,hmm-mixture/4/4/5/2
3.0,4,3125,2,9,100,200,constant-mc,single,0,-0.002504916819081153,16,0,0,,,hmm-mixture/4/4/5/2
3.0,4,3125,2,9,100,200,constant-mc,complete,0,0.8971747164597335,16,0,0,,,hmm-mixture/4/4/5/2
3.0,4,3125,2,9,100,200,constant-mc,average,0,0.9210698985139117,16,0,0,,,hmm-mixture/4/4/5/2
3.0,4,3125,2,9,100,200,constant-mc,pam,0,0.6363793061870614,16,0,0,1,0,hmm-mixture/4/4/5/2
3.0,4,3125,2,9,200,200,constant-mc,single,0,-0.004840637176228331,4,1,0,,,hmm-mixture/4/4/5/2
3.0,4,3125,2,9,200,200,constant-mc,complete,1,1.0,4,1,1,,,hmm-mixture/4/4/5/2
3.0,4,3125,2,9,200,200,constant-mc,average,1,1.0,4,1,1,,,hmm-mixture/4/4/5/2
3.0,4,3125,2,9,200,200,constant-mc,pam,0,0.9392881160913643,4,1,0,1,0,hmm-mixture/4/4/5/2
3.0,4,3125,2,9,300,200,constant-mc,single,0,0.3367880526787907,4,1,0,,,hmm-mixture/4/4/5/2
3.0,4,3125,2,9,300,200,constant-mc,complete,1,1.0,4,1,1,,,hmm-mixture/4/4/5/2
3.0,4,3125,2,9,300,200,constant-mc,average,1,1.0,4,1,1,,,hmm-mixture/4/4/5/2
3.0,4,3125,2,9,300,200,constant-mc,pam,1,1.0,4,1,1,1,0,hmm-mixture/4/4/5/2
3.0,4,3125,2,9,400,200,constant-mc,single,1,1.0,4,1,1,,,hmm-mixture/4/4/5/2
3.0,4,3125,2,9,400,200,constant-mc,complete,1,1.0,4,1,1,,,hmm-mixture/4/4/5/2
3.0,4,3125,2,9,400,200,constant-mc,average,1,1.0,4,1,1,,,hmm-mixture/4/4/5/2
3.0,4,3125,2,9,400,200,constant-mc,pam,1,1.0,4,1,1,1,0,hmm-mixture/4/4/5/2
3.0,4,3125,2,9,500,200,constant-mc,single,1,1.0,4,1,1,,,hmm-mixture/4/4/5/2
3.0,4,3125,2,9,500,200,constant-mc,complete,1,1.0,4,1,1,,,hmm-mixture/4/4/5/2
3.0,4,3125,2,9,500,200,constant-mc,average,1,1.0,4,1,1,,,hmm-mixture/4/4/5/2
3.0,4,3125,2,9,500,200,constant-mc,pam,1,1.0,4,1,1,1,0,hmm-mixture/4/4/5/2
3.0,4,3125,2,9,600,200,constant-mc,single,1,1.0,4,1,1,,,hmm-mixture/4/4/5/2
3.0,4,3125,2,9,600,200,constant-mc,complete,1,1.0,4,1,1,,,hmm-mixture/4/4/5/2
3.0,4,3125,2,9,600,200,constant-mc,average,1,1.0,4,1,1,,,hmm-mixture/4/4/5/2
3.0,4,3125,2,9,600,200,constant-mc,pam,1,1.0,4,1,1,1,0,hmm-mixture/4/4/5/2
3.0,4,3125,2,9,700,200,constant-mc,single,1,1.0,4,1,1,,,hmm-mixture/4/4/5/2
3.0,4,3125,2,9,700,200,constant-mc,complete,1,1.0,4,1,1,,,hmm-mixture/4/4/5/2
3.0,4,3125,2,9,700,200,constant-mc,average,1,1.0,4,1,1,,,hmm-mixture/4/4/5/2
3.0,4,3125,2,9,700,200,constant-mc,pam,1,1.0,4,1,1,1,0,hmm-mixture/4/4/5/2
3.0,4,3125,2,9,800,200,constant-mc,single,1,1.0,4,1,1,,,hmm-mixture/4/4/5/2
3.0,4,3125,2,9,800,200,constant-mc,complete,1,1.0,4,1,1,,,hmm-mixture/4/4/5/2
3.0,4,3125,2,9,800,200,constant-mc,average,1,1.0,4,1,1,,,hmm-mixture/4/4/5/2
3.0,4,3125,2,9,800,200,constant-mc,pam,1,1.0,4,1,1,1,0,hmm-mixture/4/4/5/2
3.0,4,3125,2,9,900,200,constant-mc,single,1,1.0,4,1,1,,,hmm-mixture/4/4/5/2
3.0,4,3125,2,9,900,200,constant-mc,complete,1,1.0,4,1,1,,,hmm-mixture/4/4/5/2
3.0,4,3125,2,9,900,200,constant-mc,average,1,1.0,4,1,1,,,hmm-mixture/4/4/5/2
3.0,4,3125,2,9,900,200,constant-mc,pam,1,1.0,4,1,1,1,0,hmm-mixture/4/4/5/2
3.0,4,3125,2,9,1000,200,constant-mc,single,1,1.0,4,1,1,,,hmm-mixture/4/4/5/2
3.0,4,3125,2,9,1000,200,constant-mc,complete,1,1.0,4,1,1,,,hmm-mixture/4/4/5/2
3.0,4,3125,2,9,1000,200,constant-mc,average,1,1.0,4,1,1,,,hmm-mixture/4/4/5/2
3.0,4,3125,2,9,1000,200,constant-mc,pam,1,1.0,4,1,1,1,0,hmm-mixture/4/4/5/2
3.0,4,3125,2,10,100,200,constant-mc,single,0,0.009083850112796808,18,0,0,,,hmm-mixture/4/4/5/2
3.0,4,3125,2,10,100,200,constant-mc,complete,0,0.9189364396327786,18,0,0,,,hmm-mixture/4/4/5/2
3.0,4,3125,2,10,100,200,constant-mc,average,0,0.9341935921861613,18,0,0,,,hmm-mixture/4/4/5/2
3.0,4,3125,2,10,100,200,constant-mc,pam,0,0.6253754988882961,18,0,0,1,0,hmm-mixture/4/4/5/2
3.0,4,3125,2,10,200,200,constant-mc,single,0,0.2645356714934654,4,1,0,,,hmm-mixture/4/4/5/2
3.0,4,3125,2,10,200,200,constant-mc,complete,0,0.9743820586768017,4,1,0,,,hmm-mixture/4/4/5/2
3.0,4,3125,2,10,200,200,constant-mc,average,0,0.9740311020486472,4,1,0,,,hmm-mixture/4/4/5/2
3.0,4,3125,2,10,200,200,constant-mc,pam,0,0.8807254315321092,4,1,0,1,0,hmm-mixture/4/4/5/2
3.0,4,3125,2,10,300,200,constant-mc,single,0,0.7127809674689669,4,1,0,,,hmm-mixture/4/4/5/2
3.0,4,3125,2,10,300,200,constant-mc,complete,1,1.0,4,1,1,,,hmm-mixture/4/4/5/2
3.0,4,3125,2,10,300,200,constant-mc,average,1,1.0,4,1,1,,,hmm-mixture/4/4/5/2
3.0,4,3125,2,10,300,200,constant-mc,pam,0,0.9729757465028918,4,1,0,1,0,hmm-mixture/4/4/5/2
3.0,4,3125,2,10,400,200,constant-mc,single,1,1.0,4,1,1,,,hmm-mixture/4/4/5/2
3.0,4,3125,2,10,400,200,constant-mc,complete,1,1.0,4,1,1,,,hmm-mixture/4/4/5/2
3.0,4,3125,2,10,400,200,constant-mc,average,1,1.0,4,1,1,,,hmm-mixture/4/4/5/2
3.0,4,3125,2,10,400,200,constant-mc,pam,1,1.0,4,1,1,1,0,hmm-mixture/4/4/5/2
3.0,4,3125,2,10,500,200,constant-mc,single,1,1.0,4,1,1,,,hmm-mixture/4/4/5/2
3.0,4,3125,2,10,500,200,constant-mc,complete,1,1.0,4,1,1,,,hmm-mixture/4/4/5/2
3.0,4,3125,2,10,500,200,constant-mc,average,1,1.0,4,1,1,,,hmm-mixture/4/4/5/2
3.0,4,3125,2,10,500,200,constant-mc,pam,1,1.0,4,1,1,1,0,hmm-mixture/4/4/5/2
3.0,4,3125,2,10,600,200,constant-mc,single,1,1.0,4,1,1,,,hmm-mixture/4/4/5/2
3.0,4,3125,2,10,600,200,constant-mc,complete,1,1.0,4,1,1,,,hmm-mixture/4/4/5/2
3.0,4,3125,2,10,600,200,constant-mc,average,1,1.0,4,1,1,,,hmm-mixture/4/4/5/2
3.0,4,3125,2,10,600,200,constant-mc,pam,1,1.0,4,1,1,1,0,hmm-mixture/4/4/5/2
3.0,4,3125,2,10,700,200,constant-mc,single,1,1.0,4,1,1,,,hmm-mixture/4/4/5/2
3.0,4,3125,2,10,700,200,constant-mc,complete,1,1.0,4,1,1,,,hmm-mixture/4/4/5/2
3.0,4,3125,2,10,700,200,constant-mc,average,1,1.0,4,1,1,,,hmm-mixture/4/4/5/2
3.0,4,3125,2,10,700,200,constant-mc,pam,1,1.0,4,1,1,1,0,hmm-mixture/4/4/5/2
3.0,4,3125,2,10,800,200,constant-mc,single,1,1.0,4,1,1,,,hmm-mixture/4/4/5/2
3.0,4,3125,2,10,800,200,constant-mc,complete,1,1.0,4,1,1,,,hmm-mixture/4/4/5/2
3.0,4,3125,2,10,800,200,constant-mc,average,1,1.0,4,1,1,,,hmm-mixture/4/4/5/2
3.0,4,3125,2,10,800,200,constant-mc,pam,1,1.0,4,1,1,1,0,hmm-mixture/4/4/5/2
3.0,4,3125,2,10,900,200,constant-mc,single,1,1.0,4,1,1,,,hmm-mixture/4/4/5/2
3.0,4,3125,2,10,900,200,constant-mc,complete,1,1.0,4,1,1,,,hmm-mixture/4/4/5/2
3.0,4,3125,2,10,900,200,constant-mc,average,1,1.0,4,1,1,,,hmm-mixture/4/4/5/2
3.0,4,3125,2,10,900,200,constant-mc,pam,1,1.0,4,1,1,1,0,hmm-mixture/4/4/5/2
3.0,4,3125,2,10,1000,200,constant-mc,single,1,1.0,4,1,1,,,hmm-mixture/4/4/5/2
3.0,4,3125,2,10,1000,200,constant-mc,complete,1,1.0,4,1,1,,,hmm-mixture/4/4/5/2
3.0,4,3125,2,10,1000,200,constant-mc,average,1,1.0,4,1,1,,,hmm-mixture/4/4/5/2
3.0,4,3125,2,10,1000,200,constant-mc,pam,1,1.0,4,1,1,1,0,hmm-mixture/4/4/5/2
3.0,4,3125,2,11,100,200,constant-mc,single,0,0.006933343758141688,15,0,0,,,hmm-mixture/4/4/5/2
3.0,4,3125,2,11,100,200,constant-mc,complete,0,0.6384532793926365,15,0,0,,,hmm-mixture/4/4/5/2
3.0,4,3125,2,11,100,200,constant-mc,average,0,0.9366129643781654,15,0,0,,,hmm-mixture/4/4/5/2
3.0,4,3125,2,11,100,200,constant-mc,pam,0,0.6717398634793624,15,0,0,1,0,hmm-mixture/4/4/5/2
3.0,4,3125,2,11,200,200,constant-mc,single,0,0.002302681096564562,4,1,0,,,hmm-mixture/4/4/5/2
3.0,4,3125,2,11,200,200,constant-mc,complete,0,0.9614328470914988,4,1,0,,,hmm-mixture/4/4/5/2
3.0,4,3125,2,11,200,200,constant-mc,average,0,0.9853169548782357,4,1,0,,,hmm-mixture/4/4/5/2
3.0,4,3125,2,11,200,200,constant-mc,pam,0,0.919236321190868,4,1,0,1,0,hmm-mixture/4/4/5/2
3.0,4,3125,2,11,300,200,constant-mc,single,0,0.3849622300109377,4,1,0,,,hmm-mixture/4/4/5/2
3.0,4,3125,2,11,300,200,constant-mc,complete,1,1.0,4,1,1,,,hmm-mixture/4/4/5/2
3.0,4,3125,2,11,300,200,constant-mc,average,1,1.0,4,1,1,,,hmm-mixture/4/4/5/2
3.0,4,3125,2,11,300,200,constant-mc,pam,0,0.9564434740839572,4,1,0,1,0,hmm-mixture/4/4/5/2
3.0,4,3125,2,11,400,200,constant-mc,single,0,0.7488370366822774,4,1,0,,,hmm-mixture/4/4/5/2
3.0,4,3125,2,11,400,200,constant-mc,complete,0,0.9868398256346559,4,1,0,,,hmm-mixture/4/4/5/2
3.0,4,3125,2,11,400,200,constant-mc,average,0,0.9868398256346559,4,1,0,,,hmm-mixture/4/4/5/2
3.0,4,3125,2,11,400,200,constant-mc,pam,1,1.0,4,1,1,1,0,hmm-mixture/4/4/5/2
3.0,4,3125,2,11,500,200,constant-mc,single,1,1.0,4,1,1,,,hmm-mixture/4/4/5/2
3.0,4,3125,2,11,500,200,constant-mc,complete,1,1.0,4,1,1,,,hmm-mixture/4/4/5/2
3.0,4,3125,2,11,500,200,constant-mc,average,1,1.0,4,1,1,,,hmm-mixture/4/4/5/2
3.0,4,3125,2,11,500,200,constant-mc,pam,1,1.0,4,1,1,1,0,hmm-mixture/4/4/5/2
3.0,4,3125,2,11,600,200,constant-mc,single,1,1.0,4,1,1,,,hmm-mixture/4/4/5/2
3.0,4,3125,2,11,600,200,constant-mc,complete,1,1.0,4,1,1,,,hmm-mixture/4/4/5/2
3.0,4,3125,2,11,600,200,constant-mc,average,1,1.0,4,1,1,,,hmm-mixture/4/4/5/2
3.0,4,3125,2,11,600,200,constant-mc,pam,1,1.0,4,1,1,1,0,hmm-mixture/4/4/5/2
3.0,4,3125,2,11,700,200,constant-mc,single,1,1.0,4,1,1,,,hmm-mixture/4/4/5/2
3.0,4,3125,2,11,700,200,constant-mc,complete,1,1.0,4,1,1,,,hmm-mixture/4/4/5/2
3.0,4,3125,2,11,700,200,constant-mc,average,1,1.0,4,1,1,,,hmm-mixture/4/4/5/2
3.0,4,3125,2,11,700,200,constant-mc,pam,1,1.0,4,1,1,1,0,hmm-mixture/4/4/5/2
3.0,4,3125,2,11,800,200,constant-mc,single,1,1.0,4,1,1,,,hmm-mixture/4/4/5/2
3.0,4,3125,2,11,800,200,constant-mc,complete,1,1.0,4,1,1,,,hmm-mixture/4/4/5/2
3.0,4,3125,2,11,800,200,constant-mc,average,1,1.0,4,1,1,,,hmm-mixture/4/4/5/2
3.0,4,3125,2,11,800,200,constant-mc,pam,1,1.0,4,1,1,1,0,hmm-mixture/4/4/5/2
3.0,4,3125,2,11,900,200,constant-mc,single,1,1.0,4,1,1,,,hmm-mixture/4/4/5/2
3.0,4,3125,2,11,900,200,constant-mc,complete,1,1.0,4,1,1,,,hmm-mixture/4/4/5/2
3.0,4,3125,2,11,900,200,constant-mc,average,1,1.0,4,1,1,,,hmm-mixture/4/4/5/2
3.0,4,3125,2,11,900,200,constant-mc,pam,1,1.0,4,1,1,1,0,hmm-mixture/4/4/5/2
3.0,4,3125,2,11,1000,200,constant-mc,single,1,1.0,4,1,1,,,hmm-mixture/4/4/5/2
3.0,4,3125,2,11,1000,200,constant-mc,complete,1,1.0,4,1,1,,,hmm-mixture/4/4/5/2
3.0,4,3125,2,11,1000,200,constant-mc,average,1,1.0,4,1,1,,,hmm-mixture/4/4/5/2
3.0,4,3125,2,11,1000,200,constant-mc,pam,1,1.0,4,1,1,1,0,hmm-mixture/4/4/5/2
3.0,4,3125,2,12,100,200,constant-mc,single,0,0.0009508095382153725,19,0,0,,,hmm-mixture/4/4/5/2
3.0,4,3125,2,12,100,200,constant-mc,complete,0,0.8510984851346838,19,0,0,,,hmm-mixture/4/4/5/2
3.0,4,3125,2,12,100,200,constant-mc,average,0,0.9154177084894327,19,0,0,,,hmm-mixture/4/4/5/2
3.0,4,3125,2,12,100,200,constant-mc,pam,0,0.8175108924838544,19,0,0,1,0,hmm-mixture/4/4/5/2
3.0,4,3125,2,12,200,200,constant-mc,single,0,0.6385778127520305,3,0,0,,,hmm-mixture/4/4/5/2
3.0,4,3125,2,12,200,200,constant-mc,complete,1,1.0,3,0,0,,,hmm-mixture/4/4/5/2
3.0,4,3125,2,12,200,200,constant-mc,average,0,0.9849608743305057,3,0,0,,,hmm-mixture/4/4/5/2
3.0,4,3125,2,12,200,200,constant-mc,pam,0,0.9170816503041292,3,0,0,1,0,hmm-mixture/4/4/5/2
3.0,4,3125,2,12,300,200,constant-mc,single,0,0.7576933370212829,4,1,0,,,hmm-mixture/4/4/5/2
3.0,4,3125,2,12,300,200,constant-mc,complete,1,1.0,4,1,1,,,hmm-mixture/4/4/5/2
3.0,4,3125,2,12,300,200,constant-mc,average,1,1.0,4,1,1,,,hmm-mixture/4/4/5/2
3.0,4,3125,2,12,300,200,constant-mc,pam,1,1.0,4,1,1,1,0,hmm-mixture/4/4/5/2
3.0,4,3125,2,12,400,200,constant-mc,single,1,1.0,4,1,1,,,hmm-mixture/4/4/5/2
3.0,4,3125,2,12,400,200,constant-mc,complete,1,1.0,4,1,1,,,hmm-mixture/4/4/5/2
3.0,4,3125,2,12,400,200,constant-mc,average,1,1.0,4,1,1,,,hmm-mixture/4/4/5/2
3.0,4,3125,2,12,400,200,constant-mc,pam,1,1.0,4,1,1,1,0,hmm-mixture/4/4/5/2
3.0,4,3125,2,12,500,200,constant-mc,single,1,1.0,4,1,1,,,hmm-mixture/4/4/5/2
3.0,4,3125,2,12,500,200,constant-mc,complete,1,1.0,4,1,1,,,hmm-mixture/4/4/5/2
3.0,4,3125,2,12,500,200,constant-mc,average,1,1.0,4,1,1,,,hmm-mixture/4/4/5/2
3.0,4,3125,2,12,500,200,constant-mc,pam,1,1.0,4,1,1,1,0,hmm-mixture/4/4/5/2
3.0,4,3125,2,12,600,200,constant-mc,single,1,1.0,4,1,1,,,hmm-mixture/4/4/5/2
3.0,4,3125,2,12,600,200,constant-mc,complete,1,1.0,4,1,1,,,hmm-mixture/4/4/5/2
3.0,4,3125,2,12,600,200,constant-mc,average,1,1.0,4,1,1,,,hmm-mixture/4/4/5/2
3.0,4,3125,2,12,600,200,constant-mc,pam,1,1.0,4,1,1,1,0,hmm-mixture/4/4/5/2
3.0,4,3125,2,12,700,200,constant-mc,single,1,1.0,4,1,1,,,hmm-mixture/4/4/5/2
3.0,4,3125,2,12,700,200,constant-mc,complete,1,1.0,4,1,1,,,hmm-mixture/4/4/5/2
3.0,4,3125,2,12,700,200,constant-mc,average,1,1.0,4,1,1,,,hmm-mixture/4/4/5/2
3.0,4,3125,2,12,700,200,constant-mc,pam,1,1.0,4,1,1,1,0,hmm-mixture/4/4/5/2
3.0,4,3125,2,12,800,200,constant-mc,single,1,1.0,4,1,1,,,hmm-mixture/4/4/5/2
3.0,4,3125,2,12,800,200,constant-mc,complete,1,1.0,4,1,1,,,hmm-mixture/4/4/5/2
3.0,4,3125,2,12,800,200,constant-mc,average,1,1.0,4,1,1,,,hmm-mixture/4/4/5/2
3.0,4,3125,2,12,800,200,constant-mc,pam,1,1.0,4,1,1,1,0,hmm-mixture/4/4/5/2
3.0,4,3125,2,12,900,200,constant-mc,single,1,1.0,4,1,1,,,hmm-mixture/4/4/5/2
3.0,4,3125,2,12,900,200,constant-mc,complete,1,1.0,4,1,1,,,hmm-mixture/4/4/5/2
3.0,4,3125,2,12,900,200,constant-mc,average,1,1.0,4,1,1,,,hmm-mixture/4/4/5/2
3.0,4,3125,2,12,900,200,constant-mc,pam,1,1.0,4,1,1,1,0,hmm-mixture/4/4/5/2
3.0,4,3125,2,12,1000,200,constant-mc,single,1,1.0,4,1,1,,,hmm-mixture/4/4/5/2
3.0,4,3125,2,12,1000,200,constant-mc,complete,1,1.0,4,1,1,,,hmm-mixture/4/4/5/2
3.0,4,3125,2,12,1000,200,constant-mc,average,1,1.0,4,1,1,,,hmm-mixture/4/4/5/2
3.0,4,3125,2,12,1000,200,constant-mc,pam,1,1.0,4,1,1,1,0,hmm-mixture/4/4/5/2
3.0,4,3125,2,13,100,200,constant-mc,single,0,-0.0004038413945329793,17,0,0,,,hmm-mixture/4/4/5/2
3.0,4,3125,2,13,100,200,constant-mc,complete,0,0.6581241700082745,17,0,0,,,hmm-mixture/4/4/5/2
3.0,4,3125,2,13,100,200,constant-mc,average,0,0.9190715844022836,17,0,0,,,hmm-mixture/4/4/5/2
3.0,4,3125,2,13,100,200,constant-mc,pam,0,0.6286328829502507,17,0,0,1,0,hmm-mixture/4/4/5/2
3.0,4,3125,2,13,200,200,constant-mc,single,0,-0.0040019185665149766,3,0,0,,,hmm-mixture/4/4/5/2
3.0,4,3125,2,13,200,200,constant-mc,complete,0,0.9728713059110509,3,0,0,,,hmm-mixture/4/4/5/2
3.0,4,3125,2,13,200,200,constant-mc,average,0,0.9862854292094222,3,0,0,,,hmm-mixture/4/4/5/2
3.0,4,3125,2,13,200,200,constant-mc,pam,0,0.9480905046964643,3,0,0,1,0,hmm-mixture/4/4/5/2
3.0,4,3125,2,13,300,200,constant-mc,single,0,0.7422742265174712,4,1,0,,,hmm-mixture/4/4/5/2
3.0,4,3125,2,13,300,200,constant-mc,complete,1,1.0,4,1,1,,,hmm-mixture/4/4/5/2
3.0,4,3125,2,13,300,200,constant-mc,average,1,1.0,4,1,1,,,hmm-mixture/4/4/5/2
3.0,4,3125,2,13,300,200,constant-mc,pam,0,0.9872920097729666,4,1,0,1,0,hmm-mixture/4/4/5/2
3.0,4,3125,2,13,400,200,constant-mc,single,0,0.7422742265174712,4,1,0,,,hmm-mixture/4/4/5/2
3.0,4,3125,2,13,400,200,constant-mc,complete,1,1.0,4,1,1,,,hmm-mixture/4/4/5/2
3.0,4,3125,2,13,400,200,constant-mc,average,1,1.0,4,1,1,,,hmm-mixture/4/4/5/2
3.0,4,3125,2,13,400,200,constant-mc,pam,1,1.0,4,1,1,1,0,hmm-mixture/4/4/5/2
3.0,4,3125,2,13,500,200,constant-mc,single,1,1.0,4,1,1,,,hmm-mixture/4/4/5/2
3.0,4,3125,2,13,500,200,constant-mc,complete,1,1.0,4,1,1,,,hmm-mixture/4/4/5/2
3.0,4,3125,2,13,500,200,constant-mc,average,1,1.0,4,1,1,,,hmm-mixture/4/4/5/2
3.0,4,3125,2,13,500,200,constant-mc,pam,0,0.9872920097729666,4,1,0,1,0,hmm-mixture/4/4/5/2
3.0,4,3125,2,13,600,200,constant-mc,single,1,1.0,4,1,1,,,hmm-mixture/4/4/5/2
3.0,4,3125,2,13,600,200,constant-mc,complete,1,1.0,4,1,1,,,hmm-mixture/4/4/5/2
3.0,4,3125,2,13,600,200,constant-mc,average,1,1.0,4,1,1,,,hmm-mixture/4/4/5/2
3.0,4,3125,2,13,600,200,constant-mc,pam,1,1.0,4,1,1,1,0,hmm-mixture/4/4/5/2
3.0,4,3125,2,13,700,200,constant-mc,single,1,1.0,4,1,1,,,hmm-mixture/4/4/5/2
3.0,4,3125,2,13,700,200,constant-mc,complete,1,1.0,4,1,1,,,hmm-mixture/4/4/5/2
3.0,4,3125,2,13,700,200,constant-mc,average,1,1.0,4,1,1,,,hmm-mixture/4/4/5/2
3.0,4,3125,2,13,700,200,constant-mc,pam,1,1.0,4,1,1,1,0,hmm-mixture/4/4/5/2
3.0,4,3125,2,13,800,200,constant-mc,single,1,1.0,4,1,1,,,hmm-mixture/4/4/5/2
3.0,4,3125,2,13,800,200,constant-mc,complete,1,1.0,4,1,1,,,hmm-mixture/4/4/5/2
3.0,4,3125,2,13,800,200,constant-mc,average,1,1.0,4,1,1,,,hmm-mixture/4/4/5/2
3.0,4,3125,2,13,800,200,constant-mc,pam,1,1.0,4,1,1,1,0,hmm-mixture/4/4/5/2
3.0,4,3125,2,13,900,200,constant-mc,single,1,1.0,4,1,1,,,hmm-mixture/4/4/5/2
3.0,4,3125,2,13,900,200,constant-mc,complete,1,1.0,4,1,1,,,hmm-mixture/4/4/5/2
3.0,4,3125,2,13,900,200,constant-mc,average,1,1.0,4,1,1,,,hmm-mixture/4/4/5/2
3.0,4,3125,2,13,900,200,constant-mc,pam,1,1.0,4,1,1,1,0,hmm-mixture/4/4/5/2
3.0,4,3125,2,13,1000,200,constant-mc,single,1,1.0,4,1,1,,,hmm-mixture/4/4/5/2
3.0,4,3125,2,13,1000,200,constant-mc,complete,1,1.0,4,1,1,,,hmm-mixture/4/4/5/2
3.0,4,3125,2,13,1000,200,constant-mc,average,1,1.0,4,1,1,,,hmm-mixture/4/4/5/2
3.0,4,3125,2,13,1000,200,constant-mc,pam,1,1.0,4,1,1,1,0,hmm-mixture/4/4/5/2
3.0,4,3125,2,14,100,200,constant-mc,single,0,0.00019362563385381964,82,0,0,,,hmm-mixture/4/4/5/2
3.0,4,3125,2,14,100,200,constant-mc,complete,0,0.7399119656461006,82,0,0,,,hmm-mixture/4/4/5/2
3.0,4,3125,2,14,100,200,constant-mc,average,0,0.9364552190575268,82,0,0,,,hmm-mixture/4/4/5/2
3.0,4,3125,2,14,100,200,constant-mc,pam,0,0.7288193894209972,82,0,0,1,0,hmm-mixture/4/4/5/2
3.0,4,3125,2,14,200,200,constant-mc,single,0,-0.004590034273460661,3,0,0,,,hmm-mixture/4/4/5/2
3.0,4,3125,2,14,200,200,constant-mc,complete,1,1.0,3,0,0,,,hmm-mixture/4/4/5/2
3.0,4,3125,2,14,200,200,constant-mc,average,1,1.0,3,0,0,,,hmm-mixture/4/4/5/2
3.0,4,3125,2,14,200,200,constant-mc,pam,0,0.8915967663221741,3,0,0,1,0,hmm-mixture/4/4/5/2
3.0,4,3125,2,14,300,200,constant-mc,single,0,0.6407987247976612,4,1,0,,,hmm-mixture/4/4/5/2
3.0,4,3125,2,14,300,200,constant-mc,complete,0,0.9849786644530365,4,1,0,,,hmm-mixture/4/4/5/2
3.0,4,3125,2,14,300,200,constant-mc,average,0,0.9849786644530365,4,1,0,,,hmm-mixture/4/4/5/2
3.0,4,3125,2,14,300,200,constant-mc,pam,0,0.975839633442318,4,1,0,1,0,hmm-mixture/4/4/5/2
3.0,4,3125,2,14,400,200,constant-mc,single,0,0.6407987247976612,4,1,0,,,hmm-mixture/4/4/5/2
3.0,4,3125,2,14,400,200,constant-mc,complete,1,1.0,4,1,1,,,hmm-mixture/4/4/5/2
3.0,4,3125,2,14,400,200,constant-mc,average,1,1.0,4,1,1,,,hmm-mixture/4/4/5/2
3.0,4,3125,2,14,400,200,constant-mc,pam,1,1.0,4,1,1,1,0,hmm-mixture/4/4/5/2
3.0,4,3125,2,14,500,200,constant-mc,single,1,1.0,4,1,1,,,hmm-mixture/4/4/5/2
3.0,4,3125,2,14,500,200,constant-mc,complete,1,1.0,4,1,1,,,hmm-mixture/4/4/5/2
3.0,4,3125,2,14,500,200,constant-mc,average,1,1.0,4,1,1,,,hmm-mixture/4/4/5/2
3.0,4,3125,2,14,500,200,constant-mc,pam,1,1.0,4,1,1,1,0,hmm-mixture/4/4/5/2
3.0,4,3125,2,14,600,200,constant-mc,single,1,1.0,4,1,1,,,hmm-mixture/4/4/5/2
3.0,4,3125,2,14,600,200,constant-mc,complete,1,1.0,4,1,1,,,hmm-mixture/4/4/5/2
3.0,4,3125,2,14,600,200,constant-mc,average,1,1.0,4,1,1,,,hmm-mixture/4/4/5/2
3.0,4,3125,2,14,600,200,constant-mc,pam,1,1.0,4,1,1,1,0,hmm-mixture/4/4/5/2
3.0,4,3125,2,14,700,200,constant-mc,single,1,1.0,4,1,1,,,hmm-mixture/4/4/5/2
3.0,4,3125,2,14,700,200,constant-mc,complete,1,1.0,4,1,1,,,hmm-mixture/4/4/5/2
3.0,4,3125,2,14,700,200,constant-mc,average,1,1.0,4,1,1,,,hmm-mixture/4/4/5/2
3.0,4,3125,2,14,700,200,constant-mc,pam,1,1.0,4,1,1,1,0,hmm-mixture/4/4/5/2
3.0,4,3125,2,14,800,200,constant-mc,single,1,1.0,4,1,1,,,hmm-mixture/4/4/5/2
3.0,4,3125,2,14,800,200,constant-mc,complete,1,1.0,4,1,1,,,hmm-mixture/4/4/5/2
3.0,4,3125,2,14,800,200,constant-mc,average,1,1.0,4,1,1,,,hmm-mixture/4/4/5/2
3.0,4,3125,2,14,800,200,constant-mc,pam,1,1.0,4,1,1,1,0,hmm-mixture/4/4/5/2
3.0,4,3125,2,14,900,200,constant-mc,single,1,1.0,4,1,1,,,hmm-mixture/4/4/5/2
3.0,4,3125,2,14,900,200,constant-mc,complete,1,1.0,4,1,1,,,hmm-mixture/4/4/5/2
3.0,4,3125,2,14,900,200,constant-mc,average,1,1.0,4,1,1,,,hmm-mixture/4/4/5/2
3.0,4,3125,2,14,900,200,constant-mc,pam,1,1.0,4,1,1,1,0,hmm-mixture/4/4/5/2
3.0,4,3125,2,14,1000,200,constant-mc,single,1,1.0,4,1,1,,,hmm-mixture/4/4/5/2
3.0,4,3125,2,14,1000,200,constant-mc,complete,1,1.0,4,1,1,,,hmm-mixture/4/4/5/2
3.0,4,3125,2,14,1000,200,constant-mc,average,1,1.0,4,1,1,,,hmm-mixture/4/4/5/2
3.0,4,3125,2,14,1000,200,constant-mc,pam,1,1.0,4,1,1,1,0,hmm-mixture/4/4/5/2
3.0,4,3125,2,15,100,200,constant-mc,single,0,-0.0014798815079494429,20,0,0,,,hmm-mixture/4/4/5/2
3.0,4,3125,2,15,100,200,constant-mc,complete,0,0.8438486629526905,20,0,0,,,hmm-mixture/4/4/5/2
3.0,4,3125,2,15,100,200,constant-mc,average,0,0.8914731180813988,20,0,0,,,hmm-mixture/4/4/5/2
3.0,4,3125,2,15,100,200,constant-mc,pam,0,0.6568586459657735,20,0,0,1,0,hmm-mixture/4/4/5/2
3.0,4,3125,2,15,200,200,constant-mc,single,0,4.655311815384705e-05,6,0,0,,,hmm-mixture/4/4/5/2
3.0,4,3125,2,15,200,200,constant-mc,complete,0,0.9881554997842756,6,0,0,,,hmm-mixture/4/4/5/2
3.0,4,3125,2,15,200,200,constant-mc,average,0,0.9881672537801471,6,0,0,,,hmm-mixture/4/4/5/2
3.0,4,3125,2,15,200,200,constant-mc,pam,0,0.9727628774922678,6,0,0,1,0,hmm-mixture/4/4/5/2
3.0,4,3125,2,15,300,200,constant-mc,single,0,0.6215687764315956,4,1,0,,,hmm-mixture/4/4/5/2
3.0,4,3125,2,15,300,200,constant-mc,complete,1,1.0,4,1,1,,,hmm-mixture/4/4/5/2
3.0,4,3125,2,15,300,200,constant-mc,average,0,0.9881554997842756,4,1,0,,,hmm-mixture/4/4/5/2
3.0,4,3125,2,15,300,200,constant-mc,pam,0,0.9554552640194774,4,1,0,1,0,hmm-mixture/4/4/5/2
3.0,4,3125,2,15,400,200,constant-mc,single,1,1.0,4,1,1,,,hmm-mixture/4/4/5/2
3.0,4,3125,2,15,400,200,constant-mc,complete,1,1.0,4,1,1,,,hmm-mixture/4/4/5/2
3.0,4,3125,2,15,400,200,constant-mc,average,1,1.0,4,1,1,,,hmm-mixture/4/4/5/2
3.0,4,3125,2,15,400,200,constant-mc,pam,1,1.0,4,1,1,1,0,hmm-mixture/4/4/5/2
3.0,4,3125,2,15,500,200,constant-mc,single,1,1.0,4,1,1,,,hmm-mixture/4/4/5/2
3.0,4,3125,2,15,500,200,constant-mc,complete,1,1.0,4,1,1,,,hmm-mixture/4/4/5/2
3.0,4,3125,2,15,500,200,constant-mc,average,1,1.0,4,1,1,,,hmm-mixture/4/4/5/2
3.0,4,3125,2,15,500,200,constant-mc,pam,1,1.0,4,1,1,1,0,hmm-mixture/4/4/5/2
3.0,4,3125,2,15,600,200,constant-mc,single,1,1.0,4,1,1,,,hmm-mixture/4/4/5/2
3.0,4,3125,2,15,600,200,constant-mc,complete,1,1.0,4,1,1,,,hmm-mixture/4/4/5/2
3.0,4,3125,2,15,600,200,constant-mc,average,1,1.0,4,1,1,,,hmm-mixture/4/4/5/2
3.0,4,3125,2,15,600,200,constant-mc,pam,1,1.0,4,1,1,1,0,hmm-mixture/4/4/5/2
3.0,4,3125,2,15,700,200,constant-mc,single,1,1.0,4,1,1,,,hmm-mixture/4/4/5/2
3.0,4,3125,2,15,700,200,constant-mc,complete,1,1.0,4,1,1,,,hmm-mixture/4/4/5/2
3.0,4,3125,2,15,700,200,constant-mc,average,1,1.0,4,1,1,,,hmm-mixture/4/4/5/2
3.0,4,3125,2,15,700,200,constant-mc,pam,1,1.0,4,1,1,1,0,hmm-mixture/4/4/5/2
3.0,4,3125,2,15,800,200,constant-mc,single,1,1.0,4,1,1,,,hmm-mixture/4/4/5/2
3.0,4,3125,2,15,800,200,constant-mc,complete,1,1.0,4,1,1,,,hmm-mixture/4/4/5/2
3.0,4,3125,2,15,800,200,constant-mc,average,1,1.0,4,1,1,,,hmm-mixture/4/4/5/2
3.0,4,3125,2,15,800,200,constant-mc,pam,1,1.0,4,1,1,1,0,hmm-mixture/4/4/5/2
3.0,4,3125,2,15,900,200,constant-mc,single,1,1.0,4,1,1,,,hmm-mixture/4/4/5/2
3.0,4,3125,2,15,900,200,constant-mc,complete,1,1.0,4,1,1,,,hmm-mixture/4/4/5/2
3.0,4,3125,2,15,900,200,constant-mc,average,1,1.0,4,1,1,,,hmm-mixture/4/4/5/2
3.0,4,3125,2,15,900,200,constant-mc,pam,1,1.0,4,1,1,1,0,hmm-mixture/4/4/5/2
3.0,4,3125,2,15,1000,200,constant-mc,single,1,1.0,4,1,1,,,hmm-mixture/4/4/5/2
3.0,4,3125,2,15,1000,200,constant-mc,complete,1,1.0,4,1,1,,,hmm-mixture/4/4/5/2
3.0,4,3125,2,15,1000,200,constant-mc,average,1,1.0,4,1,1,,,hmm-mixture/4/4/5/2
3.0,4,3125,2,15,1000,200,constant-mc,pam,1,1.0,4,1,1,1,0,hmm-mixture/4/4/5/2
3.0,4,3125,2,16,100,200,constant-mc,single,0,0.0003531510533019169,22,0,0,,,hmm-mixture/4/4/5/2
3.0,4,3125,2,16,100,200,constant-mc,complete,0,0.9627275149996415,22,0,0,,,hmm-mixture/4/4/5/2
3.0,4,3125,2,16,100,200,constant-mc,average,0,0.9745880775187424,22,0,0,,,hmm-mixture/4/4/5/2
3.0,4,3125,2,16,100,200,constant-mc,pam,0,0.7121321516732954,22,0,0,1,0,hmm-mixture/4/4/5/2
3.0,4,3125,2,16,200,200,constant-mc,single,0,0.7791528517745075,4,1,0,,,hmm-mixture/4/4/5/2
3.0,4,3125,2,16,200,200,constant-mc,complete,1,1.0,4,1,1,,,hmm-mixture/4/4/5/2
3.0,4,3125,2,16,200,200,constant-mc,average,1,1.0,4,1,1,,,hmm-mixture/4/4/5/2
3.0,4,3125,2,16,200,200,constant-mc,pam,0,0.9489929341057608,4,1,0,1,0,hmm-mixture/4/4/5/2
3.0,4,3125,2,16,300,200,constant-mc,single,1,1.0,4,1,1,,,hmm-mixture/4/4/5/2
3.0,4,3125,2,16,300,200,constant-mc,complete,1,1.0,4,1,1,,,hmm-mixture/4/4/5/2
3.0,4,3125,2,16,300,200,constant-mc,average,1,1.0,4,1,1,,,hmm-mixture/4/4/5/2
3.0,4,3125,2,16,300,200,constant-mc,pam,0,0.9631877911356165,4,1,0,1,0,hmm-mixture/4/4/5/2
3.0,4,3125,2,16,400,200,constant-mc,single,1,1.0,4,1,1,,,hmm-mixture/4/4/5/2
3.0,4,3125,2,16,400,200,constant-mc,complete,1,1.0,4,1,1,,,hmm-mixture/4/4/5/2
3.0,4,3125,2,16,400,200,constant-mc,average,1,1.0,4,1,1,,,hmm-mixture/4/4/5/2
3.0,4,3125,2,16,400,200,constant-mc,pam,1,1.0,4,1,1,1,0,hmm-mixture/4/4/5/2
3.0,4,3125,2,16,500,200,constant-mc,single,1,1.0,4,1,1,,,hmm-mixture/4/4/5/2
3.0,4,3125,2,16,500,200,constant-mc,complete,1,1.0,4,1,1,,,hmm-mixture/4/4/5/2
3.0,4,3125,2,16,500,200,constant-mc,average,1,1.0,4,1,1,,,hmm-mixture/4/4/5/2
3.0,4,3125,2,16,500,200,constant-mc,pam,1,1.0,4,1,1,1,0,hmm-mixture/4/4/5/2
3.0,4,3125,2,16,600,200,constant-mc,single,1,1.0,4,1,1,,,hmm-mixture/4/4/5/2
3.0,4,3125,2,16,600,200,constant-mc,complete,1,1.0,4,1,1,,,hmm-mixture/4/4/5/2
3.0,4,3125,2,16,600,200,constant-mc,average,1,1.0,4,1,1,,,hmm-mixture/4/4/5/2
3.0,4,3125,2,16,600,200,constant-mc,pam,1,1.0,4,1,1,1,0,hmm-mixture/4/4/5/2
3.0,4,3125,2,16,700,200,constant-mc,single,1,1.0,4,1,1,,,hmm-mixture/4/4/5/2
3.0,4,3125,2,16,700,200,constant-mc,complete,1,1.0,4,1,1,,,hmm-mixture/4/4/5/2
3.0,4,3125,2,16,700,200,constant-mc,average,1,1.0,4,1,1,,,hmm-mixture/4/4/5/2
3.0,4,3125,2,16,700,200,constant-mc,pam,1,1.0,4,1,1,1,0,hmm-mixture/4/4/5/2
3.0,4,3125,2,16,800,200,constant-mc,single,1,1.0,4,1,1,,,hmm-mixture/4/4/5/2
3.0,4,3125,2,16,800,200,constant-mc,complete,1,1.0,4,1,1,,,hmm-mixture/4/4/5/2
3.0,4,3125,2,16,800,200,constant-mc,average,1,1.0,4,1,1,,,hmm-mixture/4/4/5/2
3.0,4,3125,2,16,800,200,constant-mc,pam,1,1.0,4,1,1,1,0,hmm-mixture/4/4/5/2
3.0,4,3125,2,16,900,200,constant-mc,single,1,1.0,4,1,1,,,hmm-mixture/4/4/5/2
3.0,4,3125,2,16,900,200,constant-mc,complete,1,1.0,4,1,1,,,hmm-mixture/4/4/5/2
3.0,4,3125,2,16,900,200,constant-mc,average,1,1.0,4,1,1,,,hmm-mixture/4/4/5/2
3.0,4,3125,2,16,900,200,constant-mc,pam,1,1.0,4,1,1,1,0,hmm-mixture/4/4/5/2
3.0,4,3125,2,16,1000,200,constant-mc,single,1,1.0,4,1,1,,,hmm-mixture/4/4/5/2
3.0,4,3125,2,16,1000,200,constant-mc,complete,1,1.0,4,1,1,,,hmm-mixture/4/4/5/2
3.0,4,3125,2,16,1000,200,constant-mc,average,1,1.0,4,1,1,,,hmm-mixture/4/4/5/2
3.0,4,3125,2,16,1000,200,constant-mc,pam,1,1.0,4,1,1,1,0,hmm-mixture/4/4/5/2
3.0,4,3125,2,17,100,200,constant-mc,single,0,0.0058224703093103245,14,0,0,,,hmm-mixture/4/4/5/2
3.0,4,3125,2,17,100,200,constant-mc,complete,0,0.8709541611737928,14,0,0,,,hmm-mixture/4/4/5/2
3.0,4,3125,2,17,100,200,constant-mc,average,0,0.9083562669133632,14,0,0,,,hmm-mixture/4/4/5/2
3.0,4,3125,2,17,100,200,constant-mc,pam,0,0.6873287254279087,14,0,0,1,0,hmm-mixture/4/4/5/2
3.0,4,3125,2,17,200,200,constant-mc,single,0,0.0023902479462270896,3,0,0,,,hmm-mixture/4/4/5/2
3.0,4,3125,2,17,200,200,constant-mc,complete,0,0.9869598133435893,3,0,0,,,hmm-mixture/4/4/5/2
3.0,4,3125,2,17,200,200,constant-mc,average,1,1.0,3,0,0,,,hmm-mixture/4/4/5/2
3.0,4,3125,2,17,200,200,constant-mc,pam,0,0.9195453273483596,3,0,0,1,0,hmm-mixture/4/4/5/2
3.0,4,3125,2,17,300,200,constant-mc,single,0,0.26081267894061927,4,1,0,,,hmm-mixture/4/4/5/2
3.0,4,3125,2,17,300,200,constant-mc,complete,1,1.0,4,1,1,,,hmm-mixture/4/4/5/2
3.0,4,3125,2,17,300,200,constant-mc,average,1,1.0,4,1,1,,,hmm-mixture/4/4/5/2
3.0,4,3125,2,17,300,200,constant-mc,pam,0,0.9887140939382374,4,1,0,1,0,hmm-mixture/4/4/5/2
3.0,4,3125,2,17,400,200,constant-mc,single,0,0.7285952385395834,4,1,0,,,hmm-mixture/4/4/5/2
3.0,4,3125,2,17,400,200,constant-mc,complete,1,1.0,4,1,1,,,hmm-mixture/4/4/5/2
3.0,4,3125,2,17,400,200,constant-mc,average,1,1.0,4,1,1,,,hmm-mixture/4/4/5/2
3.0,4,3125,2,17,400,200,constant-mc,pam,1,1.0,4,1,1,1,0,hmm-mixture/4/4/5/2
3.0,4,3125,2,17,500,200,constant-mc,single,1,1.0,4,1,1,,,hmm-mixture/4/4/5/2
3.0,4,3125,2,17,500,200,constant-mc,complete,1,1.0,4,1,1,,,hmm-mixture/4/4/5/2
3.0,4,3125,2,17,500,200,constant-mc,average,1,1.0,4,1,1,,,hmm-mixture/4/4/5/2
3.0,4,3125,2,17,500,200,constant-mc,pam,1,1.0,4,1,1,1,0,hmm-mixture/4/4/5/2
3.0,4,3125,2,17,600,200,constant-mc,single,1,1.0,4,1,1,,,hmm-mixture/4/4/5/2
3.0,4,3125,2,17,600,200,constant-mc,complete,1,1.0,4,1,1,,,hmm-mixture/4/4/5/2
3.0,4,3125,2,17,600,200,constant-mc,average,1,1.0,4,1,1,,,hmm-mixture/4/4/5/2
3.0,4,3125,2,17,600,200,constant-mc,pam,1,1.0,4,1,1,1,0,hmm-mixture/4/4/5/2
3.0,4,3125,2,17,700,200,constant-mc,single,1,1.0,4,1,1,,,hmm-mixture/4/4/5/2
3.0,4,3125,2,17,700,200,constant-mc,complete,1,1.0,4,1,1,,,hmm-mixture/4/4/5/2
3.0,4,3125,2,17,700,200,constant-mc,average,1,1.0,4,1,1,,,hmm-mixture/4/4/5/2
3.0,4,3125,2,17,700,200,constant-mc,pam,1,1.0,4,1,1,1,0,hmm-mixture/4/4/5/2
3.0,4,3125,2,17,800,200,constant-mc,single,1,1.0,4,1,1,,,hmm-mixture/4/4/5/2
3.0,4,3125,2,17,800,200,constant-mc,complete,1,1.0,4,1,1,,,hmm-mixture/4/4/5/2
3.0,4,3125,2,17,800,200,constant-mc,average,1,1.0,4,1,1,,,hmm-mixture/4/4/5/2
3.0,4,3125,2,17,800,200,constant-mc,pam,1,1.0,4,1,1,1,0,hmm-mixture/4/4/5/2
3.0,4,3125,2,17,900,200,constant-mc,single,1,1.0,4,1,1,,,hmm-mixture/4/4/5/2
3.0,4,3125,2,17,900,200,constant-mc,complete,1,1.0,4,1,1,,,hmm-mixture/4/4/5/2
3.0,4,3125,2,17,900,200,constant-mc,average,1,1.0,4,1,1,,,hmm-mixture/4/4/5/2
3.0,4,3125,2,17,900,200,constant-mc,pam,1,1.0,4,1,1,1,0,hmm-mixture/4/4/5/2
3.0,4,3125,2,17,1000,200,constant-mc,single,1,1.0,4,1,1,,,hmm-mixture/4/4/5/2
3.0,4,3125,2,17,1000,200,constant-mc,complete,1,1.0,4,1,1,,,hmm-mixture/4/4/5/2
3.0,4,3125,2,17,1000,200,constant-mc,average,1,1.0,4,1,1,,,hmm-mixture/4/4/5/2
3.0,4,3125,2,17,1000,200,constant-mc,pam,1,1.0,4,1,1,1,0,hmm-mixture/4/4/5/2
3.0,4,3125,2,18,100,200,constant-mc,single,0,0.000959120710666027,90,0,0,,,hmm-mixture/4/4/5/2
3.0,4,3125,2,18,100,200,constant-mc,complete,0,0.6581436174535974,90,0,0,,,hmm-mixture/4/4/5/2
3.0,4,3125,2,18,100,200,constant-mc,average,0,0.9446730427046264,90,0,0,,,hmm-mixture/4/4/5/2
3.0,4,3125,2,18,100,200,constant-mc,pam,0,0.6463169895307931,90,0,0,1,0,hmm-mixture/4/4/5/2
3.0,4,3125,2,18,200,200,constant-mc,single,0,0.35916201893707644,4,1,0,,,hmm-mixture/4/4/5/2
3.0,4,3125,2,18,200,200,constant-mc,complete,0,0.9862736838721645,4,1,0,,,hmm-mixture/4/4/5/2
3.0,4,3125,2,18,200,200,constant-mc,average,0,0.9862736838721645,4,1,0,,,hmm-mixture/4/4/5/2
3.0,4,3125,2,18,200,200,constant-mc,pam,0,0.9848187819893177,4,1,0,1,0,hmm-mixture/4/4/5/2
3.0,4,3125,2,18,300,200,constant-mc,single,0,0.6986158737807685,4,1,0,,,hmm-mixture/4/4/5/2
3.0,4,3125,2,18,300,200,constant-mc,complete,1,1.0,4,1,1,,,hmm-mixture/4/4/5/2
3.0,4,3125,2,18,300,200,constant-mc,average,1,1.0,4,1,1,,,hmm-mixture/4/4/5/2
3.0,4,3125,2,18,300,200,constant-mc,pam,0,0.9862736838721645,4,1,0,1,0,hmm-mixture/4/4/5/2
3.0,4,3125,2,18,400,200,constant-mc,single,1,1.0,4,1,1,,,hmm-mixture/4/4/5/2
3.0,4,3125,2,18,400,200,constant-mc,complete,1,1.0,4,1,1,,,hmm-mixture/4/4/5/2
3.0,4,3125,2,18,400,200,constant-mc,average,1,1.0,4,1,1,,,hmm-mixture/4/4/5/2
3.0,4,3125,2,18,400,200,constant-mc,pam,0,0.9848187819893177,4,1,0,1,0,hmm-mixture/4/4/5/2
3.0,4,3125,2,18,500,200,constant-mc,single,1,1.0,4,1,1,,,hmm-mixture/4/4/5/2
3.0,4,3125,2,18,500,200,constant-mc,complete,1,1.0,4,1,1,,,hmm-mixture/4/4/5/2
3.0,4,3125,2,18,500,200,constant-mc,average,1,1.0,4,1,1,,,hmm-mixture/4/4/5/2
3.0,4,3125,2,18,500,200,constant-mc,pam,1,1.0,4,1,1,1,0,hmm-mixture/4/4/5/2
3.0,4,3125,2,18,600,200,constant-mc,single,1,1.0,4,1,1,,,hmm-mixture/4/4/5/2
3.0,4,3125,2,18,600,200,constant-mc,complete,1,1.0,4,1,1,,,hmm-mixture/4/4/5/2
3.0,4,3125,2,18,600,200,constant-mc,average,1,1.0,4,1,1,,,hmm-mixture/4/4/5/2
3.0,4,3125,2,18,600,200,constant-mc,pam,0,0.9862736838721645,4,1,0,1,0,hmm-mixture/4/4/5/2
3.0,4,3125,2,18,700,200,constant-mc,single,1,1.0,4,1,1,,,hmm-mixture/4/4/5/2
3.0,4,3125,2,18,700,200,constant-mc,complete,1,1.0,4,1,1,,,hmm-mixture/4/4/5/2
3.0,4,3125,2,18,700,200,constant-mc,average,1,1.0,4,1,1,,,hmm-mixture/4/4/5/2
3.0,4,3125,2,18,700,200,constant-mc,pam,1,1.0,4,1,1,1,0,hmm-mixture/4/4/5/2
3.0,4,3125,2,18,800,200,constant-mc,single,1,1.0,4,1,1,,,hmm-mixture/4/4/5/2
3.0,4,3125,2,18,800,200,constant-mc,complete,1,1.0,4,1,1,,,hmm-mixture/4/4/5/2
3.0,4,3125,2,18,800,200,constant-mc,average,1,1.0,4,1,1,,,hmm-mixture/4/4/5/2
3.0,4,3125,2,18,800,200,constant-mc,pam,1,1.0,4,1,1,1,0,hmm-mixture/4/4/5/2
3.0,4,3125,2,18,900,200,constant-mc,single,1,1.0,4,1,1,,,hmm-mixture/4/4/5/2
3.0,4,3125,2,18,900,200,constant-mc,complete,1,1.0,4,1,1,,,hmm-mixture/4/4/5/2
3.0,4,3125,2,18,900,200,constant-mc,average,1,1.0,4,1,1,,,hmm-mixture/4/4/5/2
3.0,4,3125,2,18,900,200,constant-mc,pam,1,1.0,4,1,1,1,0,hmm-mixture/4/4/5/2
3.0,4,3125,2,18,1000,200,constant-mc,single,1,1.0,4,1,1,,,hmm-mixture/4/4/5/2
3.0,4,3125,2,18,1000,200,constant-mc,complete,1,1.0,4,1,1,,,hmm-mixture/4/4/5/2
3.0,4,3125,2,18,1000,200,constant-mc,average,1,1.0,4,1,1,,,hmm-mixture/4/4/5/2
3.0,4,3125,2,18,1000,200,constant-mc,pam,1,1.0,4,1,1,1,0,hmm-mixture/4/4/5/2
3.0,4,3125,2,19,100,200,constant-mc,single,0,0.00937699288916844,13,0,0,,,hmm-mixture/4/4/5/2
3.0,4,3125,2,19,100,200,constant-mc,complete,0,0.8541264772641167,13,0,0,,,hmm-mixture/4/4/5/2
3.0,4,3125,2,19,100,200,constant-mc,average,0,0.8412866419141762,13,0,0,,,hmm-mixture/4/4/5/2
3.0,4,3125,2,19,100,200,constant-mc,pam,0,0.5108580022573765,13,0,0,1,0,hmm-mixture/4/4/5/2
3.0,4,3125,2,19,200,200,constant-mc,single,0,0.2613679993658728,4,1,0,,,hmm-mixture/4/4/5/2
3.0,4,3125,2,19,200,200,constant-mc,complete,0,0.9895251176558919,4,1,0,,,hmm-mixture/4/4/5/2
3.0,4,3125,2,19,200,200,constant-mc,average,0,0.9895158444632325,4,1,0,,,hmm-mixture/4/4/5/2
3.0,4,3125,2,19,200,200,constant-mc,pam,0,0.9409735407406268,4,1,0,1,0,hmm-mixture/4/4/5/2
3.0,4,3125,2,19,300,200,constant-mc,single,0,0.670103654868375,4,1,0,,,hmm-mixture/4/4/5/2
3.0,4,3125,2,19,300,200,constant-mc,complete,1,1.0,4,1,1,,,hmm-mixture/4/4/5/2
3.0,4,3125,2,19,300,200,constant-mc,average,1,1.0,4,1,1,,,hmm-mixture/4/4/5/2
3.0,4,3125,2,19,300,200,constant-mc,pam,1,1.0,4,1,1,1,0,hmm-mixture/4/4/5/2
3.0,4,3125,2,19,400,200,constant-mc,single,1,1.0,4,1,1,,,hmm-mixture/4/4/5/2
3.0,4,3125,2,19,400,200,constant-mc,complete,1,1.0,4,1,1,,,hmm-mixture/4/4/5/2
3.0,4,3125,2,19,400,200,constant-mc,average,1,1.0,4,1,1,,,hmm-mixture/4/4/5/2
3.0,4,3125,2,19,400,200,constant-mc,pam,1,1.0,4,1,1,1,0,hmm-mixture/4/4/5/2
3.0,4,3125,2,19,500,200,constant-mc,single,1,1.0,4,1,1,,,hmm-mixture/4/4/5/2
3.0,4,3125,2,19,500,200,constant-mc,complete,1,1.0,4,1,1,,,hmm-mixture/4/4/5/2
3.0,4,3125,2,19,500,200,constant-mc,average,1,1.0,4,1,1,,,hmm-mixture/4/4/5/2
3.0,4,3125,2,19,500,200,constant-mc,pam,1,1.0,4,1,1,1,0,hmm-mixture/4/4/5/2
3.0,4,3125,2,19,600,200,constant-mc,single,1,1.0,4,1,1,,,hmm-mixture/4/4/5/2
3.0,4,3125,2,19,600,200,constant-mc,complete,1,1.0,4,1,1,,,hmm-mixture/4/4/5/2
3.0,4,3125,2,19,600,200,constant-mc,average,1,1.0,4,1,1,,,hmm-mixture/4/4/5/2
3.0,4,3125,2,19,600,200,constant-mc,pam,1,1.0,4,1,1,1,0,hmm-mixture/4/4/5/2
3.0,4,3125,2,19,700,200,constant-mc,single,1,1.0,4,1,1,,,hmm-mixture/4/4/5/2
3.0,4,3125,2,19,700,200,constant-mc,complete,1,1.0,4,1,1,,,hmm-mixture/4/4/5/2
3.0,4,3125,2,19,700,200,constant-mc,average,1,1.0,4,1,1,,,hmm-mixture/4/4/5/2
3.0,4,3125,2,19,700,200,constant-mc,pam,1,1.0,4,1,1,1,0,hmm-mixture/4/4/5/2
3.0,4,3125,2,19,800,200,constant-mc,single,1,1.0,4,1,1,,,hmm-mixture/4/4/5/2
3.0,4,3125,2,19,800,200,constant-mc,complete,1,1.0,4,1,1,,,hmm-mixture/4/4/5/2
3.0,4,3125,2,19,800,200,constant-mc,average,1,1.0,4,1,1,,,hmm-mixture/4/4/5/2
3.0,4,3125,2,19,800,200,constant-mc,pam,1,1.0,4,1,1,1,0,hmm-mixture/4/4/5/2
3.0,4,3125,2,19,900,200,constant-mc,single,1,1.0,4,1,1,,,hmm-mixture/4/4/5/2
3.0,4,3125,2,19,900,200,constant-mc,complete,1,1.0,4,1,1,,,hmm-mixture/4/4/5/2
3.0,4,3125,2,19,900,200,constant-mc,average,1,1.0,4,1,1,,,hmm-mixture/4/4/5/2
3.0,4,3125,2,19,900,200,constant-mc,pam,1,1.0,4,1,1,1,0,hmm-mixture/4/4/5/2
3.0,4,3125,2,19,1000,200,constant-mc,single,1,1.0,4,1,1,,,hmm-mixture/4/4/5/2
3.0,4,3125,2,19,1000,200,constant-mc,complete,1,1.0,4,1,1,,,hmm-mixture/4/4/5/2
3.0,4,3125,2,19,1000,200,constant-mc,average,1,1.0,4,1,1,,,hmm-mixture/4/4/5/2
3.0,4,3125,2,19,1000,200,constant-mc,pam,1,1.0,4,1,1,1,0,hmm-mixture/4/4/5/2
3.0,4,3125,3,0,100,200,constant-mc,single,0,-0.0018378555112370202,19,0,0,,,hmm-mixture/4/4/5/3
3.0,4,3125,3,0,100,200,constant-mc,complete,0,0.6743886307578091,19,0,0,,,hmm-mixture/4/4/5/3
3.0,4,3125,3,0,100,200,constant-mc,average,0,0.9120955367832346,19,0,0,,,hmm-mixture/4/4/5/3
3.0,4,3125,3,0,100,200,constant-mc,pam,0,0.79921489534033,19,0,0,0,1,hmm-mixture/4/4/5/3
3.0,4,3125,3,0,200,200,constant-mc,single,0,0.0003695955234224568,5,0,0,,,hmm-mixture/4/4/5/3
3.0,4,3125,3,0,200,200,constant-mc,complete,1,1.0,5,0,0,,,hmm-mixture/4/4/5/3
3.0,4,3125,3,0,200,200,constant-mc,average,1,1.0,5,0,0,,,hmm-mixture/4/4/5/3
3.0,4,3125,3,0,200,200,constant-mc,pam,0,0.9163644036318218,5,0,0,1,0,hmm-mixture/4/4/5/3
3.0,4,3125,3,0,300,200,constant-mc,single,0,0.49066808829591835,5,0,0,,,hmm-mixture/4/4/5/3
3.0,4,3125,3,0,300,200,constant-mc,complete,1,1.0,5,0,0,,,hmm-mixture/4/4/5/3
3.0,4,3125,3,0,300,200,constant-mc,average,1,1.0,5,0,0,,,hmm-mixture/4/4/5/3
3.0,4,3125,3,0,300,200,constant-mc,pam,1,1.0,5,0,0,1,0,hmm-mixture/4/4/5/3
3.0,4,3125,3,0,400,200,constant-mc,single,0,0.794056522702311,4,1,0,,,hmm-mixture/4/4/5/3
3.0,4,3125,3,0,400,200,constant-mc,complete,1,1.0,4,1,1,,,hmm-mixture/4/4/5/3
3.0,4,3125,3,0,400,200,constant-mc,average,1,1.0,4,1,1,,,hmm-mixture/4/4/5/3
3.0,4,3125,3,0,400,200,constant-mc,pam,1,1.0,4,1,1,1,0,hmm-mixture/4/4/5/3
3.0,4,3125,3,0,500,200,constant-mc,single,0,0.794056522702311,4,1,0,,,hmm-mixture/4/4/5/3
3.0,4,3125,3,0,500,200,constant-mc,complete,1,1.0,4,1,1,,,hmm-mixture/4/4/5/3
3.0,4,3125,3,0,500,200,constant-mc,average,1,1.0,4,1,1,,,hmm-mixture/4/4/5/3
3.0,4,3125,3,0,500,200,constant-mc,pam,1,1.0,4,1,1,1,0,hmm-mixture/4/4/5/3
3.0,4,3125,3,0,600,200,constant-mc,single,1,1.0,4,1,1,,,hmm-mixture/4/4/5/3
3.0,4,3125,3,0,600,200,constant-mc,complete,1,1.0,4,1,1,,,hmm-mixture/4/4/5/3
3.0,4,3125,3,0,600,200,constant-mc,average,1,1.0,4,1,1,,,hmm-mixture/4/4/5/3
3.0,4,3125,3,0,600,200,constant-mc,pam,1,1.0,4,1,1,1,0,hmm-mixture/4/4/5/3
3.0,4,3125,3,0,700,200,constant-mc,single,1,1.0,4,1,1,,,hmm-mixture/4/4/5/3
3.0,4,3125,3,0,700,200,constant-mc,complete,1,1.0,4,1,1,,,hmm-mixture/4/4/5/3
3.0,4,3125,3,0,700,200,constant-mc,average,1,1.0,4,1,1,,,hmm-mixture/4/4/5/3
3.0,4,3125,3,0,700,200,constant-mc,pam,1,1.0,4,1,1,1,0,hmm-mixture/4/4/5/3
3.0,4,3125,3,0,800,200,constant-mc,single,1,1.0,4,1,1,,,hmm-mixture/4/4/5/3
3.0,4,3125,3,0,800,200,constant-mc,complete,1,1.0,4,1,1,,,hmm-mixture/4/4/5/3
3.0,4,3125,3,0,800,200,constant-mc,average,1,1.0,4,1,1,,,hmm-mixture/4/4/5/3
3.0,4,3125,3,0,800,200,constant-mc,pam,1,1.0,4,1,1,1,0,hmm-mixture/4/4/5/3
3.0,4,3125,3,0,900,200,constant-mc,single,1,1.0,4,1,1,,,hmm-mixture/4/4/5/3
3.0,4,3125,3,0,900,200,constant-mc,complete,1,1.0,4,1,1,,,hmm-mixture/4/4/5/3
3.0,4,3125,3,0,900,200,constant-mc,average,1,1.0,4,1,1,,,hmm-mixture/4/4/5/3
3.0,4,3125,3,0,900,200,constant-mc,pam,1,1.0,4,1,1,1,0,hmm-mixture/4/4/5/3
3.0,4,3125,3,0,1000,200,constant-mc,single,1,1.0,4,1,1,,,hmm-mixture/4/4/5/3
3.0,4,3125,3,0,1000,200,constant-mc,complete,1,1.0,4,1,1,,,hmm-mixture/4/4/5/3
3.0,4,3125,3,0,1000,200,constant-mc,average,1,1.0,4,1,1,,,hmm-mixture/4/4/5/3
3.0,4,3125,3,0,1000,200,constant-mc,pam,1,1.0,4,1,1,1,0,hmm-mixture/4/4/5/3
3.0,4,3125,3,1,100,200,constant-mc,single,0,0.002391462265322626,25,0,0,,,hmm-mixture/4/4/5/3
3.0,4,3125,3,1,100,200,constant-mc,complete,0,0.6652825120657694,25,0,0,,,hmm-mixture/4/4/5/3
3.0,4,3125,3,1,100,200,constant-mc,average,0,0.8666327620376699,25,0,0,,,hmm-mixture/4/4/5/3
3.0,4,3125,3,1,100,200,constant-mc,pam,0,0.5986302561327514,25,0,0,1,0,hmm-mixture/4/4/5/3
3.0,4,3125,3,1,200,200,constant-mc,single,0,0.002391462265322626,6,0,0,,,hmm-mixture/4/4/5/3
3.0,4,3125,3,1,200,200,constant-mc,complete,0,0.9637254562280493,6,0,0,,,hmm-mixture/4/4/5/3
3.0,4,3125,3,1,200,200,constant-mc,average,0,0.9642683746024495,6,0,0,,,hmm-mixture/4/4/5/3
3.0,4,3125,3,1,200,200,constant-mc,pam,0,0.9234428758608221,6,0,0,1,0,hmm-mixture/4/4/5/3
3.0,4,3125,3,1,300,200,constant-mc,single,0,0.7297991180615181,4,1,0,,,hmm-mixture/4/4/5/3
3.0,4,3125,3,1,300,200,constant-mc,complete,0,0.98638080464525,4,1,0,,,hmm-mixture/4/4/5/3
3.0,4,3125,3,1,300,200,constant-mc,average,1,1.0,4,1,1,,,hmm-mixture/4/4/5/3
3.0,4,3125,3,1,300,200,constant-mc,pam,0,0.9751946134500631,4,1,0,1,0,hmm-mixture/4/4/5/3
3.0,4,3125,3,1,400,200,constant-mc,single,0,0.3799006964462394,4,1,0,,,hmm-mixture/4/4/5/3
3.0,4,3125,3,1,400,200,constant-mc,complete,1,1.0,4,1,1,,,hmm-mixture/4/4/5/3
3.0,4,3125,3,1,400,200,constant-mc,average,1,1.0,4,1,1,,,hmm-mixture/4/4/5/3
3.0,4,3125,3,1,400,200,constant-mc,pam,1,1.0,4,1,1,1,0,hmm-mixture/4/4/5/3
3.0,4,3125,3,1,500,200,constant-mc,single,0,0.7297991180615181,4,1,0,,,hmm-mixture/4/4/5/3
3.0,4,3125,3,1,500,200,constant-mc,complete,1,1.0,4,1,1,,,hmm-mixture/4/4/5/3
3.0,4,3125,3,1,500,200,constant-mc,average,1,1.0,4,1,1,,,hmm-mixture/4/4/5/3
3.0,4,3125,3,1,500,200,constant-mc,pam,1,1.0,4,1,1,1,0,hmm-mixture/4/4/5/3
3.0,4,3125,3,1,600,200,constant-mc,single,0,0.7297991180615181,4,1,0,,,hmm-mixture/4/4/5/3
3.0,4,3125,3,1,600,200,constant-mc,complete,1,1.0,4,1,1,,,hmm-mixture/4/4/5/3
3.0,4,3125,3,1,600,200,constant-mc,average,1,1.0,4,1,1,,,hmm-mixture/4/4/5/3
3.0,4,3125,3,1,600,200,constant-mc,pam,1,1.0,4,1,1,1,0,hmm-mixture/4/4/5/3
3.0,4,3125,3,1,700,200,constant-mc,single,0,0.7297991180615181,4,1,0,,,hmm-mixture/4/4/5/3
3.0,4,3125,3,1,700,200,constant-mc,complete,1,1.0,4,1,1,,,hmm-mixture/4/4/5/3
3.0,4,3125,3,1,700,200,constant-mc,average,1,1.0,4,1,1,,,hmm-mixture/4/4/5/3
3.0,4,3125,3,1,700,200,constant-mc,pam,1,1.0,4,1,1,1,0,hmm-mixture/4/4/5/3
3.0,4,3125,3,1,800,200,constant-mc,single,1,1.0,4,1,1,,,hmm-mixture/4/4/5/3
3.0,4,3125,3,1,800,200,constant-mc,complete,1,1.0,4,1,1,,,hmm-mixture/4/4/5/3
3.0,4,3125,3,1,800,200,constant-mc,average,1,1.0,4,1,1,,,hmm-mixture/4/4/5/3
3.0,4,3125,3,1,800,200,constant-mc,pam,1,1.0,4,1,1,1,0,hmm-mixture/4/4/5/3
3.0,4,3125,3,1,900,200,constant-mc,single,0,0.7297991180615181,4,1,0,,,hmm-mixture/4/4/5/3
3.0,4,3125,3,1,900,200,constant-mc,complete,1,1.0,4,1,1,,,hmm-mixture/4/4/5/3
3.0,4,3125,3,1,900,200,constant-mc,average,1,1.0,4,1,1,,,hmm-mixture/4/4/5/3
3.0,4,3125,3,1,900,200,constant-mc,pam,1,1.0,4,1,1,1,0,hmm-mixture/4/4/5/3
3.0,4,3125,3,1,1000,200,constant-mc,single,1,1.0,4,1,1,,,hmm-mixture/4/4/5/3
3.0,4,3125,3,1,1000,200,constant-mc,complete,1,1.0,4,1,1,,,hmm-mixture/4/4/5/3
3.0,4,3125,3,1,1000,200,constant-mc,average,1,1.0,4,1,1,,,hmm-mixture/4/4/5/3
3.0,4,3125,3,1,1000,200,constant-mc,pam,1,1.0,4,1,1,1,0,hmm-mixture/4/4/5/3
3.0,4,3125,3,2,100,200,constant-mc,single,0,-0.0009941272089417149,93,0,0,,,hmm-mixture/4/4/5/3
3.0,4,3125,3,2,100,200,constant-mc,complete,0,0.6540227256117704,93,0,0,,,hmm-mixture/4/4/5/3
3.0,4,3125,3,2,100,200,constant-mc,average,0,0.8610873295971908,93,0,0,,,hmm-mixture/4/4/5/3
3.0,4,3125,3,2,100,200,constant-mc,pam,0,0.5521678557072214,93,0,0,1,0,hmm-mixture/4/4/5/3
3.0,4,3125,3,2,200,200,constant-mc,single,0,0.0023325859466374033,6,0,0,,,hmm-mixture/4/4/5/3
3.0,4,3125,3,2,200,200,constant-mc,complete,1,1.0,6,0,0,,,hmm-mixture/4/4/5/3
3.0,4,3125,3,2,200,200,constant-mc,average,1,1.0,6,0,0,,,hmm-mixture/4/4/5/3
3.0,4,3125,3,2,200,200,constant-mc,pam,0,0.905084426119088,6,0,0,1,0,hmm-mixture/4/4/5/3
3.0,4,3125,3,2,300,200,constant-mc,single,0,0.7959824486723189,4,1,0,,,hmm-mixture/4/4/5/3
3.0,4,3125,3,2,300,200,constant-mc,complete,1,1.0,4,1,1,,,hmm-mixture/4/4/5/3
3.0,4,3125,3,2,300,200,constant-mc,average,1,1.0,4,1,1,,,hmm-mixture/4/4/5/3
3.0,4,3125,3,2,300,200,constant-mc,pam,0,0.9456589570488818,4,1,0,1,0,hmm-mixture/4/4/5/3
3.0,4,3125,3,2,400,200,constant-mc,single,0,0.31353930989854967,4,1,0,,,hmm-mixture/4/4/5/3
3.0,4,3125,3,2,400,200,constant-mc,complete,1,1.0,4,1,1,,,hmm-mixture/4/4/5/3
3.0,4,3125,3,2,400,200,constant-mc,average,1,1.0,4,1,1,,,hmm-mixture/4/4/5/3
3.0,4,3125,3,2,400,200,constant-mc,pam,0,0.988263015251173,4,1,0,1,0,hmm-mixture/4/4/5/3
3.0,4,3125,3,2,500,200,constant-mc,single,0,0.7959824486723189,4,1,0,,,hmm-mixture/4/4/5/3
3.0,4,3125,3,2,500,200,constant-mc,complete,1,1.0,4,1,1,,,hmm-mixture/4/4/5/3
3.0,4,3125,3,2,500,200,constant-mc,average,1,1.0,4,1,1,,,hmm-mixture/4/4/5/3
3.0,4,3125,3,2,500,200,constant-mc,pam,1,1.0,4,1,1,1,0,hmm-mixture/4/4/5/3
3.0,4,3125,3,2,600,200,constant-mc,single,1,1.0,4,1,1,,,hmm-mixture/4/4/5/3
3.0,4,3125,3,2,600,200,constant-mc,complete,1,1.0,4,1,1,,,hmm-mixture/4/4/5/3
3.0,4,3125,3,2,600,200,constant-mc,average,1,1.0,4,1,1,,,hmm-mixture/4/4/5/3
3.0,4,3125,3,2,600,200,constant-mc,pam,1,1.0,4,1,1,1,0,hmm-mixture/4/4/5/3
3.0,4,3125,3,2,700,200,constant-mc,single,1,1.0,4,1,1,,,hmm-mixture/4/4/5/3
3.0,4,3125,3,2,700,200,constant-mc,complete,1,1.0,4,1,1,,,hmm-mixture/4/4/5/3
3.0,4,3125,3,2,700,200,constant-mc,average,1,1.0,4,1,1,,,hmm-mixture/4/4/5/3
3.0,4,3125,3,2,700,200,constant-mc,pam,1,1.0,4,1,1,1,0,hmm-mixture/4/4/5/3
3.0,4,3125,3,2,800,200,constant-mc,single,1,1.0,4,1,1,,,hmm-mixture/4/4/5/3
3.0,4,3125,3,2,800,200,constant-mc,complete,1,1.0,4,1,1,,,hmm-mixture/4/4/5/3
3.0,4,3125,3,2,800,200,constant-mc,average,1,1.0,4,1,1,,,hmm-mixture/4/4/5/3
3.0,4,3125,3,2,800,200,constant-mc,pam,1,1.0,4,1,1,1,0,hmm-mixture/4/4/5/3
3.0,4,3125,3,2,900,200,constant-mc,single,1,1.0,4,1,1,,,hmm-mixture/4/4/5/3
3.0,4,3125,3,2,900,200,constant-mc,complete,1,1.0,4,1,1,,,hmm-mixture/4/4/5/3
3.0,4,3125,3,2,900,200,constant-mc,average,1,1.0,4,1,1,,,hmm-mixture/4/4/5/3
3.0,4,3125,3,2,900,200,constant-mc,pam,1,1.0,4,1,1,1,0,hmm-mixture/4/4/5/3
3.0,4,3125,3,2,1000,200,constant-mc,single,1,1.0,4,1,1,,,hmm-mixture/4/4/5/3
3.0,4,3125,3,2,1000,200,constant-mc,complete,1,1.0,4,1,1,,,hmm-mixture/4/4/5/3
3.0,4,3125,3,2,1000,200,constant-mc,average,1,1.0,4,1,1,,,hmm-mixture/4/4/5/3
3.0,4,3125,3,2,1000,200,constant-mc,pam,1,1.0,4,1,1,1,0,hmm-mixture/4/4/5/3
3.0,4,3125,3,3,100,200,constant-mc,single,0,0.004641142754890893,13,0,0,,,hmm-mixture/4/4/5/3
3.0,4,3125,3,3,100,200,constant-mc,complete,0,0.8693157127673328,13,0,0,,,hmm-mixture/4/4/5/3
3.0,4,3125,3,3,100,200,constant-mc,average,0,0.8979860694003622,13,0,0,,,hmm-mixture/4/4/5/3
3.0,4,3125,3,3,100,200,constant-mc,pam,0,0.7351288092761148,13,0,0,1,0,hmm-mixture/4/4/5/3
3.0,4,3125,3,3,200,200,constant-mc,single,0,0.004641142754890893,9,0,0,,,hmm-mixture/4/4/5/3
3.0,4,3125,3,3,200,200,constant-mc,complete,1,1.0,9,0,0,,,hmm-mixture/4/4/5/3
3.0,4,3125,3,3,200,200,constant-mc,average,1,1.0,9,0,0,,,hmm-mixture/4/4/5/3
3.0,4,3125,3,3,200,200,constant-mc,pam,0,0.9202448795647732,9,0,0,1,0,hmm-mixture/4/4/5/3
3.0,4,3125,3,3,300,200,constant-mc,single,0,0.004641142754890893,4,1,0,,,hmm-mixture/4/4/5/3
3.0,4,3125,3,3,300,200,constant-mc,complete,1,1.0,4,1,1,,,hmm-mixture/4/4/5/3
3.0,4,3125,3,3,300,200,constant-mc,average,1,1.0,4,1,1,,,hmm-mixture/4/4/5/3
3.0,4,3125,3,3,300,200,constant-mc,pam,0,0.9633924849659362,4,1,0,1,0,hmm-mixture/4/4/5/3
3.0,4,3125,3,3,400,200,constant-mc,single,0,0.7642732325640775,4,1,0,,,hmm-mixture/4/4/5/3
3.0,4,3125,3,3,400,200,constant-mc,complete,1,1.0,4,1,1,,,hmm-mixture/4/4/5/3
3.0,4,3125,3,3,400,200,constant-mc,average,1,1.0,4,1,1,,,hmm-mixture/4/4/5/3
3.0,4,3125,3,3,400,200,constant-mc,pam,1,1.0,4,1,1,1,0,hmm-mixture/4/4/5/3
3.0,4,3125,3,3,500,200,constant-mc,single,0,0.6673524395767861,4,1,0,,,hmm-mixture/4/4/5/3
3.0,4,3125,3,3,500,200,constant-mc,complete,1,1.0,4,1,1,,,hmm-mixture/4/4/5/3
3.0,4,3125,3,3,500,200,constant-mc,average,1,1.0,4,1,1,,,hmm-mixture/4/4/5/3
3.0,4,3125,3,3,500,200,constant-mc,pam,1,1.0,4,1,1,1,0,hmm-mixture/4/4/5/3
3.0,4,3125,3,3,600,200,constant-mc,single,1,1.0,4,1,1,,,hmm-mixture/4/4/5/3
3.0,4,3125,3,3,600,200,constant-mc,complete,1,1.0,4,1,1,,,hmm-mixture/4/4/5/3
3.0,4,3125,3,3,600,200,constant-mc,average,1,1.0,4,1,1,,,hmm-mixture/4/4/5/3
3.0,4,3125,3,3,600,200,constant-mc,pam,1,1.0,4,1,1,1,0,hmm-mixture/4/4/5/3
3.0,4,3125,3,3,700,200,constant-mc,single,1,1.0,4,1,1,,,hmm-mixture/4/4/5/3
3.0,4,3125,3,3,700,200,constant-mc,complete,1,1.0,4,1,1,,,hmm-mixture/4/4/5/3
3.0,4,3125,3,3,700,200,constant-mc,average,1,1.0,4,1,1,,,hmm-mixture/4/4/5/3
3.0,4,3125,3,3,700,200,constant-mc,pam,1,1.0,4,1,1,1,0,hmm-mixture/4/4/5/3
3.0,4,3125,3,3,800,200,constant-mc,single,0,0.7642732325640775,4,1,0,,,hmm-mixture/4/4/5/3
3.0,4,3125,3,3,800,200,constant-mc,complete,1,1.0,4,1,1,,,hmm-mixture/4/4/5/3
3.0,4,3125,3,3,800,200,constant-mc,average,1,1.0,4,1,1,,,hmm-mixture/4/4/5/3
3.0,4,3125,3,3,800,200,constant-mc,pam,1,1.0,4,1,1,1,0,hmm-mixture/4/4/5/3
3.0,4,3125,3,3,900,200,constant-mc,single,0,0.7642732325640775,4,1,0,,,hmm-mixture/4/4/5/3
3.0,4,3125,3,3,900,200,constant-mc,complete,1,1.0,4,1,1,,,hmm-mixture/4/4/5/3
3.0,4,3125,3,3,900,200,constant-mc,average,1,1.0,4,1,1,,,hmm-mixture/4/4/5/3
3.0,4,3125,3,3,900,200,constant-mc,pam,1,1.0,4,1,1,1,0,hmm-mixture/4/4/5/3
3.0,4,3125,3,3,1000,200,constant-mc,single,0,0.7642732325640775,4,1,0,,,hmm-mixture/4/4/5/3
3.0,4,3125,3,3,1000,200,constant-mc,complete,1,1.0,4,1,1,,,hmm-mixture/4/4/5/3
3.0,4,3125,3,3,1000,200,constant-mc,average,1,1.0,4,1,1,,,hmm-mixture/4/4/5/3
3.0,4,3125,3,3,1000,200,constant-mc,pam,1,1.0,4,1,1,1,0,hmm-mixture/4/4/5/3
3.0,4,3125,3,4,100,200,constant-mc,single,0,0.0018784076211366698,13,0,0,,,hmm-mixture/4/4/5/3
3.0,4,3125,3,4,100,200,constant-mc,complete,0,0.6422593165068847,13,0,0,,,hmm-mixture/4/4/5/3
3.0,4,3125,3,4,100,200,constant-mc,average,0,0.8852780839839389,13,0,0,,,hmm-mixture/4/4/5/3
3.0,4,3125,3,4,100,200,constant-mc,pam,0,0.6510791285432979,13,0,0,1,0,hmm-mixture/4/4/5/3
3.0,4,3125,3,4,200,200,constant-mc,single,0,0.0018784076211366698,4,1,0,,,hmm-mixture/4/4/5/3
3.0,4,3125,3,4,200,200,constant-mc,complete,0,0.9774177343549444,4,1,0,,,hmm-mixture/4/4/5/3
3.0,4,3125,3,4,200,200,constant-mc,average,0,0.9748385716867286,4,1,0,,,hmm-mixture/4/4/5/3
3.0,4,3125,3,4,200,200,constant-mc,pam,0,0.9183498440196903,4,1,0,1,0,hmm-mixture/4/4/5/3
3.0,4,3125,3,4,300,200,constant-mc,single,0,0.7969625777456305,5,0,0,,,hmm-mixture/4/4/5/3
3.0,4,3125,3,4,300,200,constant-mc,complete,1,1.0,5,0,0,,,hmm-mixture/4/4/5/3
3.0,4,3125,3,4,300,200,constant-mc,average,1,1.0,5,0,0,,,hmm-mixture/4/4/5/3
3.0,4,3125,3,4,300,200,constant-mc,pam,0,0.9463713495063689,5,0,0,1,0,hmm-mixture/4/4/5/3
3.0,4,3125,3,4,400,200,constant-mc,single,0,0.33338681236083006,4,1,0,,,hmm-mixture/4/4/5/3
3.0,4,3125,3,4,400,200,constant-mc,complete,1,1.0,4,1,1,,,hmm-mixture/4/4/5/3
3.0,4,3125,3,4,400,200,constant-mc,average,1,1.0,4,1,1,,,hmm-mixture/4/4/5/3
3.0,4,3125,3,4,400,200,constant-mc,pam,1,1.0,4,1,1,1,0,hmm-mixture/4/4/5/3
3.0,4,3125,3,4,500,200,constant-mc,single,1,1.0,4,1,1,,,hmm-mixture/4/4/5/3
3.0,4,3125,3,4,500,200,constant-mc,complete,1,1.0,4,1,1,,,hmm-mixture/4/4/5/3
3.0,4,3125,3,4,500,200,constant-mc,average,1,1.0,4,1,1,,,hmm-mixture/4/4/5/3
3.0,4,3125,3,4,500,200,constant-mc,pam,0,0.9894228274688416,4,1,0,1,0,hmm-mixture/4/4/5/3
3.0,4,3125,3,4,600,200,constant-mc,single,1,1.0,4,1,1,,,hmm-mixture/4/4/5/3
3.0,4,3125,3,4,600,200,constant-mc,complete,1,1.0,4,1,1,,,hmm-mixture/4/4/5/3
3.0,4,3125,3,4,600,200,constant-mc,average,1,1.0,4,1,1,,,hmm-mixture/4/4/5/3
3.0,4,3125,3,4,600,200,constant-mc,pam,1,1.0,4,1,1,1,0,hmm-mixture/4/4/5/3
3.0,4,3125,3,4,700,200,constant-mc,single,1,1.0,4,1,1,,,hmm-mixture/4/4/5/3
3.0,4,3125,3,4,700,200,constant-mc,complete,1,1.0,4,1,1,,,hmm-mixture/4/4/5/3
3.0,4,3125,3,4,700,200,constant-mc,average,1,1.0,4,1,1,,,hmm-mixture/4/4/5/3
3.0,4,3125,3,4,700,200,constant-mc,pam,0,0.9852293907732923,4,1,0,1,0,hmm-mixture/4/4/5/3
3.0,4,3125,3,4,800,200,constant-mc,single,1,1.0,4,1,1,,,hmm-mixture/4/4/5/3
3.0,4,3125,3,4,800,200,constant-mc,complete,1,1.0,4,1,1,,,hmm-mixture/4/4/5/3
3.0,4,3125,3,4,800,200,constant-mc,average,1,1.0,4,1,1,,,hmm-mixture/4/4/5/3
3.0,4,3125,3,4,800,200,constant-mc,pam,1,1.0,4,1,1,1,0,hmm-mixture/4/4/5/3
3.0,4,3125,3,4,900,200,constant-mc,single,1,1.0,4,1,1,,,hmm-mixture/4/4/5/3
3.0,4,3125,3,4,900,200,constant-mc,complete,1,1.0,4,1,1,,,hmm-mixture/4/4/5/3
3.0,4,3125,3,4,900,200,constant-mc,average,1,1.0,4,1,1,,,hmm-mixture/4/4/5/3
3.0,4,3125,3,4,900,200,constant-mc,pam,1,1.0,4,1,1,1,0,hmm-mixture/4/4/5/3
3.0,4,3125,3,4,1000,200,constant-mc,single,1,1.0,4,1,1,,,hmm-mixture/4/4/5/3
3.0,4,3125,3,4,1000,200,constant-mc,complete,1,1.0,4,1,1,,,hmm-mixture/4/4/5/3
3.0,4,3125,3,4,1000,200,constant-mc,average,1,1.0,4,1,1,,,hmm-mixture/4/4/5/3
3.0,4,3125,3,4,1000,200,constant-mc,pam,1,1.0,4,1,1,1,0,hmm-mixture/4/4/5/3
3.0,4,3125,3,5,100,200,constant-mc,single,0,-0.002572141256503342,88,0,0,,,hmm-mixture/4/4/5/3
3.0,4,3125,3,5,100,200,constant-mc,complete,0,0.8424939776695871,88,0,0,,,hmm-mixture/4/4/5/3
3.0,4,3125,3,5,100,200,constant-mc,average,0,0.8983480263809589,88,0,0,,,hmm-mixture/4/4/5/3
3.0,4,3125,3,5,100,200,constant-mc,pam,0,0.5469297661451805,88,0,0,1,0,hmm-mixture/4/4/5/3
3.0,4,3125,3,5,200,200,constant-mc,single,0,-0.0006550464019529021,9,0,0,,,hmm-mixture/4/4/5/3
3.0,4,3125,3,5,200,200,constant-mc,complete,0,0.9319335184189347,9,0,0,,,hmm-mixture/4/4/5/3
3.0,4,3125,3,5,200,200,constant-mc,average,0,0.9572958011351297,9,0,0,,,hmm-mixture/4/4/5/3
3.0,4,3125,3,5,200,200,constant-mc,pam,0,0.9596550476363536,9,0,0,1,0,hmm-mixture/4/4/5/3
3.0,4,3125,3,5,300,200,constant-mc,single,0,-0.0006550464019529021,6,0,0,,,hmm-mixture/4/4/5/3
3.0,4,3125,3,5,300,200,constant-mc,complete,1,1.0,6,0,0,,,hmm-mixture/4/4/5/3
3.0,4,3125,3,5,300,200,constant-mc,average,0,0.9854548481094803,6,0,0,,,hmm-mixture/4/4/5/3
3.0,4,3125,3,5,300,200,constant-mc,pam,0,0.988112632987024,6,0,0,1,0,hmm-mixture/4/4/5/3
3.0,4,3125,3,5,400,200,constant-mc,single,0,0.755391280516158,4,1,0,,,hmm-mixture/4/4/5/3
3.0,4,3125,3,5,400,200,constant-mc,complete,0,0.988112632987024,4,1,0,,,hmm-mixture/4/4/5/3
3.0,4,3125,3,5,400,200,constant-mc,average,0,0.988112632987024,4,1,0,,,hmm-mixture/4/4/5/3
3.0,4,3125,3,5,400,200,constant-mc,pam,0,0.988112632987024,4,1,0,1,0,hmm-mixture/4/4/5/3
3.0,4,3125,3,5,500,200,constant-mc,single,0,0.755391280516158,4,1,0,,,hmm-mixture/4/4/5/3
3.0,4,3125,3,5,500,200,constant-mc,complete,1,1.0,4,1,1,,,hmm-mixture/4/4/5/3
3.0,4,3125,3,5,500,200,constant-mc,average,1,1.0,4,1,1,,,hmm-mixture/4/4/5/3
3.0,4,3125,3,5,500,200,constant-mc,pam,1,1.0,4,1,1,1,0,hmm-mixture/4/4/5/3
3.0,4,3125,3,5,600,200,constant-mc,single,0,0.755391280516158,4,1,0,,,hmm-mixture/4/4/5/3
3.0,4,3125,3,5,600,200,constant-mc,complete,1,1.0,4,1,1,,,hmm-mixture/4/4/5/3
3.0,4,3125,3,5,600,200,constant-mc,average,1,1.0,4,1,1,,,hmm-mixture/4/4/5/3
3.0,4,3125,3,5,600,200,constant-mc,pam,1,1.0,4,1,1,1,0,hmm-mixture/4/4/5/3
3.0,4,3125,3,5,700,200,constant-mc,single,1,1.0,4,1,1,,,hmm-mixture/4/4/5/3
3.0,4,3125,3,5,700,200,constant-mc,complete,1,1.0,4,1,1,,,hmm-mixture/4/4/5/3
3.0,4,3125,3,5,700,200,constant-mc,average,1,1.0,4,1,1,,,hmm-mixture/4/4/5/3
3.0,4,3125,3,5,700,200,constant-mc,pam,1,1.0,4,1,1,1,0,hmm-mixture/4/4/5/3
3.0,4,3125,3,5,800,200,constant-mc,single,0,0.755391280516158,4,1,0,,,hmm-mixture/4/4/5/3
3.0,4,3125,3,5,800,200,constant-mc,complete,1,1.0,4,1,1,,,hmm-mixture/4/4/5/3
3.0,4,3125,3,5,800,200,constant-mc,average,1,1.0,4,1,1,,,hmm-mixture/4/4/5/3
3.0,4,3125,3,5,800,200,constant-mc,pam,1,1.0,4,1,1,1,0,hmm-mixture/4/4/5/3
3.0,4,3125,3,5,900,200,constant-mc,single,1,1.0,4,1,1,,,hmm-mixture/4/4/5/3
3.0,4,3125,3,5,900,200,constant-mc,complete,1,1.0,4,1,1,,,hmm-mixture/4/4/5/3
3.0,4,3125,3,5,900,200,constant-mc,average,1,1.0,4,1,1,,,hmm-mixture/4/4/5/3
3.0,4,3125,3,5,900,200,constant-mc,pam,1,1.0,4,1,1,1,0,hmm-mixture/4/4/5/3
3.0,4,3125,3,5,1000,200,constant-mc,single,1,1.0,4,1,1,,,hmm-mixture/4/4/5/3
3.0,4,3125,3,5,1000,200,constant-mc,complete,1,1.0,4,1,1,,,hmm-mixture/4/4/5/3
3.0,4,3125,3,5,1000,200,constant-mc,average,1,1.0,4,1,1,,,hmm-mixture/4/4/5/3
3.0,4,3125,3,5,1000,200,constant-mc,pam,1,1.0,4,1,1,1,0,hmm-mixture/4/4/5/3
3.0,4,3125,3,6,100,200,constant-mc,single,0,0.002926213592825963,24,0,0,,,hmm-mixture/4/4/5/3
3.0,4,3125,3,6,100,200,constant-mc,complete,0,0.6976029530311356,24,0,0,,,hmm-mixture/4/4/5/3
3.0,4,3125,3,6,100,200,constant-mc,average,0,0.8589397725833636,24,0,0,,,hmm-mixture/4/4/5/3
3.0,4,3125,3,6,100,200,constant-mc,pam,0,0.4943313963260149,24,0,0,1,0,hmm-mixture/4/4/5/3
3.0,4,3125,3,6,200,200,constant-mc,single,0,0.0020975056390313868,10,0,0,,,hmm-mixture/4/4/5/3
3.0,4,3125,3,6,200,200,constant-mc,complete,0,0.9774476721158769,10,0,0,,,hmm-mixture/4/4/5/3
3.0,4,3125,3,6,200,200,constant-mc,average,0,0.9885731295289526,10,0,0,,,hmm-mixture/4/4/5/3
3.0,4,3125,3,6,200,200,constant-mc,pam,0,0.9095044396028547,10,0,0,1,0,hmm-mixture/4/4/5/3
3.0,4,3125,3,6,300,200,constant-mc,single,0,0.4446953502505239,4,1,0,,,hmm-mixture/4/4/5/3
3.0,4,3125,3,6,300,200,constant-mc,complete,0,0.9743456273961435,4,1,0,,,hmm-mixture/4/4/5/3
3.0,4,3125,3,6,300,200,constant-mc,average,0,0.984922365964017,4,1,0,,,hmm-mixture/4/4/5/3
3.0,4,3125,3,6,300,200,constant-mc,pam,0,0.9854060387669629,4,1,0,1,0,hmm-mixture/4/4/5/3
3.0,4,3125,3,6,400,200,constant-mc,single,0,0.4446953502505239,4,1,0,,,hmm-mixture/4/4/5/3
3.0,4,3125,3,6,400,200,constant-mc,complete,1,1.0,4,1,1,,,hmm-mixture/4/4/5/3
3.0,4,3125,3,6,400,200,constant-mc,average,1,1.0,4,1,1,,,hmm-mixture/4/4/5/3
3.0,4,3125,3,6,400,200,constant-mc,pam,0,0.9743717495776837,4,1,0,1,0,hmm-mixture/4/4/5/3
3.0,4,3125,3,6,500,200,constant-mc,single,1,1.0,4,1,1,,,hmm-mixture/4/4/5/3
3.0,4,3125,3,6,500,200,constant-mc,complete,1,1.0,4,1,1,,,hmm-mixture/4/4/5/3
3.0,4,3125,3,6,500,200,constant-mc,average,1,1.0,4,1,1,,,hmm-mixture/4/4/5/3
3.0,4,3125,3,6,500,200,constant-mc,pam,1,1.0,4,1,1,1,0,hmm-mixture/4/4/5/3
3.0,4,3125,3,6,600,200,constant-mc,single,0,0.7860650686598143,4,1,0,,,hmm-mixture/4/4/5/3
3.0,4,3125,3,6,600,200,constant-mc,complete,1,1.0,4,1,1,,,hmm-mixture/4/4/5/3
3.0,4,3125,3,6,600,200,constant-mc,average,1,1.0,4,1,1,,,hmm-mixture/4/4/5/3
3.0,4,3125,3,6,600,200,constant-mc,pam,1,1.0,4,1,1,1,0,hmm-mixture/4/4/5/3
3.0,4,3125,3,6,700,200,constant-mc,single,0,0.7860650686598143,4,1,0,,,hmm-mixture/4/4/5/3
3.0,4,3125,3,6,700,200,constant-mc,complete,1,1.0,4,1,1,,,hmm-mixture/4/4/5/3
3.0,4,3125,3,6,700,200,constant-mc,average,1,1.0,4,1,1,,,hmm-mixture/4/4/5/3
3.0,4,3125,3,6,700,200,constant-mc,pam,1,1.0,4,1,1,1,0,hmm-mixture/4/4/5/3
3.0,4,3125,3,6,800,200,constant-mc,single,1,1.0,4,1,1,,,hmm-mixture/4/4/5/3
3.0,4,3125,3,6,800,200,constant-mc,complete,1,1.0,4,1,1,,,hmm-mixture/4/4/5/3
3.0,4,3125,3,6,800,200,constant-mc,average,1,1.0,4,1,1,,,hmm-mixture/4/4/5/3
3.0,4,3125,3,6,800,200,constant-mc,pam,1,1.0,4,1,1,1,0,hmm-mixture/4/4/5/3
3.0,4,3125,3,6,900,200,constant-mc,single,1,1.0,4,1,1,,,hmm-mixture/4/4/5/3
3.0,4,3125,3,6,900,200,constant-mc,complete,1,1.0,4,1,1,,,hmm-mixture/4/4/5/3
3.0,4,3125,3,6,900,200,constant-mc,average,1,1.0,4,1,1,,,hmm-mixture/4/4/5/3
3.0,4,3125,3,6,900,200,constant-mc,pam,1,1.0,4,1,1,1,0,hmm-mixture/4/4/5/3
3.0,4,3125,3,6,1000,200,constant-mc,single,1,1.0,4,1,1,,,hmm-mixture/4/4/5/3
3.0,4,3125,3,6,1000,200,constant-mc,complete,1,1.0,4,1,1,,,hmm-mixture/4/4/5/3
3.0,4,3125,3,6,1000,200,constant-mc,average,1,1.0,4,1,1,,,hmm-mixture/4/4/5/3
3.0,4,3125,3,6,1000,200,constant-mc,pam,1,1.0,4,1,1,1,0,hmm-mixture/4/4/5/3
3.0,4,3125,3,7,100,200,constant-mc,single,0,0.0005596473151088729,19,0,0,,,hmm-mixture/4/4/5/3
3.0,4,3125,3,7,100,200,constant-mc,complete,0,0.9302099198702899,19,0,0,,,hmm-mixture/4/4/5/3
3.0,4,3125,3,7,100,200,constant-mc,average,0,0.9289330279237427,19,0,0,,,hmm-mixture/4/4/5/3
3.0,4,3125,3,7,100,200,constant-mc,pam,0,0.36918979911992494,19,0,0,1,0,hmm-mixture/4/4/5/3
3.0,4,3125,3,7,200,200,constant-mc,single,0,0.005606617815411311,6,0,0,,,hmm-mixture/4/4/5/3
3.0,4,3125,3,7,200,200,constant-mc,complete,0,0.9896628720041792,6,0,0,,,hmm-mixture/4/4/5/3
3.0,4,3125,3,7,200,200,constant-mc,average,0,0.9896555641051475,6,0,0,,,hmm-mixture/4/4/5/3
3.0,4,3125,3,7,200,200,constant-mc,pam,0,0.9495489669299753,6,0,0,1,0,hmm-mixture/4/4/5/3
3.0,4,3125,3,7,300,200,constant-mc,single,0,0.30209614257378015,4,1,0,,,hmm-mixture/4/4/5/3
3.0,4,3125,3,7,300,200,constant-mc,complete,1,1.0,4,1,1,,,hmm-mixture/4/4/5/3
3.0,4,3125,3,7,300,200,constant-mc,average,1,1.0,4,1,1,,,hmm-mixture/4/4/5/3
3.0,4,3125,3,7,300,200,constant-mc,pam,1,1.0,4,1,1,1,0,hmm-mixture/4/4/5/3
3.0,4,3125,3,7,400,200,constant-mc,single,0,0.8004657887919192,4,1,0,,,hmm-mixture/4/4/5/3
3.0,4,3125,3,7,400,200,constant-mc,complete,1,1.0,4,1,1,,,hmm-mixture/4/4/5/3
3.0,4,3125,3,7,400,200,constant-mc,average,1,1.0,4,1,1,,,hmm-mixture/4/4/5/3
3.0,4,3125,3,7,400,200,constant-mc,pam,1,1.0,4,1,1,1,0,hmm-mixture/4/4/5/3
3.0,4,3125,3,7,500,200,constant-mc,single,0,0.6382116279501933,4,1,0,,,hmm-mixture/4/4/5/3
3.0,4,3125,3,7,500,200,constant-mc,complete,1,1.0,4,1,1,,,hmm-mixture/4/4/5/3
3.0,4,3125,3,7,500,200,constant-mc,average,1,1.0,4,1,1,,,hmm-mixture/4/4/5/3
3.0,4,3125,3,7,500,200,constant-mc,pam,1,1.0,4,1,1,1,0,hmm-mixture/4/4/5/3
3.0,4,3125,3,7,600,200,constant-mc,single,1,1.0,4,1,1,,,hmm-mixture/4/4/5/3
3.0,4,3125,3,7,600,200,constant-mc,complete,1,1.0,4,1,1,,,hmm-mixture/4/4/5/3
3.0,4,3125,3,7,600,200,constant-mc,average,1,1.0,4,1,1,,,hmm-mixture/4/4/5/3
3.0,4,3125,3,7,600,200,constant-mc,pam,1,1.0,4,1,1,1,0,hmm-mixture/4/4/5/3
3.0,4,3125,3,7,700,200,constant-mc,single,1,1.0,4,1,1,,,hmm-mixture/4/4/5/3
3.0,4,3125,3,7,700,200,constant-mc,complete,1,1.0,4,1,1,,,hmm-mixture/4/4/5/3
3.0,4,3125,3,7,700,200,constant-mc,average,1,1.0,4,1,1,,,hmm-mixture/4/4/5/3
3.0,4,3125,3,7,700,200,constant-mc,pam,1,1.0,4,1,1,1,0,hmm-mixture/4/4/5/3
3.0,4,3125,3,7,800,200,constant-mc,single,1,1.0,4,1,1,,,hmm-mixture/4/4/5/3
3.0,4,3125,3,7,800,200,constant-mc,complete,1,1.0,4,1,1,,,hmm-mixture/4/4/5/3
3.0,4,3125,3,7,800,200,constant-mc,average,1,1.0,4,1,1,,,hmm-mixture/4/4/5/3
3.0,4,3125,3,7,800,200,constant-mc,pam,1,1.0,4,1,1,1,0,hmm-mixture/4/4/5/3
3.0,4,3125,3,7,900,200,constant-mc,single,1,1.0,4,1,1,,,hmm-mixture/4/4/5/3
3.0,4,3125,3,7,900,200,constant-mc,complete,1,1.0,4,1,1,,,hmm-mixture/4/4/5/3
3.0,4,3125,3,7,900,200,constant-mc,average,1,1.0,4,1,1,,,hmm-mixture/4/4/5/3
3.0,4,3125,3,7,900,200,constant-mc,pam,1,1.0,4,1,1,1,0,hmm-mixture/4/4/5/3
3.0,4,3125,3,7,1000,200,constant-mc,single,1,1.0,4,1,1,,,hmm-mixture/4/4/5/3
3.0,4,3125,3,7,1000,200,constant-mc,complete,1,1.0,4,1,1,,,hmm-mixture/4/4/5/3
3.0,4,3125,3,7,1000,200,constant-mc,average,1,1.0,4,1,1,,,hmm-mixture/4/4/5/3
3.0,4,3125,3,7,1000,200,constant-mc,pam,1,1.0,4,1,1,1,0,hmm-mixture/4/4/5/3
3.0,4,3125,3,8,100,200,constant-mc,single,0,-0.0008482609829933558,94,0,0,,,hmm-mixture/4/4/5/3
3.0,4,3125,3,8,100,200,constant-mc,complete,0,0.8748215357013919,94,0,0,,,hmm-mixture/4/4/5/3
3.0,4,3125,3,8,100,200,constant-mc,average,0,0.910664004775382,94,0,0,,,hmm-mixture/4/4/5/3
3.0,4,3125,3,8,100,200,constant-mc,pam,0,0.6974883720279783,94,0,0,1,0,hmm-mixture/4/4/5/3
3.0,4,3125,3,8,200,200,constant-mc,single,0,-0.0008482609829933558,8,0,0,,,hmm-mixture/4/4/5/3
3.0,4,3125,3,8,200,200,constant-mc,complete,1,1.0,8,0,0,,,hmm-mixture/4/4/5/3
3.0,4,3125,3,8,200,200,constant-mc,average,0,0.9875948550856268,8,0,0,,,hmm-mixture/4/4/5/3
3.0,4,3125,3,8,200,200,constant-mc,pam,0,0.8476246799335782,8,0,0,1,0,hmm-mixture/4/4/5/3
3.0,4,3125,3,8,300,200,constant-mc,single,0,0.34974256661485736,4,1,0,,,hmm-mixture/4/4/5/3
3.0,4,3125,3,8,300,200,constant-mc,complete,1,1.0,4,1,1,,,hmm-mixture/4/4/5/3
3.0,4,3125,3,8,300,200,constant-mc,average,1,1.0,4,1,1,,,hmm-mixture/4/4/5/3
3.0,4,3125,3,8,300,200,constant-mc,pam,0,0.9734696878337392,4,1,0,1,0,hmm-mixture/4/4/5/3
3.0,4,3125,3,8,400,200,constant-mc,single,1,1.0,4,1,1,,,hmm-mixture/4/4/5/3
3.0,4,3125,3,8,400,200,constant-mc,complete,1,1.0,4,1,1,,,hmm-mixture/4/4/5/3
3.0,4,3125,3,8,400,200,constant-mc,average,1,1.0,4,1,1,,,hmm-mixture/4/4/5/3
3.0,4,3125,3,8,400,200,constant-mc,pam,1,1.0,4,1,1,1,0,hmm-mixture/4/4/5/3
3.0,4,3125,3,8,500,200,constant-mc,single,1,1.0,4,1,1,,,hmm-mixture/4/4/5/3
3.0,4,3125,3,8,500,200,constant-mc,complete,1,1.0,4,1,1,,,hmm-mixture/4/4/5/3
3.0,4,3125,3,8,500,200,constant-mc,average,1,1.0,4,1,1,,,hmm-mixture/4/4/5/3
3.0,4,3125,3,8,500,200,constant-mc,pam,1,1.0,4,1,1,1,0,hmm-mixture/4/4/5/3
3.0,4,3125,3,8,600,200,constant-mc,single,1,1.0,4,1,1,,,hmm-mixture/4/4/5/3
3.0,4,3125,3,8,600,200,constant-mc,complete,1,1.0,4,1,1,,,hmm-mixture/4/4/5/3
3.0,4,3125,3,8,600,200,constant-mc,average,1,1.0,4,1,1,,,hmm-mixture/4/4/5/3
3.0,4,3125,3,8,600,200,constant-mc,pam,1,1.0,4,1,1,1,0,hmm-mixture/4/4/5/3
3.0,4,3125,3,8,700,200,constant-mc,single,1,1.0,4,1,1,,,hmm-mixture/4/4/5/3
3.0,4,3125,3,8,700,200,constant-mc,complete,1,1.0,4,1,1,,,hmm-mixture/4/4/5/3
3.0,4,3125,3,8,700,200,constant-mc,average,1,1.0,4,1,1,,,hmm-mixture/4/4/5/3
3.0,4,3125,3,8,700,200,constant-mc,pam,1,1.0,4,1,1,1,0,hmm-mixture/4/4/5/3
3.0,4,3125,3,8,800,200,constant-mc,single,1,1.0,4,1,1,,,hmm-mixture/4/4/5/3
3.0,4,3125,3,8,800,200,constant-mc,complete,1,1.0,4,1,1,,,hmm-mixture/4/4/5/3
3.0,4,3125,3,8,800,200,constant-mc,average,1,1.0,4,1,1,,,hmm-mixture/4/4/5/3
3.0,4,3125,3,8,800,200,constant-mc,pam,1,1.0,4,1,1,1,0,hmm-mixture/4/4/5/3
3.0,4,3125,3,8,900,200,constant-mc,single,1,1.0,4,1,1,,,hmm-mixture/4/4/5/3
3.0,4,3125,3,8,900,200,constant-mc,complete,1,1.0,4,1,1,,,hmm-mixture/4/4/5/3
3.0,4,3125,3,8,900,200,constant-mc,average,1,1.0,4,1,1,,,hmm-mixture/4/4/5/3
3.0,4,3125,3,8,900,200,constant-mc,pam,1,1.0,4,1,1,1,0,hmm-mixture/4/4/5/3
3.0,4,3125,3,8,1000,200,constant-mc,single,1,1.0,4,1,1,,,hmm-mixture/4/4/5/3
3.0,4,3125,3,8,1000,200,constant-mc,complete,1,1.0,4,1,1,,,hmm-mixture/4/4/5/3
3.0,4,3125,3,8,1000,200,constant-mc,average,1,1.0,4,1,1,,,hmm-mixture/4/4/5/3
3.0,4,3125,3,8,1000,200,constant-mc,pam,1,1.0,4,1,1,1,0,hmm-mixture/4/4/5/3
3.0,4,3125,3,9,100,200,constant-mc,single,0,0.0008868793269239019,79,0,0,,,hmm-mixture/4/4/5/3
3.0,4,3125,3,9,100,200,constant-mc,complete,0,0.7074588268475872,79,0,0,,,hmm-mixture/4/4/5/3
3.0,4,3125,3,9,100,200,constant-mc,average,0,0.9082970326798686,79,0,0,,,hmm-mixture/4/4/5/3
3.0,4,3125,3,9,100,200,constant-mc,pam,0,0.6751707117221634,79,0,0,1,0,hmm-mixture/4/4/5/3
3.0,4,3125,3,9,200,200,constant-mc,single,0,0.0008868793269239019,11,0,0,,,hmm-mixture/4/4/5/3
3.0,4,3125,3,9,200,200,constant-mc,complete,0,0.9724775106171131,11,0,0,,,hmm-mixture/4/4/5/3
3.0,4,3125,3,9,200,200,constant-mc,average,0,0.9860185315723485,11,0,0,,,hmm-mixture/4/4/5/3
3.0,4,3125,3,9,200,200,constant-mc,pam,0,0.88058787697311,11,0,0,1,0,hmm-mixture/4/4/5/3
3.0,4,3125,3,9,300,200,constant-mc,single,0,0.48262738180460824,4,1,0,,,hmm-mixture/4/4/5/3
3.0,4,3125,3,9,300,200,constant-mc,complete,1,1.0,4,1,1,,,hmm-mixture/4/4/5/3
3.0,4,3125,3,9,300,200,constant-mc,average,1,1.0,4,1,1,,,hmm-mixture/4/4/5/3
3.0,4,3125,3,9,300,200,constant-mc,pam,0,0.9885974974677701,4,1,0,1,0,hmm-mixture/4/4/5/3
3.0,4,3125,3,9,400,200,constant-mc,single,1,1.0,4,1,1,,,hmm-mixture/4/4/5/3
3.0,4,3125,3,9,400,200,constant-mc,complete,1,1.0,4,1,1,,,hmm-mixture/4/4/5/3
3.0,4,3125,3,9,400,200,constant-mc,average,1,1.0,4,1,1,,,hmm-mixture/4/4/5/3
3.0,4,3125,3,9,400,200,constant-mc,pam,1,1.0,4,1,1,1,0,hmm-mixture/4/4/5/3
3.0,4,3125,3,9,500,200,constant-mc,single,0,0.8312894452852757,4,1,0,,,hmm-mixture/4/4/5/3
3.0,4,3125,3,9,500,200,constant-mc,complete,1,1.0,4,1,1,,,hmm-mixture/4/4/5/3
3.0,4,3125,3,9,500,200,constant-mc,average,1,1.0,4,1,1,,,hmm-mixture/4/4/5/3
3.0,4,3125,3,9,500,200,constant-mc,pam,1,1.0,4,1,1,1,0,hmm-mixture/4/4/5/3
3.0,4,3125,3,9,600,200,constant-mc,single,1,1.0,4,1,1,,,hmm-mixture/4/4/5/3
3.0,4,3125,3,9,600,200,constant-mc,complete,1,1.0,4,1,1,,,hmm-mixture/4/4/5/3
3.0,4,3125,3,9,600,200,constant-mc,average,1,1.0,4,1,1,,,hmm-mixture/4/4/5/3
3.0,4,3125,3,9,600,200,constant-mc,pam,1,1.0,4,1,1,1,0,hmm-mixture/4/4/5/3
3.0,4,3125,3,9,700,200,constant-mc,single,0,0.8312894452852757,4,1,0,,,hmm-mixture/4/4/5/3
3.0,4,3125,3,9,700,200,constant-mc,complete,1,1.0,4,1,1,,,hmm-mixture/4/4/5/3
3.0,4,3125,3,9,700,200,constant-mc,average,1,1.0,4,1,1,,,hmm-mixture/4/4/5/3
3.0,4,3125,3,9,700,200,constant-mc,pam,1,1.0,4,1,1,1,0,hmm-mixture/4/4/5/3
3.0,4,3125,3,9,800,200,constant-mc,single,1,1.0,4,1,1,,,hmm-mixture/4/4/5/3
3.0,4,3125,3,9,800,200,constant-mc,complete,1,1.0,4,1,1,,,hmm-mixture/4/4/5/3
3.0,4,3125,3,9,800,200,constant-mc,average,1,1.0,4,1,1,,,hmm-mixture/4/4/5/3
3.0,4,3125,3,9,800,200,constant-mc,pam,1,1.0,4,1,1,1,0,hmm-mixture/4/4/5/3
3.0,4,3125,3,9,900,200,constant-mc,single,1,1.0,4,1,1,,,hmm-mixture/4/4/5/3
3.0,4,3125,3,9,900,200,constant-mc,complete,1,1.0,4,1,1,,,hmm-mixture/4/4/5/3
3.0,4,3125,3,9,900,200,constant-mc,average,1,1.0,4,1,1,,,hmm-mixture/4/4/5/3
3.0,4,3125,3,9,900,200,constant-mc,pam,1,1.0,4,1,1,1,0,hmm-mixture/4/4/5/3
3.0,4,3125,3,9,1000,200,constant-mc,single,1,1.0,4,1,1,,,hmm-mixture/4/4/5/3
3.0,4,3125,3,9,1000,200,constant-mc,complete,1,1.0,4,1,1,,,hmm-mixture/4/4/5/3
3.0,4,3125,3,9,1000,200,constant-mc,average,1,1.0,4,1,1,,,hmm-mixture/4/4/5/3
3.0,4,3125,3,9,1000,200,constant-mc,pam,1,1.0,4,1,1,1,0,hmm-mixture/4/4/5/3
3.0,4,3125,3,10,100,200,constant-mc,single,0,0.00035871629496791796,18,0,0,,,hmm-mixture/4/4/5/3
3.0,4,3125,3,10,100,200,constant-mc,complete,0,0.5262999552712208,18,0,0,,,hmm-mixture/4/4/5/3
3.0,4,3125,3,10,100,200,constant-mc,average,0,0.8366970603357737,18,0,0,,,hmm-mixture/4/4/5/3
3.0,4,3125,3,10,100,200,constant-mc,pam,0,0.6487363178027027,18,0,0,1,0,hmm-mixture/4/4/5/3
3.0,4,3125,3,10,200,200,constant-mc,single,0,0.004376400062890575,12,0,0,,,hmm-mixture/4/4/5/3
3.0,4,3125,3,10,200,200,constant-mc,complete,0,0.9853591911073954,12,0,0,,,hmm-mixture/4/4/5/3
3.0,4,3125,3,10,200,200,constant-mc,average,0,0.9853591911073954,12,0,0,,,hmm-mixture/4/4/5/3
3.0,4,3125,3,10,200,200,constant-mc,pam,0,0.861138617429454,12,0,0,1,0,hmm-mixture/4/4/5/3
3.0,4,3125,3,10,300,200,constant-mc,single,0,0.004376400062890575,4,1,0,,,hmm-mixture/4/4/5/3
3.0,4,3125,3,10,300,200,constant-mc,complete,0,0.9853591911073954,4,1,0,,,hmm-mixture/4/4/5/3
3.0,4,3125,3,10,300,200,constant-mc,average,0,0.9853591911073954,4,1,0,,,hmm-mixture/4/4/5/3
3.0,4,3125,3,10,300,200,constant-mc,pam,0,0.9887720258455185,4,1,0,1,0,hmm-mixture/4/4/5/3
3.0,4,3125,3,10,400,200,constant-mc,single,0,0.5118247037073237,4,1,0,,,hmm-mixture/4/4/5/3
3.0,4,3125,3,10,400,200,constant-mc,complete,0,0.9853591911073954,4,1,0,,,hmm-mixture/4/4/5/3
3.0,4,3125,3,10,400,200,constant-mc,average,0,0.9853591911073954,4,1,0,,,hmm-mixture/4/4/5/3
3.0,4,3125,3,10,400,200,constant-mc,pam,1,1.0,4,1,1,1,0,hmm-mixture/4/4/5/3
3.0,4,3125,3,10,500,200,constant-mc,single,0,0.7750371762891379,4,1,0,,,hmm-mixture/4/4/5/3
3.0,4,3125,3,10,500,200,constant-mc,complete,1,1.0,4,1,1,,,hmm-mixture/4/4/5/3
3.0,4,3125,3,10,500,200,constant-mc,average,1,1.0,4,1,1,,,hmm-mixture/4/4/5/3
3.0,4,3125,3,10,500,200,constant-mc,pam,1,1.0,4,1,1,1,0,hmm-mixture/4/4/5/3
3.0,4,3125,3,10,600,200,constant-mc,single,1,1.0,4,1,1,,,hmm-mixture/4/4/5/3
3.0,4,3125,3,10,600,200,constant-mc,complete,1,1.0,4,1,1,,,hmm-mixture/4/4/5/3
3.0,4,3125,3,10,600,200,constant-mc,average,1,1.0,4,1,1,,,hmm-mixture/4/4/5/3
3.0,4,3125,3,10,600,200,constant-mc,pam,1,1.0,4,1,1,1,0,hmm-mixture/4/4/5/3
3.0,4,3125,3,10,700,200,constant-mc,single,1,1.0,4,1,1,,,hmm-mixture/4/4/5/3
3.0,4,3125,3,10,700,200,constant-mc,complete,1,1.0,4,1,1,,,hmm-mixture/4/4/5/3
3.0,4,3125,3,10,700,200,constant-mc,average,1,1.0,4,1,1,,,hmm-mixture/4/4/5/3
3.0,4,3125,3,10,700,200,constant-mc,pam,1,1.0,4,1,1,1,0,hmm-mixture/4/4/5/3
3.0,4,3125,3,10,800,200,constant-mc,single,1,1.0,4,1,1,,,hmm-mixture/4/4/5/3
3.0,4,3125,3,10,800,200,constant-mc,complete,1,1.0,4,1,1,,,hmm-mixture/4/4/5/3
3.0,4,3125,3,10,800,200,constant-mc,average,1,1.0,4,1,1,,,hmm-mixture/4/4/5/3
3.0,4,3125,3,10,800,200,constant-mc,pam,1,1.0,4,1,1,1,0,hmm-mixture/4/4/5/3
3.0,4,3125,3,10,900,200,constant-mc,single,1,1.0,4,1,1,,,hmm-mixture/4/4/5/3
3.0,4,3125,3,10,900,200,constant-mc,complete,1,1.0,4,1,1,,,hmm-mixture/4/4/5/3
3.0,4,3125,3,10,900,200,constant-mc,average,1,1.0,4,1,1,,,hmm-mixture/4/4/5/3
3.0,4,3125,3,10,900,200,constant-mc,pam,1,1.0,4,1,1,1,0,hmm-mixture/4/4/5/3
3.0,4,3125,3,10,1000,200,constant-mc,single,1,1.0,4,1,1,,,hmm-mixture/4/4/5/3
3.0,4,3125,3,10,1000,200,constant-mc,complete,1,1.0,4,1,1,,,hmm-mixture/4/4/5/3
3.0,4,3125,3,10,1000,200,constant-mc,average,1,1.0,4,1,1,,,hmm-mixture/4/4/5/3
3.0,4,3125,3,10,1000,200,constant-mc,pam,1,1.0,4,1,1,1,0,hmm-mixture/4/4/5/3
3.0,4,3125,3,11,100,200,constant-mc,single,0,0.0048721709098488355,7,0,0,,,hmm-mixture/4/4/5/3
3.0,4,3125,3,11,100,200,constant-mc,complete,0,0.9316392404815168,7,0,0,,,hmm-mixture/4/4/5/3
3.0,4,3125,3,11,100,200,constant-mc,average,0,0.9704756826144415,7,0,0,,,hmm-mixture/4/4/5/3
3.0,4,3125,3,11,100,200,constant-mc,pam,0,0.6680191266187817,7,0,0,1,0,hmm-mixture/4/4/5/3
3.0,4,3125,3,11,200,200,constant-mc,single,0,0.0048721709098488355,4,1,0,,,hmm-mixture/4/4/5/3
3.0,4,3125,3,11,200,200,constant-mc,complete,1,1.0,4,1,1,,,hmm-mixture/4/4/5/3
3.0,4,3125,3,11,200,200,constant-mc,average,1,1.0,4,1,1,,,hmm-mixture/4/4/5/3
3.0,4,3125,3,11,200,200,constant-mc,pam,0,0.8682886708479277,4,1,0,1,0,hmm-mixture/4/4/5/3
3.0,4,3125,3,11,300,200,constant-mc,single,0,0.0048721709098488355,4,1,0,,,hmm-mixture/4/4/5/3
3.0,4,3125,3,11,300,200,constant-mc,complete,1,1.0,4,1,1,,,hmm-mixture/4/4/5/3
3.0,4,3125,3,11,300,200,constant-mc,average,1,1.0,4,1,1,,,hmm-mixture/4/4/5/3
3.0,4,3125,3,11,300,200,constant-mc,pam,0,0.9781291508705627,4,1,0,1,0,hmm-mixture/4/4/5/3
3.0,4,3125,3,11,400,200,constant-mc,single,0,0.5140561310497357,4,1,0,,,hmm-mixture/4/4/5/3
3.0,4,3125,3,11,400,200,constant-mc,complete,1,1.0,4,1,1,,,hmm-mixture/4/4/5/3
3.0,4,3125,3,11,400,200,constant-mc,average,1,1.0,4,1,1,,,hmm-mixture/4/4/5/3
3.0,4,3125,3,11,400,200,constant-mc,pam,0,0.9683752122249081,4,1,0,1,0,hmm-mixture/4/4/5/3
3.0,4,3125,3,11,500,200,constant-mc,single,0,0.7744894623446715,4,1,0,,,hmm-mixture/4/4/5/3
3.0,4,3125,3,11,500,200,constant-mc,complete,1,1.0,4,1,1,,,hmm-mixture/4/4/5/3
3.0,4,3125,3,11,500,200,constant-mc,average,1,1.0,4,1,1,,,hmm-mixture/4/4/5/3
3.0,4,3125,3,11,500,200,constant-mc,pam,1,1.0,4,1,1,1,0,hmm-mixture/4/4/5/3
3.0,4,3125,3,11,600,200,constant-mc,single,0,0.7744894623446715,4,1,0,,,hmm-mixture/4/4/5/3
3.0,4,3125,3,11,600,200,constant-mc,complete,1,1.0,4,1,1,,,hmm-mixture/4/4/5/3
3.0,4,3125,3,11,600,200,constant-mc,average,1,1.0,4,1,1,,,hmm-mixture/4/4/5/3
3.0,4,3125,3,11,600,200,constant-mc,pam,1,1.0,4,1,1,1,0,hmm-mixture/4/4/5/3
3.0,4,3125,3,11,700,200,constant-mc,single,1,1.0,4,1,1,,,hmm-mixture/4/4/5/3
3.0,4,3125,3,11,700,200,constant-mc,complete,1,1.0,4,1,1,,,hmm-mixture/4/4/5/3
3.0,4,3125,3,11,700,200,constant-mc,average,1,1.0,4,1,1,,,hmm-mixture/4/4/5/3
3.0,4,3125,3,11,700,200,constant-mc,pam,1,1.0,4,1,1,1,0,hmm-mixture/4/4/5/3
3.0,4,3125,3,11,800,200,constant-mc,single,0,0.7744894623446715,4,1,0,,,hmm-mixture/4/4/5/3
3.0,4,3125,3,11,800,200,constant-mc,complete,1,1.0,4,1,1,,,hmm-mixture/4/4/5/3
3.0,4,3125,3,11,800,200,constant-mc,average,1,1.0,4,1,1,,,hmm-mixture/4/4/5/3
3.0,4,3125,3,11,800,200,constant-mc,pam,1,1.0,4,1,1,1,0,hmm-mixture/4/4/5/3
3.0,4,3125,3,11,900,200,constant-mc,single,1,1.0,4,1,1,,,hmm-mixture/4/4/5/3
3.0,4,3125,3,11,900,200,constant-mc,complete,1,1.0,4,1,1,,,hmm-mixture/4/4/5/3
3.0,4,3125,3,11,900,200,constant-mc,average,1,1.0,4,1,1,,,hmm-mixture/4/4/5/3
3.0,4,3125,3,11,900,200,constant-mc,pam,1,1.0,4,1,1,1,0,hmm-mixture/4/4/5/3
3.0,4,3125,3,11,1000,200,constant-mc,single,1,1.0,4,1,1,,,hmm-mixture/4/4/5/3
3.0,4,3125,3,11,1000,200,constant-mc,complete,1,1.0,4,1,1,,,hmm-mixture/4/4/5/3
3.0,4,3125,3,11,1000,200,constant-mc,average,1,1.0,4,1,1,,,hmm-mixture/4/4/5/3
3.0,4,3125,3,11,1000,200,constant-mc,pam,1,1.0,4,1,1,1,0,hmm-mixture/4/4/5/3
3.0,4,3125,3,12,100,200,constant-mc,single,0,-0.0011336404137105762,17,0,0,,,hmm-mixture/4/4/5/3
3.0,4,3125,3,12,100,200,constant-mc,complete,0,0.7438518628792905,17,0,0,,,hmm-mixture/4/4/5/3
3.0,4,3125,3,12,100,200,constant-mc,average,0,0.9198995686794978,17,0,0,,,hmm-mixture/4/4/5/3
3.0,4,3125,3,12,100,200,constant-mc,pam,0,0.5867104587385643,17,0,0,1,0,hmm-mixture/4/4/5/3
3.0,4,3125,3,12,200,200,constant-mc,single,0,-0.004475161499856053,6,0,0,,,hmm-mixture/4/4/5/3
3.0,4,3125,3,12,200,200,constant-mc,complete,0,0.9883483677988961,6,0,0,,,hmm-mixture/4/4/5/3
3.0,4,3125,3,12,200,200,constant-mc,average,0,0.9883483677988961,6,0,0,,,hmm-mixture/4/4/5/3
3.0,4,3125,3,12,200,200,constant-mc,pam,0,0.868662943663154,6,0,0,1,0,hmm-mixture/4/4/5/3
3.0,4,3125,3,12,300,200,constant-mc,single,0,0.4809382026260348,5,0,0,,,hmm-mixture/4/4/5/3
3.0,4,3125,3,12,300,200,constant-mc,complete,1,1.0,5,0,0,,,hmm-mixture/4/4/5/3
3.0,4,3125,3,12,300,200,constant-mc,average,1,1.0,5,0,0,,,hmm-mixture/4/4/5/3
3.0,4,3125,3,12,300,200,constant-mc,pam,0,0.9681949493548391,5,0,0,1,0,hmm-mixture/4/4/5/3
3.0,4,3125,3,12,400,200,constant-mc,single,0,0.8266787608111037,4,1,0,,,hmm-mixture/4/4/5/3
3.0,4,3125,3,12,400,200,constant-mc,complete,1,1.0,4,1,1,,,hmm-mixture/4/4/5/3
3.0,4,3125,3,12,400,200,constant-mc,average,1,1.0,4,1,1,,,hmm-mixture/4/4/5/3
3.0,4,3125,3,12,400,200,constant-mc,pam,1,1.0,4,1,1,1,0,hmm-mixture/4/4/5/3
3.0,4,3125,3,12,500,200,constant-mc,single,1,1.0,4,1,1,,,hmm-mixture/4/4/5/3
3.0,4,3125,3,12,500,200,constant-mc,complete,1,1.0,4,1,1,,,hmm-mixture/4/4/5/3
3.0,4,3125,3,12,500,200,constant-mc,average,1,1.0,4,1,1,,,hmm-mixture/4/4/5/3
3.0,4,3125,3,12,500,200,constant-mc,pam,1,1.0,4,1,1,1,0,hmm-mixture/4/4/5/3
3.0,4,3125,3,12,600,200,constant-mc,single,1,1.0,4,1,1,,,hmm-mixture/4/4/5/3
3.0,4,3125,3,12,600,200,constant-mc,complete,1,1.0,4,1,1,,,hmm-mixture/4/4/5/3
3.0,4,3125,3,12,600,200,constant-mc,average,1,1.0,4,1,1,,,hmm-mixture/4/4/5/3
3.0,4,3125,3,12,600,200,constant-mc,pam,1,1.0,4,1,1,1,0,hmm-mixture/4/4/5/3
3.0,4,3125,3,12,700,200,constant-mc,single,0,0.8266787608111037,4,1,0,,,hmm-mixture/4/4/5/3
3.0,4,3125,3,12,700,200,constant-mc,complete,1,1.0,4,1,1,,,hmm-mixture/4/4/5/3
3.0,4,3125,3,12,700,200,constant-mc,average,1,1.0,4,1,1,,,hmm-mixture/4/4/5/3
3.0,4,3125,3,12,700,200,constant-mc,pam,1,1.0,4,1,1,1,0,hmm-mixture/4/4/5/3
3.0,4,3125,3,12,800,200,constant-mc,single,0,0.8266787608111037,4,1,0,,,hmm-mixture/4/4/5/3
3.0,4,3125,3,12,800,200,constant-mc,complete,1,1.0,4,1,1,,,hmm-mixture/4/4/5/3
3.0,4,3125,3,12,800,200,constant-mc,average,1,1.0,4,1,1,,,hmm-mixture/4/4/5/3
3.0,4,3125,3,12,800,200,constant-mc,pam,1,1.0,4,1,1,1,0,hmm-mixture/4/4/5/3
3.0,4,3125,3,12,900,200,constant-mc,single,1,1.0,4,1,1,,,hmm-mixture/4/4/5/3
3.0,4,3125,3,12,900,200,constant-mc,complete,1,1.0,4,1,1,,,hmm-mixture/4/4/5/3
3.0,4,3125,3,12,900,200,constant-mc,average,1,1.0,4,1,1,,,hmm-mixture/4/4/5/3
3.0,4,3125,3,12,900,200,constant-mc,pam,1,1.0,4,1,1,1,0,hmm-mixture/4/4/5/3
3.0,4,3125,3,12,1000,200,constant-mc,single,1,1.0,4,1,1,,,hmm-mixture/4/4/5/3
3.0,4,3125,3,12,1000,200,constant-mc,complete,1,1.0,4,1,1,,,hmm-mixture/4/4/5/3
3.0,4,3125,3,12,1000,200,constant-mc,average,1,1.0,4,1,1,,,hmm-mixture/4/4/5/3
3.0,4,3125,3,12,1000,200,constant-mc,pam,1,1.0,4,1,1,1,0,hmm-mixture/4/4/5/3
3.0,4,3125,3,13,100,200,constant-mc,single,0,0.0012496068093292194,21,0,0,,,hmm-mixture/4/4/5/3
3.0,4,3125,3,13,100,200,constant-mc,complete,0,0.8381938053695736,21,0,0,,,hmm-mixture/4/4/5/3
3.0,4,3125,3,13,100,200,constant-mc,average,0,0.9188712987848017,21,0,0,,,hmm-mixture/4/4/5/3
3.0,4,3125,3,13,100,200,constant-mc,pam,0,0.6735129154382018,21,0,0,1,0,hmm-mixture/4/4/5/3
3.0,4,3125,3,13,200,200,constant-mc,single,0,0.0012496068093292194,2,0,0,,,hmm-mixture/4/4/5/3
3.0,4,3125,3,13,200,200,constant-mc,complete,1,1.0,2,0,0,,,hmm-mixture/4/4/5/3
3.0,4,3125,3,13,200,200,constant-mc,average,1,1.0,2,0,0,,,hmm-mixture/4/4/5/3
3.0,4,3125,3,13,200,200,constant-mc,pam,0,0.8803608276548369,2,0,0,1,0,hmm-mixture/4/4/5/3
3.0,4,3125,3,13,300,200,constant-mc,single,0,0.0012496068093292194,5,0,0,,,hmm-mixture/4/4/5/3
3.0,4,3125,3,13,300,200,constant-mc,complete,1,1.0,5,0,0,,,hmm-mixture/4/4/5/3
3.0,4,3125,3,13,300,200,constant-mc,average,1,1.0,5,0,0,,,hmm-mixture/4/4/5/3
3.0,4,3125,3,13,300,200,constant-mc,pam,0,0.9762894645608067,5,0,0,1,0,hmm-mixture/4/4/5/3
3.0,4,3125,3,13,400,200,constant-mc,single,0,0.44778391434538267,4,1,0,,,hmm-mixture/4/4/5/3
3.0,4,3125,3,13,400,200,constant-mc,complete,1,1.0,4,1,1,,,hmm-mixture/4/4/5/3
3.0,4,3125,3,13,400,200,constant-mc,average,1,1.0,4,1,1,,,hmm-mixture/4/4/5/3
3.0,4,3125,3,13,400,200,constant-mc,pam,1,1.0,4,1,1,1,0,hmm-mixture/4/4/5/3
3.0,4,3125,3,13,500,200,constant-mc,single,0,0.7076714734501288,4,1,0,,,hmm-mixture/4/4/5/3
3.0,4,3125,3,13,500,200,constant-mc,complete,1,1.0,4,1,1,,,hmm-mixture/4/4/5/3
3.0,4,3125,3,13,500,200,constant-mc,average,1,1.0,4,1,1,,,hmm-mixture/4/4/5/3
3.0,4,3125,3,13,500,200,constant-mc,pam,1,1.0,4,1,1,1,0,hmm-mixture/4/4/5/3
3.0,4,3125,3,13,600,200,constant-mc,single,0,0.8066171562480516,4,1,0,,,hmm-mixture/4/4/5/3
3.0,4,3125,3,13,600,200,constant-mc,complete,1,1.0,4,1,1,,,hmm-mixture/4/4/5/3
3.0,4,3125,3,13,600,200,constant-mc,average,1,1.0,4,1,1,,,hmm-mixture/4/4/5/3
3.0,4,3125,3,13,600,200,constant-mc,pam,1,1.0,4,1,1,1,0,hmm-mixture/4/4/5/3
3.0,4,3125,3,13,700,200,constant-mc,single,1,1.0,4,1,1,,,hmm-mixture/4/4/5/3
3.0,4,3125,3,13,700,200,constant-mc,complete,1,1.0,4,1,1,,,hmm-mixture/4/4/5/3
3.0,4,3125,3,13,700,200,constant-mc,average,1,1.0,4,1,1,,,hmm-mixture/4/4/5/3
3.0,4,3125,3,13,700,200,constant-mc,pam,1,1.0,4,1,1,1,0,hmm-mixture/4/4/5/3
3.0,4,3125,3,13,800,200,constant-mc,single,1,1.0,4,1,1,,,hmm-mixture/4/4/5/3
3.0,4,3125,3,13,800,200,constant-mc,complete,1,1.0,4,1,1,,,hmm-mixture/4/4/5/3
3.0,4,3125,3,13,800,200,constant-mc,average,1,1.0,4,1,1,,,hmm-mixture/4/4/5/3
3.0,4,3125,3,13,800,200,constant-mc,pam,1,1.0,4,1,1,1,0,hmm-mixture/4/4/5/3
3.0,4,3125,3,13,900,200,constant-mc,single,1,1.0,4,1,1,,,hmm-mixture/4/4/5/3
3.0,4,3125,3,13,900,200,constant-mc,complete,1,1.0,4,1,1,,,hmm-mixture/4/4/5/3
3.0,4,3125,3,13,900,200,constant-mc,average,1,1.0,4,1,1,,,hmm-mixture/4/4/5/3
3.0,4,3125,3,13,900,200,constant-mc,pam,1,1.0,4,1,1,1,0,hmm-mixture/4/4/5/3
3.0,4,3125,3,13,1000,200,constant-mc,single,1,1.0,4,1,1,,,hmm-mixture/4/4/5/3
3.0,4,3125,3,13,1000,200,constant-mc,complete,1,1.0,4,1,1,,,hmm-mixture/4/4/5/3
3.0,4,3125,3,13,1000,200,constant-mc,average,1,1.0,4,1,1,,,hmm-mixture/4/4/5/3
3.0,4,3125,3,13,1000,200,constant-mc,pam,1,1.0,4,1,1,1,0,hmm-mixture/4/4/5/3
3.0,4,3125,3,14,100,200,constant-mc,single,0,0.004402932809151783,84,0,0,,,hmm-mixture/4/4/5/3
3.0,4,3125,3,14,100,200,constant-mc,complete,0,0.7071242094707044,84,0,0,,,hmm-mixture/4/4/5/3
3.0,4,3125,3,14,100,200,constant-mc,average,0,0.9160677674383726,84,0,0,,,hmm-mixture/4/4/5/3
3.0,4,3125,3,14,100,200,constant-mc,pam,0,0.6327550037205741,84,0,0,1,0,hmm-mixture/4/4/5/3
3.0,4,3125,3,14,200,200,constant-mc,single,0,-0.0005864866129781726,8,0,0,,,hmm-mixture/4/4/5/3
3.0,4,3125,3,14,200,200,constant-mc,complete,1,1.0,8,0,0,,,hmm-mixture/4/4/5/3
3.0,4,3125,3,14,200,200,constant-mc,average,0,0.9844646031615034,8,0,0,,,hmm-mixture/4/4/5/3
3.0,4,3125,3,14,200,200,constant-mc,pam,0,0.9219850191464557,8,0,0,1,0,hmm-mixture/4/4/5/3
3.0,4,3125,3,14,300,200,constant-mc,single,0,0.8042442764934701,4,1,0,,,hmm-mixture/4/4/5/3
3.0,4,3125,3,14,300,200,constant-mc,complete,1,1.0,4,1,1,,,hmm-mixture/4/4/5/3
3.0,4,3125,3,14,300,200,constant-mc,average,1,1.0,4,1,1,,,hmm-mixture/4/4/5/3
3.0,4,3125,3,14,300,200,constant-mc,pam,0,0.9856798371387308,4,1,0,1,0,hmm-mixture/4/4/5/3
3.0,4,3125,3,14,400,200,constant-mc,single,0,0.8042442764934701,4,1,0,,,hmm-mixture/4/4/5/3
3.0,4,3125,3,14,400,200,constant-mc,complete,1,1.0,4,1,1,,,hmm-mixture/4/4/5/3
3.0,4,3125,3,14,400,200,constant-mc,average,1,1.0,4,1,1,,,hmm-mixture/4/4/5/3
3.0,4,3125,3,14,400,200,constant-mc,pam,0,0.9844646031615034,4,1,0,1,0,hmm-mixture/4/4/5/3
3.0,4,3125,3,14,500,200,constant-mc,single,1,1.0,4,1,1,,,hmm-mixture/4/4/5/3
3.0,4,3125,3,14,500,200,constant-mc,complete,1,1.0,4,1,1,,,hmm-mixture/4/4/5/3
3.0,4,3125,3,14,500,200,constant-mc,average,1,1.0,4,1,1,,,hmm-mixture/4/4/5/3
3.0,4,3125,3,14,500,200,constant-mc,pam,1,1.0,4,1,1,1,0,hmm-mixture/4/4/5/3
3.0,4,3125,3,14,600,200,constant-mc,single,1,1.0,4,1,1,,,hmm-mixture/4/4/5/3
3.0,4,3125,3,14,600,200,constant-mc,complete,1,1.0,4,1,1,,,hmm-mixture/4/4/5/3
3.0,4,3125,3,14,600,200,constant-mc,average,1,1.0,4,1,1,,,hmm-mixture/4/4/5/3
3.0,4,3125,3,14,600,200,constant-mc,pam,1,1.0,4,1,1,1,0,hmm-mixture/4/4/5/3
3.0,4,3125,3,14,700,200,constant-mc,single,0,0.8042442764934701,4,1,0,,,hmm-mixture/4/4/5/3
3.0,4,3125,3,14,700,200,constant-mc,complete,1,1.0,4,1,1,,,hmm-mixture/4/4/5/3
3.0,4,3125,3,14,700,200,constant-mc,average,1,1.0,4,1,1,,,hmm-mixture/4/4/5/3
3.0,4,3125,3,14,700,200,constant-mc,pam,1,1.0,4,1,1,1,0,hmm-mixture/4/4/5/3
3.0,4,3125,3,14,800,200,constant-mc,single,1,1.0,4,1,1,,,hmm-mixture/4/4/5/3
3.0,4,3125,3,14,800,200,constant-mc,complete,1,1.0,4,1,1,,,hmm-mixture/4/4/5/3
3.0,4,3125,3,14,800,200,constant-mc,average,1,1.0,4,1,1,,,hmm-mixture/4/4/5/3
3.0,4,3125,3,14,800,200,constant-mc,pam,1,1.0,4,1,1,1,0,hmm-mixture/4/4/5/3
3.0,4,3125,3,14,900,200,constant-mc,single,1,1.0,4,1,1,,,hmm-mixture/4/4/5/3
3.0,4,3125,3,14,900,200,constant-mc,complete,1,1.0,4,1,1,,,hmm-mixture/4/4/5/3
3.0,4,3125,3,14,900,200,constant-mc,average,1,1.0,4,1,1,,,hmm-mixture/4/4/5/3
3.0,4,3125,3,14,900,200,constant-mc,pam,1,1.0,4,1,1,1,0,hmm-mixture/4/4/5/3
3.0,4,3125,3,14,1000,200,constant-mc,single,1,1.0,4,1,1,,,hmm-mixture/4/4/5/3
3.0,4,3125,3,14,1000,200,constant-mc,complete,1,1.0,4,1,1,,,hmm-mixture/4/4/5/3
3.0,4,3125,3,14,1000,200,constant-mc,average,1,1.0,4,1,1,,,hmm-mixture/4/4/5/3
3.0,4,3125,3,14,1000,200,constant-mc,pam,1,1.0,4,1,1,1,0,hmm-mixture/4/4/5/3
3.0,4,3125,3,15,100,200,constant-mc,single,0,0.002028364935842952,14,0,0,,,hmm-mixture/4/4/5/3
3.0,4,3125,3,15,100,200,constant-mc,complete,0,0.8237776765255468,14,0,0,,,hmm-mixture/4/4/5/3
3.0,4,3125,3,15,100,200,constant-mc,average,0,0.9071241834023329,14,0,0,,,hmm-mixture/4/4/5/3
3.0,4,3125,3,15,100,200,constant-mc,pam,0,0.441766252928077,14,0,0,1,0,hmm-mixture/4/4/5/3
3.0,4,3125,3,15,200,200,constant-mc,single,0,6.785095409901066e-05,7,0,0,,,hmm-mixture/4/4/5/3
3.0,4,3125,3,15,200,200,constant-mc,complete,1,1.0,7,0,0,,,hmm-mixture/4/4/5/3
3.0,4,3125,3,15,200,200,constant-mc,average,1,1.0,7,0,0,,,hmm-mixture/4/4/5/3
3.0,4,3125,3,15,200,200,constant-mc,pam,0,0.9268777166698868,7,0,0,1,0,hmm-mixture/4/4/5/3
3.0,4,3125,3,15,300,200,constant-mc,single,0,0.8358285163033546,4,1,0,,,hmm-mixture/4/4/5/3
3.0,4,3125,3,15,300,200,constant-mc,complete,1,1.0,4,1,1,,,hmm-mixture/4/4/5/3
3.0,4,3125,3,15,300,200,constant-mc,average,1,1.0,4,1,1,,,hmm-mixture/4/4/5/3
3.0,4,3125,3,15,300,200,constant-mc,pam,0,0.9662549590969843,4,1,0,1,0,hmm-mixture/4/4/5/3
3.0,4,3125,3,15,400,200,constant-mc,single,0,0.8358285163033546,4,1,0,,,hmm-mixture/4/4/5/3
3.0,4,3125,3,15,400,200,constant-mc,complete,1,1.0,4,1,1,,,hmm-mixture/4/4/5/3
3.0,4,3125,3,15,400,200,constant-mc,average,1,1.0,4,1,1,,,hmm-mixture/4/4/5/3
3.0,4,3125,3,15,400,200,constant-mc,pam,1,1.0,4,1,1,1,0,hmm-mixture/4/4/5/3
3.0,4,3125,3,15,500,200,constant-mc,single,1,1.0,4,1,1,,,hmm-mixture/4/4/5/3
3.0,4,3125,3,15,500,200,constant-mc,complete,1,1.0,4,1,1,,,hmm-mixture/4/4/5/3
3.0,4,3125,3,15,500,200,constant-mc,average,1,1.0,4,1,1,,,hmm-mixture/4/4/5/3
3.0,4,3125,3,15,500,200,constant-mc,pam,1,1.0,4,1,1,1,0,hmm-mixture/4/4/5/3
3.0,4,3125,3,15,600,200,constant-mc,single,1,1.0,4,1,1,,,hmm-mixture/4/4/5/3
3.0,4,3125,3,15,600,200,constant-mc,complete,1,1.0,4,1,1,,,hmm-mixture/4/4/5/3
3.0,4,3125,3,15,600,200,constant-mc,average,1,1.0,4,1,1,,,hmm-mixture/4/4/5/3
3.0,4,3125,3,15,600,200,constant-mc,pam,1,1.0,4,1,1,1,0,hmm-mixture/4/4/5/3
3.0,4,3125,3,15,700,200,constant-mc,single,1,1.0,4,1,1,,,hmm-mixture/4/4/5/3
3.0,4,3125,3,15,700,200,constant-mc,complete,1,1.0,4,1,1,,,hmm-mixture/4/4/5/3
3.0,4,3125,3,15,700,200,constant-mc,average,1,1.0,4,1,1,,,hmm-mixture/4/4/5/3
3.0,4,3125,3,15,700,200,constant-mc,pam,1,1.0,4,1,1,1,0,hmm-mixture/4/4/5/3
3.0,4,3125,3,15,800,200,constant-mc,single,1,1.0,4,1,1,,,hmm-mixture/4/4/5/3
3.0,4,3125,3,15,800,200,constant-mc,complete,1,1.0,4,1,1,,,hmm-mixture/4/4/5/3
3.0,4,3125,3,15,800,200,constant-mc,average,1,1.0,4,1,1,,,hmm-mixture/4/4/5/3
3.0,4,3125,3,15,800,200,constant-mc,pam,1,1.0,4,1,1,1,0,hmm-mixture/4/4/5/3
3.0,4,3125,3,15,900,200,constant-mc,single,1,1.0,4,1,1,,,hmm-mixture/4/4/5/3
3.0,4,3125,3,15,900,200,constant-mc,complete,1,1.0,4,1,1,,,hmm-mixture/4/4/5/3
3.0,4,3125,3,15,900,200,constant-mc,average,1,1.0,4,1,1,,,hmm-mixture/4/4/5/3
3.0,4,3125,3,15,900,200,constant-mc,pam,1,1.0,4,1,1,1,0,hmm-mixture/4/4/5/3
3.0,4,3125,3,15,1000,200,constant-mc,single,1,1.0,4,1,1,,,hmm-mixture/4/4/5/3
3.0,4,3125,3,15,1000,200,constant-mc,complete,1,1.0,4,1,1,,,hmm-mixture/4/4/5/3
3.0,4,3125,3,15,1000,200,constant-mc,average,1,1.0,4,1,1,,,hmm-mixture/4/4/5/3
3.0,4,3125,3,15,1000,200,constant-mc,pam,1,1.0,4,1,1,1,0,hmm-mixture/4/4/5/3
3.0,4,3125,3,16,100,200,constant-mc,single,0,-0.0005800581982189701,15,0,0,,,hmm-mixture/4/4/5/3
3.0,4,3125,3,16,100,200,constant-mc,complete,0,0.7375249013389653,15,0,0,,,hmm-mixture/4/4/5/3
3.0,4,3125,3,16,100,200,constant-mc,average,0,0.9054216974492835,15,0,0,,,hmm-mixture/4/4/5/3
3.0,4,3125,3,16,100,200,constant-mc,pam,0,0.6527541044418245,15,0,0,1,0,hmm-mixture/4/4/5/3
3.0,4,3125,3,16,200,200,constant-mc,single,0,0.0019315079777073919,6,0,0,,,hmm-mixture/4/4/5/3
3.0,4,3125,3,16,200,200,constant-mc,complete,1,1.0,6,0,0,,,hmm-mixture/4/4/5/3
3.0,4,3125,3,16,200,200,constant-mc,average,0,0.9882682848197423,6,0,0,,,hmm-mixture/4/4/5/3
3.0,4,3125,3,16,200,200,constant-mc,pam,0,0.9121555965117448,6,0,0,1,0,hmm-mixture/4/4/5/3
3.0,4,3125,3,16,300,200,constant-mc,single,0,0.8302081622735495,4,1,0,,,hmm-mixture/4/4/5/3
3.0,4,3125,3,16,300,200,constant-mc,complete,1,1.0,4,1,1,,,hmm-mixture/4/4/5/3
3.0,4,3125,3,16,300,200,constant-mc,average,1,1.0,4,1,1,,,hmm-mixture/4/4/5/3
3.0,4,3125,3,16,300,200,constant-mc,pam,0,0.9517868520997912,4,1,0,1,0,hmm-mixture/4/4/5/3
3.0,4,3125,3,16,400,200,constant-mc,single,0,0.8302081622735495,4,1,0,,,hmm-mixture/4/4/5/3
3.0,4,3125,3,16,400,200,constant-mc,complete,1,1.0,4,1,1,,,hmm-mixture/4/4/5/3
3.0,4,3125,3,16,400,200,constant-mc,average,1,1.0,4,1,1,,,hmm-mixture/4/4/5/3
3.0,4,3125,3,16,400,200,constant-mc,pam,0,0.9882682848197423,4,1,0,1,0,hmm-mixture/4/4/5/3
3.0,4,3125,3,16,500,200,constant-mc,single,1,1.0,4,1,1,,,hmm-mixture/4/4/5/3
3.0,4,3125,3,16,500,200,constant-mc,complete,1,1.0,4,1,1,,,hmm-mixture/4/4/5/3
3.0,4,3125,3,16,500,200,constant-mc,average,1,1.0,4,1,1,,,hmm-mixture/4/4/5/3
3.0,4,3125,3,16,500,200,constant-mc,pam,1,1.0,4,1,1,1,0,hmm-mixture/4/4/5/3
3.0,4,3125,3,16,600,200,constant-mc,single,1,1.0,4,1,1,,,hmm-mixture/4/4/5/3
3.0,4,3125,3,16,600,200,constant-mc,complete,1,1.0,4,1,1,,,hmm-mixture/4/4/5/3
3.0,4,3125,3,16,600,200,constant-mc,average,1,1.0,4,1,1,,,hmm-mixture/4/4/5/3
3.0,4,3125,3,16,600,200,constant-mc,pam,1,1.0,4,1,1,1,0,hmm-mixture/4/4/5/3
3.0,4,3125,3,16,700,200,constant-mc,single,1,1.0,4,1,1,,,hmm-mixture/4/4/5/3
3.0,4,3125,3,16,700,200,constant-mc,complete,1,1.0,4,1,1,,,hmm-mixture/4/4/5/3
3.0,4,3125,3,16,700,200,constant-mc,average,1,1.0,4,1,1,,,hmm-mixture/4/4/5/3
3.0,4,3125,3,16,700,200,constant-mc,pam,1,1.0,4,1,1,1,0,hmm-mixture/4/4/5/3
3.0,4,3125,3,16,800,200,constant-mc,single,1,1.0,4,1,1,,,hmm-mixture/4/4/5/3
3.0,4,3125,3,16,800,200,constant-mc,complete,1,1.0,4,1,1,,,hmm-mixture/4/4/5/3
3.0,4,3125,3,16,800,200,constant-mc,average,1,1.0,4,1,1,,,hmm-mixture/4/4/5/3
3.0,4,3125,3,16,800,200,constant-mc,pam,1,1.0,4,1,1,1,0,hmm-mixture/4/4/5/3
3.0,4,3125,3,16,900,200,constant-mc,single,1,1.0,4,1,1,,,hmm-mixture/4/4/5/3
3.0,4,3125,3,16,900,200,constant-mc,complete,1,1.0,4,1,1,,,hmm-mixture/4/4/5/3
3.0,4,3125,3,16,900,200,constant-mc,average,1,1.0,4,1,1,,,hmm-mixture/4/4/5/3
3.0,4,3125,3,16,900,200,constant-mc,pam,1,1.0,4,1,1,1,0,hmm-mixture/4/4/5/3
3.0,4,3125,3,16,1000,200,constant-mc,single,1,1.0,4,1,1,,,hmm-mixture/4/4/5/3
3.0,4,3125,3,16,1000,200,constant-mc,complete,1,1.0,4,1,1,,,hmm-mixture/4/4/5/3
3.0,4,3125,3,16,1000,200,constant-mc,average,1,1.0,4,1,1,,,hmm-mixture/4/4/5/3
3.0,4,3125,3,16,1000,200,constant-mc,pam,1,1.0,4,1,1,1,0,hmm-mixture/4/4/5/3
3.0,4,3125,3,17,100,200,constant-mc,single,0,0.0014050306044614466,19,0,0,,,hmm-mixture/4/4/5/3
3.0,4,3125,3,17,100,200,constant-mc,complete,0,0.8567898089320136,19,0,0,,,hmm-mixture/4/4/5/3
3.0,4,3125,3,17,100,200,constant-mc,average,0,0.9066898653147955,19,0,0,,,hmm-mixture/4/4/5/3
3.0,4,3125,3,17,100,200,constant-mc,pam,0,0.755380637484227,19,0,0,1,0,hmm-mixture/4/4/5/3
3.0,4,3125,3,17,200,200,constant-mc,single,0,0.0022302020431576638,8,0,0,,,hmm-mixture/4/4/5/3
3.0,4,3125,3,17,200,200,constant-mc,complete,1,1.0,8,0,0,,,hmm-mixture/4/4/5/3
3.0,4,3125,3,17,200,200,constant-mc,average,1,1.0,8,0,0,,,hmm-mixture/4/4/5/3
3.0,4,3125,3,17,200,200,constant-mc,pam,0,0.9770897194456568,8,0,0,1,0,hmm-mixture/4/4/5/3
3.0,4,3125,3,17,300,200,constant-mc,single,0,0.4960258440703287,4,1,0,,,hmm-mixture/4/4/5/3
3.0,4,3125,3,17,300,200,constant-mc,complete,1,1.0,4,1,1,,,hmm-mixture/4/4/5/3
3.0,4,3125,3,17,300,200,constant-mc,average,1,1.0,4,1,1,,,hmm-mixture/4/4/5/3
3.0,4,3125,3,17,300,200,constant-mc,pam,0,0.976678787695413,4,1,0,1,0,hmm-mixture/4/4/5/3
3.0,4,3125,3,17,400,200,constant-mc,single,0,0.7755708413710087,4,1,0,,,hmm-mixture/4/4/5/3
3.0,4,3125,3,17,400,200,constant-mc,complete,1,1.0,4,1,1,,,hmm-mixture/4/4/5/3
3.0,4,3125,3,17,400,200,constant-mc,average,1,1.0,4,1,1,,,hmm-mixture/4/4/5/3
3.0,4,3125,3,17,400,200,constant-mc,pam,0,0.9620223957017275,4,1,0,1,0,hmm-mixture/4/4/5/3
3.0,4,3125,3,17,500,200,constant-mc,single,0,0.3249989432204321,4,1,0,,,hmm-mixture/4/4/5/3
3.0,4,3125,3,17,500,200,constant-mc,complete,1,1.0,4,1,1,,,hmm-mixture/4/4/5/3
3.0,4,3125,3,17,500,200,constant-mc,average,1,1.0,4,1,1,,,hmm-mixture/4/4/5/3
3.0,4,3125,3,17,500,200,constant-mc,pam,1,1.0,4,1,1,1,0,hmm-mixture/4/4/5/3
3.0,4,3125,3,17,600,200,constant-mc,single,1,1.0,4,1,1,,,hmm-mixture/4/4/5/3
3.0,4,3125,3,17,600,200,constant-mc,complete,1,1.0,4,1,1,,,hmm-mixture/4/4/5/3
3.0,4,3125,3,17,600,200,constant-mc,average,1,1.0,4,1,1,,,hmm-mixture/4/4/5/3
3.0,4,3125,3,17,600,200,constant-mc,pam,1,1.0,4,1,1,1,0,hmm-mixture/4/4/5/3
3.0,4,3125,3,17,700,200,constant-mc,single,1,1.0,4,1,1,,,hmm-mixture/4/4/5/3
3.0,4,3125,3,17,700,200,constant-mc,complete,1,1.0,4,1,1,,,hmm-mixture/4/4/5/3
3.0,4,3125,3,17,700,200,constant-mc,average,1,1.0,4,1,1,,,hmm-mixture/4/4/5/3
3.0,4,3125,3,17,700,200,constant-mc,pam,1,1.0,4,1,1,1,0,hmm-mixture/4/4/5/3
3.0,4,3125,3,17,800,200,constant-mc,single,1,1.0,4,1,1,,,hmm-mixture/4/4/5/3
3.0,4,3125,3,17,800,200,constant-mc,complete,1,1.0,4,1,1,,,hmm-mixture/4/4/5/3
3.0,4,3125,3,17,800,200,constant-mc,average,1,1.0,4,1,1,,,hmm-mixture/4/4/5/3
3.0,4,3125,3,17,800,200,constant-mc,pam,1,1.0,4,1,1,1,0,hmm-mixture/4/4/5/3
3.0,4,3125,3,17,900,200,constant-mc,single,1,1.0,4,1,1,,,hmm-mixture/4/4/5/3
3.0,4,3125,3,17,900,200,constant-mc,complete,1,1.0,4,1,1,,,hmm-mixture/4/4/5/3
3.0,4,3125,3,17,900,200,constant-mc,average,1,1.0,4,1,1,,,hmm-mixture/4/4/5/3
3.0,4,3125,3,17,900,200,constant-mc,pam,1,1.0,4,1,1,1,0,hmm-mixture/4/4/5/3
3.0,4,3125,3,17,1000,200,constant-mc,single,1,1.0,4,1,1,,,hmm-mixture/4/4/5/3
3.0,4,3125,3,17,1000,200,constant-mc,complete,1,1.0,4,1,1,,,hmm-mixture/4/4/5/3
3.0,4,3125,3,17,1000,200,constant-mc,average,1,1.0,4,1,1,,,hmm-mixture/4/4/5/3
3.0,4,3125,3,17,1000,200,constant-mc,pam,1,1.0,4,1,1,1,0,hmm-mixture/4/4/5/3
3.0,4,3125,3,18,100,200,constant-mc,single,0,0.003258795893915809,14,0,0,,,hmm-mixture/4/4/5/3
3.0,4,3125,3,18,100,200,constant-mc,complete,0,0.8724654165608036,14,0,0,,,hmm-mixture/4/4/5/3
3.0,4,3125,3,18,100,200,constant-mc,average,0,0.9168920200306001,14,0,0,,,hmm-mixture/4/4/5/3
3.0,4,3125,3,18,100,200,constant-mc,pam,0,0.6406406622869513,14,0,0,1,0,hmm-mixture/4/4/5/3
3.0,4,3125,3,18,200,200,constant-mc,single,0,0.0029823265217207924,9,0,0,,,hmm-mixture/4/4/5/3
3.0,4,3125,3,18,200,200,constant-mc,complete,0,0.9884688872311561,9,0,0,,,hmm-mixture/4/4/5/3
3.0,4,3125,3,18,200,200,constant-mc,average,1,1.0,9,0,0,,,hmm-mixture/4/4/5/3
3.0,4,3125,3,18,200,200,constant-mc,pam,0,0.9058689505687806,9,0,0,1,0,hmm-mixture/4/4/5/3
3.0,4,3125,3,18,300,200,constant-mc,single,0,0.3127302235144407,4,1,0,,,hmm-mixture/4/4/5/3
3.0,4,3125,3,18,300,200,constant-mc,complete,1,1.0,4,1,1,,,hmm-mixture/4/4/5/3
3.0,4,3125,3,18,300,200,constant-mc,average,1,1.0,4,1,1,,,hmm-mixture/4/4/5/3
3.0,4,3125,3,18,300,200,constant-mc,pam,0,0.9486211292378693,4,1,0,1,0,hmm-mixture/4/4/5/3
3.0,4,3125,3,18,400,200,constant-mc,single,0,0.7817219050707261,4,1,0,,,hmm-mixture/4/4/5/3
3.0,4,3125,3,18,400,200,constant-mc,complete,1,1.0,4,1,1,,,hmm-mixture/4/4/5/3
3.0,4,3125,3,18,400,200,constant-mc,average,1,1.0,4,1,1,,,hmm-mixture/4/4/5/3
3.0,4,3125,3,18,400,200,constant-mc,pam,1,1.0,4,1,1,1,0,hmm-mixture/4/4/5/3
3.0,4,3125,3,18,500,200,constant-mc,single,0,0.7817219050707261,4,1,0,,,hmm-mixture/4/4/5/3
3.0,4,3125,3,18,500,200,constant-mc,complete,1,1.0,4,1,1,,,hmm-mixture/4/4/5/3
3.0,4,3125,3,18,500,200,constant-mc,average,1,1.0,4,1,1,,,hmm-mixture/4/4/5/3
3.0,4,3125,3,18,500,200,constant-mc,pam,0,0.9889902419795434,4,1,0,1,0,hmm-mixture/4/4/5/3
3.0,4,3125,3,18,600,200,constant-mc,single,1,1.0,4,1,1,,,hmm-mixture/4/4/5/3
3.0,4,3125,3,18,600,200,constant-mc,complete,1,1.0,4,1,1,,,hmm-mixture/4/4/5/3
3.0,4,3125,3,18,600,200,constant-mc,average,1,1.0,4,1,1,,,hmm-mixture/4/4/5/3
3.0,4,3125,3,18,600,200,constant-mc,pam,1,1.0,4,1,1,1,0,hmm-mixture/4/4/5/3
3.0,4,3125,3,18,700,200,constant-mc,single,1,1.0,4,1,1,,,hmm-mixture/4/4/5/3
3.0,4,3125,3,18,700,200,constant-mc,complete,1,1.0,4,1,1,,,hmm-mixture/4/4/5/3
3.0,4,3125,3,18,700,200,constant-mc,average,1,1.0,4,1,1,,,hmm-mixture/4/4/5/3
3.0,4,3125,3,18,700,200,constant-mc,pam,0,0.9889902419795434,4,1,0,1,0,hmm-mixture/4/4/5/3
3.0,4,3125,3,18,800,200,constant-mc,single,1,1.0,4,1,1,,,hmm-mixture/4/4/5/3
3.0,4,3125,3,18,800,200,constant-mc,complete,1,1.0,4,1,1,,,hmm-mixture/4/4/5/3
3.0,4,3125,3,18,800,200,constant-mc,average,1,1.0,4,1,1,,,hmm-mixture/4/4/5/3
3.0,4,3125,3,18,800,200,constant-mc,pam,1,1.0,4,1,1,1,0,hmm-mixture/4/4/5/3
3.0,4,3125,3,18,900,200,constant-mc,single,1,1.0,4,1,1,,,hmm-mixture/4/4/5/3
3.0,4,3125,3,18,900,200,constant-mc,complete,1,1.0,4,1,1,,,hmm-mixture/4/4/5/3
3.0,4,3125,3,18,900,200,constant-mc,average,1,1.0,4,1,1,,,hmm-mixture/4/4/5/3
3.0,4,3125,3,18,900,200,constant-mc,pam,1,1.0,4,1,1,1,0,hmm-mixture/4/4/5/3
3.0,4,3125,3,18,1000,200,constant-mc,single,1,1.0,4,1,1,,,hmm-mixture/4/4/5/3
3.0,4,3125,3,18,1000,200,constant-mc,complete,1,1.0,4,1,1,,,hmm-mixture/4/4/5/3
3.0,4,3125,3,18,1000,200,constant-mc,average,1,1.0,4,1,1,,,hmm-mixture/4/4/5/3
3.0,4,3125,3,18,1000,200,constant-mc,pam,1,1.0,4,1,1,1,0,hmm-mixture/4/4/5/3
3.0,4,3125,3,19,100,200,constant-mc,single,0,0.004944784371234187,14,0,0,,,hmm-mixture/4/4/5/3
3.0,4,3125,3,19,100,200,constant-mc,complete,0,0.8757460387811413,14,0,0,,,hmm-mixture/4/4/5/3
3.0,4,3125,3,19,100,200,constant-mc,average,0,0.7594944790789241,14,0,0,,,hmm-mixture/4/4/5/3
3.0,4,3125,3,19,100,200,constant-mc,pam,0,0.656199759405845,14,0,0,1,0,hmm-mixture/4/4/5/3
3.0,4,3125,3,19,200,200,constant-mc,single,0,0.004944784371234187,9,0,0,,,hmm-mixture/4/4/5/3
3.0,4,3125,3,19,200,200,constant-mc,complete,1,1.0,9,0,0,,,hmm-mixture/4/4/5/3
3.0,4,3125,3,19,200,200,constant-mc,average,1,1.0,9,0,0,,,hmm-mixture/4/4/5/3
3.0,4,3125,3,19,200,200,constant-mc,pam,0,0.8273734633900538,9,0,0,1,0,hmm-mixture/4/4/5/3
3.0,4,3125,3,19,300,200,constant-mc,single,0,0.3312669728412016,4,1,0,,,hmm-mixture/4/4/5/3
3.0,4,3125,3,19,300,200,constant-mc,complete,0,0.9902062750784378,4,1,0,,,hmm-mixture/4/4/5/3
3.0,4,3125,3,19,300,200,constant-mc,average,0,0.9901808709879936,4,1,0,,,hmm-mixture/4/4/5/3
3.0,4,3125,3,19,300,200,constant-mc,pam,0,0.9582586779479155,4,1,0,1,0,hmm-mixture/4/4/5/3
3.0,4,3125,3,19,400,200,constant-mc,single,0,0.828307784507748,4,1,0,,,hmm-mixture/4/4/5/3
3.0,4,3125,3,19,400,200,constant-mc,complete,1,1.0,4,1,1,,,hmm-mixture/4/4/5/3
3.0,4,3125,3,19,400,200,constant-mc,average,1,1.0,4,1,1,,,hmm-mixture/4/4/5/3
3.0,4,3125,3,19,400,200,constant-mc,pam,1,1.0,4,1,1,1,0,hmm-mixture/4/4/5/3
3.0,4,3125,3,19,500,200,constant-mc,single,0,0.828307784507748,4,1,0,,,hmm-mixture/4/4/5/3
3.0,4,3125,3,19,500,200,constant-mc,complete,1,1.0,4,1,1,,,hmm-mixture/4/4/5/3
3.0,4,3125,3,19,500,200,constant-mc,average,1,1.0,4,1,1,,,hmm-mixture/4/4/5/3
3.0,4,3125,3,19,500,200,constant-mc,pam,1,1.0,4,1,1,1,0,hmm-mixture/4/4/5/3
3.0,4,3125,3,19,600,200,constant-mc,single,0,0.828307784507748,4,1,0,,,hmm-mixture/4/4/5/3
3.0,4,3125,3,19,600,200,constant-mc,complete,1,1.0,4,1,1,,,hmm-mixture/4/4/5/3
3.0,4,3125,3,19,600,200,constant-mc,average,1,1.0,4,1,1,,,hmm-mixture/4/4/5/3
3.0,4,3125,3,19,600,200,constant-mc,pam,1,1.0,4,1,1,1,0,hmm-mixture/4/4/5/3
3.0,4,3125,3,19,700,200,constant-mc,single,0,0.828307784507748,4,1,0,,,hmm-mixture/4/4/5/3
3.0,4,3125,3,19,700,200,constant-mc,complete,1,1.0,4,1,1,,,hmm-mixture/4/4/5/3
3.0,4,3125,3,19,700,200,constant-mc,average,1,1.0,4,1,1,,,hmm-mixture/4/4/5/3
3.0,4,3125,3,19,700,200,constant-mc,pam,1,1.0,4,1,1,1,0,hmm-mixture/4/4/5/3
3.0,4,3125,3,19,800,200,constant-mc,single,1,1.0,4,1,1,,,hmm-mixture/4/4/5/3
3.0,4,3125,3,19,800,200,constant-mc,complete,1,1.0,4,1,1,,,hmm-mixture/4/4/5/3
3.0,4,3125,3,19,800,200,constant-mc,average,1,1.0,4,1,1,,,hmm-mixture/4/4/5/3
3.0,4,3125,3,19,800,200,constant-mc,pam,1,1.0,4,1,1,1,0,hmm-mixture/4/4/5/3
3.0,4,3125,3,19,900,200,constant-mc,single,1,1.0,4,1,1,,,hmm-mixture/4/4/5/3
3.0,4,3125,3,19,900,200,constant-mc,complete,1,1.0,4,1,1,,,hmm-mixture/4/4/5/3
3.0,4,3125,3,19,900,200,constant-mc,average,1,1.0,4,1,1,,,hmm-mixture/4/4/5/3
3.0,4,3125,3,19,900,200,constant-mc,pam,1,1.0,4,1,1,1,0,hmm-mixture/4/4/5/3
3.0,4,3125,3,19,1000,200,constant-mc,single,1,1.0,4,1,1,,,hmm-mixture/4/4/5/3
3.0,4,3125,3,19,1000,200,constant-mc,complete,1,1.0,4,1,1,,,hmm-mixture/4/4/5/3
3.0,4,3125,3,19,1000,200,constant-mc,average,1,1.0,4,1,1,,,hmm-mixture/4/4/5/3
3.0,4,3125,3,19,1000,200,constant-mc,pam,1,1.0,4,1,1,1,0,hmm-mixture/4/4/5/3
3.0,4,3125,4,0,100,200,constant-mc,single,0,0.010145362947512242,18,0,0,,,hmm-mixture/4/4/5/4
3.0,4,3125,4,0,100,200,constant-mc,complete,0,0.9657934330779221,18,0,0,,,hmm-mixture/4/4/5/4
3.0,4,3125,4,0,100,200,constant-mc,average,0,0.9775262028845806,18,0,0,,,hmm-mixture/4/4/5/4
3.0,4,3125,4,0,100,200,constant-mc,pam,0,0.4231456338010631,18,0,0,1,0,hmm-mixture/4/4/5/4
3.0,4,3125,4,0,200,200,constant-mc,single,0,0.010145362947512242,7,0,0,,,hmm-mixture/4/4/5/4
3.0,4,3125,4,0,200,200,constant-mc,complete,0,0.9884863349696602,7,0,0,,,hmm-mixture/4/4/5/4
3.0,4,3125,4,0,200,200,constant-mc,average,0,0.9884863349696602,7,0,0,,,hmm-mixture/4/4/5/4
3.0,4,3125,4,0,200,200,constant-mc,pam,0,0.47191029878601526,7,0,0,1,0,hmm-mixture/4/4/5/4
3.0,4,3125,4,0,300,200,constant-mc,single,0,0.007395967712661388,4,1,0,,,hmm-mixture/4/4/5/4
3.0,4,3125,4,0,300,200,constant-mc,complete,0,0.98847477578638,4,1,0,,,hmm-mixture/4/4/5/4
3.0,4,3125,4,0,300,200,constant-mc,average,0,0.9808115047875241,4,1,0,,,hmm-mixture/4/4/5/4
3.0,4,3125,4,0,300,200,constant-mc,pam,0,0.9346556730743937,4,1,0,1,0,hmm-mixture/4/4/5/4
3.0,4,3125,4,0,400,200,constant-mc,single,0,0.007395967712661388,4,1,0,,,hmm-mixture/4/4/5/4
3.0,4,3125,4,0,400,200,constant-mc,complete,1,1.0,4,1,1,,,hmm-mixture/4/4/5/4
3.0,4,3125,4,0,400,200,constant-mc,average,1,1.0,4,1,1,,,hmm-mixture/4/4/5/4
3.0,4,3125,4,0,400,200,constant-mc,pam,0,0.9280363515510294,4,1,0,1,0,hmm-mixture/4/4/5/4
3.0,4,3125,4,0,500,200,constant-mc,single,0,0.6389119606840995,4,1,0,,,hmm-mixture/4/4/5/4
3.0,4,3125,4,0,500,200,constant-mc,complete,1,1.0,4,1,1,,,hmm-mixture/4/4/5/4
3.0,4,3125,4,0,500,200,constant-mc,average,1,1.0,4,1,1,,,hmm-mixture/4/4/5/4
3.0,4,3125,4,0,500,200,constant-mc,pam,0,0.9280363515510294,4,1,0,1,0,hmm-mixture/4/4/5/4
3.0,4,3125,4,0,600,200,constant-mc,single,0,0.6389119606840995,4,1,0,,,hmm-mixture/4/4/5/4
3.0,4,3125,4,0,600,200,constant-mc,complete,1,1.0,4,1,1,,,hmm-mixture/4/4/5/4
3.0,4,3125,4,0,600,200,constant-mc,average,1,1.0,4,1,1,,,hmm-mixture/4/4/5/4
3.0,4,3125,4,0,600,200,constant-mc,pam,1,1.0,4,1,1,1,0,hmm-mixture/4/4/5/4
3.0,4,3125,4,0,700,200,constant-mc,single,0,0.6389119606840995,4,1,0,,,hmm-mixture/4/4/5/4
3.0,4,3125,4,0,700,200,constant-mc,complete,1,1.0,4,1,1,,,hmm-mixture/4/4/5/4
3.0,4,3125,4,0,700,200,constant-mc,average,1,1.0,4,1,1,,,hmm-mixture/4/4/5/4
3.0,4,3125,4,0,700,200,constant-mc,pam,0,0.9849934608196691,4,1,0,1,0,hmm-mixture/4/4/5/4
3.0,4,3125,4,0,800,200,constant-mc,single,0,0.6389119606840995,4,1,0,,,hmm-mixture/4/4/5/4
3.0,4,3125,4,0,800,200,constant-mc,complete,1,1.0,4,1,1,,,hmm-mixture/4/4/5/4
3.0,4,3125,4,0,800,200,constant-mc,average,1,1.0,4,1,1,,,hmm-mixture/4/4/5/4
3.0,4,3125,4,0,800,200,constant-mc,pam,0,0.9849934608196691,4,1,0,1,0,hmm-mixture/4/4/5/4
3.0,4,3125,4,0,900,200,constant-mc,single,1,1.0,4,1,1,,,hmm-mixture/4/4/5/4
3.0,4,3125,4,0,900,200,constant-mc,complete,1,1.0,4,1,1,,,hmm-mixture/4/4/5/4
3.0,4,3125,4,0,900,200,constant-mc,average,1,1.0,4,1,1,,,hmm-mixture/4/4/5/4
3.0,4,3125,4,0,900,200,constant-mc,pam,1,1.0,4,1,1,1,0,hmm-mixture/4/4/5/4
3.0,4,3125,4,0,1000,200,constant-mc,single,0,0.6389119606840995,4,1,0,,,hmm-mixture/4/4/5/4
3.0,4,3125,4,0,1000,200,constant-mc,complete,1,1.0,4,1,1,,,hmm-mixture/4/4/5/4
3.0,4,3125,4,0,1000,200,constant-mc,average,1,1.0,4,1,1,,,hmm-mixture/4/4/5/4
3.0,4,3125,4,0,1000,200,constant-mc,pam,1,1.0,4,1,1,1,0,hmm-mixture/4/4/5/4
3.0,4,3125,4,1,100,200,constant-mc,single,0,0.011865955904158289,99,0,0,,,hmm-mixture/4/4/5/4
3.0,4,3125,4,1,100,200,constant-mc,complete,0,0.8080684003564571,99,0,0,,,hmm-mixture/4/4/5/4
3.0,4,3125,4,1,100,200,constant-mc,average,0,0.5495488147237593,99,0,0,,,hmm-mixture/4/4/5/4
3.0,4,3125,4,1,100,200,constant-mc,pam,0,0.35950091903183196,99,0,0,1,0,hmm-mixture/4/4/5/4
3.0,4,3125,4,1,200,200,constant-mc,single,0,0.011865955904158289,4,1,0,,,hmm-mixture/4/4/5/4
3.0,4,3125,4,1,200,200,constant-mc,complete,0,0.96721141814203,4,1,0,,,hmm-mixture/4/4/5/4
3.0,4,3125,4,1,200,200,constant-mc,average,0,0.9349558860051178,4,1,0,,,hmm-mixture/4/4/5/4
3.0,4,3125,4,1,200,200,constant-mc,pam,0,0.777797451519636,4,1,0,1,0,hmm-mixture/4/4/5/4
3.0,4,3125,4,1,300,200,constant-mc,single,0,0.007271653047483108,4,1,0,,,hmm-mixture/4/4/5/4
3.0,4,3125,4,1,300,200,constant-mc,complete,1,1.0,4,1,1,,,hmm-mixture/4/4/5/4
3.0,4,3125,4,1,300,200,constant-mc,average,1,1.0,4,1,1,,,hmm-mixture/4/4/5/4
3.0,4,3125,4,1,300,200,constant-mc,pam,0,0.895771037554678,4,1,0,1,0,hmm-mixture/4/4/5/4
3.0,4,3125,4,1,400,200,constant-mc,single,0,0.002964494119350125,4,1,0,,,hmm-mixture/4/4/5/4
3.0,4,3125,4,1,400,200,constant-mc,complete,1,1.0,4,1,1,,,hmm-mixture/4/4/5/4
3.0,4,3125,4,1,400,200,constant-mc,average,1,1.0,4,1,1,,,hmm-mixture/4/4/5/4
3.0,4,3125,4,1,400,200,constant-mc,pam,0,0.9293400612990256,4,1,0,1,0,hmm-mixture/4/4/5/4
3.0,4,3125,4,1,500,200,constant-mc,single,0,0.5940038517685866,4,1,0,,,hmm-mixture/4/4/5/4
3.0,4,3125,4,1,500,200,constant-mc,complete,1,1.0,4,1,1,,,hmm-mixture/4/4/5/4
3.0,4,3125,4,1,500,200,constant-mc,average,1,1.0,4,1,1,,,hmm-mixture/4/4/5/4
3.0,4,3125,4,1,500,200,constant-mc,pam,0,0.9756979631695791,4,1,0,1,0,hmm-mixture/4/4/5/4
3.0,4,3125,4,1,600,200,constant-mc,single,0,0.5940038517685866,4,1,0,,,hmm-mixture/4/4/5/4
3.0,4,3125,4,1,600,200,constant-mc,complete,1,1.0,4,1,1,,,hmm-mixture/4/4/5/4
3.0,4,3125,4,1,600,200,constant-mc,average,1,1.0,4,1,1,,,hmm-mixture/4/4/5/4
3.0,4,3125,4,1,600,200,constant-mc,pam,0,0.9566866027000394,4,1,0,1,0,hmm-mixture/4/4/5/4
3.0,4,3125,4,1,700,200,constant-mc,single,0,0.5940038517685866,4,1,0,,,hmm-mixture/4/4/5/4
3.0,4,3125,4,1,700,200,constant-mc,complete,1,1.0,4,1,1,,,hmm-mixture/4/4/5/4
3.0,4,3125,4,1,700,200,constant-mc,average,1,1.0,4,1,1,,,hmm-mixture/4/4/5/4
3.0,4,3125,4,1,700,200,constant-mc,pam,1,1.0,4,1,1,1,0,hmm-mixture/4/4/5/4
3.0,4,3125,4,1,800,200,constant-mc,single,0,0.5940038517685866,4,1,0,,,hmm-mixture/4/4/5/4
3.0,4,3125,4,1,800,200,constant-mc,complete,1,1.0,4,1,1,,,hmm-mixture/4/4/5/4
3.0,4,3125,4,1,800,200,constant-mc,average,1,1.0,4,1,1,,,hmm-mixture/4/4/5/4
3.0,4,3125,4,1,800,200,constant-mc,pam,1,1.0,4,1,1,1,0,hmm-mixture/4/4/5/4
3.0,4,3125,4,1,900,200,constant-mc,single,0,0.5940038517685866,4,1,0,,,hmm-mixture/4/4/5/4
3.0,4,3125,4,1,900,200,constant-mc,complete,1,1.0,4,1,1,,,hmm-mixture/4/4/5/4
3.0,4,3125,4,1,900,200,constant-mc,average,1,1.0,4,1,1,,,hmm-mixture/4/4/5/4
3.0,4,3125,4,1,900,200,constant-mc,pam,0,0.9843141638481898,4,1,0,1,0,hmm-mixture/4/4/5/4
3.0,4,3125,4,1,1000,200,constant-mc,single,0,0.5940038517685866,4,1,0,,,hmm-mixture/4/4/5/4
3.0,4,3125,4,1,1000,200,constant-mc,complete,1,1.0,4,1,1,,,hmm-mixture/4/4/5/4
3.0,4,3125,4,1,1000,200,constant-mc,average,1,1.0,4,1,1,,,hmm-mixture/4/4/5/4
3.0,4,3125,4,1,1000,200,constant-mc,pam,1,1.0,4,1,1,1,0,hmm-mixture/4/4/5/4
3.0,4,3125,4,2,100,200,constant-mc,single,0,0.024900431668683824,13,0,0,,,hmm-mixture/4/4/5/4
3.0,4,3125,4,2,100,200,constant-mc,complete,0,0.8222947740705477,13,0,0,,,hmm-mixture/4/4/5/4
3.0,4,3125,4,2,100,200,constant-mc,average,0,0.5776706583924861,13,0,0,,,hmm-mixture/4/4/5/4
3.0,4,3125,4,2,100,200,constant-mc,pam,0,0.39573324756863,13,0,0,1,0,hmm-mixture/4/4/5/4
3.0,4,3125,4,2,200,200,constant-mc,single,0,0.013532019598586862,7,0,0,,,hmm-mixture/4/4/5/4
3.0,4,3125,4,2,200,200,constant-mc,complete,0,0.5896515552210834,7,0,0,,,hmm-mixture/4/4/5/4
3.0,4,3125,4,2,200,200,constant-mc,average,0,0.9803252188988197,7,0,0,,,hmm-mixture/4/4/5/4
3.0,4,3125,4,2,200,200,constant-mc,pam,0,0.5137039944187545,7,0,0,1,0,hmm-mixture/4/4/5/4
3.0,4,3125,4,2,300,200,constant-mc,single,0,0.16256630170785222,5,0,0,,,hmm-mixture/4/4/5/4
3.0,4,3125,4,2,300,200,constant-mc,complete,1,1.0,5,0,0,,,hmm-mixture/4/4/5/4
3.0,4,3125,4,2,300,200,constant-mc,average,1,1.0,5,0,0,,,hmm-mixture/4/4/5/4
3.0,4,3125,4,2,300,200,constant-mc,pam,0,0.9686292040389469,5,0,0,1,0,hmm-mixture/4/4/5/4
3.0,4,3125,4,2,400,200,constant-mc,single,0,0.5862475934480665,4,1,0,,,hmm-mixture/4/4/5/4
3.0,4,3125,4,2,400,200,constant-mc,complete,1,1.0,4,1,1,,,hmm-mixture/4/4/5/4
3.0,4,3125,4,2,400,200,constant-mc,average,1,1.0,4,1,1,,,hmm-mixture/4/4/5/4
3.0,4,3125,4,2,400,200,constant-mc,pam,0,0.9533887619290026,4,1,0,1,0,hmm-mixture/4/4/5/4
3.0,4,3125,4,2,500,200,constant-mc,single,0,0.5862475934480665,5,0,0,,,hmm-mixture/4/4/5/4
3.0,4,3125,4,2,500,200,constant-mc,complete,1,1.0,5,0,0,,,hmm-mixture/4/4/5/4
3.0,4,3125,4,2,500,200,constant-mc,average,1,1.0,5,0,0,,,hmm-mixture/4/4/5/4
3.0,4,3125,4,2,500,200,constant-mc,pam,0,0.9841672724888952,5,0,0,1,0,hmm-mixture/4/4/5/4
3.0,4,3125,4,2,600,200,constant-mc,single,0,0.5862475934480665,4,1,0,,,hmm-mixture/4/4/5/4
3.0,4,3125,4,2,600,200,constant-mc,complete,1,1.0,4,1,1,,,hmm-mixture/4/4/5/4
3.0,4,3125,4,2,600,200,constant-mc,average,1,1.0,4,1,1,,,hmm-mixture/4/4/5/4
3.0,4,3125,4,2,600,200,constant-mc,pam,0,0.9760973472998882,4,1,0,1,0,hmm-mixture/4/4/5/4
3.0,4,3125,4,2,700,200,constant-mc,single,0,0.5862475934480665,4,1,0,,,hmm-mixture/4/4/5/4
3.0,4,3125,4,2,700,200,constant-mc,complete,1,1.0,4,1,1,,,hmm-mixture/4/4/5/4
3.0,4,3125,4,2,700,200,constant-mc,average,1,1.0,4,1,1,,,hmm-mixture/4/4/5/4
3.0,4,3125,4,2,700,200,constant-mc,pam,0,0.9686292040389469,4,1,0,1,0,hmm-mixture/4/4/5/4
3.0,4,3125,4,2,800,200,constant-mc,single,0,0.5862475934480665,4,1,0,,,hmm-mixture/4/4/5/4
3.0,4,3125,4,2,800,200,constant-mc,complete,1,1.0,4,1,1,,,hmm-mixture/4/4/5/4
3.0,4,3125,4,2,800,200,constant-mc,average,1,1.0,4,1,1,,,hmm-mixture/4/4/5/4
3.0,4,3125,4,2,800,200,constant-mc,pam,1,1.0,4,1,1,1,0,hmm-mixture/4/4/5/4
3.0,4,3125,4,2,900,200,constant-mc,single,1,1.0,4,1,1,,,hmm-mixture/4/4/5/4
3.0,4,3125,4,2,900,200,constant-mc,complete,1,1.0,4,1,1,,,hmm-mixture/4/4/5/4
3.0,4,3125,4,2,900,200,constant-mc,average,1,1.0,4,1,1,,,hmm-mixture/4/4/5/4
3.0,4,3125,4,2,900,200,constant-mc,pam,0,0.9686292040389469,4,1,0,1,0,hmm-mixture/4/4/5/4
3.0,4,3125,4,2,1000,200,constant-mc,single,1,1.0,4,1,1,,,hmm-mixture/4/4/5/4
3.0,4,3125,4,2,1000,200,constant-mc,complete,1,1.0,4,1,1,,,hmm-mixture/4/4/5/4
3.0,4,3125,4,2,1000,200,constant-mc,average,1,1.0,4,1,1,,,hmm-mixture/4/4/5/4
3.0,4,3125,4,2,1000,200,constant-mc,pam,1,1.0,4,1,1,1,0,hmm-mixture/4/4/5/4
3.0,4,3125,4,3,100,200,constant-mc,single,0,0.009023908024779072,22,0,0,,,hmm-mixture/4/4/5/4
3.0,4,3125,4,3,100,200,constant-mc,complete,0,0.653695921057643,22,0,0,,,hmm-mixture/4/4/5/4
3.0,4,3125,4,3,100,200,constant-mc,average,0,0.8435814884418394,22,0,0,,,hmm-mixture/4/4/5/4
3.0,4,3125,4,3,100,200,constant-mc,pam,0,0.35159049495181155,22,0,0,1,0,hmm-mixture/4/4/5/4
3.0,4,3125,4,3,200,200,constant-mc,single,0,0.005971396410333946,4,1,0,,,hmm-mixture/4/4/5/4
3.0,4,3125,4,3,200,200,constant-mc,complete,0,0.9920387042870602,4,1,0,,,hmm-mixture/4/4/5/4
3.0,4,3125,4,3,200,200,constant-mc,average,0,0.9920387042870602,4,1,0,,,hmm-mixture/4/4/5/4
3.0,4,3125,4,3,200,200,constant-mc,pam,0,0.5204522269706604,4,1,0,1,0,hmm-mixture/4/4/5/4
3.0,4,3125,4,3,300,200,constant-mc,single,0,0.005971396410333946,4,1,0,,,hmm-mixture/4/4/5/4
3.0,4,3125,4,3,300,200,constant-mc,complete,0,0.9884335664537197,4,1,0,,,hmm-mixture/4/4/5/4
3.0,4,3125,4,3,300,200,constant-mc,average,0,0.9844872819158145,4,1,0,,,hmm-mixture/4/4/5/4
3.0,4,3125,4,3,300,200,constant-mc,pam,0,0.8475523122539116,4,1,0,1,0,hmm-mixture/4/4/5/4
3.0,4,3125,4,3,400,200,constant-mc,single,0,0.6071737213495332,4,1,0,,,hmm-mixture/4/4/5/4
3.0,4,3125,4,3,400,200,constant-mc,complete,1,1.0,4,1,1,,,hmm-mixture/4/4/5/4
3.0,4,3125,4,3,400,200,constant-mc,average,1,1.0,4,1,1,,,hmm-mixture/4/4/5/4
3.0,4,3125,4,3,400,200,constant-mc,pam,0,0.9173492438801749,4,1,0,1,0,hmm-mixture/4/4/5/4
3.0,4,3125,4,3,500,200,constant-mc,single,0,0.17465459137243217,4,1,0,,,hmm-mixture/4/4/5/4
3.0,4,3125,4,3,500,200,constant-mc,complete,1,1.0,4,1,1,,,hmm-mixture/4/4/5/4
3.0,4,3125,4,3,500,200,constant-mc,average,1,1.0,4,1,1,,,hmm-mixture/4/4/5/4
3.0,4,3125,4,3,500,200,constant-mc,pam,0,0.9543621202961996,4,1,0,1,0,hmm-mixture/4/4/5/4
3.0,4,3125,4,3,600,200,constant-mc,single,0,0.6071737213495332,4,1,0,,,hmm-mixture/4/4/5/4
3.0,4,3125,4,3,600,200,constant-mc,complete,1,1.0,4,1,1,,,hmm-mixture/4/4/5/4
3.0,4,3125,4,3,600,200,constant-mc,average,1,1.0,4,1,1,,,hmm-mixture/4/4/5/4
3.0,4,3125,4,3,600,200,constant-mc,pam,0,0.9254546329392718,4,1,0,1,0,hmm-mixture/4/4/5/4
3.0,4,3125,4,3,700,200,constant-mc,single,0,0.6071737213495332,4,1,0,,,hmm-mixture/4/4/5/4
3.0,4,3125,4,3,700,200,constant-mc,complete,1,1.0,4,1,1,,,hmm-mixture/4/4/5/4
3.0,4,3125,4,3,700,200,constant-mc,average,1,1.0,4,1,1,,,hmm-mixture/4/4/5/4
3.0,4,3125,4,3,700,200,constant-mc,pam,0,0.9543621202961996,4,1,0,1,0,hmm-mixture/4/4/5/4
3.0,4,3125,4,3,800,200,constant-mc,single,0,0.6071737213495332,4,1,0,,,hmm-mixture/4/4/5/4
3.0,4,3125,4,3,800,200,constant-mc,complete,1,1.0,4,1,1,,,hmm-mixture/4/4/5/4
3.0,4,3125,4,3,800,200,constant-mc,average,1,1.0,4,1,1,,,hmm-mixture/4/4/5/4
3.0,4,3125,4,3,800,200,constant-mc,pam,1,1.0,4,1,1,1,0,hmm-mixture/4/4/5/4
3.0,4,3125,4,3,900,200,constant-mc,single,0,0.6071737213495332,4,1,0,,,hmm-mixture/4/4/5/4
3.0,4,3125,4,3,900,200,constant-mc,complete,1,1.0,4,1,1,,,hmm-mixture/4/4/5/4
3.0,4,3125,4,3,900,200,constant-mc,average,1,1.0,4,1,1,,,hmm-mixture/4/4/5/4
3.0,4,3125,4,3,900,200,constant-mc,pam,0,0.9844872819158145,4,1,0,1,0,hmm-mixture/4/4/5/4
3.0,4,3125,4,3,1000,200,constant-mc,single,0,0.6071737213495332,4,1,0,,,hmm-mixture/4/4/5/4
3.0,4,3125,4,3,1000,200,constant-mc,complete,1,1.0,4,1,1,,,hmm-mixture/4/4/5/4
3.0,4,3125,4,3,1000,200,constant-mc,average,1,1.0,4,1,1,,,hmm-mixture/4/4/5/4
3.0,4,3125,4,3,1000,200,constant-mc,pam,0,0.9844872819158145,4,1,0,1,0,hmm-mixture/4/4/5/4
3.0,4,3125,4,4,100,200,constant-mc,single,0,0.019192875086819477,12,0,0,,,hmm-mixture/4/4/5/4
3.0,4,3125,4,4,100,200,constant-mc,complete,0,0.6679928492323124,12,0,0,,,hmm-mixture/4/4/5/4
3.0,4,3125,4,4,100,200,constant-mc,average,0,0.5277212689954216,12,0,0,,,hmm-mixture/4/4/5/4
3.0,4,3125,4,4,100,200,constant-mc,pam,0,0.3427703494556937,12,0,0,1,0,hmm-mixture/4/4/5/4
3.0,4,3125,4,4,200,200,constant-mc,single,0,0.00624298356508506,34,0,0,,,hmm-mixture/4/4/5/4
3.0,4,3125,4,4,200,200,constant-mc,complete,0,0.9889877928073716,34,0,0,,,hmm-mixture/4/4/5/4
3.0,4,3125,4,4,200,200,constant-mc,average,0,0.9889877928073716,34,0,0,,,hmm-mixture/4/4/5/4
3.0,4,3125,4,4,200,200,constant-mc,pam,0,0.44470805424555654,34,0,0,1,0,hmm-mixture/4/4/5/4
3.0,4,3125,4,4,300,200,constant-mc,single,0,0.1645621498783035,4,1,0,,,hmm-mixture/4/4/5/4
3.0,4,3125,4,4,300,200,constant-mc,complete,1,1.0,4,1,1,,,hmm-mixture/4/4/5/4
3.0,4,3125,4,4,300,200,constant-mc,average,1,1.0,4,1,1,,,hmm-mixture/4/4/5/4
3.0,4,3125,4,4,300,200,constant-mc,pam,0,0.8612518108601681,4,1,0,1,0,hmm-mixture/4/4/5/4
3.0,4,3125,4,4,400,200,constant-mc,single,0,0.5796856546968364,4,1,0,,,hmm-mixture/4/4/5/4
3.0,4,3125,4,4,400,200,constant-mc,complete,1,1.0,4,1,1,,,hmm-mixture/4/4/5/4
3.0,4,3125,4,4,400,200,constant-mc,average,1,1.0,4,1,1,,,hmm-mixture/4/4/5/4
3.0,4,3125,4,4,400,200,constant-mc,pam,0,0.9231842222272406,4,1,0,1,0,hmm-mixture/4/4/5/4
3.0,4,3125,4,4,500,200,constant-mc,single,0,0.17255511107508453,4,1,0,,,hmm-mixture/4/4/5/4
3.0,4,3125,4,4,500,200,constant-mc,complete,1,1.0,4,1,1,,,hmm-mixture/4/4/5/4
3.0,4,3125,4,4,500,200,constant-mc,average,1,1.0,4,1,1,,,hmm-mixture/4/4/5/4
3.0,4,3125,4,4,500,200,constant-mc,pam,0,0.9530095812375514,4,1,0,1,0,hmm-mixture/4/4/5/4
3.0,4,3125,4,4,600,200,constant-mc,single,0,0.17255511107508453,4,1,0,,,hmm-mixture/4/4/5/4
3.0,4,3125,4,4,600,200,constant-mc,complete,1,1.0,4,1,1,,,hmm-mixture/4/4/5/4
3.0,4,3125,4,4,600,200,constant-mc,average,1,1.0,4,1,1,,,hmm-mixture/4/4/5/4
3.0,4,3125,4,4,600,200,constant-mc,pam,0,0.9424102386595555,4,1,0,1,0,hmm-mixture/4/4/5/4
3.0,4,3125,4,4,700,200,constant-mc,single,0,0.5796856546968364,4,1,0,,,hmm-mixture/4/4/5/4
3.0,4,3125,4,4,700,200,constant-mc,complete,1,1.0,4,1,1,,,hmm-mixture/4/4/5/4
3.0,4,3125,4,4,700,200,constant-mc,average,1,1.0,4,1,1,,,hmm-mixture/4/4/5/4
3.0,4,3125,4,4,700,200,constant-mc,pam,0,0.9530095812375514,4,1,0,1,0,hmm-mixture/4/4/5/4
3.0,4,3125,4,4,800,200,constant-mc,single,0,0.5796856546968364,4,1,0,,,hmm-mixture/4/4/5/4
3.0,4,3125,4,4,800,200,constant-mc,complete,1,1.0,4,1,1,,,hmm-mixture/4/4/5/4
3.0,4,3125,4,4,800,200,constant-mc,average,1,1.0,4,1,1,,,hmm-mixture/4/4/5/4
3.0,4,3125,4,4,800,200,constant-mc,pam,0,0.9840395430080046,4,1,0,1,0,hmm-mixture/4/4/5/4
3.0,4,3125,4,4,900,200,constant-mc,single,0,0.5796856546968364,4,1,0,,,hmm-mixture/4/4/5/4
3.0,4,3125,4,4,900,200,constant-mc,complete,1,1.0,4,1,1,,,hmm-mixture/4/4/5/4
3.0,4,3125,4,4,900,200,constant-mc,average,1,1.0,4,1,1,,,hmm-mixture/4/4/5/4
3.0,4,3125,4,4,900,200,constant-mc,pam,0,0.9530095812375514,4,1,0,1,0,hmm-mixture/4/4/5/4
3.0,4,3125,4,4,1000,200,constant-mc,single,1,1.0,4,1,1,,,hmm-mixture/4/4/5/4
3.0,4,3125,4,4,1000,200,constant-mc,complete,1,1.0,4,1,1,,,hmm-mixture/4/4/5/4
3.0,4,3125,4,4,1000,200,constant-mc,average,1,1.0,4,1,1,,,hmm-mixture/4/4/5/4
3.0,4,3125,4,4,1000,200,constant-mc,pam,0,0.9530095812375514,4,1,0,1,0,hmm-mixture/4/4/5/4
3.0,4,3125,4,5,100,200,constant-mc,single,0,0.01089542500003397,6,0,0,,,hmm-mixture/4/4/5/4
3.0,4,3125,4,5,100,200,constant-mc,complete,0,0.7304656975552376,6,0,0,,,hmm-mixture/4/4/5/4
3.0,4,3125,4,5,100,200,constant-mc,average,0,0.8387584058068832,6,0,0,,,hmm-mixture/4/4/5/4
3.0,4,3125,4,5,100,200,constant-mc,pam,0,0.4073772658331221,6,0,0,1,0,hmm-mixture/4/4/5/4
3.0,4,3125,4,5,200,200,constant-mc,single,0,0.016189079158957446,8,0,0,,,hmm-mixture/4/4/5/4
3.0,4,3125,4,5,200,200,constant-mc,complete,0,0.9552304560216871,8,0,0,,,hmm-mixture/4/4/5/4
3.0,4,3125,4,5,200,200,constant-mc,average,0,0.9927562009223512,8,0,0,,,hmm-mixture/4/4/5/4
3.0,4,3125,4,5,200,200,constant-mc,pam,0,0.5222406770006875,8,0,0,1,0,hmm-mixture/4/4/5/4
3.0,4,3125,4,5,300,200,constant-mc,single,0,0.11264364941395273,5,0,0,,,hmm-mixture/4/4/5/4
3.0,4,3125,4,5,300,200,constant-mc,complete,1,1.0,5,0,0,,,hmm-mixture/4/4/5/4
3.0,4,3125,4,5,300,200,constant-mc,average,1,1.0,5,0,0,,,hmm-mixture/4/4/5/4
3.0,4,3125,4,5,300,200,constant-mc,pam,0,0.6409141790890317,5,0,0,1,0,hmm-mixture/4/4/5/4
3.0,4,3125,4,5,400,200,constant-mc,single,0,0.11919730563511385,5,0,0,,,hmm-mixture/4/4/5/4
3.0,4,3125,4,5,400,200,constant-mc,complete,1,1.0,5,0,0,,,hmm-mixture/4/4/5/4
3.0,4,3125,4,5,400,200,constant-mc,average,1,1.0,5,0,0,,,hmm-mixture/4/4/5/4
3.0,4,3125,4,5,400,200,constant-mc,pam,0,0.9342942785950092,5,0,0,1,0,hmm-mixture/4/4/5/4
3.0,4,3125,4,5,500,200,constant-mc,single,0,0.6078465838128333,4,1,0,,,hmm-mixture/4/4/5/4
3.0,4,3125,4,5,500,200,constant-mc,complete,1,1.0,4,1,1,,,hmm-mixture/4/4/5/4
3.0,4,3125,4,5,500,200,constant-mc,average,1,1.0,4,1,1,,,hmm-mixture/4/4/5/4
3.0,4,3125,4,5,500,200,constant-mc,pam,0,0.9553953880247238,4,1,0,1,0,hmm-mixture/4/4/5/4
3.0,4,3125,4,5,600,200,constant-mc,single,0,0.6078465838128333,4,1,0,,,hmm-mixture/4/4/5/4
3.0,4,3125,4,5,600,200,constant-mc,complete,1,1.0,4,1,1,,,hmm-mixture/4/4/5/4
3.0,4,3125,4,5,600,200,constant-mc,average,1,1.0,4,1,1,,,hmm-mixture/4/4/5/4
3.0,4,3125,4,5,600,200,constant-mc,pam,0,0.984846946605606,4,1,0,1,0,hmm-mixture/4/4/5/4
3.0,4,3125,4,5,700,200,constant-mc,single,0,0.477971875398469,4,1,0,,,hmm-mixture/4/4/5/4
3.0,4,3125,4,5,700,200,constant-mc,complete,1,1.0,4,1,1,,,hmm-mixture/4/4/5/4
3.0,4,3125,4,5,700,200,constant-mc,average,1,1.0,4,1,1,,,hmm-mixture/4/4/5/4
3.0,4,3125,4,5,700,200,constant-mc,pam,0,0.984846946605606,4,1,0,1,0,hmm-mixture/4/4/5/4
3.0,4,3125,4,5,800,200,constant-mc,single,0,0.6078465838128333,4,1,0,,,hmm-mixture/4/4/5/4
3.0,4,3125,4,5,800,200,constant-mc,complete,1,1.0,4,1,1,,,hmm-mixture/4/4/5/4
3.0,4,3125,4,5,800,200,constant-mc,average,1,1.0,4,1,1,,,hmm-mixture/4/4/5/4
3.0,4,3125,4,5,800,200,constant-mc,pam,0,0.9699778177020257,4,1,0,1,0,hmm-mixture/4/4/5/4
3.0,4,3125,4,5,900,200,constant-mc,single,0,0.6078465838128333,4,1,0,,,hmm-mixture/4/4/5/4
3.0,4,3125,4,5,900,200,constant-mc,complete,1,1.0,4,1,1,,,hmm-mixture/4/4/5/4
3.0,4,3125,4,5,900,200,constant-mc,average,1,1.0,4,1,1,,,hmm-mixture/4/4/5/4
3.0,4,3125,4,5,900,200,constant-mc,pam,0,0.9699778177020257,4,1,0,1,0,hmm-mixture/4/4/5/4
3.0,4,3125,4,5,1000,200,constant-mc,single,0,0.6078465838128333,4,1,0,,,hmm-mixture/4/4/5/4
3.0,4,3125,4,5,1000,200,constant-mc,complete,1,1.0,4,1,1,,,hmm-mixture/4/4/5/4
3.0,4,3125,4,5,1000,200,constant-mc,average,1,1.0,4,1,1,,,hmm-mixture/4/4/5/4
3.0,4,3125,4,5,1000,200,constant-mc,pam,0,0.984846946605606,4,1,0,1,0,hmm-mixture/4/4/5/4
3.0,4,3125,4,6,100,200,constant-mc,single,0,0.0090188916548813,14,0,0,,,hmm-mixture/4/4/5/4
3.0,4,3125,4,6,100,200,constant-mc,complete,0,0.817198007672061,14,0,0,,,hmm-mixture/4/4/5/4
3.0,4,3125,4,6,100,200,constant-mc,average,0,0.5831504732780707,14,0,0,,,hmm-mixture/4/4/5/4
3.0,4,3125,4,6,100,200,constant-mc,pam,0,0.38665666382681046,14,0,0,1,0,hmm-mixture/4/4/5/4
3.0,4,3125,4,6,200,200,constant-mc,single,0,0.009342454024680834,9,0,0,,,hmm-mixture/4/4/5/4
3.0,4,3125,4,6,200,200,constant-mc,complete,0,0.9818979053185447,9,0,0,,,hmm-mixture/4/4/5/4
3.0,4,3125,4,6,200,200,constant-mc,average,0,0.9657747441762252,9,0,0,,,hmm-mixture/4/4/5/4
3.0,4,3125,4,6,200,200,constant-mc,pam,0,0.8876944950214127,9,0,0,1,0,hmm-mixture/4/4/5/4
3.0,4,3125,4,6,300,200,constant-mc,single,0,0.6495098025984094,4,1,0,,,hmm-mixture/4/4/5/4
3.0,4,3125,4,6,300,200,constant-mc,complete,1,1.0,4,1,1,,,hmm-mixture/4/4/5/4
3.0,4,3125,4,6,300,200,constant-mc,average,1,1.0,4,1,1,,,hmm-mixture/4/4/5/4
3.0,4,3125,4,6,300,200,constant-mc,pam,0,0.49695223337321726,4,1,0,1,0,hmm-mixture/4/4/5/4
3.0,4,3125,4,6,400,200,constant-mc,single,0,0.6495098025984094,4,1,0,,,hmm-mixture/4/4/5/4
3.0,4,3125,4,6,400,200,constant-mc,complete,1,1.0,4,1,1,,,hmm-mixture/4/4/5/4
3.0,4,3125,4,6,400,200,constant-mc,average,1,1.0,4,1,1,,,hmm-mixture/4/4/5/4
3.0,4,3125,4,6,400,200,constant-mc,pam,0,0.9632688472637383,4,1,0,1,0,hmm-mixture/4/4/5/4
3.0,4,3125,4,6,500,200,constant-mc,single,0,0.6495098025984094,4,1,0,,,hmm-mixture/4/4/5/4
3.0,4,3125,4,6,500,200,constant-mc,complete,1,1.0,4,1,1,,,hmm-mixture/4/4/5/4
3.0,4,3125,4,6,500,200,constant-mc,average,1,1.0,4,1,1,,,hmm-mixture/4/4/5/4
3.0,4,3125,4,6,500,200,constant-mc,pam,0,0.9706938094986897,4,1,0,1,0,hmm-mixture/4/4/5/4
3.0,4,3125,4,6,600,200,constant-mc,single,0,0.6495098025984094,4,1,0,,,hmm-mixture/4/4/5/4
3.0,4,3125,4,6,600,200,constant-mc,complete,1,1.0,4,1,1,,,hmm-mixture/4/4/5/4
3.0,4,3125,4,6,600,200,constant-mc,average,1,1.0,4,1,1,,,hmm-mixture/4/4/5/4
3.0,4,3125,4,6,600,200,constant-mc,pam,0,0.9850679018778367,4,1,0,1,0,hmm-mixture/4/4/5/4
3.0,4,3125,4,6,700,200,constant-mc,single,0,0.6495098025984094,4,1,0,,,hmm-mixture/4/4/5/4
3.0,4,3125,4,6,700,200,constant-mc,complete,1,1.0,4,1,1,,,hmm-mixture/4/4/5/4
3.0,4,3125,4,6,700,200,constant-mc,average,1,1.0,4,1,1,,,hmm-mixture/4/4/5/4
3.0,4,3125,4,6,700,200,constant-mc,pam,1,1.0,4,1,1,1,0,hmm-mixture/4/4/5/4
3.0,4,3125,4,6,800,200,constant-mc,single,0,0.6495098025984094,4,1,0,,,hmm-mixture/4/4/5/4
3.0,4,3125,4,6,800,200,constant-mc,complete,1,1.0,4,1,1,,,hmm-mixture/4/4/5/4
3.0,4,3125,4,6,800,200,constant-mc,average,1,1.0,4,1,1,,,hmm-mixture/4/4/5/4
3.0,4,3125,4,6,800,200,constant-mc,pam,0,0.9850679018778367,4,1,0,1,0,hmm-mixture/4/4/5/4
3.0,4,3125,4,6,900,200,constant-mc,single,1,1.0,4,1,1,,,hmm-mixture/4/4/5/4
3.0,4,3125,4,6,900,200,constant-mc,complete,1,1.0,4,1,1,,,hmm-mixture/4/4/5/4
3.0,4,3125,4,6,900,200,constant-mc,average,1,1.0,4,1,1,,,hmm-mixture/4/4/5/4
3.0,4,3125,4,6,900,200,constant-mc,pam,0,0.9850679018778367,4,1,0,1,0,hmm-mixture/4/4/5/4
3.0,4,3125,4,6,1000,200,constant-mc,single,0,0.6495098025984094,4,1,0,,,hmm-mixture/4/4/5/4
3.0,4,3125,4,6,1000,200,constant-mc,complete,1,1.0,4,1,1,,,hmm-mixture/4/4/5/4
3.0,4,3125,4,6,1000,200,constant-mc,average,1,1.0,4,1,1,,,hmm-mixture/4/4/5/4
3.0,4,3125,4,6,1000,200,constant-mc,pam,0,0.9704440399710702,4,1,0,1,0,hmm-mixture/4/4/5/4
3.0,4,3125,4,7,100,200,constant-mc,single,0,0.018114521692689588,11,0,0,,,hmm-mixture/4/4/5/4
3.0,4,3125,4,7,100,200,constant-mc,complete,0,0.6573270254401566,11,0,0,,,hmm-mixture/4/4/5/4
3.0,4,3125,4,7,100,200,constant-mc,average,0,0.4716216745556465,11,0,0,,,hmm-mixture/4/4/5/4
3.0,4,3125,4,7,100,200,constant-mc,pam,0,0.19716546148460548,11,0,0,1,0,hmm-mixture/4/4/5/4
3.0,4,3125,4,7,200,200,constant-mc,single,0,0.012159739559622545,11,0,0,,,hmm-mixture/4/4/5/4
3.0,4,3125,4,7,200,200,constant-mc,complete,0,0.9085108332442753,11,0,0,,,hmm-mixture/4/4/5/4
3.0,4,3125,4,7,200,200,constant-mc,average,0,0.9263075999005865,11,0,0,,,hmm-mixture/4/4/5/4
3.0,4,3125,4,7,200,200,constant-mc,pam,0,0.8241903399641579,11,0,0,1,0,hmm-mixture/4/4/5/4
3.0,4,3125,4,7,300,200,constant-mc,single,0,0.15979273501741675,4,1,0,,,hmm-mixture/4/4/5/4
3.0,4,3125,4,7,300,200,constant-mc,complete,1,1.0,4,1,1,,,hmm-mixture/4/4/5/4
3.0,4,3125,4,7,300,200,constant-mc,average,0,0.9926341986625855,4,1,0,,,hmm-mixture/4/4/5/4
3.0,4,3125,4,7,300,200,constant-mc,pam,0,0.7808426812348731,4,1,0,1,0,hmm-mixture/4/4/5/4
3.0,4,3125,4,7,400,200,constant-mc,single,0,0.15979273501741675,4,1,0,,,hmm-mixture/4/4/5/4
3.0,4,3125,4,7,400,200,constant-mc,complete,0,0.9879302720047245,4,1,0,,,hmm-mixture/4/4/5/4
3.0,4,3125,4,7,400,200,constant-mc,average,1,1.0,4,1,1,,,hmm-mixture/4/4/5/4
3.0,4,3125,4,7,400,200,constant-mc,pam,0,0.8939714806050388,4,1,0,1,0,hmm-mixture/4/4/5/4
3.0,4,3125,4,7,500,200,constant-mc,single,0,0.5442102418270344,4,1,0,,,hmm-mixture/4/4/5/4
3.0,4,3125,4,7,500,200,constant-mc,complete,1,1.0,4,1,1,,,hmm-mixture/4/4/5/4
3.0,4,3125,4,7,500,200,constant-mc,average,1,1.0,4,1,1,,,hmm-mixture/4/4/5/4
3.0,4,3125,4,7,500,200,constant-mc,pam,0,0.9672703523437755,4,1,0,1,0,hmm-mixture/4/4/5/4
3.0,4,3125,4,7,600,200,constant-mc,single,0,0.5442102418270344,4,1,0,,,hmm-mixture/4/4/5/4
3.0,4,3125,4,7,600,200,constant-mc,complete,1,1.0,4,1,1,,,hmm-mixture/4/4/5/4
3.0,4,3125,4,7,600,200,constant-mc,average,1,1.0,4,1,1,,,hmm-mixture/4/4/5/4
3.0,4,3125,4,7,600,200,constant-mc,pam,0,0.9052575939908472,4,1,0,1,0,hmm-mixture/4/4/5/4
3.0,4,3125,4,7,700,200,constant-mc,single,0,0.5441977424268929,4,1,0,,,hmm-mixture/4/4/5/4
3.0,4,3125,4,7,700,200,constant-mc,complete,1,1.0,4,1,1,,,hmm-mixture/4/4/5/4
3.0,4,3125,4,7,700,200,constant-mc,average,1,1.0,4,1,1,,,hmm-mixture/4/4/5/4
3.0,4,3125,4,7,700,200,constant-mc,pam,0,0.9672703523437755,4,1,0,1,0,hmm-mixture/4/4/5/4
3.0,4,3125,4,7,800,200,constant-mc,single,0,0.5442102418270344,4,1,0,,,hmm-mixture/4/4/5/4
3.0,4,3125,4,7,800,200,constant-mc,complete,1,1.0,4,1,1,,,hmm-mixture/4/4/5/4
3.0,4,3125,4,7,800,200,constant-mc,average,1,1.0,4,1,1,,,hmm-mixture/4/4/5/4
3.0,4,3125,4,7,800,200,constant-mc,pam,0,0.9834945714860684,4,1,0,1,0,hmm-mixture/4/4/5/4
3.0,4,3125,4,7,900,200,constant-mc,single,1,1.0,4,1,1,,,hmm-mixture/4/4/5/4
3.0,4,3125,4,7,900,200,constant-mc,complete,1,1.0,4,1,1,,,hmm-mixture/4/4/5/4
3.0,4,3125,4,7,900,200,constant-mc,average,1,1.0,4,1,1,,,hmm-mixture/4/4/5/4
3.0,4,3125,4,7,900,200,constant-mc,pam,0,0.9672703523437755,4,1,0,1,0,hmm-mixture/4/4/5/4
3.0,4,3125,4,7,1000,200,constant-mc,single,0,0.5442102418270344,4,1,0,,,hmm-mixture/4/4/5/4
3.0,4,3125,4,7,1000,200,constant-mc,complete,1,1.0,4,1,1,,,hmm-mixture/4/4/5/4
3.0,4,3125,4,7,1000,200,constant-mc,average,1,1.0,4,1,1,,,hmm-mixture/4/4/5/4
3.0,4,3125,4,7,1000,200,constant-mc,pam,0,0.9834945714860684,4,1,0,1,0,hmm-mixture/4/4/5/4
3.0,4,3125,4,8,100,200,constant-mc,single,0,0.003397022582998554,91,0,0,,,hmm-mixture/4/4/5/4
3.0,4,3125,4,8,100,200,constant-mc,complete,0,0.8427036084094626,91,0,0,,,hmm-mixture/4/4/5/4
3.0,4,3125,4,8,100,200,constant-mc,average,0,0.8659882289433561,91,0,0,,,hmm-mixture/4/4/5/4
3.0,4,3125,4,8,100,200,constant-mc,pam,0,0.32301840752241834,91,0,0,1,0,hmm-mixture/4/4/5/4
3.0,4,3125,4,8,200,200,constant-mc,single,0,-0.0006963824655239363,10,0,0,,,hmm-mixture/4/4/5/4
3.0,4,3125,4,8,200,200,constant-mc,complete,0,0.9602200596643437,10,0,0,,,hmm-mixture/4/4/5/4
3.0,4,3125,4,8,200,200,constant-mc,average,0,0.9856424883918132,10,0,0,,,hmm-mixture/4/4/5/4
3.0,4,3125,4,8,200,200,constant-mc,pam,0,0.8669311641769638,10,0,0,1,0,hmm-mixture/4/4/5/4
3.0,4,3125,4,8,300,200,constant-mc,single,0,-0.0006963824655239363,4,1,0,,,hmm-mixture/4/4/5/4
3.0,4,3125,4,8,300,200,constant-mc,complete,1,1.0,4,1,1,,,hmm-mixture/4/4/5/4
3.0,4,3125,4,8,300,200,constant-mc,average,1,1.0,4,1,1,,,hmm-mixture/4/4/5/4
3.0,4,3125,4,8,300,200,constant-mc,pam,0,0.8622109436205961,4,1,0,1,0,hmm-mixture/4/4/5/4
3.0,4,3125,4,8,400,200,constant-mc,single,0,0.20753374410893075,4,1,0,,,hmm-mixture/4/4/5/4
3.0,4,3125,4,8,400,200,constant-mc,complete,1,1.0,4,1,1,,,hmm-mixture/4/4/5/4
3.0,4,3125,4,8,400,200,constant-mc,average,1,1.0,4,1,1,,,hmm-mixture/4/4/5/4
3.0,4,3125,4,8,400,200,constant-mc,pam,0,0.92157508974395,4,1,0,1,0,hmm-mixture/4/4/5/4
3.0,4,3125,4,8,500,200,constant-mc,single,0,0.573299912128657,4,1,0,,,hmm-mixture/4/4/5/4
3.0,4,3125,4,8,500,200,constant-mc,complete,1,1.0,4,1,1,,,hmm-mixture/4/4/5/4
3.0,4,3125,4,8,500,200,constant-mc,average,1,1.0,4,1,1,,,hmm-mixture/4/4/5/4
3.0,4,3125,4,8,500,200,constant-mc,pam,0,0.9366757376134413,4,1,0,1,0,hmm-mixture/4/4/5/4
3.0,4,3125,4,8,600,200,constant-mc,single,0,0.573299912128657,4,1,0,,,hmm-mixture/4/4/5/4
3.0,4,3125,4,8,600,200,constant-mc,complete,1,1.0,4,1,1,,,hmm-mixture/4/4/5/4
3.0,4,3125,4,8,600,200,constant-mc,average,1,1.0,4,1,1,,,hmm-mixture/4/4/5/4
3.0,4,3125,4,8,600,200,constant-mc,pam,0,0.9837394894811581,4,1,0,1,0,hmm-mixture/4/4/5/4
3.0,4,3125,4,8,700,200,constant-mc,single,0,0.573299912128657,4,1,0,,,hmm-mixture/4/4/5/4
3.0,4,3125,4,8,700,200,constant-mc,complete,1,1.0,4,1,1,,,hmm-mixture/4/4/5/4
3.0,4,3125,4,8,700,200,constant-mc,average,1,1.0,4,1,1,,,hmm-mixture/4/4/5/4
3.0,4,3125,4,8,700,200,constant-mc,pam,0,0.9677622322882278,4,1,0,1,0,hmm-mixture/4/4/5/4
3.0,4,3125,4,8,800,200,constant-mc,single,1,1.0,4,1,1,,,hmm-mixture/4/4/5/4
3.0,4,3125,4,8,800,200,constant-mc,complete,1,1.0,4,1,1,,,hmm-mixture/4/4/5/4
3.0,4,3125,4,8,800,200,constant-mc,average,1,1.0,4,1,1,,,hmm-mixture/4/4/5/4
3.0,4,3125,4,8,800,200,constant-mc,pam,0,0.9893846070782419,4,1,0,1,0,hmm-mixture/4/4/5/4
3.0,4,3125,4,8,900,200,constant-mc,single,1,1.0,4,1,1,,,hmm-mixture/4/4/5/4
3.0,4,3125,4,8,900,200,constant-mc,complete,1,1.0,4,1,1,,,hmm-mixture/4/4/5/4
3.0,4,3125,4,8,900,200,constant-mc,average,1,1.0,4,1,1,,,hmm-mixture/4/4/5/4
3.0,4,3125,4,8,900,200,constant-mc,pam,1,1.0,4,1,1,1,0,hmm-mixture/4/4/5/4
3.0,4,3125,4,8,1000,200,constant-mc,single,1,1.0,4,1,1,,,hmm-mixture/4/4/5/4
3.0,4,3125,4,8,1000,200,constant-mc,complete,1,1.0,4,1,1,,,hmm-mixture/4/4/5/4
3.0,4,3125,4,8,1000,200,constant-mc,average,1,1.0,4,1,1,,,hmm-mixture/4/4/5/4
3.0,4,3125,4,8,1000,200,constant-mc,pam,0,0.9520728469969115,4,1,0,1,0,hmm-mixture/4/4/5/4
3.0,4,3125,4,9,100,200,constant-mc,single,0,0.0100820838204664,19,0,0,,,hmm-mixture/4/4/5/4
3.0,4,3125,4,9,100,200,constant-mc,complete,0,0.5149780500067594,19,0,0,,,hmm-mixture/4/4/5/4
3.0,4,3125,4,9,100,200,constant-mc,average,0,0.9002641852622345,19,0,0,,,hmm-mixture/4/4/5/4
3.0,4,3125,4,9,100,200,constant-mc,pam,0,0.3915006774551444,19,0,0,1,0,hmm-mixture/4/4/5/4
3.0,4,3125,4,9,200,200,constant-mc,single,0,0.013870964406461964,4,1,0,,,hmm-mixture/4/4/5/4
3.0,4,3125,4,9,200,200,constant-mc,complete,0,0.9238191778469687,4,1,0,,,hmm-mixture/4/4/5/4
3.0,4,3125,4,9,200,200,constant-mc,average,0,0.9845442662786126,4,1,0,,,hmm-mixture/4/4/5/4
3.0,4,3125,4,9,200,200,constant-mc,pam,0,0.8010725246151557,4,1,0,1,0,hmm-mixture/4/4/5/4
3.0,4,3125,4,9,300,200,constant-mc,single,0,0.0100820838204664,4,1,0,,,hmm-mixture/4/4/5/4
3.0,4,3125,4,9,300,200,constant-mc,complete,1,1.0,4,1,1,,,hmm-mixture/4/4/5/4
3.0,4,3125,4,9,300,200,constant-mc,average,1,1.0,4,1,1,,,hmm-mixture/4/4/5/4
3.0,4,3125,4,9,300,200,constant-mc,pam,0,0.8310880480614719,4,1,0,1,0,hmm-mixture/4/4/5/4
3.0,4,3125,4,9,400,200,constant-mc,single,0,0.1764824802454367,4,1,0,,,hmm-mixture/4/4/5/4
3.0,4,3125,4,9,400,200,constant-mc,complete,1,1.0,4,1,1,,,hmm-mixture/4/4/5/4
3.0,4,3125,4,9,400,200,constant-mc,average,1,1.0,4,1,1,,,hmm-mixture/4/4/5/4
3.0,4,3125,4,9,400,200,constant-mc,pam,0,0.911818939845146,4,1,0,1,0,hmm-mixture/4/4/5/4
3.0,4,3125,4,9,500,200,constant-mc,single,0,0.6111795933810255,4,1,0,,,hmm-mixture/4/4/5/4
3.0,4,3125,4,9,500,200,constant-mc,complete,1,1.0,4,1,1,,,hmm-mixture/4/4/5/4
3.0,4,3125,4,9,500,200,constant-mc,average,1,1.0,4,1,1,,,hmm-mixture/4/4/5/4
3.0,4,3125,4,9,500,200,constant-mc,pam,0,0.932657814780439,4,1,0,1,0,hmm-mixture/4/4/5/4
3.0,4,3125,4,9,600,200,constant-mc,single,0,0.6111795933810255,4,1,0,,,hmm-mixture/4/4/5/4
3.0,4,3125,4,9,600,200,constant-mc,complete,1,1.0,4,1,1,,,hmm-mixture/4/4/5/4
3.0,4,3125,4,9,600,200,constant-mc,average,1,1.0,4,1,1,,,hmm-mixture/4/4/5/4
3.0,4,3125,4,9,600,200,constant-mc,pam,0,0.9693888185353011,4,1,0,1,0,hmm-mixture/4/4/5/4
3.0,4,3125,4,9,700,200,constant-mc,single,0,0.6111795933810255,4,1,0,,,hmm-mixture/4/4/5/4
3.0,4,3125,4,9,700,200,constant-mc,complete,1,1.0,4,1,1,,,hmm-mixture/4/4/5/4
3.0,4,3125,4,9,700,200,constant-mc,average,1,1.0,4,1,1,,,hmm-mixture/4/4/5/4
3.0,4,3125,4,9,700,200,constant-mc,pam,0,0.9693888185353011,4,1,0,1,0,hmm-mixture/4/4/5/4
3.0,4,3125,4,9,800,200,constant-mc,single,0,0.6111795933810255,4,1,0,,,hmm-mixture/4/4/5/4
3.0,4,3125,4,9,800,200,constant-mc,complete,1,1.0,4,1,1,,,hmm-mixture/4/4/5/4
3.0,4,3125,4,9,800,200,constant-mc,average,1,1.0,4,1,1,,,hmm-mixture/4/4/5/4
3.0,4,3125,4,9,800,200,constant-mc,pam,0,0.9693888185353011,4,1,0,1,0,hmm-mixture/4/4/5/4
3.0,4,3125,4,9,900,200,constant-mc,single,0,0.9845442662786126,4,1,0,,,hmm-mixture/4/4/5/4
3.0,4,3125,4,9,900,200,constant-mc,complete,1,1.0,4,1,1,,,hmm-mixture/4/4/5/4
3.0,4,3125,4,9,900,200,constant-mc,average,1,1.0,4,1,1,,,hmm-mixture/4/4/5/4
3.0,4,3125,4,9,900,200,constant-mc,pam,1,1.0,4,1,1,1,0,hmm-mixture/4/4/5/4
3.0,4,3125,4,9,1000,200,constant-mc,single,0,0.6111795933810255,4,1,0,,,hmm-mixture/4/4/5/4
3.0,4,3125,4,9,1000,200,constant-mc,complete,1,1.0,4,1,1,,,hmm-mixture/4/4/5/4
3.0,4,3125,4,9,1000,200,constant-mc,average,1,1.0,4,1,1,,,hmm-mixture/4/4/5/4
3.0,4,3125,4,9,1000,200,constant-mc,pam,1,1.0,4,1,1,1,0,hmm-mixture/4/4/5/4
3.0,4,3125,4,10,100,200,constant-mc,single,0,0.020148661260365804,13,0,0,,,hmm-mixture/4/4/5/4
3.0,4,3125,4,10,100,200,constant-mc,complete,0,0.787557374253077,13,0,0,,,hmm-mixture/4/4/5/4
3.0,4,3125,4,10,100,200,constant-mc,average,0,0.5565314710220263,13,0,0,,,hmm-mixture/4/4/5/4
3.0,4,3125,4,10,100,200,constant-mc,pam,0,0.4144510215607741,13,0,0,1,0,hmm-mixture/4/4/5/4
3.0,4,3125,4,10,200,200,constant-mc,single,0,0.09497446960842769,4,1,0,,,hmm-mixture/4/4/5/4
3.0,4,3125,4,10,200,200,constant-mc,complete,1,1.0,4,1,1,,,hmm-mixture/4/4/5/4
3.0,4,3125,4,10,200,200,constant-mc,average,1,1.0,4,1,1,,,hmm-mixture/4/4/5/4
3.0,4,3125,4,10,200,200,constant-mc,pam,0,0.5922130528747532,4,1,0,1,0,hmm-mixture/4/4/5/4
3.0,4,3125,4,10,300,200,constant-mc,single,0,0.12868661703432302,4,1,0,,,hmm-mixture/4/4/5/4
3.0,4,3125,4,10,300,200,constant-mc,complete,1,1.0,4,1,1,,,hmm-mixture/4/4/5/4
3.0,4,3125,4,10,300,200,constant-mc,average,1,1.0,4,1,1,,,hmm-mixture/4/4/5/4
3.0,4,3125,4,10,300,200,constant-mc,pam,0,0.9796353732071729,4,1,0,1,0,hmm-mixture/4/4/5/4
3.0,4,3125,4,10,400,200,constant-mc,single,0,0.13209604414171616,4,1,0,,,hmm-mixture/4/4/5/4
3.0,4,3125,4,10,400,200,constant-mc,complete,1,1.0,4,1,1,,,hmm-mixture/4/4/5/4
3.0,4,3125,4,10,400,200,constant-mc,average,1,1.0,4,1,1,,,hmm-mixture/4/4/5/4
3.0,4,3125,4,10,400,200,constant-mc,pam,0,0.9775102866581784,4,1,0,1,0,hmm-mixture/4/4/5/4
3.0,4,3125,4,10,500,200,constant-mc,single,0,0.617740483089638,4,1,0,,,hmm-mixture/4/4/5/4
3.0,4,3125,4,10,500,200,constant-mc,complete,1,1.0,4,1,1,,,hmm-mixture/4/4/5/4
3.0,4,3125,4,10,500,200,constant-mc,average,1,1.0,4,1,1,,,hmm-mixture/4/4/5/4
3.0,4,3125,4,10,500,200,constant-mc,pam,0,0.9702653641524069,4,1,0,1,0,hmm-mixture/4/4/5/4
3.0,4,3125,4,10,600,200,constant-mc,single,0,0.617740483089638,4,1,0,,,hmm-mixture/4/4/5/4
3.0,4,3125,4,10,600,200,constant-mc,complete,1,1.0,4,1,1,,,hmm-mixture/4/4/5/4
3.0,4,3125,4,10,600,200,constant-mc,average,1,1.0,4,1,1,,,hmm-mixture/4/4/5/4
3.0,4,3125,4,10,600,200,constant-mc,pam,1,1.0,4,1,1,1,0,hmm-mixture/4/4/5/4
3.0,4,3125,4,10,700,200,constant-mc,single,0,0.617740483089638,4,1,0,,,hmm-mixture/4/4/5/4
3.0,4,3125,4,10,700,200,constant-mc,complete,1,1.0,4,1,1,,,hmm-mixture/4/4/5/4
3.0,4,3125,4,10,700,200,constant-mc,average,1,1.0,4,1,1,,,hmm-mixture/4/4/5/4
3.0,4,3125,4,10,700,200,constant-mc,pam,1,1.0,4,1,1,1,0,hmm-mixture/4/4/5/4
3.0,4,3125,4,10,800,200,constant-mc,single,0,0.617740483089638,4,1,0,,,hmm-mixture/4/4/5/4
3.0,4,3125,4,10,800,200,constant-mc,complete,1,1.0,4,1,1,,,hmm-mixture/4/4/5/4
3.0,4,3125,4,10,800,200,constant-mc,average,1,1.0,4,1,1,,,hmm-mixture/4/4/5/4
3.0,4,3125,4,10,800,200,constant-mc,pam,1,1.0,4,1,1,1,0,hmm-mixture/4/4/5/4
3.0,4,3125,4,10,900,200,constant-mc,single,0,0.617740483089638,4,1,0,,,hmm-mixture/4/4/5/4
3.0,4,3125,4,10,900,200,constant-mc,complete,1,1.0,4,1,1,,,hmm-mixture/4/4/5/4
3.0,4,3125,4,10,900,200,constant-mc,average,1,1.0,4,1,1,,,hmm-mixture/4/4/5/4
3.0,4,3125,4,10,900,200,constant-mc,pam,1,1.0,4,1,1,1,0,hmm-mixture/4/4/5/4
3.0,4,3125,4,10,1000,200,constant-mc,single,1,1.0,4,1,1,,,hmm-mixture/4/4/5/4
3.0,4,3125,4,10,1000,200,constant-mc,complete,1,1.0,4,1,1,,,hmm-mixture/4/4/5/4
3.0,4,3125,4,10,1000,200,constant-mc,average,1,1.0,4,1,1,,,hmm-mixture/4/4/5/4
3.0,4,3125,4,10,1000,200,constant-mc,pam,1,1.0,4,1,1,1,0,hmm-mixture/4/4/5/4
3.0,4,3125,4,11,100,200,constant-mc,single,0,0.016973869136859977,11,0,0,,,hmm-mixture/4/4/5/4
3.0,4,3125,4,11,100,200,constant-mc,complete,0,0.8018238407177385,11,0,0,,,hmm-mixture/4/4/5/4
3.0,4,3125,4,11,100,200,constant-mc,average,0,0.8865639246380712,11,0,0,,,hmm-mixture/4/4/5/4
3.0,4,3125,4,11,100,200,constant-mc,pam,0,0.3842365491075612,11,0,0,1,0,hmm-mixture/4/4/5/4
3.0,4,3125,4,11,200,200,constant-mc,single,0,0.016973869136859977,7,0,0,,,hmm-mixture/4/4/5/4
3.0,4,3125,4,11,200,200,constant-mc,complete,0,0.9923561966278152,7,0,0,,,hmm-mixture/4/4/5/4
3.0,4,3125,4,11,200,200,constant-mc,average,0,0.9923561966278152,7,0,0,,,hmm-mixture/4/4/5/4
3.0,4,3125,4,11,200,200,constant-mc,pam,0,0.8344310132374264,7,0,0,1,0,hmm-mixture/4/4/5/4
3.0,4,3125,4,11,300,200,constant-mc,single,0,0.0074200884511042365,4,1,0,,,hmm-mixture/4/4/5/4
3.0,4,3125,4,11,300,200,constant-mc,complete,1,1.0,4,1,1,,,hmm-mixture/4/4/5/4
3.0,4,3125,4,11,300,200,constant-mc,average,1,1.0,4,1,1,,,hmm-mixture/4/4/5/4
3.0,4,3125,4,11,300,200,constant-mc,pam,0,0.8402794210975149,4,1,0,1,0,hmm-mixture/4/4/5/4
3.0,4,3125,4,11,400,200,constant-mc,single,0,0.43968560013220626,4,1,0,,,hmm-mixture/4/4/5/4
3.0,4,3125,4,11,400,200,constant-mc,complete,0,0.9923561966278152,4,1,0,,,hmm-mixture/4/4/5/4
3.0,4,3125,4,11,400,200,constant-mc,average,0,0.9923561966278152,4,1,0,,,hmm-mixture/4/4/5/4
3.0,4,3125,4,11,400,200,constant-mc,pam,0,0.9045126807083149,4,1,0,1,0,hmm-mixture/4/4/5/4
3.0,4,3125,4,11,500,200,constant-mc,single,0,0.43968560013220626,4,1,0,,,hmm-mixture/4/4/5/4
3.0,4,3125,4,11,500,200,constant-mc,complete,1,1.0,4,1,1,,,hmm-mixture/4/4/5/4
3.0,4,3125,4,11,500,200,constant-mc,average,1,1.0,4,1,1,,,hmm-mixture/4/4/5/4
3.0,4,3125,4,11,500,200,constant-mc,pam,0,0.9423082303107629,4,1,0,1,0,hmm-mixture/4/4/5/4
3.0,4,3125,4,11,600,200,constant-mc,single,0,0.6427098176633336,4,1,0,,,hmm-mixture/4/4/5/4
3.0,4,3125,4,11,600,200,constant-mc,complete,1,1.0,4,1,1,,,hmm-mixture/4/4/5/4
3.0,4,3125,4,11,600,200,constant-mc,average,1,1.0,4,1,1,,,hmm-mixture/4/4/5/4
3.0,4,3125,4,11,600,200,constant-mc,pam,0,0.9705445995140478,4,1,0,1,0,hmm-mixture/4/4/5/4
3.0,4,3125,4,11,700,200,constant-mc,single,0,0.6427098176633336,4,1,0,,,hmm-mixture/4/4/5/4
3.0,4,3125,4,11,700,200,constant-mc,complete,1,1.0,4,1,1,,,hmm-mixture/4/4/5/4
3.0,4,3125,4,11,700,200,constant-mc,average,1,1.0,4,1,1,,,hmm-mixture/4/4/5/4
3.0,4,3125,4,11,700,200,constant-mc,pam,0,0.9705445995140478,4,1,0,1,0,hmm-mixture/4/4/5/4
3.0,4,3125,4,11,800,200,constant-mc,single,0,0.6427098176633336,4,1,0,,,hmm-mixture/4/4/5/4
3.0,4,3125,4,11,800,200,constant-mc,complete,1,1.0,4,1,1,,,hmm-mixture/4/4/5/4
3.0,4,3125,4,11,800,200,constant-mc,average,1,1.0,4,1,1,,,hmm-mixture/4/4/5/4
3.0,4,3125,4,11,800,200,constant-mc,pam,0,0.9851211469442018,4,1,0,1,0,hmm-mixture/4/4/5/4
3.0,4,3125,4,11,900,200,constant-mc,single,0,0.6427098176633336,4,1,0,,,hmm-mixture/4/4/5/4
3.0,4,3125,4,11,900,200,constant-mc,complete,1,1.0,4,1,1,,,hmm-mixture/4/4/5/4
3.0,4,3125,4,11,900,200,constant-mc,average,1,1.0,4,1,1,,,hmm-mixture/4/4/5/4
3.0,4,3125,4,11,900,200,constant-mc,pam,0,0.9631458156161627,4,1,0,1,0,hmm-mixture/4/4/5/4
3.0,4,3125,4,11,1000,200,constant-mc,single,1,1.0,4,1,1,,,hmm-mixture/4/4/5/4
3.0,4,3125,4,11,1000,200,constant-mc,complete,1,1.0,4,1,1,,,hmm-mixture/4/4/5/4
3.0,4,3125,4,11,1000,200,constant-mc,average,1,1.0,4,1,1,,,hmm-mixture/4/4/5/4
3.0,4,3125,4,11,1000,200,constant-mc,pam,0,0.9423082303107629,4,1,0,1,0,hmm-mixture/4/4/5/4
3.0,4,3125,4,12,100,200,constant-mc,single,0,0.013618602748399626,11,0,0,,,hmm-mixture/4/4/5/4
3.0,4,3125,4,12,100,200,constant-mc,complete,0,0.9089542526165149,11,0,0,,,hmm-mixture/4/4/5/4
3.0,4,3125,4,12,100,200,constant-mc,average,0,0.6417518729259606,11,0,0,,,hmm-mixture/4/4/5/4
3.0,4,3125,4,12,100,200,constant-mc,pam,0,0.3906710032275285,11,0,0,1,0,hmm-mixture/4/4/5/4
3.0,4,3125,4,12,200,200,constant-mc,single,0,0.013618602748399626,9,0,0,,,hmm-mixture/4/4/5/4
3.0,4,3125,4,12,200,200,constant-mc,complete,0,0.9773150928401675,9,0,0,,,hmm-mixture/4/4/5/4
3.0,4,3125,4,12,200,200,constant-mc,average,0,0.9775266710965383,9,0,0,,,hmm-mixture/4/4/5/4
3.0,4,3125,4,12,200,200,constant-mc,pam,0,0.4714862336583276,9,0,0,1,0,hmm-mixture/4/4/5/4
3.0,4,3125,4,12,300,200,constant-mc,single,0,0.012422807752489214,4,1,0,,,hmm-mixture/4/4/5/4
3.0,4,3125,4,12,300,200,constant-mc,complete,1,1.0,4,1,1,,,hmm-mixture/4/4/5/4
3.0,4,3125,4,12,300,200,constant-mc,average,1,1.0,4,1,1,,,hmm-mixture/4/4/5/4
3.0,4,3125,4,12,300,200,constant-mc,pam,0,0.473434071378979,4,1,0,1,0,hmm-mixture/4/4/5/4
3.0,4,3125,4,12,400,200,constant-mc,single,0,0.2579743504919979,4,1,0,,,hmm-mixture/4/4/5/4
3.0,4,3125,4,12,400,200,constant-mc,complete,1,1.0,4,1,1,,,hmm-mixture/4/4/5/4
3.0,4,3125,4,12,400,200,constant-mc,average,1,1.0,4,1,1,,,hmm-mixture/4/4/5/4
3.0,4,3125,4,12,400,200,constant-mc,pam,0,0.9180611787381674,4,1,0,1,0,hmm-mixture/4/4/5/4
3.0,4,3125,4,12,500,200,constant-mc,single,0,0.6492513195813422,4,1,0,,,hmm-mixture/4/4/5/4
3.0,4,3125,4,12,500,200,constant-mc,complete,1,1.0,4,1,1,,,hmm-mixture/4/4/5/4
3.0,4,3125,4,12,500,200,constant-mc,average,1,1.0,4,1,1,,,hmm-mixture/4/4/5/4
3.0,4,3125,4,12,500,200,constant-mc,pam,0,0.9699648294770898,4,1,0,1,0,hmm-mixture/4/4/5/4
3.0,4,3125,4,12,600,200,constant-mc,single,0,0.6492513195813422,4,1,0,,,hmm-mixture/4/4/5/4
3.0,4,3125,4,12,600,200,constant-mc,complete,1,1.0,4,1,1,,,hmm-mixture/4/4/5/4
3.0,4,3125,4,12,600,200,constant-mc,average,1,1.0,4,1,1,,,hmm-mixture/4/4/5/4
3.0,4,3125,4,12,600,200,constant-mc,pam,1,1.0,4,1,1,1,0,hmm-mixture/4/4/5/4
3.0,4,3125,4,12,700,200,constant-mc,single,0,0.6585838459886016,4,1,0,,,hmm-mixture/4/4/5/4
3.0,4,3125,4,12,700,200,constant-mc,complete,1,1.0,4,1,1,,,hmm-mixture/4/4/5/4
3.0,4,3125,4,12,700,200,constant-mc,average,1,1.0,4,1,1,,,hmm-mixture/4/4/5/4
3.0,4,3125,4,12,700,200,constant-mc,pam,0,0.9848276963143262,4,1,0,1,0,hmm-mixture/4/4/5/4
3.0,4,3125,4,12,800,200,constant-mc,single,0,0.6492513195813422,4,1,0,,,hmm-mixture/4/4/5/4
3.0,4,3125,4,12,800,200,constant-mc,complete,1,1.0,4,1,1,,,hmm-mixture/4/4/5/4
3.0,4,3125,4,12,800,200,constant-mc,average,1,1.0,4,1,1,,,hmm-mixture/4/4/5/4
3.0,4,3125,4,12,800,200,constant-mc,pam,0,0.9848276963143262,4,1,0,1,0,hmm-mixture/4/4/5/4
3.0,4,3125,4,12,900,200,constant-mc,single,1,1.0,4,1,1,,,hmm-mixture/4/4/5/4
3.0,4,3125,4,12,900,200,constant-mc,complete,1,1.0,4,1,1,,,hmm-mixture/4/4/5/4
3.0,4,3125,4,12,900,200,constant-mc,average,1,1.0,4,1,1,,,hmm-mixture/4/4/5/4
3.0,4,3125,4,12,900,200,constant-mc,pam,0,0.9699648294770898,4,1,0,1,0,hmm-mixture/4/4/5/4
3.0,4,3125,4,12,1000,200,constant-mc,single,1,1.0,4,1,1,,,hmm-mixture/4/4/5/4
3.0,4,3125,4,12,1000,200,constant-mc,complete,1,1.0,4,1,1,,,hmm-mixture/4/4/5/4
3.0,4,3125,4,12,1000,200,constant-mc,average,1,1.0,4,1,1,,,hmm-mixture/4/4/5/4
3.0,4,3125,4,12,1000,200,constant-mc,pam,0,0.9848276963143262,4,1,0,1,0,hmm-mixture/4/4/5/4
3.0,4,3125,4,13,100,200,constant-mc,single,0,0.013252747442289416,71,0,0,,,hmm-mixture/4/4/5/4
3.0,4,3125,4,13,100,200,constant-mc,complete,0,0.8863647363103879,71,0,0,,,hmm-mixture/4/4/5/4
3.0,4,3125,4,13,100,200,constant-mc,average,0,0.9392317036374933,71,0,0,,,hmm-mixture/4/4/5/4
3.0,4,3125,4,13,100,200,constant-mc,pam,0,0.14066022891666494,71,0,0,1,0,hmm-mixture/4/4/5/4
3.0,4,3125,4,13,200,200,constant-mc,single,0,0.013252747442289416,8,0,0,,,hmm-mixture/4/4/5/4
3.0,4,3125,4,13,200,200,constant-mc,complete,0,0.9577956710850226,8,0,0,,,hmm-mixture/4/4/5/4
3.0,4,3125,4,13,200,200,constant-mc,average,0,0.9323053570023888,8,0,0,,,hmm-mixture/4/4/5/4
3.0,4,3125,4,13,200,200,constant-mc,pam,0,0.8487572373148095,8,0,0,1,0,hmm-mixture/4/4/5/4
3.0,4,3125,4,13,300,200,constant-mc,single,0,0.19410113508429874,4,1,0,,,hmm-mixture/4/4/5/4
3.0,4,3125,4,13,300,200,constant-mc,complete,0,0.989098116804278,4,1,0,,,hmm-mixture/4/4/5/4
3.0,4,3125,4,13,300,200,constant-mc,average,0,0.989098116804278,4,1,0,,,hmm-mixture/4/4/5/4
3.0,4,3125,4,13,300,200,constant-mc,pam,0,0.46194181768040676,4,1,0,1,0,hmm-mixture/4/4/5/4
3.0,4,3125,4,13,400,200,constant-mc,single,0,0.19410113508429874,4,1,0,,,hmm-mixture/4/4/5/4
3.0,4,3125,4,13,400,200,constant-mc,complete,1,1.0,4,1,1,,,hmm-mixture/4/4/5/4
3.0,4,3125,4,13,400,200,constant-mc,average,1,1.0,4,1,1,,,hmm-mixture/4/4/5/4
3.0,4,3125,4,13,400,200,constant-mc,pam,0,0.938692640073054,4,1,0,1,0,hmm-mixture/4/4/5/4
3.0,4,3125,4,13,500,200,constant-mc,single,0,0.5964379877423255,4,1,0,,,hmm-mixture/4/4/5/4
3.0,4,3125,4,13,500,200,constant-mc,complete,1,1.0,4,1,1,,,hmm-mixture/4/4/5/4
3.0,4,3125,4,13,500,200,constant-mc,average,1,1.0,4,1,1,,,hmm-mixture/4/4/5/4
3.0,4,3125,4,13,500,200,constant-mc,pam,0,0.9842173892526429,4,1,0,1,0,hmm-mixture/4/4/5/4
3.0,4,3125,4,13,600,200,constant-mc,single,0,0.5964379877423255,4,1,0,,,hmm-mixture/4/4/5/4
3.0,4,3125,4,13,600,200,constant-mc,complete,1,1.0,4,1,1,,,hmm-mixture/4/4/5/4
3.0,4,3125,4,13,600,200,constant-mc,average,1,1.0,4,1,1,,,hmm-mixture/4/4/5/4
3.0,4,3125,4,13,600,200,constant-mc,pam,0,0.9457669637247863,4,1,0,1,0,hmm-mixture/4/4/5/4
3.0,4,3125,4,13,700,200,constant-mc,single,0,0.5964379877423255,4,1,0,,,hmm-mixture/4/4/5/4
3.0,4,3125,4,13,700,200,constant-mc,complete,1,1.0,4,1,1,,,hmm-mixture/4/4/5/4
3.0,4,3125,4,13,700,200,constant-mc,average,1,1.0,4,1,1,,,hmm-mixture/4/4/5/4
3.0,4,3125,4,13,700,200,constant-mc,pam,0,0.9687369121272179,4,1,0,1,0,hmm-mixture/4/4/5/4
3.0,4,3125,4,13,800,200,constant-mc,single,1,1.0,4,1,1,,,hmm-mixture/4/4/5/4
3.0,4,3125,4,13,800,200,constant-mc,complete,1,1.0,4,1,1,,,hmm-mixture/4/4/5/4
3.0,4,3125,4,13,800,200,constant-mc,average,1,1.0,4,1,1,,,hmm-mixture/4/4/5/4
3.0,4,3125,4,13,800,200,constant-mc,pam,0,0.9918445197589532,4,1,0,1,0,hmm-mixture/4/4/5/4
3.0,4,3125,4,13,900,200,constant-mc,single,1,1.0,4,1,1,,,hmm-mixture/4/4/5/4
3.0,4,3125,4,13,900,200,constant-mc,complete,1,1.0,4,1,1,,,hmm-mixture/4/4/5/4
3.0,4,3125,4,13,900,200,constant-mc,average,1,1.0,4,1,1,,,hmm-mixture/4/4/5/4
3.0,4,3125,4,13,900,200,constant-mc,pam,1,1.0,4,1,1,1,0,hmm-mixture/4/4/5/4
3.0,4,3125,4,13,1000,200,constant-mc,single,0,0.5964379877423255,4,1,0,,,hmm-mixture/4/4/5/4
3.0,4,3125,4,13,1000,200,constant-mc,complete,1,1.0,4,1,1,,,hmm-mixture/4/4/5/4
3.0,4,3125,4,13,1000,200,constant-mc,average,1,1.0,4,1,1,,,hmm-mixture/4/4/5/4
3.0,4,3125,4,13,1000,200,constant-mc,pam,1,1.0,4,1,1,1,0,hmm-mixture/4/4/5/4
3.0,4,3125,4,14,100,200,constant-mc,single,0,0.01983013866779709,17,0,0,,,hmm-mixture/4/4/5/4
3.0,4,3125,4,14,100,200,constant-mc,complete,0,0.8770677187730258,17,0,0,,,hmm-mixture/4/4/5/4
3.0,4,3125,4,14,100,200,constant-mc,average,0,0.9205894213071419,17,0,0,,,hmm-mixture/4/4/5/4
3.0,4,3125,4,14,100,200,constant-mc,pam,0,0.32720616593961865,17,0,0,1,0,hmm-mixture/4/4/5/4
3.0,4,3125,4,14,200,200,constant-mc,single,0,0.16770026443440283,6,0,0,,,hmm-mixture/4/4/5/4
3.0,4,3125,4,14,200,200,constant-mc,complete,0,0.9805169293300848,6,0,0,,,hmm-mixture/4/4/5/4
3.0,4,3125,4,14,200,200,constant-mc,average,0,0.9901402983212116,6,0,0,,,hmm-mixture/4/4/5/4
3.0,4,3125,4,14,200,200,constant-mc,pam,0,0.4353783581647005,6,0,0,1,0,hmm-mixture/4/4/5/4
3.0,4,3125,4,14,300,200,constant-mc,single,0,0.01311403278932369,4,1,0,,,hmm-mixture/4/4/5/4
3.0,4,3125,4,14,300,200,constant-mc,complete,1,1.0,4,1,1,,,hmm-mixture/4/4/5/4
3.0,4,3125,4,14,300,200,constant-mc,average,1,1.0,4,1,1,,,hmm-mixture/4/4/5/4
3.0,4,3125,4,14,300,200,constant-mc,pam,0,0.9554091556268339,4,1,0,1,0,hmm-mixture/4/4/5/4
3.0,4,3125,4,14,400,200,constant-mc,single,0,0.632744343942762,4,1,0,,,hmm-mixture/4/4/5/4
3.0,4,3125,4,14,400,200,constant-mc,complete,1,1.0,4,1,1,,,hmm-mixture/4/4/5/4
3.0,4,3125,4,14,400,200,constant-mc,average,1,1.0,4,1,1,,,hmm-mixture/4/4/5/4
3.0,4,3125,4,14,400,200,constant-mc,pam,1,1.0,4,1,1,1,0,hmm-mixture/4/4/5/4
3.0,4,3125,4,14,500,200,constant-mc,single,0,0.632744343942762,4,1,0,,,hmm-mixture/4/4/5/4
3.0,4,3125,4,14,500,200,constant-mc,complete,1,1.0,4,1,1,,,hmm-mixture/4/4/5/4
3.0,4,3125,4,14,500,200,constant-mc,average,1,1.0,4,1,1,,,hmm-mixture/4/4/5/4
3.0,4,3125,4,14,500,200,constant-mc,pam,0,0.9699769311164714,4,1,0,1,0,hmm-mixture/4/4/5/4
3.0,4,3125,4,14,600,200,constant-mc,single,0,0.5699095546382617,4,1,0,,,hmm-mixture/4/4/5/4
3.0,4,3125,4,14,600,200,constant-mc,complete,1,1.0,4,1,1,,,hmm-mixture/4/4/5/4
3.0,4,3125,4,14,600,200,constant-mc,average,1,1.0,4,1,1,,,hmm-mixture/4/4/5/4
3.0,4,3125,4,14,600,200,constant-mc,pam,0,0.9848410024903255,4,1,0,1,0,hmm-mixture/4/4/5/4
3.0,4,3125,4,14,700,200,constant-mc,single,0,0.632744343942762,4,1,0,,,hmm-mixture/4/4/5/4
3.0,4,3125,4,14,700,200,constant-mc,complete,1,1.0,4,1,1,,,hmm-mixture/4/4/5/4
3.0,4,3125,4,14,700,200,constant-mc,average,1,1.0,4,1,1,,,hmm-mixture/4/4/5/4
3.0,4,3125,4,14,700,200,constant-mc,pam,0,0.9848410024903255,4,1,0,1,0,hmm-mixture/4/4/5/4
3.0,4,3125,4,14,800,200,constant-mc,single,1,1.0,4,1,1,,,hmm-mixture/4/4/5/4
3.0,4,3125,4,14,800,200,constant-mc,complete,1,1.0,4,1,1,,,hmm-mixture/4/4/5/4
3.0,4,3125,4,14,800,200,constant-mc,average,1,1.0,4,1,1,,,hmm-mixture/4/4/5/4
3.0,4,3125,4,14,800,200,constant-mc,pam,1,1.0,4,1,1,1,0,hmm-mixture/4/4/5/4
3.0,4,3125,4,14,900,200,constant-mc,single,0,0.632744343942762,4,1,0,,,hmm-mixture/4/4/5/4
3.0,4,3125,4,14,900,200,constant-mc,complete,1,1.0,4,1,1,,,hmm-mixture/4/4/5/4
3.0,4,3125,4,14,900,200,constant-mc,average,1,1.0,4,1,1,,,hmm-mixture/4/4/5/4
3.0,4,3125,4,14,900,200,constant-mc,pam,1,1.0,4,1,1,1,0,hmm-mixture/4/4/5/4
3.0,4,3125,4,14,1000,200,constant-mc,single,0,0.632744343942762,4,1,0,,,hmm-mixture/4/4/5/4
3.0,4,3125,4,14,1000,200,constant-mc,complete,1,1.0,4,1,1,,,hmm-mixture/4/4/5/4
3.0,4,3125,4,14,1000,200,constant-mc,average,1,1.0,4,1,1,,,hmm-mixture/4/4/5/4
3.0,4,3125,4,14,1000,200,constant-mc,pam,0,0.9699769311164714,4,1,0,1,0,hmm-mixture/4/4/5/4
3.0,4,3125,4,15,100,200,constant-mc,single,0,0.012877637127379018,23,0,0,,,hmm-mixture/4/4/5/4
3.0,4,3125,4,15,100,200,constant-mc,complete,0,0.897006706083663,23,0,0,,,hmm-mixture/4/4/5/4
3.0,4,3125,4,15,100,200,constant-mc,average,0,0.8669165764849025,23,0,0,,,hmm-mixture/4/4/5/4
3.0,4,3125,4,15,100,200,constant-mc,pam,0,0.40942259082999405,23,0,0,1,0,hmm-mixture/4/4/5/4
3.0,4,3125,4,15,200,200,constant-mc,single,0,0.0076890833146451365,13,0,0,,,hmm-mixture/4/4/5/4
3.0,4,3125,4,15,200,200,constant-mc,complete,0,0.9506467876413848,13,0,0,,,hmm-mixture/4/4/5/4
3.0,4,3125,4,15,200,200,constant-mc,average,0,0.9786941520038791,13,0,0,,,hmm-mixture/4/4/5/4
3.0,4,3125,4,15,200,200,constant-mc,pam,0,0.8225746945992032,13,0,0,1,0,hmm-mixture/4/4/5/4
3.0,4,3125,4,15,300,200,constant-mc,single,0,0.012877637127379018,5,0,0,,,hmm-mixture/4/4/5/4
3.0,4,3125,4,15,300,200,constant-mc,complete,1,1.0,5,0,0,,,hmm-mixture/4/4/5/4
3.0,4,3125,4,15,300,200,constant-mc,average,1,1.0,5,0,0,,,hmm-mixture/4/4/5/4
3.0,4,3125,4,15,300,200,constant-mc,pam,0,0.9028078630858827,5,0,0,1,0,hmm-mixture/4/4/5/4
3.0,4,3125,4,15,400,200,constant-mc,single,0,0.14007907630103675,4,1,0,,,hmm-mixture/4/4/5/4
3.0,4,3125,4,15,400,200,constant-mc,complete,1,1.0,4,1,1,,,hmm-mixture/4/4/5/4
3.0,4,3125,4,15,400,200,constant-mc,average,1,1.0,4,1,1,,,hmm-mixture/4/4/5/4
3.0,4,3125,4,15,400,200,constant-mc,pam,0,0.8566338504728828,4,1,0,1,0,hmm-mixture/4/4/5/4
3.0,4,3125,4,15,500,200,constant-mc,single,0,0.14007907630103675,4,1,0,,,hmm-mixture/4/4/5/4
3.0,4,3125,4,15,500,200,constant-mc,complete,1,1.0,4,1,1,,,hmm-mixture/4/4/5/4
3.0,4,3125,4,15,500,200,constant-mc,average,1,1.0,4,1,1,,,hmm-mixture/4/4/5/4
3.0,4,3125,4,15,500,200,constant-mc,pam,0,0.9176111598443375,4,1,0,1,0,hmm-mixture/4/4/5/4
3.0,4,3125,4,15,600,200,constant-mc,single,0,0.595189148199135,4,1,0,,,hmm-mixture/4/4/5/4
3.0,4,3125,4,15,600,200,constant-mc,complete,1,1.0,4,1,1,,,hmm-mixture/4/4/5/4
3.0,4,3125,4,15,600,200,constant-mc,average,1,1.0,4,1,1,,,hmm-mixture/4/4/5/4
3.0,4,3125,4,15,600,200,constant-mc,pam,0,0.9611147964762867,4,1,0,1,0,hmm-mixture/4/4/5/4
3.0,4,3125,4,15,700,200,constant-mc,single,0,0.5972417949989169,4,1,0,,,hmm-mixture/4/4/5/4
3.0,4,3125,4,15,700,200,constant-mc,complete,1,1.0,4,1,1,,,hmm-mixture/4/4/5/4
3.0,4,3125,4,15,700,200,constant-mc,average,1,1.0,4,1,1,,,hmm-mixture/4/4/5/4
3.0,4,3125,4,15,700,200,constant-mc,pam,1,1.0,4,1,1,1,0,hmm-mixture/4/4/5/4
3.0,4,3125,4,15,800,200,constant-mc,single,0,0.5972417949989169,4,1,0,,,hmm-mixture/4/4/5/4
3.0,4,3125,4,15,800,200,constant-mc,complete,1,1.0,4,1,1,,,hmm-mixture/4/4/5/4
3.0,4,3125,4,15,800,200,constant-mc,average,1,1.0,4,1,1,,,hmm-mixture/4/4/5/4
3.0,4,3125,4,15,800,200,constant-mc,pam,0,0.9845253903608507,4,1,0,1,0,hmm-mixture/4/4/5/4
3.0,4,3125,4,15,900,200,constant-mc,single,0,0.5972417949989169,4,1,0,,,hmm-mixture/4/4/5/4
3.0,4,3125,4,15,900,200,constant-mc,complete,1,1.0,4,1,1,,,hmm-mixture/4/4/5/4
3.0,4,3125,4,15,900,200,constant-mc,average,1,1.0,4,1,1,,,hmm-mixture/4/4/5/4
3.0,4,3125,4,15,900,200,constant-mc,pam,1,1.0,4,1,1,1,0,hmm-mixture/4/4/5/4
3.0,4,3125,4,15,1000,200,constant-mc,single,1,1.0,4,1,1,,,hmm-mixture/4/4/5/4
3.0,4,3125,4,15,1000,200,constant-mc,complete,1,1.0,4,1,1,,,hmm-mixture/4/4/5/4
3.0,4,3125,4,15,1000,200,constant-mc,average,1,1.0,4,1,1,,,hmm-mixture/4/4/5/4
3.0,4,3125,4,15,1000,200,constant-mc,pam,1,1.0,4,1,1,1,0,hmm-mixture/4/4/5/4
3.0,4,3125,4,16,100,200,constant-mc,single,0,0.016681678565480324,76,0,0,,,hmm-mixture/4/4/5/4
3.0,4,3125,4,16,100,200,constant-mc,complete,0,0.8155185487505006,76,0,0,,,hmm-mixture/4/4/5/4
3.0,4,3125,4,16,100,200,constant-mc,average,0,0.552249739996473,76,0,0,,,hmm-mixture/4/4/5/4
3.0,4,3125,4,16,100,200,constant-mc,pam,0,0.4270753403448928,76,0,0,1,0,hmm-mixture/4/4/5/4
3.0,4,3125,4,16,200,200,constant-mc,single,0,0.010421352735519761,6,0,0,,,hmm-mixture/4/4/5/4
3.0,4,3125,4,16,200,200,constant-mc,complete,0,0.9639067696204869,6,0,0,,,hmm-mixture/4/4/5/4
3.0,4,3125,4,16,200,200,constant-mc,average,0,0.9732836822117479,6,0,0,,,hmm-mixture/4/4/5/4
3.0,4,3125,4,16,200,200,constant-mc,pam,0,0.5661274847734646,6,0,0,1,0,hmm-mixture/4/4/5/4
3.0,4,3125,4,16,300,200,constant-mc,single,0,0.1825193492413527,4,1,0,,,hmm-mixture/4/4/5/4
3.0,4,3125,4,16,300,200,constant-mc,complete,1,1.0,4,1,1,,,hmm-mixture/4/4/5/4
3.0,4,3125,4,16,300,200,constant-mc,average,1,1.0,4,1,1,,,hmm-mixture/4/4/5/4
3.0,4,3125,4,16,300,200,constant-mc,pam,0,0.9520206203391051,4,1,0,1,0,hmm-mixture/4/4/5/4
3.0,4,3125,4,16,400,200,constant-mc,single,0,0.6289343488225475,4,1,0,,,hmm-mixture/4/4/5/4
3.0,4,3125,4,16,400,200,constant-mc,complete,1,1.0,4,1,1,,,hmm-mixture/4/4/5/4
3.0,4,3125,4,16,400,200,constant-mc,average,1,1.0,4,1,1,,,hmm-mixture/4/4/5/4
3.0,4,3125,4,16,400,200,constant-mc,pam,0,0.9780092456706437,4,1,0,1,0,hmm-mixture/4/4/5/4
3.0,4,3125,4,16,500,200,constant-mc,single,0,0.6289343488225475,4,1,0,,,hmm-mixture/4/4/5/4
3.0,4,3125,4,16,500,200,constant-mc,complete,1,1.0,4,1,1,,,hmm-mixture/4/4/5/4
3.0,4,3125,4,16,500,200,constant-mc,average,1,1.0,4,1,1,,,hmm-mixture/4/4/5/4
3.0,4,3125,4,16,500,200,constant-mc,pam,0,0.9847708667691936,4,1,0,1,0,hmm-mixture/4/4/5/4
3.0,4,3125,4,16,600,200,constant-mc,single,0,0.6289343488225475,4,1,0,,,hmm-mixture/4/4/5/4
3.0,4,3125,4,16,600,200,constant-mc,complete,1,1.0,4,1,1,,,hmm-mixture/4/4/5/4
3.0,4,3125,4,16,600,200,constant-mc,average,1,1.0,4,1,1,,,hmm-mixture/4/4/5/4
3.0,4,3125,4,16,600,200,constant-mc,pam,1,1.0,4,1,1,1,0,hmm-mixture/4/4/5/4
3.0,4,3125,4,16,700,200,constant-mc,single,0,0.6289343488225475,4,1,0,,,hmm-mixture/4/4/5/4
3.0,4,3125,4,16,700,200,constant-mc,complete,1,1.0,4,1,1,,,hmm-mixture/4/4/5/4
3.0,4,3125,4,16,700,200,constant-mc,average,1,1.0,4,1,1,,,hmm-mixture/4/4/5/4
3.0,4,3125,4,16,700,200,constant-mc,pam,1,1.0,4,1,1,1,0,hmm-mixture/4/4/5/4
3.0,4,3125,4,16,800,200,constant-mc,single,0,0.6289343488225475,4,1,0,,,hmm-mixture/4/4/5/4
3.0,4,3125,4,16,800,200,constant-mc,complete,1,1.0,4,1,1,,,hmm-mixture/4/4/5/4
3.0,4,3125,4,16,800,200,constant-mc,average,1,1.0,4,1,1,,,hmm-mixture/4/4/5/4
3.0,4,3125,4,16,800,200,constant-mc,pam,1,1.0,4,1,1,1,0,hmm-mixture/4/4/5/4
3.0,4,3125,4,16,900,200,constant-mc,single,1,1.0,4,1,1,,,hmm-mixture/4/4/5/4
3.0,4,3125,4,16,900,200,constant-mc,complete,1,1.0,4,1,1,,,hmm-mixture/4/4/5/4
3.0,4,3125,4,16,900,200,constant-mc,average,1,1.0,4,1,1,,,hmm-mixture/4/4/5/4
3.0,4,3125,4,16,900,200,constant-mc,pam,1,1.0,4,1,1,1,0,hmm-mixture/4/4/5/4
3.0,4,3125,4,16,1000,200,constant-mc,single,1,1.0,4,1,1,,,hmm-mixture/4/4/5/4
3.0,4,3125,4,16,1000,200,constant-mc,complete,1,1.0,4,1,1,,,hmm-mixture/4/4/5/4
3.0,4,3125,4,16,1000,200,constant-mc,average,1,1.0,4,1,1,,,hmm-mixture/4/4/5/4
3.0,4,3125,4,16,1000,200,constant-mc,pam,1,1.0,4,1,1,1,0,hmm-mixture/4/4/5/4
3.0,4,3125,4,17,100,200,constant-mc,single,0,0.01076377910506274,19,0,0,,,hmm-mixture/4/4/5/4
3.0,4,3125,4,17,100,200,constant-mc,complete,0,0.9002573602769073,19,0,0,,,hmm-mixture/4/4/5/4
3.0,4,3125,4,17,100,200,constant-mc,average,0,0.919421854676195,19,0,0,,,hmm-mixture/4/4/5/4
3.0,4,3125,4,17,100,200,constant-mc,pam,0,0.37811893423330206,19,0,0,1,0,hmm-mixture/4/4/5/4
3.0,4,3125,4,17,200,200,constant-mc,single,0,0.2038834718853634,4,1,0,,,hmm-mixture/4/4/5/4
3.0,4,3125,4,17,200,200,constant-mc,complete,0,0.9925394379698036,4,1,0,,,hmm-mixture/4/4/5/4
3.0,4,3125,4,17,200,200,constant-mc,average,0,0.992527014689897,4,1,0,,,hmm-mixture/4/4/5/4
3.0,4,3125,4,17,200,200,constant-mc,pam,0,0.4627537001205765,4,1,0,1,0,hmm-mixture/4/4/5/4
3.0,4,3125,4,17,300,200,constant-mc,single,0,0.6330132359073292,4,1,0,,,hmm-mixture/4/4/5/4
3.0,4,3125,4,17,300,200,constant-mc,complete,1,1.0,4,1,1,,,hmm-mixture/4/4/5/4
3.0,4,3125,4,17,300,200,constant-mc,average,1,1.0,4,1,1,,,hmm-mixture/4/4/5/4
3.0,4,3125,4,17,300,200,constant-mc,pam,0,0.9549437817914378,4,1,0,1,0,hmm-mixture/4/4/5/4
3.0,4,3125,4,17,400,200,constant-mc,single,0,0.6330132359073292,4,1,0,,,hmm-mixture/4/4/5/4
3.0,4,3125,4,17,400,200,constant-mc,complete,1,1.0,4,1,1,,,hmm-mixture/4/4/5/4
3.0,4,3125,4,17,400,200,constant-mc,average,1,1.0,4,1,1,,,hmm-mixture/4/4/5/4
3.0,4,3125,4,17,400,200,constant-mc,pam,0,0.9412008593943737,4,1,0,1,0,hmm-mixture/4/4/5/4
3.0,4,3125,4,17,500,200,constant-mc,single,0,0.6330132359073292,4,1,0,,,hmm-mixture/4/4/5/4
3.0,4,3125,4,17,500,200,constant-mc,complete,1,1.0,4,1,1,,,hmm-mixture/4/4/5/4
3.0,4,3125,4,17,500,200,constant-mc,average,1,1.0,4,1,1,,,hmm-mixture/4/4/5/4
3.0,4,3125,4,17,500,200,constant-mc,pam,0,0.9847447450159986,4,1,0,1,0,hmm-mixture/4/4/5/4
3.0,4,3125,4,17,600,200,constant-mc,single,0,0.6330132359073292,4,1,0,,,hmm-mixture/4/4/5/4
3.0,4,3125,4,17,600,200,constant-mc,complete,1,1.0,4,1,1,,,hmm-mixture/4/4/5/4
3.0,4,3125,4,17,600,200,constant-mc,average,1,1.0,4,1,1,,,hmm-mixture/4/4/5/4
3.0,4,3125,4,17,600,200,constant-mc,pam,1,1.0,4,1,1,1,0,hmm-mixture/4/4/5/4
3.0,4,3125,4,17,700,200,constant-mc,single,0,0.6330132359073292,4,1,0,,,hmm-mixture/4/4/5/4
3.0,4,3125,4,17,700,200,constant-mc,complete,1,1.0,4,1,1,,,hmm-mixture/4/4/5/4
3.0,4,3125,4,17,700,200,constant-mc,average,1,1.0,4,1,1,,,hmm-mixture/4/4/5/4
3.0,4,3125,4,17,700,200,constant-mc,pam,0,0.992527014689897,4,1,0,1,0,hmm-mixture/4/4/5/4
3.0,4,3125,4,17,800,200,constant-mc,single,0,0.6330132359073292,4,1,0,,,hmm-mixture/4/4/5/4
3.0,4,3125,4,17,800,200,constant-mc,complete,1,1.0,4,1,1,,,hmm-mixture/4/4/5/4
3.0,4,3125,4,17,800,200,constant-mc,average,1,1.0,4,1,1,,,hmm-mixture/4/4/5/4
3.0,4,3125,4,17,800,200,constant-mc,pam,0,0.9847447450159986,4,1,0,1,0,hmm-mixture/4/4/5/4
3.0,4,3125,4,17,900,200,constant-mc,single,0,0.6330132359073292,4,1,0,,,hmm-mixture/4/4/5/4
3.0,4,3125,4,17,900,200,constant-mc,complete,1,1.0,4,1,1,,,hmm-mixture/4/4/5/4
3.0,4,3125,4,17,900,200,constant-mc,average,1,1.0,4,1,1,,,hmm-mixture/4/4/5/4
3.0,4,3125,4,17,900,200,constant-mc,pam,1,1.0,4,1,1,1,0,hmm-mixture/4/4/5/4
3.0,4,3125,4,17,1000,200,constant-mc,single,0,0.6330132359073292,4,1,0,,,hmm-mixture/4/4/5/4
3.0,4,3125,4,17,1000,200,constant-mc,complete,1,1.0,4,1,1,,,hmm-mixture/4/4/5/4
3.0,4,3125,4,17,1000,200,constant-mc,average,1,1.0,4,1,1,,,hmm-mixture/4/4/5/4
3.0,4,3125,4,17,1000,200,constant-mc,pam,1,1.0,4,1,1,1,0,hmm-mixture/4/4/5/4
3.0,4,3125,4,18,100,200,constant-mc,single,0,0.013870964406461964,16,0,0,,,hmm-mixture/4/4/5/4
3.0,4,3125,4,18,100,200,constant-mc,complete,0,0.7776340500289692,16,0,0,,,hmm-mixture/4/4/5/4
3.0,4,3125,4,18,100,200,constant-mc,average,0,0.5756673658633641,16,0,0,,,hmm-mixture/4/4/5/4
3.0,4,3125,4,18,100,200,constant-mc,pam,0,0.41899546539755483,16,0,0,1,0,hmm-mixture/4/4/5/4
3.0,4,3125,4,18,200,200,constant-mc,single,0,0.006584655587239725,4,1,0,,,hmm-mixture/4/4/5/4
3.0,4,3125,4,18,200,200,constant-mc,complete,0,0.9844872819158145,4,1,0,,,hmm-mixture/4/4/5/4
3.0,4,3125,4,18,200,200,constant-mc,average,1,1.0,4,1,1,,,hmm-mixture/4/4/5/4
3.0,4,3125,4,18,200,200,constant-mc,pam,0,0.4927064490353195,4,1,0,1,0,hmm-mixture/4/4/5/4
3.0,4,3125,4,18,300,200,constant-mc,single,0,0.1764824802454367,4,1,0,,,hmm-mixture/4/4/5/4
3.0,4,3125,4,18,300,200,constant-mc,complete,1,1.0,4,1,1,,,hmm-mixture/4/4/5/4
3.0,4,3125,4,18,300,200,constant-mc,average,1,1.0,4,1,1,,,hmm-mixture/4/4/5/4
3.0,4,3125,4,18,300,200,constant-mc,pam,0,0.9251175691793246,4,1,0,1,0,hmm-mixture/4/4/5/4
3.0,4,3125,4,18,400,200,constant-mc,single,0,0.6070562899643743,4,1,0,,,hmm-mixture/4/4/5/4
3.0,4,3125,4,18,400,200,constant-mc,complete,1,1.0,4,1,1,,,hmm-mixture/4/4/5/4
3.0,4,3125,4,18,400,200,constant-mc,average,1,1.0,4,1,1,,,hmm-mixture/4/4/5/4
3.0,4,3125,4,18,400,200,constant-mc,pam,0,0.909528071603511,4,1,0,1,0,hmm-mixture/4/4/5/4
3.0,4,3125,4,18,500,200,constant-mc,single,0,0.6111795933810255,4,1,0,,,hmm-mixture/4/4/5/4
3.0,4,3125,4,18,500,200,constant-mc,complete,1,1.0,4,1,1,,,hmm-mixture/4/4/5/4
3.0,4,3125,4,18,500,200,constant-mc,average,1,1.0,4,1,1,,,hmm-mixture/4/4/5/4
3.0,4,3125,4,18,500,200,constant-mc,pam,1,1.0,4,1,1,1,0,hmm-mixture/4/4/5/4
3.0,4,3125,4,18,600,200,constant-mc,single,0,0.6111795933810255,4,1,0,,,hmm-mixture/4/4/5/4
3.0,4,3125,4,18,600,200,constant-mc,complete,1,1.0,4,1,1,,,hmm-mixture/4/4/5/4
3.0,4,3125,4,18,600,200,constant-mc,average,1,1.0,4,1,1,,,hmm-mixture/4/4/5/4
3.0,4,3125,4,18,600,200,constant-mc,pam,0,0.9693888185353011,4,1,0,1,0,hmm-mixture/4/4/5/4
3.0,4,3125,4,18,700,200,constant-mc,single,0,0.6111795933810255,4,1,0,,,hmm-mixture/4/4/5/4
3.0,4,3125,4,18,700,200,constant-mc,complete,1,1.0,4,1,1,,,hmm-mixture/4/4/5/4
3.0,4,3125,4,18,700,200,constant-mc,average,1,1.0,4,1,1,,,hmm-mixture/4/4/5/4
3.0,4,3125,4,18,700,200,constant-mc,pam,0,0.9845442662786126,4,1,0,1,0,hmm-mixture/4/4/5/4
3.0,4,3125,4,18,800,200,constant-mc,single,0,0.6111795933810255,4,1,0,,,hmm-mixture/4/4/5/4
3.0,4,3125,4,18,800,200,constant-mc,complete,1,1.0,4,1,1,,,hmm-mixture/4/4/5/4
3.0,4,3125,4,18,800,200,constant-mc,average,1,1.0,4,1,1,,,hmm-mixture/4/4/5/4
3.0,4,3125,4,18,800,200,constant-mc,pam,1,1.0,4,1,1,1,0,hmm-mixture/4/4/5/4
3.0,4,3125,4,18,900,200,constant-mc,single,0,0.6111795933810255,4,1,0,,,hmm-mixture/4/4/5/4
3.0,4,3125,4,18,900,200,constant-mc,complete,1,1.0,4,1,1,,,hmm-mixture/4/4/5/4
3.0,4,3125,4,18,900,200,constant-mc,average,1,1.0,4,1,1,,,hmm-mixture/4/4/5/4
3.0,4,3125,4,18,900,200,constant-mc,pam,1,1.0,4,1,1,1,0,hmm-mixture/4/4/5/4
3.0,4,3125,4,18,1000,200,constant-mc,single,1,1.0,4,1,1,,,hmm-mixture/4/4/5/4
3.0,4,3125,4,18,1000,200,constant-mc,complete,1,1.0,4,1,1,,,hmm-mixture/4/4/5/4
3.0,4,3125,4,18,1000,200,constant-mc,average,1,1.0,4,1,1,,,hmm-mixture/4/4/5/4
3.0,4,3125,4,18,1000,200,constant-mc,pam,1,1.0,4,1,1,1,0,hmm-mixture/4/4/5/4
3.0,4,3125,4,19,100,200,constant-mc,single,0,0.0015590316645564338,3,0,0,,,hmm-mixture/4/4/5/4
3.0,4,3125,4,19,100,200,constant-mc,complete,0,0.6734400181306182,3,0,0,,,hmm-mixture/4/4/5/4
3.0,4,3125,4,19,100,200,constant-mc,average,0,0.4911697179278798,3,0,0,,,hmm-mixture/4/4/5/4
3.0,4,3125,4,19,100,200,constant-mc,pam,0,0.2696657225264306,3,0,0,1,0,hmm-mixture/4/4/5/4
3.0,4,3125,4,19,200,200,constant-mc,single,0,0.0028321022482525435,5,0,0,,,hmm-mixture/4/4/5/4
3.0,4,3125,4,19,200,200,constant-mc,complete,0,0.9898324457197428,5,0,0,,,hmm-mixture/4/4/5/4
3.0,4,3125,4,19,200,200,constant-mc,average,0,0.9898324457197428,5,0,0,,,hmm-mixture/4/4/5/4
3.0,4,3125,4,19,200,200,constant-mc,pam,0,0.8587546940325632,5,0,0,1,0,hmm-mixture/4/4/5/4
3.0,4,3125,4,19,300,200,constant-mc,single,0,0.0015590316645564338,4,1,0,,,hmm-mixture/4/4/5/4
3.0,4,3125,4,19,300,200,constant-mc,complete,1,1.0,4,1,1,,,hmm-mixture/4/4/5/4
3.0,4,3125,4,19,300,200,constant-mc,average,1,1.0,4,1,1,,,hmm-mixture/4/4/5/4
3.0,4,3125,4,19,300,200,constant-mc,pam,0,0.859740809598726,4,1,0,1,0,hmm-mixture/4/4/5/4
3.0,4,3125,4,19,400,200,constant-mc,single,0,0.22603735025536398,4,1,0,,,hmm-mixture/4/4/5/4
3.0,4,3125,4,19,400,200,constant-mc,complete,0,0.9881773598273563,4,1,0,,,hmm-mixture/4/4/5/4
3.0,4,3125,4,19,400,200,constant-mc,average,1,1.0,4,1,1,,,hmm-mixture/4/4/5/4
3.0,4,3125,4,19,400,200,constant-mc,pam,0,0.9226740562308396,4,1,0,1,0,hmm-mixture/4/4/5/4
3.0,4,3125,4,19,500,200,constant-mc,single,0,0.5872805312546698,4,1,0,,,hmm-mixture/4/4/5/4
3.0,4,3125,4,19,500,200,constant-mc,complete,1,1.0,4,1,1,,,hmm-mixture/4/4/5/4
3.0,4,3125,4,19,500,200,constant-mc,average,1,1.0,4,1,1,,,hmm-mixture/4/4/5/4
3.0,4,3125,4,19,500,200,constant-mc,pam,0,0.9526923304055389,4,1,0,1,0,hmm-mixture/4/4/5/4
3.0,4,3125,4,19,600,200,constant-mc,single,0,0.5872805312546698,4,1,0,,,hmm-mixture/4/4/5/4
3.0,4,3125,4,19,600,200,constant-mc,complete,1,1.0,4,1,1,,,hmm-mixture/4/4/5/4
3.0,4,3125,4,19,600,200,constant-mc,average,1,1.0,4,1,1,,,hmm-mixture/4/4/5/4
3.0,4,3125,4,19,600,200,constant-mc,pam,0,0.9839318506588149,4,1,0,1,0,hmm-mixture/4/4/5/4
3.0,4,3125,4,19,700,200,constant-mc,single,0,0.5872805312546698,4,1,0,,,hmm-mixture/4/4/5/4
3.0,4,3125,4,19,700,200,constant-mc,complete,1,1.0,4,1,1,,,hmm-mixture/4/4/5/4
3.0,4,3125,4,19,700,200,constant-mc,average,1,1.0,4,1,1,,,hmm-mixture/4/4/5/4
3.0,4,3125,4,19,700,200,constant-mc,pam,1,1.0,4,1,1,1,0,hmm-mixture/4/4/5/4
3.0,4,3125,4,19,800,200,constant-mc,single,0,0.5872805312546698,4,1,0,,,hmm-mixture/4/4/5/4
3.0,4,3125,4,19,800,200,constant-mc,complete,1,1.0,4,1,1,,,hmm-mixture/4/4/5/4
3.0,4,3125,4,19,800,200,constant-mc,average,1,1.0,4,1,1,,,hmm-mixture/4/4/5/4
3.0,4,3125,4,19,800,200,constant-mc,pam,1,1.0,4,1,1,1,0,hmm-mixture/4/4/5/4
3.0,4,3125,4,19,900,200,constant-mc,single,0,0.5872805312546698,4,1,0,,,hmm-mixture/4/4/5/4
3.0,4,3125,4,19,900,200,constant-mc,complete,1,1.0,4,1,1,,,hmm-mixture/4/4/5/4
3.0,4,3125,4,19,900,200,constant-mc,average,1,1.0,4,1,1,,,hmm-mixture/4/4/5/4
3.0,4,3125,4,19,900,200,constant-mc,pam,1,1.0,4,1,1,0,1,hmm-mixture/4/4/5/4
3.0,4,3125,4,19,1000,200,constant-mc,single,0,0.5872805312546698,4,1,0,,,hmm-mixture/4/4/5/4
3.0,4,3125,4,19,1000,200,constant-mc,complete,1,1.0,4,1,1,,,hmm-mixture/4/4/5/4
3.0,4,3125,4,19,1000,200,constant-mc,average,1,1.0,4,1,1,,,hmm-mixture/4/4/5/4
3.0,4,3125,4,19,1000,200,constant-mc,pam,1,1.0,4,1,1,1,0,hmm-mixture/4/4/5/4
3.0,4,3125,5,0,100,200,constant-mc,single,0,-0.0022153936221013465,16,0,0,,,hmm-mixture/4/4/5/5
3.0,4,3125,5,0,100,200,constant-mc,complete,0,0.9147515029945047,16,0,0,,,hmm-mixture/4/4/5/5
3.0,4,3125,5,0,100,200,constant-mc,average,0,0.926716041477984,16,0,0,,,hmm-mixture/4/4/5/5
3.0,4,3125,5,0,100,200,constant-mc,pam,0,0.4419043282809873,16,0,0,1,0,hmm-mixture/4/4/5/5
3.0,4,3125,5,0,200,200,constant-mc,single,0,0.001127878244870706,3,0,0,,,hmm-mixture/4/4/5/5
3.0,4,3125,5,0,200,200,constant-mc,complete,0,0.9859426310028712,3,0,0,,,hmm-mixture/4/4/5/5
3.0,4,3125,5,0,200,200,constant-mc,average,1,1.0,3,0,0,,,hmm-mixture/4/4/5/5
3.0,4,3125,5,0,200,200,constant-mc,pam,0,0.6394352553148006,3,0,0,1,0,hmm-mixture/4/4/5/5
3.0,4,3125,5,0,300,200,constant-mc,single,0,0.004749756100757096,4,1,0,,,hmm-mixture/4/4/5/5
3.0,4,3125,5,0,300,200,constant-mc,complete,1,1.0,4,1,1,,,hmm-mixture/4/4/5/5
3.0,4,3125,5,0,300,200,constant-mc,average,1,1.0,4,1,1,,,hmm-mixture/4/4/5/5
3.0,4,3125,5,0,300,200,constant-mc,pam,0,0.8842228541720325,4,1,0,1,0,hmm-mixture/4/4/5/5
3.0,4,3125,5,0,400,200,constant-mc,single,0,0.7206272549872949,4,1,0,,,hmm-mixture/4/4/5/5
3.0,4,3125,5,0,400,200,constant-mc,complete,1,1.0,4,1,1,,,hmm-mixture/4/4/5/5
3.0,4,3125,5,0,400,200,constant-mc,average,1,1.0,4,1,1,,,hmm-mixture/4/4/5/5
3.0,4,3125,5,0,400,200,constant-mc,pam,0,0.9269372856017062,4,1,0,1,0,hmm-mixture/4/4/5/5
3.0,4,3125,5,0,500,200,constant-mc,single,0,0.7119026777567095,3,0,0,,,hmm-mixture/4/4/5/5
3.0,4,3125,5,0,500,200,constant-mc,complete,1,1.0,3,0,0,,,hmm-mixture/4/4/5/5
3.0,4,3125,5,0,500,200,constant-mc,average,1,1.0,3,0,0,,,hmm-mixture/4/4/5/5
3.0,4,3125,5,0,500,200,constant-mc,pam,0,0.9744785497204319,3,0,0,1,0,hmm-mixture/4/4/5/5
3.0,4,3125,5,0,600,200,constant-mc,single,0,0.7119026777567095,4,1,0,,,hmm-mixture/4/4/5/5
3.0,4,3125,5,0,600,200,constant-mc,complete,1,1.0,4,1,1,,,hmm-mixture/4/4/5/5
3.0,4,3125,5,0,600,200,constant-mc,average,1,1.0,4,1,1,,,hmm-mixture/4/4/5/5
3.0,4,3125,5,0,600,200,constant-mc,pam,0,0.9744785497204319,4,1,0,1,0,hmm-mixture/4/4/5/5
3.0,4,3125,5,0,700,200,constant-mc,single,0,0.7206272549872949,4,1,0,,,hmm-mixture/4/4/5/5
3.0,4,3125,5,0,700,200,constant-mc,complete,1,1.0,4,1,1,,,hmm-mixture/4/4/5/5
3.0,4,3125,5,0,700,200,constant-mc,average,1,1.0,4,1,1,,,hmm-mixture/4/4/5/5
3.0,4,3125,5,0,700,200,constant-mc,pam,0,0.9870962760332469,4,1,0,1,0,hmm-mixture/4/4/5/5
3.0,4,3125,5,0,800,200,constant-mc,single,0,0.7206272549872949,4,1,0,,,hmm-mixture/4/4/5/5
3.0,4,3125,5,0,800,200,constant-mc,complete,1,1.0,4,1,1,,,hmm-mixture/4/4/5/5
3.0,4,3125,5,0,800,200,constant-mc,average,1,1.0,4,1,1,,,hmm-mixture/4/4/5/5
3.0,4,3125,5,0,800,200,constant-mc,pam,1,1.0,4,1,1,1,0,hmm-mixture/4/4/5/5
3.0,4,3125,5,0,900,200,constant-mc,single,0,0.7206272549872949,4,1,0,,,hmm-mixture/4/4/5/5
3.0,4,3125,5,0,900,200,constant-mc,complete,1,1.0,4,1,1,,,hmm-mixture/4/4/5/5
3.0,4,3125,5,0,900,200,constant-mc,average,1,1.0,4,1,1,,,hmm-mixture/4/4/5/5
3.0,4,3125,5,0,900,200,constant-mc,pam,1,1.0,4,1,1,1,0,hmm-mixture/4/4/5/5
3.0,4,3125,5,0,1000,200,constant-mc,single,1,1.0,4,1,1,,,hmm-mixture/4/4/5/5
3.0,4,3125,5,0,1000,200,constant-mc,complete,1,1.0,4,1,1,,,hmm-mixture/4/4/5/5
3.0,4,3125,5,0,1000,200,constant-mc,average,1,1.0,4,1,1,,,hmm-mixture/4/4/5/5
3.0,4,3125,5,0,1000,200,constant-mc,pam,1,1.0,4,1,1,1,0,hmm-mixture/4/4/5/5
3.0,4,3125,5,1,100,200,constant-mc,single,0,-0.00016219072840888775,20,0,0,,,hmm-mixture/4/4/5/5
3.0,4,3125,5,1,100,200,constant-mc,complete,0,0.7936325662422348,20,0,0,,,hmm-mixture/4/4/5/5
3.0,4,3125,5,1,100,200,constant-mc,average,0,0.9614988069466986,20,0,0,,,hmm-mixture/4/4/5/5
3.0,4,3125,5,1,100,200,constant-mc,pam,0,0.599266373389303,20,0,0,1,0,hmm-mixture/4/4/5/5
3.0,4,3125,5,1,200,200,constant-mc,single,0,0.007686065795207857,4,1,0,,,hmm-mixture/4/4/5/5
3.0,4,3125,5,1,200,200,constant-mc,complete,0,0.9869482714175696,4,1,0,,,hmm-mixture/4/4/5/5
3.0,4,3125,5,1,200,200,constant-mc,average,0,0.9869482714175696,4,1,0,,,hmm-mixture/4/4/5/5
3.0,4,3125,5,1,200,200,constant-mc,pam,0,0.8947305232784641,4,1,0,1,0,hmm-mixture/4/4/5/5
3.0,4,3125,5,1,300,200,constant-mc,single,0,0.007686065795207857,4,1,0,,,hmm-mixture/4/4/5/5
3.0,4,3125,5,1,300,200,constant-mc,complete,1,1.0,4,1,1,,,hmm-mixture/4/4/5/5
3.0,4,3125,5,1,300,200,constant-mc,average,1,1.0,4,1,1,,,hmm-mixture/4/4/5/5
3.0,4,3125,5,1,300,200,constant-mc,pam,0,0.9742891968383349,4,1,0,1,0,hmm-mixture/4/4/5/5
3.0,4,3125,5,1,400,200,constant-mc,single,0,0.4506396472030179,4,1,0,,,hmm-mixture/4/4/5/5
3.0,4,3125,5,1,400,200,constant-mc,complete,1,1.0,4,1,1,,,hmm-mixture/4/4/5/5
3.0,4,3125,5,1,400,200,constant-mc,average,1,1.0,4,1,1,,,hmm-mixture/4/4/5/5
3.0,4,3125,5,1,400,200,constant-mc,pam,0,0.9869928514510968,4,1,0,1,0,hmm-mixture/4/4/5/5
3.0,4,3125,5,1,500,200,constant-mc,single,0,0.4506396472030179,4,1,0,,,hmm-mixture/4/4/5/5
3.0,4,3125,5,1,500,200,constant-mc,complete,1,1.0,4,1,1,,,hmm-mixture/4/4/5/5
3.0,4,3125,5,1,500,200,constant-mc,average,1,1.0,4,1,1,,,hmm-mixture/4/4/5/5
3.0,4,3125,5,1,500,200,constant-mc,pam,0,0.9869928514510968,4,1,0,1,0,hmm-mixture/4/4/5/5
3.0,4,3125,5,1,600,200,constant-mc,single,0,0.7292510134303316,4,1,0,,,hmm-mixture/4/4/5/5
3.0,4,3125,5,1,600,200,constant-mc,complete,1,1.0,4,1,1,,,hmm-mixture/4/4/5/5
3.0,4,3125,5,1,600,200,constant-mc,average,1,1.0,4,1,1,,,hmm-mixture/4/4/5/5
3.0,4,3125,5,1,600,200,constant-mc,pam,0,0.9869928514510968,4,1,0,1,0,hmm-mixture/4/4/5/5
3.0,4,3125,5,1,700,200,constant-mc,single,0,0.7292510134303316,4,1,0,,,hmm-mixture/4/4/5/5
3.0,4,3125,5,1,700,200,constant-mc,complete,1,1.0,4,1,1,,,hmm-mixture/4/4/5/5
3.0,4,3125,5,1,700,200,constant-mc,average,1,1.0,4,1,1,,,hmm-mixture/4/4/5/5
3.0,4,3125,5,1,700,200,constant-mc,pam,0,0.9869928514510968,4,1,0,1,0,hmm-mixture/4/4/5/5
3.0,4,3125,5,1,800,200,constant-mc,single,0,0.7292510134303316,4,1,0,,,hmm-mixture/4/4/5/5
3.0,4,3125,5,1,800,200,constant-mc,complete,1,1.0,4,1,1,,,hmm-mixture/4/4/5/5
3.0,4,3125,5,1,800,200,constant-mc,average,1,1.0,4,1,1,,,hmm-mixture/4/4/5/5
3.0,4,3125,5,1,800,200,constant-mc,pam,1,1.0,4,1,1,1,0,hmm-mixture/4/4/5/5
3.0,4,3125,5,1,900,200,constant-mc,single,0,0.7292510134303316,4,1,0,,,hmm-mixture/4/4/5/5
3.0,4,3125,5,1,900,200,constant-mc,complete,1,1.0,4,1,1,,,hmm-mixture/4/4/5/5
3.0,4,3125,5,1,900,200,constant-mc,average,1,1.0,4,1,1,,,hmm-mixture/4/4/5/5
3.0,4,3125,5,1,900,200,constant-mc,pam,1,1.0,4,1,1,1,0,hmm-mixture/4/4/5/5
3.0,4,3125,5,1,1000,200,constant-mc,single,0,0.7292510134303316,4,1,0,,,hmm-mixture/4/4/5/5
3.0,4,3125,5,1,1000,200,constant-mc,complete,1,1.0,4,1,1,,,hmm-mixture/4/4/5/5
3.0,4,3125,5,1,1000,200,constant-mc,average,1,1.0,4,1,1,,,hmm-mixture/4/4/5/5
3.0,4,3125,5,1,1000,200,constant-mc,pam,0,0.9869928514510968,4,1,0,1,0,hmm-mixture/4/4/5/5
3.0,4,3125,5,2,100,200,constant-mc,single,0,-0.001266680789831476,19,0,0,,,hmm-mixture/4/4/5/5
3.0,4,3125,5,2,100,200,constant-mc,complete,0,0.5550420718043084,19,0,0,,,hmm-mixture/4/4/5/5
3.0,4,3125,5,2,100,200,constant-mc,average,0,0.9066501204909324,19,0,0,,,hmm-mixture/4/4/5/5
3.0,4,3125,5,2,100,200,constant-mc,pam,0,0.529945716625778,19,0,0,1,0,hmm-mixture/4/4/5/5
3.0,4,3125,5,2,200,200,constant-mc,single,0,0.004517388594961541,4,1,0,,,hmm-mixture/4/4/5/5
3.0,4,3125,5,2,200,200,constant-mc,complete,0,0.9880248557150184,4,1,0,,,hmm-mixture/4/4/5/5
3.0,4,3125,5,2,200,200,constant-mc,average,0,0.9739857619549989,4,1,0,,,hmm-mixture/4/4/5/5
3.0,4,3125,5,2,200,200,constant-mc,pam,0,0.9090089436566672,4,1,0,1,0,hmm-mixture/4/4/5/5
3.0,4,3125,5,2,300,200,constant-mc,single,0,0.4411695871420009,3,0,0,,,hmm-mixture/4/4/5/5
3.0,4,3125,5,2,300,200,constant-mc,complete,1,1.0,3,0,0,,,hmm-mixture/4/4/5/5
3.0,4,3125,5,2,300,200,constant-mc,average,1,1.0,3,0,0,,,hmm-mixture/4/4/5/5
3.0,4,3125,5,2,300,200,constant-mc,pam,0,0.9508306161433949,3,0,0,1,0,hmm-mixture/4/4/5/5
3.0,4,3125,5,2,400,200,constant-mc,single,0,0.5107855828138733,4,1,0,,,hmm-mixture/4/4/5/5
3.0,4,3125,5,2,400,200,constant-mc,complete,1,1.0,4,1,1,,,hmm-mixture/4/4/5/5
3.0,4,3125,5,2,400,200,constant-mc,average,1,1.0,4,1,1,,,hmm-mixture/4/4/5/5
3.0,4,3125,5,2,400,200,constant-mc,pam,0,0.9324896694085829,4,1,0,1,0,hmm-mixture/4/4/5/5
3.0,4,3125,5,2,500,200,constant-mc,single,0,0.7562454756131949,4,1,0,,,hmm-mixture/4/4/5/5
3.0,4,3125,5,2,500,200,constant-mc,complete,1,1.0,4,1,1,,,hmm-mixture/4/4/5/5
3.0,4,3125,5,2,500,200,constant-mc,average,1,1.0,4,1,1,,,hmm-mixture/4/4/5/5
3.0,4,3125,5,2,500,200,constant-mc,pam,0,0.9763537107794243,4,1,0,1,0,hmm-mixture/4/4/5/5
3.0,4,3125,5,2,600,200,constant-mc,single,0,0.7562454756131949,4,1,0,,,hmm-mixture/4/4/5/5
3.0,4,3125,5,2,600,200,constant-mc,complete,1,1.0,4,1,1,,,hmm-mixture/4/4/5/5
3.0,4,3125,5,2,600,200,constant-mc,average,1,1.0,4,1,1,,,hmm-mixture/4/4/5/5
3.0,4,3125,5,2,600,200,constant-mc,pam,1,1.0,4,1,1,1,0,hmm-mixture/4/4/5/5
3.0,4,3125,5,2,700,200,constant-mc,single,0,0.7562454756131949,4,1,0,,,hmm-mixture/4/4/5/5
3.0,4,3125,5,2,700,200,constant-mc,complete,1,1.0,4,1,1,,,hmm-mixture/4/4/5/5
3.0,4,3125,5,2,700,200,constant-mc,average,1,1.0,4,1,1,,,hmm-mixture/4/4/5/5
3.0,4,3125,5,2,700,200,constant-mc,pam,1,1.0,4,1,1,1,0,hmm-mixture/4/4/5/5
3.0,4,3125,5,2,800,200,constant-mc,single,0,0.7562454756131949,4,1,0,,,hmm-mixture/4/4/5/5
3.0,4,3125,5,2,800,200,constant-mc,complete,1,1.0,4,1,1,,,hmm-mixture/4/4/5/5
3.0,4,3125,5,2,800,200,constant-mc,average,1,1.0,4,1,1,,,hmm-mixture/4/4/5/5
3.0,4,3125,5,2,800,200,constant-mc,pam,1,1.0,4,1,1,1,0,hmm-mixture/4/4/5/5
3.0,4,3125,5,2,900,200,constant-mc,single,1,1.0,4,1,1,,,hmm-mixture/4/4/5/5
3.0,4,3125,5,2,900,200,constant-mc,complete,1,1.0,4,1,1,,,hmm-mixture/4/4/5/5
3.0,4,3125,5,2,900,200,constant-mc,average,1,1.0,4,1,1,,,hmm-mixture/4/4/5/5
3.0,4,3125,5,2,900,200,constant-mc,pam,1,1.0,4,1,1,1,0,hmm-mixture/4/4/5/5
3.0,4,3125,5,2,1000,200,constant-mc,single,1,1.0,4,1,1,,,hmm-mixture/4/4/5/5
3.0,4,3125,5,2,1000,200,constant-mc,complete,1,1.0,4,1,1,,,hmm-mixture/4/4/5/5
3.0,4,3125,5,2,1000,200,constant-mc,average,1,1.0,4,1,1,,,hmm-mixture/4/4/5/5
3.0,4,3125,5,2,1000,200,constant-mc,pam,1,1.0,4,1,1,1,0,hmm-mixture/4/4/5/5
3.0,4,3125,5,3,100,200,constant-mc,single,0,0.00909250187950636,94,0,0,,,hmm-mixture/4/4/5/5
3.0,4,3125,5,3,100,200,constant-mc,complete,0,0.645896247450262,94,0,0,,,hmm-mixture/4/4/5/5
3.0,4,3125,5,3,100,200,constant-mc,average,0,0.9185196806333572,94,0,0,,,hmm-mixture/4/4/5/5
3.0,4,3125,5,3,100,200,constant-mc,pam,0,0.426438596221784,94,0,0,1,0,hmm-mixture/4/4/5/5
3.0,4,3125,5,3,200,200,constant-mc,single,0,-0.004133974700411728,4,1,0,,,hmm-mixture/4/4/5/5
3.0,4,3125,5,3,200,200,constant-mc,complete,0,0.9770613252921175,4,1,0,,,hmm-mixture/4/4/5/5
3.0,4,3125,5,3,200,200,constant-mc,average,0,0.9853401470790876,4,1,0,,,hmm-mixture/4/4/5/5
3.0,4,3125,5,3,200,200,constant-mc,pam,0,0.9124658051789862,4,1,0,1,0,hmm-mixture/4/4/5/5
3.0,4,3125,5,3,300,200,constant-mc,single,0,0.2440268989796543,3,0,0,,,hmm-mixture/4/4/5/5
3.0,4,3125,5,3,300,200,constant-mc,complete,1,1.0,3,0,0,,,hmm-mixture/4/4/5/5
3.0,4,3125,5,3,300,200,constant-mc,average,0,0.98935343306124,3,0,0,,,hmm-mixture/4/4/5/5
3.0,4,3125,5,3,300,200,constant-mc,pam,0,0.9171118052652194,3,0,0,1,0,hmm-mixture/4/4/5/5
3.0,4,3125,5,3,400,200,constant-mc,single,0,0.7810250539215482,3,0,0,,,hmm-mixture/4/4/5/5
3.0,4,3125,5,3,400,200,constant-mc,complete,1,1.0,3,0,0,,,hmm-mixture/4/4/5/5
3.0,4,3125,5,3,400,200,constant-mc,average,1,1.0,3,0,0,,,hmm-mixture/4/4/5/5
3.0,4,3125,5,3,400,200,constant-mc,pam,0,0.9589905950562544,3,0,0,1,0,hmm-mixture/4/4/5/5
3.0,4,3125,5,3,500,200,constant-mc,single,0,0.7887796668515368,4,1,0,,,hmm-mixture/4/4/5/5
3.0,4,3125,5,3,500,200,constant-mc,complete,1,1.0,4,1,1,,,hmm-mixture/4/4/5/5
3.0,4,3125,5,3,500,200,constant-mc,average,1,1.0,4,1,1,,,hmm-mixture/4/4/5/5
3.0,4,3125,5,3,500,200,constant-mc,pam,0,0.978967961534744,4,1,0,1,0,hmm-mixture/4/4/5/5
3.0,4,3125,5,3,600,200,constant-mc,single,0,0.7887796668515368,4,1,0,,,hmm-mixture/4/4/5/5
3.0,4,3125,5,3,600,200,constant-mc,complete,1,1.0,4,1,1,,,hmm-mixture/4/4/5/5
3.0,4,3125,5,3,600,200,constant-mc,average,1,1.0,4,1,1,,,hmm-mixture/4/4/5/5
3.0,4,3125,5,3,600,200,constant-mc,pam,0,0.98935343306124,4,1,0,1,0,hmm-mixture/4/4/5/5
3.0,4,3125,5,3,700,200,constant-mc,single,0,0.7887796668515368,4,1,0,,,hmm-mixture/4/4/5/5
3.0,4,3125,5,3,700,200,constant-mc,complete,1,1.0,4,1,1,,,hmm-mixture/4/4/5/5
3.0,4,3125,5,3,700,200,constant-mc,average,1,1.0,4,1,1,,,hmm-mixture/4/4/5/5
3.0,4,3125,5,3,700,200,constant-mc,pam,0,0.98935343306124,4,1,0,1,0,hmm-mixture/4/4/5/5
3.0,4,3125,5,3,800,200,constant-mc,single,0,0.7887796668515368,4,1,0,,,hmm-mixture/4/4/5/5
3.0,4,3125,5,3,800,200,constant-mc,complete,1,1.0,4,1,1,,,hmm-mixture/4/4/5/5
3.0,4,3125,5,3,800,200,constant-mc,average,1,1.0,4,1,1,,,hmm-mixture/4/4/5/5
3.0,4,3125,5,3,800,200,constant-mc,pam,1,1.0,4,1,1,1,0,hmm-mixture/4/4/5/5
3.0,4,3125,5,3,900,200,constant-mc,single,0,0.7887796668515368,4,1,0,,,hmm-mixture/4/4/5/5
3.0,4,3125,5,3,900,200,constant-mc,complete,1,1.0,4,1,1,,,hmm-mixture/4/4/5/5
3.0,4,3125,5,3,900,200,constant-mc,average,1,1.0,4,1,1,,,hmm-mixture/4/4/5/5
3.0,4,3125,5,3,900,200,constant-mc,pam,1,1.0,4,1,1,1,0,hmm-mixture/4/4/5/5
3.0,4,3125,5,3,1000,200,constant-mc,single,1,1.0,4,1,1,,,hmm-mixture/4/4/5/5
3.0,4,3125,5,3,1000,200,constant-mc,complete,1,1.0,4,1,1,,,hmm-mixture/4/4/5/5
3.0,4,3125,5,3,1000,200,constant-mc,average,1,1.0,4,1,1,,,hmm-mixture/4/4/5/5
3.0,4,3125,5,3,1000,200,constant-mc,pam,1,1.0,4,1,1,1,0,hmm-mixture/4/4/5/5
3.0,4,3125,5,4,100,200,constant-mc,single,0,-0.002815643875829694,15,0,0,,,hmm-mixture/4/4/5/5
3.0,4,3125,5,4,100,200,constant-mc,complete,0,0.7252860410371266,15,0,0,,,hmm-mixture/4/4/5/5
3.0,4,3125,5,4,100,200,constant-mc,average,0,0.6359950714193939,15,0,0,,,hmm-mixture/4/4/5/5
3.0,4,3125,5,4,100,200,constant-mc,pam,0,0.6882093838288498,15,0,0,1,0,hmm-mixture/4/4/5/5
3.0,4,3125,5,4,200,200,constant-mc,single,0,-0.0008801066849202548,3,0,0,,,hmm-mixture/4/4/5/5
3.0,4,3125,5,4,200,200,constant-mc,complete,1,1.0,3,0,0,,,hmm-mixture/4/4/5/5
3.0,4,3125,5,4,200,200,constant-mc,average,1,1.0,3,0,0,,,hmm-mixture/4/4/5/5
3.0,4,3125,5,4,200,200,constant-mc,pam,0,0.8999307220771009,3,0,0,1,0,hmm-mixture/4/4/5/5
3.0,4,3125,5,4,300,200,constant-mc,single,0,0.5099618948979797,3,0,0,,,hmm-mixture/4/4/5/5
3.0,4,3125,5,4,300,200,constant-mc,complete,1,1.0,3,0,0,,,hmm-mixture/4/4/5/5
3.0,4,3125,5,4,300,200,constant-mc,average,1,1.0,3,0,0,,,hmm-mixture/4/4/5/5
3.0,4,3125,5,4,300,200,constant-mc,pam,0,0.8912667063786097,3,0,0,1,0,hmm-mixture/4/4/5/5
3.0,4,3125,5,4,400,200,constant-mc,single,0,0.6944925348452131,4,1,0,,,hmm-mixture/4/4/5/5
3.0,4,3125,5,4,400,200,constant-mc,complete,1,1.0,4,1,1,,,hmm-mixture/4/4/5/5
3.0,4,3125,5,4,400,200,constant-mc,average,1,1.0,4,1,1,,,hmm-mixture/4/4/5/5
3.0,4,3125,5,4,400,200,constant-mc,pam,0,0.8556698526037664,4,1,0,1,0,hmm-mixture/4/4/5/5
3.0,4,3125,5,4,500,200,constant-mc,single,0,0.7014043105763995,4,1,0,,,hmm-mixture/4/4/5/5
3.0,4,3125,5,4,500,200,constant-mc,complete,1,1.0,4,1,1,,,hmm-mixture/4/4/5/5
3.0,4,3125,5,4,500,200,constant-mc,average,1,1.0,4,1,1,,,hmm-mixture/4/4/5/5
3.0,4,3125,5,4,500,200,constant-mc,pam,0,0.9482017282523211,4,1,0,1,0,hmm-mixture/4/4/5/5
3.0,4,3125,5,4,600,200,constant-mc,single,0,0.6944925348452131,4,1,0,,,hmm-mixture/4/4/5/5
3.0,4,3125,5,4,600,200,constant-mc,complete,1,1.0,4,1,1,,,hmm-mixture/4/4/5/5
3.0,4,3125,5,4,600,200,constant-mc,average,1,1.0,4,1,1,,,hmm-mixture/4/4/5/5
3.0,4,3125,5,4,600,200,constant-mc,pam,0,0.9482017282523211,4,1,0,1,0,hmm-mixture/4/4/5/5
3.0,4,3125,5,4,700,200,constant-mc,single,0,0.7014043105763995,4,1,0,,,hmm-mixture/4/4/5/5
3.0,4,3125,5,4,700,200,constant-mc,complete,1,1.0,4,1,1,,,hmm-mixture/4/4/5/5
3.0,4,3125,5,4,700,200,constant-mc,average,1,1.0,4,1,1,,,hmm-mixture/4/4/5/5
3.0,4,3125,5,4,700,200,constant-mc,pam,0,0.973547585214607,4,1,0,1,0,hmm-mixture/4/4/5/5
3.0,4,3125,5,4,800,200,constant-mc,single,1,1.0,4,1,1,,,hmm-mixture/4/4/5/5
3.0,4,3125,5,4,800,200,constant-mc,complete,1,1.0,4,1,1,,,hmm-mixture/4/4/5/5
3.0,4,3125,5,4,800,200,constant-mc,average,1,1.0,4,1,1,,,hmm-mixture/4/4/5/5
3.0,4,3125,5,4,800,200,constant-mc,pam,0,0.9866377720941094,4,1,0,1,0,hmm-mixture/4/4/5/5
3.0,4,3125,5,4,900,200,constant-mc,single,0,0.7014043105763995,4,1,0,,,hmm-mixture/4/4/5/5
3.0,4,3125,5,4,900,200,constant-mc,complete,1,1.0,4,1,1,,,hmm-mixture/4/4/5/5
3.0,4,3125,5,4,900,200,constant-mc,average,1,1.0,4,1,1,,,hmm-mixture/4/4/5/5
3.0,4,3125,5,4,900,200,constant-mc,pam,1,1.0,4,1,1,1,0,hmm-mixture/4/4/5/5
3.0,4,3125,5,4,1000,200,constant-mc,single,0,0.7014043105763995,4,1,0,,,hmm-mixture/4/4/5/5
3.0,4,3125,5,4,1000,200,constant-mc,complete,1,1.0,4,1,1,,,hmm-mixture/4/4/5/5
3.0,4,3125,5,4,1000,200,constant-mc,average,1,1.0,4,1,1,,,hmm-mixture/4/4/5/5
3.0,4,3125,5,4,1000,200,constant-mc,pam,1,1.0,4,1,1,1,0,hmm-mixture/4/4/5/5
3.0,4,3125,5,5,100,200,constant-mc,single,0,0.004976976841523231,78,0,0,,,hmm-mixture/4/4/5/5
3.0,4,3125,5,5,100,200,constant-mc,complete,0,0.9070215235202297,78,0,0,,,hmm-mixture/4/4/5/5
3.0,4,3125,5,5,100,200,constant-mc,average,0,0.9478174988832838,78,0,0,,,hmm-mixture/4/4/5/5
3.0,4,3125,5,5,100,200,constant-mc,pam,0,0.34959506924839673,78,0,0,1,0,hmm-mixture/4/4/5/5
3.0,4,3125,5,5,200,200,constant-mc,single,0,0.012262786486089949,4,1,0,,,hmm-mixture/4/4/5/5
3.0,4,3125,5,5,200,200,constant-mc,complete,0,0.9776121745640698,4,1,0,,,hmm-mixture/4/4/5/5
3.0,4,3125,5,5,200,200,constant-mc,average,1,1.0,4,1,1,,,hmm-mixture/4/4/5/5
3.0,4,3125,5,5,200,200,constant-mc,pam,0,0.8639464404351779,4,1,0,1,0,hmm-mixture/4/4/5/5
3.0,4,3125,5,5,300,200,constant-mc,single,0,0.012262786486089949,4,1,0,,,hmm-mixture/4/4/5/5
3.0,4,3125,5,5,300,200,constant-mc,complete,1,1.0,4,1,1,,,hmm-mixture/4/4/5/5
3.0,4,3125,5,5,300,200,constant-mc,average,1,1.0,4,1,1,,,hmm-mixture/4/4/5/5
3.0,4,3125,5,5,300,200,constant-mc,pam,0,0.9752481599294675,4,1,0,1,0,hmm-mixture/4/4/5/5
3.0,4,3125,5,5,400,200,constant-mc,single,0,0.5774831624233543,4,1,0,,,hmm-mixture/4/4/5/5
3.0,4,3125,5,5,400,200,constant-mc,complete,1,1.0,4,1,1,,,hmm-mixture/4/4/5/5
3.0,4,3125,5,5,400,200,constant-mc,average,1,1.0,4,1,1,,,hmm-mixture/4/4/5/5
3.0,4,3125,5,5,400,200,constant-mc,pam,1,1.0,4,1,1,1,0,hmm-mixture/4/4/5/5
3.0,4,3125,5,5,500,200,constant-mc,single,0,0.7788878042887226,4,1,0,,,hmm-mixture/4/4/5/5
3.0,4,3125,5,5,500,200,constant-mc,complete,1,1.0,4,1,1,,,hmm-mixture/4/4/5/5
3.0,4,3125,5,5,500,200,constant-mc,average,1,1.0,4,1,1,,,hmm-mixture/4/4/5/5
3.0,4,3125,5,5,500,200,constant-mc,pam,1,1.0,4,1,1,1,0,hmm-mixture/4/4/5/5
3.0,4,3125,5,5,600,200,constant-mc,single,0,0.7788878042887226,4,1,0,,,hmm-mixture/4/4/5/5
3.0,4,3125,5,5,600,200,constant-mc,complete,0,0.9887316952545835,4,1,0,,,hmm-mixture/4/4/5/5
3.0,4,3125,5,5,600,200,constant-mc,average,0,0.9887316952545835,4,1,0,,,hmm-mixture/4/4/5/5
3.0,4,3125,5,5,600,200,constant-mc,pam,0,0.9887316952545835,4,1,0,1,0,hmm-mixture/4/4/5/5
3.0,4,3125,5,5,700,200,constant-mc,single,0,0.7788878042887226,4,1,0,,,hmm-mixture/4/4/5/5
3.0,4,3125,5,5,700,200,constant-mc,complete,1,1.0,4,1,1,,,hmm-mixture/4/4/5/5
3.0,4,3125,5,5,700,200,constant-mc,average,1,1.0,4,1,1,,,hmm-mixture/4/4/5/5
3.0,4,3125,5,5,700,200,constant-mc,pam,1,1.0,4,1,1,1,0,hmm-mixture/4/4/5/5
3.0,4,3125,5,5,800,200,constant-mc,single,0,0.7788878042887226,4,1,0,,,hmm-mixture/4/4/5/5
3.0,4,3125,5,5,800,200,constant-mc,complete,1,1.0,4,1,1,,,hmm-mixture/4/4/5/5
3.0,4,3125,5,5,800,200,constant-mc,average,1,1.0,4,1,1,,,hmm-mixture/4/4/5/5
3.0,4,3125,5,5,800,200,constant-mc,pam,1,1.0,4,1,1,1,0,hmm-mixture/4/4/5/5
3.0,4,3125,5,5,900,200,constant-mc,single,0,0.7788878042887226,4,1,0,,,hmm-mixture/4/4/5/5
3.0,4,3125,5,5,900,200,constant-mc,complete,1,1.0,4,1,1,,,hmm-mixture/4/4/5/5
3.0,4,3125,5,5,900,200,constant-mc,average,1,1.0,4,1,1,,,hmm-mixture/4/4/5/5
3.0,4,3125,5,5,900,200,constant-mc,pam,1,1.0,4,1,1,1,0,hmm-mixture/4/4/5/5
3.0,4,3125,5,5,1000,200,constant-mc,single,0,0.7788878042887226,4,1,0,,,hmm-mixture/4/4/5/5
3.0,4,3125,5,5,1000,200,constant-mc,complete,1,1.0,4,1,1,,,hmm-mixture/4/4/5/5
3.0,4,3125,5,5,1000,200,constant-mc,average,1,1.0,4,1,1,,,hmm-mixture/4/4/5/5
3.0,4,3125,5,5,1000,200,constant-mc,pam,1,1.0,4,1,1,1,0,hmm-mixture/4/4/5/5
3.0,4,3125,5,6,100,200,constant-mc,single,0,0.0012233507287803644,86,0,0,,,hmm-mixture/4/4/5/5
3.0,4,3125,5,6,100,200,constant-mc,complete,0,0.5763427574711872,86,0,0,,,hmm-mixture/4/4/5/5
3.0,4,3125,5,6,100,200,constant-mc,average,0,0.7670966918413876,86,0,0,,,hmm-mixture/4/4/5/5
3.0,4,3125,5,6,100,200,constant-mc,pam,0,0.49486301402560123,86,0,0,1,0,hmm-mixture/4/4/5/5
3.0,4,3125,5,6,200,200,constant-mc,single,0,0.006711521115758535,6,0,0,,,hmm-mixture/4/4/5/5
3.0,4,3125,5,6,200,200,constant-mc,complete,0,0.9794543100960889,6,0,0,,,hmm-mixture/4/4/5/5
3.0,4,3125,5,6,200,200,constant-mc,average,0,0.9784621079210739,6,0,0,,,hmm-mixture/4/4/5/5
3.0,4,3125,5,6,200,200,constant-mc,pam,0,0.8730427158181644,6,0,0,1,0,hmm-mixture/4/4/5/5
3.0,4,3125,5,6,300,200,constant-mc,single,0,0.006711521115758535,4,1,0,,,hmm-mixture/4/4/5/5
3.0,4,3125,5,6,300,200,constant-mc,complete,1,1.0,4,1,1,,,hmm-mixture/4/4/5/5
3.0,4,3125,5,6,300,200,constant-mc,average,1,1.0,4,1,1,,,hmm-mixture/4/4/5/5
3.0,4,3125,5,6,300,200,constant-mc,pam,0,0.9397356427790717,4,1,0,1,0,hmm-mixture/4/4/5/5
3.0,4,3125,5,6,400,200,constant-mc,single,0,0.7848812956801995,4,1,0,,,hmm-mixture/4/4/5/5
3.0,4,3125,5,6,400,200,constant-mc,complete,1,1.0,4,1,1,,,hmm-mixture/4/4/5/5
3.0,4,3125,5,6,400,200,constant-mc,average,1,1.0,4,1,1,,,hmm-mixture/4/4/5/5
3.0,4,3125,5,6,400,200,constant-mc,pam,0,0.9580007913915175,4,1,0,1,0,hmm-mixture/4/4/5/5
3.0,4,3125,5,6,500,200,constant-mc,single,0,0.7850853284987963,4,1,0,,,hmm-mixture/4/4/5/5
3.0,4,3125,5,6,500,200,constant-mc,complete,1,1.0,4,1,1,,,hmm-mixture/4/4/5/5
3.0,4,3125,5,6,500,200,constant-mc,average,1,1.0,4,1,1,,,hmm-mixture/4/4/5/5
3.0,4,3125,5,6,500,200,constant-mc,pam,0,0.9580007913915175,4,1,0,1,0,hmm-mixture/4/4/5/5
3.0,4,3125,5,6,600,200,constant-mc,single,1,1.0,4,1,1,,,hmm-mixture/4/4/5/5
3.0,4,3125,5,6,600,200,constant-mc,complete,1,1.0,4,1,1,,,hmm-mixture/4/4/5/5
3.0,4,3125,5,6,600,200,constant-mc,average,1,1.0,4,1,1,,,hmm-mixture/4/4/5/5
3.0,4,3125,5,6,600,200,constant-mc,pam,0,0.989098068018908,4,1,0,1,0,hmm-mixture/4/4/5/5
3.0,4,3125,5,6,700,200,constant-mc,single,0,0.7848812956801995,4,1,0,,,hmm-mixture/4/4/5/5
3.0,4,3125,5,6,700,200,constant-mc,complete,1,1.0,4,1,1,,,hmm-mixture/4/4/5/5
3.0,4,3125,5,6,700,200,constant-mc,average,1,1.0,4,1,1,,,hmm-mixture/4/4/5/5
3.0,4,3125,5,6,700,200,constant-mc,pam,1,1.0,4,1,1,1,0,hmm-mixture/4/4/5/5
3.0,4,3125,5,6,800,200,constant-mc,single,0,0.7848812956801995,4,1,0,,,hmm-mixture/4/4/5/5
3.0,4,3125,5,6,800,200,constant-mc,complete,1,1.0,4,1,1,,,hmm-mixture/4/4/5/5
3.0,4,3125,5,6,800,200,constant-mc,average,1,1.0,4,1,1,,,hmm-mixture/4/4/5/5
3.0,4,3125,5,6,800,200,constant-mc,pam,0,0.989098068018908,4,1,0,1,0,hmm-mixture/4/4/5/5
3.0,4,3125,5,6,900,200,constant-mc,single,1,1.0,4,1,1,,,hmm-mixture/4/4/5/5
3.0,4,3125,5,6,900,200,constant-mc,complete,1,1.0,4,1,1,,,hmm-mixture/4/4/5/5
3.0,4,3125,5,6,900,200,constant-mc,average,1,1.0,4,1,1,,,hmm-mixture/4/4/5/5
3.0,4,3125,5,6,900,200,constant-mc,pam,1,1.0,4,1,1,0,1,hmm-mixture/4/4/5/5
3.0,4,3125,5,6,1000,200,constant-mc,single,1,1.0,4,1,1,,,hmm-mixture/4/4/5/5
3.0,4,3125,5,6,1000,200,constant-mc,complete,1,1.0,4,1,1,,,hmm-mixture/4/4/5/5
3.0,4,3125,5,6,1000,200,constant-mc,average,1,1.0,4,1,1,,,hmm-mixture/4/4/5/5
3.0,4,3125,5,6,1000,200,constant-mc,pam,1,1.0,4,1,1,1,0,hmm-mixture/4/4/5/5
3.0,4,3125,5,7,100,200,constant-mc,single,0,-0.0022544356488365448,26,0,0,,,hmm-mixture/4/4/5/5
3.0,4,3125,5,7,100,200,constant-mc,complete,0,0.8608113192930855,26,0,0,,,hmm-mixture/4/4/5/5
3.0,4,3125,5,7,100,200,constant-mc,average,0,0.6772667476564339,26,0,0,,,hmm-mixture/4/4/5/5
3.0,4,3125,5,7,100,200,constant-mc,pam,0,0.5143185375472412,26,0,0,1,0,hmm-mixture/4/4/5/5
3.0,4,3125,5,7,200,200,constant-mc,single,0,0.006954640329560116,4,1,0,,,hmm-mixture/4/4/5/5
3.0,4,3125,5,7,200,200,constant-mc,complete,0,0.9762600877769898,4,1,0,,,hmm-mixture/4/4/5/5
3.0,4,3125,5,7,200,200,constant-mc,average,1,1.0,4,1,1,,,hmm-mixture/4/4/5/5
3.0,4,3125,5,7,200,200,constant-mc,pam,0,0.9028297865014318,4,1,0,1,0,hmm-mixture/4/4/5/5
3.0,4,3125,5,7,300,200,constant-mc,single,0,0.006954640329560116,4,1,0,,,hmm-mixture/4/4/5/5
3.0,4,3125,5,7,300,200,constant-mc,complete,1,1.0,4,1,1,,,hmm-mixture/4/4/5/5
3.0,4,3125,5,7,300,200,constant-mc,average,1,1.0,4,1,1,,,hmm-mixture/4/4/5/5
3.0,4,3125,5,7,300,200,constant-mc,pam,0,0.9628005576649894,4,1,0,1,0,hmm-mixture/4/4/5/5
3.0,4,3125,5,7,400,200,constant-mc,single,0,0.7581182991367018,4,1,0,,,hmm-mixture/4/4/5/5
3.0,4,3125,5,7,400,200,constant-mc,complete,1,1.0,4,1,1,,,hmm-mixture/4/4/5/5
3.0,4,3125,5,7,400,200,constant-mc,average,1,1.0,4,1,1,,,hmm-mixture/4/4/5/5
3.0,4,3125,5,7,400,200,constant-mc,pam,0,0.9649783227505255,4,1,0,1,0,hmm-mixture/4/4/5/5
3.0,4,3125,5,7,500,200,constant-mc,single,0,0.7581182991367018,4,1,0,,,hmm-mixture/4/4/5/5
3.0,4,3125,5,7,500,200,constant-mc,complete,1,1.0,4,1,1,,,hmm-mixture/4/4/5/5
3.0,4,3125,5,7,500,200,constant-mc,average,1,1.0,4,1,1,,,hmm-mixture/4/4/5/5
3.0,4,3125,5,7,500,200,constant-mc,pam,1,1.0,4,1,1,1,0,hmm-mixture/4/4/5/5
3.0,4,3125,5,7,600,200,constant-mc,single,0,0.7581182991367018,4,1,0,,,hmm-mixture/4/4/5/5
3.0,4,3125,5,7,600,200,constant-mc,complete,1,1.0,4,1,1,,,hmm-mixture/4/4/5/5
3.0,4,3125,5,7,600,200,constant-mc,average,1,1.0,4,1,1,,,hmm-mixture/4/4/5/5
3.0,4,3125,5,7,600,200,constant-mc,pam,0,0.9430912545213068,4,1,0,1,0,hmm-mixture/4/4/5/5
3.0,4,3125,5,7,700,200,constant-mc,single,0,0.7581182991367018,4,1,0,,,hmm-mixture/4/4/5/5
3.0,4,3125,5,7,700,200,constant-mc,complete,1,1.0,4,1,1,,,hmm-mixture/4/4/5/5
3.0,4,3125,5,7,700,200,constant-mc,average,1,1.0,4,1,1,,,hmm-mixture/4/4/5/5
3.0,4,3125,5,7,700,200,constant-mc,pam,0,0.9880379023784763,4,1,0,1,0,hmm-mixture/4/4/5/5
3.0,4,3125,5,7,800,200,constant-mc,single,0,0.7581182991367018,4,1,0,,,hmm-mixture/4/4/5/5
3.0,4,3125,5,7,800,200,constant-mc,complete,1,1.0,4,1,1,,,hmm-mixture/4/4/5/5
3.0,4,3125,5,7,800,200,constant-mc,average,1,1.0,4,1,1,,,hmm-mixture/4/4/5/5
3.0,4,3125,5,7,800,200,constant-mc,pam,1,1.0,4,1,1,1,0,hmm-mixture/4/4/5/5
3.0,4,3125,5,7,900,200,constant-mc,single,1,1.0,4,1,1,,,hmm-mixture/4/4/5/5
3.0,4,3125,5,7,900,200,constant-mc,complete,1,1.0,4,1,1,,,hmm-mixture/4/4/5/5
3.0,4,3125,5,7,900,200,constant-mc,average,1,1.0,4,1,1,,,hmm-mixture/4/4/5/5
3.0,4,3125,5,7,900,200,constant-mc,pam,1,1.0,4,1,1,1,0,hmm-mixture/4/4/5/5
3.0,4,3125,5,7,1000,200,constant-mc,single,1,1.0,4,1,1,,,hmm-mixture/4/4/5/5
3.0,4,3125,5,7,1000,200,constant-mc,complete,1,1.0,4,1,1,,,hmm-mixture/4/4/5/5
3.0,4,3125,5,7,1000,200,constant-mc,average,1,1.0,4,1,1,,,hmm-mixture/4/4/5/5
3.0,4,3125,5,7,1000,200,constant-mc,pam,1,1.0,4,1,1,1,0,hmm-mixture/4/4/5/5
3.0,4,3125,5,8,100,200,constant-mc,single,0,-0.004440951705397611,14,0,0,,,hmm-mixture/4/4/5/5
3.0,4,3125,5,8,100,200,constant-mc,complete,0,0.6637838749221351,14,0,0,,,hmm-mixture/4/4/5/5
3.0,4,3125,5,8,100,200,constant-mc,average,0,0.7702808929760332,14,0,0,,,hmm-mixture/4/4/5/5
3.0,4,3125,5,8,100,200,constant-mc,pam,0,0.4668933027414892,14,0,0,1,0,hmm-mixture/4/4/5/5
3.0,4,3125,5,8,200,200,constant-mc,single,0,0.27714781050212944,4,1,0,,,hmm-mixture/4/4/5/5
3.0,4,3125,5,8,200,200,constant-mc,complete,0,0.979428778088076,4,1,0,,,hmm-mixture/4/4/5/5
3.0,4,3125,5,8,200,200,constant-mc,average,0,0.9895895366782236,4,1,0,,,hmm-mixture/4/4/5/5
3.0,4,3125,5,8,200,200,constant-mc,pam,0,0.8842586396828486,4,1,0,1,0,hmm-mixture/4/4/5/5
3.0,4,3125,5,8,300,200,constant-mc,single,0,0.5299167340193779,3,0,0,,,hmm-mixture/4/4/5/5
3.0,4,3125,5,8,300,200,constant-mc,complete,0,0.9895895366782236,3,0,0,,,hmm-mixture/4/4/5/5
3.0,4,3125,5,8,300,200,constant-mc,average,0,0.9895941896505274,3,0,0,,,hmm-mixture/4/4/5/5
3.0,4,3125,5,8,300,200,constant-mc,pam,0,0.9364911971736937,3,0,0,1,0,hmm-mixture/4/4/5/5
3.0,4,3125,5,8,400,200,constant-mc,single,0,0.7987709137488156,3,0,0,,,hmm-mixture/4/4/5/5
3.0,4,3125,5,8,400,200,constant-mc,complete,1,1.0,3,0,0,,,hmm-mixture/4/4/5/5
3.0,4,3125,5,8,400,200,constant-mc,average,1,1.0,3,0,0,,,hmm-mixture/4/4/5/5
3.0,4,3125,5,8,400,200,constant-mc,pam,0,0.9505887944978377,3,0,0,1,0,hmm-mixture/4/4/5/5
3.0,4,3125,5,8,500,200,constant-mc,single,0,0.7987709137488156,4,1,0,,,hmm-mixture/4/4/5/5
3.0,4,3125,5,8,500,200,constant-mc,complete,1,1.0,4,1,1,,,hmm-mixture/4/4/5/5
3.0,4,3125,5,8,500,200,constant-mc,average,1,1.0,4,1,1,,,hmm-mixture/4/4/5/5
3.0,4,3125,5,8,500,200,constant-mc,pam,0,0.9599416395987561,4,1,0,1,0,hmm-mixture/4/4/5/5
3.0,4,3125,5,8,600,200,constant-mc,single,0,0.7987709137488156,4,1,0,,,hmm-mixture/4/4/5/5
3.0,4,3125,5,8,600,200,constant-mc,complete,1,1.0,4,1,1,,,hmm-mixture/4/4/5/5
3.0,4,3125,5,8,600,200,constant-mc,average,1,1.0,4,1,1,,,hmm-mixture/4/4/5/5
3.0,4,3125,5,8,600,200,constant-mc,pam,0,0.9599416395987561,4,1,0,1,0,hmm-mixture/4/4/5/5
3.0,4,3125,5,8,700,200,constant-mc,single,0,0.7987709137488156,4,1,0,,,hmm-mixture/4/4/5/5
3.0,4,3125,5,8,700,200,constant-mc,complete,1,1.0,4,1,1,,,hmm-mixture/4/4/5/5
3.0,4,3125,5,8,700,200,constant-mc,average,1,1.0,4,1,1,,,hmm-mixture/4/4/5/5
3.0,4,3125,5,8,700,200,constant-mc,pam,0,0.9794471595767974,4,1,0,1,0,hmm-mixture/4/4/5/5
3.0,4,3125,5,8,800,200,constant-mc,single,0,0.7987709137488156,4,1,0,,,hmm-mixture/4/4/5/5
3.0,4,3125,5,8,800,200,constant-mc,complete,1,1.0,4,1,1,,,hmm-mixture/4/4/5/5
3.0,4,3125,5,8,800,200,constant-mc,average,1,1.0,4,1,1,,,hmm-mixture/4/4/5/5
3.0,4,3125,5,8,800,200,constant-mc,pam,0,0.9895941896505274,4,1,0,1,0,hmm-mixture/4/4/5/5
3.0,4,3125,5,8,900,200,constant-mc,single,0,0.7987709137488156,4,1,0,,,hmm-mixture/4/4/5/5
3.0,4,3125,5,8,900,200,constant-mc,complete,1,1.0,4,1,1,,,hmm-mixture/4/4/5/5
3.0,4,3125,5,8,900,200,constant-mc,average,1,1.0,4,1,1,,,hmm-mixture/4/4/5/5
3.0,4,3125,5,8,900,200,constant-mc,pam,1,1.0,4,1,1,1,0,hmm-mixture/4/4/5/5
3.0,4,3125,5,8,1000,200,constant-mc,single,0,0.7987709137488156,4,1,0,,,hmm-mixture/4/4/5/5
3.0,4,3125,5,8,1000,200,constant-mc,complete,1,1.0,4,1,1,,,hmm-mixture/4/4/5/5
3.0,4,3125,5,8,1000,200,constant-mc,average,1,1.0,4,1,1,,,hmm-mixture/4/4/5/5
3.0,4,3125,5,8,1000,200,constant-mc,pam,0,0.9695620048215869,4,1,0,1,0,hmm-mixture/4/4/5/5
3.0,4,3125,5,9,100,200,constant-mc,single,0,0.0025297219311269676,18,0,0,,,hmm-mixture/4/4/5/5
3.0,4,3125,5,9,100,200,constant-mc,complete,0,0.5632775898756001,18,0,0,,,hmm-mixture/4/4/5/5
3.0,4,3125,5,9,100,200,constant-mc,average,0,0.977586226855292,18,0,0,,,hmm-mixture/4/4/5/5
3.0,4,3125,5,9,100,200,constant-mc,pam,0,0.7610121433669612,18,0,0,1,0,hmm-mixture/4/4/5/5
3.0,4,3125,5,9,200,200,constant-mc,single,0,-0.00286699915759193,3,0,0,,,hmm-mixture/4/4/5/5
3.0,4,3125,5,9,200,200,constant-mc,complete,1,1.0,3,0,0,,,hmm-mixture/4/4/5/5
3.0,4,3125,5,9,200,200,constant-mc,average,1,1.0,3,0,0,,,hmm-mixture/4/4/5/5
3.0,4,3125,5,9,200,200,constant-mc,pam,0,0.6843100719579883,3,0,0,1,0,hmm-mixture/4/4/5/5
3.0,4,3125,5,9,300,200,constant-mc,single,0,0.560791106339953,4,1,0,,,hmm-mixture/4/4/5/5
3.0,4,3125,5,9,300,200,constant-mc,complete,1,1.0,4,1,1,,,hmm-mixture/4/4/5/5
3.0,4,3125,5,9,300,200,constant-mc,average,1,1.0,4,1,1,,,hmm-mixture/4/4/5/5
3.0,4,3125,5,9,300,200,constant-mc,pam,0,0.9742523823015622,4,1,0,1,0,hmm-mixture/4/4/5/5
3.0,4,3125,5,9,400,200,constant-mc,single,0,0.7595224799185837,4,1,0,,,hmm-mixture/4/4/5/5
3.0,4,3125,5,9,400,200,constant-mc,complete,1,1.0,4,1,1,,,hmm-mixture/4/4/5/5
3.0,4,3125,5,9,400,200,constant-mc,average,1,1.0,4,1,1,,,hmm-mixture/4/4/5/5
3.0,4,3125,5,9,400,200,constant-mc,pam,0,0.9869810775850654,4,1,0,0,1,hmm-mixture/4/4/5/5
3.0,4,3125,5,9,500,200,constant-mc,single,0,0.7595224799185837,4,1,0,,,hmm-mixture/4/4/5/5
3.0,4,3125,5,9,500,200,constant-mc,complete,1,1.0,4,1,1,,,hmm-mixture/4/4/5/5
3.0,4,3125,5,9,500,200,constant-mc,average,1,1.0,4,1,1,,,hmm-mixture/4/4/5/5
3.0,4,3125,5,9,500,200,constant-mc,pam,0,0.9656624326544739,4,1,0,1,0,hmm-mixture/4/4/5/5
3.0,4,3125,5,9,600,200,constant-mc,single,0,0.7595224799185837,4,1,0,,,hmm-mixture/4/4/5/5
3.0,4,3125,5,9,600,200,constant-mc,complete,1,1.0,4,1,1,,,hmm-mixture/4/4/5/5
3.0,4,3125,5,9,600,200,constant-mc,average,1,1.0,4,1,1,,,hmm-mixture/4/4/5/5
3.0,4,3125,5,9,600,200,constant-mc,pam,0,0.9882756837643667,4,1,0,1,0,hmm-mixture/4/4/5/5
3.0,4,3125,5,9,700,200,constant-mc,single,0,0.7595224799185837,4,1,0,,,hmm-mixture/4/4/5/5
3.0,4,3125,5,9,700,200,constant-mc,complete,1,1.0,4,1,1,,,hmm-mixture/4/4/5/5
3.0,4,3125,5,9,700,200,constant-mc,average,1,1.0,4,1,1,,,hmm-mixture/4/4/5/5
3.0,4,3125,5,9,700,200,constant-mc,pam,0,0.9768289054365308,4,1,0,1,0,hmm-mixture/4/4/5/5
3.0,4,3125,5,9,800,200,constant-mc,single,0,0.7595224799185837,4,1,0,,,hmm-mixture/4/4/5/5
3.0,4,3125,5,9,800,200,constant-mc,complete,1,1.0,4,1,1,,,hmm-mixture/4/4/5/5
3.0,4,3125,5,9,800,200,constant-mc,average,1,1.0,4,1,1,,,hmm-mixture/4/4/5/5
3.0,4,3125,5,9,800,200,constant-mc,pam,0,0.9656624326544739,4,1,0,1,0,hmm-mixture/4/4/5/5
3.0,4,3125,5,9,900,200,constant-mc,single,1,1.0,4,1,1,,,hmm-mixture/4/4/5/5
3.0,4,3125,5,9,900,200,constant-mc,complete,1,1.0,4,1,1,,,hmm-mixture/4/4/5/5
3.0,4,3125,5,9,900,200,constant-mc,average,1,1.0,4,1,1,,,hmm-mixture/4/4/5/5
3.0,4,3125,5,9,900,200,constant-mc,pam,0,0.9656624326544739,4,1,0,1,0,hmm-mixture/4/4/5/5
3.0,4,3125,5,9,1000,200,constant-mc,single,0,0.7595224799185837,4,1,0,,,hmm-mixture/4/4/5/5
3.0,4,3125,5,9,1000,200,constant-mc,complete,1,1.0,4,1,1,,,hmm-mixture/4/4/5/5
3.0,4,3125,5,9,1000,200,constant-mc,average,1,1.0,4,1,1,,,hmm-mixture/4/4/5/5
3.0,4,3125,5,9,1000,200,constant-mc,pam,1,1.0,4,1,1,1,0,hmm-mixture/4/4/5/5
3.0,4,3125,5,10,100,200,constant-mc,single,0,0.001494097446321204,21,0,0,,,hmm-mixture/4/4/5/5
3.0,4,3125,5,10,100,200,constant-mc,complete,0,0.8941953072490786,21,0,0,,,hmm-mixture/4/4/5/5
3.0,4,3125,5,10,100,200,constant-mc,average,0,0.8821293837323666,21,0,0,,,hmm-mixture/4/4/5/5
3.0,4,3125,5,10,100,200,constant-mc,pam,0,0.5052272518341588,21,0,0,1,0,hmm-mixture/4/4/5/5
3.0,4,3125,5,10,200,200,constant-mc,single,0,0.0031116669086779193,3,0,0,,,hmm-mixture/4/4/5/5
3.0,4,3125,5,10,200,200,constant-mc,complete,0,0.9881762328583521,3,0,0,,,hmm-mixture/4/4/5/5
3.0,4,3125,5,10,200,200,constant-mc,average,0,0.9754278869722712,3,0,0,,,hmm-mixture/4/4/5/5
3.0,4,3125,5,10,200,200,constant-mc,pam,0,0.8211762334669849,3,0,0,1,0,hmm-mixture/4/4/5/5
3.0,4,3125,5,10,300,200,constant-mc,single,0,0.7445505465373707,4,1,0,,,hmm-mixture/4/4/5/5
3.0,4,3125,5,10,300,200,constant-mc,complete,0,0.9881762328583521,4,1,0,,,hmm-mixture/4/4/5/5
3.0,4,3125,5,10,300,200,constant-mc,average,0,0.9881762328583521,4,1,0,,,hmm-mixture/4/4/5/5
3.0,4,3125,5,10,300,200,constant-mc,pam,0,0.9056449641847365,4,1,0,1,0,hmm-mixture/4/4/5/5
3.0,4,3125,5,10,400,200,constant-mc,single,0,0.7445505465373707,4,1,0,,,hmm-mixture/4/4/5/5
3.0,4,3125,5,10,400,200,constant-mc,complete,1,1.0,4,1,1,,,hmm-mixture/4/4/5/5
3.0,4,3125,5,10,400,200,constant-mc,average,1,1.0,4,1,1,,,hmm-mixture/4/4/5/5
3.0,4,3125,5,10,400,200,constant-mc,pam,0,0.9678733505932781,4,1,0,1,0,hmm-mixture/4/4/5/5
3.0,4,3125,5,10,500,200,constant-mc,single,0,0.7358969724955784,4,1,0,,,hmm-mixture/4/4/5/5
3.0,4,3125,5,10,500,200,constant-mc,complete,1,1.0,4,1,1,,,hmm-mixture/4/4/5/5
3.0,4,3125,5,10,500,200,constant-mc,average,1,1.0,4,1,1,,,hmm-mixture/4/4/5/5
3.0,4,3125,5,10,500,200,constant-mc,pam,0,0.9653057717483339,4,1,0,1,0,hmm-mixture/4/4/5/5
3.0,4,3125,5,10,600,200,constant-mc,single,0,0.7445505465373707,4,1,0,,,hmm-mixture/4/4/5/5
3.0,4,3125,5,10,600,200,constant-mc,complete,1,1.0,4,1,1,,,hmm-mixture/4/4/5/5
3.0,4,3125,5,10,600,200,constant-mc,average,1,1.0,4,1,1,,,hmm-mixture/4/4/5/5
3.0,4,3125,5,10,600,200,constant-mc,pam,0,0.9766128795820225,4,1,0,1,0,hmm-mixture/4/4/5/5
3.0,4,3125,5,10,700,200,constant-mc,single,0,0.7445505465373707,4,1,0,,,hmm-mixture/4/4/5/5
3.0,4,3125,5,10,700,200,constant-mc,complete,1,1.0,4,1,1,,,hmm-mixture/4/4/5/5
3.0,4,3125,5,10,700,200,constant-mc,average,1,1.0,4,1,1,,,hmm-mixture/4/4/5/5
3.0,4,3125,5,10,700,200,constant-mc,pam,0,0.9881788146099222,4,1,0,1,0,hmm-mixture/4/4/5/5
3.0,4,3125,5,10,800,200,constant-mc,single,0,0.7445505465373707,4,1,0,,,hmm-mixture/4/4/5/5
3.0,4,3125,5,10,800,200,constant-mc,complete,1,1.0,4,1,1,,,hmm-mixture/4/4/5/5
3.0,4,3125,5,10,800,200,constant-mc,average,1,1.0,4,1,1,,,hmm-mixture/4/4/5/5
3.0,4,3125,5,10,800,200,constant-mc,pam,0,0.9881788146099222,4,1,0,1,0,hmm-mixture/4/4/5/5
3.0,4,3125,5,10,900,200,constant-mc,single,0,0.7445505465373707,4,1,0,,,hmm-mixture/4/4/5/5
3.0,4,3125,5,10,900,200,constant-mc,complete,1,1.0,4,1,1,,,hmm-mixture/4/4/5/5
3.0,4,3125,5,10,900,200,constant-mc,average,1,1.0,4,1,1,,,hmm-mixture/4/4/5/5
3.0,4,3125,5,10,900,200,constant-mc,pam,0,0.9881788146099222,4,1,0,1,0,hmm-mixture/4/4/5/5
3.0,4,3125,5,10,1000,200,constant-mc,single,0,0.7445505465373707,4,1,0,,,hmm-mixture/4/4/5/5
3.0,4,3125,5,10,1000,200,constant-mc,complete,1,1.0,4,1,1,,,hmm-mixture/4/4/5/5
3.0,4,3125,5,10,1000,200,constant-mc,average,1,1.0,4,1,1,,,hmm-mixture/4/4/5/5
3.0,4,3125,5,10,1000,200,constant-mc,pam,1,1.0,4,1,1,1,0,hmm-mixture/4/4/5/5
3.0,4,3125,5,11,100,200,constant-mc,single,0,0.003244759152994144,24,0,0,,,hmm-mixture/4/4/5/5
3.0,4,3125,5,11,100,200,constant-mc,complete,0,0.5884613696245607,24,0,0,,,hmm-mixture/4/4/5/5
3.0,4,3125,5,11,100,200,constant-mc,average,0,0.6946259509116616,24,0,0,,,hmm-mixture/4/4/5/5
3.0,4,3125,5,11,100,200,constant-mc,pam,0,0.5104122693763089,24,0,0,1,0,hmm-mixture/4/4/5/5
3.0,4,3125,5,11,200,200,constant-mc,single,0,0.003244759152994144,3,0,0,,,hmm-mixture/4/4/5/5
3.0,4,3125,5,11,200,200,constant-mc,complete,0,0.964060852857134,3,0,0,,,hmm-mixture/4/4/5/5
3.0,4,3125,5,11,200,200,constant-mc,average,0,0.964060852857134,3,0,0,,,hmm-mixture/4/4/5/5
3.0,4,3125,5,11,200,200,constant-mc,pam,0,0.9054544713857405,3,0,0,1,0,hmm-mixture/4/4/5/5
3.0,4,3125,5,11,300,200,constant-mc,single,0,0.46813717240747665,3,0,0,,,hmm-mixture/4/4/5/5
3.0,4,3125,5,11,300,200,constant-mc,complete,0,0.9755980853771169,3,0,0,,,hmm-mixture/4/4/5/5
3.0,4,3125,5,11,300,200,constant-mc,average,0,0.9877232886322832,3,0,0,,,hmm-mixture/4/4/5/5
3.0,4,3125,5,11,300,200,constant-mc,pam,0,0.8746069898669823,3,0,0,1,0,hmm-mixture/4/4/5/5
3.0,4,3125,5,11,400,200,constant-mc,single,0,0.7529053943688384,4,1,0,,,hmm-mixture/4/4/5/5
3.0,4,3125,5,11,400,200,constant-mc,complete,1,1.0,4,1,1,,,hmm-mixture/4/4/5/5
3.0,4,3125,5,11,400,200,constant-mc,average,1,1.0,4,1,1,,,hmm-mixture/4/4/5/5
3.0,4,3125,5,11,400,200,constant-mc,pam,0,0.9102157401297482,4,1,0,1,0,hmm-mixture/4/4/5/5
3.0,4,3125,5,11,500,200,constant-mc,single,0,0.7529053943688384,4,1,0,,,hmm-mixture/4/4/5/5
3.0,4,3125,5,11,500,200,constant-mc,complete,1,1.0,4,1,1,,,hmm-mixture/4/4/5/5
3.0,4,3125,5,11,500,200,constant-mc,average,1,1.0,4,1,1,,,hmm-mixture/4/4/5/5
3.0,4,3125,5,11,500,200,constant-mc,pam,0,0.9757426461692262,4,1,0,1,0,hmm-mixture/4/4/5/5
3.0,4,3125,5,11,600,200,constant-mc,single,0,0.7529053943688384,4,1,0,,,hmm-mixture/4/4/5/5
3.0,4,3125,5,11,600,200,constant-mc,complete,1,1.0,4,1,1,,,hmm-mixture/4/4/5/5
3.0,4,3125,5,11,600,200,constant-mc,average,1,1.0,4,1,1,,,hmm-mixture/4/4/5/5
3.0,4,3125,5,11,600,200,constant-mc,pam,0,0.9877232886322832,4,1,0,1,0,hmm-mixture/4/4/5/5
3.0,4,3125,5,11,700,200,constant-mc,single,0,0.7529053943688384,4,1,0,,,hmm-mixture/4/4/5/5
3.0,4,3125,5,11,700,200,constant-mc,complete,1,1.0,4,1,1,,,hmm-mixture/4/4/5/5
3.0,4,3125,5,11,700,200,constant-mc,average,1,1.0,4,1,1,,,hmm-mixture/4/4/5/5
3.0,4,3125,5,11,700,200,constant-mc,pam,0,0.9877232886322832,4,1,0,1,0,hmm-mixture/4/4/5/5
3.0,4,3125,5,11,800,200,constant-mc,single,0,0.7529053943688384,4,1,0,,,hmm-mixture/4/4/5/5
3.0,4,3125,5,11,800,200,constant-mc,complete,1,1.0,4,1,1,,,hmm-mixture/4/4/5/5
3.0,4,3125,5,11,800,200,constant-mc,average,1,1.0,4,1,1,,,hmm-mixture/4/4/5/5
3.0,4,3125,5,11,800,200,constant-mc,pam,1,1.0,4,1,1,1,0,hmm-mixture/4/4/5/5
3.0,4,3125,5,11,900,200,constant-mc,single,0,0.7529053943688384,4,1,0,,,hmm-mixture/4/4/5/5
3.0,4,3125,5,11,900,200,constant-mc,complete,1,1.0,4,1,1,,,hmm-mixture/4/4/5/5
3.0,4,3125,5,11,900,200,constant-mc,average,1,1.0,4,1,1,,,hmm-mixture/4/4/5/5
3.0,4,3125,5,11,900,200,constant-mc,pam,1,1.0,4,1,1,1,0,hmm-mixture/4/4/5/5
3.0,4,3125,5,11,1000,200,constant-mc,single,0,0.7529053943688384,4,1,0,,,hmm-mixture/4/4/5/5
3.0,4,3125,5,11,1000,200,constant-mc,complete,1,1.0,4,1,1,,,hmm-mixture/4/4/5/5
3.0,4,3125,5,11,1000,200,constant-mc,average,1,1.0,4,1,1,,,hmm-mixture/4/4/5/5
3.0,4,3125,5,11,1000,200,constant-mc,pam,0,0.9877232886322832,4,1,0,1,0,hmm-mixture/4/4/5/5
3.0,4,3125,5,12,100,200,constant-mc,single,0,0.007668746827945152,18,0,0,,,hmm-mixture/4/4/5/5
3.0,4,3125,5,12,100,200,constant-mc,complete,0,0.9007180782973881,18,0,0,,,hmm-mixture/4/4/5/5
3.0,4,3125,5,12,100,200,constant-mc,average,0,0.765553997194951,18,0,0,,,hmm-mixture/4/4/5/5
3.0,4,3125,5,12,100,200,constant-mc,pam,0,0.4271650771867029,18,0,0,1,0,hmm-mixture/4/4/5/5
3.0,4,3125,5,12,200,200,constant-mc,single,0,0.007668746827945152,3,0,0,,,hmm-mixture/4/4/5/5
3.0,4,3125,5,12,200,200,constant-mc,complete,0,0.9788692518598985,3,0,0,,,hmm-mixture/4/4/5/5
3.0,4,3125,5,12,200,200,constant-mc,average,1,1.0,3,0,0,,,hmm-mixture/4/4/5/5
3.0,4,3125,5,12,200,200,constant-mc,pam,0,0.8600171938856623,3,0,0,1,0,hmm-mixture/4/4/5/5
3.0,4,3125,5,12,300,200,constant-mc,single,0,0.7849290470749157,3,0,0,,,hmm-mixture/4/4/5/5
3.0,4,3125,5,12,300,200,constant-mc,complete,0,0.9893134511139614,3,0,0,,,hmm-mixture/4/4/5/5
3.0,4,3125,5,12,300,200,constant-mc,average,0,0.9893201593296763,3,0,0,,,hmm-mixture/4/4/5/5
3.0,4,3125,5,12,300,200,constant-mc,pam,0,0.9706611273539385,3,0,0,1,0,hmm-mixture/4/4/5/5
3.0,4,3125,5,12,400,200,constant-mc,single,0,0.5573375935842593,3,0,0,,,hmm-mixture/4/4/5/5
3.0,4,3125,5,12,400,200,constant-mc,complete,1,1.0,3,0,0,,,hmm-mixture/4/4/5/5
3.0,4,3125,5,12,400,200,constant-mc,average,1,1.0,3,0,0,,,hmm-mixture/4/4/5/5
3.0,4,3125,5,12,400,200,constant-mc,pam,0,0.930701403770559,3,0,0,1,0,hmm-mixture/4/4/5/5
3.0,4,3125,5,12,500,200,constant-mc,single,0,0.7849290470749157,3,0,0,,,hmm-mixture/4/4/5/5
3.0,4,3125,5,12,500,200,constant-mc,complete,1,1.0,3,0,0,,,hmm-mixture/4/4/5/5
3.0,4,3125,5,12,500,200,constant-mc,average,1,1.0,3,0,0,,,hmm-mixture/4/4/5/5
3.0,4,3125,5,12,500,200,constant-mc,pam,1,1.0,3,0,0,1,0,hmm-mixture/4/4/5/5
3.0,4,3125,5,12,600,200,constant-mc,single,0,0.7849290470749157,4,1,0,,,hmm-mixture/4/4/5/5
3.0,4,3125,5,12,600,200,constant-mc,complete,1,1.0,4,1,1,,,hmm-mixture/4/4/5/5
3.0,4,3125,5,12,600,200,constant-mc,average,1,1.0,4,1,1,,,hmm-mixture/4/4/5/5
3.0,4,3125,5,12,600,200,constant-mc,pam,1,1.0,4,1,1,1,0,hmm-mixture/4/4/5/5
3.0,4,3125,5,12,700,200,constant-mc,single,0,0.7849290470749157,4,1,0,,,hmm-mixture/4/4/5/5
3.0,4,3125,5,12,700,200,constant-mc,complete,1,1.0,4,1,1,,,hmm-mixture/4/4/5/5
3.0,4,3125,5,12,700,200,constant-mc,average,1,1.0,4,1,1,,,hmm-mixture/4/4/5/5
3.0,4,3125,5,12,700,200,constant-mc,pam,1,1.0,4,1,1,1,0,hmm-mixture/4/4/5/5
3.0,4,3125,5,12,800,200,constant-mc,single,0,0.7849290470749157,4,1,0,,,hmm-mixture/4/4/5/5
3.0,4,3125,5,12,800,200,constant-mc,complete,1,1.0,4,1,1,,,hmm-mixture/4/4/5/5
3.0,4,3125,5,12,800,200,constant-mc,average,1,1.0,4,1,1,,,hmm-mixture/4/4/5/5
3.0,4,3125,5,12,800,200,constant-mc,pam,0,0.9893201593296763,4,1,0,1,0,hmm-mixture/4/4/5/5
3.0,4,3125,5,12,900,200,constant-mc,single,0,0.7849290470749157,4,1,0,,,hmm-mixture/4/4/5/5
3.0,4,3125,5,12,900,200,constant-mc,complete,1,1.0,4,1,1,,,hmm-mixture/4/4/5/5
3.0,4,3125,5,12,900,200,constant-mc,average,1,1.0,4,1,1,,,hmm-mixture/4/4/5/5
3.0,4,3125,5,12,900,200,constant-mc,pam,1,1.0,4,1,1,1,0,hmm-mixture/4/4/5/5
3.0,4,3125,5,12,1000,200,constant-mc,single,0,0.7849290470749157,4,1,0,,,hmm-mixture/4/4/5/5
3.0,4,3125,5,12,1000,200,constant-mc,complete,1,1.0,4,1,1,,,hmm-mixture/4/4/5/5
3.0,4,3125,5,12,1000,200,constant-mc,average,1,1.0,4,1,1,,,hmm-mixture/4/4/5/5
3.0,4,3125,5,12,1000,200,constant-mc,pam,1,1.0,4,1,1,1,0,hmm-mixture/4/4/5/5
3.0,4,3125,5,13,100,200,constant-mc,single,0,0.0006045481895531166,16,0,0,,,hmm-mixture/4/4/5/5
3.0,4,3125,5,13,100,200,constant-mc,complete,0,0.837703290205901,16,0,0,,,hmm-mixture/4/4/5/5
3.0,4,3125,5,13,100,200,constant-mc,average,0,0.6894870835231884,16,0,0,,,hmm-mixture/4/4/5/5
3.0,4,3125,5,13,100,200,constant-mc,pam,0,0.7019617643940352,16,0,0,1,0,hmm-mixture/4/4/5/5
3.0,4,3125,5,13,200,200,constant-mc,single,0,0.0006045481895531166,3,0,0,,,hmm-mixture/4/4/5/5
3.0,4,3125,5,13,200,200,constant-mc,complete,0,0.6782286351011595,3,0,0,,,hmm-mixture/4/4/5/5
3.0,4,3125,5,13,200,200,constant-mc,average,0,0.9853456683480466,3,0,0,,,hmm-mixture/4/4/5/5
3.0,4,3125,5,13,200,200,constant-mc,pam,0,0.9018356192581903,3,0,0,1,0,hmm-mixture/4/4/5/5
3.0,4,3125,5,13,300,200,constant-mc,single,0,0.0006045481895531166,4,1,0,,,hmm-mixture/4/4/5/5
3.0,4,3125,5,13,300,200,constant-mc,complete,0,0.9659995763777524,4,1,0,,,hmm-mixture/4/4/5/5
3.0,4,3125,5,13,300,200,constant-mc,average,1,1.0,4,1,1,,,hmm-mixture/4/4/5/5
3.0,4,3125,5,13,300,200,constant-mc,pam,0,0.9628886195407574,4,1,0,1,0,hmm-mixture/4/4/5/5
3.0,4,3125,5,13,400,200,constant-mc,single,0,0.7213544643420733,4,1,0,,,hmm-mixture/4/4/5/5
3.0,4,3125,5,13,400,200,constant-mc,complete,1,1.0,4,1,1,,,hmm-mixture/4/4/5/5
3.0,4,3125,5,13,400,200,constant-mc,average,1,1.0,4,1,1,,,hmm-mixture/4/4/5/5
3.0,4,3125,5,13,400,200,constant-mc,pam,0,0.9628886195407574,4,1,0,1,0,hmm-mixture/4/4/5/5
3.0,4,3125,5,13,500,200,constant-mc,single,0,0.7213544643420733,4,1,0,,,hmm-mixture/4/4/5/5
3.0,4,3125,5,13,500,200,constant-mc,complete,1,1.0,4,1,1,,,hmm-mixture/4/4/5/5
3.0,4,3125,5,13,500,200,constant-mc,average,1,1.0,4,1,1,,,hmm-mixture/4/4/5/5
3.0,4,3125,5,13,500,200,constant-mc,pam,0,0.9662368827878115,4,1,0,1,0,hmm-mixture/4/4/5/5
3.0,4,3125,5,13,600,200,constant-mc,single,0,0.7213544643420733,4,1,0,,,hmm-mixture/4/4/5/5
3.0,4,3125,5,13,600,200,constant-mc,complete,1,1.0,4,1,1,,,hmm-mixture/4/4/5/5
3.0,4,3125,5,13,600,200,constant-mc,average,1,1.0,4,1,1,,,hmm-mixture/4/4/5/5
3.0,4,3125,5,13,600,200,constant-mc,pam,0,0.9311813077451653,4,1,0,1,0,hmm-mixture/4/4/5/5
3.0,4,3125,5,13,700,200,constant-mc,single,0,0.7213544643420733,4,1,0,,,hmm-mixture/4/4/5/5
3.0,4,3125,5,13,700,200,constant-mc,complete,1,1.0,4,1,1,,,hmm-mixture/4/4/5/5
3.0,4,3125,5,13,700,200,constant-mc,average,1,1.0,4,1,1,,,hmm-mixture/4/4/5/5
3.0,4,3125,5,13,700,200,constant-mc,pam,0,0.9749837049967157,4,1,0,1,0,hmm-mixture/4/4/5/5
3.0,4,3125,5,13,800,200,constant-mc,single,0,0.7213544643420733,4,1,0,,,hmm-mixture/4/4/5/5
3.0,4,3125,5,13,800,200,constant-mc,complete,1,1.0,4,1,1,,,hmm-mixture/4/4/5/5
3.0,4,3125,5,13,800,200,constant-mc,average,1,1.0,4,1,1,,,hmm-mixture/4/4/5/5
3.0,4,3125,5,13,800,200,constant-mc,pam,0,0.951073497970265,4,1,0,1,0,hmm-mixture/4/4/5/5
3.0,4,3125,5,13,900,200,constant-mc,single,0,0.7213544643420733,4,1,0,,,hmm-mixture/4/4/5/5
3.0,4,3125,5,13,900,200,constant-mc,complete,1,1.0,4,1,1,,,hmm-mixture/4/4/5/5
3.0,4,3125,5,13,900,200,constant-mc,average,1,1.0,4,1,1,,,hmm-mixture/4/4/5/5
3.0,4,3125,5,13,900,200,constant-mc,pam,0,0.9749837049967157,4,1,0,1,0,hmm-mixture/4/4/5/5
3.0,4,3125,5,13,1000,200,constant-mc,single,0,0.7213544643420733,4,1,0,,,hmm-mixture/4/4/5/5
3.0,4,3125,5,13,1000,200,constant-mc,complete,1,1.0,4,1,1,,,hmm-mixture/4/4/5/5
3.0,4,3125,5,13,1000,200,constant-mc,average,1,1.0,4,1,1,,,hmm-mixture/4/4/5/5
3.0,4,3125,5,13,1000,200,constant-mc,pam,0,0.9749837049967157,4,1,0,1,0,hmm-mixture/4/4/5/5
3.0,4,3125,5,14,100,200,constant-mc,single,0,0.0020090716238327522,21,0,0,,,hmm-mixture/4/4/5/5
3.0,4,3125,5,14,100,200,constant-mc,complete,0,0.8670401947549607,21,0,0,,,hmm-mixture/4/4/5/5
3.0,4,3125,5,14,100,200,constant-mc,average,0,0.7523166333188231,21,0,0,,,hmm-mixture/4/4/5/5
3.0,4,3125,5,14,100,200,constant-mc,pam,0,0.57107737336714,21,0,0,1,0,hmm-mixture/4/4/5/5
3.0,4,3125,5,14,200,200,constant-mc,single,0,0.007761180721101727,3,0,0,,,hmm-mixture/4/4/5/5
3.0,4,3125,5,14,200,200,constant-mc,complete,1,1.0,3,0,0,,,hmm-mixture/4/4/5/5
3.0,4,3125,5,14,200,200,constant-mc,average,1,1.0,3,0,0,,,hmm-mixture/4/4/5/5
3.0,4,3125,5,14,200,200,constant-mc,pam,0,0.8794361410108227,3,0,0,1,0,hmm-mixture/4/4/5/5
3.0,4,3125,5,14,300,200,constant-mc,single,0,-0.003462446785764566,4,1,0,,,hmm-mixture/4/4/5/5
3.0,4,3125,5,14,300,200,constant-mc,complete,1,1.0,4,1,1,,,hmm-mixture/4/4/5/5
3.0,4,3125,5,14,300,200,constant-mc,average,1,1.0,4,1,1,,,hmm-mixture/4/4/5/5
3.0,4,3125,5,14,300,200,constant-mc,pam,0,0.9450801625108273,4,1,0,1,0,hmm-mixture/4/4/5/5
3.0,4,3125,5,14,400,200,constant-mc,single,0,0.5037361899759514,4,1,0,,,hmm-mixture/4/4/5/5
3.0,4,3125,5,14,400,200,constant-mc,complete,1,1.0,4,1,1,,,hmm-mixture/4/4/5/5
3.0,4,3125,5,14,400,200,constant-mc,average,1,1.0,4,1,1,,,hmm-mixture/4/4/5/5
3.0,4,3125,5,14,400,200,constant-mc,pam,0,0.9694629558224495,4,1,0,1,0,hmm-mixture/4/4/5/5
3.0,4,3125,5,14,500,200,constant-mc,single,0,0.8029869880063879,4,1,0,,,hmm-mixture/4/4/5/5
3.0,4,3125,5,14,500,200,constant-mc,complete,1,1.0,4,1,1,,,hmm-mixture/4/4/5/5
3.0,4,3125,5,14,500,200,constant-mc,average,1,1.0,4,1,1,,,hmm-mixture/4/4/5/5
3.0,4,3125,5,14,500,200,constant-mc,pam,0,0.9793705838296272,4,1,0,1,0,hmm-mixture/4/4/5/5
3.0,4,3125,5,14,600,200,constant-mc,single,0,0.8029869880063879,4,1,0,,,hmm-mixture/4/4/5/5
3.0,4,3125,5,14,600,200,constant-mc,complete,1,1.0,4,1,1,,,hmm-mixture/4/4/5/5
3.0,4,3125,5,14,600,200,constant-mc,average,1,1.0,4,1,1,,,hmm-mixture/4/4/5/5
3.0,4,3125,5,14,600,200,constant-mc,pam,1,1.0,4,1,1,1,0,hmm-mixture/4/4/5/5
3.0,4,3125,5,14,700,200,constant-mc,single,0,0.8029869880063879,4,1,0,,,hmm-mixture/4/4/5/5
3.0,4,3125,5,14,700,200,constant-mc,complete,1,1.0,4,1,1,,,hmm-mixture/4/4/5/5
3.0,4,3125,5,14,700,200,constant-mc,average,1,1.0,4,1,1,,,hmm-mixture/4/4/5/5
3.0,4,3125,5,14,700,200,constant-mc,pam,0,0.9798728750766418,4,1,0,1,0,hmm-mixture/4/4/5/5
3.0,4,3125,5,14,800,200,constant-mc,single,0,0.8029869880063879,4,1,0,,,hmm-mixture/4/4/5/5
3.0,4,3125,5,14,800,200,constant-mc,complete,1,1.0,4,1,1,,,hmm-mixture/4/4/5/5
3.0,4,3125,5,14,800,200,constant-mc,average,1,1.0,4,1,1,,,hmm-mixture/4/4/5/5
3.0,4,3125,5,14,800,200,constant-mc,pam,0,0.9895506014526009,4,1,0,1,0,hmm-mixture/4/4/5/5
3.0,4,3125,5,14,900,200,constant-mc,single,0,0.8029869880063879,4,1,0,,,hmm-mixture/4/4/5/5
3.0,4,3125,5,14,900,200,constant-mc,complete,1,1.0,4,1,1,,,hmm-mixture/4/4/5/5
3.0,4,3125,5,14,900,200,constant-mc,average,1,1.0,4,1,1,,,hmm-mixture/4/4/5/5
3.0,4,3125,5,14,900,200,constant-mc,pam,1,1.0,4,1,1,1,0,hmm-mixture/4/4/5/5
3.0,4,3125,5,14,1000,200,constant-mc,single,0,0.8029869880063879,4,1,0,,,hmm-mixture/4/4/5/5
3.0,4,3125,5,14,1000,200,constant-mc,complete,1,1.0,4,1,1,,,hmm-mixture/4/4/5/5
3.0,4,3125,5,14,1000,200,constant-mc,average,1,1.0,4,1,1,,,hmm-mixture/4/4/5/5
3.0,4,3125,5,14,1000,200,constant-mc,pam,1,1.0,4,1,1,1,0,hmm-mixture/4/4/5/5
3.0,4,3125,5,15,100,200,constant-mc,single,0,-0.003811888325013231,81,0,0,,,hmm-mixture/4/4/5/5
3.0,4,3125,5,15,100,200,constant-mc,complete,0,0.9208045730759902,81,0,0,,,hmm-mixture/4/4/5/5
3.0,4,3125,5,15,100,200,constant-mc,average,0,0.9418656340740129,81,0,0,,,hmm-mixture/4/4/5/5
3.0,4,3125,5,15,100,200,constant-mc,pam,0,0.5489101614368503,81,0,0,1,0,hmm-mixture/4/4/5/5
3.0,4,3125,5,15,200,200,constant-mc,single,0,0.0021720871642565945,4,1,0,,,hmm-mixture/4/4/5/5
3.0,4,3125,5,15,200,200,constant-mc,complete,0,0.7729184288963629,4,1,0,,,hmm-mixture/4/4/5/5
3.0,4,3125,5,15,200,200,constant-mc,average,0,0.7729184288963629,4,1,0,,,hmm-mixture/4/4/5/5
3.0,4,3125,5,15,200,200,constant-mc,pam,0,0.8969122013971315,4,1,0,1,0,hmm-mixture/4/4/5/5
3.0,4,3125,5,15,300,200,constant-mc,single,0,0.5568709545323869,4,1,0,,,hmm-mixture/4/4/5/5
3.0,4,3125,5,15,300,200,constant-mc,complete,1,1.0,4,1,1,,,hmm-mixture/4/4/5/5
3.0,4,3125,5,15,300,200,constant-mc,average,1,1.0,4,1,1,,,hmm-mixture/4/4/5/5
3.0,4,3125,5,15,300,200,constant-mc,pam,0,0.9538038032522277,4,1,0,1,0,hmm-mixture/4/4/5/5
3.0,4,3125,5,15,400,200,constant-mc,single,0,0.7828221729851036,4,1,0,,,hmm-mixture/4/4/5/5
3.0,4,3125,5,15,400,200,constant-mc,complete,1,1.0,4,1,1,,,hmm-mixture/4/4/5/5
3.0,4,3125,5,15,400,200,constant-mc,average,1,1.0,4,1,1,,,hmm-mixture/4/4/5/5
3.0,4,3125,5,15,400,200,constant-mc,pam,0,0.9599778116793684,4,1,0,1,0,hmm-mixture/4/4/5/5
3.0,4,3125,5,15,500,200,constant-mc,single,0,0.7828221729851036,4,1,0,,,hmm-mixture/4/4/5/5
3.0,4,3125,5,15,500,200,constant-mc,complete,1,1.0,4,1,1,,,hmm-mixture/4/4/5/5
3.0,4,3125,5,15,500,200,constant-mc,average,1,1.0,4,1,1,,,hmm-mixture/4/4/5/5
3.0,4,3125,5,15,500,200,constant-mc,pam,1,1.0,4,1,1,1,0,hmm-mixture/4/4/5/5
3.0,4,3125,5,15,600,200,constant-mc,single,0,0.7828221729851036,4,1,0,,,hmm-mixture/4/4/5/5
3.0,4,3125,5,15,600,200,constant-mc,complete,1,1.0,4,1,1,,,hmm-mixture/4/4/5/5
3.0,4,3125,5,15,600,200,constant-mc,average,1,1.0,4,1,1,,,hmm-mixture/4/4/5/5
3.0,4,3125,5,15,600,200,constant-mc,pam,1,1.0,4,1,1,1,0,hmm-mixture/4/4/5/5
3.0,4,3125,5,15,700,200,constant-mc,single,0,0.7828221729851036,4,1,0,,,hmm-mixture/4/4/5/5
3.0,4,3125,5,15,700,200,constant-mc,complete,1,1.0,4,1,1,,,hmm-mixture/4/4/5/5
3.0,4,3125,5,15,700,200,constant-mc,average,1,1.0,4,1,1,,,hmm-mixture/4/4/5/5
3.0,4,3125,5,15,700,200,constant-mc,pam,1,1.0,4,1,1,1,0,hmm-mixture/4/4/5/5
3.0,4,3125,5,15,800,200,constant-mc,single,0,0.7828221729851036,4,1,0,,,hmm-mixture/4/4/5/5
3.0,4,3125,5,15,800,200,constant-mc,complete,1,1.0,4,1,1,,,hmm-mixture/4/4/5/5
3.0,4,3125,5,15,800,200,constant-mc,average,1,1.0,4,1,1,,,hmm-mixture/4/4/5/5
3.0,4,3125,5,15,800,200,constant-mc,pam,1,1.0,4,1,1,1,0,hmm-mixture/4/4/5/5
3.0,4,3125,5,15,900,200,constant-mc,single,0,0.7828221729851036,4,1,0,,,hmm-mixture/4/4/5/5
3.0,4,3125,5,15,900,200,constant-mc,complete,1,1.0,4,1,1,,,hmm-mixture/4/4/5/5
3.0,4,3125,5,15,900,200,constant-mc,average,1,1.0,4,1,1,,,hmm-mixture/4/4/5/5
3.0,4,3125,5,15,900,200,constant-mc,pam,1,1.0,4,1,1,1,0,hmm-mixture/4/4/5/5
3.0,4,3125,5,15,1000,200,constant-mc,single,0,0.7828221729851036,4,1,0,,,hmm-mixture/4/4/5/5
3.0,4,3125,5,15,1000,200,constant-mc,complete,1,1.0,4,1,1,,,hmm-mixture/4/4/5/5
3.0,4,3125,5,15,1000,200,constant-mc,average,1,1.0,4,1,1,,,hmm-mixture/4/4/5/5
3.0,4,3125,5,15,1000,200,constant-mc,pam,1,1.0,4,1,1,1,0,hmm-mixture/4/4/5/5
3.0,4,3125,5,16,100,200,constant-mc,single,0,0.0013332488124763295,5,0,0,,,hmm-mixture/4/4/5/5
3.0,4,3125,5,16,100,200,constant-mc,complete,0,0.7036572832859055,5,0,0,,,hmm-mixture/4/4/5/5
3.0,4,3125,5,16,100,200,constant-mc,average,0,0.6792665181729742,5,0,0,,,hmm-mixture/4/4/5/5
3.0,4,3125,5,16,100,200,constant-mc,pam,0,0.608900023397921,5,0,0,1,0,hmm-mixture/4/4/5/5
3.0,4,3125,5,16,200,200,constant-mc,single,0,-0.006526400975521889,4,1,0,,,hmm-mixture/4/4/5/5
3.0,4,3125,5,16,200,200,constant-mc,complete,0,0.8977148290958142,4,1,0,,,hmm-mixture/4/4/5/5
3.0,4,3125,5,16,200,200,constant-mc,average,0,0.9875248420490327,4,1,0,,,hmm-mixture/4/4/5/5
3.0,4,3125,5,16,200,200,constant-mc,pam,0,0.8924330214806421,4,1,0,1,0,hmm-mixture/4/4/5/5
3.0,4,3125,5,16,300,200,constant-mc,single,0,0.005684126373689629,4,1,0,,,hmm-mixture/4/4/5/5
3.0,4,3125,5,16,300,200,constant-mc,complete,1,1.0,4,1,1,,,hmm-mixture/4/4/5/5
3.0,4,3125,5,16,300,200,constant-mc,average,1,1.0,4,1,1,,,hmm-mixture/4/4/5/5
3.0,4,3125,5,16,300,200,constant-mc,pam,0,0.9404627553190096,4,1,0,1,0,hmm-mixture/4/4/5/5
3.0,4,3125,5,16,400,200,constant-mc,single,0,0.7329138838917297,4,1,0,,,hmm-mixture/4/4/5/5
3.0,4,3125,5,16,400,200,constant-mc,complete,1,1.0,4,1,1,,,hmm-mixture/4/4/5/5
3.0,4,3125,5,16,400,200,constant-mc,average,1,1.0,4,1,1,,,hmm-mixture/4/4/5/5
3.0,4,3125,5,16,400,200,constant-mc,pam,0,0.9105744239425041,4,1,0,1,0,hmm-mixture/4/4/5/5
3.0,4,3125,5,16,500,200,constant-mc,single,0,0.7329138838917297,4,1,0,,,hmm-mixture/4/4/5/5
3.0,4,3125,5,16,500,200,constant-mc,complete,1,1.0,4,1,1,,,hmm-mixture/4/4/5/5
3.0,4,3125,5,16,500,200,constant-mc,average,1,1.0,4,1,1,,,hmm-mixture/4/4/5/5
3.0,4,3125,5,16,500,200,constant-mc,pam,1,1.0,4,1,1,1,0,hmm-mixture/4/4/5/5
3.0,4,3125,5,16,600,200,constant-mc,single,0,0.7329138838917297,4,1,0,,,hmm-mixture/4/4/5/5
3.0,4,3125,5,16,600,200,constant-mc,complete,1,1.0,4,1,1,,,hmm-mixture/4/4/5/5
3.0,4,3125,5,16,600,200,constant-mc,average,1,1.0,4,1,1,,,hmm-mixture/4/4/5/5
3.0,4,3125,5,16,600,200,constant-mc,pam,0,0.9517961505229391,4,1,0,1,0,hmm-mixture/4/4/5/5
3.0,4,3125,5,16,700,200,constant-mc,single,0,0.7329138838917297,4,1,0,,,hmm-mixture/4/4/5/5
3.0,4,3125,5,16,700,200,constant-mc,complete,1,1.0,4,1,1,,,hmm-mixture/4/4/5/5
3.0,4,3125,5,16,700,200,constant-mc,average,1,1.0,4,1,1,,,hmm-mixture/4/4/5/5
3.0,4,3125,5,16,700,200,constant-mc,pam,0,0.9634196373818371,4,1,0,1,0,hmm-mixture/4/4/5/5
3.0,4,3125,5,16,800,200,constant-mc,single,0,0.7329138838917297,4,1,0,,,hmm-mixture/4/4/5/5
3.0,4,3125,5,16,800,200,constant-mc,complete,1,1.0,4,1,1,,,hmm-mixture/4/4/5/5
3.0,4,3125,5,16,800,200,constant-mc,average,1,1.0,4,1,1,,,hmm-mixture/4/4/5/5
3.0,4,3125,5,16,800,200,constant-mc,pam,0,0.9753302589218599,4,1,0,1,0,hmm-mixture/4/4/5/5
3.0,4,3125,5,16,900,200,constant-mc,single,0,0.7329138838917297,4,1,0,,,hmm-mixture/4/4/5/5
3.0,4,3125,5,16,900,200,constant-mc,complete,1,1.0,4,1,1,,,hmm-mixture/4/4/5/5
3.0,4,3125,5,16,900,200,constant-mc,average,1,1.0,4,1,1,,,hmm-mixture/4/4/5/5
3.0,4,3125,5,16,900,200,constant-mc,pam,1,1.0,4,1,1,0,1,hmm-mixture/4/4/5/5
3.0,4,3125,5,16,1000,200,constant-mc,single,0,0.7329138838917297,4,1,0,,,hmm-mixture/4/4/5/5
3.0,4,3125,5,16,1000,200,constant-mc,complete,1,1.0,4,1,1,,,hmm-mixture/4/4/5/5
3.0,4,3125,5,16,1000,200,constant-mc,average,1,1.0,4,1,1,,,hmm-mixture/4/4/5/5
3.0,4,3125,5,16,1000,200,constant-mc,pam,1,1.0,4,1,1,1,0,hmm-mixture/4/4/5/5
3.0,4,3125,5,17,100,200,constant-mc,single,0,0.011707152053630916,81,0,0,,,hmm-mixture/4/4/5/5
3.0,4,3125,5,17,100,200,constant-mc,complete,0,0.9130028433739241,81,0,0,,,hmm-mixture/4/4/5/5
3.0,4,3125,5,17,100,200,constant-mc,average,0,0.9551629228873894,81,0,0,,,hmm-mixture/4/4/5/5
3.0,4,3125,5,17,100,200,constant-mc,pam,0,0.5116869669389087,81,0,0,1,0,hmm-mixture/4/4/5/5
3.0,4,3125,5,17,200,200,constant-mc,single,0,0.0041418306796855014,3,0,0,,,hmm-mixture/4/4/5/5
3.0,4,3125,5,17,200,200,constant-mc,complete,0,0.9338807023146626,3,0,0,,,hmm-mixture/4/4/5/5
3.0,4,3125,5,17,200,200,constant-mc,average,0,0.7820194033306906,3,0,0,,,hmm-mixture/4/4/5/5
3.0,4,3125,5,17,200,200,constant-mc,pam,0,0.8773587919837385,3,0,0,1,0,hmm-mixture/4/4/5/5
3.0,4,3125,5,17,300,200,constant-mc,single,0,0.5830259230785081,4,1,0,,,hmm-mixture/4/4/5/5
3.0,4,3125,5,17,300,200,constant-mc,complete,1,1.0,4,1,1,,,hmm-mixture/4/4/5/5
3.0,4,3125,5,17,300,200,constant-mc,average,1,1.0,4,1,1,,,hmm-mixture/4/4/5/5
3.0,4,3125,5,17,300,200,constant-mc,pam,0,0.9551629228873894,4,1,0,1,0,hmm-mixture/4/4/5/5
3.0,4,3125,5,17,400,200,constant-mc,single,0,0.5830259230785081,4,1,0,,,hmm-mixture/4/4/5/5
3.0,4,3125,5,17,400,200,constant-mc,complete,1,1.0,4,1,1,,,hmm-mixture/4/4/5/5
3.0,4,3125,5,17,400,200,constant-mc,average,1,1.0,4,1,1,,,hmm-mixture/4/4/5/5
3.0,4,3125,5,17,400,200,constant-mc,pam,0,0.9588194993737023,4,1,0,1,0,hmm-mixture/4/4/5/5
3.0,4,3125,5,17,500,200,constant-mc,single,0,0.5830259230785081,4,1,0,,,hmm-mixture/4/4/5/5
3.0,4,3125,5,17,500,200,constant-mc,complete,1,1.0,4,1,1,,,hmm-mixture/4/4/5/5
3.0,4,3125,5,17,500,200,constant-mc,average,1,1.0,4,1,1,,,hmm-mixture/4/4/5/5
3.0,4,3125,5,17,500,200,constant-mc,pam,0,0.9788734297428137,4,1,0,1,0,hmm-mixture/4/4/5/5
3.0,4,3125,5,17,600,200,constant-mc,single,0,0.7921051185798206,4,1,0,,,hmm-mixture/4/4/5/5
3.0,4,3125,5,17,600,200,constant-mc,complete,1,1.0,4,1,1,,,hmm-mixture/4/4/5/5
3.0,4,3125,5,17,600,200,constant-mc,average,1,1.0,4,1,1,,,hmm-mixture/4/4/5/5
3.0,4,3125,5,17,600,200,constant-mc,pam,1,1.0,4,1,1,1,0,hmm-mixture/4/4/5/5
3.0,4,3125,5,17,700,200,constant-mc,single,0,0.7921051185798206,4,1,0,,,hmm-mixture/4/4/5/5
3.0,4,3125,5,17,700,200,constant-mc,complete,1,1.0,4,1,1,,,hmm-mixture/4/4/5/5
3.0,4,3125,5,17,700,200,constant-mc,average,1,1.0,4,1,1,,,hmm-mixture/4/4/5/5
3.0,4,3125,5,17,700,200,constant-mc,pam,0,0.9893036508184027,4,1,0,1,0,hmm-mixture/4/4/5/5
3.0,4,3125,5,17,800,200,constant-mc,single,0,0.7921051185798206,4,1,0,,,hmm-mixture/4/4/5/5
3.0,4,3125,5,17,800,200,constant-mc,complete,1,1.0,4,1,1,,,hmm-mixture/4/4/5/5
3.0,4,3125,5,17,800,200,constant-mc,average,1,1.0,4,1,1,,,hmm-mixture/4/4/5/5
3.0,4,3125,5,17,800,200,constant-mc,pam,0,0.9788734297428137,4,1,0,1,0,hmm-mixture/4/4/5/5
3.0,4,3125,5,17,900,200,constant-mc,single,0,0.7921051185798206,4,1,0,,,hmm-mixture/4/4/5/5
3.0,4,3125,5,17,900,200,constant-mc,complete,1,1.0,4,1,1,,,hmm-mixture/4/4/5/5
3.0,4,3125,5,17,900,200,constant-mc,average,1,1.0,4,1,1,,,hmm-mixture/4/4/5/5
3.0,4,3125,5,17,900,200,constant-mc,pam,1,1.0,4,1,1,1,0,hmm-mixture/4/4/5/5
3.0,4,3125,5,17,1000,200,constant-mc,single,1,1.0,4,1,1,,,hmm-mixture/4/4/5/5
3.0,4,3125,5,17,1000,200,constant-mc,complete,1,1.0,4,1,1,,,hmm-mixture/4/4/5/5
3.0,4,3125,5,17,1000,200,constant-mc,average,1,1.0,4,1,1,,,hmm-mixture/4/4/5/5
3.0,4,3125,5,17,1000,200,constant-mc,pam,1,1.0,4,1,1,1,0,hmm-mixture/4/4/5/5
3.0,4,3125,5,18,100,200,constant-mc,single,0,0.002805676165212312,14,0,0,,,hmm-mixture/4/4/5/5
3.0,4,3125,5,18,100,200,constant-mc,complete,0,0.9516089760113744,14,0,0,,,hmm-mixture/4/4/5/5
3.0,4,3125,5,18,100,200,constant-mc,average,0,0.9525246844017283,14,0,0,,,hmm-mixture/4/4/5/5
3.0,4,3125,5,18,100,200,constant-mc,pam,0,0.6434099741514865,14,0,0,1,0,hmm-mixture/4/4/5/5
3.0,4,3125,5,18,200,200,constant-mc,single,0,0.006114491839487842,3,0,0,,,hmm-mixture/4/4/5/5
3.0,4,3125,5,18,200,200,constant-mc,complete,1,1.0,3,0,0,,,hmm-mixture/4/4/5/5
3.0,4,3125,5,18,200,200,constant-mc,average,1,1.0,3,0,0,,,hmm-mixture/4/4/5/5
3.0,4,3125,5,18,200,200,constant-mc,pam,0,0.8924556259371891,3,0,0,1,0,hmm-mixture/4/4/5/5
3.0,4,3125,5,18,300,200,constant-mc,single,0,0.39765121062059705,4,1,0,,,hmm-mixture/4/4/5/5
3.0,4,3125,5,18,300,200,constant-mc,complete,1,1.0,4,1,1,,,hmm-mixture/4/4/5/5
3.0,4,3125,5,18,300,200,constant-mc,average,1,1.0,4,1,1,,,hmm-mixture/4/4/5/5
3.0,4,3125,5,18,300,200,constant-mc,pam,0,0.8956271828145489,4,1,0,1,0,hmm-mixture/4/4/5/5
3.0,4,3125,5,18,400,200,constant-mc,single,0,0.7362846401899028,4,1,0,,,hmm-mixture/4/4/5/5
3.0,4,3125,5,18,400,200,constant-mc,complete,1,1.0,4,1,1,,,hmm-mixture/4/4/5/5
3.0,4,3125,5,18,400,200,constant-mc,average,1,1.0,4,1,1,,,hmm-mixture/4/4/5/5
3.0,4,3125,5,18,400,200,constant-mc,pam,0,0.9507884269617755,4,1,0,1,0,hmm-mixture/4/4/5/5
3.0,4,3125,5,18,500,200,constant-mc,single,0,0.7302668293121083,4,1,0,,,hmm-mixture/4/4/5/5
3.0,4,3125,5,18,500,200,constant-mc,complete,1,1.0,4,1,1,,,hmm-mixture/4/4/5/5
3.0,4,3125,5,18,500,200,constant-mc,average,1,1.0,4,1,1,,,hmm-mixture/4/4/5/5
3.0,4,3125,5,18,500,200,constant-mc,pam,0,0.9769856503332478,4,1,0,1,0,hmm-mixture/4/4/5/5
3.0,4,3125,5,18,600,200,constant-mc,single,0,0.7391663707428228,4,1,0,,,hmm-mixture/4/4/5/5
3.0,4,3125,5,18,600,200,constant-mc,complete,1,1.0,4,1,1,,,hmm-mixture/4/4/5/5
3.0,4,3125,5,18,600,200,constant-mc,average,1,1.0,4,1,1,,,hmm-mixture/4/4/5/5
3.0,4,3125,5,18,600,200,constant-mc,pam,0,0.9626295925868498,4,1,0,1,0,hmm-mixture/4/4/5/5
3.0,4,3125,5,18,700,200,constant-mc,single,0,0.7391663707428228,4,1,0,,,hmm-mixture/4/4/5/5
3.0,4,3125,5,18,700,200,constant-mc,complete,1,1.0,4,1,1,,,hmm-mixture/4/4/5/5
3.0,4,3125,5,18,700,200,constant-mc,average,1,1.0,4,1,1,,,hmm-mixture/4/4/5/5
3.0,4,3125,5,18,700,200,constant-mc,pam,0,0.9747806614563598,4,1,0,1,0,hmm-mixture/4/4/5/5
3.0,4,3125,5,18,800,200,constant-mc,single,0,0.7391663707428228,4,1,0,,,hmm-mixture/4/4/5/5
3.0,4,3125,5,18,800,200,constant-mc,complete,1,1.0,4,1,1,,,hmm-mixture/4/4/5/5
3.0,4,3125,5,18,800,200,constant-mc,average,1,1.0,4,1,1,,,hmm-mixture/4/4/5/5
3.0,4,3125,5,18,800,200,constant-mc,pam,1,1.0,4,1,1,1,0,hmm-mixture/4/4/5/5
3.0,4,3125,5,18,900,200,constant-mc,single,0,0.7391663707428228,4,1,0,,,hmm-mixture/4/4/5/5
3.0,4,3125,5,18,900,200,constant-mc,complete,1,1.0,4,1,1,,,hmm-mixture/4/4/5/5
3.0,4,3125,5,18,900,200,constant-mc,average,1,1.0,4,1,1,,,hmm-mixture/4/4/5/5
3.0,4,3125,5,18,900,200,constant-mc,pam,1,1.0,4,1,1,1,0,hmm-mixture/4/4/5/5
3.0,4,3125,5,18,1000,200,constant-mc,single,0,0.7391663707428228,4,1,0,,,hmm-mixture/4/4/5/5
3.0,4,3125,5,18,1000,200,constant-mc,complete,1,1.0,4,1,1,,,hmm-mixture/4/4/5/5
3.0,4,3125,5,18,1000,200,constant-mc,average,1,1.0,4,1,1,,,hmm-mixture/4/4/5/5
3.0,4,3125,5,18,1000,200,constant-mc,pam,0,0.9626295925868498,4,1,0,1,0,hmm-mixture/4/4/5/5
3.0,4,3125,5,19,100,200,constant-mc,single,0,0.008418188329158865,92,0,0,,,hmm-mixture/4/4/5/5
3.0,4,3125,5,19,100,200,constant-mc,complete,0,0.8660439998159986,92,0,0,,,hmm-mixture/4/4/5/5
3.0,4,3125,5,19,100,200,constant-mc,average,0,0.7521535184208604,92,0,0,,,hmm-mixture/4/4/5/5
3.0,4,3125,5,19,100,200,constant-mc,pam,0,0.4530032317901814,92,0,0,1,0,hmm-mixture/4/4/5/5
3.0,4,3125,5,19,200,200,constant-mc,single,0,0.5327274833316485,4,1,0,,,hmm-mixture/4/4/5/5
3.0,4,3125,5,19,200,200,constant-mc,complete,0,0.9884189327085013,4,1,0,,,hmm-mixture/4/4/5/5
3.0,4,3125,5,19,200,200,constant-mc,average,0,0.7598402059323125,4,1,0,,,hmm-mixture/4/4/5/5
3.0,4,3125,5,19,200,200,constant-mc,pam,0,0.8879751459896676,4,1,0,1,0,hmm-mixture/4/4/5/5
3.0,4,3125,5,19,300,200,constant-mc,single,0,0.7598402059323125,4,1,0,,,hmm-mixture/4/4/5/5
3.0,4,3125,5,19,300,200,constant-mc,complete,1,1.0,4,1,1,,,hmm-mixture/4/4/5/5
3.0,4,3125,5,19,300,200,constant-mc,average,1,1.0,4,1,1,,,hmm-mixture/4/4/5/5
3.0,4,3125,5,19,300,200,constant-mc,pam,1,1.0,4,1,1,1,0,hmm-mixture/4/4/5/5
3.0,4,3125,5,19,400,200,constant-mc,single,0,0.7598402059323125,4,1,0,,,hmm-mixture/4/4/5/5
3.0,4,3125,5,19,400,200,constant-mc,complete,1,1.0,4,1,1,,,hmm-mixture/4/4/5/5
3.0,4,3125,5,19,400,200,constant-mc,average,1,1.0,4,1,1,,,hmm-mixture/4/4/5/5
3.0,4,3125,5,19,400,200,constant-mc,pam,0,0.9553896420631556,4,1,0,1,0,hmm-mixture/4/4/5/5
3.0,4,3125,5,19,500,200,constant-mc,single,0,0.7598402059323125,4,1,0,,,hmm-mixture/4/4/5/5
3.0,4,3125,5,19,500,200,constant-mc,complete,1,1.0,4,1,1,,,hmm-mixture/4/4/5/5
3.0,4,3125,5,19,500,200,constant-mc,average,1,1.0,4,1,1,,,hmm-mixture/4/4/5/5
3.0,4,3125,5,19,500,200,constant-mc,pam,0,0.9449250212129384,4,1,0,1,0,hmm-mixture/4/4/5/5
3.0,4,3125,5,19,600,200,constant-mc,single,0,0.7598402059323125,4,1,0,,,hmm-mixture/4/4/5/5
3.0,4,3125,5,19,600,200,constant-mc,complete,1,1.0,4,1,1,,,hmm-mixture/4/4/5/5
3.0,4,3125,5,19,600,200,constant-mc,average,1,1.0,4,1,1,,,hmm-mixture/4/4/5/5
3.0,4,3125,5,19,600,200,constant-mc,pam,0,0.9553896420631556,4,1,0,1,0,hmm-mixture/4/4/5/5
3.0,4,3125,5,19,700,200,constant-mc,single,0,0.7598402059323125,4,1,0,,,hmm-mixture/4/4/5/5
3.0,4,3125,5,19,700,200,constant-mc,complete,1,1.0,4,1,1,,,hmm-mixture/4/4/5/5
3.0,4,3125,5,19,700,200,constant-mc,average,1,1.0,4,1,1,,,hmm-mixture/4/4/5/5
3.0,4,3125,5,19,700,200,constant-mc,pam,0,0.9771494045812931,4,1,0,1,0,hmm-mixture/4/4/5/5
3.0,4,3125,5,19,800,200,constant-mc,single,0,0.7598402059323125,4,1,0,,,hmm-mixture/4/4/5/5
3.0,4,3125,5,19,800,200,constant-mc,complete,1,1.0,4,1,1,,,hmm-mixture/4/4/5/5
3.0,4,3125,5,19,800,200,constant-mc,average,1,1.0,4,1,1,,,hmm-mixture/4/4/5/5
3.0,4,3125,5,19,800,200,constant-mc,pam,0,0.9771494045812931,4,1,0,1,0,hmm-mixture/4/4/5/5
3.0,4,3125,5,19,900,200,constant-mc,single,1,1.0,4,1,1,,,hmm-mixture/4/4/5/5
3.0,4,3125,5,19,900,200,constant-mc,complete,1,1.0,4,1,1,,,hmm-mixture/4/4/5/5
3.0,4,3125,5,19,900,200,constant-mc,average,1,1.0,4,1,1,,,hmm-mixture/4/4/5/5
3.0,4,3125,5,19,900,200,constant-mc,pam,1,1.0,4,1,1,1,0,hmm-mixture/4/4/5/5
3.0,4,3125,5,19,1000,200,constant-mc,single,0,0.7598402059323125,4,1,0,,,hmm-mixture/4/4/5/5
3.0,4,3125,5,19,1000,200,constant-mc,complete,1,1.0,4,1,1,,,hmm-mixture/4/4/5/5
3.0,4,3125,5,19,1000,200,constant-mc,average,1,1.0,4,1,1,,,hmm-mixture/4/4/5/5
3.0,4,3125,5,19,1000,200,constant-mc,pam,0,0.9884396800165723,4,1,0,1,0,hmm-mixture/4/4/5/5
