alpha,K,mixture_id,dataset_id,n,N,d,cost_scheme,rule,threshold,k_hat,k_correct,exact_recovery,mixture_key
0.3,2,0,0,1000,200,5,constant,stated,0.5395907397331495,1,0,0,mixture/0.3/2/5/0
0.3,2,0,0,1000,200,5,constant,geomean,0.1237416663860641,2,1,1,mixture/0.3/2/5/0
0.3,2,0,0,1000,200,5,constant,ratio,0.10199999999999998,2,1,1,mixture/0.3/2/5/0
0.3,2,0,0,1000,200,5,constant,ratio-half,0.10199999999999998,2,1,1,mixture/0.3/2/5/0
0.3,2,0,0,1000,200,5,constant,asw-pam,,2,1,1,mixture/0.3/2/5/0
0.3,2,0,0,1000,200,5,constant,asw-average,,2,1,1,mixture/0.3/2/5/0
0.3,2,1,0,1000,200,5,constant,stated,0.5395907397331495,1,0,0,mixture/0.3/2/5/1
0.3,2,1,0,1000,200,5,constant,geomean,0.1034987922634847,2,1,1,mixture/0.3/2/5/1
0.3,2,1,0,1000,200,5,constant,ratio,0.03199999999999992,2,1,1,mixture/0.3/2/5/1
0.3,2,1,0,1000,200,5,constant,ratio-half,0.03199999999999992,2,1,1,mixture/0.3/2/5/1
0.3,2,1,0,1000,200,5,constant,asw-pam,,2,1,1,mixture/0.3/2/5/1
0.3,2,1,0,1000,200,5,constant,asw-average,,2,1,1,mixture/0.3/2/5/1
0.3,2,2,0,1000,200,5,constant,stated,0.5395907397331495,1,0,0,mixture/0.3/2/5/2
0.3,2,2,0,1000,200,5,constant,geomean,0.14560219778561043,2,1,1,mixture/0.3/2/5/2
0.3,2,2,0,1000,200,5,constant,ratio,0.05400000000000005,2,1,1,mixture/0.3/2/5/2
0.3,2,2,0,1000,200,5,constant,ratio-half,0.05400000000000005,2,1,1,mixture/0.3/2/5/2
0.3,2,2,0,1000,200,5,constant,asw-pam,,2,1,1,mixture/0.3/2/5/2
0.3,2,2,0,1000,200,5,constant,asw-average,,2,1,1,mixture/0.3/2/5/2
0.3,2,3,0,1000,200,5,constant,stated,0.5395907397331495,1,0,0,mixture/0.3/2/5/3
0.3,2,3,0,1000,200,5,constant,geomean,0.1009950493836208,2,1,1,mixture/0.3/2/5/3
0.3,2,3,0,1000,200,5,constant,ratio,0.050000000000000044,2,1,1,mixture/0.3/2/5/3
0.3,2,3,0,1000,200,5,constant,ratio-half,0.050000000000000044,2,1,1,mixture/0.3/2/5/3
0.3,2,3,0,1000,200,5,constant,asw-pam,,2,1,1,mixture/0.3/2/5/3
0.3,2,3,0,1000,200,5,constant,asw-average,,2,1,1,mixture/0.3/2/5/3
0.3,2,4,0,1000,200,5,constant,stated,0.5395907397331495,1,0,0,mixture/0.3/2/5/4
0.3,2,4,0,1000,200,5,constant,geomean,0.07059745037889106,2,1,1,mixture/0.3/2/5/4
0.3,2,4,0,1000,200,5,constant,ratio,0.03600000000000003,2,1,1,mixture/0.3/2/5/4
0.3,2,4,0,1000,200,5,constant,ratio-half,0.03600000000000003,2,1,1,mixture/0.3/2/5/4
0.3,2,4,0,1000,200,5,constant,asw-pam,,2,1,1,mixture/0.3/2/5/4
0.3,2,4,0,1000,200,5,constant,asw-average,,2,1,1,mixture/0.3/2/5/4
0.3,2,5,0,1000,200,5,constant,stated,0.5395907397331495,2,1,1,mixture/0.3/2/5/5
0.3,2,5,0,1000,200,5,constant,geomean,0.1629232948353303,2,1,1,mixture/0.3/2/5/5
0.3,2,5,0,1000,200,5,constant,ratio,0.03799999999999998,2,1,1,mixture/0.3/2/5/5
0.3,2,5,0,1000,200,5,constant,ratio-half,0.03799999999999998,2,1,1,mixture/0.3/2/5/5
0.3,2,5,0,1000,200,5,constant,asw-pam,,2,1,1,mixture/0.3/2/5/5
0.3,2,5,0,1000,200,5,constant,asw-average,,2,1,1,mixture/0.3/2/5/5
0.3,2,6,0,1000,200,5,constant,stated,0.5395907397331495,1,0,0,mixture/0.3/2/5/6
0.3,2,6,0,1000,200,5,constant,geomean,0.12753038853543894,2,1,1,mixture/0.3/2/5/6
0.3,2,6,0,1000,200,5,constant,ratio,0.06,2,1,1,mixture/0.3/2/5/6
0.3,2,6,0,1000,200,5,constant,ratio-half,0.06,2,1,1,mixture/0.3/2/5/6
0.3,2,6,0,1000,200,5,constant,asw-pam,,2,1,1,mixture/0.3/2/5/6
0.3,2,6,0,1000,200,5,constant,asw-average,,2,1,1,mixture/0.3/2/5/6
0.3,2,7,0,1000,200,5,constant,stated,0.5395907397331495,2,1,1,mixture/0.3/2/5/7
0.3,2,7,0,1000,200,5,constant,geomean,0.1321362932732715,2,1,1,mixture/0.3/2/5/7
0.3,2,7,0,1000,200,5,constant,ratio,0.040000000000000036,2,1,1,mixture/0.3/2/5/7
0.3,2,7,0,1000,200,5,constant,ratio-half,0.040000000000000036,2,1,1,mixture/0.3/2/5/7
0.3,2,7,0,1000,200,5,constant,asw-pam,,2,1,1,mixture/0.3/2/5/7
0.3,2,7,0,1000,200,5,constant,asw-average,,2,1,1,mixture/0.3/2/5/7
0.3,2,8,0,1000,200,5,constant,stated,0.5395907397331495,1,0,0,mixture/0.3/2/5/8
0.3,2,8,0,1000,200,5,constant,geomean,0.08763560920082655,2,1,1,mixture/0.3/2/5/8
0.3,2,8,0,1000,200,5,constant,ratio,0.05400000000000005,2,1,1,mixture/0.3/2/5/8
0.3,2,8,0,1000,200,5,constant,ratio-half,0.05400000000000005,2,1,1,mixture/0.3/2/5/8
0.3,2,8,0,1000,200,5,constant,asw-pam,,2,1,1,mixture/0.3/2/5/8
0.3,2,8,0,1000,200,5,constant,asw-average,,2,1,1,mixture/0.3/2/5/8
0.3,2,9,0,1000,200,5,constant,stated,0.5395907397331495,2,1,1,mixture/0.3/2/5/9
0.3,2,9,0,1000,200,5,constant,geomean,0.18932511719262196,2,1,1,mixture/0.3/2/5/9
0.3,2,9,0,1000,200,5,constant,ratio,0.14599999999999996,2,1,1,mixture/0.3/2/5/9
0.3,2,9,0,1000,200,5,constant,ratio-half,0.14599999999999996,2,1,1,mixture/0.3/2/5/9
0.3,2,9,0,1000,200,5,constant,asw-pam,,2,1,1,mixture/0.3/2/5/9
0.3,2,9,0,1000,200,5,constant,asw-average,,2,1,1,mixture/0.3/2/5/9
0.3,2,10,0,1000,200,5,constant,stated,0.5395907397331495,1,0,0,mixture/0.3/2/5/10
0.3,2,10,0,1000,200,5,constant,geomean,0.08772684879784527,2,1,1,mixture/0.3/2/5/10
0.3,2,10,0,1000,200,5,constant,ratio,0.03600000000000003,2,1,1,mixture/0.3/2/5/10
0.3,2,10,0,1000,200,5,constant,ratio-half,0.03600000000000003,2,1,1,mixture/0.3/2/5/10
0.3,2,10,0,1000,200,5,constant,asw-pam,,2,1,1,mixture/0.3/2/5/10
0.3,2,10,0,1000,200,5,constant,asw-average,,2,1,1,mixture/0.3/2/5/10
0.3,2,11,0,1000,200,5,constant,stated,0.5395907397331495,2,1,1,mixture/0.3/2/5/11
0.3,2,11,0,1000,200,5,constant,geomean,0.1757498221905218,2,1,1,mixture/0.3/2/5/11
0.3,2,11,0,1000,200,5,constant,ratio,0.04600000000000004,2,1,1,mixture/0.3/2/5/11
0.3,2,11,0,1000,200,5,constant,ratio-half,0.04600000000000004,2,1,1,mixture/0.3/2/5/11
0.3,2,11,0,1000,200,5,constant,asw-pam,,2,1,1,mixture/0.3/2/5/11
0.3,2,11,0,1000,200,5,constant,asw-average,,2,1,1,mixture/0.3/2/5/11
0.3,2,12,0,1000,200,5,constant,stated,0.5395907397331495,2,1,1,mixture/0.3/2/5/12
0.3,2,12,0,1000,200,5,constant,geomean,0.15491933384829645,2,1,1,mixture/0.3/2/5/12
0.3,2,12,0,1000,200,5,constant,ratio,0.04800000000000004,2,1,1,mixture/0.3/2/5/12
0.3,2,12,0,1000,200,5,constant,ratio-half,0.04800000000000004,2,1,1,mixture/0.3/2/5/12
0.3,2,12,0,1000,200,5,constant,asw-pam,,2,1,1,mixture/0.3/2/5/12
0.3,2,12,0,1000,200,5,constant,asw-average,,2,1,1,mixture/0.3/2/5/12
0.3,2,13,0,1000,200,5,constant,stated,0.5395907397331495,2,1,1,mixture/0.3/2/5/13
0.3,2,13,0,1000,200,5,constant,geomean,0.12322337440599496,2,1,1,mixture/0.3/2/5/13
0.3,2,13,0,1000,200,5,constant,ratio,0.04399999999999993,2,1,1,mixture/0.3/2/5/13
0.3,2,13,0,1000,200,5,constant,ratio-half,0.04399999999999993,2,1,1,mixture/0.3/2/5/13
0.3,2,13,0,1000,200,5,constant,asw-pam,,2,1,1,mixture/0.3/2/5/13
0.3,2,13,0,1000,200,5,constant,asw-average,,2,1,1,mixture/0.3/2/5/13
0.3,2,14,0,1000,200,5,constant,stated,0.5395907397331495,2,1,1,mixture/0.3/2/5/14
0.3,2,14,0,1000,200,5,constant,geomean,0.18066543665017923,2,1,1,mixture/0.3/2/5/14
0.3,2,14,0,1000,200,5,constant,ratio,0.062000000000000055,2,1,1,mixture/0.3/2/5/14
0.3,2,14,0,1000,200,5,constant,ratio-half,0.062000000000000055,2,1,1,mixture/0.3/2/5/14
0.3,2,14,0,1000,200,5,constant,asw-pam,,2,1,1,mixture/0.3/2/5/14
0.3,2,14,0,1000,200,5,constant,asw-average,,2,1,1,mixture/0.3/2/5/14
0.3,2,15,0,1000,200,5,constant,stated,0.5395907397331495,1,0,0,mixture/0.3/2/5/15
0.3,2,15,0,1000,200,5,constant,geomean,0.10647065323364914,2,1,1,mixture/0.3/2/5/15
0.3,2,15,0,1000,200,5,constant,ratio,0.038000000000000034,2,1,1,mixture/0.3/2/5/15
0.3,2,15,0,1000,200,5,constant,ratio-half,0.038000000000000034,2,1,1,mixture/0.3/2/5/15
0.3,2,15,0,1000,200,5,constant,asw-pam,,2,1,1,mixture/0.3/2/5/15
0.3,2,15,0,1000,200,5,constant,asw-average,,2,1,1,mixture/0.3/2/5/15
0.3,2,16,0,1000,200,5,constant,stated,0.5395907397331495,2,1,1,mixture/0.3/2/5/16
0.3,2,16,0,1000,200,5,constant,geomean,0.23671079400821596,2,1,1,mixture/0.3/2/5/16
0.3,2,16,0,1000,200,5,constant,ratio,0.14,2,1,1,mixture/0.3/2/5/16
0.3,2,16,0,1000,200,5,constant,ratio-half,0.14,2,1,1,mixture/0.3/2/5/16
0.3,2,16,0,1000,200,5,constant,asw-pam,,2,1,1,mixture/0.3/2/5/16
0.3,2,16,0,1000,200,5,constant,asw-average,,2,1,1,mixture/0.3/2/5/16
0.3,2,17,0,1000,200,5,constant,stated,0.5395907397331495,1,0,0,mixture/0.3/2/5/17
0.3,2,17,0,1000,200,5,constant,geomean,0.12998461447417542,2,1,1,mixture/0.3/2/5/17
0.3,2,17,0,1000,200,5,constant,ratio,0.06599999999999995,2,1,1,mixture/0.3/2/5/17
0.3,2,17,0,1000,200,5,constant,ratio-half,0.06599999999999995,2,1,1,mixture/0.3/2/5/17
0.3,2,17,0,1000,200,5,constant,asw-pam,,2,1,1,mixture/0.3/2/5/17
0.3,2,17,0,1000,200,5,constant,asw-average,,2,1,1,mixture/0.3/2/5/17
0.3,2,18,0,1000,200,5,constant,stated,0.5395907397331495,1,0,0,mixture/0.3/2/5/18
0.3,2,18,0,1000,200,5,constant,geomean,0.13407460609675484,2,1,1,mixture/0.3/2/5/18
0.3,2,18,0,1000,200,5,constant,ratio,0.06799999999999995,2,1,1,mixture/0.3/2/5/18
0.3,2,18,0,1000,200,5,constant,ratio-half,0.06799999999999995,2,1,1,mixture/0.3/2/5/18
0.3,2,18,0,1000,200,5,constant,asw-pam,,2,1,1,mixture/0.3/2/5/18
0.3,2,18,0,1000,200,5,constant,asw-average,,2,1,1,mixture/0.3/2/5/18
0.3,2,19,0,1000,200,5,constant,stated,0.5395907397331495,1,0,0,mixture/0.3/2/5/19
0.3,2,19,0,1000,200,5,constant,geomean,0.1572259520562683,2,1,1,mixture/0.3/2/5/19
0.3,2,19,0,1000,200,5,constant,ratio,0.09599999999999997,2,1,1,mixture/0.3/2/5/19
0.3,2,19,0,1000,200,5,constant,ratio-half,0.09599999999999997,2,1,1,mixture/0.3/2/5/19
0.3,2,19,0,1000,200,5,constant,asw-pam,,2,1,1,mixture/0.3/2/5/19
0.3,2,19,0,1000,200,5,constant,asw-average,,2,1,1,mixture/0.3/2/5/19
0.3,3,0,0,1000,200,5,constant,stated,0.5395907397331495,1,0,0,mixture/0.3/3/5/0
0.3,3,0,0,1000,200,5,constant,geomean,0.11304866208850069,3,1,1,mixture/0.3/3/5/0
0.3,3,0,0,1000,200,5,constant,ratio,0.05999999999999994,3,1,1,mixture/0.3/3/5/0
0.3,3,0,0,1000,200,5,constant,ratio-half,0.05999999999999994,3,1,1,mixture/0.3/3/5/0
0.3,3,0,0,1000,200,5,constant,asw-pam,,3,1,1,mixture/0.3/3/5/0
0.3,3,0,0,1000,200,5,constant,asw-average,,3,1,1,mixture/0.3/3/5/0
0.3,3,1,0,1000,200,5,constant,stated,0.5395907397331495,2,0,0,mixture/0.3/3/5/1
0.3,3,1,0,1000,200,5,constant,geomean,0.15566630977832044,3,1,1,mixture/0.3/3/5/1
0.3,3,1,0,1000,200,5,constant,ratio,0.04999999999999999,3,1,1,mixture/0.3/3/5/1
0.3,3,1,0,1000,200,5,constant,ratio-half,0.04999999999999999,3,1,1,mixture/0.3/3/5/1
0.3,3,1,0,1000,200,5,constant,asw-pam,,2,0,0,mixture/0.3/3/5/1
0.3,3,1,0,1000,200,5,constant,asw-average,,2,0,0,mixture/0.3/3/5/1
0.3,3,2,0,1000,200,5,constant,stated,0.5395907397331495,1,0,0,mixture/0.3/3/5/2
0.3,3,2,0,1000,200,5,constant,geomean,0.09983987179478951,3,1,1,mixture/0.3/3/5/2
0.3,3,2,0,1000,200,5,constant,ratio,0.09599999999999997,3,1,1,mixture/0.3/3/5/2
0.3,3,2,0,1000,200,5,constant,ratio-half,0.09599999999999997,3,1,1,mixture/0.3/3/5/2
0.3,3,2,0,1000,200,5,constant,asw-pam,,2,0,0,mixture/0.3/3/5/2
0.3,3,2,0,1000,200,5,constant,asw-average,,2,0,0,mixture/0.3/3/5/2
0.3,3,3,0,1000,200,5,constant,stated,0.5395907397331495,1,0,0,mixture/0.3/3/5/3
0.3,3,3,0,1000,200,5,constant,geomean,0.1485934049680536,3,1,1,mixture/0.3/3/5/3
0.3,3,3,0,1000,200,5,constant,ratio,0.07400000000000007,3,1,1,mixture/0.3/3/5/3
0.3,3,3,0,1000,200,5,constant,ratio-half,0.07400000000000007,3,1,1,mixture/0.3/3/5/3
0.3,3,3,0,1000,200,5,constant,asw-pam,,3,1,1,mixture/0.3/3/5/3
0.3,3,3,0,1000,200,5,constant,asw-average,,3,1,1,mixture/0.3/3/5/3
0.3,3,4,0,1000,200,5,constant,stated,0.5395907397331495,1,0,0,mixture/0.3/3/5/4
0.3,3,4,0,1000,200,5,constant,geomean,0.11462983904725685,4,0,0,mixture/0.3/3/5/4
0.3,3,4,0,1000,200,5,constant,ratio,0.122,3,1,1,mixture/0.3/3/5/4
0.3,3,4,0,1000,200,5,constant,ratio-half,0.122,3,1,1,mixture/0.3/3/5/4
0.3,3,4,0,1000,200,5,constant,asw-pam,,3,1,1,mixture/0.3/3/5/4
0.3,3,4,0,1000,200,5,constant,asw-average,,3,1,1,mixture/0.3/3/5/4
0.3,3,5,0,1000,200,5,constant,stated,0.5395907397331495,1,0,0,mixture/0.3/3/5/5
0.3,3,5,0,1000,200,5,constant,geomean,0.12623787070447606,3,1,1,mixture/0.3/3/5/5
0.3,3,5,0,1000,200,5,constant,ratio,0.09199999999999997,3,1,1,mixture/0.3/3/5/5
0.3,3,5,0,1000,200,5,constant,ratio-half,0.09199999999999997,3,1,1,mixture/0.3/3/5/5
0.3,3,5,0,1000,200,5,constant,asw-pam,,3,1,1,mixture/0.3/3/5/5
0.3,3,5,0,1000,200,5,constant,asw-average,,3,1,1,mixture/0.3/3/5/5
0.3,3,6,0,1000,200,5,constant,stated,0.5395907397331495,1,0,0,mixture/0.3/3/5/6
0.3,3,6,0,1000,200,5,constant,geomean,0.1372880184138442,3,1,1,mixture/0.3/3/5/6
0.3,3,6,0,1000,200,5,constant,ratio,0.06000000000000005,3,1,1,mixture/0.3/3/5/6
0.3,3,6,0,1000,200,5,constant,ratio-half,0.06000000000000005,3,1,1,mixture/0.3/3/5/6
0.3,3,6,0,1000,200,5,constant,asw-pam,,3,1,1,mixture/0.3/3/5/6
0.3,3,6,0,1000,200,5,constant,asw-average,,3,1,1,mixture/0.3/3/5/6
0.3,3,7,0,1000,200,5,constant,stated,0.5395907397331495,1,0,0,mixture/0.3/3/5/7
0.3,3,7,0,1000,200,5,constant,geomean,0.09633275663033841,3,1,1,mixture/0.3/3/5/7
0.3,3,7,0,1000,200,5,constant,ratio,0.06000000000000005,3,1,1,mixture/0.3/3/5/7
0.3,3,7,0,1000,200,5,constant,ratio-half,0.06000000000000005,3,1,1,mixture/0.3/3/5/7
0.3,3,7,0,1000,200,5,constant,asw-pam,,3,1,1,mixture/0.3/3/5/7
0.3,3,7,0,1000,200,5,constant,asw-average,,3,1,1,mixture/0.3/3/5/7
0.3,3,8,0,1000,200,5,constant,stated,0.5395907397331495,1,0,0,mixture/0.3/3/5/8
0.3,3,8,0,1000,200,5,constant,geomean,0.1251399216876853,3,1,1,mixture/0.3/3/5/8
0.3,3,8,0,1000,200,5,constant,ratio,0.06800000000000006,3,1,1,mixture/0.3/3/5/8
0.3,3,8,0,1000,200,5,constant,ratio-half,0.06800000000000006,3,1,1,mixture/0.3/3/5/8
0.3,3,8,0,1000,200,5,constant,asw-pam,,3,1,1,mixture/0.3/3/5/8
0.3,3,8,0,1000,200,5,constant,asw-average,,3,1,1,mixture/0.3/3/5/8
0.3,3,9,0,1000,200,5,constant,stated,0.5395907397331495,3,1,1,mixture/0.3/3/5/9
0.3,3,9,0,1000,200,5,constant,geomean,0.17581808780668737,3,1,1,mixture/0.3/3/5/9
0.3,3,9,0,1000,200,5,constant,ratio,0.050000000000000044,3,1,1,mixture/0.3/3/5/9
0.3,3,9,0,1000,200,5,constant,ratio-half,0.050000000000000044,3,1,1,mixture/0.3/3/5/9
0.3,3,9,0,1000,200,5,constant,asw-pam,,3,1,1,mixture/0.3/3/5/9
0.3,3,9,0,1000,200,5,constant,asw-average,,3,1,1,mixture/0.3/3/5/9
0.3,3,10,0,1000,200,5,constant,stated,0.5395907397331495,2,0,0,mixture/0.3/3/5/10
0.3,3,10,0,1000,200,5,constant,geomean,0.17373543104387207,3,1,1,mixture/0.3/3/5/10
0.3,3,10,0,1000,200,5,constant,ratio,0.07800000000000001,3,1,1,mixture/0.3/3/5/10
0.3,3,10,0,1000,200,5,constant,ratio-half,0.07800000000000001,3,1,1,mixture/0.3/3/5/10
0.3,3,10,0,1000,200,5,constant,asw-pam,,2,0,0,mixture/0.3/3/5/10
0.3,3,10,0,1000,200,5,constant,asw-average,,2,0,0,mixture/0.3/3/5/10
0.3,3,11,0,1000,200,5,constant,stated,0.5395907397331495,1,0,0,mixture/0.3/3/5/11
0.3,3,11,0,1000,200,5,constant,geomean,0.11784735890124994,3,1,1,mixture/0.3/3/5/11
0.3,3,11,0,1000,200,5,constant,ratio,0.040000000000000036,3,1,1,mixture/0.3/3/5/11
0.3,3,11,0,1000,200,5,constant,ratio-half,0.040000000000000036,3,1,1,mixture/0.3/3/5/11
0.3,3,11,0,1000,200,5,constant,asw-pam,,2,0,0,mixture/0.3/3/5/11
0.3,3,11,0,1000,200,5,constant,asw-average,,2,0,0,mixture/0.3/3/5/11
0.3,3,12,0,1000,200,5,constant,stated,0.5395907397331495,1,0,0,mixture/0.3/3/5/12
0.3,3,12,0,1000,200,5,constant,geomean,0.099196774141098,3,1,1,mixture/0.3/3/5/12
0.3,3,12,0,1000,200,5,constant,ratio,0.05400000000000005,3,1,1,mixture/0.3/3/5/12
0.3,3,12,0,1000,200,5,constant,ratio-half,0.05400000000000005,3,1,1,mixture/0.3/3/5/12
0.3,3,12,0,1000,200,5,constant,asw-pam,,3,1,1,mixture/0.3/3/5/12
0.3,3,12,0,1000,200,5,constant,asw-average,,3,1,1,mixture/0.3/3/5/12
0.3,3,13,0,1000,200,5,constant,stated,0.5395907397331495,1,0,0,mixture/0.3/3/5/13
0.3,3,13,0,1000,200,5,constant,geomean,0.16278820596099713,3,1,1,mixture/0.3/3/5/13
0.3,3,13,0,1000,200,5,constant,ratio,0.08599999999999997,3,1,1,mixture/0.3/3/5/13
0.3,3,13,0,1000,200,5,constant,ratio-half,0.08599999999999997,3,1,1,mixture/0.3/3/5/13
0.3,3,13,0,1000,200,5,constant,asw-pam,,3,1,1,mixture/0.3/3/5/13
0.3,3,13,0,1000,200,5,constant,asw-average,,3,1,1,mixture/0.3/3/5/13
0.3,3,14,0,1000,200,5,constant,stated,0.5395907397331495,2,0,0,mixture/0.3/3/5/14
0.3,3,14,0,1000,200,5,constant,geomean,0.2084514331924826,3,1,1,mixture/0.3/3/5/14
0.3,3,14,0,1000,200,5,constant,ratio,0.21999999999999997,2,0,0,mixture/0.3/3/5/14
0.3,3,14,0,1000,200,5,constant,ratio-half,0.21999999999999997,2,0,0,mixture/0.3/3/5/14
0.3,3,14,0,1000,200,5,constant,asw-pam,,2,0,0,mixture/0.3/3/5/14
0.3,3,14,0,1000,200,5,constant,asw-average,,2,0,0,mixture/0.3/3/5/14
0.3,3,15,0,1000,200,5,constant,stated,0.5395907397331495,3,1,1,mixture/0.3/3/5/15
0.3,3,15,0,1000,200,5,constant,geomean,0.1581771159175689,3,1,1,mixture/0.3/3/5/15
0.3,3,15,0,1000,200,5,constant,ratio,0.05400000000000005,3,1,1,mixture/0.3/3/5/15
0.3,3,15,0,1000,200,5,constant,ratio-half,0.05400000000000005,3,1,1,mixture/0.3/3/5/15
0.3,3,15,0,1000,200,5,constant,asw-pam,,3,1,1,mixture/0.3/3/5/15
0.3,3,15,0,1000,200,5,constant,asw-average,,3,1,1,mixture/0.3/3/5/15
0.3,3,16,0,1000,200,5,constant,stated,0.5395907397331495,1,0,0,mixture/0.3/3/5/16
0.3,3,16,0,1000,200,5,constant,geomean,0.09011104260855052,3,1,1,mixture/0.3/3/5/16
0.3,3,16,0,1000,200,5,constant,ratio,0.03599999999999992,3,1,1,mixture/0.3/3/5/16
0.3,3,16,0,1000,200,5,constant,ratio-half,0.03599999999999992,3,1,1,mixture/0.3/3/5/16
0.3,3,16,0,1000,200,5,constant,asw-pam,,3,1,1,mixture/0.3/3/5/16
0.3,3,16,0,1000,200,5,constant,asw-average,,3,1,1,mixture/0.3/3/5/16
0.3,3,17,0,1000,200,5,constant,stated,0.5395907397331495,1,0,0,mixture/0.3/3/5/17
0.3,3,17,0,1000,200,5,constant,geomean,0.12680693987317893,3,1,1,mixture/0.3/3/5/17
0.3,3,17,0,1000,200,5,constant,ratio,0.08200000000000007,3,1,1,mixture/0.3/3/5/17
0.3,3,17,0,1000,200,5,constant,ratio-half,0.08200000000000007,3,1,1,mixture/0.3/3/5/17
0.3,3,17,0,1000,200,5,constant,asw-pam,,3,1,1,mixture/0.3/3/5/17
0.3,3,17,0,1000,200,5,constant,asw-average,,3,1,1,mixture/0.3/3/5/17
0.3,3,18,0,1000,200,5,constant,stated,0.5395907397331495,1,0,0,mixture/0.3/3/5/18
0.3,3,18,0,1000,200,5,constant,geomean,0.1180677771451632,3,1,1,mixture/0.3/3/5/18
0.3,3,18,0,1000,200,5,constant,ratio,0.05599999999999994,3,1,1,mixture/0.3/3/5/18
0.3,3,18,0,1000,200,5,constant,ratio-half,0.05599999999999994,3,1,1,mixture/0.3/3/5/18
0.3,3,18,0,1000,200,5,constant,asw-pam,,3,1,1,mixture/0.3/3/5/18
0.3,3,18,0,1000,200,5,constant,asw-average,,3,1,1,mixture/0.3/3/5/18
0.3,3,19,0,1000,200,5,constant,stated,0.5395907397331495,2,0,0,mixture/0.3/3/5/19
0.3,3,19,0,1000,200,5,constant,geomean,0.1839565166010708,3,1,1,mixture/0.3/3/5/19
0.3,3,19,0,1000,200,5,constant,ratio,0.09799999999999998,3,1,1,mixture/0.3/3/5/19
0.3,3,19,0,1000,200,5,constant,ratio-half,0.09799999999999998,3,1,1,mixture/0.3/3/5/19
0.3,3,19,0,1000,200,5,constant,asw-pam,,2,0,0,mixture/0.3/3/5/19
0.3,3,19,0,1000,200,5,constant,asw-average,,2,0,0,mixture/0.3/3/5/19
0.3,4,0,0,1000,200,5,constant,stated,0.5395907397331495,2,0,0,mixture/0.3/4/5/0
0.3,4,0,0,1000,200,5,constant,geomean,0.153909064060568,4,1,1,mixture/0.3/4/5/0
0.3,4,0,0,1000,200,5,constant,ratio,0.10999999999999999,4,1,1,mixture/0.3/4/5/0
0.3,4,0,0,1000,200,5,constant,ratio-half,0.10999999999999999,4,1,1,mixture/0.3/4/5/0
0.3,4,0,0,1000,200,5,constant,asw-pam,,2,0,0,mixture/0.3/4/5/0
0.3,4,0,0,1000,200,5,constant,asw-average,,2,0,0,mixture/0.3/4/5/0
0.3,4,1,0,1000,200,5,constant,stated,0.5395907397331495,1,0,0,mixture/0.3/4/5/1
0.3,4,1,0,1000,200,5,constant,geomean,0.12325583150504488,4,1,1,mixture/0.3/4/5/1
0.3,4,1,0,1000,200,5,constant,ratio,0.05400000000000005,4,1,1,mixture/0.3/4/5/1
0.3,4,1,0,1000,200,5,constant,ratio-half,0.05400000000000005,4,1,1,mixture/0.3/4/5/1
0.3,4,1,0,1000,200,5,constant,asw-pam,,4,1,1,mixture/0.3/4/5/1
0.3,4,1,0,1000,200,5,constant,asw-average,,4,1,1,mixture/0.3/4/5/1
0.3,4,2,0,1000,200,5,constant,stated,0.5395907397331495,2,0,0,mixture/0.3/4/5/2
0.3,4,2,0,1000,200,5,constant,geomean,0.1989874367893611,4,1,1,mixture/0.3/4/5/2
0.3,4,2,0,1000,200,5,constant,ratio,0.08999999999999997,4,1,1,mixture/0.3/4/5/2
0.3,4,2,0,1000,200,5,constant,ratio-half,0.08999999999999997,4,1,1,mixture/0.3/4/5/2
0.3,4,2,0,1000,200,5,constant,asw-pam,,2,0,0,mixture/0.3/4/5/2
0.3,4,2,0,1000,200,5,constant,asw-average,,2,0,0,mixture/0.3/4/5/2
0.3,4,3,0,1000,200,5,constant,stated,0.5395907397331495,3,0,0,mixture/0.3/4/5/3
0.3,4,3,0,1000,200,5,constant,geomean,0.14947909552843827,4,1,1,mixture/0.3/4/5/3
0.3,4,3,0,1000,200,5,constant,ratio,0.07,4,1,1,mixture/0.3/4/5/3
0.3,4,3,0,1000,200,5,constant,ratio-half,0.07,4,1,1,mixture/0.3/4/5/3
0.3,4,3,0,1000,200,5,constant,asw-pam,,4,1,1,mixture/0.3/4/5/3
0.3,4,3,0,1000,200,5,constant,asw-average,,4,1,1,mixture/0.3/4/5/3
0.3,4,4,0,1000,200,5,constant,stated,0.5395907397331495,1,0,0,mixture/0.3/4/5/4
0.3,4,4,0,1000,200,5,constant,geomean,0.11921409312660987,4,1,1,mixture/0.3/4/5/4
0.3,4,4,0,1000,200,5,constant,ratio,0.05600000000000005,4,1,1,mixture/0.3/4/5/4
0.3,4,4,0,1000,200,5,constant,ratio-half,0.05600000000000005,4,1,1,mixture/0.3/4/5/4
0.3,4,4,0,1000,200,5,constant,asw-pam,,3,0,0,mixture/0.3/4/5/4
0.3,4,4,0,1000,200,5,constant,asw-average,,3,0,0,mixture/0.3/4/5/4
0.3,4,5,0,1000,200,5,constant,stated,0.5395907397331495,4,1,1,mixture/0.3/4/5/5
0.3,4,5,0,1000,200,5,constant,geomean,0.1675708805252272,4,1,1,mixture/0.3/4/5/5
0.3,4,5,0,1000,200,5,constant,ratio,0.16199999999999998,4,1,1,mixture/0.3/4/5/5
0.3,4,5,0,1000,200,5,constant,ratio-half,0.16199999999999998,4,1,1,mixture/0.3/4/5/5
0.3,4,5,0,1000,200,5,constant,asw-pam,,4,1,1,mixture/0.3/4/5/5
0.3,4,5,0,1000,200,5,constant,asw-average,,4,1,1,mixture/0.3/4/5/5
0.3,4,6,0,1000,200,5,constant,stated,0.5395907397331495,1,0,0,mixture/0.3/4/5/6
0.3,4,6,0,1000,200,5,constant,geomean,0.15328405005087783,4,1,1,mixture/0.3/4/5/6
0.3,4,6,0,1000,200,5,constant,ratio,0.09000000000000008,4,1,1,mixture/0.3/4/5/6
0.3,4,6,0,1000,200,5,constant,ratio-half,0.09000000000000008,4,1,1,mixture/0.3/4/5/6
0.3,4,6,0,1000,200,5,constant,asw-pam,,4,1,1,mixture/0.3/4/5/6
0.3,4,6,0,1000,200,5,constant,asw-average,,4,1,1,mixture/0.3/4/5/6
0.3,4,7,0,1000,200,5,constant,stated,0.5395907397331495,1,0,0,mixture/0.3/4/5/7
0.3,4,7,0,1000,200,5,constant,geomean,0.1260952021291845,4,1,1,mixture/0.3/4/5/7
0.3,4,7,0,1000,200,5,constant,ratio,0.04600000000000004,4,1,1,mixture/0.3/4/5/7
0.3,4,7,0,1000,200,5,constant,ratio-half,0.04600000000000004,4,1,1,mixture/0.3/4/5/7
0.3,4,7,0,1000,200,5,constant,asw-pam,,2,0,0,mixture/0.3/4/5/7
0.3,4,7,0,1000,200,5,constant,asw-average,,2,0,0,mixture/0.3/4/5/7
0.3,4,8,0,1000,200,5,constant,stated,0.5395907397331495,1,0,0,mixture/0.3/4/5/8
0.3,4,8,0,1000,200,5,constant,geomean,0.12258874336577569,4,1,1,mixture/0.3/4/5/8
0.3,4,8,0,1000,200,5,constant,ratio,0.07999999999999996,4,1,1,mixture/0.3/4/5/8
0.3,4,8,0,1000,200,5,constant,ratio-half,0.07999999999999996,4,1,1,mixture/0.3/4/5/8
0.3,4,8,0,1000,200,5,constant,asw-pam,,2,0,0,mixture/0.3/4/5/8
0.3,4,8,0,1000,200,5,constant,asw-average,,2,0,0,mixture/0.3/4/5/8
0.3,4,9,0,1000,200,5,constant,stated,0.5395907397331495,2,0,0,mixture/0.3/4/5/9
0.3,4,9,0,1000,200,5,constant,geomean,0.15511286213592998,4,1,1,mixture/0.3/4/5/9
0.3,4,9,0,1000,200,5,constant,ratio,0.08999999999999997,4,1,1,mixture/0.3/4/5/9
0.3,4,9,0,1000,200,5,constant,ratio-half,0.08999999999999997,4,1,1,mixture/0.3/4/5/9
0.3,4,9,0,1000,200,5,constant,asw-pam,,2,0,0,mixture/0.3/4/5/9
0.3,4,9,0,1000,200,5,constant,asw-average,,2,0,0,mixture/0.3/4/5/9
0.3,4,10,0,1000,200,5,constant,stated,0.5395907397331495,1,0,0,mixture/0.3/4/5/10
0.3,4,10,0,1000,200,5,constant,geomean,0.0922605007573664,4,1,1,mixture/0.3/4/5/10
0.3,4,10,0,1000,200,5,constant,ratio,0.07199999999999995,4,1,1,mixture/0.3/4/5/10
0.3,4,10,0,1000,200,5,constant,ratio-half,0.07199999999999995,4,1,1,mixture/0.3/4/5/10
0.3,4,10,0,1000,200,5,constant,asw-pam,,2,0,0,mixture/0.3/4/5/10
0.3,4,10,0,1000,200,5,constant,asw-average,,2,0,0,mixture/0.3/4/5/10
0.3,4,11,0,1000,200,5,constant,stated,0.5395907397331495,2,0,0,mixture/0.3/4/5/11
0.3,4,11,0,1000,200,5,constant,geomean,0.12432216214336049,4,1,1,mixture/0.3/4/5/11
0.3,4,11,0,1000,200,5,constant,ratio,0.05800000000000005,4,1,1,mixture/0.3/4/5/11
0.3,4,11,0,1000,200,5,constant,ratio-half,0.05800000000000005,4,1,1,mixture/0.3/4/5/11
0.3,4,11,0,1000,200,5,constant,asw-pam,,2,0,0,mixture/0.3/4/5/11
0.3,4,11,0,1000,200,5,constant,asw-average,,2,0,0,mixture/0.3/4/5/11
0.3,4,12,0,1000,200,5,constant,stated,0.5395907397331495,1,0,0,mixture/0.3/4/5/12
0.3,4,12,0,1000,200,5,constant,geomean,0.1192476414861108,4,1,1,mixture/0.3/4/5/12
0.3,4,12,0,1000,200,5,constant,ratio,0.05600000000000005,4,1,1,mixture/0.3/4/5/12
0.3,4,12,0,1000,200,5,constant,ratio-half,0.05600000000000005,4,1,1,mixture/0.3/4/5/12
0.3,4,12,0,1000,200,5,constant,asw-pam,,4,1,1,mixture/0.3/4/5/12
0.3,4,12,0,1000,200,5,constant,asw-average,,4,1,1,mixture/0.3/4/5/12
0.3,4,13,0,1000,200,5,constant,stated,0.5395907397331495,1,0,0,mixture/0.3/4/5/13
0.3,4,13,0,1000,200,5,constant,geomean,0.09871170143402457,4,1,1,mixture/0.3/4/5/13
0.3,4,13,0,1000,200,5,constant,ratio,0.03200000000000003,4,1,1,mixture/0.3/4/5/13
0.3,4,13,0,1000,200,5,constant,ratio-half,0.03200000000000003,4,1,1,mixture/0.3/4/5/13
0.3,4,13,0,1000,200,5,constant,asw-pam,,4,1,1,mixture/0.3/4/5/13
0.3,4,13,0,1000,200,5,constant,asw-average,,4,1,1,mixture/0.3/4/5/13
0.3,4,14,0,1000,200,5,constant,stated,0.5395907397331495,1,0,0,mixture/0.3/4/5/14
0.3,4,14,0,1000,200,5,constant,geomean,0.11198214143335541,4,1,1,mixture/0.3/4/5/14
0.3,4,14,0,1000,200,5,constant,ratio,0.05800000000000005,4,1,1,mixture/0.3/4/5/14
0.3,4,14,0,1000,200,5,constant,ratio-half,0.05800000000000005,4,1,1,mixture/0.3/4/5/14
0.3,4,14,0,1000,200,5,constant,asw-pam,,4,1,1,mixture/0.3/4/5/14
0.3,4,14,0,1000,200,5,constant,asw-average,,4,1,1,mixture/0.3/4/5/14
0.3,4,15,0,1000,200,5,constant,stated,0.5395907397331495,2,0,0,mixture/0.3/4/5/15
0.3,4,15,0,1000,200,5,constant,geomean,0.18654758106177638,4,1,1,mixture/0.3/4/5/15
0.3,4,15,0,1000,200,5,constant,ratio,0.07800000000000001,4,1,1,mixture/0.3/4/5/15
0.3,4,15,0,1000,200,5,constant,ratio-half,0.07800000000000001,4,1,1,mixture/0.3/4/5/15
0.3,4,15,0,1000,200,5,constant,asw-pam,,2,0,0,mixture/0.3/4/5/15
0.3,4,15,0,1000,200,5,constant,asw-average,,2,0,0,mixture/0.3/4/5/15
0.3,4,16,0,1000,200,5,constant,stated,0.5395907397331495,4,1,1,mixture/0.3/4/5/16
0.3,4,16,0,1000,200,5,constant,geomean,0.14066982618884558,4,1,1,mixture/0.3/4/5/16
0.3,4,16,0,1000,200,5,constant,ratio,0.07399999999999984,4,1,1,mixture/0.3/4/5/16
0.3,4,16,0,1000,200,5,constant,ratio-half,0.07399999999999984,4,1,1,mixture/0.3/4/5/16
0.3,4,16,0,1000,200,5,constant,asw-pam,,4,1,1,mixture/0.3/4/5/16
0.3,4,16,0,1000,200,5,constant,asw-average,,4,1,1,mixture/0.3/4/5/16
0.3,4,17,0,1000,200,5,constant,stated,0.5395907397331495,1,0,0,mixture/0.3/4/5/17
0.3,4,17,0,1000,200,5,constant,geomean,0.1306292463424635,4,1,1,mixture/0.3/4/5/17
0.3,4,17,0,1000,200,5,constant,ratio,0.10200000000000009,4,1,1,mixture/0.3/4/5/17
0.3,4,17,0,1000,200,5,constant,ratio-half,0.10200000000000009,4,1,1,mixture/0.3/4/5/17
0.3,4,17,0,1000,200,5,constant,asw-pam,,3,0,0,mixture/0.3/4/5/17
0.3,4,17,0,1000,200,5,constant,asw-average,,3,0,0,mixture/0.3/4/5/17
0.3,4,18,0,1000,200,5,constant,stated,0.5395907397331495,1,0,0,mixture/0.3/4/5/18
0.3,4,18,0,1000,200,5,constant,geomean,0.10792590050585638,4,1,1,mixture/0.3/4/5/18
0.3,4,18,0,1000,200,5,constant,ratio,0.04200000000000004,4,1,1,mixture/0.3/4/5/18
0.3,4,18,0,1000,200,5,constant,ratio-half,0.04200000000000004,4,1,1,mixture/0.3/4/5/18
0.3,4,18,0,1000,200,5,constant,asw-pam,,4,1,1,mixture/0.3/4/5/18
0.3,4,18,0,1000,200,5,constant,asw-average,,4,1,1,mixture/0.3/4/5/18
0.3,4,19,0,1000,200,5,constant,stated,0.5395907397331495,1,0,0,mixture/0.3/4/5/19
0.3,4,19,0,1000,200,5,constant,geomean,0.09295160030897805,4,1,1,mixture/0.3/4/5/19
0.3,4,19,0,1000,200,5,constant,ratio,0.04399999999999993,4,1,1,mixture/0.3/4/5/19
0.3,4,19,0,1000,200,5,constant,ratio-half,0.04399999999999993,4,1,1,mixture/0.3/4/5/19
0.3,4,19,0,1000,200,5,constant,asw-pam,,4,1,1,mixture/0.3/4/5/19
0.3,4,19,0,1000,200,5,constant,asw-average,,4,1,1,mixture/0.3/4/5/19
0.3,5,0,0,1000,200,5,constant,stated,0.5395907397331495,2,0,0,mixture/0.3/5/5/0
0.3,5,0,0,1000,200,5,constant,geomean,0.22049943310584735,5,1,1,mixture/0.3/5/5/0
0.3,5,0,0,1000,200,5,constant,ratio,0.10999999999999999,5,1,1,mixture/0.3/5/5/0
0.3,5,0,0,1000,200,5,constant,ratio-half,0.10999999999999999,5,1,1,mixture/0.3/5/5/0
0.3,5,0,0,1000,200,5,constant,asw-pam,,2,0,0,mixture/0.3/5/5/0
0.3,5,0,0,1000,200,5,constant,asw-average,,2,0,0,mixture/0.3/5/5/0
0.3,5,1,0,1000,200,5,constant,stated,0.5395907397331495,1,0,0,mixture/0.3/5/5/1
0.3,5,1,0,1000,200,5,constant,geomean,0.10430723848324208,5,1,1,mixture/0.3/5/5/1
0.3,5,1,0,1000,200,5,constant,ratio,0.05999999999999994,5,1,1,mixture/0.3/5/5/1
0.3,5,1,0,1000,200,5,constant,ratio-half,0.05999999999999994,5,1,1,mixture/0.3/5/5/1
0.3,5,1,0,1000,200,5,constant,asw-pam,,5,1,1,mixture/0.3/5/5/1
0.3,5,1,0,1000,200,5,constant,asw-average,,5,1,1,mixture/0.3/5/5/1
0.3,5,2,0,1000,200,5,constant,stated,0.5395907397331495,1,0,0,mixture/0.3/5/5/2
0.3,5,2,0,1000,200,5,constant,geomean,0.10624499988234744,5,1,1,mixture/0.3/5/5/2
0.3,5,2,0,1000,200,5,constant,ratio,0.052000000000000046,5,1,1,mixture/0.3/5/5/2
0.3,5,2,0,1000,200,5,constant,ratio-half,0.052000000000000046,5,1,1,mixture/0.3/5/5/2
0.3,5,2,0,1000,200,5,constant,asw-pam,,2,0,0,mixture/0.3/5/5/2
0.3,5,2,0,1000,200,5,constant,asw-average,,2,0,0,mixture/0.3/5/5/2
0.3,5,3,0,1000,200,5,constant,stated,0.5395907397331495,1,0,0,mixture/0.3/5/5/3
0.3,5,3,0,1000,200,5,constant,geomean,0.12633289357883012,5,1,1,mixture/0.3/5/5/3
0.3,5,3,0,1000,200,5,constant,ratio,0.136,4,0,0,mixture/0.3/5/5/3
0.3,5,3,0,1000,200,5,constant,ratio-half,0.136,4,0,0,mixture/0.3/5/5/3
0.3,5,3,0,1000,200,5,constant,asw-pam,,3,0,0,mixture/0.3/5/5/3
0.3,5,3,0,1000,200,5,constant,asw-average,,3,0,0,mixture/0.3/5/5/3
0.3,5,4,0,1000,200,5,constant,stated,0.5395907397331495,1,0,0,mixture/0.3/5/5/4
0.3,5,4,0,1000,200,5,constant,geomean,0.12585706178041825,5,1,1,mixture/0.3/5/5/4
0.3,5,4,0,1000,200,5,constant,ratio,0.06599999999999995,5,1,1,mixture/0.3/5/5/4
0.3,5,4,0,1000,200,5,constant,ratio-half,0.06599999999999995,5,1,1,mixture/0.3/5/5/4
0.3,5,4,0,1000,200,5,constant,asw-pam,,5,1,1,mixture/0.3/5/5/4
0.3,5,4,0,1000,200,5,constant,asw-average,,5,1,1,mixture/0.3/5/5/4
0.3,5,5,0,1000,200,5,constant,stated,0.5395907397331495,1,0,0,mixture/0.3/5/5/5
0.3,5,5,0,1000,200,5,constant,geomean,0.11251666543228167,5,1,1,mixture/0.3/5/5/5
0.3,5,5,0,1000,200,5,constant,ratio,0.04600000000000004,5,1,1,mixture/0.3/5/5/5
0.3,5,5,0,1000,200,5,constant,ratio-half,0.04600000000000004,5,1,1,mixture/0.3/5/5/5
0.3,5,5,0,1000,200,5,constant,asw-pam,,2,0,0,mixture/0.3/5/5/5
0.3,5,5,0,1000,200,5,constant,asw-average,,2,0,0,mixture/0.3/5/5/5
0.3,5,6,0,1000,200,5,constant,stated,0.5395907397331495,1,0,0,mixture/0.3/5/5/6
0.3,5,6,0,1000,200,5,constant,geomean,0.12868566353716335,5,1,1,mixture/0.3/5/5/6
0.3,5,6,0,1000,200,5,constant,ratio,0.052000000000000046,5,1,1,mixture/0.3/5/5/6
0.3,5,6,0,1000,200,5,constant,ratio-half,0.052000000000000046,5,1,1,mixture/0.3/5/5/6
0.3,5,6,0,1000,200,5,constant,asw-pam,,4,0,0,mixture/0.3/5/5/6
0.3,5,6,0,1000,200,5,constant,asw-average,,5,1,1,mixture/0.3/5/5/6
0.3,5,7,0,1000,200,5,constant,stated,0.5395907397331495,3,0,0,mixture/0.3/5/5/7
0.3,5,7,0,1000,200,5,constant,geomean,0.16758281534811387,5,1,1,mixture/0.3/5/5/7
0.3,5,7,0,1000,200,5,constant,ratio,0.04799999999999993,5,1,1,mixture/0.3/5/5/7
0.3,5,7,0,1000,200,5,constant,ratio-half,0.04799999999999993,5,1,1,mixture/0.3/5/5/7
0.3,5,7,0,1000,200,5,constant,asw-pam,,5,1,1,mixture/0.3/5/5/7
0.3,5,7,0,1000,200,5,constant,asw-average,,5,1,1,mixture/0.3/5/5/7
0.3,5,8,0,1000,200,5,constant,stated,0.5395907397331495,2,0,0,mixture/0.3/5/5/8
0.3,5,8,0,1000,200,5,constant,geomean,0.17738094598913362,5,1,1,mixture/0.3/5/5/8
0.3,5,8,0,1000,200,5,constant,ratio,0.098,5,1,1,mixture/0.3/5/5/8
0.3,5,8,0,1000,200,5,constant,ratio-half,0.098,5,1,1,mixture/0.3/5/5/8
0.3,5,8,0,1000,200,5,constant,asw-pam,,5,1,1,mixture/0.3/5/5/8
0.3,5,8,0,1000,200,5,constant,asw-average,,5,1,1,mixture/0.3/5/5/8
0.3,5,9,0,1000,200,5,constant,stated,0.5395907397331495,3,0,0,mixture/0.3/5/5/9
0.3,5,9,0,1000,200,5,constant,geomean,0.17076299364909256,5,1,1,mixture/0.3/5/5/9
0.3,5,9,0,1000,200,5,constant,ratio,0.04799999999999999,5,1,1,mixture/0.3/5/5/9
0.3,5,9,0,1000,200,5,constant,ratio-half,0.04799999999999999,5,1,1,mixture/0.3/5/5/9
0.3,5,9,0,1000,200,5,constant,asw-pam,,3,0,0,mixture/0.3/5/5/9
0.3,5,9,0,1000,200,5,constant,asw-average,,3,0,0,mixture/0.3/5/5/9
0.3,5,10,0,1000,200,5,constant,stated,0.5395907397331495,3,0,0,mixture/0.3/5/5/10
0.3,5,10,0,1000,200,5,constant,geomean,0.1504127654157054,5,1,1,mixture/0.3/5/5/10
0.3,5,10,0,1000,200,5,constant,ratio,0.07600000000000001,5,1,1,mixture/0.3/5/5/10
0.3,5,10,0,1000,200,5,constant,ratio-half,0.07600000000000001,5,1,1,mixture/0.3/5/5/10
0.3,5,10,0,1000,200,5,constant,asw-pam,,5,1,1,mixture/0.3/5/5/10
0.3,5,10,0,1000,200,5,constant,asw-average,,5,1,1,mixture/0.3/5/5/10
0.3,5,11,0,1000,200,5,constant,stated,0.5395907397331495,2,0,0,mixture/0.3/5/5/11
0.3,5,11,0,1000,200,5,constant,geomean,0.1257298691640136,5,1,1,mixture/0.3/5/5/11
0.3,5,11,0,1000,200,5,constant,ratio,0.06000000000000005,5,1,1,mixture/0.3/5/5/11
0.3,5,11,0,1000,200,5,constant,ratio-half,0.06000000000000005,5,1,1,mixture/0.3/5/5/11
0.3,5,11,0,1000,200,5,constant,asw-pam,,5,1,1,mixture/0.3/5/5/11
0.3,5,11,0,1000,200,5,constant,asw-average,,5,1,1,mixture/0.3/5/5/11
0.3,5,12,0,1000,200,5,constant,stated,0.5395907397331495,1,0,0,mixture/0.3/5/5/12
0.3,5,12,0,1000,200,5,constant,geomean,0.13096564434995903,5,1,1,mixture/0.3/5/5/12
0.3,5,12,0,1000,200,5,constant,ratio,0.05400000000000005,5,1,1,mixture/0.3/5/5/12
0.3,5,12,0,1000,200,5,constant,ratio-half,0.05400000000000005,5,1,1,mixture/0.3/5/5/12
0.3,5,12,0,1000,200,5,constant,asw-pam,,5,1,1,mixture/0.3/5/5/12
0.3,5,12,0,1000,200,5,constant,asw-average,,5,1,1,mixture/0.3/5/5/12
0.3,5,13,0,1000,200,5,constant,stated,0.5395907397331495,1,0,0,mixture/0.3/5/5/13
0.3,5,13,0,1000,200,5,constant,geomean,0.11113955191559849,5,1,1,mixture/0.3/5/5/13
0.3,5,13,0,1000,200,5,constant,ratio,0.051999999999999824,5,1,1,mixture/0.3/5/5/13
0.3,5,13,0,1000,200,5,constant,ratio-half,0.051999999999999824,5,1,1,mixture/0.3/5/5/13
0.3,5,13,0,1000,200,5,constant,asw-pam,,4,0,0,mixture/0.3/5/5/13
0.3,5,13,0,1000,200,5,constant,asw-average,,4,0,0,mixture/0.3/5/5/13
0.3,5,14,0,1000,200,5,constant,stated,0.5395907397331495,2,0,0,mixture/0.3/5/5/14
0.3,5,14,0,1000,200,5,constant,geomean,0.1350555441290731,5,1,1,mixture/0.3/5/5/14
0.3,5,14,0,1000,200,5,constant,ratio,0.05400000000000005,5,1,1,mixture/0.3/5/5/14
0.3,5,14,0,1000,200,5,constant,ratio-half,0.05400000000000005,5,1,1,mixture/0.3/5/5/14
0.3,5,14,0,1000,200,5,constant,asw-pam,,2,0,0,mixture/0.3/5/5/14
0.3,5,14,0,1000,200,5,constant,asw-average,,2,0,0,mixture/0.3/5/5/14
0.3,5,15,0,1000,200,5,constant,stated,0.5395907397331495,1,0,0,mixture/0.3/5/5/15
0.3,5,15,0,1000,200,5,constant,geomean,0.0883176086632785,5,1,1,mixture/0.3/5/5/15
0.3,5,15,0,1000,200,5,constant,ratio,0.04399999999999993,5,1,1,mixture/0.3/5/5/15
0.3,5,15,0,1000,200,5,constant,ratio-half,0.04399999999999993,5,1,1,mixture/0.3/5/5/15
0.3,5,15,0,1000,200,5,constant,asw-pam,,5,1,1,mixture/0.3/5/5/15
0.3,5,15,0,1000,200,5,constant,asw-average,,5,1,1,mixture/0.3/5/5/15
0.3,5,16,0,1000,200,5,constant,stated,0.5395907397331495,2,0,0,mixture/0.3/5/5/16
0.3,5,16,0,1000,200,5,constant,geomean,0.17663521732655682,5,1,1,mixture/0.3/5/5/16
0.3,5,16,0,1000,200,5,constant,ratio,0.122,5,1,1,mixture/0.3/5/5/16
0.3,5,16,0,1000,200,5,constant,ratio-half,0.122,5,1,1,mixture/0.3/5/5/16
0.3,5,16,0,1000,200,5,constant,asw-pam,,5,1,1,mixture/0.3/5/5/16
0.3,5,16,0,1000,200,5,constant,asw-average,,4,0,0,mixture/0.3/5/5/16
0.3,5,17,0,1000,200,5,constant,stated,0.5395907397331495,1,0,0,mixture/0.3/5/5/17
0.3,5,17,0,1000,200,5,constant,geomean,0.12315843454672526,5,1,1,mixture/0.3/5/5/17
0.3,5,17,0,1000,200,5,constant,ratio,0.08999999999999997,5,1,1,mixture/0.3/5/5/17
0.3,5,17,0,1000,200,5,constant,ratio-half,0.08999999999999997,5,1,1,mixture/0.3/5/5/17
0.3,5,17,0,1000,200,5,constant,asw-pam,,4,0,0,mixture/0.3/5/5/17
0.3,5,17,0,1000,200,5,constant,asw-average,,4,0,0,mixture/0.3/5/5/17
0.3,5,18,0,1000,200,5,constant,stated,0.5395907397331495,1,0,0,mixture/0.3/5/5/18
0.3,5,18,0,1000,200,5,constant,geomean,0.12066482503198667,5,1,1,mixture/0.3/5/5/18
0.3,5,18,0,1000,200,5,constant,ratio,0.04800000000000004,5,1,1,mixture/0.3/5/5/18
0.3,5,18,0,1000,200,5,constant,ratio-half,0.04800000000000004,5,1,1,mixture/0.3/5/5/18
0.3,5,18,0,1000,200,5,constant,asw-pam,,3,0,0,mixture/0.3/5/5/18
0.3,5,18,0,1000,200,5,constant,asw-average,,3,0,0,mixture/0.3/5/5/18
0.3,5,19,0,1000,200,5,constant,stated,0.5395907397331495,2,0,0,mixture/0.3/5/5/19
0.3,5,19,0,1000,200,5,constant,geomean,0.13810141201305662,5,1,1,mixture/0.3/5/5/19
0.3,5,19,0,1000,200,5,constant,ratio,0.052000000000000046,5,1,1,mixture/0.3/5/5/19
0.3,5,19,0,1000,200,5,constant,ratio-half,0.052000000000000046,5,1,1,mixture/0.3/5/5/19
0.3,5,19,0,1000,200,5,constant,asw-pam,,4,0,0,mixture/0.3/5/5/19
0.3,5,19,0,1000,200,5,constant,asw-average,,4,0,0,mixture/0.3/5/5/19
0.3,6,0,0,1000,200,5,constant,stated,0.5395907397331495,2,0,0,mixture/0.3/6/5/0
0.3,6,0,0,1000,200,5,constant,geomean,0.16899704139422095,6,1,1,mixture/0.3/6/5/0
0.3,6,0,0,1000,200,5,constant,ratio,0.04800000000000004,6,1,1,mixture/0.3/6/5/0
0.3,6,0,0,1000,200,5,constant,ratio-half,0.04800000000000004,6,1,1,mixture/0.3/6/5/0
0.3,6,0,0,1000,200,5,constant,asw-pam,,2,0,0,mixture/0.3/6/5/0
0.3,6,0,0,1000,200,5,constant,asw-average,,2,0,0,mixture/0.3/6/5/0
0.3,6,1,0,1000,200,5,constant,stated,0.5395907397331495,1,0,0,mixture/0.3/6/5/1
0.3,6,1,0,1000,200,5,constant,geomean,0.10673331251301071,7,0,0,mixture/0.3/6/5/1
0.3,6,1,0,1000,200,5,constant,ratio,0.10800000000000004,6,1,1,mixture/0.3/6/5/1
0.3,6,1,0,1000,200,5,constant,ratio-half,0.10800000000000004,6,1,1,mixture/0.3/6/5/1
0.3,6,1,0,1000,200,5,constant,asw-pam,,3,0,0,mixture/0.3/6/5/1
0.3,6,1,0,1000,200,5,constant,asw-average,,2,0,0,mixture/0.3/6/5/1
0.3,6,2,0,1000,200,5,constant,stated,0.5395907397331495,2,0,0,mixture/0.3/6/5/2
0.3,6,2,0,1000,200,5,constant,geomean,0.14235167719419403,6,1,1,mixture/0.3/6/5/2
0.3,6,2,0,1000,200,5,constant,ratio,0.08599999999999997,6,1,1,mixture/0.3/6/5/2
0.3,6,2,0,1000,200,5,constant,ratio-half,0.08599999999999997,6,1,1,mixture/0.3/6/5/2
0.3,6,2,0,1000,200,5,constant,asw-pam,,3,0,0,mixture/0.3/6/5/2
0.3,6,2,0,1000,200,5,constant,asw-average,,3,0,0,mixture/0.3/6/5/2
0.3,6,3,0,1000,200,5,constant,stated,0.5395907397331495,1,0,0,mixture/0.3/6/5/3
0.3,6,3,0,1000,200,5,constant,geomean,0.12854571171377116,6,1,1,mixture/0.3/6/5/3
0.3,6,3,0,1000,200,5,constant,ratio,0.07600000000000007,6,1,1,mixture/0.3/6/5/3
0.3,6,3,0,1000,200,5,constant,ratio-half,0.07600000000000007,6,1,1,mixture/0.3/6/5/3
0.3,6,3,0,1000,200,5,constant,asw-pam,,6,1,1,mixture/0.3/6/5/3
0.3,6,3,0,1000,200,5,constant,asw-average,,6,1,1,mixture/0.3/6/5/3
0.3,6,4,0,1000,200,5,constant,stated,0.5395907397331495,2,0,0,mixture/0.3/6/5/4
0.3,6,4,0,1000,200,5,constant,geomean,0.16395121225535364,6,1,1,mixture/0.3/6/5/4
0.3,6,4,0,1000,200,5,constant,ratio,0.04999999999999993,6,1,1,mixture/0.3/6/5/4
0.3,6,4,0,1000,200,5,constant,ratio-half,0.04999999999999993,6,1,1,mixture/0.3/6/5/4
0.3,6,4,0,1000,200,5,constant,asw-pam,,2,0,0,mixture/0.3/6/5/4
0.3,6,4,0,1000,200,5,constant,asw-average,,2,0,0,mixture/0.3/6/5/4
0.3,6,5,0,1000,200,5,constant,stated,0.5395907397331495,2,0,0,mixture/0.3/6/5/5
0.3,6,5,0,1000,200,5,constant,geomean,0.15375304875026063,6,1,1,mixture/0.3/6/5/5
0.3,6,5,0,1000,200,5,constant,ratio,0.05400000000000005,6,1,1,mixture/0.3/6/5/5
0.3,6,5,0,1000,200,5,constant,ratio-half,0.05400000000000005,6,1,1,mixture/0.3/6/5/5
0.3,6,5,0,1000,200,5,constant,asw-pam,,2,0,0,mixture/0.3/6/5/5
0.3,6,5,0,1000,200,5,constant,asw-average,,2,0,0,mixture/0.3/6/5/5
0.3,6,6,0,1000,200,5,constant,stated,0.5395907397331495,3,0,0,mixture/0.3/6/5/6
0.3,6,6,0,1000,200,5,constant,geomean,0.14587666023048382,6,1,1,mixture/0.3/6/5/6
0.3,6,6,0,1000,200,5,constant,ratio,0.06799999999999984,6,1,1,mixture/0.3/6/5/6
0.3,6,6,0,1000,200,5,constant,ratio-half,0.06799999999999984,6,1,1,mixture/0.3/6/5/6
0.3,6,6,0,1000,200,5,constant,asw-pam,,6,1,1,mixture/0.3/6/5/6
0.3,6,6,0,1000,200,5,constant,asw-average,,6,1,1,mixture/0.3/6/5/6
0.3,6,7,0,1000,200,5,constant,stated,0.5395907397331495,2,0,0,mixture/0.3/6/5/7
0.3,6,7,0,1000,200,5,constant,geomean,0.13763720427268183,6,1,1,mixture/0.3/6/5/7
0.3,6,7,0,1000,200,5,constant,ratio,0.07200000000000006,6,1,1,mixture/0.3/6/5/7
0.3,6,7,0,1000,200,5,constant,ratio-half,0.07200000000000006,6,1,1,mixture/0.3/6/5/7
0.3,6,7,0,1000,200,5,constant,asw-pam,,3,0,0,mixture/0.3/6/5/7
0.3,6,7,0,1000,200,5,constant,asw-average,,3,0,0,mixture/0.3/6/5/7
0.3,6,8,0,1000,200,5,constant,stated,0.5395907397331495,1,0,0,mixture/0.3/6/5/8
0.3,6,8,0,1000,200,5,constant,geomean,0.12328828005937942,6,1,1,mixture/0.3/6/5/8
0.3,6,8,0,1000,200,5,constant,ratio,0.06600000000000006,6,1,1,mixture/0.3/6/5/8
0.3,6,8,0,1000,200,5,constant,ratio-half,0.06600000000000006,6,1,1,mixture/0.3/6/5/8
0.3,6,8,0,1000,200,5,constant,asw-pam,,6,1,1,mixture/0.3/6/5/8
0.3,6,8,0,1000,200,5,constant,asw-average,,6,1,1,mixture/0.3/6/5/8
0.3,6,9,0,1000,200,5,constant,stated,0.5395907397331495,3,0,0,mixture/0.3/6/5/9
0.3,6,9,0,1000,200,5,constant,geomean,0.1568438714135813,6,1,1,mixture/0.3/6/5/9
0.3,6,9,0,1000,200,5,constant,ratio,0.050000000000000044,6,1,1,mixture/0.3/6/5/9
0.3,6,9,0,1000,200,5,constant,ratio-half,0.050000000000000044,6,1,1,mixture/0.3/6/5/9
0.3,6,9,0,1000,200,5,constant,asw-pam,,4,0,0,mixture/0.3/6/5/9
0.3,6,9,0,1000,200,5,constant,asw-average,,4,0,0,mixture/0.3/6/5/9
0.3,6,10,0,1000,200,5,constant,stated,0.5395907397331495,1,0,0,mixture/0.3/6/5/10
0.3,6,10,0,1000,200,5,constant,geomean,0.12315843454672527,5,0,0,mixture/0.3/6/5/10
0.3,6,10,0,1000,200,5,constant,ratio,0.134,4,0,0,mixture/0.3/6/5/10
0.3,6,10,0,1000,200,5,constant,ratio-half,0.134,4,0,0,mixture/0.3/6/5/10
0.3,6,10,0,1000,200,5,constant,asw-pam,,2,0,0,mixture/0.3/6/5/10
0.3,6,10,0,1000,200,5,constant,asw-average,,2,0,0,mixture/0.3/6/5/10
0.3,6,11,0,1000,200,5,constant,stated,0.5395907397331495,1,0,0,mixture/0.3/6/5/11
0.3,6,11,0,1000,200,5,constant,geomean,0.13117926665445276,5,0,0,mixture/0.3/6/5/11
0.3,6,11,0,1000,200,5,constant,ratio,0.16600000000000004,4,0,0,mixture/0.3/6/5/11
0.3,6,11,0,1000,200,5,constant,ratio-half,0.16600000000000004,4,0,0,mixture/0.3/6/5/11
0.3,6,11,0,1000,200,5,constant,asw-pam,,4,0,0,mixture/0.3/6/5/11
0.3,6,11,0,1000,200,5,constant,asw-average,,4,0,0,mixture/0.3/6/5/11
0.3,6,12,0,1000,200,5,constant,stated,0.5395907397331495,2,0,0,mixture/0.3/6/5/12
0.3,6,12,0,1000,200,5,constant,geomean,0.1881276162608773,5,0,0,mixture/0.3/6/5/12
0.3,6,12,0,1000,200,5,constant,ratio,0.04799999999999993,6,1,1,mixture/0.3/6/5/12
0.3,6,12,0,1000,200,5,constant,ratio-half,0.04799999999999993,6,1,1,mixture/0.3/6/5/12
0.3,6,12,0,1000,200,5,constant,asw-pam,,2,0,0,mixture/0.3/6/5/12
0.3,6,12,0,1000,200,5,constant,asw-average,,2,0,0,mixture/0.3/6/5/12
0.3,6,13,0,1000,200,5,constant,stated,0.5395907397331495,1,0,0,mixture/0.3/6/5/13
0.3,6,13,0,1000,200,5,constant,geomean,0.11357816691600543,5,0,0,mixture/0.3/6/5/13
0.3,6,13,0,1000,200,5,constant,ratio,0.08799999999999997,5,0,0,mixture/0.3/6/5/13
0.3,6,13,0,1000,200,5,constant,ratio-half,0.08799999999999997,5,0,0,mixture/0.3/6/5/13
0.3,6,13,0,1000,200,5,constant,asw-pam,,3,0,0,mixture/0.3/6/5/13
0.3,6,13,0,1000,200,5,constant,asw-average,,3,0,0,mixture/0.3/6/5/13
0.3,6,14,0,1000,200,5,constant,stated,0.5395907397331495,1,0,0,mixture/0.3/6/5/14
0.3,6,14,0,1000,200,5,constant,geomean,0.11341957503006266,6,1,1,mixture/0.3/6/5/14
0.3,6,14,0,1000,200,5,constant,ratio,0.051999999999999935,6,1,1,mixture/0.3/6/5/14
0.3,6,14,0,1000,200,5,constant,ratio-half,0.051999999999999935,6,1,1,mixture/0.3/6/5/14
0.3,6,14,0,1000,200,5,constant,asw-pam,,6,1,1,mixture/0.3/6/5/14
0.3,6,14,0,1000,200,5,constant,asw-average,,6,1,1,mixture/0.3/6/5/14
0.3,6,15,0,1000,200,5,constant,stated,0.5395907397331495,1,0,0,mixture/0.3/6/5/15
0.3,6,15,0,1000,200,5,constant,geomean,0.11489125293076063,6,1,1,mixture/0.3/6/5/15
0.3,6,15,0,1000,200,5,constant,ratio,0.05400000000000005,6,1,1,mixture/0.3/6/5/15
0.3,6,15,0,1000,200,5,constant,ratio-half,0.05400000000000005,6,1,1,mixture/0.3/6/5/15
0.3,6,15,0,1000,200,5,constant,asw-pam,,5,0,0,mixture/0.3/6/5/15
0.3,6,15,0,1000,200,5,constant,asw-average,,5,0,0,mixture/0.3/6/5/15
0.3,6,16,0,1000,200,5,constant,stated,0.5395907397331495,1,0,0,mixture/0.3/6/5/16
0.3,6,16,0,1000,200,5,constant,geomean,0.1106345334875147,6,1,1,mixture/0.3/6/5/16
0.3,6,16,0,1000,200,5,constant,ratio,0.04400000000000004,6,1,1,mixture/0.3/6/5/16
0.3,6,16,0,1000,200,5,constant,ratio-half,0.04400000000000004,6,1,1,mixture/0.3/6/5/16
0.3,6,16,0,1000,200,5,constant,asw-pam,,4,0,0,mixture/0.3/6/5/16
0.3,6,16,0,1000,200,5,constant,asw-average,,4,0,0,mixture/0.3/6/5/16
0.3,6,17,0,1000,200,5,constant,stated,0.5395907397331495,2,0,0,mixture/0.3/6/5/17
0.3,6,17,0,1000,200,5,constant,geomean,0.18165902124584957,6,1,1,mixture/0.3/6/5/17
0.3,6,17,0,1000,200,5,constant,ratio,0.10599999999999998,6,1,1,mixture/0.3/6/5/17
0.3,6,17,0,1000,200,5,constant,ratio-half,0.10599999999999998,6,1,1,mixture/0.3/6/5/17
0.3,6,17,0,1000,200,5,constant,asw-pam,,5,0,0,mixture/0.3/6/5/17
0.3,6,17,0,1000,200,5,constant,asw-average,,5,0,0,mixture/0.3/6/5/17
0.3,6,18,0,1000,200,5,constant,stated,0.5395907397331495,1,0,0,mixture/0.3/6/5/18
0.3,6,18,0,1000,200,5,constant,geomean,0.13778243719719874,6,1,1,mixture/0.3/6/5/18
0.3,6,18,0,1000,200,5,constant,ratio,0.08200000000000007,6,1,1,mixture/0.3/6/5/18
0.3,6,18,0,1000,200,5,constant,ratio-half,0.08200000000000007,6,1,1,mixture/0.3/6/5/18
0.3,6,18,0,1000,200,5,constant,asw-pam,,6,1,1,mixture/0.3/6/5/18
0.3,6,18,0,1000,200,5,constant,asw-average,,6,1,1,mixture/0.3/6/5/18
0.3,6,19,0,1000,200,5,constant,stated,0.5395907397331495,1,0,0,mixture/0.3/6/5/19
0.3,6,19,0,1000,200,5,constant,geomean,0.09889388252060899,6,1,1,mixture/0.3/6/5/19
0.3,6,19,0,1000,200,5,constant,ratio,0.04800000000000004,6,1,1,mixture/0.3/6/5/19
0.3,6,19,0,1000,200,5,constant,ratio-half,0.04800000000000004,6,1,1,mixture/0.3/6/5/19
0.3,6,19,0,1000,200,5,constant,asw-pam,,6,1,1,mixture/0.3/6/5/19
0.3,6,19,0,1000,200,5,constant,asw-average,,6,1,1,mixture/0.3/6/5/19
0.3,7,0,0,1000,200,5,constant,stated,0.5395907397331495,1,0,0,mixture/0.3/7/5/0
0.3,7,0,0,1000,200,5,constant,geomean,0.1173030263889215,7,1,1,mixture/0.3/7/5/0
0.3,7,0,0,1000,200,5,constant,ratio,0.06800000000000006,7,1,1,mixture/0.3/7/5/0
0.3,7,0,0,1000,200,5,constant,ratio-half,0.06800000000000006,7,1,1,mixture/0.3/7/5/0
0.3,7,0,0,1000,200,5,constant,asw-pam,,6,0,0,mixture/0.3/7/5/0
0.3,7,0,0,1000,200,5,constant,asw-average,,6,0,0,mixture/0.3/7/5/0
0.3,7,1,0,1000,200,5,constant,stated,0.5395907397331495,3,0,0,mixture/0.3/7/5/1
0.3,7,1,0,1000,200,5,constant,geomean,0.15360989551457946,7,1,1,mixture/0.3/7/5/1
0.3,7,1,0,1000,200,5,constant,ratio,0.06600000000000006,7,1,1,mixture/0.3/7/5/1
0.3,7,1,0,1000,200,5,constant,ratio-half,0.06600000000000006,7,1,1,mixture/0.3/7/5/1
0.3,7,1,0,1000,200,5,constant,asw-pam,,7,1,1,mixture/0.3/7/5/1
0.3,7,1,0,1000,200,5,constant,asw-average,,7,1,1,mixture/0.3/7/5/1
0.3,7,2,0,1000,200,5,constant,stated,0.5395907397331495,3,0,0,mixture/0.3/7/5/2
0.3,7,2,0,1000,200,5,constant,geomean,0.1551257554373226,5,0,0,mixture/0.3/7/5/2
0.3,7,2,0,1000,200,5,constant,ratio,0.238,3,0,0,mixture/0.3/7/5/2
0.3,7,2,0,1000,200,5,constant,ratio-half,0.238,3,0,0,mixture/0.3/7/5/2
0.3,7,2,0,1000,200,5,constant,asw-pam,,3,0,0,mixture/0.3/7/5/2
0.3,7,2,0,1000,200,5,constant,asw-average,,3,0,0,mixture/0.3/7/5/2
0.3,7,3,0,1000,200,5,constant,stated,0.5395907397331495,1,0,0,mixture/0.3/7/5/3
0.3,7,3,0,1000,200,5,constant,geomean,0.12441864811996638,7,1,1,mixture/0.3/7/5/3
0.3,7,3,0,1000,200,5,constant,ratio,0.07799999999999996,7,1,1,mixture/0.3/7/5/3
0.3,7,3,0,1000,200,5,constant,ratio-half,0.07799999999999996,7,1,1,mixture/0.3/7/5/3
0.3,7,3,0,1000,200,5,constant,asw-pam,,7,1,1,mixture/0.3/7/5/3
0.3,7,3,0,1000,200,5,constant,asw-average,,7,1,1,mixture/0.3/7/5/3
0.3,7,4,0,1000,200,5,constant,stated,0.5395907397331495,1,0,0,mixture/0.3/7/5/4
0.3,7,4,0,1000,200,5,constant,geomean,0.12296340919151506,7,1,1,mixture/0.3/7/5/4
0.3,7,4,0,1000,200,5,constant,ratio,0.07800000000000007,7,1,1,mixture/0.3/7/5/4
0.3,7,4,0,1000,200,5,constant,ratio-half,0.07800000000000007,7,1,1,mixture/0.3/7/5/4
0.3,7,4,0,1000,200,5,constant,asw-pam,,6,0,0,mixture/0.3/7/5/4
0.3,7,4,0,1000,200,5,constant,asw-average,,6,0,0,mixture/0.3/7/5/4
0.3,7,5,0,1000,200,5,constant,stated,0.5395907397331495,2,0,0,mixture/0.3/7/5/5
0.3,7,5,0,1000,200,5,constant,geomean,0.15737852458324808,7,1,1,mixture/0.3/7/5/5
0.3,7,5,0,1000,200,5,constant,ratio,0.124,7,1,1,mixture/0.3/7/5/5
0.3,7,5,0,1000,200,5,constant,ratio-half,0.124,7,1,1,mixture/0.3/7/5/5
0.3,7,5,0,1000,200,5,constant,asw-pam,,5,0,0,mixture/0.3/7/5/5
0.3,7,5,0,1000,200,5,constant,asw-average,,5,0,0,mixture/0.3/7/5/5
0.3,7,6,0,1000,200,5,constant,stated,0.5395907397331495,4,0,0,mixture/0.3/7/5/6
0.3,7,6,0,1000,200,5,constant,geomean,0.14859340496805373,7,1,1,mixture/0.3/7/5/6
0.3,7,6,0,1000,200,5,constant,ratio,0.07399999999999984,7,1,1,mixture/0.3/7/5/6
0.3,7,6,0,1000,200,5,constant,ratio-half,0.07399999999999984,7,1,1,mixture/0.3/7/5/6
0.3,7,6,0,1000,200,5,constant,asw-pam,,7,1,1,mixture/0.3/7/5/6
0.3,7,6,0,1000,200,5,constant,asw-average,,7,1,1,mixture/0.3/7/5/6
0.3,7,7,0,1000,200,5,constant,stated,0.5395907397331495,3,0,0,mixture/0.3/7/5/7
0.3,7,7,0,1000,200,5,constant,geomean,0.14491376746189444,7,1,1,mixture/0.3/7/5/7
0.3,7,7,0,1000,200,5,constant,ratio,0.08200000000000007,7,1,1,mixture/0.3/7/5/7
0.3,7,7,0,1000,200,5,constant,ratio-half,0.08200000000000007,7,1,1,mixture/0.3/7/5/7
0.3,7,7,0,1000,200,5,constant,asw-pam,,6,0,0,mixture/0.3/7/5/7
0.3,7,7,0,1000,200,5,constant,asw-average,,6,0,0,mixture/0.3/7/5/7
0.3,7,8,0,1000,200,5,constant,stated,0.5395907397331495,1,0,0,mixture/0.3/7/5/8
0.3,7,8,0,1000,200,5,constant,geomean,0.10305338422390604,7,1,1,mixture/0.3/7/5/8
0.3,7,8,0,1000,200,5,constant,ratio,0.05600000000000005,7,1,1,mixture/0.3/7/5/8
0.3,7,8,0,1000,200,5,constant,ratio-half,0.05600000000000005,7,1,1,mixture/0.3/7/5/8
0.3,7,8,0,1000,200,5,constant,asw-pam,,7,1,1,mixture/0.3/7/5/8
0.3,7,8,0,1000,200,5,constant,asw-average,,6,0,0,mixture/0.3/7/5/8
0.3,7,9,0,1000,200,5,constant,stated,0.5395907397331495,1,0,0,mixture/0.3/7/5/9
0.3,7,9,0,1000,200,5,constant,geomean,0.10099504938362067,7,1,1,mixture/0.3/7/5/9
0.3,7,9,0,1000,200,5,constant,ratio,0.06800000000000006,7,1,1,mixture/0.3/7/5/9
0.3,7,9,0,1000,200,5,constant,ratio-half,0.06800000000000006,7,1,1,mixture/0.3/7/5/9
0.3,7,9,0,1000,200,5,constant,asw-pam,,2,0,0,mixture/0.3/7/5/9
0.3,7,9,0,1000,200,5,constant,asw-average,,2,0,0,mixture/0.3/7/5/9
0.3,7,10,0,1000,200,5,constant,stated,0.5395907397331495,1,0,0,mixture/0.3/7/5/10
0.3,7,10,0,1000,200,5,constant,geomean,0.10338278386656055,7,1,1,mixture/0.3/7/5/10
0.3,7,10,0,1000,200,5,constant,ratio,0.04599999999999993,7,1,1,mixture/0.3/7/5/10
0.3,7,10,0,1000,200,5,constant,ratio-half,0.04599999999999993,7,1,1,mixture/0.3/7/5/10
0.3,7,10,0,1000,200,5,constant,asw-pam,,7,1,1,mixture/0.3/7/5/10
0.3,7,10,0,1000,200,5,constant,asw-average,,7,1,1,mixture/0.3/7/5/10
0.3,7,11,0,1000,200,5,constant,stated,0.5395907397331495,1,0,0,mixture/0.3/7/5/11
0.3,7,11,0,1000,200,5,constant,geomean,0.10648943609579294,7,1,1,mixture/0.3/7/5/11
0.3,7,11,0,1000,200,5,constant,ratio,0.05800000000000005,7,1,1,mixture/0.3/7/5/11
0.3,7,11,0,1000,200,5,constant,ratio-half,0.05800000000000005,7,1,1,mixture/0.3/7/5/11
0.3,7,11,0,1000,200,5,constant,asw-pam,,7,1,1,mixture/0.3/7/5/11
0.3,7,11,0,1000,200,5,constant,asw-average,,7,1,1,mixture/0.3/7/5/11
0.3,7,12,0,1000,200,5,constant,stated,0.5395907397331495,2,0,0,mixture/0.3/7/5/12
0.3,7,12,0,1000,200,5,constant,geomean,0.1632176461048254,7,1,1,mixture/0.3/7/5/12
0.3,7,12,0,1000,200,5,constant,ratio,0.122,7,1,1,mixture/0.3/7/5/12
0.3,7,12,0,1000,200,5,constant,ratio-half,0.122,7,1,1,mixture/0.3/7/5/12
0.3,7,12,0,1000,200,5,constant,asw-pam,,2,0,0,mixture/0.3/7/5/12
0.3,7,12,0,1000,200,5,constant,asw-average,,2,0,0,mixture/0.3/7/5/12
0.3,7,13,0,1000,200,5,constant,stated,0.5395907397331495,1,0,0,mixture/0.3/7/5/13
0.3,7,13,0,1000,200,5,constant,geomean,0.1281249390243758,7,1,1,mixture/0.3/7/5/13
0.3,7,13,0,1000,200,5,constant,ratio,0.062000000000000055,7,1,1,mixture/0.3/7/5/13
0.3,7,13,0,1000,200,5,constant,ratio-half,0.062000000000000055,7,1,1,mixture/0.3/7/5/13
0.3,7,13,0,1000,200,5,constant,asw-pam,,7,1,1,mixture/0.3/7/5/13
0.3,7,13,0,1000,200,5,constant,asw-average,,7,1,1,mixture/0.3/7/5/13
0.3,7,14,0,1000,200,5,constant,stated,0.5395907397331495,2,0,0,mixture/0.3/7/5/14
0.3,7,14,0,1000,200,5,constant,geomean,0.13749181793837775,7,1,1,mixture/0.3/7/5/14
0.3,7,14,0,1000,200,5,constant,ratio,0.062000000000000055,7,1,1,mixture/0.3/7/5/14
0.3,7,14,0,1000,200,5,constant,ratio-half,0.062000000000000055,7,1,1,mixture/0.3/7/5/14
0.3,7,14,0,1000,200,5,constant,asw-pam,,7,1,1,mixture/0.3/7/5/14
0.3,7,14,0,1000,200,5,constant,asw-average,,7,1,1,mixture/0.3/7/5/14
0.3,7,15,0,1000,200,5,constant,stated,0.5395907397331495,1,0,0,mixture/0.3/7/5/15
0.3,7,15,0,1000,200,5,constant,geomean,0.11921409312660969,7,1,1,mixture/0.3/7/5/15
0.3,7,15,0,1000,200,5,constant,ratio,0.08799999999999997,7,1,1,mixture/0.3/7/5/15
0.3,7,15,0,1000,200,5,constant,ratio-half,0.08799999999999997,7,1,1,mixture/0.3/7/5/15
0.3,7,15,0,1000,200,5,constant,asw-pam,,3,0,0,mixture/0.3/7/5/15
0.3,7,15,0,1000,200,5,constant,asw-average,,3,0,0,mixture/0.3/7/5/15
0.3,7,16,0,1000,200,5,constant,stated,0.5395907397331495,1,0,0,mixture/0.3/7/5/16
0.3,7,16,0,1000,200,5,constant,geomean,0.1306292463424633,6,0,0,mixture/0.3/7/5/16
0.3,7,16,0,1000,200,5,constant,ratio,0.09000000000000002,6,0,0,mixture/0.3/7/5/16
0.3,7,16,0,1000,200,5,constant,ratio-half,0.09000000000000002,6,0,0,mixture/0.3/7/5/16
0.3,7,16,0,1000,200,5,constant,asw-pam,,2,0,0,mixture/0.3/7/5/16
0.3,7,16,0,1000,200,5,constant,asw-average,,2,0,0,mixture/0.3/7/5/16
0.3,7,17,0,1000,200,5,constant,stated,0.5395907397331495,1,0,0,mixture/0.3/7/5/17
0.3,7,17,0,1000,200,5,constant,geomean,0.11509995655950533,7,1,1,mixture/0.3/7/5/17
0.3,7,17,0,1000,200,5,constant,ratio,0.06799999999999995,7,1,1,mixture/0.3/7/5/17
0.3,7,17,0,1000,200,5,constant,ratio-half,0.06799999999999995,7,1,1,mixture/0.3/7/5/17
0.3,7,17,0,1000,200,5,constant,asw-pam,,7,1,1,mixture/0.3/7/5/17
0.3,7,17,0,1000,200,5,constant,asw-average,,7,1,1,mixture/0.3/7/5/17
0.3,7,18,0,1000,200,5,constant,stated,0.5395907397331495,1,0,0,mixture/0.3/7/5/18
0.3,7,18,0,1000,200,5,constant,geomean,0.15097019573412482,7,1,1,mixture/0.3/7/5/18
0.3,7,18,0,1000,200,5,constant,ratio,0.07399999999999995,7,1,1,mixture/0.3/7/5/18
0.3,7,18,0,1000,200,5,constant,ratio-half,0.07399999999999995,7,1,1,mixture/0.3/7/5/18
0.3,7,18,0,1000,200,5,constant,asw-pam,,3,0,0,mixture/0.3/7/5/18
0.3,7,18,0,1000,200,5,constant,asw-average,,3,0,0,mixture/0.3/7/5/18
0.3,7,19,0,1000,200,5,constant,stated,0.5395907397331495,1,0,0,mixture/0.3/7/5/19
0.3,7,19,0,1000,200,5,constant,geomean,0.11113955191559849,7,1,1,mixture/0.3/7/5/19
0.3,7,19,0,1000,200,5,constant,ratio,0.062000000000000055,7,1,1,mixture/0.3/7/5/19
0.3,7,19,0,1000,200,5,constant,ratio-half,0.062000000000000055,7,1,1,mixture/0.3/7/5/19
0.3,7,19,0,1000,200,5,constant,asw-pam,,7,1,1,mixture/0.3/7/5/19
0.3,7,19,0,1000,200,5,constant,asw-average,,7,1,1,mixture/0.3/7/5/19
0.3,8,0,0,1000,200,5,constant,stated,0.5395907397331495,2,0,0,mixture/0.3/8/5/0
0.3,8,0,0,1000,200,5,constant,geomean,0.1745393938341715,8,1,1,mixture/0.3/8/5/0
0.3,8,0,0,1000,200,5,constant,ratio,0.07400000000000001,8,1,1,mixture/0.3/8/5/0
0.3,8,0,0,1000,200,5,constant,ratio-half,0.07400000000000001,8,1,1,mixture/0.3/8/5/0
0.3,8,0,0,1000,200,5,constant,asw-pam,,6,0,0,mixture/0.3/8/5/0
0.3,8,0,0,1000,200,5,constant,asw-average,,7,0,0,mixture/0.3/8/5/0
0.3,8,1,0,1000,200,5,constant,stated,0.5395907397331495,1,0,0,mixture/0.3/8/5/1
0.3,8,1,0,1000,200,5,constant,geomean,0.09699484522385717,8,1,1,mixture/0.3/8/5/1
0.3,8,1,0,1000,200,5,constant,ratio,0.05399999999999994,8,1,1,mixture/0.3/8/5/1
0.3,8,1,0,1000,200,5,constant,ratio-half,0.05399999999999994,8,1,1,mixture/0.3/8/5/1
0.3,8,1,0,1000,200,5,constant,asw-pam,,8,1,1,mixture/0.3/8/5/1
0.3,8,1,0,1000,200,5,constant,asw-average,,8,1,1,mixture/0.3/8/5/1
0.3,8,2,0,1000,200,5,constant,stated,0.5395907397331495,2,0,0,mixture/0.3/8/5/2
0.3,8,2,0,1000,200,5,constant,geomean,0.15716233645501718,8,1,1,mixture/0.3/8/5/2
0.3,8,2,0,1000,200,5,constant,ratio,0.08400000000000007,8,1,1,mixture/0.3/8/5/2
0.3,8,2,0,1000,200,5,constant,ratio-half,0.08400000000000007,8,1,1,mixture/0.3/8/5/2
0.3,8,2,0,1000,200,5,constant,asw-pam,,7,0,0,mixture/0.3/8/5/2
0.3,8,2,0,1000,200,5,constant,asw-average,,7,0,0,mixture/0.3/8/5/2
0.3,8,3,0,1000,200,5,constant,stated,0.5395907397331495,3,0,0,mixture/0.3/8/5/3
0.3,8,3,0,1000,200,5,constant,geomean,0.1964484665249389,8,1,1,mixture/0.3/8/5/3
0.3,8,3,0,1000,200,5,constant,ratio,0.09000000000000008,8,1,1,mixture/0.3/8/5/3
0.3,8,3,0,1000,200,5,constant,ratio-half,0.09000000000000008,8,1,1,mixture/0.3/8/5/3
0.3,8,3,0,1000,200,5,constant,asw-pam,,8,1,1,mixture/0.3/8/5/3
0.3,8,3,0,1000,200,5,constant,asw-average,,8,1,1,mixture/0.3/8/5/3
0.3,8,4,0,1000,200,5,constant,stated,0.5395907397331495,1,0,0,mixture/0.3/8/5/4
0.3,8,4,0,1000,200,5,constant,geomean,0.11784735890124994,8,1,1,mixture/0.3/8/5/4
0.3,8,4,0,1000,200,5,constant,ratio,0.10199999999999998,8,1,1,mixture/0.3/8/5/4
0.3,8,4,0,1000,200,5,constant,ratio-half,0.10199999999999998,8,1,1,mixture/0.3/8/5/4
0.3,8,4,0,1000,200,5,constant,asw-pam,,8,1,1,mixture/0.3/8/5/4
0.3,8,4,0,1000,200,5,constant,asw-average,,8,1,1,mixture/0.3/8/5/4
0.3,8,5,0,1000,200,5,constant,stated,0.5395907397331495,1,0,0,mixture/0.3/8/5/5
0.3,8,5,0,1000,200,5,constant,geomean,0.11341957503006266,8,1,1,mixture/0.3/8/5/5
0.3,8,5,0,1000,200,5,constant,ratio,0.06799999999999995,8,1,1,mixture/0.3/8/5/5
0.3,8,5,0,1000,200,5,constant,ratio-half,0.06799999999999995,8,1,1,mixture/0.3/8/5/5
0.3,8,5,0,1000,200,5,constant,asw-pam,,6,0,0,mixture/0.3/8/5/5
0.3,8,5,0,1000,200,5,constant,asw-average,,4,0,0,mixture/0.3/8/5/5
0.3,8,6,0,1000,200,5,constant,stated,0.5395907397331495,1,0,0,mixture/0.3/8/5/6
0.3,8,6,0,1000,200,5,constant,geomean,0.11454256850621088,8,1,1,mixture/0.3/8/5/6
0.3,8,6,0,1000,200,5,constant,ratio,0.124,7,0,0,mixture/0.3/8/5/6
0.3,8,6,0,1000,200,5,constant,ratio-half,0.124,7,0,0,mixture/0.3/8/5/6
0.3,8,6,0,1000,200,5,constant,asw-pam,,7,0,0,mixture/0.3/8/5/6
0.3,8,6,0,1000,200,5,constant,asw-average,,7,0,0,mixture/0.3/8/5/6
0.3,8,7,0,1000,200,5,constant,stated,0.5395907397331495,2,0,0,mixture/0.3/8/5/7
0.3,8,7,0,1000,200,5,constant,geomean,0.1920000000000001,8,1,1,mixture/0.3/8/5/7
0.3,8,7,0,1000,200,5,constant,ratio,0.08799999999999997,8,1,1,mixture/0.3/8/5/7
0.3,8,7,0,1000,200,5,constant,ratio-half,0.08799999999999997,8,1,1,mixture/0.3/8/5/7
0.3,8,7,0,1000,200,5,constant,asw-pam,,2,0,0,mixture/0.3/8/5/7
0.3,8,7,0,1000,200,5,constant,asw-average,,2,0,0,mixture/0.3/8/5/7
0.3,8,8,0,1000,200,5,constant,stated,0.5395907397331495,2,0,0,mixture/0.3/8/5/8
0.3,8,8,0,1000,200,5,constant,geomean,0.19995999599919956,8,1,1,mixture/0.3/8/5/8
0.3,8,8,0,1000,200,5,constant,ratio,0.06000000000000005,8,1,1,mixture/0.3/8/5/8
0.3,8,8,0,1000,200,5,constant,ratio-half,0.06000000000000005,8,1,1,mixture/0.3/8/5/8
0.3,8,8,0,1000,200,5,constant,asw-pam,,2,0,0,mixture/0.3/8/5/8
0.3,8,8,0,1000,200,5,constant,asw-average,,2,0,0,mixture/0.3/8/5/8
0.3,8,9,0,1000,200,5,constant,stated,0.5395907397331495,1,0,0,mixture/0.3/8/5/9
0.3,8,9,0,1000,200,5,constant,geomean,0.11966620241321262,8,1,1,mixture/0.3/8/5/9
0.3,8,9,0,1000,200,5,constant,ratio,0.09999999999999998,8,1,1,mixture/0.3/8/5/9
0.3,8,9,0,1000,200,5,constant,ratio-half,0.09999999999999998,8,1,1,mixture/0.3/8/5/9
0.3,8,9,0,1000,200,5,constant,asw-pam,,8,1,1,mixture/0.3/8/5/9
0.3,8,9,0,1000,200,5,constant,asw-average,,8,1,1,mixture/0.3/8/5/9
0.3,8,10,0,1000,200,5,constant,stated,0.5395907397331495,2,0,0,mixture/0.3/8/5/10
0.3,8,10,0,1000,200,5,constant,geomean,0.1860645049438498,7,0,0,mixture/0.3/8/5/10
0.3,8,10,0,1000,200,5,constant,ratio,0.2759999999999999,2,0,0,mixture/0.3/8/5/10
0.3,8,10,0,1000,200,5,constant,ratio-half,0.2759999999999999,2,0,0,mixture/0.3/8/5/10
0.3,8,10,0,1000,200,5,constant,asw-pam,,2,0,0,mixture/0.3/8/5/10
0.3,8,10,0,1000,200,5,constant,asw-average,,2,0,0,mixture/0.3/8/5/10
0.3,8,11,0,1000,200,5,constant,stated,0.5395907397331495,2,0,0,mixture/0.3/8/5/11
0.3,8,11,0,1000,200,5,constant,geomean,0.15607690412101322,7,0,0,mixture/0.3/8/5/11
0.3,8,11,0,1000,200,5,constant,ratio,0.30199999999999994,2,0,0,mixture/0.3/8/5/11
0.3,8,11,0,1000,200,5,constant,ratio-half,0.30199999999999994,2,0,0,mixture/0.3/8/5/11
0.3,8,11,0,1000,200,5,constant,asw-pam,,2,0,0,mixture/0.3/8/5/11
0.3,8,11,0,1000,200,5,constant,asw-average,,2,0,0,mixture/0.3/8/5/11
0.3,8,12,0,1000,200,5,constant,stated,0.5395907397331495,1,0,0,mixture/0.3/8/5/12
0.3,8,12,0,1000,200,5,constant,geomean,0.1202996259345804,8,1,1,mixture/0.3/8/5/12
0.3,8,12,0,1000,200,5,constant,ratio,0.1399999999999999,6,0,0,mixture/0.3/8/5/12
0.3,8,12,0,1000,200,5,constant,ratio-half,0.1399999999999999,6,0,0,mixture/0.3/8/5/12
0.3,8,12,0,1000,200,5,constant,asw-pam,,8,1,1,mixture/0.3/8/5/12
0.3,8,12,0,1000,200,5,constant,asw-average,,6,0,0,mixture/0.3/8/5/12
0.3,8,13,0,1000,200,5,constant,stated,0.5395907397331495,2,0,0,mixture/0.3/8/5/13
0.3,8,13,0,1000,200,5,constant,geomean,0.1614558763253912,8,1,1,mixture/0.3/8/5/13
0.3,8,13,0,1000,200,5,constant,ratio,0.09799999999999992,8,1,1,mixture/0.3/8/5/13
0.3,8,13,0,1000,200,5,constant,ratio-half,0.09799999999999992,8,1,1,mixture/0.3/8/5/13
0.3,8,13,0,1000,200,5,constant,asw-pam,,8,1,1,mixture/0.3/8/5/13
0.3,8,13,0,1000,200,5,constant,asw-average,,8,1,1,mixture/0.3/8/5/13
0.3,8,14,0,1000,200,5,constant,stated,0.5395907397331495,1,0,0,mixture/0.3/8/5/14
0.3,8,14,0,1000,200,5,constant,geomean,0.13096564434995928,8,1,1,mixture/0.3/8/5/14
0.3,8,14,0,1000,200,5,constant,ratio,0.09200000000000008,8,1,1,mixture/0.3/8/5/14
0.3,8,14,0,1000,200,5,constant,ratio-half,0.09200000000000008,8,1,1,mixture/0.3/8/5/14
0.3,8,14,0,1000,200,5,constant,asw-pam,,5,0,0,mixture/0.3/8/5/14
0.3,8,14,0,1000,200,5,constant,asw-average,,5,0,0,mixture/0.3/8/5/14
0.3,8,15,0,1000,200,5,constant,stated,0.5395907397331495,2,0,0,mixture/0.3/8/5/15
0.3,8,15,0,1000,200,5,constant,geomean,0.15987495113369055,8,1,1,mixture/0.3/8/5/15
0.3,8,15,0,1000,200,5,constant,ratio,0.07600000000000007,8,1,1,mixture/0.3/8/5/15
0.3,8,15,0,1000,200,5,constant,ratio-half,0.07600000000000007,8,1,1,mixture/0.3/8/5/15
0.3,8,15,0,1000,200,5,constant,asw-pam,,8,1,1,mixture/0.3/8/5/15
0.3,8,15,0,1000,200,5,constant,asw-average,,7,0,0,mixture/0.3/8/5/15
0.3,8,16,0,1000,200,5,constant,stated,0.5395907397331495,3,0,0,mixture/0.3/8/5/16
0.3,8,16,0,1000,200,5,constant,geomean,0.19531512998229306,7,0,0,mixture/0.3/8/5/16
0.3,8,16,0,1000,200,5,constant,ratio,0.08000000000000007,8,1,1,mixture/0.3/8/5/16
0.3,8,16,0,1000,200,5,constant,ratio-half,0.08000000000000007,8,1,1,mixture/0.3/8/5/16
0.3,8,16,0,1000,200,5,constant,asw-pam,,5,0,0,mixture/0.3/8/5/16
0.3,8,16,0,1000,200,5,constant,asw-average,,2,0,0,mixture/0.3/8/5/16
0.3,8,17,0,1000,200,5,constant,stated,0.5395907397331495,2,0,0,mixture/0.3/8/5/17
0.3,8,17,0,1000,200,5,constant,geomean,0.14349912891721683,8,1,1,mixture/0.3/8/5/17
0.3,8,17,0,1000,200,5,constant,ratio,0.09399999999999986,8,1,1,mixture/0.3/8/5/17
0.3,8,17,0,1000,200,5,constant,ratio-half,0.09399999999999986,8,1,1,mixture/0.3/8/5/17
0.3,8,17,0,1000,200,5,constant,asw-pam,,8,1,1,mixture/0.3/8/5/17
0.3,8,17,0,1000,200,5,constant,asw-average,,8,1,1,mixture/0.3/8/5/17
0.3,8,18,0,1000,200,5,constant,stated,0.5395907397331495,1,0,0,mixture/0.3/8/5/18
0.3,8,18,0,1000,200,5,constant,geomean,0.1264120247444839,8,1,1,mixture/0.3/8/5/18
0.3,8,18,0,1000,200,5,constant,ratio,0.06399999999999995,8,1,1,mixture/0.3/8/5/18
0.3,8,18,0,1000,200,5,constant,ratio-half,0.06399999999999995,8,1,1,mixture/0.3/8/5/18
0.3,8,18,0,1000,200,5,constant,asw-pam,,2,0,0,mixture/0.3/8/5/18
0.3,8,18,0,1000,200,5,constant,asw-average,,2,0,0,mixture/0.3/8/5/18
0.3,8,19,0,1000,200,5,constant,stated,0.5395907397331495,2,0,0,mixture/0.3/8/5/19
0.3,8,19,0,1000,200,5,constant,geomean,0.183826004689217,6,0,0,mixture/0.3/8/5/19
0.3,8,19,0,1000,200,5,constant,ratio,0.43399999999999994,2,0,0,mixture/0.3/8/5/19
0.3,8,19,0,1000,200,5,constant,ratio-half,0.43399999999999994,2,0,0,mixture/0.3/8/5/19
0.3,8,19,0,1000,200,5,constant,asw-pam,,2,0,0,mixture/0.3/8/5/19
0.3,8,19,0,1000,200,5,constant,asw-average,,2,0,0,mixture/0.3/8/5/19
0.3,9,0,0,1000,200,5,constant,stated,0.5395907397331495,1,0,0,mixture/0.3/9/5/0
0.3,9,0,0,1000,200,5,constant,geomean,0.11396490687926697,9,1,1,mixture/0.3/9/5/0
0.3,9,0,0,1000,200,5,constant,ratio,0.09599999999999997,9,1,1,mixture/0.3/9/5/0
0.3,9,0,0,1000,200,5,constant,ratio-half,0.09599999999999997,9,1,1,mixture/0.3/9/5/0
0.3,9,0,0,1000,200,5,constant,asw-pam,,7,0,0,mixture/0.3/9/5/0
0.3,9,0,0,1000,200,5,constant,asw-average,,8,0,0,mixture/0.3/9/5/0
0.3,9,1,0,1000,200,5,constant,stated,0.5395907397331495,1,0,0,mixture/0.3/9/5/1
0.3,9,1,0,1000,200,5,constant,geomean,0.10491901638883207,9,1,1,mixture/0.3/9/5/1
0.3,9,1,0,1000,200,5,constant,ratio,0.06000000000000005,9,1,1,mixture/0.3/9/5/1
0.3,9,1,0,1000,200,5,constant,ratio-half,0.06000000000000005,9,1,1,mixture/0.3/9/5/1
0.3,9,1,0,1000,200,5,constant,asw-pam,,9,1,1,mixture/0.3/9/5/1
0.3,9,1,0,1000,200,5,constant,asw-average,,9,1,1,mixture/0.3/9/5/1
0.3,9,2,0,1000,200,5,constant,stated,0.5395907397331495,2,0,0,mixture/0.3/9/5/2
0.3,9,2,0,1000,200,5,constant,geomean,0.13674794331177342,8,0,0,mixture/0.3/9/5/2
0.3,9,2,0,1000,200,5,constant,ratio,0.10200000000000009,8,0,0,mixture/0.3/9/5/2
0.3,9,2,0,1000,200,5,constant,ratio-half,0.10200000000000009,8,0,0,mixture/0.3/9/5/2
0.3,9,2,0,1000,200,5,constant,asw-pam,,4,0,0,mixture/0.3/9/5/2
0.3,9,2,0,1000,200,5,constant,asw-average,,4,0,0,mixture/0.3/9/5/2
0.3,9,3,0,1000,200,5,constant,stated,0.5395907397331495,1,0,0,mixture/0.3/9/5/3
0.3,9,3,0,1000,200,5,constant,geomean,0.13916896205691848,9,1,1,mixture/0.3/9/5/3
0.3,9,3,0,1000,200,5,constant,ratio,0.07800000000000007,9,1,1,mixture/0.3/9/5/3
0.3,9,3,0,1000,200,5,constant,ratio-half,0.07800000000000007,9,1,1,mixture/0.3/9/5/3
0.3,9,3,0,1000,200,5,constant,asw-pam,,9,1,1,mixture/0.3/9/5/3
0.3,9,3,0,1000,200,5,constant,asw-average,,8,0,0,mixture/0.3/9/5/3
0.3,9,4,0,1000,200,5,constant,stated,0.5395907397331495,1,0,0,mixture/0.3/9/5/4
0.3,9,4,0,1000,200,5,constant,geomean,0.12489995996796803,11,0,0,mixture/0.3/9/5/4
0.3,9,4,0,1000,200,5,constant,ratio,0.19600000000000006,7,0,0,mixture/0.3/9/5/4
0.3,9,4,0,1000,200,5,constant,ratio-half,0.19600000000000006,7,0,0,mixture/0.3/9/5/4
0.3,9,4,0,1000,200,5,constant,asw-pam,,7,0,0,mixture/0.3/9/5/4
0.3,9,4,0,1000,200,5,constant,asw-average,,8,0,0,mixture/0.3/9/5/4
0.3,9,5,0,1000,200,5,constant,stated,0.5395907397331495,3,0,0,mixture/0.3/9/5/5
0.3,9,5,0,1000,200,5,constant,geomean,0.14665606022254934,9,1,1,mixture/0.3/9/5/5
0.3,9,5,0,1000,200,5,constant,ratio,0.10200000000000004,9,1,1,mixture/0.3/9/5/5
0.3,9,5,0,1000,200,5,constant,ratio-half,0.10200000000000004,9,1,1,mixture/0.3/9/5/5
0.3,9,5,0,1000,200,5,constant,asw-pam,,8,0,0,mixture/0.3/9/5/5
0.3,9,5,0,1000,200,5,constant,asw-average,,8,0,0,mixture/0.3/9/5/5
0.3,9,6,0,1000,200,5,constant,stated,0.5395907397331495,2,0,0,mixture/0.3/9/5/6
0.3,9,6,0,1000,200,5,constant,geomean,0.15574337867145435,9,1,1,mixture/0.3/9/5/6
0.3,9,6,0,1000,200,5,constant,ratio,0.07000000000000006,9,1,1,mixture/0.3/9/5/6
0.3,9,6,0,1000,200,5,constant,ratio-half,0.07000000000000006,9,1,1,mixture/0.3/9/5/6
0.3,9,6,0,1000,200,5,constant,asw-pam,,2,0,0,mixture/0.3/9/5/6
0.3,9,6,0,1000,200,5,constant,asw-average,,9,1,1,mixture/0.3/9/5/6
0.3,9,7,0,1000,200,5,constant,stated,0.5395907397331495,2,0,0,mixture/0.3/9/5/7
0.3,9,7,0,1000,200,5,constant,geomean,0.16678129391511515,9,1,1,mixture/0.3/9/5/7
0.3,9,7,0,1000,200,5,constant,ratio,0.10599999999999998,9,1,1,mixture/0.3/9/5/7
0.3,9,7,0,1000,200,5,constant,ratio-half,0.10599999999999998,9,1,1,mixture/0.3/9/5/7
0.3,9,7,0,1000,200,5,constant,asw-pam,,9,1,1,mixture/0.3/9/5/7
0.3,9,7,0,1000,200,5,constant,asw-average,,9,1,1,mixture/0.3/9/5/7
0.3,9,8,0,1000,200,5,constant,stated,0.5395907397331495,1,0,0,mixture/0.3/9/5/8
0.3,9,8,0,1000,200,5,constant,geomean,0.132966161108757,8,0,0,mixture/0.3/9/5/8
0.3,9,8,0,1000,200,5,constant,ratio,0.16399999999999992,7,0,0,mixture/0.3/9/5/8
0.3,9,8,0,1000,200,5,constant,ratio-half,0.16399999999999992,7,0,0,mixture/0.3/9/5/8
0.3,9,8,0,1000,200,5,constant,asw-pam,,7,0,0,mixture/0.3/9/5/8
0.3,9,8,0,1000,200,5,constant,asw-average,,7,0,0,mixture/0.3/9/5/8
0.3,9,9,0,1000,200,5,constant,stated,0.5395907397331495,3,0,0,mixture/0.3/9/5/9
0.3,9,9,0,1000,200,5,constant,geomean,0.1776288264893962,9,1,1,mixture/0.3/9/5/9
0.3,9,9,0,1000,200,5,constant,ratio,0.08599999999999997,9,1,1,mixture/0.3/9/5/9
0.3,9,9,0,1000,200,5,constant,ratio-half,0.08599999999999997,9,1,1,mixture/0.3/9/5/9
0.3,9,9,0,1000,200,5,constant,asw-pam,,3,0,0,mixture/0.3/9/5/9
0.3,9,9,0,1000,200,5,constant,asw-average,,3,0,0,mixture/0.3/9/5/9
0.3,9,10,0,1000,200,5,constant,stated,0.5395907397331495,1,0,0,mixture/0.3/9/5/10
0.3,9,10,0,1000,200,5,constant,geomean,0.11784735890124994,9,1,1,mixture/0.3/9/5/10
0.3,9,10,0,1000,200,5,constant,ratio,0.06600000000000006,9,1,1,mixture/0.3/9/5/10
0.3,9,10,0,1000,200,5,constant,ratio-half,0.06600000000000006,9,1,1,mixture/0.3/9/5/10
0.3,9,10,0,1000,200,5,constant,asw-pam,,8,0,0,mixture/0.3/9/5/10
0.3,9,10,0,1000,200,5,constant,asw-average,,8,0,0,mixture/0.3/9/5/10
0.3,9,11,0,1000,200,5,constant,stated,0.5395907397331495,3,0,0,mixture/0.3/9/5/11
0.3,9,11,0,1000,200,5,constant,geomean,0.13281566172707174,8,0,0,mixture/0.3/9/5/11
0.3,9,11,0,1000,200,5,constant,ratio,0.118,8,0,0,mixture/0.3/9/5/11
0.3,9,11,0,1000,200,5,constant,ratio-half,0.118,8,0,0,mixture/0.3/9/5/11
0.3,9,11,0,1000,200,5,constant,asw-pam,,8,0,0,mixture/0.3/9/5/11
0.3,9,11,0,1000,200,5,constant,asw-average,,8,0,0,mixture/0.3/9/5/11
0.3,9,12,0,1000,200,5,constant,stated,0.5395907397331495,3,0,0,mixture/0.3/9/5/12
0.3,9,12,0,1000,200,5,constant,geomean,0.18659046063504908,9,1,1,mixture/0.3/9/5/12
0.3,9,12,0,1000,200,5,constant,ratio,0.08600000000000008,9,1,1,mixture/0.3/9/5/12
0.3,9,12,0,1000,200,5,constant,ratio-half,0.08600000000000008,9,1,1,mixture/0.3/9/5/12
0.3,9,12,0,1000,200,5,constant,asw-pam,,2,0,0,mixture/0.3/9/5/12
0.3,9,12,0,1000,200,5,constant,asw-average,,8,0,0,mixture/0.3/9/5/12
0.3,9,13,0,1000,200,5,constant,stated,0.5395907397331495,2,0,0,mixture/0.3/9/5/13
0.3,9,13,0,1000,200,5,constant,geomean,0.15019986684414877,9,1,1,mixture/0.3/9/5/13
0.3,9,13,0,1000,200,5,constant,ratio,0.05400000000000005,9,1,1,mixture/0.3/9/5/13
0.3,9,13,0,1000,200,5,constant,ratio-half,0.05400000000000005,9,1,1,mixture/0.3/9/5/13
0.3,9,13,0,1000,200,5,constant,asw-pam,,9,1,1,mixture/0.3/9/5/13
0.3,9,13,0,1000,200,5,constant,asw-average,,2,0,0,mixture/0.3/9/5/13
0.3,9,14,0,1000,200,5,constant,stated,0.5395907397331495,1,0,0,mixture/0.3/9/5/14
0.3,9,14,0,1000,200,5,constant,geomean,0.1257298691640137,9,1,1,mixture/0.3/9/5/14
0.3,9,14,0,1000,200,5,constant,ratio,0.11199999999999999,9,1,1,mixture/0.3/9/5/14
0.3,9,14,0,1000,200,5,constant,ratio-half,0.11199999999999999,9,1,1,mixture/0.3/9/5/14
0.3,9,14,0,1000,200,5,constant,asw-pam,,2,0,0,mixture/0.3/9/5/14
0.3,9,14,0,1000,200,5,constant,asw-average,,2,0,0,mixture/0.3/9/5/14
0.3,9,15,0,1000,200,5,constant,stated,0.5395907397331495,1,0,0,mixture/0.3/9/5/15
0.3,9,15,0,1000,200,5,constant,geomean,0.12354756169184405,9,1,1,mixture/0.3/9/5/15
0.3,9,15,0,1000,200,5,constant,ratio,0.08999999999999986,9,1,1,mixture/0.3/9/5/15
0.3,9,15,0,1000,200,5,constant,ratio-half,0.08999999999999986,9,1,1,mixture/0.3/9/5/15
0.3,9,15,0,1000,200,5,constant,asw-pam,,6,0,0,mixture/0.3/9/5/15
0.3,9,15,0,1000,200,5,constant,asw-average,,7,0,0,mixture/0.3/9/5/15
0.3,9,16,0,1000,200,5,constant,stated,0.5395907397331495,2,0,0,mixture/0.3/9/5/16
0.3,9,16,0,1000,200,5,constant,geomean,0.16053660018824348,8,0,0,mixture/0.3/9/5/16
0.3,9,16,0,1000,200,5,constant,ratio,0.05600000000000005,9,1,1,mixture/0.3/9/5/16
0.3,9,16,0,1000,200,5,constant,ratio-half,0.05600000000000005,9,1,1,mixture/0.3/9/5/16
0.3,9,16,0,1000,200,5,constant,asw-pam,,8,0,0,mixture/0.3/9/5/16
0.3,9,16,0,1000,200,5,constant,asw-average,,8,0,0,mixture/0.3/9/5/16
0.3,9,17,0,1000,200,5,constant,stated,0.5395907397331495,2,0,0,mixture/0.3/9/5/17
0.3,9,17,0,1000,200,5,constant,geomean,0.14488616221019873,9,1,1,mixture/0.3/9/5/17
0.3,9,17,0,1000,200,5,constant,ratio,0.07799999999999996,9,1,1,mixture/0.3/9/5/17
0.3,9,17,0,1000,200,5,constant,ratio-half,0.07799999999999996,9,1,1,mixture/0.3/9/5/17
0.3,9,17,0,1000,200,5,constant,asw-pam,,7,0,0,mixture/0.3/9/5/17
0.3,9,17,0,1000,200,5,constant,asw-average,,4,0,0,mixture/0.3/9/5/17
0.3,9,18,0,1000,200,5,constant,stated,0.5395907397331495,2,0,0,mixture/0.3/9/5/18
0.3,9,18,0,1000,200,5,constant,geomean,0.1985950653969023,7,0,0,mixture/0.3/9/5/18
0.3,9,18,0,1000,200,5,constant,ratio,0.36800000000000005,2,0,0,mixture/0.3/9/5/18
0.3,9,18,0,1000,200,5,constant,ratio-half,0.36800000000000005,2,0,0,mixture/0.3/9/5/18
0.3,9,18,0,1000,200,5,constant,asw-pam,,2,0,0,mixture/0.3/9/5/18
0.3,9,18,0,1000,200,5,constant,asw-average,,2,0,0,mixture/0.3/9/5/18
0.3,9,19,0,1000,200,5,constant,stated,0.5395907397331495,2,0,0,mixture/0.3/9/5/19
0.3,9,19,0,1000,200,5,constant,geomean,0.17839282496782216,9,1,1,mixture/0.3/9/5/19
0.3,9,19,0,1000,200,5,constant,ratio,0.062000000000000055,9,1,1,mixture/0.3/9/5/19
0.3,9,19,0,1000,200,5,constant,ratio-half,0.062000000000000055,9,1,1,mixture/0.3/9/5/19
0.3,9,19,0,1000,200,5,constant,asw-pam,,2,0,0,mixture/0.3/9/5/19
0.3,9,19,0,1000,200,5,constant,asw-average,,2,0,0,mixture/0.3/9/5/19
0.3,10,0,0,1000,200,5,constant,stated,0.5395907397331495,2,0,0,mixture/0.3/10/5/0
0.3,10,0,0,1000,200,5,constant,geomean,0.1517893276880823,10,1,1,mixture/0.3/10/5/0
0.3,10,0,0,1000,200,5,constant,ratio,0.10199999999999987,10,1,1,mixture/0.3/10/5/0
0.3,10,0,0,1000,200,5,constant,ratio-half,0.10199999999999987,10,1,1,mixture/0.3/10/5/0
0.3,10,0,0,1000,200,5,constant,asw-pam,,10,1,1,mixture/0.3/10/5/0
0.3,10,0,0,1000,200,5,constant,asw-average,,10,1,1,mixture/0.3/10/5/0
0.3,10,1,0,1000,200,5,constant,stated,0.5395907397331495,1,0,0,mixture/0.3/10/5/1
0.3,10,1,0,1000,200,5,constant,geomean,0.11661903789690606,10,1,1,mixture/0.3/10/5/1
0.3,10,1,0,1000,200,5,constant,ratio,0.07999999999999996,10,1,1,mixture/0.3/10/5/1
0.3,10,1,0,1000,200,5,constant,ratio-half,0.07999999999999996,10,1,1,mixture/0.3/10/5/1
0.3,10,1,0,1000,200,5,constant,asw-pam,,10,1,1,mixture/0.3/10/5/1
0.3,10,1,0,1000,200,5,constant,asw-average,,10,1,1,mixture/0.3/10/5/1
0.3,10,2,0,1000,200,5,constant,stated,0.5395907397331495,2,0,0,mixture/0.3/10/5/2
0.3,10,2,0,1000,200,5,constant,geomean,0.13483323032546546,10,1,1,mixture/0.3/10/5/2
0.3,10,2,0,1000,200,5,constant,ratio,0.052000000000000046,10,1,1,mixture/0.3/10/5/2
0.3,10,2,0,1000,200,5,constant,ratio-half,0.052000000000000046,10,1,1,mixture/0.3/10/5/2
0.3,10,2,0,1000,200,5,constant,asw-pam,,2,0,0,mixture/0.3/10/5/2
0.3,10,2,0,1000,200,5,constant,asw-average,,2,0,0,mixture/0.3/10/5/2
0.3,10,3,0,1000,200,5,constant,stated,0.5395907397331495,3,0,0,mixture/0.3/10/5/3
0.3,10,3,0,1000,200,5,constant,geomean,0.15221038072352364,8,0,0,mixture/0.3/10/5/3
0.3,10,3,0,1000,200,5,constant,ratio,0.06000000000000005,10,1,1,mixture/0.3/10/5/3
0.3,10,3,0,1000,200,5,constant,ratio-half,0.06000000000000005,10,1,1,mixture/0.3/10/5/3
0.3,10,3,0,1000,200,5,constant,asw-pam,,8,0,0,mixture/0.3/10/5/3
0.3,10,3,0,1000,200,5,constant,asw-average,,8,0,0,mixture/0.3/10/5/3
0.3,10,4,0,1000,200,5,constant,stated,0.5395907397331495,3,0,0,mixture/0.3/10/5/4
0.3,10,4,0,1000,200,5,constant,geomean,0.1547126368465098,9,0,0,mixture/0.3/10/5/4
0.3,10,4,0,1000,200,5,constant,ratio,0.06000000000000005,10,1,1,mixture/0.3/10/5/4
0.3,10,4,0,1000,200,5,constant,ratio-half,0.06000000000000005,10,1,1,mixture/0.3/10/5/4
0.3,10,4,0,1000,200,5,constant,asw-pam,,2,0,0,mixture/0.3/10/5/4
0.3,10,4,0,1000,200,5,constant,asw-average,,2,0,0,mixture/0.3/10/5/4
0.3,10,5,0,1000,200,5,constant,stated,0.5395907397331495,1,0,0,mixture/0.3/10/5/5
0.3,10,5,0,1000,200,5,constant,geomean,0.1213260071048247,13,0,0,mixture/0.3/10/5/5
0.3,10,5,0,1000,200,5,constant,ratio,0.138,10,1,1,mixture/0.3/10/5/5
0.3,10,5,0,1000,200,5,constant,ratio-half,0.138,10,1,1,mixture/0.3/10/5/5
0.3,10,5,0,1000,200,5,constant,asw-pam,,9,0,0,mixture/0.3/10/5/5
0.3,10,5,0,1000,200,5,constant,asw-average,,9,0,0,mixture/0.3/10/5/5
0.3,10,6,0,1000,200,5,constant,stated,0.5395907397331495,1,0,0,mixture/0.3/10/5/6
0.3,10,6,0,1000,200,5,constant,geomean,0.13449163542763548,10,1,1,mixture/0.3/10/5/6
0.3,10,6,0,1000,200,5,constant,ratio,0.08400000000000007,10,1,1,mixture/0.3/10/5/6
0.3,10,6,0,1000,200,5,constant,ratio-half,0.08400000000000007,10,1,1,mixture/0.3/10/5/6
0.3,10,6,0,1000,200,5,constant,asw-pam,,10,1,1,mixture/0.3/10/5/6
0.3,10,6,0,1000,200,5,constant,asw-average,,10,1,1,mixture/0.3/10/5/6
0.3,10,7,0,1000,200,5,constant,stated,0.5395907397331495,2,0,0,mixture/0.3/10/5/7
0.3,10,7,0,1000,200,5,constant,geomean,0.15964961634780067,10,1,1,mixture/0.3/10/5/7
0.3,10,7,0,1000,200,5,constant,ratio,0.41600000000000004,2,0,0,mixture/0.3/10/5/7
0.3,10,7,0,1000,200,5,constant,ratio-half,0.41600000000000004,2,0,0,mixture/0.3/10/5/7
0.3,10,7,0,1000,200,5,constant,asw-pam,,10,1,1,mixture/0.3/10/5/7
0.3,10,7,0,1000,200,5,constant,asw-average,,10,1,1,mixture/0.3/10/5/7
0.3,10,8,0,1000,200,5,constant,stated,0.5395907397331495,2,0,0,mixture/0.3/10/5/8
0.3,10,8,0,1000,200,5,constant,geomean,0.1571496102445056,9,0,0,mixture/0.3/10/5/8
0.3,10,8,0,1000,200,5,constant,ratio,0.11800000000000005,9,0,0,mixture/0.3/10/5/8
0.3,10,8,0,1000,200,5,constant,ratio-half,0.11800000000000005,9,0,0,mixture/0.3/10/5/8
0.3,10,8,0,1000,200,5,constant,asw-pam,,9,0,0,mixture/0.3/10/5/8
0.3,10,8,0,1000,200,5,constant,asw-average,,9,0,0,mixture/0.3/10/5/8
0.3,10,9,0,1000,200,5,constant,stated,0.5395907397331495,1,0,0,mixture/0.3/10/5/9
0.3,10,9,0,1000,200,5,constant,geomean,0.10751744044572477,10,1,1,mixture/0.3/10/5/9
0.3,10,9,0,1000,200,5,constant,ratio,0.19399999999999995,6,0,0,mixture/0.3/10/5/9
0.3,10,9,0,1000,200,5,constant,ratio-half,0.19399999999999995,6,0,0,mixture/0.3/10/5/9
0.3,10,9,0,1000,200,5,constant,asw-pam,,9,0,0,mixture/0.3/10/5/9
0.3,10,9,0,1000,200,5,constant,asw-average,,8,0,0,mixture/0.3/10/5/9
0.3,10,10,0,1000,200,5,constant,stated,0.5395907397331495,1,0,0,mixture/0.3/10/5/10
0.3,10,10,0,1000,200,5,constant,geomean,0.13475904422338417,10,1,1,mixture/0.3/10/5/10
0.3,10,10,0,1000,200,5,constant,ratio,0.122,10,1,1,mixture/0.3/10/5/10
0.3,10,10,0,1000,200,5,constant,ratio-half,0.122,10,1,1,mixture/0.3/10/5/10
0.3,10,10,0,1000,200,5,constant,asw-pam,,8,0,0,mixture/0.3/10/5/10
0.3,10,10,0,1000,200,5,constant,asw-average,,7,0,0,mixture/0.3/10/5/10
0.3,10,11,0,1000,200,5,constant,stated,0.5395907397331495,2,0,0,mixture/0.3/10/5/11
0.3,10,11,0,1000,200,5,constant,geomean,0.2084514331924826,9,0,0,mixture/0.3/10/5/11
0.3,10,11,0,1000,200,5,constant,ratio,0.464,2,0,0,mixture/0.3/10/5/11
0.3,10,11,0,1000,200,5,constant,ratio-half,0.464,2,0,0,mixture/0.3/10/5/11
0.3,10,11,0,1000,200,5,constant,asw-pam,,2,0,0,mixture/0.3/10/5/11
0.3,10,11,0,1000,200,5,constant,asw-average,,2,0,0,mixture/0.3/10/5/11
0.3,10,12,0,1000,200,5,constant,stated,0.5395907397331495,2,0,0,mixture/0.3/10/5/12
0.3,10,12,0,1000,200,5,constant,geomean,0.17630655121123556,9,0,0,mixture/0.3/10/5/12
0.3,10,12,0,1000,200,5,constant,ratio,0.478,2,0,0,mixture/0.3/10/5/12
0.3,10,12,0,1000,200,5,constant,ratio-half,0.478,2,0,0,mixture/0.3/10/5/12
0.3,10,12,0,1000,200,5,constant,asw-pam,,9,0,0,mixture/0.3/10/5/12
0.3,10,12,0,1000,200,5,constant,asw-average,,2,0,0,mixture/0.3/10/5/12
0.3,10,13,0,1000,200,5,constant,stated,0.5395907397331495,3,0,0,mixture/0.3/10/5/13
0.3,10,13,0,1000,200,5,constant,geomean,0.15818975946628155,10,1,1,mixture/0.3/10/5/13
0.3,10,13,0,1000,200,5,constant,ratio,0.07800000000000007,10,1,1,mixture/0.3/10/5/13
0.3,10,13,0,1000,200,5,constant,ratio-half,0.07800000000000007,10,1,1,mixture/0.3/10/5/13
0.3,10,13,0,1000,200,5,constant,asw-pam,,10,1,1,mixture/0.3/10/5/13
0.3,10,13,0,1000,200,5,constant,asw-average,,10,1,1,mixture/0.3/10/5/13
0.3,10,14,0,1000,200,5,constant,stated,0.5395907397331495,2,0,0,mixture/0.3/10/5/14
0.3,10,14,0,1000,200,5,constant,geomean,0.15383107618423536,10,1,1,mixture/0.3/10/5/14
0.3,10,14,0,1000,200,5,constant,ratio,0.09399999999999997,10,1,1,mixture/0.3/10/5/14
0.3,10,14,0,1000,200,5,constant,ratio-half,0.09399999999999997,10,1,1,mixture/0.3/10/5/14
0.3,10,14,0,1000,200,5,constant,asw-pam,,2,0,0,mixture/0.3/10/5/14
0.3,10,14,0,1000,200,5,constant,asw-average,,2,0,0,mixture/0.3/10/5/14
0.3,10,15,0,1000,200,5,constant,stated,0.5395907397331495,2,0,0,mixture/0.3/10/5/15
0.3,10,15,0,1000,200,5,constant,geomean,0.1559487095169435,9,0,0,mixture/0.3/10/5/15
0.3,10,15,0,1000,200,5,constant,ratio,0.10199999999999998,9,0,0,mixture/0.3/10/5/15
0.3,10,15,0,1000,200,5,constant,ratio-half,0.10199999999999998,9,0,0,mixture/0.3/10/5/15
0.3,10,15,0,1000,200,5,constant,asw-pam,,8,0,0,mixture/0.3/10/5/15
0.3,10,15,0,1000,200,5,constant,asw-average,,8,0,0,mixture/0.3/10/5/15
0.3,10,16,0,1000,200,5,constant,stated,0.5395907397331495,2,0,0,mixture/0.3/10/5/16
0.3,10,16,0,1000,200,5,constant,geomean,0.16821414922651431,9,0,0,mixture/0.3/10/5/16
0.3,10,16,0,1000,200,5,constant,ratio,0.06000000000000005,10,1,1,mixture/0.3/10/5/16
0.3,10,16,0,1000,200,5,constant,ratio-half,0.06000000000000005,10,1,1,mixture/0.3/10/5/16
0.3,10,16,0,1000,200,5,constant,asw-pam,,2,0,0,mixture/0.3/10/5/16
0.3,10,16,0,1000,200,5,constant,asw-average,,2,0,0,mixture/0.3/10/5/16
0.3,10,17,0,1000,200,5,constant,stated,0.5395907397331495,1,0,0,mixture/0.3/10/5/17
0.3,10,17,0,1000,200,5,constant,geomean,0.12178669878110669,10,1,1,mixture/0.3/10/5/17
0.3,10,17,0,1000,200,5,constant,ratio,0.052000000000000046,10,1,1,mixture/0.3/10/5/17
0.3,10,17,0,1000,200,5,constant,ratio-half,0.052000000000000046,10,1,1,mixture/0.3/10/5/17
0.3,10,17,0,1000,200,5,constant,asw-pam,,10,1,1,mixture/0.3/10/5/17
0.3,10,17,0,1000,200,5,constant,asw-average,,7,0,0,mixture/0.3/10/5/17
0.3,10,18,0,1000,200,5,constant,stated,0.5395907397331495,2,0,0,mixture/0.3/10/5/18
0.3,10,18,0,1000,200,5,constant,geomean,0.17782013384316192,8,0,0,mixture/0.3/10/5/18
0.3,10,18,0,1000,200,5,constant,ratio,0.33999999999999997,2,0,0,mixture/0.3/10/5/18
0.3,10,18,0,1000,200,5,constant,ratio-half,0.33999999999999997,2,0,0,mixture/0.3/10/5/18
0.3,10,18,0,1000,200,5,constant,asw-pam,,2,0,0,mixture/0.3/10/5/18
0.3,10,18,0,1000,200,5,constant,asw-average,,2,0,0,mixture/0.3/10/5/18
0.3,10,19,0,1000,200,5,constant,stated,0.5395907397331495,2,0,0,mixture/0.3/10/5/19
0.3,10,19,0,1000,200,5,constant,geomean,0.13896762212832175,10,1,1,mixture/0.3/10/5/19
0.3,10,19,0,1000,200,5,constant,ratio,0.08399999999999996,10,1,1,mixture/0.3/10/5/19
0.3,10,19,0,1000,200,5,constant,ratio-half,0.08399999999999996,10,1,1,mixture/0.3/10/5/19
0.3,10,19,0,1000,200,5,constant,asw-pam,,4,0,0,mixture/0.3/10/5/19
0.3,10,19,0,1000,200,5,constant,asw-average,,6,0,0,mixture/0.3/10/5/19
0.4,2,0,0,1000,200,5,constant,stated,0.5395907397331495,1,0,0,mixture/0.4/2/5/0
0.4,2,0,0,1000,200,5,constant,geomean,0.09316651759081697,2,1,1,mixture/0.4/2/5/0
0.4,2,0,0,1000,200,5,constant,ratio,0.041999999999999926,2,1,1,mixture/0.4/2/5/0
0.4,2,0,0,1000,200,5,constant,ratio-half,0.041999999999999926,2,1,1,mixture/0.4/2/5/0
0.4,2,0,0,1000,200,5,constant,asw-pam,,2,1,1,mixture/0.4/2/5/0
0.4,2,0,0,1000,200,5,constant,asw-average,,2,1,1,mixture/0.4/2/5/0
0.4,2,1,0,1000,200,5,constant,stated,0.5395907397331495,1,0,0,mixture/0.4/2/5/1
0.4,2,1,0,1000,200,5,constant,geomean,0.15726410906497396,2,1,1,mixture/0.4/2/5/1
0.4,2,1,0,1000,200,5,constant,ratio,0.08400000000000007,2,1,1,mixture/0.4/2/5/1
0.4,2,1,0,1000,200,5,constant,ratio-half,0.08400000000000007,2,1,1,mixture/0.4/2/5/1
0.4,2,1,0,1000,200,5,constant,asw-pam,,2,1,1,mixture/0.4/2/5/1
0.4,2,1,0,1000,200,5,constant,asw-average,,2,1,1,mixture/0.4/2/5/1
0.4,2,2,0,1000,200,5,constant,stated,0.5395907397331495,1,0,0,mixture/0.4/2/5/2
0.4,2,2,0,1000,200,5,constant,geomean,0.08197560612767667,2,1,1,mixture/0.4/2/5/2
0.4,2,2,0,1000,200,5,constant,ratio,0.03799999999999992,2,1,1,mixture/0.4/2/5/2
0.4,2,2,0,1000,200,5,constant,ratio-half,0.03799999999999992,2,1,1,mixture/0.4/2/5/2
0.4,2,2,0,1000,200,5,constant,asw-pam,,2,1,1,mixture/0.4/2/5/2
0.4,2,2,0,1000,200,5,constant,asw-average,,2,1,1,mixture/0.4/2/5/2
0.4,2,3,0,1000,200,5,constant,stated,0.5395907397331495,1,0,0,mixture/0.4/2/5/3
0.4,2,3,0,1000,200,5,constant,geomean,0.11634431657799195,2,1,1,mixture/0.4/2/5/3
0.4,2,3,0,1000,200,5,constant,ratio,0.050000000000000044,2,1,1,mixture/0.4/2/5/3
0.4,2,3,0,1000,200,5,constant,ratio-half,0.050000000000000044,2,1,1,mixture/0.4/2/5/3
0.4,2,3,0,1000,200,5,constant,asw-pam,,2,1,1,mixture/0.4/2/5/3
0.4,2,3,0,1000,200,5,constant,asw-average,,2,1,1,mixture/0.4/2/5/3
0.4,2,4,0,1000,200,5,constant,stated,0.5395907397331495,2,1,1,mixture/0.4/2/5/4
0.4,2,4,0,1000,200,5,constant,geomean,0.14797297050475114,2,1,1,mixture/0.4/2/5/4
0.4,2,4,0,1000,200,5,constant,ratio,0.051999999999999935,2,1,1,mixture/0.4/2/5/4
0.4,2,4,0,1000,200,5,constant,ratio-half,0.051999999999999935,2,1,1,mixture/0.4/2/5/4
0.4,2,4,0,1000,200,5,constant,asw-pam,,2,1,1,mixture/0.4/2/5/4
0.4,2,4,0,1000,200,5,constant,asw-average,,2,1,1,mixture/0.4/2/5/4
0.4,2,5,0,1000,200,5,constant,stated,0.5395907397331495,2,1,1,mixture/0.4/2/5/5
0.4,2,5,0,1000,200,5,constant,geomean,0.13899640283115247,2,1,1,mixture/0.4/2/5/5
0.4,2,5,0,1000,200,5,constant,ratio,0.051999999999999935,2,1,1,mixture/0.4/2/5/5
0.4,2,5,0,1000,200,5,constant,ratio-half,0.051999999999999935,2,1,1,mixture/0.4/2/5/5
0.4,2,5,0,1000,200,5,constant,asw-pam,,2,1,1,mixture/0.4/2/5/5
0.4,2,5,0,1000,200,5,constant,asw-average,,2,1,1,mixture/0.4/2/5/5
0.4,2,6,0,1000,200,5,constant,stated,0.5395907397331495,1,0,0,mixture/0.4/2/5/6
0.4,2,6,0,1000,200,5,constant,geomean,0.10237187113655787,2,1,1,mixture/0.4/2/5/6
0.4,2,6,0,1000,200,5,constant,ratio,0.05399999999999994,2,1,1,mixture/0.4/2/5/6
0.4,2,6,0,1000,200,5,constant,ratio-half,0.05399999999999994,2,1,1,mixture/0.4/2/5/6
0.4,2,6,0,1000,200,5,constant,asw-pam,,2,1,1,mixture/0.4/2/5/6
0.4,2,6,0,1000,200,5,constant,asw-average,,2,1,1,mixture/0.4/2/5/6
0.4,2,7,0,1000,200,5,constant,stated,0.5395907397331495,2,1,1,mixture/0.4/2/5/7
0.4,2,7,0,1000,200,5,constant,geomean,0.14751271131668606,2,1,1,mixture/0.4/2/5/7
0.4,2,7,0,1000,200,5,constant,ratio,0.06399999999999995,2,1,1,mixture/0.4/2/5/7
0.4,2,7,0,1000,200,5,constant,ratio-half,0.06399999999999995,2,1,1,mixture/0.4/2/5/7
0.4,2,7,0,1000,200,5,constant,asw-pam,,2,1,1,mixture/0.4/2/5/7
0.4,2,7,0,1000,200,5,constant,asw-average,,2,1,1,mixture/0.4/2/5/7
0.4,2,8,0,1000,200,5,constant,stated,0.5395907397331495,1,0,0,mixture/0.4/2/5/8
0.4,2,8,0,1000,200,5,constant,geomean,0.07776888838089437,2,1,1,mixture/0.4/2/5/8
0.4,2,8,0,1000,200,5,constant,ratio,0.03799999999999992,2,1,1,mixture/0.4/2/5/8
0.4,2,8,0,1000,200,5,constant,ratio-half,0.03799999999999992,2,1,1,mixture/0.4/2/5/8
0.4,2,8,0,1000,200,5,constant,asw-pam,,2,1,1,mixture/0.4/2/5/8
0.4,2,8,0,1000,200,5,constant,asw-average,,2,1,1,mixture/0.4/2/5/8
0.4,2,9,0,1000,200,5,constant,stated,0.5395907397331495,1,0,0,mixture/0.4/2/5/9
0.4,2,9,0,1000,200,5,constant,geomean,0.0896660470858396,2,1,1,mixture/0.4/2/5/9
0.4,2,9,0,1000,200,5,constant,ratio,0.05600000000000005,2,1,1,mixture/0.4/2/5/9
0.4,2,9,0,1000,200,5,constant,ratio-half,0.05600000000000005,2,1,1,mixture/0.4/2/5/9
0.4,2,9,0,1000,200,5,constant,asw-pam,,2,1,1,mixture/0.4/2/5/9
0.4,2,9,0,1000,200,5,constant,asw-average,,2,1,1,mixture/0.4/2/5/9
0.4,2,10,0,1000,200,5,constant,stated,0.5395907397331495,1,0,0,mixture/0.4/2/5/10
0.4,2,10,0,1000,200,5,constant,geomean,0.08597674104081873,2,1,1,mixture/0.4/2/5/10
0.4,2,10,0,1000,200,5,constant,ratio,0.061999999999999944,2,1,1,mixture/0.4/2/5/10
0.4,2,10,0,1000,200,5,constant,ratio-half,0.061999999999999944,2,1,1,mixture/0.4/2/5/10
0.4,2,10,0,1000,200,5,constant,asw-pam,,2,1,1,mixture/0.4/2/5/10
0.4,2,10,0,1000,200,5,constant,asw-average,,2,1,1,mixture/0.4/2/5/10
0.4,2,11,0,1000,200,5,constant,stated,0.5395907397331495,1,0,0,mixture/0.4/2/5/11
0.4,2,11,0,1000,200,5,constant,geomean,0.10733126291998976,2,1,1,mixture/0.4/2/5/11
0.4,2,11,0,1000,200,5,constant,ratio,0.06400000000000006,2,1,1,mixture/0.4/2/5/11
0.4,2,11,0,1000,200,5,constant,ratio-half,0.06400000000000006,2,1,1,mixture/0.4/2/5/11
0.4,2,11,0,1000,200,5,constant,asw-pam,,2,1,1,mixture/0.4/2/5/11
0.4,2,11,0,1000,200,5,constant,asw-average,,2,1,1,mixture/0.4/2/5/11
0.4,2,12,0,1000,200,5,constant,stated,0.5395907397331495,1,0,0,mixture/0.4/2/5/12
0.4,2,12,0,1000,200,5,constant,geomean,0.12341798896433213,2,1,1,mixture/0.4/2/5/12
0.4,2,12,0,1000,200,5,constant,ratio,0.05599999999999994,2,1,1,mixture/0.4/2/5/12
0.4,2,12,0,1000,200,5,constant,ratio-half,0.05599999999999994,2,1,1,mixture/0.4/2/5/12
0.4,2,12,0,1000,200,5,constant,asw-pam,,2,1,1,mixture/0.4/2/5/12
0.4,2,12,0,1000,200,5,constant,asw-average,,2,1,1,mixture/0.4/2/5/12
0.4,2,13,0,1000,200,5,constant,stated,0.5395907397331495,1,0,0,mixture/0.4/2/5/13
0.4,2,13,0,1000,200,5,constant,geomean,0.09967948635501694,2,1,1,mixture/0.4/2/5/13
0.4,2,13,0,1000,200,5,constant,ratio,0.03200000000000003,2,1,1,mixture/0.4/2/5/13
0.4,2,13,0,1000,200,5,constant,ratio-half,0.03200000000000003,2,1,1,mixture/0.4/2/5/13
0.4,2,13,0,1000,200,5,constant,asw-pam,,2,1,1,mixture/0.4/2/5/13
0.4,2,13,0,1000,200,5,constant,asw-average,,2,1,1,mixture/0.4/2/5/13
0.4,2,14,0,1000,200,5,constant,stated,0.5395907397331495,1,0,0,mixture/0.4/2/5/14
0.4,2,14,0,1000,200,5,constant,geomean,0.13499629624548948,2,1,1,mixture/0.4/2/5/14
0.4,2,14,0,1000,200,5,constant,ratio,0.04399999999999993,2,1,1,mixture/0.4/2/5/14
0.4,2,14,0,1000,200,5,constant,ratio-half,0.04399999999999993,2,1,1,mixture/0.4/2/5/14
0.4,2,14,0,1000,200,5,constant,asw-pam,,2,1,1,mixture/0.4/2/5/14
0.4,2,14,0,1000,200,5,constant,asw-average,,2,1,1,mixture/0.4/2/5/14
0.4,2,15,0,1000,200,5,constant,stated,0.5395907397331495,1,0,0,mixture/0.4/2/5/15
0.4,2,15,0,1000,200,5,constant,geomean,0.1304607220584035,2,1,1,mixture/0.4/2/5/15
0.4,2,15,0,1000,200,5,constant,ratio,0.06799999999999995,2,1,1,mixture/0.4/2/5/15
0.4,2,15,0,1000,200,5,constant,ratio-half,0.06799999999999995,2,1,1,mixture/0.4/2/5/15
0.4,2,15,0,1000,200,5,constant,asw-pam,,2,1,1,mixture/0.4/2/5/15
0.4,2,15,0,1000,200,5,constant,asw-average,,2,1,1,mixture/0.4/2/5/15
0.4,2,16,0,1000,200,5,constant,stated,0.5395907397331495,1,0,0,mixture/0.4/2/5/16
0.4,2,16,0,1000,200,5,constant,geomean,0.1177794549146837,2,1,1,mixture/0.4/2/5/16
0.4,2,16,0,1000,200,5,constant,ratio,0.04600000000000004,2,1,1,mixture/0.4/2/5/16
0.4,2,16,0,1000,200,5,constant,ratio-half,0.04600000000000004,2,1,1,mixture/0.4/2/5/16
0.4,2,16,0,1000,200,5,constant,asw-pam,,2,1,1,mixture/0.4/2/5/16
0.4,2,16,0,1000,200,5,constant,asw-average,,2,1,1,mixture/0.4/2/5/16
0.4,2,17,0,1000,200,5,constant,stated,0.5395907397331495,1,0,0,mixture/0.4/2/5/17
0.4,2,17,0,1000,200,5,constant,geomean,0.08059776671843943,2,1,1,mixture/0.4/2/5/17
0.4,2,17,0,1000,200,5,constant,ratio,0.03600000000000003,2,1,1,mixture/0.4/2/5/17
0.4,2,17,0,1000,200,5,constant,ratio-half,0.03600000000000003,2,1,1,mixture/0.4/2/5/17
0.4,2,17,0,1000,200,5,constant,asw-pam,,2,1,1,mixture/0.4/2/5/17
0.4,2,17,0,1000,200,5,constant,asw-average,,2,1,1,mixture/0.4/2/5/17
0.4,2,18,0,1000,200,5,constant,stated,0.5395907397331495,2,1,1,mixture/0.4/2/5/18
0.4,2,18,0,1000,200,5,constant,geomean,0.17545369759569018,2,1,1,mixture/0.4/2/5/18
0.4,2,18,0,1000,200,5,constant,ratio,0.04200000000000004,2,1,1,mixture/0.4/2/5/18
0.4,2,18,0,1000,200,5,constant,ratio-half,0.04200000000000004,2,1,1,mixture/0.4/2/5/18
0.4,2,18,0,1000,200,5,constant,asw-pam,,2,1,1,mixture/0.4/2/5/18
0.4,2,18,0,1000,200,5,constant,asw-average,,2,1,1,mixture/0.4/2/5/18
0.4,2,19,0,1000,200,5,constant,stated,0.5395907397331495,2,1,1,mixture/0.4/2/5/19
0.4,2,19,0,1000,200,5,constant,geomean,0.13099618315050257,2,1,1,mixture/0.4/2/5/19
0.4,2,19,0,1000,200,5,constant,ratio,0.06800000000000006,2,1,1,mixture/0.4/2/5/19
0.4,2,19,0,1000,200,5,constant,ratio-half,0.06800000000000006,2,1,1,mixture/0.4/2/5/19
0.4,2,19,0,1000,200,5,constant,asw-pam,,2,1,1,mixture/0.4/2/5/19
0.4,2,19,0,1000,200,5,constant,asw-average,,2,1,1,mixture/0.4/2/5/19
0.4,3,0,0,1000,200,5,constant,stated,0.5395907397331495,2,0,0,mixture/0.4/3/5/0
0.4,3,0,0,1000,200,5,constant,geomean,0.12891857895586661,3,1,1,mixture/0.4/3/5/0
0.4,3,0,0,1000,200,5,constant,ratio,0.04600000000000004,3,1,1,mixture/0.4/3/5/0
0.4,3,0,0,1000,200,5,constant,ratio-half,0.04600000000000004,3,1,1,mixture/0.4/3/5/0
0.4,3,0,0,1000,200,5,constant,asw-pam,,3,1,1,mixture/0.4/3/5/0
0.4,3,0,0,1000,200,5,constant,asw-average,,3,1,1,mixture/0.4/3/5/0
0.4,3,1,0,1000,200,5,constant,stated,0.5395907397331495,1,0,0,mixture/0.4/3/5/1
0.4,3,1,0,1000,200,5,constant,geomean,0.13018448448259884,3,1,1,mixture/0.4/3/5/1
0.4,3,1,0,1000,200,5,constant,ratio,0.06000000000000005,3,1,1,mixture/0.4/3/5/1
0.4,3,1,0,1000,200,5,constant,ratio-half,0.06000000000000005,3,1,1,mixture/0.4/3/5/1
0.4,3,1,0,1000,200,5,constant,asw-pam,,2,0,0,mixture/0.4/3/5/1
0.4,3,1,0,1000,200,5,constant,asw-average,,2,0,0,mixture/0.4/3/5/1
0.4,3,2,0,1000,200,5,constant,stated,0.5395907397331495,2,0,0,mixture/0.4/3/5/2
0.4,3,2,0,1000,200,5,constant,geomean,0.1767710383518749,3,1,1,mixture/0.4/3/5/2
0.4,3,2,0,1000,200,5,constant,ratio,0.25,2,0,0,mixture/0.4/3/5/2
0.4,3,2,0,1000,200,5,constant,ratio-half,0.25,2,0,0,mixture/0.4/3/5/2
0.4,3,2,0,1000,200,5,constant,asw-pam,,2,0,0,mixture/0.4/3/5/2
0.4,3,2,0,1000,200,5,constant,asw-average,,2,0,0,mixture/0.4/3/5/2
0.4,3,3,0,1000,200,5,constant,stated,0.5395907397331495,2,0,0,mixture/0.4/3/5/3
0.4,3,3,0,1000,200,5,constant,geomean,0.1649242250247065,3,1,1,mixture/0.4/3/5/3
0.4,3,3,0,1000,200,5,constant,ratio,0.08200000000000002,3,1,1,mixture/0.4/3/5/3
0.4,3,3,0,1000,200,5,constant,ratio-half,0.08200000000000002,3,1,1,mixture/0.4/3/5/3
0.4,3,3,0,1000,200,5,constant,asw-pam,,2,0,0,mixture/0.4/3/5/3
0.4,3,3,0,1000,200,5,constant,asw-average,,2,0,0,mixture/0.4/3/5/3
0.4,3,4,0,1000,200,5,constant,stated,0.5395907397331495,1,0,0,mixture/0.4/3/5/4
0.4,3,4,0,1000,200,5,constant,geomean,0.08079603950689665,3,1,1,mixture/0.4/3/5/4
0.4,3,4,0,1000,200,5,constant,ratio,0.04800000000000004,3,1,1,mixture/0.4/3/5/4
0.4,3,4,0,1000,200,5,constant,ratio-half,0.04800000000000004,3,1,1,mixture/0.4/3/5/4
0.4,3,4,0,1000,200,5,constant,asw-pam,,2,0,0,mixture/0.4/3/5/4
0.4,3,4,0,1000,200,5,constant,asw-average,,2,0,0,mixture/0.4/3/5/4
0.4,3,5,0,1000,200,5,constant,stated,0.5395907397331495,1,0,0,mixture/0.4/3/5/5
0.4,3,5,0,1000,200,5,constant,geomean,0.12198360545581513,3,1,1,mixture/0.4/3/5/5
0.4,3,5,0,1000,200,5,constant,ratio,0.08199999999999996,3,1,1,mixture/0.4/3/5/5
0.4,3,5,0,1000,200,5,constant,ratio-half,0.08199999999999996,3,1,1,mixture/0.4/3/5/5
0.4,3,5,0,1000,200,5,constant,asw-pam,,2,0,0,mixture/0.4/3/5/5
0.4,3,5,0,1000,200,5,constant,asw-average,,2,0,0,mixture/0.4/3/5/5
0.4,3,6,0,1000,200,5,constant,stated,0.5395907397331495,1,0,0,mixture/0.4/3/5/6
0.4,3,6,0,1000,200,5,constant,geomean,0.08160882305241271,3,1,1,mixture/0.4/3/5/6
0.4,3,6,0,1000,200,5,constant,ratio,0.050000000000000044,3,1,1,mixture/0.4/3/5/6
0.4,3,6,0,1000,200,5,constant,ratio-half,0.050000000000000044,3,1,1,mixture/0.4/3/5/6
0.4,3,6,0,1000,200,5,constant,asw-pam,,2,0,0,mixture/0.4/3/5/6
0.4,3,6,0,1000,200,5,constant,asw-average,,2,0,0,mixture/0.4/3/5/6
0.4,3,7,0,1000,200,5,constant,stated,0.5395907397331495,1,0,0,mixture/0.4/3/5/7
0.4,3,7,0,1000,200,5,constant,geomean,0.10399999999999986,3,1,1,mixture/0.4/3/5/7
0.4,3,7,0,1000,200,5,constant,ratio,0.04400000000000004,3,1,1,mixture/0.4/3/5/7
0.4,3,7,0,1000,200,5,constant,ratio-half,0.04400000000000004,3,1,1,mixture/0.4/3/5/7
0.4,3,7,0,1000,200,5,constant,asw-pam,,2,0,0,mixture/0.4/3/5/7
0.4,3,7,0,1000,200,5,constant,asw-average,,2,0,0,mixture/0.4/3/5/7
0.4,3,8,0,1000,200,5,constant,stated,0.5395907397331495,1,0,0,mixture/0.4/3/5/8
0.4,3,8,0,1000,200,5,constant,geomean,0.08742997197757761,3,1,1,mixture/0.4/3/5/8
0.4,3,8,0,1000,200,5,constant,ratio,0.038000000000000034,3,1,1,mixture/0.4/3/5/8
0.4,3,8,0,1000,200,5,constant,ratio-half,0.038000000000000034,3,1,1,mixture/0.4/3/5/8
0.4,3,8,0,1000,200,5,constant,asw-pam,,2,0,0,mixture/0.4/3/5/8
0.4,3,8,0,1000,200,5,constant,asw-average,,2,0,0,mixture/0.4/3/5/8
0.4,3,9,0,1000,200,5,constant,stated,0.5395907397331495,2,0,0,mixture/0.4/3/5/9
0.4,3,9,0,1000,200,5,constant,geomean,0.14062716664997563,3,1,1,mixture/0.4/3/5/9
0.4,3,9,0,1000,200,5,constant,ratio,0.08399999999999996,3,1,1,mixture/0.4/3/5/9
0.4,3,9,0,1000,200,5,constant,ratio-half,0.08399999999999996,3,1,1,mixture/0.4/3/5/9
0.4,3,9,0,1000,200,5,constant,asw-pam,,2,0,0,mixture/0.4/3/5/9
0.4,3,9,0,1000,200,5,constant,asw-average,,2,0,0,mixture/0.4/3/5/9
0.4,3,10,0,1000,200,5,constant,stated,0.5395907397331495,1,0,0,mixture/0.4/3/5/10
0.4,3,10,0,1000,200,5,constant,geomean,0.08797726979169096,3,1,1,mixture/0.4/3/5/10
0.4,3,10,0,1000,200,5,constant,ratio,0.050000000000000044,3,1,1,mixture/0.4/3/5/10
0.4,3,10,0,1000,200,5,constant,ratio-half,0.050000000000000044,3,1,1,mixture/0.4/3/5/10
0.4,3,10,0,1000,200,5,constant,asw-pam,,2,0,0,mixture/0.4/3/5/10
0.4,3,10,0,1000,200,5,constant,asw-average,,2,0,0,mixture/0.4/3/5/10
0.4,3,11,0,1000,200,5,constant,stated,0.5395907397331495,1,0,0,mixture/0.4/3/5/11
0.4,3,11,0,1000,200,5,constant,geomean,0.12986146464598347,3,1,1,mixture/0.4/3/5/11
0.4,3,11,0,1000,200,5,constant,ratio,0.06599999999999995,3,1,1,mixture/0.4/3/5/11
0.4,3,11,0,1000,200,5,constant,ratio-half,0.06599999999999995,3,1,1,mixture/0.4/3/5/11
0.4,3,11,0,1000,200,5,constant,asw-pam,,3,1,1,mixture/0.4/3/5/11
0.4,3,11,0,1000,200,5,constant,asw-average,,3,1,1,mixture/0.4/3/5/11
0.4,3,12,0,1000,200,5,constant,stated,0.5395907397331495,1,0,0,mixture/0.4/3/5/12
0.4,3,12,0,1000,200,5,constant,geomean,0.1003992031840891,3,1,1,mixture/0.4/3/5/12
0.4,3,12,0,1000,200,5,constant,ratio,0.06399999999999995,3,1,1,mixture/0.4/3/5/12
0.4,3,12,0,1000,200,5,constant,ratio-half,0.06399999999999995,3,1,1,mixture/0.4/3/5/12
0.4,3,12,0,1000,200,5,constant,asw-pam,,2,0,0,mixture/0.4/3/5/12
0.4,3,12,0,1000,200,5,constant,asw-average,,2,0,0,mixture/0.4/3/5/12
0.4,3,13,0,1000,200,5,constant,stated,0.5395907397331495,1,0,0,mixture/0.4/3/5/13
0.4,3,13,0,1000,200,5,constant,geomean,0.09499473669630322,3,1,1,mixture/0.4/3/5/13
0.4,3,13,0,1000,200,5,constant,ratio,0.06799999999999995,3,1,1,mixture/0.4/3/5/13
0.4,3,13,0,1000,200,5,constant,ratio-half,0.06799999999999995,3,1,1,mixture/0.4/3/5/13
0.4,3,13,0,1000,200,5,constant,asw-pam,,3,1,1,mixture/0.4/3/5/13
0.4,3,13,0,1000,200,5,constant,asw-average,,3,1,1,mixture/0.4/3/5/13
0.4,3,14,0,1000,200,5,constant,stated,0.5395907397331495,1,0,0,mixture/0.4/3/5/14
0.4,3,14,0,1000,200,5,constant,geomean,0.1270432997052578,3,1,1,mixture/0.4/3/5/14
0.4,3,14,0,1000,200,5,constant,ratio,0.041999999999999926,3,1,1,mixture/0.4/3/5/14
0.4,3,14,0,1000,200,5,constant,ratio-half,0.041999999999999926,3,1,1,mixture/0.4/3/5/14
0.4,3,14,0,1000,200,5,constant,asw-pam,,3,1,1,mixture/0.4/3/5/14
0.4,3,14,0,1000,200,5,constant,asw-average,,3,1,1,mixture/0.4/3/5/14
0.4,3,15,0,1000,200,5,constant,stated,0.5395907397331495,1,0,0,mixture/0.4/3/5/15
0.4,3,15,0,1000,200,5,constant,geomean,0.13186356585501552,3,1,1,mixture/0.4/3/5/15
0.4,3,15,0,1000,200,5,constant,ratio,0.07399999999999995,3,1,1,mixture/0.4/3/5/15
0.4,3,15,0,1000,200,5,constant,ratio-half,0.07399999999999995,3,1,1,mixture/0.4/3/5/15
0.4,3,15,0,1000,200,5,constant,asw-pam,,2,0,0,mixture/0.4/3/5/15
0.4,3,15,0,1000,200,5,constant,asw-average,,2,0,0,mixture/0.4/3/5/15
0.4,3,16,0,1000,200,5,constant,stated,0.5395907397331495,1,0,0,mixture/0.4/3/5/16
0.4,3,16,0,1000,200,5,constant,geomean,0.10307278981380107,3,1,1,mixture/0.4/3/5/16
0.4,3,16,0,1000,200,5,constant,ratio,0.041999999999999926,3,1,1,mixture/0.4/3/5/16
0.4,3,16,0,1000,200,5,constant,ratio-half,0.041999999999999926,3,1,1,mixture/0.4/3/5/16
0.4,3,16,0,1000,200,5,constant,asw-pam,,3,1,1,mixture/0.4/3/5/16
0.4,3,16,0,1000,200,5,constant,asw-average,,3,1,1,mixture/0.4/3/5/16
0.4,3,17,0,1000,200,5,constant,stated,0.5395907397331495,1,0,0,mixture/0.4/3/5/17
0.4,3,17,0,1000,200,5,constant,geomean,0.1489966442575133,3,1,1,mixture/0.4/3/5/17
0.4,3,17,0,1000,200,5,constant,ratio,0.06800000000000006,3,1,1,mixture/0.4/3/5/17
0.4,3,17,0,1000,200,5,constant,ratio-half,0.06800000000000006,3,1,1,mixture/0.4/3/5/17
0.4,3,17,0,1000,200,5,constant,asw-pam,,3,1,1,mixture/0.4/3/5/17
0.4,3,17,0,1000,200,5,constant,asw-average,,3,1,1,mixture/0.4/3/5/17
0.4,3,18,0,1000,200,5,constant,stated,0.5395907397331495,1,0,0,mixture/0.4/3/5/18
0.4,3,18,0,1000,200,5,constant,geomean,0.11574109036984234,3,1,1,mixture/0.4/3/5/18
0.4,3,18,0,1000,200,5,constant,ratio,0.04400000000000004,3,1,1,mixture/0.4/3/5/18
0.4,3,18,0,1000,200,5,constant,ratio-half,0.04400000000000004,3,1,1,mixture/0.4/3/5/18
0.4,3,18,0,1000,200,5,constant,asw-pam,,2,0,0,mixture/0.4/3/5/18
0.4,3,18,0,1000,200,5,constant,asw-average,,2,0,0,mixture/0.4/3/5/18
0.4,3,19,0,1000,200,5,constant,stated,0.5395907397331495,2,0,0,mixture/0.4/3/5/19
0.4,3,19,0,1000,200,5,constant,geomean,0.13638181696985863,3,1,1,mixture/0.4/3/5/19
0.4,3,19,0,1000,200,5,constant,ratio,0.05600000000000005,3,1,1,mixture/0.4/3/5/19
0.4,3,19,0,1000,200,5,constant,ratio-half,0.05600000000000005,3,1,1,mixture/0.4/3/5/19
0.4,3,19,0,1000,200,5,constant,asw-pam,,3,1,1,mixture/0.4/3/5/19
0.4,3,19,0,1000,200,5,constant,asw-average,,3,1,1,mixture/0.4/3/5/19
0.4,4,0,0,1000,200,5,constant,stated,0.5395907397331495,2,0,0,mixture/0.4/4/5/0
0.4,4,0,0,1000,200,5,constant,geomean,0.13624977064200886,4,1,1,mixture/0.4/4/5/0
0.4,4,0,0,1000,200,5,constant,ratio,0.06800000000000006,4,1,1,mixture/0.4/4/5/0
0.4,4,0,0,1000,200,5,constant,ratio-half,0.06800000000000006,4,1,1,mixture/0.4/4/5/0
0.4,4,0,0,1000,200,5,constant,asw-pam,,4,1,1,mixture/0.4/4/5/0
0.4,4,0,0,1000,200,5,constant,asw-average,,4,1,1,mixture/0.4/4/5/0
0.4,4,1,0,1000,200,5,constant,stated,0.5395907397331495,1,0,0,mixture/0.4/4/5/1
0.4,4,1,0,1000,200,5,constant,geomean,0.12598412598418904,4,1,1,mixture/0.4/4/5/1
0.4,4,1,0,1000,200,5,constant,ratio,0.05800000000000005,4,1,1,mixture/0.4/4/5/1
0.4,4,1,0,1000,200,5,constant,ratio-half,0.05800000000000005,4,1,1,mixture/0.4/4/5/1
0.4,4,1,0,1000,200,5,constant,asw-pam,,2,0,0,mixture/0.4/4/5/1
0.4,4,1,0,1000,200,5,constant,asw-average,,2,0,0,mixture/0.4/4/5/1
0.4,4,2,0,1000,200,5,constant,stated,0.5395907397331495,1,0,0,mixture/0.4/4/5/2
0.4,4,2,0,1000,200,5,constant,geomean,0.1039230484541327,4,1,1,mixture/0.4/4/5/2
0.4,4,2,0,1000,200,5,constant,ratio,0.07399999999999995,4,1,1,mixture/0.4/4/5/2
0.4,4,2,0,1000,200,5,constant,ratio-half,0.07399999999999995,4,1,1,mixture/0.4/4/5/2
0.4,4,2,0,1000,200,5,constant,asw-pam,,4,1,1,mixture/0.4/4/5/2
0.4,4,2,0,1000,200,5,constant,asw-average,,4,1,1,mixture/0.4/4/5/2
0.4,4,3,0,1000,200,5,constant,stated,0.5395907397331495,1,0,0,mixture/0.4/4/5/3
0.4,4,3,0,1000,200,5,constant,geomean,0.09230384607371465,4,1,1,mixture/0.4/4/5/3
0.4,4,3,0,1000,200,5,constant,ratio,0.11199999999999999,3,0,0,mixture/0.4/4/5/3
0.4,4,3,0,1000,200,5,constant,ratio-half,0.11199999999999999,3,0,0,mixture/0.4/4/5/3
0.4,4,3,0,1000,200,5,constant,asw-pam,,2,0,0,mixture/0.4/4/5/3
0.4,4,3,0,1000,200,5,constant,asw-average,,2,0,0,mixture/0.4/4/5/3
0.4,4,4,0,1000,200,5,constant,stated,0.5395907397331495,1,0,0,mixture/0.4/4/5/4
0.4,4,4,0,1000,200,5,constant,geomean,0.1290736224021005,4,1,1,mixture/0.4/4/5/4
0.4,4,4,0,1000,200,5,constant,ratio,0.07200000000000006,4,1,1,mixture/0.4/4/5/4
0.4,4,4,0,1000,200,5,constant,ratio-half,0.07200000000000006,4,1,1,mixture/0.4/4/5/4
0.4,4,4,0,1000,200,5,constant,asw-pam,,4,1,1,mixture/0.4/4/5/4
0.4,4,4,0,1000,200,5,constant,asw-average,,4,1,1,mixture/0.4/4/5/4
0.4,4,5,0,1000,200,5,constant,stated,0.5395907397331495,2,0,0,mixture/0.4/4/5/5
0.4,4,5,0,1000,200,5,constant,geomean,0.20239565212721355,3,0,0,mixture/0.4/4/5/5
0.4,4,5,0,1000,200,5,constant,ratio,0.062000000000000055,4,1,1,mixture/0.4/4/5/5
0.4,4,5,0,1000,200,5,constant,ratio-half,0.062000000000000055,4,1,1,mixture/0.4/4/5/5
0.4,4,5,0,1000,200,5,constant,asw-pam,,3,0,0,mixture/0.4/4/5/5
0.4,4,5,0,1000,200,5,constant,asw-average,,3,0,0,mixture/0.4/4/5/5
0.4,4,6,0,1000,200,5,constant,stated,0.5395907397331495,2,0,0,mixture/0.4/4/5/6
0.4,4,6,0,1000,200,5,constant,geomean,0.13314653581674596,4,1,1,mixture/0.4/4/5/6
0.4,4,6,0,1000,200,5,constant,ratio,0.126,4,1,1,mixture/0.4/4/5/6
0.4,4,6,0,1000,200,5,constant,ratio-half,0.126,4,1,1,mixture/0.4/4/5/6
0.4,4,6,0,1000,200,5,constant,asw-pam,,3,0,0,mixture/0.4/4/5/6
0.4,4,6,0,1000,200,5,constant,asw-average,,3,0,0,mixture/0.4/4/5/6
0.4,4,7,0,1000,200,5,constant,stated,0.5395907397331495,2,0,0,mixture/0.4/4/5/7
0.4,4,7,0,1000,200,5,constant,geomean,0.15725139109082636,5,0,0,mixture/0.4/4/5/7
0.4,4,7,0,1000,200,5,constant,ratio,0.17000000000000004,4,1,1,mixture/0.4/4/5/7
0.4,4,7,0,1000,200,5,constant,ratio-half,0.17000000000000004,4,1,1,mixture/0.4/4/5/7
0.4,4,7,0,1000,200,5,constant,asw-pam,,4,1,1,mixture/0.4/4/5/7
0.4,4,7,0,1000,200,5,constant,asw-average,,4,1,1,mixture/0.4/4/5/7
0.4,4,8,0,1000,200,5,constant,stated,0.5395907397331495,1,0,0,mixture/0.4/4/5/8
0.4,4,8,0,1000,200,5,constant,geomean,0.10203920815059268,4,1,1,mixture/0.4/4/5/8
0.4,4,8,0,1000,200,5,constant,ratio,0.06599999999999995,4,1,1,mixture/0.4/4/5/8
0.4,4,8,0,1000,200,5,constant,ratio-half,0.06599999999999995,4,1,1,mixture/0.4/4/5/8
0.4,4,8,0,1000,200,5,constant,asw-pam,,3,0,0,mixture/0.4/4/5/8
0.4,4,8,0,1000,200,5,constant,asw-average,,3,0,0,mixture/0.4/4/5/8
0.4,4,9,0,1000,200,5,constant,stated,0.5395907397331495,1,0,0,mixture/0.4/4/5/9
0.4,4,9,0,1000,200,5,constant,geomean,0.09633275663033841,4,1,1,mixture/0.4/4/5/9
0.4,4,9,0,1000,200,5,constant,ratio,0.051999999999999935,4,1,1,mixture/0.4/4/5/9
0.4,4,9,0,1000,200,5,constant,ratio-half,0.051999999999999935,4,1,1,mixture/0.4/4/5/9
0.4,4,9,0,1000,200,5,constant,asw-pam,,4,1,1,mixture/0.4/4/5/9
0.4,4,9,0,1000,200,5,constant,asw-average,,4,1,1,mixture/0.4/4/5/9
0.4,4,10,0,1000,200,5,constant,stated,0.5395907397331495,1,0,0,mixture/0.4/4/5/10
0.4,4,10,0,1000,200,5,constant,geomean,0.11357816691600552,4,1,1,mixture/0.4/4/5/10
0.4,4,10,0,1000,200,5,constant,ratio,0.04400000000000004,4,1,1,mixture/0.4/4/5/10
0.4,4,10,0,1000,200,5,constant,ratio-half,0.04400000000000004,4,1,1,mixture/0.4/4/5/10
0.4,4,10,0,1000,200,5,constant,asw-pam,,4,1,1,mixture/0.4/4/5/10
0.4,4,10,0,1000,200,5,constant,asw-average,,4,1,1,mixture/0.4/4/5/10
0.4,4,11,0,1000,200,5,constant,stated,0.5395907397331495,1,0,0,mixture/0.4/4/5/11
0.4,4,11,0,1000,200,5,constant,geomean,0.09600000000000004,4,1,1,mixture/0.4/4/5/11
0.4,4,11,0,1000,200,5,constant,ratio,0.04600000000000004,4,1,1,mixture/0.4/4/5/11
0.4,4,11,0,1000,200,5,constant,ratio-half,0.04600000000000004,4,1,1,mixture/0.4/4/5/11
0.4,4,11,0,1000,200,5,constant,asw-pam,,2,0,0,mixture/0.4/4/5/11
0.4,4,11,0,1000,200,5,constant,asw-average,,2,0,0,mixture/0.4/4/5/11
0.4,4,12,0,1000,200,5,constant,stated,0.5395907397331495,2,0,0,mixture/0.4/4/5/12
0.4,4,12,0,1000,200,5,constant,geomean,0.1505191017778143,4,1,1,mixture/0.4/4/5/12
0.4,4,12,0,1000,200,5,constant,ratio,0.04600000000000004,4,1,1,mixture/0.4/4/5/12
0.4,4,12,0,1000,200,5,constant,ratio-half,0.04600000000000004,4,1,1,mixture/0.4/4/5/12
0.4,4,12,0,1000,200,5,constant,asw-pam,,2,0,0,mixture/0.4/4/5/12
0.4,4,12,0,1000,200,5,constant,asw-average,,2,0,0,mixture/0.4/4/5/12
0.4,4,13,0,1000,200,5,constant,stated,0.5395907397331495,2,0,0,mixture/0.4/4/5/13
0.4,4,13,0,1000,200,5,constant,geomean,0.1902104098097684,4,1,1,mixture/0.4/4/5/13
0.4,4,13,0,1000,200,5,constant,ratio,0.04400000000000004,4,1,1,mixture/0.4/4/5/13
0.4,4,13,0,1000,200,5,constant,ratio-half,0.04400000000000004,4,1,1,mixture/0.4/4/5/13
0.4,4,13,0,1000,200,5,constant,asw-pam,,2,0,0,mixture/0.4/4/5/13
0.4,4,13,0,1000,200,5,constant,asw-average,,2,0,0,mixture/0.4/4/5/13
0.4,4,14,0,1000,200,5,constant,stated,0.5395907397331495,1,0,0,mixture/0.4/4/5/14
0.4,4,14,0,1000,200,5,constant,geomean,0.09927738916792689,4,1,1,mixture/0.4/4/5/14
0.4,4,14,0,1000,200,5,constant,ratio,0.062000000000000055,4,1,1,mixture/0.4/4/5/14
0.4,4,14,0,1000,200,5,constant,ratio-half,0.062000000000000055,4,1,1,mixture/0.4/4/5/14
0.4,4,14,0,1000,200,5,constant,asw-pam,,4,1,1,mixture/0.4/4/5/14
0.4,4,14,0,1000,200,5,constant,asw-average,,4,1,1,mixture/0.4/4/5/14
0.4,4,15,0,1000,200,5,constant,stated,0.5395907397331495,2,0,0,mixture/0.4/4/5/15
0.4,4,15,0,1000,200,5,constant,geomean,0.17159254063041313,3,0,0,mixture/0.4/4/5/15
0.4,4,15,0,1000,200,5,constant,ratio,0.21799999999999997,2,0,0,mixture/0.4/4/5/15
0.4,4,15,0,1000,200,5,constant,ratio-half,0.21799999999999997,2,0,0,mixture/0.4/4/5/15
0.4,4,15,0,1000,200,5,constant,asw-pam,,2,0,0,mixture/0.4/4/5/15
0.4,4,15,0,1000,200,5,constant,asw-average,,2,0,0,mixture/0.4/4/5/15
0.4,4,16,0,1000,200,5,constant,stated,0.5395907397331495,2,0,0,mixture/0.4/4/5/16
0.4,4,16,0,1000,200,5,constant,geomean,0.13945608627808237,4,1,1,mixture/0.4/4/5/16
0.4,4,16,0,1000,200,5,constant,ratio,0.052000000000000046,4,1,1,mixture/0.4/4/5/16
0.4,4,16,0,1000,200,5,constant,ratio-half,0.052000000000000046,4,1,1,mixture/0.4/4/5/16
0.4,4,16,0,1000,200,5,constant,asw-pam,,2,0,0,mixture/0.4/4/5/16
0.4,4,16,0,1000,200,5,constant,asw-average,,2,0,0,mixture/0.4/4/5/16
0.4,4,17,0,1000,200,5,constant,stated,0.5395907397331495,1,0,0,mixture/0.4/4/5/17
0.4,4,17,0,1000,200,5,constant,geomean,0.10714476188783104,4,1,1,mixture/0.4/4/5/17
0.4,4,17,0,1000,200,5,constant,ratio,0.04999999999999993,4,1,1,mixture/0.4/4/5/17
0.4,4,17,0,1000,200,5,constant,ratio-half,0.04999999999999993,4,1,1,mixture/0.4/4/5/17
0.4,4,17,0,1000,200,5,constant,asw-pam,,3,0,0,mixture/0.4/4/5/17
0.4,4,17,0,1000,200,5,constant,asw-average,,3,0,0,mixture/0.4/4/5/17
0.4,4,18,0,1000,200,5,constant,stated,0.5395907397331495,2,0,0,mixture/0.4/4/5/18
0.4,4,18,0,1000,200,5,constant,geomean,0.13823168956501983,4,1,1,mixture/0.4/4/5/18
0.4,4,18,0,1000,200,5,constant,ratio,0.06800000000000006,4,1,1,mixture/0.4/4/5/18
0.4,4,18,0,1000,200,5,constant,ratio-half,0.06800000000000006,4,1,1,mixture/0.4/4/5/18
0.4,4,18,0,1000,200,5,constant,asw-pam,,3,0,0,mixture/0.4/4/5/18
0.4,4,18,0,1000,200,5,constant,asw-average,,3,0,0,mixture/0.4/4/5/18
0.4,4,19,0,1000,200,5,constant,stated,0.5395907397331495,1,0,0,mixture/0.4/4/5/19
0.4,4,19,0,1000,200,5,constant,geomean,0.10814804667676607,4,1,1,mixture/0.4/4/5/19
0.4,4,19,0,1000,200,5,constant,ratio,0.06599999999999995,4,1,1,mixture/0.4/4/5/19
0.4,4,19,0,1000,200,5,constant,ratio-half,0.06599999999999995,4,1,1,mixture/0.4/4/5/19
0.4,4,19,0,1000,200,5,constant,asw-pam,,4,1,1,mixture/0.4/4/5/19
0.4,4,19,0,1000,200,5,constant,asw-average,,4,1,1,mixture/0.4/4/5/19
0.4,5,0,0,1000,200,5,constant,stated,0.5395907397331495,1,0,0,mixture/0.4/5/5/0
0.4,5,0,0,1000,200,5,constant,geomean,0.11142710621747301,5,1,1,mixture/0.4/5/5/0
0.4,5,0,0,1000,200,5,constant,ratio,0.05800000000000005,5,1,1,mixture/0.4/5/5/0
0.4,5,0,0,1000,200,5,constant,ratio-half,0.05800000000000005,5,1,1,mixture/0.4/5/5/0
0.4,5,0,0,1000,200,5,constant,asw-pam,,5,1,1,mixture/0.4/5/5/0
0.4,5,0,0,1000,200,5,constant,asw-average,,5,1,1,mixture/0.4/5/5/0
0.4,5,1,0,1000,200,5,constant,stated,0.5395907397331495,1,0,0,mixture/0.4/5/5/1
0.4,5,1,0,1000,200,5,constant,geomean,0.11454256850621088,5,1,1,mixture/0.4/5/5/1
0.4,5,1,0,1000,200,5,constant,ratio,0.19199999999999995,2,0,0,mixture/0.4/5/5/1
0.4,5,1,0,1000,200,5,constant,ratio-half,0.19199999999999995,2,0,0,mixture/0.4/5/5/1
0.4,5,1,0,1000,200,5,constant,asw-pam,,2,0,0,mixture/0.4/5/5/1
0.4,5,1,0,1000,200,5,constant,asw-average,,2,0,0,mixture/0.4/5/5/1
0.4,5,2,0,1000,200,5,constant,stated,0.5395907397331495,2,0,0,mixture/0.4/5/5/2
0.4,5,2,0,1000,200,5,constant,geomean,0.1745393938341715,5,1,1,mixture/0.4/5/5/2
0.4,5,2,0,1000,200,5,constant,ratio,0.2699999999999999,2,0,0,mixture/0.4/5/5/2
0.4,5,2,0,1000,200,5,constant,ratio-half,0.2699999999999999,2,0,0,mixture/0.4/5/5/2
0.4,5,2,0,1000,200,5,constant,asw-pam,,2,0,0,mixture/0.4/5/5/2
0.4,5,2,0,1000,200,5,constant,asw-average,,2,0,0,mixture/0.4/5/5/2
0.4,5,3,0,1000,200,5,constant,stated,0.5395907397331495,1,0,0,mixture/0.4/5/5/3
0.4,5,3,0,1000,200,5,constant,geomean,0.10648943609579313,5,1,1,mixture/0.4/5/5/3
0.4,5,3,0,1000,200,5,constant,ratio,0.06400000000000006,5,1,1,mixture/0.4/5/5/3
0.4,5,3,0,1000,200,5,constant,ratio-half,0.06400000000000006,5,1,1,mixture/0.4/5/5/3
0.4,5,3,0,1000,200,5,constant,asw-pam,,4,0,0,mixture/0.4/5/5/3
0.4,5,3,0,1000,200,5,constant,asw-average,,4,0,0,mixture/0.4/5/5/3
0.4,5,4,0,1000,200,5,constant,stated,0.5395907397331495,1,0,0,mixture/0.4/5/5/4
0.4,5,4,0,1000,200,5,constant,geomean,0.10648943609579313,5,1,1,mixture/0.4/5/5/4
0.4,5,4,0,1000,200,5,constant,ratio,0.050000000000000044,5,1,1,mixture/0.4/5/5/4
0.4,5,4,0,1000,200,5,constant,ratio-half,0.050000000000000044,5,1,1,mixture/0.4/5/5/4
0.4,5,4,0,1000,200,5,constant,asw-pam,,5,1,1,mixture/0.4/5/5/4
0.4,5,4,0,1000,200,5,constant,asw-average,,4,0,0,mixture/0.4/5/5/4
0.4,5,5,0,1000,200,5,constant,stated,0.5395907397331495,1,0,0,mixture/0.4/5/5/5
0.4,5,5,0,1000,200,5,constant,geomean,0.12132600710482469,5,1,1,mixture/0.4/5/5/5
0.4,5,5,0,1000,200,5,constant,ratio,0.06800000000000006,5,1,1,mixture/0.4/5/5/5
0.4,5,5,0,1000,200,5,constant,ratio-half,0.06800000000000006,5,1,1,mixture/0.4/5/5/5
0.4,5,5,0,1000,200,5,constant,asw-pam,,5,1,1,mixture/0.4/5/5/5
0.4,5,5,0,1000,200,5,constant,asw-average,,5,1,1,mixture/0.4/5/5/5
0.4,5,6,0,1000,200,5,constant,stated,0.5395907397331495,1,0,0,mixture/0.4/5/5/6
0.4,5,6,0,1000,200,5,constant,geomean,0.09999999999999991,5,1,1,mixture/0.4/5/5/6
0.4,5,6,0,1000,200,5,constant,ratio,0.06000000000000005,5,1,1,mixture/0.4/5/5/6
0.4,5,6,0,1000,200,5,constant,ratio-half,0.06000000000000005,5,1,1,mixture/0.4/5/5/6
0.4,5,6,0,1000,200,5,constant,asw-pam,,3,0,0,mixture/0.4/5/5/6
0.4,5,6,0,1000,200,5,constant,asw-average,,3,0,0,mixture/0.4/5/5/6
0.4,5,7,0,1000,200,5,constant,stated,0.5395907397331495,1,0,0,mixture/0.4/5/5/7
0.4,5,7,0,1000,200,5,constant,geomean,0.11200000000000006,5,1,1,mixture/0.4/5/5/7
0.4,5,7,0,1000,200,5,constant,ratio,0.06600000000000006,5,1,1,mixture/0.4/5/5/7
0.4,5,7,0,1000,200,5,constant,ratio-half,0.06600000000000006,5,1,1,mixture/0.4/5/5/7
0.4,5,7,0,1000,200,5,constant,asw-pam,,4,0,0,mixture/0.4/5/5/7
0.4,5,7,0,1000,200,5,constant,asw-average,,4,0,0,mixture/0.4/5/5/7
0.4,5,8,0,1000,200,5,constant,stated,0.5395907397331495,1,0,0,mixture/0.4/5/5/8
0.4,5,8,0,1000,200,5,constant,geomean,0.11447270417003318,5,1,1,mixture/0.4/5/5/8
0.4,5,8,0,1000,200,5,constant,ratio,0.05600000000000005,5,1,1,mixture/0.4/5/5/8
0.4,5,8,0,1000,200,5,constant,ratio-half,0.05600000000000005,5,1,1,mixture/0.4/5/5/8
0.4,5,8,0,1000,200,5,constant,asw-pam,,2,0,0,mixture/0.4/5/5/8
0.4,5,8,0,1000,200,5,constant,asw-average,,2,0,0,mixture/0.4/5/5/8
0.4,5,9,0,1000,200,5,constant,stated,0.5395907397331495,1,0,0,mixture/0.4/5/5/9
0.4,5,9,0,1000,200,5,constant,geomean,0.10762899237658954,5,1,1,mixture/0.4/5/5/9
0.4,5,9,0,1000,200,5,constant,ratio,0.05999999999999994,5,1,1,mixture/0.4/5/5/9
0.4,5,9,0,1000,200,5,constant,ratio-half,0.05999999999999994,5,1,1,mixture/0.4/5/5/9
0.4,5,9,0,1000,200,5,constant,asw-pam,,2,0,0,mixture/0.4/5/5/9
0.4,5,9,0,1000,200,5,constant,asw-average,,2,0,0,mixture/0.4/5/5/9
0.4,5,10,0,1000,200,5,constant,stated,0.5395907397331495,1,0,0,mixture/0.4/5/5/10
0.4,5,10,0,1000,200,5,constant,geomean,0.11849050594878904,5,1,1,mixture/0.4/5/5/10
0.4,5,10,0,1000,200,5,constant,ratio,0.07999999999999996,5,1,1,mixture/0.4/5/5/10
0.4,5,10,0,1000,200,5,constant,ratio-half,0.07999999999999996,5,1,1,mixture/0.4/5/5/10
0.4,5,10,0,1000,200,5,constant,asw-pam,,4,0,0,mixture/0.4/5/5/10
0.4,5,10,0,1000,200,5,constant,asw-average,,4,0,0,mixture/0.4/5/5/10
0.4,5,11,0,1000,200,5,constant,stated,0.5395907397331495,1,0,0,mixture/0.4/5/5/11
0.4,5,11,0,1000,200,5,constant,geomean,0.10688311372709915,5,1,1,mixture/0.4/5/5/11
0.4,5,11,0,1000,200,5,constant,ratio,0.05600000000000005,5,1,1,mixture/0.4/5/5/11
0.4,5,11,0,1000,200,5,constant,ratio-half,0.05600000000000005,5,1,1,mixture/0.4/5/5/11
0.4,5,11,0,1000,200,5,constant,asw-pam,,3,0,0,mixture/0.4/5/5/11
0.4,5,11,0,1000,200,5,constant,asw-average,,3,0,0,mixture/0.4/5/5/11
0.4,5,12,0,1000,200,5,constant,stated,0.5395907397331495,2,0,0,mixture/0.4/5/5/12
0.4,5,12,0,1000,200,5,constant,geomean,0.12774975538137057,5,1,1,mixture/0.4/5/5/12
0.4,5,12,0,1000,200,5,constant,ratio,0.057999999999999996,5,1,1,mixture/0.4/5/5/12
0.4,5,12,0,1000,200,5,constant,ratio-half,0.057999999999999996,5,1,1,mixture/0.4/5/5/12
0.4,5,12,0,1000,200,5,constant,asw-pam,,3,0,0,mixture/0.4/5/5/12
0.4,5,12,0,1000,200,5,constant,asw-average,,3,0,0,mixture/0.4/5/5/12
0.4,5,13,0,1000,200,5,constant,stated,0.5395907397331495,1,0,0,mixture/0.4/5/5/13
0.4,5,13,0,1000,200,5,constant,geomean,0.13866506409330348,5,1,1,mixture/0.4/5/5/13
0.4,5,13,0,1000,200,5,constant,ratio,0.07599999999999996,5,1,1,mixture/0.4/5/5/13
0.4,5,13,0,1000,200,5,constant,ratio-half,0.07599999999999996,5,1,1,mixture/0.4/5/5/13
0.4,5,13,0,1000,200,5,constant,asw-pam,,5,1,1,mixture/0.4/5/5/13
0.4,5,13,0,1000,200,5,constant,asw-average,,5,1,1,mixture/0.4/5/5/13
0.4,5,14,0,1000,200,5,constant,stated,0.5395907397331495,1,0,0,mixture/0.4/5/5/14
0.4,5,14,0,1000,200,5,constant,geomean,0.11565465835840756,5,1,1,mixture/0.4/5/5/14
0.4,5,14,0,1000,200,5,constant,ratio,0.06999999999999984,5,1,1,mixture/0.4/5/5/14
0.4,5,14,0,1000,200,5,constant,ratio-half,0.06999999999999984,5,1,1,mixture/0.4/5/5/14
0.4,5,14,0,1000,200,5,constant,asw-pam,,2,0,0,mixture/0.4/5/5/14
0.4,5,14,0,1000,200,5,constant,asw-average,,2,0,0,mixture/0.4/5/5/14
0.4,5,15,0,1000,200,5,constant,stated,0.5395907397331495,1,0,0,mixture/0.4/5/5/15
0.4,5,15,0,1000,200,5,constant,geomean,0.13221195104830724,5,1,1,mixture/0.4/5/5/15
0.4,5,15,0,1000,200,5,constant,ratio,0.07200000000000006,5,1,1,mixture/0.4/5/5/15
0.4,5,15,0,1000,200,5,constant,ratio-half,0.07200000000000006,5,1,1,mixture/0.4/5/5/15
0.4,5,15,0,1000,200,5,constant,asw-pam,,4,0,0,mixture/0.4/5/5/15
0.4,5,15,0,1000,200,5,constant,asw-average,,4,0,0,mixture/0.4/5/5/15
0.4,5,16,0,1000,200,5,constant,stated,0.5395907397331495,2,0,0,mixture/0.4/5/5/16
0.4,5,16,0,1000,200,5,constant,geomean,0.17306646122227157,4,0,0,mixture/0.4/5/5/16
0.4,5,16,0,1000,200,5,constant,ratio,0.336,2,0,0,mixture/0.4/5/5/16
0.4,5,16,0,1000,200,5,constant,ratio-half,0.336,2,0,0,mixture/0.4/5/5/16
0.4,5,16,0,1000,200,5,constant,asw-pam,,2,0,0,mixture/0.4/5/5/16
0.4,5,16,0,1000,200,5,constant,asw-average,,2,0,0,mixture/0.4/5/5/16
0.4,5,17,0,1000,200,5,constant,stated,0.5395907397331495,2,0,0,mixture/0.4/5/5/17
0.4,5,17,0,1000,200,5,constant,geomean,0.14330387294138291,5,1,1,mixture/0.4/5/5/17
0.4,5,17,0,1000,200,5,constant,ratio,0.07400000000000007,5,1,1,mixture/0.4/5/5/17
0.4,5,17,0,1000,200,5,constant,ratio-half,0.07400000000000007,5,1,1,mixture/0.4/5/5/17
0.4,5,17,0,1000,200,5,constant,asw-pam,,2,0,0,mixture/0.4/5/5/17
0.4,5,17,0,1000,200,5,constant,asw-average,,2,0,0,mixture/0.4/5/5/17
0.4,5,18,0,1000,200,5,constant,stated,0.5395907397331495,1,0,0,mixture/0.4/5/5/18
0.4,5,18,0,1000,200,5,constant,geomean,0.09599999999999988,5,1,1,mixture/0.4/5/5/18
0.4,5,18,0,1000,200,5,constant,ratio,0.04800000000000004,5,1,1,mixture/0.4/5/5/18
0.4,5,18,0,1000,200,5,constant,ratio-half,0.04800000000000004,5,1,1,mixture/0.4/5/5/18
0.4,5,18,0,1000,200,5,constant,asw-pam,,5,1,1,mixture/0.4/5/5/18
0.4,5,18,0,1000,200,5,constant,asw-average,,5,1,1,mixture/0.4/5/5/18
0.4,5,19,0,1000,200,5,constant,stated,0.5395907397331495,2,0,0,mixture/0.4/5/5/19
0.4,5,19,0,1000,200,5,constant,geomean,0.1597998748435055,5,1,1,mixture/0.4/5/5/19
0.4,5,19,0,1000,200,5,constant,ratio,0.08999999999999997,5,1,1,mixture/0.4/5/5/19
0.4,5,19,0,1000,200,5,constant,ratio-half,0.08999999999999997,5,1,1,mixture/0.4/5/5/19
0.4,5,19,0,1000,200,5,constant,asw-pam,,4,0,0,mixture/0.4/5/5/19
0.4,5,19,0,1000,200,5,constant,asw-average,,4,0,0,mixture/0.4/5/5/19
0.4,6,0,0,1000,200,5,constant,stated,0.5395907397331495,1,0,0,mixture/0.4/6/5/0
0.4,6,0,0,1000,200,5,constant,geomean,0.09165151389911684,6,1,1,mixture/0.4/6/5/0
0.4,6,0,0,1000,200,5,constant,ratio,0.04600000000000004,6,1,1,mixture/0.4/6/5/0
0.4,6,0,0,1000,200,5,constant,ratio-half,0.04600000000000004,6,1,1,mixture/0.4/6/5/0
0.4,6,0,0,1000,200,5,constant,asw-pam,,6,1,1,mixture/0.4/6/5/0
0.4,6,0,0,1000,200,5,constant,asw-average,,6,1,1,mixture/0.4/6/5/0
0.4,6,1,0,1000,200,5,constant,stated,0.5395907397331495,1,0,0,mixture/0.4/6/5/1
0.4,6,1,0,1000,200,5,constant,geomean,0.08763560920082661,6,1,1,mixture/0.4/6/5/1
0.4,6,1,0,1000,200,5,constant,ratio,0.05800000000000005,6,1,1,mixture/0.4/6/5/1
0.4,6,1,0,1000,200,5,constant,ratio-half,0.05800000000000005,6,1,1,mixture/0.4/6/5/1
0.4,6,1,0,1000,200,5,constant,asw-pam,,2,0,0,mixture/0.4/6/5/1
0.4,6,1,0,1000,200,5,constant,asw-average,,2,0,0,mixture/0.4/6/5/1
0.4,6,2,0,1000,200,5,constant,stated,0.5395907397331495,2,0,0,mixture/0.4/6/5/2
0.4,6,2,0,1000,200,5,constant,geomean,0.1552675110897319,5,0,0,mixture/0.4/6/5/2
0.4,6,2,0,1000,200,5,constant,ratio,0.23199999999999998,3,0,0,mixture/0.4/6/5/2
0.4,6,2,0,1000,200,5,constant,ratio-half,0.23199999999999998,3,0,0,mixture/0.4/6/5/2
0.4,6,2,0,1000,200,5,constant,asw-pam,,2,0,0,mixture/0.4/6/5/2
0.4,6,2,0,1000,200,5,constant,asw-average,,2,0,0,mixture/0.4/6/5/2
0.4,6,3,0,1000,200,5,constant,stated,0.5395907397331495,2,0,0,mixture/0.4/6/5/3
0.4,6,3,0,1000,200,5,constant,geomean,0.16511813952440244,6,1,1,mixture/0.4/6/5/3
0.4,6,3,0,1000,200,5,constant,ratio,0.08800000000000008,6,1,1,mixture/0.4/6/5/3
0.4,6,3,0,1000,200,5,constant,ratio-half,0.08800000000000008,6,1,1,mixture/0.4/6/5/3
0.4,6,3,0,1000,200,5,constant,asw-pam,,2,0,0,mixture/0.4/6/5/3
0.4,6,3,0,1000,200,5,constant,asw-average,,2,0,0,mixture/0.4/6/5/3
0.4,6,4,0,1000,200,5,constant,stated,0.5395907397331495,1,0,0,mixture/0.4/6/5/4
0.4,6,4,0,1000,200,5,constant,geomean,0.11124747188138709,6,1,1,mixture/0.4/6/5/4
0.4,6,4,0,1000,200,5,constant,ratio,0.052000000000000046,6,1,1,mixture/0.4/6/5/4
0.4,6,4,0,1000,200,5,constant,ratio-half,0.052000000000000046,6,1,1,mixture/0.4/6/5/4
0.4,6,4,0,1000,200,5,constant,asw-pam,,4,0,0,mixture/0.4/6/5/4
0.4,6,4,0,1000,200,5,constant,asw-average,,3,0,0,mixture/0.4/6/5/4
0.4,6,5,0,1000,200,5,constant,stated,0.5395907397331495,1,0,0,mixture/0.4/6/5/5
0.4,6,5,0,1000,200,5,constant,geomean,0.08800000000000004,6,1,1,mixture/0.4/6/5/5
0.4,6,5,0,1000,200,5,constant,ratio,0.05400000000000005,6,1,1,mixture/0.4/6/5/5
0.4,6,5,0,1000,200,5,constant,ratio-half,0.05400000000000005,6,1,1,mixture/0.4/6/5/5
0.4,6,5,0,1000,200,5,constant,asw-pam,,6,1,1,mixture/0.4/6/5/5
0.4,6,5,0,1000,200,5,constant,asw-average,,6,1,1,mixture/0.4/6/5/5
0.4,6,6,0,1000,200,5,constant,stated,0.5395907397331495,1,0,0,mixture/0.4/6/5/6
0.4,6,6,0,1000,200,5,constant,geomean,0.10703270528207726,6,1,1,mixture/0.4/6/5/6
0.4,6,6,0,1000,200,5,constant,ratio,0.05800000000000005,6,1,1,mixture/0.4/6/5/6
0.4,6,6,0,1000,200,5,constant,ratio-half,0.05800000000000005,6,1,1,mixture/0.4/6/5/6
0.4,6,6,0,1000,200,5,constant,asw-pam,,5,0,0,mixture/0.4/6/5/6
0.4,6,6,0,1000,200,5,constant,asw-average,,5,0,0,mixture/0.4/6/5/6
0.4,6,7,0,1000,200,5,constant,stated,0.5395907397331495,1,0,0,mixture/0.4/6/5/7
0.4,6,7,0,1000,200,5,constant,geomean,0.10703270528207708,6,1,1,mixture/0.4/6/5/7
0.4,6,7,0,1000,200,5,constant,ratio,0.04400000000000004,6,1,1,mixture/0.4/6/5/7
0.4,6,7,0,1000,200,5,constant,ratio-half,0.04400000000000004,6,1,1,mixture/0.4/6/5/7
0.4,6,7,0,1000,200,5,constant,asw-pam,,6,1,1,mixture/0.4/6/5/7
0.4,6,7,0,1000,200,5,constant,asw-average,,6,1,1,mixture/0.4/6/5/7
0.4,6,8,0,1000,200,5,constant,stated,0.5395907397331495,1,0,0,mixture/0.4/6/5/8
0.4,6,8,0,1000,200,5,constant,geomean,0.10733126291998996,6,1,1,mixture/0.4/6/5/8
0.4,6,8,0,1000,200,5,constant,ratio,0.05599999999999994,6,1,1,mixture/0.4/6/5/8
0.4,6,8,0,1000,200,5,constant,ratio-half,0.05599999999999994,6,1,1,mixture/0.4/6/5/8
0.4,6,8,0,1000,200,5,constant,asw-pam,,6,1,1,mixture/0.4/6/5/8
0.4,6,8,0,1000,200,5,constant,asw-average,,6,1,1,mixture/0.4/6/5/8
0.4,6,9,0,1000,200,5,constant,stated,0.5395907397331495,2,0,0,mixture/0.4/6/5/9
0.4,6,9,0,1000,200,5,constant,geomean,0.1679880948162697,6,1,1,mixture/0.4/6/5/9
0.4,6,9,0,1000,200,5,constant,ratio,0.057999999999999996,6,1,1,mixture/0.4/6/5/9
0.4,6,9,0,1000,200,5,constant,ratio-half,0.057999999999999996,6,1,1,mixture/0.4/6/5/9
0.4,6,9,0,1000,200,5,constant,asw-pam,,3,0,0,mixture/0.4/6/5/9
0.4,6,9,0,1000,200,5,constant,asw-average,,3,0,0,mixture/0.4/6/5/9
0.4,6,10,0,1000,200,5,constant,stated,0.5395907397331495,1,0,0,mixture/0.4/6/5/10
0.4,6,10,0,1000,200,5,constant,geomean,0.0966850557221746,5,0,0,mixture/0.4/6/5/10
0.4,6,10,0,1000,200,5,constant,ratio,0.08999999999999997,5,0,0,mixture/0.4/6/5/10
0.4,6,10,0,1000,200,5,constant,ratio-half,0.08999999999999997,5,0,0,mixture/0.4/6/5/10
0.4,6,10,0,1000,200,5,constant,asw-pam,,4,0,0,mixture/0.4/6/5/10
0.4,6,10,0,1000,200,5,constant,asw-average,,4,0,0,mixture/0.4/6/5/10
0.4,6,11,0,1000,200,5,constant,stated,0.5395907397331495,1,0,0,mixture/0.4/6/5/11
0.4,6,11,0,1000,200,5,constant,geomean,0.09108238029388564,6,1,1,mixture/0.4/6/5/11
0.4,6,11,0,1000,200,5,constant,ratio,0.05400000000000005,6,1,1,mixture/0.4/6/5/11
0.4,6,11,0,1000,200,5,constant,ratio-half,0.05400000000000005,6,1,1,mixture/0.4/6/5/11
0.4,6,11,0,1000,200,5,constant,asw-pam,,6,1,1,mixture/0.4/6/5/11
0.4,6,11,0,1000,200,5,constant,asw-average,,6,1,1,mixture/0.4/6/5/11
0.4,6,12,0,1000,200,5,constant,stated,0.5395907397331495,2,0,0,mixture/0.4/6/5/12
0.4,6,12,0,1000,200,5,constant,geomean,0.13979985693841016,5,0,0,mixture/0.4/6/5/12
0.4,6,12,0,1000,200,5,constant,ratio,0.04400000000000004,6,1,1,mixture/0.4/6/5/12
0.4,6,12,0,1000,200,5,constant,ratio-half,0.04400000000000004,6,1,1,mixture/0.4/6/5/12
0.4,6,12,0,1000,200,5,constant,asw-pam,,2,0,0,mixture/0.4/6/5/12
0.4,6,12,0,1000,200,5,constant,asw-average,,2,0,0,mixture/0.4/6/5/12
0.4,6,13,0,1000,200,5,constant,stated,0.5395907397331495,1,0,0,mixture/0.4/6/5/13
0.4,6,13,0,1000,200,5,constant,geomean,0.11568923891183662,6,1,1,mixture/0.4/6/5/13
0.4,6,13,0,1000,200,5,constant,ratio,0.06599999999999995,6,1,1,mixture/0.4/6/5/13
0.4,6,13,0,1000,200,5,constant,ratio-half,0.06599999999999995,6,1,1,mixture/0.4/6/5/13
0.4,6,13,0,1000,200,5,constant,asw-pam,,6,1,1,mixture/0.4/6/5/13
0.4,6,13,0,1000,200,5,constant,asw-average,,6,1,1,mixture/0.4/6/5/13
0.4,6,14,0,1000,200,5,constant,stated,0.5395907397331495,1,0,0,mixture/0.4/6/5/14
0.4,6,14,0,1000,200,5,constant,geomean,0.1403139337343231,6,1,1,mixture/0.4/6/5/14
0.4,6,14,0,1000,200,5,constant,ratio,0.10599999999999987,6,1,1,mixture/0.4/6/5/14
0.4,6,14,0,1000,200,5,constant,ratio-half,0.10599999999999987,6,1,1,mixture/0.4/6/5/14
0.4,6,14,0,1000,200,5,constant,asw-pam,,6,1,1,mixture/0.4/6/5/14
0.4,6,14,0,1000,200,5,constant,asw-average,,2,0,0,mixture/0.4/6/5/14
0.4,6,15,0,1000,200,5,constant,stated,0.5395907397331495,1,0,0,mixture/0.4/6/5/15
0.4,6,15,0,1000,200,5,constant,geomean,0.11200000000000006,6,1,1,mixture/0.4/6/5/15
0.4,6,15,0,1000,200,5,constant,ratio,0.04800000000000004,6,1,1,mixture/0.4/6/5/15
0.4,6,15,0,1000,200,5,constant,ratio-half,0.04800000000000004,6,1,1,mixture/0.4/6/5/15
0.4,6,15,0,1000,200,5,constant,asw-pam,,4,0,0,mixture/0.4/6/5/15
0.4,6,15,0,1000,200,5,constant,asw-average,,4,0,0,mixture/0.4/6/5/15
0.4,6,16,0,1000,200,5,constant,stated,0.5395907397331495,1,0,0,mixture/0.4/6/5/16
0.4,6,16,0,1000,200,5,constant,geomean,0.13813037319865612,6,1,1,mixture/0.4/6/5/16
0.4,6,16,0,1000,200,5,constant,ratio,0.06400000000000006,6,1,1,mixture/0.4/6/5/16
0.4,6,16,0,1000,200,5,constant,ratio-half,0.06400000000000006,6,1,1,mixture/0.4/6/5/16
0.4,6,16,0,1000,200,5,constant,asw-pam,,6,1,1,mixture/0.4/6/5/16
0.4,6,16,0,1000,200,5,constant,asw-average,,3,0,0,mixture/0.4/6/5/16
0.4,6,17,0,1000,200,5,constant,stated,0.5395907397331495,1,0,0,mixture/0.4/6/5/17
0.4,6,17,0,1000,200,5,constant,geomean,0.10814804667676609,6,1,1,mixture/0.4/6/5/17
0.4,6,17,0,1000,200,5,constant,ratio,0.04600000000000004,6,1,1,mixture/0.4/6/5/17
0.4,6,17,0,1000,200,5,constant,ratio-half,0.04600000000000004,6,1,1,mixture/0.4/6/5/17
0.4,6,17,0,1000,200,5,constant,asw-pam,,6,1,1,mixture/0.4/6/5/17
0.4,6,17,0,1000,200,5,constant,asw-average,,6,1,1,mixture/0.4/6/5/17
0.4,6,18,0,1000,200,5,constant,stated,0.5395907397331495,3,0,0,mixture/0.4/6/5/18
0.4,6,18,0,1000,200,5,constant,geomean,0.14156270695349119,6,1,1,mixture/0.4/6/5/18
0.4,6,18,0,1000,200,5,constant,ratio,0.052000000000000046,6,1,1,mixture/0.4/6/5/18
0.4,6,18,0,1000,200,5,constant,ratio-half,0.052000000000000046,6,1,1,mixture/0.4/6/5/18
0.4,6,18,0,1000,200,5,constant,asw-pam,,6,1,1,mixture/0.4/6/5/18
0.4,6,18,0,1000,200,5,constant,asw-average,,6,1,1,mixture/0.4/6/5/18
0.4,6,19,0,1000,200,5,constant,stated,0.5395907397331495,1,0,0,mixture/0.4/6/5/19
0.4,6,19,0,1000,200,5,constant,geomean,0.13096564434995928,6,1,1,mixture/0.4/6/5/19
0.4,6,19,0,1000,200,5,constant,ratio,0.09600000000000009,6,1,1,mixture/0.4/6/5/19
0.4,6,19,0,1000,200,5,constant,ratio-half,0.09600000000000009,6,1,1,mixture/0.4/6/5/19
0.4,6,19,0,1000,200,5,constant,asw-pam,,2,0,0,mixture/0.4/6/5/19
0.4,6,19,0,1000,200,5,constant,asw-average,,2,0,0,mixture/0.4/6/5/19
0.4,7,0,0,1000,200,5,constant,stated,0.5395907397331495,1,0,0,mixture/0.4/7/5/0
0.4,7,0,0,1000,200,5,constant,geomean,0.12048236385463232,6,0,0,mixture/0.4/7/5/0
0.4,7,0,0,1000,200,5,constant,ratio,0.09399999999999997,6,0,0,mixture/0.4/7/5/0
0.4,7,0,0,1000,200,5,constant,ratio-half,0.09399999999999997,6,0,0,mixture/0.4/7/5/0
0.4,7,0,0,1000,200,5,constant,asw-pam,,2,0,0,mixture/0.4/7/5/0
0.4,7,0,0,1000,200,5,constant,asw-average,,2,0,0,mixture/0.4/7/5/0
0.4,7,1,0,1000,200,5,constant,stated,0.5395907397331495,2,0,0,mixture/0.4/7/5/1
0.4,7,1,0,1000,200,5,constant,geomean,0.19316314348239427,5,0,0,mixture/0.4/7/5/1
0.4,7,1,0,1000,200,5,constant,ratio,0.33399999999999996,2,0,0,mixture/0.4/7/5/1
0.4,7,1,0,1000,200,5,constant,ratio-half,0.33399999999999996,2,0,0,mixture/0.4/7/5/1
0.4,7,1,0,1000,200,5,constant,asw-pam,,2,0,0,mixture/0.4/7/5/1
0.4,7,1,0,1000,200,5,constant,asw-average,,2,0,0,mixture/0.4/7/5/1
0.4,7,2,0,1000,200,5,constant,stated,0.5395907397331495,1,0,0,mixture/0.4/7/5/2
0.4,7,2,0,1000,200,5,constant,geomean,0.11939849245279444,8,0,0,mixture/0.4/7/5/2
0.4,7,2,0,1000,200,5,constant,ratio,0.22599999999999998,3,0,0,mixture/0.4/7/5/2
0.4,7,2,0,1000,200,5,constant,ratio-half,0.22599999999999998,3,0,0,mixture/0.4/7/5/2
0.4,7,2,0,1000,200,5,constant,asw-pam,,4,0,0,mixture/0.4/7/5/2
0.4,7,2,0,1000,200,5,constant,asw-average,,3,0,0,mixture/0.4/7/5/2
0.4,7,3,0,1000,200,5,constant,stated,0.5395907397331495,1,0,0,mixture/0.4/7/5/3
0.4,7,3,0,1000,200,5,constant,geomean,0.10065783625729267,7,1,1,mixture/0.4/7/5/3
0.4,7,3,0,1000,200,5,constant,ratio,0.07200000000000006,7,1,1,mixture/0.4/7/5/3
0.4,7,3,0,1000,200,5,constant,ratio-half,0.07200000000000006,7,1,1,mixture/0.4/7/5/3
0.4,7,3,0,1000,200,5,constant,asw-pam,,6,0,0,mixture/0.4/7/5/3
0.4,7,3,0,1000,200,5,constant,asw-average,,6,0,0,mixture/0.4/7/5/3
0.4,7,4,0,1000,200,5,constant,stated,0.5395907397331495,2,0,0,mixture/0.4/7/5/4
0.4,7,4,0,1000,200,5,constant,geomean,0.150837661079718,6,0,0,mixture/0.4/7/5/4
0.4,7,4,0,1000,200,5,constant,ratio,0.2619999999999999,2,0,0,mixture/0.4/7/5/4
0.4,7,4,0,1000,200,5,constant,ratio-half,0.2619999999999999,2,0,0,mixture/0.4/7/5/4
0.4,7,4,0,1000,200,5,constant,asw-pam,,2,0,0,mixture/0.4/7/5/4
0.4,7,4,0,1000,200,5,constant,asw-average,,2,0,0,mixture/0.4/7/5/4
0.4,7,5,0,1000,200,5,constant,stated,0.5395907397331495,1,0,0,mixture/0.4/7/5/5
0.4,7,5,0,1000,200,5,constant,geomean,0.1163099307883894,7,1,1,mixture/0.4/7/5/5
0.4,7,5,0,1000,200,5,constant,ratio,0.052000000000000046,7,1,1,mixture/0.4/7/5/5
0.4,7,5,0,1000,200,5,constant,ratio-half,0.052000000000000046,7,1,1,mixture/0.4/7/5/5
0.4,7,5,0,1000,200,5,constant,asw-pam,,2,0,0,mixture/0.4/7/5/5
0.4,7,5,0,1000,200,5,constant,asw-average,,2,0,0,mixture/0.4/7/5/5
0.4,7,6,0,1000,200,5,constant,stated,0.5395907397331495,2,0,0,mixture/0.4/7/5/6
0.4,7,6,0,1000,200,5,constant,geomean,0.1693280839081336,6,0,0,mixture/0.4/7/5/6
0.4,7,6,0,1000,200,5,constant,ratio,0.05800000000000005,7,1,1,mixture/0.4/7/5/6
0.4,7,6,0,1000,200,5,constant,ratio-half,0.05800000000000005,7,1,1,mixture/0.4/7/5/6
0.4,7,6,0,1000,200,5,constant,asw-pam,,2,0,0,mixture/0.4/7/5/6
0.4,7,6,0,1000,200,5,constant,asw-average,,2,0,0,mixture/0.4/7/5/6
0.4,7,7,0,1000,200,5,constant,stated,0.5395907397331495,1,0,0,mixture/0.4/7/5/7
0.4,7,7,0,1000,200,5,constant,geomean,0.11027239001672186,7,1,1,mixture/0.4/7/5/7
0.4,7,7,0,1000,200,5,constant,ratio,0.06400000000000006,7,1,1,mixture/0.4/7/5/7
0.4,7,7,0,1000,200,5,constant,ratio-half,0.06400000000000006,7,1,1,mixture/0.4/7/5/7
0.4,7,7,0,1000,200,5,constant,asw-pam,,3,0,0,mixture/0.4/7/5/7
0.4,7,7,0,1000,200,5,constant,asw-average,,3,0,0,mixture/0.4/7/5/7
0.4,7,8,0,1000,200,5,constant,stated,0.5395907397331495,1,0,0,mixture/0.4/7/5/8
0.4,7,8,0,1000,200,5,constant,geomean,0.13655768012089214,6,0,0,mixture/0.4/7/5/8
0.4,7,8,0,1000,200,5,constant,ratio,0.04999999999999993,7,1,1,mixture/0.4/7/5/8
0.4,7,8,0,1000,200,5,constant,ratio-half,0.04999999999999993,7,1,1,mixture/0.4/7/5/8
0.4,7,8,0,1000,200,5,constant,asw-pam,,4,0,0,mixture/0.4/7/5/8
0.4,7,8,0,1000,200,5,constant,asw-average,,4,0,0,mixture/0.4/7/5/8
0.4,7,9,0,1000,200,5,constant,stated,0.5395907397331495,1,0,0,mixture/0.4/7/5/9
0.4,7,9,0,1000,200,5,constant,geomean,0.10783320453366864,11,0,0,mixture/0.4/7/5/9
0.4,7,9,0,1000,200,5,constant,ratio,0.118,8,0,0,mixture/0.4/7/5/9
0.4,7,9,0,1000,200,5,constant,ratio-half,0.118,8,0,0,mixture/0.4/7/5/9
0.4,7,9,0,1000,200,5,constant,asw-pam,,7,1,1,mixture/0.4/7/5/9
0.4,7,9,0,1000,200,5,constant,asw-average,,5,0,0,mixture/0.4/7/5/9
0.4,7,10,0,1000,200,5,constant,stated,0.5395907397331495,2,0,0,mixture/0.4/7/5/10
0.4,7,10,0,1000,200,5,constant,geomean,0.1931734971469943,4,0,0,mixture/0.4/7/5/10
0.4,7,10,0,1000,200,5,constant,ratio,0.3600000000000001,2,0,0,mixture/0.4/7/5/10
0.4,7,10,0,1000,200,5,constant,ratio-half,0.3600000000000001,2,0,0,mixture/0.4/7/5/10
0.4,7,10,0,1000,200,5,constant,asw-pam,,2,0,0,mixture/0.4/7/5/10
0.4,7,10,0,1000,200,5,constant,asw-average,,2,0,0,mixture/0.4/7/5/10
0.4,7,11,0,1000,200,5,constant,stated,0.5395907397331495,2,0,0,mixture/0.4/7/5/11
0.4,7,11,0,1000,200,5,constant,geomean,0.14424978336205577,7,1,1,mixture/0.4/7/5/11
0.4,7,11,0,1000,200,5,constant,ratio,0.07200000000000006,7,1,1,mixture/0.4/7/5/11
0.4,7,11,0,1000,200,5,constant,ratio-half,0.07200000000000006,7,1,1,mixture/0.4/7/5/11
0.4,7,11,0,1000,200,5,constant,asw-pam,,7,1,1,mixture/0.4/7/5/11
0.4,7,11,0,1000,200,5,constant,asw-average,,7,1,1,mixture/0.4/7/5/11
0.4,7,12,0,1000,200,5,constant,stated,0.5395907397331495,2,0,0,mixture/0.4/7/5/12
0.4,7,12,0,1000,200,5,constant,geomean,0.1475804865149862,7,1,1,mixture/0.4/7/5/12
0.4,7,12,0,1000,200,5,constant,ratio,0.05600000000000005,7,1,1,mixture/0.4/7/5/12
0.4,7,12,0,1000,200,5,constant,ratio-half,0.05600000000000005,7,1,1,mixture/0.4/7/5/12
0.4,7,12,0,1000,200,5,constant,asw-pam,,7,1,1,mixture/0.4/7/5/12
0.4,7,12,0,1000,200,5,constant,asw-average,,7,1,1,mixture/0.4/7/5/12
0.4,7,13,0,1000,200,5,constant,stated,0.5395907397331495,2,0,0,mixture/0.4/7/5/13
0.4,7,13,0,1000,200,5,constant,geomean,0.16211107303327563,4,0,0,mixture/0.4/7/5/13
0.4,7,13,0,1000,200,5,constant,ratio,0.18200000000000016,2,0,0,mixture/0.4/7/5/13
0.4,7,13,0,1000,200,5,constant,ratio-half,0.18200000000000016,2,0,0,mixture/0.4/7/5/13
0.4,7,13,0,1000,200,5,constant,asw-pam,,2,0,0,mixture/0.4/7/5/13
0.4,7,13,0,1000,200,5,constant,asw-average,,2,0,0,mixture/0.4/7/5/13
0.4,7,14,0,1000,200,5,constant,stated,0.5395907397331495,1,0,0,mixture/0.4/7/5/14
0.4,7,14,0,1000,200,5,constant,geomean,0.1223601242235393,7,1,1,mixture/0.4/7/5/14
0.4,7,14,0,1000,200,5,constant,ratio,0.05999999999999994,7,1,1,mixture/0.4/7/5/14
0.4,7,14,0,1000,200,5,constant,ratio-half,0.05999999999999994,7,1,1,mixture/0.4/7/5/14
0.4,7,14,0,1000,200,5,constant,asw-pam,,6,0,0,mixture/0.4/7/5/14
0.4,7,14,0,1000,200,5,constant,asw-average,,6,0,0,mixture/0.4/7/5/14
0.4,7,15,0,1000,200,5,constant,stated,0.5395907397331495,2,0,0,mixture/0.4/7/5/15
0.4,7,15,0,1000,200,5,constant,geomean,0.1649242250247065,7,1,1,mixture/0.4/7/5/15
0.4,7,15,0,1000,200,5,constant,ratio,0.061999999999999944,7,1,1,mixture/0.4/7/5/15
0.4,7,15,0,1000,200,5,constant,ratio-half,0.061999999999999944,7,1,1,mixture/0.4/7/5/15
0.4,7,15,0,1000,200,5,constant,asw-pam,,5,0,0,mixture/0.4/7/5/15
0.4,7,15,0,1000,200,5,constant,asw-average,,5,0,0,mixture/0.4/7/5/15
0.4,7,16,0,1000,200,5,constant,stated,0.5395907397331495,1,0,0,mixture/0.4/7/5/16
0.4,7,16,0,1000,200,5,constant,geomean,0.1039807674524477,7,1,1,mixture/0.4/7/5/16
0.4,7,16,0,1000,200,5,constant,ratio,0.05400000000000005,7,1,1,mixture/0.4/7/5/16
0.4,7,16,0,1000,200,5,constant,ratio-half,0.05400000000000005,7,1,1,mixture/0.4/7/5/16
0.4,7,16,0,1000,200,5,constant,asw-pam,,6,0,0,mixture/0.4/7/5/16
0.4,7,16,0,1000,200,5,constant,asw-average,,6,0,0,mixture/0.4/7/5/16
0.4,7,17,0,1000,200,5,constant,stated,0.5395907397331495,1,0,0,mixture/0.4/7/5/17
0.4,7,17,0,1000,200,5,constant,geomean,0.13839075113604962,6,0,0,mixture/0.4/7/5/17
0.4,7,17,0,1000,200,5,constant,ratio,0.10599999999999998,6,0,0,mixture/0.4/7/5/17
0.4,7,17,0,1000,200,5,constant,ratio-half,0.10599999999999998,6,0,0,mixture/0.4/7/5/17
0.4,7,17,0,1000,200,5,constant,asw-pam,,2,0,0,mixture/0.4/7/5/17
0.4,7,17,0,1000,200,5,constant,asw-average,,3,0,0,mixture/0.4/7/5/17
0.4,7,18,0,1000,200,5,constant,stated,0.5395907397331495,1,0,0,mixture/0.4/7/5/18
0.4,7,18,0,1000,200,5,constant,geomean,0.1052805775060149,7,1,1,mixture/0.4/7/5/18
0.4,7,18,0,1000,200,5,constant,ratio,0.06600000000000006,7,1,1,mixture/0.4/7/5/18
0.4,7,18,0,1000,200,5,constant,ratio-half,0.06600000000000006,7,1,1,mixture/0.4/7/5/18
0.4,7,18,0,1000,200,5,constant,asw-pam,,6,0,0,mixture/0.4/7/5/18
0.4,7,18,0,1000,200,5,constant,asw-average,,6,0,0,mixture/0.4/7/5/18
0.4,7,19,0,1000,200,5,constant,stated,0.5395907397331495,2,0,0,mixture/0.4/7/5/19
0.4,7,19,0,1000,200,5,constant,geomean,0.14512063946937395,7,1,1,mixture/0.4/7/5/19
0.4,7,19,0,1000,200,5,constant,ratio,0.06999999999999995,7,1,1,mixture/0.4/7/5/19
0.4,7,19,0,1000,200,5,constant,ratio-half,0.06999999999999995,7,1,1,mixture/0.4/7/5/19
0.4,7,19,0,1000,200,5,constant,asw-pam,,2,0,0,mixture/0.4/7/5/19
0.4,7,19,0,1000,200,5,constant,asw-average,,2,0,0,mixture/0.4/7/5/19
0.4,8,0,0,1000,200,5,constant,stated,0.5395907397331495,1,0,0,mixture/0.4/8/5/0
0.4,8,0,0,1000,200,5,constant,geomean,0.132815661727072,7,0,0,mixture/0.4/8/5/0
0.4,8,0,0,1000,200,5,constant,ratio,0.05999999999999994,7,0,0,mixture/0.4/8/5/0
0.4,8,0,0,1000,200,5,constant,ratio-half,0.05999999999999994,7,0,0,mixture/0.4/8/5/0
0.4,8,0,0,1000,200,5,constant,asw-pam,,2,0,0,mixture/0.4/8/5/0
0.4,8,0,0,1000,200,5,constant,asw-average,,2,0,0,mixture/0.4/8/5/0
0.4,8,1,0,1000,200,5,constant,stated,0.5395907397331495,1,0,0,mixture/0.4/8/5/1
0.4,8,1,0,1000,200,5,constant,geomean,0.11865917579353046,7,0,0,mixture/0.4/8/5/1
0.4,8,1,0,1000,200,5,constant,ratio,0.09999999999999998,7,0,0,mixture/0.4/8/5/1
0.4,8,1,0,1000,200,5,constant,ratio-half,0.09999999999999998,7,0,0,mixture/0.4/8/5/1
0.4,8,1,0,1000,200,5,constant,asw-pam,,6,0,0,mixture/0.4/8/5/1
0.4,8,1,0,1000,200,5,constant,asw-average,,6,0,0,mixture/0.4/8/5/1
0.4,8,2,0,1000,200,5,constant,stated,0.5395907397331495,1,0,0,mixture/0.4/8/5/2
0.4,8,2,0,1000,200,5,constant,geomean,0.10677078252031301,8,1,1,mixture/0.4/8/5/2
0.4,8,2,0,1000,200,5,constant,ratio,0.128,7,0,0,mixture/0.4/8/5/2
0.4,8,2,0,1000,200,5,constant,ratio-half,0.128,7,0,0,mixture/0.4/8/5/2
0.4,8,2,0,1000,200,5,constant,asw-pam,,5,0,0,mixture/0.4/8/5/2
0.4,8,2,0,1000,200,5,constant,asw-average,,4,0,0,mixture/0.4/8/5/2
0.4,8,3,0,1000,200,5,constant,stated,0.5395907397331495,1,0,0,mixture/0.4/8/5/3
0.4,8,3,0,1000,200,5,constant,geomean,0.09732420048477156,8,1,1,mixture/0.4/8/5/3
0.4,8,3,0,1000,200,5,constant,ratio,0.061999999999999944,8,1,1,mixture/0.4/8/5/3
0.4,8,3,0,1000,200,5,constant,ratio-half,0.061999999999999944,8,1,1,mixture/0.4/8/5/3
0.4,8,3,0,1000,200,5,constant,asw-pam,,8,1,1,mixture/0.4/8/5/3
0.4,8,3,0,1000,200,5,constant,asw-average,,8,1,1,mixture/0.4/8/5/3
0.4,8,4,0,1000,200,5,constant,stated,0.5395907397331495,1,0,0,mixture/0.4/8/5/4
0.4,8,4,0,1000,200,5,constant,geomean,0.11969962405956007,8,1,1,mixture/0.4/8/5/4
0.4,8,4,0,1000,200,5,constant,ratio,0.062000000000000055,8,1,1,mixture/0.4/8/5/4
0.4,8,4,0,1000,200,5,constant,ratio-half,0.062000000000000055,8,1,1,mixture/0.4/8/5/4
0.4,8,4,0,1000,200,5,constant,asw-pam,,8,1,1,mixture/0.4/8/5/4
0.4,8,4,0,1000,200,5,constant,asw-average,,4,0,0,mixture/0.4/8/5/4
0.4,8,5,0,1000,200,5,constant,stated,0.5395907397331495,1,0,0,mixture/0.4/8/5/5
0.4,8,5,0,1000,200,5,constant,geomean,0.10332473082471598,8,1,1,mixture/0.4/8/5/5
0.4,8,5,0,1000,200,5,constant,ratio,0.08399999999999996,8,1,1,mixture/0.4/8/5/5
0.4,8,5,0,1000,200,5,constant,ratio-half,0.08399999999999996,8,1,1,mixture/0.4/8/5/5
0.4,8,5,0,1000,200,5,constant,asw-pam,,2,0,0,mixture/0.4/8/5/5
0.4,8,5,0,1000,200,5,constant,asw-average,,2,0,0,mixture/0.4/8/5/5
0.4,8,6,0,1000,200,5,constant,stated,0.5395907397331495,1,0,0,mixture/0.4/8/5/6
0.4,8,6,0,1000,200,5,constant,geomean,0.11946547618454469,8,1,1,mixture/0.4/8/5/6
0.4,8,6,0,1000,200,5,constant,ratio,0.06800000000000006,8,1,1,mixture/0.4/8/5/6
0.4,8,6,0,1000,200,5,constant,ratio-half,0.06800000000000006,8,1,1,mixture/0.4/8/5/6
0.4,8,6,0,1000,200,5,constant,asw-pam,,4,0,0,mixture/0.4/8/5/6
0.4,8,6,0,1000,200,5,constant,asw-average,,3,0,0,mixture/0.4/8/5/6
0.4,8,7,0,1000,200,5,constant,stated,0.5395907397331495,1,0,0,mixture/0.4/8/5/7
0.4,8,7,0,1000,200,5,constant,geomean,0.1130663522008206,8,1,1,mixture/0.4/8/5/7
0.4,8,7,0,1000,200,5,constant,ratio,0.06600000000000006,8,1,1,mixture/0.4/8/5/7
0.4,8,7,0,1000,200,5,constant,ratio-half,0.06600000000000006,8,1,1,mixture/0.4/8/5/7
0.4,8,7,0,1000,200,5,constant,asw-pam,,8,1,1,mixture/0.4/8/5/7
0.4,8,7,0,1000,200,5,constant,asw-average,,8,1,1,mixture/0.4/8/5/7
0.4,8,8,0,1000,200,5,constant,stated,0.5395907397331495,1,0,0,mixture/0.4/8/5/8
0.4,8,8,0,1000,200,5,constant,geomean,0.13416407864998744,8,1,1,mixture/0.4/8/5/8
0.4,8,8,0,1000,200,5,constant,ratio,0.07000000000000006,8,1,1,mixture/0.4/8/5/8
0.4,8,8,0,1000,200,5,constant,ratio-half,0.07000000000000006,8,1,1,mixture/0.4/8/5/8
0.4,8,8,0,1000,200,5,constant,asw-pam,,2,0,0,mixture/0.4/8/5/8
0.4,8,8,0,1000,200,5,constant,asw-average,,2,0,0,mixture/0.4/8/5/8
0.4,8,9,0,1000,200,5,constant,stated,0.5395907397331495,2,0,0,mixture/0.4/8/5/9
0.4,8,9,0,1000,200,5,constant,geomean,0.1468196172178637,7,0,0,mixture/0.4/8/5/9
0.4,8,9,0,1000,200,5,constant,ratio,0.29000000000000004,2,0,0,mixture/0.4/8/5/9
0.4,8,9,0,1000,200,5,constant,ratio-half,0.29000000000000004,2,0,0,mixture/0.4/8/5/9
0.4,8,9,0,1000,200,5,constant,asw-pam,,2,0,0,mixture/0.4/8/5/9
0.4,8,9,0,1000,200,5,constant,asw-average,,2,0,0,mixture/0.4/8/5/9
0.4,8,10,0,1000,200,5,constant,stated,0.5395907397331495,2,0,0,mixture/0.4/8/5/10
0.4,8,10,0,1000,200,5,constant,geomean,0.15716233645501695,8,1,1,mixture/0.4/8/5/10
0.4,8,10,0,1000,200,5,constant,ratio,0.09599999999999997,8,1,1,mixture/0.4/8/5/10
0.4,8,10,0,1000,200,5,constant,ratio-half,0.09599999999999997,8,1,1,mixture/0.4/8/5/10
0.4,8,10,0,1000,200,5,constant,asw-pam,,8,1,1,mixture/0.4/8/5/10
0.4,8,10,0,1000,200,5,constant,asw-average,,8,1,1,mixture/0.4/8/5/10
0.4,8,11,0,1000,200,5,constant,stated,0.5395907397331495,1,0,0,mixture/0.4/8/5/11
0.4,8,11,0,1000,200,5,constant,geomean,0.10266450214168484,8,1,1,mixture/0.4/8/5/11
0.4,8,11,0,1000,200,5,constant,ratio,0.05599999999999994,8,1,1,mixture/0.4/8/5/11
0.4,8,11,0,1000,200,5,constant,ratio-half,0.05599999999999994,8,1,1,mixture/0.4/8/5/11
0.4,8,11,0,1000,200,5,constant,asw-pam,,5,0,0,mixture/0.4/8/5/11
0.4,8,11,0,1000,200,5,constant,asw-average,,5,0,0,mixture/0.4/8/5/11
0.4,8,12,0,1000,200,5,constant,stated,0.5395907397331495,1,0,0,mixture/0.4/8/5/12
0.4,8,12,0,1000,200,5,constant,geomean,0.1453272169966797,7,0,0,mixture/0.4/8/5/12
0.4,8,12,0,1000,200,5,constant,ratio,0.1419999999999999,7,0,0,mixture/0.4/8/5/12
0.4,8,12,0,1000,200,5,constant,ratio-half,0.1419999999999999,7,0,0,mixture/0.4/8/5/12
0.4,8,12,0,1000,200,5,constant,asw-pam,,8,1,1,mixture/0.4/8/5/12
0.4,8,12,0,1000,200,5,constant,asw-average,,8,1,1,mixture/0.4/8/5/12
0.4,8,13,0,1000,200,5,constant,stated,0.5395907397331495,1,0,0,mixture/0.4/8/5/13
0.4,8,13,0,1000,200,5,constant,geomean,0.09859006035092995,8,1,1,mixture/0.4/8/5/13
0.4,8,13,0,1000,200,5,constant,ratio,0.05800000000000005,8,1,1,mixture/0.4/8/5/13
0.4,8,13,0,1000,200,5,constant,ratio-half,0.05800000000000005,8,1,1,mixture/0.4/8/5/13
0.4,8,13,0,1000,200,5,constant,asw-pam,,7,0,0,mixture/0.4/8/5/13
0.4,8,13,0,1000,200,5,constant,asw-average,,6,0,0,mixture/0.4/8/5/13
0.4,8,14,0,1000,200,5,constant,stated,0.5395907397331495,1,0,0,mixture/0.4/8/5/14
0.4,8,14,0,1000,200,5,constant,geomean,0.11032678731840247,8,1,1,mixture/0.4/8/5/14
0.4,8,14,0,1000,200,5,constant,ratio,0.09200000000000008,8,1,1,mixture/0.4/8/5/14
0.4,8,14,0,1000,200,5,constant,ratio-half,0.09200000000000008,8,1,1,mixture/0.4/8/5/14
0.4,8,14,0,1000,200,5,constant,asw-pam,,7,0,0,mixture/0.4/8/5/14
0.4,8,14,0,1000,200,5,constant,asw-average,,6,0,0,mixture/0.4/8/5/14
0.4,8,15,0,1000,200,5,constant,stated,0.5395907397331495,1,0,0,mixture/0.4/8/5/15
0.4,8,15,0,1000,200,5,constant,geomean,0.08690224392960179,8,1,1,mixture/0.4/8/5/15
0.4,8,15,0,1000,200,5,constant,ratio,0.05799999999999994,8,1,1,mixture/0.4/8/5/15
0.4,8,15,0,1000,200,5,constant,ratio-half,0.05799999999999994,8,1,1,mixture/0.4/8/5/15
0.4,8,15,0,1000,200,5,constant,asw-pam,,2,0,0,mixture/0.4/8/5/15
0.4,8,15,0,1000,200,5,constant,asw-average,,2,0,0,mixture/0.4/8/5/15
0.4,8,16,0,1000,200,5,constant,stated,0.5395907397331495,2,0,0,mixture/0.4/8/5/16
0.4,8,16,0,1000,200,5,constant,geomean,0.13660161053223355,7,0,0,mixture/0.4/8/5/16
0.4,8,16,0,1000,200,5,constant,ratio,0.33000000000000007,2,0,0,mixture/0.4/8/5/16
0.4,8,16,0,1000,200,5,constant,ratio-half,0.33000000000000007,2,0,0,mixture/0.4/8/5/16
0.4,8,16,0,1000,200,5,constant,asw-pam,,4,0,0,mixture/0.4/8/5/16
0.4,8,16,0,1000,200,5,constant,asw-average,,4,0,0,mixture/0.4/8/5/16
0.4,8,17,0,1000,200,5,constant,stated,0.5395907397331495,2,0,0,mixture/0.4/8/5/17
0.4,8,17,0,1000,200,5,constant,geomean,0.16316862443496888,8,1,1,mixture/0.4/8/5/17
0.4,8,17,0,1000,200,5,constant,ratio,0.062000000000000055,8,1,1,mixture/0.4/8/5/17
0.4,8,17,0,1000,200,5,constant,ratio-half,0.062000000000000055,8,1,1,mixture/0.4/8/5/17
0.4,8,17,0,1000,200,5,constant,asw-pam,,2,0,0,mixture/0.4/8/5/17
0.4,8,17,0,1000,200,5,constant,asw-average,,2,0,0,mixture/0.4/8/5/17
0.4,8,18,0,1000,200,5,constant,stated,0.5395907397331495,2,0,0,mixture/0.4/8/5/18
0.4,8,18,0,1000,200,5,constant,geomean,0.16243152403397568,8,1,1,mixture/0.4/8/5/18
0.4,8,18,0,1000,200,5,constant,ratio,0.08799999999999997,8,1,1,mixture/0.4/8/5/18
0.4,8,18,0,1000,200,5,constant,ratio-half,0.08799999999999997,8,1,1,mixture/0.4/8/5/18
0.4,8,18,0,1000,200,5,constant,asw-pam,,2,0,0,mixture/0.4/8/5/18
0.4,8,18,0,1000,200,5,constant,asw-average,,2,0,0,mixture/0.4/8/5/18
0.4,8,19,0,1000,200,5,constant,stated,0.5395907397331495,1,0,0,mixture/0.4/8/5/19
0.4,8,19,0,1000,200,5,constant,geomean,0.10673331251301071,8,1,1,mixture/0.4/8/5/19
0.4,8,19,0,1000,200,5,constant,ratio,0.052000000000000046,8,1,1,mixture/0.4/8/5/19
0.4,8,19,0,1000,200,5,constant,ratio-half,0.052000000000000046,8,1,1,mixture/0.4/8/5/19
0.4,8,19,0,1000,200,5,constant,asw-pam,,2,0,0,mixture/0.4/8/5/19
0.4,8,19,0,1000,200,5,constant,asw-average,,5,0,0,mixture/0.4/8/5/19
0.4,9,0,0,1000,200,5,constant,stated,0.5395907397331495,2,0,0,mixture/0.4/9/5/0
0.4,9,0,0,1000,200,5,constant,geomean,0.13717142559585804,9,1,1,mixture/0.4/9/5/0
0.4,9,0,0,1000,200,5,constant,ratio,0.10000000000000009,9,1,1,mixture/0.4/9/5/0
0.4,9,0,0,1000,200,5,constant,ratio-half,0.10000000000000009,9,1,1,mixture/0.4/9/5/0
0.4,9,0,0,1000,200,5,constant,asw-pam,,3,0,0,mixture/0.4/9/5/0
0.4,9,0,0,1000,200,5,constant,asw-average,,2,0,0,mixture/0.4/9/5/0
0.4,9,1,0,1000,200,5,constant,stated,0.5395907397331495,2,0,0,mixture/0.4/9/5/1
0.4,9,1,0,1000,200,5,constant,geomean,0.14355486755941096,9,1,1,mixture/0.4/9/5/1
0.4,9,1,0,1000,200,5,constant,ratio,0.09400000000000008,9,1,1,mixture/0.4/9/5/1
0.4,9,1,0,1000,200,5,constant,ratio-half,0.09400000000000008,9,1,1,mixture/0.4/9/5/1
0.4,9,1,0,1000,200,5,constant,asw-pam,,2,0,0,mixture/0.4/9/5/1
0.4,9,1,0,1000,200,5,constant,asw-average,,2,0,0,mixture/0.4/9/5/1
0.4,9,2,0,1000,200,5,constant,stated,0.5395907397331495,1,0,0,mixture/0.4/9/5/2
0.4,9,2,0,1000,200,5,constant,geomean,0.11749042514179618,10,0,0,mixture/0.4/9/5/2
0.4,9,2,0,1000,200,5,constant,ratio,0.242,2,0,0,mixture/0.4/9/5/2
0.4,9,2,0,1000,200,5,constant,ratio-half,0.242,2,0,0,mixture/0.4/9/5/2
0.4,9,2,0,1000,200,5,constant,asw-pam,,2,0,0,mixture/0.4/9/5/2
0.4,9,2,0,1000,200,5,constant,asw-average,,2,0,0,mixture/0.4/9/5/2
0.4,9,3,0,1000,200,5,constant,stated,0.5395907397331495,1,0,0,mixture/0.4/9/5/3
0.4,9,3,0,1000,200,5,constant,geomean,0.10665833300778695,9,1,1,mixture/0.4/9/5/3
0.4,9,3,0,1000,200,5,constant,ratio,0.05800000000000005,9,1,1,mixture/0.4/9/5/3
0.4,9,3,0,1000,200,5,constant,ratio-half,0.05800000000000005,9,1,1,mixture/0.4/9/5/3
0.4,9,3,0,1000,200,5,constant,asw-pam,,9,1,1,mixture/0.4/9/5/3
0.4,9,3,0,1000,200,5,constant,asw-average,,9,1,1,mixture/0.4/9/5/3
0.4,9,4,0,1000,200,5,constant,stated,0.5395907397331495,2,0,0,mixture/0.4/9/5/4
0.4,9,4,0,1000,200,5,constant,geomean,0.1454922678357853,8,0,0,mixture/0.4/9/5/4
0.4,9,4,0,1000,200,5,constant,ratio,0.06400000000000006,9,1,1,mixture/0.4/9/5/4
0.4,9,4,0,1000,200,5,constant,ratio-half,0.06400000000000006,9,1,1,mixture/0.4/9/5/4
0.4,9,4,0,1000,200,5,constant,asw-pam,,6,0,0,mixture/0.4/9/5/4
0.4,9,4,0,1000,200,5,constant,asw-average,,4,0,0,mixture/0.4/9/5/4
0.4,9,5,0,1000,200,5,constant,stated,0.5395907397331495,1,0,0,mixture/0.4/9/5/5
0.4,9,5,0,1000,200,5,constant,geomean,0.12899612397277685,9,1,1,mixture/0.4/9/5/5
0.4,9,5,0,1000,200,5,constant,ratio,0.08400000000000002,9,1,1,mixture/0.4/9/5/5
0.4,9,5,0,1000,200,5,constant,ratio-half,0.08400000000000002,9,1,1,mixture/0.4/9/5/5
0.4,9,5,0,1000,200,5,constant,asw-pam,,8,0,0,mixture/0.4/9/5/5
0.4,9,5,0,1000,200,5,constant,asw-average,,8,0,0,mixture/0.4/9/5/5
0.4,9,6,0,1000,200,5,constant,stated,0.5395907397331495,2,0,0,mixture/0.4/9/5/6
0.4,9,6,0,1000,200,5,constant,geomean,0.14589036979869513,8,0,0,mixture/0.4/9/5/6
0.4,9,6,0,1000,200,5,constant,ratio,0.05400000000000005,9,1,1,mixture/0.4/9/5/6
0.4,9,6,0,1000,200,5,constant,ratio-half,0.05400000000000005,9,1,1,mixture/0.4/9/5/6
0.4,9,6,0,1000,200,5,constant,asw-pam,,4,0,0,mixture/0.4/9/5/6
0.4,9,6,0,1000,200,5,constant,asw-average,,2,0,0,mixture/0.4/9/5/6
0.4,9,7,0,1000,200,5,constant,stated,0.5395907397331495,1,0,0,mixture/0.4/9/5/7
0.4,9,7,0,1000,200,5,constant,geomean,0.10877499712709722,8,0,0,mixture/0.4/9/5/7
0.4,9,7,0,1000,200,5,constant,ratio,0.06799999999999995,8,0,0,mixture/0.4/9/5/7
0.4,9,7,0,1000,200,5,constant,ratio-half,0.06799999999999995,8,0,0,mixture/0.4/9/5/7
0.4,9,7,0,1000,200,5,constant,asw-pam,,8,0,0,mixture/0.4/9/5/7
0.4,9,7,0,1000,200,5,constant,asw-average,,8,0,0,mixture/0.4/9/5/7
0.4,9,8,0,1000,200,5,constant,stated,0.5395907397331495,1,0,0,mixture/0.4/9/5/8
0.4,9,8,0,1000,200,5,constant,geomean,0.129336769713798,9,1,1,mixture/0.4/9/5/8
0.4,9,8,0,1000,200,5,constant,ratio,0.07600000000000007,9,1,1,mixture/0.4/9/5/8
0.4,9,8,0,1000,200,5,constant,ratio-half,0.07600000000000007,9,1,1,mixture/0.4/9/5/8
0.4,9,8,0,1000,200,5,constant,asw-pam,,9,1,1,mixture/0.4/9/5/8
0.4,9,8,0,1000,200,5,constant,asw-average,,9,1,1,mixture/0.4/9/5/8
0.4,9,9,0,1000,200,5,constant,stated,0.5395907397331495,2,0,0,mixture/0.4/9/5/9
0.4,9,9,0,1000,200,5,constant,geomean,0.15047923444781325,7,0,0,mixture/0.4/9/5/9
0.4,9,9,0,1000,200,5,constant,ratio,0.06399999999999983,9,1,1,mixture/0.4/9/5/9
0.4,9,9,0,1000,200,5,constant,ratio-half,0.06399999999999983,9,1,1,mixture/0.4/9/5/9
0.4,9,9,0,1000,200,5,constant,asw-pam,,2,0,0,mixture/0.4/9/5/9
0.4,9,9,0,1000,200,5,constant,asw-average,,3,0,0,mixture/0.4/9/5/9
0.4,9,10,0,1000,200,5,constant,stated,0.5395907397331495,1,0,0,mixture/0.4/9/5/10
0.4,9,10,0,1000,200,5,constant,geomean,0.11216059914247967,9,1,1,mixture/0.4/9/5/10
0.4,9,10,0,1000,200,5,constant,ratio,0.062000000000000055,9,1,1,mixture/0.4/9/5/10
0.4,9,10,0,1000,200,5,constant,ratio-half,0.062000000000000055,9,1,1,mixture/0.4/9/5/10
0.4,9,10,0,1000,200,5,constant,asw-pam,,9,1,1,mixture/0.4/9/5/10
0.4,9,10,0,1000,200,5,constant,asw-average,,9,1,1,mixture/0.4/9/5/10
0.4,9,11,0,1000,200,5,constant,stated,0.5395907397331495,1,0,0,mixture/0.4/9/5/11
0.4,9,11,0,1000,200,5,constant,geomean,0.09931767214348114,10,0,0,mixture/0.4/9/5/11
0.4,9,11,0,1000,200,5,constant,ratio,0.10599999999999998,9,1,1,mixture/0.4/9/5/11
0.4,9,11,0,1000,200,5,constant,ratio-half,0.10599999999999998,9,1,1,mixture/0.4/9/5/11
0.4,9,11,0,1000,200,5,constant,asw-pam,,9,1,1,mixture/0.4/9/5/11
0.4,9,11,0,1000,200,5,constant,asw-average,,9,1,1,mixture/0.4/9/5/11
0.4,9,12,0,1000,200,5,constant,stated,0.5395907397331495,1,0,0,mixture/0.4/9/5/12
0.4,9,12,0,1000,200,5,constant,geomean,0.10430723848324243,9,1,1,mixture/0.4/9/5/12
0.4,9,12,0,1000,200,5,constant,ratio,0.07000000000000006,9,1,1,mixture/0.4/9/5/12
0.4,9,12,0,1000,200,5,constant,ratio-half,0.07000000000000006,9,1,1,mixture/0.4/9/5/12
0.4,9,12,0,1000,200,5,constant,asw-pam,,9,1,1,mixture/0.4/9/5/12
0.4,9,12,0,1000,200,5,constant,asw-average,,7,0,0,mixture/0.4/9/5/12
0.4,9,13,0,1000,200,5,constant,stated,0.5395907397331495,1,0,0,mixture/0.4/9/5/13
0.4,9,13,0,1000,200,5,constant,geomean,0.11665333257134154,9,1,1,mixture/0.4/9/5/13
0.4,9,13,0,1000,200,5,constant,ratio,0.08600000000000008,9,1,1,mixture/0.4/9/5/13
0.4,9,13,0,1000,200,5,constant,ratio-half,0.08600000000000008,9,1,1,mixture/0.4/9/5/13
0.4,9,13,0,1000,200,5,constant,asw-pam,,9,1,1,mixture/0.4/9/5/13
0.4,9,13,0,1000,200,5,constant,asw-average,,9,1,1,mixture/0.4/9/5/13
0.4,9,14,0,1000,200,5,constant,stated,0.5395907397331495,1,0,0,mixture/0.4/9/5/14
0.4,9,14,0,1000,200,5,constant,geomean,0.1106345334875147,9,1,1,mixture/0.4/9/5/14
0.4,9,14,0,1000,200,5,constant,ratio,0.066,9,1,1,mixture/0.4/9/5/14
0.4,9,14,0,1000,200,5,constant,ratio-half,0.066,9,1,1,mixture/0.4/9/5/14
0.4,9,14,0,1000,200,5,constant,asw-pam,,8,0,0,mixture/0.4/9/5/14
0.4,9,14,0,1000,200,5,constant,asw-average,,8,0,0,mixture/0.4/9/5/14
0.4,9,15,0,1000,200,5,constant,stated,0.5395907397331495,1,0,0,mixture/0.4/9/5/15
0.4,9,15,0,1000,200,5,constant,geomean,0.11095945205344164,9,1,0,mixture/0.4/9/5/15
0.4,9,15,0,1000,200,5,constant,ratio,0.126,8,0,0,mixture/0.4/9/5/15
0.4,9,15,0,1000,200,5,constant,ratio-half,0.126,8,0,0,mixture/0.4/9/5/15
0.4,9,15,0,1000,200,5,constant,asw-pam,,7,0,0,mixture/0.4/9/5/15
0.4,9,15,0,1000,200,5,constant,asw-average,,7,0,0,mixture/0.4/9/5/15
0.4,9,16,0,1000,200,5,constant,stated,0.5395907397331495,1,0,0,mixture/0.4/9/5/16
0.4,9,16,0,1000,200,5,constant,geomean,0.10990905331227274,9,1,1,mixture/0.4/9/5/16
0.4,9,16,0,1000,200,5,constant,ratio,0.09400000000000008,9,1,1,mixture/0.4/9/5/16
0.4,9,16,0,1000,200,5,constant,ratio-half,0.09400000000000008,9,1,1,mixture/0.4/9/5/16
0.4,9,16,0,1000,200,5,constant,asw-pam,,2,0,0,mixture/0.4/9/5/16
0.4,9,16,0,1000,200,5,constant,asw-average,,2,0,0,mixture/0.4/9/5/16
0.4,9,17,0,1000,200,5,constant,stated,0.5395907397331495,1,0,0,mixture/0.4/9/5/17
0.4,9,17,0,1000,200,5,constant,geomean,0.09533100230250384,9,1,1,mixture/0.4/9/5/17
0.4,9,17,0,1000,200,5,constant,ratio,0.05400000000000005,9,1,1,mixture/0.4/9/5/17
0.4,9,17,0,1000,200,5,constant,ratio-half,0.05400000000000005,9,1,1,mixture/0.4/9/5/17
0.4,9,17,0,1000,200,5,constant,asw-pam,,7,0,0,mixture/0.4/9/5/17
0.4,9,17,0,1000,200,5,constant,asw-average,,7,0,0,mixture/0.4/9/5/17
0.4,9,18,0,1000,200,5,constant,stated,0.5395907397331495,1,0,0,mixture/0.4/9/5/18
0.4,9,18,0,1000,200,5,constant,geomean,0.10031948963187566,9,1,1,mixture/0.4/9/5/18
0.4,9,18,0,1000,200,5,constant,ratio,0.06999999999999995,9,1,1,mixture/0.4/9/5/18
0.4,9,18,0,1000,200,5,constant,ratio-half,0.06999999999999995,9,1,1,mixture/0.4/9/5/18
0.4,9,18,0,1000,200,5,constant,asw-pam,,9,1,1,mixture/0.4/9/5/18
0.4,9,18,0,1000,200,5,constant,asw-average,,9,1,1,mixture/0.4/9/5/18
0.4,9,19,0,1000,200,5,constant,stated,0.5395907397331495,1,0,0,mixture/0.4/9/5/19
0.4,9,19,0,1000,200,5,constant,geomean,0.0989545350148239,9,1,1,mixture/0.4/9/5/19
0.4,9,19,0,1000,200,5,constant,ratio,0.06399999999999995,9,1,1,mixture/0.4/9/5/19
0.4,9,19,0,1000,200,5,constant,ratio-half,0.06399999999999995,9,1,1,mixture/0.4/9/5/19
0.4,9,19,0,1000,200,5,constant,asw-pam,,7,0,0,mixture/0.4/9/5/19
0.4,9,19,0,1000,200,5,constant,asw-average,,6,0,0,mixture/0.4/9/5/19
0.4,10,0,0,1000,200,5,constant,stated,0.5395907397331495,1,0,0,mixture/0.4/10/5/0
0.4,10,0,0,1000,200,5,constant,geomean,0.11155267813907441,10,1,1,mixture/0.4/10/5/0
0.4,10,0,0,1000,200,5,constant,ratio,0.06400000000000006,10,1,1,mixture/0.4/10/5/0
0.4,10,0,0,1000,200,5,constant,ratio-half,0.06400000000000006,10,1,1,mixture/0.4/10/5/0
0.4,10,0,0,1000,200,5,constant,asw-pam,,9,0,0,mixture/0.4/10/5/0
0.4,10,0,0,1000,200,5,constant,asw-average,,6,0,0,mixture/0.4/10/5/0
0.4,10,1,0,1000,200,5,constant,stated,0.5395907397331495,1,0,0,mixture/0.4/10/5/1
0.4,10,1,0,1000,200,5,constant,geomean,0.12119405926034499,10,1,1,mixture/0.4/10/5/1
0.4,10,1,0,1000,200,5,constant,ratio,0.05399999999999994,10,1,1,mixture/0.4/10/5/1
0.4,10,1,0,1000,200,5,constant,ratio-half,0.05399999999999994,10,1,1,mixture/0.4/10/5/1
0.4,10,1,0,1000,200,5,constant,asw-pam,,4,0,0,mixture/0.4/10/5/1
0.4,10,1,0,1000,200,5,constant,asw-average,,8,0,0,mixture/0.4/10/5/1
0.4,10,2,0,1000,200,5,constant,stated,0.5395907397331495,1,0,0,mixture/0.4/10/5/2
0.4,10,2,0,1000,200,5,constant,geomean,0.1181862936215533,10,1,1,mixture/0.4/10/5/2
0.4,10,2,0,1000,200,5,constant,ratio,0.06999999999999995,10,1,1,mixture/0.4/10/5/2
0.4,10,2,0,1000,200,5,constant,ratio-half,0.06999999999999995,10,1,1,mixture/0.4/10/5/2
0.4,10,2,0,1000,200,5,constant,asw-pam,,8,0,0,mixture/0.4/10/5/2
0.4,10,2,0,1000,200,5,constant,asw-average,,8,0,0,mixture/0.4/10/5/2
0.4,10,3,0,1000,200,5,constant,stated,0.5395907397331495,1,0,0,mixture/0.4/10/5/3
0.4,10,3,0,1000,200,5,constant,geomean,0.11691022196540372,10,1,1,mixture/0.4/10/5/3
0.4,10,3,0,1000,200,5,constant,ratio,0.08800000000000008,10,1,1,mixture/0.4/10/5/3
0.4,10,3,0,1000,200,5,constant,ratio-half,0.08800000000000008,10,1,1,mixture/0.4/10/5/3
0.4,10,3,0,1000,200,5,constant,asw-pam,,10,1,1,mixture/0.4/10/5/3
0.4,10,3,0,1000,200,5,constant,asw-average,,10,1,1,mixture/0.4/10/5/3
0.4,10,4,0,1000,200,5,constant,stated,0.5395907397331495,1,0,0,mixture/0.4/10/5/4
0.4,10,4,0,1000,200,5,constant,geomean,0.11865917579353065,10,1,1,mixture/0.4/10/5/4
0.4,10,4,0,1000,200,5,constant,ratio,0.10799999999999998,10,1,1,mixture/0.4/10/5/4
0.4,10,4,0,1000,200,5,constant,ratio-half,0.10799999999999998,10,1,1,mixture/0.4/10/5/4
0.4,10,4,0,1000,200,5,constant,asw-pam,,2,0,0,mixture/0.4/10/5/4
0.4,10,4,0,1000,200,5,constant,asw-average,,2,0,0,mixture/0.4/10/5/4
0.4,10,5,0,1000,200,5,constant,stated,0.5395907397331495,1,0,0,mixture/0.4/10/5/5
0.4,10,5,0,1000,200,5,constant,geomean,0.11966620241321262,10,1,1,mixture/0.4/10/5/5
0.4,10,5,0,1000,200,5,constant,ratio,0.06000000000000005,10,1,1,mixture/0.4/10/5/5
0.4,10,5,0,1000,200,5,constant,ratio-half,0.06000000000000005,10,1,1,mixture/0.4/10/5/5
0.4,10,5,0,1000,200,5,constant,asw-pam,,9,0,0,mixture/0.4/10/5/5
0.4,10,5,0,1000,200,5,constant,asw-average,,10,1,1,mixture/0.4/10/5/5
0.4,10,6,0,1000,200,5,constant,stated,0.5395907397331495,3,0,0,mixture/0.4/10/5/6
0.4,10,6,0,1000,200,5,constant,geomean,0.16402438843050146,8,0,0,mixture/0.4/10/5/6
0.4,10,6,0,1000,200,5,constant,ratio,0.33399999999999996,3,0,0,mixture/0.4/10/5/6
0.4,10,6,0,1000,200,5,constant,ratio-half,0.33399999999999996,3,0,0,mixture/0.4/10/5/6
0.4,10,6,0,1000,200,5,constant,asw-pam,,2,0,0,mixture/0.4/10/5/6
0.4,10,6,0,1000,200,5,constant,asw-average,,2,0,0,mixture/0.4/10/5/6
0.4,10,7,0,1000,200,5,constant,stated,0.5395907397331495,2,0,0,mixture/0.4/10/5/7
0.4,10,7,0,1000,200,5,constant,geomean,0.15537052487521572,9,0,0,mixture/0.4/10/5/7
0.4,10,7,0,1000,200,5,constant,ratio,0.064,10,1,1,mixture/0.4/10/5/7
0.4,10,7,0,1000,200,5,constant,ratio-half,0.064,10,1,1,mixture/0.4/10/5/7
0.4,10,7,0,1000,200,5,constant,asw-pam,,2,0,0,mixture/0.4/10/5/7
0.4,10,7,0,1000,200,5,constant,asw-average,,2,0,0,mixture/0.4/10/5/7
0.4,10,8,0,1000,200,5,constant,stated,0.5395907397331495,1,0,0,mixture/0.4/10/5/8
0.4,10,8,0,1000,200,5,constant,geomean,0.12784365451597515,9,0,0,mixture/0.4/10/5/8
0.4,10,8,0,1000,200,5,constant,ratio,0.22599999999999998,2,0,0,mixture/0.4/10/5/8
0.4,10,8,0,1000,200,5,constant,ratio-half,0.22599999999999998,2,0,0,mixture/0.4/10/5/8
0.4,10,8,0,1000,200,5,constant,asw-pam,,6,0,0,mixture/0.4/10/5/8
0.4,10,8,0,1000,200,5,constant,asw-average,,2,0,0,mixture/0.4/10/5/8
0.4,10,9,0,1000,200,5,constant,stated,0.5395907397331495,1,0,0,mixture/0.4/10/5/9
0.4,10,9,0,1000,200,5,constant,geomean,0.1066583330077871,10,1,1,mixture/0.4/10/5/9
0.4,10,9,0,1000,200,5,constant,ratio,0.08599999999999997,10,1,1,mixture/0.4/10/5/9
0.4,10,9,0,1000,200,5,constant,ratio-half,0.08599999999999997,10,1,1,mixture/0.4/10/5/9
0.4,10,9,0,1000,200,5,constant,asw-pam,,10,1,1,mixture/0.4/10/5/9
0.4,10,9,0,1000,200,5,constant,asw-average,,8,0,0,mixture/0.4/10/5/9
0.4,10,10,0,1000,200,5,constant,stated,0.5395907397331495,1,0,0,mixture/0.4/10/5/10
0.4,10,10,0,1000,200,5,constant,geomean,0.11720068259186896,10,1,1,mixture/0.4/10/5/10
0.4,10,10,0,1000,200,5,constant,ratio,0.07800000000000007,10,1,1,mixture/0.4/10/5/10
0.4,10,10,0,1000,200,5,constant,ratio-half,0.07800000000000007,10,1,1,mixture/0.4/10/5/10
0.4,10,10,0,1000,200,5,constant,asw-pam,,9,0,0,mixture/0.4/10/5/10
0.4,10,10,0,1000,200,5,constant,asw-average,,9,0,0,mixture/0.4/10/5/10
0.4,10,11,0,1000,200,5,constant,stated,0.5395907397331495,1,0,0,mixture/0.4/10/5/11
0.4,10,11,0,1000,200,5,constant,geomean,0.13914021704740837,10,1,1,mixture/0.4/10/5/11
0.4,10,11,0,1000,200,5,constant,ratio,0.08399999999999985,10,1,1,mixture/0.4/10/5/11
0.4,10,11,0,1000,200,5,constant,ratio-half,0.08399999999999985,10,1,1,mixture/0.4/10/5/11
0.4,10,11,0,1000,200,5,constant,asw-pam,,9,0,0,mixture/0.4/10/5/11
0.4,10,11,0,1000,200,5,constant,asw-average,,9,0,0,mixture/0.4/10/5/11
0.4,10,12,0,1000,200,5,constant,stated,0.5395907397331495,2,0,0,mixture/0.4/10/5/12
0.4,10,12,0,1000,200,5,constant,geomean,0.16079800993793433,9,0,0,mixture/0.4/10/5/12
0.4,10,12,0,1000,200,5,constant,ratio,0.08000000000000007,10,1,1,mixture/0.4/10/5/12
0.4,10,12,0,1000,200,5,constant,ratio-half,0.08000000000000007,10,1,1,mixture/0.4/10/5/12
0.4,10,12,0,1000,200,5,constant,asw-pam,,3,0,0,mixture/0.4/10/5/12
0.4,10,12,0,1000,200,5,constant,asw-average,,3,0,0,mixture/0.4/10/5/12
0.4,10,13,0,1000,200,5,constant,stated,0.5395907397331495,2,0,0,mixture/0.4/10/5/13
0.4,10,13,0,1000,200,5,constant,geomean,0.17045820602130018,10,1,1,mixture/0.4/10/5/13
0.4,10,13,0,1000,200,5,constant,ratio,0.08200000000000007,10,1,1,mixture/0.4/10/5/13
0.4,10,13,0,1000,200,5,constant,ratio-half,0.08200000000000007,10,1,1,mixture/0.4/10/5/13
0.4,10,13,0,1000,200,5,constant,asw-pam,,2,0,0,mixture/0.4/10/5/13
0.4,10,13,0,1000,200,5,constant,asw-average,,2,0,0,mixture/0.4/10/5/13
0.4,10,14,0,1000,200,5,constant,stated,0.5395907397331495,1,0,0,mixture/0.4/10/5/14
0.4,10,14,0,1000,200,5,constant,geomean,0.10430723848324243,9,0,0,mixture/0.4/10/5/14
0.4,10,14,0,1000,200,5,constant,ratio,0.08799999999999997,9,0,0,mixture/0.4/10/5/14
0.4,10,14,0,1000,200,5,constant,ratio-half,0.08799999999999997,9,0,0,mixture/0.4/10/5/14
0.4,10,14,0,1000,200,5,constant,asw-pam,,8,0,0,mixture/0.4/10/5/14
0.4,10,14,0,1000,200,5,constant,asw-average,,7,0,0,mixture/0.4/10/5/14
0.4,10,15,0,1000,200,5,constant,stated,0.5395907397331495,1,0,0,mixture/0.4/10/5/15
0.4,10,15,0,1000,200,5,constant,geomean,0.13142298124757337,10,1,1,mixture/0.4/10/5/15
0.4,10,15,0,1000,200,5,constant,ratio,0.05800000000000005,11,0,0,mixture/0.4/10/5/15
0.4,10,15,0,1000,200,5,constant,ratio-half,0.05800000000000005,11,0,0,mixture/0.4/10/5/15
0.4,10,15,0,1000,200,5,constant,asw-pam,,9,0,0,mixture/0.4/10/5/15
0.4,10,15,0,1000,200,5,constant,asw-average,,2,0,0,mixture/0.4/10/5/15
0.4,10,16,0,1000,200,5,constant,stated,0.5395907397331495,1,0,0,mixture/0.4/10/5/16
0.4,10,16,0,1000,200,5,constant,geomean,0.08342661445845688,10,1,1,mixture/0.4/10/5/16
0.4,10,16,0,1000,200,5,constant,ratio,0.052000000000000046,10,1,1,mixture/0.4/10/5/16
0.4,10,16,0,1000,200,5,constant,ratio-half,0.052000000000000046,10,1,1,mixture/0.4/10/5/16
0.4,10,16,0,1000,200,5,constant,asw-pam,,10,1,1,mixture/0.4/10/5/16
0.4,10,16,0,1000,200,5,constant,asw-average,,7,0,0,mixture/0.4/10/5/16
0.4,10,17,0,1000,200,5,constant,stated,0.5395907397331495,1,0,0,mixture/0.4/10/5/17
0.4,10,17,0,1000,200,5,constant,geomean,0.09666436778875663,11,0,0,mixture/0.4/10/5/17
0.4,10,17,0,1000,200,5,constant,ratio,0.07199999999999995,11,0,0,mixture/0.4/10/5/17
0.4,10,17,0,1000,200,5,constant,ratio-half,0.07199999999999995,11,0,0,mixture/0.4/10/5/17
0.4,10,17,0,1000,200,5,constant,asw-pam,,10,1,1,mixture/0.4/10/5/17
0.4,10,17,0,1000,200,5,constant,asw-average,,9,0,0,mixture/0.4/10/5/17
0.4,10,18,0,1000,200,5,constant,stated,0.5395907397331495,2,0,0,mixture/0.4/10/5/18
0.4,10,18,0,1000,200,5,constant,geomean,0.13847743498491016,9,0,0,mixture/0.4/10/5/18
0.4,10,18,0,1000,200,5,constant,ratio,0.052000000000000046,10,1,1,mixture/0.4/10/5/18
0.4,10,18,0,1000,200,5,constant,ratio-half,0.052000000000000046,10,1,1,mixture/0.4/10/5/18
0.4,10,18,0,1000,200,5,constant,asw-pam,,2,0,0,mixture/0.4/10/5/18
0.4,10,18,0,1000,200,5,constant,asw-average,,2,0,0,mixture/0.4/10/5/18
0.4,10,19,0,1000,200,5,constant,stated,0.5395907397331495,1,0,0,mixture/0.4/10/5/19
0.4,10,19,0,1000,200,5,constant,geomean,0.11632712495372699,10,1,1,mixture/0.4/10/5/19
0.4,10,19,0,1000,200,5,constant,ratio,0.14600000000000002,7,0,0,mixture/0.4/10/5/19
0.4,10,19,0,1000,200,5,constant,ratio-half,0.14600000000000002,7,0,0,mixture/0.4/10/5/19
0.4,10,19,0,1000,200,5,constant,asw-pam,,7,0,0,mixture/0.4/10/5/19
0.4,10,19,0,1000,200,5,constant,asw-average,,2,0,0,mixture/0.4/10/5/19
0.5,2,0,0,1000,200,5,constant,stated,0.5395907397331495,1,0,0,mixture/0.5/2/5/0
0.5,2,0,0,1000,200,5,constant,geomean,0.09757048734120378,2,1,1,mixture/0.5/2/5/0
0.5,2,0,0,1000,200,5,constant,ratio,0.04800000000000004,2,1,1,mixture/0.5/2/5/0
0.5,2,0,0,1000,200,5,constant,ratio-half,0.04800000000000004,2,1,1,mixture/0.5/2/5/0
0.5,2,0,0,1000,200,5,constant,asw-pam,,2,1,1,mixture/0.5/2/5/0
0.5,2,0,0,1000,200,5,constant,asw-average,,2,1,1,mixture/0.5/2/5/0
0.5,2,1,0,1000,200,5,constant,stated,0.5395907397331495,1,0,0,mixture/0.5/2/5/1
0.5,2,1,0,1000,200,5,constant,geomean,0.0822435407798084,2,1,1,mixture/0.5/2/5/1
0.5,2,1,0,1000,200,5,constant,ratio,0.05800000000000005,2,1,1,mixture/0.5/2/5/1
0.5,2,1,0,1000,200,5,constant,ratio-half,0.05800000000000005,2,1,1,mixture/0.5/2/5/1
0.5,2,1,0,1000,200,5,constant,asw-pam,,2,1,1,mixture/0.5/2/5/1
0.5,2,1,0,1000,200,5,constant,asw-average,,2,1,1,mixture/0.5/2/5/1
0.5,2,2,0,1000,200,5,constant,stated,0.5395907397331495,1,0,0,mixture/0.5/2/5/2
0.5,2,2,0,1000,200,5,constant,geomean,0.09318798205777398,2,1,1,mixture/0.5/2/5/2
0.5,2,2,0,1000,200,5,constant,ratio,0.03400000000000003,2,1,1,mixture/0.5/2/5/2
0.5,2,2,0,1000,200,5,constant,ratio-half,0.03400000000000003,2,1,1,mixture/0.5/2/5/2
0.5,2,2,0,1000,200,5,constant,asw-pam,,2,1,1,mixture/0.5/2/5/2
0.5,2,2,0,1000,200,5,constant,asw-average,,2,1,1,mixture/0.5/2/5/2
0.5,2,3,0,1000,200,5,constant,stated,0.5395907397331495,1,0,0,mixture/0.5/2/5/3
0.5,2,3,0,1000,200,5,constant,geomean,0.08777243302996679,2,1,1,mixture/0.5/2/5/3
0.5,2,3,0,1000,200,5,constant,ratio,0.04800000000000004,2,1,1,mixture/0.5/2/5/3
0.5,2,3,0,1000,200,5,constant,ratio-half,0.04800000000000004,2,1,1,mixture/0.5/2/5/3
0.5,2,3,0,1000,200,5,constant,asw-pam,,2,1,1,mixture/0.5/2/5/3
0.5,2,3,0,1000,200,5,constant,asw-average,,2,1,1,mixture/0.5/2/5/3
0.5,2,4,0,1000,200,5,constant,stated,0.5395907397331495,2,1,1,mixture/0.5/2/5/4
0.5,2,4,0,1000,200,5,constant,geomean,0.1348183963708218,2,1,1,mixture/0.5/2/5/4
0.5,2,4,0,1000,200,5,constant,ratio,0.05600000000000005,2,1,1,mixture/0.5/2/5/4
0.5,2,4,0,1000,200,5,constant,ratio-half,0.05600000000000005,2,1,1,mixture/0.5/2/5/4
0.5,2,4,0,1000,200,5,constant,asw-pam,,2,1,1,mixture/0.5/2/5/4
0.5,2,4,0,1000,200,5,constant,asw-average,,2,1,1,mixture/0.5/2/5/4
0.5,2,5,0,1000,200,5,constant,stated,0.5395907397331495,1,0,0,mixture/0.5/2/5/5
0.5,2,5,0,1000,200,5,constant,geomean,0.12173742234826566,2,1,1,mixture/0.5/2/5/5
0.5,2,5,0,1000,200,5,constant,ratio,0.05599999999999994,2,1,1,mixture/0.5/2/5/5
0.5,2,5,0,1000,200,5,constant,ratio-half,0.05599999999999994,2,1,1,mixture/0.5/2/5/5
0.5,2,5,0,1000,200,5,constant,asw-pam,,2,1,1,mixture/0.5/2/5/5
0.5,2,5,0,1000,200,5,constant,asw-average,,2,1,1,mixture/0.5/2/5/5
0.5,2,6,0,1000,200,5,constant,stated,0.5395907397331495,1,0,0,mixture/0.5/2/5/6
0.5,2,6,0,1000,200,5,constant,geomean,0.1175755076535926,2,1,1,mixture/0.5/2/5/6
0.5,2,6,0,1000,200,5,constant,ratio,0.05600000000000005,2,1,1,mixture/0.5/2/5/6
0.5,2,6,0,1000,200,5,constant,ratio-half,0.05600000000000005,2,1,1,mixture/0.5/2/5/6
0.5,2,6,0,1000,200,5,constant,asw-pam,,2,1,1,mixture/0.5/2/5/6
0.5,2,6,0,1000,200,5,constant,asw-average,,2,1,1,mixture/0.5/2/5/6
0.5,2,7,0,1000,200,5,constant,stated,0.5395907397331495,1,0,0,mixture/0.5/2/5/7
0.5,2,7,0,1000,200,5,constant,geomean,0.12617448236470008,2,1,1,mixture/0.5/2/5/7
0.5,2,7,0,1000,200,5,constant,ratio,0.06999999999999995,2,1,1,mixture/0.5/2/5/7
0.5,2,7,0,1000,200,5,constant,ratio-half,0.06999999999999995,2,1,1,mixture/0.5/2/5/7
0.5,2,7,0,1000,200,5,constant,asw-pam,,2,1,1,mixture/0.5/2/5/7
0.5,2,7,0,1000,200,5,constant,asw-average,,2,1,1,mixture/0.5/2/5/7
0.5,2,8,0,1000,200,5,constant,stated,0.5395907397331495,1,0,0,mixture/0.5/2/5/8
0.5,2,8,0,1000,200,5,constant,geomean,0.09121403400793109,2,1,1,mixture/0.5/2/5/8
0.5,2,8,0,1000,200,5,constant,ratio,0.07600000000000007,2,1,1,mixture/0.5/2/5/8
0.5,2,8,0,1000,200,5,constant,ratio-half,0.07600000000000007,2,1,1,mixture/0.5/2/5/8
0.5,2,8,0,1000,200,5,constant,asw-pam,,2,1,1,mixture/0.5/2/5/8
0.5,2,8,0,1000,200,5,constant,asw-average,,2,1,1,mixture/0.5/2/5/8
0.5,2,9,0,1000,200,5,constant,stated,0.5395907397331495,1,0,0,mixture/0.5/2/5/9
0.5,2,9,0,1000,200,5,constant,geomean,0.09397872099576589,2,1,1,mixture/0.5/2/5/9
0.5,2,9,0,1000,200,5,constant,ratio,0.04200000000000004,2,1,1,mixture/0.5/2/5/9
0.5,2,9,0,1000,200,5,constant,ratio-half,0.04200000000000004,2,1,1,mixture/0.5/2/5/9
0.5,2,9,0,1000,200,5,constant,asw-pam,,2,1,1,mixture/0.5/2/5/9
0.5,2,9,0,1000,200,5,constant,asw-average,,2,1,1,mixture/0.5/2/5/9
0.5,2,10,0,1000,200,5,constant,stated,0.5395907397331495,1,0,0,mixture/0.5/2/5/10
0.5,2,10,0,1000,200,5,constant,geomean,0.08616263691415212,2,1,1,mixture/0.5/2/5/10
0.5,2,10,0,1000,200,5,constant,ratio,0.050000000000000044,2,1,1,mixture/0.5/2/5/10
0.5,2,10,0,1000,200,5,constant,ratio-half,0.050000000000000044,2,1,1,mixture/0.5/2/5/10
0.5,2,10,0,1000,200,5,constant,asw-pam,,2,1,1,mixture/0.5/2/5/10
0.5,2,10,0,1000,200,5,constant,asw-average,,2,1,1,mixture/0.5/2/5/10
0.5,2,11,0,1000,200,5,constant,stated,0.5395907397331495,1,0,0,mixture/0.5/2/5/11
0.5,2,11,0,1000,200,5,constant,geomean,0.0989545350148239,2,1,1,mixture/0.5/2/5/11
0.5,2,11,0,1000,200,5,constant,ratio,0.04599999999999993,2,1,1,mixture/0.5/2/5/11
0.5,2,11,0,1000,200,5,constant,ratio-half,0.04599999999999993,2,1,1,mixture/0.5/2/5/11
0.5,2,11,0,1000,200,5,constant,asw-pam,,2,1,1,mixture/0.5/2/5/11
0.5,2,11,0,1000,200,5,constant,asw-average,,2,1,1,mixture/0.5/2/5/11
0.5,2,12,0,1000,200,5,constant,stated,0.5395907397331495,1,0,0,mixture/0.5/2/5/12
0.5,2,12,0,1000,200,5,constant,geomean,0.09121403400793109,2,1,1,mixture/0.5/2/5/12
0.5,2,12,0,1000,200,5,constant,ratio,0.04600000000000004,2,1,1,mixture/0.5/2/5/12
0.5,2,12,0,1000,200,5,constant,ratio-half,0.04600000000000004,2,1,1,mixture/0.5/2/5/12
0.5,2,12,0,1000,200,5,constant,asw-pam,,2,1,1,mixture/0.5/2/5/12
0.5,2,12,0,1000,200,5,constant,asw-average,,2,1,1,mixture/0.5/2/5/12
0.5,2,13,0,1000,200,5,constant,stated,0.5395907397331495,1,0,0,mixture/0.5/2/5/13
0.5,2,13,0,1000,200,5,constant,geomean,0.09732420048477154,2,1,1,mixture/0.5/2/5/13
0.5,2,13,0,1000,200,5,constant,ratio,0.04999999999999993,2,1,1,mixture/0.5/2/5/13
0.5,2,13,0,1000,200,5,constant,ratio-half,0.04999999999999993,2,1,1,mixture/0.5/2/5/13
0.5,2,13,0,1000,200,5,constant,asw-pam,,2,1,1,mixture/0.5/2/5/13
0.5,2,13,0,1000,200,5,constant,asw-average,,2,1,1,mixture/0.5/2/5/13
0.5,2,14,0,1000,200,5,constant,stated,0.5395907397331495,1,0,0,mixture/0.5/2/5/14
0.5,2,14,0,1000,200,5,constant,geomean,0.07823042886243181,2,1,1,mixture/0.5/2/5/14
0.5,2,14,0,1000,200,5,constant,ratio,0.04599999999999993,2,1,1,mixture/0.5/2/5/14
0.5,2,14,0,1000,200,5,constant,ratio-half,0.04599999999999993,2,1,1,mixture/0.5/2/5/14
0.5,2,14,0,1000,200,5,constant,asw-pam,,2,1,1,mixture/0.5/2/5/14
0.5,2,14,0,1000,200,5,constant,asw-average,,2,1,1,mixture/0.5/2/5/14
0.5,2,15,0,1000,200,5,constant,stated,0.5395907397331495,1,0,0,mixture/0.5/2/5/15
0.5,2,15,0,1000,200,5,constant,geomean,0.0852056336165632,2,1,1,mixture/0.5/2/5/15
0.5,2,15,0,1000,200,5,constant,ratio,0.040000000000000036,2,1,1,mixture/0.5/2/5/15
0.5,2,15,0,1000,200,5,constant,ratio-half,0.040000000000000036,2,1,1,mixture/0.5/2/5/15
0.5,2,15,0,1000,200,5,constant,asw-pam,,2,1,1,mixture/0.5/2/5/15
0.5,2,15,0,1000,200,5,constant,asw-average,,2,1,1,mixture/0.5/2/5/15
0.5,2,16,0,1000,200,5,constant,stated,0.5395907397331495,1,0,0,mixture/0.5/2/5/16
0.5,2,16,0,1000,200,5,constant,geomean,0.11784735890124995,2,1,1,mixture/0.5/2/5/16
0.5,2,16,0,1000,200,5,constant,ratio,0.03599999999999992,2,1,1,mixture/0.5/2/5/16
0.5,2,16,0,1000,200,5,constant,ratio-half,0.03599999999999992,2,1,1,mixture/0.5/2/5/16
0.5,2,16,0,1000,200,5,constant,asw-pam,,2,1,1,mixture/0.5/2/5/16
0.5,2,16,0,1000,200,5,constant,asw-average,,2,1,1,mixture/0.5/2/5/16
0.5,2,17,0,1000,200,5,constant,stated,0.5395907397331495,1,0,0,mixture/0.5/2/5/17
0.5,2,17,0,1000,200,5,constant,geomean,0.12924395537122796,2,1,1,mixture/0.5/2/5/17
0.5,2,17,0,1000,200,5,constant,ratio,0.05799999999999994,2,1,1,mixture/0.5/2/5/17
0.5,2,17,0,1000,200,5,constant,ratio-half,0.05799999999999994,2,1,1,mixture/0.5/2/5/17
0.5,2,17,0,1000,200,5,constant,asw-pam,,2,1,1,mixture/0.5/2/5/17
0.5,2,17,0,1000,200,5,constant,asw-average,,2,1,1,mixture/0.5/2/5/17
0.5,2,18,0,1000,200,5,constant,stated,0.5395907397331495,2,1,1,mixture/0.5/2/5/18
0.5,2,18,0,1000,200,5,constant,geomean,0.1666613332479972,2,1,1,mixture/0.5/2/5/18
0.5,2,18,0,1000,200,5,constant,ratio,0.06400000000000006,2,1,1,mixture/0.5/2/5/18
0.5,2,18,0,1000,200,5,constant,ratio-half,0.06400000000000006,2,1,1,mixture/0.5/2/5/18
0.5,2,18,0,1000,200,5,constant,asw-pam,,2,1,1,mixture/0.5/2/5/18
0.5,2,18,0,1000,200,5,constant,asw-average,,2,1,1,mixture/0.5/2/5/18
0.5,2,19,0,1000,200,5,constant,stated,0.5395907397331495,1,0,0,mixture/0.5/2/5/19
0.5,2,19,0,1000,200,5,constant,geomean,0.07776888838089435,2,1,1,mixture/0.5/2/5/19
0.5,2,19,0,1000,200,5,constant,ratio,0.040000000000000036,2,1,1,mixture/0.5/2/5/19
0.5,2,19,0,1000,200,5,constant,ratio-half,0.040000000000000036,2,1,1,mixture/0.5/2/5/19
0.5,2,19,0,1000,200,5,constant,asw-pam,,2,1,1,mixture/0.5/2/5/19
0.5,2,19,0,1000,200,5,constant,asw-average,,2,1,1,mixture/0.5/2/5/19
0.5,3,0,0,1000,200,5,constant,stated,0.5395907397331495,1,0,0,mixture/0.5/3/5/0
0.5,3,0,0,1000,200,5,constant,geomean,0.1099818166789402,2,0,0,mixture/0.5/3/5/0
0.5,3,0,0,1000,200,5,constant,ratio,0.09599999999999997,2,0,0,mixture/0.5/3/5/0
0.5,3,0,0,1000,200,5,constant,ratio-half,0.09599999999999997,2,0,0,mixture/0.5/3/5/0
0.5,3,0,0,1000,200,5,constant,asw-pam,,2,0,0,mixture/0.5/3/5/0
0.5,3,0,0,1000,200,5,constant,asw-average,,2,0,0,mixture/0.5/3/5/0
0.5,3,1,0,1000,200,5,constant,stated,0.5395907397331495,1,0,0,mixture/0.5/3/5/1
0.5,3,1,0,1000,200,5,constant,geomean,0.10648943609579313,3,1,1,mixture/0.5/3/5/1
0.5,3,1,0,1000,200,5,constant,ratio,0.04600000000000004,3,1,1,mixture/0.5/3/5/1
0.5,3,1,0,1000,200,5,constant,ratio-half,0.04600000000000004,3,1,1,mixture/0.5/3/5/1
0.5,3,1,0,1000,200,5,constant,asw-pam,,3,1,1,mixture/0.5/3/5/1
0.5,3,1,0,1000,200,5,constant,asw-average,,3,1,1,mixture/0.5/3/5/1
0.5,3,2,0,1000,200,5,constant,stated,0.5395907397331495,1,0,0,mixture/0.5/3/5/2
0.5,3,2,0,1000,200,5,constant,geomean,0.11341957503006266,3,1,1,mixture/0.5/3/5/2
0.5,3,2,0,1000,200,5,constant,ratio,0.04600000000000004,3,1,1,mixture/0.5/3/5/2
0.5,3,2,0,1000,200,5,constant,ratio-half,0.04600000000000004,3,1,1,mixture/0.5/3/5/2
0.5,3,2,0,1000,200,5,constant,asw-pam,,3,1,1,mixture/0.5/3/5/2
0.5,3,2,0,1000,200,5,constant,asw-average,,3,1,1,mixture/0.5/3/5/2
0.5,3,3,0,1000,200,5,constant,stated,0.5395907397331495,1,0,0,mixture/0.5/3/5/3
0.5,3,3,0,1000,200,5,constant,geomean,0.10895870777500971,3,1,1,mixture/0.5/3/5/3
0.5,3,3,0,1000,200,5,constant,ratio,0.03600000000000003,3,1,1,mixture/0.5/3/5/3
0.5,3,3,0,1000,200,5,constant,ratio-half,0.03600000000000003,3,1,1,mixture/0.5/3/5/3
0.5,3,3,0,1000,200,5,constant,asw-pam,,3,1,1,mixture/0.5/3/5/3
0.5,3,3,0,1000,200,5,constant,asw-average,,3,1,1,mixture/0.5/3/5/3
0.5,3,4,0,1000,200,5,constant,stated,0.5395907397331495,2,0,0,mixture/0.5/3/5/4
0.5,3,4,0,1000,200,5,constant,geomean,0.13994284547628727,3,1,1,mixture/0.5/3/5/4
0.5,3,4,0,1000,200,5,constant,ratio,0.061999999999999944,3,1,1,mixture/0.5/3/5/4
0.5,3,4,0,1000,200,5,constant,ratio-half,0.061999999999999944,3,1,1,mixture/0.5/3/5/4
0.5,3,4,0,1000,200,5,constant,asw-pam,,3,1,1,mixture/0.5/3/5/4
0.5,3,4,0,1000,200,5,constant,asw-average,,3,1,1,mixture/0.5/3/5/4
0.5,3,5,0,1000,200,5,constant,stated,0.5395907397331495,1,0,0,mixture/0.5/3/5/5
0.5,3,5,0,1000,200,5,constant,geomean,0.08979977728257463,3,1,1,mixture/0.5/3/5/5
0.5,3,5,0,1000,200,5,constant,ratio,0.04800000000000004,3,1,1,mixture/0.5/3/5/5
0.5,3,5,0,1000,200,5,constant,ratio-half,0.04800000000000004,3,1,1,mixture/0.5/3/5/5
0.5,3,5,0,1000,200,5,constant,asw-pam,,3,1,1,mixture/0.5/3/5/5
0.5,3,5,0,1000,200,5,constant,asw-average,,3,1,1,mixture/0.5/3/5/5
0.5,3,6,0,1000,200,5,constant,stated,0.5395907397331495,1,0,0,mixture/0.5/3/5/6
0.5,3,6,0,1000,200,5,constant,geomean,0.11313708498984756,3,1,1,mixture/0.5/3/5/6
0.5,3,6,0,1000,200,5,constant,ratio,0.04600000000000004,3,1,1,mixture/0.5/3/5/6
0.5,3,6,0,1000,200,5,constant,ratio-half,0.04600000000000004,3,1,1,mixture/0.5/3/5/6
0.5,3,6,0,1000,200,5,constant,asw-pam,,3,1,1,mixture/0.5/3/5/6
0.5,3,6,0,1000,200,5,constant,asw-average,,2,0,0,mixture/0.5/3/5/6
0.5,3,7,0,1000,200,5,constant,stated,0.5395907397331495,1,0,0,mixture/0.5/3/5/7
0.5,3,7,0,1000,200,5,constant,geomean,0.13626444877516666,3,1,1,mixture/0.5/3/5/7
0.5,3,7,0,1000,200,5,constant,ratio,0.06599999999999995,3,1,1,mixture/0.5/3/5/7
0.5,3,7,0,1000,200,5,constant,ratio-half,0.06599999999999995,3,1,1,mixture/0.5/3/5/7
0.5,3,7,0,1000,200,5,constant,asw-pam,,3,1,1,mixture/0.5/3/5/7
0.5,3,7,0,1000,200,5,constant,asw-average,,3,1,1,mixture/0.5/3/5/7
0.5,3,8,0,1000,200,5,constant,stated,0.5395907397331495,1,0,0,mixture/0.5/3/5/8
0.5,3,8,0,1000,200,5,constant,geomean,0.09329523031752486,3,1,1,mixture/0.5/3/5/8
0.5,3,8,0,1000,200,5,constant,ratio,0.050000000000000044,3,1,1,mixture/0.5/3/5/8
0.5,3,8,0,1000,200,5,constant,ratio-half,0.050000000000000044,3,1,1,mixture/0.5/3/5/8
0.5,3,8,0,1000,200,5,constant,asw-pam,,3,1,1,mixture/0.5/3/5/8
0.5,3,8,0,1000,200,5,constant,asw-average,,3,1,1,mixture/0.5/3/5/8
0.5,3,9,0,1000,200,5,constant,stated,0.5395907397331495,1,0,0,mixture/0.5/3/5/9
0.5,3,9,0,1000,200,5,constant,geomean,0.09108238029388564,3,1,1,mixture/0.5/3/5/9
0.5,3,9,0,1000,200,5,constant,ratio,0.04800000000000004,3,1,1,mixture/0.5/3/5/9
0.5,3,9,0,1000,200,5,constant,ratio-half,0.04800000000000004,3,1,1,mixture/0.5/3/5/9
0.5,3,9,0,1000,200,5,constant,asw-pam,,3,1,1,mixture/0.5/3/5/9
0.5,3,9,0,1000,200,5,constant,asw-average,,3,1,1,mixture/0.5/3/5/9
0.5,3,10,0,1000,200,5,constant,stated,0.5395907397331495,1,0,0,mixture/0.5/3/5/10
0.5,3,10,0,1000,200,5,constant,geomean,0.1099818166789402,3,1,1,mixture/0.5/3/5/10
0.5,3,10,0,1000,200,5,constant,ratio,0.04399999999999993,3,1,1,mixture/0.5/3/5/10
0.5,3,10,0,1000,200,5,constant,ratio-half,0.04399999999999993,3,1,1,mixture/0.5/3/5/10
0.5,3,10,0,1000,200,5,constant,asw-pam,,2,0,0,mixture/0.5/3/5/10
0.5,3,10,0,1000,200,5,constant,asw-average,,2,0,0,mixture/0.5/3/5/10
0.5,3,11,0,1000,200,5,constant,stated,0.5395907397331495,1,0,0,mixture/0.5/3/5/11
0.5,3,11,0,1000,200,5,constant,geomean,0.10632027088001583,3,1,1,mixture/0.5/3/5/11
0.5,3,11,0,1000,200,5,constant,ratio,0.061999999999999944,3,1,1,mixture/0.5/3/5/11
0.5,3,11,0,1000,200,5,constant,ratio-half,0.061999999999999944,3,1,1,mixture/0.5/3/5/11
0.5,3,11,0,1000,200,5,constant,asw-pam,,2,0,0,mixture/0.5/3/5/11
0.5,3,11,0,1000,200,5,constant,asw-average,,2,0,0,mixture/0.5/3/5/11
0.5,3,12,0,1000,200,5,constant,stated,0.5395907397331495,1,0,0,mixture/0.5/3/5/12
0.5,3,12,0,1000,200,5,constant,geomean,0.06939740629158993,3,1,1,mixture/0.5/3/5/12
0.5,3,12,0,1000,200,5,constant,ratio,0.038000000000000034,3,1,1,mixture/0.5/3/5/12
0.5,3,12,0,1000,200,5,constant,ratio-half,0.038000000000000034,3,1,1,mixture/0.5/3/5/12
0.5,3,12,0,1000,200,5,constant,asw-pam,,3,1,1,mixture/0.5/3/5/12
0.5,3,12,0,1000,200,5,constant,asw-average,,3,1,1,mixture/0.5/3/5/12
0.5,3,13,0,1000,200,5,constant,stated,0.5395907397331495,1,0,0,mixture/0.5/3/5/13
0.5,3,13,0,1000,200,5,constant,geomean,0.12124355652982147,3,1,1,mixture/0.5/3/5/13
0.5,3,13,0,1000,200,5,constant,ratio,0.040000000000000036,3,1,1,mixture/0.5/3/5/13
0.5,3,13,0,1000,200,5,constant,ratio-half,0.040000000000000036,3,1,1,mixture/0.5/3/5/13
0.5,3,13,0,1000,200,5,constant,asw-pam,,2,0,0,mixture/0.5/3/5/13
0.5,3,13,0,1000,200,5,constant,asw-average,,2,0,0,mixture/0.5/3/5/13
0.5,3,14,0,1000,200,5,constant,stated,0.5395907397331495,2,0,0,mixture/0.5/3/5/14
0.5,3,14,0,1000,200,5,constant,geomean,0.12798437404620933,3,1,1,mixture/0.5/3/5/14
0.5,3,14,0,1000,200,5,constant,ratio,0.053999999999999826,3,1,1,mixture/0.5/3/5/14
0.5,3,14,0,1000,200,5,constant,ratio-half,0.053999999999999826,3,1,1,mixture/0.5/3/5/14
0.5,3,14,0,1000,200,5,constant,asw-pam,,3,1,1,mixture/0.5/3/5/14
0.5,3,14,0,1000,200,5,constant,asw-average,,3,1,1,mixture/0.5/3/5/14
0.5,3,15,0,1000,200,5,constant,stated,0.5395907397331495,1,0,0,mixture/0.5/3/5/15
0.5,3,15,0,1000,200,5,constant,geomean,0.07899367063252602,3,1,1,mixture/0.5/3/5/15
0.5,3,15,0,1000,200,5,constant,ratio,0.08599999999999997,2,0,0,mixture/0.5/3/5/15
0.5,3,15,0,1000,200,5,constant,ratio-half,0.08599999999999997,2,0,0,mixture/0.5/3/5/15
0.5,3,15,0,1000,200,5,constant,asw-pam,,2,0,0,mixture/0.5/3/5/15
0.5,3,15,0,1000,200,5,constant,asw-average,,2,0,0,mixture/0.5/3/5/15
0.5,3,16,0,1000,200,5,constant,stated,0.5395907397331495,1,0,0,mixture/0.5/3/5/16
0.5,3,16,0,1000,200,5,constant,geomean,0.09165151389911684,3,1,1,mixture/0.5/3/5/16
0.5,3,16,0,1000,200,5,constant,ratio,0.04400000000000004,3,1,1,mixture/0.5/3/5/16
0.5,3,16,0,1000,200,5,constant,ratio-half,0.04400000000000004,3,1,1,mixture/0.5/3/5/16
0.5,3,16,0,1000,200,5,constant,asw-pam,,3,1,1,mixture/0.5/3/5/16
0.5,3,16,0,1000,200,5,constant,asw-average,,3,1,1,mixture/0.5/3/5/16
0.5,3,17,0,1000,200,5,constant,stated,0.5395907397331495,1,0,0,mixture/0.5/3/5/17
0.5,3,17,0,1000,200,5,constant,geomean,0.1307210771069456,3,1,1,mixture/0.5/3/5/17
0.5,3,17,0,1000,200,5,constant,ratio,0.05600000000000005,3,1,1,mixture/0.5/3/5/17
0.5,3,17,0,1000,200,5,constant,ratio-half,0.05600000000000005,3,1,1,mixture/0.5/3/5/17
0.5,3,17,0,1000,200,5,constant,asw-pam,,2,0,0,mixture/0.5/3/5/17
0.5,3,17,0,1000,200,5,constant,asw-average,,2,0,0,mixture/0.5/3/5/17
0.5,3,18,0,1000,200,5,constant,stated,0.5395907397331495,1,0,0,mixture/0.5/3/5/18
0.5,3,18,0,1000,200,5,constant,geomean,0.08590692637965801,3,1,1,mixture/0.5/3/5/18
0.5,3,18,0,1000,200,5,constant,ratio,0.039999999999999925,3,1,1,mixture/0.5/3/5/18
0.5,3,18,0,1000,200,5,constant,ratio-half,0.039999999999999925,3,1,1,mixture/0.5/3/5/18
0.5,3,18,0,1000,200,5,constant,asw-pam,,2,0,0,mixture/0.5/3/5/18
0.5,3,18,0,1000,200,5,constant,asw-average,,2,0,0,mixture/0.5/3/5/18
0.5,3,19,0,1000,200,5,constant,stated,0.5395907397331495,1,0,0,mixture/0.5/3/5/19
0.5,3,19,0,1000,200,5,constant,geomean,0.09616652224137048,3,1,1,mixture/0.5/3/5/19
0.5,3,19,0,1000,200,5,constant,ratio,0.05400000000000005,3,1,1,mixture/0.5/3/5/19
0.5,3,19,0,1000,200,5,constant,ratio-half,0.05400000000000005,3,1,1,mixture/0.5/3/5/19
0.5,3,19,0,1000,200,5,constant,asw-pam,,3,1,1,mixture/0.5/3/5/19
0.5,3,19,0,1000,200,5,constant,asw-average,,3,1,1,mixture/0.5/3/5/19
0.5,4,0,0,1000,200,5,constant,stated,0.5395907397331495,1,0,0,mixture/0.5/4/5/0
0.5,4,0,0,1000,200,5,constant,geomean,0.10939835464941879,4,1,1,mixture/0.5/4/5/0
0.5,4,0,0,1000,200,5,constant,ratio,0.04600000000000004,4,1,1,mixture/0.5/4/5/0
0.5,4,0,0,1000,200,5,constant,ratio-half,0.04600000000000004,4,1,1,mixture/0.5/4/5/0
0.5,4,0,0,1000,200,5,constant,asw-pam,,2,0,0,mixture/0.5/4/5/0
0.5,4,0,0,1000,200,5,constant,asw-average,,2,0,0,mixture/0.5/4/5/0
0.5,4,1,0,1000,200,5,constant,stated,0.5395907397331495,1,0,0,mixture/0.5/4/5/1
0.5,4,1,0,1000,200,5,constant,geomean,0.10213716267842969,4,1,1,mixture/0.5/4/5/1
0.5,4,1,0,1000,200,5,constant,ratio,0.06600000000000006,4,1,1,mixture/0.5/4/5/1
0.5,4,1,0,1000,200,5,constant,ratio-half,0.06600000000000006,4,1,1,mixture/0.5/4/5/1
0.5,4,1,0,1000,200,5,constant,asw-pam,,4,1,1,mixture/0.5/4/5/1
0.5,4,1,0,1000,200,5,constant,asw-average,,4,1,1,mixture/0.5/4/5/1
0.5,4,2,0,1000,200,5,constant,stated,0.5395907397331495,1,0,0,mixture/0.5/4/5/2
0.5,4,2,0,1000,200,5,constant,geomean,0.08449852069711035,4,1,1,mixture/0.5/4/5/2
0.5,4,2,0,1000,200,5,constant,ratio,0.06400000000000006,4,1,1,mixture/0.5/4/5/2
0.5,4,2,0,1000,200,5,constant,ratio-half,0.06400000000000006,4,1,1,mixture/0.5/4/5/2
0.5,4,2,0,1000,200,5,constant,asw-pam,,3,0,0,mixture/0.5/4/5/2
0.5,4,2,0,1000,200,5,constant,asw-average,,3,0,0,mixture/0.5/4/5/2
0.5,4,3,0,1000,200,5,constant,stated,0.5395907397331495,1,0,0,mixture/0.5/4/5/3
0.5,4,3,0,1000,200,5,constant,geomean,0.1132077735846793,4,1,1,mixture/0.5/4/5/3
0.5,4,3,0,1000,200,5,constant,ratio,0.062000000000000055,4,1,1,mixture/0.5/4/5/3
0.5,4,3,0,1000,200,5,constant,ratio-half,0.062000000000000055,4,1,1,mixture/0.5/4/5/3
0.5,4,3,0,1000,200,5,constant,asw-pam,,2,0,0,mixture/0.5/4/5/3
0.5,4,3,0,1000,200,5,constant,asw-average,,2,0,0,mixture/0.5/4/5/3
0.5,4,4,0,1000,200,5,constant,stated,0.5395907397331495,1,0,0,mixture/0.5/4/5/4
0.5,4,4,0,1000,200,5,constant,geomean,0.094233751915118,4,1,1,mixture/0.5/4/5/4
0.5,4,4,0,1000,200,5,constant,ratio,0.04400000000000004,4,1,1,mixture/0.5/4/5/4
0.5,4,4,0,1000,200,5,constant,ratio-half,0.04400000000000004,4,1,1,mixture/0.5/4/5/4
0.5,4,4,0,1000,200,5,constant,asw-pam,,4,1,1,mixture/0.5/4/5/4
0.5,4,4,0,1000,200,5,constant,asw-average,,4,1,1,mixture/0.5/4/5/4
0.5,4,5,0,1000,200,5,constant,stated,0.5395907397331495,1,0,0,mixture/0.5/4/5/5
0.5,4,5,0,1000,200,5,constant,geomean,0.11632712495372698,4,1,1,mixture/0.5/4/5/5
0.5,4,5,0,1000,200,5,constant,ratio,0.05999999999999994,4,1,1,mixture/0.5/4/5/5
0.5,4,5,0,1000,200,5,constant,ratio-half,0.05999999999999994,4,1,1,mixture/0.5/4/5/5
0.5,4,5,0,1000,200,5,constant,asw-pam,,2,0,0,mixture/0.5/4/5/5
0.5,4,5,0,1000,200,5,constant,asw-average,,2,0,0,mixture/0.5/4/5/5
0.5,4,6,0,1000,200,5,constant,stated,0.5395907397331495,1,0,0,mixture/0.5/4/5/6
0.5,4,6,0,1000,200,5,constant,geomean,0.09380831519646864,4,1,1,mixture/0.5/4/5/6
0.5,4,6,0,1000,200,5,constant,ratio,0.06000000000000005,4,1,1,mixture/0.5/4/5/6
0.5,4,6,0,1000,200,5,constant,ratio-half,0.06000000000000005,4,1,1,mixture/0.5/4/5/6
0.5,4,6,0,1000,200,5,constant,asw-pam,,4,1,1,mixture/0.5/4/5/6
0.5,4,6,0,1000,200,5,constant,asw-average,,3,0,0,mixture/0.5/4/5/6
0.5,4,7,0,1000,200,5,constant,stated,0.5395907397331495,1,0,0,mixture/0.5/4/5/7
0.5,4,7,0,1000,200,5,constant,geomean,0.11879393923934004,4,1,1,mixture/0.5/4/5/7
0.5,4,7,0,1000,200,5,constant,ratio,0.07199999999999995,4,1,1,mixture/0.5/4/5/7
0.5,4,7,0,1000,200,5,constant,ratio-half,0.07199999999999995,4,1,1,mixture/0.5/4/5/7
0.5,4,7,0,1000,200,5,constant,asw-pam,,3,0,0,mixture/0.5/4/5/7
0.5,4,7,0,1000,200,5,constant,asw-average,,3,0,0,mixture/0.5/4/5/7
0.5,4,8,0,1000,200,5,constant,stated,0.5395907397331495,1,0,0,mixture/0.5/4/5/8
0.5,4,8,0,1000,200,5,constant,geomean,0.10851727973000434,4,1,1,mixture/0.5/4/5/8
0.5,4,8,0,1000,200,5,constant,ratio,0.08800000000000008,4,1,1,mixture/0.5/4/5/8
0.5,4,8,0,1000,200,5,constant,ratio-half,0.08800000000000008,4,1,1,mixture/0.5/4/5/8
0.5,4,8,0,1000,200,5,constant,asw-pam,,4,1,1,mixture/0.5/4/5/8
0.5,4,8,0,1000,200,5,constant,asw-average,,4,1,1,mixture/0.5/4/5/8
0.5,4,9,0,1000,200,5,constant,stated,0.5395907397331495,1,0,0,mixture/0.5/4/5/9
0.5,4,9,0,1000,200,5,constant,geomean,0.08569714114251409,4,1,1,mixture/0.5/4/5/9
0.5,4,9,0,1000,200,5,constant,ratio,0.04200000000000004,4,1,1,mixture/0.5/4/5/9
0.5,4,9,0,1000,200,5,constant,ratio-half,0.04200000000000004,4,1,1,mixture/0.5/4/5/9
0.5,4,9,0,1000,200,5,constant,asw-pam,,4,1,1,mixture/0.5/4/5/9
0.5,4,9,0,1000,200,5,constant,asw-average,,4,1,1,mixture/0.5/4/5/9
0.5,4,10,0,1000,200,5,constant,stated,0.5395907397331495,1,0,0,mixture/0.5/4/5/10
0.5,4,10,0,1000,200,5,constant,geomean,0.09219544457292891,4,1,1,mixture/0.5/4/5/10
0.5,4,10,0,1000,200,5,constant,ratio,0.05999999999999994,4,1,1,mixture/0.5/4/5/10
0.5,4,10,0,1000,200,5,constant,ratio-half,0.05999999999999994,4,1,1,mixture/0.5/4/5/10
0.5,4,10,0,1000,200,5,constant,asw-pam,,4,1,1,mixture/0.5/4/5/10
0.5,4,10,0,1000,200,5,constant,asw-average,,4,1,1,mixture/0.5/4/5/10
0.5,4,11,0,1000,200,5,constant,stated,0.5395907397331495,1,0,0,mixture/0.5/4/5/11
0.5,4,11,0,1000,200,5,constant,geomean,0.1176095234239133,4,1,1,mixture/0.5/4/5/11
0.5,4,11,0,1000,200,5,constant,ratio,0.06600000000000006,4,1,1,mixture/0.5/4/5/11
0.5,4,11,0,1000,200,5,constant,ratio-half,0.06600000000000006,4,1,1,mixture/0.5/4/5/11
0.5,4,11,0,1000,200,5,constant,asw-pam,,3,0,0,mixture/0.5/4/5/11
0.5,4,11,0,1000,200,5,constant,asw-average,,3,0,0,mixture/0.5/4/5/11
0.5,4,12,0,1000,200,5,constant,stated,0.5395907397331495,1,0,0,mixture/0.5/4/5/12
0.5,4,12,0,1000,200,5,constant,geomean,0.08024961059095558,4,1,1,mixture/0.5/4/5/12
0.5,4,12,0,1000,200,5,constant,ratio,0.03799999999999992,4,1,1,mixture/0.5/4/5/12
0.5,4,12,0,1000,200,5,constant,ratio-half,0.03799999999999992,4,1,1,mixture/0.5/4/5/12
0.5,4,12,0,1000,200,5,constant,asw-pam,,4,1,1,mixture/0.5/4/5/12
0.5,4,12,0,1000,200,5,constant,asw-average,,4,1,1,mixture/0.5/4/5/12
0.5,4,13,0,1000,200,5,constant,stated,0.5395907397331495,2,0,0,mixture/0.5/4/5/13
0.5,4,13,0,1000,200,5,constant,geomean,0.14573949361789348,3,0,0,mixture/0.5/4/5/13
0.5,4,13,0,1000,200,5,constant,ratio,0.16600000000000004,2,0,0,mixture/0.5/4/5/13
0.5,4,13,0,1000,200,5,constant,ratio-half,0.16600000000000004,2,0,0,mixture/0.5/4/5/13
0.5,4,13,0,1000,200,5,constant,asw-pam,,2,0,0,mixture/0.5/4/5/13
0.5,4,13,0,1000,200,5,constant,asw-average,,2,0,0,mixture/0.5/4/5/13
0.5,4,14,0,1000,200,5,constant,stated,0.5395907397331495,1,0,0,mixture/0.5/4/5/14
0.5,4,14,0,1000,200,5,constant,geomean,0.08899438184514799,4,1,1,mixture/0.5/4/5/14
0.5,4,14,0,1000,200,5,constant,ratio,0.05399999999999994,4,1,1,mixture/0.5/4/5/14
0.5,4,14,0,1000,200,5,constant,ratio-half,0.05399999999999994,4,1,1,mixture/0.5/4/5/14
0.5,4,14,0,1000,200,5,constant,asw-pam,,4,1,1,mixture/0.5/4/5/14
0.5,4,14,0,1000,200,5,constant,asw-average,,4,1,1,mixture/0.5/4/5/14
0.5,4,15,0,1000,200,5,constant,stated,0.5395907397331495,1,0,0,mixture/0.5/4/5/15
0.5,4,15,0,1000,200,5,constant,geomean,0.11567194992737008,4,1,1,mixture/0.5/4/5/15
0.5,4,15,0,1000,200,5,constant,ratio,0.04200000000000004,4,1,1,mixture/0.5/4/5/15
0.5,4,15,0,1000,200,5,constant,ratio-half,0.04200000000000004,4,1,1,mixture/0.5/4/5/15
0.5,4,15,0,1000,200,5,constant,asw-pam,,2,0,0,mixture/0.5/4/5/15
0.5,4,15,0,1000,200,5,constant,asw-average,,2,0,0,mixture/0.5/4/5/15
0.5,4,16,0,1000,200,5,constant,stated,0.5395907397331495,1,0,0,mixture/0.5/4/5/16
0.5,4,16,0,1000,200,5,constant,geomean,0.09359487165438077,4,1,1,mixture/0.5/4/5/16
0.5,4,16,0,1000,200,5,constant,ratio,0.04600000000000004,4,1,1,mixture/0.5/4/5/16
0.5,4,16,0,1000,200,5,constant,ratio-half,0.04600000000000004,4,1,1,mixture/0.5/4/5/16
0.5,4,16,0,1000,200,5,constant,asw-pam,,4,1,1,mixture/0.5/4/5/16
0.5,4,16,0,1000,200,5,constant,asw-average,,4,1,1,mixture/0.5/4/5/16
0.5,4,17,0,1000,200,5,constant,stated,0.5395907397331495,1,0,0,mixture/0.5/4/5/17
0.5,4,17,0,1000,200,5,constant,geomean,0.09830564581955611,4,1,1,mixture/0.5/4/5/17
0.5,4,17,0,1000,200,5,constant,ratio,0.04600000000000004,4,1,1,mixture/0.5/4/5/17
0.5,4,17,0,1000,200,5,constant,ratio-half,0.04600000000000004,4,1,1,mixture/0.5/4/5/17
0.5,4,17,0,1000,200,5,constant,asw-pam,,2,0,0,mixture/0.5/4/5/17
0.5,4,17,0,1000,200,5,constant,asw-average,,2,0,0,mixture/0.5/4/5/17
0.5,4,18,0,1000,200,5,constant,stated,0.5395907397331495,1,0,0,mixture/0.5/4/5/18
0.5,4,18,0,1000,200,5,constant,geomean,0.1397139935725837,4,1,1,mixture/0.5/4/5/18
0.5,4,18,0,1000,200,5,constant,ratio,0.08199999999999985,4,1,1,mixture/0.5/4/5/18
0.5,4,18,0,1000,200,5,constant,ratio-half,0.08199999999999985,4,1,1,mixture/0.5/4/5/18
0.5,4,18,0,1000,200,5,constant,asw-pam,,4,1,1,mixture/0.5/4/5/18
0.5,4,18,0,1000,200,5,constant,asw-average,,4,1,1,mixture/0.5/4/5/18
0.5,4,19,0,1000,200,5,constant,stated,0.5395907397331495,1,0,0,mixture/0.5/4/5/19
0.5,4,19,0,1000,200,5,constant,geomean,0.10133114032714724,4,1,1,mixture/0.5/4/5/19
0.5,4,19,0,1000,200,5,constant,ratio,0.050000000000000044,4,1,1,mixture/0.5/4/5/19
0.5,4,19,0,1000,200,5,constant,ratio-half,0.050000000000000044,4,1,1,mixture/0.5/4/5/19
0.5,4,19,0,1000,200,5,constant,asw-pam,,2,0,0,mixture/0.5/4/5/19
0.5,4,19,0,1000,200,5,constant,asw-average,,3,0,0,mixture/0.5/4/5/19
0.5,5,0,0,1000,200,5,constant,stated,0.5395907397331495,2,0,0,mixture/0.5/5/5/0
0.5,5,0,0,1000,200,5,constant,geomean,0.14387494569938164,5,1,1,mixture/0.5/5/5/0
0.5,5,0,0,1000,200,5,constant,ratio,0.19999999999999996,2,0,0,mixture/0.5/5/5/0
0.5,5,0,0,1000,200,5,constant,ratio-half,0.19999999999999996,2,0,0,mixture/0.5/5/5/0
0.5,5,0,0,1000,200,5,constant,asw-pam,,2,0,0,mixture/0.5/5/5/0
0.5,5,0,0,1000,200,5,constant,asw-average,,2,0,0,mixture/0.5/5/5/0
0.5,5,1,0,1000,200,5,constant,stated,0.5395907397331495,2,0,0,mixture/0.5/5/5/1
0.5,5,1,0,1000,200,5,constant,geomean,0.13099618315050257,5,1,1,mixture/0.5/5/5/1
0.5,5,1,0,1000,200,5,constant,ratio,0.20400000000000007,2,0,0,mixture/0.5/5/5/1
0.5,5,1,0,1000,200,5,constant,ratio-half,0.20400000000000007,2,0,0,mixture/0.5/5/5/1
0.5,5,1,0,1000,200,5,constant,asw-pam,,2,0,0,mixture/0.5/5/5/1
0.5,5,1,0,1000,200,5,constant,asw-average,,2,0,0,mixture/0.5/5/5/1
0.5,5,2,0,1000,200,5,constant,stated,0.5395907397331495,1,0,0,mixture/0.5/5/5/2
0.5,5,2,0,1000,200,5,constant,geomean,0.12328828005937942,5,1,1,mixture/0.5/5/5/2
0.5,5,2,0,1000,200,5,constant,ratio,0.07599999999999996,5,1,1,mixture/0.5/5/5/2
0.5,5,2,0,1000,200,5,constant,ratio-half,0.07599999999999996,5,1,1,mixture/0.5/5/5/2
0.5,5,2,0,1000,200,5,constant,asw-pam,,3,0,0,mixture/0.5/5/5/2
0.5,5,2,0,1000,200,5,constant,asw-average,,2,0,0,mixture/0.5/5/5/2
0.5,5,3,0,1000,200,5,constant,stated,0.5395907397331495,1,0,0,mixture/0.5/5/5/3
0.5,5,3,0,1000,200,5,constant,geomean,0.11644741302407695,5,1,1,mixture/0.5/5/5/3
0.5,5,3,0,1000,200,5,constant,ratio,0.04799999999999993,5,1,1,mixture/0.5/5/5/3
0.5,5,3,0,1000,200,5,constant,ratio-half,0.04799999999999993,5,1,1,mixture/0.5/5/5/3
0.5,5,3,0,1000,200,5,constant,asw-pam,,4,0,0,mixture/0.5/5/5/3
0.5,5,3,0,1000,200,5,constant,asw-average,,4,0,0,mixture/0.5/5/5/3
0.5,5,4,0,1000,200,5,constant,stated,0.5395907397331495,1,0,0,mixture/0.5/5/5/4
0.5,5,4,0,1000,200,5,constant,geomean,0.11415778554264273,5,1,1,mixture/0.5/5/5/4
0.5,5,4,0,1000,200,5,constant,ratio,0.061999999999999944,5,1,1,mixture/0.5/5/5/4
0.5,5,4,0,1000,200,5,constant,ratio-half,0.061999999999999944,5,1,1,mixture/0.5/5/5/4
0.5,5,4,0,1000,200,5,constant,asw-pam,,2,0,0,mixture/0.5/5/5/4
0.5,5,4,0,1000,200,5,constant,asw-average,,2,0,0,mixture/0.5/5/5/4
0.5,5,5,0,1000,200,5,constant,stated,0.5395907397331495,1,0,0,mixture/0.5/5/5/5
0.5,5,5,0,1000,200,5,constant,geomean,0.10818502669038822,5,1,1,mixture/0.5/5/5/5
0.5,5,5,0,1000,200,5,constant,ratio,0.05399999999999994,5,1,1,mixture/0.5/5/5/5
0.5,5,5,0,1000,200,5,constant,ratio-half,0.05399999999999994,5,1,1,mixture/0.5/5/5/5
0.5,5,5,0,1000,200,5,constant,asw-pam,,3,0,0,mixture/0.5/5/5/5
0.5,5,5,0,1000,200,5,constant,asw-average,,3,0,0,mixture/0.5/5/5/5
0.5,5,6,0,1000,200,5,constant,stated,0.5395907397331495,1,0,0,mixture/0.5/5/5/6
0.5,5,6,0,1000,200,5,constant,geomean,0.11192854863706582,5,1,1,mixture/0.5/5/5/6
0.5,5,6,0,1000,200,5,constant,ratio,0.050000000000000044,5,1,1,mixture/0.5/5/5/6
0.5,5,6,0,1000,200,5,constant,ratio-half,0.050000000000000044,5,1,1,mixture/0.5/5/5/6
0.5,5,6,0,1000,200,5,constant,asw-pam,,4,0,0,mixture/0.5/5/5/6
0.5,5,6,0,1000,200,5,constant,asw-average,,4,0,0,mixture/0.5/5/5/6
0.5,5,7,0,1000,200,5,constant,stated,0.5395907397331495,1,0,0,mixture/0.5/5/5/7
0.5,5,7,0,1000,200,5,constant,geomean,0.0935948716543806,5,1,1,mixture/0.5/5/5/7
0.5,5,7,0,1000,200,5,constant,ratio,0.050000000000000044,5,1,1,mixture/0.5/5/5/7
0.5,5,7,0,1000,200,5,constant,ratio-half,0.050000000000000044,5,1,1,mixture/0.5/5/5/7
0.5,5,7,0,1000,200,5,constant,asw-pam,,5,1,1,mixture/0.5/5/5/7
0.5,5,7,0,1000,200,5,constant,asw-average,,5,1,1,mixture/0.5/5/5/7
0.5,5,8,0,1000,200,5,constant,stated,0.5395907397331495,1,0,0,mixture/0.5/5/5/8
0.5,5,8,0,1000,200,5,constant,geomean,0.09156418513807682,5,1,1,mixture/0.5/5/5/8
0.5,5,8,0,1000,200,5,constant,ratio,0.04400000000000004,5,1,1,mixture/0.5/5/5/8
0.5,5,8,0,1000,200,5,constant,ratio-half,0.04400000000000004,5,1,1,mixture/0.5/5/5/8
0.5,5,8,0,1000,200,5,constant,asw-pam,,5,1,1,mixture/0.5/5/5/8
0.5,5,8,0,1000,200,5,constant,asw-average,,5,1,1,mixture/0.5/5/5/8
0.5,5,9,0,1000,200,5,constant,stated,0.5395907397331495,1,0,0,mixture/0.5/5/5/9
0.5,5,9,0,1000,200,5,constant,geomean,0.08037412518964039,5,1,1,mixture/0.5/5/5/9
0.5,5,9,0,1000,200,5,constant,ratio,0.05400000000000005,5,1,1,mixture/0.5/5/5/9
0.5,5,9,0,1000,200,5,constant,ratio-half,0.05400000000000005,5,1,1,mixture/0.5/5/5/9
0.5,5,9,0,1000,200,5,constant,asw-pam,,5,1,1,mixture/0.5/5/5/9
0.5,5,9,0,1000,200,5,constant,asw-average,,2,0,0,mixture/0.5/5/5/9
0.5,5,10,0,1000,200,5,constant,stated,0.5395907397331495,1,0,0,mixture/0.5/5/5/10
0.5,5,10,0,1000,200,5,constant,geomean,0.10677078252031318,5,1,1,mixture/0.5/5/5/10
0.5,5,10,0,1000,200,5,constant,ratio,0.06000000000000005,5,1,1,mixture/0.5/5/5/10
0.5,5,10,0,1000,200,5,constant,ratio-half,0.06000000000000005,5,1,1,mixture/0.5/5/5/10
0.5,5,10,0,1000,200,5,constant,asw-pam,,5,1,1,mixture/0.5/5/5/10
0.5,5,10,0,1000,200,5,constant,asw-average,,5,1,1,mixture/0.5/5/5/10
0.5,5,11,0,1000,200,5,constant,stated,0.5395907397331495,1,0,0,mixture/0.5/5/5/11
0.5,5,11,0,1000,200,5,constant,geomean,0.11304866208850047,5,1,1,mixture/0.5/5/5/11
0.5,5,11,0,1000,200,5,constant,ratio,0.05400000000000005,5,1,1,mixture/0.5/5/5/11
0.5,5,11,0,1000,200,5,constant,ratio-half,0.05400000000000005,5,1,1,mixture/0.5/5/5/11
0.5,5,11,0,1000,200,5,constant,asw-pam,,5,1,1,mixture/0.5/5/5/11
0.5,5,11,0,1000,200,5,constant,asw-average,,5,1,1,mixture/0.5/5/5/11
0.5,5,12,0,1000,200,5,constant,stated,0.5395907397331495,1,0,0,mixture/0.5/5/5/12
0.5,5,12,0,1000,200,5,constant,geomean,0.09822423326246944,5,1,1,mixture/0.5/5/5/12
0.5,5,12,0,1000,200,5,constant,ratio,0.05599999999999994,5,1,1,mixture/0.5/5/5/12
0.5,5,12,0,1000,200,5,constant,ratio-half,0.05599999999999994,5,1,1,mixture/0.5/5/5/12
0.5,5,12,0,1000,200,5,constant,asw-pam,,4,0,0,mixture/0.5/5/5/12
0.5,5,12,0,1000,200,5,constant,asw-average,,4,0,0,mixture/0.5/5/5/12
0.5,5,13,0,1000,200,5,constant,stated,0.5395907397331495,1,0,0,mixture/0.5/5/5/13
0.5,5,13,0,1000,200,5,constant,geomean,0.10641428475538411,5,1,1,mixture/0.5/5/5/13
0.5,5,13,0,1000,200,5,constant,ratio,0.15600000000000003,3,0,0,mixture/0.5/5/5/13
0.5,5,13,0,1000,200,5,constant,ratio-half,0.15600000000000003,3,0,0,mixture/0.5/5/5/13
0.5,5,13,0,1000,200,5,constant,asw-pam,,2,0,0,mixture/0.5/5/5/13
0.5,5,13,0,1000,200,5,constant,asw-average,,2,0,0,mixture/0.5/5/5/13
0.5,5,14,0,1000,200,5,constant,stated,0.5395907397331495,1,0,0,mixture/0.5/5/5/14
0.5,5,14,0,1000,200,5,constant,geomean,0.08818163074019444,5,1,1,mixture/0.5/5/5/14
0.5,5,14,0,1000,200,5,constant,ratio,0.04799999999999993,5,1,1,mixture/0.5/5/5/14
0.5,5,14,0,1000,200,5,constant,ratio-half,0.04799999999999993,5,1,1,mixture/0.5/5/5/14
0.5,5,14,0,1000,200,5,constant,asw-pam,,5,1,1,mixture/0.5/5/5/14
0.5,5,14,0,1000,200,5,constant,asw-average,,4,0,0,mixture/0.5/5/5/14
0.5,5,15,0,1000,200,5,constant,stated,0.5395907397331495,1,0,0,mixture/0.5/5/5/15
0.5,5,15,0,1000,200,5,constant,geomean,0.08625543461139133,5,1,1,mixture/0.5/5/5/15
0.5,5,15,0,1000,200,5,constant,ratio,0.040000000000000036,5,1,1,mixture/0.5/5/5/15
0.5,5,15,0,1000,200,5,constant,ratio-half,0.040000000000000036,5,1,1,mixture/0.5/5/5/15
0.5,5,15,0,1000,200,5,constant,asw-pam,,5,1,1,mixture/0.5/5/5/15
0.5,5,15,0,1000,200,5,constant,asw-average,,5,1,1,mixture/0.5/5/5/15
0.5,5,16,0,1000,200,5,constant,stated,0.5395907397331495,1,0,0,mixture/0.5/5/5/16
0.5,5,16,0,1000,200,5,constant,geomean,0.09256349172324911,5,1,1,mixture/0.5/5/5/16
0.5,5,16,0,1000,200,5,constant,ratio,0.050000000000000044,5,1,1,mixture/0.5/5/5/16
0.5,5,16,0,1000,200,5,constant,ratio-half,0.050000000000000044,5,1,1,mixture/0.5/5/5/16
0.5,5,16,0,1000,200,5,constant,asw-pam,,3,0,0,mixture/0.5/5/5/16
0.5,5,16,0,1000,200,5,constant,asw-average,,3,0,0,mixture/0.5/5/5/16
0.5,5,17,0,1000,200,5,constant,stated,0.5395907397331495,1,0,0,mixture/0.5/5/5/17
0.5,5,17,0,1000,200,5,constant,geomean,0.13096564434995928,5,1,1,mixture/0.5/5/5/17
0.5,5,17,0,1000,200,5,constant,ratio,0.061999999999999944,5,1,1,mixture/0.5/5/5/17
0.5,5,17,0,1000,200,5,constant,ratio-half,0.061999999999999944,5,1,1,mixture/0.5/5/5/17
0.5,5,17,0,1000,200,5,constant,asw-pam,,3,0,0,mixture/0.5/5/5/17
0.5,5,17,0,1000,200,5,constant,asw-average,,3,0,0,mixture/0.5/5/5/17
0.5,5,18,0,1000,200,5,constant,stated,0.5395907397331495,1,0,0,mixture/0.5/5/5/18
0.5,5,18,0,1000,200,5,constant,geomean,0.10217631819555845,5,1,1,mixture/0.5/5/5/18
0.5,5,18,0,1000,200,5,constant,ratio,0.06400000000000006,5,1,1,mixture/0.5/5/5/18
0.5,5,18,0,1000,200,5,constant,ratio-half,0.06400000000000006,5,1,1,mixture/0.5/5/5/18
0.5,5,18,0,1000,200,5,constant,asw-pam,,2,0,0,mixture/0.5/5/5/18
0.5,5,18,0,1000,200,5,constant,asw-average,,2,0,0,mixture/0.5/5/5/18
0.5,5,19,0,1000,200,5,constant,stated,0.5395907397331495,1,0,0,mixture/0.5/5/5/19
0.5,5,19,0,1000,200,5,constant,geomean,0.08908422980528038,5,1,1,mixture/0.5/5/5/19
0.5,5,19,0,1000,200,5,constant,ratio,0.04400000000000004,5,1,1,mixture/0.5/5/5/19
0.5,5,19,0,1000,200,5,constant,ratio-half,0.04400000000000004,5,1,1,mixture/0.5/5/5/19
0.5,5,19,0,1000,200,5,constant,asw-pam,,2,0,0,mixture/0.5/5/5/19
0.5,5,19,0,1000,200,5,constant,asw-average,,2,0,0,mixture/0.5/5/5/19
0.5,6,0,0,1000,200,5,constant,stated,0.5395907397331495,1,0,0,mixture/0.5/6/5/0
0.5,6,0,0,1000,200,5,constant,geomean,0.09165151389911683,6,1,1,mixture/0.5/6/5/0
0.5,6,0,0,1000,200,5,constant,ratio,0.04400000000000004,6,1,1,mixture/0.5/6/5/0
0.5,6,0,0,1000,200,5,constant,ratio-half,0.04400000000000004,6,1,1,mixture/0.5/6/5/0
0.5,6,0,0,1000,200,5,constant,asw-pam,,5,0,0,mixture/0.5/6/5/0
0.5,6,0,0,1000,200,5,constant,asw-average,,5,0,0,mixture/0.5/6/5/0
0.5,6,1,0,1000,200,5,constant,stated,0.5395907397331495,1,0,0,mixture/0.5/6/5/1
0.5,6,1,0,1000,200,5,constant,geomean,0.1059245014149229,6,1,1,mixture/0.5/6/5/1
0.5,6,1,0,1000,200,5,constant,ratio,0.052000000000000046,6,1,1,mixture/0.5/6/5/1
0.5,6,1,0,1000,200,5,constant,ratio-half,0.052000000000000046,6,1,1,mixture/0.5/6/5/1
0.5,6,1,0,1000,200,5,constant,asw-pam,,2,0,0,mixture/0.5/6/5/1
0.5,6,1,0,1000,200,5,constant,asw-average,,2,0,0,mixture/0.5/6/5/1
0.5,6,2,0,1000,200,5,constant,stated,0.5395907397331495,1,0,0,mixture/0.5/6/5/2
0.5,6,2,0,1000,200,5,constant,geomean,0.10213716267842969,6,1,1,mixture/0.5/6/5/2
0.5,6,2,0,1000,200,5,constant,ratio,0.06999999999999995,6,1,1,mixture/0.5/6/5/2
0.5,6,2,0,1000,200,5,constant,ratio-half,0.06999999999999995,6,1,1,mixture/0.5/6/5/2
0.5,6,2,0,1000,200,5,constant,asw-pam,,2,0,0,mixture/0.5/6/5/2
0.5,6,2,0,1000,200,5,constant,asw-average,,2,0,0,mixture/0.5/6/5/2
0.5,6,3,0,1000,200,5,constant,stated,0.5395907397331495,1,0,0,mixture/0.5/6/5/3
0.5,6,3,0,1000,200,5,constant,geomean,0.11665333257134154,6,1,1,mixture/0.5/6/5/3
0.5,6,3,0,1000,200,5,constant,ratio,0.06999999999999984,6,1,1,mixture/0.5/6/5/3
0.5,6,3,0,1000,200,5,constant,ratio-half,0.06999999999999984,6,1,1,mixture/0.5/6/5/3
0.5,6,3,0,1000,200,5,constant,asw-pam,,4,0,0,mixture/0.5/6/5/3
0.5,6,3,0,1000,200,5,constant,asw-average,,4,0,0,mixture/0.5/6/5/3
0.5,6,4,0,1000,200,5,constant,stated,0.5395907397331495,1,0,0,mixture/0.5/6/5/4
0.5,6,4,0,1000,200,5,constant,geomean,0.10688311372709915,6,1,1,mixture/0.5/6/5/4
0.5,6,4,0,1000,200,5,constant,ratio,0.050000000000000044,6,1,1,mixture/0.5/6/5/4
0.5,6,4,0,1000,200,5,constant,ratio-half,0.050000000000000044,6,1,1,mixture/0.5/6/5/4
0.5,6,4,0,1000,200,5,constant,asw-pam,,2,0,0,mixture/0.5/6/5/4
0.5,6,4,0,1000,200,5,constant,asw-average,,2,0,0,mixture/0.5/6/5/4
0.5,6,5,0,1000,200,5,constant,stated,0.5395907397331495,1,0,0,mixture/0.5/6/5/5
0.5,6,5,0,1000,200,5,constant,geomean,0.13347658970770873,6,1,1,mixture/0.5/6/5/5
0.5,6,5,0,1000,200,5,constant,ratio,0.05800000000000005,6,1,1,mixture/0.5/6/5/5
0.5,6,5,0,1000,200,5,constant,ratio-half,0.05800000000000005,6,1,1,mixture/0.5/6/5/5
0.5,6,5,0,1000,200,5,constant,asw-pam,,2,0,0,mixture/0.5/6/5/5
0.5,6,5,0,1000,200,5,constant,asw-average,,2,0,0,mixture/0.5/6/5/5
0.5,6,6,0,1000,200,5,constant,stated,0.5395907397331495,1,0,0,mixture/0.5/6/5/6
0.5,6,6,0,1000,200,5,constant,geomean,0.10069756700139289,6,1,1,mixture/0.5/6/5/6
0.5,6,6,0,1000,200,5,constant,ratio,0.04400000000000004,6,1,1,mixture/0.5/6/5/6
0.5,6,6,0,1000,200,5,constant,ratio-half,0.04400000000000004,6,1,1,mixture/0.5/6/5/6
0.5,6,6,0,1000,200,5,constant,asw-pam,,6,1,1,mixture/0.5/6/5/6
0.5,6,6,0,1000,200,5,constant,asw-average,,6,1,1,mixture/0.5/6/5/6
0.5,6,7,0,1000,200,5,constant,stated,0.5395907397331495,1,0,0,mixture/0.5/6/5/7
0.5,6,7,0,1000,200,5,constant,geomean,0.10003999200319845,6,1,1,mixture/0.5/6/5/7
0.5,6,7,0,1000,200,5,constant,ratio,0.06400000000000006,6,1,1,mixture/0.5/6/5/7
0.5,6,7,0,1000,200,5,constant,ratio-half,0.06400000000000006,6,1,1,mixture/0.5/6/5/7
0.5,6,7,0,1000,200,5,constant,asw-pam,,5,0,0,mixture/0.5/6/5/7
0.5,6,7,0,1000,200,5,constant,asw-average,,5,0,0,mixture/0.5/6/5/7
0.5,6,8,0,1000,200,5,constant,stated,0.5395907397331495,1,0,0,mixture/0.5/6/5/8
0.5,6,8,0,1000,200,5,constant,geomean,0.09581231653602791,6,1,1,mixture/0.5/6/5/8
0.5,6,8,0,1000,200,5,constant,ratio,0.05599999999999994,6,1,1,mixture/0.5/6/5/8
0.5,6,8,0,1000,200,5,constant,ratio-half,0.05599999999999994,6,1,1,mixture/0.5/6/5/8
0.5,6,8,0,1000,200,5,constant,asw-pam,,4,0,0,mixture/0.5/6/5/8
0.5,6,8,0,1000,200,5,constant,asw-average,,5,0,0,mixture/0.5/6/5/8
0.5,6,9,0,1000,200,5,constant,stated,0.5395907397331495,1,0,0,mixture/0.5/6/5/9
0.5,6,9,0,1000,200,5,constant,geomean,0.10278132126023683,6,1,1,mixture/0.5/6/5/9
0.5,6,9,0,1000,200,5,constant,ratio,0.08399999999999996,6,1,1,mixture/0.5/6/5/9
0.5,6,9,0,1000,200,5,constant,ratio-half,0.08399999999999996,6,1,1,mixture/0.5/6/5/9
0.5,6,9,0,1000,200,5,constant,asw-pam,,5,0,0,mixture/0.5/6/5/9
0.5,6,9,0,1000,200,5,constant,asw-average,,5,0,0,mixture/0.5/6/5/9
0.5,6,10,0,1000,200,5,constant,stated,0.5395907397331495,1,0,0,mixture/0.5/6/5/10
0.5,6,10,0,1000,200,5,constant,geomean,0.11366617790706261,6,1,1,mixture/0.5/6/5/10
0.5,6,10,0,1000,200,5,constant,ratio,0.05999999999999994,6,1,1,mixture/0.5/6/5/10
0.5,6,10,0,1000,200,5,constant,ratio-half,0.05999999999999994,6,1,1,mixture/0.5/6/5/10
0.5,6,10,0,1000,200,5,constant,asw-pam,,2,0,0,mixture/0.5/6/5/10
0.5,6,10,0,1000,200,5,constant,asw-average,,2,0,0,mixture/0.5/6/5/10
0.5,6,11,0,1000,200,5,constant,stated,0.5395907397331495,1,0,0,mixture/0.5/6/5/11
0.5,6,11,0,1000,200,5,constant,geomean,0.11632712495372698,6,1,1,mixture/0.5/6/5/11
0.5,6,11,0,1000,200,5,constant,ratio,0.15600000000000003,4,0,0,mixture/0.5/6/5/11
0.5,6,11,0,1000,200,5,constant,ratio-half,0.15600000000000003,4,0,0,mixture/0.5/6/5/11
0.5,6,11,0,1000,200,5,constant,asw-pam,,2,0,0,mixture/0.5/6/5/11
0.5,6,11,0,1000,200,5,constant,asw-average,,2,0,0,mixture/0.5/6/5/11
0.5,6,12,0,1000,200,5,constant,stated,0.5395907397331495,1,0,0,mixture/0.5/6/5/12
0.5,6,12,0,1000,200,5,constant,geomean,0.12396773773849394,6,1,1,mixture/0.5/6/5/12
0.5,6,12,0,1000,200,5,constant,ratio,0.05400000000000005,6,1,1,mixture/0.5/6/5/12
0.5,6,12,0,1000,200,5,constant,ratio-half,0.05400000000000005,6,1,1,mixture/0.5/6/5/12
0.5,6,12,0,1000,200,5,constant,asw-pam,,2,0,0,mixture/0.5/6/5/12
0.5,6,12,0,1000,200,5,constant,asw-average,,2,0,0,mixture/0.5/6/5/12
0.5,6,13,0,1000,200,5,constant,stated,0.5395907397331495,1,0,0,mixture/0.5/6/5/13
0.5,6,13,0,1000,200,5,constant,geomean,0.10003999200319845,6,1,1,mixture/0.5/6/5/13
0.5,6,13,0,1000,200,5,constant,ratio,0.05399999999999994,6,1,1,mixture/0.5/6/5/13
0.5,6,13,0,1000,200,5,constant,ratio-half,0.05399999999999994,6,1,1,mixture/0.5/6/5/13
0.5,6,13,0,1000,200,5,constant,asw-pam,,5,0,0,mixture/0.5/6/5/13
0.5,6,13,0,1000,200,5,constant,asw-average,,5,0,0,mixture/0.5/6/5/13
0.5,6,14,0,1000,200,5,constant,stated,0.5395907397331495,2,0,0,mixture/0.5/6/5/14
0.5,6,14,0,1000,200,5,constant,geomean,0.2104471430074546,5,0,0,mixture/0.5/6/5/14
0.5,6,14,0,1000,200,5,constant,ratio,0.32000000000000006,2,0,0,mixture/0.5/6/5/14
0.5,6,14,0,1000,200,5,constant,ratio-half,0.32000000000000006,2,0,0,mixture/0.5/6/5/14
0.5,6,14,0,1000,200,5,constant,asw-pam,,2,0,0,mixture/0.5/6/5/14
0.5,6,14,0,1000,200,5,constant,asw-average,,2,0,0,mixture/0.5/6/5/14
0.5,6,15,0,1000,200,5,constant,stated,0.5395907397331495,1,0,0,mixture/0.5/6/5/15
0.5,6,15,0,1000,200,5,constant,geomean,0.10099504938362083,6,1,1,mixture/0.5/6/5/15
0.5,6,15,0,1000,200,5,constant,ratio,0.05999999999999983,6,1,1,mixture/0.5/6/5/15
0.5,6,15,0,1000,200,5,constant,ratio-half,0.05999999999999983,6,1,1,mixture/0.5/6/5/15
0.5,6,15,0,1000,200,5,constant,asw-pam,,2,0,0,mixture/0.5/6/5/15
0.5,6,15,0,1000,200,5,constant,asw-average,,2,0,0,mixture/0.5/6/5/15
0.5,6,16,0,1000,200,5,constant,stated,0.5395907397331495,1,0,0,mixture/0.5/6/5/16
0.5,6,16,0,1000,200,5,constant,geomean,0.12089665007765918,6,1,1,mixture/0.5/6/5/16
0.5,6,16,0,1000,200,5,constant,ratio,0.053999999999999826,6,1,1,mixture/0.5/6/5/16
0.5,6,16,0,1000,200,5,constant,ratio-half,0.053999999999999826,6,1,1,mixture/0.5/6/5/16
0.5,6,16,0,1000,200,5,constant,asw-pam,,2,0,0,mixture/0.5/6/5/16
0.5,6,16,0,1000,200,5,constant,asw-average,,2,0,0,mixture/0.5/6/5/16
0.5,6,17,0,1000,200,5,constant,stated,0.5395907397331495,1,0,0,mixture/0.5/6/5/17
0.5,6,17,0,1000,200,5,constant,geomean,0.1029951455166699,6,1,1,mixture/0.5/6/5/17
0.5,6,17,0,1000,200,5,constant,ratio,0.06400000000000006,6,1,1,mixture/0.5/6/5/17
0.5,6,17,0,1000,200,5,constant,ratio-half,0.06400000000000006,6,1,1,mixture/0.5/6/5/17
0.5,6,17,0,1000,200,5,constant,asw-pam,,4,0,0,mixture/0.5/6/5/17
0.5,6,17,0,1000,200,5,constant,asw-average,,3,0,0,mixture/0.5/6/5/17
0.5,6,18,0,1000,200,5,constant,stated,0.5395907397331495,1,0,0,mixture/0.5/6/5/18
0.5,6,18,0,1000,200,5,constant,geomean,0.0989545350148239,6,1,1,mixture/0.5/6/5/18
0.5,6,18,0,1000,200,5,constant,ratio,0.05999999999999994,6,1,1,mixture/0.5/6/5/18
0.5,6,18,0,1000,200,5,constant,ratio-half,0.05999999999999994,6,1,1,mixture/0.5/6/5/18
0.5,6,18,0,1000,200,5,constant,asw-pam,,4,0,0,mixture/0.5/6/5/18
0.5,6,18,0,1000,200,5,constant,asw-average,,4,0,0,mixture/0.5/6/5/18
0.5,6,19,0,1000,200,5,constant,stated,0.5395907397331495,1,0,0,mixture/0.5/6/5/19
0.5,6,19,0,1000,200,5,constant,geomean,0.10000000000000005,6,1,1,mixture/0.5/6/5/19
0.5,6,19,0,1000,200,5,constant,ratio,0.052000000000000046,6,1,1,mixture/0.5/6/5/19
0.5,6,19,0,1000,200,5,constant,ratio-half,0.052000000000000046,6,1,1,mixture/0.5/6/5/19
0.5,6,19,0,1000,200,5,constant,asw-pam,,2,0,0,mixture/0.5/6/5/19
0.5,6,19,0,1000,200,5,constant,asw-average,,2,0,0,mixture/0.5/6/5/19
0.5,7,0,0,1000,200,5,constant,stated,0.5395907397331495,1,0,0,mixture/0.5/7/5/0
0.5,7,0,0,1000,200,5,constant,geomean,0.11919731540601076,7,1,0,mixture/0.5/7/5/0
0.5,7,0,0,1000,200,5,constant,ratio,0.19200000000000006,3,0,0,mixture/0.5/7/5/0
0.5,7,0,0,1000,200,5,constant,ratio-half,0.19200000000000006,3,0,0,mixture/0.5/7/5/0
0.5,7,0,0,1000,200,5,constant,asw-pam,,6,0,0,mixture/0.5/7/5/0
0.5,7,0,0,1000,200,5,constant,asw-average,,2,0,0,mixture/0.5/7/5/0
0.5,7,1,0,1000,200,5,constant,stated,0.5395907397331495,1,0,0,mixture/0.5/7/5/1
0.5,7,1,0,1000,200,5,constant,geomean,0.10814804667676624,6,0,0,mixture/0.5/7/5/1
0.5,7,1,0,1000,200,5,constant,ratio,0.10199999999999998,6,0,0,mixture/0.5/7/5/1
0.5,7,1,0,1000,200,5,constant,ratio-half,0.10199999999999998,6,0,0,mixture/0.5/7/5/1
0.5,7,1,0,1000,200,5,constant,asw-pam,,6,0,0,mixture/0.5/7/5/1
0.5,7,1,0,1000,200,5,constant,asw-average,,6,0,0,mixture/0.5/7/5/1
0.5,7,2,0,1000,200,5,constant,stated,0.5395907397331495,1,0,0,mixture/0.5/7/5/2
0.5,7,2,0,1000,200,5,constant,geomean,0.10244998779892563,7,1,1,mixture/0.5/7/5/2
0.5,7,2,0,1000,200,5,constant,ratio,0.062000000000000055,7,1,1,mixture/0.5/7/5/2
0.5,7,2,0,1000,200,5,constant,ratio-half,0.062000000000000055,7,1,1,mixture/0.5/7/5/2
0.5,7,2,0,1000,200,5,constant,asw-pam,,7,1,1,mixture/0.5/7/5/2
0.5,7,2,0,1000,200,5,constant,asw-average,,7,1,1,mixture/0.5/7/5/2
0.5,7,3,0,1000,200,5,constant,stated,0.5395907397331495,2,0,0,mixture/0.5/7/5/3
0.5,7,3,0,1000,200,5,constant,geomean,0.13145341380123993,6,0,0,mixture/0.5/7/5/3
0.5,7,3,0,1000,200,5,constant,ratio,0.08399999999999996,6,0,0,mixture/0.5/7/5/3
0.5,7,3,0,1000,200,5,constant,ratio-half,0.08399999999999996,6,0,0,mixture/0.5/7/5/3
0.5,7,3,0,1000,200,5,constant,asw-pam,,6,0,0,mixture/0.5/7/5/3
0.5,7,3,0,1000,200,5,constant,asw-average,,6,0,0,mixture/0.5/7/5/3
0.5,7,4,0,1000,200,5,constant,stated,0.5395907397331495,1,0,0,mixture/0.5/7/5/4
0.5,7,4,0,1000,200,5,constant,geomean,0.1130663522008206,7,1,1,mixture/0.5/7/5/4
0.5,7,4,0,1000,200,5,constant,ratio,0.052000000000000046,7,1,1,mixture/0.5/7/5/4
0.5,7,4,0,1000,200,5,constant,ratio-half,0.052000000000000046,7,1,1,mixture/0.5/7/5/4
0.5,7,4,0,1000,200,5,constant,asw-pam,,7,1,1,mixture/0.5/7/5/4
0.5,7,4,0,1000,200,5,constant,asw-average,,7,1,1,mixture/0.5/7/5/4
0.5,7,5,0,1000,200,5,constant,stated,0.5395907397331495,1,0,0,mixture/0.5/7/5/5
0.5,7,5,0,1000,200,5,constant,geomean,0.0779743547584716,7,1,1,mixture/0.5/7/5/5
0.5,7,5,0,1000,200,5,constant,ratio,0.04799999999999993,7,1,1,mixture/0.5/7/5/5
0.5,7,5,0,1000,200,5,constant,ratio-half,0.04799999999999993,7,1,1,mixture/0.5/7/5/5
0.5,7,5,0,1000,200,5,constant,asw-pam,,7,1,1,mixture/0.5/7/5/5
0.5,7,5,0,1000,200,5,constant,asw-average,,7,1,1,mixture/0.5/7/5/5
0.5,7,6,0,1000,200,5,constant,stated,0.5395907397331495,1,0,0,mixture/0.5/7/5/6
0.5,7,6,0,1000,200,5,constant,geomean,0.09633275663033843,7,1,1,mixture/0.5/7/5/6
0.5,7,6,0,1000,200,5,constant,ratio,0.09799999999999998,6,0,0,mixture/0.5/7/5/6
0.5,7,6,0,1000,200,5,constant,ratio-half,0.09799999999999998,6,0,0,mixture/0.5/7/5/6
0.5,7,6,0,1000,200,5,constant,asw-pam,,7,1,1,mixture/0.5/7/5/6
0.5,7,6,0,1000,200,5,constant,asw-average,,4,0,0,mixture/0.5/7/5/6
0.5,7,7,0,1000,200,5,constant,stated,0.5395907397331495,1,0,0,mixture/0.5/7/5/7
0.5,7,7,0,1000,200,5,constant,geomean,0.13839075113604962,7,1,1,mixture/0.5/7/5/7
0.5,7,7,0,1000,200,5,constant,ratio,0.08399999999999996,7,1,1,mixture/0.5/7/5/7
0.5,7,7,0,1000,200,5,constant,ratio-half,0.08399999999999996,7,1,1,mixture/0.5/7/5/7
0.5,7,7,0,1000,200,5,constant,asw-pam,,3,0,0,mixture/0.5/7/5/7
0.5,7,7,0,1000,200,5,constant,asw-average,,3,0,0,mixture/0.5/7/5/7
0.5,7,8,0,1000,200,5,constant,stated,0.5395907397331495,1,0,0,mixture/0.5/7/5/8
0.5,7,8,0,1000,200,5,constant,geomean,0.08836288813749812,7,1,1,mixture/0.5/7/5/8
0.5,7,8,0,1000,200,5,constant,ratio,0.04600000000000004,7,1,1,mixture/0.5/7/5/8
0.5,7,8,0,1000,200,5,constant,ratio-half,0.04600000000000004,7,1,1,mixture/0.5/7/5/8
0.5,7,8,0,1000,200,5,constant,asw-pam,,5,0,0,mixture/0.5/7/5/8
0.5,7,8,0,1000,200,5,constant,asw-average,,5,0,0,mixture/0.5/7/5/8
0.5,7,9,0,1000,200,5,constant,stated,0.5395907397331495,1,0,0,mixture/0.5/7/5/9
0.5,7,9,0,1000,200,5,constant,geomean,0.11838918869559,7,1,1,mixture/0.5/7/5/9
0.5,7,9,0,1000,200,5,constant,ratio,0.050000000000000044,7,1,1,mixture/0.5/7/5/9
0.5,7,9,0,1000,200,5,constant,ratio-half,0.050000000000000044,7,1,1,mixture/0.5/7/5/9
0.5,7,9,0,1000,200,5,constant,asw-pam,,4,0,0,mixture/0.5/7/5/9
0.5,7,9,0,1000,200,5,constant,asw-average,,2,0,0,mixture/0.5/7/5/9
0.5,7,10,0,1000,200,5,constant,stated,0.5395907397331495,1,0,0,mixture/0.5/7/5/10
0.5,7,10,0,1000,200,5,constant,geomean,0.08569714114251425,7,1,1,mixture/0.5/7/5/10
0.5,7,10,0,1000,200,5,constant,ratio,0.11599999999999999,5,0,0,mixture/0.5/7/5/10
0.5,7,10,0,1000,200,5,constant,ratio-half,0.11599999999999999,5,0,0,mixture/0.5/7/5/10
0.5,7,10,0,1000,200,5,constant,asw-pam,,2,0,0,mixture/0.5/7/5/10
0.5,7,10,0,1000,200,5,constant,asw-average,,2,0,0,mixture/0.5/7/5/10
0.5,7,11,0,1000,200,5,constant,stated,0.5395907397331495,1,0,0,mixture/0.5/7/5/11
0.5,7,11,0,1000,200,5,constant,geomean,0.12445079348883242,9,0,0,mixture/0.5/7/5/11
0.5,7,11,0,1000,200,5,constant,ratio,0.22999999999999998,4,0,0,mixture/0.5/7/5/11
0.5,7,11,0,1000,200,5,constant,ratio-half,0.22999999999999998,4,0,0,mixture/0.5/7/5/11
0.5,7,11,0,1000,200,5,constant,asw-pam,,4,0,0,mixture/0.5/7/5/11
0.5,7,11,0,1000,200,5,constant,asw-average,,4,0,0,mixture/0.5/7/5/11
0.5,7,12,0,1000,200,5,constant,stated,0.5395907397331495,2,0,0,mixture/0.5/7/5/12
0.5,7,12,0,1000,200,5,constant,geomean,0.14187318280774563,6,0,0,mixture/0.5/7/5/12
0.5,7,12,0,1000,200,5,constant,ratio,0.12,6,0,0,mixture/0.5/7/5/12
0.5,7,12,0,1000,200,5,constant,ratio-half,0.12,6,0,0,mixture/0.5/7/5/12
0.5,7,12,0,1000,200,5,constant,asw-pam,,2,0,0,mixture/0.5/7/5/12
0.5,7,12,0,1000,200,5,constant,asw-average,,2,0,0,mixture/0.5/7/5/12
0.5,7,13,0,1000,200,5,constant,stated,0.5395907397331495,1,0,0,mixture/0.5/7/5/13
0.5,7,13,0,1000,200,5,constant,geomean,0.106320270880016,7,1,1,mixture/0.5/7/5/13
0.5,7,13,0,1000,200,5,constant,ratio,0.06600000000000006,7,1,1,mixture/0.5/7/5/13
0.5,7,13,0,1000,200,5,constant,ratio-half,0.06600000000000006,7,1,1,mixture/0.5/7/5/13
0.5,7,13,0,1000,200,5,constant,asw-pam,,3,0,0,mixture/0.5/7/5/13
0.5,7,13,0,1000,200,5,constant,asw-average,,3,0,0,mixture/0.5/7/5/13
0.5,7,14,0,1000,200,5,constant,stated,0.5395907397331495,1,0,0,mixture/0.5/7/5/14
0.5,7,14,0,1000,200,5,constant,geomean,0.09329523031752486,7,1,1,mixture/0.5/7/5/14
0.5,7,14,0,1000,200,5,constant,ratio,0.122,3,0,0,mixture/0.5/7/5/14
0.5,7,14,0,1000,200,5,constant,ratio-half,0.122,3,0,0,mixture/0.5/7/5/14
0.5,7,14,0,1000,200,5,constant,asw-pam,,3,0,0,mixture/0.5/7/5/14
0.5,7,14,0,1000,200,5,constant,asw-average,,3,0,0,mixture/0.5/7/5/14
0.5,7,15,0,1000,200,5,constant,stated,0.5395907397331495,1,0,0,mixture/0.5/7/5/15
0.5,7,15,0,1000,200,5,constant,geomean,0.13449163542763537,6,0,0,mixture/0.5/7/5/15
0.5,7,15,0,1000,200,5,constant,ratio,0.05599999999999994,7,1,1,mixture/0.5/7/5/15
0.5,7,15,0,1000,200,5,constant,ratio-half,0.05599999999999994,7,1,1,mixture/0.5/7/5/15
0.5,7,15,0,1000,200,5,constant,asw-pam,,2,0,0,mixture/0.5/7/5/15
0.5,7,15,0,1000,200,5,constant,asw-average,,2,0,0,mixture/0.5/7/5/15
0.5,7,16,0,1000,200,5,constant,stated,0.5395907397331495,1,0,0,mixture/0.5/7/5/16
0.5,7,16,0,1000,200,5,constant,geomean,0.08919641248391093,7,1,1,mixture/0.5/7/5/16
0.5,7,16,0,1000,200,5,constant,ratio,0.052000000000000046,7,1,1,mixture/0.5/7/5/16
0.5,7,16,0,1000,200,5,constant,ratio-half,0.052000000000000046,7,1,1,mixture/0.5/7/5/16
0.5,7,16,0,1000,200,5,constant,asw-pam,,7,1,1,mixture/0.5/7/5/16
0.5,7,16,0,1000,200,5,constant,asw-average,,7,1,1,mixture/0.5/7/5/16
0.5,7,17,0,1000,200,5,constant,stated,0.5395907397331495,1,0,0,mixture/0.5/7/5/17
0.5,7,17,0,1000,200,5,constant,geomean,0.09059801322324904,7,1,1,mixture/0.5/7/5/17
0.5,7,17,0,1000,200,5,constant,ratio,0.05800000000000005,7,1,1,mixture/0.5/7/5/17
0.5,7,17,0,1000,200,5,constant,ratio-half,0.05800000000000005,7,1,1,mixture/0.5/7/5/17
0.5,7,17,0,1000,200,5,constant,asw-pam,,7,1,1,mixture/0.5/7/5/17
0.5,7,17,0,1000,200,5,constant,asw-average,,6,0,0,mixture/0.5/7/5/17
0.5,7,18,0,1000,200,5,constant,stated,0.5395907397331495,1,0,0,mixture/0.5/7/5/18
0.5,7,18,0,1000,200,5,constant,geomean,0.10015987220439136,7,1,1,mixture/0.5/7/5/18
0.5,7,18,0,1000,200,5,constant,ratio,0.09399999999999997,7,1,1,mixture/0.5/7/5/18
0.5,7,18,0,1000,200,5,constant,ratio-half,0.09399999999999997,7,1,1,mixture/0.5/7/5/18
0.5,7,18,0,1000,200,5,constant,asw-pam,,7,1,1,mixture/0.5/7/5/18
0.5,7,18,0,1000,200,5,constant,asw-average,,7,1,1,mixture/0.5/7/5/18
0.5,7,19,0,1000,200,5,constant,stated,0.5395907397331495,1,0,0,mixture/0.5/7/5/19
0.5,7,19,0,1000,200,5,constant,geomean,0.08390470785361216,7,1,1,mixture/0.5/7/5/19
0.5,7,19,0,1000,200,5,constant,ratio,0.07999999999999985,7,1,1,mixture/0.5/7/5/19
0.5,7,19,0,1000,200,5,constant,ratio-half,0.07999999999999985,7,1,1,mixture/0.5/7/5/19
0.5,7,19,0,1000,200,5,constant,asw-pam,,2,0,0,mixture/0.5/7/5/19
0.5,7,19,0,1000,200,5,constant,asw-average,,2,0,0,mixture/0.5/7/5/19
0.5,8,0,0,1000,200,5,constant,stated,0.5395907397331495,1,0,0,mixture/0.5/8/5/0
0.5,8,0,0,1000,200,5,constant,geomean,0.13398507379555388,8,1,1,mixture/0.5/8/5/0
0.5,8,0,0,1000,200,5,constant,ratio,0.06000000000000005,8,1,1,mixture/0.5/8/5/0
0.5,8,0,0,1000,200,5,constant,ratio-half,0.06000000000000005,8,1,1,mixture/0.5/8/5/0
0.5,8,0,0,1000,200,5,constant,asw-pam,,2,0,0,mixture/0.5/8/5/0
0.5,8,0,0,1000,200,5,constant,asw-average,,2,0,0,mixture/0.5/8/5/0
0.5,8,1,0,1000,200,5,constant,stated,0.5395907397331495,1,0,0,mixture/0.5/8/5/1
0.5,8,1,0,1000,200,5,constant,geomean,0.10307278981380107,8,1,1,mixture/0.5/8/5/1
0.5,8,1,0,1000,200,5,constant,ratio,0.06400000000000006,8,1,1,mixture/0.5/8/5/1
0.5,8,1,0,1000,200,5,constant,ratio-half,0.06400000000000006,8,1,1,mixture/0.5/8/5/1
0.5,8,1,0,1000,200,5,constant,asw-pam,,4,0,0,mixture/0.5/8/5/1
0.5,8,1,0,1000,200,5,constant,asw-average,,4,0,0,mixture/0.5/8/5/1
0.5,8,2,0,1000,200,5,constant,stated,0.5395907397331495,1,0,0,mixture/0.5/8/5/2
0.5,8,2,0,1000,200,5,constant,geomean,0.10833282051160678,8,1,1,mixture/0.5/8/5/2
0.5,8,2,0,1000,200,5,constant,ratio,0.052000000000000046,8,1,1,mixture/0.5/8/5/2
0.5,8,2,0,1000,200,5,constant,ratio-half,0.052000000000000046,8,1,1,mixture/0.5/8/5/2
0.5,8,2,0,1000,200,5,constant,asw-pam,,8,1,1,mixture/0.5/8/5/2
0.5,8,2,0,1000,200,5,constant,asw-average,,7,0,0,mixture/0.5/8/5/2
0.5,8,3,0,1000,200,5,constant,stated,0.5395907397331495,1,0,0,mixture/0.5/8/5/3
0.5,8,3,0,1000,200,5,constant,geomean,0.12924395537122815,8,1,1,mixture/0.5/8/5/3
0.5,8,3,0,1000,200,5,constant,ratio,0.07600000000000007,8,1,1,mixture/0.5/8/5/3
0.5,8,3,0,1000,200,5,constant,ratio-half,0.07600000000000007,8,1,1,mixture/0.5/8/5/3
0.5,8,3,0,1000,200,5,constant,asw-pam,,5,0,0,mixture/0.5/8/5/3
0.5,8,3,0,1000,200,5,constant,asw-average,,6,0,0,mixture/0.5/8/5/3
0.5,8,4,0,1000,200,5,constant,stated,0.5395907397331495,2,0,0,mixture/0.5/8/5/4
0.5,8,4,0,1000,200,5,constant,geomean,0.14324803663575994,8,1,1,mixture/0.5/8/5/4
0.5,8,4,0,1000,200,5,constant,ratio,0.248,2,0,0,mixture/0.5/8/5/4
0.5,8,4,0,1000,200,5,constant,ratio-half,0.248,2,0,0,mixture/0.5/8/5/4
0.5,8,4,0,1000,200,5,constant,asw-pam,,2,0,0,mixture/0.5/8/5/4
0.5,8,4,0,1000,200,5,constant,asw-average,,2,0,0,mixture/0.5/8/5/4
0.5,8,5,0,1000,200,5,constant,stated,0.5395907397331495,1,0,0,mixture/0.5/8/5/5
0.5,8,5,0,1000,200,5,constant,geomean,0.11515207336387831,8,1,1,mixture/0.5/8/5/5
0.5,8,5,0,1000,200,5,constant,ratio,0.06599999999999984,8,1,1,mixture/0.5/8/5/5
0.5,8,5,0,1000,200,5,constant,ratio-half,0.06599999999999984,8,1,1,mixture/0.5/8/5/5
0.5,8,5,0,1000,200,5,constant,asw-pam,,3,0,0,mixture/0.5/8/5/5
0.5,8,5,0,1000,200,5,constant,asw-average,,3,0,0,mixture/0.5/8/5/5
0.5,8,6,0,1000,200,5,constant,stated,0.5395907397331495,2,0,0,mixture/0.5/8/5/6
0.5,8,6,0,1000,200,5,constant,geomean,0.14223923509355646,8,1,1,mixture/0.5/8/5/6
0.5,8,6,0,1000,200,5,constant,ratio,0.254,2,0,0,mixture/0.5/8/5/6
0.5,8,6,0,1000,200,5,constant,ratio-half,0.254,2,0,0,mixture/0.5/8/5/6
0.5,8,6,0,1000,200,5,constant,asw-pam,,2,0,0,mixture/0.5/8/5/6
0.5,8,6,0,1000,200,5,constant,asw-average,,2,0,0,mixture/0.5/8/5/6
0.5,8,7,0,1000,200,5,constant,stated,0.5395907397331495,1,0,0,mixture/0.5/8/5/7
0.5,8,7,0,1000,200,5,constant,geomean,0.10031948963187567,8,1,1,mixture/0.5/8/5/7
0.5,8,7,0,1000,200,5,constant,ratio,0.06399999999999995,8,1,1,mixture/0.5/8/5/7
0.5,8,7,0,1000,200,5,constant,ratio-half,0.06399999999999995,8,1,1,mixture/0.5/8/5/7
0.5,8,7,0,1000,200,5,constant,asw-pam,,8,1,1,mixture/0.5/8/5/7
0.5,8,7,0,1000,200,5,constant,asw-average,,7,0,0,mixture/0.5/8/5/7
0.5,8,8,0,1000,200,5,constant,stated,0.5395907397331495,1,0,0,mixture/0.5/8/5/8
0.5,8,8,0,1000,200,5,constant,geomean,0.1039807674524477,8,1,1,mixture/0.5/8/5/8
0.5,8,8,0,1000,200,5,constant,ratio,0.04999999999999993,8,1,1,mixture/0.5/8/5/8
0.5,8,8,0,1000,200,5,constant,ratio-half,0.04999999999999993,8,1,1,mixture/0.5/8/5/8
0.5,8,8,0,1000,200,5,constant,asw-pam,,6,0,0,mixture/0.5/8/5/8
0.5,8,8,0,1000,200,5,constant,asw-average,,7,0,0,mixture/0.5/8/5/8
0.5,8,9,0,1000,200,5,constant,stated,0.5395907397331495,2,0,0,mixture/0.5/8/5/9
0.5,8,9,0,1000,200,5,constant,geomean,0.14934523762075583,7,0,0,mixture/0.5/8/5/9
0.5,8,9,0,1000,200,5,constant,ratio,0.061999999999999944,8,1,1,mixture/0.5/8/5/9
0.5,8,9,0,1000,200,5,constant,ratio-half,0.061999999999999944,8,1,1,mixture/0.5/8/5/9
0.5,8,9,0,1000,200,5,constant,asw-pam,,6,0,0,mixture/0.5/8/5/9
0.5,8,9,0,1000,200,5,constant,asw-average,,6,0,0,mixture/0.5/8/5/9
0.5,8,10,0,1000,200,5,constant,stated,0.5395907397331495,1,0,0,mixture/0.5/8/5/10
0.5,8,10,0,1000,200,5,constant,geomean,0.11978313737751241,7,0,0,mixture/0.5/8/5/10
0.5,8,10,0,1000,200,5,constant,ratio,0.06999999999999995,8,1,1,mixture/0.5/8/5/10
0.5,8,10,0,1000,200,5,constant,ratio-half,0.06999999999999995,8,1,1,mixture/0.5/8/5/10
0.5,8,10,0,1000,200,5,constant,asw-pam,,2,0,0,mixture/0.5/8/5/10
0.5,8,10,0,1000,200,5,constant,asw-average,,2,0,0,mixture/0.5/8/5/10
0.5,8,11,0,1000,200,5,constant,stated,0.5395907397331495,1,0,0,mixture/0.5/8/5/11
0.5,8,11,0,1000,200,5,constant,geomean,0.12993844696624626,8,1,1,mixture/0.5/8/5/11
0.5,8,11,0,1000,200,5,constant,ratio,0.08400000000000007,8,1,1,mixture/0.5/8/5/11
0.5,8,11,0,1000,200,5,constant,ratio-half,0.08400000000000007,8,1,1,mixture/0.5/8/5/11
0.5,8,11,0,1000,200,5,constant,asw-pam,,2,0,0,mixture/0.5/8/5/11
0.5,8,11,0,1000,200,5,constant,asw-average,,2,0,0,mixture/0.5/8/5/11
0.5,8,12,0,1000,200,5,constant,stated,0.5395907397331495,1,0,0,mixture/0.5/8/5/12
0.5,8,12,0,1000,200,5,constant,geomean,0.09448809448814163,8,1,1,mixture/0.5/8/5/12
0.5,8,12,0,1000,200,5,constant,ratio,0.051999999999999824,8,1,1,mixture/0.5/8/5/12
0.5,8,12,0,1000,200,5,constant,ratio-half,0.051999999999999824,8,1,1,mixture/0.5/8/5/12
0.5,8,12,0,1000,200,5,constant,asw-pam,,6,0,0,mixture/0.5/8/5/12
0.5,8,12,0,1000,200,5,constant,asw-average,,6,0,0,mixture/0.5/8/5/12
0.5,8,13,0,1000,200,5,constant,stated,0.5395907397331495,2,0,0,mixture/0.5/8/5/13
0.5,8,13,0,1000,200,5,constant,geomean,0.17724559232883627,8,1,1,mixture/0.5/8/5/13
0.5,8,13,0,1000,200,5,constant,ratio,0.060000000000000026,8,1,1,mixture/0.5/8/5/13
0.5,8,13,0,1000,200,5,constant,ratio-half,0.060000000000000026,8,1,1,mixture/0.5/8/5/13
0.5,8,13,0,1000,200,5,constant,asw-pam,,8,1,1,mixture/0.5/8/5/13
0.5,8,13,0,1000,200,5,constant,asw-average,,2,0,0,mixture/0.5/8/5/13
0.5,8,14,0,1000,200,5,constant,stated,0.5395907397331495,2,0,0,mixture/0.5/8/5/14
0.5,8,14,0,1000,200,5,constant,geomean,0.13242356285797485,8,1,1,mixture/0.5/8/5/14
0.5,8,14,0,1000,200,5,constant,ratio,0.06600000000000006,8,1,1,mixture/0.5/8/5/14
0.5,8,14,0,1000,200,5,constant,ratio-half,0.06600000000000006,8,1,1,mixture/0.5/8/5/14
0.5,8,14,0,1000,200,5,constant,asw-pam,,3,0,0,mixture/0.5/8/5/14
0.5,8,14,0,1000,200,5,constant,asw-average,,3,0,0,mixture/0.5/8/5/14
0.5,8,15,0,1000,200,5,constant,stated,0.5395907397331495,1,0,0,mixture/0.5/8/5/15
0.5,8,15,0,1000,200,5,constant,geomean,0.13655768012089256,6,0,0,mixture/0.5/8/5/15
0.5,8,15,0,1000,200,5,constant,ratio,0.05999999999999994,8,1,1,mixture/0.5/8/5/15
0.5,8,15,0,1000,200,5,constant,ratio-half,0.05999999999999994,8,1,1,mixture/0.5/8/5/15
0.5,8,15,0,1000,200,5,constant,asw-pam,,3,0,0,mixture/0.5/8/5/15
0.5,8,15,0,1000,200,5,constant,asw-average,,3,0,0,mixture/0.5/8/5/15
0.5,8,16,0,1000,200,5,constant,stated,0.5395907397331495,1,0,0,mixture/0.5/8/5/16
0.5,8,16,0,1000,200,5,constant,geomean,0.08847598544237871,8,1,1,mixture/0.5/8/5/16
0.5,8,16,0,1000,200,5,constant,ratio,0.124,6,0,0,mixture/0.5/8/5/16
0.5,8,16,0,1000,200,5,constant,ratio-half,0.124,6,0,0,mixture/0.5/8/5/16
0.5,8,16,0,1000,200,5,constant,asw-pam,,2,0,0,mixture/0.5/8/5/16
0.5,8,16,0,1000,200,5,constant,asw-average,,2,0,0,mixture/0.5/8/5/16
0.5,8,17,0,1000,200,5,constant,stated,0.5395907397331495,1,0,0,mixture/0.5/8/5/17
0.5,8,17,0,1000,200,5,constant,geomean,0.12315843454672527,8,1,1,mixture/0.5/8/5/17
0.5,8,17,0,1000,200,5,constant,ratio,0.05199999999999999,8,1,1,mixture/0.5/8/5/17
0.5,8,17,0,1000,200,5,constant,ratio-half,0.05199999999999999,8,1,1,mixture/0.5/8/5/17
0.5,8,17,0,1000,200,5,constant,asw-pam,,2,0,0,mixture/0.5/8/5/17
0.5,8,17,0,1000,200,5,constant,asw-average,,2,0,0,mixture/0.5/8/5/17
0.5,8,18,0,1000,200,5,constant,stated,0.5395907397331495,2,0,0,mixture/0.5/8/5/18
0.5,8,18,0,1000,200,5,constant,geomean,0.16685322891691373,6,0,0,mixture/0.5/8/5/18
0.5,8,18,0,1000,200,5,constant,ratio,0.29800000000000004,2,0,0,mixture/0.5/8/5/18
0.5,8,18,0,1000,200,5,constant,ratio-half,0.29800000000000004,2,0,0,mixture/0.5/8/5/18
0.5,8,18,0,1000,200,5,constant,asw-pam,,2,0,0,mixture/0.5/8/5/18
0.5,8,18,0,1000,200,5,constant,asw-average,,2,0,0,mixture/0.5/8/5/18
0.5,8,19,0,1000,200,5,constant,stated,0.5395907397331495,1,0,0,mixture/0.5/8/5/19
0.5,8,19,0,1000,200,5,constant,geomean,0.10276186062932109,8,1,1,mixture/0.5/8/5/19
0.5,8,19,0,1000,200,5,constant,ratio,0.05799999999999994,8,1,1,mixture/0.5/8/5/19
0.5,8,19,0,1000,200,5,constant,ratio-half,0.05799999999999994,8,1,1,mixture/0.5/8/5/19
0.5,8,19,0,1000,200,5,constant,asw-pam,,2,0,0,mixture/0.5/8/5/19
0.5,8,19,0,1000,200,5,constant,asw-average,,6,0,0,mixture/0.5/8/5/19
0.5,9,0,0,1000,200,5,constant,stated,0.5395907397331495,1,0,0,mixture/0.5/9/5/0
0.5,9,0,0,1000,200,5,constant,geomean,0.10133114032714725,9,1,1,mixture/0.5/9/5/0
0.5,9,0,0,1000,200,5,constant,ratio,0.05600000000000005,9,1,1,mixture/0.5/9/5/0
0.5,9,0,0,1000,200,5,constant,ratio-half,0.05600000000000005,9,1,1,mixture/0.5/9/5/0
0.5,9,0,0,1000,200,5,constant,asw-pam,,9,1,1,mixture/0.5/9/5/0
0.5,9,0,0,1000,200,5,constant,asw-average,,8,0,0,mixture/0.5/9/5/0
0.5,9,1,0,1000,200,5,constant,stated,0.5395907397331495,1,0,0,mixture/0.5/9/5/1
0.5,9,1,0,1000,200,5,constant,geomean,0.0922605007573664,8,0,0,mixture/0.5/9/5/1
0.5,9,1,0,1000,200,5,constant,ratio,0.05399999999999994,8,0,0,mixture/0.5/9/5/1
0.5,9,1,0,1000,200,5,constant,ratio-half,0.05399999999999994,8,0,0,mixture/0.5/9/5/1
0.5,9,1,0,1000,200,5,constant,asw-pam,,7,0,0,mixture/0.5/9/5/1
0.5,9,1,0,1000,200,5,constant,asw-average,,2,0,0,mixture/0.5/9/5/1
0.5,9,2,0,1000,200,5,constant,stated,0.5395907397331495,1,0,0,mixture/0.5/9/5/2
0.5,9,2,0,1000,200,5,constant,geomean,0.0888144132446981,9,1,1,mixture/0.5/9/5/2
0.5,9,2,0,1000,200,5,constant,ratio,0.061999999999999944,9,1,1,mixture/0.5/9/5/2
0.5,9,2,0,1000,200,5,constant,ratio-half,0.061999999999999944,9,1,1,mixture/0.5/9/5/2
0.5,9,2,0,1000,200,5,constant,asw-pam,,9,1,1,mixture/0.5/9/5/2
0.5,9,2,0,1000,200,5,constant,asw-average,,9,1,1,mixture/0.5/9/5/2
0.5,9,3,0,1000,200,5,constant,stated,0.5395907397331495,1,0,0,mixture/0.5/9/5/3
0.5,9,3,0,1000,200,5,constant,geomean,0.11865917579353065,9,1,1,mixture/0.5/9/5/3
0.5,9,3,0,1000,200,5,constant,ratio,0.051999999999999935,9,1,1,mixture/0.5/9/5/3
0.5,9,3,0,1000,200,5,constant,ratio-half,0.051999999999999935,9,1,1,mixture/0.5/9/5/3
0.5,9,3,0,1000,200,5,constant,asw-pam,,3,0,0,mixture/0.5/9/5/3
0.5,9,3,0,1000,200,5,constant,asw-average,,2,0,0,mixture/0.5/9/5/3
0.5,9,4,0,1000,200,5,constant,stated,0.5395907397331495,1,0,0,mixture/0.5/9/5/4
0.5,9,4,0,1000,200,5,constant,geomean,0.10365326815879956,9,1,1,mixture/0.5/9/5/4
0.5,9,4,0,1000,200,5,constant,ratio,0.05599999999999994,9,1,1,mixture/0.5/9/5/4
0.5,9,4,0,1000,200,5,constant,ratio-half,0.05599999999999994,9,1,1,mixture/0.5/9/5/4
0.5,9,4,0,1000,200,5,constant,asw-pam,,5,0,0,mixture/0.5/9/5/4
0.5,9,4,0,1000,200,5,constant,asw-average,,5,0,0,mixture/0.5/9/5/4
0.5,9,5,0,1000,200,5,constant,stated,0.5395907397331495,2,0,0,mixture/0.5/9/5/5
0.5,9,5,0,1000,200,5,constant,geomean,0.14198591479439085,9,1,1,mixture/0.5/9/5/5
0.5,9,5,0,1000,200,5,constant,ratio,0.05999999999999983,9,1,1,mixture/0.5/9/5/5
0.5,9,5,0,1000,200,5,constant,ratio-half,0.05999999999999983,9,1,1,mixture/0.5/9/5/5
0.5,9,5,0,1000,200,5,constant,asw-pam,,2,0,0,mixture/0.5/9/5/5
0.5,9,5,0,1000,200,5,constant,asw-average,,2,0,0,mixture/0.5/9/5/5
0.5,9,6,0,1000,200,5,constant,stated,0.5395907397331495,1,0,0,mixture/0.5/9/5/6
0.5,9,6,0,1000,200,5,constant,geomean,0.09997999799959995,9,1,1,mixture/0.5/9/5/6
0.5,9,6,0,1000,200,5,constant,ratio,0.050000000000000044,10,0,0,mixture/0.5/9/5/6
0.5,9,6,0,1000,200,5,constant,ratio-half,0.050000000000000044,10,0,0,mixture/0.5/9/5/6
0.5,9,6,0,1000,200,5,constant,asw-pam,,9,1,1,mixture/0.5/9/5/6
0.5,9,6,0,1000,200,5,constant,asw-average,,8,0,0,mixture/0.5/9/5/6
0.5,9,7,0,1000,200,5,constant,stated,0.5395907397331495,1,0,0,mixture/0.5/9/5/7
0.5,9,7,0,1000,200,5,constant,geomean,0.11849050594878907,9,1,0,mixture/0.5/9/5/7
0.5,9,7,0,1000,200,5,constant,ratio,0.16599999999999993,5,0,0,mixture/0.5/9/5/7
0.5,9,7,0,1000,200,5,constant,ratio-half,0.16599999999999993,5,0,0,mixture/0.5/9/5/7
0.5,9,7,0,1000,200,5,constant,asw-pam,,2,0,0,mixture/0.5/9/5/7
0.5,9,7,0,1000,200,5,constant,asw-average,,2,0,0,mixture/0.5/9/5/7
0.5,9,8,0,1000,200,5,constant,stated,0.5395907397331495,1,0,0,mixture/0.5/9/5/8
0.5,9,8,0,1000,200,5,constant,geomean,0.10495713410721545,9,1,1,mixture/0.5/9/5/8
0.5,9,8,0,1000,200,5,constant,ratio,0.04600000000000004,9,1,1,mixture/0.5/9/5/8
0.5,9,8,0,1000,200,5,constant,ratio-half,0.04600000000000004,9,1,1,mixture/0.5/9/5/8
0.5,9,8,0,1000,200,5,constant,asw-pam,,2,0,0,mixture/0.5/9/5/8
0.5,9,8,0,1000,200,5,constant,asw-average,,2,0,0,mixture/0.5/9/5/8
0.5,9,9,0,1000,200,5,constant,stated,0.5395907397331495,2,0,0,mixture/0.5/9/5/9
0.5,9,9,0,1000,200,5,constant,geomean,0.148202564080383,9,1,1,mixture/0.5/9/5/9
0.5,9,9,0,1000,200,5,constant,ratio,0.21800000000000008,2,0,0,mixture/0.5/9/5/9
0.5,9,9,0,1000,200,5,constant,ratio-half,0.21800000000000008,2,0,0,mixture/0.5/9/5/9
0.5,9,9,0,1000,200,5,constant,asw-pam,,2,0,0,mixture/0.5/9/5/9
0.5,9,9,0,1000,200,5,constant,asw-average,,2,0,0,mixture/0.5/9/5/9
0.5,9,10,0,1000,200,5,constant,stated,0.5395907397331495,1,0,0,mixture/0.5/9/5/10
0.5,9,10,0,1000,200,5,constant,geomean,0.09895453501482374,9,1,1,mixture/0.5/9/5/10
0.5,9,10,0,1000,200,5,constant,ratio,0.05400000000000005,9,1,1,mixture/0.5/9/5/10
0.5,9,10,0,1000,200,5,constant,ratio-half,0.05400000000000005,9,1,1,mixture/0.5/9/5/10
0.5,9,10,0,1000,200,5,constant,asw-pam,,9,1,1,mixture/0.5/9/5/10
0.5,9,10,0,1000,200,5,constant,asw-average,,8,0,0,mixture/0.5/9/5/10
0.5,9,11,0,1000,200,5,constant,stated,0.5395907397331495,1,0,0,mixture/0.5/9/5/11
0.5,9,11,0,1000,200,5,constant,geomean,0.11835539700410798,7,0,0,mixture/0.5/9/5/11
0.5,9,11,0,1000,200,5,constant,ratio,0.236,2,0,0,mixture/0.5/9/5/11
0.5,9,11,0,1000,200,5,constant,ratio-half,0.236,2,0,0,mixture/0.5/9/5/11
0.5,9,11,0,1000,200,5,constant,asw-pam,,3,0,0,mixture/0.5/9/5/11
0.5,9,11,0,1000,200,5,constant,asw-average,,3,0,0,mixture/0.5/9/5/11
0.5,9,12,0,1000,200,5,constant,stated,0.5395907397331495,1,0,0,mixture/0.5/9/5/12
0.5,9,12,0,1000,200,5,constant,geomean,0.09600000000000004,9,1,1,mixture/0.5/9/5/12
0.5,9,12,0,1000,200,5,constant,ratio,0.052000000000000046,9,1,1,mixture/0.5/9/5/12
0.5,9,12,0,1000,200,5,constant,ratio-half,0.052000000000000046,9,1,1,mixture/0.5/9/5/12
0.5,9,12,0,1000,200,5,constant,asw-pam,,2,0,0,mixture/0.5/9/5/12
0.5,9,12,0,1000,200,5,constant,asw-average,,2,0,0,mixture/0.5/9/5/12
0.5,9,13,0,1000,200,5,constant,stated,0.5395907397331495,1,0,0,mixture/0.5/9/5/13
0.5,9,13,0,1000,200,5,constant,geomean,0.11523888232710336,8,0,0,mixture/0.5/9/5/13
0.5,9,13,0,1000,200,5,constant,ratio,0.10399999999999998,8,0,0,mixture/0.5/9/5/13
0.5,9,13,0,1000,200,5,constant,ratio-half,0.10399999999999998,8,0,0,mixture/0.5/9/5/13
0.5,9,13,0,1000,200,5,constant,asw-pam,,8,0,0,mixture/0.5/9/5/13
0.5,9,13,0,1000,200,5,constant,asw-average,,6,0,0,mixture/0.5/9/5/13
0.5,9,14,0,1000,200,5,constant,stated,0.5395907397331495,1,0,0,mixture/0.5/9/5/14
0.5,9,14,0,1000,200,5,constant,geomean,0.08694826047713655,9,1,1,mixture/0.5/9/5/14
0.5,9,14,0,1000,200,5,constant,ratio,0.05799999999999994,9,1,1,mixture/0.5/9/5/14
0.5,9,14,0,1000,200,5,constant,ratio-half,0.05799999999999994,9,1,1,mixture/0.5/9/5/14
0.5,9,14,0,1000,200,5,constant,asw-pam,,2,0,0,mixture/0.5/9/5/14
0.5,9,14,0,1000,200,5,constant,asw-average,,2,0,0,mixture/0.5/9/5/14
0.5,9,15,0,1000,200,5,constant,stated,0.5395907397331495,1,0,0,mixture/0.5/9/5/15
0.5,9,15,0,1000,200,5,constant,geomean,0.12296340919151504,9,1,1,mixture/0.5/9/5/15
0.5,9,15,0,1000,200,5,constant,ratio,0.06599999999999995,9,1,1,mixture/0.5/9/5/15
0.5,9,15,0,1000,200,5,constant,ratio-half,0.06599999999999995,9,1,1,mixture/0.5/9/5/15
0.5,9,15,0,1000,200,5,constant,asw-pam,,9,1,1,mixture/0.5/9/5/15
0.5,9,15,0,1000,200,5,constant,asw-average,,9,1,1,mixture/0.5/9/5/15
0.5,9,16,0,1000,200,5,constant,stated,0.5395907397331495,1,0,0,mixture/0.5/9/5/16
0.5,9,16,0,1000,200,5,constant,geomean,0.10461357464497621,9,1,1,mixture/0.5/9/5/16
0.5,9,16,0,1000,200,5,constant,ratio,0.05599999999999983,9,1,1,mixture/0.5/9/5/16
0.5,9,16,0,1000,200,5,constant,ratio-half,0.05599999999999983,9,1,1,mixture/0.5/9/5/16
0.5,9,16,0,1000,200,5,constant,asw-pam,,5,0,0,mixture/0.5/9/5/16
0.5,9,16,0,1000,200,5,constant,asw-average,,6,0,0,mixture/0.5/9/5/16
0.5,9,17,0,1000,200,5,constant,stated,0.5395907397331495,1,0,0,mixture/0.5/9/5/17
0.5,9,17,0,1000,200,5,constant,geomean,0.10965400129498243,8,0,0,mixture/0.5/9/5/17
0.5,9,17,0,1000,200,5,constant,ratio,0.05999999999999983,9,1,1,mixture/0.5/9/5/17
0.5,9,17,0,1000,200,5,constant,ratio-half,0.05999999999999983,9,1,1,mixture/0.5/9/5/17
0.5,9,17,0,1000,200,5,constant,asw-pam,,6,0,0,mixture/0.5/9/5/17
0.5,9,17,0,1000,200,5,constant,asw-average,,5,0,0,mixture/0.5/9/5/17
0.5,9,18,0,1000,200,5,constant,stated,0.5395907397331495,1,0,0,mixture/0.5/9/5/18
0.5,9,18,0,1000,200,5,constant,geomean,0.08843076387773662,9,1,1,mixture/0.5/9/5/18
0.5,9,18,0,1000,200,5,constant,ratio,0.052000000000000046,9,1,1,mixture/0.5/9/5/18
0.5,9,18,0,1000,200,5,constant,ratio-half,0.052000000000000046,9,1,1,mixture/0.5/9/5/18
0.5,9,18,0,1000,200,5,constant,asw-pam,,6,0,0,mixture/0.5/9/5/18
0.5,9,18,0,1000,200,5,constant,asw-average,,6,0,0,mixture/0.5/9/5/18
0.5,9,19,0,1000,200,5,constant,stated,0.5395907397331495,1,0,0,mixture/0.5/9/5/19
0.5,9,19,0,1000,200,5,constant,geomean,0.11818629362155313,9,1,1,mixture/0.5/9/5/19
0.5,9,19,0,1000,200,5,constant,ratio,0.05400000000000005,9,1,1,mixture/0.5/9/5/19
0.5,9,19,0,1000,200,5,constant,ratio-half,0.05400000000000005,9,1,1,mixture/0.5/9/5/19
0.5,9,19,0,1000,200,5,constant,asw-pam,,9,1,1,mixture/0.5/9/5/19
0.5,9,19,0,1000,200,5,constant,asw-average,,8,0,0,mixture/0.5/9/5/19
0.5,10,0,0,1000,200,5,constant,stated,0.5395907397331495,1,0,0,mixture/0.5/10/5/0
0.5,10,0,0,1000,200,5,constant,geomean,0.08836288813749812,10,1,1,mixture/0.5/10/5/0
0.5,10,0,0,1000,200,5,constant,ratio,0.06000000000000005,10,1,1,mixture/0.5/10/5/0
0.5,10,0,0,1000,200,5,constant,ratio-half,0.06000000000000005,10,1,1,mixture/0.5/10/5/0
0.5,10,0,0,1000,200,5,constant,asw-pam,,10,1,1,mixture/0.5/10/5/0
0.5,10,0,0,1000,200,5,constant,asw-average,,8,0,0,mixture/0.5/10/5/0
0.5,10,1,0,1000,200,5,constant,stated,0.5395907397331495,1,0,0,mixture/0.5/10/5/1
0.5,10,1,0,1000,200,5,constant,geomean,0.11094142598686935,10,1,1,mixture/0.5/10/5/1
0.5,10,1,0,1000,200,5,constant,ratio,0.07600000000000007,10,1,1,mixture/0.5/10/5/1
0.5,10,1,0,1000,200,5,constant,ratio-half,0.07600000000000007,10,1,1,mixture/0.5/10/5/1
0.5,10,1,0,1000,200,5,constant,asw-pam,,10,1,1,mixture/0.5/10/5/1
0.5,10,1,0,1000,200,5,constant,asw-average,,10,1,1,mixture/0.5/10/5/1
0.5,10,2,0,1000,200,5,constant,stated,0.5395907397331495,1,0,0,mixture/0.5/10/5/2
0.5,10,2,0,1000,200,5,constant,geomean,0.09895453501482387,10,1,1,mixture/0.5/10/5/2
0.5,10,2,0,1000,200,5,constant,ratio,0.050000000000000044,10,1,1,mixture/0.5/10/5/2
0.5,10,2,0,1000,200,5,constant,ratio-half,0.050000000000000044,10,1,1,mixture/0.5/10/5/2
0.5,10,2,0,1000,200,5,constant,asw-pam,,8,0,0,mixture/0.5/10/5/2
0.5,10,2,0,1000,200,5,constant,asw-average,,8,0,0,mixture/0.5/10/5/2
0.5,10,3,0,1000,200,5,constant,stated,0.5395907397331495,1,0,0,mixture/0.5/10/5/3
0.5,10,3,0,1000,200,5,constant,geomean,0.09465727652959376,10,1,1,mixture/0.5/10/5/3
0.5,10,3,0,1000,200,5,constant,ratio,0.08600000000000008,10,1,1,mixture/0.5/10/5/3
0.5,10,3,0,1000,200,5,constant,ratio-half,0.08600000000000008,10,1,1,mixture/0.5/10/5/3
0.5,10,3,0,1000,200,5,constant,asw-pam,,7,0,0,mixture/0.5/10/5/3
0.5,10,3,0,1000,200,5,constant,asw-average,,8,0,0,mixture/0.5/10/5/3
0.5,10,4,0,1000,200,5,constant,stated,0.5395907397331495,1,0,0,mixture/0.5/10/5/4
0.5,10,4,0,1000,200,5,constant,geomean,0.1304760514424008,9,0,0,mixture/0.5/10/5/4
0.5,10,4,0,1000,200,5,constant,ratio,0.061999999999999944,10,1,1,mixture/0.5/10/5/4
0.5,10,4,0,1000,200,5,constant,ratio-half,0.061999999999999944,10,1,1,mixture/0.5/10/5/4
0.5,10,4,0,1000,200,5,constant,asw-pam,,3,0,0,mixture/0.5/10/5/4
0.5,10,4,0,1000,200,5,constant,asw-average,,7,0,0,mixture/0.5/10/5/4
0.5,10,5,0,1000,200,5,constant,stated,0.5395907397331495,1,0,0,mixture/0.5/10/5/5
0.5,10,5,0,1000,200,5,constant,geomean,0.1290736224021005,8,0,0,mixture/0.5/10/5/5
0.5,10,5,0,1000,200,5,constant,ratio,0.25199999999999995,2,0,0,mixture/0.5/10/5/5
0.5,10,5,0,1000,200,5,constant,ratio-half,0.25199999999999995,2,0,0,mixture/0.5/10/5/5
0.5,10,5,0,1000,200,5,constant,asw-pam,,9,0,0,mixture/0.5/10/5/5
0.5,10,5,0,1000,200,5,constant,asw-average,,2,0,0,mixture/0.5/10/5/5
0.5,10,6,0,1000,200,5,constant,stated,0.5395907397331495,1,0,0,mixture/0.5/10/5/6
0.5,10,6,0,1000,200,5,constant,geomean,0.08736131867136614,10,1,1,mixture/0.5/10/5/6
0.5,10,6,0,1000,200,5,constant,ratio,0.051999999999999935,10,1,1,mixture/0.5/10/5/6
0.5,10,6,0,1000,200,5,constant,ratio-half,0.051999999999999935,10,1,1,mixture/0.5/10/5/6
0.5,10,6,0,1000,200,5,constant,asw-pam,,10,1,1,mixture/0.5/10/5/6
0.5,10,6,0,1000,200,5,constant,asw-average,,9,0,0,mixture/0.5/10/5/6
0.5,10,7,0,1000,200,5,constant,stated,0.5395907397331495,1,0,0,mixture/0.5/10/5/7
0.5,10,7,0,1000,200,5,constant,geomean,0.10751744044572493,10,1,1,mixture/0.5/10/5/7
0.5,10,7,0,1000,200,5,constant,ratio,0.07599999999999996,10,1,1,mixture/0.5/10/5/7
0.5,10,7,0,1000,200,5,constant,ratio-half,0.07599999999999996,10,1,1,mixture/0.5/10/5/7
0.5,10,7,0,1000,200,5,constant,asw-pam,,10,1,1,mixture/0.5/10/5/7
0.5,10,7,0,1000,200,5,constant,asw-average,,6,0,0,mixture/0.5/10/5/7
0.5,10,8,0,1000,200,5,constant,stated,0.5395907397331495,2,0,0,mixture/0.5/10/5/8
0.5,10,8,0,1000,200,5,constant,geomean,0.15316657598836642,7,0,0,mixture/0.5/10/5/8
0.5,10,8,0,1000,200,5,constant,ratio,0.304,2,0,0,mixture/0.5/10/5/8
0.5,10,8,0,1000,200,5,constant,ratio-half,0.304,2,0,0,mixture/0.5/10/5/8
0.5,10,8,0,1000,200,5,constant,asw-pam,,2,0,0,mixture/0.5/10/5/8
0.5,10,8,0,1000,200,5,constant,asw-average,,2,0,0,mixture/0.5/10/5/8
0.5,10,9,0,1000,200,5,constant,stated,0.5395907397331495,1,0,0,mixture/0.5/10/5/9
0.5,10,9,0,1000,200,5,constant,geomean,0.0956242647030554,10,1,1,mixture/0.5/10/5/9
0.5,10,9,0,1000,200,5,constant,ratio,0.06399999999999983,10,1,1,mixture/0.5/10/5/9
0.5,10,9,0,1000,200,5,constant,ratio-half,0.06399999999999983,10,1,1,mixture/0.5/10/5/9
0.5,10,9,0,1000,200,5,constant,asw-pam,,10,1,1,mixture/0.5/10/5/9
0.5,10,9,0,1000,200,5,constant,asw-average,,10,1,1,mixture/0.5/10/5/9
0.5,10,10,0,1000,200,5,constant,stated,0.5395907397331495,1,0,0,mixture/0.5/10/5/10
0.5,10,10,0,1000,200,5,constant,geomean,0.10853570840972114,10,1,1,mixture/0.5/10/5/10
0.5,10,10,0,1000,200,5,constant,ratio,0.06799999999999995,10,1,1,mixture/0.5/10/5/10
0.5,10,10,0,1000,200,5,constant,ratio-half,0.06799999999999995,10,1,1,mixture/0.5/10/5/10
0.5,10,10,0,1000,200,5,constant,asw-pam,,10,1,1,mixture/0.5/10/5/10
0.5,10,10,0,1000,200,5,constant,asw-average,,10,1,1,mixture/0.5/10/5/10
0.5,10,11,0,1000,200,5,constant,stated,0.5395907397331495,1,0,0,mixture/0.5/10/5/11
0.5,10,11,0,1000,200,5,constant,geomean,0.13443213901444853,9,0,0,mixture/0.5/10/5/11
0.5,10,11,0,1000,200,5,constant,ratio,0.05400000000000005,10,1,1,mixture/0.5/10/5/11
0.5,10,11,0,1000,200,5,constant,ratio-half,0.05400000000000005,10,1,1,mixture/0.5/10/5/11
0.5,10,11,0,1000,200,5,constant,asw-pam,,9,0,0,mixture/0.5/10/5/11
0.5,10,11,0,1000,200,5,constant,asw-average,,2,0,0,mixture/0.5/10/5/11
0.5,10,12,0,1000,200,5,constant,stated,0.5395907397331495,1,0,0,mixture/0.5/10/5/12
0.5,10,12,0,1000,200,5,constant,geomean,0.1069953270007621,9,0,0,mixture/0.5/10/5/12
0.5,10,12,0,1000,200,5,constant,ratio,0.06600000000000006,10,1,1,mixture/0.5/10/5/12
0.5,10,12,0,1000,200,5,constant,ratio-half,0.06600000000000006,10,1,1,mixture/0.5/10/5/12
0.5,10,12,0,1000,200,5,constant,asw-pam,,8,0,0,mixture/0.5/10/5/12
0.5,10,12,0,1000,200,5,constant,asw-average,,2,0,0,mixture/0.5/10/5/12
0.5,10,13,0,1000,200,5,constant,stated,0.5395907397331495,1,0,0,mixture/0.5/10/5/13
0.5,10,13,0,1000,200,5,constant,geomean,0.1281249390243756,10,1,1,mixture/0.5/10/5/13
0.5,10,13,0,1000,200,5,constant,ratio,0.21399999999999997,2,0,0,mixture/0.5/10/5/13
0.5,10,13,0,1000,200,5,constant,ratio-half,0.21399999999999997,2,0,0,mixture/0.5/10/5/13
0.5,10,13,0,1000,200,5,constant,asw-pam,,2,0,0,mixture/0.5/10/5/13
0.5,10,13,0,1000,200,5,constant,asw-average,,2,0,0,mixture/0.5/10/5/13
0.5,10,14,0,1000,200,5,constant,stated,0.5395907397331495,1,0,0,mixture/0.5/10/5/14
0.5,10,14,0,1000,200,5,constant,geomean,0.13389548162652823,10,1,1,mixture/0.5/10/5/14
0.5,10,14,0,1000,200,5,constant,ratio,0.07799999999999996,10,1,1,mixture/0.5/10/5/14
0.5,10,14,0,1000,200,5,constant,ratio-half,0.07799999999999996,10,1,1,mixture/0.5/10/5/14
0.5,10,14,0,1000,200,5,constant,asw-pam,,2,0,0,mixture/0.5/10/5/14
0.5,10,14,0,1000,200,5,constant,asw-average,,2,0,0,mixture/0.5/10/5/14
0.5,10,15,0,1000,200,5,constant,stated,0.5395907397331495,1,0,0,mixture/0.5/10/5/15
0.5,10,15,0,1000,200,5,constant,geomean,0.08694826047713654,11,0,0,mixture/0.5/10/5/15
0.5,10,15,0,1000,200,5,constant,ratio,0.09200000000000008,10,1,1,mixture/0.5/10/5/15
0.5,10,15,0,1000,200,5,constant,ratio-half,0.09200000000000008,10,1,1,mixture/0.5/10/5/15
0.5,10,15,0,1000,200,5,constant,asw-pam,,10,1,1,mixture/0.5/10/5/15
0.5,10,15,0,1000,200,5,constant,asw-average,,8,0,0,mixture/0.5/10/5/15
0.5,10,16,0,1000,200,5,constant,stated,0.5395907397331495,1,0,0,mixture/0.5/10/5/16
0.5,10,16,0,1000,200,5,constant,geomean,0.13760813929415644,9,0,0,mixture/0.5/10/5/16
0.5,10,16,0,1000,200,5,constant,ratio,0.05600000000000005,10,1,1,mixture/0.5/10/5/16
0.5,10,16,0,1000,200,5,constant,ratio-half,0.05600000000000005,10,1,1,mixture/0.5/10/5/16
0.5,10,16,0,1000,200,5,constant,asw-pam,,8,0,0,mixture/0.5/10/5/16
0.5,10,16,0,1000,200,5,constant,asw-average,,8,0,0,mixture/0.5/10/5/16
0.5,10,17,0,1000,200,5,constant,stated,0.5395907397331495,1,0,0,mixture/0.5/10/5/17
0.5,10,17,0,1000,200,5,constant,geomean,0.10182337649086287,10,1,1,mixture/0.5/10/5/17
0.5,10,17,0,1000,200,5,constant,ratio,0.061999999999999944,10,1,1,mixture/0.5/10/5/17
0.5,10,17,0,1000,200,5,constant,ratio-half,0.061999999999999944,10,1,1,mixture/0.5/10/5/17
0.5,10,17,0,1000,200,5,constant,asw-pam,,10,1,1,mixture/0.5/10/5/17
0.5,10,17,0,1000,200,5,constant,asw-average,,7,0,0,mixture/0.5/10/5/17
0.5,10,18,0,1000,200,5,constant,stated,0.5395907397331495,1,0,0,mixture/0.5/10/5/18
0.5,10,18,0,1000,200,5,constant,geomean,0.0918477000256403,10,1,1,mixture/0.5/10/5/18
0.5,10,18,0,1000,200,5,constant,ratio,0.07000000000000006,10,1,1,mixture/0.5/10/5/18
0.5,10,18,0,1000,200,5,constant,ratio-half,0.07000000000000006,10,1,1,mixture/0.5/10/5/18
0.5,10,18,0,1000,200,5,constant,asw-pam,,10,1,1,mixture/0.5/10/5/18
0.5,10,18,0,1000,200,5,constant,asw-average,,9,0,0,mixture/0.5/10/5/18
0.5,10,19,0,1000,200,5,constant,stated,0.5395907397331495,1,0,0,mixture/0.5/10/5/19
0.5,10,19,0,1000,200,5,constant,geomean,0.11665333257134154,9,0,0,mixture/0.5/10/5/19
0.5,10,19,0,1000,200,5,constant,ratio,0.11399999999999999,9,0,0,mixture/0.5/10/5/19
0.5,10,19,0,1000,200,5,constant,ratio-half,0.11399999999999999,9,0,0,mixture/0.5/10/5/19
0.5,10,19,0,1000,200,5,constant,asw-pam,,5,0,0,mixture/0.5/10/5/19
0.5,10,19,0,1000,200,5,constant,asw-average,,4,0,0,mixture/0.5/10/5/19
1.0,2,0,0,1000,200,5,constant,stated,0.5395907397331495,1,0,0,mixture/1.0/2/5/0
1.0,2,0,0,1000,200,5,constant,geomean,0.07236021006050221,2,1,1,mixture/1.0/2/5/0
1.0,2,0,0,1000,200,5,constant,ratio,0.050000000000000044,2,1,1,mixture/1.0/2/5/0
1.0,2,0,0,1000,200,5,constant,ratio-half,0.050000000000000044,2,1,1,mixture/1.0/2/5/0
1.0,2,0,0,1000,200,5,constant,asw-pam,,2,1,1,mixture/1.0/2/5/0
1.0,2,0,0,1000,200,5,constant,asw-average,,2,1,1,mixture/1.0/2/5/0
1.0,2,1,0,1000,200,5,constant,stated,0.5395907397331495,1,0,0,mixture/1.0/2/5/1
1.0,2,1,0,1000,200,5,constant,geomean,0.06740919818541076,2,1,1,mixture/1.0/2/5/1
1.0,2,1,0,1000,200,5,constant,ratio,0.04600000000000004,2,1,1,mixture/1.0/2/5/1
1.0,2,1,0,1000,200,5,constant,ratio-half,0.04600000000000004,2,1,1,mixture/1.0/2/5/1
1.0,2,1,0,1000,200,5,constant,asw-pam,,2,1,1,mixture/1.0/2/5/1
1.0,2,1,0,1000,200,5,constant,asw-average,,2,1,1,mixture/1.0/2/5/1
1.0,2,2,0,1000,200,5,constant,stated,0.5395907397331495,1,0,0,mixture/1.0/2/5/2
1.0,2,2,0,1000,200,5,constant,geomean,0.06734983296193083,2,1,1,mixture/1.0/2/5/2
1.0,2,2,0,1000,200,5,constant,ratio,0.03600000000000003,2,1,1,mixture/1.0/2/5/2
1.0,2,2,0,1000,200,5,constant,ratio-half,0.03600000000000003,2,1,1,mixture/1.0/2/5/2
1.0,2,2,0,1000,200,5,constant,asw-pam,,2,1,1,mixture/1.0/2/5/2
1.0,2,2,0,1000,200,5,constant,asw-average,,2,1,1,mixture/1.0/2/5/2
1.0,2,3,0,1000,200,5,constant,stated,0.5395907397331495,1,0,0,mixture/1.0/2/5/3
1.0,2,3,0,1000,200,5,constant,geomean,0.06752777206453657,2,1,1,mixture/1.0/2/5/3
1.0,2,3,0,1000,200,5,constant,ratio,0.03799999999999992,2,1,1,mixture/1.0/2/5/3
1.0,2,3,0,1000,200,5,constant,ratio-half,0.03799999999999992,2,1,1,mixture/1.0/2/5/3
1.0,2,3,0,1000,200,5,constant,asw-pam,,2,1,1,mixture/1.0/2/5/3
1.0,2,3,0,1000,200,5,constant,asw-average,,2,1,1,mixture/1.0/2/5/3
1.0,2,4,0,1000,200,5,constant,stated,0.5395907397331495,1,0,0,mixture/1.0/2/5/4
1.0,2,4,0,1000,200,5,constant,geomean,0.07884161337770815,2,1,1,mixture/1.0/2/5/4
1.0,2,4,0,1000,200,5,constant,ratio,0.04799999999999993,2,1,1,mixture/1.0/2/5/4
1.0,2,4,0,1000,200,5,constant,ratio-half,0.04799999999999993,2,1,1,mixture/1.0/2/5/4
1.0,2,4,0,1000,200,5,constant,asw-pam,,2,1,1,mixture/1.0/2/5/4
1.0,2,4,0,1000,200,5,constant,asw-average,,2,1,1,mixture/1.0/2/5/4
1.0,2,5,0,1000,200,5,constant,stated,0.5395907397331495,1,0,0,mixture/1.0/2/5/5
1.0,2,5,0,1000,200,5,constant,geomean,0.057965506984757775,2,1,1,mixture/1.0/2/5/5
1.0,2,5,0,1000,200,5,constant,ratio,0.038000000000000034,2,1,1,mixture/1.0/2/5/5
1.0,2,5,0,1000,200,5,constant,ratio-half,0.038000000000000034,2,1,1,mixture/1.0/2/5/5
1.0,2,5,0,1000,200,5,constant,asw-pam,,2,1,0,mixture/1.0/2/5/5
1.0,2,5,0,1000,200,5,constant,asw-average,,2,1,1,mixture/1.0/2/5/5
1.0,2,6,0,1000,200,5,constant,stated,0.5395907397331495,1,0,0,mixture/1.0/2/5/6
1.0,2,6,0,1000,200,5,constant,geomean,0.08687922651589393,2,1,1,mixture/1.0/2/5/6
1.0,2,6,0,1000,200,5,constant,ratio,0.04399999999999993,2,1,1,mixture/1.0/2/5/6
1.0,2,6,0,1000,200,5,constant,ratio-half,0.04399999999999993,2,1,1,mixture/1.0/2/5/6
1.0,2,6,0,1000,200,5,constant,asw-pam,,2,1,1,mixture/1.0/2/5/6
1.0,2,6,0,1000,200,5,constant,asw-average,,2,1,1,mixture/1.0/2/5/6
1.0,2,7,0,1000,200,5,constant,stated,0.5395907397331495,1,0,0,mixture/1.0/2/5/7
1.0,2,7,0,1000,200,5,constant,geomean,0.05585696017507568,2,1,1,mixture/1.0/2/5/7
1.0,2,7,0,1000,200,5,constant,ratio,0.041999999999999926,2,1,1,mixture/1.0/2/5/7
1.0,2,7,0,1000,200,5,constant,ratio-half,0.041999999999999926,2,1,1,mixture/1.0/2/5/7
1.0,2,7,0,1000,200,5,constant,asw-pam,,2,1,1,mixture/1.0/2/5/7
1.0,2,7,0,1000,200,5,constant,asw-average,,2,1,1,mixture/1.0/2/5/7
1.0,2,8,0,1000,200,5,constant,stated,0.5395907397331495,1,0,0,mixture/1.0/2/5/8
1.0,2,8,0,1000,200,5,constant,geomean,0.06480740698407864,2,1,1,mixture/1.0/2/5/8
1.0,2,8,0,1000,200,5,constant,ratio,0.038000000000000034,2,1,1,mixture/1.0/2/5/8
1.0,2,8,0,1000,200,5,constant,ratio-half,0.038000000000000034,2,1,1,mixture/1.0/2/5/8
1.0,2,8,0,1000,200,5,constant,asw-pam,,2,1,1,mixture/1.0/2/5/8
1.0,2,8,0,1000,200,5,constant,asw-average,,2,1,1,mixture/1.0/2/5/8
1.0,2,9,0,1000,200,5,constant,stated,0.5395907397331495,1,0,0,mixture/1.0/2/5/9
1.0,2,9,0,1000,200,5,constant,geomean,0.06788225099390847,2,1,1,mixture/1.0/2/5/9
1.0,2,9,0,1000,200,5,constant,ratio,0.038000000000000034,2,1,1,mixture/1.0/2/5/9
1.0,2,9,0,1000,200,5,constant,ratio-half,0.038000000000000034,2,1,1,mixture/1.0/2/5/9
1.0,2,9,0,1000,200,5,constant,asw-pam,,2,1,1,mixture/1.0/2/5/9
1.0,2,9,0,1000,200,5,constant,asw-average,,2,1,1,mixture/1.0/2/5/9
1.0,2,10,0,1000,200,5,constant,stated,0.5395907397331495,1,0,0,mixture/1.0/2/5/10
1.0,2,10,0,1000,200,5,constant,geomean,0.08590692637965816,2,1,1,mixture/1.0/2/5/10
1.0,2,10,0,1000,200,5,constant,ratio,0.03600000000000003,2,1,1,mixture/1.0/2/5/10
1.0,2,10,0,1000,200,5,constant,ratio-half,0.03600000000000003,2,1,1,mixture/1.0/2/5/10
1.0,2,10,0,1000,200,5,constant,asw-pam,,2,1,1,mixture/1.0/2/5/10
1.0,2,10,0,1000,200,5,constant,asw-average,,2,1,1,mixture/1.0/2/5/10
1.0,2,11,0,1000,200,5,constant,stated,0.5395907397331495,1,0,0,mixture/1.0/2/5/11
1.0,2,11,0,1000,200,5,constant,geomean,0.09262828941527533,2,1,1,mixture/1.0/2/5/11
1.0,2,11,0,1000,200,5,constant,ratio,0.040000000000000036,2,1,1,mixture/1.0/2/5/11
1.0,2,11,0,1000,200,5,constant,ratio-half,0.040000000000000036,2,1,1,mixture/1.0/2/5/11
1.0,2,11,0,1000,200,5,constant,asw-pam,,2,1,1,mixture/1.0/2/5/11
1.0,2,11,0,1000,200,5,constant,asw-average,,2,1,1,mixture/1.0/2/5/11
1.0,2,12,0,1000,200,5,constant,stated,0.5395907397331495,1,0,0,mixture/1.0/2/5/12
1.0,2,12,0,1000,200,5,constant,geomean,0.06693280212272597,2,1,1,mixture/1.0/2/5/12
1.0,2,12,0,1000,200,5,constant,ratio,0.03799999999999992,2,1,1,mixture/1.0/2/5/12
1.0,2,12,0,1000,200,5,constant,ratio-half,0.03799999999999992,2,1,1,mixture/1.0/2/5/12
1.0,2,12,0,1000,200,5,constant,asw-pam,,2,1,1,mixture/1.0/2/5/12
1.0,2,12,0,1000,200,5,constant,asw-average,,2,1,1,mixture/1.0/2/5/12
1.0,2,13,0,1000,200,5,constant,stated,0.5395907397331495,1,0,0,mixture/1.0/2/5/13
1.0,2,13,0,1000,200,5,constant,geomean,0.06740919818541079,2,1,1,mixture/1.0/2/5/13
1.0,2,13,0,1000,200,5,constant,ratio,0.041999999999999926,2,1,1,mixture/1.0/2/5/13
1.0,2,13,0,1000,200,5,constant,ratio-half,0.041999999999999926,2,1,1,mixture/1.0/2/5/13
1.0,2,13,0,1000,200,5,constant,asw-pam,,2,1,1,mixture/1.0/2/5/13
1.0,2,13,0,1000,200,5,constant,asw-average,,2,1,1,mixture/1.0/2/5/13
1.0,2,14,0,1000,200,5,constant,stated,0.5395907397331495,1,0,0,mixture/1.0/2/5/14
1.0,2,14,0,1000,200,5,constant,geomean,0.07628892449104265,2,1,1,mixture/1.0/2/5/14
1.0,2,14,0,1000,200,5,constant,ratio,0.039999999999999925,2,1,1,mixture/1.0/2/5/14
1.0,2,14,0,1000,200,5,constant,ratio-half,0.039999999999999925,2,1,1,mixture/1.0/2/5/14
1.0,2,14,0,1000,200,5,constant,asw-pam,,2,1,1,mixture/1.0/2/5/14
1.0,2,14,0,1000,200,5,constant,asw-average,,2,1,1,mixture/1.0/2/5/14
1.0,2,15,0,1000,200,5,constant,stated,0.5395907397331495,1,0,0,mixture/1.0/2/5/15
1.0,2,15,0,1000,200,5,constant,geomean,0.10507140429250943,2,1,1,mixture/1.0/2/5/15
1.0,2,15,0,1000,200,5,constant,ratio,0.039999999999999925,2,1,1,mixture/1.0/2/5/15
1.0,2,15,0,1000,200,5,constant,ratio-half,0.039999999999999925,2,1,1,mixture/1.0/2/5/15
1.0,2,15,0,1000,200,5,constant,asw-pam,,2,1,1,mixture/1.0/2/5/15
1.0,2,15,0,1000,200,5,constant,asw-average,,2,1,1,mixture/1.0/2/5/15
1.0,2,16,0,1000,200,5,constant,stated,0.5395907397331495,1,0,0,mixture/1.0/2/5/16
1.0,2,16,0,1000,200,5,constant,geomean,0.10533755265810942,2,1,1,mixture/1.0/2/5/16
1.0,2,16,0,1000,200,5,constant,ratio,0.04999999999999993,2,1,1,mixture/1.0/2/5/16
1.0,2,16,0,1000,200,5,constant,ratio-half,0.04999999999999993,2,1,1,mixture/1.0/2/5/16
1.0,2,16,0,1000,200,5,constant,asw-pam,,2,1,1,mixture/1.0/2/5/16
1.0,2,16,0,1000,200,5,constant,asw-average,,2,1,1,mixture/1.0/2/5/16
1.0,2,17,0,1000,200,5,constant,stated,0.5395907397331495,1,0,0,mixture/1.0/2/5/17
1.0,2,17,0,1000,200,5,constant,geomean,0.0584807660688537,2,1,1,mixture/1.0/2/5/17
1.0,2,17,0,1000,200,5,constant,ratio,0.038000000000000034,2,1,1,mixture/1.0/2/5/17
1.0,2,17,0,1000,200,5,constant,ratio-half,0.038000000000000034,2,1,1,mixture/1.0/2/5/17
1.0,2,17,0,1000,200,5,constant,asw-pam,,2,1,1,mixture/1.0/2/5/17
1.0,2,17,0,1000,200,5,constant,asw-average,,2,1,1,mixture/1.0/2/5/17
1.0,2,18,0,1000,200,5,constant,stated,0.5395907397331495,1,0,0,mixture/1.0/2/5/18
1.0,2,18,0,1000,200,5,constant,geomean,0.07628892449104265,2,1,1,mixture/1.0/2/5/18
1.0,2,18,0,1000,200,5,constant,ratio,0.04200000000000004,2,1,1,mixture/1.0/2/5/18
1.0,2,18,0,1000,200,5,constant,ratio-half,0.04200000000000004,2,1,1,mixture/1.0/2/5/18
1.0,2,18,0,1000,200,5,constant,asw-pam,,2,1,1,mixture/1.0/2/5/18
1.0,2,18,0,1000,200,5,constant,asw-average,,2,1,1,mixture/1.0/2/5/18
1.0,2,19,0,1000,200,5,constant,stated,0.5395907397331495,1,0,0,mixture/1.0/2/5/19
1.0,2,19,0,1000,200,5,constant,geomean,0.06480740698407851,2,1,1,mixture/1.0/2/5/19
1.0,2,19,0,1000,200,5,constant,ratio,0.03799999999999992,2,1,1,mixture/1.0/2/5/19
1.0,2,19,0,1000,200,5,constant,ratio-half,0.03799999999999992,2,1,1,mixture/1.0/2/5/19
1.0,2,19,0,1000,200,5,constant,asw-pam,,2,1,1,mixture/1.0/2/5/19
1.0,2,19,0,1000,200,5,constant,asw-average,,2,1,1,mixture/1.0/2/5/19
1.0,3,0,0,1000,200,5,constant,stated,0.5395907397331495,1,0,0,mixture/1.0/3/5/0
1.0,3,0,0,1000,200,5,constant,geomean,0.06609084656743326,3,1,1,mixture/1.0/3/5/0
1.0,3,0,0,1000,200,5,constant,ratio,0.038000000000000034,3,1,1,mixture/1.0/3/5/0
1.0,3,0,0,1000,200,5,constant,ratio-half,0.038000000000000034,3,1,1,mixture/1.0/3/5/0
1.0,3,0,0,1000,200,5,constant,asw-pam,,3,1,1,mixture/1.0/3/5/0
1.0,3,0,0,1000,200,5,constant,asw-average,,3,1,1,mixture/1.0/3/5/0
1.0,3,1,0,1000,200,5,constant,stated,0.5395907397331495,1,0,0,mixture/1.0/3/5/1
1.0,3,1,0,1000,200,5,constant,geomean,0.05844655678480985,3,1,1,mixture/1.0/3/5/1
1.0,3,1,0,1000,200,5,constant,ratio,0.03799999999999992,3,1,1,mixture/1.0/3/5/1
1.0,3,1,0,1000,200,5,constant,ratio-half,0.03799999999999992,3,1,1,mixture/1.0/3/5/1
1.0,3,1,0,1000,200,5,constant,asw-pam,,3,1,1,mixture/1.0/3/5/1
1.0,3,1,0,1000,200,5,constant,asw-average,,3,1,1,mixture/1.0/3/5/1
1.0,3,2,0,1000,200,5,constant,stated,0.5395907397331495,1,0,0,mixture/1.0/3/5/2
1.0,3,2,0,1000,200,5,constant,geomean,0.08504116650187724,3,1,1,mixture/1.0/3/5/2
1.0,3,2,0,1000,200,5,constant,ratio,0.04400000000000004,3,1,1,mixture/1.0/3/5/2
1.0,3,2,0,1000,200,5,constant,ratio-half,0.04400000000000004,3,1,1,mixture/1.0/3/5/2
1.0,3,2,0,1000,200,5,constant,asw-pam,,3,1,1,mixture/1.0/3/5/2
1.0,3,2,0,1000,200,5,constant,asw-average,,3,1,1,mixture/1.0/3/5/2
1.0,3,3,0,1000,200,5,constant,stated,0.5395907397331495,1,0,0,mixture/1.0/3/5/3
1.0,3,3,0,1000,200,5,constant,geomean,0.0634980314655502,3,1,1,mixture/1.0/3/5/3
1.0,3,3,0,1000,200,5,constant,ratio,0.038000000000000034,3,1,1,mixture/1.0/3/5/3
1.0,3,3,0,1000,200,5,constant,ratio-half,0.038000000000000034,3,1,1,mixture/1.0/3/5/3
1.0,3,3,0,1000,200,5,constant,asw-pam,,3,1,1,mixture/1.0/3/5/3
1.0,3,3,0,1000,200,5,constant,asw-average,,3,1,1,mixture/1.0/3/5/3
1.0,3,4,0,1000,200,5,constant,stated,0.5395907397331495,1,0,0,mixture/1.0/3/5/4
1.0,3,4,0,1000,200,5,constant,geomean,0.0799499843652268,3,1,1,mixture/1.0/3/5/4
1.0,3,4,0,1000,200,5,constant,ratio,0.04599999999999993,3,1,1,mixture/1.0/3/5/4
1.0,3,4,0,1000,200,5,constant,ratio-half,0.04599999999999993,3,1,1,mixture/1.0/3/5/4
1.0,3,4,0,1000,200,5,constant,asw-pam,,2,0,0,mixture/1.0/3/5/4
1.0,3,4,0,1000,200,5,constant,asw-average,,2,0,0,mixture/1.0/3/5/4
1.0,3,5,0,1000,200,5,constant,stated,0.5395907397331495,1,0,0,mixture/1.0/3/5/5
1.0,3,5,0,1000,200,5,constant,geomean,0.07216647421067489,3,1,1,mixture/1.0/3/5/5
1.0,3,5,0,1000,200,5,constant,ratio,0.040000000000000036,3,1,1,mixture/1.0/3/5/5
1.0,3,5,0,1000,200,5,constant,ratio-half,0.040000000000000036,3,1,1,mixture/1.0/3/5/5
1.0,3,5,0,1000,200,5,constant,asw-pam,,2,0,0,mixture/1.0/3/5/5
1.0,3,5,0,1000,200,5,constant,asw-average,,2,0,0,mixture/1.0/3/5/5
1.0,3,6,0,1000,200,5,constant,stated,0.5395907397331495,1,0,0,mixture/1.0/3/5/6
1.0,3,6,0,1000,200,5,constant,geomean,0.0857904423581089,3,1,1,mixture/1.0/3/5/6
1.0,3,6,0,1000,200,5,constant,ratio,0.04600000000000004,3,1,1,mixture/1.0/3/5/6
1.0,3,6,0,1000,200,5,constant,ratio-half,0.04600000000000004,3,1,1,mixture/1.0/3/5/6
1.0,3,6,0,1000,200,5,constant,asw-pam,,3,1,1,mixture/1.0/3/5/6
1.0,3,6,0,1000,200,5,constant,asw-average,,3,1,1,mixture/1.0/3/5/6
1.0,3,7,0,1000,200,5,constant,stated,0.5395907397331495,1,0,0,mixture/1.0/3/5/7
1.0,3,7,0,1000,200,5,constant,geomean,0.05713142742834282,3,1,1,mixture/1.0/3/5/7
1.0,3,7,0,1000,200,5,constant,ratio,0.039999999999999925,3,1,1,mixture/1.0/3/5/7
1.0,3,7,0,1000,200,5,constant,ratio-half,0.039999999999999925,3,1,1,mixture/1.0/3/5/7
1.0,3,7,0,1000,200,5,constant,asw-pam,,2,0,0,mixture/1.0/3/5/7
1.0,3,7,0,1000,200,5,constant,asw-average,,2,0,0,mixture/1.0/3/5/7
1.0,3,8,0,1000,200,5,constant,stated,0.5395907397331495,1,0,0,mixture/1.0/3/5/8
1.0,3,8,0,1000,200,5,constant,geomean,0.08485281374238558,3,1,1,mixture/1.0/3/5/8
1.0,3,8,0,1000,200,5,constant,ratio,0.038000000000000034,3,1,1,mixture/1.0/3/5/8
1.0,3,8,0,1000,200,5,constant,ratio-half,0.038000000000000034,3,1,1,mixture/1.0/3/5/8
1.0,3,8,0,1000,200,5,constant,asw-pam,,3,1,1,mixture/1.0/3/5/8
1.0,3,8,0,1000,200,5,constant,asw-average,,3,1,1,mixture/1.0/3/5/8
1.0,3,9,0,1000,200,5,constant,stated,0.5395907397331495,1,0,0,mixture/1.0/3/5/9
1.0,3,9,0,1000,200,5,constant,geomean,0.07282856582413241,3,1,1,mixture/1.0/3/5/9
1.0,3,9,0,1000,200,5,constant,ratio,0.04200000000000004,3,1,1,mixture/1.0/3/5/9
1.0,3,9,0,1000,200,5,constant,ratio-half,0.04200000000000004,3,1,1,mixture/1.0/3/5/9
1.0,3,9,0,1000,200,5,constant,asw-pam,,2,0,0,mixture/1.0/3/5/9
1.0,3,9,0,1000,200,5,constant,asw-average,,2,0,0,mixture/1.0/3/5/9
1.0,3,10,0,1000,200,5,constant,stated,0.5395907397331495,1,0,0,mixture/1.0/3/5/10
1.0,3,10,0,1000,200,5,constant,geomean,0.07628892449104263,3,1,1,mixture/1.0/3/5/10
1.0,3,10,0,1000,200,5,constant,ratio,0.040000000000000036,3,1,1,mixture/1.0/3/5/10
1.0,3,10,0,1000,200,5,constant,ratio-half,0.040000000000000036,3,1,1,mixture/1.0/3/5/10
1.0,3,10,0,1000,200,5,constant,asw-pam,,3,1,1,mixture/1.0/3/5/10
1.0,3,10,0,1000,200,5,constant,asw-average,,3,1,1,mixture/1.0/3/5/10
1.0,3,11,0,1000,200,5,constant,stated,0.5395907397331495,1,0,0,mixture/1.0/3/5/11
1.0,3,11,0,1000,200,5,constant,geomean,0.08226785520481256,3,1,1,mixture/1.0/3/5/11
1.0,3,11,0,1000,200,5,constant,ratio,0.04999999999999993,3,1,1,mixture/1.0/3/5/11
1.0,3,11,0,1000,200,5,constant,ratio-half,0.04999999999999993,3,1,1,mixture/1.0/3/5/11
1.0,3,11,0,1000,200,5,constant,asw-pam,,3,1,1,mixture/1.0/3/5/11
1.0,3,11,0,1000,200,5,constant,asw-average,,2,0,0,mixture/1.0/3/5/11
1.0,3,12,0,1000,200,5,constant,stated,0.5395907397331495,1,0,0,mixture/1.0/3/5/12
1.0,3,12,0,1000,200,5,constant,geomean,0.07467261881037791,3,1,1,mixture/1.0/3/5/12
1.0,3,12,0,1000,200,5,constant,ratio,0.062000000000000055,3,1,1,mixture/1.0/3/5/12
1.0,3,12,0,1000,200,5,constant,ratio-half,0.062000000000000055,3,1,1,mixture/1.0/3/5/12
1.0,3,12,0,1000,200,5,constant,asw-pam,,2,0,0,mixture/1.0/3/5/12
1.0,3,12,0,1000,200,5,constant,asw-average,,2,0,0,mixture/1.0/3/5/12
1.0,3,13,0,1000,200,5,constant,stated,0.5395907397331495,1,0,0,mixture/1.0/3/5/13
1.0,3,13,0,1000,200,5,constant,geomean,0.08944271909999148,3,1,1,mixture/1.0/3/5/13
1.0,3,13,0,1000,200,5,constant,ratio,0.062000000000000055,3,1,1,mixture/1.0/3/5/13
1.0,3,13,0,1000,200,5,constant,ratio-half,0.062000000000000055,3,1,1,mixture/1.0/3/5/13
1.0,3,13,0,1000,200,5,constant,asw-pam,,3,1,1,mixture/1.0/3/5/13
1.0,3,13,0,1000,200,5,constant,asw-average,,3,1,1,mixture/1.0/3/5/13
1.0,3,14,0,1000,200,5,constant,stated,0.5395907397331495,1,0,0,mixture/1.0/3/5/14
1.0,3,14,0,1000,200,5,constant,geomean,0.07224956747275381,3,1,1,mixture/1.0/3/5/14
1.0,3,14,0,1000,200,5,constant,ratio,0.050000000000000044,3,1,1,mixture/1.0/3/5/14
1.0,3,14,0,1000,200,5,constant,ratio-half,0.050000000000000044,3,1,1,mixture/1.0/3/5/14
1.0,3,14,0,1000,200,5,constant,asw-pam,,2,0,0,mixture/1.0/3/5/14
1.0,3,14,0,1000,200,5,constant,asw-average,,2,0,0,mixture/1.0/3/5/14
1.0,3,15,0,1000,200,5,constant,stated,0.5395907397331495,1,0,0,mixture/1.0/3/5/15
1.0,3,15,0,1000,200,5,constant,geomean,0.08012490249604043,3,1,1,mixture/1.0/3/5/15
1.0,3,15,0,1000,200,5,constant,ratio,0.03600000000000003,3,1,1,mixture/1.0/3/5/15
1.0,3,15,0,1000,200,5,constant,ratio-half,0.03600000000000003,3,1,1,mixture/1.0/3/5/15
1.0,3,15,0,1000,200,5,constant,asw-pam,,3,1,1,mixture/1.0/3/5/15
1.0,3,15,0,1000,200,5,constant,asw-average,,3,1,1,mixture/1.0/3/5/15
1.0,3,16,0,1000,200,5,constant,stated,0.5395907397331495,1,0,0,mixture/1.0/3/5/16
1.0,3,16,0,1000,200,5,constant,geomean,0.07647221717722069,3,1,1,mixture/1.0/3/5/16
1.0,3,16,0,1000,200,5,constant,ratio,0.06000000000000005,3,1,1,mixture/1.0/3/5/16
1.0,3,16,0,1000,200,5,constant,ratio-half,0.06000000000000005,3,1,1,mixture/1.0/3/5/16
1.0,3,16,0,1000,200,5,constant,asw-pam,,2,0,0,mixture/1.0/3/5/16
1.0,3,16,0,1000,200,5,constant,asw-average,,2,0,0,mixture/1.0/3/5/16
1.0,3,17,0,1000,200,5,constant,stated,0.5395907397331495,1,0,0,mixture/1.0/3/5/17
1.0,3,17,0,1000,200,5,constant,geomean,0.09431860898041265,3,1,1,mixture/1.0/3/5/17
1.0,3,17,0,1000,200,5,constant,ratio,0.04600000000000004,3,1,1,mixture/1.0/3/5/17
1.0,3,17,0,1000,200,5,constant,ratio-half,0.04600000000000004,3,1,1,mixture/1.0/3/5/17
1.0,3,17,0,1000,200,5,constant,asw-pam,,2,0,0,mixture/1.0/3/5/17
1.0,3,17,0,1000,200,5,constant,asw-average,,2,0,0,mixture/1.0/3/5/17
1.0,3,18,0,1000,200,5,constant,stated,0.5395907397331495,1,0,0,mixture/1.0/3/5/18
1.0,3,18,0,1000,200,5,constant,geomean,0.08234075540095549,3,1,1,mixture/1.0/3/5/18
1.0,3,18,0,1000,200,5,constant,ratio,0.08399999999999996,2,0,0,mixture/1.0/3/5/18
1.0,3,18,0,1000,200,5,constant,ratio-half,0.08399999999999996,2,0,0,mixture/1.0/3/5/18
1.0,3,18,0,1000,200,5,constant,asw-pam,,2,0,0,mixture/1.0/3/5/18
1.0,3,18,0,1000,200,5,constant,asw-average,,2,0,0,mixture/1.0/3/5/18
1.0,3,19,0,1000,200,5,constant,stated,0.5395907397331495,1,0,0,mixture/1.0/3/5/19
1.0,3,19,0,1000,200,5,constant,geomean,0.06884765791223403,3,1,1,mixture/1.0/3/5/19
1.0,3,19,0,1000,200,5,constant,ratio,0.052000000000000046,3,1,1,mixture/1.0/3/5/19
1.0,3,19,0,1000,200,5,constant,ratio-half,0.052000000000000046,3,1,1,mixture/1.0/3/5/19
1.0,3,19,0,1000,200,5,constant,asw-pam,,3,1,1,mixture/1.0/3/5/19
1.0,3,19,0,1000,200,5,constant,asw-average,,3,1,1,mixture/1.0/3/5/19
1.0,4,0,0,1000,200,5,constant,stated,0.5395907397331495,1,0,0,mixture/1.0/4/5/0
1.0,4,0,0,1000,200,5,constant,geomean,0.07959899496852962,4,1,1,mixture/1.0/4/5/0
1.0,4,0,0,1000,200,5,constant,ratio,0.051999999999999935,4,1,1,mixture/1.0/4/5/0
1.0,4,0,0,1000,200,5,constant,ratio-half,0.051999999999999935,4,1,1,mixture/1.0/4/5/0
1.0,4,0,0,1000,200,5,constant,asw-pam,,4,1,1,mixture/1.0/4/5/0
1.0,4,0,0,1000,200,5,constant,asw-average,,4,1,1,mixture/1.0/4/5/0
1.0,4,1,0,1000,200,5,constant,stated,0.5395907397331495,1,0,0,mixture/1.0/4/5/1
1.0,4,1,0,1000,200,5,constant,geomean,0.07823042886243181,4,1,1,mixture/1.0/4/5/1
1.0,4,1,0,1000,200,5,constant,ratio,0.04800000000000004,4,1,1,mixture/1.0/4/5/1
1.0,4,1,0,1000,200,5,constant,ratio-half,0.04800000000000004,4,1,1,mixture/1.0/4/5/1
1.0,4,1,0,1000,200,5,constant,asw-pam,,2,0,0,mixture/1.0/4/5/1
1.0,4,1,0,1000,200,5,constant,asw-average,,2,0,0,mixture/1.0/4/5/1
1.0,4,2,0,1000,200,5,constant,stated,0.5395907397331495,1,0,0,mixture/1.0/4/5/2
1.0,4,2,0,1000,200,5,constant,geomean,0.08804544281222058,4,1,1,mixture/1.0/4/5/2
1.0,4,2,0,1000,200,5,constant,ratio,0.04800000000000004,4,1,1,mixture/1.0/4/5/2
1.0,4,2,0,1000,200,5,constant,ratio-half,0.04800000000000004,4,1,1,mixture/1.0/4/5/2
1.0,4,2,0,1000,200,5,constant,asw-pam,,3,0,0,mixture/1.0/4/5/2
1.0,4,2,0,1000,200,5,constant,asw-average,,3,0,0,mixture/1.0/4/5/2
1.0,4,3,0,1000,200,5,constant,stated,0.5395907397331495,1,0,0,mixture/1.0/4/5/3
1.0,4,3,0,1000,200,5,constant,geomean,0.07861297602813407,3,0,0,mixture/1.0/4/5/3
1.0,4,3,0,1000,200,5,constant,ratio,0.10399999999999998,2,0,0,mixture/1.0/4/5/3
1.0,4,3,0,1000,200,5,constant,ratio-half,0.10399999999999998,2,0,0,mixture/1.0/4/5/3
1.0,4,3,0,1000,200,5,constant,asw-pam,,2,0,0,mixture/1.0/4/5/3
1.0,4,3,0,1000,200,5,constant,asw-average,,2,0,0,mixture/1.0/4/5/3
1.0,4,4,0,1000,200,5,constant,stated,0.5395907397331495,1,0,0,mixture/1.0/4/5/4
1.0,4,4,0,1000,200,5,constant,geomean,0.08694826047713668,4,1,1,mixture/1.0/4/5/4
1.0,4,4,0,1000,200,5,constant,ratio,0.04200000000000004,4,1,1,mixture/1.0/4/5/4
1.0,4,4,0,1000,200,5,constant,ratio-half,0.04200000000000004,4,1,1,mixture/1.0/4/5/4
1.0,4,4,0,1000,200,5,constant,asw-pam,,3,0,0,mixture/1.0/4/5/4
1.0,4,4,0,1000,200,5,constant,asw-average,,3,0,0,mixture/1.0/4/5/4
1.0,4,5,0,1000,200,5,constant,stated,0.5395907397331495,1,0,0,mixture/1.0/4/5/5
1.0,4,5,0,1000,200,5,constant,geomean,0.07745966692414838,3,0,0,mixture/1.0/4/5/5
1.0,4,5,0,1000,200,5,constant,ratio,0.10000000000000009,2,0,0,mixture/1.0/4/5/5
1.0,4,5,0,1000,200,5,constant,ratio-half,0.10000000000000009,2,0,0,mixture/1.0/4/5/5
1.0,4,5,0,1000,200,5,constant,asw-pam,,2,0,0,mixture/1.0/4/5/5
1.0,4,5,0,1000,200,5,constant,asw-average,,2,0,0,mixture/1.0/4/5/5
1.0,4,6,0,1000,200,5,constant,stated,0.5395907397331495,1,0,0,mixture/1.0/4/5/6
1.0,4,6,0,1000,200,5,constant,geomean,0.09019977827023748,4,1,1,mixture/1.0/4/5/6
1.0,4,6,0,1000,200,5,constant,ratio,0.04800000000000004,4,1,1,mixture/1.0/4/5/6
1.0,4,6,0,1000,200,5,constant,ratio-half,0.04800000000000004,4,1,1,mixture/1.0/4/5/6
1.0,4,6,0,1000,200,5,constant,asw-pam,,2,0,0,mixture/1.0/4/5/6
1.0,4,6,0,1000,200,5,constant,asw-average,,2,0,0,mixture/1.0/4/5/6
1.0,4,7,0,1000,200,5,constant,stated,0.5395907397331495,1,0,0,mixture/1.0/4/5/7
1.0,4,7,0,1000,200,5,constant,geomean,0.06974238309665069,4,1,1,mixture/1.0/4/5/7
1.0,4,7,0,1000,200,5,constant,ratio,0.051999999999999935,4,1,1,mixture/1.0/4/5/7
1.0,4,7,0,1000,200,5,constant,ratio-half,0.051999999999999935,4,1,1,mixture/1.0/4/5/7
1.0,4,7,0,1000,200,5,constant,asw-pam,,2,0,0,mixture/1.0/4/5/7
1.0,4,7,0,1000,200,5,constant,asw-average,,2,0,0,mixture/1.0/4/5/7
1.0,4,8,0,1000,200,5,constant,stated,0.5395907397331495,1,0,0,mixture/1.0/4/5/8
1.0,4,8,0,1000,200,5,constant,geomean,0.0964365076099296,3,0,0,mixture/1.0/4/5/8
1.0,4,8,0,1000,200,5,constant,ratio,0.134,2,0,0,mixture/1.0/4/5/8
1.0,4,8,0,1000,200,5,constant,ratio-half,0.134,2,0,0,mixture/1.0/4/5/8
1.0,4,8,0,1000,200,5,constant,asw-pam,,2,0,0,mixture/1.0/4/5/8
1.0,4,8,0,1000,200,5,constant,asw-average,,2,0,0,mixture/1.0/4/5/8
1.0,4,9,0,1000,200,5,constant,stated,0.5395907397331495,1,0,0,mixture/1.0/4/5/9
1.0,4,9,0,1000,200,5,constant,geomean,0.09438220171197538,4,1,1,mixture/1.0/4/5/9
1.0,4,9,0,1000,200,5,constant,ratio,0.04800000000000004,4,1,1,mixture/1.0/4/5/9
1.0,4,9,0,1000,200,5,constant,ratio-half,0.04800000000000004,4,1,1,mixture/1.0/4/5/9
1.0,4,9,0,1000,200,5,constant,asw-pam,,2,0,0,mixture/1.0/4/5/9
1.0,4,9,0,1000,200,5,constant,asw-average,,2,0,0,mixture/1.0/4/5/9
1.0,4,10,0,1000,200,5,constant,stated,0.5395907397331495,1,0,0,mixture/1.0/4/5/10
1.0,4,10,0,1000,200,5,constant,geomean,0.07557777451076478,4,1,1,mixture/1.0/4/5/10
1.0,4,10,0,1000,200,5,constant,ratio,0.04799999999999993,4,1,1,mixture/1.0/4/5/10
1.0,4,10,0,1000,200,5,constant,ratio-half,0.04799999999999993,4,1,1,mixture/1.0/4/5/10
1.0,4,10,0,1000,200,5,constant,asw-pam,,2,0,0,mixture/1.0/4/5/10
1.0,4,10,0,1000,200,5,constant,asw-average,,2,0,0,mixture/1.0/4/5/10
1.0,4,11,0,1000,200,5,constant,stated,0.5395907397331495,1,0,0,mixture/1.0/4/5/11
1.0,4,11,0,1000,200,5,constant,geomean,0.08049844718999236,4,1,1,mixture/1.0/4/5/11
1.0,4,11,0,1000,200,5,constant,ratio,0.052000000000000046,4,1,1,mixture/1.0/4/5/11
1.0,4,11,0,1000,200,5,constant,ratio-half,0.052000000000000046,4,1,1,mixture/1.0/4/5/11
1.0,4,11,0,1000,200,5,constant,asw-pam,,3,0,0,mixture/1.0/4/5/11
1.0,4,11,0,1000,200,5,constant,asw-average,,3,0,0,mixture/1.0/4/5/11
1.0,4,12,0,1000,200,5,constant,stated,0.5395907397331495,1,0,0,mixture/1.0/4/5/12
1.0,4,12,0,1000,200,5,constant,geomean,0.08012490249604055,4,1,1,mixture/1.0/4/5/12
1.0,4,12,0,1000,200,5,constant,ratio,0.040000000000000036,4,1,1,mixture/1.0/4/5/12
1.0,4,12,0,1000,200,5,constant,ratio-half,0.040000000000000036,4,1,1,mixture/1.0/4/5/12
1.0,4,12,0,1000,200,5,constant,asw-pam,,2,0,0,mixture/1.0/4/5/12
1.0,4,12,0,1000,200,5,constant,asw-average,,2,0,0,mixture/1.0/4/5/12
1.0,4,13,0,1000,200,5,constant,stated,0.5395907397331495,1,0,0,mixture/1.0/4/5/13
1.0,4,13,0,1000,200,5,constant,geomean,0.07266360849833985,4,1,1,mixture/1.0/4/5/13
1.0,4,13,0,1000,200,5,constant,ratio,0.06399999999999995,4,1,1,mixture/1.0/4/5/13
1.0,4,13,0,1000,200,5,constant,ratio-half,0.06399999999999995,4,1,1,mixture/1.0/4/5/13
1.0,4,13,0,1000,200,5,constant,asw-pam,,3,0,0,mixture/1.0/4/5/13
1.0,4,13,0,1000,200,5,constant,asw-average,,2,0,0,mixture/1.0/4/5/13
1.0,4,14,0,1000,200,5,constant,stated,0.5395907397331495,1,0,0,mixture/1.0/4/5/14
1.0,4,14,0,1000,200,5,constant,geomean,0.08541662601625052,4,1,1,mixture/1.0/4/5/14
1.0,4,14,0,1000,200,5,constant,ratio,0.05800000000000005,4,1,1,mixture/1.0/4/5/14
1.0,4,14,0,1000,200,5,constant,ratio-half,0.05800000000000005,4,1,1,mixture/1.0/4/5/14
1.0,4,14,0,1000,200,5,constant,asw-pam,,4,1,1,mixture/1.0/4/5/14
1.0,4,14,0,1000,200,5,constant,asw-average,,4,1,1,mixture/1.0/4/5/14
1.0,4,15,0,1000,200,5,constant,stated,0.5395907397331495,1,0,0,mixture/1.0/4/5/15
1.0,4,15,0,1000,200,5,constant,geomean,0.08049844718999231,4,1,1,mixture/1.0/4/5/15
1.0,4,15,0,1000,200,5,constant,ratio,0.04600000000000004,4,1,1,mixture/1.0/4/5/15
1.0,4,15,0,1000,200,5,constant,ratio-half,0.04600000000000004,4,1,1,mixture/1.0/4/5/15
1.0,4,15,0,1000,200,5,constant,asw-pam,,2,0,0,mixture/1.0/4/5/15
1.0,4,15,0,1000,200,5,constant,asw-average,,2,0,0,mixture/1.0/4/5/15
1.0,4,16,0,1000,200,5,constant,stated,0.5395907397331495,1,0,0,mixture/1.0/4/5/16
1.0,4,16,0,1000,200,5,constant,geomean,0.08352245207128443,4,1,1,mixture/1.0/4/5/16
1.0,4,16,0,1000,200,5,constant,ratio,0.04400000000000004,4,1,1,mixture/1.0/4/5/16
1.0,4,16,0,1000,200,5,constant,ratio-half,0.04400000000000004,4,1,1,mixture/1.0/4/5/16
1.0,4,16,0,1000,200,5,constant,asw-pam,,3,0,0,mixture/1.0/4/5/16
1.0,4,16,0,1000,200,5,constant,asw-average,,3,0,0,mixture/1.0/4/5/16
1.0,4,17,0,1000,200,5,constant,stated,0.5395907397331495,1,0,0,mixture/1.0/4/5/17
1.0,4,17,0,1000,200,5,constant,geomean,0.07183313998427192,4,1,1,mixture/1.0/4/5/17
1.0,4,17,0,1000,200,5,constant,ratio,0.03799999999999992,4,1,1,mixture/1.0/4/5/17
1.0,4,17,0,1000,200,5,constant,ratio-half,0.03799999999999992,4,1,1,mixture/1.0/4/5/17
1.0,4,17,0,1000,200,5,constant,asw-pam,,2,0,0,mixture/1.0/4/5/17
1.0,4,17,0,1000,200,5,constant,asw-average,,2,0,0,mixture/1.0/4/5/17
1.0,4,18,0,1000,200,5,constant,stated,0.5395907397331495,1,0,0,mixture/1.0/4/5/18
1.0,4,18,0,1000,200,5,constant,geomean,0.07631513611335557,4,1,1,mixture/1.0/4/5/18
1.0,4,18,0,1000,200,5,constant,ratio,0.04799999999999993,4,1,1,mixture/1.0/4/5/18
1.0,4,18,0,1000,200,5,constant,ratio-half,0.04799999999999993,4,1,1,mixture/1.0/4/5/18
1.0,4,18,0,1000,200,5,constant,asw-pam,,4,1,1,mixture/1.0/4/5/18
1.0,4,18,0,1000,200,5,constant,asw-average,,4,1,1,mixture/1.0/4/5/18
1.0,4,19,0,1000,200,5,constant,stated,0.5395907397331495,1,0,0,mixture/1.0/4/5/19
1.0,4,19,0,1000,200,5,constant,geomean,0.07823042886243183,4,1,1,mixture/1.0/4/5/19
1.0,4,19,0,1000,200,5,constant,ratio,0.04999999999999993,4,1,1,mixture/1.0/4/5/19
1.0,4,19,0,1000,200,5,constant,ratio-half,0.04999999999999993,4,1,1,mixture/1.0/4/5/19
1.0,4,19,0,1000,200,5,constant,asw-pam,,4,1,1,mixture/1.0/4/5/19
1.0,4,19,0,1000,200,5,constant,asw-average,,2,0,0,mixture/1.0/4/5/19
1.0,5,0,0,1000,200,5,constant,stated,0.5395907397331495,1,0,0,mixture/1.0/5/5/0
1.0,5,0,0,1000,200,5,constant,geomean,0.08390470785361218,5,1,1,mixture/1.0/5/5/0
1.0,5,0,0,1000,200,5,constant,ratio,0.050000000000000044,5,1,1,mixture/1.0/5/5/0
1.0,5,0,0,1000,200,5,constant,ratio-half,0.050000000000000044,5,1,1,mixture/1.0/5/5/0
1.0,5,0,0,1000,200,5,constant,asw-pam,,2,0,0,mixture/1.0/5/5/0
1.0,5,0,0,1000,200,5,constant,asw-average,,2,0,0,mixture/1.0/5/5/0
1.0,5,1,0,1000,200,5,constant,stated,0.5395907397331495,1,0,0,mixture/1.0/5/5/1
1.0,5,1,0,1000,200,5,constant,geomean,0.07019971509913686,4,0,0,mixture/1.0/5/5/1
1.0,5,1,0,1000,200,5,constant,ratio,0.04799999999999993,4,0,0,mixture/1.0/5/5/1
1.0,5,1,0,1000,200,5,constant,ratio-half,0.04799999999999993,4,0,0,mixture/1.0/5/5/1
1.0,5,1,0,1000,200,5,constant,asw-pam,,3,0,0,mixture/1.0/5/5/1
1.0,5,1,0,1000,200,5,constant,asw-average,,3,0,0,mixture/1.0/5/5/1
1.0,5,2,0,1000,200,5,constant,stated,0.5395907397331495,1,0,0,mixture/1.0/5/5/2
1.0,5,2,0,1000,200,5,constant,geomean,0.06299206299209452,5,1,1,mixture/1.0/5/5/2
1.0,5,2,0,1000,200,5,constant,ratio,0.04200000000000004,5,1,1,mixture/1.0/5/5/2
1.0,5,2,0,1000,200,5,constant,ratio-half,0.04200000000000004,5,1,1,mixture/1.0/5/5/2
1.0,5,2,0,1000,200,5,constant,asw-pam,,2,0,0,mixture/1.0/5/5/2
1.0,5,2,0,1000,200,5,constant,asw-average,,3,0,0,mixture/1.0/5/5/2
1.0,5,3,0,1000,200,5,constant,stated,0.5395907397331495,1,0,0,mixture/1.0/5/5/3
1.0,5,3,0,1000,200,5,constant,geomean,0.07249827584156747,5,1,1,mixture/1.0/5/5/3
1.0,5,3,0,1000,200,5,constant,ratio,0.05800000000000005,5,1,1,mixture/1.0/5/5/3
1.0,5,3,0,1000,200,5,constant,ratio-half,0.05800000000000005,5,1,1,mixture/1.0/5/5/3
1.0,5,3,0,1000,200,5,constant,asw-pam,,4,0,0,mixture/1.0/5/5/3
1.0,5,3,0,1000,200,5,constant,asw-average,,4,0,0,mixture/1.0/5/5/3
1.0,5,4,0,1000,200,5,constant,stated,0.5395907397331495,1,0,0,mixture/1.0/5/5/4
1.0,5,4,0,1000,200,5,constant,geomean,0.0919782583005354,5,1,1,mixture/1.0/5/5/4
1.0,5,4,0,1000,200,5,constant,ratio,0.04599999999999993,5,1,1,mixture/1.0/5/5/4
1.0,5,4,0,1000,200,5,constant,ratio-half,0.04599999999999993,5,1,1,mixture/1.0/5/5/4
1.0,5,4,0,1000,200,5,constant,asw-pam,,2,0,0,mixture/1.0/5/5/4
1.0,5,4,0,1000,200,5,constant,asw-average,,2,0,0,mixture/1.0/5/5/4
1.0,5,5,0,1000,200,5,constant,stated,0.5395907397331495,1,0,0,mixture/1.0/5/5/5
1.0,5,5,0,1000,200,5,constant,geomean,0.06548282217497964,5,1,1,mixture/1.0/5/5/5
1.0,5,5,0,1000,200,5,constant,ratio,0.04600000000000004,5,1,1,mixture/1.0/5/5/5
1.0,5,5,0,1000,200,5,constant,ratio-half,0.04600000000000004,5,1,1,mixture/1.0/5/5/5
1.0,5,5,0,1000,200,5,constant,asw-pam,,5,1,1,mixture/1.0/5/5/5
1.0,5,5,0,1000,200,5,constant,asw-average,,4,0,0,mixture/1.0/5/5/5
1.0,5,6,0,1000,200,5,constant,stated,0.5395907397331495,1,0,0,mixture/1.0/5/5/6
1.0,5,6,0,1000,200,5,constant,geomean,0.0749399759807807,5,1,1,mixture/1.0/5/5/6
1.0,5,6,0,1000,200,5,constant,ratio,0.04400000000000004,5,1,1,mixture/1.0/5/5/6
1.0,5,6,0,1000,200,5,constant,ratio-half,0.04400000000000004,5,1,1,mixture/1.0/5/5/6
1.0,5,6,0,1000,200,5,constant,asw-pam,,5,1,1,mixture/1.0/5/5/6
1.0,5,6,0,1000,200,5,constant,asw-average,,5,1,1,mixture/1.0/5/5/6
1.0,5,7,0,1000,200,5,constant,stated,0.5395907397331495,1,0,0,mixture/1.0/5/5/7
1.0,5,7,0,1000,200,5,constant,geomean,0.0670820393249937,5,1,1,mixture/1.0/5/5/7
1.0,5,7,0,1000,200,5,constant,ratio,0.040000000000000036,5,1,1,mixture/1.0/5/5/7
1.0,5,7,0,1000,200,5,constant,ratio-half,0.040000000000000036,5,1,1,mixture/1.0/5/5/7
1.0,5,7,0,1000,200,5,constant,asw-pam,,5,1,1,mixture/1.0/5/5/7
1.0,5,7,0,1000,200,5,constant,asw-average,,3,0,0,mixture/1.0/5/5/7
1.0,5,8,0,1000,200,5,constant,stated,0.5395907397331495,1,0,0,mixture/1.0/5/5/8
1.0,5,8,0,1000,200,5,constant,geomean,0.07188880302244575,5,1,1,mixture/1.0/5/5/8
1.0,5,8,0,1000,200,5,constant,ratio,0.050000000000000044,5,1,1,mixture/1.0/5/5/8
1.0,5,8,0,1000,200,5,constant,ratio-half,0.050000000000000044,5,1,1,mixture/1.0/5/5/8
1.0,5,8,0,1000,200,5,constant,asw-pam,,5,1,1,mixture/1.0/5/5/8
1.0,5,8,0,1000,200,5,constant,asw-average,,5,1,1,mixture/1.0/5/5/8
1.0,5,9,0,1000,200,5,constant,stated,0.5395907397331495,1,0,0,mixture/1.0/5/5/9
1.0,5,9,0,1000,200,5,constant,geomean,0.07504665215717492,5,1,1,mixture/1.0/5/5/9
1.0,5,9,0,1000,200,5,constant,ratio,0.04600000000000004,5,1,1,mixture/1.0/5/5/9
1.0,5,9,0,1000,200,5,constant,ratio-half,0.04600000000000004,5,1,1,mixture/1.0/5/5/9
1.0,5,9,0,1000,200,5,constant,asw-pam,,2,0,0,mixture/1.0/5/5/9
1.0,5,9,0,1000,200,5,constant,asw-average,,2,0,0,mixture/1.0/5/5/9
1.0,5,10,0,1000,200,5,constant,stated,0.5395907397331495,1,0,0,mixture/1.0/5/5/10
1.0,5,10,0,1000,200,5,constant,geomean,0.08079603950689665,5,1,1,mixture/1.0/5/5/10
1.0,5,10,0,1000,200,5,constant,ratio,0.050000000000000044,5,1,1,mixture/1.0/5/5/10
1.0,5,10,0,1000,200,5,constant,ratio-half,0.050000000000000044,5,1,1,mixture/1.0/5/5/10
1.0,5,10,0,1000,200,5,constant,asw-pam,,5,1,1,mixture/1.0/5/5/10
1.0,5,10,0,1000,200,5,constant,asw-average,,5,1,1,mixture/1.0/5/5/10
1.0,5,11,0,1000,200,5,constant,stated,0.5395907397331495,1,0,0,mixture/1.0/5/5/11
1.0,5,11,0,1000,200,5,constant,geomean,0.07504665215717478,5,1,1,mixture/1.0/5/5/11
1.0,5,11,0,1000,200,5,constant,ratio,0.05600000000000005,5,1,1,mixture/1.0/5/5/11
1.0,5,11,0,1000,200,5,constant,ratio-half,0.05600000000000005,5,1,1,mixture/1.0/5/5/11
1.0,5,11,0,1000,200,5,constant,asw-pam,,2,0,0,mixture/1.0/5/5/11
1.0,5,11,0,1000,200,5,constant,asw-average,,2,0,0,mixture/1.0/5/5/11
1.0,5,12,0,1000,200,5,constant,stated,0.5395907397331495,1,0,0,mixture/1.0/5/5/12
1.0,5,12,0,1000,200,5,constant,geomean,0.08609297300012357,5,1,1,mixture/1.0/5/5/12
1.0,5,12,0,1000,200,5,constant,ratio,0.05999999999999994,5,1,1,mixture/1.0/5/5/12
1.0,5,12,0,1000,200,5,constant,ratio-half,0.05999999999999994,5,1,1,mixture/1.0/5/5/12
1.0,5,12,0,1000,200,5,constant,asw-pam,,2,0,0,mixture/1.0/5/5/12
1.0,5,12,0,1000,200,5,constant,asw-average,,2,0,0,mixture/1.0/5/5/12
1.0,5,13,0,1000,200,5,constant,stated,0.5395907397331495,1,0,0,mixture/1.0/5/5/13
1.0,5,13,0,1000,200,5,constant,geomean,0.06693280212272594,5,1,1,mixture/1.0/5/5/13
1.0,5,13,0,1000,200,5,constant,ratio,0.04400000000000004,5,1,1,mixture/1.0/5/5/13
1.0,5,13,0,1000,200,5,constant,ratio-half,0.04400000000000004,5,1,1,mixture/1.0/5/5/13
1.0,5,13,0,1000,200,5,constant,asw-pam,,5,1,1,mixture/1.0/5/5/13
1.0,5,13,0,1000,200,5,constant,asw-average,,5,1,1,mixture/1.0/5/5/13
1.0,5,14,0,1000,200,5,constant,stated,0.5395907397331495,1,0,0,mixture/1.0/5/5/14
1.0,5,14,0,1000,200,5,constant,geomean,0.0634980314655502,5,1,1,mixture/1.0/5/5/14
1.0,5,14,0,1000,200,5,constant,ratio,0.08199999999999996,3,0,0,mixture/1.0/5/5/14
1.0,5,14,0,1000,200,5,constant,ratio-half,0.08199999999999996,3,0,0,mixture/1.0/5/5/14
1.0,5,14,0,1000,200,5,constant,asw-pam,,2,0,0,mixture/1.0/5/5/14
1.0,5,14,0,1000,200,5,constant,asw-average,,3,0,0,mixture/1.0/5/5/14
1.0,5,15,0,1000,200,5,constant,stated,0.5395907397331495,1,0,0,mixture/1.0/5/5/15
1.0,5,15,0,1000,200,5,constant,geomean,0.07589466384404116,4,0,0,mixture/1.0/5/5/15
1.0,5,15,0,1000,200,5,constant,ratio,0.07600000000000007,3,0,0,mixture/1.0/5/5/15
1.0,5,15,0,1000,200,5,constant,ratio-half,0.07600000000000007,3,0,0,mixture/1.0/5/5/15
1.0,5,15,0,1000,200,5,constant,asw-pam,,2,0,0,mixture/1.0/5/5/15
1.0,5,15,0,1000,200,5,constant,asw-average,,2,0,0,mixture/1.0/5/5/15
1.0,5,16,0,1000,200,5,constant,stated,0.5395907397331495,1,0,0,mixture/1.0/5/5/16
1.0,5,16,0,1000,200,5,constant,geomean,0.07547184905645288,4,0,0,mixture/1.0/5/5/16
1.0,5,16,0,1000,200,5,constant,ratio,0.08400000000000007,3,0,0,mixture/1.0/5/5/16
1.0,5,16,0,1000,200,5,constant,ratio-half,0.08400000000000007,3,0,0,mixture/1.0/5/5/16
1.0,5,16,0,1000,200,5,constant,asw-pam,,2,0,0,mixture/1.0/5/5/16
1.0,5,16,0,1000,200,5,constant,asw-average,,2,0,0,mixture/1.0/5/5/16
1.0,5,17,0,1000,200,5,constant,stated,0.5395907397331495,1,0,0,mixture/1.0/5/5/17
1.0,5,17,0,1000,200,5,constant,geomean,0.08485281374238574,5,1,1,mixture/1.0/5/5/17
1.0,5,17,0,1000,200,5,constant,ratio,0.04200000000000004,5,1,1,mixture/1.0/5/5/17
1.0,5,17,0,1000,200,5,constant,ratio-half,0.04200000000000004,5,1,1,mixture/1.0/5/5/17
1.0,5,17,0,1000,200,5,constant,asw-pam,,4,0,0,mixture/1.0/5/5/17
1.0,5,17,0,1000,200,5,constant,asw-average,,4,0,0,mixture/1.0/5/5/17
1.0,5,18,0,1000,200,5,constant,stated,0.5395907397331495,1,0,0,mixture/1.0/5/5/18
1.0,5,18,0,1000,200,5,constant,geomean,0.0896660470858396,5,1,1,mixture/1.0/5/5/18
1.0,5,18,0,1000,200,5,constant,ratio,0.052000000000000046,5,1,1,mixture/1.0/5/5/18
1.0,5,18,0,1000,200,5,constant,ratio-half,0.052000000000000046,5,1,1,mixture/1.0/5/5/18
1.0,5,18,0,1000,200,5,constant,asw-pam,,2,0,0,mixture/1.0/5/5/18
1.0,5,18,0,1000,200,5,constant,asw-average,,2,0,0,mixture/1.0/5/5/18
1.0,5,19,0,1000,200,5,constant,stated,0.5395907397331495,1,0,0,mixture/1.0/5/5/19
1.0,5,19,0,1000,200,5,constant,geomean,0.09121403400793109,3,0,0,mixture/1.0/5/5/19
1.0,5,19,0,1000,200,5,constant,ratio,0.07800000000000007,3,0,0,mixture/1.0/5/5/19
1.0,5,19,0,1000,200,5,constant,ratio-half,0.07800000000000007,3,0,0,mixture/1.0/5/5/19
1.0,5,19,0,1000,200,5,constant,asw-pam,,3,0,0,mixture/1.0/5/5/19
1.0,5,19,0,1000,200,5,constant,asw-average,,3,0,0,mixture/1.0/5/5/19
1.0,6,0,0,1000,200,5,constant,stated,0.5395907397331495,1,0,0,mixture/1.0/6/5/0
1.0,6,0,0,1000,200,5,constant,geomean,0.07631513611335554,6,1,1,mixture/1.0/6/5/0
1.0,6,0,0,1000,200,5,constant,ratio,0.04200000000000004,6,1,1,mixture/1.0/6/5/0
1.0,6,0,0,1000,200,5,constant,ratio-half,0.04200000000000004,6,1,1,mixture/1.0/6/5/0
1.0,6,0,0,1000,200,5,constant,asw-pam,,5,0,0,mixture/1.0/6/5/0
1.0,6,0,0,1000,200,5,constant,asw-average,,5,0,0,mixture/1.0/6/5/0
1.0,6,1,0,1000,200,5,constant,stated,0.5395907397331495,1,0,0,mixture/1.0/6/5/1
1.0,6,1,0,1000,200,5,constant,geomean,0.10003999200319844,6,1,1,mixture/1.0/6/5/1
1.0,6,1,0,1000,200,5,constant,ratio,0.050000000000000044,6,1,1,mixture/1.0/6/5/1
1.0,6,1,0,1000,200,5,constant,ratio-half,0.050000000000000044,6,1,1,mixture/1.0/6/5/1
1.0,6,1,0,1000,200,5,constant,asw-pam,,2,0,0,mixture/1.0/6/5/1
1.0,6,1,0,1000,200,5,constant,asw-average,,2,0,0,mixture/1.0/6/5/1
1.0,6,2,0,1000,200,5,constant,stated,0.5395907397331495,1,0,0,mixture/1.0/6/5/2
1.0,6,2,0,1000,200,5,constant,geomean,0.07093659140387283,6,1,1,mixture/1.0/6/5/2
1.0,6,2,0,1000,200,5,constant,ratio,0.050000000000000044,6,1,1,mixture/1.0/6/5/2
1.0,6,2,0,1000,200,5,constant,ratio-half,0.050000000000000044,6,1,1,mixture/1.0/6/5/2
1.0,6,2,0,1000,200,5,constant,asw-pam,,4,0,0,mixture/1.0/6/5/2
1.0,6,2,0,1000,200,5,constant,asw-average,,4,0,0,mixture/1.0/6/5/2
1.0,6,3,0,1000,200,5,constant,stated,0.5395907397331495,1,0,0,mixture/1.0/6/5/3
1.0,6,3,0,1000,200,5,constant,geomean,0.07504665215717489,6,1,1,mixture/1.0/6/5/3
1.0,6,3,0,1000,200,5,constant,ratio,0.04400000000000004,6,1,1,mixture/1.0/6/5/3
1.0,6,3,0,1000,200,5,constant,ratio-half,0.04400000000000004,6,1,1,mixture/1.0/6/5/3
1.0,6,3,0,1000,200,5,constant,asw-pam,,5,0,0,mixture/1.0/6/5/3
1.0,6,3,0,1000,200,5,constant,asw-average,,5,0,0,mixture/1.0/6/5/3
1.0,6,4,0,1000,200,5,constant,stated,0.5395907397331495,1,0,0,mixture/1.0/6/5/4
1.0,6,4,0,1000,200,5,constant,geomean,0.07093659140387283,6,1,1,mixture/1.0/6/5/4
1.0,6,4,0,1000,200,5,constant,ratio,0.052000000000000046,6,1,1,mixture/1.0/6/5/4
1.0,6,4,0,1000,200,5,constant,ratio-half,0.052000000000000046,6,1,1,mixture/1.0/6/5/4
1.0,6,4,0,1000,200,5,constant,asw-pam,,3,0,0,mixture/1.0/6/5/4
1.0,6,4,0,1000,200,5,constant,asw-average,,4,0,0,mixture/1.0/6/5/4
1.0,6,5,0,1000,200,5,constant,stated,0.5395907397331495,1,0,0,mixture/1.0/6/5/5
1.0,6,5,0,1000,200,5,constant,geomean,0.07673330437300353,6,1,1,mixture/1.0/6/5/5
1.0,6,5,0,1000,200,5,constant,ratio,0.04600000000000004,6,1,1,mixture/1.0/6/5/5
1.0,6,5,0,1000,200,5,constant,ratio-half,0.04600000000000004,6,1,1,mixture/1.0/6/5/5
1.0,6,5,0,1000,200,5,constant,asw-pam,,6,1,1,mixture/1.0/6/5/5
1.0,6,5,0,1000,200,5,constant,asw-average,,6,1,1,mixture/1.0/6/5/5
1.0,6,6,0,1000,200,5,constant,stated,0.5395907397331495,1,0,0,mixture/1.0/6/5/6
1.0,6,6,0,1000,200,5,constant,geomean,0.0706540869306228,6,1,1,mixture/1.0/6/5/6
1.0,6,6,0,1000,200,5,constant,ratio,0.04200000000000004,6,1,1,mixture/1.0/6/5/6
1.0,6,6,0,1000,200,5,constant,ratio-half,0.04200000000000004,6,1,1,mixture/1.0/6/5/6
1.0,6,6,0,1000,200,5,constant,asw-pam,,6,1,1,mixture/1.0/6/5/6
1.0,6,6,0,1000,200,5,constant,asw-average,,5,0,0,mixture/1.0/6/5/6
1.0,6,7,0,1000,200,5,constant,stated,0.5395907397331495,1,0,0,mixture/1.0/6/5/7
1.0,6,7,0,1000,200,5,constant,geomean,0.07418894796396568,5,0,0,mixture/1.0/6/5/7
1.0,6,7,0,1000,200,5,constant,ratio,0.06399999999999995,5,0,0,mixture/1.0/6/5/7
1.0,6,7,0,1000,200,5,constant,ratio-half,0.06399999999999995,5,0,0,mixture/1.0/6/5/7
1.0,6,7,0,1000,200,5,constant,asw-pam,,4,0,0,mixture/1.0/6/5/7
1.0,6,7,0,1000,200,5,constant,asw-average,,3,0,0,mixture/1.0/6/5/7
1.0,6,8,0,1000,200,5,constant,stated,0.5395907397331495,1,0,0,mixture/1.0/6/5/8
1.0,6,8,0,1000,200,5,constant,geomean,0.08858893836140044,6,1,1,mixture/1.0/6/5/8
1.0,6,8,0,1000,200,5,constant,ratio,0.06800000000000006,6,1,1,mixture/1.0/6/5/8
1.0,6,8,0,1000,200,5,constant,ratio-half,0.06800000000000006,6,1,1,mixture/1.0/6/5/8
1.0,6,8,0,1000,200,5,constant,asw-pam,,6,1,1,mixture/1.0/6/5/8
1.0,6,8,0,1000,200,5,constant,asw-average,,6,1,1,mixture/1.0/6/5/8
1.0,6,9,0,1000,200,5,constant,stated,0.5395907397331495,1,0,0,mixture/1.0/6/5/9
1.0,6,9,0,1000,200,5,constant,geomean,0.06299206299209452,6,1,1,mixture/1.0/6/5/9
1.0,6,9,0,1000,200,5,constant,ratio,0.04599999999999993,6,1,1,mixture/1.0/6/5/9
1.0,6,9,0,1000,200,5,constant,ratio-half,0.04599999999999993,6,1,1,mixture/1.0/6/5/9
1.0,6,9,0,1000,200,5,constant,asw-pam,,6,1,1,mixture/1.0/6/5/9
1.0,6,9,0,1000,200,5,constant,asw-average,,6,1,1,mixture/1.0/6/5/9
1.0,6,10,0,1000,200,5,constant,stated,0.5395907397331495,1,0,0,mixture/1.0/6/5/10
1.0,6,10,0,1000,200,5,constant,geomean,0.06997142273814352,6,1,1,mixture/1.0/6/5/10
1.0,6,10,0,1000,200,5,constant,ratio,0.04400000000000004,6,1,1,mixture/1.0/6/5/10
1.0,6,10,0,1000,200,5,constant,ratio-half,0.04400000000000004,6,1,1,mixture/1.0/6/5/10
1.0,6,10,0,1000,200,5,constant,asw-pam,,2,0,0,mixture/1.0/6/5/10
1.0,6,10,0,1000,200,5,constant,asw-average,,2,0,0,mixture/1.0/6/5/10
1.0,6,11,0,1000,200,5,constant,stated,0.5395907397331495,1,0,0,mixture/1.0/6/5/11
1.0,6,11,0,1000,200,5,constant,geomean,0.09465727652959391,6,1,1,mixture/1.0/6/5/11
1.0,6,11,0,1000,200,5,constant,ratio,0.04800000000000004,6,1,1,mixture/1.0/6/5/11
1.0,6,11,0,1000,200,5,constant,ratio-half,0.04800000000000004,6,1,1,mixture/1.0/6/5/11
1.0,6,11,0,1000,200,5,constant,asw-pam,,3,0,0,mixture/1.0/6/5/11
1.0,6,11,0,1000,200,5,constant,asw-average,,2,0,0,mixture/1.0/6/5/11
1.0,6,12,0,1000,200,5,constant,stated,0.5395907397331495,1,0,0,mixture/1.0/6/5/12
1.0,6,12,0,1000,200,5,constant,geomean,0.06334035048845241,6,1,1,mixture/1.0/6/5/12
1.0,6,12,0,1000,200,5,constant,ratio,0.04200000000000004,6,1,1,mixture/1.0/6/5/12
1.0,6,12,0,1000,200,5,constant,ratio-half,0.04200000000000004,6,1,1,mixture/1.0/6/5/12
1.0,6,12,0,1000,200,5,constant,asw-pam,,5,0,0,mixture/1.0/6/5/12
1.0,6,12,0,1000,200,5,constant,asw-average,,5,0,0,mixture/1.0/6/5/12
1.0,6,13,0,1000,200,5,constant,stated,0.5395907397331495,1,0,0,mixture/1.0/6/5/13
1.0,6,13,0,1000,200,5,constant,geomean,0.07461903242471056,5,0,0,mixture/1.0/6/5/13
1.0,6,13,0,1000,200,5,constant,ratio,0.04999999999999993,5,0,0,mixture/1.0/6/5/13
1.0,6,13,0,1000,200,5,constant,ratio-half,0.04999999999999993,5,0,0,mixture/1.0/6/5/13
1.0,6,13,0,1000,200,5,constant,asw-pam,,3,0,0,mixture/1.0/6/5/13
1.0,6,13,0,1000,200,5,constant,asw-average,,3,0,0,mixture/1.0/6/5/13
1.0,6,14,0,1000,200,5,constant,stated,0.5395907397331495,1,0,0,mixture/1.0/6/5/14
1.0,6,14,0,1000,200,5,constant,geomean,0.08979977728257466,5,0,0,mixture/1.0/6/5/14
1.0,6,14,0,1000,200,5,constant,ratio,0.07600000000000007,5,0,0,mixture/1.0/6/5/14
1.0,6,14,0,1000,200,5,constant,ratio-half,0.07600000000000007,5,0,0,mixture/1.0/6/5/14
1.0,6,14,0,1000,200,5,constant,asw-pam,,4,0,0,mixture/1.0/6/5/14
1.0,6,14,0,1000,200,5,constant,asw-average,,4,0,0,mixture/1.0/6/5/14
1.0,6,15,0,1000,200,5,constant,stated,0.5395907397331495,1,0,0,mixture/1.0/6/5/15
1.0,6,15,0,1000,200,5,constant,geomean,0.06645299090334462,6,1,1,mixture/1.0/6/5/15
1.0,6,15,0,1000,200,5,constant,ratio,0.050000000000000044,6,1,1,mixture/1.0/6/5/15
1.0,6,15,0,1000,200,5,constant,ratio-half,0.050000000000000044,6,1,1,mixture/1.0/6/5/15
1.0,6,15,0,1000,200,5,constant,asw-pam,,3,0,0,mixture/1.0/6/5/15
1.0,6,15,0,1000,200,5,constant,asw-average,,3,0,0,mixture/1.0/6/5/15
1.0,6,16,0,1000,200,5,constant,stated,0.5395907397331495,1,0,0,mixture/1.0/6/5/16
1.0,6,16,0,1000,200,5,constant,geomean,0.07919595949289338,6,1,1,mixture/1.0/6/5/16
1.0,6,16,0,1000,200,5,constant,ratio,0.04400000000000004,6,1,1,mixture/1.0/6/5/16
1.0,6,16,0,1000,200,5,constant,ratio-half,0.04400000000000004,6,1,1,mixture/1.0/6/5/16
1.0,6,16,0,1000,200,5,constant,asw-pam,,6,1,1,mixture/1.0/6/5/16
1.0,6,16,0,1000,200,5,constant,asw-average,,4,0,0,mixture/1.0/6/5/16
1.0,6,17,0,1000,200,5,constant,stated,0.5395907397331495,1,0,0,mixture/1.0/6/5/17
1.0,6,17,0,1000,200,5,constant,geomean,0.10065783625729283,5,0,0,mixture/1.0/6/5/17
1.0,6,17,0,1000,200,5,constant,ratio,0.14400000000000002,2,0,0,mixture/1.0/6/5/17
1.0,6,17,0,1000,200,5,constant,ratio-half,0.14400000000000002,2,0,0,mixture/1.0/6/5/17
1.0,6,17,0,1000,200,5,constant,asw-pam,,5,0,0,mixture/1.0/6/5/17
1.0,6,17,0,1000,200,5,constant,asw-average,,5,0,0,mixture/1.0/6/5/17
1.0,6,18,0,1000,200,5,constant,stated,0.5395907397331495,1,0,0,mixture/1.0/6/5/18
1.0,6,18,0,1000,200,5,constant,geomean,0.0812157620169877,6,1,1,mixture/1.0/6/5/18
1.0,6,18,0,1000,200,5,constant,ratio,0.05600000000000005,6,1,1,mixture/1.0/6/5/18
1.0,6,18,0,1000,200,5,constant,ratio-half,0.05600000000000005,6,1,1,mixture/1.0/6/5/18
1.0,6,18,0,1000,200,5,constant,asw-pam,,6,1,1,mixture/1.0/6/5/18
1.0,6,18,0,1000,200,5,constant,asw-average,,6,1,1,mixture/1.0/6/5/18
1.0,6,19,0,1000,200,5,constant,stated,0.5395907397331495,1,0,0,mixture/1.0/6/5/19
1.0,6,19,0,1000,200,5,constant,geomean,0.07866384175718856,6,1,1,mixture/1.0/6/5/19
1.0,6,19,0,1000,200,5,constant,ratio,0.04800000000000004,6,1,1,mixture/1.0/6/5/19
1.0,6,19,0,1000,200,5,constant,ratio-half,0.04800000000000004,6,1,1,mixture/1.0/6/5/19
1.0,6,19,0,1000,200,5,constant,asw-pam,,6,1,0,mixture/1.0/6/5/19
1.0,6,19,0,1000,200,5,constant,asw-average,,5,0,0,mixture/1.0/6/5/19
1.0,7,0,0,1000,200,5,constant,stated,0.5395907397331495,1,0,0,mixture/1.0/7/5/0
1.0,7,0,0,1000,200,5,constant,geomean,0.09019977827023748,5,0,0,mixture/1.0/7/5/0
1.0,7,0,0,1000,200,5,constant,ratio,0.08800000000000008,5,0,0,mixture/1.0/7/5/0
1.0,7,0,0,1000,200,5,constant,ratio-half,0.08800000000000008,5,0,0,mixture/1.0/7/5/0
1.0,7,0,0,1000,200,5,constant,asw-pam,,5,0,0,mixture/1.0/7/5/0
1.0,7,0,0,1000,200,5,constant,asw-average,,5,0,0,mixture/1.0/7/5/0
1.0,7,1,0,1000,200,5,constant,stated,0.5395907397331495,1,0,0,mixture/1.0/7/5/1
1.0,7,1,0,1000,200,5,constant,geomean,0.08529947244854452,7,1,1,mixture/1.0/7/5/1
1.0,7,1,0,1000,200,5,constant,ratio,0.07399999999999995,7,1,1,mixture/1.0/7/5/1
1.0,7,1,0,1000,200,5,constant,ratio-half,0.07399999999999995,7,1,1,mixture/1.0/7/5/1
1.0,7,1,0,1000,200,5,constant,asw-pam,,6,0,0,mixture/1.0/7/5/1
1.0,7,1,0,1000,200,5,constant,asw-average,,5,0,0,mixture/1.0/7/5/1
1.0,7,2,0,1000,200,5,constant,stated,0.5395907397331495,1,0,0,mixture/1.0/7/5/2
1.0,7,2,0,1000,200,5,constant,geomean,0.08084553172563087,7,1,1,mixture/1.0/7/5/2
1.0,7,2,0,1000,200,5,constant,ratio,0.06799999999999995,7,1,1,mixture/1.0/7/5/2
1.0,7,2,0,1000,200,5,constant,ratio-half,0.06799999999999995,7,1,1,mixture/1.0/7/5/2
1.0,7,2,0,1000,200,5,constant,asw-pam,,2,0,0,mixture/1.0/7/5/2
1.0,7,2,0,1000,200,5,constant,asw-average,,2,0,0,mixture/1.0/7/5/2
1.0,7,3,0,1000,200,5,constant,stated,0.5395907397331495,1,0,0,mixture/1.0/7/5/3
1.0,7,3,0,1000,200,5,constant,geomean,0.08390470785361202,7,1,1,mixture/1.0/7/5/3
1.0,7,3,0,1000,200,5,constant,ratio,0.05400000000000005,7,1,1,mixture/1.0/7/5/3
1.0,7,3,0,1000,200,5,constant,ratio-half,0.05400000000000005,7,1,1,mixture/1.0/7/5/3
1.0,7,3,0,1000,200,5,constant,asw-pam,,7,1,1,mixture/1.0/7/5/3
1.0,7,3,0,1000,200,5,constant,asw-average,,3,0,0,mixture/1.0/7/5/3
1.0,7,4,0,1000,200,5,constant,stated,0.5395907397331495,1,0,0,mixture/1.0/7/5/4
1.0,7,4,0,1000,200,5,constant,geomean,0.09219544457292891,7,1,1,mixture/1.0/7/5/4
1.0,7,4,0,1000,200,5,constant,ratio,0.04999999999999993,7,1,1,mixture/1.0/7/5/4
1.0,7,4,0,1000,200,5,constant,ratio-half,0.04999999999999993,7,1,1,mixture/1.0/7/5/4
1.0,7,4,0,1000,200,5,constant,asw-pam,,2,0,0,mixture/1.0/7/5/4
1.0,7,4,0,1000,200,5,constant,asw-average,,2,0,0,mixture/1.0/7/5/4
1.0,7,5,0,1000,200,5,constant,stated,0.5395907397331495,1,0,0,mixture/1.0/7/5/5
1.0,7,5,0,1000,200,5,constant,geomean,0.07602631123499289,7,1,1,mixture/1.0/7/5/5
1.0,7,5,0,1000,200,5,constant,ratio,0.050000000000000044,7,1,1,mixture/1.0/7/5/5
1.0,7,5,0,1000,200,5,constant,ratio-half,0.050000000000000044,7,1,1,mixture/1.0/7/5/5
1.0,7,5,0,1000,200,5,constant,asw-pam,,5,0,0,mixture/1.0/7/5/5
1.0,7,5,0,1000,200,5,constant,asw-average,,3,0,0,mixture/1.0/7/5/5
1.0,7,6,0,1000,200,5,constant,stated,0.5395907397331495,1,0,0,mixture/1.0/7/5/6
1.0,7,6,0,1000,200,5,constant,geomean,0.07421590126111778,7,1,1,mixture/1.0/7/5/6
1.0,7,6,0,1000,200,5,constant,ratio,0.04400000000000004,7,1,1,mixture/1.0/7/5/6
1.0,7,6,0,1000,200,5,constant,ratio-half,0.04400000000000004,7,1,1,mixture/1.0/7/5/6
1.0,7,6,0,1000,200,5,constant,asw-pam,,7,1,1,mixture/1.0/7/5/6
1.0,7,6,0,1000,200,5,constant,asw-average,,4,0,0,mixture/1.0/7/5/6
1.0,7,7,0,1000,200,5,constant,stated,0.5395907397331495,1,0,0,mixture/1.0/7/5/7
1.0,7,7,0,1000,200,5,constant,geomean,0.09256349172324911,7,1,1,mixture/1.0/7/5/7
1.0,7,7,0,1000,200,5,constant,ratio,0.05800000000000005,7,1,1,mixture/1.0/7/5/7
1.0,7,7,0,1000,200,5,constant,ratio-half,0.05800000000000005,7,1,1,mixture/1.0/7/5/7
1.0,7,7,0,1000,200,5,constant,asw-pam,,7,1,1,mixture/1.0/7/5/7
1.0,7,7,0,1000,200,5,constant,asw-average,,7,1,1,mixture/1.0/7/5/7
1.0,7,8,0,1000,200,5,constant,stated,0.5395907397331495,1,0,0,mixture/1.0/7/5/8
1.0,7,8,0,1000,200,5,constant,geomean,0.09448809448814177,6,0,0,mixture/1.0/7/5/8
1.0,7,8,0,1000,200,5,constant,ratio,0.050000000000000044,7,1,1,mixture/1.0/7/5/8
1.0,7,8,0,1000,200,5,constant,ratio-half,0.050000000000000044,7,1,1,mixture/1.0/7/5/8
1.0,7,8,0,1000,200,5,constant,asw-pam,,4,0,0,mixture/1.0/7/5/8
1.0,7,8,0,1000,200,5,constant,asw-average,,2,0,0,mixture/1.0/7/5/8
1.0,7,9,0,1000,200,5,constant,stated,0.5395907397331495,1,0,0,mixture/1.0/7/5/9
1.0,7,9,0,1000,200,5,constant,geomean,0.07994998436522666,6,0,0,mixture/1.0/7/5/9
1.0,7,9,0,1000,200,5,constant,ratio,0.122,2,0,0,mixture/1.0/7/5/9
1.0,7,9,0,1000,200,5,constant,ratio-half,0.122,2,0,0,mixture/1.0/7/5/9
1.0,7,9,0,1000,200,5,constant,asw-pam,,7,1,1,mixture/1.0/7/5/9
1.0,7,9,0,1000,200,5,constant,asw-average,,6,0,0,mixture/1.0/7/5/9
1.0,7,10,0,1000,200,5,constant,stated,0.5395907397331495,1,0,0,mixture/1.0/7/5/10
1.0,7,10,0,1000,200,5,constant,geomean,0.07838367176906172,7,1,1,mixture/1.0/7/5/10
1.0,7,10,0,1000,200,5,constant,ratio,0.050000000000000044,7,1,1,mixture/1.0/7/5/10
1.0,7,10,0,1000,200,5,constant,ratio-half,0.050000000000000044,7,1,1,mixture/1.0/7/5/10
1.0,7,10,0,1000,200,5,constant,asw-pam,,6,0,0,mixture/1.0/7/5/10
1.0,7,10,0,1000,200,5,constant,asw-average,,2,0,0,mixture/1.0/7/5/10
1.0,7,11,0,1000,200,5,constant,stated,0.5395907397331495,1,0,0,mixture/1.0/7/5/11
1.0,7,11,0,1000,200,5,constant,geomean,0.07418894796396554,7,1,1,mixture/1.0/7/5/11
1.0,7,11,0,1000,200,5,constant,ratio,0.05399999999999994,7,1,1,mixture/1.0/7/5/11
1.0,7,11,0,1000,200,5,constant,ratio-half,0.05399999999999994,7,1,1,mixture/1.0/7/5/11
1.0,7,11,0,1000,200,5,constant,asw-pam,,7,1,1,mixture/1.0/7/5/11
1.0,7,11,0,1000,200,5,constant,asw-average,,7,1,1,mixture/1.0/7/5/11
1.0,7,12,0,1000,200,5,constant,stated,0.5395907397331495,1,0,0,mixture/1.0/7/5/12
1.0,7,12,0,1000,200,5,constant,geomean,0.07467261881037791,7,1,1,mixture/1.0/7/5/12
1.0,7,12,0,1000,200,5,constant,ratio,0.05399999999999994,7,1,1,mixture/1.0/7/5/12
1.0,7,12,0,1000,200,5,constant,ratio-half,0.05399999999999994,7,1,1,mixture/1.0/7/5/12
1.0,7,12,0,1000,200,5,constant,asw-pam,,7,1,1,mixture/1.0/7/5/12
1.0,7,12,0,1000,200,5,constant,asw-average,,7,1,1,mixture/1.0/7/5/12
1.0,7,13,0,1000,200,5,constant,stated,0.5395907397331495,1,0,0,mixture/1.0/7/5/13
1.0,7,13,0,1000,200,5,constant,geomean,0.08609297300012343,7,1,1,mixture/1.0/7/5/13
1.0,7,13,0,1000,200,5,constant,ratio,0.04799999999999993,7,1,1,mixture/1.0/7/5/13
1.0,7,13,0,1000,200,5,constant,ratio-half,0.04799999999999993,7,1,1,mixture/1.0/7/5/13
1.0,7,13,0,1000,200,5,constant,asw-pam,,2,0,0,mixture/1.0/7/5/13
1.0,7,13,0,1000,200,5,constant,asw-average,,2,0,0,mixture/1.0/7/5/13
1.0,7,14,0,1000,200,5,constant,stated,0.5395907397331495,1,0,0,mixture/1.0/7/5/14
1.0,7,14,0,1000,200,5,constant,geomean,0.0799499843652268,7,1,1,mixture/1.0/7/5/14
1.0,7,14,0,1000,200,5,constant,ratio,0.11199999999999999,3,0,0,mixture/1.0/7/5/14
1.0,7,14,0,1000,200,5,constant,ratio-half,0.11199999999999999,3,0,0,mixture/1.0/7/5/14
1.0,7,14,0,1000,200,5,constant,asw-pam,,3,0,0,mixture/1.0/7/5/14
1.0,7,14,0,1000,200,5,constant,asw-average,,3,0,0,mixture/1.0/7/5/14
1.0,7,15,0,1000,200,5,constant,stated,0.5395907397331495,1,0,0,mixture/1.0/7/5/15
1.0,7,15,0,1000,200,5,constant,geomean,0.09086253353280442,7,1,1,mixture/1.0/7/5/15
1.0,7,15,0,1000,200,5,constant,ratio,0.050000000000000044,7,1,1,mixture/1.0/7/5/15
1.0,7,15,0,1000,200,5,constant,ratio-half,0.050000000000000044,7,1,1,mixture/1.0/7/5/15
1.0,7,15,0,1000,200,5,constant,asw-pam,,2,0,0,mixture/1.0/7/5/15
1.0,7,15,0,1000,200,5,constant,asw-average,,2,0,0,mixture/1.0/7/5/15
1.0,7,16,0,1000,200,5,constant,stated,0.5395907397331495,1,0,0,mixture/1.0/7/5/16
1.0,7,16,0,1000,200,5,constant,geomean,0.08197560612767683,6,0,0,mixture/1.0/7/5/16
1.0,7,16,0,1000,200,5,constant,ratio,0.07399999999999995,6,0,0,mixture/1.0/7/5/16
1.0,7,16,0,1000,200,5,constant,ratio-half,0.07399999999999995,6,0,0,mixture/1.0/7/5/16
1.0,7,16,0,1000,200,5,constant,asw-pam,,6,0,0,mixture/1.0/7/5/16
1.0,7,16,0,1000,200,5,constant,asw-average,,6,0,0,mixture/1.0/7/5/16
1.0,7,17,0,1000,200,5,constant,stated,0.5395907397331495,1,0,0,mixture/1.0/7/5/17
1.0,7,17,0,1000,200,5,constant,geomean,0.06648308055437867,7,1,1,mixture/1.0/7/5/17
1.0,7,17,0,1000,200,5,constant,ratio,0.04799999999999993,7,1,1,mixture/1.0/7/5/17
1.0,7,17,0,1000,200,5,constant,ratio-half,0.04799999999999993,7,1,1,mixture/1.0/7/5/17
1.0,7,17,0,1000,200,5,constant,asw-pam,,2,0,0,mixture/1.0/7/5/17
1.0,7,17,0,1000,200,5,constant,asw-average,,6,0,0,mixture/1.0/7/5/17
1.0,7,18,0,1000,200,5,constant,stated,0.5395907397331495,1,0,0,mixture/1.0/7/5/18
1.0,7,18,0,1000,200,5,constant,geomean,0.07329392880723479,7,1,1,mixture/1.0/7/5/18
1.0,7,18,0,1000,200,5,constant,ratio,0.04400000000000004,7,1,1,mixture/1.0/7/5/18
1.0,7,18,0,1000,200,5,constant,ratio-half,0.04400000000000004,7,1,1,mixture/1.0/7/5/18
1.0,7,18,0,1000,200,5,constant,asw-pam,,7,1,1,mixture/1.0/7/5/18
1.0,7,18,0,1000,200,5,constant,asw-average,,6,0,0,mixture/1.0/7/5/18
1.0,7,19,0,1000,200,5,constant,stated,0.5395907397331495,1,0,0,mixture/1.0/7/5/19
1.0,7,19,0,1000,200,5,constant,geomean,0.13096564434995928,5,0,0,mixture/1.0/7/5/19
1.0,7,19,0,1000,200,5,constant,ratio,0.17799999999999994,2,0,0,mixture/1.0/7/5/19
1.0,7,19,0,1000,200,5,constant,ratio-half,0.17799999999999994,2,0,0,mixture/1.0/7/5/19
1.0,7,19,0,1000,200,5,constant,asw-pam,,2,0,0,mixture/1.0/7/5/19
1.0,7,19,0,1000,200,5,constant,asw-average,,2,0,0,mixture/1.0/7/5/19
1.0,8,0,0,1000,200,5,constant,stated,0.5395907397331495,1,0,0,mixture/1.0/8/5/0
1.0,8,0,0,1000,200,5,constant,geomean,0.07093659140387283,8,1,1,mixture/1.0/8/5/0
1.0,8,0,0,1000,200,5,constant,ratio,0.05599999999999994,8,1,1,mixture/1.0/8/5/0
1.0,8,0,0,1000,200,5,constant,ratio-half,0.05599999999999994,8,1,1,mixture/1.0/8/5/0
1.0,8,0,0,1000,200,5,constant,asw-pam,,3,0,0,mixture/1.0/8/5/0
1.0,8,0,0,1000,200,5,constant,asw-average,,3,0,0,mixture/1.0/8/5/0
1.0,8,1,0,1000,200,5,constant,stated,0.5395907397331495,1,0,0,mixture/1.0/8/5/1
1.0,8,1,0,1000,200,5,constant,geomean,0.08246211251235323,8,1,1,mixture/1.0/8/5/1
1.0,8,1,0,1000,200,5,constant,ratio,0.052000000000000046,8,1,1,mixture/1.0/8/5/1
1.0,8,1,0,1000,200,5,constant,ratio-half,0.052000000000000046,8,1,1,mixture/1.0/8/5/1
1.0,8,1,0,1000,200,5,constant,asw-pam,,3,0,0,mixture/1.0/8/5/1
1.0,8,1,0,1000,200,5,constant,asw-average,,3,0,0,mixture/1.0/8/5/1
1.0,8,2,0,1000,200,5,constant,stated,0.5395907397331495,1,0,0,mixture/1.0/8/5/2
1.0,8,2,0,1000,200,5,constant,geomean,0.07045565981523419,8,1,1,mixture/1.0/8/5/2
1.0,8,2,0,1000,200,5,constant,ratio,0.04400000000000004,8,1,1,mixture/1.0/8/5/2
1.0,8,2,0,1000,200,5,constant,ratio-half,0.04400000000000004,8,1,1,mixture/1.0/8/5/2
1.0,8,2,0,1000,200,5,constant,asw-pam,,7,0,0,mixture/1.0/8/5/2
1.0,8,2,0,1000,200,5,constant,asw-average,,2,0,0,mixture/1.0/8/5/2
1.0,8,3,0,1000,200,5,constant,stated,0.5395907397331495,1,0,0,mixture/1.0/8/5/3
1.0,8,3,0,1000,200,5,constant,geomean,0.09138927727036682,6,0,0,mixture/1.0/8/5/3
1.0,8,3,0,1000,200,5,constant,ratio,0.04599999999999993,8,1,1,mixture/1.0/8/5/3
1.0,8,3,0,1000,200,5,constant,ratio-half,0.04599999999999993,8,1,1,mixture/1.0/8/5/3
1.0,8,3,0,1000,200,5,constant,asw-pam,,8,1,1,mixture/1.0/8/5/3
1.0,8,3,0,1000,200,5,constant,asw-average,,2,0,0,mixture/1.0/8/5/3
1.0,8,4,0,1000,200,5,constant,stated,0.5395907397331495,1,0,0,mixture/1.0/8/5/4
1.0,8,4,0,1000,200,5,constant,geomean,0.07994998436522663,7,0,0,mixture/1.0/8/5/4
1.0,8,4,0,1000,200,5,constant,ratio,0.07800000000000007,7,0,0,mixture/1.0/8/5/4
1.0,8,4,0,1000,200,5,constant,ratio-half,0.07800000000000007,7,0,0,mixture/1.0/8/5/4
1.0,8,4,0,1000,200,5,constant,asw-pam,,4,0,0,mixture/1.0/8/5/4
1.0,8,4,0,1000,200,5,constant,asw-average,,4,0,0,mixture/1.0/8/5/4
1.0,8,5,0,1000,200,5,constant,stated,0.5395907397331495,1,0,0,mixture/1.0/8/5/5
1.0,8,5,0,1000,200,5,constant,geomean,0.07909487973314078,8,1,1,mixture/1.0/8/5/5
1.0,8,5,0,1000,200,5,constant,ratio,0.050000000000000044,8,1,1,mixture/1.0/8/5/5
1.0,8,5,0,1000,200,5,constant,ratio-half,0.050000000000000044,8,1,1,mixture/1.0/8/5/5
1.0,8,5,0,1000,200,5,constant,asw-pam,,8,1,1,mixture/1.0/8/5/5
1.0,8,5,0,1000,200,5,constant,asw-average,,8,1,1,mixture/1.0/8/5/5
1.0,8,6,0,1000,200,5,constant,stated,0.5395907397331495,1,0,0,mixture/1.0/8/5/6
1.0,8,6,0,1000,200,5,constant,geomean,0.06545227268781431,8,1,1,mixture/1.0/8/5/6
1.0,8,6,0,1000,200,5,constant,ratio,0.04799999999999993,8,1,1,mixture/1.0/8/5/6
1.0,8,6,0,1000,200,5,constant,ratio-half,0.04799999999999993,8,1,1,mixture/1.0/8/5/6
1.0,8,6,0,1000,200,5,constant,asw-pam,,8,1,0,mixture/1.0/8/5/6
1.0,8,6,0,1000,200,5,constant,asw-average,,7,0,0,mixture/1.0/8/5/6
1.0,8,7,0,1000,200,5,constant,stated,0.5395907397331495,1,0,0,mixture/1.0/8/5/7
1.0,8,7,0,1000,200,5,constant,geomean,0.09438220171197538,7,0,0,mixture/1.0/8/5/7
1.0,8,7,0,1000,200,5,constant,ratio,0.1359999999999999,2,0,0,mixture/1.0/8/5/7
1.0,8,7,0,1000,200,5,constant,ratio-half,0.1359999999999999,2,0,0,mixture/1.0/8/5/7
1.0,8,7,0,1000,200,5,constant,asw-pam,,8,1,1,mixture/1.0/8/5/7
1.0,8,7,0,1000,200,5,constant,asw-average,,2,0,0,mixture/1.0/8/5/7
1.0,8,8,0,1000,200,5,constant,stated,0.5395907397331495,1,0,0,mixture/1.0/8/5/8
1.0,8,8,0,1000,200,5,constant,geomean,0.07691553809211756,8,1,1,mixture/1.0/8/5/8
1.0,8,8,0,1000,200,5,constant,ratio,0.05799999999999994,8,1,1,mixture/1.0/8/5/8
1.0,8,8,0,1000,200,5,constant,ratio-half,0.05799999999999994,8,1,1,mixture/1.0/8/5/8
1.0,8,8,0,1000,200,5,constant,asw-pam,,2,0,0,mixture/1.0/8/5/8
1.0,8,8,0,1000,200,5,constant,asw-average,,2,0,0,mixture/1.0/8/5/8
1.0,8,9,0,1000,200,5,constant,stated,0.5395907397331495,1,0,0,mixture/1.0/8/5/9
1.0,8,9,0,1000,200,5,constant,geomean,0.0634980314655502,8,1,1,mixture/1.0/8/5/9
1.0,8,9,0,1000,200,5,constant,ratio,0.041999999999999926,8,1,1,mixture/1.0/8/5/9
1.0,8,9,0,1000,200,5,constant,ratio-half,0.041999999999999926,8,1,1,mixture/1.0/8/5/9
1.0,8,9,0,1000,200,5,constant,asw-pam,,8,1,1,mixture/1.0/8/5/9
1.0,8,9,0,1000,200,5,constant,asw-average,,5,0,0,mixture/1.0/8/5/9
1.0,8,10,0,1000,200,5,constant,stated,0.5395907397331495,1,0,0,mixture/1.0/8/5/10
1.0,8,10,0,1000,200,5,constant,geomean,0.08609297300012357,6,0,0,mixture/1.0/8/5/10
1.0,8,10,0,1000,200,5,constant,ratio,0.124,2,0,0,mixture/1.0/8/5/10
1.0,8,10,0,1000,200,5,constant,ratio-half,0.124,2,0,0,mixture/1.0/8/5/10
1.0,8,10,0,1000,200,5,constant,asw-pam,,2,0,0,mixture/1.0/8/5/10
1.0,8,10,0,1000,200,5,constant,asw-average,,2,0,0,mixture/1.0/8/5/10
1.0,8,11,0,1000,200,5,constant,stated,0.5395907397331495,1,0,0,mixture/1.0/8/5/11
1.0,8,11,0,1000,200,5,constant,geomean,0.06740919818541076,8,1,1,mixture/1.0/8/5/11
1.0,8,11,0,1000,200,5,constant,ratio,0.04400000000000004,8,1,1,mixture/1.0/8/5/11
1.0,8,11,0,1000,200,5,constant,ratio-half,0.04400000000000004,8,1,1,mixture/1.0/8/5/11
1.0,8,11,0,1000,200,5,constant,asw-pam,,2,0,0,mixture/1.0/8/5/11
1.0,8,11,0,1000,200,5,constant,asw-average,,2,0,0,mixture/1.0/8/5/11
1.0,8,12,0,1000,200,5,constant,stated,0.5395907397331495,1,0,0,mixture/1.0/8/5/12
1.0,8,12,0,1000,200,5,constant,geomean,0.07691553809211767,8,1,1,mixture/1.0/8/5/12
1.0,8,12,0,1000,200,5,constant,ratio,0.050000000000000044,8,1,1,mixture/1.0/8/5/12
1.0,8,12,0,1000,200,5,constant,ratio-half,0.050000000000000044,8,1,1,mixture/1.0/8/5/12
1.0,8,12,0,1000,200,5,constant,asw-pam,,8,1,1,mixture/1.0/8/5/12
1.0,8,12,0,1000,200,5,constant,asw-average,,5,0,0,mixture/1.0/8/5/12
1.0,8,13,0,1000,200,5,constant,stated,0.5395907397331495,1,0,0,mixture/1.0/8/5/13
1.0,8,13,0,1000,200,5,constant,geomean,0.07735631842325488,8,1,1,mixture/1.0/8/5/13
1.0,8,13,0,1000,200,5,constant,ratio,0.051999999999999935,8,1,1,mixture/1.0/8/5/13
1.0,8,13,0,1000,200,5,constant,ratio-half,0.051999999999999935,8,1,1,mixture/1.0/8/5/13
1.0,8,13,0,1000,200,5,constant,asw-pam,,5,0,0,mixture/1.0/8/5/13
1.0,8,13,0,1000,200,5,constant,asw-average,,6,0,0,mixture/1.0/8/5/13
1.0,8,14,0,1000,200,5,constant,stated,0.5395907397331495,1,0,0,mixture/1.0/8/5/14
1.0,8,14,0,1000,200,5,constant,geomean,0.06400000000000003,8,1,1,mixture/1.0/8/5/14
1.0,8,14,0,1000,200,5,constant,ratio,0.04400000000000004,8,1,1,mixture/1.0/8/5/14
1.0,8,14,0,1000,200,5,constant,ratio-half,0.04400000000000004,8,1,1,mixture/1.0/8/5/14
1.0,8,14,0,1000,200,5,constant,asw-pam,,8,1,1,mixture/1.0/8/5/14
1.0,8,14,0,1000,200,5,constant,asw-average,,8,1,1,mixture/1.0/8/5/14
1.0,8,15,0,1000,200,5,constant,stated,0.5395907397331495,1,0,0,mixture/1.0/8/5/15
1.0,8,15,0,1000,200,5,constant,geomean,0.07547184905645288,8,1,1,mixture/1.0/8/5/15
1.0,8,15,0,1000,200,5,constant,ratio,0.04599999999999993,8,1,1,mixture/1.0/8/5/15
1.0,8,15,0,1000,200,5,constant,ratio-half,0.04599999999999993,8,1,1,mixture/1.0/8/5/15
1.0,8,15,0,1000,200,5,constant,asw-pam,,6,0,0,mixture/1.0/8/5/15
1.0,8,15,0,1000,200,5,constant,asw-average,,7,0,0,mixture/1.0/8/5/15
1.0,8,16,0,1000,200,5,constant,stated,0.5395907397331495,1,0,0,mixture/1.0/8/5/16
1.0,8,16,0,1000,200,5,constant,geomean,0.09474175425861611,8,1,1,mixture/1.0/8/5/16
1.0,8,16,0,1000,200,5,constant,ratio,0.04599999999999993,8,1,1,mixture/1.0/8/5/16
1.0,8,16,0,1000,200,5,constant,ratio-half,0.04599999999999993,8,1,1,mixture/1.0/8/5/16
1.0,8,16,0,1000,200,5,constant,asw-pam,,8,1,1,mixture/1.0/8/5/16
1.0,8,16,0,1000,200,5,constant,asw-average,,8,1,1,mixture/1.0/8/5/16
1.0,8,17,0,1000,200,5,constant,stated,0.5395907397331495,1,0,0,mixture/1.0/8/5/17
1.0,8,17,0,1000,200,5,constant,geomean,0.07110555533852475,8,1,1,mixture/1.0/8/5/17
1.0,8,17,0,1000,200,5,constant,ratio,0.04600000000000004,8,1,1,mixture/1.0/8/5/17
1.0,8,17,0,1000,200,5,constant,ratio-half,0.04600000000000004,8,1,1,mixture/1.0/8/5/17
1.0,8,17,0,1000,200,5,constant,asw-pam,,8,1,1,mixture/1.0/8/5/17
1.0,8,17,0,1000,200,5,constant,asw-average,,8,1,1,mixture/1.0/8/5/17
1.0,8,18,0,1000,200,5,constant,stated,0.5395907397331495,1,0,0,mixture/1.0/8/5/18
1.0,8,18,0,1000,200,5,constant,geomean,0.08527602242131141,8,1,1,mixture/1.0/8/5/18
1.0,8,18,0,1000,200,5,constant,ratio,0.04999999999999993,8,1,1,mixture/1.0/8/5/18
1.0,8,18,0,1000,200,5,constant,ratio-half,0.04999999999999993,8,1,1,mixture/1.0/8/5/18
1.0,8,18,0,1000,200,5,constant,asw-pam,,8,1,1,mixture/1.0/8/5/18
1.0,8,18,0,1000,200,5,constant,asw-average,,3,0,0,mixture/1.0/8/5/18
1.0,8,19,0,1000,200,5,constant,stated,0.5395907397331495,1,0,0,mixture/1.0/8/5/19
1.0,8,19,0,1000,200,5,constant,geomean,0.07045565981523419,8,1,1,mixture/1.0/8/5/19
1.0,8,19,0,1000,200,5,constant,ratio,0.05999999999999994,8,1,1,mixture/1.0/8/5/19
1.0,8,19,0,1000,200,5,constant,ratio-half,0.05999999999999994,8,1,1,mixture/1.0/8/5/19
1.0,8,19,0,1000,200,5,constant,asw-pam,,2,0,0,mixture/1.0/8/5/19
1.0,8,19,0,1000,200,5,constant,asw-average,,2,0,0,mixture/1.0/8/5/19
1.0,9,0,0,1000,200,5,constant,stated,0.5395907397331495,1,0,0,mixture/1.0/9/5/0
1.0,9,0,0,1000,200,5,constant,geomean,0.06699253689777694,9,1,1,mixture/1.0/9/5/0
1.0,9,0,0,1000,200,5,constant,ratio,0.04600000000000004,9,1,1,mixture/1.0/9/5/0
1.0,9,0,0,1000,200,5,constant,ratio-half,0.04600000000000004,9,1,1,mixture/1.0/9/5/0
1.0,9,0,0,1000,200,5,constant,asw-pam,,3,0,0,mixture/1.0/9/5/0
1.0,9,0,0,1000,200,5,constant,asw-average,,3,0,0,mixture/1.0/9/5/0
1.0,9,1,0,1000,200,5,constant,stated,0.5395907397331495,1,0,0,mixture/1.0/9/5/1
1.0,9,1,0,1000,200,5,constant,geomean,0.0773045923603508,9,1,1,mixture/1.0/9/5/1
1.0,9,1,0,1000,200,5,constant,ratio,0.050000000000000044,9,1,1,mixture/1.0/9/5/1
1.0,9,1,0,1000,200,5,constant,ratio-half,0.050000000000000044,9,1,1,mixture/1.0/9/5/1
1.0,9,1,0,1000,200,5,constant,asw-pam,,9,1,1,mixture/1.0/9/5/1
1.0,9,1,0,1000,200,5,constant,asw-average,,9,1,1,mixture/1.0/9/5/1
1.0,9,2,0,1000,200,5,constant,stated,0.5395907397331495,1,0,0,mixture/1.0/9/5/2
1.0,9,2,0,1000,200,5,constant,geomean,0.07421590126111793,9,1,1,mixture/1.0/9/5/2
1.0,9,2,0,1000,200,5,constant,ratio,0.052000000000000046,9,1,1,mixture/1.0/9/5/2
1.0,9,2,0,1000,200,5,constant,ratio-half,0.052000000000000046,9,1,1,mixture/1.0/9/5/2
1.0,9,2,0,1000,200,5,constant,asw-pam,,9,1,1,mixture/1.0/9/5/2
1.0,9,2,0,1000,200,5,constant,asw-average,,9,1,1,mixture/1.0/9/5/2
1.0,9,3,0,1000,200,5,constant,stated,0.5395907397331495,2,0,0,mixture/1.0/9/5/3
1.0,9,3,0,1000,200,5,constant,geomean,0.14664242223858695,3,0,0,mixture/1.0/9/5/3
1.0,9,3,0,1000,200,5,constant,ratio,0.15200000000000002,2,0,0,mixture/1.0/9/5/3
1.0,9,3,0,1000,200,5,constant,ratio-half,0.15200000000000002,2,0,0,mixture/1.0/9/5/3
1.0,9,3,0,1000,200,5,constant,asw-pam,,2,0,0,mixture/1.0/9/5/3
1.0,9,3,0,1000,200,5,constant,asw-average,,2,0,0,mixture/1.0/9/5/3
1.0,9,4,0,1000,200,5,constant,stated,0.5395907397331495,1,0,0,mixture/1.0/9/5/4
1.0,9,4,0,1000,200,5,constant,geomean,0.07647221717722066,7,0,0,mixture/1.0/9/5/4
1.0,9,4,0,1000,200,5,constant,ratio,0.08600000000000008,6,0,0,mixture/1.0/9/5/4
1.0,9,4,0,1000,200,5,constant,ratio-half,0.08600000000000008,6,0,0,mixture/1.0/9/5/4
1.0,9,4,0,1000,200,5,constant,asw-pam,,2,0,0,mixture/1.0/9/5/4
1.0,9,4,0,1000,200,5,constant,asw-average,,3,0,0,mixture/1.0/9/5/4
1.0,9,5,0,1000,200,5,constant,stated,0.5395907397331495,1,0,0,mixture/1.0/9/5/5
1.0,9,5,0,1000,200,5,constant,geomean,0.07557777451076475,9,1,1,mixture/1.0/9/5/5
1.0,9,5,0,1000,200,5,constant,ratio,0.04600000000000004,9,1,1,mixture/1.0/9/5/5
1.0,9,5,0,1000,200,5,constant,ratio-half,0.04600000000000004,9,1,1,mixture/1.0/9/5/5
1.0,9,5,0,1000,200,5,constant,asw-pam,,8,0,0,mixture/1.0/9/5/5
1.0,9,5,0,1000,200,5,constant,asw-average,,8,0,0,mixture/1.0/9/5/5
1.0,9,6,0,1000,200,5,constant,stated,0.5395907397331495,1,0,0,mixture/1.0/9/5/6
1.0,9,6,0,1000,200,5,constant,geomean,0.08529947244854452,8,0,0,mixture/1.0/9/5/6
1.0,9,6,0,1000,200,5,constant,ratio,0.06799999999999995,8,0,0,mixture/1.0/9/5/6
1.0,9,6,0,1000,200,5,constant,ratio-half,0.06799999999999995,8,0,0,mixture/1.0/9/5/6
1.0,9,6,0,1000,200,5,constant,asw-pam,,6,0,0,mixture/1.0/9/5/6
1.0,9,6,0,1000,200,5,constant,asw-average,,7,0,0,mixture/1.0/9/5/6
1.0,9,7,0,1000,200,5,constant,stated,0.5395907397331495,1,0,0,mixture/1.0/9/5/7
1.0,9,7,0,1000,200,5,constant,geomean,0.08489994110716453,9,1,1,mixture/1.0/9/5/7
1.0,9,7,0,1000,200,5,constant,ratio,0.061999999999999944,9,1,1,mixture/1.0/9/5/7
1.0,9,7,0,1000,200,5,constant,ratio-half,0.061999999999999944,9,1,1,mixture/1.0/9/5/7
1.0,9,7,0,1000,200,5,constant,asw-pam,,2,0,0,mixture/1.0/9/5/7
1.0,9,7,0,1000,200,5,constant,asw-average,,2,0,0,mixture/1.0/9/5/7
1.0,9,8,0,1000,200,5,constant,stated,0.5395907397331495,1,0,0,mixture/1.0/9/5/8
1.0,9,8,0,1000,200,5,constant,geomean,0.07866384175718846,9,1,1,mixture/1.0/9/5/8
1.0,9,8,0,1000,200,5,constant,ratio,0.04800000000000004,10,0,0,mixture/1.0/9/5/8
1.0,9,8,0,1000,200,5,constant,ratio-half,0.04800000000000004,10,0,0,mixture/1.0/9/5/8
1.0,9,8,0,1000,200,5,constant,asw-pam,,8,0,0,mixture/1.0/9/5/8
1.0,9,8,0,1000,200,5,constant,asw-average,,2,0,0,mixture/1.0/9/5/8
1.0,9,9,0,1000,200,5,constant,stated,0.5395907397331495,1,0,0,mixture/1.0/9/5/9
1.0,9,9,0,1000,200,5,constant,geomean,0.07823042886243183,9,1,1,mixture/1.0/9/5/9
1.0,9,9,0,1000,200,5,constant,ratio,0.04799999999999993,9,1,1,mixture/1.0/9/5/9
1.0,9,9,0,1000,200,5,constant,ratio-half,0.04799999999999993,9,1,1,mixture/1.0/9/5/9
1.0,9,9,0,1000,200,5,constant,asw-pam,,7,0,0,mixture/1.0/9/5/9
1.0,9,9,0,1000,200,5,constant,asw-average,,4,0,0,mixture/1.0/9/5/9
1.0,9,10,0,1000,200,5,constant,stated,0.5395907397331495,1,0,0,mixture/1.0/9/5/10
1.0,9,10,0,1000,200,5,constant,geomean,0.07894301742396213,9,1,1,mixture/1.0/9/5/10
1.0,9,10,0,1000,200,5,constant,ratio,0.05599999999999994,9,1,1,mixture/1.0/9/5/10
1.0,9,10,0,1000,200,5,constant,ratio-half,0.05599999999999994,9,1,1,mixture/1.0/9/5/10
1.0,9,10,0,1000,200,5,constant,asw-pam,,9,1,1,mixture/1.0/9/5/10
1.0,9,10,0,1000,200,5,constant,asw-average,,7,0,0,mixture/1.0/9/5/10
1.0,9,11,0,1000,200,5,constant,stated,0.5395907397331495,1,0,0,mixture/1.0/9/5/11
1.0,9,11,0,1000,200,5,constant,geomean,0.06699253689777691,9,1,1,mixture/1.0/9/5/11
1.0,9,11,0,1000,200,5,constant,ratio,0.04999999999999993,9,1,1,mixture/1.0/9/5/11
1.0,9,11,0,1000,200,5,constant,ratio-half,0.04999999999999993,9,1,1,mixture/1.0/9/5/11
1.0,9,11,0,1000,200,5,constant,asw-pam,,9,1,0,mixture/1.0/9/5/11
1.0,9,11,0,1000,200,5,constant,asw-average,,6,0,0,mixture/1.0/9/5/11
1.0,9,12,0,1000,200,5,constant,stated,0.5395907397331495,1,0,0,mixture/1.0/9/5/12
1.0,9,12,0,1000,200,5,constant,geomean,0.09732420048477157,5,0,0,mixture/1.0/9/5/12
1.0,9,12,0,1000,200,5,constant,ratio,0.16200000000000003,2,0,0,mixture/1.0/9/5/12
1.0,9,12,0,1000,200,5,constant,ratio-half,0.16200000000000003,2,0,0,mixture/1.0/9/5/12
1.0,9,12,0,1000,200,5,constant,asw-pam,,2,0,0,mixture/1.0/9/5/12
1.0,9,12,0,1000,200,5,constant,asw-average,,2,0,0,mixture/1.0/9/5/12
1.0,9,13,0,1000,200,5,constant,stated,0.5395907397331495,1,0,0,mixture/1.0/9/5/13
1.0,9,13,0,1000,200,5,constant,geomean,0.07375635565834314,9,1,1,mixture/1.0/9/5/13
1.0,9,13,0,1000,200,5,constant,ratio,0.04600000000000004,9,1,1,mixture/1.0/9/5/13
1.0,9,13,0,1000,200,5,constant,ratio-half,0.04600000000000004,9,1,1,mixture/1.0/9/5/13
1.0,9,13,0,1000,200,5,constant,asw-pam,,9,1,1,mixture/1.0/9/5/13
1.0,9,13,0,1000,200,5,constant,asw-average,,5,0,0,mixture/1.0/9/5/13
1.0,9,14,0,1000,200,5,constant,stated,0.5395907397331495,1,0,0,mixture/1.0/9/5/14
1.0,9,14,0,1000,200,5,constant,geomean,0.09033271832508961,8,0,0,mixture/1.0/9/5/14
1.0,9,14,0,1000,200,5,constant,ratio,0.14600000000000002,2,0,0,mixture/1.0/9/5/14
1.0,9,14,0,1000,200,5,constant,ratio-half,0.14600000000000002,2,0,0,mixture/1.0/9/5/14
1.0,9,14,0,1000,200,5,constant,asw-pam,,9,1,1,mixture/1.0/9/5/14
1.0,9,14,0,1000,200,5,constant,asw-average,,2,0,0,mixture/1.0/9/5/14
1.0,9,15,0,1000,200,5,constant,stated,0.5395907397331495,1,0,0,mixture/1.0/9/5/15
1.0,9,15,0,1000,200,5,constant,geomean,0.07683749084919422,9,1,1,mixture/1.0/9/5/15
1.0,9,15,0,1000,200,5,constant,ratio,0.051999999999999935,9,1,1,mixture/1.0/9/5/15
1.0,9,15,0,1000,200,5,constant,ratio-half,0.051999999999999935,9,1,1,mixture/1.0/9/5/15
1.0,9,15,0,1000,200,5,constant,asw-pam,,9,1,0,mixture/1.0/9/5/15
1.0,9,15,0,1000,200,5,constant,asw-average,,4,0,0,mixture/1.0/9/5/15
1.0,9,16,0,1000,200,5,constant,stated,0.5395907397331495,1,0,0,mixture/1.0/9/5/16
1.0,9,16,0,1000,200,5,constant,geomean,0.08409518416651458,8,0,0,mixture/1.0/9/5/16
1.0,9,16,0,1000,200,5,constant,ratio,0.12200000000000011,2,0,0,mixture/1.0/9/5/16
1.0,9,16,0,1000,200,5,constant,ratio-half,0.12200000000000011,2,0,0,mixture/1.0/9/5/16
1.0,9,16,0,1000,200,5,constant,asw-pam,,3,0,0,mixture/1.0/9/5/16
1.0,9,16,0,1000,200,5,constant,asw-average,,2,0,0,mixture/1.0/9/5/16
1.0,9,17,0,1000,200,5,constant,stated,0.5395907397331495,1,0,0,mixture/1.0/9/5/17
1.0,9,17,0,1000,200,5,constant,geomean,0.07188880302244575,9,1,1,mixture/1.0/9/5/17
1.0,9,17,0,1000,200,5,constant,ratio,0.04800000000000004,9,1,1,mixture/1.0/9/5/17
1.0,9,17,0,1000,200,5,constant,ratio-half,0.04800000000000004,9,1,1,mixture/1.0/9/5/17
1.0,9,17,0,1000,200,5,constant,asw-pam,,9,1,1,mixture/1.0/9/5/17
1.0,9,17,0,1000,200,5,constant,asw-average,,7,0,0,mixture/1.0/9/5/17
1.0,9,18,0,1000,200,5,constant,stated,0.5395907397331495,1,0,0,mixture/1.0/9/5/18
1.0,9,18,0,1000,200,5,constant,geomean,0.06749814812274474,9,1,1,mixture/1.0/9/5/18
1.0,9,18,0,1000,200,5,constant,ratio,0.05400000000000005,9,1,1,mixture/1.0/9/5/18
1.0,9,18,0,1000,200,5,constant,ratio-half,0.05400000000000005,9,1,1,mixture/1.0/9/5/18
1.0,9,18,0,1000,200,5,constant,asw-pam,,2,0,0,mixture/1.0/9/5/18
1.0,9,18,0,1000,200,5,constant,asw-average,,7,0,0,mixture/1.0/9/5/18
1.0,9,19,0,1000,200,5,constant,stated,0.5395907397331495,1,0,0,mixture/1.0/9/5/19
1.0,9,19,0,1000,200,5,constant,geomean,0.06749814812274485,9,1,1,mixture/1.0/9/5/19
1.0,9,19,0,1000,200,5,constant,ratio,0.05600000000000005,9,1,1,mixture/1.0/9/5/19
1.0,9,19,0,1000,200,5,constant,ratio-half,0.05600000000000005,9,1,1,mixture/1.0/9/5/19
1.0,9,19,0,1000,200,5,constant,asw-pam,,2,0,0,mixture/1.0/9/5/19
1.0,9,19,0,1000,200,5,constant,asw-average,,4,0,0,mixture/1.0/9/5/19
1.0,10,0,0,1000,200,5,constant,stated,0.5395907397331495,1,0,0,mixture/1.0/10/5/0
1.0,10,0,0,1000,200,5,constant,geomean,0.0754983443527074,10,1,1,mixture/1.0/10/5/0
1.0,10,0,0,1000,200,5,constant,ratio,0.05800000000000005,10,1,1,mixture/1.0/10/5/0
1.0,10,0,0,1000,200,5,constant,ratio-half,0.05800000000000005,10,1,1,mixture/1.0/10/5/0
1.0,10,0,0,1000,200,5,constant,asw-pam,,2,0,0,mixture/1.0/10/5/0
1.0,10,0,0,1000,200,5,constant,asw-average,,2,0,0,mixture/1.0/10/5/0
1.0,10,1,0,1000,200,5,constant,stated,0.5395907397331495,1,0,0,mixture/1.0/10/5/1
1.0,10,1,0,1000,200,5,constant,geomean,0.0644049687524185,9,0,0,mixture/1.0/10/5/1
1.0,10,1,0,1000,200,5,constant,ratio,0.07199999999999995,8,0,0,mixture/1.0/10/5/1
1.0,10,1,0,1000,200,5,constant,ratio-half,0.07199999999999995,8,0,0,mixture/1.0/10/5/1
1.0,10,1,0,1000,200,5,constant,asw-pam,,9,0,0,mixture/1.0/10/5/1
1.0,10,1,0,1000,200,5,constant,asw-average,,6,0,0,mixture/1.0/10/5/1
1.0,10,2,0,1000,200,5,constant,stated,0.5395907397331495,1,0,0,mixture/1.0/10/5/2
1.0,10,2,0,1000,200,5,constant,geomean,0.07919595949289335,8,0,0,mixture/1.0/10/5/2
1.0,10,2,0,1000,200,5,constant,ratio,0.11599999999999999,3,0,0,mixture/1.0/10/5/2
1.0,10,2,0,1000,200,5,constant,ratio-half,0.11599999999999999,3,0,0,mixture/1.0/10/5/2
1.0,10,2,0,1000,200,5,constant,asw-pam,,10,1,1,mixture/1.0/10/5/2
1.0,10,2,0,1000,200,5,constant,asw-average,,2,0,0,mixture/1.0/10/5/2
1.0,10,3,0,1000,200,5,constant,stated,0.5395907397331495,2,0,0,mixture/1.0/10/5/3
1.0,10,3,0,1000,200,5,constant,geomean,0.16077313208369123,2,0,0,mixture/1.0/10/5/3
1.0,10,3,0,1000,200,5,constant,ratio,0.15800000000000003,2,0,0,mixture/1.0/10/5/3
1.0,10,3,0,1000,200,5,constant,ratio-half,0.15800000000000003,2,0,0,mixture/1.0/10/5/3
1.0,10,3,0,1000,200,5,constant,asw-pam,,2,0,0,mixture/1.0/10/5/3
1.0,10,3,0,1000,200,5,constant,asw-average,,2,0,0,mixture/1.0/10/5/3
1.0,10,4,0,1000,200,5,constant,stated,0.5395907397331495,1,0,0,mixture/1.0/10/5/4
1.0,10,4,0,1000,200,5,constant,geomean,0.07188880302244575,10,1,1,mixture/1.0/10/5/4
1.0,10,4,0,1000,200,5,constant,ratio,0.04799999999999993,10,1,1,mixture/1.0/10/5/4
1.0,10,4,0,1000,200,5,constant,ratio-half,0.04799999999999993,10,1,1,mixture/1.0/10/5/4
1.0,10,4,0,1000,200,5,constant,asw-pam,,9,0,0,mixture/1.0/10/5/4
1.0,10,4,0,1000,200,5,constant,asw-average,,9,0,0,mixture/1.0/10/5/4
1.0,10,5,0,1000,200,5,constant,stated,0.5395907397331495,1,0,0,mixture/1.0/10/5/5
1.0,10,5,0,1000,200,5,constant,geomean,0.08368990381163062,10,1,1,mixture/1.0/10/5/5
1.0,10,5,0,1000,200,5,constant,ratio,0.05800000000000005,10,1,1,mixture/1.0/10/5/5
1.0,10,5,0,1000,200,5,constant,ratio-half,0.05800000000000005,10,1,1,mixture/1.0/10/5/5
1.0,10,5,0,1000,200,5,constant,asw-pam,,3,0,0,mixture/1.0/10/5/5
1.0,10,5,0,1000,200,5,constant,asw-average,,2,0,0,mixture/1.0/10/5/5
1.0,10,6,0,1000,200,5,constant,stated,0.5395907397331495,1,0,0,mixture/1.0/10/5/6
1.0,10,6,0,1000,200,5,constant,geomean,0.07048404074682442,10,1,1,mixture/1.0/10/5/6
1.0,10,6,0,1000,200,5,constant,ratio,0.04800000000000004,10,1,1,mixture/1.0/10/5/6
1.0,10,6,0,1000,200,5,constant,ratio-half,0.04800000000000004,10,1,1,mixture/1.0/10/5/6
1.0,10,6,0,1000,200,5,constant,asw-pam,,2,0,0,mixture/1.0/10/5/6
1.0,10,6,0,1000,200,5,constant,asw-average,,6,0,0,mixture/1.0/10/5/6
1.0,10,7,0,1000,200,5,constant,stated,0.5395907397331495,1,0,0,mixture/1.0/10/5/7
1.0,10,7,0,1000,200,5,constant,geomean,0.07467261881037789,9,0,0,mixture/1.0/10/5/7
1.0,10,7,0,1000,200,5,constant,ratio,0.05799999999999994,10,1,1,mixture/1.0/10/5/7
1.0,10,7,0,1000,200,5,constant,ratio-half,0.05799999999999994,10,1,1,mixture/1.0/10/5/7
1.0,10,7,0,1000,200,5,constant,asw-pam,,10,1,1,mixture/1.0/10/5/7
1.0,10,7,0,1000,200,5,constant,asw-average,,8,0,0,mixture/1.0/10/5/7
1.0,10,8,0,1000,200,5,constant,stated,0.5395907397331495,1,0,0,mixture/1.0/10/5/8
1.0,10,8,0,1000,200,5,constant,geomean,0.06596969000988258,10,1,1,mixture/1.0/10/5/8
1.0,10,8,0,1000,200,5,constant,ratio,0.041999999999999926,10,1,1,mixture/1.0/10/5/8
1.0,10,8,0,1000,200,5,constant,ratio-half,0.041999999999999926,10,1,1,mixture/1.0/10/5/8
1.0,10,8,0,1000,200,5,constant,asw-pam,,3,0,0,mixture/1.0/10/5/8
1.0,10,8,0,1000,200,5,constant,asw-average,,4,0,0,mixture/1.0/10/5/8
1.0,10,9,0,1000,200,5,constant,stated,0.5395907397331495,1,0,0,mixture/1.0/10/5/9
1.0,10,9,0,1000,200,5,constant,geomean,0.10031948963187566,7,0,0,mixture/1.0/10/5/9
1.0,10,9,0,1000,200,5,constant,ratio,0.17599999999999993,2,0,0,mixture/1.0/10/5/9
1.0,10,9,0,1000,200,5,constant,ratio-half,0.17599999999999993,2,0,0,mixture/1.0/10/5/9
1.0,10,9,0,1000,200,5,constant,asw-pam,,2,0,0,mixture/1.0/10/5/9
1.0,10,9,0,1000,200,5,constant,asw-average,,2,0,0,mixture/1.0/10/5/9
1.0,10,10,0,1000,200,5,constant,stated,0.5395907397331495,1,0,0,mixture/1.0/10/5/10
1.0,10,10,0,1000,200,5,constant,geomean,0.09545679651025384,10,1,1,mixture/1.0/10/5/10
1.0,10,10,0,1000,200,5,constant,ratio,0.16799999999999993,2,0,0,mixture/1.0/10/5/10
1.0,10,10,0,1000,200,5,constant,ratio-half,0.16799999999999993,2,0,0,mixture/1.0/10/5/10
1.0,10,10,0,1000,200,5,constant,asw-pam,,10,1,1,mixture/1.0/10/5/10
1.0,10,10,0,1000,200,5,constant,asw-average,,9,0,0,mixture/1.0/10/5/10
1.0,10,11,0,1000,200,5,constant,stated,0.5395907397331495,1,0,0,mixture/1.0/10/5/11
1.0,10,11,0,1000,200,5,constant,geomean,0.09256349172324911,6,0,0,mixture/1.0/10/5/11
1.0,10,11,0,1000,200,5,constant,ratio,0.14400000000000002,2,0,0,mixture/1.0/10/5/11
1.0,10,11,0,1000,200,5,constant,ratio-half,0.14400000000000002,2,0,0,mixture/1.0/10/5/11
1.0,10,11,0,1000,200,5,constant,asw-pam,,3,0,0,mixture/1.0/10/5/11
1.0,10,11,0,1000,200,5,constant,asw-average,,2,0,0,mixture/1.0/10/5/11
1.0,10,12,0,1000,200,5,constant,stated,0.5395907397331495,1,0,0,mixture/1.0/10/5/12
1.0,10,12,0,1000,200,5,constant,geomean,0.07329392880723469,10,1,1,mixture/1.0/10/5/12
1.0,10,12,0,1000,200,5,constant,ratio,0.04800000000000004,10,1,1,mixture/1.0/10/5/12
1.0,10,12,0,1000,200,5,constant,ratio-half,0.04800000000000004,10,1,1,mixture/1.0/10/5/12
1.0,10,12,0,1000,200,5,constant,asw-pam,,5,0,0,mixture/1.0/10/5/12
1.0,10,12,0,1000,200,5,constant,asw-average,,7,0,0,mixture/1.0/10/5/12
1.0,10,13,0,1000,200,5,constant,stated,0.5395907397331495,1,0,0,mixture/1.0/10/5/13
1.0,10,13,0,1000,200,5,constant,geomean,0.06499230723708771,10,1,1,mixture/1.0/10/5/13
1.0,10,13,0,1000,200,5,constant,ratio,0.040000000000000036,10,1,1,mixture/1.0/10/5/13
1.0,10,13,0,1000,200,5,constant,ratio-half,0.040000000000000036,10,1,1,mixture/1.0/10/5/13
1.0,10,13,0,1000,200,5,constant,asw-pam,,10,1,1,mixture/1.0/10/5/13
1.0,10,13,0,1000,200,5,constant,asw-average,,9,0,0,mixture/1.0/10/5/13
1.0,10,14,0,1000,200,5,constant,stated,0.5395907397331495,1,0,0,mixture/1.0/10/5/14
1.0,10,14,0,1000,200,5,constant,geomean,0.09293008124391157,8,0,0,mixture/1.0/10/5/14
1.0,10,14,0,1000,200,5,constant,ratio,0.15800000000000003,2,0,0,mixture/1.0/10/5/14
1.0,10,14,0,1000,200,5,constant,ratio-half,0.15800000000000003,2,0,0,mixture/1.0/10/5/14
1.0,10,14,0,1000,200,5,constant,asw-pam,,8,0,0,mixture/1.0/10/5/14
1.0,10,14,0,1000,200,5,constant,asw-average,,2,0,0,mixture/1.0/10/5/14
1.0,10,15,0,1000,200,5,constant,stated,0.5395907397331495,1,0,0,mixture/1.0/10/5/15
1.0,10,15,0,1000,200,5,constant,geomean,0.13221195104830735,7,0,0,mixture/1.0/10/5/15
1.0,10,15,0,1000,200,5,constant,ratio,0.18999999999999995,2,0,0,mixture/1.0/10/5/15
1.0,10,15,0,1000,200,5,constant,ratio-half,0.18999999999999995,2,0,0,mixture/1.0/10/5/15
1.0,10,15,0,1000,200,5,constant,asw-pam,,2,0,0,mixture/1.0/10/5/15
1.0,10,15,0,1000,200,5,constant,asw-average,,2,0,0,mixture/1.0/10/5/15
1.0,10,16,0,1000,200,5,constant,stated,0.5395907397331495,1,0,0,mixture/1.0/10/5/16
1.0,10,16,0,1000,200,5,constant,geomean,0.07691553809211768,10,1,1,mixture/1.0/10/5/16
1.0,10,16,0,1000,200,5,constant,ratio,0.050000000000000044,10,1,1,mixture/1.0/10/5/16
1.0,10,16,0,1000,200,5,constant,ratio-half,0.050000000000000044,10,1,1,mixture/1.0/10/5/16
1.0,10,16,0,1000,200,5,constant,asw-pam,,2,0,0,mixture/1.0/10/5/16
1.0,10,16,0,1000,200,5,constant,asw-average,,2,0,0,mixture/1.0/10/5/16
1.0,10,17,0,1000,200,5,constant,stated,0.5395907397331495,1,0,0,mixture/1.0/10/5/17
1.0,10,17,0,1000,200,5,constant,geomean,0.08226785520481258,9,0,0,mixture/1.0/10/5/17
1.0,10,17,0,1000,200,5,constant,ratio,0.06600000000000006,9,0,0,mixture/1.0/10/5/17
1.0,10,17,0,1000,200,5,constant,ratio-half,0.06600000000000006,9,0,0,mixture/1.0/10/5/17
1.0,10,17,0,1000,200,5,constant,asw-pam,,4,0,0,mixture/1.0/10/5/17
1.0,10,17,0,1000,200,5,constant,asw-average,,4,0,0,mixture/1.0/10/5/17
1.0,10,18,0,1000,200,5,constant,stated,0.5395907397331495,1,0,0,mixture/1.0/10/5/18
1.0,10,18,0,1000,200,5,constant,geomean,0.07397296803562775,11,0,0,mixture/1.0/10/5/18
1.0,10,18,0,1000,200,5,constant,ratio,0.04999999999999993,11,0,0,mixture/1.0/10/5/18
1.0,10,18,0,1000,200,5,constant,ratio-half,0.04999999999999993,11,0,0,mixture/1.0/10/5/18
1.0,10,18,0,1000,200,5,constant,asw-pam,,10,1,1,mixture/1.0/10/5/18
1.0,10,18,0,1000,200,5,constant,asw-average,,8,0,0,mixture/1.0/10/5/18
1.0,10,19,0,1000,200,5,constant,stated,0.5395907397331495,1,0,0,mixture/1.0/10/5/19
1.0,10,19,0,1000,200,5,constant,geomean,0.07282856582413254,10,1,1,mixture/1.0/10/5/19
1.0,10,19,0,1000,200,5,constant,ratio,0.04800000000000004,10,1,1,mixture/1.0/10/5/19
1.0,10,19,0,1000,200,5,constant,ratio-half,0.04800000000000004,10,1,1,mixture/1.0/10/5/19
1.0,10,19,0,1000,200,5,constant,asw-pam,,10,1,1,mixture/1.0/10/5/19
1.0,10,19,0,1000,200,5,constant,asw-average,,9,0,0,mixture/1.0/10/5/19
0.1,2,0,0,1000,200,5,constant,stated,0.5395907397331495,1,0,0,mixture/0.1/2/5/0
0.1,2,0,0,1000,200,5,constant,geomean,0.08342661445845688,2,1,1,mixture/0.1/2/5/0
0.1,2,0,0,1000,200,5,constant,ratio,0.03399999999999992,2,1,1,mixture/0.1/2/5/0
0.1,2,0,0,1000,200,5,constant,ratio-half,0.03399999999999992,2,1,1,mixture/0.1/2/5/0
0.1,2,0,0,1000,200,5,constant,asw-pam,,2,1,1,mixture/0.1/2/5/0
0.1,2,0,0,1000,200,5,constant,asw-average,,2,1,1,mixture/0.1/2/5/0
0.1,2,1,0,1000,200,5,constant,stated,0.5395907397331495,2,1,1,mixture/0.1/2/5/1
0.1,2,1,0,1000,200,5,constant,geomean,0.18153787483607928,2,1,1,mixture/0.1/2/5/1
0.1,2,1,0,1000,200,5,constant,ratio,0.040000000000000036,2,1,1,mixture/0.1/2/5/1
0.1,2,1,0,1000,200,5,constant,ratio-half,0.040000000000000036,2,1,1,mixture/0.1/2/5/1
0.1,2,1,0,1000,200,5,constant,asw-pam,,2,1,1,mixture/0.1/2/5/1
0.1,2,1,0,1000,200,5,constant,asw-average,,2,1,1,mixture/0.1/2/5/1
0.1,2,2,0,1000,200,5,constant,stated,0.5395907397331495,2,1,1,mixture/0.1/2/5/2
0.1,2,2,0,1000,200,5,constant,geomean,0.1942987390592126,2,1,1,mixture/0.1/2/5/2
0.1,2,2,0,1000,200,5,constant,ratio,0.03199999999999997,2,1,1,mixture/0.1/2/5/2
0.1,2,2,0,1000,200,5,constant,ratio-half,0.03199999999999997,2,1,1,mixture/0.1/2/5/2
0.1,2,2,0,1000,200,5,constant,asw-pam,,2,1,1,mixture/0.1/2/5/2
0.1,2,2,0,1000,200,5,constant,asw-average,,2,1,1,mixture/0.1/2/5/2
0.1,2,3,0,1000,200,5,constant,stated,0.5395907397331495,2,1,1,mixture/0.1/2/5/3
0.1,2,3,0,1000,200,5,constant,geomean,0.3433948165013561,2,1,1,mixture/0.1/2/5/3
0.1,2,3,0,1000,200,5,constant,ratio,0.14400000000000002,2,1,1,mixture/0.1/2/5/3
0.1,2,3,0,1000,200,5,constant,ratio-half,0.14400000000000002,2,1,1,mixture/0.1/2/5/3
0.1,2,3,0,1000,200,5,constant,asw-pam,,2,1,1,mixture/0.1/2/5/3
0.1,2,3,0,1000,200,5,constant,asw-average,,2,1,1,mixture/0.1/2/5/3
0.1,2,4,0,1000,200,5,constant,stated,0.5395907397331495,2,1,1,mixture/0.1/2/5/4
0.1,2,4,0,1000,200,5,constant,geomean,0.10632027088001612,2,1,1,mixture/0.1/2/5/4
0.1,2,4,0,1000,200,5,constant,ratio,0.0,185,0,0,mixture/0.1/2/5/4
0.1,2,4,0,1000,200,5,constant,ratio-half,0.07799999999999999,2,1,1,mixture/0.1/2/5/4
0.1,2,4,0,1000,200,5,constant,asw-pam,,2,1,1,mixture/0.1/2/5/4
0.1,2,4,0,1000,200,5,constant,asw-average,,2,1,1,mixture/0.1/2/5/4
0.1,2,5,0,1000,200,5,constant,stated,0.5395907397331495,2,1,1,mixture/0.1/2/5/5
0.1,2,5,0,1000,200,5,constant,geomean,0.19017886317885074,2,1,1,mixture/0.1/2/5/5
0.1,2,5,0,1000,200,5,constant,ratio,0.045999999999999985,2,1,1,mixture/0.1/2/5/5
0.1,2,5,0,1000,200,5,constant,ratio-half,0.045999999999999985,2,1,1,mixture/0.1/2/5/5
0.1,2,5,0,1000,200,5,constant,asw-pam,,2,1,1,mixture/0.1/2/5/5
0.1,2,5,0,1000,200,5,constant,asw-average,,2,1,1,mixture/0.1/2/5/5
0.1,2,6,0,1000,200,5,constant,stated,0.5395907397331495,2,1,1,mixture/0.1/2/5/6
0.1,2,6,0,1000,200,5,constant,geomean,0.17835918815693244,2,1,1,mixture/0.1/2/5/6
0.1,2,6,0,1000,200,5,constant,ratio,0.038000000000000034,2,1,1,mixture/0.1/2/5/6
0.1,2,6,0,1000,200,5,constant,ratio-half,0.038000000000000034,2,1,1,mixture/0.1/2/5/6
0.1,2,6,0,1000,200,5,constant,asw-pam,,2,1,1,mixture/0.1/2/5/6
0.1,2,6,0,1000,200,5,constant,asw-average,,2,1,1,mixture/0.1/2/5/6
0.1,2,7,0,1000,200,5,constant,stated,0.5395907397331495,2,1,1,mixture/0.1/2/5/7
0.1,2,7,0,1000,200,5,constant,geomean,0.1917602670002313,2,1,1,mixture/0.1/2/5/7
0.1,2,7,0,1000,200,5,constant,ratio,0.10400000000000009,2,1,1,mixture/0.1/2/5/7
0.1,2,7,0,1000,200,5,constant,ratio-half,0.10400000000000009,2,1,1,mixture/0.1/2/5/7
0.1,2,7,0,1000,200,5,constant,asw-pam,,2,1,1,mixture/0.1/2/5/7
0.1,2,7,0,1000,200,5,constant,asw-average,,2,1,1,mixture/0.1/2/5/7
0.1,2,8,0,1000,200,5,constant,stated,0.5395907397331495,1,0,0,mixture/0.1/2/5/8
0.1,2,8,0,1000,200,5,constant,geomean,0.11978313737751232,2,1,1,mixture/0.1/2/5/8
0.1,2,8,0,1000,200,5,constant,ratio,0.04800000000000004,2,1,1,mixture/0.1/2/5/8
0.1,2,8,0,1000,200,5,constant,ratio-half,0.04800000000000004,2,1,1,mixture/0.1/2/5/8
0.1,2,8,0,1000,200,5,constant,asw-pam,,2,1,1,mixture/0.1/2/5/8
0.1,2,8,0,1000,200,5,constant,asw-average,,2,1,1,mixture/0.1/2/5/8
0.1,2,9,0,1000,200,5,constant,stated,0.5395907397331495,2,1,1,mixture/0.1/2/5/9
0.1,2,9,0,1000,200,5,constant,geomean,0.20558210038814187,28,0,0,mixture/0.1/2/5/9
0.1,2,9,0,1000,200,5,constant,ratio,0.2839999999999999,2,1,1,mixture/0.1/2/5/9
0.1,2,9,0,1000,200,5,constant,ratio-half,0.2839999999999999,2,1,1,mixture/0.1/2/5/9
0.1,2,9,0,1000,200,5,constant,asw-pam,,2,1,1,mixture/0.1/2/5/9
0.1,2,9,0,1000,200,5,constant,asw-average,,2,1,1,mixture/0.1/2/5/9
0.1,2,10,0,1000,200,5,constant,stated,0.5395907397331495,2,1,1,mixture/0.1/2/5/10
0.1,2,10,0,1000,200,5,constant,geomean,0.177313282074412,2,1,1,mixture/0.1/2/5/10
0.1,2,10,0,1000,200,5,constant,ratio,0.034,2,1,1,mixture/0.1/2/5/10
0.1,2,10,0,1000,200,5,constant,ratio-half,0.034,2,1,1,mixture/0.1/2/5/10
0.1,2,10,0,1000,200,5,constant,asw-pam,,2,1,1,mixture/0.1/2/5/10
0.1,2,10,0,1000,200,5,constant,asw-average,,2,1,1,mixture/0.1/2/5/10
0.1,2,11,0,1000,200,5,constant,stated,0.5395907397331495,1,0,0,mixture/0.1/2/5/11
0.1,2,11,0,1000,200,5,constant,geomean,0.09777525249264254,2,1,1,mixture/0.1/2/5/11
0.1,2,11,0,1000,200,5,constant,ratio,0.07399999999999998,2,1,1,mixture/0.1/2/5/11
0.1,2,11,0,1000,200,5,constant,ratio-half,0.07399999999999998,2,1,1,mixture/0.1/2/5/11
0.1,2,11,0,1000,200,5,constant,asw-pam,,2,1,1,mixture/0.1/2/5/11
0.1,2,11,0,1000,200,5,constant,asw-average,,2,1,1,mixture/0.1/2/5/11
0.1,2,12,0,1000,200,5,constant,stated,0.5395907397331495,3,0,0,mixture/0.1/2/5/12
0.1,2,12,0,1000,200,5,constant,geomean,0.18558017135459262,22,0,0,mixture/0.1/2/5/12
0.1,2,12,0,1000,200,5,constant,ratio,0.0,166,0,0,mixture/0.1/2/5/12
0.1,2,12,0,1000,200,5,constant,ratio-half,0.386,3,0,0,mixture/0.1/2/5/12
0.1,2,12,0,1000,200,5,constant,asw-pam,,3,0,0,mixture/0.1/2/5/12
0.1,2,12,0,1000,200,5,constant,asw-average,,3,0,0,mixture/0.1/2/5/12
0.1,2,13,0,1000,200,5,constant,stated,0.5395907397331495,2,1,1,mixture/0.1/2/5/13
0.1,2,13,0,1000,200,5,constant,geomean,0.2526103719169109,2,1,1,mixture/0.1/2/5/13
0.1,2,13,0,1000,200,5,constant,ratio,0.16999999999999993,2,1,1,mixture/0.1/2/5/13
0.1,2,13,0,1000,200,5,constant,ratio-half,0.16999999999999993,2,1,1,mixture/0.1/2/5/13
0.1,2,13,0,1000,200,5,constant,asw-pam,,2,1,1,mixture/0.1/2/5/13
0.1,2,13,0,1000,200,5,constant,asw-average,,2,1,1,mixture/0.1/2/5/13
0.1,2,14,0,1000,200,5,constant,stated,0.5395907397331495,2,1,1,mixture/0.1/2/5/14
0.1,2,14,0,1000,200,5,constant,geomean,0.10783320453366861,2,1,1,mixture/0.1/2/5/14
0.1,2,14,0,1000,200,5,constant,ratio,0.0,181,0,0,mixture/0.1/2/5/14
0.1,2,14,0,1000,200,5,constant,ratio-half,0.07400000000000001,2,1,1,mixture/0.1/2/5/14
0.1,2,14,0,1000,200,5,constant,asw-pam,,2,1,1,mixture/0.1/2/5/14
0.1,2,14,0,1000,200,5,constant,asw-average,,2,1,1,mixture/0.1/2/5/14
0.1,2,15,0,1000,200,5,constant,stated,0.5395907397331495,1,0,0,mixture/0.1/2/5/15
0.1,2,15,0,1000,200,5,constant,geomean,0.12465953633797931,2,1,1,mixture/0.1/2/5/15
0.1,2,15,0,1000,200,5,constant,ratio,0.04400000000000004,2,1,1,mixture/0.1/2/5/15
0.1,2,15,0,1000,200,5,constant,ratio-half,0.04400000000000004,2,1,1,mixture/0.1/2/5/15
0.1,2,15,0,1000,200,5,constant,asw-pam,,2,1,1,mixture/0.1/2/5/15
0.1,2,15,0,1000,200,5,constant,asw-average,,2,1,1,mixture/0.1/2/5/15
0.1,2,16,0,1000,200,5,constant,stated,0.5395907397331495,2,1,1,mixture/0.1/2/5/16
0.1,2,16,0,1000,200,5,constant,geomean,0.18644033898274276,2,1,1,mixture/0.1/2/5/16
0.1,2,16,0,1000,200,5,constant,ratio,0.07600000000000007,2,1,1,mixture/0.1/2/5/16
0.1,2,16,0,1000,200,5,constant,ratio-half,0.07600000000000007,2,1,1,mixture/0.1/2/5/16
0.1,2,16,0,1000,200,5,constant,asw-pam,,2,1,1,mixture/0.1/2/5/16
0.1,2,16,0,1000,200,5,constant,asw-average,,2,1,1,mixture/0.1/2/5/16
0.1,2,17,0,1000,200,5,constant,stated,0.5395907397331495,2,1,1,mixture/0.1/2/5/17
0.1,2,17,0,1000,200,5,constant,geomean,0.15794935897305826,2,1,1,mixture/0.1/2/5/17
0.1,2,17,0,1000,200,5,constant,ratio,0.13,2,1,1,mixture/0.1/2/5/17
0.1,2,17,0,1000,200,5,constant,ratio-half,0.13,2,1,1,mixture/0.1/2/5/17
0.1,2,17,0,1000,200,5,constant,asw-pam,,2,1,1,mixture/0.1/2/5/17
0.1,2,17,0,1000,200,5,constant,asw-average,,2,1,1,mixture/0.1/2/5/17
0.1,2,18,0,1000,200,5,constant,stated,0.5395907397331495,2,1,1,mixture/0.1/2/5/18
0.1,2,18,0,1000,200,5,constant,geomean,0.1357645019878172,2,1,1,mixture/0.1/2/5/18
0.1,2,18,0,1000,200,5,constant,ratio,0.04799999999999999,2,1,1,mixture/0.1/2/5/18
0.1,2,18,0,1000,200,5,constant,ratio-half,0.04799999999999999,2,1,1,mixture/0.1/2/5/18
0.1,2,18,0,1000,200,5,constant,asw-pam,,2,1,1,mixture/0.1/2/5/18
0.1,2,18,0,1000,200,5,constant,asw-average,,2,1,1,mixture/0.1/2/5/18
0.1,2,19,0,1000,200,5,constant,stated,0.5395907397331495,2,1,1,mixture/0.1/2/5/19
0.1,2,19,0,1000,200,5,constant,geomean,0.17533967035442957,2,1,1,mixture/0.1/2/5/19
0.1,2,19,0,1000,200,5,constant,ratio,0.02799999999999997,2,1,1,mixture/0.1/2/5/19
0.1,2,19,0,1000,200,5,constant,ratio-half,0.02799999999999997,2,1,1,mixture/0.1/2/5/19
0.1,2,19,0,1000,200,5,constant,asw-pam,,2,1,1,mixture/0.1/2/5/19
0.1,2,19,0,1000,200,5,constant,asw-average,,2,1,1,mixture/0.1/2/5/19
0.1,3,0,0,1000,200,5,constant,stated,0.5395907397331495,3,1,1,mixture/0.1/3/5/0
0.1,3,0,0,1000,200,5,constant,geomean,0.18285513391753602,3,1,1,mixture/0.1/3/5/0
0.1,3,0,0,1000,200,5,constant,ratio,0.04400000000000004,3,1,1,mixture/0.1/3/5/0
0.1,3,0,0,1000,200,5,constant,ratio-half,0.04400000000000004,3,1,1,mixture/0.1/3/5/0
0.1,3,0,0,1000,200,5,constant,asw-pam,,2,0,0,mixture/0.1/3/5/0
0.1,3,0,0,1000,200,5,constant,asw-average,,2,0,0,mixture/0.1/3/5/0
0.1,3,1,0,1000,200,5,constant,stated,0.5395907397331495,3,1,1,mixture/0.1/3/5/1
0.1,3,1,0,1000,200,5,constant,geomean,0.17111399708965946,3,1,1,mixture/0.1/3/5/1
0.1,3,1,0,1000,200,5,constant,ratio,0.034,3,1,1,mixture/0.1/3/5/1
0.1,3,1,0,1000,200,5,constant,ratio-half,0.034,3,1,1,mixture/0.1/3/5/1
0.1,3,1,0,1000,200,5,constant,asw-pam,,3,1,1,mixture/0.1/3/5/1
0.1,3,1,0,1000,200,5,constant,asw-average,,3,1,1,mixture/0.1/3/5/1
0.1,3,2,0,1000,200,5,constant,stated,0.5395907397331495,3,1,1,mixture/0.1/3/5/2
0.1,3,2,0,1000,200,5,constant,geomean,0.25727805969417594,3,1,1,mixture/0.1/3/5/2
0.1,3,2,0,1000,200,5,constant,ratio,0.09599999999999997,3,1,1,mixture/0.1/3/5/2
0.1,3,2,0,1000,200,5,constant,ratio-half,0.09599999999999997,3,1,1,mixture/0.1/3/5/2
0.1,3,2,0,1000,200,5,constant,asw-pam,,3,1,1,mixture/0.1/3/5/2
0.1,3,2,0,1000,200,5,constant,asw-average,,3,1,1,mixture/0.1/3/5/2
0.1,3,3,0,1000,200,5,constant,stated,0.5395907397331495,3,1,1,mixture/0.1/3/5/3
0.1,3,3,0,1000,200,5,constant,geomean,0.1069579356569675,4,0,0,mixture/0.1/3/5/3
0.1,3,3,0,1000,200,5,constant,ratio,0.0,166,0,0,mixture/0.1/3/5/3
0.1,3,3,0,1000,200,5,constant,ratio-half,0.16599999999999998,3,1,1,mixture/0.1/3/5/3
0.1,3,3,0,1000,200,5,constant,asw-pam,,3,1,1,mixture/0.1/3/5/3
0.1,3,3,0,1000,200,5,constant,asw-average,,3,1,1,mixture/0.1/3/5/3
0.1,3,4,0,1000,200,5,constant,stated,0.5395907397331495,3,1,1,mixture/0.1/3/5/4
0.1,3,4,0,1000,200,5,constant,geomean,0.16257921146321258,3,1,1,mixture/0.1/3/5/4
0.1,3,4,0,1000,200,5,constant,ratio,0.07399999999999995,3,1,1,mixture/0.1/3/5/4
0.1,3,4,0,1000,200,5,constant,ratio-half,0.07399999999999995,3,1,1,mixture/0.1/3/5/4
0.1,3,4,0,1000,200,5,constant,asw-pam,,3,1,1,mixture/0.1/3/5/4
0.1,3,4,0,1000,200,5,constant,asw-average,,3,1,1,mixture/0.1/3/5/4
0.1,3,5,0,1000,200,5,constant,stated,0.5395907397331495,3,1,1,mixture/0.1/3/5/5
0.1,3,5,0,1000,200,5,constant,geomean,0.18347751905887544,3,1,1,mixture/0.1/3/5/5
0.1,3,5,0,1000,200,5,constant,ratio,0.14800000000000002,3,1,1,mixture/0.1/3/5/5
0.1,3,5,0,1000,200,5,constant,ratio-half,0.14800000000000002,3,1,1,mixture/0.1/3/5/5
0.1,3,5,0,1000,200,5,constant,asw-pam,,3,1,1,mixture/0.1/3/5/5
0.1,3,5,0,1000,200,5,constant,asw-average,,3,1,1,mixture/0.1/3/5/5
0.1,3,6,0,1000,200,5,constant,stated,0.5395907397331495,2,0,0,mixture/0.1/3/5/6
0.1,3,6,0,1000,200,5,constant,geomean,0.11276524287208364,3,1,1,mixture/0.1/3/5/6
0.1,3,6,0,1000,200,5,constant,ratio,0.02999999999999997,3,1,1,mixture/0.1/3/5/6
0.1,3,6,0,1000,200,5,constant,ratio-half,0.02999999999999997,3,1,1,mixture/0.1/3/5/6
0.1,3,6,0,1000,200,5,constant,asw-pam,,3,1,1,mixture/0.1/3/5/6
0.1,3,6,0,1000,200,5,constant,asw-average,,3,1,1,mixture/0.1/3/5/6
0.1,3,7,0,1000,200,5,constant,stated,0.5395907397331495,3,1,1,mixture/0.1/3/5/7
0.1,3,7,0,1000,200,5,constant,geomean,0.1479459360712555,3,1,1,mixture/0.1/3/5/7
0.1,3,7,0,1000,200,5,constant,ratio,0.09400000000000003,3,1,1,mixture/0.1/3/5/7
0.1,3,7,0,1000,200,5,constant,ratio-half,0.09400000000000003,3,1,1,mixture/0.1/3/5/7
0.1,3,7,0,1000,200,5,constant,asw-pam,,3,1,1,mixture/0.1/3/5/7
0.1,3,7,0,1000,200,5,constant,asw-average,,3,1,1,mixture/0.1/3/5/7
0.1,3,8,0,1000,200,5,constant,stated,0.5395907397331495,3,1,1,mixture/0.1/3/5/8
0.1,3,8,0,1000,200,5,constant,geomean,0.14444376068214237,3,1,1,mixture/0.1/3/5/8
0.1,3,8,0,1000,200,5,constant,ratio,0.08199999999999985,3,1,1,mixture/0.1/3/5/8
0.1,3,8,0,1000,200,5,constant,ratio-half,0.08199999999999985,3,1,1,mixture/0.1/3/5/8
0.1,3,8,0,1000,200,5,constant,asw-pam,,3,1,1,mixture/0.1/3/5/8
0.1,3,8,0,1000,200,5,constant,asw-average,,3,1,1,mixture/0.1/3/5/8
0.1,3,9,0,1000,200,5,constant,stated,0.5395907397331495,1,0,0,mixture/0.1/3/5/9
0.1,3,9,0,1000,200,5,constant,geomean,0.10932520294973164,3,1,1,mixture/0.1/3/5/9
0.1,3,9,0,1000,200,5,constant,ratio,0.040000000000000036,3,1,1,mixture/0.1/3/5/9
0.1,3,9,0,1000,200,5,constant,ratio-half,0.040000000000000036,3,1,1,mixture/0.1/3/5/9
0.1,3,9,0,1000,200,5,constant,asw-pam,,2,0,0,mixture/0.1/3/5/9
0.1,3,9,0,1000,200,5,constant,asw-average,,2,0,0,mixture/0.1/3/5/9
0.1,3,10,0,1000,200,5,constant,stated,0.5395907397331495,2,0,0,mixture/0.1/3/5/10
0.1,3,10,0,1000,200,5,constant,geomean,0.1195491530710277,3,1,1,mixture/0.1/3/5/10
0.1,3,10,0,1000,200,5,constant,ratio,0.03200000000000003,3,1,1,mixture/0.1/3/5/10
0.1,3,10,0,1000,200,5,constant,ratio-half,0.03200000000000003,3,1,1,mixture/0.1/3/5/10
0.1,3,10,0,1000,200,5,constant,asw-pam,,3,1,1,mixture/0.1/3/5/10
0.1,3,10,0,1000,200,5,constant,asw-average,,3,1,1,mixture/0.1/3/5/10
0.1,3,11,0,1000,200,5,constant,stated,0.5395907397331495,3,1,1,mixture/0.1/3/5/11
0.1,3,11,0,1000,200,5,constant,geomean,0.25629670306112023,3,1,1,mixture/0.1/3/5/11
0.1,3,11,0,1000,200,5,constant,ratio,0.10400000000000009,3,1,1,mixture/0.1/3/5/11
0.1,3,11,0,1000,200,5,constant,ratio-half,0.10400000000000009,3,1,1,mixture/0.1/3/5/11
0.1,3,11,0,1000,200,5,constant,asw-pam,,2,0,0,mixture/0.1/3/5/11
0.1,3,11,0,1000,200,5,constant,asw-average,,2,0,0,mixture/0.1/3/5/11
0.1,3,12,0,1000,200,5,constant,stated,0.5395907397331495,3,1,1,mixture/0.1/3/5/12
0.1,3,12,0,1000,200,5,constant,geomean,0.1984842563026095,21,0,0,mixture/0.1/3/5/12
0.1,3,12,0,1000,200,5,constant,ratio,0.30399999999999994,3,1,1,mixture/0.1/3/5/12
0.1,3,12,0,1000,200,5,constant,ratio-half,0.30399999999999994,3,1,1,mixture/0.1/3/5/12
0.1,3,12,0,1000,200,5,constant,asw-pam,,3,1,0,mixture/0.1/3/5/12
0.1,3,12,0,1000,200,5,constant,asw-average,,3,1,1,mixture/0.1/3/5/12
0.1,3,13,0,1000,200,5,constant,stated,0.5395907397331495,3,1,1,mixture/0.1/3/5/13
0.1,3,13,0,1000,200,5,constant,geomean,0.1934941859591653,3,1,1,mixture/0.1/3/5/13
0.1,3,13,0,1000,200,5,constant,ratio,0.04200000000000004,3,1,1,mixture/0.1/3/5/13
0.1,3,13,0,1000,200,5,constant,ratio-half,0.04200000000000004,3,1,1,mixture/0.1/3/5/13
0.1,3,13,0,1000,200,5,constant,asw-pam,,3,1,1,mixture/0.1/3/5/13
0.1,3,13,0,1000,200,5,constant,asw-average,,3,1,1,mixture/0.1/3/5/13
0.1,3,14,0,1000,200,5,constant,stated,0.5395907397331495,3,1,0,mixture/0.1/3/5/14
0.1,3,14,0,1000,200,5,constant,geomean,0.14994665718181235,9,0,0,mixture/0.1/3/5/14
0.1,3,14,0,1000,200,5,constant,ratio,0.0,162,0,0,mixture/0.1/3/5/14
0.1,3,14,0,1000,200,5,constant,ratio-half,0.32,3,1,0,mixture/0.1/3/5/14
0.1,3,14,0,1000,200,5,constant,asw-pam,,3,1,0,mixture/0.1/3/5/14
0.1,3,14,0,1000,200,5,constant,asw-average,,4,0,0,mixture/0.1/3/5/14
0.1,3,15,0,1000,200,5,constant,stated,0.5395907397331495,1,0,0,mixture/0.1/3/5/15
0.1,3,15,0,1000,200,5,constant,geomean,0.11278297743897342,3,1,1,mixture/0.1/3/5/15
0.1,3,15,0,1000,200,5,constant,ratio,0.10599999999999998,3,1,1,mixture/0.1/3/5/15
0.1,3,15,0,1000,200,5,constant,ratio-half,0.10599999999999998,3,1,1,mixture/0.1/3/5/15
0.1,3,15,0,1000,200,5,constant,asw-pam,,3,1,1,mixture/0.1/3/5/15
0.1,3,15,0,1000,200,5,constant,asw-average,,3,1,1,mixture/0.1/3/5/15
0.1,3,16,0,1000,200,5,constant,stated,0.5395907397331495,2,0,0,mixture/0.1/3/5/16
0.1,3,16,0,1000,200,5,constant,geomean,0.10990905331227273,3,1,1,mixture/0.1/3/5/16
0.1,3,16,0,1000,200,5,constant,ratio,0.026000000000000023,3,1,1,mixture/0.1/3/5/16
0.1,3,16,0,1000,200,5,constant,ratio-half,0.026000000000000023,3,1,1,mixture/0.1/3/5/16
0.1,3,16,0,1000,200,5,constant,asw-pam,,3,1,1,mixture/0.1/3/5/16
0.1,3,16,0,1000,200,5,constant,asw-average,,3,1,1,mixture/0.1/3/5/16
0.1,3,17,0,1000,200,5,constant,stated,0.5395907397331495,3,1,1,mixture/0.1/3/5/17
0.1,3,17,0,1000,200,5,constant,geomean,0.15815182578775377,3,1,1,mixture/0.1/3/5/17
0.1,3,17,0,1000,200,5,constant,ratio,0.09199999999999997,3,1,1,mixture/0.1/3/5/17
0.1,3,17,0,1000,200,5,constant,ratio-half,0.09199999999999997,3,1,1,mixture/0.1/3/5/17
0.1,3,17,0,1000,200,5,constant,asw-pam,,3,1,1,mixture/0.1/3/5/17
0.1,3,17,0,1000,200,5,constant,asw-average,,3,1,1,mixture/0.1/3/5/17
0.1,3,18,0,1000,200,5,constant,stated,0.5395907397331495,3,1,1,mixture/0.1/3/5/18
0.1,3,18,0,1000,200,5,constant,geomean,0.27527440854536417,10,0,0,mixture/0.1/3/5/18
0.1,3,18,0,1000,200,5,constant,ratio,0.0,191,0,0,mixture/0.1/3/5/18
0.1,3,18,0,1000,200,5,constant,ratio-half,0.38399999999999995,3,1,1,mixture/0.1/3/5/18
0.1,3,18,0,1000,200,5,constant,asw-pam,,4,0,0,mixture/0.1/3/5/18
0.1,3,18,0,1000,200,5,constant,asw-average,,4,0,0,mixture/0.1/3/5/18
0.1,3,19,0,1000,200,5,constant,stated,0.5395907397331495,3,1,1,mixture/0.1/3/5/19
0.1,3,19,0,1000,200,5,constant,geomean,0.17634057956125687,8,0,0,mixture/0.1/3/5/19
0.1,3,19,0,1000,200,5,constant,ratio,0.02400000000000002,151,0,0,mixture/0.1/3/5/19
0.1,3,19,0,1000,200,5,constant,ratio-half,0.3780000000000001,3,1,1,mixture/0.1/3/5/19
0.1,3,19,0,1000,200,5,constant,asw-pam,,4,0,0,mixture/0.1/3/5/19
0.1,3,19,0,1000,200,5,constant,asw-average,,4,0,0,mixture/0.1/3/5/19
0.1,4,0,0,1000,200,5,constant,stated,0.5395907397331495,3,0,0,mixture/0.1/4/5/0
0.1,4,0,0,1000,200,5,constant,geomean,0.16949336270190649,7,0,0,mixture/0.1/4/5/0
0.1,4,0,0,1000,200,5,constant,ratio,0.07999999999999999,7,0,0,mixture/0.1/4/5/0
0.1,4,0,0,1000,200,5,constant,ratio-half,0.07999999999999999,7,0,0,mixture/0.1/4/5/0
0.1,4,0,0,1000,200,5,constant,asw-pam,,3,0,0,mixture/0.1/4/5/0
0.1,4,0,0,1000,200,5,constant,asw-average,,3,0,0,mixture/0.1/4/5/0
0.1,4,1,0,1000,200,5,constant,stated,0.5395907397331495,3,0,0,mixture/0.1/4/5/1
0.1,4,1,0,1000,200,5,constant,geomean,0.15939887076137027,3,0,0,mixture/0.1/4/5/1
0.1,4,1,0,1000,200,5,constant,ratio,0.0,160,0,0,mixture/0.1/4/5/1
0.1,4,1,0,1000,200,5,constant,ratio-half,0.124,3,0,0,mixture/0.1/4/5/1
0.1,4,1,0,1000,200,5,constant,asw-pam,,3,0,0,mixture/0.1/4/5/1
0.1,4,1,0,1000,200,5,constant,asw-average,,3,0,0,mixture/0.1/4/5/1
0.1,4,2,0,1000,200,5,constant,stated,0.5395907397331495,4,1,1,mixture/0.1/4/5/2
0.1,4,2,0,1000,200,5,constant,geomean,0.13283071933856255,4,1,1,mixture/0.1/4/5/2
0.1,4,2,0,1000,200,5,constant,ratio,0.06000000000000005,4,1,1,mixture/0.1/4/5/2
0.1,4,2,0,1000,200,5,constant,ratio-half,0.06000000000000005,4,1,1,mixture/0.1/4/5/2
0.1,4,2,0,1000,200,5,constant,asw-pam,,4,1,1,mixture/0.1/4/5/2
0.1,4,2,0,1000,200,5,constant,asw-average,,4,1,1,mixture/0.1/4/5/2
0.1,4,3,0,1000,200,5,constant,stated,0.5395907397331495,3,0,0,mixture/0.1/4/5/3
0.1,4,3,0,1000,200,5,constant,geomean,0.1647300822557915,9,0,0,mixture/0.1/4/5/3
0.1,4,3,0,1000,200,5,constant,ratio,0.29000000000000004,3,0,0,mixture/0.1/4/5/3
0.1,4,3,0,1000,200,5,constant,ratio-half,0.29000000000000004,3,0,0,mixture/0.1/4/5/3
0.1,4,3,0,1000,200,5,constant,asw-pam,,3,0,0,mixture/0.1/4/5/3
0.1,4,3,0,1000,200,5,constant,asw-average,,3,0,0,mixture/0.1/4/5/3
0.1,4,4,0,1000,200,5,constant,stated,0.5395907397331495,3,0,0,mixture/0.1/4/5/4
0.1,4,4,0,1000,200,5,constant,geomean,0.2040000000000001,4,1,1,mixture/0.1/4/5/4
0.1,4,4,0,1000,200,5,constant,ratio,0.068,4,1,1,mixture/0.1/4/5/4
0.1,4,4,0,1000,200,5,constant,ratio-half,0.068,4,1,1,mixture/0.1/4/5/4
0.1,4,4,0,1000,200,5,constant,asw-pam,,4,1,1,mixture/0.1/4/5/4
0.1,4,4,0,1000,200,5,constant,asw-average,,4,1,1,mixture/0.1/4/5/4
0.1,4,5,0,1000,200,5,constant,stated,0.5395907397331495,4,1,1,mixture/0.1/4/5/5
0.1,4,5,0,1000,200,5,constant,geomean,0.1617405329532458,4,1,1,mixture/0.1/4/5/5
0.1,4,5,0,1000,200,5,constant,ratio,0.16,4,1,1,mixture/0.1/4/5/5
0.1,4,5,0,1000,200,5,constant,ratio-half,0.16,4,1,1,mixture/0.1/4/5/5
0.1,4,5,0,1000,200,5,constant,asw-pam,,4,1,1,mixture/0.1/4/5/5
0.1,4,5,0,1000,200,5,constant,asw-average,,4,1,1,mixture/0.1/4/5/5
0.1,4,6,0,1000,200,5,constant,stated,0.5395907397331495,2,0,0,mixture/0.1/4/5/6
0.1,4,6,0,1000,200,5,constant,geomean,0.12258874336577569,4,1,1,mixture/0.1/4/5/6
0.1,4,6,0,1000,200,5,constant,ratio,0.052000000000000046,4,1,1,mixture/0.1/4/5/6
0.1,4,6,0,1000,200,5,constant,ratio-half,0.052000000000000046,4,1,1,mixture/0.1/4/5/6
0.1,4,6,0,1000,200,5,constant,asw-pam,,4,1,1,mixture/0.1/4/5/6
0.1,4,6,0,1000,200,5,constant,asw-average,,4,1,1,mixture/0.1/4/5/6
0.1,4,7,0,1000,200,5,constant,stated,0.5395907397331495,4,1,1,mixture/0.1/4/5/7
0.1,4,7,0,1000,200,5,constant,geomean,0.24955961211702493,4,1,1,mixture/0.1/4/5/7
0.1,4,7,0,1000,200,5,constant,ratio,0.126,4,1,1,mixture/0.1/4/5/7
0.1,4,7,0,1000,200,5,constant,ratio-half,0.126,4,1,1,mixture/0.1/4/5/7
0.1,4,7,0,1000,200,5,constant,asw-pam,,4,1,1,mixture/0.1/4/5/7
0.1,4,7,0,1000,200,5,constant,asw-average,,4,1,1,mixture/0.1/4/5/7
0.1,4,8,0,1000,200,5,constant,stated,0.5395907397331495,3,0,0,mixture/0.1/4/5/8
0.1,4,8,0,1000,200,5,constant,geomean,0.13548431643551964,4,1,1,mixture/0.1/4/5/8
0.1,4,8,0,1000,200,5,constant,ratio,0.08399999999999996,4,1,1,mixture/0.1/4/5/8
0.1,4,8,0,1000,200,5,constant,ratio-half,0.08399999999999996,4,1,1,mixture/0.1/4/5/8
0.1,4,8,0,1000,200,5,constant,asw-pam,,3,0,0,mixture/0.1/4/5/8
0.1,4,8,0,1000,200,5,constant,asw-average,,3,0,0,mixture/0.1/4/5/8
0.1,4,9,0,1000,200,5,constant,stated,0.5395907397331495,3,0,0,mixture/0.1/4/5/9
0.1,4,9,0,1000,200,5,constant,geomean,0.10507140429250962,5,0,0,mixture/0.1/4/5/9
0.1,4,9,0,1000,200,5,constant,ratio,0.0,179,0,0,mixture/0.1/4/5/9
0.1,4,9,0,1000,200,5,constant,ratio-half,0.10799999999999998,4,1,1,mixture/0.1/4/5/9
0.1,4,9,0,1000,200,5,constant,asw-pam,,4,1,1,mixture/0.1/4/5/9
0.1,4,9,0,1000,200,5,constant,asw-average,,4,1,1,mixture/0.1/4/5/9
0.1,4,10,0,1000,200,5,constant,stated,0.5395907397331495,4,1,1,mixture/0.1/4/5/10
0.1,4,10,0,1000,200,5,constant,geomean,0.1443329484213498,4,1,1,mixture/0.1/4/5/10
0.1,4,10,0,1000,200,5,constant,ratio,0.0,199,0,0,mixture/0.1/4/5/10
0.1,4,10,0,1000,200,5,constant,ratio-half,0.05600000000000005,4,1,1,mixture/0.1/4/5/10
0.1,4,10,0,1000,200,5,constant,asw-pam,,4,1,1,mixture/0.1/4/5/10
0.1,4,10,0,1000,200,5,constant,asw-average,,4,1,1,mixture/0.1/4/5/10
0.1,4,11,0,1000,200,5,constant,stated,0.5395907397331495,3,0,0,mixture/0.1/4/5/11
0.1,4,11,0,1000,200,5,constant,geomean,0.15732768351437715,5,0,0,mixture/0.1/4/5/11
0.1,4,11,0,1000,200,5,constant,ratio,0.17000000000000004,4,1,1,mixture/0.1/4/5/11
0.1,4,11,0,1000,200,5,constant,ratio-half,0.17000000000000004,4,1,1,mixture/0.1/4/5/11
0.1,4,11,0,1000,200,5,constant,asw-pam,,4,1,1,mixture/0.1/4/5/11
0.1,4,11,0,1000,200,5,constant,asw-average,,4,1,1,mixture/0.1/4/5/11
0.1,4,12,0,1000,200,5,constant,stated,0.5395907397331495,3,0,0,mixture/0.1/4/5/12
0.1,4,12,0,1000,200,5,constant,geomean,0.15252540771950088,3,0,0,mixture/0.1/4/5/12
0.1,4,12,0,1000,200,5,constant,ratio,0.0,161,0,0,mixture/0.1/4/5/12
0.1,4,12,0,1000,200,5,constant,ratio-half,0.10000000000000003,3,0,0,mixture/0.1/4/5/12
0.1,4,12,0,1000,200,5,constant,asw-pam,,3,0,0,mixture/0.1/4/5/12
0.1,4,12,0,1000,200,5,constant,asw-average,,3,0,0,mixture/0.1/4/5/12
0.1,4,13,0,1000,200,5,constant,stated,0.5395907397331495,2,0,0,mixture/0.1/4/5/13
0.1,4,13,0,1000,200,5,constant,geomean,0.12707478113300064,4,1,1,mixture/0.1/4/5/13
0.1,4,13,0,1000,200,5,constant,ratio,0.039999999999999925,4,1,1,mixture/0.1/4/5/13
0.1,4,13,0,1000,200,5,constant,ratio-half,0.039999999999999925,4,1,1,mixture/0.1/4/5/13
0.1,4,13,0,1000,200,5,constant,asw-pam,,4,1,1,mixture/0.1/4/5/13
0.1,4,13,0,1000,200,5,constant,asw-average,,4,1,1,mixture/0.1/4/5/13
0.1,4,14,0,1000,200,5,constant,stated,0.5395907397331495,3,0,0,mixture/0.1/4/5/14
0.1,4,14,0,1000,200,5,constant,geomean,0.19944924166313602,4,1,1,mixture/0.1/4/5/14
0.1,4,14,0,1000,200,5,constant,ratio,0.0,198,0,0,mixture/0.1/4/5/14
0.1,4,14,0,1000,200,5,constant,ratio-half,0.17799999999999994,4,1,1,mixture/0.1/4/5/14
0.1,4,14,0,1000,200,5,constant,asw-pam,,3,0,0,mixture/0.1/4/5/14
0.1,4,14,0,1000,200,5,constant,asw-average,,3,0,0,mixture/0.1/4/5/14
0.1,4,15,0,1000,200,5,constant,stated,0.5395907397331495,3,0,0,mixture/0.1/4/5/15
0.1,4,15,0,1000,200,5,constant,geomean,0.1607109205996905,4,1,1,mixture/0.1/4/5/15
0.1,4,15,0,1000,200,5,constant,ratio,0.172,3,0,0,mixture/0.1/4/5/15
0.1,4,15,0,1000,200,5,constant,ratio-half,0.172,3,0,0,mixture/0.1/4/5/15
0.1,4,15,0,1000,200,5,constant,asw-pam,,3,0,0,mixture/0.1/4/5/15
0.1,4,15,0,1000,200,5,constant,asw-average,,3,0,0,mixture/0.1/4/5/15
0.1,4,16,0,1000,200,5,constant,stated,0.5395907397331495,3,0,0,mixture/0.1/4/5/16
0.1,4,16,0,1000,200,5,constant,geomean,0.14532721699667958,3,0,0,mixture/0.1/4/5/16
0.1,4,16,0,1000,200,5,constant,ratio,0.0,178,0,0,mixture/0.1/4/5/16
0.1,4,16,0,1000,200,5,constant,ratio-half,0.043999999999999984,3,0,0,mixture/0.1/4/5/16
0.1,4,16,0,1000,200,5,constant,asw-pam,,3,0,0,mixture/0.1/4/5/16
0.1,4,16,0,1000,200,5,constant,asw-average,,3,0,0,mixture/0.1/4/5/16
0.1,4,17,0,1000,200,5,constant,stated,0.5395907397331495,1,0,0,mixture/0.1/4/5/17
0.1,4,17,0,1000,200,5,constant,geomean,0.10059821071967438,4,1,1,mixture/0.1/4/5/17
0.1,4,17,0,1000,200,5,constant,ratio,0.03600000000000003,4,1,1,mixture/0.1/4/5/17
0.1,4,17,0,1000,200,5,constant,ratio-half,0.03600000000000003,4,1,1,mixture/0.1/4/5/17
0.1,4,17,0,1000,200,5,constant,asw-pam,,4,1,1,mixture/0.1/4/5/17
0.1,4,17,0,1000,200,5,constant,asw-average,,4,1,1,mixture/0.1/4/5/17
0.1,4,18,0,1000,200,5,constant,stated,0.5395907397331495,4,1,1,mixture/0.1/4/5/18
0.1,4,18,0,1000,200,5,constant,geomean,0.1624068964052942,4,1,1,mixture/0.1/4/5/18
0.1,4,18,0,1000,200,5,constant,ratio,0.05999999999999983,4,1,1,mixture/0.1/4/5/18
0.1,4,18,0,1000,200,5,constant,ratio-half,0.05999999999999983,4,1,1,mixture/0.1/4/5/18
0.1,4,18,0,1000,200,5,constant,asw-pam,,4,1,1,mixture/0.1/4/5/18
0.1,4,18,0,1000,200,5,constant,asw-average,,4,1,1,mixture/0.1/4/5/18
0.1,4,19,0,1000,200,5,constant,stated,0.5395907397331495,4,1,1,mixture/0.1/4/5/19
0.1,4,19,0,1000,200,5,constant,geomean,0.16144348856488439,4,1,1,mixture/0.1/4/5/19
0.1,4,19,0,1000,200,5,constant,ratio,0.043999999999999984,4,1,1,mixture/0.1/4/5/19
0.1,4,19,0,1000,200,5,constant,ratio-half,0.043999999999999984,4,1,1,mixture/0.1/4/5/19
0.1,4,19,0,1000,200,5,constant,asw-pam,,4,1,1,mixture/0.1/4/5/19
0.1,4,19,0,1000,200,5,constant,asw-average,,4,1,1,mixture/0.1/4/5/19
0.1,5,0,0,1000,200,5,constant,stated,0.5395907397331495,4,0,0,mixture/0.1/5/5/0
0.1,5,0,0,1000,200,5,constant,geomean,0.1933597683076809,5,1,1,mixture/0.1/5/5/0
0.1,5,0,0,1000,200,5,constant,ratio,0.094,5,1,1,mixture/0.1/5/5/0
0.1,5,0,0,1000,200,5,constant,ratio-half,0.094,5,1,1,mixture/0.1/5/5/0
0.1,5,0,0,1000,200,5,constant,asw-pam,,5,1,1,mixture/0.1/5/5/0
0.1,5,0,0,1000,200,5,constant,asw-average,,5,1,1,mixture/0.1/5/5/0
0.1,5,1,0,1000,200,5,constant,stated,0.5395907397331495,5,1,0,mixture/0.1/5/5/1
0.1,5,1,0,1000,200,5,constant,geomean,0.132815661727072,14,0,0,mixture/0.1/5/5/1
0.1,5,1,0,1000,200,5,constant,ratio,0.0,163,0,0,mixture/0.1/5/5/1
0.1,5,1,0,1000,200,5,constant,ratio-half,0.3460000000000001,5,1,0,mixture/0.1/5/5/1
0.1,5,1,0,1000,200,5,constant,asw-pam,,5,1,0,mixture/0.1/5/5/1
0.1,5,1,0,1000,200,5,constant,asw-average,,5,1,0,mixture/0.1/5/5/1
0.1,5,2,0,1000,200,5,constant,stated,0.5395907397331495,5,1,1,mixture/0.1/5/5/2
0.1,5,2,0,1000,200,5,constant,geomean,0.17186040847152667,5,1,1,mixture/0.1/5/5/2
0.1,5,2,0,1000,200,5,constant,ratio,0.124,5,1,1,mixture/0.1/5/5/2
0.1,5,2,0,1000,200,5,constant,ratio-half,0.124,5,1,1,mixture/0.1/5/5/2
0.1,5,2,0,1000,200,5,constant,asw-pam,,5,1,1,mixture/0.1/5/5/2
0.1,5,2,0,1000,200,5,constant,asw-average,,5,1,1,mixture/0.1/5/5/2
0.1,5,3,0,1000,200,5,constant,stated,0.5395907397331495,5,1,1,mixture/0.1/5/5/3
0.1,5,3,0,1000,200,5,constant,geomean,0.18512698344649822,5,1,1,mixture/0.1/5/5/3
0.1,5,3,0,1000,200,5,constant,ratio,0.17000000000000004,5,1,1,mixture/0.1/5/5/3
0.1,5,3,0,1000,200,5,constant,ratio-half,0.17000000000000004,5,1,1,mixture/0.1/5/5/3
0.1,5,3,0,1000,200,5,constant,asw-pam,,5,1,1,mixture/0.1/5/5/3
0.1,5,3,0,1000,200,5,constant,asw-average,,5,1,1,mixture/0.1/5/5/3
0.1,5,4,0,1000,200,5,constant,stated,0.5395907397331495,5,1,1,mixture/0.1/5/5/4
0.1,5,4,0,1000,200,5,constant,geomean,0.17362027531368512,11,0,0,mixture/0.1/5/5/4
0.1,5,4,0,1000,200,5,constant,ratio,0.0,193,0,0,mixture/0.1/5/5/4
0.1,5,4,0,1000,200,5,constant,ratio-half,0.19399999999999995,8,0,0,mixture/0.1/5/5/4
0.1,5,4,0,1000,200,5,constant,asw-pam,,7,0,0,mixture/0.1/5/5/4
0.1,5,4,0,1000,200,5,constant,asw-average,,7,0,0,mixture/0.1/5/5/4
0.1,5,5,0,1000,200,5,constant,stated,0.5395907397331495,3,0,0,mixture/0.1/5/5/5
0.1,5,5,0,1000,200,5,constant,geomean,0.13386560424545216,14,0,0,mixture/0.1/5/5/5
0.1,5,5,0,1000,200,5,constant,ratio,0.0,198,0,0,mixture/0.1/5/5/5
0.1,5,5,0,1000,200,5,constant,ratio-half,0.10799999999999998,14,0,0,mixture/0.1/5/5/5
0.1,5,5,0,1000,200,5,constant,asw-pam,,7,0,0,mixture/0.1/5/5/5
0.1,5,5,0,1000,200,5,constant,asw-average,,3,0,0,mixture/0.1/5/5/5
0.1,5,6,0,1000,200,5,constant,stated,0.5395907397331495,4,0,0,mixture/0.1/5/5/6
0.1,5,6,0,1000,200,5,constant,geomean,0.13227244611029168,5,1,1,mixture/0.1/5/5/6
0.1,5,6,0,1000,200,5,constant,ratio,0.06399999999999999,5,1,1,mixture/0.1/5/5/6
0.1,5,6,0,1000,200,5,constant,ratio-half,0.06399999999999999,5,1,1,mixture/0.1/5/5/6
0.1,5,6,0,1000,200,5,constant,asw-pam,,4,0,0,mixture/0.1/5/5/6
0.1,5,6,0,1000,200,5,constant,asw-average,,4,0,0,mixture/0.1/5/5/6
0.1,5,7,0,1000,200,5,constant,stated,0.5395907397331495,4,0,0,mixture/0.1/5/5/7
0.1,5,7,0,1000,200,5,constant,geomean,0.13882362911262627,5,1,1,mixture/0.1/5/5/7
0.1,5,7,0,1000,200,5,constant,ratio,0.050000000000000044,5,1,1,mixture/0.1/5/5/7
0.1,5,7,0,1000,200,5,constant,ratio-half,0.050000000000000044,5,1,1,mixture/0.1/5/5/7
0.1,5,7,0,1000,200,5,constant,asw-pam,,5,1,1,mixture/0.1/5/5/7
0.1,5,7,0,1000,200,5,constant,asw-average,,5,1,1,mixture/0.1/5/5/7
0.1,5,8,0,1000,200,5,constant,stated,0.5395907397331495,4,0,0,mixture/0.1/5/5/8
0.1,5,8,0,1000,200,5,constant,geomean,0.1475804865149862,6,0,0,mixture/0.1/5/5/8
0.1,5,8,0,1000,200,5,constant,ratio,0.166,4,0,0,mixture/0.1/5/5/8
0.1,5,8,0,1000,200,5,constant,ratio-half,0.166,4,0,0,mixture/0.1/5/5/8
0.1,5,8,0,1000,200,5,constant,asw-pam,,4,0,0,mixture/0.1/5/5/8
0.1,5,8,0,1000,200,5,constant,asw-average,,4,0,0,mixture/0.1/5/5/8
0.1,5,9,0,1000,200,5,constant,stated,0.5395907397331495,3,0,0,mixture/0.1/5/5/9
0.1,5,9,0,1000,200,5,constant,geomean,0.21601851772475425,14,0,0,mixture/0.1/5/5/9
0.1,5,9,0,1000,200,5,constant,ratio,0.0,197,0,0,mixture/0.1/5/5/9
0.1,5,9,0,1000,200,5,constant,ratio-half,0.47800000000000004,3,0,0,mixture/0.1/5/5/9
0.1,5,9,0,1000,200,5,constant,asw-pam,,5,1,1,mixture/0.1/5/5/9
0.1,5,9,0,1000,200,5,constant,asw-average,,5,1,1,mixture/0.1/5/5/9
0.1,5,10,0,1000,200,5,constant,stated,0.5395907397331495,3,0,0,mixture/0.1/5/5/10
0.1,5,10,0,1000,200,5,constant,geomean,0.1980101007524617,13,0,0,mixture/0.1/5/5/10
0.1,5,10,0,1000,200,5,constant,ratio,0.0,186,0,0,mixture/0.1/5/5/10
0.1,5,10,0,1000,200,5,constant,ratio-half,0.392,3,0,0,mixture/0.1/5/5/10
0.1,5,10,0,1000,200,5,constant,asw-pam,,5,1,0,mixture/0.1/5/5/10
0.1,5,10,0,1000,200,5,constant,asw-average,,4,0,0,mixture/0.1/5/5/10
0.1,5,11,0,1000,200,5,constant,stated,0.5395907397331495,4,0,0,mixture/0.1/5/5/11
0.1,5,11,0,1000,200,5,constant,geomean,0.14024264686606575,5,1,1,mixture/0.1/5/5/11
0.1,5,11,0,1000,200,5,constant,ratio,0.08399999999999996,5,1,1,mixture/0.1/5/5/11
0.1,5,11,0,1000,200,5,constant,ratio-half,0.08399999999999996,5,1,1,mixture/0.1/5/5/11
0.1,5,11,0,1000,200,5,constant,asw-pam,,4,0,0,mixture/0.1/5/5/11
0.1,5,11,0,1000,200,5,constant,asw-average,,4,0,0,mixture/0.1/5/5/11
0.1,5,12,0,1000,200,5,constant,stated,0.5395907397331495,6,0,0,mixture/0.1/5/5/12
0.1,5,12,0,1000,200,5,constant,geomean,0.16899704139422092,11,0,0,mixture/0.1/5/5/12
0.1,5,12,0,1000,200,5,constant,ratio,0.22000000000000003,6,0,0,mixture/0.1/5/5/12
0.1,5,12,0,1000,200,5,constant,ratio-half,0.22000000000000003,6,0,0,mixture/0.1/5/5/12
0.1,5,12,0,1000,200,5,constant,asw-pam,,5,1,0,mixture/0.1/5/5/12
0.1,5,12,0,1000,200,5,constant,asw-average,,6,0,0,mixture/0.1/5/5/12
0.1,5,13,0,1000,200,5,constant,stated,0.5395907397331495,4,0,0,mixture/0.1/5/5/13
0.1,5,13,0,1000,200,5,constant,geomean,0.16569852141766392,4,0,0,mixture/0.1/5/5/13
0.1,5,13,0,1000,200,5,constant,ratio,0.1160000000000001,4,0,0,mixture/0.1/5/5/13
0.1,5,13,0,1000,200,5,constant,ratio-half,0.1160000000000001,4,0,0,mixture/0.1/5/5/13
0.1,5,13,0,1000,200,5,constant,asw-pam,,4,0,0,mixture/0.1/5/5/13
0.1,5,13,0,1000,200,5,constant,asw-average,,4,0,0,mixture/0.1/5/5/13
0.1,5,14,0,1000,200,5,constant,stated,0.5395907397331495,3,0,0,mixture/0.1/5/5/14
0.1,5,14,0,1000,200,5,constant,geomean,0.11679041056525151,5,1,1,mixture/0.1/5/5/14
0.1,5,14,0,1000,200,5,constant,ratio,0.03600000000000003,5,1,1,mixture/0.1/5/5/14
0.1,5,14,0,1000,200,5,constant,ratio-half,0.03600000000000003,5,1,1,mixture/0.1/5/5/14
0.1,5,14,0,1000,200,5,constant,asw-pam,,4,0,0,mixture/0.1/5/5/14
0.1,5,14,0,1000,200,5,constant,asw-average,,4,0,0,mixture/0.1/5/5/14
0.1,5,15,0,1000,200,5,constant,stated,0.5395907397331495,2,0,0,mixture/0.1/5/5/15
0.1,5,15,0,1000,200,5,constant,geomean,0.13386560424545216,5,1,1,mixture/0.1/5/5/15
0.1,5,15,0,1000,200,5,constant,ratio,0.07200000000000006,5,1,1,mixture/0.1/5/5/15
0.1,5,15,0,1000,200,5,constant,ratio-half,0.07200000000000006,5,1,1,mixture/0.1/5/5/15
0.1,5,15,0,1000,200,5,constant,asw-pam,,5,1,1,mixture/0.1/5/5/15
0.1,5,15,0,1000,200,5,constant,asw-average,,5,1,1,mixture/0.1/5/5/15
0.1,5,16,0,1000,200,5,constant,stated,0.5395907397331495,3,0,0,mixture/0.1/5/5/16
0.1,5,16,0,1000,200,5,constant,geomean,0.15256474035634845,30,0,0,mixture/0.1/5/5/16
0.1,5,16,0,1000,200,5,constant,ratio,0.0,186,0,0,mixture/0.1/5/5/16
0.1,5,16,0,1000,200,5,constant,ratio-half,0.504,3,0,0,mixture/0.1/5/5/16
0.1,5,16,0,1000,200,5,constant,asw-pam,,8,0,0,mixture/0.1/5/5/16
0.1,5,16,0,1000,200,5,constant,asw-average,,7,0,0,mixture/0.1/5/5/16
0.1,5,17,0,1000,200,5,constant,stated,0.5395907397331495,4,0,0,mixture/0.1/5/5/17
0.1,5,17,0,1000,200,5,constant,geomean,0.19335976830768067,4,0,0,mixture/0.1/5/5/17
0.1,5,17,0,1000,200,5,constant,ratio,0.09800000000000009,4,0,0,mixture/0.1/5/5/17
0.1,5,17,0,1000,200,5,constant,ratio-half,0.09800000000000009,4,0,0,mixture/0.1/5/5/17
0.1,5,17,0,1000,200,5,constant,asw-pam,,4,0,0,mixture/0.1/5/5/17
0.1,5,17,0,1000,200,5,constant,asw-average,,4,0,0,mixture/0.1/5/5/17
0.1,5,18,0,1000,200,5,constant,stated,0.5395907397331495,3,0,0,mixture/0.1/5/5/18
0.1,5,18,0,1000,200,5,constant,geomean,0.17503142574977795,6,0,0,mixture/0.1/5/5/18
0.1,5,18,0,1000,200,5,constant,ratio,0.174,6,0,0,mixture/0.1/5/5/18
0.1,5,18,0,1000,200,5,constant,ratio-half,0.174,6,0,0,mixture/0.1/5/5/18
0.1,5,18,0,1000,200,5,constant,asw-pam,,5,1,1,mixture/0.1/5/5/18
0.1,5,18,0,1000,200,5,constant,asw-average,,5,1,1,mixture/0.1/5/5/18
0.1,5,19,0,1000,200,5,constant,stated,0.5395907397331495,1,0,0,mixture/0.1/5/5/19
0.1,5,19,0,1000,200,5,constant,geomean,0.1306292463424635,5,1,1,mixture/0.1/5/5/19
0.1,5,19,0,1000,200,5,constant,ratio,0.06399999999999995,5,1,1,mixture/0.1/5/5/19
0.1,5,19,0,1000,200,5,constant,ratio-half,0.06399999999999995,5,1,1,mixture/0.1/5/5/19
0.1,5,19,0,1000,200,5,constant,asw-pam,,5,1,1,mixture/0.1/5/5/19
0.1,5,19,0,1000,200,5,constant,asw-average,,5,1,1,mixture/0.1/5/5/19
0.1,6,0,0,1000,200,5,constant,stated,0.5395907397331495,5,0,0,mixture/0.1/6/5/0
0.1,6,0,0,1000,200,5,constant,geomean,0.19879637823662694,6,1,1,mixture/0.1/6/5/0
0.1,6,0,0,1000,200,5,constant,ratio,0.0,196,0,0,mixture/0.1/6/5/0
0.1,6,0,0,1000,200,5,constant,ratio-half,0.17600000000000002,6,1,1,mixture/0.1/6/5/0
0.1,6,0,0,1000,200,5,constant,asw-pam,,6,1,1,mixture/0.1/6/5/0
0.1,6,0,0,1000,200,5,constant,asw-average,,6,1,1,mixture/0.1/6/5/0
0.1,6,1,0,1000,200,5,constant,stated,0.5395907397331495,5,0,0,mixture/0.1/6/5/1
0.1,6,1,0,1000,200,5,constant,geomean,0.1524467120012761,6,1,1,mixture/0.1/6/5/1
0.1,6,1,0,1000,200,5,constant,ratio,0.1140000000000001,6,1,1,mixture/0.1/6/5/1
0.1,6,1,0,1000,200,5,constant,ratio-half,0.1140000000000001,6,1,1,mixture/0.1/6/5/1
0.1,6,1,0,1000,200,5,constant,asw-pam,,6,1,1,mixture/0.1/6/5/1
0.1,6,1,0,1000,200,5,constant,asw-average,,6,1,1,mixture/0.1/6/5/1
0.1,6,2,0,1000,200,5,constant,stated,0.5395907397331495,4,0,0,mixture/0.1/6/5/2
0.1,6,2,0,1000,200,5,constant,geomean,0.14891608375189033,6,1,1,mixture/0.1/6/5/2
0.1,6,2,0,1000,200,5,constant,ratio,0.0,198,0,0,mixture/0.1/6/5/2
0.1,6,2,0,1000,200,5,constant,ratio-half,0.122,6,1,1,mixture/0.1/6/5/2
0.1,6,2,0,1000,200,5,constant,asw-pam,,6,1,1,mixture/0.1/6/5/2
0.1,6,2,0,1000,200,5,constant,asw-average,,6,1,1,mixture/0.1/6/5/2
0.1,6,3,0,1000,200,5,constant,stated,0.5395907397331495,2,0,0,mixture/0.1/6/5/3
0.1,6,3,0,1000,200,5,constant,geomean,0.13624977064200886,5,0,0,mixture/0.1/6/5/3
0.1,6,3,0,1000,200,5,constant,ratio,0.14600000000000002,4,0,0,mixture/0.1/6/5/3
0.1,6,3,0,1000,200,5,constant,ratio-half,0.14600000000000002,4,0,0,mixture/0.1/6/5/3
0.1,6,3,0,1000,200,5,constant,asw-pam,,2,0,0,mixture/0.1/6/5/3
0.1,6,3,0,1000,200,5,constant,asw-average,,3,0,0,mixture/0.1/6/5/3
0.1,6,4,0,1000,200,5,constant,stated,0.5395907397331495,4,0,0,mixture/0.1/6/5/4
0.1,6,4,0,1000,200,5,constant,geomean,0.20749939758948682,6,1,1,mixture/0.1/6/5/4
0.1,6,4,0,1000,200,5,constant,ratio,0.15599999999999992,6,1,1,mixture/0.1/6/5/4
0.1,6,4,0,1000,200,5,constant,ratio-half,0.15599999999999992,6,1,1,mixture/0.1/6/5/4
0.1,6,4,0,1000,200,5,constant,asw-pam,,6,1,1,mixture/0.1/6/5/4
0.1,6,4,0,1000,200,5,constant,asw-average,,6,1,1,mixture/0.1/6/5/4
0.1,6,5,0,1000,200,5,constant,stated,0.5395907397331495,4,0,0,mixture/0.1/6/5/5
0.1,6,5,0,1000,200,5,constant,geomean,0.1369671493461115,6,1,1,mixture/0.1/6/5/5
0.1,6,5,0,1000,200,5,constant,ratio,0.07400000000000007,6,1,1,mixture/0.1/6/5/5
0.1,6,5,0,1000,200,5,constant,ratio-half,0.07400000000000007,6,1,1,mixture/0.1/6/5/5
0.1,6,5,0,1000,200,5,constant,asw-pam,,4,0,0,mixture/0.1/6/5/5
0.1,6,5,0,1000,200,5,constant,asw-average,,4,0,0,mixture/0.1/6/5/5
0.1,6,6,0,1000,200,5,constant,stated,0.5395907397331495,5,0,0,mixture/0.1/6/5/6
0.1,6,6,0,1000,200,5,constant,geomean,0.14664242223858692,6,1,1,mixture/0.1/6/5/6
0.1,6,6,0,1000,200,5,constant,ratio,0.07400000000000007,6,1,1,mixture/0.1/6/5/6
0.1,6,6,0,1000,200,5,constant,ratio-half,0.07400000000000007,6,1,1,mixture/0.1/6/5/6
0.1,6,6,0,1000,200,5,constant,asw-pam,,6,1,1,mixture/0.1/6/5/6
0.1,6,6,0,1000,200,5,constant,asw-average,,6,1,1,mixture/0.1/6/5/6
0.1,6,7,0,1000,200,5,constant,stated,0.5395907397331495,4,0,0,mixture/0.1/6/5/7
0.1,6,7,0,1000,200,5,constant,geomean,0.1405702671264447,28,0,0,mixture/0.1/6/5/7
0.1,6,7,0,1000,200,5,constant,ratio,0.05400000000000002,38,0,0,mixture/0.1/6/5/7
0.1,6,7,0,1000,200,5,constant,ratio-half,0.05400000000000002,38,0,0,mixture/0.1/6/5/7
0.1,6,7,0,1000,200,5,constant,asw-pam,,5,0,0,mixture/0.1/6/5/7
0.1,6,7,0,1000,200,5,constant,asw-average,,5,0,0,mixture/0.1/6/5/7
0.1,6,8,0,1000,200,5,constant,stated,0.5395907397331495,5,0,0,mixture/0.1/6/5/8
0.1,6,8,0,1000,200,5,constant,geomean,0.1560769041210133,6,1,1,mixture/0.1/6/5/8
0.1,6,8,0,1000,200,5,constant,ratio,0.126,6,1,1,mixture/0.1/6/5/8
0.1,6,8,0,1000,200,5,constant,ratio-half,0.126,6,1,1,mixture/0.1/6/5/8
0.1,6,8,0,1000,200,5,constant,asw-pam,,6,1,1,mixture/0.1/6/5/8
0.1,6,8,0,1000,200,5,constant,asw-average,,6,1,1,mixture/0.1/6/5/8
0.1,6,9,0,1000,200,5,constant,stated,0.5395907397331495,6,1,0,mixture/0.1/6/5/9
0.1,6,9,0,1000,200,5,constant,geomean,0.15978735869899102,10,0,0,mixture/0.1/6/5/9
0.1,6,9,0,1000,200,5,constant,ratio,0.0,180,0,0,mixture/0.1/6/5/9
0.1,6,9,0,1000,200,5,constant,ratio-half,0.051999999999999824,13,0,0,mixture/0.1/6/5/9
0.1,6,9,0,1000,200,5,constant,asw-pam,,8,0,0,mixture/0.1/6/5/9
0.1,6,9,0,1000,200,5,constant,asw-average,,7,0,0,mixture/0.1/6/5/9
0.1,6,10,0,1000,200,5,constant,stated,0.5395907397331495,4,0,0,mixture/0.1/6/5/10
0.1,6,10,0,1000,200,5,constant,geomean,0.12489995996796803,6,1,1,mixture/0.1/6/5/10
0.1,6,10,0,1000,200,5,constant,ratio,0.03200000000000003,6,1,1,mixture/0.1/6/5/10
0.1,6,10,0,1000,200,5,constant,ratio-half,0.03200000000000003,6,1,1,mixture/0.1/6/5/10
0.1,6,10,0,1000,200,5,constant,asw-pam,,6,1,1,mixture/0.1/6/5/10
0.1,6,10,0,1000,200,5,constant,asw-average,,6,1,1,mixture/0.1/6/5/10
0.1,6,11,0,1000,200,5,constant,stated,0.5395907397331495,5,0,0,mixture/0.1/6/5/11
0.1,6,11,0,1000,200,5,constant,geomean,0.24898192705495698,8,0,0,mixture/0.1/6/5/11
0.1,6,11,0,1000,200,5,constant,ratio,0.26800000000000007,7,0,0,mixture/0.1/6/5/11
0.1,6,11,0,1000,200,5,constant,ratio-half,0.26800000000000007,7,0,0,mixture/0.1/6/5/11
0.1,6,11,0,1000,200,5,constant,asw-pam,,5,0,0,mixture/0.1/6/5/11
0.1,6,11,0,1000,200,5,constant,asw-average,,5,0,0,mixture/0.1/6/5/11
0.1,6,12,0,1000,200,5,constant,stated,0.5395907397331495,3,0,0,mixture/0.1/6/5/12
0.1,6,12,0,1000,200,5,constant,geomean,0.167164589551735,6,1,1,mixture/0.1/6/5/12
0.1,6,12,0,1000,200,5,constant,ratio,0.11999999999999988,6,1,1,mixture/0.1/6/5/12
0.1,6,12,0,1000,200,5,constant,ratio-half,0.11999999999999988,6,1,1,mixture/0.1/6/5/12
0.1,6,12,0,1000,200,5,constant,asw-pam,,3,0,0,mixture/0.1/6/5/12
0.1,6,12,0,1000,200,5,constant,asw-average,,3,0,0,mixture/0.1/6/5/12
0.1,6,13,0,1000,200,5,constant,stated,0.5395907397331495,3,0,0,mixture/0.1/6/5/13
0.1,6,13,0,1000,200,5,constant,geomean,0.13889564428015738,6,1,1,mixture/0.1/6/5/13
0.1,6,13,0,1000,200,5,constant,ratio,0.11399999999999993,6,1,1,mixture/0.1/6/5/13
0.1,6,13,0,1000,200,5,constant,ratio-half,0.11399999999999993,6,1,1,mixture/0.1/6/5/13
0.1,6,13,0,1000,200,5,constant,asw-pam,,5,0,0,mixture/0.1/6/5/13
0.1,6,13,0,1000,200,5,constant,asw-average,,5,0,0,mixture/0.1/6/5/13
0.1,6,14,0,1000,200,5,constant,stated,0.5395907397331495,6,1,1,mixture/0.1/6/5/14
0.1,6,14,0,1000,200,5,constant,geomean,0.14664242223858676,7,0,0,mixture/0.1/6/5/14
0.1,6,14,0,1000,200,5,constant,ratio,0.186,6,1,1,mixture/0.1/6/5/14
0.1,6,14,0,1000,200,5,constant,ratio-half,0.186,6,1,1,mixture/0.1/6/5/14
0.1,6,14,0,1000,200,5,constant,asw-pam,,6,1,1,mixture/0.1/6/5/14
0.1,6,14,0,1000,200,5,constant,asw-average,,6,1,1,mixture/0.1/6/5/14
0.1,6,15,0,1000,200,5,constant,stated,0.5395907397331495,5,0,0,mixture/0.1/6/5/15
0.1,6,15,0,1000,200,5,constant,geomean,0.17942129193604647,15,0,0,mixture/0.1/6/5/15
0.1,6,15,0,1000,200,5,constant,ratio,0.0,196,0,0,mixture/0.1/6/5/15
0.1,6,15,0,1000,200,5,constant,ratio-half,0.7140000000000001,2,0,0,mixture/0.1/6/5/15
0.1,6,15,0,1000,200,5,constant,asw-pam,,6,1,0,mixture/0.1/6/5/15
0.1,6,15,0,1000,200,5,constant,asw-average,,6,1,0,mixture/0.1/6/5/15
0.1,6,16,0,1000,200,5,constant,stated,0.5395907397331495,4,0,0,mixture/0.1/6/5/16
0.1,6,16,0,1000,200,5,constant,geomean,0.15039946808416585,6,1,0,mixture/0.1/6/5/16
0.1,6,16,0,1000,200,5,constant,ratio,0.196,4,0,0,mixture/0.1/6/5/16
0.1,6,16,0,1000,200,5,constant,ratio-half,0.196,4,0,0,mixture/0.1/6/5/16
0.1,6,16,0,1000,200,5,constant,asw-pam,,4,0,0,mixture/0.1/6/5/16
0.1,6,16,0,1000,200,5,constant,asw-average,,4,0,0,mixture/0.1/6/5/16
0.1,6,17,0,1000,200,5,constant,stated,0.5395907397331495,6,1,0,mixture/0.1/6/5/17
0.1,6,17,0,1000,200,5,constant,geomean,0.15453155017665493,15,0,0,mixture/0.1/6/5/17
0.1,6,17,0,1000,200,5,constant,ratio,0.0040000000000000036,199,0,0,mixture/0.1/6/5/17
0.1,6,17,0,1000,200,5,constant,ratio-half,0.29000000000000004,10,0,0,mixture/0.1/6/5/17
0.1,6,17,0,1000,200,5,constant,asw-pam,,8,0,0,mixture/0.1/6/5/17
0.1,6,17,0,1000,200,5,constant,asw-average,,8,0,0,mixture/0.1/6/5/17
0.1,6,18,0,1000,200,5,constant,stated,0.5395907397331495,4,0,0,mixture/0.1/6/5/18
0.1,6,18,0,1000,200,5,constant,geomean,0.1547126368465098,7,0,0,mixture/0.1/6/5/18
0.1,6,18,0,1000,200,5,constant,ratio,0.0,168,0,0,mixture/0.1/6/5/18
0.1,6,18,0,1000,200,5,constant,ratio-half,0.16400000000000003,6,1,0,mixture/0.1/6/5/18
0.1,6,18,0,1000,200,5,constant,asw-pam,,5,0,0,mixture/0.1/6/5/18
0.1,6,18,0,1000,200,5,constant,asw-average,,5,0,0,mixture/0.1/6/5/18
0.1,6,19,0,1000,200,5,constant,stated,0.5395907397331495,4,0,0,mixture/0.1/6/5/19
0.1,6,19,0,1000,200,5,constant,geomean,0.18299726773916603,6,1,1,mixture/0.1/6/5/19
0.1,6,19,0,1000,200,5,constant,ratio,0.0,177,0,0,mixture/0.1/6/5/19
0.1,6,19,0,1000,200,5,constant,ratio-half,0.15200000000000002,6,1,1,mixture/0.1/6/5/19
0.1,6,19,0,1000,200,5,constant,asw-pam,,5,0,0,mixture/0.1/6/5/19
0.1,6,19,0,1000,200,5,constant,asw-average,,5,0,0,mixture/0.1/6/5/19
0.1,7,0,0,1000,200,5,constant,stated,0.5395907397331495,5,0,0,mixture/0.1/7/5/0
0.1,7,0,0,1000,200,5,constant,geomean,0.1814607395554202,17,0,0,mixture/0.1/7/5/0
0.1,7,0,0,1000,200,5,constant,ratio,0.32999999999999996,5,0,0,mixture/0.1/7/5/0
0.1,7,0,0,1000,200,5,constant,ratio-half,0.32999999999999996,5,0,0,mixture/0.1/7/5/0
0.1,7,0,0,1000,200,5,constant,asw-pam,,5,0,0,mixture/0.1/7/5/0
0.1,7,0,0,1000,200,5,constant,asw-average,,5,0,0,mixture/0.1/7/5/0
0.1,7,1,0,1000,200,5,constant,stated,0.5395907397331495,3,0,0,mixture/0.1/7/5/1
0.1,7,1,0,1000,200,5,constant,geomean,0.14295453822806753,26,0,0,mixture/0.1/7/5/1
0.1,7,1,0,1000,200,5,constant,ratio,0.07600000000000007,34,0,0,mixture/0.1/7/5/1
0.1,7,1,0,1000,200,5,constant,ratio-half,0.07600000000000007,34,0,0,mixture/0.1/7/5/1
0.1,7,1,0,1000,200,5,constant,asw-pam,,6,0,0,mixture/0.1/7/5/1
0.1,7,1,0,1000,200,5,constant,asw-average,,6,0,0,mixture/0.1/7/5/1
0.1,7,2,0,1000,200,5,constant,stated,0.5395907397331495,4,0,0,mixture/0.1/7/5/2
0.1,7,2,0,1000,200,5,constant,geomean,0.21522081683703376,7,1,1,mixture/0.1/7/5/2
0.1,7,2,0,1000,200,5,constant,ratio,0.15799999999999992,7,1,1,mixture/0.1/7/5/2
0.1,7,2,0,1000,200,5,constant,ratio-half,0.15799999999999992,7,1,1,mixture/0.1/7/5/2
0.1,7,2,0,1000,200,5,constant,asw-pam,,7,1,1,mixture/0.1/7/5/2
0.1,7,2,0,1000,200,5,constant,asw-average,,7,1,1,mixture/0.1/7/5/2
0.1,7,3,0,1000,200,5,constant,stated,0.5395907397331495,7,1,1,mixture/0.1/7/5/3
0.1,7,3,0,1000,200,5,constant,geomean,0.14185908501044273,7,1,1,mixture/0.1/7/5/3
0.1,7,3,0,1000,200,5,constant,ratio,0.0,195,0,0,mixture/0.1/7/5/3
0.1,7,3,0,1000,200,5,constant,ratio-half,0.1399999999999999,7,1,1,mixture/0.1/7/5/3
0.1,7,3,0,1000,200,5,constant,asw-pam,,7,1,1,mixture/0.1/7/5/3
0.1,7,3,0,1000,200,5,constant,asw-average,,7,1,1,mixture/0.1/7/5/3
0.1,7,4,0,1000,200,5,constant,stated,0.5395907397331495,4,0,0,mixture/0.1/7/5/4
0.1,7,4,0,1000,200,5,constant,geomean,0.14071247279470256,13,0,0,mixture/0.1/7/5/4
0.1,7,4,0,1000,200,5,constant,ratio,0.0,189,0,0,mixture/0.1/7/5/4
0.1,7,4,0,1000,200,5,constant,ratio-half,0.188,7,1,1,mixture/0.1/7/5/4
0.1,7,4,0,1000,200,5,constant,asw-pam,,6,0,0,mixture/0.1/7/5/4
0.1,7,4,0,1000,200,5,constant,asw-average,,6,0,0,mixture/0.1/7/5/4
0.1,7,5,0,1000,200,5,constant,stated,0.5395907397331495,5,0,0,mixture/0.1/7/5/5
0.1,7,5,0,1000,200,5,constant,geomean,0.13365627557282905,6,0,0,mixture/0.1/7/5/5
0.1,7,5,0,1000,200,5,constant,ratio,0.09600000000000009,6,0,0,mixture/0.1/7/5/5
0.1,7,5,0,1000,200,5,constant,ratio-half,0.09600000000000009,6,0,0,mixture/0.1/7/5/5
0.1,7,5,0,1000,200,5,constant,asw-pam,,6,0,0,mixture/0.1/7/5/5
0.1,7,5,0,1000,200,5,constant,asw-average,,6,0,0,mixture/0.1/7/5/5
0.1,7,6,0,1000,200,5,constant,stated,0.5395907397331495,3,0,0,mixture/0.1/7/5/6
0.1,7,6,0,1000,200,5,constant,geomean,0.1704112672331264,6,0,0,mixture/0.1/7/5/6
0.1,7,6,0,1000,200,5,constant,ratio,0.0,187,0,0,mixture/0.1/7/5/6
0.1,7,6,0,1000,200,5,constant,ratio-half,0.11800000000000001,6,0,0,mixture/0.1/7/5/6
0.1,7,6,0,1000,200,5,constant,asw-pam,,6,0,0,mixture/0.1/7/5/6
0.1,7,6,0,1000,200,5,constant,asw-average,,6,0,0,mixture/0.1/7/5/6
0.1,7,7,0,1000,200,5,constant,stated,0.5395907397331495,4,0,0,mixture/0.1/7/5/7
0.1,7,7,0,1000,200,5,constant,geomean,0.18088670487352018,7,1,1,mixture/0.1/7/5/7
0.1,7,7,0,1000,200,5,constant,ratio,0.17400000000000004,7,1,1,mixture/0.1/7/5/7
0.1,7,7,0,1000,200,5,constant,ratio-half,0.17400000000000004,7,1,1,mixture/0.1/7/5/7
0.1,7,7,0,1000,200,5,constant,asw-pam,,7,1,1,mixture/0.1/7/5/7
0.1,7,7,0,1000,200,5,constant,asw-average,,7,1,1,mixture/0.1/7/5/7
0.1,7,8,0,1000,200,5,constant,stated,0.5395907397331495,2,0,0,mixture/0.1/7/5/8
0.1,7,8,0,1000,200,5,constant,geomean,0.18963122105813693,19,0,0,mixture/0.1/7/5/8
0.1,7,8,0,1000,200,5,constant,ratio,0.43400000000000005,2,0,0,mixture/0.1/7/5/8
0.1,7,8,0,1000,200,5,constant,ratio-half,0.43400000000000005,2,0,0,mixture/0.1/7/5/8
0.1,7,8,0,1000,200,5,constant,asw-pam,,6,0,0,mixture/0.1/7/5/8
0.1,7,8,0,1000,200,5,constant,asw-average,,6,0,0,mixture/0.1/7/5/8
0.1,7,9,0,1000,200,5,constant,stated,0.5395907397331495,5,0,0,mixture/0.1/7/5/9
0.1,7,9,0,1000,200,5,constant,geomean,0.1612947612292475,7,1,1,mixture/0.1/7/5/9
0.1,7,9,0,1000,200,5,constant,ratio,0.06400000000000006,7,1,1,mixture/0.1/7/5/9
0.1,7,9,0,1000,200,5,constant,ratio-half,0.06400000000000006,7,1,1,mixture/0.1/7/5/9
0.1,7,9,0,1000,200,5,constant,asw-pam,,7,1,1,mixture/0.1/7/5/9
0.1,7,9,0,1000,200,5,constant,asw-average,,7,1,1,mixture/0.1/7/5/9
0.1,7,10,0,1000,200,5,constant,stated,0.5395907397331495,4,0,0,mixture/0.1/7/5/10
0.1,7,10,0,1000,200,5,constant,geomean,0.16885496735364347,7,1,0,mixture/0.1/7/5/10
0.1,7,10,0,1000,200,5,constant,ratio,0.0,194,0,0,mixture/0.1/7/5/10
0.1,7,10,0,1000,200,5,constant,ratio-half,0.266,5,0,0,mixture/0.1/7/5/10
0.1,7,10,0,1000,200,5,constant,asw-pam,,6,0,0,mixture/0.1/7/5/10
0.1,7,10,0,1000,200,5,constant,asw-average,,6,0,0,mixture/0.1/7/5/10
0.1,7,11,0,1000,200,5,constant,stated,0.5395907397331495,3,0,0,mixture/0.1/7/5/11
0.1,7,11,0,1000,200,5,constant,geomean,0.1317573527360049,42,0,0,mixture/0.1/7/5/11
0.1,7,11,0,1000,200,5,constant,ratio,0.040000000000000036,63,0,0,mixture/0.1/7/5/11
0.1,7,11,0,1000,200,5,constant,ratio-half,0.040000000000000036,63,0,0,mixture/0.1/7/5/11
0.1,7,11,0,1000,200,5,constant,asw-pam,,9,0,0,mixture/0.1/7/5/11
0.1,7,11,0,1000,200,5,constant,asw-average,,10,0,0,mixture/0.1/7/5/11
0.1,7,12,0,1000,200,5,constant,stated,0.5395907397331495,4,0,0,mixture/0.1/7/5/12
0.1,7,12,0,1000,200,5,constant,geomean,0.1673917560694075,15,0,0,mixture/0.1/7/5/12
0.1,7,12,0,1000,200,5,constant,ratio,0.0,190,0,0,mixture/0.1/7/5/12
0.1,7,12,0,1000,200,5,constant,ratio-half,0.15400000000000014,15,0,0,mixture/0.1/7/5/12
0.1,7,12,0,1000,200,5,constant,asw-pam,,4,0,0,mixture/0.1/7/5/12
0.1,7,12,0,1000,200,5,constant,asw-average,,5,0,0,mixture/0.1/7/5/12
0.1,7,13,0,1000,200,5,constant,stated,0.5395907397331495,6,0,0,mixture/0.1/7/5/13
0.1,7,13,0,1000,200,5,constant,geomean,0.17724559232883622,11,0,0,mixture/0.1/7/5/13
0.1,7,13,0,1000,200,5,constant,ratio,0.0,197,0,0,mixture/0.1/7/5/13
0.1,7,13,0,1000,200,5,constant,ratio-half,0.04800000000000004,74,0,0,mixture/0.1/7/5/13
0.1,7,13,0,1000,200,5,constant,asw-pam,,6,0,0,mixture/0.1/7/5/13
0.1,7,13,0,1000,200,5,constant,asw-average,,6,0,0,mixture/0.1/7/5/13
0.1,7,14,0,1000,200,5,constant,stated,0.5395907397331495,3,0,0,mixture/0.1/7/5/14
0.1,7,14,0,1000,200,5,constant,geomean,0.18165902124584957,17,0,0,mixture/0.1/7/5/14
0.1,7,14,0,1000,200,5,constant,ratio,0.0,187,0,0,mixture/0.1/7/5/14
0.1,7,14,0,1000,200,5,constant,ratio-half,0.532,3,0,0,mixture/0.1/7/5/14
0.1,7,14,0,1000,200,5,constant,asw-pam,,7,1,0,mixture/0.1/7/5/14
0.1,7,14,0,1000,200,5,constant,asw-average,,8,0,0,mixture/0.1/7/5/14
0.1,7,15,0,1000,200,5,constant,stated,0.5395907397331495,5,0,0,mixture/0.1/7/5/15
0.1,7,15,0,1000,200,5,constant,geomean,0.13563185466548786,7,1,0,mixture/0.1/7/5/15
0.1,7,15,0,1000,200,5,constant,ratio,0.256,5,0,0,mixture/0.1/7/5/15
0.1,7,15,0,1000,200,5,constant,ratio-half,0.256,5,0,0,mixture/0.1/7/5/15
0.1,7,15,0,1000,200,5,constant,asw-pam,,5,0,0,mixture/0.1/7/5/15
0.1,7,15,0,1000,200,5,constant,asw-average,,5,0,0,mixture/0.1/7/5/15
0.1,7,16,0,1000,200,5,constant,stated,0.5395907397331495,6,0,0,mixture/0.1/7/5/16
0.1,7,16,0,1000,200,5,constant,geomean,0.21616660241582195,7,1,1,mixture/0.1/7/5/16
0.1,7,16,0,1000,200,5,constant,ratio,0.14600000000000002,7,1,1,mixture/0.1/7/5/16
0.1,7,16,0,1000,200,5,constant,ratio-half,0.14600000000000002,7,1,1,mixture/0.1/7/5/16
0.1,7,16,0,1000,200,5,constant,asw-pam,,6,0,0,mixture/0.1/7/5/16
0.1,7,16,0,1000,200,5,constant,asw-average,,6,0,0,mixture/0.1/7/5/16
0.1,7,17,0,1000,200,5,constant,stated,0.5395907397331495,5,0,0,mixture/0.1/7/5/17
0.1,7,17,0,1000,200,5,constant,geomean,0.2214858911985141,12,0,0,mixture/0.1/7/5/17
0.1,7,17,0,1000,200,5,constant,ratio,0.0020000000000000018,199,0,0,mixture/0.1/7/5/17
0.1,7,17,0,1000,200,5,constant,ratio-half,0.34,5,0,0,mixture/0.1/7/5/17
0.1,7,17,0,1000,200,5,constant,asw-pam,,7,1,0,mixture/0.1/7/5/17
0.1,7,17,0,1000,200,5,constant,asw-average,,8,0,0,mixture/0.1/7/5/17
0.1,7,18,0,1000,200,5,constant,stated,0.5395907397331495,5,0,0,mixture/0.1/7/5/18
0.1,7,18,0,1000,200,5,constant,geomean,0.14623269128344735,7,1,0,mixture/0.1/7/5/18
0.1,7,18,0,1000,200,5,constant,ratio,0.0,181,0,0,mixture/0.1/7/5/18
0.1,7,18,0,1000,200,5,constant,ratio-half,0.196,6,0,0,mixture/0.1/7/5/18
0.1,7,18,0,1000,200,5,constant,asw-pam,,6,0,0,mixture/0.1/7/5/18
0.1,7,18,0,1000,200,5,constant,asw-average,,6,0,0,mixture/0.1/7/5/18
0.1,7,19,0,1000,200,5,constant,stated,0.5395907397331495,4,0,0,mixture/0.1/7/5/19
0.1,7,19,0,1000,200,5,constant,geomean,0.12757742747053655,21,0,0,mixture/0.1/7/5/19
0.1,7,19,0,1000,200,5,constant,ratio,0.0,198,0,0,mixture/0.1/7/5/19
0.1,7,19,0,1000,200,5,constant,ratio-half,0.35,8,0,0,mixture/0.1/7/5/19
0.1,7,19,0,1000,200,5,constant,asw-pam,,8,0,0,mixture/0.1/7/5/19
0.1,7,19,0,1000,200,5,constant,asw-average,,7,1,0,mixture/0.1/7/5/19
0.1,8,0,0,1000,200,5,constant,stated,0.5395907397331495,5,0,0,mixture/0.1/8/5/0
0.1,8,0,0,1000,200,5,constant,geomean,0.14760758788084022,10,0,0,mixture/0.1/8/5/0
0.1,8,0,0,1000,200,5,constant,ratio,0.17199999999999993,8,1,1,mixture/0.1/8/5/0
0.1,8,0,0,1000,200,5,constant,ratio-half,0.17199999999999993,8,1,1,mixture/0.1/8/5/0
0.1,8,0,0,1000,200,5,constant,asw-pam,,8,1,1,mixture/0.1/8/5/0
0.1,8,0,0,1000,200,5,constant,asw-average,,8,1,1,mixture/0.1/8/5/0
0.1,8,1,0,1000,200,5,constant,stated,0.5395907397331495,5,0,0,mixture/0.1/8/5/1
0.1,8,1,0,1000,200,5,constant,geomean,0.17866169147301844,7,0,0,mixture/0.1/8/5/1
0.1,8,1,0,1000,200,5,constant,ratio,0.0,186,0,0,mixture/0.1/8/5/1
0.1,8,1,0,1000,200,5,constant,ratio-half,0.092,7,0,0,mixture/0.1/8/5/1
0.1,8,1,0,1000,200,5,constant,asw-pam,,7,0,0,mixture/0.1/8/5/1
0.1,8,1,0,1000,200,5,constant,asw-average,,7,0,0,mixture/0.1/8/5/1
0.1,8,2,0,1000,200,5,constant,stated,0.5395907397331495,5,0,0,mixture/0.1/8/5/2
0.1,8,2,0,1000,200,5,constant,geomean,0.15023980830658704,9,0,0,mixture/0.1/8/5/2
0.1,8,2,0,1000,200,5,constant,ratio,0.0,199,0,0,mixture/0.1/8/5/2
0.1,8,2,0,1000,200,5,constant,ratio-half,0.06999999999999999,10,0,0,mixture/0.1/8/5/2
0.1,8,2,0,1000,200,5,constant,asw-pam,,7,0,0,mixture/0.1/8/5/2
0.1,8,2,0,1000,200,5,constant,asw-average,,7,0,0,mixture/0.1/8/5/2
0.1,8,3,0,1000,200,5,constant,stated,0.5395907397331495,3,0,0,mixture/0.1/8/5/3
0.1,8,3,0,1000,200,5,constant,geomean,0.1695169608033368,13,0,0,mixture/0.1/8/5/3
0.1,8,3,0,1000,200,5,constant,ratio,0.0,199,0,0,mixture/0.1/8/5/3
0.1,8,3,0,1000,200,5,constant,ratio-half,0.15800000000000014,13,0,0,mixture/0.1/8/5/3
0.1,8,3,0,1000,200,5,constant,asw-pam,,6,0,0,mixture/0.1/8/5/3
0.1,8,3,0,1000,200,5,constant,asw-average,,8,1,0,mixture/0.1/8/5/3
0.1,8,4,0,1000,200,5,constant,stated,0.5395907397331495,4,0,0,mixture/0.1/8/5/4
0.1,8,4,0,1000,200,5,constant,geomean,0.18525657883055047,9,0,0,mixture/0.1/8/5/4
0.1,8,4,0,1000,200,5,constant,ratio,0.040000000000000036,29,0,0,mixture/0.1/8/5/4
0.1,8,4,0,1000,200,5,constant,ratio-half,0.040000000000000036,29,0,0,mixture/0.1/8/5/4
0.1,8,4,0,1000,200,5,constant,asw-pam,,8,1,1,mixture/0.1/8/5/4
0.1,8,4,0,1000,200,5,constant,asw-average,,8,1,1,mixture/0.1/8/5/4
0.1,8,5,0,1000,200,5,constant,stated,0.5395907397331495,7,0,0,mixture/0.1/8/5/5
0.1,8,5,0,1000,200,5,constant,geomean,0.1340149245420077,12,0,0,mixture/0.1/8/5/5
0.1,8,5,0,1000,200,5,constant,ratio,0.0,198,0,0,mixture/0.1/8/5/5
0.1,8,5,0,1000,200,5,constant,ratio-half,0.06000000000000005,15,0,0,mixture/0.1/8/5/5
0.1,8,5,0,1000,200,5,constant,asw-pam,,8,1,0,mixture/0.1/8/5/5
0.1,8,5,0,1000,200,5,constant,asw-average,,8,1,0,mixture/0.1/8/5/5
0.1,8,6,0,1000,200,5,constant,stated,0.5395907397331495,2,0,0,mixture/0.1/8/5/6
0.1,8,6,0,1000,200,5,constant,geomean,0.22694492724006865,22,0,0,mixture/0.1/8/5/6
0.1,8,6,0,1000,200,5,constant,ratio,0.0020000000000000018,198,0,0,mixture/0.1/8/5/6
0.1,8,6,0,1000,200,5,constant,ratio-half,0.518,2,0,0,mixture/0.1/8/5/6
0.1,8,6,0,1000,200,5,constant,asw-pam,,3,0,0,mixture/0.1/8/5/6
0.1,8,6,0,1000,200,5,constant,asw-average,,4,0,0,mixture/0.1/8/5/6
0.1,8,7,0,1000,200,5,constant,stated,0.5395907397331495,4,0,0,mixture/0.1/8/5/7
0.1,8,7,0,1000,200,5,constant,geomean,0.20151426748495946,13,0,0,mixture/0.1/8/5/7
0.1,8,7,0,1000,200,5,constant,ratio,0.0,197,0,0,mixture/0.1/8/5/7
0.1,8,7,0,1000,200,5,constant,ratio-half,0.7060000000000002,2,0,0,mixture/0.1/8/5/7
0.1,8,7,0,1000,200,5,constant,asw-pam,,7,0,0,mixture/0.1/8/5/7
0.1,8,7,0,1000,200,5,constant,asw-average,,7,0,0,mixture/0.1/8/5/7
0.1,8,8,0,1000,200,5,constant,stated,0.5395907397331495,6,0,0,mixture/0.1/8/5/8
0.1,8,8,0,1000,200,5,constant,geomean,0.16526342608090885,9,0,0,mixture/0.1/8/5/8
0.1,8,8,0,1000,200,5,constant,ratio,0.0,185,0,0,mixture/0.1/8/5/8
0.1,8,8,0,1000,200,5,constant,ratio-half,0.17000000000000004,8,1,1,mixture/0.1/8/5/8
0.1,8,8,0,1000,200,5,constant,asw-pam,,8,1,1,mixture/0.1/8/5/8
0.1,8,8,0,1000,200,5,constant,asw-average,,8,1,1,mixture/0.1/8/5/8
0.1,8,9,0,1000,200,5,constant,stated,0.5395907397331495,5,0,0,mixture/0.1/8/5/9
0.1,8,9,0,1000,200,5,constant,geomean,0.18014438653480155,13,0,0,mixture/0.1/8/5/9
0.1,8,9,0,1000,200,5,constant,ratio,0.256,7,0,0,mixture/0.1/8/5/9
0.1,8,9,0,1000,200,5,constant,ratio-half,0.256,7,0,0,mixture/0.1/8/5/9
0.1,8,9,0,1000,200,5,constant,asw-pam,,7,0,0,mixture/0.1/8/5/9
0.1,8,9,0,1000,200,5,constant,asw-average,,7,0,0,mixture/0.1/8/5/9
0.1,8,10,0,1000,200,5,constant,stated,0.5395907397331495,7,0,0,mixture/0.1/8/5/10
0.1,8,10,0,1000,200,5,constant,geomean,0.13149904942622215,11,0,0,mixture/0.1/8/5/10
0.1,8,10,0,1000,200,5,constant,ratio,0.0,179,0,0,mixture/0.1/8/5/10
0.1,8,10,0,1000,200,5,constant,ratio-half,0.1160000000000001,11,0,0,mixture/0.1/8/5/10
0.1,8,10,0,1000,200,5,constant,asw-pam,,10,0,0,mixture/0.1/8/5/10
0.1,8,10,0,1000,200,5,constant,asw-average,,9,0,0,mixture/0.1/8/5/10
0.1,8,11,0,1000,200,5,constant,stated,0.5395907397331495,5,0,0,mixture/0.1/8/5/11
0.1,8,11,0,1000,200,5,constant,geomean,0.1542724862054152,13,0,0,mixture/0.1/8/5/11
0.1,8,11,0,1000,200,5,constant,ratio,0.0,199,0,0,mixture/0.1/8/5/11
0.1,8,11,0,1000,200,5,constant,ratio-half,0.278,9,0,0,mixture/0.1/8/5/11
0.1,8,11,0,1000,200,5,constant,asw-pam,,9,0,0,mixture/0.1/8/5/11
0.1,8,11,0,1000,200,5,constant,asw-average,,9,0,0,mixture/0.1/8/5/11
0.1,8,12,0,1000,200,5,constant,stated,0.5395907397331495,9,0,0,mixture/0.1/8/5/12
0.1,8,12,0,1000,200,5,constant,geomean,0.1443329484213498,21,0,0,mixture/0.1/8/5/12
0.1,8,12,0,1000,200,5,constant,ratio,0.0,193,0,0,mixture/0.1/8/5/12
0.1,8,12,0,1000,200,5,constant,ratio-half,0.04800000000000004,32,0,0,mixture/0.1/8/5/12
0.1,8,12,0,1000,200,5,constant,asw-pam,,11,0,0,mixture/0.1/8/5/12
0.1,8,12,0,1000,200,5,constant,asw-average,,9,0,0,mixture/0.1/8/5/12
0.1,8,13,0,1000,200,5,constant,stated,0.5395907397331495,4,0,0,mixture/0.1/8/5/13
0.1,8,13,0,1000,200,5,constant,geomean,0.18770189130640114,24,0,0,mixture/0.1/8/5/13
0.1,8,13,0,1000,200,5,constant,ratio,0.0,191,0,0,mixture/0.1/8/5/13
0.1,8,13,0,1000,200,5,constant,ratio-half,0.4159999999999999,5,0,0,mixture/0.1/8/5/13
0.1,8,13,0,1000,200,5,constant,asw-pam,,6,0,0,mixture/0.1/8/5/13
0.1,8,13,0,1000,200,5,constant,asw-average,,6,0,0,mixture/0.1/8/5/13
0.1,8,14,0,1000,200,5,constant,stated,0.5395907397331495,6,0,0,mixture/0.1/8/5/14
0.1,8,14,0,1000,200,5,constant,geomean,0.15320574401764453,8,1,1,mixture/0.1/8/5/14
0.1,8,14,0,1000,200,5,constant,ratio,0.06400000000000006,8,1,1,mixture/0.1/8/5/14
0.1,8,14,0,1000,200,5,constant,ratio-half,0.06400000000000006,8,1,1,mixture/0.1/8/5/14
0.1,8,14,0,1000,200,5,constant,asw-pam,,7,0,0,mixture/0.1/8/5/14
0.1,8,14,0,1000,200,5,constant,asw-average,,6,0,0,mixture/0.1/8/5/14
0.1,8,15,0,1000,200,5,constant,stated,0.5395907397331495,6,0,0,mixture/0.1/8/5/15
0.1,8,15,0,1000,200,5,constant,geomean,0.18804254837669063,9,0,0,mixture/0.1/8/5/15
0.1,8,15,0,1000,200,5,constant,ratio,0.0020000000000000018,182,0,0,mixture/0.1/8/5/15
0.1,8,15,0,1000,200,5,constant,ratio-half,0.752,2,0,0,mixture/0.1/8/5/15
0.1,8,15,0,1000,200,5,constant,asw-pam,,8,1,1,mixture/0.1/8/5/15
0.1,8,15,0,1000,200,5,constant,asw-average,,8,1,1,mixture/0.1/8/5/15
0.1,8,16,0,1000,200,5,constant,stated,0.5395907397331495,4,0,0,mixture/0.1/8/5/16
0.1,8,16,0,1000,200,5,constant,geomean,0.18290981384277888,8,1,1,mixture/0.1/8/5/16
0.1,8,16,0,1000,200,5,constant,ratio,0.068,8,1,1,mixture/0.1/8/5/16
0.1,8,16,0,1000,200,5,constant,ratio-half,0.068,8,1,1,mixture/0.1/8/5/16
0.1,8,16,0,1000,200,5,constant,asw-pam,,4,0,0,mixture/0.1/8/5/16
0.1,8,16,0,1000,200,5,constant,asw-average,,4,0,0,mixture/0.1/8/5/16
0.1,8,17,0,1000,200,5,constant,stated,0.5395907397331495,6,0,0,mixture/0.1/8/5/17
0.1,8,17,0,1000,200,5,constant,geomean,0.18555861607589114,9,0,0,mixture/0.1/8/5/17
0.1,8,17,0,1000,200,5,constant,ratio,0.0,198,0,0,mixture/0.1/8/5/17
0.1,8,17,0,1000,200,5,constant,ratio-half,0.13799999999999996,9,0,0,mixture/0.1/8/5/17
0.1,8,17,0,1000,200,5,constant,asw-pam,,8,1,1,mixture/0.1/8/5/17
0.1,8,17,0,1000,200,5,constant,asw-average,,8,1,1,mixture/0.1/8/5/17
0.1,8,18,0,1000,200,5,constant,stated,0.5395907397331495,3,0,0,mixture/0.1/8/5/18
0.1,8,18,0,1000,200,5,constant,geomean,0.23714974172450615,6,0,0,mixture/0.1/8/5/18
0.1,8,18,0,1000,200,5,constant,ratio,0.458,3,0,0,mixture/0.1/8/5/18
0.1,8,18,0,1000,200,5,constant,ratio-half,0.458,3,0,0,mixture/0.1/8/5/18
0.1,8,18,0,1000,200,5,constant,asw-pam,,3,0,0,mixture/0.1/8/5/18
0.1,8,18,0,1000,200,5,constant,asw-average,,3,0,0,mixture/0.1/8/5/18
0.1,8,19,0,1000,200,5,constant,stated,0.5395907397331495,1,0,0,mixture/0.1/8/5/19
0.1,8,19,0,1000,200,5,constant,geomean,0.11617228585166078,8,1,1,mixture/0.1/8/5/19
0.1,8,19,0,1000,200,5,constant,ratio,0.055999999999999994,8,1,1,mixture/0.1/8/5/19
0.1,8,19,0,1000,200,5,constant,ratio-half,0.055999999999999994,8,1,1,mixture/0.1/8/5/19
0.1,8,19,0,1000,200,5,constant,asw-pam,,8,1,1,mixture/0.1/8/5/19
0.1,8,19,0,1000,200,5,constant,asw-average,,8,1,1,mixture/0.1/8/5/19
0.1,9,0,0,1000,200,5,constant,stated,0.5395907397331495,7,0,0,mixture/0.1/9/5/0
0.1,9,0,0,1000,200,5,constant,geomean,0.13464026143765476,15,0,0,mixture/0.1/9/5/0
0.1,9,0,0,1000,200,5,constant,ratio,0.0,188,0,0,mixture/0.1/9/5/0
0.1,9,0,0,1000,200,5,constant,ratio-half,0.22599999999999998,8,0,0,mixture/0.1/9/5/0
0.1,9,0,0,1000,200,5,constant,asw-pam,,8,0,0,mixture/0.1/9/5/0
0.1,9,0,0,1000,200,5,constant,asw-average,,8,0,0,mixture/0.1/9/5/0
0.1,9,1,0,1000,200,5,constant,stated,0.5395907397331495,4,0,0,mixture/0.1/9/5/1
0.1,9,1,0,1000,200,5,constant,geomean,0.14395832730342484,8,0,0,mixture/0.1/9/5/1
0.1,9,1,0,1000,200,5,constant,ratio,0.0,199,0,0,mixture/0.1/9/5/1
0.1,9,1,0,1000,200,5,constant,ratio-half,0.05400000000000005,8,0,0,mixture/0.1/9/5/1
0.1,9,1,0,1000,200,5,constant,asw-pam,,7,0,0,mixture/0.1/9/5/1
0.1,9,1,0,1000,200,5,constant,asw-average,,7,0,0,mixture/0.1/9/5/1
0.1,9,2,0,1000,200,5,constant,stated,0.5395907397331495,8,0,0,mixture/0.1/9/5/2
0.1,9,2,0,1000,200,5,constant,geomean,0.14477568856683093,25,0,0,mixture/0.1/9/5/2
0.1,9,2,0,1000,200,5,constant,ratio,0.0,193,0,0,mixture/0.1/9/5/2
0.1,9,2,0,1000,200,5,constant,ratio-half,0.31400000000000006,8,0,0,mixture/0.1/9/5/2
0.1,9,2,0,1000,200,5,constant,asw-pam,,8,0,0,mixture/0.1/9/5/2
0.1,9,2,0,1000,200,5,constant,asw-average,,11,0,0,mixture/0.1/9/5/2
0.1,9,3,0,1000,200,5,constant,stated,0.5395907397331495,5,0,0,mixture/0.1/9/5/3
0.1,9,3,0,1000,200,5,constant,geomean,0.18750999973334764,8,0,0,mixture/0.1/9/5/3
0.1,9,3,0,1000,200,5,constant,ratio,0.12399999999999989,8,0,0,mixture/0.1/9/5/3
0.1,9,3,0,1000,200,5,constant,ratio-half,0.12399999999999989,8,0,0,mixture/0.1/9/5/3
0.1,9,3,0,1000,200,5,constant,asw-pam,,7,0,0,mixture/0.1/9/5/3
0.1,9,3,0,1000,200,5,constant,asw-average,,7,0,0,mixture/0.1/9/5/3
0.1,9,4,0,1000,200,5,constant,stated,0.5395907397331495,6,0,0,mixture/0.1/9/5/4
0.1,9,4,0,1000,200,5,constant,geomean,0.17251086922278266,10,0,0,mixture/0.1/9/5/4
0.1,9,4,0,1000,200,5,constant,ratio,0.0,199,0,0,mixture/0.1/9/5/4
0.1,9,4,0,1000,200,5,constant,ratio-half,0.2479999999999999,7,0,0,mixture/0.1/9/5/4
0.1,9,4,0,1000,200,5,constant,asw-pam,,7,0,0,mixture/0.1/9/5/4
0.1,9,4,0,1000,200,5,constant,asw-average,,7,0,0,mixture/0.1/9/5/4
0.1,9,5,0,1000,200,5,constant,stated,0.5395907397331495,6,0,0,mixture/0.1/9/5/5
0.1,9,5,0,1000,200,5,constant,geomean,0.17012936254509398,9,1,1,mixture/0.1/9/5/5
0.1,9,5,0,1000,200,5,constant,ratio,0.0,197,0,0,mixture/0.1/9/5/5
0.1,9,5,0,1000,200,5,constant,ratio-half,0.09999999999999998,9,1,1,mixture/0.1/9/5/5
0.1,9,5,0,1000,200,5,constant,asw-pam,,7,0,0,mixture/0.1/9/5/5
0.1,9,5,0,1000,200,5,constant,asw-average,,7,0,0,mixture/0.1/9/5/5
0.1,9,6,0,1000,200,5,constant,stated,0.5395907397331495,5,0,0,mixture/0.1/9/5/6
0.1,9,6,0,1000,200,5,constant,geomean,0.14512063946937395,15,0,0,mixture/0.1/9/5/6
0.1,9,6,0,1000,200,5,constant,ratio,0.13599999999999998,15,0,0,mixture/0.1/9/5/6
0.1,9,6,0,1000,200,5,constant,ratio-half,0.13599999999999998,15,0,0,mixture/0.1/9/5/6
0.1,9,6,0,1000,200,5,constant,asw-pam,,10,0,0,mixture/0.1/9/5/6
0.1,9,6,0,1000,200,5,constant,asw-average,,10,0,0,mixture/0.1/9/5/6
0.1,9,7,0,1000,200,5,constant,stated,0.5395907397331495,6,0,0,mixture/0.1/9/5/7
0.1,9,7,0,1000,200,5,constant,geomean,0.1675828153481136,13,0,0,mixture/0.1/9/5/7
0.1,9,7,0,1000,200,5,constant,ratio,0.36,6,0,0,mixture/0.1/9/5/7
0.1,9,7,0,1000,200,5,constant,ratio-half,0.36,6,0,0,mixture/0.1/9/5/7
0.1,9,7,0,1000,200,5,constant,asw-pam,,6,0,0,mixture/0.1/9/5/7
0.1,9,7,0,1000,200,5,constant,asw-average,,6,0,0,mixture/0.1/9/5/7
0.1,9,8,0,1000,200,5,constant,stated,0.5395907397331495,6,0,0,mixture/0.1/9/5/8
0.1,9,8,0,1000,200,5,constant,geomean,0.17058722109231989,18,0,0,mixture/0.1/9/5/8
0.1,9,8,0,1000,200,5,constant,ratio,0.0,199,0,0,mixture/0.1/9/5/8
0.1,9,8,0,1000,200,5,constant,ratio-half,0.10599999999999987,20,0,0,mixture/0.1/9/5/8
0.1,9,8,0,1000,200,5,constant,asw-pam,,10,0,0,mixture/0.1/9/5/8
0.1,9,8,0,1000,200,5,constant,asw-average,,11,0,0,mixture/0.1/9/5/8
0.1,9,9,0,1000,200,5,constant,stated,0.5395907397331495,5,0,0,mixture/0.1/9/5/9
0.1,9,9,0,1000,200,5,constant,geomean,0.14075510647930334,13,0,0,mixture/0.1/9/5/9
0.1,9,9,0,1000,200,5,constant,ratio,0.0,188,0,0,mixture/0.1/9/5/9
0.1,9,9,0,1000,200,5,constant,ratio-half,0.03400000000000003,80,0,0,mixture/0.1/9/5/9
0.1,9,9,0,1000,200,5,constant,asw-pam,,8,0,0,mixture/0.1/9/5/9
0.1,9,9,0,1000,200,5,constant,asw-average,,9,1,0,mixture/0.1/9/5/9
0.1,9,10,0,1000,200,5,constant,stated,0.5395907397331495,3,0,0,mixture/0.1/9/5/10
0.1,9,10,0,1000,200,5,constant,geomean,0.13511476603243636,8,0,0,mixture/0.1/9/5/10
0.1,9,10,0,1000,200,5,constant,ratio,0.0,198,0,0,mixture/0.1/9/5/10
0.1,9,10,0,1000,200,5,constant,ratio-half,0.09600000000000003,8,0,0,mixture/0.1/9/5/10
0.1,9,10,0,1000,200,5,constant,asw-pam,,7,0,0,mixture/0.1/9/5/10
0.1,9,10,0,1000,200,5,constant,asw-average,,7,0,0,mixture/0.1/9/5/10
0.1,9,11,0,1000,200,5,constant,stated,0.5395907397331495,3,0,0,mixture/0.1/9/5/11
0.1,9,11,0,1000,200,5,constant,geomean,0.12521980673998828,13,0,0,mixture/0.1/9/5/11
0.1,9,11,0,1000,200,5,constant,ratio,0.006000000000000005,199,0,0,mixture/0.1/9/5/11
0.1,9,11,0,1000,200,5,constant,ratio-half,0.10600000000000004,13,0,0,mixture/0.1/9/5/11
0.1,9,11,0,1000,200,5,constant,asw-pam,,8,0,0,mixture/0.1/9/5/11
0.1,9,11,0,1000,200,5,constant,asw-average,,8,0,0,mixture/0.1/9/5/11
0.1,9,12,0,1000,200,5,constant,stated,0.5395907397331495,6,0,0,mixture/0.1/9/5/12
0.1,9,12,0,1000,200,5,constant,geomean,0.17306646122227157,10,0,0,mixture/0.1/9/5/12
0.1,9,12,0,1000,200,5,constant,ratio,0.0,194,0,0,mixture/0.1/9/5/12
0.1,9,12,0,1000,200,5,constant,ratio-half,0.16199999999999998,10,0,0,mixture/0.1/9/5/12
0.1,9,12,0,1000,200,5,constant,asw-pam,,8,0,0,mixture/0.1/9/5/12
0.1,9,12,0,1000,200,5,constant,asw-average,,9,1,0,mixture/0.1/9/5/12
0.1,9,13,0,1000,200,5,constant,stated,0.5395907397331495,5,0,0,mixture/0.1/9/5/13
0.1,9,13,0,1000,200,5,constant,geomean,0.198393548282196,10,0,0,mixture/0.1/9/5/13
0.1,9,13,0,1000,200,5,constant,ratio,0.0,197,0,0,mixture/0.1/9/5/13
0.1,9,13,0,1000,200,5,constant,ratio-half,0.14200000000000002,10,0,0,mixture/0.1/9/5/13
0.1,9,13,0,1000,200,5,constant,asw-pam,,8,0,0,mixture/0.1/9/5/13
0.1,9,13,0,1000,200,5,constant,asw-average,,8,0,0,mixture/0.1/9/5/13
0.1,9,14,0,1000,200,5,constant,stated,0.5395907397331495,6,0,0,mixture/0.1/9/5/14
0.1,9,14,0,1000,200,5,constant,geomean,0.17820213242270708,21,0,0,mixture/0.1/9/5/14
0.1,9,14,0,1000,200,5,constant,ratio,0.0,199,0,0,mixture/0.1/9/5/14
0.1,9,14,0,1000,200,5,constant,ratio-half,0.6060000000000001,2,0,0,mixture/0.1/9/5/14
0.1,9,14,0,1000,200,5,constant,asw-pam,,12,0,0,mixture/0.1/9/5/14
0.1,9,14,0,1000,200,5,constant,asw-average,,8,0,0,mixture/0.1/9/5/14
0.1,9,15,0,1000,200,5,constant,stated,0.5395907397331495,5,0,0,mixture/0.1/9/5/15
0.1,9,15,0,1000,200,5,constant,geomean,0.16666133324799734,7,0,0,mixture/0.1/9/5/15
0.1,9,15,0,1000,200,5,constant,ratio,0.262,5,0,0,mixture/0.1/9/5/15
0.1,9,15,0,1000,200,5,constant,ratio-half,0.262,5,0,0,mixture/0.1/9/5/15
0.1,9,15,0,1000,200,5,constant,asw-pam,,5,0,0,mixture/0.1/9/5/15
0.1,9,15,0,1000,200,5,constant,asw-average,,5,0,0,mixture/0.1/9/5/15
0.1,9,16,0,1000,200,5,constant,stated,0.5395907397331495,7,0,0,mixture/0.1/9/5/16
0.1,9,16,0,1000,200,5,constant,geomean,0.15256474035634845,9,1,1,mixture/0.1/9/5/16
0.1,9,16,0,1000,200,5,constant,ratio,0.0,195,0,0,mixture/0.1/9/5/16
0.1,9,16,0,1000,200,5,constant,ratio-half,0.07399999999999984,9,1,1,mixture/0.1/9/5/16
0.1,9,16,0,1000,200,5,constant,asw-pam,,8,0,0,mixture/0.1/9/5/16
0.1,9,16,0,1000,200,5,constant,asw-average,,8,0,0,mixture/0.1/9/5/16
0.1,9,17,0,1000,200,5,constant,stated,0.5395907397331495,8,0,0,mixture/0.1/9/5/17
0.1,9,17,0,1000,200,5,constant,geomean,0.1432480366357599,10,0,0,mixture/0.1/9/5/17
0.1,9,17,0,1000,200,5,constant,ratio,0.0,183,0,0,mixture/0.1/9/5/17
0.1,9,17,0,1000,200,5,constant,ratio-half,0.15000000000000002,9,1,1,mixture/0.1/9/5/17
0.1,9,17,0,1000,200,5,constant,asw-pam,,9,1,1,mixture/0.1/9/5/17
0.1,9,17,0,1000,200,5,constant,asw-average,,9,1,1,mixture/0.1/9/5/17
0.1,9,18,0,1000,200,5,constant,stated,0.5395907397331495,6,0,0,mixture/0.1/9/5/18
0.1,9,18,0,1000,200,5,constant,geomean,0.16014992975334089,15,0,0,mixture/0.1/9/5/18
0.1,9,18,0,1000,200,5,constant,ratio,0.0,185,0,0,mixture/0.1/9/5/18
0.1,9,18,0,1000,200,5,constant,ratio-half,0.244,8,0,0,mixture/0.1/9/5/18
0.1,9,18,0,1000,200,5,constant,asw-pam,,8,0,0,mixture/0.1/9/5/18
0.1,9,18,0,1000,200,5,constant,asw-average,,8,0,0,mixture/0.1/9/5/18
0.1,9,19,0,1000,200,5,constant,stated,0.5395907397331495,7,0,0,mixture/0.1/9/5/19
0.1,9,19,0,1000,200,5,constant,geomean,0.15612815249019,9,1,1,mixture/0.1/9/5/19
0.1,9,19,0,1000,200,5,constant,ratio,0.134,9,1,1,mixture/0.1/9/5/19
0.1,9,19,0,1000,200,5,constant,ratio-half,0.134,9,1,1,mixture/0.1/9/5/19
0.1,9,19,0,1000,200,5,constant,asw-pam,,9,1,1,mixture/0.1/9/5/19
0.1,9,19,0,1000,200,5,constant,asw-average,,9,1,1,mixture/0.1/9/5/19
0.1,10,0,0,1000,200,5,constant,stated,0.5395907397331495,5,0,0,mixture/0.1/10/5/0
0.1,10,0,0,1000,200,5,constant,geomean,0.16084775410306487,8,0,0,mixture/0.1/10/5/0
0.1,10,0,0,1000,200,5,constant,ratio,0.0,197,0,0,mixture/0.1/10/5/0
0.1,10,0,0,1000,200,5,constant,ratio-half,0.262,6,0,0,mixture/0.1/10/5/0
0.1,10,0,0,1000,200,5,constant,asw-pam,,5,0,0,mixture/0.1/10/5/0
0.1,10,0,0,1000,200,5,constant,asw-average,,5,0,0,mixture/0.1/10/5/0
0.1,10,1,0,1000,200,5,constant,stated,0.5395907397331495,6,0,0,mixture/0.1/10/5/1
0.1,10,1,0,1000,200,5,constant,geomean,0.15815182578775377,23,0,0,mixture/0.1/10/5/1
0.1,10,1,0,1000,200,5,constant,ratio,0.0020000000000000018,188,0,0,mixture/0.1/10/5/1
0.1,10,1,0,1000,200,5,constant,ratio-half,0.266,10,1,1,mixture/0.1/10/5/1
0.1,10,1,0,1000,200,5,constant,asw-pam,,8,0,0,mixture/0.1/10/5/1
0.1,10,1,0,1000,200,5,constant,asw-average,,7,0,0,mixture/0.1/10/5/1
0.1,10,2,0,1000,200,5,constant,stated,0.5395907397331495,7,0,0,mixture/0.1/10/5/2
0.1,10,2,0,1000,200,5,constant,geomean,0.13564659966250542,10,1,1,mixture/0.1/10/5/2
0.1,10,2,0,1000,200,5,constant,ratio,0.09200000000000003,10,1,1,mixture/0.1/10/5/2
0.1,10,2,0,1000,200,5,constant,ratio-half,0.09200000000000003,10,1,1,mixture/0.1/10/5/2
0.1,10,2,0,1000,200,5,constant,asw-pam,,9,0,0,mixture/0.1/10/5/2
0.1,10,2,0,1000,200,5,constant,asw-average,,9,0,0,mixture/0.1/10/5/2
0.1,10,3,0,1000,200,5,constant,stated,0.5395907397331495,6,0,0,mixture/0.1/10/5/3
0.1,10,3,0,1000,200,5,constant,geomean,0.1706458320616124,10,1,1,mixture/0.1/10/5/3
0.1,10,3,0,1000,200,5,constant,ratio,0.0,199,0,0,mixture/0.1/10/5/3
0.1,10,3,0,1000,200,5,constant,ratio-half,0.10000000000000009,10,1,1,mixture/0.1/10/5/3
0.1,10,3,0,1000,200,5,constant,asw-pam,,10,1,1,mixture/0.1/10/5/3
0.1,10,3,0,1000,200,5,constant,asw-average,,9,0,0,mixture/0.1/10/5/3
0.1,10,4,0,1000,200,5,constant,stated,0.5395907397331495,6,0,0,mixture/0.1/10/5/4
0.1,10,4,0,1000,200,5,constant,geomean,0.14416657032752087,11,0,0,mixture/0.1/10/5/4
0.1,10,4,0,1000,200,5,constant,ratio,0.0,190,0,0,mixture/0.1/10/5/4
0.1,10,4,0,1000,200,5,constant,ratio-half,0.128,11,0,0,mixture/0.1/10/5/4
0.1,10,4,0,1000,200,5,constant,asw-pam,,9,0,0,mixture/0.1/10/5/4
0.1,10,4,0,1000,200,5,constant,asw-average,,9,0,0,mixture/0.1/10/5/4
0.1,10,5,0,1000,200,5,constant,stated,0.5395907397331495,6,0,0,mixture/0.1/10/5/5
0.1,10,5,0,1000,200,5,constant,geomean,0.1819230606602693,10,1,0,mixture/0.1/10/5/5
0.1,10,5,0,1000,200,5,constant,ratio,0.0,194,0,0,mixture/0.1/10/5/5
0.1,10,5,0,1000,200,5,constant,ratio-half,0.5640000000000001,3,0,0,mixture/0.1/10/5/5
0.1,10,5,0,1000,200,5,constant,asw-pam,,10,1,0,mixture/0.1/10/5/5
0.1,10,5,0,1000,200,5,constant,asw-average,,10,1,0,mixture/0.1/10/5/5
0.1,10,6,0,1000,200,5,constant,stated,0.5395907397331495,6,0,0,mixture/0.1/10/5/6
0.1,10,6,0,1000,200,5,constant,geomean,0.13434284498997337,10,1,1,mixture/0.1/10/5/6
0.1,10,6,0,1000,200,5,constant,ratio,0.12,10,1,1,mixture/0.1/10/5/6
0.1,10,6,0,1000,200,5,constant,ratio-half,0.12,10,1,1,mixture/0.1/10/5/6
0.1,10,6,0,1000,200,5,constant,asw-pam,,10,1,1,mixture/0.1/10/5/6
0.1,10,6,0,1000,200,5,constant,asw-average,,8,0,0,mixture/0.1/10/5/6
0.1,10,7,0,1000,200,5,constant,stated,0.5395907397331495,6,0,0,mixture/0.1/10/5/7
0.1,10,7,0,1000,200,5,constant,geomean,0.1734819875376116,13,0,0,mixture/0.1/10/5/7
0.1,10,7,0,1000,200,5,constant,ratio,0.0,197,0,0,mixture/0.1/10/5/7
0.1,10,7,0,1000,200,5,constant,ratio-half,0.732,2,0,0,mixture/0.1/10/5/7
0.1,10,7,0,1000,200,5,constant,asw-pam,,8,0,0,mixture/0.1/10/5/7
0.1,10,7,0,1000,200,5,constant,asw-average,,7,0,0,mixture/0.1/10/5/7
0.1,10,8,0,1000,200,5,constant,stated,0.5395907397331495,3,0,0,mixture/0.1/10/5/8
0.1,10,8,0,1000,200,5,constant,geomean,0.14656056768449013,11,0,0,mixture/0.1/10/5/8
0.1,10,8,0,1000,200,5,constant,ratio,0.196,10,1,1,mixture/0.1/10/5/8
0.1,10,8,0,1000,200,5,constant,ratio-half,0.196,10,1,1,mixture/0.1/10/5/8
0.1,10,8,0,1000,200,5,constant,asw-pam,,10,1,1,mixture/0.1/10/5/8
0.1,10,8,0,1000,200,5,constant,asw-average,,10,1,1,mixture/0.1/10/5/8
0.1,10,9,0,1000,200,5,constant,stated,0.5395907397331495,10,1,0,mixture/0.1/10/5/9
0.1,10,9,0,1000,200,5,constant,geomean,0.17798876369029598,27,0,0,mixture/0.1/10/5/9
0.1,10,9,0,1000,200,5,constant,ratio,0.0,197,0,0,mixture/0.1/10/5/9
0.1,10,9,0,1000,200,5,constant,ratio-half,0.42000000000000004,12,0,0,mixture/0.1/10/5/9
0.1,10,9,0,1000,200,5,constant,asw-pam,,11,0,0,mixture/0.1/10/5/9
0.1,10,9,0,1000,200,5,constant,asw-average,,12,0,0,mixture/0.1/10/5/9
0.1,10,10,0,1000,200,5,constant,stated,0.5395907397331495,7,0,0,mixture/0.1/10/5/10
0.1,10,10,0,1000,200,5,constant,geomean,0.15414279094398162,10,1,1,mixture/0.1/10/5/10
0.1,10,10,0,1000,200,5,constant,ratio,0.134,10,1,1,mixture/0.1/10/5/10
0.1,10,10,0,1000,200,5,constant,ratio-half,0.134,10,1,1,mixture/0.1/10/5/10
0.1,10,10,0,1000,200,5,constant,asw-pam,,10,1,1,mixture/0.1/10/5/10
0.1,10,10,0,1000,200,5,constant,asw-average,,10,1,1,mixture/0.1/10/5/10
0.1,10,11,0,1000,200,5,constant,stated,0.5395907397331495,5,0,0,mixture/0.1/10/5/11
0.1,10,11,0,1000,200,5,constant,geomean,0.1928730152198592,11,0,0,mixture/0.1/10/5/11
0.1,10,11,0,1000,200,5,constant,ratio,0.0,192,0,0,mixture/0.1/10/5/11
0.1,10,11,0,1000,200,5,constant,ratio-half,0.08600000000000008,11,0,0,mixture/0.1/10/5/11
0.1,10,11,0,1000,200,5,constant,asw-pam,,10,1,0,mixture/0.1/10/5/11
0.1,10,11,0,1000,200,5,constant,asw-average,,10,1,0,mixture/0.1/10/5/11
0.1,10,12,0,1000,200,5,constant,stated,0.5395907397331495,6,0,0,mixture/0.1/10/5/12
0.1,10,12,0,1000,200,5,constant,geomean,0.17527121840165324,20,0,0,mixture/0.1/10/5/12
0.1,10,12,0,1000,200,5,constant,ratio,0.0,194,0,0,mixture/0.1/10/5/12
0.1,10,12,0,1000,200,5,constant,ratio-half,0.5960000000000001,3,0,0,mixture/0.1/10/5/12
0.1,10,12,0,1000,200,5,constant,asw-pam,,10,1,0,mixture/0.1/10/5/12
0.1,10,12,0,1000,200,5,constant,asw-average,,11,0,0,mixture/0.1/10/5/12
0.1,10,13,0,1000,200,5,constant,stated,0.5395907397331495,6,0,0,mixture/0.1/10/5/13
0.1,10,13,0,1000,200,5,constant,geomean,0.15263027222671138,11,0,0,mixture/0.1/10/5/13
0.1,10,13,0,1000,200,5,constant,ratio,0.18800000000000017,9,0,0,mixture/0.1/10/5/13
0.1,10,13,0,1000,200,5,constant,ratio-half,0.18800000000000017,9,0,0,mixture/0.1/10/5/13
0.1,10,13,0,1000,200,5,constant,asw-pam,,9,0,0,mixture/0.1/10/5/13
0.1,10,13,0,1000,200,5,constant,asw-average,,8,0,0,mixture/0.1/10/5/13
0.1,10,14,0,1000,200,5,constant,stated,0.5395907397331495,8,0,0,mixture/0.1/10/5/14
0.1,10,14,0,1000,200,5,constant,geomean,0.16198765385053276,19,0,0,mixture/0.1/10/5/14
0.1,10,14,0,1000,200,5,constant,ratio,0.0,191,0,0,mixture/0.1/10/5/14
0.1,10,14,0,1000,200,5,constant,ratio-half,0.122,19,0,0,mixture/0.1/10/5/14
0.1,10,14,0,1000,200,5,constant,asw-pam,,9,0,0,mixture/0.1/10/5/14
0.1,10,14,0,1000,200,5,constant,asw-average,,11,0,0,mixture/0.1/10/5/14
0.1,10,15,0,1000,200,5,constant,stated,0.5395907397331495,7,0,0,mixture/0.1/10/5/15
0.1,10,15,0,1000,200,5,constant,geomean,0.1575055554575775,12,0,0,mixture/0.1/10/5/15
0.1,10,15,0,1000,200,5,constant,ratio,0.0,184,0,0,mixture/0.1/10/5/15
0.1,10,15,0,1000,200,5,constant,ratio-half,0.21200000000000008,10,1,1,mixture/0.1/10/5/15
0.1,10,15,0,1000,200,5,constant,asw-pam,,10,1,1,mixture/0.1/10/5/15
0.1,10,15,0,1000,200,5,constant,asw-average,,10,1,1,mixture/0.1/10/5/15
0.1,10,16,0,1000,200,5,constant,stated,0.5395907397331495,4,0,0,mixture/0.1/10/5/16
0.1,10,16,0,1000,200,5,constant,geomean,0.16204937519163726,10,1,1,mixture/0.1/10/5/16
0.1,10,16,0,1000,200,5,constant,ratio,0.11799999999999994,10,1,1,mixture/0.1/10/5/16
0.1,10,16,0,1000,200,5,constant,ratio-half,0.11799999999999994,10,1,1,mixture/0.1/10/5/16
0.1,10,16,0,1000,200,5,constant,asw-pam,,8,0,0,mixture/0.1/10/5/16
0.1,10,16,0,1000,200,5,constant,asw-average,,8,0,0,mixture/0.1/10/5/16
0.1,10,17,0,1000,200,5,constant,stated,0.5395907397331495,5,0,0,mixture/0.1/10/5/17
0.1,10,17,0,1000,200,5,constant,geomean,0.1477294825009552,12,0,0,mixture/0.1/10/5/17
0.1,10,17,0,1000,200,5,constant,ratio,0.3520000000000001,5,0,0,mixture/0.1/10/5/17
0.1,10,17,0,1000,200,5,constant,ratio-half,0.3520000000000001,5,0,0,mixture/0.1/10/5/17
0.1,10,17,0,1000,200,5,constant,asw-pam,,9,0,0,mixture/0.1/10/5/17
0.1,10,17,0,1000,200,5,constant,asw-average,,8,0,0,mixture/0.1/10/5/17
0.1,10,18,0,1000,200,5,constant,stated,0.5395907397331495,6,0,0,mixture/0.1/10/5/18
0.1,10,18,0,1000,200,5,constant,geomean,0.14813507349712954,9,0,0,mixture/0.1/10/5/18
0.1,10,18,0,1000,200,5,constant,ratio,0.0,198,0,0,mixture/0.1/10/5/18
0.1,10,18,0,1000,200,5,constant,ratio-half,0.14400000000000002,9,0,0,mixture/0.1/10/5/18
0.1,10,18,0,1000,200,5,constant,asw-pam,,8,0,0,mixture/0.1/10/5/18
0.1,10,18,0,1000,200,5,constant,asw-average,,7,0,0,mixture/0.1/10/5/18
0.1,10,19,0,1000,200,5,constant,stated,0.5395907397331495,4,0,0,mixture/0.1/10/5/19
0.1,10,19,0,1000,200,5,constant,geomean,0.16715262486721535,9,0,0,mixture/0.1/10/5/19
0.1,10,19,0,1000,200,5,constant,ratio,0.08399999999999985,9,0,0,mixture/0.1/10/5/19
0.1,10,19,0,1000,200,5,constant,ratio-half,0.08399999999999985,9,0,0,mixture/0.1/10/5/19
0.1,10,19,0,1000,200,5,constant,asw-pam,,9,0,0,mixture/0.1/10/5/19
0.1,10,19,0,1000,200,5,constant,asw-average,,9,0,0,mixture/0.1/10/5/19
5.0,2,0,0,1000,200,5,constant,stated,0.5395907397331495,1,0,0,mixture/5.0/2/5/0
5.0,2,0,0,1000,200,5,constant,geomean,0.03633180424916986,2,1,1,mixture/5.0/2/5/0
5.0,2,0,0,1000,200,5,constant,ratio,0.03600000000000003,2,1,1,mixture/5.0/2/5/0
5.0,2,0,0,1000,200,5,constant,ratio-half,0.03600000000000003,2,1,1,mixture/5.0/2/5/0
5.0,2,0,0,1000,200,5,constant,asw-pam,,2,1,0,mixture/5.0/2/5/0
5.0,2,0,0,1000,200,5,constant,asw-average,,2,1,1,mixture/5.0/2/5/0
5.0,2,1,0,1000,200,5,constant,stated,0.5395907397331495,1,0,0,mixture/5.0/2/5/1
5.0,2,1,0,1000,200,5,constant,geomean,0.04647580015448901,2,1,1,mixture/5.0/2/5/1
5.0,2,1,0,1000,200,5,constant,ratio,0.03600000000000003,2,1,1,mixture/5.0/2/5/1
5.0,2,1,0,1000,200,5,constant,ratio-half,0.03600000000000003,2,1,1,mixture/5.0/2/5/1
5.0,2,1,0,1000,200,5,constant,asw-pam,,2,1,1,mixture/5.0/2/5/1
5.0,2,1,0,1000,200,5,constant,asw-average,,2,1,1,mixture/5.0/2/5/1
5.0,2,2,0,1000,200,5,constant,stated,0.5395907397331495,1,0,0,mixture/5.0/2/5/2
5.0,2,2,0,1000,200,5,constant,geomean,0.04837354648979131,2,1,1,mixture/5.0/2/5/2
5.0,2,2,0,1000,200,5,constant,ratio,0.03799999999999992,2,1,1,mixture/5.0/2/5/2
5.0,2,2,0,1000,200,5,constant,ratio-half,0.03799999999999992,2,1,1,mixture/5.0/2/5/2
5.0,2,2,0,1000,200,5,constant,asw-pam,,2,1,1,mixture/5.0/2/5/2
5.0,2,2,0,1000,200,5,constant,asw-average,,2,1,1,mixture/5.0/2/5/2
5.0,2,3,0,1000,200,5,constant,stated,0.5395907397331495,1,0,0,mixture/5.0/2/5/3
5.0,2,3,0,1000,200,5,constant,geomean,0.034292856398964525,2,1,1,mixture/5.0/2/5/3
5.0,2,3,0,1000,200,5,constant,ratio,0.03400000000000003,2,1,1,mixture/5.0/2/5/3
5.0,2,3,0,1000,200,5,constant,ratio-half,0.03400000000000003,2,1,1,mixture/5.0/2/5/3
5.0,2,3,0,1000,200,5,constant,asw-pam,,2,1,0,mixture/5.0/2/5/3
5.0,2,3,0,1000,200,5,constant,asw-average,,2,1,0,mixture/5.0/2/5/3
5.0,2,4,0,1000,200,5,constant,stated,0.5395907397331495,1,0,0,mixture/5.0/2/5/4
5.0,2,4,0,1000,200,5,constant,geomean,0.03815756805667786,2,1,1,mixture/5.0/2/5/4
5.0,2,4,0,1000,200,5,constant,ratio,0.03200000000000003,2,1,1,mixture/5.0/2/5/4
5.0,2,4,0,1000,200,5,constant,ratio-half,0.03200000000000003,2,1,1,mixture/5.0/2/5/4
5.0,2,4,0,1000,200,5,constant,asw-pam,,2,1,1,mixture/5.0/2/5/4
5.0,2,4,0,1000,200,5,constant,asw-average,,2,1,1,mixture/5.0/2/5/4
5.0,2,5,0,1000,200,5,constant,stated,0.5395907397331495,1,0,0,mixture/5.0/2/5/5
5.0,2,5,0,1000,200,5,constant,geomean,0.03588871688985271,3,0,0,mixture/5.0/2/5/5
5.0,2,5,0,1000,200,5,constant,ratio,0.03600000000000003,2,1,1,mixture/5.0/2/5/5
5.0,2,5,0,1000,200,5,constant,ratio-half,0.03600000000000003,2,1,1,mixture/5.0/2/5/5
5.0,2,5,0,1000,200,5,constant,asw-pam,,2,1,1,mixture/5.0/2/5/5
5.0,2,5,0,1000,200,5,constant,asw-average,,2,1,1,mixture/5.0/2/5/5
5.0,2,6,0,1000,200,5,constant,stated,0.5395907397331495,1,0,0,mixture/5.0/2/5/6
5.0,2,6,0,1000,200,5,constant,geomean,0.034292856398964525,4,0,0,mixture/5.0/2/5/6
5.0,2,6,0,1000,200,5,constant,ratio,0.03400000000000003,4,0,0,mixture/5.0/2/5/6
5.0,2,6,0,1000,200,5,constant,ratio-half,0.03400000000000003,4,0,0,mixture/5.0/2/5/6
5.0,2,6,0,1000,200,5,constant,asw-pam,,2,1,0,mixture/5.0/2/5/6
5.0,2,6,0,1000,200,5,constant,asw-average,,2,1,1,mixture/5.0/2/5/6
5.0,2,7,0,1000,200,5,constant,stated,0.5395907397331495,1,0,0,mixture/5.0/2/5/7
5.0,2,7,0,1000,200,5,constant,geomean,0.04774934554525329,2,1,1,mixture/5.0/2/5/7
5.0,2,7,0,1000,200,5,constant,ratio,0.03600000000000003,2,1,1,mixture/5.0/2/5/7
5.0,2,7,0,1000,200,5,constant,ratio-half,0.03600000000000003,2,1,1,mixture/5.0/2/5/7
5.0,2,7,0,1000,200,5,constant,asw-pam,,2,1,1,mixture/5.0/2/5/7
5.0,2,7,0,1000,200,5,constant,asw-average,,2,1,1,mixture/5.0/2/5/7
5.0,2,8,0,1000,200,5,constant,stated,0.5395907397331495,1,0,0,mixture/5.0/2/5/8
5.0,2,8,0,1000,200,5,constant,geomean,0.04098780306383839,2,1,1,mixture/5.0/2/5/8
5.0,2,8,0,1000,200,5,constant,ratio,0.038000000000000034,2,1,1,mixture/5.0/2/5/8
5.0,2,8,0,1000,200,5,constant,ratio-half,0.038000000000000034,2,1,1,mixture/5.0/2/5/8
5.0,2,8,0,1000,200,5,constant,asw-pam,,2,1,1,mixture/5.0/2/5/8
5.0,2,8,0,1000,200,5,constant,asw-average,,2,1,1,mixture/5.0/2/5/8
5.0,2,9,0,1000,200,5,constant,stated,0.5395907397331495,1,0,0,mixture/5.0/2/5/9
5.0,2,9,0,1000,200,5,constant,geomean,0.03376388603226818,14,0,0,mixture/5.0/2/5/9
5.0,2,9,0,1000,200,5,constant,ratio,0.026000000000000023,194,0,0,mixture/5.0/2/5/9
5.0,2,9,0,1000,200,5,constant,ratio-half,0.030000000000000027,61,0,0,mixture/5.0/2/5/9
5.0,2,9,0,1000,200,5,constant,asw-pam,,2,1,0,mixture/5.0/2/5/9
5.0,2,9,0,1000,200,5,constant,asw-average,,2,1,0,mixture/5.0/2/5/9
5.0,2,10,0,1000,200,5,constant,stated,0.5395907397331495,1,0,0,mixture/5.0/2/5/10
5.0,2,10,0,1000,200,5,constant,geomean,0.034292856398964476,2,1,1,mixture/5.0/2/5/10
5.0,2,10,0,1000,200,5,constant,ratio,0.03200000000000003,2,1,1,mixture/5.0/2/5/10
5.0,2,10,0,1000,200,5,constant,ratio-half,0.03200000000000003,2,1,1,mixture/5.0/2/5/10
5.0,2,10,0,1000,200,5,constant,asw-pam,,2,1,0,mixture/5.0/2/5/10
5.0,2,10,0,1000,200,5,constant,asw-average,,2,1,1,mixture/5.0/2/5/10
5.0,2,11,0,1000,200,5,constant,stated,0.5395907397331495,1,0,0,mixture/5.0/2/5/11
5.0,2,11,0,1000,200,5,constant,geomean,0.0448998886412873,2,1,1,mixture/5.0/2/5/11
5.0,2,11,0,1000,200,5,constant,ratio,0.03599999999999992,2,1,1,mixture/5.0/2/5/11
5.0,2,11,0,1000,200,5,constant,ratio-half,0.03599999999999992,2,1,1,mixture/5.0/2/5/11
5.0,2,11,0,1000,200,5,constant,asw-pam,,2,1,1,mixture/5.0/2/5/11
5.0,2,11,0,1000,200,5,constant,asw-average,,2,1,1,mixture/5.0/2/5/11
5.0,2,12,0,1000,200,5,constant,stated,0.5395907397331495,1,0,0,mixture/5.0/2/5/12
5.0,2,12,0,1000,200,5,constant,geomean,0.04156921938165298,2,1,1,mixture/5.0/2/5/12
5.0,2,12,0,1000,200,5,constant,ratio,0.038000000000000034,2,1,1,mixture/5.0/2/5/12
5.0,2,12,0,1000,200,5,constant,ratio-half,0.038000000000000034,2,1,1,mixture/5.0/2/5/12
5.0,2,12,0,1000,200,5,constant,asw-pam,,2,1,0,mixture/5.0/2/5/12
5.0,2,12,0,1000,200,5,constant,asw-average,,2,1,1,mixture/5.0/2/5/12
5.0,2,13,0,1000,200,5,constant,stated,0.5395907397331495,1,0,0,mixture/5.0/2/5/13
5.0,2,13,0,1000,200,5,constant,geomean,0.038729833462074086,2,1,1,mixture/5.0/2/5/13
5.0,2,13,0,1000,200,5,constant,ratio,0.03599999999999992,2,1,1,mixture/5.0/2/5/13
5.0,2,13,0,1000,200,5,constant,ratio-half,0.03599999999999992,2,1,1,mixture/5.0/2/5/13
5.0,2,13,0,1000,200,5,constant,asw-pam,,2,1,0,mixture/5.0/2/5/13
5.0,2,13,0,1000,200,5,constant,asw-average,,3,0,0,mixture/5.0/2/5/13
5.0,2,14,0,1000,200,5,constant,stated,0.5395907397331495,1,0,0,mixture/5.0/2/5/14
5.0,2,14,0,1000,200,5,constant,geomean,0.04791659420284377,2,1,1,mixture/5.0/2/5/14
5.0,2,14,0,1000,200,5,constant,ratio,0.03799999999999992,2,1,1,mixture/5.0/2/5/14
5.0,2,14,0,1000,200,5,constant,ratio-half,0.03799999999999992,2,1,1,mixture/5.0/2/5/14
5.0,2,14,0,1000,200,5,constant,asw-pam,,2,1,1,mixture/5.0/2/5/14
5.0,2,14,0,1000,200,5,constant,asw-average,,2,1,1,mixture/5.0/2/5/14
5.0,2,15,0,1000,200,5,constant,stated,0.5395907397331495,1,0,0,mixture/5.0/2/5/15
5.0,2,15,0,1000,200,5,constant,geomean,0.037148351242013454,2,1,1,mixture/5.0/2/5/15
5.0,2,15,0,1000,200,5,constant,ratio,0.03600000000000003,2,1,1,mixture/5.0/2/5/15
5.0,2,15,0,1000,200,5,constant,ratio-half,0.03600000000000003,2,1,1,mixture/5.0/2/5/15
5.0,2,15,0,1000,200,5,constant,asw-pam,,2,1,0,mixture/5.0/2/5/15
5.0,2,15,0,1000,200,5,constant,asw-average,,3,0,0,mixture/5.0/2/5/15
5.0,2,16,0,1000,200,5,constant,stated,0.5395907397331495,1,0,0,mixture/5.0/2/5/16
5.0,2,16,0,1000,200,5,constant,geomean,0.04171330722922842,2,1,1,mixture/5.0/2/5/16
5.0,2,16,0,1000,200,5,constant,ratio,0.039999999999999925,2,1,1,mixture/5.0/2/5/16
5.0,2,16,0,1000,200,5,constant,ratio-half,0.039999999999999925,2,1,1,mixture/5.0/2/5/16
5.0,2,16,0,1000,200,5,constant,asw-pam,,2,1,1,mixture/5.0/2/5/16
5.0,2,16,0,1000,200,5,constant,asw-average,,2,1,1,mixture/5.0/2/5/16
5.0,2,17,0,1000,200,5,constant,stated,0.5395907397331495,1,0,0,mixture/5.0/2/5/17
5.0,2,17,0,1000,200,5,constant,geomean,0.034292856398964525,2,1,1,mixture/5.0/2/5/17
5.0,2,17,0,1000,200,5,constant,ratio,0.03400000000000003,2,1,1,mixture/5.0/2/5/17
5.0,2,17,0,1000,200,5,constant,ratio-half,0.03400000000000003,2,1,1,mixture/5.0/2/5/17
5.0,2,17,0,1000,200,5,constant,asw-pam,,2,1,0,mixture/5.0/2/5/17
5.0,2,17,0,1000,200,5,constant,asw-average,,2,1,1,mixture/5.0/2/5/17
5.0,2,18,0,1000,200,5,constant,stated,0.5395907397331495,1,0,0,mixture/5.0/2/5/18
5.0,2,18,0,1000,200,5,constant,geomean,0.03509985754956852,2,1,1,mixture/5.0/2/5/18
5.0,2,18,0,1000,200,5,constant,ratio,0.03400000000000003,2,1,1,mixture/5.0/2/5/18
5.0,2,18,0,1000,200,5,constant,ratio-half,0.03400000000000003,2,1,1,mixture/5.0/2/5/18
5.0,2,18,0,1000,200,5,constant,asw-pam,,2,1,0,mixture/5.0/2/5/18
5.0,2,18,0,1000,200,5,constant,asw-average,,2,1,0,mixture/5.0/2/5/18
5.0,2,19,0,1000,200,5,constant,stated,0.5395907397331495,1,0,0,mixture/5.0/2/5/19
5.0,2,19,0,1000,200,5,constant,geomean,0.03376388603226823,2,1,1,mixture/5.0/2/5/19
5.0,2,19,0,1000,200,5,constant,ratio,0.03200000000000003,2,1,1,mixture/5.0/2/5/19
5.0,2,19,0,1000,200,5,constant,ratio-half,0.03200000000000003,2,1,1,mixture/5.0/2/5/19
5.0,2,19,0,1000,200,5,constant,asw-pam,,2,1,0,mixture/5.0/2/5/19
5.0,2,19,0,1000,200,5,constant,asw-average,,2,1,1,mixture/5.0/2/5/19
5.0,3,0,0,1000,200,5,constant,stated,0.5395907397331495,1,0,0,mixture/5.0/3/5/0
5.0,3,0,0,1000,200,5,constant,geomean,0.05310367218940703,2,0,0,mixture/5.0/3/5/0
5.0,3,0,0,1000,200,5,constant,ratio,0.04800000000000004,2,0,0,mixture/5.0/3/5/0
5.0,3,0,0,1000,200,5,constant,ratio-half,0.04800000000000004,2,0,0,mixture/5.0/3/5/0
5.0,3,0,0,1000,200,5,constant,asw-pam,,2,0,0,mixture/5.0/3/5/0
5.0,3,0,0,1000,200,5,constant,asw-average,,2,0,0,mixture/5.0/3/5/0
5.0,3,1,0,1000,200,5,constant,stated,0.5395907397331495,1,0,0,mixture/5.0/3/5/1
5.0,3,1,0,1000,200,5,constant,geomean,0.03949683531626292,3,1,1,mixture/5.0/3/5/1
5.0,3,1,0,1000,200,5,constant,ratio,0.03600000000000003,3,1,1,mixture/5.0/3/5/1
5.0,3,1,0,1000,200,5,constant,ratio-half,0.03600000000000003,3,1,1,mixture/5.0/3/5/1
5.0,3,1,0,1000,200,5,constant,asw-pam,,3,1,0,mixture/5.0/3/5/1
5.0,3,1,0,1000,200,5,constant,asw-average,,2,0,0,mixture/5.0/3/5/1
5.0,3,2,0,1000,200,5,constant,stated,0.5395907397331495,1,0,0,mixture/5.0/3/5/2
5.0,3,2,0,1000,200,5,constant,geomean,0.040249223594996206,3,1,1,mixture/5.0/3/5/2
5.0,3,2,0,1000,200,5,constant,ratio,0.03799999999999992,3,1,1,mixture/5.0/3/5/2
5.0,3,2,0,1000,200,5,constant,ratio-half,0.03799999999999992,3,1,1,mixture/5.0/3/5/2
5.0,3,2,0,1000,200,5,constant,asw-pam,,3,1,0,mixture/5.0/3/5/2
5.0,3,2,0,1000,200,5,constant,asw-average,,3,1,1,mixture/5.0/3/5/2
5.0,3,3,0,1000,200,5,constant,stated,0.5395907397331495,1,0,0,mixture/5.0/3/5/3
5.0,3,3,0,1000,200,5,constant,geomean,0.04774934554525329,3,1,1,mixture/5.0/3/5/3
5.0,3,3,0,1000,200,5,constant,ratio,0.052000000000000046,2,0,0,mixture/5.0/3/5/3
5.0,3,3,0,1000,200,5,constant,ratio-half,0.052000000000000046,2,0,0,mixture/5.0/3/5/3
5.0,3,3,0,1000,200,5,constant,asw-pam,,2,0,0,mixture/5.0/3/5/3
5.0,3,3,0,1000,200,5,constant,asw-average,,2,0,0,mixture/5.0/3/5/3
5.0,3,4,0,1000,200,5,constant,stated,0.5395907397331495,1,0,0,mixture/5.0/3/5/4
5.0,3,4,0,1000,200,5,constant,geomean,0.03949683531626299,4,0,0,mixture/5.0/3/5/4
5.0,3,4,0,1000,200,5,constant,ratio,0.03400000000000003,4,0,0,mixture/5.0/3/5/4
5.0,3,4,0,1000,200,5,constant,ratio-half,0.03400000000000003,4,0,0,mixture/5.0/3/5/4
5.0,3,4,0,1000,200,5,constant,asw-pam,,3,1,0,mixture/5.0/3/5/4
5.0,3,4,0,1000,200,5,constant,asw-average,,2,0,0,mixture/5.0/3/5/4
5.0,3,5,0,1000,200,5,constant,stated,0.5395907397331495,1,0,0,mixture/5.0/3/5/5
5.0,3,5,0,1000,200,5,constant,geomean,0.040249223594996206,3,1,1,mixture/5.0/3/5/5
5.0,3,5,0,1000,200,5,constant,ratio,0.04399999999999993,2,0,0,mixture/5.0/3/5/5
5.0,3,5,0,1000,200,5,constant,ratio-half,0.04399999999999993,2,0,0,mixture/5.0/3/5/5
5.0,3,5,0,1000,200,5,constant,asw-pam,,3,1,0,mixture/5.0/3/5/5
5.0,3,5,0,1000,200,5,constant,asw-average,,3,1,1,mixture/5.0/3/5/5
5.0,3,6,0,1000,200,5,constant,stated,0.5395907397331495,1,0,0,mixture/5.0/3/5/6
5.0,3,6,0,1000,200,5,constant,geomean,0.037148351242013385,2,0,0,mixture/5.0/3/5/6
5.0,3,6,0,1000,200,5,constant,ratio,0.03600000000000003,2,0,0,mixture/5.0/3/5/6
5.0,3,6,0,1000,200,5,constant,ratio-half,0.03600000000000003,2,0,0,mixture/5.0/3/5/6
5.0,3,6,0,1000,200,5,constant,asw-pam,,3,1,0,mixture/5.0/3/5/6
5.0,3,6,0,1000,200,5,constant,asw-average,,2,0,0,mixture/5.0/3/5/6
5.0,3,7,0,1000,200,5,constant,stated,0.5395907397331495,1,0,0,mixture/5.0/3/5/7
5.0,3,7,0,1000,200,5,constant,geomean,0.03949683531626292,2,0,0,mixture/5.0/3/5/7
5.0,3,7,0,1000,200,5,constant,ratio,0.03600000000000003,2,0,0,mixture/5.0/3/5/7
5.0,3,7,0,1000,200,5,constant,ratio-half,0.03600000000000003,2,0,0,mixture/5.0/3/5/7
5.0,3,7,0,1000,200,5,constant,asw-pam,,2,0,0,mixture/5.0/3/5/7
5.0,3,7,0,1000,200,5,constant,asw-average,,2,0,0,mixture/5.0/3/5/7
5.0,3,8,0,1000,200,5,constant,stated,0.5395907397331495,1,0,0,mixture/5.0/3/5/8
5.0,3,8,0,1000,200,5,constant,geomean,0.04516635916254486,3,1,1,mixture/5.0/3/5/8
5.0,3,8,0,1000,200,5,constant,ratio,0.038000000000000034,3,1,1,mixture/5.0/3/5/8
5.0,3,8,0,1000,200,5,constant,ratio-half,0.038000000000000034,3,1,1,mixture/5.0/3/5/8
5.0,3,8,0,1000,200,5,constant,asw-pam,,2,0,0,mixture/5.0/3/5/8
5.0,3,8,0,1000,200,5,constant,asw-average,,2,0,0,mixture/5.0/3/5/8
5.0,3,9,0,1000,200,5,constant,stated,0.5395907397331495,1,0,0,mixture/5.0/3/5/9
5.0,3,9,0,1000,200,5,constant,geomean,0.037148351242013385,3,1,1,mixture/5.0/3/5/9
5.0,3,9,0,1000,200,5,constant,ratio,0.040000000000000036,2,0,0,mixture/5.0/3/5/9
5.0,3,9,0,1000,200,5,constant,ratio-half,0.040000000000000036,2,0,0,mixture/5.0/3/5/9
5.0,3,9,0,1000,200,5,constant,asw-pam,,2,0,0,mixture/5.0/3/5/9
5.0,3,9,0,1000,200,5,constant,asw-average,,2,0,0,mixture/5.0/3/5/9
5.0,3,10,0,1000,200,5,constant,stated,0.5395907397331495,1,0,0,mixture/5.0/3/5/10
5.0,3,10,0,1000,200,5,constant,geomean,0.043127717305695645,3,1,1,mixture/5.0/3/5/10
5.0,3,10,0,1000,200,5,constant,ratio,0.03600000000000003,3,1,1,mixture/5.0/3/5/10
5.0,3,10,0,1000,200,5,constant,ratio-half,0.03600000000000003,3,1,1,mixture/5.0/3/5/10
5.0,3,10,0,1000,200,5,constant,asw-pam,,2,0,0,mixture/5.0/3/5/10
5.0,3,10,0,1000,200,5,constant,asw-average,,3,1,1,mixture/5.0/3/5/10
5.0,3,11,0,1000,200,5,constant,stated,0.5395907397331495,1,0,0,mixture/5.0/3/5/11
5.0,3,11,0,1000,200,5,constant,geomean,0.03714835124201334,2,0,0,mixture/5.0/3/5/11
5.0,3,11,0,1000,200,5,constant,ratio,0.03600000000000003,2,0,0,mixture/5.0/3/5/11
5.0,3,11,0,1000,200,5,constant,ratio-half,0.03600000000000003,2,0,0,mixture/5.0/3/5/11
5.0,3,11,0,1000,200,5,constant,asw-pam,,2,0,0,mixture/5.0/3/5/11
5.0,3,11,0,1000,200,5,constant,asw-average,,2,0,0,mixture/5.0/3/5/11
5.0,3,12,0,1000,200,5,constant,stated,0.5395907397331495,1,0,0,mixture/5.0/3/5/12
5.0,3,12,0,1000,200,5,constant,geomean,0.04171330722922842,3,1,1,mixture/5.0/3/5/12
5.0,3,12,0,1000,200,5,constant,ratio,0.038000000000000034,3,1,1,mixture/5.0/3/5/12
5.0,3,12,0,1000,200,5,constant,ratio-half,0.038000000000000034,3,1,1,mixture/5.0/3/5/12
5.0,3,12,0,1000,200,5,constant,asw-pam,,3,1,0,mixture/5.0/3/5/12
5.0,3,12,0,1000,200,5,constant,asw-average,,3,1,1,mixture/5.0/3/5/12
5.0,3,13,0,1000,200,5,constant,stated,0.5395907397331495,1,0,0,mixture/5.0/3/5/13
5.0,3,13,0,1000,200,5,constant,geomean,0.03633180424916982,3,1,1,mixture/5.0/3/5/13
5.0,3,13,0,1000,200,5,constant,ratio,0.03600000000000003,3,1,1,mixture/5.0/3/5/13
5.0,3,13,0,1000,200,5,constant,ratio-half,0.03600000000000003,3,1,1,mixture/5.0/3/5/13
5.0,3,13,0,1000,200,5,constant,asw-pam,,2,0,0,mixture/5.0/3/5/13
5.0,3,13,0,1000,200,5,constant,asw-average,,2,0,0,mixture/5.0/3/5/13
5.0,3,14,0,1000,200,5,constant,stated,0.5395907397331495,1,0,0,mixture/5.0/3/5/14
5.0,3,14,0,1000,200,5,constant,geomean,0.035496478698597685,5,0,0,mixture/5.0/3/5/14
5.0,3,14,0,1000,200,5,constant,ratio,0.038000000000000034,2,0,0,mixture/5.0/3/5/14
5.0,3,14,0,1000,200,5,constant,ratio-half,0.038000000000000034,2,0,0,mixture/5.0/3/5/14
5.0,3,14,0,1000,200,5,constant,asw-pam,,3,1,0,mixture/5.0/3/5/14
5.0,3,14,0,1000,200,5,constant,asw-average,,2,0,0,mixture/5.0/3/5/14
5.0,3,15,0,1000,200,5,constant,stated,0.5395907397331495,1,0,0,mixture/5.0/3/5/15
5.0,3,15,0,1000,200,5,constant,geomean,0.03376388603226823,11,0,0,mixture/5.0/3/5/15
5.0,3,15,0,1000,200,5,constant,ratio,0.026000000000000023,182,0,0,mixture/5.0/3/5/15
5.0,3,15,0,1000,200,5,constant,ratio-half,0.030000000000000027,40,0,0,mixture/5.0/3/5/15
5.0,3,15,0,1000,200,5,constant,asw-pam,,2,0,0,mixture/5.0/3/5/15
5.0,3,15,0,1000,200,5,constant,asw-average,,2,0,0,mixture/5.0/3/5/15
5.0,3,16,0,1000,200,5,constant,stated,0.5395907397331495,1,0,0,mixture/5.0/3/5/16
5.0,3,16,0,1000,200,5,constant,geomean,0.03509985754956852,2,0,0,mixture/5.0/3/5/16
5.0,3,16,0,1000,200,5,constant,ratio,0.03400000000000003,2,0,0,mixture/5.0/3/5/16
5.0,3,16,0,1000,200,5,constant,ratio-half,0.03400000000000003,2,0,0,mixture/5.0/3/5/16
5.0,3,16,0,1000,200,5,constant,asw-pam,,3,1,0,mixture/5.0/3/5/16
5.0,3,16,0,1000,200,5,constant,asw-average,,4,0,0,mixture/5.0/3/5/16
5.0,3,17,0,1000,200,5,constant,stated,0.5395907397331495,1,0,0,mixture/5.0/3/5/17
5.0,3,17,0,1000,200,5,constant,geomean,0.037947331922020516,4,0,0,mixture/5.0/3/5/17
5.0,3,17,0,1000,200,5,constant,ratio,0.039999999999999925,3,1,1,mixture/5.0/3/5/17
5.0,3,17,0,1000,200,5,constant,ratio-half,0.039999999999999925,3,1,1,mixture/5.0/3/5/17
5.0,3,17,0,1000,200,5,constant,asw-pam,,3,1,0,mixture/5.0/3/5/17
5.0,3,17,0,1000,200,5,constant,asw-average,,3,1,1,mixture/5.0/3/5/17
5.0,3,18,0,1000,200,5,constant,stated,0.5395907397331495,1,0,0,mixture/5.0/3/5/18
5.0,3,18,0,1000,200,5,constant,geomean,0.040249223594996136,3,1,1,mixture/5.0/3/5/18
5.0,3,18,0,1000,200,5,constant,ratio,0.03600000000000003,3,1,1,mixture/5.0/3/5/18
5.0,3,18,0,1000,200,5,constant,ratio-half,0.03600000000000003,3,1,1,mixture/5.0/3/5/18
5.0,3,18,0,1000,200,5,constant,asw-pam,,3,1,1,mixture/5.0/3/5/18
5.0,3,18,0,1000,200,5,constant,asw-average,,3,1,1,mixture/5.0/3/5/18
5.0,3,19,0,1000,200,5,constant,stated,0.5395907397331495,1,0,0,mixture/5.0/3/5/19
5.0,3,19,0,1000,200,5,constant,geomean,0.043127717305695645,2,0,0,mixture/5.0/3/5/19
5.0,3,19,0,1000,200,5,constant,ratio,0.03799999999999992,2,0,0,mixture/5.0/3/5/19
5.0,3,19,0,1000,200,5,constant,ratio-half,0.03799999999999992,2,0,0,mixture/5.0/3/5/19
5.0,3,19,0,1000,200,5,constant,asw-pam,,2,0,0,mixture/5.0/3/5/19
5.0,3,19,0,1000,200,5,constant,asw-average,,2,0,0,mixture/5.0/3/5/19
5.0,4,0,0,1000,200,5,constant,stated,0.5395907397331495,1,0,0,mixture/5.0/4/5/0
5.0,4,0,0,1000,200,5,constant,geomean,0.04381780460041329,4,1,1,mixture/5.0/4/5/0
5.0,4,0,0,1000,200,5,constant,ratio,0.041999999999999926,4,1,1,mixture/5.0/4/5/0
5.0,4,0,0,1000,200,5,constant,ratio-half,0.041999999999999926,4,1,1,mixture/5.0/4/5/0
5.0,4,0,0,1000,200,5,constant,asw-pam,,4,1,0,mixture/5.0/4/5/0
5.0,4,0,0,1000,200,5,constant,asw-average,,4,1,1,mixture/5.0/4/5/0
5.0,4,1,0,1000,200,5,constant,stated,0.5395907397331495,1,0,0,mixture/5.0/4/5/1
5.0,4,1,0,1000,200,5,constant,geomean,0.040792156108742275,3,0,0,mixture/5.0/4/5/1
5.0,4,1,0,1000,200,5,constant,ratio,0.04399999999999993,2,0,0,mixture/5.0/4/5/1
5.0,4,1,0,1000,200,5,constant,ratio-half,0.04399999999999993,2,0,0,mixture/5.0/4/5/1
5.0,4,1,0,1000,200,5,constant,asw-pam,,3,0,0,mixture/5.0/4/5/1
5.0,4,1,0,1000,200,5,constant,asw-average,,3,0,0,mixture/5.0/4/5/1
5.0,4,2,0,1000,200,5,constant,stated,0.5395907397331495,1,0,0,mixture/5.0/4/5/2
5.0,4,2,0,1000,200,5,constant,geomean,0.03487119154832536,20,0,0,mixture/5.0/4/5/2
5.0,4,2,0,1000,200,5,constant,ratio,0.026000000000000023,199,0,0,mixture/5.0/4/5/2
5.0,4,2,0,1000,200,5,constant,ratio-half,0.03200000000000003,65,0,0,mixture/5.0/4/5/2
5.0,4,2,0,1000,200,5,constant,asw-pam,,3,0,0,mixture/5.0/4/5/2
5.0,4,2,0,1000,200,5,constant,asw-average,,2,0,0,mixture/5.0/4/5/2
5.0,4,3,0,1000,200,5,constant,stated,0.5395907397331495,1,0,0,mixture/5.0/4/5/3
5.0,4,3,0,1000,200,5,constant,geomean,0.04931531202375174,3,0,0,mixture/5.0/4/5/3
5.0,4,3,0,1000,200,5,constant,ratio,0.051999999999999935,2,0,0,mixture/5.0/4/5/3
5.0,4,3,0,1000,200,5,constant,ratio-half,0.051999999999999935,2,0,0,mixture/5.0/4/5/3
5.0,4,3,0,1000,200,5,constant,asw-pam,,2,0,0,mixture/5.0/4/5/3
5.0,4,3,0,1000,200,5,constant,asw-average,,2,0,0,mixture/5.0/4/5/3
5.0,4,4,0,1000,200,5,constant,stated,0.5395907397331495,1,0,0,mixture/5.0/4/5/4
5.0,4,4,0,1000,200,5,constant,geomean,0.03714835124201334,2,0,0,mixture/5.0/4/5/4
5.0,4,4,0,1000,200,5,constant,ratio,0.03600000000000003,2,0,0,mixture/5.0/4/5/4
5.0,4,4,0,1000,200,5,constant,ratio-half,0.03600000000000003,2,0,0,mixture/5.0/4/5/4
5.0,4,4,0,1000,200,5,constant,asw-pam,,2,0,0,mixture/5.0/4/5/4
5.0,4,4,0,1000,200,5,constant,asw-average,,2,0,0,mixture/5.0/4/5/4
5.0,4,5,0,1000,200,5,constant,stated,0.5395907397331495,1,0,0,mixture/5.0/4/5/5
5.0,4,5,0,1000,200,5,constant,geomean,0.04171330722922842,4,1,1,mixture/5.0/4/5/5
5.0,4,5,0,1000,200,5,constant,ratio,0.03799999999999992,4,1,1,mixture/5.0/4/5/5
5.0,4,5,0,1000,200,5,constant,ratio-half,0.03799999999999992,4,1,1,mixture/5.0/4/5/5
5.0,4,5,0,1000,200,5,constant,asw-pam,,2,0,0,mixture/5.0/4/5/5
5.0,4,5,0,1000,200,5,constant,asw-average,,2,0,0,mixture/5.0/4/5/5
5.0,4,6,0,1000,200,5,constant,stated,0.5395907397331495,1,0,0,mixture/5.0/4/5/6
5.0,4,6,0,1000,200,5,constant,geomean,0.038729833462074204,4,1,1,mixture/5.0/4/5/6
5.0,4,6,0,1000,200,5,constant,ratio,0.03400000000000003,4,1,1,mixture/5.0/4/5/6
5.0,4,6,0,1000,200,5,constant,ratio-half,0.03400000000000003,4,1,1,mixture/5.0/4/5/6
5.0,4,6,0,1000,200,5,constant,asw-pam,,3,0,0,mixture/5.0/4/5/6
5.0,4,6,0,1000,200,5,constant,asw-average,,2,0,0,mixture/5.0/4/5/6
5.0,4,7,0,1000,200,5,constant,stated,0.5395907397331495,1,0,0,mixture/5.0/4/5/7
5.0,4,7,0,1000,200,5,constant,geomean,0.047328638264796934,4,1,1,mixture/5.0/4/5/7
5.0,4,7,0,1000,200,5,constant,ratio,0.04799999999999993,3,0,0,mixture/5.0/4/5/7
5.0,4,7,0,1000,200,5,constant,ratio-half,0.04799999999999993,3,0,0,mixture/5.0/4/5/7
5.0,4,7,0,1000,200,5,constant,asw-pam,,3,0,0,mixture/5.0/4/5/7
5.0,4,7,0,1000,200,5,constant,asw-average,,3,0,0,mixture/5.0/4/5/7
5.0,4,8,0,1000,200,5,constant,stated,0.5395907397331495,1,0,0,mixture/5.0/4/5/8
5.0,4,8,0,1000,200,5,constant,geomean,0.037148351242013454,4,1,1,mixture/5.0/4/5/8
5.0,4,8,0,1000,200,5,constant,ratio,0.03600000000000003,4,1,1,mixture/5.0/4/5/8
5.0,4,8,0,1000,200,5,constant,ratio-half,0.03600000000000003,4,1,1,mixture/5.0/4/5/8
5.0,4,8,0,1000,200,5,constant,asw-pam,,2,0,0,mixture/5.0/4/5/8
5.0,4,8,0,1000,200,5,constant,asw-average,,2,0,0,mixture/5.0/4/5/8
5.0,4,9,0,1000,200,5,constant,stated,0.5395907397331495,1,0,0,mixture/5.0/4/5/9
5.0,4,9,0,1000,200,5,constant,geomean,0.043127717305695645,3,0,0,mixture/5.0/4/5/9
5.0,4,9,0,1000,200,5,constant,ratio,0.040000000000000036,3,0,0,mixture/5.0/4/5/9
5.0,4,9,0,1000,200,5,constant,ratio-half,0.040000000000000036,3,0,0,mixture/5.0/4/5/9
5.0,4,9,0,1000,200,5,constant,asw-pam,,2,0,0,mixture/5.0/4/5/9
5.0,4,9,0,1000,200,5,constant,asw-average,,2,0,0,mixture/5.0/4/5/9
5.0,4,10,0,1000,200,5,constant,stated,0.5395907397331495,1,0,0,mixture/5.0/4/5/10
5.0,4,10,0,1000,200,5,constant,geomean,0.044542114902640095,4,1,1,mixture/5.0/4/5/10
5.0,4,10,0,1000,200,5,constant,ratio,0.03799999999999992,4,1,1,mixture/5.0/4/5/10
5.0,4,10,0,1000,200,5,constant,ratio-half,0.03799999999999992,4,1,1,mixture/5.0/4/5/10
5.0,4,10,0,1000,200,5,constant,asw-pam,,4,1,0,mixture/5.0/4/5/10
5.0,4,10,0,1000,200,5,constant,asw-average,,3,0,0,mixture/5.0/4/5/10
5.0,4,11,0,1000,200,5,constant,stated,0.5395907397331495,1,0,0,mixture/5.0/4/5/11
5.0,4,11,0,1000,200,5,constant,geomean,0.044497190922574016,2,0,0,mixture/5.0/4/5/11
5.0,4,11,0,1000,200,5,constant,ratio,0.04400000000000004,2,0,0,mixture/5.0/4/5/11
5.0,4,11,0,1000,200,5,constant,ratio-half,0.04400000000000004,2,0,0,mixture/5.0/4/5/11
5.0,4,11,0,1000,200,5,constant,asw-pam,,2,0,0,mixture/5.0/4/5/11
5.0,4,11,0,1000,200,5,constant,asw-average,,2,0,0,mixture/5.0/4/5/11
5.0,4,12,0,1000,200,5,constant,stated,0.5395907397331495,1,0,0,mixture/5.0/4/5/12
5.0,4,12,0,1000,200,5,constant,geomean,0.038729833462074204,3,0,0,mixture/5.0/4/5/12
5.0,4,12,0,1000,200,5,constant,ratio,0.03599999999999992,3,0,0,mixture/5.0/4/5/12
5.0,4,12,0,1000,200,5,constant,ratio-half,0.03599999999999992,3,0,0,mixture/5.0/4/5/12
5.0,4,12,0,1000,200,5,constant,asw-pam,,2,0,0,mixture/5.0/4/5/12
5.0,4,12,0,1000,200,5,constant,asw-average,,2,0,0,mixture/5.0/4/5/12
5.0,4,13,0,1000,200,5,constant,stated,0.5395907397331495,1,0,0,mixture/5.0/4/5/13
5.0,4,13,0,1000,200,5,constant,geomean,0.0366606055596467,11,0,0,mixture/5.0/4/5/13
5.0,4,13,0,1000,200,5,constant,ratio,0.028000000000000025,187,0,0,mixture/5.0/4/5/13
5.0,4,13,0,1000,200,5,constant,ratio-half,0.03200000000000003,69,0,0,mixture/5.0/4/5/13
5.0,4,13,0,1000,200,5,constant,asw-pam,,3,0,0,mixture/5.0/4/5/13
5.0,4,13,0,1000,200,5,constant,asw-average,,3,0,0,mixture/5.0/4/5/13
5.0,4,14,0,1000,200,5,constant,stated,0.5395907397331495,1,0,0,mixture/5.0/4/5/14
5.0,4,14,0,1000,200,5,constant,geomean,0.03949683531626303,3,0,0,mixture/5.0/4/5/14
5.0,4,14,0,1000,200,5,constant,ratio,0.040000000000000036,2,0,0,mixture/5.0/4/5/14
5.0,4,14,0,1000,200,5,constant,ratio-half,0.040000000000000036,2,0,0,mixture/5.0/4/5/14
5.0,4,14,0,1000,200,5,constant,asw-pam,,2,0,0,mixture/5.0/4/5/14
5.0,4,14,0,1000,200,5,constant,asw-average,,2,0,0,mixture/5.0/4/5/14
5.0,4,15,0,1000,200,5,constant,stated,0.5395907397331495,1,0,0,mixture/5.0/4/5/15
5.0,4,15,0,1000,200,5,constant,geomean,0.037947331922020516,4,1,0,mixture/5.0/4/5/15
5.0,4,15,0,1000,200,5,constant,ratio,0.04200000000000004,2,0,0,mixture/5.0/4/5/15
5.0,4,15,0,1000,200,5,constant,ratio-half,0.04200000000000004,2,0,0,mixture/5.0/4/5/15
5.0,4,15,0,1000,200,5,constant,asw-pam,,3,0,0,mixture/5.0/4/5/15
5.0,4,15,0,1000,200,5,constant,asw-average,,3,0,0,mixture/5.0/4/5/15
5.0,4,16,0,1000,200,5,constant,stated,0.5395907397331495,1,0,0,mixture/5.0/4/5/16
5.0,4,16,0,1000,200,5,constant,geomean,0.04242640687119289,4,1,1,mixture/5.0/4/5/16
5.0,4,16,0,1000,200,5,constant,ratio,0.03600000000000003,4,1,1,mixture/5.0/4/5/16
5.0,4,16,0,1000,200,5,constant,ratio-half,0.03600000000000003,4,1,1,mixture/5.0/4/5/16
5.0,4,16,0,1000,200,5,constant,asw-pam,,2,0,0,mixture/5.0/4/5/16
5.0,4,16,0,1000,200,5,constant,asw-average,,2,0,0,mixture/5.0/4/5/16
5.0,4,17,0,1000,200,5,constant,stated,0.5395907397331495,1,0,0,mixture/5.0/4/5/17
5.0,4,17,0,1000,200,5,constant,geomean,0.03633180424916986,4,1,1,mixture/5.0/4/5/17
5.0,4,17,0,1000,200,5,constant,ratio,0.03400000000000003,4,1,1,mixture/5.0/4/5/17
5.0,4,17,0,1000,200,5,constant,ratio-half,0.03400000000000003,4,1,1,mixture/5.0/4/5/17
5.0,4,17,0,1000,200,5,constant,asw-pam,,2,0,0,mixture/5.0/4/5/17
5.0,4,17,0,1000,200,5,constant,asw-average,,2,0,0,mixture/5.0/4/5/17
5.0,4,18,0,1000,200,5,constant,stated,0.5395907397331495,1,0,0,mixture/5.0/4/5/18
5.0,4,18,0,1000,200,5,constant,geomean,0.037148351242013405,4,1,1,mixture/5.0/4/5/18
5.0,4,18,0,1000,200,5,constant,ratio,0.039999999999999925,2,0,0,mixture/5.0/4/5/18
5.0,4,18,0,1000,200,5,constant,ratio-half,0.039999999999999925,2,0,0,mixture/5.0/4/5/18
5.0,4,18,0,1000,200,5,constant,asw-pam,,2,0,0,mixture/5.0/4/5/18
5.0,4,18,0,1000,200,5,constant,asw-average,,2,0,0,mixture/5.0/4/5/18
5.0,4,19,0,1000,200,5,constant,stated,0.5395907397331495,1,0,0,mixture/5.0/4/5/19
5.0,4,19,0,1000,200,5,constant,geomean,0.03949683531626303,4,1,1,mixture/5.0/4/5/19
5.0,4,19,0,1000,200,5,constant,ratio,0.04200000000000004,2,0,0,mixture/5.0/4/5/19
5.0,4,19,0,1000,200,5,constant,ratio-half,0.04200000000000004,2,0,0,mixture/5.0/4/5/19
5.0,4,19,0,1000,200,5,constant,asw-pam,,2,0,0,mixture/5.0/4/5/19
5.0,4,19,0,1000,200,5,constant,asw-average,,2,0,0,mixture/5.0/4/5/19
5.0,5,0,0,1000,200,5,constant,stated,0.5395907397331495,1,0,0,mixture/5.0/5/5/0
5.0,5,0,0,1000,200,5,constant,geomean,0.037947331922020544,6,0,0,mixture/5.0/5/5/0
5.0,5,0,0,1000,200,5,constant,ratio,0.039999999999999925,3,0,0,mixture/5.0/5/5/0
5.0,5,0,0,1000,200,5,constant,ratio-half,0.039999999999999925,3,0,0,mixture/5.0/5/5/0
5.0,5,0,0,1000,200,5,constant,asw-pam,,3,0,0,mixture/5.0/5/5/0
5.0,5,0,0,1000,200,5,constant,asw-average,,3,0,0,mixture/5.0/5/5/0
5.0,5,1,0,1000,200,5,constant,stated,0.5395907397331495,1,0,0,mixture/5.0/5/5/1
5.0,5,1,0,1000,200,5,constant,geomean,0.04233202097703337,4,0,0,mixture/5.0/5/5/1
5.0,5,1,0,1000,200,5,constant,ratio,0.040000000000000036,4,0,0,mixture/5.0/5/5/1
5.0,5,1,0,1000,200,5,constant,ratio-half,0.040000000000000036,4,0,0,mixture/5.0/5/5/1
5.0,5,1,0,1000,200,5,constant,asw-pam,,2,0,0,mixture/5.0/5/5/1
5.0,5,1,0,1000,200,5,constant,asw-average,,2,0,0,mixture/5.0/5/5/1
5.0,5,2,0,1000,200,5,constant,stated,0.5395907397331495,1,0,0,mixture/5.0/5/5/2
5.0,5,2,0,1000,200,5,constant,geomean,0.037523326078587355,6,0,0,mixture/5.0/5/5/2
5.0,5,2,0,1000,200,5,constant,ratio,0.02400000000000002,199,0,0,mixture/5.0/5/5/2
5.0,5,2,0,1000,200,5,constant,ratio-half,0.03200000000000003,35,0,0,mixture/5.0/5/5/2
5.0,5,2,0,1000,200,5,constant,asw-pam,,2,0,0,mixture/5.0/5/5/2
5.0,5,2,0,1000,200,5,constant,asw-average,,2,0,0,mixture/5.0/5/5/2
5.0,5,3,0,1000,200,5,constant,stated,0.5395907397331495,1,0,0,mixture/5.0/5/5/3
5.0,5,3,0,1000,200,5,constant,geomean,0.04242640687119289,2,0,0,mixture/5.0/5/5/3
5.0,5,3,0,1000,200,5,constant,ratio,0.040000000000000036,2,0,0,mixture/5.0/5/5/3
5.0,5,3,0,1000,200,5,constant,ratio-half,0.040000000000000036,2,0,0,mixture/5.0/5/5/3
5.0,5,3,0,1000,200,5,constant,asw-pam,,5,1,0,mixture/5.0/5/5/3
5.0,5,3,0,1000,200,5,constant,asw-average,,12,0,0,mixture/5.0/5/5/3
5.0,5,4,0,1000,200,5,constant,stated,0.5395907397331495,1,0,0,mixture/5.0/5/5/4
5.0,5,4,0,1000,200,5,constant,geomean,0.046647615158762326,5,1,1,mixture/5.0/5/5/4
5.0,5,4,0,1000,200,5,constant,ratio,0.051999999999999935,2,0,0,mixture/5.0/5/5/4
5.0,5,4,0,1000,200,5,constant,ratio-half,0.051999999999999935,2,0,0,mixture/5.0/5/5/4
5.0,5,4,0,1000,200,5,constant,asw-pam,,4,0,0,mixture/5.0/5/5/4
5.0,5,4,0,1000,200,5,constant,asw-average,,2,0,0,mixture/5.0/5/5/4
5.0,5,5,0,1000,200,5,constant,stated,0.5395907397331495,1,0,0,mixture/5.0/5/5/5
5.0,5,5,0,1000,200,5,constant,geomean,0.032863353450309885,13,0,0,mixture/5.0/5/5/5
5.0,5,5,0,1000,200,5,constant,ratio,0.026000000000000023,189,0,0,mixture/5.0/5/5/5
5.0,5,5,0,1000,200,5,constant,ratio-half,0.030000000000000027,40,0,0,mixture/5.0/5/5/5
5.0,5,5,0,1000,200,5,constant,asw-pam,,5,1,0,mixture/5.0/5/5/5
5.0,5,5,0,1000,200,5,constant,asw-average,,6,0,0,mixture/5.0/5/5/5
5.0,5,6,0,1000,200,5,constant,stated,0.5395907397331495,1,0,0,mixture/5.0/5/5/6
5.0,5,6,0,1000,200,5,constant,geomean,0.040249223594996206,3,0,0,mixture/5.0/5/5/6
5.0,5,6,0,1000,200,5,constant,ratio,0.040000000000000036,3,0,0,mixture/5.0/5/5/6
5.0,5,6,0,1000,200,5,constant,ratio-half,0.040000000000000036,3,0,0,mixture/5.0/5/5/6
5.0,5,6,0,1000,200,5,constant,asw-pam,,2,0,0,mixture/5.0/5/5/6
5.0,5,6,0,1000,200,5,constant,asw-average,,3,0,0,mixture/5.0/5/5/6
5.0,5,7,0,1000,200,5,constant,stated,0.5395907397331495,1,0,0,mixture/5.0/5/5/7
5.0,5,7,0,1000,200,5,constant,geomean,0.03666060555964669,7,0,0,mixture/5.0/5/5/7
5.0,5,7,0,1000,200,5,constant,ratio,0.038000000000000034,2,0,0,mixture/5.0/5/5/7
5.0,5,7,0,1000,200,5,constant,ratio-half,0.038000000000000034,2,0,0,mixture/5.0/5/5/7
5.0,5,7,0,1000,200,5,constant,asw-pam,,4,0,0,mixture/5.0/5/5/7
5.0,5,7,0,1000,200,5,constant,asw-average,,2,0,0,mixture/5.0/5/5/7
5.0,5,8,0,1000,200,5,constant,stated,0.5395907397331495,1,0,0,mixture/5.0/5/5/8
5.0,5,8,0,1000,200,5,constant,geomean,0.040249223594996254,4,0,0,mixture/5.0/5/5/8
5.0,5,8,0,1000,200,5,constant,ratio,0.041999999999999926,3,0,0,mixture/5.0/5/5/8
5.0,5,8,0,1000,200,5,constant,ratio-half,0.041999999999999926,3,0,0,mixture/5.0/5/5/8
5.0,5,8,0,1000,200,5,constant,asw-pam,,3,0,0,mixture/5.0/5/5/8
5.0,5,8,0,1000,200,5,constant,asw-average,,2,0,0,mixture/5.0/5/5/8
5.0,5,9,0,1000,200,5,constant,stated,0.5395907397331495,1,0,0,mixture/5.0/5/5/9
5.0,5,9,0,1000,200,5,constant,geomean,0.037947331922020544,4,0,0,mixture/5.0/5/5/9
5.0,5,9,0,1000,200,5,constant,ratio,0.038000000000000034,3,0,0,mixture/5.0/5/5/9
5.0,5,9,0,1000,200,5,constant,ratio-half,0.038000000000000034,3,0,0,mixture/5.0/5/5/9
5.0,5,9,0,1000,200,5,constant,asw-pam,,2,0,0,mixture/5.0/5/5/9
5.0,5,9,0,1000,200,5,constant,asw-average,,2,0,0,mixture/5.0/5/5/9
5.0,5,10,0,1000,200,5,constant,stated,0.5395907397331495,1,0,0,mixture/5.0/5/5/10
5.0,5,10,0,1000,200,5,constant,geomean,0.0407921561087422,4,0,0,mixture/5.0/5/5/10
5.0,5,10,0,1000,200,5,constant,ratio,0.04400000000000004,2,0,0,mixture/5.0/5/5/10
5.0,5,10,0,1000,200,5,constant,ratio-half,0.04400000000000004,2,0,0,mixture/5.0/5/5/10
5.0,5,10,0,1000,200,5,constant,asw-pam,,3,0,0,mixture/5.0/5/5/10
5.0,5,10,0,1000,200,5,constant,asw-average,,4,0,0,mixture/5.0/5/5/10
5.0,5,11,0,1000,200,5,constant,stated,0.5395907397331495,1,0,0,mixture/5.0/5/5/11
5.0,5,11,0,1000,200,5,constant,geomean,0.040792156108742275,5,1,1,mixture/5.0/5/5/11
5.0,5,11,0,1000,200,5,constant,ratio,0.04400000000000004,3,0,0,mixture/5.0/5/5/11
5.0,5,11,0,1000,200,5,constant,ratio-half,0.04400000000000004,3,0,0,mixture/5.0/5/5/11
5.0,5,11,0,1000,200,5,constant,asw-pam,,2,0,0,mixture/5.0/5/5/11
5.0,5,11,0,1000,200,5,constant,asw-average,,2,0,0,mixture/5.0/5/5/11
5.0,5,12,0,1000,200,5,constant,stated,0.5395907397331495,1,0,0,mixture/5.0/5/5/12
5.0,5,12,0,1000,200,5,constant,geomean,0.043127717305695645,2,0,0,mixture/5.0/5/5/12
5.0,5,12,0,1000,200,5,constant,ratio,0.039999999999999925,2,0,0,mixture/5.0/5/5/12
5.0,5,12,0,1000,200,5,constant,ratio-half,0.039999999999999925,2,0,0,mixture/5.0/5/5/12
5.0,5,12,0,1000,200,5,constant,asw-pam,,2,0,0,mixture/5.0/5/5/12
5.0,5,12,0,1000,200,5,constant,asw-average,,2,0,0,mixture/5.0/5/5/12
5.0,5,13,0,1000,200,5,constant,stated,0.5395907397331495,1,0,0,mixture/5.0/5/5/13
5.0,5,13,0,1000,200,5,constant,geomean,0.037148351242013405,5,1,0,mixture/5.0/5/5/13
5.0,5,13,0,1000,200,5,constant,ratio,0.041999999999999926,2,0,0,mixture/5.0/5/5/13
5.0,5,13,0,1000,200,5,constant,ratio-half,0.041999999999999926,2,0,0,mixture/5.0/5/5/13
5.0,5,13,0,1000,200,5,constant,asw-pam,,2,0,0,mixture/5.0/5/5/13
5.0,5,13,0,1000,200,5,constant,asw-average,,2,0,0,mixture/5.0/5/5/13
5.0,5,14,0,1000,200,5,constant,stated,0.5395907397331495,1,0,0,mixture/5.0/5/5/14
5.0,5,14,0,1000,200,5,constant,geomean,0.03666060555964669,4,0,0,mixture/5.0/5/5/14
5.0,5,14,0,1000,200,5,constant,ratio,0.026000000000000023,196,0,0,mixture/5.0/5/5/14
5.0,5,14,0,1000,200,5,constant,ratio-half,0.03200000000000003,23,0,0,mixture/5.0/5/5/14
5.0,5,14,0,1000,200,5,constant,asw-pam,,5,1,0,mixture/5.0/5/5/14
5.0,5,14,0,1000,200,5,constant,asw-average,,3,0,0,mixture/5.0/5/5/14
5.0,5,15,0,1000,200,5,constant,stated,0.5395907397331495,1,0,0,mixture/5.0/5/5/15
5.0,5,15,0,1000,200,5,constant,geomean,0.03633180424916989,6,0,0,mixture/5.0/5/5/15
5.0,5,15,0,1000,200,5,constant,ratio,0.039999999999999925,2,0,0,mixture/5.0/5/5/15
5.0,5,15,0,1000,200,5,constant,ratio-half,0.039999999999999925,2,0,0,mixture/5.0/5/5/15
5.0,5,15,0,1000,200,5,constant,asw-pam,,2,0,0,mixture/5.0/5/5/15
5.0,5,15,0,1000,200,5,constant,asw-average,,2,0,0,mixture/5.0/5/5/15
5.0,5,16,0,1000,200,5,constant,stated,0.5395907397331495,1,0,0,mixture/5.0/5/5/16
5.0,5,16,0,1000,200,5,constant,geomean,0.04800000000000001,5,1,1,mixture/5.0/5/5/16
5.0,5,16,0,1000,200,5,constant,ratio,0.040000000000000036,5,1,1,mixture/5.0/5/5/16
5.0,5,16,0,1000,200,5,constant,ratio-half,0.040000000000000036,5,1,1,mixture/5.0/5/5/16
5.0,5,16,0,1000,200,5,constant,asw-pam,,5,1,1,mixture/5.0/5/5/16
5.0,5,16,0,1000,200,5,constant,asw-average,,5,1,1,mixture/5.0/5/5/16
5.0,5,17,0,1000,200,5,constant,stated,0.5395907397331495,1,0,0,mixture/5.0/5/5/17
5.0,5,17,0,1000,200,5,constant,geomean,0.037148351242013405,6,0,0,mixture/5.0/5/5/17
5.0,5,17,0,1000,200,5,constant,ratio,0.040000000000000036,3,0,0,mixture/5.0/5/5/17
5.0,5,17,0,1000,200,5,constant,ratio-half,0.040000000000000036,3,0,0,mixture/5.0/5/5/17
5.0,5,17,0,1000,200,5,constant,asw-pam,,5,1,0,mixture/5.0/5/5/17
5.0,5,17,0,1000,200,5,constant,asw-average,,2,0,0,mixture/5.0/5/5/17
5.0,5,18,0,1000,200,5,constant,stated,0.5395907397331495,1,0,0,mixture/5.0/5/5/18
5.0,5,18,0,1000,200,5,constant,geomean,0.03949683531626299,3,0,0,mixture/5.0/5/5/18
5.0,5,18,0,1000,200,5,constant,ratio,0.040000000000000036,2,0,0,mixture/5.0/5/5/18
5.0,5,18,0,1000,200,5,constant,ratio-half,0.040000000000000036,2,0,0,mixture/5.0/5/5/18
5.0,5,18,0,1000,200,5,constant,asw-pam,,2,0,0,mixture/5.0/5/5/18
5.0,5,18,0,1000,200,5,constant,asw-average,,8,0,0,mixture/5.0/5/5/18
5.0,5,19,0,1000,200,5,constant,stated,0.5395907397331495,1,0,0,mixture/5.0/5/5/19
5.0,5,19,0,1000,200,5,constant,geomean,0.037947331922020586,5,1,0,mixture/5.0/5/5/19
5.0,5,19,0,1000,200,5,constant,ratio,0.039999999999999925,3,0,0,mixture/5.0/5/5/19
5.0,5,19,0,1000,200,5,constant,ratio-half,0.039999999999999925,3,0,0,mixture/5.0/5/5/19
5.0,5,19,0,1000,200,5,constant,asw-pam,,4,0,0,mixture/5.0/5/5/19
5.0,5,19,0,1000,200,5,constant,asw-average,,2,0,0,mixture/5.0/5/5/19
5.0,6,0,0,1000,200,5,constant,stated,0.5395907397331495,1,0,0,mixture/5.0/6/5/0
5.0,6,0,0,1000,200,5,constant,geomean,0.037148351242013405,9,0,0,mixture/5.0/6/5/0
5.0,6,0,0,1000,200,5,constant,ratio,0.04200000000000004,2,0,0,mixture/5.0/6/5/0
5.0,6,0,0,1000,200,5,constant,ratio-half,0.04200000000000004,2,0,0,mixture/5.0/6/5/0
5.0,6,0,0,1000,200,5,constant,asw-pam,,6,1,0,mixture/5.0/6/5/0
5.0,6,0,0,1000,200,5,constant,asw-average,,2,0,0,mixture/5.0/6/5/0
5.0,6,1,0,1000,200,5,constant,stated,0.5395907397331495,1,0,0,mixture/5.0/6/5/1
5.0,6,1,0,1000,200,5,constant,geomean,0.03633180424916989,7,0,0,mixture/5.0/6/5/1
5.0,6,1,0,1000,200,5,constant,ratio,0.026000000000000023,195,0,0,mixture/5.0/6/5/1
5.0,6,1,0,1000,200,5,constant,ratio-half,0.030000000000000027,80,0,0,mixture/5.0/6/5/1
5.0,6,1,0,1000,200,5,constant,asw-pam,,4,0,0,mixture/5.0/6/5/1
5.0,6,1,0,1000,200,5,constant,asw-average,,2,0,0,mixture/5.0/6/5/1
5.0,6,2,0,1000,200,5,constant,stated,0.5395907397331495,1,0,0,mixture/5.0/6/5/2
5.0,6,2,0,1000,200,5,constant,geomean,0.037947331922020544,6,1,1,mixture/5.0/6/5/2
5.0,6,2,0,1000,200,5,constant,ratio,0.03599999999999992,6,1,1,mixture/5.0/6/5/2
5.0,6,2,0,1000,200,5,constant,ratio-half,0.03599999999999992,6,1,1,mixture/5.0/6/5/2
5.0,6,2,0,1000,200,5,constant,asw-pam,,5,0,0,mixture/5.0/6/5/2
5.0,6,2,0,1000,200,5,constant,asw-average,,3,0,0,mixture/5.0/6/5/2
5.0,6,3,0,1000,200,5,constant,stated,0.5395907397331495,1,0,0,mixture/5.0/6/5/3
5.0,6,3,0,1000,200,5,constant,geomean,0.03919183588453077,5,0,0,mixture/5.0/6/5/3
5.0,6,3,0,1000,200,5,constant,ratio,0.038000000000000034,5,0,0,mixture/5.0/6/5/3
5.0,6,3,0,1000,200,5,constant,ratio-half,0.038000000000000034,5,0,0,mixture/5.0/6/5/3
5.0,6,3,0,1000,200,5,constant,asw-pam,,3,0,0,mixture/5.0/6/5/3
5.0,6,3,0,1000,200,5,constant,asw-average,,4,0,0,mixture/5.0/6/5/3
5.0,6,4,0,1000,200,5,constant,stated,0.5395907397331495,1,0,0,mixture/5.0/6/5/4
5.0,6,4,0,1000,200,5,constant,geomean,0.03949683531626299,2,0,0,mixture/5.0/6/5/4
5.0,6,4,0,1000,200,5,constant,ratio,0.038000000000000034,2,0,0,mixture/5.0/6/5/4
5.0,6,4,0,1000,200,5,constant,ratio-half,0.038000000000000034,2,0,0,mixture/5.0/6/5/4
5.0,6,4,0,1000,200,5,constant,asw-pam,,2,0,0,mixture/5.0/6/5/4
5.0,6,4,0,1000,200,5,constant,asw-average,,2,0,0,mixture/5.0/6/5/4
5.0,6,5,0,1000,200,5,constant,stated,0.5395907397331495,1,0,0,mixture/5.0/6/5/5
5.0,6,5,0,1000,200,5,constant,geomean,0.035777087639996555,16,0,0,mixture/5.0/6/5/5
5.0,6,5,0,1000,200,5,constant,ratio,0.026000000000000023,197,0,0,mixture/5.0/6/5/5
5.0,6,5,0,1000,200,5,constant,ratio-half,0.03200000000000003,55,0,0,mixture/5.0/6/5/5
5.0,6,5,0,1000,200,5,constant,asw-pam,,5,0,0,mixture/5.0/6/5/5
5.0,6,5,0,1000,200,5,constant,asw-average,,2,0,0,mixture/5.0/6/5/5
5.0,6,6,0,1000,200,5,constant,stated,0.5395907397331495,1,0,0,mixture/5.0/6/5/6
5.0,6,6,0,1000,200,5,constant,geomean,0.037523326078587355,8,0,0,mixture/5.0/6/5/6
5.0,6,6,0,1000,200,5,constant,ratio,0.040000000000000036,2,0,0,mixture/5.0/6/5/6
5.0,6,6,0,1000,200,5,constant,ratio-half,0.040000000000000036,2,0,0,mixture/5.0/6/5/6
5.0,6,6,0,1000,200,5,constant,asw-pam,,2,0,0,mixture/5.0/6/5/6
5.0,6,6,0,1000,200,5,constant,asw-average,,2,0,0,mixture/5.0/6/5/6
5.0,6,7,0,1000,200,5,constant,stated,0.5395907397331495,1,0,0,mixture/5.0/6/5/7
5.0,6,7,0,1000,200,5,constant,geomean,0.04156921938165302,3,0,0,mixture/5.0/6/5/7
5.0,6,7,0,1000,200,5,constant,ratio,0.040000000000000036,3,0,0,mixture/5.0/6/5/7
5.0,6,7,0,1000,200,5,constant,ratio-half,0.040000000000000036,3,0,0,mixture/5.0/6/5/7
5.0,6,7,0,1000,200,5,constant,asw-pam,,2,0,0,mixture/5.0/6/5/7
5.0,6,7,0,1000,200,5,constant,asw-average,,2,0,0,mixture/5.0/6/5/7
5.0,6,8,0,1000,200,5,constant,stated,0.5395907397331495,1,0,0,mixture/5.0/6/5/8
5.0,6,8,0,1000,200,5,constant,geomean,0.04079215610874224,6,1,0,mixture/5.0/6/5/8
5.0,6,8,0,1000,200,5,constant,ratio,0.041999999999999926,4,0,0,mixture/5.0/6/5/8
5.0,6,8,0,1000,200,5,constant,ratio-half,0.041999999999999926,4,0,0,mixture/5.0/6/5/8
5.0,6,8,0,1000,200,5,constant,asw-pam,,2,0,0,mixture/5.0/6/5/8
5.0,6,8,0,1000,200,5,constant,asw-average,,4,0,0,mixture/5.0/6/5/8
5.0,6,9,0,1000,200,5,constant,stated,0.5395907397331495,1,0,0,mixture/5.0/6/5/9
5.0,6,9,0,1000,200,5,constant,geomean,0.04156921938165302,2,0,0,mixture/5.0/6/5/9
5.0,6,9,0,1000,200,5,constant,ratio,0.040000000000000036,2,0,0,mixture/5.0/6/5/9
5.0,6,9,0,1000,200,5,constant,ratio-half,0.040000000000000036,2,0,0,mixture/5.0/6/5/9
5.0,6,9,0,1000,200,5,constant,asw-pam,,2,0,0,mixture/5.0/6/5/9
5.0,6,9,0,1000,200,5,constant,asw-average,,2,0,0,mixture/5.0/6/5/9
5.0,6,10,0,1000,200,5,constant,stated,0.5395907397331495,1,0,0,mixture/5.0/6/5/10
5.0,6,10,0,1000,200,5,constant,geomean,0.04233202097703341,4,0,0,mixture/5.0/6/5/10
5.0,6,10,0,1000,200,5,constant,ratio,0.04800000000000004,2,0,0,mixture/5.0/6/5/10
5.0,6,10,0,1000,200,5,constant,ratio-half,0.04800000000000004,2,0,0,mixture/5.0/6/5/10
5.0,6,10,0,1000,200,5,constant,asw-pam,,2,0,0,mixture/5.0/6/5/10
5.0,6,10,0,1000,200,5,constant,asw-average,,2,0,0,mixture/5.0/6/5/10
5.0,6,11,0,1000,200,5,constant,stated,0.5395907397331495,1,0,0,mixture/5.0/6/5/11
5.0,6,11,0,1000,200,5,constant,geomean,0.046647615158762326,3,0,0,mixture/5.0/6/5/11
5.0,6,11,0,1000,200,5,constant,ratio,0.04999999999999993,2,0,0,mixture/5.0/6/5/11
5.0,6,11,0,1000,200,5,constant,ratio-half,0.04999999999999993,2,0,0,mixture/5.0/6/5/11
5.0,6,11,0,1000,200,5,constant,asw-pam,,3,0,0,mixture/5.0/6/5/11
5.0,6,11,0,1000,200,5,constant,asw-average,,2,0,0,mixture/5.0/6/5/11
5.0,6,12,0,1000,200,5,constant,stated,0.5395907397331495,1,0,0,mixture/5.0/6/5/12
5.0,6,12,0,1000,200,5,constant,geomean,0.03872983346207416,8,0,0,mixture/5.0/6/5/12
5.0,6,12,0,1000,200,5,constant,ratio,0.04200000000000004,5,0,0,mixture/5.0/6/5/12
5.0,6,12,0,1000,200,5,constant,ratio-half,0.04200000000000004,5,0,0,mixture/5.0/6/5/12
5.0,6,12,0,1000,200,5,constant,asw-pam,,2,0,0,mixture/5.0/6/5/12
5.0,6,12,0,1000,200,5,constant,asw-average,,2,0,0,mixture/5.0/6/5/12
5.0,6,13,0,1000,200,5,constant,stated,0.5395907397331495,1,0,0,mixture/5.0/6/5/13
5.0,6,13,0,1000,200,5,constant,geomean,0.034641016151377574,4,0,0,mixture/5.0/6/5/13
5.0,6,13,0,1000,200,5,constant,ratio,0.03599999999999992,2,0,0,mixture/5.0/6/5/13
5.0,6,13,0,1000,200,5,constant,ratio-half,0.03599999999999992,2,0,0,mixture/5.0/6/5/13
5.0,6,13,0,1000,200,5,constant,asw-pam,,2,0,0,mixture/5.0/6/5/13
5.0,6,13,0,1000,200,5,constant,asw-average,,2,0,0,mixture/5.0/6/5/13
5.0,6,14,0,1000,200,5,constant,stated,0.5395907397331495,1,0,0,mixture/5.0/6/5/14
5.0,6,14,0,1000,200,5,constant,geomean,0.03633180424916989,4,0,0,mixture/5.0/6/5/14
5.0,6,14,0,1000,200,5,constant,ratio,0.03600000000000003,4,0,0,mixture/5.0/6/5/14
5.0,6,14,0,1000,200,5,constant,ratio-half,0.03600000000000003,4,0,0,mixture/5.0/6/5/14
5.0,6,14,0,1000,200,5,constant,asw-pam,,4,0,0,mixture/5.0/6/5/14
5.0,6,14,0,1000,200,5,constant,asw-average,,2,0,0,mixture/5.0/6/5/14
5.0,6,15,0,1000,200,5,constant,stated,0.5395907397331495,1,0,0,mixture/5.0/6/5/15
5.0,6,15,0,1000,200,5,constant,geomean,0.04156921938165298,4,0,0,mixture/5.0/6/5/15
5.0,6,15,0,1000,200,5,constant,ratio,0.04200000000000004,2,0,0,mixture/5.0/6/5/15
5.0,6,15,0,1000,200,5,constant,ratio-half,0.04200000000000004,2,0,0,mixture/5.0/6/5/15
5.0,6,15,0,1000,200,5,constant,asw-pam,,2,0,0,mixture/5.0/6/5/15
5.0,6,15,0,1000,200,5,constant,asw-average,,2,0,0,mixture/5.0/6/5/15
5.0,6,16,0,1000,200,5,constant,stated,0.5395907397331495,1,0,0,mixture/5.0/6/5/16
5.0,6,16,0,1000,200,5,constant,geomean,0.042426406871192854,3,0,0,mixture/5.0/6/5/16
5.0,6,16,0,1000,200,5,constant,ratio,0.04400000000000004,2,0,0,mixture/5.0/6/5/16
5.0,6,16,0,1000,200,5,constant,ratio-half,0.04400000000000004,2,0,0,mixture/5.0/6/5/16
5.0,6,16,0,1000,200,5,constant,asw-pam,,6,1,0,mixture/5.0/6/5/16
5.0,6,16,0,1000,200,5,constant,asw-average,,2,0,0,mixture/5.0/6/5/16
5.0,6,17,0,1000,200,5,constant,stated,0.5395907397331495,1,0,0,mixture/5.0/6/5/17
5.0,6,17,0,1000,200,5,constant,geomean,0.039999999999999925,5,0,0,mixture/5.0/6/5/17
5.0,6,17,0,1000,200,5,constant,ratio,0.039999999999999925,5,0,0,mixture/5.0/6/5/17
5.0,6,17,0,1000,200,5,constant,ratio-half,0.039999999999999925,5,0,0,mixture/5.0/6/5/17
5.0,6,17,0,1000,200,5,constant,asw-pam,,2,0,0,mixture/5.0/6/5/17
5.0,6,17,0,1000,200,5,constant,asw-average,,2,0,0,mixture/5.0/6/5/17
5.0,6,18,0,1000,200,5,constant,stated,0.5395907397331495,1,0,0,mixture/5.0/6/5/18
5.0,6,18,0,1000,200,5,constant,geomean,0.035496478698597726,13,0,0,mixture/5.0/6/5/18
5.0,6,18,0,1000,200,5,constant,ratio,0.026000000000000023,190,0,0,mixture/5.0/6/5/18
5.0,6,18,0,1000,200,5,constant,ratio-half,0.030000000000000027,64,0,0,mixture/5.0/6/5/18
5.0,6,18,0,1000,200,5,constant,asw-pam,,4,0,0,mixture/5.0/6/5/18
5.0,6,18,0,1000,200,5,constant,asw-average,,2,0,0,mixture/5.0/6/5/18
5.0,6,19,0,1000,200,5,constant,stated,0.5395907397331495,1,0,0,mixture/5.0/6/5/19
5.0,6,19,0,1000,200,5,constant,geomean,0.0407921561087422,4,0,0,mixture/5.0/6/5/19
5.0,6,19,0,1000,200,5,constant,ratio,0.041999999999999926,2,0,0,mixture/5.0/6/5/19
5.0,6,19,0,1000,200,5,constant,ratio-half,0.041999999999999926,2,0,0,mixture/5.0/6/5/19
5.0,6,19,0,1000,200,5,constant,asw-pam,,4,0,0,mixture/5.0/6/5/19
5.0,6,19,0,1000,200,5,constant,asw-average,,4,0,0,mixture/5.0/6/5/19
5.0,7,0,0,1000,200,5,constant,stated,0.5395907397331495,1,0,0,mixture/5.0/7/5/0
5.0,7,0,0,1000,200,5,constant,geomean,0.045166359162544856,6,0,0,mixture/5.0/7/5/0
5.0,7,0,0,1000,200,5,constant,ratio,0.04599999999999993,5,0,0,mixture/5.0/7/5/0
5.0,7,0,0,1000,200,5,constant,ratio-half,0.04599999999999993,5,0,0,mixture/5.0/7/5/0
5.0,7,0,0,1000,200,5,constant,asw-pam,,6,0,0,mixture/5.0/7/5/0
5.0,7,0,0,1000,200,5,constant,asw-average,,6,0,0,mixture/5.0/7/5/0
5.0,7,1,0,1000,200,5,constant,stated,0.5395907397331495,1,0,0,mixture/5.0/7/5/1
5.0,7,1,0,1000,200,5,constant,geomean,0.04156921938165298,7,1,0,mixture/5.0/7/5/1
5.0,7,1,0,1000,200,5,constant,ratio,0.04800000000000004,2,0,0,mixture/5.0/7/5/1
5.0,7,1,0,1000,200,5,constant,ratio-half,0.04800000000000004,2,0,0,mixture/5.0/7/5/1
5.0,7,1,0,1000,200,5,constant,asw-pam,,3,0,0,mixture/5.0/7/5/1
5.0,7,1,0,1000,200,5,constant,asw-average,,2,0,0,mixture/5.0/7/5/1
5.0,7,2,0,1000,200,5,constant,stated,0.5395907397331495,1,0,0,mixture/5.0/7/5/2
5.0,7,2,0,1000,200,5,constant,geomean,0.04454211490264014,4,0,0,mixture/5.0/7/5/2
5.0,7,2,0,1000,200,5,constant,ratio,0.04800000000000004,2,0,0,mixture/5.0/7/5/2
5.0,7,2,0,1000,200,5,constant,ratio-half,0.04800000000000004,2,0,0,mixture/5.0/7/5/2
5.0,7,2,0,1000,200,5,constant,asw-pam,,2,0,0,mixture/5.0/7/5/2
5.0,7,2,0,1000,200,5,constant,asw-average,,3,0,0,mixture/5.0/7/5/2
5.0,7,3,0,1000,200,5,constant,stated,0.5395907397331495,1,0,0,mixture/5.0/7/5/3
5.0,7,3,0,1000,200,5,constant,geomean,0.040249223594996254,4,0,0,mixture/5.0/7/5/3
5.0,7,3,0,1000,200,5,constant,ratio,0.041999999999999926,3,0,0,mixture/5.0/7/5/3
5.0,7,3,0,1000,200,5,constant,ratio-half,0.041999999999999926,3,0,0,mixture/5.0/7/5/3
5.0,7,3,0,1000,200,5,constant,asw-pam,,3,0,0,mixture/5.0/7/5/3
5.0,7,3,0,1000,200,5,constant,asw-average,,2,0,0,mixture/5.0/7/5/3
5.0,7,4,0,1000,200,5,constant,stated,0.5395907397331495,1,0,0,mixture/5.0/7/5/4
5.0,7,4,0,1000,200,5,constant,geomean,0.0375233260785874,6,0,0,mixture/5.0/7/5/4
5.0,7,4,0,1000,200,5,constant,ratio,0.03600000000000003,6,0,0,mixture/5.0/7/5/4
5.0,7,4,0,1000,200,5,constant,ratio-half,0.03600000000000003,6,0,0,mixture/5.0/7/5/4
5.0,7,4,0,1000,200,5,constant,asw-pam,,2,0,0,mixture/5.0/7/5/4
5.0,7,4,0,1000,200,5,constant,asw-average,,3,0,0,mixture/5.0/7/5/4
5.0,7,5,0,1000,200,5,constant,stated,0.5395907397331495,1,0,0,mixture/5.0/7/5/5
5.0,7,5,0,1000,200,5,constant,geomean,0.035496478698597685,12,0,0,mixture/5.0/7/5/5
5.0,7,5,0,1000,200,5,constant,ratio,0.02200000000000002,199,0,0,mixture/5.0/7/5/5
5.0,7,5,0,1000,200,5,constant,ratio-half,0.03799999999999992,2,0,0,mixture/5.0/7/5/5
5.0,7,5,0,1000,200,5,constant,asw-pam,,7,1,0,mixture/5.0/7/5/5
5.0,7,5,0,1000,200,5,constant,asw-average,,9,0,0,mixture/5.0/7/5/5
5.0,7,6,0,1000,200,5,constant,stated,0.5395907397331495,1,0,0,mixture/5.0/7/5/6
5.0,7,6,0,1000,200,5,constant,geomean,0.038366652186501676,9,0,0,mixture/5.0/7/5/6
5.0,7,6,0,1000,200,5,constant,ratio,0.026000000000000023,196,0,0,mixture/5.0/7/5/6
5.0,7,6,0,1000,200,5,constant,ratio-half,0.03200000000000003,66,0,0,mixture/5.0/7/5/6
5.0,7,6,0,1000,200,5,constant,asw-pam,,7,1,0,mixture/5.0/7/5/6
5.0,7,6,0,1000,200,5,constant,asw-average,,3,0,0,mixture/5.0/7/5/6
5.0,7,7,0,1000,200,5,constant,stated,0.5395907397331495,1,0,0,mixture/5.0/7/5/7
5.0,7,7,0,1000,200,5,constant,geomean,0.037148351242013454,7,1,1,mixture/5.0/7/5/7
5.0,7,7,0,1000,200,5,constant,ratio,0.03600000000000003,7,1,1,mixture/5.0/7/5/7
5.0,7,7,0,1000,200,5,constant,ratio-half,0.03600000000000003,7,1,1,mixture/5.0/7/5/7
5.0,7,7,0,1000,200,5,constant,asw-pam,,2,0,0,mixture/5.0/7/5/7
5.0,7,7,0,1000,200,5,constant,asw-average,,2,0,0,mixture/5.0/7/5/7
5.0,7,8,0,1000,200,5,constant,stated,0.5395907397331495,1,0,0,mixture/5.0/7/5/8
5.0,7,8,0,1000,200,5,constant,geomean,0.040249223594996206,2,0,0,mixture/5.0/7/5/8
5.0,7,8,0,1000,200,5,constant,ratio,0.038000000000000034,2,0,0,mixture/5.0/7/5/8
5.0,7,8,0,1000,200,5,constant,ratio-half,0.038000000000000034,2,0,0,mixture/5.0/7/5/8
5.0,7,8,0,1000,200,5,constant,asw-pam,,2,0,0,mixture/5.0/7/5/8
5.0,7,8,0,1000,200,5,constant,asw-average,,2,0,0,mixture/5.0/7/5/8
5.0,7,9,0,1000,200,5,constant,stated,0.5395907397331495,1,0,0,mixture/5.0/7/5/9
5.0,7,9,0,1000,200,5,constant,geomean,0.04454211490264018,6,0,0,mixture/5.0/7/5/9
5.0,7,9,0,1000,200,5,constant,ratio,0.04800000000000004,3,0,0,mixture/5.0/7/5/9
5.0,7,9,0,1000,200,5,constant,ratio-half,0.04800000000000004,3,0,0,mixture/5.0/7/5/9
5.0,7,9,0,1000,200,5,constant,asw-pam,,9,0,0,mixture/5.0/7/5/9
5.0,7,9,0,1000,200,5,constant,asw-average,,2,0,0,mixture/5.0/7/5/9
5.0,7,10,0,1000,200,5,constant,stated,0.5395907397331495,1,0,0,mixture/5.0/7/5/10
5.0,7,10,0,1000,200,5,constant,geomean,0.0407921561087422,4,0,0,mixture/5.0/7/5/10
5.0,7,10,0,1000,200,5,constant,ratio,0.040000000000000036,4,0,0,mixture/5.0/7/5/10
5.0,7,10,0,1000,200,5,constant,ratio-half,0.040000000000000036,4,0,0,mixture/5.0/7/5/10
5.0,7,10,0,1000,200,5,constant,asw-pam,,5,0,0,mixture/5.0/7/5/10
5.0,7,10,0,1000,200,5,constant,asw-average,,3,0,0,mixture/5.0/7/5/10
5.0,7,11,0,1000,200,5,constant,stated,0.5395907397331495,1,0,0,mixture/5.0/7/5/11
5.0,7,11,0,1000,200,5,constant,geomean,0.04454211490264021,4,0,0,mixture/5.0/7/5/11
5.0,7,11,0,1000,200,5,constant,ratio,0.040000000000000036,4,0,0,mixture/5.0/7/5/11
5.0,7,11,0,1000,200,5,constant,ratio-half,0.040000000000000036,4,0,0,mixture/5.0/7/5/11
5.0,7,11,0,1000,200,5,constant,asw-pam,,3,0,0,mixture/5.0/7/5/11
5.0,7,11,0,1000,200,5,constant,asw-average,,2,0,0,mixture/5.0/7/5/11
5.0,7,12,0,1000,200,5,constant,stated,0.5395907397331495,1,0,0,mixture/5.0/7/5/12
5.0,7,12,0,1000,200,5,constant,geomean,0.045956501172304154,4,0,0,mixture/5.0/7/5/12
5.0,7,12,0,1000,200,5,constant,ratio,0.04600000000000004,2,0,0,mixture/5.0/7/5/12
5.0,7,12,0,1000,200,5,constant,ratio-half,0.04600000000000004,2,0,0,mixture/5.0/7/5/12
5.0,7,12,0,1000,200,5,constant,asw-pam,,3,0,0,mixture/5.0/7/5/12
5.0,7,12,0,1000,200,5,constant,asw-average,,2,0,0,mixture/5.0/7/5/12
5.0,7,13,0,1000,200,5,constant,stated,0.5395907397331495,1,0,0,mixture/5.0/7/5/13
5.0,7,13,0,1000,200,5,constant,geomean,0.03666060555964669,9,0,0,mixture/5.0/7/5/13
5.0,7,13,0,1000,200,5,constant,ratio,0.028000000000000025,192,0,0,mixture/5.0/7/5/13
5.0,7,13,0,1000,200,5,constant,ratio-half,0.03200000000000003,62,0,0,mixture/5.0/7/5/13
5.0,7,13,0,1000,200,5,constant,asw-pam,,5,0,0,mixture/5.0/7/5/13
5.0,7,13,0,1000,200,5,constant,asw-average,,6,0,0,mixture/5.0/7/5/13
5.0,7,14,0,1000,200,5,constant,stated,0.5395907397331495,1,0,0,mixture/5.0/7/5/14
5.0,7,14,0,1000,200,5,constant,geomean,0.04079215610874224,7,1,0,mixture/5.0/7/5/14
5.0,7,14,0,1000,200,5,constant,ratio,0.04200000000000004,5,0,0,mixture/5.0/7/5/14
5.0,7,14,0,1000,200,5,constant,ratio-half,0.04200000000000004,5,0,0,mixture/5.0/7/5/14
5.0,7,14,0,1000,200,5,constant,asw-pam,,6,0,0,mixture/5.0/7/5/14
5.0,7,14,0,1000,200,5,constant,asw-average,,2,0,0,mixture/5.0/7/5/14
5.0,7,15,0,1000,200,5,constant,stated,0.5395907397331495,1,0,0,mixture/5.0/7/5/15
5.0,7,15,0,1000,200,5,constant,geomean,0.03919183588453077,4,0,0,mixture/5.0/7/5/15
5.0,7,15,0,1000,200,5,constant,ratio,0.040000000000000036,3,0,0,mixture/5.0/7/5/15
5.0,7,15,0,1000,200,5,constant,ratio-half,0.040000000000000036,3,0,0,mixture/5.0/7/5/15
5.0,7,15,0,1000,200,5,constant,asw-pam,,3,0,0,mixture/5.0/7/5/15
5.0,7,15,0,1000,200,5,constant,asw-average,,2,0,0,mixture/5.0/7/5/15
5.0,7,16,0,1000,200,5,constant,stated,0.5395907397331495,1,0,0,mixture/5.0/7/5/16
5.0,7,16,0,1000,200,5,constant,geomean,0.040000000000000036,3,0,0,mixture/5.0/7/5/16
5.0,7,16,0,1000,200,5,constant,ratio,0.041999999999999926,2,0,0,mixture/5.0/7/5/16
5.0,7,16,0,1000,200,5,constant,ratio-half,0.041999999999999926,2,0,0,mixture/5.0/7/5/16
5.0,7,16,0,1000,200,5,constant,asw-pam,,2,0,0,mixture/5.0/7/5/16
5.0,7,16,0,1000,200,5,constant,asw-average,,2,0,0,mixture/5.0/7/5/16
5.0,7,17,0,1000,200,5,constant,stated,0.5395907397331495,1,0,0,mixture/5.0/7/5/17
5.0,7,17,0,1000,200,5,constant,geomean,0.03919183588453082,4,0,0,mixture/5.0/7/5/17
5.0,7,17,0,1000,200,5,constant,ratio,0.04200000000000004,2,0,0,mixture/5.0/7/5/17
5.0,7,17,0,1000,200,5,constant,ratio-half,0.04200000000000004,2,0,0,mixture/5.0/7/5/17
5.0,7,17,0,1000,200,5,constant,asw-pam,,5,0,0,mixture/5.0/7/5/17
5.0,7,17,0,1000,200,5,constant,asw-average,,2,0,0,mixture/5.0/7/5/17
5.0,7,18,0,1000,200,5,constant,stated,0.5395907397331495,1,0,0,mixture/5.0/7/5/18
5.0,7,18,0,1000,200,5,constant,geomean,0.039999999999999925,5,0,0,mixture/5.0/7/5/18
5.0,7,18,0,1000,200,5,constant,ratio,0.040000000000000036,3,0,0,mixture/5.0/7/5/18
5.0,7,18,0,1000,200,5,constant,ratio-half,0.040000000000000036,3,0,0,mixture/5.0/7/5/18
5.0,7,18,0,1000,200,5,constant,asw-pam,,7,1,0,mixture/5.0/7/5/18
5.0,7,18,0,1000,200,5,constant,asw-average,,2,0,0,mixture/5.0/7/5/18
5.0,7,19,0,1000,200,5,constant,stated,0.5395907397331495,1,0,0,mixture/5.0/7/5/19
5.0,7,19,0,1000,200,5,constant,geomean,0.03919183588453077,3,0,0,mixture/5.0/7/5/19
5.0,7,19,0,1000,200,5,constant,ratio,0.038000000000000034,3,0,0,mixture/5.0/7/5/19
5.0,7,19,0,1000,200,5,constant,ratio-half,0.038000000000000034,3,0,0,mixture/5.0/7/5/19
5.0,7,19,0,1000,200,5,constant,asw-pam,,2,0,0,mixture/5.0/7/5/19
5.0,7,19,0,1000,200,5,constant,asw-average,,2,0,0,mixture/5.0/7/5/19
5.0,8,0,0,1000,200,5,constant,stated,0.5395907397331495,1,0,0,mixture/5.0/8/5/0
5.0,8,0,0,1000,200,5,constant,geomean,0.040792156108742275,5,0,0,mixture/5.0/8/5/0
5.0,8,0,0,1000,200,5,constant,ratio,0.04399999999999993,2,0,0,mixture/5.0/8/5/0
5.0,8,0,0,1000,200,5,constant,ratio-half,0.04399999999999993,2,0,0,mixture/5.0/8/5/0
5.0,8,0,0,1000,200,5,constant,asw-pam,,5,0,0,mixture/5.0/8/5/0
5.0,8,0,0,1000,200,5,constant,asw-average,,2,0,0,mixture/5.0/8/5/0
5.0,8,1,0,1000,200,5,constant,stated,0.5395907397331495,1,0,0,mixture/5.0/8/5/1
5.0,8,1,0,1000,200,5,constant,geomean,0.03919183588453084,7,0,0,mixture/5.0/8/5/1
5.0,8,1,0,1000,200,5,constant,ratio,0.041999999999999926,3,0,0,mixture/5.0/8/5/1
5.0,8,1,0,1000,200,5,constant,ratio-half,0.041999999999999926,3,0,0,mixture/5.0/8/5/1
5.0,8,1,0,1000,200,5,constant,asw-pam,,8,1,0,mixture/5.0/8/5/1
5.0,8,1,0,1000,200,5,constant,asw-average,,2,0,0,mixture/5.0/8/5/1
5.0,8,2,0,1000,200,5,constant,stated,0.5395907397331495,1,0,0,mixture/5.0/8/5/2
5.0,8,2,0,1000,200,5,constant,geomean,0.037947331922020544,10,0,0,mixture/5.0/8/5/2
5.0,8,2,0,1000,200,5,constant,ratio,0.040000000000000036,6,0,0,mixture/5.0/8/5/2
5.0,8,2,0,1000,200,5,constant,ratio-half,0.040000000000000036,6,0,0,mixture/5.0/8/5/2
5.0,8,2,0,1000,200,5,constant,asw-pam,,6,0,0,mixture/5.0/8/5/2
5.0,8,2,0,1000,200,5,constant,asw-average,,2,0,0,mixture/5.0/8/5/2
5.0,8,3,0,1000,200,5,constant,stated,0.5395907397331495,1,0,0,mixture/5.0/8/5/3
5.0,8,3,0,1000,200,5,constant,geomean,0.040249223594996206,5,0,0,mixture/5.0/8/5/3
5.0,8,3,0,1000,200,5,constant,ratio,0.04200000000000004,4,0,0,mixture/5.0/8/5/3
5.0,8,3,0,1000,200,5,constant,ratio-half,0.04200000000000004,4,0,0,mixture/5.0/8/5/3
5.0,8,3,0,1000,200,5,constant,asw-pam,,7,0,0,mixture/5.0/8/5/3
5.0,8,3,0,1000,200,5,constant,asw-average,,2,0,0,mixture/5.0/8/5/3
5.0,8,4,0,1000,200,5,constant,stated,0.5395907397331495,1,0,0,mixture/5.0/8/5/4
5.0,8,4,0,1000,200,5,constant,geomean,0.040792156108742275,6,0,0,mixture/5.0/8/5/4
5.0,8,4,0,1000,200,5,constant,ratio,0.04200000000000004,4,0,0,mixture/5.0/8/5/4
5.0,8,4,0,1000,200,5,constant,ratio-half,0.04200000000000004,4,0,0,mixture/5.0/8/5/4
5.0,8,4,0,1000,200,5,constant,asw-pam,,5,0,0,mixture/5.0/8/5/4
5.0,8,4,0,1000,200,5,constant,asw-average,,2,0,0,mixture/5.0/8/5/4
5.0,8,5,0,1000,200,5,constant,stated,0.5395907397331495,1,0,0,mixture/5.0/8/5/5
5.0,8,5,0,1000,200,5,constant,geomean,0.038366652186501725,7,0,0,mixture/5.0/8/5/5
5.0,8,5,0,1000,200,5,constant,ratio,0.040000000000000036,5,0,0,mixture/5.0/8/5/5
5.0,8,5,0,1000,200,5,constant,ratio-half,0.040000000000000036,5,0,0,mixture/5.0/8/5/5
5.0,8,5,0,1000,200,5,constant,asw-pam,,3,0,0,mixture/5.0/8/5/5
5.0,8,5,0,1000,200,5,constant,asw-average,,2,0,0,mixture/5.0/8/5/5
5.0,8,6,0,1000,200,5,constant,stated,0.5395907397331495,1,0,0,mixture/5.0/8/5/6
5.0,8,6,0,1000,200,5,constant,geomean,0.038366652186501676,7,0,0,mixture/5.0/8/5/6
5.0,8,6,0,1000,200,5,constant,ratio,0.026000000000000023,197,0,0,mixture/5.0/8/5/6
5.0,8,6,0,1000,200,5,constant,ratio-half,0.03200000000000003,55,0,0,mixture/5.0/8/5/6
5.0,8,6,0,1000,200,5,constant,asw-pam,,6,0,0,mixture/5.0/8/5/6
5.0,8,6,0,1000,200,5,constant,asw-average,,2,0,0,mixture/5.0/8/5/6
5.0,8,7,0,1000,200,5,constant,stated,0.5395907397331495,1,0,0,mixture/5.0/8/5/7
5.0,8,7,0,1000,200,5,constant,geomean,0.04156921938165298,6,0,0,mixture/5.0/8/5/7
5.0,8,7,0,1000,200,5,constant,ratio,0.02400000000000002,198,0,0,mixture/5.0/8/5/7
5.0,8,7,0,1000,200,5,constant,ratio-half,0.04799999999999993,2,0,0,mixture/5.0/8/5/7
5.0,8,7,0,1000,200,5,constant,asw-pam,,2,0,0,mixture/5.0/8/5/7
5.0,8,7,0,1000,200,5,constant,asw-average,,2,0,0,mixture/5.0/8/5/7
5.0,8,8,0,1000,200,5,constant,stated,0.5395907397331495,1,0,0,mixture/5.0/8/5/8
5.0,8,8,0,1000,200,5,constant,geomean,0.043817804600413256,3,0,0,mixture/5.0/8/5/8
5.0,8,8,0,1000,200,5,constant,ratio,0.04599999999999993,2,0,0,mixture/5.0/8/5/8
5.0,8,8,0,1000,200,5,constant,ratio-half,0.04599999999999993,2,0,0,mixture/5.0/8/5/8
5.0,8,8,0,1000,200,5,constant,asw-pam,,9,0,0,mixture/5.0/8/5/8
5.0,8,8,0,1000,200,5,constant,asw-average,,2,0,0,mixture/5.0/8/5/8
5.0,8,9,0,1000,200,5,constant,stated,0.5395907397331495,1,0,0,mixture/5.0/8/5/9
5.0,8,9,0,1000,200,5,constant,geomean,0.037523326078587355,8,1,0,mixture/5.0/8/5/9
5.0,8,9,0,1000,200,5,constant,ratio,0.028000000000000025,184,0,0,mixture/5.0/8/5/9
5.0,8,9,0,1000,200,5,constant,ratio-half,0.03200000000000003,45,0,0,mixture/5.0/8/5/9
5.0,8,9,0,1000,200,5,constant,asw-pam,,6,0,0,mixture/5.0/8/5/9
5.0,8,9,0,1000,200,5,constant,asw-average,,2,0,0,mixture/5.0/8/5/9
5.0,8,10,0,1000,200,5,constant,stated,0.5395907397331495,1,0,0,mixture/5.0/8/5/10
5.0,8,10,0,1000,200,5,constant,geomean,0.04156921938165305,9,0,0,mixture/5.0/8/5/10
5.0,8,10,0,1000,200,5,constant,ratio,0.04600000000000004,2,0,0,mixture/5.0/8/5/10
5.0,8,10,0,1000,200,5,constant,ratio-half,0.04600000000000004,2,0,0,mixture/5.0/8/5/10
5.0,8,10,0,1000,200,5,constant,asw-pam,,8,1,0,mixture/5.0/8/5/10
5.0,8,10,0,1000,200,5,constant,asw-average,,2,0,0,mixture/5.0/8/5/10
5.0,8,11,0,1000,200,5,constant,stated,0.5395907397331495,1,0,0,mixture/5.0/8/5/11
5.0,8,11,0,1000,200,5,constant,geomean,0.04079215610874224,5,0,0,mixture/5.0/8/5/11
5.0,8,11,0,1000,200,5,constant,ratio,0.04400000000000004,2,0,0,mixture/5.0/8/5/11
5.0,8,11,0,1000,200,5,constant,ratio-half,0.04400000000000004,2,0,0,mixture/5.0/8/5/11
5.0,8,11,0,1000,200,5,constant,asw-pam,,7,0,0,mixture/5.0/8/5/11
5.0,8,11,0,1000,200,5,constant,asw-average,,2,0,0,mixture/5.0/8/5/11
5.0,8,12,0,1000,200,5,constant,stated,0.5395907397331495,1,0,0,mixture/5.0/8/5/12
5.0,8,12,0,1000,200,5,constant,geomean,0.04233202097703337,4,0,0,mixture/5.0/8/5/12
5.0,8,12,0,1000,200,5,constant,ratio,0.04800000000000004,2,0,0,mixture/5.0/8/5/12
5.0,8,12,0,1000,200,5,constant,ratio-half,0.04800000000000004,2,0,0,mixture/5.0/8/5/12
5.0,8,12,0,1000,200,5,constant,asw-pam,,2,0,0,mixture/5.0/8/5/12
5.0,8,12,0,1000,200,5,constant,asw-average,,2,0,0,mixture/5.0/8/5/12
5.0,8,13,0,1000,200,5,constant,stated,0.5395907397331495,1,0,0,mixture/5.0/8/5/13
5.0,8,13,0,1000,200,5,constant,geomean,0.0375233260785874,11,0,0,mixture/5.0/8/5/13
5.0,8,13,0,1000,200,5,constant,ratio,0.040000000000000036,4,0,0,mixture/5.0/8/5/13
5.0,8,13,0,1000,200,5,constant,ratio-half,0.040000000000000036,4,0,0,mixture/5.0/8/5/13
5.0,8,13,0,1000,200,5,constant,asw-pam,,2,0,0,mixture/5.0/8/5/13
5.0,8,13,0,1000,200,5,constant,asw-average,,3,0,0,mixture/5.0/8/5/13
5.0,8,14,0,1000,200,5,constant,stated,0.5395907397331495,1,0,0,mixture/5.0/8/5/14
5.0,8,14,0,1000,200,5,constant,geomean,0.03999999999999999,9,0,0,mixture/5.0/8/5/14
5.0,8,14,0,1000,200,5,constant,ratio,0.04200000000000004,5,0,0,mixture/5.0/8/5/14
5.0,8,14,0,1000,200,5,constant,ratio-half,0.04200000000000004,5,0,0,mixture/5.0/8/5/14
5.0,8,14,0,1000,200,5,constant,asw-pam,,7,0,0,mixture/5.0/8/5/14
5.0,8,14,0,1000,200,5,constant,asw-average,,2,0,0,mixture/5.0/8/5/14
5.0,8,15,0,1000,200,5,constant,stated,0.5395907397331495,1,0,0,mixture/5.0/8/5/15
5.0,8,15,0,1000,200,5,constant,geomean,0.049477267507411854,4,0,0,mixture/5.0/8/5/15
5.0,8,15,0,1000,200,5,constant,ratio,0.050000000000000044,3,0,0,mixture/5.0/8/5/15
5.0,8,15,0,1000,200,5,constant,ratio-half,0.050000000000000044,3,0,0,mixture/5.0/8/5/15
5.0,8,15,0,1000,200,5,constant,asw-pam,,3,0,0,mixture/5.0/8/5/15
5.0,8,15,0,1000,200,5,constant,asw-average,,2,0,0,mixture/5.0/8/5/15
5.0,8,16,0,1000,200,5,constant,stated,0.5395907397331495,1,0,0,mixture/5.0/8/5/16
5.0,8,16,0,1000,200,5,constant,geomean,0.040792156108742275,2,0,0,mixture/5.0/8/5/16
5.0,8,16,0,1000,200,5,constant,ratio,0.039999999999999925,2,0,0,mixture/5.0/8/5/16
5.0,8,16,0,1000,200,5,constant,ratio-half,0.039999999999999925,2,0,0,mixture/5.0/8/5/16
5.0,8,16,0,1000,200,5,constant,asw-pam,,7,0,0,mixture/5.0/8/5/16
5.0,8,16,0,1000,200,5,constant,asw-average,,2,0,0,mixture/5.0/8/5/16
5.0,8,17,0,1000,200,5,constant,stated,0.5395907397331495,1,0,0,mixture/5.0/8/5/17
5.0,8,17,0,1000,200,5,constant,geomean,0.037523326078587424,18,0,0,mixture/5.0/8/5/17
5.0,8,17,0,1000,200,5,constant,ratio,0.026000000000000023,198,0,0,mixture/5.0/8/5/17
5.0,8,17,0,1000,200,5,constant,ratio-half,0.03200000000000003,92,0,0,mixture/5.0/8/5/17
5.0,8,17,0,1000,200,5,constant,asw-pam,,7,0,0,mixture/5.0/8/5/17
5.0,8,17,0,1000,200,5,constant,asw-average,,2,0,0,mixture/5.0/8/5/17
