alpha,K,mixture_id,n,cost_scheme,eta_hat,eta_ci_low,eta_ci_high,separation_status,n_pairs,level,mixture_key
0.1,2,0,400,constant,0.31666666666666643,0.29977602944440634,0.3335573038889265,separated,60,0.95,mixture/0.1/2/5/0
0.1,2,0,1000,constant,0.33210000000000006,0.32261999133537983,0.3415800086646203,separated,60,0.95,mixture/0.1/2/5/0
0.1,2,1,400,constant,1.397416666666667,1.3787374274598692,1.4160959058734646,separated,60,0.95,mixture/0.1/2/5/1
0.1,2,1,1000,constant,1.4193999999999996,1.4065044541466556,1.4322955458533437,separated,60,0.95,mixture/0.1/2/5/1
0.1,2,2,400,constant,1.5457500000000004,1.521248519904457,1.5702514800955436,separated,60,0.95,mixture/0.1/2/5/2
0.1,2,2,1000,constant,1.5602000000000005,1.5445607981943033,1.5758392018056977,separated,60,0.95,mixture/0.1/2/5/2
0.1,2,3,400,constant,1.1827500000000004,1.1010379896481224,1.2644620103518784,separated,60,0.95,mixture/0.1/2/5/3
0.1,2,3,1000,constant,1.2991666666666664,1.2588239703754152,1.3395093629579176,separated,60,0.95,mixture/0.1/2/5/3
0.1,2,4,400,constant,1.887666666666666,1.8589733350406246,1.916359998292707,separated,60,0.95,mixture/0.1/2/5/4
0.1,2,4,1000,constant,1.943133333333332,1.9302954550517837,1.9559712116148802,separated,60,0.95,mixture/0.1/2/5/4
0.1,2,5,400,constant,1.569916666666666,1.5440062925856355,1.5958270407476964,separated,60,0.95,mixture/0.1/2/5/5
0.1,2,5,1000,constant,1.5933666666666666,1.5772383023526144,1.6094950309807188,separated,60,0.95,mixture/0.1/2/5/5
0.1,2,6,400,constant,1.1690833333333335,1.149785687312706,1.188380979353961,separated,60,0.95,mixture/0.1/2/5/6
0.1,2,6,1000,constant,1.1854,1.1739864785432113,1.196813521456789,separated,60,0.95,mixture/0.1/2/5/6
0.1,2,7,400,constant,0.5561666666666667,0.4967136306213453,0.6156197027119881,separated,60,0.95,mixture/0.1/2/5/7
0.1,2,7,1000,constant,0.5876333333333332,0.5538734168382611,0.6213932498284054,separated,60,0.95,mixture/0.1/2/5/7
0.1,2,8,400,constant,0.34991666666666676,0.32809292810400015,0.3717404052293334,separated,60,0.95,mixture/0.1/2/5/8
0.1,2,8,1000,constant,0.3682333333333334,0.35633726908582075,0.3801293975808461,separated,60,0.95,mixture/0.1/2/5/8
0.1,2,9,400,constant,0.8903333333333336,0.7766879467968453,1.003978719869822,separated,60,0.95,mixture/0.1/2/5/9
0.1,2,9,1000,constant,1.0330333333333335,0.9704580883008971,1.0956085783657699,separated,60,0.95,mixture/0.1/2/5/9
0.1,2,10,400,constant,1.5578333333333334,1.532886404612889,1.5827802620537779,separated,60,0.95,mixture/0.1/2/5/10
0.1,2,10,1000,constant,1.5683666666666671,1.5531746601197691,1.5835586732135654,separated,60,0.95,mixture/0.1/2/5/10
0.1,2,11,400,constant,0.2957499999999999,0.28122880614829865,0.31027119385170115,separated,60,0.95,mixture/0.1/2/5/11
0.1,2,11,1000,constant,0.2992666666666668,0.2901064222117862,0.3084269111215474,separated,60,0.95,mixture/0.1/2/5/11
0.1,2,12,400,constant,0.6354166666666667,0.33069320992179096,0.9401401234115426,separated,60,0.95,mixture/0.1/2/5/12
0.1,2,12,1000,constant,0.6978000000000003,0.45459206624115445,0.9410079337588462,separated,60,0.95,mixture/0.1/2/5/12
0.1,2,13,400,constant,0.38916666666666655,0.3462068993900479,0.4321264339432852,separated,60,0.95,mixture/0.1/2/5/13
0.1,2,13,1000,constant,0.4119333333333336,0.3870005709339488,0.4368660957327184,separated,60,0.95,mixture/0.1/2/5/13
0.1,2,14,400,constant,0.5334166666666667,0.5164979110846573,0.5503354222486763,separated,60,0.95,mixture/0.1/2/5/14
0.1,2,14,1000,constant,0.5463666666666667,0.5359905504780722,0.5567427828552611,separated,60,0.95,mixture/0.1/2/5/14
0.1,2,15,400,constant,0.35883333333333334,0.3438314055399797,0.37383526112668697,separated,60,0.95,mixture/0.1/2/5/15
0.1,2,15,1000,constant,0.3698666666666666,0.36031597718176184,0.3794173561515714,separated,60,0.95,mixture/0.1/2/5/15
0.1,2,16,400,constant,0.5915833333333327,0.5573127687144457,0.6258538979522197,separated,60,0.95,mixture/0.1/2/5/16
0.1,2,16,1000,constant,0.6049666666666665,0.584895691257131,0.625037642076202,separated,60,0.95,mixture/0.1/2/5/16
0.1,2,17,400,constant,0.5062499999999998,0.43096086085939767,0.5815391391406018,separated,60,0.95,mixture/0.1/2/5/17
0.1,2,17,1000,constant,0.5383666666666665,0.4938908552631993,0.5828424780701338,separated,60,0.95,mixture/0.1/2/5/17
0.1,2,18,400,constant,0.6835833333333331,0.6680729320015633,0.6990937346651029,separated,60,0.95,mixture/0.1/2/5/18
0.1,2,18,1000,constant,0.6876333333333333,0.6793309623170715,0.6959357043495952,separated,60,0.95,mixture/0.1/2/5/18
0.1,2,19,400,constant,1.4444166666666667,1.4279227617699584,1.4609105715633748,separated,60,0.95,mixture/0.1/2/5/19
0.1,2,19,1000,constant,1.4614999999999991,1.45112742614034,1.4718725738596583,separated,60,0.95,mixture/0.1/2/5/19
0.1,3,0,400,constant,0.4776666666666668,0.4608144477821774,0.49451888555115625,separated,60,0.95,mixture/0.1/3/5/0
0.1,3,0,1000,constant,0.4865666666666664,0.4758874850950386,0.49724584823829426,separated,60,0.95,mixture/0.1/3/5/0
0.1,3,1,400,constant,0.9867499999999996,0.9637160289297444,1.0097839710702547,separated,60,0.95,mixture/0.1/3/5/1
0.1,3,1,1000,constant,0.9975666666666669,0.9855118895875545,1.0096214437457793,separated,60,0.95,mixture/0.1/3/5/1
0.1,3,2,400,constant,1.1184166666666664,1.0764034835653662,1.1604298497679666,separated,60,0.95,mixture/0.1/3/5/2
0.1,3,2,1000,constant,1.161833333333333,1.1316913986614354,1.191975268005231,separated,60,0.95,mixture/0.1/3/5/2
0.1,3,3,400,constant,1.280583333333333,1.2338382704675537,1.3013006119965291,separated,60,0.95,mixture/0.1/3/5/3
0.1,3,3,1000,constant,1.3036333333333336,1.294018866661434,1.3132478000052332,separated,60,0.95,mixture/0.1/3/5/3
0.1,3,4,400,constant,1.3822500000000004,1.3626281139706222,1.4018718860293786,separated,60,0.95,mixture/0.1/3/5/4
0.1,3,4,1000,constant,1.4056666666666664,1.3925612886470415,1.4187720446862913,separated,60,0.95,mixture/0.1/3/5/4
0.1,3,5,400,constant,0.7308333333333333,0.6643395459925896,0.7958871628470352,separated,60,0.95,mixture/0.1/3/5/5
0.1,3,5,1000,constant,0.7836666666666663,0.7510531101929336,0.8162802231403989,separated,60,0.95,mixture/0.1/3/5/5
0.1,3,6,400,constant,0.5048333333333337,0.49406469278891507,0.5156019738777524,separated,60,0.95,mixture/0.1/3/5/6
0.1,3,6,1000,constant,0.5101333333333329,0.5040491254455114,0.5162175412211543,separated,60,0.95,mixture/0.1/3/5/6
0.1,3,7,400,constant,0.5476666666666664,0.49496874567864824,0.6003645876546846,separated,60,0.95,mixture/0.1/3/5/7
0.1,3,7,1000,constant,0.5566333333333333,0.5238538253781161,0.5894128412885505,separated,60,0.95,mixture/0.1/3/5/7
0.1,3,8,400,constant,0.5290833333333335,0.4993665731478111,0.558800093518856,separated,60,0.95,mixture/0.1/3/5/8
0.1,3,8,1000,constant,0.5429333333333336,0.5222528585752995,0.5596907150151542,separated,60,0.95,mixture/0.1/3/5/8
0.1,3,9,400,constant,-0.02300000000000002,-0.041728547866143884,-0.004271452133856157,nonseparated,60,0.95,mixture/0.1/3/5/9
0.1,3,9,1000,constant,-0.007333333333333303,-0.018800215145304888,0.0041335484786382826,uncertain,60,0.95,mixture/0.1/3/5/9
0.1,3,10,400,constant,0.46158333333333335,0.45025501610222035,0.47291165056444634,separated,60,0.95,mixture/0.1/3/5/10
0.1,3,10,1000,constant,0.4702666666666667,0.4629711465342162,0.4775621867991172,separated,60,0.95,mixture/0.1/3/5/10
0.1,3,11,400,constant,0.47675000000000034,0.41911711969938314,0.5343828803006175,separated,60,0.95,mixture/0.1/3/5/11
0.1,3,11,1000,constant,0.5024666666666667,0.47045815992911943,0.534475173404214,separated,60,0.95,mixture/0.1/3/5/11
0.1,3,12,400,constant,0.2210833333333332,0.02401944705996839,0.4181472196066979,separated,60,0.95,mixture/0.1/3/5/12
0.1,3,12,1000,constant,0.35950000000000015,0.24868328714294308,0.47031671285705723,separated,60,0.95,mixture/0.1/3/5/12
0.1,3,13,400,constant,1.0926666666666667,1.0637810059274933,1.1215523274058405,separated,60,0.95,mixture/0.1/3/5/13
0.1,3,13,1000,constant,1.1111333333333326,1.090974651003825,1.13129201566284,separated,60,0.95,mixture/0.1/3/5/13
0.1,3,14,400,constant,-0.26808333333333345,-0.581857175406125,0.045690508739458235,uncertain,60,0.95,mixture/0.1/3/5/14
0.1,3,14,1000,constant,-0.1213333333333334,-0.41659718077928265,0.17393051411261595,uncertain,60,0.95,mixture/0.1/3/5/14
0.1,3,15,400,constant,0.19733333333333325,0.15488381546219032,0.23674178331525153,separated,60,0.95,mixture/0.1/3/5/15
0.1,3,15,1000,constant,0.22596666666666676,0.20671565027953231,0.2452176830538012,separated,60,0.95,mixture/0.1/3/5/15
0.1,3,16,400,constant,0.4524166666666662,0.4402722532270276,0.46456108010630476,separated,60,0.95,mixture/0.1/3/5/16
0.1,3,16,1000,constant,0.45416666666666655,0.4452281202896515,0.46310521304368163,separated,60,0.95,mixture/0.1/3/5/16
0.1,3,17,400,constant,0.4634999999999996,0.4270462384435605,0.49995376155643867,separated,60,0.95,mixture/0.1/3/5/17
0.1,3,17,1000,constant,0.4873666666666664,0.467171957056407,0.5075613762769258,separated,60,0.95,mixture/0.1/3/5/17
0.1,3,18,400,constant,0.5229166666666663,0.19556336734832214,0.791501755940431,separated,60,0.95,mixture/0.1/3/5/18
0.1,3,18,1000,constant,0.46260000000000057,0.2249686347399653,0.6606145592496712,separated,60,0.95,mixture/0.1/3/5/18
0.1,3,19,400,constant,0.10416666666666652,-0.20419298802662533,0.41252632135995837,uncertain,60,0.95,mixture/0.1/3/5/19
0.1,3,19,1000,constant,0.0748000000000002,-0.21227293141450954,0.3505521264064092,uncertain,60,0.95,mixture/0.1/3/5/19
0.1,4,0,400,constant,0.22866666666666668,-0.06922009232362947,0.526553425656963,uncertain,60,0.95,mixture/0.1/4/5/0
0.1,4,0,1000,constant,0.3369000000000003,0.16510462558397176,0.5086953744160289,separated,60,0.95,mixture/0.1/4/5/0
0.1,4,1,400,constant,-0.23858333333333354,-0.26156648469163346,-0.2156001819750336,nonseparated,60,0.95,mixture/0.1/4/5/1
0.1,4,1,1000,constant,-0.22183333333333344,-0.23653585469831911,-0.20713081196834776,nonseparated,60,0.95,mixture/0.1/4/5/1
0.1,4,2,400,constant,0.4613333333333335,0.43477205578371386,0.4878946108829531,separated,60,0.95,mixture/0.1/4/5/2
0.1,4,2,1000,constant,0.4788999999999995,0.4614697710703698,0.4963302289296292,separated,60,0.95,mixture/0.1/4/5/2
0.1,4,3,400,constant,0.09275000000000028,-0.11328999439932697,0.2987899943993276,uncertain,60,0.95,mixture/0.1/4/5/3
0.1,4,3,1000,constant,0.08779999999999993,-0.030359766689195045,0.20595976668919497,uncertain,60,0.95,mixture/0.1/4/5/3
0.1,4,4,400,constant,0.23491666666666633,0.17907138232796516,0.2907619510053675,separated,60,0.95,mixture/0.1/4/5/4
0.1,4,4,1000,constant,0.28159999999999985,0.2451478807179881,0.3180521192820116,separated,60,0.95,mixture/0.1/4/5/4
0.1,4,5,400,constant,0.5600833333333328,0.5345494034147713,0.5856172632518943,separated,60,0.95,mixture/0.1/4/5/5
0.1,4,5,1000,constant,0.5843333333333334,0.5708373559841684,0.5978293106824983,separated,60,0.95,mixture/0.1/4/5/5
0.1,4,6,400,constant,0.34775000000000006,0.3231881423613806,0.3723118576386195,separated,60,0.95,mixture/0.1/4/5/6
0.1,4,6,1000,constant,0.3584666666666666,0.3414573684357458,0.3754759648975874,separated,60,0.95,mixture/0.1/4/5/6
0.1,4,7,400,constant,0.5865,0.5326184453913222,0.6403815546086778,separated,60,0.95,mixture/0.1/4/5/7
0.1,4,7,1000,constant,0.6271333333333333,0.5948485851524092,0.6594180815142574,separated,60,0.95,mixture/0.1/4/5/7
0.1,4,8,400,constant,0.1695000000000001,0.1404462510050809,0.1985537489949193,separated,60,0.95,mixture/0.1/4/5/8
0.1,4,8,1000,constant,0.19876666666666687,0.1825216160723523,0.21501171726098145,separated,60,0.95,mixture/0.1/4/5/8
0.1,4,9,400,constant,0.14716666666666678,0.07721790411718477,0.2171154292161488,separated,60,0.95,mixture/0.1/4/5/9
0.1,4,9,1000,constant,0.16220000000000023,0.11538560021671707,0.2090143997832834,separated,60,0.95,mixture/0.1/4/5/9
0.1,4,10,400,constant,0.25908333333333344,0.23630363812726973,0.28186302853939715,separated,60,0.95,mixture/0.1/4/5/10
0.1,4,10,1000,constant,0.2717000000000004,0.2575735098852354,0.28582649011476535,separated,60,0.95,mixture/0.1/4/5/10
0.1,4,11,400,constant,0.17650000000000066,0.1259046993287085,0.2270953006712928,separated,60,0.95,mixture/0.1/4/5/11
0.1,4,11,1000,constant,0.21833333333333338,0.19351541448859488,0.24315125217807187,separated,60,0.95,mixture/0.1/4/5/11
0.1,4,12,400,constant,-0.03391666666666662,-0.12214037535042402,0.026913773439312172,uncertain,60,0.95,mixture/0.1/4/5/12
0.1,4,12,1000,constant,-0.04730000000000009,-0.08217788647471072,-0.012422113525289463,nonseparated,60,0.95,mixture/0.1/4/5/12
0.1,4,13,400,constant,0.3335833333333334,0.31389705377767085,0.35326961288899594,separated,60,0.95,mixture/0.1/4/5/13
0.1,4,13,1000,constant,0.3410666666666666,0.32840511676456813,0.353728216568765,separated,60,0.95,mixture/0.1/4/5/13
0.1,4,14,400,constant,0.1995,0.12768145986852297,0.27131854013147705,separated,60,0.95,mixture/0.1/4/5/14
0.1,4,14,1000,constant,0.25793333333333346,0.22091434841377688,0.29495231825289003,separated,60,0.95,mixture/0.1/4/5/14
0.1,4,15,400,constant,-0.12208333333333371,-0.1449603576228179,-0.09920630904384953,nonseparated,60,0.95,mixture/0.1/4/5/15
0.1,4,15,1000,constant,-0.10403333333333337,-0.11651063457278937,-0.09155603209387736,nonseparated,60,0.95,mixture/0.1/4/5/15
0.1,4,16,400,constant,-0.43024999999999997,-0.4599781439605387,-0.4005218560394613,nonseparated,60,0.95,mixture/0.1/4/5/16
0.1,4,16,1000,constant,-0.43226666666666674,-0.4509024252531526,-0.4136309080801809,nonseparated,60,0.95,mixture/0.1/4/5/16
0.1,4,17,400,constant,0.22674999999999979,0.21455211904404203,0.23894788095595754,separated,60,0.95,mixture/0.1/4/5/17
0.1,4,17,1000,constant,0.23070000000000002,0.22275389806975165,0.23864610193024838,separated,60,0.95,mixture/0.1/4/5/17
0.1,4,18,400,constant,0.736833333333333,0.7137500336222914,0.7578198501213023,separated,60,0.95,mixture/0.1/4/5/18
0.1,4,18,1000,constant,0.7493333333333339,0.7379417638140116,0.7607249028526561,separated,60,0.95,mixture/0.1/4/5/18
0.1,4,19,400,constant,0.6506666666666665,0.633229700381466,0.668103632951867,separated,60,0.95,mixture/0.1/4/5/19
0.1,4,19,1000,constant,0.6579666666666665,0.6466089833925248,0.6693243499408081,separated,60,0.95,mixture/0.1/4/5/19
0.1,5,0,400,constant,0.2689166666666666,0.24807267414089496,0.28976065919243826,separated,60,0.95,mixture/0.1/5/5/0
0.1,5,0,1000,constant,0.27419999999999994,0.2605596820128637,0.28784031798713616,separated,60,0.95,mixture/0.1/5/5/0
0.1,5,1,400,constant,-0.7625833333333334,-1.2262414934137238,-0.2989251732529429,nonseparated,60,0.95,mixture/0.1/5/5/1
0.1,5,1,1000,constant,-0.8054666666666666,-1.2239619348988597,-0.3869713984344734,nonseparated,60,0.95,mixture/0.1/5/5/1
0.1,5,2,400,constant,0.4884999999999998,0.47047083078123975,0.50652916921876,separated,60,0.95,mixture/0.1/5/5/2
0.1,5,2,1000,constant,0.4950666666666669,0.4854022409314306,0.5047310924019031,separated,60,0.95,mixture/0.1/5/5/2
0.1,5,3,400,constant,0.4337500000000002,0.34660059282294287,0.5208994071770575,separated,60,0.95,mixture/0.1/5/5/3
0.1,5,3,1000,constant,0.47573333333333345,0.4310002342280468,0.5204664324386201,separated,60,0.95,mixture/0.1/5/5/3
0.1,5,4,400,constant,0.07666666666666655,-0.19483304089380615,0.34816637422713925,uncertain,60,0.95,mixture/0.1/5/5/4
0.1,5,4,1000,constant,0.40136666666666637,0.21630077861904806,0.44223950446143895,separated,60,0.95,mixture/0.1/5/5/4
0.1,5,5,400,constant,0.16824999999999968,-0.05268279116531982,0.21631960227369929,uncertain,60,0.95,mixture/0.1/5/5/5
0.1,5,5,1000,constant,0.11260000000000037,0.05463928489231318,0.17056071510768755,separated,60,0.95,mixture/0.1/5/5/5
0.1,5,6,400,constant,0.1751666666666668,0.15597031163277653,0.19436302170055708,separated,60,0.95,mixture/0.1/5/5/6
0.1,5,6,1000,constant,0.1809333333333334,0.16999373374742244,0.19187293291924434,separated,60,0.95,mixture/0.1/5/5/6
0.1,5,7,400,constant,0.20425000000000026,0.17670855385652895,0.23179144614347158,separated,60,0.95,mixture/0.1/5/5/7
0.1,5,7,1000,constant,0.225866666666667,0.20794129907400638,0.24379203425932766,separated,60,0.95,mixture/0.1/5/5/7
0.1,5,8,400,constant,0.12249999999999994,0.08436828076399089,0.16063171923600894,separated,60,0.95,mixture/0.1/5/5/8
0.1,5,8,1000,constant,0.11763333333333381,0.09350847893274644,0.14175818773392118,separated,60,0.95,mixture/0.1/5/5/8
0.1,5,9,400,constant,0.028666666666666507,-0.10294618179295767,0.16027951512629068,uncertain,60,0.95,mixture/0.1/5/5/9
0.1,5,9,1000,constant,0.12716666666666643,0.04574554150931076,0.2085877918240221,separated,60,0.95,mixture/0.1/5/5/9
0.1,5,10,400,constant,-0.061833333333333296,-0.6332951742746303,0.4185334204215705,uncertain,60,0.95,mixture/0.1/5/5/10
0.1,5,10,1000,constant,-0.06513333333333327,-0.5412932050123421,0.3460556752333336,uncertain,60,0.95,mixture/0.1/5/5/10
0.1,5,11,400,constant,-0.020749999999999935,-0.04566750490135402,0.0041675049013542576,uncertain,60,0.95,mixture/0.1/5/5/11
0.1,5,11,1000,constant,-0.002266666666666528,-0.017519172087776202,0.012985838754443146,uncertain,60,0.95,mixture/0.1/5/5/11
0.1,5,12,400,constant,0.24150000000000027,0.04386590512548871,0.37559057611365243,separated,60,0.95,mixture/0.1/5/5/12
0.1,5,12,1000,constant,0.36326666666666657,0.34959578777219347,0.3769375455611397,separated,60,0.95,mixture/0.1/5/5/12
0.1,5,13,400,constant,-0.004166666666666652,-0.04744725388023574,0.039113920546902436,uncertain,60,0.95,mixture/0.1/5/5/13
0.1,5,13,1000,constant,-0.009033333333333338,-0.033226487485341905,0.01515982081867523,uncertain,60,0.95,mixture/0.1/5/5/13
0.1,5,14,400,constant,0.24533333333333363,0.22738987778578373,0.26238189209052437,separated,60,0.95,mixture/0.1/5/5/14
0.1,5,14,1000,constant,0.2491000000000001,0.23828372075519766,0.25991627924480254,separated,60,0.95,mixture/0.1/5/5/14
0.1,5,15,400,constant,0.22250000000000025,0.18634943547597516,0.25865056452402535,separated,60,0.95,mixture/0.1/5/5/15
0.1,5,15,1000,constant,0.25283333333333313,0.2326922264583151,0.27297444020835115,separated,60,0.95,mixture/0.1/5/5/15
0.1,5,16,400,constant,-0.08208333333333373,-0.35432469112118403,0.19015802445451657,uncertain,60,0.95,mixture/0.1/5/5/16
0.1,5,16,1000,constant,-0.004000000000000337,-0.17806675283194973,0.17006675283194905,uncertain,60,0.95,mixture/0.1/5/5/16
0.1,5,17,400,constant,0.04533333333333317,0.004679292827357073,0.08598737383930927,separated,60,0.95,mixture/0.1/5/5/17
0.1,5,17,1000,constant,0.0578333333333334,0.03306027554086949,0.08260639112579732,separated,60,0.95,mixture/0.1/5/5/17
0.1,5,18,400,constant,0.31766666666666654,0.2760353492081039,0.34995444499927497,separated,60,0.95,mixture/0.1/5/5/18
0.1,5,18,1000,constant,0.3344666666666666,0.3217439244784466,0.3471894088548866,separated,60,0.95,mixture/0.1/5/5/18
0.1,5,19,400,constant,0.14050000000000018,0.10855307613858711,0.17244692386141325,separated,60,0.95,mixture/0.1/5/5/19
0.1,5,19,1000,constant,0.15090000000000015,0.13263337484744997,0.16916662515255032,separated,60,0.95,mixture/0.1/5/5/19
0.1,6,0,400,constant,0.38150000000000023,0.3590981067411718,0.40390189325882864,separated,60,0.95,mixture/0.1/6/5/0
0.1,6,0,1000,constant,0.3895333333333334,0.3755822833736057,0.4034843832930611,separated,60,0.95,mixture/0.1/6/5/0
0.1,6,1,400,constant,0.2705833333333333,0.22659091564034084,0.3145757510263258,separated,60,0.95,mixture/0.1/6/5/1
0.1,6,1,1000,constant,0.2866666666666666,0.26018082423244226,0.30330884834310023,separated,60,0.95,mixture/0.1/6/5/1
0.1,6,2,400,constant,0.20833333333333315,0.17117267946441606,0.2316590728820932,separated,60,0.95,mixture/0.1/6/5/2
0.1,6,2,1000,constant,0.21303333333333307,0.19101584607070043,0.2279681255095376,separated,60,0.95,mixture/0.1/6/5/2
0.1,6,3,400,constant,-0.044000000000000095,-0.07602963344192354,-0.01197036655807665,nonseparated,60,0.95,mixture/0.1/6/5/3
0.1,6,3,1000,constant,-0.042966666666666764,-0.05969695291205501,-0.026236380421278516,nonseparated,60,0.95,mixture/0.1/6/5/3
0.1,6,4,400,constant,0.2206666666666668,0.14316106782614724,0.29817226550718634,separated,60,0.95,mixture/0.1/6/5/4
0.1,6,4,1000,constant,0.2773333333333333,0.2480210442212314,0.30664562244543525,separated,60,0.95,mixture/0.1/6/5/4
0.1,6,5,400,constant,0.10849999999999993,0.05055963912466688,0.16644036087533298,separated,60,0.95,mixture/0.1/6/5/5
0.1,6,5,1000,constant,0.12499999999999994,0.08766870773527569,0.16233129226472426,separated,60,0.95,mixture/0.1/6/5/5
0.1,6,6,400,constant,0.1688333333333335,0.1470158936492647,0.1906507730174023,separated,60,0.95,mixture/0.1/6/5/6
0.1,6,6,1000,constant,0.1773666666666669,0.16415141901656682,0.19058191431676696,separated,60,0.95,mixture/0.1/6/5/6
0.1,6,7,400,constant,-0.2000833333333335,-0.298489678504832,-0.10167698816183501,nonseparated,60,0.95,mixture/0.1/6/5/7
0.1,6,7,1000,constant,-0.0975999999999998,-0.15099120613251538,-0.04420879386748422,nonseparated,60,0.95,mixture/0.1/6/5/7
0.1,6,8,400,constant,0.12033333333333363,0.07849703803868535,0.1621696286279819,separated,60,0.95,mixture/0.1/6/5/8
0.1,6,8,1000,constant,0.17373333333333363,0.1463698372315826,0.20109682943508467,separated,60,0.95,mixture/0.1/6/5/8
0.1,6,9,400,constant,0.0591666666666667,-0.2908053344946637,0.2221729944981552,uncertain,60,0.95,mixture/0.1/6/5/9
0.1,6,9,1000,constant,0.19313333333333338,-0.02696335921878512,0.20762038007497596,uncertain,60,0.95,mixture/0.1/6/5/9
0.1,6,10,400,constant,0.1359166666666668,0.12164179836093947,0.15019153497239413,separated,60,0.95,mixture/0.1/6/5/10
0.1,6,10,1000,constant,0.14606666666666646,0.1375586794382,0.15457465389513292,separated,60,0.95,mixture/0.1/6/5/10
0.1,6,11,400,constant,-0.009916666666666796,-0.06267388756254222,0.04284055422920863,uncertain,60,0.95,mixture/0.1/6/5/11
0.1,6,11,1000,constant,0.03336666666666677,-0.0006510528286906014,0.06738438616202413,uncertain,60,0.95,mixture/0.1/6/5/11
0.1,6,12,400,constant,-0.32841666666666675,-0.39796403861155655,-0.25886929472177694,nonseparated,60,0.95,mixture/0.1/6/5/12
0.1,6,12,1000,constant,-0.30306666666666654,-0.34250126765606226,-0.2636320656772708,nonseparated,60,0.95,mixture/0.1/6/5/12
0.1,6,13,400,constant,0.18366666666666653,0.12236820071668952,0.2449651326166435,separated,60,0.95,mixture/0.1/6/5/13
0.1,6,13,1000,constant,0.2214666666666666,0.19857082376101537,0.23474131879909987,separated,60,0.95,mixture/0.1/6/5/13
0.1,6,14,400,constant,0.3732500000000002,0.3184144997998596,0.4280855002001408,separated,60,0.95,mixture/0.1/6/5/14
0.1,6,14,1000,constant,0.42619999999999947,0.3993592115456427,0.45304078845435625,separated,60,0.95,mixture/0.1/6/5/14
0.1,6,15,400,constant,-0.3248333333333335,-0.6649818436655137,0.01531517699884688,uncertain,60,0.95,mixture/0.1/6/5/15
0.1,6,15,1000,constant,-0.3892666666666668,-0.6565967083936612,-0.1219366249396725,nonseparated,60,0.95,mixture/0.1/6/5/15
0.1,6,16,400,constant,-0.2831666666666667,-0.34722840397914867,-0.21910492935418477,nonseparated,60,0.95,mixture/0.1/6/5/16
0.1,6,16,1000,constant,-0.3227333333333333,-0.35595771193860654,-0.2895089547280601,nonseparated,60,0.95,mixture/0.1/6/5/16
0.1,6,17,400,constant,-0.0771666666666666,-0.40193866826302305,0.2273924780683182,uncertain,60,0.95,mixture/0.1/6/5/17
0.1,6,17,1000,constant,-0.02650000000000019,-0.27478467585589106,0.2217846758558908,uncertain,60,0.95,mixture/0.1/6/5/17
0.1,6,18,400,constant,-0.16799999999999987,-0.5142880044586086,-0.012534422292741376,nonseparated,60,0.95,mixture/0.1/6/5/18
0.1,6,18,1000,constant,-0.32619999999999993,-0.3990145423351251,-0.25338545766487475,nonseparated,60,0.95,mixture/0.1/6/5/18
0.1,6,19,400,constant,0.09733333333333372,0.0413717319711272,0.15329493469554023,separated,60,0.95,mixture/0.1/6/5/19
0.1,6,19,1000,constant,0.14413333333333356,0.11435396949436394,0.17391269717230318,separated,60,0.95,mixture/0.1/6/5/19
0.1,7,0,400,constant,-0.21724999999999994,-0.3758972560210493,-0.0586027439789506,nonseparated,60,0.95,mixture/0.1/7/5/0
0.1,7,0,1000,constant,-0.06053333333333333,-0.1476795268400053,-0.025875292177255038,nonseparated,60,0.95,mixture/0.1/7/5/0
0.1,7,1,400,constant,-0.3184999999999999,-0.5196789398942865,-0.14086949037479268,nonseparated,60,0.95,mixture/0.1/7/5/1
0.1,7,1,1000,constant,-0.1499333333333332,-0.2604437581363137,-0.1315455760188866,nonseparated,60,0.95,mixture/0.1/7/5/1
0.1,7,2,400,constant,0.21725000000000005,0.12144227089861848,0.27183872279271537,separated,60,0.95,mixture/0.1/7/5/2
0.1,7,2,1000,constant,0.22769999999999935,0.18846558368334554,0.25415079440872435,separated,60,0.95,mixture/0.1/7/5/2
0.1,7,3,400,constant,0.42908333333333365,0.4092318823930085,0.4489347842736588,separated,60,0.95,mixture/0.1/7/5/3
0.1,7,3,1000,constant,0.43626666666666636,0.42396903953724135,0.44856429379609136,separated,60,0.95,mixture/0.1/7/5/3
0.1,7,4,400,constant,0.05750000000000022,-0.1438703455901701,0.2450397090079951,uncertain,60,0.95,mixture/0.1/7/5/4
0.1,7,4,1000,constant,0.12076666666666636,0.0053351483977581715,0.2335444027835325,separated,60,0.95,mixture/0.1/7/5/4
0.1,7,5,400,constant,-0.21216666666666656,-0.23959183305500548,-0.1847415002783277,nonseparated,60,0.95,mixture/0.1/7/5/5
0.1,7,5,1000,constant,-0.2033333333333332,-0.21953650654979584,-0.18713016011687056,nonseparated,60,0.95,mixture/0.1/7/5/5
0.1,7,6,400,constant,-0.4054166666666667,-0.4595058275406282,-0.3513275057927052,nonseparated,60,0.95,mixture/0.1/7/5/6
0.1,7,6,1000,constant,-0.3987999999999998,-0.43292845732987195,-0.3646715426701277,nonseparated,60,0.95,mixture/0.1/7/5/6
0.1,7,7,400,constant,0.0915833333333329,0.025320640955977858,0.15784602571068795,separated,60,0.95,mixture/0.1/7/5/7
0.1,7,7,1000,constant,0.15123333333333344,0.11110334990489823,0.19136331676176865,separated,60,0.95,mixture/0.1/7/5/7
0.1,7,8,400,constant,-0.09558333333333324,-0.30910531518756534,0.07223700274625178,uncertain,60,0.95,mixture/0.1/7/5/8
0.1,7,8,1000,constant,0.016999999999999793,-0.060098652462046376,0.04413794884324862,uncertain,60,0.95,mixture/0.1/7/5/8
0.1,7,9,400,constant,0.18866666666666676,0.13696422633035454,0.24036910700297892,separated,60,0.95,mixture/0.1/7/5/9
0.1,7,9,1000,constant,0.20960000000000006,0.17852597808670934,0.2406740219132908,separated,60,0.95,mixture/0.1/7/5/9
0.1,7,10,400,constant,-0.5525833333333332,-0.5932345759545257,-0.5119320907121409,nonseparated,60,0.95,mixture/0.1/7/5/10
0.1,7,10,1000,constant,-0.5561999999999996,-0.5818232870636141,-0.5305767129363851,nonseparated,60,0.95,mixture/0.1/7/5/10
0.1,7,11,400,constant,0.027583333333333293,-0.11176464356423088,0.16693131023089747,uncertain,60,0.95,mixture/0.1/7/5/11
0.1,7,11,1000,constant,0.07346666666666646,-0.026071544512966005,0.17300487784629892,uncertain,60,0.95,mixture/0.1/7/5/11
0.1,7,12,400,constant,-0.2005833333333334,-0.4833958940265556,-0.05612383003921839,nonseparated,60,0.95,mixture/0.1/7/5/12
0.1,7,12,1000,constant,-0.26820000000000016,-0.48524449860764574,-0.17601781632592794,nonseparated,60,0.95,mixture/0.1/7/5/12
0.1,7,13,400,constant,0.12741666666666673,0.006410434796958797,0.24842289853637467,separated,60,0.95,mixture/0.1/7/5/13
0.1,7,13,1000,constant,0.15973333333333317,0.0931880337768477,0.22627863288981864,separated,60,0.95,mixture/0.1/7/5/13
0.1,7,14,400,constant,-0.026166666666666782,-0.34503980107485,0.20648639907099586,uncertain,60,0.95,mixture/0.1/7/5/14
0.1,7,14,1000,constant,0.052200000000000135,-0.18426374586995098,0.20270500157000004,uncertain,60,0.95,mixture/0.1/7/5/14
0.1,7,15,400,constant,-0.08733333333333348,-0.1479108385604903,-0.02675582810617666,nonseparated,60,0.95,mixture/0.1/7/5/15
0.1,7,15,1000,constant,-0.07429999999999976,-0.1051581368403095,-0.04344186315969001,nonseparated,60,0.95,mixture/0.1/7/5/15
0.1,7,16,400,constant,0.05758333333333343,-0.010752321595012049,0.1259189882616789,uncertain,60,0.95,mixture/0.1/7/5/16
0.1,7,16,1000,constant,0.08206666666666695,0.040945112412692386,0.12318822092064152,separated,60,0.95,mixture/0.1/7/5/16
0.1,7,17,400,constant,0.09224999999999994,-0.017614158410005354,0.13422675048759303,uncertain,60,0.95,mixture/0.1/7/5/17
0.1,7,17,1000,constant,0.12556666666666683,0.0829241735020757,0.14260470356972377,separated,60,0.95,mixture/0.1/7/5/17
0.1,7,18,400,constant,-0.5139166666666668,-0.5512275286559184,-0.4766058046774153,nonseparated,60,0.95,mixture/0.1/7/5/18
0.1,7,18,1000,constant,-0.49166666666666664,-0.5117718680165673,-0.471561465316766,nonseparated,60,0.95,mixture/0.1/7/5/18
0.1,7,19,400,constant,-0.046916666666666385,-0.2542314095751873,0.007758794252985535,uncertain,60,0.95,mixture/0.1/7/5/19
0.1,7,19,1000,constant,-0.05520000000000003,-0.20139315987005735,0.04591975621001354,uncertain,60,0.95,mixture/0.1/7/5/19
0.1,8,0,400,constant,0.14366666666666672,0.07068428019292794,0.17209138172704785,separated,60,0.95,mixture/0.1/8/5/0
0.1,8,0,1000,constant,0.15329999999999988,0.13442210072956773,0.17217789927043203,separated,60,0.95,mixture/0.1/8/5/0
0.1,8,1,400,constant,-0.26416666666666644,-0.2898433990464029,-0.23848993428693,nonseparated,60,0.95,mixture/0.1/8/5/1
0.1,8,1,1000,constant,-0.24970000000000014,-0.26440306376216005,-0.23499693623784024,nonseparated,60,0.95,mixture/0.1/8/5/1
0.1,8,2,400,constant,-0.015583333333333171,-0.06660445271733245,0.03543778605066611,uncertain,60,0.95,mixture/0.1/8/5/2
0.1,8,2,1000,constant,-0.022599999999999898,-0.045661190315469335,0.0004611903154695396,uncertain,60,0.95,mixture/0.1/8/5/2
0.1,8,3,400,constant,-0.22666666666666646,-0.6937366811497367,0.03701851823743796,uncertain,60,0.95,mixture/0.1/8/5/3
0.1,8,3,1000,constant,-0.13893333333333402,-0.37510918841918994,0.07826977130183255,uncertain,60,0.95,mixture/0.1/8/5/3
0.1,8,4,400,constant,0.0851666666666665,0.025131449546229034,0.10810157862955161,separated,60,0.95,mixture/0.1/8/5/4
0.1,8,4,1000,constant,0.09489999999999998,0.08069693809660172,0.10910306190339825,separated,60,0.95,mixture/0.1/8/5/4
0.1,8,5,400,constant,0.10849999999999971,-0.19517249036888829,0.3377423473911101,uncertain,60,0.95,mixture/0.1/8/5/5
0.1,8,5,1000,constant,0.33353333333333357,0.22625938651499666,0.350929082628585,separated,60,0.95,mixture/0.1/8/5/5
0.1,8,6,400,constant,-0.10424999999999995,-0.3097214686640951,0.04296994717385494,uncertain,60,0.95,mixture/0.1/8/5/6
0.1,8,6,1000,constant,0.0076666666666667105,-0.1391232979738508,0.09137664316493554,uncertain,60,0.95,mixture/0.1/8/5/6
0.1,8,7,400,constant,0.08341666666666653,-0.08026698626434103,0.15651541151532872,uncertain,60,0.95,mixture/0.1/8/5/7
0.1,8,7,1000,constant,0.09783333333333305,0.0494957499599204,0.1364542579330511,separated,60,0.95,mixture/0.1/8/5/7
0.1,8,8,400,constant,0.1751666666666667,0.09900681973501013,0.25132651359832325,separated,60,0.95,mixture/0.1/8/5/8
0.1,8,8,1000,constant,0.2214333333333336,0.1830157030399968,0.2598509636266704,separated,60,0.95,mixture/0.1/8/5/8
0.1,8,9,400,constant,-0.564916666666667,-0.6568763495724794,-0.4729569837608544,nonseparated,60,0.95,mixture/0.1/8/5/9
0.1,8,9,1000,constant,-0.5098666666666667,-0.5829238339676418,-0.43680949936569163,nonseparated,60,0.95,mixture/0.1/8/5/9
0.1,8,10,400,constant,-0.1479166666666668,-0.5321077427786278,0.2362744094452941,uncertain,60,0.95,mixture/0.1/8/5/10
0.1,8,10,1000,constant,-0.07016666666666727,-0.39074140167479765,0.2504080683414631,uncertain,60,0.95,mixture/0.1/8/5/10
0.1,8,11,400,constant,-0.2044999999999998,-0.5227727786806707,0.11377277868067126,uncertain,60,0.95,mixture/0.1/8/5/11
0.1,8,11,1000,constant,-0.15576666666666694,-0.4341553902092803,0.1226220568759464,uncertain,60,0.95,mixture/0.1/8/5/11
0.1,8,12,400,constant,-0.1429166666666669,-0.51200186713205,0.05406512101101246,uncertain,60,0.95,mixture/0.1/8/5/12
0.1,8,12,1000,constant,-0.026933333333333365,-0.25512951119311833,0.058825890049451934,uncertain,60,0.95,mixture/0.1/8/5/12
0.1,8,13,400,constant,-0.11350000000000005,-0.46873123155333524,-0.034096701274198504,nonseparated,60,0.95,mixture/0.1/8/5/13
0.1,8,13,1000,constant,-0.0637999999999998,-0.22163092232543646,-0.03817588814056028,nonseparated,60,0.95,mixture/0.1/8/5/13
0.1,8,14,400,constant,0.02825000000000033,0.0006282987586010425,0.05587170124139962,separated,60,0.95,mixture/0.1/8/5/14
0.1,8,14,1000,constant,0.03490000000000004,0.017656462252059413,0.05214353774794067,separated,60,0.95,mixture/0.1/8/5/14
0.1,8,15,400,constant,0.15416666666666667,0.055474138854523014,0.2514663518489242,separated,60,0.95,mixture/0.1/8/5/15
0.1,8,15,1000,constant,0.22016666666666618,0.15882582072843843,0.28150751260489393,separated,60,0.95,mixture/0.1/8/5/15
0.1,8,16,400,constant,-0.1030833333333333,-0.16963735562759907,-0.036529311039067536,nonseparated,60,0.95,mixture/0.1/8/5/16
0.1,8,16,1000,constant,-0.1043,-0.14577087103068653,-0.06282912896931347,nonseparated,60,0.95,mixture/0.1/8/5/16
0.1,8,17,400,constant,0.15083333333333293,0.086962434904434,0.21470423176223186,separated,60,0.95,mixture/0.1/8/5/17
0.1,8,17,1000,constant,0.18136666666666668,0.14317790483531723,0.21955542849801613,separated,60,0.95,mixture/0.1/8/5/17
0.1,8,18,400,constant,0.0568333333333334,-0.0060956498168707185,0.11976231648353752,uncertain,60,0.95,mixture/0.1/8/5/18
0.1,8,18,1000,constant,0.09239999999999993,0.0554348566472781,0.12936514335272176,separated,60,0.95,mixture/0.1/8/5/18
0.1,8,19,400,constant,0.18474999999999964,0.15840709406443687,0.2110929059355624,separated,60,0.95,mixture/0.1/8/5/19
0.1,8,19,1000,constant,0.20456666666666679,0.18901601707302362,0.22011731626030995,separated,60,0.95,mixture/0.1/8/5/19
0.1,9,0,400,constant,-0.5425833333333334,-1.0542549010677822,-0.05223043060337473,nonseparated,60,0.95,mixture/0.1/9/5/0
0.1,9,0,1000,constant,-0.5531666666666668,-1.0397677176898767,-0.06656561564345698,nonseparated,60,0.95,mixture/0.1/9/5/0
0.1,9,1,400,constant,-0.5859166666666665,-0.606479806867355,-0.565353526465978,nonseparated,60,0.95,mixture/0.1/9/5/1
0.1,9,1,1000,constant,-0.5814666666666669,-0.5915470979885719,-0.571386235344762,nonseparated,60,0.95,mixture/0.1/9/5/1
0.1,9,2,400,constant,-0.48891666666666683,-0.6402250110192994,-0.3376083223140342,nonseparated,60,0.95,mixture/0.1/9/5/2
0.1,9,2,1000,constant,-0.35809999999999986,-0.4508915433484461,-0.26530845665155356,nonseparated,60,0.95,mixture/0.1/9/5/2
0.1,9,3,400,constant,-0.20400000000000007,-0.2855300203637112,-0.12246997963628892,nonseparated,60,0.95,mixture/0.1/9/5/3
0.1,9,3,1000,constant,-0.1838666666666668,-0.22966301108482212,-0.13807032224851146,nonseparated,60,0.95,mixture/0.1/9/5/3
0.1,9,4,400,constant,-0.23716666666666675,-0.42272828482957797,-0.106988364532272,nonseparated,60,0.95,mixture/0.1/9/5/4
0.1,9,4,1000,constant,-0.3153999999999999,-0.4016472817396156,-0.22915271826038425,nonseparated,60,0.95,mixture/0.1/9/5/4
0.1,9,5,400,constant,-0.24308333333333343,-0.26783306445162075,-0.2183336022150461,nonseparated,60,0.95,mixture/0.1/9/5/5
0.1,9,5,1000,constant,-0.23886666666666673,-0.2547304761899445,-0.22300285714338897,nonseparated,60,0.95,mixture/0.1/9/5/5
0.1,9,6,400,constant,-0.32800000000000007,-0.6953795518618971,0.03937955186189701,uncertain,60,0.95,mixture/0.1/9/5/6
0.1,9,6,1000,constant,-0.15600000000000047,-0.4729284319849022,0.08194137683619618,uncertain,60,0.95,mixture/0.1/9/5/6
0.1,9,7,400,constant,-0.015166666666666662,-0.17140130032446355,0.11458233730297496,uncertain,60,0.95,mixture/0.1/9/5/7
0.1,9,7,1000,constant,0.04423333333333346,-0.028746224487445127,0.11302226641072155,uncertain,60,0.95,mixture/0.1/9/5/7
0.1,9,8,400,constant,-0.017166666666666663,-0.21176395818315996,0.15174977248650978,uncertain,60,0.95,mixture/0.1/9/5/8
0.1,9,8,1000,constant,0.06606666666666694,-0.07008946977872177,0.17021082956535727,uncertain,60,0.95,mixture/0.1/9/5/8
0.1,9,9,400,constant,-0.7186666666666666,-0.8557803308692915,-0.5815530024640416,nonseparated,60,0.95,mixture/0.1/9/5/9
0.1,9,9,1000,constant,-0.6341666666666663,-0.6961251607507157,-0.5722081725826169,nonseparated,60,0.95,mixture/0.1/9/5/9
0.1,9,10,400,constant,-0.10675000000000029,-0.15886120658745112,-0.05463879341254946,nonseparated,60,0.95,mixture/0.1/9/5/10
0.1,9,10,1000,constant,-0.11050000000000004,-0.14411508270199652,-0.07688491729800356,nonseparated,60,0.95,mixture/0.1/9/5/10
0.1,9,11,400,constant,-0.01316666666666666,-0.07717962342828855,0.023171364614841927,uncertain,60,0.95,mixture/0.1/9/5/11
0.1,9,11,1000,constant,-0.0006999999999999229,-0.041980379277083424,0.03520503912136552,uncertain,60,0.95,mixture/0.1/9/5/11
0.1,9,12,400,constant,0.005666666666666653,-0.08178655830997195,0.06333719214159272,uncertain,60,0.95,mixture/0.1/9/5/12
0.1,9,12,1000,constant,0.010466666666666846,-0.024313605649240455,0.04524693898257415,uncertain,60,0.95,mixture/0.1/9/5/12
0.1,9,13,400,constant,-0.04916666666666658,-0.44845562838957553,0.212521956468392,uncertain,60,0.95,mixture/0.1/9/5/13
0.1,9,13,1000,constant,-0.2749999999999999,-0.40816952467204964,-0.14183047532795018,nonseparated,60,0.95,mixture/0.1/9/5/13
0.1,9,14,400,constant,-0.25058333333333327,-0.5670481424860684,0.06588147581940185,uncertain,60,0.95,mixture/0.1/9/5/14
0.1,9,14,1000,constant,-0.16223333333333334,-0.3994854932577505,0.07501882659108383,uncertain,60,0.95,mixture/0.1/9/5/14
0.1,9,15,400,constant,-0.1905833333333331,-0.279923229663138,-0.10124343700352822,nonseparated,60,0.95,mixture/0.1/9/5/15
0.1,9,15,1000,constant,-0.2142666666666666,-0.26358077536989105,-0.16495255796344216,nonseparated,60,0.95,mixture/0.1/9/5/15
0.1,9,16,400,constant,0.13200000000000023,0.09482778757038313,0.16917221242961733,separated,60,0.95,mixture/0.1/9/5/16
0.1,9,16,1000,constant,0.1476999999999996,0.1262660729720072,0.16862597009567304,separated,60,0.95,mixture/0.1/9/5/16
0.1,9,17,400,constant,0.20391666666666686,0.15553559054333788,0.25229774278999584,separated,60,0.95,mixture/0.1/9/5/17
0.1,9,17,1000,constant,0.23479999999999968,0.20670500718283336,0.262894992817166,separated,60,0.95,mixture/0.1/9/5/17
0.1,9,18,400,constant,-0.1253333333333334,-0.23824449549869275,-0.012422171167974061,nonseparated,60,0.95,mixture/0.1/9/5/18
0.1,9,18,1000,constant,-0.06493333333333351,-0.1241619828837589,-0.005704683782908115,nonseparated,60,0.95,mixture/0.1/9/5/18
0.1,9,19,400,constant,0.08308333333333306,0.04948418504839247,0.11668248161827366,separated,60,0.95,mixture/0.1/9/5/19
0.1,9,19,1000,constant,0.11283333333333334,0.093130978196305,0.13253568847036168,separated,60,0.95,mixture/0.1/9/5/19
0.1,10,0,400,constant,-0.19041666666666668,-0.23548345403853133,-0.14534987929480198,nonseparated,60,0.95,mixture/0.1/10/5/0
0.1,10,0,1000,constant,-0.1882333333333332,-0.21681222723529964,-0.15965443943136676,nonseparated,60,0.95,mixture/0.1/10/5/0
0.1,10,1,400,constant,-0.17308333333333348,-0.2954241202590804,-0.050742546407586575,nonseparated,60,0.95,mixture/0.1/10/5/1
0.1,10,1,1000,constant,-0.07713333333333328,-0.15291158201693622,-0.0013550846497303315,nonseparated,60,0.95,mixture/0.1/10/5/1
0.1,10,2,400,constant,0.02124999999999988,-0.007380643204266235,0.049880643204265995,uncertain,60,0.95,mixture/0.1/10/5/2
0.1,10,2,1000,constant,0.031366666666666765,0.014010135352195863,0.04872319798113772,separated,60,0.95,mixture/0.1/10/5/2
0.1,10,3,400,constant,0.03716666666666635,0.002568863285165923,0.07176447004816677,separated,60,0.95,mixture/0.1/10/5/3
0.1,10,3,1000,constant,0.047333333333333116,0.02651564703387277,0.06815101963279346,separated,60,0.95,mixture/0.1/10/5/3
0.1,10,4,400,constant,-0.2993333333333337,-0.39545652149964017,-0.20321014516702718,nonseparated,60,0.95,mixture/0.1/10/5/4
0.1,10,4,1000,constant,-0.22720000000000018,-0.2847856630468627,-0.16961433695313766,nonseparated,60,0.95,mixture/0.1/10/5/4
0.1,10,5,400,constant,-0.35758333333333303,-1.1683079340368552,0.13338678551795902,uncertain,60,0.95,mixture/0.1/10/5/5
0.1,10,5,1000,constant,-0.36449999999999994,-1.1829868577197424,0.15648625558854157,uncertain,60,0.95,mixture/0.1/10/5/5
0.1,10,6,400,constant,-0.0509166666666665,-0.10417298160797273,0.0023396482746397274,uncertain,60,0.95,mixture/0.1/10/5/6
0.1,10,6,1000,constant,-0.01376666666666626,-0.0402241513022108,0.011373648665568004,uncertain,60,0.95,mixture/0.1/10/5/6
0.1,10,7,400,constant,-0.25233333333333335,-0.3637432313321513,-0.23132011031848115,nonseparated,60,0.95,mixture/0.1/10/5/7
0.1,10,7,1000,constant,-0.24383333333333285,-0.2561517747591449,-0.23151489190752078,nonseparated,60,0.95,mixture/0.1/10/5/7
0.1,10,8,400,constant,0.03458333333333363,0.013621329973047103,0.05554533669362016,separated,60,0.95,mixture/0.1/10/5/8
0.1,10,8,1000,constant,0.04659999999999975,0.035202435540723775,0.05799756445927573,separated,60,0.95,mixture/0.1/10/5/8
0.1,10,9,400,constant,-0.24633333333333318,-0.6206116044345747,0.12794493776790838,uncertain,60,0.95,mixture/0.1/10/5/9
0.1,10,9,1000,constant,-0.0027000000000003688,-0.26374735819558737,0.22260920603837997,uncertain,60,0.95,mixture/0.1/10/5/9
0.1,10,10,400,constant,0.1168333333333329,0.07207175640088515,0.16068986231648152,separated,60,0.95,mixture/0.1/10/5/10
0.1,10,10,1000,constant,0.1342000000000001,0.11029202550728778,0.1581079744927124,separated,60,0.95,mixture/0.1/10/5/10
0.1,10,11,400,constant,-0.002583333333333271,-0.3918404609219911,0.1049490748792482,uncertain,60,0.95,mixture/0.1/10/5/11
0.1,10,11,1000,constant,0.035833333333333384,-0.335967724885027,0.10621726231026063,uncertain,60,0.95,mixture/0.1/10/5/11
0.1,10,12,400,constant,-0.21633333333333338,-0.49567897043610243,0.06301230376943567,uncertain,60,0.95,mixture/0.1/10/5/12
0.1,10,12,1000,constant,-0.3238666666666671,-0.5595674587148164,-0.08816587461851788,nonseparated,60,0.95,mixture/0.1/10/5/12
0.1,10,13,400,constant,-0.01216666666666677,-0.1517151053976804,0.09709755749785132,uncertain,60,0.95,mixture/0.1/10/5/13
0.1,10,13,1000,constant,0.0384333333333331,-0.04932662650195507,0.1013488316308826,uncertain,60,0.95,mixture/0.1/10/5/13
0.1,10,14,400,constant,-0.4565833333333337,-0.8583923958163866,-0.05477427085028086,nonseparated,60,0.95,mixture/0.1/10/5/14
0.1,10,14,1000,constant,-0.39226666666666676,-0.7186699005974748,-0.0658634327358586,nonseparated,60,0.95,mixture/0.1/10/5/14
0.1,10,15,400,constant,-0.01808333333333323,-0.08149487362147734,0.042166831208398814,uncertain,60,0.95,mixture/0.1/10/5/15
0.1,10,15,1000,constant,0.03310000000000002,-0.005240546709461169,0.0714405467094612,uncertain,60,0.95,mixture/0.1/10/5/15
0.1,10,16,400,constant,-0.058333333333333126,-0.08460112685671467,-0.03206553980995164,nonseparated,60,0.95,mixture/0.1/10/5/16
0.1,10,16,1000,constant,-0.0549666666666665,-0.06963577305128427,-0.04029756028204878,nonseparated,60,0.95,mixture/0.1/10/5/16
0.1,10,17,400,constant,-0.03983333333333344,-0.19617319581342357,0.0985067497601323,uncertain,60,0.95,mixture/0.1/10/5/17
0.1,10,17,1000,constant,-0.002666666666666817,-0.08801691402462775,0.05342489760355834,uncertain,60,0.95,mixture/0.1/10/5/17
0.1,10,18,400,constant,-0.36983333333333335,-0.4579948013417463,-0.2816718653249204,nonseparated,60,0.95,mixture/0.1/10/5/18
0.1,10,18,1000,constant,-0.34386666666666676,-0.38900800027842913,-0.29872533305490445,nonseparated,60,0.95,mixture/0.1/10/5/18
0.1,10,19,400,constant,-0.4371666666666667,-0.4813861257973001,-0.39411574676056726,nonseparated,60,0.95,mixture/0.1/10/5/19
0.1,10,19,1000,constant,-0.41846666666666665,-0.44488718963096224,-0.3920461437023711,nonseparated,60,0.95,mixture/0.1/10/5/19
0.2,2,0,400,constant,0.6786666666666668,0.6525518682310057,0.7047814651023278,separated,60,0.95,mixture/0.2/2/5/0
0.2,2,0,1000,constant,0.6972666666666675,0.6798757204723864,0.7146576128609485,separated,60,0.95,mixture/0.2/2/5/0
0.2,2,1,400,constant,0.4318333333333334,0.3979955012411951,0.4563678000689484,separated,60,0.95,mixture/0.2/2/5/1
0.2,2,1,1000,constant,0.4402666666666669,0.4252259904881951,0.45530734284513874,separated,60,0.95,mixture/0.2/2/5/1
0.2,2,2,400,constant,1.6222499999999995,1.5960606851862489,1.64843931481375,separated,60,0.95,mixture/0.2/2/5/2
0.2,2,2,1000,constant,1.6430333333333327,1.62660113627075,1.6594655303959154,separated,60,0.95,mixture/0.2/2/5/2
0.2,2,3,400,constant,0.7294166666666669,0.7130427027848767,0.7457906305484572,separated,60,0.95,mixture/0.2/2/5/3
0.2,2,3,1000,constant,0.7385999999999999,0.7285454316888533,0.7486545683111465,separated,60,0.95,mixture/0.2/2/5/3
0.2,2,4,400,constant,1.2710000000000006,1.2032448470793504,1.3387551529206507,separated,60,0.95,mixture/0.2/2/5/4
0.2,2,4,1000,constant,1.3073333333333337,1.261997713207745,1.3526689534589222,separated,60,0.95,mixture/0.2/2/5/4
0.2,2,5,400,constant,0.41516666666666613,0.39722882603893916,0.4331045072943932,separated,60,0.95,mixture/0.2/2/5/5
0.2,2,5,1000,constant,0.42373333333333363,0.41278085057605307,0.4346858160906143,separated,60,0.95,mixture/0.2/2/5/5
0.2,2,6,400,constant,0.37916666666666676,0.3453385993689079,0.41299473396442565,separated,60,0.95,mixture/0.2/2/5/6
0.2,2,6,1000,constant,0.3820999999999998,0.3621814074906956,0.40201859250930394,separated,60,0.95,mixture/0.2/2/5/6
0.2,2,7,400,constant,0.3133333333333336,0.3006620601949386,0.3260046064717286,separated,60,0.95,mixture/0.2/2/5/7
0.2,2,7,1000,constant,0.3186,0.31005562450795277,0.3271443754920472,separated,60,0.95,mixture/0.2/2/5/7
0.2,2,8,400,constant,1.3528333333333338,1.2940647857455898,1.411601880921078,separated,60,0.95,mixture/0.2/2/5/8
0.2,2,8,1000,constant,1.4067666666666667,1.3733097402046126,1.4402235931287208,separated,60,0.95,mixture/0.2/2/5/8
0.2,2,9,400,constant,0.5610000000000006,0.5305984349717234,0.5914015650282778,separated,60,0.95,mixture/0.2/2/5/9
0.2,2,9,1000,constant,0.5748666666666667,0.5560488406380323,0.5936844926953012,separated,60,0.95,mixture/0.2/2/5/9
0.2,2,10,400,constant,0.2974999999999999,0.28167050204271016,0.3133294979572896,separated,60,0.95,mixture/0.2/2/5/10
0.2,2,10,1000,constant,0.30233333333333345,0.2937557618427611,0.3109109048239058,separated,60,0.95,mixture/0.2/2/5/10
0.2,2,11,400,constant,0.2051666666666665,0.17652418362099476,0.23380914971233824,separated,60,0.95,mixture/0.2/2/5/11
0.2,2,11,1000,constant,0.21890000000000054,0.20222617258740416,0.23557382741259691,separated,60,0.95,mixture/0.2/2/5/11
0.2,2,12,400,constant,1.5108333333333335,1.3951386937530659,1.626527972913601,separated,60,0.95,mixture/0.2/2/5/12
0.2,2,12,1000,constant,1.618333333333333,1.5474628168875073,1.6892038497791586,separated,60,0.95,mixture/0.2/2/5/12
0.2,2,13,400,constant,0.38774999999999993,0.36334977451991457,0.4121502254800853,separated,60,0.95,mixture/0.2/2/5/13
0.2,2,13,1000,constant,0.3815333333333335,0.3671835464102512,0.3958831202564158,separated,60,0.95,mixture/0.2/2/5/13
0.2,2,14,400,constant,0.27466666666666695,0.2559989207536597,0.2933344125796742,separated,60,0.95,mixture/0.2/2/5/14
0.2,2,14,1000,constant,0.2763666666666663,0.2646708980886018,0.28806243524473085,separated,60,0.95,mixture/0.2/2/5/14
0.2,2,15,400,constant,0.3474999999999997,0.3337267856788919,0.3612732143211075,separated,60,0.95,mixture/0.2/2/5/15
0.2,2,15,1000,constant,0.3583666666666665,0.3502073414481722,0.3665259918851608,separated,60,0.95,mixture/0.2/2/5/15
0.2,2,16,400,constant,0.6318333333333337,0.609511346596693,0.6541553200699745,separated,60,0.95,mixture/0.2/2/5/16
0.2,2,16,1000,constant,0.6461333333333336,0.6322935090802857,0.6599731575863814,separated,60,0.95,mixture/0.2/2/5/16
0.2,2,17,400,constant,0.37975000000000014,0.3564851476202947,0.4030148523797056,separated,60,0.95,mixture/0.2/2/5/17
0.2,2,17,1000,constant,0.37986666666666624,0.36688123602601397,0.3928520973073185,separated,60,0.95,mixture/0.2/2/5/17
0.2,2,18,400,constant,0.18650000000000022,0.14659731518017682,0.22640268481982362,separated,60,0.95,mixture/0.2/2/5/18
0.2,2,18,1000,constant,0.20709999999999995,0.18175696608659286,0.23244303391340704,separated,60,0.95,mixture/0.2/2/5/18
0.2,2,19,400,constant,0.24408333333333332,0.22724847628046208,0.26091819038620456,separated,60,0.95,mixture/0.2/2/5/19
0.2,2,19,1000,constant,0.25783333333333325,0.24732817609485924,0.26833849057180725,separated,60,0.95,mixture/0.2/2/5/19
0.2,3,0,400,constant,0.17791666666666694,0.1583803066731856,0.1974530266601483,separated,60,0.95,mixture/0.2/3/5/0
0.2,3,0,1000,constant,0.18890000000000007,0.17721043149717675,0.2005895685028234,separated,60,0.95,mixture/0.2/3/5/0
0.2,3,1,400,constant,0.30150000000000055,0.27385304387834863,0.32914695612165246,separated,60,0.95,mixture/0.2/3/5/1
0.2,3,1,1000,constant,0.30223333333333313,0.28810091837189744,0.3163657482947688,separated,60,0.95,mixture/0.2/3/5/1
0.2,3,2,400,constant,0.2619166666666668,0.2322725543836981,0.2915607789496355,separated,60,0.95,mixture/0.2/3/5/2
0.2,3,2,1000,constant,0.2792999999999999,0.26193620571474174,0.296663794285258,separated,60,0.95,mixture/0.2/3/5/2
0.2,3,3,400,constant,0.40008333333333357,0.3735763874189554,0.42645860993696216,separated,60,0.95,mixture/0.2/3/5/3
0.2,3,3,1000,constant,0.42626666666666646,0.40819184739997305,0.4421591787437811,separated,60,0.95,mixture/0.2/3/5/3
0.2,3,4,400,constant,0.4563333333333331,0.44011569733424477,0.4725509693324214,separated,60,0.95,mixture/0.2/3/5/4
0.2,3,4,1000,constant,0.4621333333333337,0.4515052011986333,0.47276146546803405,separated,60,0.95,mixture/0.2/3/5/4
0.2,3,5,400,constant,0.18666666666666665,0.1250272412632648,0.24830609207006848,separated,60,0.95,mixture/0.2/3/5/5
0.2,3,5,1000,constant,0.21229999999999982,0.17725500464490251,0.24734499535509713,separated,60,0.95,mixture/0.2/3/5/5
0.2,3,6,400,constant,0.10816666666666652,0.07685479880857948,0.13947853452475356,separated,60,0.95,mixture/0.2/3/5/6
0.2,3,6,1000,constant,0.1488666666666667,0.12998237304607252,0.1677509602872609,separated,60,0.95,mixture/0.2/3/5/6
0.2,3,7,400,constant,0.6420833333333332,0.6001184286269763,0.6840482380396902,separated,60,0.95,mixture/0.2/3/5/7
0.2,3,7,1000,constant,0.6668999999999999,0.6406096323467205,0.6931903676532793,separated,60,0.95,mixture/0.2/3/5/7
0.2,3,8,400,constant,-0.02925000000000022,-0.08268231124554604,0.024182311245545596,uncertain,60,0.95,mixture/0.2/3/5/8
0.2,3,8,1000,constant,0.00726666666666731,-0.024613358764871696,0.039146692098206315,uncertain,60,0.95,mixture/0.2/3/5/8
0.2,3,9,400,constant,0.24758333333333304,0.2269939050901244,0.2681727615765417,separated,60,0.95,mixture/0.2/3/5/9
0.2,3,9,1000,constant,0.2498999999999998,0.23810017053481958,0.26169982946518,separated,60,0.95,mixture/0.2/3/5/9
0.2,3,10,400,constant,0.022666666666666724,-0.07046533577982728,0.06945766637322892,uncertain,60,0.95,mixture/0.2/3/5/10
0.2,3,10,1000,constant,0.04970000000000019,0.03411622937044412,0.06528377062955626,separated,60,0.95,mixture/0.2/3/5/10
0.2,3,11,400,constant,0.6055833333333333,0.5802043336766775,0.630962332989989,separated,60,0.95,mixture/0.2/3/5/11
0.2,3,11,1000,constant,0.6113333333333331,0.5954325976519501,0.627234069014716,separated,60,0.95,mixture/0.2/3/5/11
0.2,3,12,400,constant,0.6910833333333333,0.6559521838244609,0.7262144828422057,separated,60,0.95,mixture/0.2/3/5/12
0.2,3,12,1000,constant,0.6923333333333338,0.6734004498169858,0.7112662168496819,separated,60,0.95,mixture/0.2/3/5/12
0.2,3,13,400,constant,1.0145000000000002,0.9469906088477013,1.0820093911522992,separated,60,0.95,mixture/0.2/3/5/13
0.2,3,13,1000,constant,1.0446999999999997,1.005217867511482,1.0841821324885172,separated,60,0.95,mixture/0.2/3/5/13
0.2,3,14,400,constant,0.6091666666666666,0.5923495267390245,0.6259838065943089,separated,60,0.95,mixture/0.2/3/5/14
0.2,3,14,1000,constant,0.6136666666666666,0.6016730632729974,0.6256602700603358,separated,60,0.95,mixture/0.2/3/5/14
0.2,3,15,400,constant,0.5445833333333332,0.5137242516684434,0.575442414998223,separated,60,0.95,mixture/0.2/3/5/15
0.2,3,15,1000,constant,0.5507666666666667,0.5298638769970149,0.5716694563363186,separated,60,0.95,mixture/0.2/3/5/15
0.2,3,16,400,constant,0.37316666666666676,0.3331812911617902,0.40669395988819923,separated,60,0.95,mixture/0.2/3/5/16
0.2,3,16,1000,constant,0.3845666666666667,0.36331915540362847,0.405814177929705,separated,60,0.95,mixture/0.2/3/5/16
0.2,3,17,400,constant,0.203666666666667,0.17800465093245466,0.22932868240087934,separated,60,0.95,mixture/0.2/3/5/17
0.2,3,17,1000,constant,0.22430000000000028,0.2099124515351075,0.23683973723490037,separated,60,0.95,mixture/0.2/3/5/17
0.2,3,18,400,constant,0.36049999999999993,0.3337129918652434,0.38728700813475647,separated,60,0.95,mixture/0.2/3/5/18
0.2,3,18,1000,constant,0.37393333333333356,0.35832641791426,0.3895402487524071,separated,60,0.95,mixture/0.2/3/5/18
0.2,3,19,400,constant,0.6690000000000006,0.6512589755841189,0.6867410244158823,separated,60,0.95,mixture/0.2/3/5/19
0.2,3,19,1000,constant,0.6751,0.6641053775133878,0.6860946224866123,separated,60,0.95,mixture/0.2/3/5/19
0.2,4,0,400,constant,0.3221666666666664,0.30184138893389545,0.3424919443994373,separated,60,0.95,mixture/0.2/4/5/0
0.2,4,0,1000,constant,0.3332333333333336,0.3225399013453253,0.3439267653213419,separated,60,0.95,mixture/0.2/4/5/0
0.2,4,1,400,constant,0.3103333333333335,0.2913326039817388,0.3293340626849282,separated,60,0.95,mixture/0.2/4/5/1
0.2,4,1,1000,constant,0.3083000000000001,0.29583206390359096,0.3207679360964092,separated,60,0.95,mixture/0.2/4/5/1
0.2,4,2,400,constant,0.3058333333333333,0.28586582643103897,0.3258008402356276,separated,60,0.95,mixture/0.2/4/5/2
0.2,4,2,1000,constant,0.3080999999999998,0.2974190087272147,0.3187809912727849,separated,60,0.95,mixture/0.2/4/5/2
0.2,4,3,400,constant,0.19466666666666643,0.17804169449994078,0.21129163883339208,separated,60,0.95,mixture/0.2/4/5/3
0.2,4,3,1000,constant,0.20476666666666687,0.19485021373379252,0.21468311959954123,separated,60,0.95,mixture/0.2/4/5/3
0.2,4,4,400,constant,0.11299999999999966,0.08948012615051149,0.13651987384948783,separated,60,0.95,mixture/0.2/4/5/4
0.2,4,4,1000,constant,0.11666666666666692,0.10404415517239951,0.12928917816093433,separated,60,0.95,mixture/0.2/4/5/4
0.2,4,5,400,constant,0.10950000000000037,0.06750679753618916,0.1514932024638116,separated,60,0.95,mixture/0.2/4/5/5
0.2,4,5,1000,constant,0.11040000000000005,0.08439758468836589,0.13640241531163422,separated,60,0.95,mixture/0.2/4/5/5
0.2,4,6,400,constant,0.41149999999999987,0.3763354452857717,0.44151684222693477,separated,60,0.95,mixture/0.2/4/5/6
0.2,4,6,1000,constant,0.4226666666666665,0.4048759299559128,0.44045740337742023,separated,60,0.95,mixture/0.2/4/5/6
0.2,4,7,400,constant,0.37216666666666653,0.3252232772010174,0.41911005613231567,separated,60,0.95,mixture/0.2/4/5/7
0.2,4,7,1000,constant,0.3955666666666672,0.37531234036197525,0.4158209929713591,separated,60,0.95,mixture/0.2/4/5/7
0.2,4,8,400,constant,0.11483333333333345,0.09216478930086369,0.13750187736580322,separated,60,0.95,mixture/0.2/4/5/8
0.2,4,8,1000,constant,0.1271,0.1131323869036559,0.14106761309634408,separated,60,0.95,mixture/0.2/4/5/8
0.2,4,9,400,constant,0.4066666666666664,0.3860352533856338,0.42729807994769897,separated,60,0.95,mixture/0.2/4/5/9
0.2,4,9,1000,constant,0.41400000000000015,0.40270083946993596,0.42529916053006434,separated,60,0.95,mixture/0.2/4/5/9
0.2,4,10,400,constant,0.20516666666666628,0.18449502769790116,0.2258383056354314,separated,60,0.95,mixture/0.2/4/5/10
0.2,4,10,1000,constant,0.2175666666666669,0.20535674648985314,0.22977658684348068,separated,60,0.95,mixture/0.2/4/5/10
0.2,4,11,400,constant,0.20991666666666675,0.1908287164817719,0.2290046168515616,separated,60,0.95,mixture/0.2/4/5/11
0.2,4,11,1000,constant,0.22093333333333343,0.20985767912423614,0.23200898754243066,separated,60,0.95,mixture/0.2/4/5/11
0.2,4,12,400,constant,0.22541666666666638,0.1877835298325159,0.26304980350081686,separated,60,0.95,mixture/0.2/4/5/12
0.2,4,12,1000,constant,0.2424999999999996,0.21747005383223061,0.2675299461677686,separated,60,0.95,mixture/0.2/4/5/12
0.2,4,13,400,constant,0.2174999999999998,0.1806540864043129,0.2543459135956867,separated,60,0.95,mixture/0.2/4/5/13
0.2,4,13,1000,constant,0.23949999999999994,0.22659975056888737,0.25087898681112564,separated,60,0.95,mixture/0.2/4/5/13
0.2,4,14,400,constant,0.10375000000000012,0.07987163526757524,0.127628364732425,separated,60,0.95,mixture/0.2/4/5/14
0.2,4,14,1000,constant,0.11950000000000027,0.10683109036767591,0.13216890963232464,separated,60,0.95,mixture/0.2/4/5/14
0.2,4,15,400,constant,0.5882500000000002,0.5556985303363684,0.6208014696636318,separated,60,0.95,mixture/0.2/4/5/15
0.2,4,15,1000,constant,0.6215000000000002,0.6061770086020799,0.6368229913979205,separated,60,0.95,mixture/0.2/4/5/15
0.2,4,16,400,constant,0.21983333333333321,0.19482116642548253,0.2448455002411839,separated,60,0.95,mixture/0.2/4/5/16
0.2,4,16,1000,constant,0.2336999999999998,0.21938167699143218,0.2480183230085674,separated,60,0.95,mixture/0.2/4/5/16
0.2,4,17,400,constant,0.0930833333333333,0.07536722195422263,0.11079944471244396,separated,60,0.95,mixture/0.2/4/5/17
0.2,4,17,1000,constant,0.10170000000000046,0.09222492166845553,0.11117507833154538,separated,60,0.95,mixture/0.2/4/5/17
0.2,4,18,400,constant,0.07033333333333369,0.009158170841033098,0.1315084958256343,separated,60,0.95,mixture/0.2/4/5/18
0.2,4,18,1000,constant,0.10406666666666697,0.06695941051818366,0.1411739228151503,separated,60,0.95,mixture/0.2/4/5/18
0.2,4,19,400,constant,0.2353333333333335,0.20730934379322263,0.2633573228734444,separated,60,0.95,mixture/0.2/4/5/19
0.2,4,19,1000,constant,0.23996666666666644,0.2233757918965541,0.2565575414367788,separated,60,0.95,mixture/0.2/4/5/19
0.2,5,0,400,constant,0.20841666666666647,0.18794244966497864,0.2288908836683543,separated,60,0.95,mixture/0.2/5/5/0
0.2,5,0,1000,constant,0.21356666666666657,0.20067626710683573,0.22645706622649742,separated,60,0.95,mixture/0.2/5/5/0
0.2,5,1,400,constant,-0.02083333333333326,-0.050863654143513126,0.009196987476846608,uncertain,60,0.95,mixture/0.2/5/5/1
0.2,5,1,1000,constant,0.0021999999999997577,-0.01355756337591374,0.017957563375913255,uncertain,60,0.95,mixture/0.2/5/5/1
0.2,5,2,400,constant,0.09708333333333363,0.034990033903970263,0.159176632762697,separated,60,0.95,mixture/0.2/5/5/2
0.2,5,2,1000,constant,0.13769999999999993,0.10439188513795306,0.1710081148620468,separated,60,0.95,mixture/0.2/5/5/2
0.2,5,3,400,constant,0.2851666666666671,0.26053038211281954,0.3098029512205147,separated,60,0.95,mixture/0.2/5/5/3
0.2,5,3,1000,constant,0.2855333333333334,0.27083504803260405,0.3002316186340628,separated,60,0.95,mixture/0.2/5/5/3
0.2,5,4,400,constant,0.15333333333333365,0.1337110468832422,0.1729556197834251,separated,60,0.95,mixture/0.2/5/5/4
0.2,5,4,1000,constant,0.1537333333333334,0.14161319185568977,0.165853474810977,separated,60,0.95,mixture/0.2/5/5/4
0.2,5,5,400,constant,0.24641666666666684,0.20763351797209195,0.2851998153612417,separated,60,0.95,mixture/0.2/5/5/5
0.2,5,5,1000,constant,0.27010000000000023,0.2509920968991971,0.28920790310080335,separated,60,0.95,mixture/0.2/5/5/5
0.2,5,6,400,constant,0.3820833333333328,0.27403679897244904,0.4901298676942166,separated,60,0.95,mixture/0.2/5/5/6
0.2,5,6,1000,constant,0.4619,0.39385119837175075,0.5299488016282492,separated,60,0.95,mixture/0.2/5/5/6
0.2,5,7,400,constant,0.16266666666666707,0.12636974221587105,0.1989635911174631,separated,60,0.95,mixture/0.2/5/5/7
0.2,5,7,1000,constant,0.17786666666666673,0.15932816331510502,0.19640517001822844,separated,60,0.95,mixture/0.2/5/5/7
0.2,5,8,400,constant,0.038166666666667126,-0.0003503230322624562,0.07668365636559671,uncertain,60,0.95,mixture/0.2/5/5/8
0.2,5,8,1000,constant,0.06853333333333322,0.045095427386155906,0.09197123928051054,separated,60,0.95,mixture/0.2/5/5/8
0.2,5,9,400,constant,0.08833333333333315,0.0585384800419384,0.1181281866247279,separated,60,0.95,mixture/0.2/5/5/9
0.2,5,9,1000,constant,0.0975666666666668,0.08093808532238622,0.11419524801094738,separated,60,0.95,mixture/0.2/5/5/9
0.2,5,10,400,constant,0.016166666666667218,-0.027648076601214377,0.05998140993454881,uncertain,60,0.95,mixture/0.2/5/5/10
0.2,5,10,1000,constant,0.036800000000000055,0.01204586363127469,0.06155413636872542,separated,60,0.95,mixture/0.2/5/5/10
0.2,5,11,400,constant,0.12600000000000044,0.10686441019450921,0.14513558980549168,separated,60,0.95,mixture/0.2/5/5/11
0.2,5,11,1000,constant,0.12799999999999967,0.11633510692929483,0.1396648930707045,separated,60,0.95,mixture/0.2/5/5/11
0.2,5,12,400,constant,0.004416666666666513,-0.02335221093216855,0.032185544265501576,uncertain,60,0.95,mixture/0.2/5/5/12
0.2,5,12,1000,constant,0.027699999999999947,0.01216090717340057,0.043239092826599324,separated,60,0.95,mixture/0.2/5/5/12
0.2,5,13,400,constant,0.09291666666666676,0.04186714805739389,0.14396618527593963,separated,60,0.95,mixture/0.2/5/5/13
0.2,5,13,1000,constant,0.11763333333333359,0.08105930411091133,0.15420736255575584,separated,60,0.95,mixture/0.2/5/5/13
0.2,5,14,400,constant,0.11083333333333323,0.06852290318278764,0.15314376348387881,separated,60,0.95,mixture/0.2/5/5/14
0.2,5,14,1000,constant,0.13296666666666646,0.10799009772795853,0.15794323560537438,separated,60,0.95,mixture/0.2/5/5/14
0.2,5,15,400,constant,0.12249999999999994,0.09179990257041515,0.15320009742958474,separated,60,0.95,mixture/0.2/5/5/15
0.2,5,15,1000,constant,0.1212000000000002,0.10111934730762095,0.14128065269237944,separated,60,0.95,mixture/0.2/5/5/15
0.2,5,16,400,constant,-0.060750000000000304,-0.08888887501751674,-0.03261112498248386,nonseparated,60,0.95,mixture/0.2/5/5/16
0.2,5,16,1000,constant,-0.04410000000000003,-0.06046185810173721,-0.027738141898262847,nonseparated,60,0.95,mixture/0.2/5/5/16
0.2,5,17,400,constant,0.05991666666666706,0.0412551084677506,0.07857822486558352,separated,60,0.95,mixture/0.2/5/5/17
0.2,5,17,1000,constant,0.06996666666666651,0.05859816559061248,0.08133516774272054,separated,60,0.95,mixture/0.2/5/5/17
0.2,5,18,400,constant,0.09666666666666623,0.06634931401039246,0.12698401932294,separated,60,0.95,mixture/0.2/5/5/18
0.2,5,18,1000,constant,0.10843333333333316,0.0919384687003677,0.12492819796629862,separated,60,0.95,mixture/0.2/5/5/18
0.2,5,19,400,constant,0.1166666666666667,0.10130965924022317,0.13202367409311017,separated,60,0.95,mixture/0.2/5/5/19
0.2,5,19,1000,constant,0.11653333333333349,0.10724127225821345,0.12582539440845353,separated,60,0.95,mixture/0.2/5/5/19
0.2,6,0,400,constant,0.22883333333333367,0.20913730795137453,0.2485293587152928,separated,60,0.95,mixture/0.2/6/5/0
0.2,6,0,1000,constant,0.23780000000000023,0.22637016824210798,0.24922983175789248,separated,60,0.95,mixture/0.2/6/5/0
0.2,6,1,400,constant,0.23716666666666708,0.2096909432887848,0.26464239004454937,separated,60,0.95,mixture/0.2/6/5/1
0.2,6,1,1000,constant,0.25826666666666676,0.2428340562076371,0.2736992771256964,separated,60,0.95,mixture/0.2/6/5/1
0.2,6,2,400,constant,0.0029166666666670116,-0.02006273272910708,0.025896066062441103,uncertain,60,0.95,mixture/0.2/6/5/2
0.2,6,2,1000,constant,0.022566666666666957,0.010255601670710934,0.03487773166262298,separated,60,0.95,mixture/0.2/6/5/2
0.2,6,3,400,constant,0.22008333333333352,0.1978518425470649,0.24231482411960215,separated,60,0.95,mixture/0.2/6/5/3
0.2,6,3,1000,constant,0.22383333333333366,0.210146877730092,0.23751978893657533,separated,60,0.95,mixture/0.2/6/5/3
0.2,6,4,400,constant,0.03066666666666651,0.004258753011704641,0.057074580321628376,separated,60,0.95,mixture/0.2/6/5/4
0.2,6,4,1000,constant,0.04090000000000005,0.02333464827562881,0.058465351724371284,separated,60,0.95,mixture/0.2/6/5/4
0.2,6,5,400,constant,0.1635000000000003,0.14419009783214132,0.1828099021678593,separated,60,0.95,mixture/0.2/6/5/5
0.2,6,5,1000,constant,0.16559999999999997,0.15451081290000723,0.1766891870999927,separated,60,0.95,mixture/0.2/6/5/5
0.2,6,6,400,constant,0.16233333333333322,0.13396021790265233,0.19028640811845765,separated,60,0.95,mixture/0.2/6/5/6
0.2,6,6,1000,constant,0.18293333333333306,0.16484527237026203,0.2010213942964041,separated,60,0.95,mixture/0.2/6/5/6
0.2,6,7,400,constant,-0.16424999999999979,-0.189548206838685,-0.13895179316131456,nonseparated,60,0.95,mixture/0.2/6/5/7
0.2,6,7,1000,constant,-0.16426666666666667,-0.17866898919121166,-0.14986434414212169,nonseparated,60,0.95,mixture/0.2/6/5/7
0.2,6,8,400,constant,0.13708333333333356,0.11467430607985285,0.15949236058681426,separated,60,0.95,mixture/0.2/6/5/8
0.2,6,8,1000,constant,0.14610000000000012,0.1321767821324652,0.16002321786753504,separated,60,0.95,mixture/0.2/6/5/8
0.2,6,9,400,constant,0.11683333333333346,-0.07555311777773233,0.2390509813112529,uncertain,60,0.95,mixture/0.2/6/5/9
0.2,6,9,1000,constant,0.07183333333333364,-0.008598994068321097,0.15226566073498837,uncertain,60,0.95,mixture/0.2/6/5/9
0.2,6,10,400,constant,0.07883333333333331,0.04805640724410998,0.10961025942255664,separated,60,0.95,mixture/0.2/6/5/10
0.2,6,10,1000,constant,0.09816666666666674,0.08148273700637687,0.1148505963269566,separated,60,0.95,mixture/0.2/6/5/10
0.2,6,11,400,constant,0.133,0.10254465352314113,0.1634553464768589,separated,60,0.95,mixture/0.2/6/5/11
0.2,6,11,1000,constant,0.1321333333333332,0.11584532148571314,0.1484213451809533,separated,60,0.95,mixture/0.2/6/5/11
0.2,6,12,400,constant,0.27575000000000005,0.24466835476599746,0.30683164523400264,separated,60,0.95,mixture/0.2/6/5/12
0.2,6,12,1000,constant,0.2844333333333333,0.26706705365466765,0.301799613011999,separated,60,0.95,mixture/0.2/6/5/12
0.2,6,13,400,constant,-0.21291666666666664,-0.24800742715692659,-0.1778259061764067,nonseparated,60,0.95,mixture/0.2/6/5/13
0.2,6,13,1000,constant,-0.1988333333333332,-0.22068914072391443,-0.17697752594275196,nonseparated,60,0.95,mixture/0.2/6/5/13
0.2,6,14,400,constant,0.21208333333333307,0.18462730197902166,0.23953936468764447,separated,60,0.95,mixture/0.2/6/5/14
0.2,6,14,1000,constant,0.2256999999999998,0.21045725577798424,0.24094274422201534,separated,60,0.95,mixture/0.2/6/5/14
0.2,6,15,400,constant,-0.10941666666666677,-0.15298080509514939,-0.06585252823818416,nonseparated,60,0.95,mixture/0.2/6/5/15
0.2,6,15,1000,constant,-0.1240666666666666,-0.1501520491413369,-0.09798128419199631,nonseparated,60,0.95,mixture/0.2/6/5/15
0.2,6,16,400,constant,0.26816666666666666,0.18691744391630183,0.3233894249891557,separated,60,0.95,mixture/0.2/6/5/16
0.2,6,16,1000,constant,0.29326666666666656,0.22334818910296905,0.3358740124187942,separated,60,0.95,mixture/0.2/6/5/16
0.2,6,17,400,constant,0.13858333333333328,0.10524278109523866,0.1719238855714279,separated,60,0.95,mixture/0.2/6/5/17
0.2,6,17,1000,constant,0.13786666666666703,0.11583870856680512,0.15989462476652894,separated,60,0.95,mixture/0.2/6/5/17
0.2,6,18,400,constant,0.19616666666666682,0.14075913730702094,0.2515741960263127,separated,60,0.95,mixture/0.2/6/5/18
0.2,6,18,1000,constant,0.20276666666666687,0.1671470143016598,0.23838631903167395,separated,60,0.95,mixture/0.2/6/5/18
0.2,6,19,400,constant,0.05500000000000027,-0.0020610359664525735,0.11206103596645312,uncertain,60,0.95,mixture/0.2/6/5/19
0.2,6,19,1000,constant,0.05386666666666651,0.01906870640947067,0.08866462692386234,separated,60,0.95,mixture/0.2/6/5/19
0.2,7,0,400,constant,-0.004916666666666347,-0.037144760448645786,0.02731142711531309,uncertain,60,0.95,mixture/0.2/7/5/0
0.2,7,0,1000,constant,0.007433333333333514,-0.010380940259799076,0.025247606926466104,uncertain,60,0.95,mixture/0.2/7/5/0
0.2,7,1,400,constant,0.055500000000000216,0.03477323049848646,0.07622676950151397,separated,60,0.95,mixture/0.2/7/5/1
0.2,7,1,1000,constant,0.05499999999999994,0.04208715455908496,0.06791284544091492,separated,60,0.95,mixture/0.2/7/5/1
0.2,7,2,400,constant,0.3553333333333335,0.33322092768604306,0.37744573898062395,separated,60,0.95,mixture/0.2/7/5/2
0.2,7,2,1000,constant,0.3621000000000001,0.34875211323724753,0.37544788676275265,separated,60,0.95,mixture/0.2/7/5/2
0.2,7,3,400,constant,-0.5236666666666666,-0.5761221163283362,-0.47121121700499713,nonseparated,60,0.95,mixture/0.2/7/5/3
0.2,7,3,1000,constant,-0.5097666666666666,-0.5428205864523005,-0.4767127468810327,nonseparated,60,0.95,mixture/0.2/7/5/3
0.2,7,4,400,constant,0.08991666666666631,0.04812244070416294,0.13171089262916968,separated,60,0.95,mixture/0.2/7/5/4
0.2,7,4,1000,constant,0.08150000000000024,0.055796980107322036,0.10720301989267844,separated,60,0.95,mixture/0.2/7/5/4
0.2,7,5,400,constant,0.0718333333333332,0.024152477583909482,0.1195141890827569,separated,60,0.95,mixture/0.2/7/5/5
0.2,7,5,1000,constant,0.09833333333333305,0.06881480698137832,0.12785185968528778,separated,60,0.95,mixture/0.2/7/5/5
0.2,7,6,400,constant,0.016333333333333422,-0.07678146841719902,0.10944813508386586,uncertain,60,0.95,mixture/0.2/7/5/6
0.2,7,6,1000,constant,0.11006666666666676,0.05508938059796009,0.16504395273537342,separated,60,0.95,mixture/0.2/7/5/6
0.2,7,7,400,constant,0.15866666666666662,0.13018825821706626,0.187145075116267,separated,60,0.95,mixture/0.2/7/5/7
0.2,7,7,1000,constant,0.15736666666666654,0.14236035012349513,0.17237298320983796,separated,60,0.95,mixture/0.2/7/5/7
0.2,7,8,400,constant,0.12208333333333365,0.08368694918411668,0.16047971748255063,separated,60,0.95,mixture/0.2/7/5/8
0.2,7,8,1000,constant,0.12036666666666673,0.0977671082548528,0.14296622507848067,separated,60,0.95,mixture/0.2/7/5/8
0.2,7,9,400,constant,0.15650000000000042,0.12878558254720884,0.184214417452792,separated,60,0.95,mixture/0.2/7/5/9
0.2,7,9,1000,constant,0.16569999999999996,0.14828419700865758,0.18311580299134234,separated,60,0.95,mixture/0.2/7/5/9
0.2,7,10,400,constant,-0.21266666666666667,-0.2753892211709504,-0.14994411216238296,nonseparated,60,0.95,mixture/0.2/7/5/10
0.2,7,10,1000,constant,-0.18763333333333354,-0.2216531535200213,-0.15361351314664579,nonseparated,60,0.95,mixture/0.2/7/5/10
0.2,7,11,400,constant,0.12433333333333363,0.1044654867687812,0.14420117989788606,separated,60,0.95,mixture/0.2/7/5/11
0.2,7,11,1000,constant,0.126033333333333,0.11395954883627069,0.1381071178303953,separated,60,0.95,mixture/0.2/7/5/11
0.2,7,12,400,constant,0.03049999999999986,-0.014969362103207096,0.07596936210320682,uncertain,60,0.95,mixture/0.2/7/5/12
0.2,7,12,1000,constant,0.04039999999999999,0.0115122397629005,0.06928776023709948,separated,60,0.95,mixture/0.2/7/5/12
0.2,7,13,400,constant,-0.02899999999999936,-0.04846544713545331,-0.00953455286454541,nonseparated,60,0.95,mixture/0.2/7/5/13
0.2,7,13,1000,constant,-0.02433333333333354,-0.03568868580866302,-0.012977980858004057,nonseparated,60,0.95,mixture/0.2/7/5/13
0.2,7,14,400,constant,0.024083333333333456,0.0031731017366796177,0.044993564929987295,separated,60,0.95,mixture/0.2/7/5/14
0.2,7,14,1000,constant,0.02636666666666676,0.013498632385262943,0.03923470094807058,separated,60,0.95,mixture/0.2/7/5/14
0.2,7,15,400,constant,-0.0011666666666665382,-0.03124882694378306,0.028915493610449983,uncertain,60,0.95,mixture/0.2/7/5/15
0.2,7,15,1000,constant,0.015366666666666529,-0.00327590816017187,0.03400924149350493,uncertain,60,0.95,mixture/0.2/7/5/15
0.2,7,16,400,constant,0.10033333333333316,0.03161854804204056,0.16904811862462576,separated,60,0.95,mixture/0.2/7/5/16
0.2,7,16,1000,constant,0.10963333333333347,0.07235131221233648,0.14691535445433046,separated,60,0.95,mixture/0.2/7/5/16
0.2,7,17,400,constant,0.13724999999999998,0.10886240902027144,0.160825541075442,separated,60,0.95,mixture/0.2/7/5/17
0.2,7,17,1000,constant,0.14076666666666637,0.12430508020168507,0.15479329677081832,separated,60,0.95,mixture/0.2/7/5/17
0.2,7,18,400,constant,0.026833333333333265,-0.050425156328221865,0.1040918229948884,uncertain,60,0.95,mixture/0.2/7/5/18
0.2,7,18,1000,constant,0.0818333333333332,0.03568719957126176,0.12797946709540464,separated,60,0.95,mixture/0.2/7/5/18
0.2,7,19,400,constant,0.04333333333333356,0.022034189645772417,0.0646324770208947,separated,60,0.95,mixture/0.2/7/5/19
0.2,7,19,1000,constant,0.048566666666666425,0.03514398333459334,0.06198934999873951,separated,60,0.95,mixture/0.2/7/5/19
0.2,8,0,400,constant,0.03450000000000042,-0.0035978734573642868,0.07259787345736513,uncertain,60,0.95,mixture/0.2/8/5/0
0.2,8,0,1000,constant,0.052366666666666783,0.030001428032139232,0.07473190530119433,separated,60,0.95,mixture/0.2/8/5/0
0.2,8,1,400,constant,0.009916666666667018,-0.039843310308179225,0.05967664364151326,uncertain,60,0.95,mixture/0.2/8/5/1
0.2,8,1,1000,constant,0.059833333333333294,0.03627811334604225,0.08338855332062434,separated,60,0.95,mixture/0.2/8/5/1
0.2,8,2,400,constant,0.05225000000000013,0.019278127030247894,0.08522187296975237,separated,60,0.95,mixture/0.2/8/5/2
0.2,8,2,1000,constant,0.07849999999999979,0.05884953971794016,0.09815046028205943,separated,60,0.95,mixture/0.2/8/5/2
0.2,8,3,400,constant,-0.014416666666667188,-0.04481859103530106,0.015985257701966682,uncertain,60,0.95,mixture/0.2/8/5/3
0.2,8,3,1000,constant,-0.009166666666666434,-0.026549902078841447,0.008216568745508579,uncertain,60,0.95,mixture/0.2/8/5/3
0.2,8,4,400,constant,-0.11841666666666661,-0.1802629046940719,-0.056570428639261316,nonseparated,60,0.95,mixture/0.2/8/5/4
0.2,8,4,1000,constant,-0.0966333333333328,-0.12870035923945533,-0.06456630742721026,nonseparated,60,0.95,mixture/0.2/8/5/4
0.2,8,5,400,constant,0.046250000000000235,0.02021469523357322,0.07228530476642725,separated,60,0.95,mixture/0.2/8/5/5
0.2,8,5,1000,constant,0.05703333333333327,0.039829199057005216,0.07423746760966132,separated,60,0.95,mixture/0.2/8/5/5
0.2,8,6,400,constant,-0.04283333333333361,-0.06817660421746341,-0.017490062449203814,nonseparated,60,0.95,mixture/0.2/8/5/6
0.2,8,6,1000,constant,-0.031166666666666343,-0.046118522886991586,-0.0162148104463411,nonseparated,60,0.95,mixture/0.2/8/5/6
0.2,8,7,400,constant,-0.07266666666666666,-0.14133745050033952,-0.003995882832993791,nonseparated,60,0.95,mixture/0.2/8/5/7
0.2,8,7,1000,constant,-0.02363333333333295,-0.06463081889280875,0.017364152226142848,uncertain,60,0.95,mixture/0.2/8/5/7
0.2,8,8,400,constant,0.018999999999999573,-0.01318079573590103,0.051180795735900175,uncertain,60,0.95,mixture/0.2/8/5/8
0.2,8,8,1000,constant,0.04606666666666681,0.028371407787383673,0.06376192554594995,separated,60,0.95,mixture/0.2/8/5/8
0.2,8,9,400,constant,0.07333333333333303,0.05322783705242318,0.09343882961424288,separated,60,0.95,mixture/0.2/8/5/9
0.2,8,9,1000,constant,0.08179999999999976,0.0701571397116234,0.09344286028837612,separated,60,0.95,mixture/0.2/8/5/9
0.2,8,10,400,constant,-0.06116666666666659,-0.12218857752959633,-0.02780399256155497,nonseparated,60,0.95,mixture/0.2/8/5/10
0.2,8,10,1000,constant,-0.06489999999999974,-0.08503544773442695,-0.04476455226557252,nonseparated,60,0.95,mixture/0.2/8/5/10
0.2,8,11,400,constant,-0.17491666666666683,-0.19531608642842807,-0.15644298166066828,nonseparated,60,0.95,mixture/0.2/8/5/11
0.2,8,11,1000,constant,-0.16956666666666687,-0.17996669344902783,-0.1591666398843059,nonseparated,60,0.95,mixture/0.2/8/5/11
0.2,8,12,400,constant,-0.013750000000000151,-0.05002352243906438,0.02252352243906408,uncertain,60,0.95,mixture/0.2/8/5/12
0.2,8,12,1000,constant,0.016066666666667007,-0.006893769156620433,0.039027102489954446,uncertain,60,0.95,mixture/0.2/8/5/12
0.2,8,13,400,constant,0.16783333333333328,0.13772723599324177,0.19091868267786571,separated,60,0.95,mixture/0.2/8/5/13
0.2,8,13,1000,constant,0.1750333333333331,0.16043133114236258,0.18963533552430362,separated,60,0.95,mixture/0.2/8/5/13
0.2,8,14,400,constant,0.02375000000000016,0.0008760799985065848,0.046623920001493735,separated,60,0.95,mixture/0.2/8/5/14
0.2,8,14,1000,constant,0.03836666666666699,0.023512842941881162,0.053220490391452824,separated,60,0.95,mixture/0.2/8/5/14
0.2,8,15,400,constant,0.055749999999999966,0.016857959100593622,0.09464204089940631,separated,60,0.95,mixture/0.2/8/5/15
0.2,8,15,1000,constant,0.05153333333333321,0.028922338420767968,0.07414432824589845,separated,60,0.95,mixture/0.2/8/5/15
0.2,8,16,400,constant,0.028083333333333238,-0.005382791266719145,0.06154945793338562,uncertain,60,0.95,mixture/0.2/8/5/16
0.2,8,16,1000,constant,0.0395000000000002,0.016007058795880713,0.06299294120411969,separated,60,0.95,mixture/0.2/8/5/16
0.2,8,17,400,constant,0.10391666666666677,0.07443150484368921,0.13186730640397415,separated,60,0.95,mixture/0.2/8/5/17
0.2,8,17,1000,constant,0.10896666666666666,0.09001388515771491,0.1255035358093377,separated,60,0.95,mixture/0.2/8/5/17
0.2,8,18,400,constant,0.14933333333333343,0.09369807811614173,0.20496858855052513,separated,60,0.95,mixture/0.2/8/5/18
0.2,8,18,1000,constant,0.14783333333333337,0.11944887232279877,0.17621779434386797,separated,60,0.95,mixture/0.2/8/5/18
0.2,8,19,400,constant,-0.07858333333333328,-0.1390344745660118,-0.043813488618886565,nonseparated,60,0.95,mixture/0.2/8/5/19
0.2,8,19,1000,constant,-0.0720666666666665,-0.09592863165713678,-0.04820470167619617,nonseparated,60,0.95,mixture/0.2/8/5/19
0.2,9,0,400,constant,0.010250000000000092,-0.2038293949746911,0.06251975614572436,uncertain,60,0.95,mixture/0.2/9/5/0
0.2,9,0,1000,constant,0.021566666666666734,-0.13391362445439625,0.07304187345922708,uncertain,60,0.95,mixture/0.2/9/5/0
0.2,9,1,400,constant,-0.26533333333333303,-0.31198091442644565,-0.2186857522402204,nonseparated,60,0.95,mixture/0.2/9/5/1
0.2,9,1,1000,constant,-0.2481666666666666,-0.2734164628501935,-0.22291687048313968,nonseparated,60,0.95,mixture/0.2/9/5/1
0.2,9,2,400,constant,0.03466666666666651,-0.0013370440755476887,0.07067037740888071,uncertain,60,0.95,mixture/0.2/9/5/2
0.2,9,2,1000,constant,0.05423333333333302,0.03390959360498225,0.0745570730616838,separated,60,0.95,mixture/0.2/9/5/2
0.2,9,3,400,constant,-0.14933333333333298,-0.19260579714095716,-0.10606086952570881,nonseparated,60,0.95,mixture/0.2/9/5/3
0.2,9,3,1000,constant,-0.10329999999999984,-0.12622008981333221,-0.08037991018666746,nonseparated,60,0.95,mixture/0.2/9/5/3
0.2,9,4,400,constant,-0.2424166666666669,-0.28440010511858754,-0.20043322821474624,nonseparated,60,0.95,mixture/0.2/9/5/4
0.2,9,4,1000,constant,-0.24109999999999987,-0.2714436212949841,-0.21075637870501562,nonseparated,60,0.95,mixture/0.2/9/5/4
0.2,9,5,400,constant,0.17541666666666678,0.15150783358315112,0.19932549975018243,separated,60,0.95,mixture/0.2/9/5/5
0.2,9,5,1000,constant,0.18710000000000027,0.171576179586303,0.20262382041369753,separated,60,0.95,mixture/0.2/9/5/5
0.2,9,6,400,constant,-0.10316666666666663,-0.18284601531627864,-0.023487318017054615,nonseparated,60,0.95,mixture/0.2/9/5/6
0.2,9,6,1000,constant,-0.08363333333333334,-0.13096092903120637,-0.0363057376354603,nonseparated,60,0.95,mixture/0.2/9/5/6
0.2,9,7,400,constant,0.11425000000000007,0.07216756798158319,0.15633243201841696,separated,60,0.95,mixture/0.2/9/5/7
0.2,9,7,1000,constant,0.11496666666666655,0.09171233806221246,0.13822099527112064,separated,60,0.95,mixture/0.2/9/5/7
0.2,9,8,400,constant,-0.11283333333333323,-0.15393259081203658,-0.07173407585462988,nonseparated,60,0.95,mixture/0.2/9/5/8
0.2,9,8,1000,constant,-0.06983333333333341,-0.09442381404673472,-0.045242852619932106,nonseparated,60,0.95,mixture/0.2/9/5/8
0.2,9,9,400,constant,-0.032083333333333464,-0.08416407830128414,0.019997411634617213,uncertain,60,0.95,mixture/0.2/9/5/9
0.2,9,9,1000,constant,0.0010999999999998789,-0.03209612276422613,0.03429612276422589,uncertain,60,0.95,mixture/0.2/9/5/9
0.2,9,10,400,constant,-0.3984166666666662,-0.7764749999636706,-0.020358333369661752,nonseparated,60,0.95,mixture/0.2/9/5/10
0.2,9,10,1000,constant,-0.3775999999999998,-0.7250856204257832,-0.030114379574216477,nonseparated,60,0.95,mixture/0.2/9/5/10
0.2,9,11,400,constant,-0.08083333333333331,-0.11433113618606283,-0.047335530480603794,nonseparated,60,0.95,mixture/0.2/9/5/11
0.2,9,11,1000,constant,-0.0599666666666665,-0.07928872503502193,-0.04064460829831107,nonseparated,60,0.95,mixture/0.2/9/5/11
0.2,9,12,400,constant,0.14524999999999977,0.11832285324669445,0.1721771467533051,separated,60,0.95,mixture/0.2/9/5/12
0.2,9,12,1000,constant,0.1634999999999993,0.14822044745259833,0.1787795525474003,separated,60,0.95,mixture/0.2/9/5/12
0.2,9,13,400,constant,0.14850000000000063,0.07538169027739228,0.20217567356398625,separated,60,0.95,mixture/0.2/9/5/13
0.2,9,13,1000,constant,0.19373333333333376,0.16213308467848464,0.22533358198818287,separated,60,0.95,mixture/0.2/9/5/13
0.2,9,14,400,constant,-0.04850000000000021,-0.08288213397167221,-0.014117866028328208,nonseparated,60,0.95,mixture/0.2/9/5/14
0.2,9,14,1000,constant,-0.032266666666667,-0.05327972084353416,-0.011253612489799836,nonseparated,60,0.95,mixture/0.2/9/5/14
0.2,9,15,400,constant,-0.025249999999999773,-0.0680405623709538,0.01754056237095425,uncertain,60,0.95,mixture/0.2/9/5/15
0.2,9,15,1000,constant,0.0020333333333335535,-0.022146721099777777,0.026213387766444884,uncertain,60,0.95,mixture/0.2/9/5/15
0.2,9,16,400,constant,0.14625,0.1228196666225263,0.16968033337747368,separated,60,0.95,mixture/0.2/9/5/16
0.2,9,16,1000,constant,0.15413333333333368,0.13892325799695038,0.16934340866971698,separated,60,0.95,mixture/0.2/9/5/16
0.2,9,17,400,constant,-0.21000000000000008,-0.24233093225465996,-0.1776690677453402,nonseparated,60,0.95,mixture/0.2/9/5/17
0.2,9,17,1000,constant,-0.1942666666666666,-0.21473157562245526,-0.1738017577108779,nonseparated,60,0.95,mixture/0.2/9/5/17
0.2,9,18,400,constant,-0.4249166666666667,-0.44564237007209295,-0.40419096326124043,nonseparated,60,0.95,mixture/0.2/9/5/18
0.2,9,18,1000,constant,-0.42120000000000013,-0.43487876072656717,-0.4075212392734331,nonseparated,60,0.95,mixture/0.2/9/5/18
0.2,9,19,400,constant,0.16033333333333377,0.12714617638593995,0.1935204902807276,separated,60,0.95,mixture/0.2/9/5/19
0.2,9,19,1000,constant,0.17810000000000004,0.15867659028062953,0.19695211344087205,separated,60,0.95,mixture/0.2/9/5/19
0.2,10,0,400,constant,-0.4075000000000002,-0.48873823873568084,-0.33386309652987467,nonseparated,60,0.95,mixture/0.2/10/5/0
0.2,10,0,1000,constant,-0.3605333333333336,-0.40538469601273397,-0.3220031972388202,nonseparated,60,0.95,mixture/0.2/10/5/0
0.2,10,1,400,constant,-0.09241666666666637,-0.11206691019072434,-0.0727664231426084,nonseparated,60,0.95,mixture/0.2/10/5/1
0.2,10,1,1000,constant,-0.08220000000000016,-0.09492615262040005,-0.06947384737960027,nonseparated,60,0.95,mixture/0.2/10/5/1
0.2,10,2,400,constant,-0.03949999999999987,-0.08640459358276176,0.00740459358276202,uncertain,60,0.95,mixture/0.2/10/5/2
0.2,10,2,1000,constant,-0.005900000000000349,-0.02877836808607226,0.01697836808607156,uncertain,60,0.95,mixture/0.2/10/5/2
0.2,10,3,400,constant,-0.06516666666666648,-0.09749310504248498,-0.032840228290847984,nonseparated,60,0.95,mixture/0.2/10/5/3
0.2,10,3,1000,constant,-0.06503333333333317,-0.08277529928106564,-0.04729136738560069,nonseparated,60,0.95,mixture/0.2/10/5/3
0.2,10,4,400,constant,0.0783333333333337,-0.004215164914041947,0.16088183158070934,uncertain,60,0.95,mixture/0.2/10/5/4
0.2,10,4,1000,constant,0.12869999999999948,0.08391335222352103,0.17348664777647793,separated,60,0.95,mixture/0.2/10/5/4
0.2,10,5,400,constant,0.05824999999999991,-0.0057143140995472574,0.12221431409954708,uncertain,60,0.95,mixture/0.2/10/5/5
0.2,10,5,1000,constant,0.06009999999999993,0.02555124474192738,0.09464875525807248,separated,60,0.95,mixture/0.2/10/5/5
0.2,10,6,400,constant,-0.22883333333333322,-0.26679210282826027,-0.19087456383840617,nonseparated,60,0.95,mixture/0.2/10/5/6
0.2,10,6,1000,constant,-0.21700000000000008,-0.23877687047534035,-0.1952231295246598,nonseparated,60,0.95,mixture/0.2/10/5/6
0.2,10,7,400,constant,0.0412499999999999,-0.10532536770611389,0.07236149260195679,uncertain,60,0.95,mixture/0.2/10/5/7
0.2,10,7,1000,constant,0.05403333333333327,0.03721815453568689,0.07084851213097965,separated,60,0.95,mixture/0.2/10/5/7
0.2,10,8,400,constant,-0.03049999999999964,-0.09032067511972974,0.029320675119730466,uncertain,60,0.95,mixture/0.2/10/5/8
0.2,10,8,1000,constant,0.0320666666666668,0.001714034188842195,0.0624192991444914,separated,60,0.95,mixture/0.2/10/5/8
0.2,10,9,400,constant,0.0023333333333329653,-0.08222610653961715,0.028929065574543,uncertain,60,0.95,mixture/0.2/10/5/9
0.2,10,9,1000,constant,0.0071666666666667656,-0.004677846747952685,0.019011180081286216,uncertain,60,0.95,mixture/0.2/10/5/9
0.2,10,10,400,constant,-0.16508333333333325,-0.27892658119545427,-0.05695543123428415,nonseparated,60,0.95,mixture/0.2/10/5/10
0.2,10,10,1000,constant,-0.12996666666666679,-0.19635647272932438,-0.08491351896583299,nonseparated,60,0.95,mixture/0.2/10/5/10
0.2,10,11,400,constant,-0.02550000000000019,-0.07463311052261934,0.01093114931972028,uncertain,60,0.95,mixture/0.2/10/5/11
0.2,10,11,1000,constant,-0.014133333333333442,-0.030673508857330112,0.0024068421906632276,uncertain,60,0.95,mixture/0.2/10/5/11
0.2,10,12,400,constant,0.06466666666666654,0.022227125443122442,0.10441649206579995,separated,60,0.95,mixture/0.2/10/5/12
0.2,10,12,1000,constant,0.09653333333333292,0.0741416672860632,0.11892499938060264,separated,60,0.95,mixture/0.2/10/5/12
0.2,10,13,400,constant,-0.2701666666666665,-0.32437010138764144,-0.21596323194569156,nonseparated,60,0.95,mixture/0.2/10/5/13
0.2,10,13,1000,constant,-0.24576666666666652,-0.2834023512923584,-0.20813098204097463,nonseparated,60,0.95,mixture/0.2/10/5/13
0.2,10,14,400,constant,-0.04008333333333314,-0.06655688147705696,-0.013609785189609314,nonseparated,60,0.95,mixture/0.2/10/5/14
0.2,10,14,1000,constant,-0.02786666666666726,-0.04563258084014876,-0.01010075249318576,nonseparated,60,0.95,mixture/0.2/10/5/14
0.2,10,15,400,constant,-0.06433333333333358,-0.0936646930652576,-0.03500197360140955,nonseparated,60,0.95,mixture/0.2/10/5/15
0.2,10,15,1000,constant,-0.051999999999999935,-0.06873981406470542,-0.03526018593529445,nonseparated,60,0.95,mixture/0.2/10/5/15
0.2,10,16,400,constant,0.07808333333333373,0.04116899094971571,0.11499767571695174,separated,60,0.95,mixture/0.2/10/5/16
0.2,10,16,1000,constant,0.08129999999999993,0.0605028519006634,0.10209714809933645,separated,60,0.95,mixture/0.2/10/5/16
0.2,10,17,400,constant,0.07858333333333334,0.023353743451607345,0.13381292321505933,separated,60,0.95,mixture/0.2/10/5/17
0.2,10,17,1000,constant,0.10796666666666654,0.07650522510780022,0.13942810822553287,separated,60,0.95,mixture/0.2/10/5/17
0.2,10,18,400,constant,-0.1358333333333337,-0.2431709527129302,-0.02921123928421976,nonseparated,60,0.95,mixture/0.2/10/5/18
0.2,10,18,1000,constant,-0.07586666666666741,-0.13391473146228927,-0.01781860187104556,nonseparated,60,0.95,mixture/0.2/10/5/18
0.2,10,19,400,constant,0.1193333333333334,0.045727041399616475,0.17602256335073074,separated,60,0.95,mixture/0.2/10/5/19
0.2,10,19,1000,constant,0.12569999999999992,0.08172062367491972,0.16602277513034014,separated,60,0.95,mixture/0.2/10/5/19
0.3,2,0,400,constant,0.1613333333333331,0.12694898033521507,0.19571768633145115,separated,60,0.95,mixture/0.3/2/5/0
0.3,2,0,1000,constant,0.18873333333333342,0.16914626101754526,0.20832040564912158,separated,60,0.95,mixture/0.3/2/5/0
0.3,2,1,400,constant,0.39824999999999966,0.38120133343165274,0.4152986665683466,separated,60,0.95,mixture/0.3/2/5/1
0.3,2,1,1000,constant,0.40833333333333344,0.3978281339899027,0.4188385326767642,separated,60,0.95,mixture/0.3/2/5/1
0.3,2,2,400,constant,0.4900000000000001,0.4670423207347293,0.5129576792652709,separated,60,0.95,mixture/0.3/2/5/2
0.3,2,2,1000,constant,0.5045333333333332,0.4903050827665624,0.518761583900104,separated,60,0.95,mixture/0.3/2/5/2
0.3,2,3,400,constant,0.2424166666666666,0.22560110273404854,0.2592322305992847,separated,60,0.95,mixture/0.3/2/5/3
0.3,2,3,1000,constant,0.24870000000000025,0.23897463050811796,0.25842536949188255,separated,60,0.95,mixture/0.3/2/5/3
0.3,2,4,400,constant,0.15466666666666695,0.14053339752748306,0.16879993580585084,separated,60,0.95,mixture/0.3/2/5/4
0.3,2,4,1000,constant,0.1604000000000002,0.1520139416167401,0.16878605838326033,separated,60,0.95,mixture/0.3/2/5/4
0.3,2,5,400,constant,0.8534166666666672,0.8342125515095247,0.8726207818238098,separated,60,0.95,mixture/0.3/2/5/5
0.3,2,5,1000,constant,0.8637333333333326,0.8514164647463995,0.8760502019202657,separated,60,0.95,mixture/0.3/2/5/5
0.3,2,6,400,constant,0.3582500000000003,0.3422037944340598,0.3742962055659408,separated,60,0.95,mixture/0.3/2/5/6
0.3,2,6,1000,constant,0.3614333333333337,0.3505178207879387,0.37234884587872874,separated,60,0.95,mixture/0.3/2/5/6
0.3,2,7,400,constant,0.4472499999999998,0.4254133306569641,0.46908666934303556,separated,60,0.95,mixture/0.3/2/5/7
0.3,2,7,1000,constant,0.4518666666666664,0.4383567914449966,0.4653765418883362,separated,60,0.95,mixture/0.3/2/5/7
0.3,2,8,400,constant,0.19758333333333322,0.17571534175346615,0.21945132491320035,separated,60,0.95,mixture/0.3/2/5/8
0.3,2,8,1000,constant,0.19919999999999993,0.1860898097568025,0.21231019024319736,separated,60,0.95,mixture/0.3/2/5/8
0.3,2,9,400,constant,0.6660000000000004,0.6185566914742663,0.6885303970426158,separated,60,0.95,mixture/0.3/2/5/9
0.3,2,9,1000,constant,0.6714000000000001,0.6573278420498645,0.6854721579501357,separated,60,0.95,mixture/0.3/2/5/9
0.3,2,10,400,constant,0.23949999999999982,0.22468942023515326,0.2543105797648464,separated,60,0.95,mixture/0.3/2/5/10
0.3,2,10,1000,constant,0.2395666666666667,0.23113579401430218,0.24799753931903123,separated,60,0.95,mixture/0.3/2/5/10
0.3,2,11,400,constant,0.6388333333333341,0.6122089952905548,0.6654576713761134,separated,60,0.95,mixture/0.3/2/5/11
0.3,2,11,1000,constant,0.648733333333333,0.6319408548109049,0.6655258118557612,separated,60,0.95,mixture/0.3/2/5/11
0.3,2,12,400,constant,0.7773333333333331,0.7526011197050813,0.8020655469615849,separated,60,0.95,mixture/0.3/2/5/12
0.3,2,12,1000,constant,0.7892333333333337,0.7751520429440334,0.803314623722634,separated,60,0.95,mixture/0.3/2/5/12
0.3,2,13,400,constant,0.28466666666666673,0.265578503963424,0.3037548293699095,separated,60,0.95,mixture/0.3/2/5/13
0.3,2,13,1000,constant,0.2917333333333335,0.2806549528181056,0.3028117138485614,separated,60,0.95,mixture/0.3/2/5/13
0.3,2,14,400,constant,0.4948333333333331,0.4633830675904528,0.5262835990762135,separated,60,0.95,mixture/0.3/2/5/14
0.3,2,14,1000,constant,0.505433333333333,0.4860413833892544,0.5248252832774115,separated,60,0.95,mixture/0.3/2/5/14
0.3,2,15,400,constant,0.3283333333333336,0.3118683154389096,0.3447983512277576,separated,60,0.95,mixture/0.3/2/5/15
0.3,2,15,1000,constant,0.3308666666666664,0.32173039372729495,0.3400029396060379,separated,60,0.95,mixture/0.3/2/5/15
0.3,2,16,400,constant,0.7390833333333336,0.6907379194065226,0.7874287472601447,separated,60,0.95,mixture/0.3/2/5/16
0.3,2,16,1000,constant,0.7532000000000001,0.7254680088400999,0.7809319911599002,separated,60,0.95,mixture/0.3/2/5/16
0.3,2,17,400,constant,0.27549999999999963,0.2506244353063418,0.30037556469365734,separated,60,0.95,mixture/0.3/2/5/17
0.3,2,17,1000,constant,0.28666666666666674,0.27386221186930937,0.2994711214640241,separated,60,0.95,mixture/0.3/2/5/17
0.3,2,18,400,constant,0.39816666666666656,0.37384247011709615,0.42249086321623697,separated,60,0.95,mixture/0.3/2/5/18
0.3,2,18,1000,constant,0.40769999999999995,0.39299804074507405,0.42240195925492585,separated,60,0.95,mixture/0.3/2/5/18
0.3,2,19,400,constant,0.3601666666666665,0.31751901274268435,0.4028143205906487,separated,60,0.95,mixture/0.3/2/5/19
0.3,2,19,1000,constant,0.37633333333333363,0.3501872494806988,0.40247941718596847,separated,60,0.95,mixture/0.3/2/5/19
0.3,3,0,400,constant,0.2526666666666668,0.22316126621713162,0.282172067116202,separated,60,0.95,mixture/0.3/3/5/0
0.3,3,0,1000,constant,0.2613,0.2437593409252493,0.27884065907475064,separated,60,0.95,mixture/0.3/3/5/0
0.3,3,1,400,constant,0.3208333333333333,0.301826894680016,0.3398397719866506,separated,60,0.95,mixture/0.3/3/5/1
0.3,3,1,1000,constant,0.33073333333333327,0.31959684156336476,0.34186982510330177,separated,60,0.95,mixture/0.3/3/5/1
0.3,3,2,400,constant,0.11541666666666661,0.08585096909208279,0.14498236424125044,separated,60,0.95,mixture/0.3/3/5/2
0.3,3,2,1000,constant,0.1363666666666663,0.12053728244638373,0.15219605088694887,separated,60,0.95,mixture/0.3/3/5/2
0.3,3,3,400,constant,0.35958333333333325,0.31816062768941933,0.4010060389772472,separated,60,0.95,mixture/0.3/3/5/3
0.3,3,3,1000,constant,0.3800999999999999,0.35486425204750427,0.4053357479524955,separated,60,0.95,mixture/0.3/3/5/3
0.3,3,4,400,constant,0.2680833333333331,0.22314514149877196,0.3130215251678944,separated,60,0.95,mixture/0.3/3/5/4
0.3,3,4,1000,constant,0.29503333333333326,0.27129533249988214,0.3187713341667844,separated,60,0.95,mixture/0.3/3/5/4
0.3,3,5,400,constant,0.2127500000000001,0.18041926365229632,0.2450807363477039,separated,60,0.95,mixture/0.3/3/5/5
0.3,3,5,1000,constant,0.2442666666666663,0.22700677919635925,0.26152655413697334,separated,60,0.95,mixture/0.3/3/5/5
0.3,3,6,400,constant,0.29525000000000046,0.2648029314656851,0.3256970685343158,separated,60,0.95,mixture/0.3/3/5/6
0.3,3,6,1000,constant,0.30169999999999997,0.2835820040085104,0.3198179959914895,separated,60,0.95,mixture/0.3/3/5/6
0.3,3,7,400,constant,0.1447499999999997,0.12432980418932338,0.16517019581067605,separated,60,0.95,mixture/0.3/3/5/7
0.3,3,7,1000,constant,0.1483333333333331,0.13694246548136513,0.15972420118530106,separated,60,0.95,mixture/0.3/3/5/7
0.3,3,8,400,constant,0.2869166666666665,0.25856661331180586,0.3152667200215271,separated,60,0.95,mixture/0.3/3/5/8
0.3,3,8,1000,constant,0.3094,0.29306216324000145,0.32573783675999857,separated,60,0.95,mixture/0.3/3/5/8
0.3,3,9,400,constant,0.8904999999999998,0.8594475579019558,0.9215524420980438,separated,60,0.95,mixture/0.3/3/5/9
0.3,3,9,1000,constant,0.9007666666666669,0.8812310208782781,0.9203023124550558,separated,60,0.95,mixture/0.3/3/5/9
0.3,3,10,400,constant,0.24650000000000005,0.22026388331616198,0.2727361166838381,separated,60,0.95,mixture/0.3/3/5/10
0.3,3,10,1000,constant,0.2500333333333332,0.23387412050855572,0.2661925461581107,separated,60,0.95,mixture/0.3/3/5/10
0.3,3,11,400,constant,0.23908333333333298,0.21657586383085325,0.2615908028358127,separated,60,0.95,mixture/0.3/3/5/11
0.3,3,11,1000,constant,0.24333333333333335,0.22860950793307222,0.2580571587335945,separated,60,0.95,mixture/0.3/3/5/11
0.3,3,12,400,constant,0.24341666666666684,0.2216183326624276,0.264611631861,separated,60,0.95,mixture/0.3/3/5/12
0.3,3,12,1000,constant,0.24339999999999973,0.23046885751531743,0.25633114248468203,separated,60,0.95,mixture/0.3/3/5/12
0.3,3,13,400,constant,0.3220833333333337,0.2959970092392715,0.3481696574273959,separated,60,0.95,mixture/0.3/3/5/13
0.3,3,13,1000,constant,0.3374333333333335,0.32129009821024046,0.3535765684564265,separated,60,0.95,mixture/0.3/3/5/13
0.3,3,14,400,constant,0.09533333333333349,0.07257838956959495,0.11808827709707204,separated,60,0.95,mixture/0.3/3/5/14
0.3,3,14,1000,constant,0.09949999999999992,0.08594565248813757,0.11305434751186227,separated,60,0.95,mixture/0.3/3/5/14
0.3,3,15,400,constant,0.33683333333333354,0.3135534517243277,0.3601132149423394,separated,60,0.95,mixture/0.3/3/5/15
0.3,3,15,1000,constant,0.35096666666666654,0.33583592012251684,0.36609741321081624,separated,60,0.95,mixture/0.3/3/5/15
0.3,3,16,400,constant,0.19016666666666704,0.17514171153496771,0.20519162179836636,separated,60,0.95,mixture/0.3/3/5/16
0.3,3,16,1000,constant,0.1929666666666665,0.1838266202004477,0.2021067131328853,separated,60,0.95,mixture/0.3/3/5/16
0.3,3,17,400,constant,0.24016666666666686,0.21198345682446773,0.268349876508866,separated,60,0.95,mixture/0.3/3/5/17
0.3,3,17,1000,constant,0.26246666666666685,0.2464518496257655,0.2784814837075682,separated,60,0.95,mixture/0.3/3/5/17
0.3,3,18,400,constant,0.21766666666666656,0.18483098397709807,0.23991196858462027,separated,60,0.95,mixture/0.3/3/5/18
0.3,3,18,1000,constant,0.22210000000000008,0.2010146534858902,0.2375923986355828,separated,60,0.95,mixture/0.3/3/5/18
0.3,3,19,400,constant,0.15799999999999992,0.11984746075102759,0.19615253924897225,separated,60,0.95,mixture/0.3/3/5/19
0.3,3,19,1000,constant,0.17516666666666703,0.1551795102448037,0.19515382308853035,separated,60,0.95,mixture/0.3/3/5/19
0.3,4,0,400,constant,0.23183333333333334,0.20279237275025475,0.2608742939164119,separated,60,0.95,mixture/0.3/4/5/0
0.3,4,0,1000,constant,0.2404666666666665,0.22475987967410294,0.25617345365923005,separated,60,0.95,mixture/0.3/4/5/0
0.3,4,1,400,constant,0.3181666666666666,0.2946486667135808,0.3416846666197524,separated,60,0.95,mixture/0.3/4/5/1
0.3,4,1,1000,constant,0.3309333333333333,0.31762296745087804,0.34424369921578857,separated,60,0.95,mixture/0.3/4/5/1
0.3,4,2,400,constant,0.20558333333333312,0.17017221957780992,0.2409944470888563,separated,60,0.95,mixture/0.3/4/5/2
0.3,4,2,1000,constant,0.22830000000000006,0.20661900022938562,0.2499809997706145,separated,60,0.95,mixture/0.3/4/5/2
0.3,4,3,400,constant,0.43925000000000003,0.41383194885403707,0.464668051145963,separated,60,0.95,mixture/0.3/4/5/3
0.3,4,3,1000,constant,0.4498333333333332,0.43596080318016117,0.4637058634865052,separated,60,0.95,mixture/0.3/4/5/3
0.3,4,4,400,constant,0.14258333333333362,0.12147440684379063,0.1636922598228766,separated,60,0.95,mixture/0.3/4/5/4
0.3,4,4,1000,constant,0.13803333333333323,0.12575716486765498,0.15030950179901148,separated,60,0.95,mixture/0.3/4/5/4
0.3,4,5,400,constant,0.5324166666666665,0.5126919445784297,0.5521413887549034,separated,60,0.95,mixture/0.3/4/5/5
0.3,4,5,1000,constant,0.5372666666666662,0.5257042212926444,0.5488291120406881,separated,60,0.95,mixture/0.3/4/5/5
0.3,4,6,400,constant,0.14074999999999993,0.11561113898569386,0.165888861014306,separated,60,0.95,mixture/0.3/4/5/6
0.3,4,6,1000,constant,0.1518333333333335,0.13879290840767922,0.16487375825898776,separated,60,0.95,mixture/0.3/4/5/6
0.3,4,7,400,constant,0.12366666666666681,0.10758115348705422,0.1397521798462794,separated,60,0.95,mixture/0.3/4/5/7
0.3,4,7,1000,constant,0.1298666666666668,0.11938949605198212,0.14034383728135147,separated,60,0.95,mixture/0.3/4/5/7
0.3,4,8,400,constant,0.18750000000000022,0.16615271883013494,0.2088472811698655,separated,60,0.95,mixture/0.3/4/5/8
0.3,4,8,1000,constant,0.18903333333333328,0.17635621215304476,0.2017104545136218,separated,60,0.95,mixture/0.3/4/5/8
0.3,4,9,400,constant,0.22991666666666666,0.20541821307205022,0.24986907503040645,separated,60,0.95,mixture/0.3/4/5/9
0.3,4,9,1000,constant,0.24773333333333336,0.2299446422706355,0.2606981984861688,separated,60,0.95,mixture/0.3/4/5/9
0.3,4,10,400,constant,-0.02466666666666706,-0.05075280695387541,0.0014194736205412894,uncertain,60,0.95,mixture/0.3/4/5/10
0.3,4,10,1000,constant,-0.027366666666666317,-0.04261790423947376,-0.012115429093858876,nonseparated,60,0.95,mixture/0.3/4/5/10
0.3,4,11,400,constant,0.04849999999999999,0.02757789177430625,0.06942210822569372,separated,60,0.95,mixture/0.3/4/5/11
0.3,4,11,1000,constant,0.055466666666666775,0.0446880643600418,0.06624526897329175,separated,60,0.95,mixture/0.3/4/5/11
0.3,4,12,400,constant,0.2056666666666669,0.18483523273738267,0.2264981005959511,separated,60,0.95,mixture/0.3/4/5/12
0.3,4,12,1000,constant,0.2144999999999997,0.20115865901322727,0.2278413409867721,separated,60,0.95,mixture/0.3/4/5/12
0.3,4,13,400,constant,0.1224166666666664,0.10638378136244964,0.13844955197088316,separated,60,0.95,mixture/0.3/4/5/13
0.3,4,13,1000,constant,0.12990000000000002,0.11966470260938955,0.14013529739061048,separated,60,0.95,mixture/0.3/4/5/13
0.3,4,14,400,constant,0.12216666666666642,0.0972390695595775,0.14709426377375534,separated,60,0.95,mixture/0.3/4/5/14
0.3,4,14,1000,constant,0.13480000000000025,0.12081710285825131,0.1487828971417492,separated,60,0.95,mixture/0.3/4/5/14
0.3,4,15,400,constant,0.17650000000000032,0.1386382371646735,0.21436176283532715,separated,60,0.95,mixture/0.3/4/5/15
0.3,4,15,1000,constant,0.18010000000000026,0.15684858237980848,0.20335141762019204,separated,60,0.95,mixture/0.3/4/5/15
0.3,4,16,400,constant,0.32499999999999996,0.29405438164516373,0.3559456183548362,separated,60,0.95,mixture/0.3/4/5/16
0.3,4,16,1000,constant,0.34330000000000005,0.32613928347363164,0.36046071652636846,separated,60,0.95,mixture/0.3/4/5/16
0.3,4,17,400,constant,0.012250000000000094,-0.02331889578608004,0.04781889578608023,uncertain,60,0.95,mixture/0.3/4/5/17
0.3,4,17,1000,constant,0.04693333333333349,0.027650130811513685,0.0662165358551533,separated,60,0.95,mixture/0.3/4/5/17
0.3,4,18,400,constant,0.20966666666666667,0.19293619326835842,0.2263971400649749,separated,60,0.95,mixture/0.3/4/5/18
0.3,4,18,1000,constant,0.22053333333333347,0.21167390666851216,0.22939275999815478,separated,60,0.95,mixture/0.3/4/5/18
0.3,4,19,400,constant,0.12191666666666667,0.10249108155150088,0.14134225178183246,separated,60,0.95,mixture/0.3/4/5/19
0.3,4,19,1000,constant,0.11929999999999974,0.10821761549499298,0.1303823845050065,separated,60,0.95,mixture/0.3/4/5/19
0.3,5,0,400,constant,0.21050000000000002,0.18474566944717763,0.2362543305528224,separated,60,0.95,mixture/0.3/5/5/0
0.3,5,0,1000,constant,0.22329999999999983,0.20649167957197634,0.24010832042802333,separated,60,0.95,mixture/0.3/5/5/0
0.3,5,1,400,constant,0.17483333333333317,0.1426389146006507,0.20702775206601565,separated,60,0.95,mixture/0.3/5/5/1
0.3,5,1,1000,constant,0.18313333333333326,0.16503389604102903,0.2012327706256375,separated,60,0.95,mixture/0.3/5/5/1
0.3,5,2,400,constant,0.09549999999999981,0.07506150566334668,0.11593849433665293,separated,60,0.95,mixture/0.3/5/5/2
0.3,5,2,1000,constant,0.09439999999999993,0.08243361704202923,0.10636638295797063,separated,60,0.95,mixture/0.3/5/5/2
0.3,5,3,400,constant,0.029666666666666397,-0.0031615482164280007,0.062494881549760795,uncertain,60,0.95,mixture/0.3/5/5/3
0.3,5,3,1000,constant,0.04543333333333355,0.026358693422153134,0.06450797324451396,separated,60,0.95,mixture/0.3/5/5/3
0.3,5,4,400,constant,0.2160000000000003,0.18286814442990817,0.24913185557009243,separated,60,0.95,mixture/0.3/5/5/4
0.3,5,4,1000,constant,0.22556666666666636,0.20646986219787322,0.2446634711354595,separated,60,0.95,mixture/0.3/5/5/4
0.3,5,5,400,constant,0.08991666666666653,0.0693211735583974,0.11051215977493567,separated,60,0.95,mixture/0.3/5/5/5
0.3,5,5,1000,constant,0.09043333333333303,0.07970326896570967,0.10116339770095639,separated,60,0.95,mixture/0.3/5/5/5
0.3,5,6,400,constant,0.06541666666666701,0.0373258079696599,0.09350752536367413,separated,60,0.95,mixture/0.3/5/5/6
0.3,5,6,1000,constant,0.07366666666666666,0.0568648510973474,0.09046848223598591,separated,60,0.95,mixture/0.3/5/5/6
0.3,5,7,400,constant,0.20774999999999988,0.17916138352473243,0.23633861647526733,separated,60,0.95,mixture/0.3/5/5/7
0.3,5,7,1000,constant,0.21576666666666677,0.19896830139452604,0.2325650319388075,separated,60,0.95,mixture/0.3/5/5/7
0.3,5,8,400,constant,0.2605000000000004,0.2380487076663993,0.2829512923336015,separated,60,0.95,mixture/0.3/5/5/8
0.3,5,8,1000,constant,0.2665000000000002,0.25165905456200566,0.2813409454379947,separated,60,0.95,mixture/0.3/5/5/8
0.3,5,9,400,constant,0.13883333333333292,0.12290012960340513,0.1547665370632607,separated,60,0.95,mixture/0.3/5/5/9
0.3,5,9,1000,constant,0.14006666666666656,0.13043404958905802,0.1496992837442751,separated,60,0.95,mixture/0.3/5/5/9
0.3,5,10,400,constant,0.17999999999999938,0.15322855509896283,0.20677144490103594,separated,60,0.95,mixture/0.3/5/5/10
0.3,5,10,1000,constant,0.18803333333333305,0.17359822404390823,0.20246844262275787,separated,60,0.95,mixture/0.3/5/5/10
0.3,5,11,400,constant,0.18325000000000025,0.15729716149772122,0.20920283850227928,separated,60,0.95,mixture/0.3/5/5/11
0.3,5,11,1000,constant,0.1970333333333335,0.18246031737083812,0.2116063492958289,separated,60,0.95,mixture/0.3/5/5/11
0.3,5,12,400,constant,0.19658333333333378,0.17859160424670617,0.21457506241996138,separated,60,0.95,mixture/0.3/5/5/12
0.3,5,12,1000,constant,0.1994666666666669,0.18907797725285902,0.2098553560804748,separated,60,0.95,mixture/0.3/5/5/12
0.3,5,13,400,constant,0.10633333333333328,0.08871490058030096,0.1239517660863656,separated,60,0.95,mixture/0.3/5/5/13
0.3,5,13,1000,constant,0.10996666666666655,0.09845813029814399,0.1214752030351891,separated,60,0.95,mixture/0.3/5/5/13
0.3,5,14,400,constant,0.13616666666666666,0.10782663637186007,0.16450669696147324,separated,60,0.95,mixture/0.3/5/5/14
0.3,5,14,1000,constant,0.14870000000000017,0.13208691281300267,0.16531308718699766,separated,60,0.95,mixture/0.3/5/5/14
0.3,5,15,400,constant,0.08433333333333326,0.0628183631897773,0.10584830347688923,separated,60,0.95,mixture/0.3/5/5/15
0.3,5,15,1000,constant,0.09120000000000061,0.0782658255009514,0.10413417449904983,separated,60,0.95,mixture/0.3/5/5/15
0.3,5,16,400,constant,0.12583333333333369,0.08509533783836898,0.1665713288282984,separated,60,0.95,mixture/0.3/5/5/16
0.3,5,16,1000,constant,0.12760000000000005,0.10407057666280684,0.15112942333719326,separated,60,0.95,mixture/0.3/5/5/16
0.3,5,17,400,constant,0.10916666666666675,0.09239122510765918,0.1259421082256743,separated,60,0.95,mixture/0.3/5/5/17
0.3,5,17,1000,constant,0.113866666666667,0.10444528388578167,0.12328804944755234,separated,60,0.95,mixture/0.3/5/5/17
0.3,5,18,400,constant,0.047083333333333255,0.02943359949863522,0.06473306716803129,separated,60,0.95,mixture/0.3/5/5/18
0.3,5,18,1000,constant,0.04959999999999998,0.03869107179725728,0.06050892820274267,separated,60,0.95,mixture/0.3/5/5/18
0.3,5,19,400,constant,0.21133333333333315,0.1855814844725,0.2370851821941663,separated,60,0.95,mixture/0.3/5/5/19
0.3,5,19,1000,constant,0.21150000000000024,0.19508777213708994,0.22791222786291054,separated,60,0.95,mixture/0.3/5/5/19
0.3,6,0,400,constant,0.034166666666666345,0.00925558294605322,0.05907775038727947,separated,60,0.95,mixture/0.3/6/5/0
0.3,6,0,1000,constant,0.035566666666666746,0.01935628143587864,0.05177705189745485,separated,60,0.95,mixture/0.3/6/5/0
0.3,6,1,400,constant,-0.10358333333333347,-0.14773416546517515,-0.059432501201491794,nonseparated,60,0.95,mixture/0.3/6/5/1
0.3,6,1,1000,constant,-0.09096666666666664,-0.11662387109795769,-0.06530946223537559,nonseparated,60,0.95,mixture/0.3/6/5/1
0.3,6,2,400,constant,0.07000000000000028,0.04771335802746024,0.09228664197254033,separated,60,0.95,mixture/0.3/6/5/2
0.3,6,2,1000,constant,0.07733333333333359,0.06289246393136827,0.0917742027352989,separated,60,0.95,mixture/0.3/6/5/2
0.3,6,3,400,constant,0.04441666666666655,-0.0005715505457460912,0.08940488387907919,uncertain,60,0.95,mixture/0.3/6/5/3
0.3,6,3,1000,constant,0.04253333333333342,0.017204216316173193,0.06786245035049365,separated,60,0.95,mixture/0.3/6/5/3
0.3,6,4,400,constant,0.15716666666666668,0.135234074686838,0.17682027790982147,separated,60,0.95,mixture/0.3/6/5/4
0.3,6,4,1000,constant,0.16449999999999998,0.1534022941078813,0.1752259294370786,separated,60,0.95,mixture/0.3/6/5/4
0.3,6,5,400,constant,0.10683333333333356,0.0871605751437704,0.1265060915228967,separated,60,0.95,mixture/0.3/6/5/5
0.3,6,5,1000,constant,0.12036666666666695,0.10902889633974189,0.13170443699359202,separated,60,0.95,mixture/0.3/6/5/5
0.3,6,6,400,constant,0.24049999999999994,0.20486970311869523,0.27613029688130464,separated,60,0.95,mixture/0.3/6/5/6
0.3,6,6,1000,constant,0.25906666666666667,0.23731475577157446,0.2808185775617589,separated,60,0.95,mixture/0.3/6/5/6
0.3,6,7,400,constant,0.1360833333333331,0.11868982215832968,0.15347684450833654,separated,60,0.95,mixture/0.3/6/5/7
0.3,6,7,1000,constant,0.15023333333333333,0.13990674168090123,0.16055992498576543,separated,60,0.95,mixture/0.3/6/5/7
0.3,6,8,400,constant,0.014749999999999819,-0.008211904025998695,0.03771190402599833,uncertain,60,0.95,mixture/0.3/6/5/8
0.3,6,8,1000,constant,0.033800000000000274,0.020302188775688346,0.0472978112243122,separated,60,0.95,mixture/0.3/6/5/8
0.3,6,9,400,constant,0.09625000000000017,0.07593080717958245,0.11656919282041789,separated,60,0.95,mixture/0.3/6/5/9
0.3,6,9,1000,constant,0.09846666666666704,0.08583506076600078,0.11109827256733329,separated,60,0.95,mixture/0.3/6/5/9
0.3,6,10,400,constant,-0.2369166666666665,-0.2944837009136996,-0.1808553792095946,nonseparated,60,0.95,mixture/0.3/6/5/10
0.3,6,10,1000,constant,-0.2357333333333333,-0.26982103721613776,-0.20180628177999987,nonseparated,60,0.95,mixture/0.3/6/5/10
0.3,6,11,400,constant,-0.08733333333333337,-0.1138311116454106,-0.06083555502125615,nonseparated,60,0.95,mixture/0.3/6/5/11
0.3,6,11,1000,constant,-0.08693333333333308,-0.1030331985925853,-0.07083346807408086,nonseparated,60,0.95,mixture/0.3/6/5/11
0.3,6,12,400,constant,0.06558333333333322,0.046712022884484616,0.08445464378218182,separated,60,0.95,mixture/0.3/6/5/12
0.3,6,12,1000,constant,0.07299999999999984,0.059422471533725596,0.08657752846627409,separated,60,0.95,mixture/0.3/6/5/12
0.3,6,13,400,constant,0.03133333333333299,0.012405446930772834,0.05026121973589315,separated,60,0.95,mixture/0.3/6/5/13
0.3,6,13,1000,constant,0.03159999999999985,0.02008484094377061,0.04311515905622909,separated,60,0.95,mixture/0.3/6/5/13
0.3,6,14,400,constant,0.1277499999999998,0.10303026283103489,0.15246973716896473,separated,60,0.95,mixture/0.3/6/5/14
0.3,6,14,1000,constant,0.14076666666666648,0.12837523591211675,0.15315809742121622,separated,60,0.95,mixture/0.3/6/5/14
0.3,6,15,400,constant,-0.062166666666666814,-0.08575595391316537,-0.038577379420168256,nonseparated,60,0.95,mixture/0.3/6/5/15
0.3,6,15,1000,constant,-0.05510000000000015,-0.07045954196201043,-0.03974045803798987,nonseparated,60,0.95,mixture/0.3/6/5/15
0.3,6,16,400,constant,0.09375000000000011,0.07584859068924432,0.1116514093107559,separated,60,0.95,mixture/0.3/6/5/16
0.3,6,16,1000,constant,0.09650000000000003,0.0864066997611912,0.10659330023880886,separated,60,0.95,mixture/0.3/6/5/16
0.3,6,17,400,constant,0.09224999999999961,0.06426674326429216,0.12023325673570706,separated,60,0.95,mixture/0.3/6/5/17
0.3,6,17,1000,constant,0.10360000000000025,0.08758556216483682,0.11961443783516368,separated,60,0.95,mixture/0.3/6/5/17
0.3,6,18,400,constant,0.18999999999999984,0.142254081211456,0.23774591878854368,separated,60,0.95,mixture/0.3/6/5/18
0.3,6,18,1000,constant,0.20023333333333293,0.17267730629166222,0.22778936037500364,separated,60,0.95,mixture/0.3/6/5/18
0.3,6,19,400,constant,0.1509166666666668,0.13245414958942903,0.1693791837439046,separated,60,0.95,mixture/0.3/6/5/19
0.3,6,19,1000,constant,0.1475000000000002,0.13621017790620338,0.158789822093797,separated,60,0.95,mixture/0.3/6/5/19
0.3,7,0,400,constant,0.12608333333333344,0.08378820778112928,0.16276597341752785,separated,60,0.95,mixture/0.3/7/5/0
0.3,7,0,1000,constant,0.12419999999999987,0.10268594261996311,0.14571405738003662,separated,60,0.95,mixture/0.3/7/5/0
0.3,7,1,400,constant,0.1117499999999998,0.08447035677925896,0.13902964322074063,separated,60,0.95,mixture/0.3/7/5/1
0.3,7,1,1000,constant,0.12949999999999995,0.11244730018470539,0.1465526998152945,separated,60,0.95,mixture/0.3/7/5/1
0.3,7,2,400,constant,0.0298333333333336,-0.0067168120302445455,0.06638347869691175,uncertain,60,0.95,mixture/0.3/7/5/2
0.3,7,2,1000,constant,0.03413333333333346,0.011732091749718787,0.05653457491694813,separated,60,0.95,mixture/0.3/7/5/2
0.3,7,3,400,constant,0.0814999999999999,0.04627353292774716,0.11672646707225265,separated,60,0.95,mixture/0.3/7/5/3
0.3,7,3,1000,constant,0.10830000000000028,0.08937678825996087,0.1272232117400397,separated,60,0.95,mixture/0.3/7/5/3
0.3,7,4,400,constant,0.0018333333333331314,-0.03243381747167606,0.036100484138342326,uncertain,60,0.95,mixture/0.3/7/5/4
0.3,7,4,1000,constant,0.01973333333333316,-0.0010079225214719711,0.04047458918813829,uncertain,60,0.95,mixture/0.3/7/5/4
0.3,7,5,400,constant,0.08433333333333293,-0.022257005970511723,0.16981463363492888,uncertain,60,0.95,mixture/0.3/7/5/5
0.3,7,5,1000,constant,0.11213333333333331,0.050312297321624344,0.1705766064038543,separated,60,0.95,mixture/0.3/7/5/5
0.3,7,6,400,constant,0.14891666666666692,0.12910393133839604,0.1687294019949378,separated,60,0.95,mixture/0.3/7/5/6
0.3,7,6,1000,constant,0.16170000000000007,0.1512063938872854,0.17219360611271473,separated,60,0.95,mixture/0.3/7/5/6
0.3,7,7,400,constant,0.17925000000000013,0.16190690794631202,0.19659309205368825,separated,60,0.95,mixture/0.3/7/5/7
0.3,7,7,1000,constant,0.18443333333333323,0.17454162154508457,0.19432504512158189,separated,60,0.95,mixture/0.3/7/5/7
0.3,7,8,400,constant,-0.009916666666666796,-0.032845873480411014,0.013012540147077423,uncertain,60,0.95,mixture/0.3/7/5/8
0.3,7,8,1000,constant,0.005266666666666309,-0.00946910337236806,0.020002436705700677,uncertain,60,0.95,mixture/0.3/7/5/8
0.3,7,9,400,constant,0.04149999999999976,0.010011012483233439,0.06913064314808881,separated,60,0.95,mixture/0.3/7/5/9
0.3,7,9,1000,constant,0.046033333333332926,0.0324890420248275,0.059577624641838356,separated,60,0.95,mixture/0.3/7/5/9
0.3,7,10,400,constant,0.05425000000000013,0.03441139030672424,0.07408860969327602,separated,60,0.95,mixture/0.3/7/5/10
0.3,7,10,1000,constant,0.06213333333333326,0.050727923759488425,0.0735387429071781,separated,60,0.95,mixture/0.3/7/5/10
0.3,7,11,400,constant,0.07724999999999982,0.054506887437566154,0.09999311256243348,separated,60,0.95,mixture/0.3/7/5/11
0.3,7,11,1000,constant,0.0849333333333332,0.07263723215601658,0.0972294345106498,separated,60,0.95,mixture/0.3/7/5/11
0.3,7,12,400,constant,0.1934166666666669,0.1518404174514436,0.21847714638964177,separated,60,0.95,mixture/0.3/7/5/12
0.3,7,12,1000,constant,0.18943333333333334,0.17178028347373586,0.20346847280411728,separated,60,0.95,mixture/0.3/7/5/12
0.3,7,13,400,constant,0.1153333333333334,0.0883694316784881,0.1422972349881787,separated,60,0.95,mixture/0.3/7/5/13
0.3,7,13,1000,constant,0.127966666666667,0.11088110093842807,0.14505223239490594,separated,60,0.95,mixture/0.3/7/5/13
0.3,7,14,400,constant,0.1290833333333331,0.11064343384086395,0.14752323282580226,separated,60,0.95,mixture/0.3/7/5/14
0.3,7,14,1000,constant,0.13926666666666687,0.12727028273852348,0.15126305059481027,separated,60,0.95,mixture/0.3/7/5/14
0.3,7,15,400,constant,0.0016666666666669272,-0.01934461838538093,0.022677951718714784,uncertain,60,0.95,mixture/0.3/7/5/15
0.3,7,15,1000,constant,0.011066666666666447,-0.0026032427313644746,0.02473657606469737,uncertain,60,0.95,mixture/0.3/7/5/15
0.3,7,16,400,constant,-0.09325000000000006,-0.13726750739388593,-0.049232492606114175,nonseparated,60,0.95,mixture/0.3/7/5/16
0.3,7,16,1000,constant,-0.10649999999999993,-0.13548368779178888,-0.07751631220821098,nonseparated,60,0.95,mixture/0.3/7/5/16
0.3,7,17,400,constant,0.06391666666666662,0.04118308313697794,0.0866502501963553,separated,60,0.95,mixture/0.3/7/5/17
0.3,7,17,1000,constant,0.08089999999999986,0.06930639162589824,0.09249360837410148,separated,60,0.95,mixture/0.3/7/5/17
0.3,7,18,400,constant,0.09125000000000028,0.06899593791972003,0.11350406208028052,separated,60,0.95,mixture/0.3/7/5/18
0.3,7,18,1000,constant,0.09589999999999999,0.0825574625645562,0.10924253743544377,separated,60,0.95,mixture/0.3/7/5/18
0.3,7,19,400,constant,0.10250000000000037,0.07065521756071769,0.13117769533440415,separated,60,0.95,mixture/0.3/7/5/19
0.3,7,19,1000,constant,0.11683333333333346,0.10038147224273908,0.12965552305017758,separated,60,0.95,mixture/0.3/7/5/19
0.3,8,0,400,constant,0.16424999999999967,0.14288979534838797,0.18561020465161138,separated,60,0.95,mixture/0.3/8/5/0
0.3,8,0,1000,constant,0.1677333333333333,0.15579724516759486,0.17966942149907172,separated,60,0.95,mixture/0.3/8/5/0
0.3,8,1,400,constant,0.023416666666666308,0.004524518023993229,0.04230881530933939,separated,60,0.95,mixture/0.3/8/5/1
0.3,8,1,1000,constant,0.026699999999999946,0.015999565674952754,0.03740043432504714,separated,60,0.95,mixture/0.3/8/5/1
0.3,8,2,400,constant,0.042583333333333084,0.018307668794598775,0.0668589978720674,separated,60,0.95,mixture/0.3/8/5/2
0.3,8,2,1000,constant,0.048699999999999855,0.034643893926957436,0.06275610607304227,separated,60,0.95,mixture/0.3/8/5/2
0.3,8,3,400,constant,0.12624999999999997,0.09986844678333295,0.152631553216667,separated,60,0.95,mixture/0.3/8/5/3
0.3,8,3,1000,constant,0.13273333333333315,0.11707951959921947,0.14838714706744682,separated,60,0.95,mixture/0.3/8/5/3
0.3,8,4,400,constant,0.1289166666666669,0.09537952366194424,0.16245380967138956,separated,60,0.95,mixture/0.3/8/5/4
0.3,8,4,1000,constant,0.14896666666666658,0.1295501889332623,0.16838314440007085,separated,60,0.95,mixture/0.3/8/5/4
0.3,8,5,400,constant,-0.028666666666666174,-0.06114909140538072,0.0038157580720483697,uncertain,60,0.95,mixture/0.3/8/5/5
0.3,8,5,1000,constant,-0.016133333333333333,-0.03410111300516483,0.0018344463384981635,uncertain,60,0.95,mixture/0.3/8/5/5
0.3,8,6,400,constant,-0.04475000000000029,-0.0692037228616742,-0.02029627713832638,nonseparated,60,0.95,mixture/0.3/8/5/6
0.3,8,6,1000,constant,-0.03846666666666698,-0.05235865095447623,-0.024574682378857737,nonseparated,60,0.95,mixture/0.3/8/5/6
0.3,8,7,400,constant,0.11758333333333326,0.08352529046220891,0.1516413762044576,separated,60,0.95,mixture/0.3/8/5/7
0.3,8,7,1000,constant,0.1238999999999999,0.10350056149676812,0.14429943850323168,separated,60,0.95,mixture/0.3/8/5/7
0.3,8,8,400,constant,0.07833333333333303,0.05600460126733542,0.10066206539933065,separated,60,0.95,mixture/0.3/8/5/8
0.3,8,8,1000,constant,0.08763333333333323,0.07395799666404856,0.1013086700026179,separated,60,0.95,mixture/0.3/8/5/8
0.3,8,9,400,constant,0.07741666666666669,0.0423732461820423,0.11246008715129108,separated,60,0.95,mixture/0.3/8/5/9
0.3,8,9,1000,constant,0.07753333333333345,0.05343034206298036,0.10163632460368655,separated,60,0.95,mixture/0.3/8/5/9
0.3,8,10,400,constant,-0.010916666666666797,-0.03955082527247311,0.017717491939139518,uncertain,60,0.95,mixture/0.3/8/5/10
0.3,8,10,1000,constant,-0.009566666666666723,-0.026602064755191224,0.007468731421857777,uncertain,60,0.95,mixture/0.3/8/5/10
0.3,8,11,400,constant,0.04908333333333337,0.021625399715550886,0.07388976999195129,separated,60,0.95,mixture/0.3/8/5/11
0.3,8,11,1000,constant,0.04613333333333314,0.033056233714606975,0.0592104329520593,separated,60,0.95,mixture/0.3/8/5/11
0.3,8,12,400,constant,0.049416666666666775,0.022132312316729075,0.07670102101660448,separated,60,0.95,mixture/0.3/8/5/12
0.3,8,12,1000,constant,0.058399999999999785,0.04248075848489319,0.07248769984001513,separated,60,0.95,mixture/0.3/8/5/12
0.3,8,13,400,constant,0.12283333333333302,0.08328058474547506,0.16238608192119097,separated,60,0.95,mixture/0.3/8/5/13
0.3,8,13,1000,constant,0.13669999999999993,0.11289451895079783,0.16050548104920204,separated,60,0.95,mixture/0.3/8/5/13
0.3,8,14,400,constant,0.035250000000000004,0.0024864266292228265,0.06801357337077718,separated,60,0.95,mixture/0.3/8/5/14
0.3,8,14,1000,constant,0.03913333333333302,0.01782833146859686,0.06043833519806918,separated,60,0.95,mixture/0.3/8/5/14
0.3,8,15,400,constant,-0.01891666666666658,-0.04551974467804398,0.0076864113447108195,uncertain,60,0.95,mixture/0.3/8/5/15
0.3,8,15,1000,constant,-0.008266666666666533,-0.02406259233679897,0.007529259003465905,uncertain,60,0.95,mixture/0.3/8/5/15
0.3,8,16,400,constant,0.12491666666666701,0.09632264856570538,0.15351068476762864,separated,60,0.95,mixture/0.3/8/5/16
0.3,8,16,1000,constant,0.1374999999999995,0.12043071181940679,0.15456928818059223,separated,60,0.95,mixture/0.3/8/5/16
0.3,8,17,400,constant,0.12133333333333318,0.09898583666640126,0.1436808300002651,separated,60,0.95,mixture/0.3/8/5/17
0.3,8,17,1000,constant,0.13103333333333333,0.11901287811176697,0.1430537885548997,separated,60,0.95,mixture/0.3/8/5/17
0.3,8,18,400,constant,0.05441666666666689,0.026566290979256557,0.08226704235407722,separated,60,0.95,mixture/0.3/8/5/18
0.3,8,18,1000,constant,0.06979999999999997,0.052111448715590036,0.08748855128440991,separated,60,0.95,mixture/0.3/8/5/18
0.3,8,19,400,constant,-0.21666666666666667,-0.24853828368573583,-0.18479504964759752,nonseparated,60,0.95,mixture/0.3/8/5/19
0.3,8,19,1000,constant,-0.19813333333333316,-0.21386021916632159,-0.18240644750034474,nonseparated,60,0.95,mixture/0.3/8/5/19
0.3,9,0,400,constant,-0.0770833333333335,-0.09872121248382626,-0.05544545418284075,nonseparated,60,0.95,mixture/0.3/9/5/0
0.3,9,0,1000,constant,-0.06773333333333331,-0.08230801673094801,-0.053158649935718616,nonseparated,60,0.95,mixture/0.3/9/5/0
0.3,9,1,400,constant,0.11633333333333307,0.08807380730558734,0.14454342995396507,separated,60,0.95,mixture/0.3/9/5/1
0.3,9,1,1000,constant,0.11499999999999977,0.0991778034380566,0.1302776247072296,separated,60,0.95,mixture/0.3/9/5/1
0.3,9,2,400,constant,-0.10941666666666672,-0.1326498413600271,-0.08618349197330633,nonseparated,60,0.95,mixture/0.3/9/5/2
0.3,9,2,1000,constant,-0.10360000000000003,-0.1171807264492496,-0.09001927355075046,nonseparated,60,0.95,mixture/0.3/9/5/2
0.3,9,3,400,constant,-0.09833333333333338,-0.13901406587889098,-0.05765260078777579,nonseparated,60,0.95,mixture/0.3/9/5/3
0.3,9,3,1000,constant,-0.08073333333333343,-0.1046263432207426,-0.05684032344592427,nonseparated,60,0.95,mixture/0.3/9/5/3
0.3,9,4,400,constant,-0.07116666666666627,-0.11524720382484888,-0.02708612950848366,nonseparated,60,0.95,mixture/0.3/9/5/4
0.3,9,4,1000,constant,-0.04323333333333346,-0.07524814657355083,-0.01121852009311608,nonseparated,60,0.95,mixture/0.3/9/5/4
0.3,9,5,400,constant,0.008749999999999813,-0.02147411060632909,0.038974110606328716,uncertain,60,0.95,mixture/0.3/9/5/5
0.3,9,5,1000,constant,0.02853333333333319,0.010578075732489034,0.04648859093417734,separated,60,0.95,mixture/0.3/9/5/5
0.3,9,6,400,constant,0.019083333333333452,-0.007332151379662699,0.04465257130614553,uncertain,60,0.95,mixture/0.3/9/5/6
0.3,9,6,1000,constant,0.03820000000000001,0.02189647959841956,0.05260631676101202,separated,60,0.95,mixture/0.3/9/5/6
0.3,9,7,400,constant,0.042666666666666964,-0.014424523895401609,0.09975785722873554,uncertain,60,0.95,mixture/0.3/9/5/7
0.3,9,7,1000,constant,0.07633333333333359,0.04281486145531832,0.10985180521134885,separated,60,0.95,mixture/0.3/9/5/7
0.3,9,8,400,constant,0.01766666666666672,-0.02344366423016986,0.0587769975635033,uncertain,60,0.95,mixture/0.3/9/5/8
0.3,9,8,1000,constant,0.03090000000000015,0.004712467810489063,0.057087532189511236,separated,60,0.95,mixture/0.3/9/5/8
0.3,9,9,400,constant,0.049416666666667,0.006178729690247908,0.09265460364308609,separated,60,0.95,mixture/0.3/9/5/9
0.3,9,9,1000,constant,0.07183333333333375,0.04670505848985651,0.09696160817681099,separated,60,0.95,mixture/0.3/9/5/9
0.3,9,10,400,constant,0.036833333333333274,0.0009124465740691923,0.07275422009259735,separated,60,0.95,mixture/0.3/9/5/10
0.3,9,10,1000,constant,0.05056666666666687,0.028926725190478564,0.07220660814285518,separated,60,0.95,mixture/0.3/9/5/10
0.3,9,11,400,constant,-0.1590833333333334,-0.20749689761092088,-0.11066976905574599,nonseparated,60,0.95,mixture/0.3/9/5/11
0.3,9,11,1000,constant,-0.16696666666666649,-0.1922364036109731,-0.14169692972235987,nonseparated,60,0.95,mixture/0.3/9/5/11
0.3,9,12,400,constant,-0.010333333333333083,-0.03772578276236471,0.017059116095698545,uncertain,60,0.95,mixture/0.3/9/5/12
0.3,9,12,1000,constant,0.0020999999999996577,-0.014006426618793921,0.018206426618793237,uncertain,60,0.95,mixture/0.3/9/5/12
0.3,9,13,400,constant,-0.03949999999999998,-0.058032007539074004,-0.020967992460925955,nonseparated,60,0.95,mixture/0.3/9/5/13
0.3,9,13,1000,constant,-0.0316666666666664,-0.04191415841452284,-0.021419174918809958,nonseparated,60,0.95,mixture/0.3/9/5/13
0.3,9,14,400,constant,-0.0438333333333335,-0.06745609509565409,-0.020210571571012914,nonseparated,60,0.95,mixture/0.3/9/5/14
0.3,9,14,1000,constant,-0.03589999999999993,-0.05027230939560723,-0.021527690604392635,nonseparated,60,0.95,mixture/0.3/9/5/14
0.3,9,15,400,constant,-0.015666666666666496,-0.03551695186838533,0.004183618535052336,uncertain,60,0.95,mixture/0.3/9/5/15
0.3,9,15,1000,constant,-0.01020000000000032,-0.021843620105758355,0.0014436201057577147,uncertain,60,0.95,mixture/0.3/9/5/15
0.3,9,16,400,constant,-0.027250000000000107,-0.05000786174531913,-0.004492138254681088,nonseparated,60,0.95,mixture/0.3/9/5/16
0.3,9,16,1000,constant,-0.02063333333333317,-0.03396087025627015,-0.0073057964103961925,nonseparated,60,0.95,mixture/0.3/9/5/16
0.3,9,17,400,constant,-0.05741666666666634,-0.08987225490881101,-0.024961078424521665,nonseparated,60,0.95,mixture/0.3/9/5/17
0.3,9,17,1000,constant,-0.04163333333333352,-0.0603885034266437,-0.02287816324002334,nonseparated,60,0.95,mixture/0.3/9/5/17
0.3,9,18,400,constant,0.002083333333333215,-0.025454819786751348,0.029621486453417778,uncertain,60,0.95,mixture/0.3/9/5/18
0.3,9,18,1000,constant,0.007999999999999785,-0.008674189967443513,0.024674189967443083,uncertain,60,0.95,mixture/0.3/9/5/18
0.3,9,19,400,constant,0.0375000000000002,0.012479000770854842,0.06252099922914556,separated,60,0.95,mixture/0.3/9/5/19
0.3,9,19,1000,constant,0.05056666666666676,0.0383786856482099,0.06275464768512362,separated,60,0.95,mixture/0.3/9/5/19
0.3,10,0,400,constant,0.099833333333333,0.06659087527180385,0.12696144467736048,separated,60,0.95,mixture/0.3/10/5/0
0.3,10,0,1000,constant,0.11629999999999963,0.09779722510064881,0.13326333634582777,separated,60,0.95,mixture/0.3/10/5/0
0.3,10,1,400,constant,0.04033333333333344,0.013053788863510163,0.06761287780315672,separated,60,0.95,mixture/0.3/10/5/1
0.3,10,1,1000,constant,0.052099999999999924,0.035966300352694214,0.06823369964730563,separated,60,0.95,mixture/0.3/10/5/1
0.3,10,2,400,constant,-0.14433333333333342,-0.17676368629453387,-0.11190298037213298,nonseparated,60,0.95,mixture/0.3/10/5/2
0.3,10,2,1000,constant,-0.13019999999999998,-0.1500004722275151,-0.11039952777248485,nonseparated,60,0.95,mixture/0.3/10/5/2
0.3,10,3,400,constant,-0.028416666666666646,-0.053855124348536565,-0.0029782089847967264,nonseparated,60,0.95,mixture/0.3/10/5/3
0.3,10,3,1000,constant,-0.02163333333333306,-0.037751848996306236,-0.005514817670359884,nonseparated,60,0.95,mixture/0.3/10/5/3
0.3,10,4,400,constant,-0.4751666666666668,-0.5156085322165422,-0.4347248011167914,nonseparated,60,0.95,mixture/0.3/10/5/4
0.3,10,4,1000,constant,-0.46033333333333354,-0.48694199568572605,-0.43372467098094103,nonseparated,60,0.95,mixture/0.3/10/5/4
0.3,10,5,400,constant,-0.04391666666666638,-0.10886098003380351,0.021027646700470748,uncertain,60,0.95,mixture/0.3/10/5/5
0.3,10,5,1000,constant,-0.00639999999999985,-0.043678790769481224,0.030878790769481523,uncertain,60,0.95,mixture/0.3/10/5/5
0.3,10,6,400,constant,0.15724999999999978,0.13414547885232597,0.18035452114767359,separated,60,0.95,mixture/0.3/10/5/6
0.3,10,6,1000,constant,0.17143333333333344,0.1573176520167746,0.18554901464989226,separated,60,0.95,mixture/0.3/10/5/6
0.3,10,7,400,constant,0.034250000000000114,-0.034377474674031294,0.10287747467403152,uncertain,60,0.95,mixture/0.3/10/5/7
0.3,10,7,1000,constant,0.08466666666666656,0.04491790367905979,0.10558770207995827,separated,60,0.95,mixture/0.3/10/5/7
0.3,10,8,400,constant,-0.10483333333333344,-0.15534556712155734,-0.05432109954510955,nonseparated,60,0.95,mixture/0.3/10/5/8
0.3,10,8,1000,constant,-0.10626666666666684,-0.13729539330870155,-0.07523794002463213,nonseparated,60,0.95,mixture/0.3/10/5/8
0.3,10,9,400,constant,-0.009750000000000036,-0.057167005823014705,0.014619080093098424,uncertain,60,0.95,mixture/0.3/10/5/9
0.3,10,9,1000,constant,-0.0039000000000000146,-0.01845959572934408,0.010659595729344051,uncertain,60,0.95,mixture/0.3/10/5/9
0.3,10,10,400,constant,0.015000000000000124,-0.03321441721894791,0.056130374643667436,uncertain,60,0.95,mixture/0.3/10/5/10
0.3,10,10,1000,constant,0.012566666666666726,-0.012252307081177749,0.0373856404145112,uncertain,60,0.95,mixture/0.3/10/5/10
0.3,10,11,400,constant,-0.12274999999999991,-0.16962857316127988,-0.07587142683871995,nonseparated,60,0.95,mixture/0.3/10/5/11
0.3,10,11,1000,constant,-0.10756666666666659,-0.13699918725429194,-0.07813414607904123,nonseparated,60,0.95,mixture/0.3/10/5/11
0.3,10,12,400,constant,-0.1858333333333334,-0.2302774994611591,-0.14138916720550765,nonseparated,60,0.95,mixture/0.3/10/5/12
0.3,10,12,1000,constant,-0.17739999999999972,-0.20724480497357112,-0.14755519502642833,nonseparated,60,0.95,mixture/0.3/10/5/12
0.3,10,13,400,constant,0.09608333333333352,0.07006471479001486,0.12210195187665218,separated,60,0.95,mixture/0.3/10/5/13
0.3,10,13,1000,constant,0.1013666666666666,0.08355743073939836,0.11917590259393485,separated,60,0.95,mixture/0.3/10/5/13
0.3,10,14,400,constant,-0.06816666666666649,-0.10719330316030706,-0.02960500817473044,nonseparated,60,0.95,mixture/0.3/10/5/14
0.3,10,14,1000,constant,-0.04500000000000004,-0.06424166948219567,-0.03004109569013258,nonseparated,60,0.95,mixture/0.3/10/5/14
0.3,10,15,400,constant,-0.08258333333333334,-0.12792806968165227,-0.037238596985014416,nonseparated,60,0.95,mixture/0.3/10/5/15
0.3,10,15,1000,constant,-0.07686666666666653,-0.10274308375276964,-0.05099024958056342,nonseparated,60,0.95,mixture/0.3/10/5/15
0.3,10,16,400,constant,-0.03333333333333377,-0.061338031964268014,-0.005328634702399526,nonseparated,60,0.95,mixture/0.3/10/5/16
0.3,10,16,1000,constant,-0.022800000000000264,-0.03728243860586844,-0.00831756139413209,nonseparated,60,0.95,mixture/0.3/10/5/16
0.3,10,17,400,constant,-0.0014166666666666217,-0.029780668133356336,0.026947334800023093,uncertain,60,0.95,mixture/0.3/10/5/17
0.3,10,17,1000,constant,0.009833333333333583,-0.006302065975937632,0.025968732642604797,uncertain,60,0.95,mixture/0.3/10/5/17
0.3,10,18,400,constant,0.011999999999999678,-0.01898231488529334,0.038275141641950006,uncertain,60,0.95,mixture/0.3/10/5/18
0.3,10,18,1000,constant,0.02083333333333326,0.0048729949205853496,0.03439431222885303,separated,60,0.95,mixture/0.3/10/5/18
0.3,10,19,400,constant,-0.10899999999999987,-0.13596667547488295,-0.0820333245251168,nonseparated,60,0.95,mixture/0.3/10/5/19
0.3,10,19,1000,constant,-0.0953333333333336,-0.11197983015331958,-0.07868683651334762,nonseparated,60,0.95,mixture/0.3/10/5/19
0.4,2,0,400,constant,0.3097500000000001,0.2918353995161268,0.32766460048387336,separated,60,0.95,mixture/0.4/2/5/0
0.4,2,0,1000,constant,0.3135000000000001,0.3029001897210327,0.3240998102789675,separated,60,0.95,mixture/0.4/2/5/0
0.4,2,1,400,constant,0.2599166666666667,0.23601909320569947,0.2838142401276339,separated,60,0.95,mixture/0.4/2/5/1
0.4,2,1,1000,constant,0.2825000000000001,0.2699550190405927,0.29504498095940757,separated,60,0.95,mixture/0.4/2/5/1
0.4,2,2,400,constant,0.19041666666666646,0.17539765052522283,0.2054356828081101,separated,60,0.95,mixture/0.4/2/5/2
0.4,2,2,1000,constant,0.20099999999999973,0.19114601687326815,0.21085398312673131,separated,60,0.95,mixture/0.4/2/5/2
0.4,2,3,400,constant,0.3514999999999997,0.33172982549602836,0.37127017450397104,separated,60,0.95,mixture/0.4/2/5/3
0.4,2,3,1000,constant,0.36253333333333293,0.3493337687235153,0.37573289794315057,separated,60,0.95,mixture/0.4/2/5/3
0.4,2,4,400,constant,0.5754166666666667,0.5489831165716095,0.6018502167617239,separated,60,0.95,mixture/0.4/2/5/4
0.4,2,4,1000,constant,0.5875333333333331,0.5720133064957409,0.6030533601709254,separated,60,0.95,mixture/0.4/2/5/4
0.4,2,5,400,constant,0.6194999999999996,0.5931299345066597,0.6458700654933395,separated,60,0.95,mixture/0.4/2/5/5
0.4,2,5,1000,constant,0.6255333333333332,0.6112380920011569,0.6393401971105978,separated,60,0.95,mixture/0.4/2/5/5
0.4,2,6,400,constant,0.20966666666666678,0.18825305114707225,0.2310802821862613,separated,60,0.95,mixture/0.4/2/5/6
0.4,2,6,1000,constant,0.21623333333333328,0.20474649793079258,0.22772016873587397,separated,60,0.95,mixture/0.4/2/5/6
0.4,2,7,400,constant,0.5577499999999999,0.5191236293498662,0.5963763706501335,separated,60,0.95,mixture/0.4/2/5/7
0.4,2,7,1000,constant,0.556966666666667,0.5306375049243895,0.5832958284089446,separated,60,0.95,mixture/0.4/2/5/7
0.4,2,8,400,constant,0.10733333333333372,0.09356915099520113,0.12109751567146632,separated,60,0.95,mixture/0.4/2/5/8
0.4,2,8,1000,constant,0.1104999999999996,0.10254501917903869,0.11845498082096051,separated,60,0.95,mixture/0.4/2/5/8
0.4,2,9,400,constant,0.11783333333333301,0.09448332346010446,0.14118334320656156,separated,60,0.95,mixture/0.4/2/5/9
0.4,2,9,1000,constant,0.126933333333333,0.11374415814287342,0.1401225085237926,separated,60,0.95,mixture/0.4/2/5/9
0.4,2,10,400,constant,0.1080833333333332,0.08703973229171003,0.12912693437495637,separated,60,0.95,mixture/0.4/2/5/10
0.4,2,10,1000,constant,0.10510000000000008,0.09280593086495659,0.11739406913504358,separated,60,0.95,mixture/0.4/2/5/10
0.4,2,11,400,constant,0.21124999999999983,0.1934567339889003,0.22904326601109937,separated,60,0.95,mixture/0.4/2/5/11
0.4,2,11,1000,constant,0.2153333333333326,0.20426397605069047,0.22640269061597473,separated,60,0.95,mixture/0.4/2/5/11
0.4,2,12,400,constant,0.4053333333333332,0.38299011456573484,0.4276765521009316,separated,60,0.95,mixture/0.4/2/5/12
0.4,2,12,1000,constant,0.42063333333333364,0.40700123905433483,0.43426542761233244,separated,60,0.95,mixture/0.4/2/5/12
0.4,2,13,400,constant,0.33074999999999966,0.3151194066559807,0.3463805933440186,separated,60,0.95,mixture/0.4/2/5/13
0.4,2,13,1000,constant,0.33069999999999955,0.32034214280318907,0.34105785719681003,separated,60,0.95,mixture/0.4/2/5/13
0.4,2,14,400,constant,0.23524999999999996,0.21537411275162377,0.25512588724837615,separated,60,0.95,mixture/0.4/2/5/14
0.4,2,14,1000,constant,0.23419999999999908,0.22324683504436782,0.24515316495563033,separated,60,0.95,mixture/0.4/2/5/14
0.4,2,15,400,constant,0.34358333333333324,0.3155068581216678,0.3716598085449987,separated,60,0.95,mixture/0.4/2/5/15
0.4,2,15,1000,constant,0.3494333333333335,0.33494289048939574,0.36392377617727123,separated,60,0.95,mixture/0.4/2/5/15
0.4,2,16,400,constant,0.33991666666666687,0.32155425284382244,0.3582790804895113,separated,60,0.95,mixture/0.4/2/5/16
0.4,2,16,1000,constant,0.3393999999999995,0.32918227444822035,0.3496177255517785,separated,60,0.95,mixture/0.4/2/5/16
0.4,2,17,400,constant,0.15924999999999978,0.144712958647646,0.17378704135235357,separated,60,0.95,mixture/0.4/2/5/17
0.4,2,17,1000,constant,0.16436666666666666,0.15576030866401458,0.17297302466931874,separated,60,0.95,mixture/0.4/2/5/17
0.4,2,18,400,constant,0.9328333333333333,0.906117359525889,0.9595493071407776,separated,60,0.95,mixture/0.4/2/5/18
0.4,2,18,1000,constant,0.935,0.9207460719439845,0.9492539280560156,separated,60,0.95,mixture/0.4/2/5/18
0.4,2,19,400,constant,0.5290833333333336,0.5018253630081942,0.5563413036584729,separated,60,0.95,mixture/0.4/2/5/19
0.4,2,19,1000,constant,0.5411,0.5243494347619582,0.5578505652380419,separated,60,0.95,mixture/0.4/2/5/19
0.4,3,0,400,constant,0.5086666666666666,0.48017119938954456,0.5371621339437886,separated,60,0.95,mixture/0.4/3/5/0
0.4,3,0,1000,constant,0.5177333333333335,0.4980779580857372,0.5373887085809298,separated,60,0.95,mixture/0.4/3/5/0
0.4,3,1,400,constant,0.13974999999999993,0.11641855715039195,0.1630814428496079,separated,60,0.95,mixture/0.4/3/5/1
0.4,3,1,1000,constant,0.14773333333333338,0.13322712823144478,0.16223953843522199,separated,60,0.95,mixture/0.4/3/5/1
0.4,3,2,400,constant,0.20308333333333328,0.17945112445479616,0.2267155422118704,separated,60,0.95,mixture/0.4/3/5/2
0.4,3,2,1000,constant,0.21289999999999998,0.19987109144845971,0.22592890855154024,separated,60,0.95,mixture/0.4/3/5/2
0.4,3,3,400,constant,0.08158333333333323,0.061168959610297335,0.10199770705636912,separated,60,0.95,mixture/0.4/3/5/3
0.4,3,3,1000,constant,0.07823333333333282,0.06633386368624872,0.09013280298041693,separated,60,0.95,mixture/0.4/3/5/3
0.4,3,4,400,constant,0.1300833333333331,0.1089459834408919,0.1512206832257743,separated,60,0.95,mixture/0.4/3/5/4
0.4,3,4,1000,constant,0.1373333333333333,0.12538846243433033,0.1492782042323363,separated,60,0.95,mixture/0.4/3/5/4
0.4,3,5,400,constant,0.19208333333333327,0.15623494385951675,0.2279317228071498,separated,60,0.95,mixture/0.4/3/5/5
0.4,3,5,1000,constant,0.19613333333333316,0.17734059207451425,0.21492607459215207,separated,60,0.95,mixture/0.4/3/5/5
0.4,3,6,400,constant,0.021083333333333454,0.004444599671283966,0.03772206699538294,separated,60,0.95,mixture/0.4/3/5/6
0.4,3,6,1000,constant,0.02770000000000017,0.018967066869183147,0.03643293313081719,separated,60,0.95,mixture/0.4/3/5/6
0.4,3,7,400,constant,0.1453333333333332,0.12877480307692912,0.16189186358973728,separated,60,0.95,mixture/0.4/3/5/7
0.4,3,7,1000,constant,0.15256666666666652,0.14133022539319617,0.16380310794013686,separated,60,0.95,mixture/0.4/3/5/7
0.4,3,8,400,constant,0.17366666666666697,0.15839692058572685,0.18893641274760709,separated,60,0.95,mixture/0.4/3/5/8
0.4,3,8,1000,constant,0.17496666666666683,0.16519875181919585,0.1847345815141378,separated,60,0.95,mixture/0.4/3/5/8
0.4,3,9,400,constant,0.26908333333333323,0.24599158039981284,0.2921750862668536,separated,60,0.95,mixture/0.4/3/5/9
0.4,3,9,1000,constant,0.2682000000000001,0.254430625773296,0.2819693742267042,separated,60,0.95,mixture/0.4/3/5/9
0.4,3,10,400,constant,0.10491666666666677,0.08742994870997844,0.1224033846233551,separated,60,0.95,mixture/0.4/3/5/10
0.4,3,10,1000,constant,0.11659999999999981,0.10480324617457248,0.12839675382542715,separated,60,0.95,mixture/0.4/3/5/10
0.4,3,11,400,constant,0.2879166666666668,0.26503002623145544,0.3108033071018782,separated,60,0.95,mixture/0.4/3/5/11
0.4,3,11,1000,constant,0.2913999999999999,0.2778417740144917,0.30495822598550804,separated,60,0.95,mixture/0.4/3/5/11
0.4,3,12,400,constant,0.15291666666666648,0.12955880474024573,0.17627452859308723,separated,60,0.95,mixture/0.4/3/5/12
0.4,3,12,1000,constant,0.15829999999999977,0.14592230964495,0.17067769035504954,separated,60,0.95,mixture/0.4/3/5/12
0.4,3,13,400,constant,0.1628333333333336,0.14106343841165825,0.18460322825500897,separated,60,0.95,mixture/0.4/3/5/13
0.4,3,13,1000,constant,0.16723333333333323,0.15347996784810436,0.1809866988185621,separated,60,0.95,mixture/0.4/3/5/13
0.4,3,14,400,constant,0.3280833333333335,0.3067994509715072,0.3493672156951598,separated,60,0.95,mixture/0.4/3/5/14
0.4,3,14,1000,constant,0.33526666666666693,0.32319814940151526,0.3473351839318186,separated,60,0.95,mixture/0.4/3/5/14
0.4,3,15,400,constant,0.10291666666666655,0.08063450931603866,0.12519882401729443,separated,60,0.95,mixture/0.4/3/5/15
0.4,3,15,1000,constant,0.11176666666666646,0.09842430204993446,0.12510903128339845,separated,60,0.95,mixture/0.4/3/5/15
0.4,3,16,400,constant,0.2273333333333336,0.20785734340736217,0.24680932325930505,separated,60,0.95,mixture/0.4/3/5/16
0.4,3,16,1000,constant,0.22963333333333302,0.21717799546340888,0.24208867120325717,separated,60,0.95,mixture/0.4/3/5/16
0.4,3,17,400,constant,0.2981666666666666,0.26709645641329094,0.3292368769200421,separated,60,0.95,mixture/0.4/3/5/17
0.4,3,17,1000,constant,0.29989999999999994,0.2797814089901677,0.3200185910098322,separated,60,0.95,mixture/0.4/3/5/17
0.4,3,18,400,constant,0.10791666666666666,0.09099105424731813,0.1248422790860152,separated,60,0.95,mixture/0.4/3/5/18
0.4,3,18,1000,constant,0.11070000000000013,0.10030152215350074,0.12109847784649952,separated,60,0.95,mixture/0.4/3/5/18
0.4,3,19,400,constant,0.4924166666666667,0.46324503343291645,0.521588299900417,separated,60,0.95,mixture/0.4/3/5/19
0.4,3,19,1000,constant,0.5030666666666669,0.4841484082242292,0.5219849251091045,separated,60,0.95,mixture/0.4/3/5/19
0.4,4,0,400,constant,0.18908333333333327,0.16864382079166373,0.2095228458750028,separated,60,0.95,mixture/0.4/4/5/0
0.4,4,0,1000,constant,0.2058333333333333,0.1915532885096295,0.22011337815703713,separated,60,0.95,mixture/0.4/4/5/0
0.4,4,1,400,constant,0.09666666666666635,0.07779513560837759,0.1155381977249551,separated,60,0.95,mixture/0.4/4/5/1
0.4,4,1,1000,constant,0.09913333333333307,0.08759551057993464,0.1106711560867315,separated,60,0.95,mixture/0.4/4/5/1
0.4,4,2,400,constant,0.032500000000000084,0.0034484346923532305,0.06155156530764694,separated,60,0.95,mixture/0.4/4/5/2
0.4,4,2,1000,constant,0.052433333333333665,0.034889251124510245,0.06997741554215708,separated,60,0.95,mixture/0.4/4/5/2
0.4,4,3,400,constant,0.005916666666666348,-0.022359268319804393,0.03419260165313709,uncertain,60,0.95,mixture/0.4/4/5/3
0.4,4,3,1000,constant,0.02746666666666686,0.012944886554293489,0.041988446779040234,separated,60,0.95,mixture/0.4/4/5/3
0.4,4,4,400,constant,0.31625000000000003,0.28534061826008794,0.3471593817399121,separated,60,0.95,mixture/0.4/4/5/4
0.4,4,4,1000,constant,0.3207,0.30255595454851947,0.3388440454514805,separated,60,0.95,mixture/0.4/4/5/4
0.4,4,5,400,constant,0.17149999999999999,0.13929803729057266,0.2037019627094273,separated,60,0.95,mixture/0.4/4/5/5
0.4,4,5,1000,constant,0.1812666666666668,0.16337871343344534,0.19915461989988825,separated,60,0.95,mixture/0.4/4/5/5
0.4,4,6,400,constant,0.20100000000000007,0.1802422966400855,0.22175770335991463,separated,60,0.95,mixture/0.4/4/5/6
0.4,4,6,1000,constant,0.20809999999999984,0.1941719183330919,0.2220280816669078,separated,60,0.95,mixture/0.4/4/5/6
0.4,4,7,400,constant,0.2762500000000001,0.22803412674766432,0.29944400696405227,separated,60,0.95,mixture/0.4/4/5/7
0.4,4,7,1000,constant,0.28436666666666666,0.26971934075816983,0.2990139925751635,separated,60,0.95,mixture/0.4/4/5/7
0.4,4,8,400,constant,0.06541666666666646,0.03695581328923658,0.09387752004409633,separated,60,0.95,mixture/0.4/4/5/8
0.4,4,8,1000,constant,0.07109999999999983,0.054656637915374784,0.08754336208462488,separated,60,0.95,mixture/0.4/4/5/8
0.4,4,9,400,constant,0.0289166666666667,-0.0050476287692611255,0.06288096210259453,uncertain,60,0.95,mixture/0.4/4/5/9
0.4,4,9,1000,constant,0.05376666666666652,0.035222435007656094,0.07231089832567694,separated,60,0.95,mixture/0.4/4/5/9
0.4,4,10,400,constant,0.16016666666666668,0.14311916053176144,0.17721417280157192,separated,60,0.95,mixture/0.4/4/5/10
0.4,4,10,1000,constant,0.1608333333333336,0.15114211286252022,0.170524553804147,separated,60,0.95,mixture/0.4/4/5/10
0.4,4,11,400,constant,0.09866666666666657,0.07915910405822368,0.11798083724654307,separated,60,0.95,mixture/0.4/4/5/11
0.4,4,11,1000,constant,0.10239999999999994,0.09289778084289702,0.11146062969152237,separated,60,0.95,mixture/0.4/4/5/11
0.4,4,12,400,constant,0.17125000000000012,0.1482168824558191,0.19428311754418115,separated,60,0.95,mixture/0.4/4/5/12
0.4,4,12,1000,constant,0.1705000000000001,0.1580142172112069,0.1829857827887933,separated,60,0.95,mixture/0.4/4/5/12
0.4,4,13,400,constant,0.21441666666666692,0.1954469694425749,0.23338636389075895,separated,60,0.95,mixture/0.4/4/5/13
0.4,4,13,1000,constant,0.2185666666666669,0.20632019823136716,0.23081313510196666,separated,60,0.95,mixture/0.4/4/5/13
0.4,4,14,400,constant,0.15674999999999983,0.1314381231699091,0.18206187683009056,separated,60,0.95,mixture/0.4/4/5/14
0.4,4,14,1000,constant,0.17656666666666676,0.16203110768676654,0.19110222564656698,separated,60,0.95,mixture/0.4/4/5/14
0.4,4,15,400,constant,0.14266666666666694,0.1099612770295082,0.17537205630382569,separated,60,0.95,mixture/0.4/4/5/15
0.4,4,15,1000,constant,0.1506666666666665,0.12951678058646687,0.16652345451150563,separated,60,0.95,mixture/0.4/4/5/15
0.4,4,16,400,constant,0.18241666666666667,0.16328097042820688,0.20155236290512646,separated,60,0.95,mixture/0.4/4/5/16
0.4,4,16,1000,constant,0.1890333333333336,0.17720570890198062,0.2008609577646866,separated,60,0.95,mixture/0.4/4/5/16
0.4,4,17,400,constant,0.05599999999999994,0.03667973715200601,0.07532026284799387,separated,60,0.95,mixture/0.4/4/5/17
0.4,4,17,1000,constant,0.06666666666666687,0.055670771612956416,0.07766256172037733,separated,60,0.95,mixture/0.4/4/5/17
0.4,4,18,400,constant,0.09358333333333368,0.07281931008085152,0.11434735658581585,separated,60,0.95,mixture/0.4/4/5/18
0.4,4,18,1000,constant,0.10199999999999998,0.0907387315694892,0.11326126843051076,separated,60,0.95,mixture/0.4/4/5/18
0.4,4,19,400,constant,0.09675000000000011,0.0705099456335807,0.12299005436641952,separated,60,0.95,mixture/0.4/4/5/19
0.4,4,19,1000,constant,0.11836666666666695,0.10390210762327212,0.13283122571006178,separated,60,0.95,mixture/0.4/4/5/19
0.4,5,0,400,constant,0.12708333333333321,0.10522437141776098,0.14894229524890545,separated,60,0.95,mixture/0.4/5/5/0
0.4,5,0,1000,constant,0.13639999999999985,0.12260263598945731,0.1501973640105424,separated,60,0.95,mixture/0.4/5/5/0
0.4,5,1,400,constant,0.0035000000000000586,-0.01992984689874211,0.026929846898742227,uncertain,60,0.95,mixture/0.4/5/5/1
0.4,5,1,1000,constant,0.006366666666666521,-0.00792660928443556,0.0206599426177686,uncertain,60,0.95,mixture/0.4/5/5/1
0.4,5,2,400,constant,0.17666666666666642,0.15544942461089462,0.19788390872243822,separated,60,0.95,mixture/0.4/5/5/2
0.4,5,2,1000,constant,0.1821666666666666,0.17117856408046217,0.193154769252871,separated,60,0.95,mixture/0.4/5/5/2
0.4,5,3,400,constant,0.015000000000000346,-0.009949340505834403,0.039949340505835096,uncertain,60,0.95,mixture/0.4/5/5/3
0.4,5,3,1000,constant,0.02763333333333351,0.01333415848923003,0.04193250817743699,separated,60,0.95,mixture/0.4/5/5/3
0.4,5,4,400,constant,0.10816666666666686,0.0910542101181957,0.125279123215138,separated,60,0.95,mixture/0.4/5/5/4
0.4,5,4,1000,constant,0.11739999999999995,0.10695060052373151,0.1278493994762684,separated,60,0.95,mixture/0.4/5/5/4
0.4,5,5,400,constant,0.10799999999999998,0.07238073907846032,0.1364057723787957,separated,60,0.95,mixture/0.4/5/5/5
0.4,5,5,1000,constant,0.11756666666666649,0.1038941722024167,0.13123916113091627,separated,60,0.95,mixture/0.4/5/5/5
0.4,5,6,400,constant,0.02683333333333382,1.858641329455235e-05,0.05364808025337309,separated,60,0.95,mixture/0.4/5/5/6
0.4,5,6,1000,constant,0.03776666666666695,0.02045770852324491,0.055075624810088986,separated,60,0.95,mixture/0.4/5/5/6
0.4,5,7,400,constant,0.06858333333333355,0.048065481407043587,0.08910118525962352,separated,60,0.95,mixture/0.4/5/5/7
0.4,5,7,1000,constant,0.08430000000000015,0.0723356497143749,0.09626435028562541,separated,60,0.95,mixture/0.4/5/5/7
0.4,5,8,400,constant,0.11649999999999983,0.09267321268110917,0.14032678731889048,separated,60,0.95,mixture/0.4/5/5/8
0.4,5,8,1000,constant,0.12023333333333353,0.1042064552267441,0.13505709184225045,separated,60,0.95,mixture/0.4/5/5/8
0.4,5,9,400,constant,0.10525000000000007,0.07386863034301594,0.12906729022260122,separated,60,0.95,mixture/0.4/5/5/9
0.4,5,9,1000,constant,0.10406666666666675,0.09130463927797738,0.11682869405535612,separated,60,0.95,mixture/0.4/5/5/9
0.4,5,10,400,constant,0.026333333333332987,0.002108365036734061,0.05055830162993191,separated,60,0.95,mixture/0.4/5/5/10
0.4,5,10,1000,constant,0.037033333333333585,0.02191525281881379,0.05215141384785338,separated,60,0.95,mixture/0.4/5/5/10
0.4,5,11,400,constant,0.12741666666666696,0.11081955611684202,0.1440137772164919,separated,60,0.95,mixture/0.4/5/5/11
0.4,5,11,1000,constant,0.12629999999999997,0.11595240070250956,0.13664759929749037,separated,60,0.95,mixture/0.4/5/5/11
0.4,5,12,400,constant,-0.3376666666666668,-0.3794128441022483,-0.29592048923108527,nonseparated,60,0.95,mixture/0.4/5/5/12
0.4,5,12,1000,constant,-0.32550000000000023,-0.34866816474455586,-0.3023318352554446,nonseparated,60,0.95,mixture/0.4/5/5/12
0.4,5,13,400,constant,0.21608333333333274,0.19147465263325159,0.2406920140334139,separated,60,0.95,mixture/0.4/5/5/13
0.4,5,13,1000,constant,0.21766666666666656,0.20405643339854718,0.23127689993478595,separated,60,0.95,mixture/0.4/5/5/13
0.4,5,14,400,constant,0.058666666666666645,0.04119773917755232,0.07613559415578097,separated,60,0.95,mixture/0.4/5/5/14
0.4,5,14,1000,constant,0.06353333333333333,0.05315224707250754,0.07391441959415912,separated,60,0.95,mixture/0.4/5/5/14
0.4,5,15,400,constant,-0.024250000000000216,-0.058829800596908344,0.010329800596907912,uncertain,60,0.95,mixture/0.4/5/5/15
0.4,5,15,1000,constant,0.0010333333333336636,-0.018231940248036427,0.020298606914703754,uncertain,60,0.95,mixture/0.4/5/5/15
0.4,5,16,400,constant,-0.08750000000000013,-0.11270188997503805,-0.06229811002496222,nonseparated,60,0.95,mixture/0.4/5/5/16
0.4,5,16,1000,constant,-0.07119999999999982,-0.08451592866509716,-0.057884071334902476,nonseparated,60,0.95,mixture/0.4/5/5/16
0.4,5,17,400,constant,0.00833333333333286,-0.021375107719756703,0.03804177438642242,uncertain,60,0.95,mixture/0.4/5/5/17
0.4,5,17,1000,constant,0.03350000000000031,0.018193592808795622,0.04880640719120499,separated,60,0.95,mixture/0.4/5/5/17
0.4,5,18,400,constant,0.11333333333333306,0.09446863136627737,0.13219803530038876,separated,60,0.95,mixture/0.4/5/5/18
0.4,5,18,1000,constant,0.11583333333333323,0.1050899311483422,0.12657673551832427,separated,60,0.95,mixture/0.4/5/5/18
0.4,5,19,400,constant,0.14491666666666625,0.11731693100565266,0.17251640232767984,separated,60,0.95,mixture/0.4/5/5/19
0.4,5,19,1000,constant,0.16870000000000007,0.15254823946019458,0.18485176053980557,separated,60,0.95,mixture/0.4/5/5/19
0.4,6,0,400,constant,-8.333333333299109e-05,-0.019668808723860343,0.01950214205719436,uncertain,60,0.95,mixture/0.4/6/5/0
0.4,6,0,1000,constant,0.007033333333333336,-0.0038803280783462624,0.017946994745012934,uncertain,60,0.95,mixture/0.4/6/5/0
0.4,6,1,400,constant,0.09366666666666668,0.06725779926805342,0.11912774564329598,separated,60,0.95,mixture/0.4/6/5/1
0.4,6,1,1000,constant,0.09550000000000003,0.08072768917731366,0.1102723108226864,separated,60,0.95,mixture/0.4/6/5/1
0.4,6,2,400,constant,0.03733333333333311,0.004972030753390921,0.0696946359132753,separated,60,0.95,mixture/0.4/6/5/2
0.4,6,2,1000,constant,0.04546666666666699,0.02674803095366629,0.06418530237966769,separated,60,0.95,mixture/0.4/6/5/2
0.4,6,3,400,constant,0.10224999999999951,0.07658303889481577,0.12791696110518325,separated,60,0.95,mixture/0.4/6/5/3
0.4,6,3,1000,constant,0.10873333333333335,0.09197479424952248,0.1254918724171442,separated,60,0.95,mixture/0.4/6/5/3
0.4,6,4,400,constant,0.029416666666666536,-0.01382760802425953,0.0726609413575926,uncertain,60,0.95,mixture/0.4/6/5/4
0.4,6,4,1000,constant,0.043533333333333535,0.020081129436182343,0.06654829149342745,separated,60,0.95,mixture/0.4/6/5/4
0.4,6,5,400,constant,0.06283333333333352,0.03618566741069229,0.08948099925597475,separated,60,0.95,mixture/0.4/6/5/5
0.4,6,5,1000,constant,0.08129999999999993,0.0649576181821746,0.09764238181782525,separated,60,0.95,mixture/0.4/6/5/5
0.4,6,6,400,constant,0.05116666666666736,0.02878547941062648,0.07080061088915057,separated,60,0.95,mixture/0.4/6/5/6
0.4,6,6,1000,constant,0.055500000000000216,0.04460653831477612,0.06639346168522431,separated,60,0.95,mixture/0.4/6/5/6
0.4,6,7,400,constant,0.08150000000000002,0.06154635860881086,0.10145364139118918,separated,60,0.95,mixture/0.4/6/5/7
0.4,6,7,1000,constant,0.08499999999999996,0.07412433815547592,0.09587566184452401,separated,60,0.95,mixture/0.4/6/5/7
0.4,6,8,400,constant,0.06533333333333347,0.04633273339767163,0.0843339332689953,separated,60,0.95,mixture/0.4/6/5/8
0.4,6,8,1000,constant,0.0692666666666667,0.05866294705698316,0.07987038627635024,separated,60,0.95,mixture/0.4/6/5/8
0.4,6,9,400,constant,0.005833333333333246,-0.023331225378575127,0.03499789204524162,uncertain,60,0.95,mixture/0.4/6/5/9
0.4,6,9,1000,constant,0.01153333333333384,-0.00592148863273767,0.02898815529940535,uncertain,60,0.95,mixture/0.4/6/5/9
0.4,6,10,400,constant,0.035166666666666346,0.011317972357680617,0.059015360975652076,separated,60,0.95,mixture/0.4/6/5/10
0.4,6,10,1000,constant,0.040366666666667106,0.02712367238975022,0.05360966094358399,separated,60,0.95,mixture/0.4/6/5/10
0.4,6,11,400,constant,0.08691666666666653,0.06524730012743662,0.10743381628380044,separated,60,0.95,mixture/0.4/6/5/11
0.4,6,11,1000,constant,0.09113333333333329,0.0800587680404693,0.10220789862619728,separated,60,0.95,mixture/0.4/6/5/11
0.4,6,12,400,constant,0.04558333333333353,0.024757076739012285,0.06640958992765478,separated,60,0.95,mixture/0.4/6/5/12
0.4,6,12,1000,constant,0.04223333333333312,0.02934923450327831,0.055117432163387936,separated,60,0.95,mixture/0.4/6/5/12
0.4,6,13,400,constant,0.09933333333333294,0.0687934091290805,0.12987325753758538,separated,60,0.95,mixture/0.4/6/5/13
0.4,6,13,1000,constant,0.1146666666666668,0.0962333981393313,0.13309993519400232,separated,60,0.95,mixture/0.4/6/5/13
0.4,6,14,400,constant,0.07358333333333378,0.04573264613144967,0.10143402053521788,separated,60,0.95,mixture/0.4/6/5/14
0.4,6,14,1000,constant,0.07040000000000013,0.054113453411224643,0.08668654658877561,separated,60,0.95,mixture/0.4/6/5/14
0.4,6,15,400,constant,0.005499999999999838,-0.02139044376770849,0.032390443767708166,uncertain,60,0.95,mixture/0.4/6/5/15
0.4,6,15,1000,constant,0.012133333333333551,-0.0031156696734844225,0.027382336340151525,uncertain,60,0.95,mixture/0.4/6/5/15
0.4,6,16,400,constant,0.1024166666666666,0.07399582865010146,0.13083750468323174,separated,60,0.95,mixture/0.4/6/5/16
0.4,6,16,1000,constant,0.11186666666666656,0.09675317945265482,0.1269801538806783,separated,60,0.95,mixture/0.4/6/5/16
0.4,6,17,400,constant,0.10849999999999971,0.08552174205354657,0.13147825794645285,separated,60,0.95,mixture/0.4/6/5/17
0.4,6,17,1000,constant,0.10566666666666624,0.09246707947212407,0.11886625386120842,separated,60,0.95,mixture/0.4/6/5/17
0.4,6,18,400,constant,0.1922499999999998,0.1645617174385403,0.21369939073298583,separated,60,0.95,mixture/0.4/6/5/18
0.4,6,18,1000,constant,0.19329999999999992,0.18011672706821458,0.20648327293178526,separated,60,0.95,mixture/0.4/6/5/18
0.4,6,19,400,constant,0.036916666666666154,-0.003962111567128113,0.07779544490046042,uncertain,60,0.95,mixture/0.4/6/5/19
0.4,6,19,1000,constant,0.06456666666666633,0.0402451895360284,0.08888814379730425,separated,60,0.95,mixture/0.4/6/5/19
0.4,7,0,400,constant,-0.03533333333333344,-0.06277406065475677,-0.007892606011910108,nonseparated,60,0.95,mixture/0.4/7/5/0
0.4,7,0,1000,constant,-0.03870000000000018,-0.05428228388620471,-0.02311771611379565,nonseparated,60,0.95,mixture/0.4/7/5/0
0.4,7,1,400,constant,0.004749999999999921,-0.02355683389790919,0.03305683389790903,uncertain,60,0.95,mixture/0.4/7/5/1
0.4,7,1,1000,constant,0.0051000000000001044,-0.011402857249471432,0.02160285724947164,uncertain,60,0.95,mixture/0.4/7/5/1
0.4,7,2,400,constant,0.07366666666666666,0.05422478364219396,0.09277052326195856,separated,60,0.95,mixture/0.4/7/5/2
0.4,7,2,1000,constant,0.07929999999999937,0.06715665627307632,0.09144334372692242,separated,60,0.95,mixture/0.4/7/5/2
0.4,7,3,400,constant,0.05641666666666656,0.01997142613417846,0.09136284748133139,separated,60,0.95,mixture/0.4/7/5/3
0.4,7,3,1000,constant,0.07889999999999997,0.05881501663168276,0.09659687451715782,separated,60,0.95,mixture/0.4/7/5/3
0.4,7,4,400,constant,0.06641666666666701,0.04510726338823212,0.08598988525571727,separated,60,0.95,mixture/0.4/7/5/4
0.4,7,4,1000,constant,0.06656666666666666,0.054787080390692355,0.07834625294264097,separated,60,0.95,mixture/0.4/7/5/4
0.4,7,5,400,constant,0.00924999999999998,-0.020025228273525597,0.03852522827352556,uncertain,60,0.95,mixture/0.4/7/5/5
0.4,7,5,1000,constant,0.006200000000000205,-0.010232941762870262,0.022632941762870673,uncertain,60,0.95,mixture/0.4/7/5/5
0.4,7,6,400,constant,-0.3852499999999999,-0.42072997400300094,-0.3497700259969989,nonseparated,60,0.95,mixture/0.4/7/5/6
0.4,7,6,1000,constant,-0.3689333333333334,-0.39239620574815665,-0.34547046091851014,nonseparated,60,0.95,mixture/0.4/7/5/6
0.4,7,7,400,constant,0.09983333333333333,0.07458458558299119,0.12508208108367547,separated,60,0.95,mixture/0.4/7/5/7
0.4,7,7,1000,constant,0.1084000000000005,0.09253726536804496,0.12426273463195603,separated,60,0.95,mixture/0.4/7/5/7
0.4,7,8,400,constant,-0.09291666666666676,-0.13557011288396192,-0.05026322044937159,nonseparated,60,0.95,mixture/0.4/7/5/8
0.4,7,8,1000,constant,-0.0925999999999998,-0.11996591454271233,-0.06646925153098193,nonseparated,60,0.95,mixture/0.4/7/5/8
0.4,7,9,400,constant,-0.02141666666666686,-0.05365010255841263,0.010816769225078904,uncertain,60,0.95,mixture/0.4/7/5/9
0.4,7,9,1000,constant,-0.005833333333333468,-0.024498389699277867,0.012831723032610931,uncertain,60,0.95,mixture/0.4/7/5/9
0.4,7,10,400,constant,-0.054333333333333345,-0.0885858501356438,-0.020080816531022894,nonseparated,60,0.95,mixture/0.4/7/5/10
0.4,7,10,1000,constant,-0.050233333333333574,-0.07025773686385717,-0.03020892980280998,nonseparated,60,0.95,mixture/0.4/7/5/10
0.4,7,11,400,constant,0.11725000000000019,0.07082524993479067,0.15081143838351163,separated,60,0.95,mixture/0.4/7/5/11
0.4,7,11,1000,constant,0.1326666666666665,0.1090127666703331,0.15632056666299987,separated,60,0.95,mixture/0.4/7/5/11
0.4,7,12,400,constant,0.06150000000000011,0.02697438231802296,0.08561253223228682,separated,60,0.95,mixture/0.4/7/5/12
0.4,7,12,1000,constant,0.08233333333333326,0.06100719502352214,0.09645134914729481,separated,60,0.95,mixture/0.4/7/5/12
0.4,7,13,400,constant,0.009416666666666407,-0.01643651064164231,0.035269843974975124,uncertain,60,0.95,mixture/0.4/7/5/13
0.4,7,13,1000,constant,0.007933333333333348,-0.015151078510543758,0.029560545469167643,uncertain,60,0.95,mixture/0.4/7/5/13
0.4,7,14,400,constant,0.08558333333333312,0.05725086130710222,0.11391580535956403,separated,60,0.95,mixture/0.4/7/5/14
0.4,7,14,1000,constant,0.09006666666666685,0.07576343048265777,0.10436990285067593,separated,60,0.95,mixture/0.4/7/5/14
0.4,7,15,400,constant,0.05624999999999991,0.02637247999933079,0.07984467274347395,separated,60,0.95,mixture/0.4/7/5/15
0.4,7,15,1000,constant,0.049799999999999844,0.03471280297829438,0.06488719702170531,separated,60,0.95,mixture/0.4/7/5/15
0.4,7,16,400,constant,0.015833333333333255,-0.008146738932722775,0.039813405599389284,uncertain,60,0.95,mixture/0.4/7/5/16
0.4,7,16,1000,constant,0.024666666666666615,0.010080979385817201,0.03925235394751603,separated,60,0.95,mixture/0.4/7/5/16
0.4,7,17,400,constant,-0.010500000000000287,-0.052432143970928324,0.03143214397092775,uncertain,60,0.95,mixture/0.4/7/5/17
0.4,7,17,1000,constant,-0.0046000000000002705,-0.03135579808266642,0.02215579808266588,uncertain,60,0.95,mixture/0.4/7/5/17
0.4,7,18,400,constant,0.02100000000000013,0.0023618026790570568,0.0396381973209432,separated,60,0.95,mixture/0.4/7/5/18
0.4,7,18,1000,constant,0.02963333333333318,0.018369580815505437,0.04089708585116092,separated,60,0.95,mixture/0.4/7/5/18
0.4,7,19,400,constant,0.10958333333333314,0.0897055016464452,0.1294611650202211,separated,60,0.95,mixture/0.4/7/5/19
0.4,7,19,1000,constant,0.11140000000000005,0.09794863958800526,0.12485136041199485,separated,60,0.95,mixture/0.4/7/5/19
0.4,8,0,400,constant,-0.15474999999999972,-0.19522230366955617,-0.11427769633044327,nonseparated,60,0.95,mixture/0.4/8/5/0
0.4,8,0,1000,constant,-0.1559666666666666,-0.18019750812276525,-0.13173582521056793,nonseparated,60,0.95,mixture/0.4/8/5/0
0.4,8,1,400,constant,-0.03758333333333319,-0.056365835007189724,-0.018800831659476658,nonseparated,60,0.95,mixture/0.4/8/5/1
0.4,8,1,1000,constant,-0.038799999999999724,-0.050712193967810126,-0.02688780603218932,nonseparated,60,0.95,mixture/0.4/8/5/1
0.4,8,2,400,constant,-0.10149999999999981,-0.13988433823654045,-0.06311566176345917,nonseparated,60,0.95,mixture/0.4/8/5/2
0.4,8,2,1000,constant,-0.06716666666666671,-0.09028030017591537,-0.04778798517588656,nonseparated,60,0.95,mixture/0.4/8/5/2
0.4,8,3,400,constant,0.033833333333333604,0.011280834042194376,0.05638583262447283,separated,60,0.95,mixture/0.4/8/5/3
0.4,8,3,1000,constant,0.036666666666666625,0.02413423381799762,0.04919909951533563,separated,60,0.95,mixture/0.4/8/5/3
0.4,8,4,400,constant,0.07175000000000031,0.04211551229537158,0.10138448770462904,separated,60,0.95,mixture/0.4/8/5/4
0.4,8,4,1000,constant,0.08719999999999983,0.07180674635474793,0.10259325364525174,separated,60,0.95,mixture/0.4/8/5/4
0.4,8,5,400,constant,0.010249999999999315,-0.008450805518840143,0.028950805518838774,uncertain,60,0.95,mixture/0.4/8/5/5
0.4,8,5,1000,constant,0.015300000000000091,0.004801138805476057,0.025798861194524125,separated,60,0.95,mixture/0.4/8/5/5
0.4,8,6,400,constant,0.01883333333333348,-0.020047516733109005,0.042608747519566226,uncertain,60,0.95,mixture/0.4/8/5/6
0.4,8,6,1000,constant,0.01893333333333358,-0.007475269668080875,0.03859963245340059,uncertain,60,0.95,mixture/0.4/8/5/6
0.4,8,7,400,constant,0.12308333333333321,0.10393845306753124,0.14109611064220184,separated,60,0.95,mixture/0.4/8/5/7
0.4,8,7,1000,constant,0.1231333333333331,0.1119635992446254,0.1343030674220408,separated,60,0.95,mixture/0.4/8/5/7
0.4,8,8,400,constant,0.054583333333332984,0.02988225734722283,0.07851059698421636,separated,60,0.95,mixture/0.4/8/5/8
0.4,8,8,1000,constant,0.05496666666666694,0.038279053608864744,0.07165427972446914,separated,60,0.95,mixture/0.4/8/5/8
0.4,8,9,400,constant,-0.07016666666666682,-0.09951617045874939,-0.040817162874584256,nonseparated,60,0.95,mixture/0.4/8/5/9
0.4,8,9,1000,constant,-0.046333333333333226,-0.06326155591656246,-0.02940511075010399,nonseparated,60,0.95,mixture/0.4/8/5/9
0.4,8,10,400,constant,0.0737500000000001,0.03219678883461197,0.11530321116538822,separated,60,0.95,mixture/0.4/8/5/10
0.4,8,10,1000,constant,0.10783333333333311,0.08384084155053673,0.1318258251161295,separated,60,0.95,mixture/0.4/8/5/10
0.4,8,11,400,constant,-0.0465000000000001,-0.07790675665001956,-0.015093243349980634,nonseparated,60,0.95,mixture/0.4/8/5/11
0.4,8,11,1000,constant,-0.02226666666666688,-0.040582505398066626,-0.003950827935267132,nonseparated,60,0.95,mixture/0.4/8/5/11
0.4,8,12,400,constant,0.11141666666666672,0.085152078081288,0.13768125525204544,separated,60,0.95,mixture/0.4/8/5/12
0.4,8,12,1000,constant,0.11750000000000027,0.10248964613197176,0.13251035386802879,separated,60,0.95,mixture/0.4/8/5/12
0.4,8,13,400,constant,-0.02108333333333301,-0.046234492827385676,0.004067826160719656,uncertain,60,0.95,mixture/0.4/8/5/13
0.4,8,13,1000,constant,-0.01709999999999967,-0.03139159638396505,-0.002808403616034294,nonseparated,60,0.95,mixture/0.4/8/5/13
0.4,8,14,400,constant,0.0328333333333336,-0.0006543805844013706,0.06632104725106858,uncertain,60,0.95,mixture/0.4/8/5/14
0.4,8,14,1000,constant,0.04903333333333271,0.03267046215282754,0.06539620451383787,separated,60,0.95,mixture/0.4/8/5/14
0.4,8,15,400,constant,0.05225000000000024,0.027617124710618723,0.07619794578576233,separated,60,0.95,mixture/0.4/8/5/15
0.4,8,15,1000,constant,0.057566666666666544,0.04483192490080634,0.07030140843252675,separated,60,0.95,mixture/0.4/8/5/15
0.4,8,16,400,constant,-0.11150000000000015,-0.13970073897084512,-0.08329926102915519,nonseparated,60,0.95,mixture/0.4/8/5/16
0.4,8,16,1000,constant,-0.10003333333333342,-0.1173431963569278,-0.08272347030973903,nonseparated,60,0.95,mixture/0.4/8/5/16
0.4,8,17,400,constant,0.01283333333333292,-0.007661487294912117,0.033328153961577955,uncertain,60,0.95,mixture/0.4/8/5/17
0.4,8,17,1000,constant,0.01863333333333317,0.00764377454615528,0.029622892120511057,separated,60,0.95,mixture/0.4/8/5/17
0.4,8,18,400,constant,-0.022833333333332928,-0.05023915807504886,0.004572491408383006,uncertain,60,0.95,mixture/0.4/8/5/18
0.4,8,18,1000,constant,-0.015666666666666718,-0.0333267652138326,0.0019934318804991635,uncertain,60,0.95,mixture/0.4/8/5/18
0.4,8,19,400,constant,-0.00158333333333327,-0.02249591596878686,0.01932924930212032,uncertain,60,0.95,mixture/0.4/8/5/19
0.4,8,19,1000,constant,0.005400000000000071,-0.00575545573220293,0.016555455732203073,uncertain,60,0.95,mixture/0.4/8/5/19
0.4,9,0,400,constant,0.10675000000000001,0.08001976297349955,0.1290215977595056,separated,60,0.95,mixture/0.4/9/5/0
0.4,9,0,1000,constant,0.10946666666666693,0.09640222596042314,0.12253110737291073,separated,60,0.95,mixture/0.4/9/5/0
0.4,9,1,400,constant,-0.04700000000000015,-0.07506489458900889,-0.018935105410991415,nonseparated,60,0.95,mixture/0.4/9/5/1
0.4,9,1,1000,constant,-0.02196666666666669,-0.038098713249080096,-0.005834620084253284,nonseparated,60,0.95,mixture/0.4/9/5/1
0.4,9,2,400,constant,-0.254083333333333,-0.28498128398595635,-0.22318538268070964,nonseparated,60,0.95,mixture/0.4/9/5/2
0.4,9,2,1000,constant,-0.24350000000000016,-0.26179549993164686,-0.22520450006835346,nonseparated,60,0.95,mixture/0.4/9/5/2
0.4,9,3,400,constant,0.010166666666666546,-0.01869969306179342,0.03903302639512651,uncertain,60,0.95,mixture/0.4/9/5/3
0.4,9,3,1000,constant,0.022566666666666846,0.00408559563900035,0.04104773769433334,separated,60,0.95,mixture/0.4/9/5/3
0.4,9,4,400,constant,-0.0891666666666665,-0.1202128289960388,-0.05812050433729421,nonseparated,60,0.95,mixture/0.4/9/5/4
0.4,9,4,1000,constant,-0.08656666666666646,-0.10190743482926756,-0.07122589850406535,nonseparated,60,0.95,mixture/0.4/9/5/4
0.4,9,5,400,constant,0.010999999999999788,-0.011097004575196245,0.03309700457519582,uncertain,60,0.95,mixture/0.4/9/5/5
0.4,9,5,1000,constant,0.013266666666666538,0.00048049829629503993,0.026052835037038036,separated,60,0.95,mixture/0.4/9/5/5
0.4,9,6,400,constant,0.04408333333333336,0.022602918440369546,0.06556374822629718,separated,60,0.95,mixture/0.4/9/5/6
0.4,9,6,1000,constant,0.047700000000000076,0.03376594458319215,0.061634055416808,separated,60,0.95,mixture/0.4/9/5/6
0.4,9,7,400,constant,0.04766666666666697,0.018700900432464085,0.07598359654393683,separated,60,0.95,mixture/0.4/9/5/7
0.4,9,7,1000,constant,0.04139999999999988,0.02268975207590751,0.06011024792409225,separated,60,0.95,mixture/0.4/9/5/7
0.4,9,8,400,constant,0.08933333333333338,0.057676733863254004,0.12098993280341275,separated,60,0.95,mixture/0.4/9/5/8
0.4,9,8,1000,constant,0.0970333333333332,0.079882176033226,0.11418449063344038,separated,60,0.95,mixture/0.4/9/5/8
0.4,9,9,400,constant,0.07858333333333334,0.05959725319636067,0.09756941347030601,separated,60,0.95,mixture/0.4/9/5/9
0.4,9,9,1000,constant,0.08576666666666632,0.07363099742302415,0.0979023359103085,separated,60,0.95,mixture/0.4/9/5/9
0.4,9,10,400,constant,0.1317499999999996,0.1121165976311872,0.15138340236881198,separated,60,0.95,mixture/0.4/9/5/10
0.4,9,10,1000,constant,0.13916666666666655,0.1267874188313508,0.1515459145019823,separated,60,0.95,mixture/0.4/9/5/10
0.4,9,11,400,constant,0.09058333333333324,0.04979430788533723,0.12114479600626238,separated,60,0.95,mixture/0.4/9/5/11
0.4,9,11,1000,constant,0.09859999999999969,0.06706969013993991,0.12287899075501796,separated,60,0.95,mixture/0.4/9/5/11
0.4,9,12,400,constant,0.017083333333333783,-0.009180146558865121,0.04334681322553269,uncertain,60,0.95,mixture/0.4/9/5/12
0.4,9,12,1000,constant,0.019166666666666665,0.0028383655502066674,0.03549496778312666,separated,60,0.95,mixture/0.4/9/5/12
0.4,9,13,400,constant,0.10875000000000012,0.07956475910737815,0.1379352408926221,separated,60,0.95,mixture/0.4/9/5/13
0.4,9,13,1000,constant,0.12413333333333332,0.10695198743334466,0.14131467923332197,separated,60,0.95,mixture/0.4/9/5/13
0.4,9,14,400,constant,-0.07516666666666649,-0.12586231228915024,-0.02447102104418275,nonseparated,60,0.95,mixture/0.4/9/5/14
0.4,9,14,1000,constant,-0.07076666666666676,-0.1006324115035444,-0.040900921829789105,nonseparated,60,0.95,mixture/0.4/9/5/14
0.4,9,15,400,constant,-0.03633333333333344,-0.08901567018103451,0.016349003514367633,uncertain,60,0.95,mixture/0.4/9/5/15
0.4,9,15,1000,constant,0.0006333333333335966,-0.021910761205785945,0.018063065594591032,uncertain,60,0.95,mixture/0.4/9/5/15
0.4,9,16,400,constant,0.08100000000000018,0.012243297098440187,0.12447590461794256,separated,60,0.95,mixture/0.4/9/5/16
0.4,9,16,1000,constant,0.07033333333333325,0.03655476652293721,0.10411190014372929,separated,60,0.95,mixture/0.4/9/5/16
0.4,9,17,400,constant,0.03158333333333352,0.0064406729756881775,0.05672599369097886,separated,60,0.95,mixture/0.4/9/5/17
0.4,9,17,1000,constant,0.036833333333333274,0.023548578141396548,0.05011808852527,separated,60,0.95,mixture/0.4/9/5/17
0.4,9,18,400,constant,0.02224999999999966,-0.001475052713994729,0.04597505271399405,uncertain,60,0.95,mixture/0.4/9/5/18
0.4,9,18,1000,constant,0.028200000000000114,0.01495098901433134,0.04057262060121258,separated,60,0.95,mixture/0.4/9/5/18
0.4,9,19,400,constant,0.045666666666666855,0.017094386965519348,0.06746758780646622,separated,60,0.95,mixture/0.4/9/5/19
0.4,9,19,1000,constant,0.040966666666666485,0.026396641880274685,0.055536691453058284,separated,60,0.95,mixture/0.4/9/5/19
0.4,10,0,400,constant,-0.08141666666666658,-0.1102552018944396,-0.05257813143889356,nonseparated,60,0.95,mixture/0.4/10/5/0
0.4,10,0,1000,constant,-0.07586666666666686,-0.0930898017919295,-0.058643531541404226,nonseparated,60,0.95,mixture/0.4/10/5/0
0.4,10,1,400,constant,-0.018500000000000072,-0.03747113912400046,0.0004711391240003193,uncertain,60,0.95,mixture/0.4/10/5/1
0.4,10,1,1000,constant,-0.013033333333333674,-0.024360067020781306,-0.0017065996458860422,nonseparated,60,0.95,mixture/0.4/10/5/1
0.4,10,2,400,constant,0.08500000000000008,0.06553942895310083,0.10446057104689932,separated,60,0.95,mixture/0.4/10/5/2
0.4,10,2,1000,constant,0.08830000000000016,0.07695282666176018,0.09964717333824014,separated,60,0.95,mixture/0.4/10/5/2
0.4,10,3,400,constant,0.0549166666666665,0.03327047816371953,0.07656285516961348,separated,60,0.95,mixture/0.4/10/5/3
0.4,10,3,1000,constant,0.06433333333333335,0.054078785839530186,0.07458788082713652,separated,60,0.95,mixture/0.4/10/5/3
0.4,10,4,400,constant,0.026666666666666505,0.004321112459177767,0.04901222087415524,separated,60,0.95,mixture/0.4/10/5/4
0.4,10,4,1000,constant,0.034733333333333616,0.022629648891280274,0.04683701777538696,separated,60,0.95,mixture/0.4/10/5/4
0.4,10,5,400,constant,0.03574999999999984,0.012597053874143005,0.05870619845652636,separated,60,0.95,mixture/0.4/10/5/5
0.4,10,5,1000,constant,0.0437666666666664,0.03132774146435868,0.056205591868974114,separated,60,0.95,mixture/0.4/10/5/5
0.4,10,6,400,constant,0.06383333333333363,0.031993134723541594,0.09567353194312567,separated,60,0.95,mixture/0.4/10/5/6
0.4,10,6,1000,constant,0.05720000000000047,0.03834137621487266,0.07605862378512829,separated,60,0.95,mixture/0.4/10/5/6
0.4,10,7,400,constant,0.016833333333333367,-0.012099294229614865,0.0457659608962816,uncertain,60,0.95,mixture/0.4/10/5/7
0.4,10,7,1000,constant,0.03190000000000004,0.013883858288411988,0.04991614171158809,separated,60,0.95,mixture/0.4/10/5/7
0.4,10,8,400,constant,-0.13000000000000012,-0.15306054916613598,-0.10693945083386425,nonseparated,60,0.95,mixture/0.4/10/5/8
0.4,10,8,1000,constant,-0.1266999999999998,-0.13988349799750588,-0.11351650200249375,nonseparated,60,0.95,mixture/0.4/10/5/8
0.4,10,9,400,constant,-0.009333333333333083,-0.03486122601405306,0.016194559347386894,uncertain,60,0.95,mixture/0.4/10/5/9
0.4,10,9,1000,constant,0.00020000000000042206,-0.015164240676520113,0.015564240676520957,uncertain,60,0.95,mixture/0.4/10/5/9
0.4,10,10,400,constant,-0.11891666666666678,-0.15707547317627335,-0.08075786015706021,nonseparated,60,0.95,mixture/0.4/10/5/10
0.4,10,10,1000,constant,-0.11826666666666641,-0.1416935891729163,-0.09483974416041652,nonseparated,60,0.95,mixture/0.4/10/5/10
0.4,10,11,400,constant,-0.19891666666666652,-0.24344090265257895,-0.16643811405942865,nonseparated,60,0.95,mixture/0.4/10/5/11
0.4,10,11,1000,constant,-0.19270000000000004,-0.21164211255826604,-0.17375788744173404,nonseparated,60,0.95,mixture/0.4/10/5/11
0.4,10,12,400,constant,0.004249999999999976,-0.024260327590299613,0.032760327590299565,uncertain,60,0.95,mixture/0.4/10/5/12
0.4,10,12,1000,constant,0.010166666666666546,-0.007984294654665214,0.028317627987998306,uncertain,60,0.95,mixture/0.4/10/5/12
0.4,10,13,400,constant,0.053583333333333094,0.028188514398734044,0.07897815226793214,separated,60,0.95,mixture/0.4/10/5/13
0.4,10,13,1000,constant,0.056366666666666676,0.042722566648854765,0.07001076668447859,separated,60,0.95,mixture/0.4/10/5/13
0.4,10,14,400,constant,-0.18591666666666673,-0.2089207127724314,-0.16291262056090206,nonseparated,60,0.95,mixture/0.4/10/5/14
0.4,10,14,1000,constant,-0.18276666666666674,-0.19740985883508833,-0.16812347449824516,nonseparated,60,0.95,mixture/0.4/10/5/14
0.4,10,15,400,constant,-0.10583333333333311,-0.13114840445218623,-0.08051826221448,nonseparated,60,0.95,mixture/0.4/10/5/15
0.4,10,15,1000,constant,-0.09533333333333316,-0.10831176944328402,-0.0823548972233823,nonseparated,60,0.95,mixture/0.4/10/5/15
0.4,10,16,400,constant,-0.05783333333333329,-0.07583098134943289,-0.03983568531723369,nonseparated,60,0.95,mixture/0.4/10/5/16
0.4,10,16,1000,constant,-0.05176666666666618,-0.06239741586090364,-0.04113591747242873,nonseparated,60,0.95,mixture/0.4/10/5/16
0.4,10,17,400,constant,-0.029666666666666286,-0.05438700479150471,-0.00494632854182786,nonseparated,60,0.95,mixture/0.4/10/5/17
0.4,10,17,1000,constant,-0.02100000000000013,-0.03491658160871103,-0.007083418391289231,nonseparated,60,0.95,mixture/0.4/10/5/17
0.4,10,18,400,constant,-0.008250000000000202,-0.0339150834755777,0.017415083475577298,uncertain,60,0.95,mixture/0.4/10/5/18
0.4,10,18,1000,constant,0.0028333333333333544,-0.012859374316912198,0.018526040983578906,uncertain,60,0.95,mixture/0.4/10/5/18
0.4,10,19,400,constant,-0.09041666666666681,-0.111872131104229,-0.06896120222910462,nonseparated,60,0.95,mixture/0.4/10/5/19
0.4,10,19,1000,constant,-0.08520000000000005,-0.10004124961659455,-0.07035875038340555,nonseparated,60,0.95,mixture/0.4/10/5/19
0.5,2,0,400,constant,0.22241666666666593,0.1985712200001487,0.24626211333318315,separated,60,0.95,mixture/0.5/2/5/0
0.5,2,0,1000,constant,0.22649999999999992,0.21188941700380304,0.2411105829961968,separated,60,0.95,mixture/0.5/2/5/0
0.5,2,1,400,constant,0.12650000000000017,0.11117928645275865,0.14182071354724168,separated,60,0.95,mixture/0.5/2/5/1
0.5,2,1,1000,constant,0.12663333333333304,0.1162534455195745,0.13701322114709158,separated,60,0.95,mixture/0.5/2/5/1
0.5,2,2,400,constant,0.32566666666666677,0.30897857430849884,0.3423547590248347,separated,60,0.95,mixture/0.5/2/5/2
0.5,2,2,1000,constant,0.32893333333333297,0.3190899363328654,0.3387767303338005,separated,60,0.95,mixture/0.5/2/5/2
0.5,2,3,400,constant,0.13541666666666652,0.12058038693188289,0.15025294640145015,separated,60,0.95,mixture/0.5/2/5/3
0.5,2,3,1000,constant,0.13939999999999964,0.13097581018154414,0.14782418981845513,separated,60,0.95,mixture/0.5/2/5/3
0.5,2,4,400,constant,0.547833333333334,0.5114824152184202,0.5841842514482477,separated,60,0.95,mixture/0.5/2/5/4
0.5,2,4,1000,constant,0.5747999999999999,0.5501968826362993,0.5994031173637004,separated,60,0.95,mixture/0.5/2/5/4
0.5,2,5,400,constant,0.31758333333333355,0.2971350408011879,0.3380316258654792,separated,60,0.95,mixture/0.5/2/5/5
0.5,2,5,1000,constant,0.3159333333333336,0.3031464834224201,0.3287201832442471,separated,60,0.95,mixture/0.5/2/5/5
0.5,2,6,400,constant,0.25241666666666684,0.23366398039717762,0.27116935293615607,separated,60,0.95,mixture/0.5/2/5/6
0.5,2,6,1000,constant,0.2623000000000002,0.25127884154008484,0.27332115845991556,separated,60,0.95,mixture/0.5/2/5/6
0.5,2,7,400,constant,0.40349999999999986,0.37646316940554614,0.4305368305944536,separated,60,0.95,mixture/0.5/2/5/7
0.5,2,7,1000,constant,0.39633333333333354,0.38129950510565835,0.4113671615610087,separated,60,0.95,mixture/0.5/2/5/7
0.5,2,8,400,constant,0.23691666666666666,0.2106909812173816,0.2631423521159517,separated,60,0.95,mixture/0.5/2/5/8
0.5,2,8,1000,constant,0.24163333333333326,0.22446829718625783,0.2587983694804087,separated,60,0.95,mixture/0.5/2/5/8
0.5,2,9,400,constant,0.24233333333333307,0.22500297903358668,0.25966368763307945,separated,60,0.95,mixture/0.5/2/5/9
0.5,2,9,1000,constant,0.24783333333333346,0.23856699030395534,0.2570996763627116,separated,60,0.95,mixture/0.5/2/5/9
0.5,2,10,400,constant,0.2043333333333336,0.1863874881252845,0.22227917854138268,separated,60,0.95,mixture/0.5/2/5/10
0.5,2,10,1000,constant,0.20086666666666642,0.19014222900997968,0.21159110432335315,separated,60,0.95,mixture/0.5/2/5/10
0.5,2,11,400,constant,0.23008333333333386,0.20949829717058588,0.25066836949608184,separated,60,0.95,mixture/0.5/2/5/11
0.5,2,11,1000,constant,0.23643333333333383,0.22345392107507056,0.2494127455915971,separated,60,0.95,mixture/0.5/2/5/11
0.5,2,12,400,constant,0.24916666666666676,0.22855777602887462,0.2697755573044589,separated,60,0.95,mixture/0.5/2/5/12
0.5,2,12,1000,constant,0.2568666666666666,0.24427180791173497,0.2694615254215982,separated,60,0.95,mixture/0.5/2/5/12
0.5,2,13,400,constant,0.2809166666666666,0.2581425195171917,0.3036908138161415,separated,60,0.95,mixture/0.5/2/5/13
0.5,2,13,1000,constant,0.28100000000000036,0.2688792743763805,0.29312072562362024,separated,60,0.95,mixture/0.5/2/5/13
0.5,2,14,400,constant,0.17500000000000016,0.16119055690311646,0.18880944309688386,separated,60,0.95,mixture/0.5/2/5/14
0.5,2,14,1000,constant,0.18373333333333342,0.17584609679411245,0.19162056987255438,separated,60,0.95,mixture/0.5/2/5/14
0.5,2,15,400,constant,0.1881666666666666,0.16912776564621246,0.20720556768712073,separated,60,0.95,mixture/0.5/2/5/15
0.5,2,15,1000,constant,0.19106666666666705,0.18050162403696424,0.20163170929636987,separated,60,0.95,mixture/0.5/2/5/15
0.5,2,16,400,constant,0.44533333333333314,0.4222029122791152,0.46846375438755106,separated,60,0.95,mixture/0.5/2/5/16
0.5,2,16,1000,constant,0.45046666666666657,0.43781025297162957,0.4631230803617036,separated,60,0.95,mixture/0.5/2/5/16
0.5,2,17,400,constant,0.4002499999999999,0.3716789523832289,0.42882104761677087,separated,60,0.95,mixture/0.5/2/5/17
0.5,2,17,1000,constant,0.4022666666666669,0.3836464746989693,0.4208868586343645,separated,60,0.95,mixture/0.5/2/5/17
0.5,2,18,400,constant,0.7140000000000004,0.6819954983764948,0.7460045016235061,separated,60,0.95,mixture/0.5/2/5/18
0.5,2,18,1000,constant,0.719566666666667,0.6983465220276653,0.7407868113056687,separated,60,0.95,mixture/0.5/2/5/18
0.5,2,19,400,constant,0.14658333333333307,0.13092696941448767,0.16223969725217846,separated,60,0.95,mixture/0.5/2/5/19
0.5,2,19,1000,constant,0.15476666666666672,0.14612644130340546,0.16340689202992797,separated,60,0.95,mixture/0.5/2/5/19
0.5,3,0,400,constant,0.03991666666666671,0.02257517553882671,0.057258157794506714,separated,60,0.95,mixture/0.5/3/5/0
0.5,3,0,1000,constant,0.04086666666666672,0.029954057367372777,0.05177927596596066,separated,60,0.95,mixture/0.5/3/5/0
0.5,3,1,400,constant,0.23099999999999987,0.21053128821681066,0.2514687117831891,separated,60,0.95,mixture/0.5/3/5/1
0.5,3,1,1000,constant,0.2336333333333337,0.2215365771747867,0.2457300894918807,separated,60,0.95,mixture/0.5/3/5/1
0.5,3,2,400,constant,0.35950000000000026,0.3324458670579973,0.38644831079207453,separated,60,0.95,mixture/0.5/3/5/2
0.5,3,2,1000,constant,0.36863333333333337,0.353913813170318,0.38335285349634873,separated,60,0.95,mixture/0.5/3/5/2
0.5,3,3,400,constant,0.057333333333333236,0.04292465468450968,0.0717420119821568,separated,60,0.95,mixture/0.5/3/5/3
0.5,3,3,1000,constant,0.06296666666666628,0.05465490155763997,0.0712784317756926,separated,60,0.95,mixture/0.5/3/5/3
0.5,3,4,400,constant,0.43383333333333385,0.40050355521489533,0.46716311145177236,separated,60,0.95,mixture/0.5/3/5/4
0.5,3,4,1000,constant,0.43789999999999984,0.41770037359499246,0.45809962640500723,separated,60,0.95,mixture/0.5/3/5/4
0.5,3,5,400,constant,0.03641666666666665,0.016294371226280635,0.05653896210705267,separated,60,0.95,mixture/0.5/3/5/5
0.5,3,5,1000,constant,0.04893333333333327,0.03773140141540854,0.06013526525125801,separated,60,0.95,mixture/0.5/3/5/5
0.5,3,6,400,constant,0.1721666666666669,0.14952156924290316,0.19481176409043066,separated,60,0.95,mixture/0.5/3/5/6
0.5,3,6,1000,constant,0.17400000000000015,0.15954136997174773,0.18845863002825258,separated,60,0.95,mixture/0.5/3/5/6
0.5,3,7,400,constant,0.3333333333333336,0.30977131257923973,0.35689535408742745,separated,60,0.95,mixture/0.5/3/5/7
0.5,3,7,1000,constant,0.35493333333333366,0.3403632993959619,0.36950336727070543,separated,60,0.95,mixture/0.5/3/5/7
0.5,3,8,400,constant,0.0940000000000002,0.07715346823004565,0.11084653176995474,separated,60,0.95,mixture/0.5/3/5/8
0.5,3,8,1000,constant,0.10590000000000033,0.09509680026577882,0.11670319973422183,separated,60,0.95,mixture/0.5/3/5/8
0.5,3,9,400,constant,0.1645833333333333,0.14379865547465243,0.18536801119201418,separated,60,0.95,mixture/0.5/3/5/9
0.5,3,9,1000,constant,0.16513333333333324,0.15429089981672695,0.17597576684993954,separated,60,0.95,mixture/0.5/3/5/9
0.5,3,10,400,constant,0.1700833333333338,0.15159196497661043,0.1885747016900572,separated,60,0.95,mixture/0.5/3/5/10
0.5,3,10,1000,constant,0.1735000000000002,0.16178534570277392,0.1852146542972265,separated,60,0.95,mixture/0.5/3/5/10
0.5,3,11,400,constant,0.17975000000000052,0.1614575706017125,0.19804242939828853,separated,60,0.95,mixture/0.5/3/5/11
0.5,3,11,1000,constant,0.19020000000000026,0.17921912772217186,0.20118087227782866,separated,60,0.95,mixture/0.5/3/5/11
0.5,3,12,400,constant,0.10608333333333309,0.08987841355810222,0.12228825310856395,separated,60,0.95,mixture/0.5/3/5/12
0.5,3,12,1000,constant,0.10863333333333303,0.0984786876959719,0.11878797897069415,separated,60,0.95,mixture/0.5/3/5/12
0.5,3,13,400,constant,0.08150000000000013,0.06339346394843848,0.09960653605156178,separated,60,0.95,mixture/0.5/3/5/13
0.5,3,13,1000,constant,0.08063333333333345,0.0704107626652144,0.09085590400145249,separated,60,0.95,mixture/0.5/3/5/13
0.5,3,14,400,constant,0.2004166666666668,0.17870742698492048,0.22212590634841312,separated,60,0.95,mixture/0.5/3/5/14
0.5,3,14,1000,constant,0.21529999999999982,0.2016567529170452,0.22894324708295444,separated,60,0.95,mixture/0.5/3/5/14
0.5,3,15,400,constant,-0.0027500000000003633,-0.021660690721440057,0.01616069072143933,uncertain,60,0.95,mixture/0.5/3/5/15
0.5,3,15,1000,constant,0.011533333333333506,-7.054946489137848e-05,0.02313721613155839,uncertain,60,0.95,mixture/0.5/3/5/15
0.5,3,16,400,constant,0.1931666666666666,0.1779793662462792,0.208353967087054,separated,60,0.95,mixture/0.5/3/5/16
0.5,3,16,1000,constant,0.19349999999999978,0.1831943726413976,0.20380562735860197,separated,60,0.95,mixture/0.5/3/5/16
0.5,3,17,400,constant,0.2717499999999998,0.25372305056018685,0.2897769494398128,separated,60,0.95,mixture/0.5/3/5/17
0.5,3,17,1000,constant,0.28149999999999986,0.2696758307539785,0.2933241692460212,separated,60,0.95,mixture/0.5/3/5/17
0.5,3,18,400,constant,0.08866666666666656,0.07150246489007361,0.10583086844325951,separated,60,0.95,mixture/0.5/3/5/18
0.5,3,18,1000,constant,0.08896666666666664,0.07896305623748479,0.09897027709584849,separated,60,0.95,mixture/0.5/3/5/18
0.5,3,19,400,constant,0.11616666666666653,0.0965304811718275,0.13580285216150556,separated,60,0.95,mixture/0.5/3/5/19
0.5,3,19,1000,constant,0.12126666666666663,0.10883287415385634,0.13370045917947693,separated,60,0.95,mixture/0.5/3/5/19
0.5,4,0,400,constant,0.1732499999999999,0.15517459479825102,0.1913254052017488,separated,60,0.95,mixture/0.5/4/5/0
0.5,4,0,1000,constant,0.17583333333333384,0.16524026903123346,0.18642639763543423,separated,60,0.95,mixture/0.5/4/5/0
0.5,4,1,400,constant,0.1456666666666665,0.13106861955199578,0.16026471378133722,separated,60,0.95,mixture/0.5/4/5/1
0.5,4,1,1000,constant,0.14326666666666676,0.13428438064616455,0.15224895268716898,separated,60,0.95,mixture/0.5/4/5/1
0.5,4,2,400,constant,0.057833333333333514,0.03592758154879638,0.07973908511787065,separated,60,0.95,mixture/0.5/4/5/2
0.5,4,2,1000,constant,0.0668000000000003,0.05349768050743964,0.08010231949256097,separated,60,0.95,mixture/0.5/4/5/2
0.5,4,3,400,constant,0.0784999999999999,0.05417591939051225,0.10282408060948756,separated,60,0.95,mixture/0.5/4/5/3
0.5,4,3,1000,constant,0.08766666666666656,0.07350520564394503,0.10182812768938809,separated,60,0.95,mixture/0.5/4/5/3
0.5,4,4,400,constant,0.1752499999999998,0.15614871841715883,0.19339937812252073,separated,60,0.95,mixture/0.5/4/5/4
0.5,4,4,1000,constant,0.17820000000000014,0.1663527042636307,0.19004729573636958,separated,60,0.95,mixture/0.5/4/5/4
0.5,4,5,400,constant,0.078666666666667,0.051695019999222436,0.10375792334872125,separated,60,0.95,mixture/0.5/4/5/5
0.5,4,5,1000,constant,0.07523333333333293,0.06156693569803273,0.08889973096863313,separated,60,0.95,mixture/0.5/4/5/5
0.5,4,6,400,constant,0.11024999999999974,0.08166779791485768,0.1388322020851418,separated,60,0.95,mixture/0.5/4/5/6
0.5,4,6,1000,constant,0.11746666666666661,0.10142485051881,0.1335084828145232,separated,60,0.95,mixture/0.5/4/5/6
0.5,4,7,400,constant,0.15291666666666692,0.12542268710788917,0.18041064622544467,separated,60,0.95,mixture/0.5/4/5/7
0.5,4,7,1000,constant,0.1515000000000002,0.13350500888827,0.1694949911117304,separated,60,0.95,mixture/0.5/4/5/7
0.5,4,8,400,constant,0.14125,0.1098577397433309,0.17264226025666907,separated,60,0.95,mixture/0.5/4/5/8
0.5,4,8,1000,constant,0.1679666666666666,0.15103673712533894,0.18489659620799426,separated,60,0.95,mixture/0.5/4/5/8
0.5,4,9,400,constant,0.10041666666666682,0.08366588188357749,0.11716745144975615,separated,60,0.95,mixture/0.5/4/5/9
0.5,4,9,1000,constant,0.11026666666666696,0.10005955358251184,0.12047377975082207,separated,60,0.95,mixture/0.5/4/5/9
0.5,4,10,400,constant,0.08033333333333348,0.052545984831235626,0.10812068183543133,separated,60,0.95,mixture/0.5/4/5/10
0.5,4,10,1000,constant,0.10230000000000017,0.08725414703533974,0.1173458529646606,separated,60,0.95,mixture/0.5/4/5/10
0.5,4,11,400,constant,0.15591666666666704,0.13514885813851307,0.176684475194821,separated,60,0.95,mixture/0.5/4/5/11
0.5,4,11,1000,constant,0.15166666666666673,0.13962946906355955,0.1637038642697739,separated,60,0.95,mixture/0.5/4/5/11
0.5,4,12,400,constant,0.15158333333333285,0.13490903470483262,0.16825763196183308,separated,60,0.95,mixture/0.5/4/5/12
0.5,4,12,1000,constant,0.16063333333333307,0.15066674297197535,0.1705999236946908,separated,60,0.95,mixture/0.5/4/5/12
0.5,4,13,400,constant,0.10033333333333316,0.08665873739419161,0.11400792927247472,separated,60,0.95,mixture/0.5/4/5/13
0.5,4,13,1000,constant,0.09653333333333325,0.08845450064457394,0.10461216602209256,separated,60,0.95,mixture/0.5/4/5/13
0.5,4,14,400,constant,0.0738333333333333,0.05106188215514351,0.0966047845115231,separated,60,0.95,mixture/0.5/4/5/14
0.5,4,14,1000,constant,0.07403333333333362,0.06175698179435751,0.08630968487230972,separated,60,0.95,mixture/0.5/4/5/14
0.5,4,15,400,constant,0.07216666666666649,0.0554318184936875,0.08890151483964548,separated,60,0.95,mixture/0.5/4/5/15
0.5,4,15,1000,constant,0.07156666666666689,0.06175941104354499,0.08137392228978879,separated,60,0.95,mixture/0.5/4/5/15
0.5,4,16,400,constant,0.1456666666666666,0.12459825090424292,0.1667350824290903,separated,60,0.95,mixture/0.5/4/5/16
0.5,4,16,1000,constant,0.15756666666666708,0.14588659822238492,0.16924673511094923,separated,60,0.95,mixture/0.5/4/5/16
0.5,4,17,400,constant,0.11699999999999977,0.09918099180470008,0.13481900819529946,separated,60,0.95,mixture/0.5/4/5/17
0.5,4,17,1000,constant,0.10843333333333338,0.09710952626307368,0.11975714040359309,separated,60,0.95,mixture/0.5/4/5/17
0.5,4,18,400,constant,0.21983333333333366,0.19315251309444115,0.24651415357222617,separated,60,0.95,mixture/0.5/4/5/18
0.5,4,18,1000,constant,0.22343333333333304,0.20560669297603118,0.2412599736906349,separated,60,0.95,mixture/0.5/4/5/18
0.5,4,19,400,constant,0.12266666666666715,0.10081027067194404,0.14452306266139026,separated,60,0.95,mixture/0.5/4/5/19
0.5,4,19,1000,constant,0.1333333333333332,0.11963441578600098,0.1470322508806654,separated,60,0.95,mixture/0.5/4/5/19
0.5,5,0,400,constant,0.0549166666666665,0.03245358146694799,0.07737975186638502,separated,60,0.95,mixture/0.5/5/5/0
0.5,5,0,1000,constant,0.06063333333333376,0.04772907554179118,0.07353759112487634,separated,60,0.95,mixture/0.5/5/5/0
0.5,5,1,400,constant,0.04549999999999976,0.024680871708304353,0.06631912829169517,separated,60,0.95,mixture/0.5/5/5/1
0.5,5,1,1000,constant,0.050866666666666505,0.03981440741869835,0.06191892591463466,separated,60,0.95,mixture/0.5/5/5/1
0.5,5,2,400,constant,0.0904999999999998,0.06358405247424381,0.11520740104882443,separated,60,0.95,mixture/0.5/5/5/2
0.5,5,2,1000,constant,0.0911333333333334,0.07645575587319298,0.10581091079347382,separated,60,0.95,mixture/0.5/5/5/2
0.5,5,3,400,constant,0.09641666666666637,0.07407451913508589,0.11875881419824685,separated,60,0.95,mixture/0.5/5/5/3
0.5,5,3,1000,constant,0.09856666666666669,0.08501217244249282,0.11212116089084057,separated,60,0.95,mixture/0.5/5/5/3
0.5,5,4,400,constant,0.034666666666666734,0.012215201511705964,0.057118131821627505,separated,60,0.95,mixture/0.5/5/5/4
0.5,5,4,1000,constant,0.044000000000000594,0.030585706740523855,0.057414293259477334,separated,60,0.95,mixture/0.5/5/5/4
0.5,5,5,400,constant,0.10991666666666688,0.08865862912952838,0.1311747042038054,separated,60,0.95,mixture/0.5/5/5/5
0.5,5,5,1000,constant,0.11403333333333376,0.09935024317320496,0.12871642349346257,separated,60,0.95,mixture/0.5/5/5/5
0.5,5,6,400,constant,0.07149999999999979,0.047865205915605724,0.09513479408439385,separated,60,0.95,mixture/0.5/5/5/6
0.5,5,6,1000,constant,0.06793333333333351,0.05458202767851472,0.0812846389881523,separated,60,0.95,mixture/0.5/5/5/6
0.5,5,7,400,constant,0.03191666666666659,0.01458328389247232,0.049250049440860866,separated,60,0.95,mixture/0.5/5/5/7
0.5,5,7,1000,constant,0.04420000000000035,0.03280959999882305,0.05559040000117765,separated,60,0.95,mixture/0.5/5/5/7
0.5,5,8,400,constant,0.01041666666666663,-0.01009352581300793,0.03092685914634119,uncertain,60,0.95,mixture/0.5/5/5/8
0.5,5,8,1000,constant,0.016033333333333455,0.004487309017282781,0.02757935764938413,separated,60,0.95,mixture/0.5/5/5/8
0.5,5,9,400,constant,0.02024999999999999,-0.005061126166538643,0.045561126166538624,uncertain,60,0.95,mixture/0.5/5/5/9
0.5,5,9,1000,constant,0.030433333333332868,0.01830867860319174,0.042557988063473995,separated,60,0.95,mixture/0.5/5/5/9
0.5,5,10,400,constant,0.06816666666666682,0.044302812188327434,0.0920305211450062,separated,60,0.95,mixture/0.5/5/5/10
0.5,5,10,1000,constant,0.0782666666666666,0.06550170724295112,0.09103162609038207,separated,60,0.95,mixture/0.5/5/5/10
0.5,5,11,400,constant,0.09641666666666704,0.0715319639867582,0.12130136934657587,separated,60,0.95,mixture/0.5/5/5/11
0.5,5,11,1000,constant,0.10929999999999962,0.09511388602486914,0.1234861139751301,separated,60,0.95,mixture/0.5/5/5/11
0.5,5,12,400,constant,0.02066666666666661,0.0006476599327616128,0.04068567340057161,separated,60,0.95,mixture/0.5/5/5/12
0.5,5,12,1000,constant,0.03143333333333331,0.020675289738799618,0.04219137692786701,separated,60,0.95,mixture/0.5/5/5/12
0.5,5,13,400,constant,0.05916666666666626,0.03954982281400832,0.0787835105193242,separated,60,0.95,mixture/0.5/5/5/13
0.5,5,13,1000,constant,0.06406666666666694,0.053352458361028754,0.07478087497230512,separated,60,0.95,mixture/0.5/5/5/13
0.5,5,14,400,constant,-0.01100000000000012,-0.03217809648030123,0.010178096480300991,uncertain,60,0.95,mixture/0.5/5/5/14
0.5,5,14,1000,constant,-0.0003333333333331856,-0.012530160387027478,0.011863493720361107,uncertain,60,0.95,mixture/0.5/5/5/14
0.5,5,15,400,constant,0.11175000000000035,0.08883191887754471,0.13466808112245598,separated,60,0.95,mixture/0.5/5/5/15
0.5,5,15,1000,constant,0.11673333333333369,0.10477052410589272,0.12869614256077466,separated,60,0.95,mixture/0.5/5/5/15
0.5,5,16,400,constant,0.006750000000000145,-0.01594537653089445,0.02944537653089474,uncertain,60,0.95,mixture/0.5/5/5/16
0.5,5,16,1000,constant,0.014733333333333487,0.002130162995313878,0.027336503671353096,separated,60,0.95,mixture/0.5/5/5/16
0.5,5,17,400,constant,0.05824999999999991,0.036103386734604115,0.08039661326539571,separated,60,0.95,mixture/0.5/5/5/17
0.5,5,17,1000,constant,0.07050000000000045,0.058092235904421696,0.0829077640955792,separated,60,0.95,mixture/0.5/5/5/17
0.5,5,18,400,constant,0.09124999999999972,0.07498695206341444,0.107513047936585,separated,60,0.95,mixture/0.5/5/5/18
0.5,5,18,1000,constant,0.0969000000000001,0.08744940973932691,0.10635059026067328,separated,60,0.95,mixture/0.5/5/5/18
0.5,5,19,400,constant,0.04725000000000035,0.028630402509225883,0.06586959749077481,separated,60,0.95,mixture/0.5/5/5/19
0.5,5,19,1000,constant,0.04643333333333288,0.034828343362032665,0.0580383233046331,separated,60,0.95,mixture/0.5/5/5/19
0.5,6,0,400,constant,0.03916666666666657,0.01710959537169754,0.061223737961635605,separated,60,0.95,mixture/0.5/6/5/0
0.5,6,0,1000,constant,0.047800000000000065,0.03467940467692032,0.06092059532307981,separated,60,0.95,mixture/0.5/6/5/0
0.5,6,1,400,constant,0.0202500000000001,0.0019080655728316298,0.03859193442716857,separated,60,0.95,mixture/0.5/6/5/1
0.5,6,1,1000,constant,0.031299999999999883,0.02071479820764477,0.041885201792355,separated,60,0.95,mixture/0.5/6/5/1
0.5,6,2,400,constant,0.08958333333333357,0.07043290774569677,0.10873375892097037,separated,60,0.95,mixture/0.5/6/5/2
0.5,6,2,1000,constant,0.09309999999999974,0.08213889052038814,0.10406110947961134,separated,60,0.95,mixture/0.5/6/5/2
0.5,6,3,400,constant,0.05108333333333315,0.018787956851386345,0.08337870981527995,separated,60,0.95,mixture/0.5/6/5/3
0.5,6,3,1000,constant,0.057566666666666544,0.036810380106588214,0.07832295322674487,separated,60,0.95,mixture/0.5/6/5/3
0.5,6,4,400,constant,0.028583333333333183,0.01136906010760752,0.045797606559058845,separated,60,0.95,mixture/0.5/6/5/4
0.5,6,4,1000,constant,0.031133333333333124,0.021543647227251772,0.040723019439414476,separated,60,0.95,mixture/0.5/6/5/4
0.5,6,5,400,constant,0.05591666666666706,0.03617734487237145,0.07565598846096266,separated,60,0.95,mixture/0.5/6/5/5
0.5,6,5,1000,constant,0.06069999999999964,0.04942458337535871,0.07197541662464058,separated,60,0.95,mixture/0.5/6/5/5
0.5,6,6,400,constant,0.04041666666666699,0.023533536398275712,0.05729979693505827,separated,60,0.95,mixture/0.5/6/5/6
0.5,6,6,1000,constant,0.04766666666666697,0.03640413620109095,0.05892919713224298,separated,60,0.95,mixture/0.5/6/5/6
0.5,6,7,400,constant,0.07383333333333342,0.042511950271643895,0.10515471639502294,separated,60,0.95,mixture/0.5/6/5/7
0.5,6,7,1000,constant,0.05930000000000046,0.04233126512976437,0.07626873487023655,separated,60,0.95,mixture/0.5/6/5/7
0.5,6,8,400,constant,0.0844166666666667,0.061915368262924986,0.103743009831186,separated,60,0.95,mixture/0.5/6/5/8
0.5,6,8,1000,constant,0.08433333333333293,0.07428704606360748,0.09437962060305838,separated,60,0.95,mixture/0.5/6/5/8
0.5,6,9,400,constant,0.028416666666666868,0.005686496930478735,0.051146836402855,separated,60,0.95,mixture/0.5/6/5/9
0.5,6,9,1000,constant,0.03166666666666651,0.017365241381913754,0.045968091951419265,separated,60,0.95,mixture/0.5/6/5/9
0.5,6,10,400,constant,0.09675,0.07315359638833518,0.12034640361166482,separated,60,0.95,mixture/0.5/6/5/10
0.5,6,10,1000,constant,0.10790000000000022,0.09542910723986442,0.12037089276013602,separated,60,0.95,mixture/0.5/6/5/10
0.5,6,11,400,constant,0.05999999999999994,0.01980314766879554,0.10019685233120434,separated,60,0.95,mixture/0.5/6/5/11
0.5,6,11,1000,constant,0.0865333333333329,0.07076926419272178,0.09795872685758078,separated,60,0.95,mixture/0.5/6/5/11
0.5,6,12,400,constant,0.06300000000000006,0.03929202898051187,0.08583690699964375,separated,60,0.95,mixture/0.5/6/5/12
0.5,6,12,1000,constant,0.07236666666666658,0.06133743192019003,0.08339590141314313,separated,60,0.95,mixture/0.5/6/5/12
0.5,6,13,400,constant,0.06108333333333349,0.03455415358369052,0.08761251308297646,separated,60,0.95,mixture/0.5/6/5/13
0.5,6,13,1000,constant,0.05926666666666691,0.0444691672571913,0.07406416607614252,separated,60,0.95,mixture/0.5/6/5/13
0.5,6,14,400,constant,0.01508333333333367,-0.004350403388526991,0.03451707005519433,uncertain,60,0.95,mixture/0.5/6/5/14
0.5,6,14,1000,constant,0.022766666666666824,0.013103331741375457,0.03243000159195819,separated,60,0.95,mixture/0.5/6/5/14
0.5,6,15,400,constant,-0.0014166666666666217,-0.028365965052812192,0.02553263171947895,uncertain,60,0.95,mixture/0.5/6/5/15
0.5,6,15,1000,constant,0.015333333333333865,0.002616006695853823,0.028050659970813907,separated,60,0.95,mixture/0.5/6/5/15
0.5,6,16,400,constant,0.08458333333333323,0.06317967370366717,0.1059869929629993,separated,60,0.95,mixture/0.5/6/5/16
0.5,6,16,1000,constant,0.09206666666666719,0.07903428260015188,0.10509905073318249,separated,60,0.95,mixture/0.5/6/5/16
0.5,6,17,400,constant,-0.00158333333333327,-0.02445648323924976,0.02128981657258322,uncertain,60,0.95,mixture/0.5/6/5/17
0.5,6,17,1000,constant,0.011533333333333395,-0.0006565993259620706,0.02372326599262886,uncertain,60,0.95,mixture/0.5/6/5/17
0.5,6,18,400,constant,0.06058333333333299,0.03392502599326164,0.08724164067340434,separated,60,0.95,mixture/0.5/6/5/18
0.5,6,18,1000,constant,0.07499999999999996,0.06041835687898922,0.08958164312101069,separated,60,0.95,mixture/0.5/6/5/18
0.5,6,19,400,constant,0.0681666666666666,0.04824111274170728,0.08809222059162591,separated,60,0.95,mixture/0.5/6/5/19
0.5,6,19,1000,constant,0.07453333333333312,0.061521929818156185,0.08754473684851005,separated,60,0.95,mixture/0.5/6/5/19
0.5,7,0,400,constant,-0.07258333333333311,-0.11712433750009754,-0.02804232916656868,nonseparated,60,0.95,mixture/0.5/7/5/0
0.5,7,0,1000,constant,-0.040933333333333266,-0.06512908474304246,-0.016737581923624067,nonseparated,60,0.95,mixture/0.5/7/5/0
0.5,7,1,400,constant,0.0019166666666670107,-0.021372720687177438,0.02520605402051146,uncertain,60,0.95,mixture/0.5/7/5/1
0.5,7,1,1000,constant,0.006766666666666699,-0.00586494450293229,0.019398277836265687,uncertain,60,0.95,mixture/0.5/7/5/1
0.5,7,2,400,constant,0.06033333333333357,0.035099198991920155,0.08556746767474699,separated,60,0.95,mixture/0.5/7/5/2
0.5,7,2,1000,constant,0.07696666666666696,0.06328994108823527,0.09064339224509865,separated,60,0.95,mixture/0.5/7/5/2
0.5,7,3,400,constant,0.04475000000000007,0.025969597859425875,0.06353040214057426,separated,60,0.95,mixture/0.5/7/5/3
0.5,7,3,1000,constant,0.042999999999999816,0.03215149245619431,0.053848507543805324,separated,60,0.95,mixture/0.5/7/5/3
0.5,7,4,400,constant,0.08799999999999997,0.0654170199501839,0.11058298004981604,separated,60,0.95,mixture/0.5/7/5/4
0.5,7,4,1000,constant,0.0992333333333335,0.08715556428325877,0.11131110238340824,separated,60,0.95,mixture/0.5/7/5/4
0.5,7,5,400,constant,0.05241666666666689,0.030736056833915115,0.07382274747451034,separated,60,0.95,mixture/0.5/7/5/5
0.5,7,5,1000,constant,0.05963333333333276,0.04810853466014853,0.071158132006517,separated,60,0.95,mixture/0.5/7/5/5
0.5,7,6,400,constant,0.014999999999999458,-0.004479739659742021,0.03447973965974094,uncertain,60,0.95,mixture/0.5/7/5/6
0.5,7,6,1000,constant,0.017233333333333323,0.005917613527357757,0.02854905313930889,separated,60,0.95,mixture/0.5/7/5/6
0.5,7,7,400,constant,0.09908333333333341,0.07631909225671496,0.12184757440995186,separated,60,0.95,mixture/0.5/7/5/7
0.5,7,7,1000,constant,0.10486666666666722,0.09025357701510062,0.11947975631823382,separated,60,0.95,mixture/0.5/7/5/7
0.5,7,8,400,constant,0.002083333333333992,-0.020571412764785912,0.024738079431453897,uncertain,60,0.95,mixture/0.5/7/5/8
0.5,7,8,1000,constant,0.010900000000000243,-0.0003957869503471434,0.02219578695034763,uncertain,60,0.95,mixture/0.5/7/5/8
0.5,7,9,400,constant,-0.03299999999999992,-0.05427717813571542,-0.011722821864284416,nonseparated,60,0.95,mixture/0.5/7/5/9
0.5,7,9,1000,constant,-0.030466666666666864,-0.04327871496110802,-0.017654618372225706,nonseparated,60,0.95,mixture/0.5/7/5/9
0.5,7,10,400,constant,-0.018999999999999906,-0.03888990381119373,0.000889903811193915,uncertain,60,0.95,mixture/0.5/7/5/10
0.5,7,10,1000,constant,-0.012366666666666748,-0.02339659198207833,-0.001415795188590807,nonseparated,60,0.95,mixture/0.5/7/5/10
0.5,7,11,400,constant,0.020166666666667,0.004232104289050187,0.03610122904428381,separated,60,0.95,mixture/0.5/7/5/11
0.5,7,11,1000,constant,0.022433333333333305,0.012712210628908593,0.03215445603775802,separated,60,0.95,mixture/0.5/7/5/11
0.5,7,12,400,constant,-0.016833333333333256,-0.0372747948167792,0.0036081281501126883,uncertain,60,0.95,mixture/0.5/7/5/12
0.5,7,12,1000,constant,-0.017633333333333168,-0.029589123183063837,-0.0056775434836024985,nonseparated,60,0.95,mixture/0.5/7/5/12
0.5,7,13,400,constant,0.03741666666666621,0.015393561351577767,0.05943977198175465,separated,60,0.95,mixture/0.5/7/5/13
0.5,7,13,1000,constant,0.05043333333333311,0.03671892000494892,0.0641477466617173,separated,60,0.95,mixture/0.5/7/5/13
0.5,7,14,400,constant,-0.048666666666666636,-0.06642989174479697,-0.030903441588536307,nonseparated,60,0.95,mixture/0.5/7/5/14
0.5,7,14,1000,constant,-0.04203333333333359,-0.05340913716861062,-0.030657529498056557,nonseparated,60,0.95,mixture/0.5/7/5/14
0.5,7,15,400,constant,-0.06016666666666681,-0.08710956649260626,-0.033223766840727365,nonseparated,60,0.95,mixture/0.5/7/5/15
0.5,7,15,1000,constant,-0.04816666666666669,-0.062433453575409414,-0.03389987975792397,nonseparated,60,0.95,mixture/0.5/7/5/15
0.5,7,16,400,constant,0.06050000000000011,0.03936846497455038,0.08163153502544984,separated,60,0.95,mixture/0.5/7/5/16
0.5,7,16,1000,constant,0.06376666666666664,0.05156010573923875,0.07597322759409453,separated,60,0.95,mixture/0.5/7/5/16
0.5,7,17,400,constant,0.009499999999999842,-0.01265302445992833,0.031653024459928014,uncertain,60,0.95,mixture/0.5/7/5/17
0.5,7,17,1000,constant,0.015733333333333377,0.0028346312044869038,0.02863203546217985,separated,60,0.95,mixture/0.5/7/5/17
0.5,7,18,400,constant,0.09283333333333343,0.06160492743660495,0.12406173923006192,separated,60,0.95,mixture/0.5/7/5/18
0.5,7,18,1000,constant,0.11526666666666618,0.09640317481233884,0.13413015852099353,separated,60,0.95,mixture/0.5/7/5/18
0.5,7,19,400,constant,-0.1509999999999998,-0.17529816402814957,-0.12670183597185003,nonseparated,60,0.95,mixture/0.5/7/5/19
0.5,7,19,1000,constant,-0.14533333333333331,-0.15753972184850062,-0.133126944818166,nonseparated,60,0.95,mixture/0.5/7/5/19
0.5,8,0,400,constant,0.0196666666666665,-0.0016899269332594224,0.04102326026659242,uncertain,60,0.95,mixture/0.5/8/5/0
0.5,8,0,1000,constant,0.024900000000000033,0.012443045787433937,0.03735695421256613,separated,60,0.95,mixture/0.5/8/5/0
0.5,8,1,400,constant,-0.024499999999999966,-0.0496791917988354,0.0006791917988354657,uncertain,60,0.95,mixture/0.5/8/5/1
0.5,8,1,1000,constant,-0.015933333333333466,-0.031360251209313406,-0.0005064154573535262,nonseparated,60,0.95,mixture/0.5/8/5/1
0.5,8,2,400,constant,0.036499999999999866,0.008497601594267934,0.0645023984057318,separated,60,0.95,mixture/0.5/8/5/2
0.5,8,2,1000,constant,0.04516666666666702,0.03063453437823238,0.05969879895510166,separated,60,0.95,mixture/0.5/8/5/2
0.5,8,3,400,constant,-0.03949999999999976,-0.06264280803478017,-0.016357191965219342,nonseparated,60,0.95,mixture/0.5/8/5/3
0.5,8,3,1000,constant,-0.028466666666666862,-0.04225207968274258,-0.014681253650591142,nonseparated,60,0.95,mixture/0.5/8/5/3
0.5,8,4,400,constant,0.028583333333333405,0.007132020190812605,0.050034646475854205,separated,60,0.95,mixture/0.5/8/5/4
0.5,8,4,1000,constant,0.028133333333333566,0.015614503367244459,0.04065216329942267,separated,60,0.95,mixture/0.5/8/5/4
0.5,8,5,400,constant,0.002000000000000557,-0.018121824225547867,0.018812567081221476,uncertain,60,0.95,mixture/0.5/8/5/5
0.5,8,5,1000,constant,0.005599999999999938,-0.003586194205579818,0.014786194205579695,uncertain,60,0.95,mixture/0.5/8/5/5
0.5,8,6,400,constant,0.032916666666666816,0.004706201684979483,0.06112713164835415,separated,60,0.95,mixture/0.5/8/5/6
0.5,8,6,1000,constant,0.04820000000000002,0.03324788056678962,0.06315211943321042,separated,60,0.95,mixture/0.5/8/5/6
0.5,8,7,400,constant,0.0016666666666665941,-0.0255975249545356,0.028930858287868788,uncertain,60,0.95,mixture/0.5/8/5/7
0.5,8,7,1000,constant,0.018566666666666287,0.0024352687620091684,0.034698064571323406,separated,60,0.95,mixture/0.5/8/5/7
0.5,8,8,400,constant,-0.054916666666666836,-0.07804416869921704,-0.03178916463411663,nonseparated,60,0.95,mixture/0.5/8/5/8
0.5,8,8,1000,constant,-0.04403333333333348,-0.05737268369794302,-0.030693982968723943,nonseparated,60,0.95,mixture/0.5/8/5/8
0.5,8,9,400,constant,-0.007166666666666877,-0.03875738988035515,0.0244240565470214,uncertain,60,0.95,mixture/0.5/8/5/9
0.5,8,9,1000,constant,-0.0012333333333335306,-0.018494557493954566,0.016027890827287505,uncertain,60,0.95,mixture/0.5/8/5/9
0.5,8,10,400,constant,0.0675833333333331,0.039315022499037844,0.08924284455933362,separated,60,0.95,mixture/0.5/8/5/10
0.5,8,10,1000,constant,0.06326666666666658,0.04772799583152132,0.07880533750181185,separated,60,0.95,mixture/0.5/8/5/10
0.5,8,11,400,constant,-0.09316666666666684,-0.12714723521447413,-0.059186098118859554,nonseparated,60,0.95,mixture/0.5/8/5/11
0.5,8,11,1000,constant,-0.08253333333333324,-0.10431531669993299,-0.06075134996673348,nonseparated,60,0.95,mixture/0.5/8/5/11
0.5,8,12,400,constant,-0.046916666666666385,-0.07201094442896838,-0.021822388904364387,nonseparated,60,0.95,mixture/0.5/8/5/12
0.5,8,12,1000,constant,-0.04403333333333326,-0.05803873402999826,-0.030027932636668253,nonseparated,60,0.95,mixture/0.5/8/5/12
0.5,8,13,400,constant,0.09541666666666682,0.0669861033653334,0.12384722996800024,separated,60,0.95,mixture/0.5/8/5/13
0.5,8,13,1000,constant,0.10653333333333348,0.0916062701573861,0.1194365443371932,separated,60,0.95,mixture/0.5/8/5/13
0.5,8,14,400,constant,0.027666666666666395,-0.002852238395050888,0.05818557172838368,uncertain,60,0.95,mixture/0.5/8/5/14
0.5,8,14,1000,constant,0.0441666666666668,0.02640741765065946,0.06192591568267414,separated,60,0.95,mixture/0.5/8/5/14
0.5,8,15,400,constant,0.023833333333333373,0.001328607480912014,0.04633805918575473,separated,60,0.95,mixture/0.5/8/5/15
0.5,8,15,1000,constant,0.02440000000000042,0.010455415737140927,0.038344584262859915,separated,60,0.95,mixture/0.5/8/5/15
0.5,8,16,400,constant,-0.055749999999999744,-0.0952612542350657,-0.016238745764933782,nonseparated,60,0.95,mixture/0.5/8/5/16
0.5,8,16,1000,constant,-0.06413333333333315,-0.0873699135857039,-0.04089675308096241,nonseparated,60,0.95,mixture/0.5/8/5/16
0.5,8,17,400,constant,0.07916666666666683,0.05877196687670383,0.09956136645662983,separated,60,0.95,mixture/0.5/8/5/17
0.5,8,17,1000,constant,0.08190000000000008,0.070141093543728,0.09365890645627217,separated,60,0.95,mixture/0.5/8/5/17
0.5,8,18,400,constant,-0.0385833333333333,-0.05992527407364434,-0.017241392593022264,nonseparated,60,0.95,mixture/0.5/8/5/18
0.5,8,18,1000,constant,-0.029833333333333267,-0.04244154142453416,-0.017225125242132378,nonseparated,60,0.95,mixture/0.5/8/5/18
0.5,8,19,400,constant,-0.042333333333333334,-0.06333359908348002,-0.02133306758318665,nonseparated,60,0.95,mixture/0.5/8/5/19
0.5,8,19,1000,constant,-0.039699999999999847,-0.052227185768998985,-0.027172814231000708,nonseparated,60,0.95,mixture/0.5/8/5/19
0.5,9,0,400,constant,-0.07133333333333336,-0.09012199631574125,-0.05254467035092547,nonseparated,60,0.95,mixture/0.5/9/5/0
0.5,9,0,1000,constant,-0.06763333333333377,-0.07972839185768932,-0.055538274808978216,nonseparated,60,0.95,mixture/0.5/9/5/0
0.5,9,1,400,constant,-0.02808333333333346,-0.053024139006766835,-0.003142527659900085,nonseparated,60,0.95,mixture/0.5/9/5/1
0.5,9,1,1000,constant,-0.0315333333333333,-0.044445853796097556,-0.018620812870569048,nonseparated,60,0.95,mixture/0.5/9/5/1
0.5,9,2,400,constant,0.057583333333332876,0.032346545028539286,0.08282012163812646,separated,60,0.95,mixture/0.5/9/5/2
0.5,9,2,1000,constant,0.06430000000000013,0.04962561795021947,0.0789743820497808,separated,60,0.95,mixture/0.5/9/5/2
0.5,9,3,400,constant,-0.09933333333333338,-0.12484061198940655,-0.07382605467726022,nonseparated,60,0.95,mixture/0.5/9/5/3
0.5,9,3,1000,constant,-0.09383333333333332,-0.10868157968002468,-0.07898508698664197,nonseparated,60,0.95,mixture/0.5/9/5/3
0.5,9,4,400,constant,0.03416666666666668,0.010571253869459118,0.05699899980796452,separated,60,0.95,mixture/0.5/9/5/4
0.5,9,4,1000,constant,0.040933333333333266,0.02694133371440588,0.05228003197335607,separated,60,0.95,mixture/0.5/9/5/4
0.5,9,5,400,constant,-0.011416666666666409,-0.03815363384421344,0.015320300510880625,uncertain,60,0.95,mixture/0.5/9/5/5
0.5,9,5,1000,constant,-0.0027333333333332543,-0.018503505972026102,0.013036839305359593,uncertain,60,0.95,mixture/0.5/9/5/5
0.5,9,6,400,constant,0.013916666666666688,-0.013609391891741152,0.04144272522507453,uncertain,60,0.95,mixture/0.5/9/5/6
0.5,9,6,1000,constant,0.018833333333333924,0.0031331895413871935,0.034533477125280654,separated,60,0.95,mixture/0.5/9/5/6
0.5,9,7,400,constant,0.0013333333333332975,-0.04385754616879867,0.022441392671192384,uncertain,60,0.95,mixture/0.5/9/5/7
0.5,9,7,1000,constant,0.007833333333333248,-0.005434668486425709,0.021101335153092204,uncertain,60,0.95,mixture/0.5/9/5/7
0.5,9,8,400,constant,0.02583333333333393,0.003359900427476137,0.04830676623919172,separated,60,0.95,mixture/0.5/9/5/8
0.5,9,8,1000,constant,0.03726666666666634,0.023103924709814927,0.05142940862351775,separated,60,0.95,mixture/0.5/9/5/8
0.5,9,9,400,constant,0.0045833333333327175,-0.022140530756527554,0.03072649112164494,uncertain,60,0.95,mixture/0.5/9/5/9
0.5,9,9,1000,constant,0.012633333333333718,-0.0016308194808387633,0.024801725993263357,uncertain,60,0.95,mixture/0.5/9/5/9
0.5,9,10,400,constant,-0.05716666666666703,-0.08026461273186125,-0.03406872060147281,nonseparated,60,0.95,mixture/0.5/9/5/10
0.5,9,10,1000,constant,-0.04849999999999999,-0.06053386696168628,-0.0364661330383137,nonseparated,60,0.95,mixture/0.5/9/5/10
0.5,9,11,400,constant,-0.04225000000000012,-0.06968523873604693,-0.014814761263953313,nonseparated,60,0.95,mixture/0.5/9/5/11
0.5,9,11,1000,constant,-0.028266666666666995,-0.043488507090449824,-0.013044826242884167,nonseparated,60,0.95,mixture/0.5/9/5/11
0.5,9,12,400,constant,-0.0001666666666665373,-0.026859603724719405,0.025317453134234502,uncertain,60,0.95,mixture/0.5/9/5/12
0.5,9,12,1000,constant,0.0024000000000000687,-0.014762539580697065,0.019182205209500314,uncertain,60,0.95,mixture/0.5/9/5/12
0.5,9,13,400,constant,-0.1153333333333334,-0.15106143251240967,-0.07960523415425713,nonseparated,60,0.95,mixture/0.5/9/5/13
0.5,9,13,1000,constant,-0.09960000000000024,-0.12037706786688618,-0.07882293213311431,nonseparated,60,0.95,mixture/0.5/9/5/13
0.5,9,14,400,constant,-0.033916666666666484,-0.06888525488068742,0.0010519215473544508,uncertain,60,0.95,mixture/0.5/9/5/14
0.5,9,14,1000,constant,-0.033166666666666456,-0.05748364855176347,-0.008849684781569445,nonseparated,60,0.95,mixture/0.5/9/5/14
0.5,9,15,400,constant,0.08325000000000005,0.05040893111480127,0.11558773772851261,separated,60,0.95,mixture/0.5/9/5/15
0.5,9,15,1000,constant,0.08833333333333349,0.06878847846285163,0.10787818820381534,separated,60,0.95,mixture/0.5/9/5/15
0.5,9,16,400,constant,-0.07625000000000015,-0.1054020341671219,-0.0470979658328784,nonseparated,60,0.95,mixture/0.5/9/5/16
0.5,9,16,1000,constant,-0.07206666666666695,-0.09114426150981592,-0.052989071823517975,nonseparated,60,0.95,mixture/0.5/9/5/16
0.5,9,17,400,constant,-0.007583333333333053,-0.02861348804915209,0.013446821382485985,uncertain,60,0.95,mixture/0.5/9/5/17
0.5,9,17,1000,constant,0.0021333333333334314,-0.010644915128767196,0.014911581795434059,uncertain,60,0.95,mixture/0.5/9/5/17
0.5,9,18,400,constant,-0.05966666666666698,-0.07981463211918038,-0.03951870121415357,nonseparated,60,0.95,mixture/0.5/9/5/18
0.5,9,18,1000,constant,-0.054299999999999904,-0.06627210926583116,-0.04232789073416865,nonseparated,60,0.95,mixture/0.5/9/5/18
0.5,9,19,400,constant,0.006333333333333191,-0.01612632405225667,0.02879299071892305,uncertain,60,0.95,mixture/0.5/9/5/19
0.5,9,19,1000,constant,0.006466666666666621,-0.009151454407386295,0.022084787740719536,uncertain,60,0.95,mixture/0.5/9/5/19
0.5,10,0,400,constant,0.0060833333333331074,-0.01934474229028127,0.031511408956947484,uncertain,60,0.95,mixture/0.5/10/5/0
0.5,10,0,1000,constant,0.014800000000000146,-0.0009561199446617152,0.030556119944662008,uncertain,60,0.95,mixture/0.5/10/5/0
0.5,10,1,400,constant,0.07200000000000006,0.04956122939734209,0.09240774805974439,separated,60,0.95,mixture/0.5/10/5/1
0.5,10,1,1000,constant,0.07773333333333332,0.06666109816605315,0.0888055685006135,separated,60,0.95,mixture/0.5/10/5/1
0.5,10,2,400,constant,-0.04041666666666677,-0.06305656289276551,-0.017776770440568024,nonseparated,60,0.95,mixture/0.5/10/5/2
0.5,10,2,1000,constant,-0.03336666666666688,-0.04684655528399473,-0.019886778049339027,nonseparated,60,0.95,mixture/0.5/10/5/2
0.5,10,3,400,constant,-0.02499999999999969,-0.04663742895147349,-0.0033625710485258864,nonseparated,60,0.95,mixture/0.5/10/5/3
0.5,10,3,1000,constant,-0.0240999999999999,-0.037133903183345196,-0.011066096816654603,nonseparated,60,0.95,mixture/0.5/10/5/3
0.5,10,4,400,constant,-0.007583333333333275,-0.04675884588185564,0.03159217921518909,uncertain,60,0.95,mixture/0.5/10/5/4
0.5,10,4,1000,constant,-0.010166666666666546,-0.03325684486734637,0.012923511534013277,uncertain,60,0.95,mixture/0.5/10/5/4
0.5,10,5,400,constant,-0.02316666666666689,-0.04240461113334526,-0.003928722199988521,nonseparated,60,0.95,mixture/0.5/10/5/5
0.5,10,5,1000,constant,-0.0163333333333332,-0.027932554844764423,-0.004734111821901976,nonseparated,60,0.95,mixture/0.5/10/5/5
0.5,10,6,400,constant,-0.009916666666667129,-0.02925442160593905,0.008709199471457318,uncertain,60,0.95,mixture/0.5/10/5/6
0.5,10,6,1000,constant,-0.008733333333333593,-0.020895213032175675,0.003428546365508489,uncertain,60,0.95,mixture/0.5/10/5/6
0.5,10,7,400,constant,-0.013833333333333364,-0.041008507618017,0.01334184095135027,uncertain,60,0.95,mixture/0.5/10/5/7
0.5,10,7,1000,constant,-0.003366666666666851,-0.02062703560815138,0.013893702274817676,uncertain,60,0.95,mixture/0.5/10/5/7
0.5,10,8,400,constant,0.019499999999999962,-0.00434132415839672,0.043341324158396644,uncertain,60,0.95,mixture/0.5/10/5/8
0.5,10,8,1000,constant,0.030200000000000338,0.016319576471745867,0.04408042352825481,separated,60,0.95,mixture/0.5/10/5/8
0.5,10,9,400,constant,0.03658333333333308,0.004807419505951094,0.06183447694501776,separated,60,0.95,mixture/0.5/10/5/9
0.5,10,9,1000,constant,0.0388333333333335,0.01855350921302512,0.05695968044036748,separated,60,0.95,mixture/0.5/10/5/9
0.5,10,10,400,constant,0.07058333333333355,0.04226552151850438,0.09239950726432367,separated,60,0.95,mixture/0.5/10/5/10
0.5,10,10,1000,constant,0.07030000000000003,0.05680529974765458,0.08379470025234548,separated,60,0.95,mixture/0.5/10/5/10
0.5,10,11,400,constant,-0.01666666666666694,-0.0448891339244214,0.011555800591087517,uncertain,60,0.95,mixture/0.5/10/5/11
0.5,10,11,1000,constant,-0.00236666666666685,-0.018333791711082736,0.013600458377749036,uncertain,60,0.95,mixture/0.5/10/5/11
0.5,10,12,400,constant,-0.025333333333333208,-0.04756061624433583,-0.0031060504223305863,nonseparated,60,0.95,mixture/0.5/10/5/12
0.5,10,12,1000,constant,-0.021399999999999753,-0.03438557396987252,-0.008414426030126987,nonseparated,60,0.95,mixture/0.5/10/5/12
0.5,10,13,400,constant,-0.03358333333333319,-0.061891054432487214,-0.005275612234179161,nonseparated,60,0.95,mixture/0.5/10/5/13
0.5,10,13,1000,constant,-0.022733333333333605,-0.037400477887998496,-0.008066188778668715,nonseparated,60,0.95,mixture/0.5/10/5/13
0.5,10,14,400,constant,0.04741666666666655,0.01214993297290623,0.07210393433930251,separated,60,0.95,mixture/0.5/10/5/14
0.5,10,14,1000,constant,0.05056666666666687,0.028475440048900236,0.0726578932844335,separated,60,0.95,mixture/0.5/10/5/14
0.5,10,15,400,constant,-0.03483333333333294,-0.06774686505299321,-0.001919801613672667,nonseparated,60,0.95,mixture/0.5/10/5/15
0.5,10,15,1000,constant,-0.01639999999999986,-0.03636704012941694,0.0035670401294172205,uncertain,60,0.95,mixture/0.5/10/5/15
0.5,10,16,400,constant,-0.06641666666666635,-0.09281967679727487,-0.04001365653605782,nonseparated,60,0.95,mixture/0.5/10/5/16
0.5,10,16,1000,constant,-0.06410000000000016,-0.08099763248136005,-0.047202367518640265,nonseparated,60,0.95,mixture/0.5/10/5/16
0.5,10,17,400,constant,-0.06708333333333316,-0.09815710719776038,-0.03600955946890594,nonseparated,60,0.95,mixture/0.5/10/5/17
0.5,10,17,1000,constant,-0.05966666666666698,-0.07814683668027655,-0.0411864966530574,nonseparated,60,0.95,mixture/0.5/10/5/17
0.5,10,18,400,constant,0.021166666666666334,-0.008350203731411265,0.05068353706474393,uncertain,60,0.95,mixture/0.5/10/5/18
0.5,10,18,1000,constant,0.021500000000000297,0.0021894504840550555,0.04081054951594554,separated,60,0.95,mixture/0.5/10/5/18
0.5,10,19,400,constant,0.017333333333332868,-0.012502225388397292,0.04413360606997707,uncertain,60,0.95,mixture/0.5/10/5/19
0.5,10,19,1000,constant,0.018400000000000083,0.0013898184153862125,0.03541018158461395,separated,60,0.95,mixture/0.5/10/5/19
1.0,2,0,400,constant,0.1259166666666668,0.10680699642792602,0.14502633690540756,separated,60,0.95,mixture/1.0/2/5/0
1.0,2,0,1000,constant,0.13330000000000042,0.12196364296502671,0.14463635703497413,separated,60,0.95,mixture/1.0/2/5/0
1.0,2,1,400,constant,0.12466666666666715,0.11020157791159924,0.13913175542173506,separated,60,0.95,mixture/1.0/2/5/1
1.0,2,1,1000,constant,0.1273333333333334,0.1184431757167308,0.13622349094993602,separated,60,0.95,mixture/1.0/2/5/1
1.0,2,2,400,constant,0.12700000000000045,0.11252196419199634,0.14147803580800455,separated,60,0.95,mixture/1.0/2/5/2
1.0,2,2,1000,constant,0.1306666666666667,0.12192728918357598,0.13940604414975744,separated,60,0.95,mixture/1.0/2/5/2
1.0,2,3,400,constant,0.11941666666666684,0.10449154545885586,0.1343417878744778,separated,60,0.95,mixture/1.0/2/5/3
1.0,2,3,1000,constant,0.11893333333333334,0.11054184230136455,0.12732482436530212,separated,60,0.95,mixture/1.0/2/5/3
1.0,2,4,400,constant,0.1798333333333334,0.16285276400754356,0.19681390265912324,separated,60,0.95,mixture/1.0/2/5/4
1.0,2,4,1000,constant,0.18229999999999968,0.17301150818351596,0.1915884918164834,separated,60,0.95,mixture/1.0/2/5/4
1.0,2,5,400,constant,0.030333333333333323,0.016579667859843217,0.04408699880682343,separated,60,0.95,mixture/1.0/2/5/5
1.0,2,5,1000,constant,0.039333333333333,0.0317276402822565,0.0469390263844095,separated,60,0.95,mixture/1.0/2/5/5
1.0,2,6,400,constant,0.2052499999999997,0.18604740334980052,0.2244525966501989,separated,60,0.95,mixture/1.0/2/5/6
1.0,2,6,1000,constant,0.20596666666666663,0.194339737740037,0.21759359559329627,separated,60,0.95,mixture/1.0/2/5/6
1.0,2,7,400,constant,0.05575000000000052,0.038317610006532665,0.07318238999346838,separated,60,0.95,mixture/1.0/2/5/7
1.0,2,7,1000,constant,0.059366666666666346,0.05067397899457571,0.06805935433875698,separated,60,0.95,mixture/1.0/2/5/7
1.0,2,8,400,constant,0.12808333333333344,0.11400342411763131,0.14216324254903556,separated,60,0.95,mixture/1.0/2/5/8
1.0,2,8,1000,constant,0.12686666666666646,0.11792331377630605,0.13581001955702687,separated,60,0.95,mixture/1.0/2/5/8
1.0,2,9,400,constant,0.12300000000000011,0.10665087881479363,0.1393491211852066,separated,60,0.95,mixture/1.0/2/5/9
1.0,2,9,1000,constant,0.12590000000000034,0.1170348566294579,0.1347651433705428,separated,60,0.95,mixture/1.0/2/5/9
1.0,2,10,400,constant,0.2068333333333331,0.19048667138528208,0.2231799952813841,separated,60,0.95,mixture/1.0/2/5/10
1.0,2,10,1000,constant,0.20769999999999977,0.19915695912062725,0.2162430408793723,separated,60,0.95,mixture/1.0/2/5/10
1.0,2,11,400,constant,0.2592500000000003,0.24248472149922984,0.2760152785007709,separated,60,0.95,mixture/1.0/2/5/11
1.0,2,11,1000,constant,0.26343333333333374,0.2520191859319144,0.27484748073475307,separated,60,0.95,mixture/1.0/2/5/11
1.0,2,12,400,constant,0.12049999999999961,0.10360609552155664,0.13739390447844257,separated,60,0.95,mixture/1.0/2/5/12
1.0,2,12,1000,constant,0.1259,0.11708058505088603,0.134719414949114,separated,60,0.95,mixture/1.0/2/5/12
1.0,2,13,400,constant,0.12424999999999964,0.10868643767883357,0.13951978689949385,separated,60,0.95,mixture/1.0/2/5/13
1.0,2,13,1000,constant,0.12266666666666626,0.1139157404879918,0.1314175928453407,separated,60,0.95,mixture/1.0/2/5/13
1.0,2,14,400,constant,0.17049999999999987,0.15177809490975858,0.18922190509024117,separated,60,0.95,mixture/1.0/2/5/14
1.0,2,14,1000,constant,0.174433333333333,0.16364594267249888,0.1852207239941671,separated,60,0.95,mixture/1.0/2/5/14
1.0,2,15,400,constant,0.2655833333333335,0.24742313018596296,0.28374353648070405,separated,60,0.95,mixture/1.0/2/5/15
1.0,2,15,1000,constant,0.27843333333333375,0.2669287640389788,0.2899379026276887,separated,60,0.95,mixture/1.0/2/5/15
1.0,2,16,400,constant,0.18700000000000006,0.16822271382642306,0.20577728617357693,separated,60,0.95,mixture/1.0/2/5/16
1.0,2,16,1000,constant,0.1969666666666664,0.18581799368917506,0.20811533964415774,separated,60,0.95,mixture/1.0/2/5/16
1.0,2,17,400,constant,0.03741666666666632,0.024737897215819538,0.050095436117513104,separated,60,0.95,mixture/1.0/2/5/17
1.0,2,17,1000,constant,0.03603333333333292,0.028267475700229916,0.04379919096643592,separated,60,0.95,mixture/1.0/2/5/17
1.0,2,18,400,constant,0.18116666666666703,0.1642726362796395,0.19806069705369456,separated,60,0.95,mixture/1.0/2/5/18
1.0,2,18,1000,constant,0.18166666666666687,0.17175293619061416,0.19158039714271957,separated,60,0.95,mixture/1.0/2/5/18
1.0,2,19,400,constant,0.07283333333333308,0.058577564861781894,0.08708910180488427,separated,60,0.95,mixture/1.0/2/5/19
1.0,2,19,1000,constant,0.076566666666667,0.06798628396140549,0.08514704937192852,separated,60,0.95,mixture/1.0/2/5/19
1.0,3,0,400,constant,0.08825000000000027,0.06954551986755042,0.10695448013245012,separated,60,0.95,mixture/1.0/3/5/0
1.0,3,0,1000,constant,0.09510000000000007,0.08368671894712965,0.1065132810528705,separated,60,0.95,mixture/1.0/3/5/0
1.0,3,1,400,constant,0.08233333333333315,0.06883164115213403,0.09489899815939273,separated,60,0.95,mixture/1.0/3/5/1
1.0,3,1,1000,constant,0.08163333333333322,0.07334582476250173,0.08992084190416472,separated,60,0.95,mixture/1.0/3/5/1
1.0,3,2,400,constant,0.10399999999999987,0.08499497250839638,0.12300502749160336,separated,60,0.95,mixture/1.0/3/5/2
1.0,3,2,1000,constant,0.10269999999999979,0.09103919245332348,0.1143608075466761,separated,60,0.95,mixture/1.0/3/5/2
1.0,3,3,400,constant,0.09083333333333321,0.07421403778805646,0.10745262887860996,separated,60,0.95,mixture/1.0/3/5/3
1.0,3,3,1000,constant,0.09173333333333367,0.08223089900123781,0.10123576766542952,separated,60,0.95,mixture/1.0/3/5/3
1.0,3,4,400,constant,0.036833333333333274,0.017523004279346277,0.05614366238732027,separated,60,0.95,mixture/1.0/3/5/4
1.0,3,4,1000,constant,0.04286666666666672,0.030919569027195948,0.05481376430613749,separated,60,0.95,mixture/1.0/3/5/4
1.0,3,5,400,constant,0.06091666666666651,0.04355934765711611,0.0782739856762169,separated,60,0.95,mixture/1.0/3/5/5
1.0,3,5,1000,constant,0.0679000000000003,0.057453886841016155,0.07834611315898443,separated,60,0.95,mixture/1.0/3/5/5
1.0,3,6,400,constant,0.10424999999999973,0.08763665715555735,0.12086334284444211,separated,60,0.95,mixture/1.0/3/5/6
1.0,3,6,1000,constant,0.11273333333333324,0.10235578205319051,0.12311088461347597,separated,60,0.95,mixture/1.0/3/5/6
1.0,3,7,400,constant,0.02383333333333293,0.008212739116932988,0.03945392754973287,separated,60,0.95,mixture/1.0/3/5/7
1.0,3,7,1000,constant,0.02259999999999962,0.013349371586254377,0.031850628413744864,separated,60,0.95,mixture/1.0/3/5/7
1.0,3,8,400,constant,0.08408333333333351,0.06734463880606878,0.10082202786059824,separated,60,0.95,mixture/1.0/3/5/8
1.0,3,8,1000,constant,0.08536666666666648,0.07461485335946094,0.09611847997387202,separated,60,0.95,mixture/1.0/3/5/8
1.0,3,9,400,constant,0.033916666666666484,0.0174329514282362,0.05040038190509677,separated,60,0.95,mixture/1.0/3/5/9
1.0,3,9,1000,constant,0.037666666666666515,0.028054572374294207,0.047278760959038824,separated,60,0.95,mixture/1.0/3/5/9
1.0,3,10,400,constant,0.11616666666666664,0.1011619943294757,0.13117133900385758,separated,60,0.95,mixture/1.0/3/5/10
1.0,3,10,1000,constant,0.12160000000000026,0.11323251809413337,0.12996748190586715,separated,60,0.95,mixture/1.0/3/5/10
1.0,3,11,400,constant,0.0008333333333335746,-0.01610421570457643,0.01777088237124358,uncertain,60,0.95,mixture/1.0/3/5/11
1.0,3,11,1000,constant,0.008666666666667044,-0.0001324535960390838,0.017465786929373173,uncertain,60,0.95,mixture/1.0/3/5/11
1.0,3,12,400,constant,0.09124999999999983,0.07474451953514538,0.10775548046485428,separated,60,0.95,mixture/1.0/3/5/12
1.0,3,12,1000,constant,0.09516666666666673,0.08605723128785003,0.10427610204548343,separated,60,0.95,mixture/1.0/3/5/12
1.0,3,13,400,constant,0.2008333333333332,0.18167451647956678,0.2199921501870996,separated,60,0.95,mixture/1.0/3/5/13
1.0,3,13,1000,constant,0.20579999999999965,0.19356881761522204,0.21803118238477726,separated,60,0.95,mixture/1.0/3/5/13
1.0,3,14,400,constant,0.07591666666666708,0.05812298998019194,0.09371034335314221,separated,60,0.95,mixture/1.0/3/5/14
1.0,3,14,1000,constant,0.08589999999999964,0.07503456386485341,0.09676543613514588,separated,60,0.95,mixture/1.0/3/5/14
1.0,3,15,400,constant,0.058166666666666256,0.04002441370590959,0.07630891962742292,separated,60,0.95,mixture/1.0/3/5/15
1.0,3,15,1000,constant,0.05923333333333358,0.048092258765375706,0.07037440790129146,separated,60,0.95,mixture/1.0/3/5/15
1.0,3,16,400,constant,0.12458333333333316,0.10818152524501101,0.1409851414216553,separated,60,0.95,mixture/1.0/3/5/16
1.0,3,16,1000,constant,0.11329999999999962,0.10264264515925114,0.1239573548407481,separated,60,0.95,mixture/1.0/3/5/16
1.0,3,17,400,constant,0.09724999999999973,0.08013106319501195,0.11319979297589167,separated,60,0.95,mixture/1.0/3/5/17
1.0,3,17,1000,constant,0.10359999999999991,0.0951724705685647,0.11202752943143512,separated,60,0.95,mixture/1.0/3/5/17
1.0,3,18,400,constant,0.016916666666666913,0.0022986446964864404,0.031534688636847386,separated,60,0.95,mixture/1.0/3/5/18
1.0,3,18,1000,constant,0.02306666666666668,0.014217982352711322,0.03191535098062204,separated,60,0.95,mixture/1.0/3/5/18
1.0,3,19,400,constant,0.06924999999999959,0.05306632821471802,0.08543367178528116,separated,60,0.95,mixture/1.0/3/5/19
1.0,3,19,1000,constant,0.07593333333333319,0.06646383258913124,0.08540283407753513,separated,60,0.95,mixture/1.0/3/5/19
1.0,4,0,400,constant,0.13791666666666624,0.12143924669653372,0.15439408663679877,separated,60,0.95,mixture/1.0/4/5/0
1.0,4,0,1000,constant,0.14643333333333342,0.13729952189923533,0.1555671447674315,separated,60,0.95,mixture/1.0/4/5/0
1.0,4,1,400,constant,0.03524999999999978,0.0174129569186251,0.05308704308137446,separated,60,0.95,mixture/1.0/4/5/1
1.0,4,1,1000,constant,0.026766666666666605,0.016436566005945785,0.037096767327387425,separated,60,0.95,mixture/1.0/4/5/1
1.0,4,2,400,constant,-0.01691666666666647,-0.03634092182684978,0.0025075884935168435,uncertain,60,0.95,mixture/1.0/4/5/2
1.0,4,2,1000,constant,-0.012366666666666526,-0.021565669504702734,-0.0031676638286303183,nonseparated,60,0.95,mixture/1.0/4/5/2
1.0,4,3,400,constant,-0.007083333333333441,-0.02538960807367774,0.011222941407010856,uncertain,60,0.95,mixture/1.0/4/5/3
1.0,4,3,1000,constant,-0.0018999999999999018,-0.011868899692759505,0.008068899692759701,uncertain,60,0.95,mixture/1.0/4/5/3
1.0,4,4,400,constant,0.03558333333333341,0.017891327085185704,0.05327533958148112,separated,60,0.95,mixture/1.0/4/5/4
1.0,4,4,1000,constant,0.03449999999999975,0.02421098690534973,0.04478901309464978,separated,60,0.95,mixture/1.0/4/5/4
1.0,4,5,400,constant,-0.04325000000000001,-0.060954159348463155,-0.025545840651536866,nonseparated,60,0.95,mixture/1.0/4/5/5
1.0,4,5,1000,constant,-0.04393333333333371,-0.054327576886753826,-0.0335390897799136,nonseparated,60,0.95,mixture/1.0/4/5/5
1.0,4,6,400,constant,0.06041666666666645,0.04127457864041584,0.07955875469291707,separated,60,0.95,mixture/1.0/4/5/6
1.0,4,6,1000,constant,0.06456666666666633,0.052074744767630854,0.07567886473935304,separated,60,0.95,mixture/1.0/4/5/6
1.0,4,7,400,constant,-0.052583333333333426,-0.0714273455372787,-0.033739321129388156,nonseparated,60,0.95,mixture/1.0/4/5/7
1.0,4,7,1000,constant,-0.04063333333333241,-0.05216910846225575,-0.02909755820440907,nonseparated,60,0.95,mixture/1.0/4/5/7
1.0,4,8,400,constant,0.029500000000000304,0.010216250663202198,0.04878374933679841,separated,60,0.95,mixture/1.0/4/5/8
1.0,4,8,1000,constant,0.03790000000000038,0.02676054172358755,0.049039458276413206,separated,60,0.95,mixture/1.0/4/5/8
1.0,4,9,400,constant,0.07874999999999976,0.05782121763367043,0.0996787823663291,separated,60,0.95,mixture/1.0/4/5/9
1.0,4,9,1000,constant,0.09240000000000004,0.08116860773961676,0.10363139226038331,separated,60,0.95,mixture/1.0/4/5/9
1.0,4,10,400,constant,0.01874999999999971,0.0009444208044186997,0.03655557919558072,separated,60,0.95,mixture/1.0/4/5/10
1.0,4,10,1000,constant,0.023900000000000143,0.013188350969437379,0.03461164903056291,separated,60,0.95,mixture/1.0/4/5/10
1.0,4,11,400,constant,0.06833333333333336,0.04994543540832064,0.0845368743297995,separated,60,0.95,mixture/1.0/4/5/11
1.0,4,11,1000,constant,0.07420000000000038,0.06391144330195608,0.08448855669804467,separated,60,0.95,mixture/1.0/4/5/11
1.0,4,12,400,constant,0.04366666666666652,0.0265742378544912,0.06075909547884184,separated,60,0.95,mixture/1.0/4/5/12
1.0,4,12,1000,constant,0.042033333333333145,0.03109488990438225,0.05297177676228404,separated,60,0.95,mixture/1.0/4/5/12
1.0,4,13,400,constant,0.036749999999999394,0.018182178104572566,0.05531782189542622,separated,60,0.95,mixture/1.0/4/5/13
1.0,4,13,1000,constant,0.037933333333333374,0.02754582412420259,0.04832084254246416,separated,60,0.95,mixture/1.0/4/5/13
1.0,4,14,400,constant,0.15700000000000003,0.1348553973851332,0.17914460261486687,separated,60,0.95,mixture/1.0/4/5/14
1.0,4,14,1000,constant,0.1649333333333327,0.15376484791476142,0.176101818751904,separated,60,0.95,mixture/1.0/4/5/14
1.0,4,15,400,constant,0.03808333333333336,0.023238199512981228,0.05214000152801401,separated,60,0.95,mixture/1.0/4/5/15
1.0,4,15,1000,constant,0.03636666666666677,0.027418863764222756,0.04531446956911078,separated,60,0.95,mixture/1.0/4/5/15
1.0,4,16,400,constant,0.055083333333333484,0.03702241681031282,0.07314424985635415,separated,60,0.95,mixture/1.0/4/5/16
1.0,4,16,1000,constant,0.06583333333333319,0.055959126512230006,0.07570754015443637,separated,60,0.95,mixture/1.0/4/5/16
1.0,4,17,400,constant,0.06758333333333344,0.05155129297511074,0.08361537369155614,separated,60,0.95,mixture/1.0/4/5/17
1.0,4,17,1000,constant,0.07183333333333353,0.062042021640820066,0.08162464502584699,separated,60,0.95,mixture/1.0/4/5/17
1.0,4,18,400,constant,0.009500000000000064,-0.013276180680802496,0.032276180680802624,uncertain,60,0.95,mixture/1.0/4/5/18
1.0,4,18,1000,constant,0.01959999999999995,0.006472967379699823,0.03272703262030008,separated,60,0.95,mixture/1.0/4/5/18
1.0,4,19,400,constant,0.03799999999999981,0.017950529345800992,0.05804947065419863,separated,60,0.95,mixture/1.0/4/5/19
1.0,4,19,1000,constant,0.046933333333333604,0.036768546203852726,0.05709812046281448,separated,60,0.95,mixture/1.0/4/5/19
1.0,5,0,400,constant,0.06700000000000028,0.050320932997027334,0.08367906700297323,separated,60,0.95,mixture/1.0/5/5/0
1.0,5,0,1000,constant,0.07073333333333331,0.0604653066550187,0.08100136001164793,separated,60,0.95,mixture/1.0/5/5/0
1.0,5,1,400,constant,-0.007166666666666988,-0.022326300482279238,0.007992967148945263,uncertain,60,0.95,mixture/1.0/5/5/1
1.0,5,1,1000,constant,-0.005766666666666587,-0.014884962546037661,0.0033516292127044878,uncertain,60,0.95,mixture/1.0/5/5/1
1.0,5,2,400,constant,0.014333333333333642,-0.0021033027772981994,0.030769969443965484,uncertain,60,0.95,mixture/1.0/5/5/2
1.0,5,2,1000,constant,0.01810000000000045,0.008819978349926094,0.027380021650074804,separated,60,0.95,mixture/1.0/5/5/2
1.0,5,3,400,constant,0.07283333333333375,0.054644724816306445,0.09102194185036105,separated,60,0.95,mixture/1.0/5/5/3
1.0,5,3,1000,constant,0.07829999999999993,0.06784894966813926,0.08875105033186059,separated,60,0.95,mixture/1.0/5/5/3
1.0,5,4,400,constant,0.05416666666666681,0.03923030589257459,0.06910302744075902,separated,60,0.95,mixture/1.0/5/5/4
1.0,5,4,1000,constant,0.05566666666666664,0.04623790965430419,0.0650954236790291,separated,60,0.95,mixture/1.0/5/5/4
1.0,5,5,400,constant,-0.00041666666666639873,-0.020772038761088796,0.019938705427756,uncertain,60,0.95,mixture/1.0/5/5/5
1.0,5,5,1000,constant,0.0024333333333332874,-0.00965583402458925,0.014522500691255824,uncertain,60,0.95,mixture/1.0/5/5/5
1.0,5,6,400,constant,0.05833333333333368,0.036436210561095916,0.07764302228100217,separated,60,0.95,mixture/1.0/5/5/6
1.0,5,6,1000,constant,0.062333333333333574,0.050929851200982035,0.07331069792014944,separated,60,0.95,mixture/1.0/5/5/6
1.0,5,7,400,constant,0.02375000000000005,0.007187615853853857,0.04031238414614624,separated,60,0.95,mixture/1.0/5/5/7
1.0,5,7,1000,constant,0.02296666666666658,0.013143813646899094,0.032789519686434065,separated,60,0.95,mixture/1.0/5/5/7
1.0,5,8,400,constant,0.06366666666666632,0.043011571804338566,0.08432176152899407,separated,60,0.95,mixture/1.0/5/5/8
1.0,5,8,1000,constant,0.0682333333333337,0.05462665290851365,0.08184001375815375,separated,60,0.95,mixture/1.0/5/5/8
1.0,5,9,400,constant,0.014500000000000068,-0.0029457974271059895,0.031945797427106126,uncertain,60,0.95,mixture/1.0/5/5/9
1.0,5,9,1000,constant,0.016599999999999282,0.0068310347959142925,0.026358813318515417,separated,60,0.95,mixture/1.0/5/5/9
1.0,5,10,400,constant,0.07391666666666685,0.0524164034570096,0.09441233597498433,separated,60,0.95,mixture/1.0/5/5/10
1.0,5,10,1000,constant,0.0757000000000001,0.06121014632298005,0.08866508492509384,separated,60,0.95,mixture/1.0/5/5/10
1.0,5,11,400,constant,0.02691666666666681,0.008804645760119634,0.04502868757321399,separated,60,0.95,mixture/1.0/5/5/11
1.0,5,11,1000,constant,0.031699999999999506,0.020323872179161206,0.043076127820837806,separated,60,0.95,mixture/1.0/5/5/11
1.0,5,12,400,constant,0.012333333333333085,-0.011131102293027717,0.03579776895969389,uncertain,60,0.95,mixture/1.0/5/5/12
1.0,5,12,1000,constant,0.021266666666666656,0.008405242836676985,0.03412809049665633,separated,60,0.95,mixture/1.0/5/5/12
1.0,5,13,400,constant,0.05208333333333348,0.036217695332736666,0.0679489713339303,separated,60,0.95,mixture/1.0/5/5/13
1.0,5,13,1000,constant,0.04906666666666659,0.03904598767336542,0.05908734565996776,separated,60,0.95,mixture/1.0/5/5/13
1.0,5,14,400,constant,0.005666666666666598,-0.010981229972548578,0.022314563305881774,uncertain,60,0.95,mixture/1.0/5/5/14
1.0,5,14,1000,constant,0.008233333333333204,-0.0018706477588945614,0.01833731442556097,uncertain,60,0.95,mixture/1.0/5/5/14
1.0,5,15,400,constant,0.025416666666666754,0.009381097056129772,0.041452236277203736,separated,60,0.95,mixture/1.0/5/5/15
1.0,5,15,1000,constant,0.025466666666666637,0.01733872813502424,0.033594605198309035,separated,60,0.95,mixture/1.0/5/5/15
1.0,5,16,400,constant,0.021583333333332955,0.004243542925359778,0.03892312374130613,separated,60,0.95,mixture/1.0/5/5/16
1.0,5,16,1000,constant,0.025799999999999823,0.014427861635657346,0.0371721383643423,separated,60,0.95,mixture/1.0/5/5/16
1.0,5,17,400,constant,0.11033333333333362,0.09018863172328673,0.1304780349433805,separated,60,0.95,mixture/1.0/5/5/17
1.0,5,17,1000,constant,0.1091333333333332,0.09685995220577792,0.12140671446088847,separated,60,0.95,mixture/1.0/5/5/17
1.0,5,18,400,constant,0.06566666666666698,0.04598043064612012,0.08535290268721385,separated,60,0.95,mixture/1.0/5/5/18
1.0,5,18,1000,constant,0.06826666666666703,0.05720371054384188,0.07932962278949218,separated,60,0.95,mixture/1.0/5/5/18
1.0,5,19,400,constant,0.044583333333333086,0.02769799250242022,0.06146867416424595,separated,60,0.95,mixture/1.0/5/5/19
1.0,5,19,1000,constant,0.04300000000000026,0.032730776181227106,0.053269223818773415,separated,60,0.95,mixture/1.0/5/5/19
1.0,6,0,400,constant,0.03749999999999987,0.021461960007560177,0.05353803999243956,separated,60,0.95,mixture/1.0/6/5/0
1.0,6,0,1000,constant,0.04229999999999967,0.03277990471729264,0.0518200952827067,separated,60,0.95,mixture/1.0/6/5/0
1.0,6,1,400,constant,0.08408333333333318,0.060603706719024486,0.10455019543073085,separated,60,0.95,mixture/1.0/6/5/1
1.0,6,1,1000,constant,0.08266666666666656,0.06925451546827077,0.09565443869855339,separated,60,0.95,mixture/1.0/6/5/1
1.0,6,2,400,constant,0.026666666666666727,0.007952563252859313,0.04538077008047414,separated,60,0.95,mixture/1.0/6/5/2
1.0,6,2,1000,constant,0.027899999999999925,0.016966572041305472,0.03883342795869438,separated,60,0.95,mixture/1.0/6/5/2
1.0,6,3,400,constant,0.04616666666666669,0.029931314804274356,0.06240201852905902,separated,60,0.95,mixture/1.0/6/5/3
1.0,6,3,1000,constant,0.048766666666666736,0.03942869267499638,0.05810464065833709,separated,60,0.95,mixture/1.0/6/5/3
1.0,6,4,400,constant,-0.009083333333333443,-0.030950689505399254,0.012784022838732367,uncertain,60,0.95,mixture/1.0/6/5/4
1.0,6,4,1000,constant,-0.0032333333333333103,-0.016554327764692678,0.010087661098026057,uncertain,60,0.95,mixture/1.0/6/5/4
1.0,6,5,400,constant,0.032999999999999696,0.014708237167595395,0.051291762832404,separated,60,0.95,mixture/1.0/6/5/5
1.0,6,5,1000,constant,0.04056666666666642,0.030240594366731544,0.05089273896660129,separated,60,0.95,mixture/1.0/6/5/5
1.0,6,6,400,constant,-0.0011666666666668712,-0.019193941327571462,0.01686060799423772,uncertain,60,0.95,mixture/1.0/6/5/6
1.0,6,6,1000,constant,0.007133333333333436,-0.0038501380635428406,0.018116804730209712,uncertain,60,0.95,mixture/1.0/6/5/6
1.0,6,7,400,constant,0.03025000000000011,0.01227684928625472,0.0482231507137455,separated,60,0.95,mixture/1.0/6/5/7
1.0,6,7,1000,constant,0.03176666666666672,0.020516283101879695,0.043017050231453746,separated,60,0.95,mixture/1.0/6/5/7
1.0,6,8,400,constant,0.05774999999999997,0.024897887953067577,0.09028916262926245,separated,60,0.95,mixture/1.0/6/5/8
1.0,6,8,1000,constant,0.07329999999999992,0.06218412525756578,0.08441587474243406,separated,60,0.95,mixture/1.0/6/5/8
1.0,6,9,400,constant,0.033666666666665956,0.01583992842669313,0.051493404906638784,separated,60,0.95,mixture/1.0/6/5/9
1.0,6,9,1000,constant,0.03946666666666676,0.030425087423835318,0.048508245909498204,separated,60,0.95,mixture/1.0/6/5/9
1.0,6,10,400,constant,-0.013249999999999873,-0.0327085354356601,0.006208535435660356,uncertain,60,0.95,mixture/1.0/6/5/10
1.0,6,10,1000,constant,-0.007633333333332937,-0.019002949063770536,0.003736282397104662,uncertain,60,0.95,mixture/1.0/6/5/10
1.0,6,11,400,constant,0.02524999999999966,0.005562678843316404,0.04493732115668292,separated,60,0.95,mixture/1.0/6/5/11
1.0,6,11,1000,constant,0.02880000000000016,0.01752659273335344,0.04007340726664688,separated,60,0.95,mixture/1.0/6/5/11
1.0,6,12,400,constant,0.01749999999999985,-0.000105390102577263,0.03510539010257696,uncertain,60,0.95,mixture/1.0/6/5/12
1.0,6,12,1000,constant,0.014166666666666994,0.003059931928000803,0.025273401405333185,separated,60,0.95,mixture/1.0/6/5/12
1.0,6,13,400,constant,-0.00041666666666650976,-0.020100375572859375,0.019267042239526355,uncertain,60,0.95,mixture/1.0/6/5/13
1.0,6,13,1000,constant,-0.003933333333333344,-0.014021311103251666,0.006154644436584977,uncertain,60,0.95,mixture/1.0/6/5/13
1.0,6,14,400,constant,0.04933333333333323,0.028781891785204627,0.06988477488146183,separated,60,0.95,mixture/1.0/6/5/14
1.0,6,14,1000,constant,0.05026666666666624,0.03933426874531276,0.061199064588019714,separated,60,0.95,mixture/1.0/6/5/14
1.0,6,15,400,constant,0.05474999999999974,0.03644418899558166,0.07305581100441783,separated,60,0.95,mixture/1.0/6/5/15
1.0,6,15,1000,constant,0.05533333333333368,0.045745513690737316,0.06492115297593004,separated,60,0.95,mixture/1.0/6/5/15
1.0,6,16,400,constant,0.018083333333333007,-0.00044237558507354,0.036609042251739554,uncertain,60,0.95,mixture/1.0/6/5/16
1.0,6,16,1000,constant,0.022766666666666602,0.01017072311270284,0.035362610220630364,separated,60,0.95,mixture/1.0/6/5/16
1.0,6,17,400,constant,0.03633333333333266,0.01919120964195431,0.053475457024711015,separated,60,0.95,mixture/1.0/6/5/17
1.0,6,17,1000,constant,0.0407333333333334,0.028978047397638318,0.05248861926902848,separated,60,0.95,mixture/1.0/6/5/17
1.0,6,18,400,constant,0.0437500000000004,0.024895741691926765,0.06260425830807403,separated,60,0.95,mixture/1.0/6/5/18
1.0,6,18,1000,constant,0.05103333333333315,0.041784435931938924,0.06028223073472738,separated,60,0.95,mixture/1.0/6/5/18
1.0,6,19,400,constant,-0.026583333333333847,-0.04499811615676608,-0.008168550509901618,nonseparated,60,0.95,mixture/1.0/6/5/19
1.0,6,19,1000,constant,-0.01959999999999995,-0.031137463090463502,-0.0080625369095364,nonseparated,60,0.95,mixture/1.0/6/5/19
1.0,7,0,400,constant,-0.03508333333333369,-0.05800924637146487,-0.012157420295202503,nonseparated,60,0.95,mixture/1.0/7/5/0
1.0,7,0,1000,constant,-0.036333333333332885,-0.04885779700375803,-0.02380886966290774,nonseparated,60,0.95,mixture/1.0/7/5/0
1.0,7,1,400,constant,-0.01491666666666669,-0.0320349505462304,0.0022016172128970224,uncertain,60,0.95,mixture/1.0/7/5/1
1.0,7,1,1000,constant,-0.012400000000000078,-0.021999356432865214,-0.0028006435671349417,nonseparated,60,0.95,mixture/1.0/7/5/1
1.0,7,2,400,constant,0.007250000000000201,-0.01613898478373832,0.03063898478373872,uncertain,60,0.95,mixture/1.0/7/5/2
1.0,7,2,1000,constant,0.020833333333333814,0.007003267090685217,0.03466339957598241,separated,60,0.95,mixture/1.0/7/5/2
1.0,7,3,400,constant,-0.006750000000000034,-0.029281424543088796,0.01578142454308873,uncertain,60,0.95,mixture/1.0/7/5/3
1.0,7,3,1000,constant,0.000800000000000356,-0.01241988449388065,0.014019884493881363,uncertain,60,0.95,mixture/1.0/7/5/3
1.0,7,4,400,constant,0.028833333333333377,0.0101036364796111,0.047563030187055655,separated,60,0.95,mixture/1.0/7/5/4
1.0,7,4,1000,constant,0.0351999999999999,0.024396554158289674,0.04600344584171012,separated,60,0.95,mixture/1.0/7/5/4
1.0,7,5,400,constant,-0.03583333333333316,-0.05301897168676639,-0.01864769497989993,nonseparated,60,0.95,mixture/1.0/7/5/5
1.0,7,5,1000,constant,-0.02743333333333353,-0.03793491870623522,-0.016931747960431842,nonseparated,60,0.95,mixture/1.0/7/5/5
1.0,7,6,400,constant,-0.01491666666666669,-0.03926007768942885,0.009426744356095473,uncertain,60,0.95,mixture/1.0/7/5/6
1.0,7,6,1000,constant,-0.0082666666666662,-0.02343910719299347,0.0069057738596610685,uncertain,60,0.95,mixture/1.0/7/5/6
1.0,7,7,400,constant,0.04824999999999968,0.024216914303026194,0.07228308569697317,separated,60,0.95,mixture/1.0/7/5/7
1.0,7,7,1000,constant,0.05873333333333364,0.046117928346735004,0.07134873831993227,separated,60,0.95,mixture/1.0/7/5/7
1.0,7,8,400,constant,-0.0038333333333334663,-0.021318507024608024,0.013651840357941092,uncertain,60,0.95,mixture/1.0/7/5/8
1.0,7,8,1000,constant,0.0023333333333330764,-0.0074443391319772845,0.012111005798643437,uncertain,60,0.95,mixture/1.0/7/5/8
1.0,7,9,400,constant,-0.008916666666667017,-0.029012957282476992,0.011179623949142958,uncertain,60,0.95,mixture/1.0/7/5/9
1.0,7,9,1000,constant,-0.00023333333333330764,-0.012856566482401077,0.012389899815734462,uncertain,60,0.95,mixture/1.0/7/5/9
1.0,7,10,400,constant,0.023750000000000382,0.0015032210375776067,0.04599677896242316,separated,60,0.95,mixture/1.0/7/5/10
1.0,7,10,1000,constant,0.024800000000000266,0.012208991456863938,0.037391008543136595,separated,60,0.95,mixture/1.0/7/5/10
1.0,7,11,400,constant,0.01591666666666669,-0.0038159604936406355,0.03425243392924837,uncertain,60,0.95,mixture/1.0/7/5/11
1.0,7,11,1000,constant,0.01680000000000026,0.00493728073695765,0.028384669874345625,separated,60,0.95,mixture/1.0/7/5/11
1.0,7,12,400,constant,0.03241666666666676,0.012978610767544141,0.05185472256578938,separated,60,0.95,mixture/1.0/7/5/12
1.0,7,12,1000,constant,0.03830000000000022,0.027732216144584543,0.0488677838554159,separated,60,0.95,mixture/1.0/7/5/12
1.0,7,13,400,constant,0.03466666666666707,0.015598827977634344,0.05373450535569979,separated,60,0.95,mixture/1.0/7/5/13
1.0,7,13,1000,constant,0.03899999999999981,0.027784869982266702,0.05021513001773292,separated,60,0.95,mixture/1.0/7/5/13
1.0,7,14,400,constant,0.005416666666666625,-0.02144719613759738,0.028194062749035798,uncertain,60,0.95,mixture/1.0/7/5/14
1.0,7,14,1000,constant,0.009000000000000119,-0.0022033763607594015,0.02020337636075964,uncertain,60,0.95,mixture/1.0/7/5/14
1.0,7,15,400,constant,-0.04116666666666635,-0.06329000066136037,-0.019043332671972335,nonseparated,60,0.95,mixture/1.0/7/5/15
1.0,7,15,1000,constant,-0.03373333333333284,-0.04588302101795538,-0.021583645648710292,nonseparated,60,0.95,mixture/1.0/7/5/15
1.0,7,16,400,constant,-0.02233333333333376,-0.042674913157446315,-0.0019917535092212058,nonseparated,60,0.95,mixture/1.0/7/5/16
1.0,7,16,1000,constant,-0.014666666666666495,-0.026525278648247608,-0.0028080546850853816,nonseparated,60,0.95,mixture/1.0/7/5/16
1.0,7,17,400,constant,-0.01975000000000038,-0.03833089245124943,-0.0011691075487513247,nonseparated,60,0.95,mixture/1.0/7/5/17
1.0,7,17,1000,constant,-0.022033333333333682,-0.033763383144509884,-0.01030328352215748,nonseparated,60,0.95,mixture/1.0/7/5/17
1.0,7,18,400,constant,0.014250000000000429,-0.008029949298061667,0.036529949298062525,uncertain,60,0.95,mixture/1.0/7/5/18
1.0,7,18,1000,constant,0.020866666666666256,0.009681181870906719,0.03205215146242579,separated,60,0.95,mixture/1.0/7/5/18
1.0,7,19,400,constant,0.03458333333333352,0.01581443855877851,0.05335222810788853,separated,60,0.95,mixture/1.0/7/5/19
1.0,7,19,1000,constant,0.03950000000000009,0.02738381008574786,0.05161618991425232,separated,60,0.95,mixture/1.0/7/5/19
1.0,8,0,400,constant,0.03783333333333294,0.019168636542745032,0.05649803012392085,separated,60,0.95,mixture/1.0/8/5/0
1.0,8,0,1000,constant,0.048399999999999666,0.03772092948403016,0.05883650174389199,separated,60,0.95,mixture/1.0/8/5/0
1.0,8,1,400,constant,0.011083333333333334,-0.008603031133531447,0.030079206938854575,uncertain,60,0.95,mixture/1.0/8/5/1
1.0,8,1,1000,constant,0.015133333333333332,0.0029872069308044535,0.02727945973586221,separated,60,0.95,mixture/1.0/8/5/1
1.0,8,2,400,constant,-0.032166666666666344,-0.04952430492925941,-0.0159034499513927,nonseparated,60,0.95,mixture/1.0/8/5/2
1.0,8,2,1000,constant,-0.029466666666666308,-0.03913426723882918,-0.019799066094503437,nonseparated,60,0.95,mixture/1.0/8/5/2
1.0,8,3,400,constant,0.033916666666666595,0.014680089388722894,0.053153243944610296,separated,60,0.95,mixture/1.0/8/5/3
1.0,8,3,1000,constant,0.03539999999999932,0.024358111306477248,0.046441888693521394,separated,60,0.95,mixture/1.0/8/5/3
1.0,8,4,400,constant,-0.07416666666666638,-0.09552145600717055,-0.054124990339715184,nonseparated,60,0.95,mixture/1.0/8/5/4
1.0,8,4,1000,constant,-0.067566666666667,-0.07943999922217848,-0.05569333411115551,nonseparated,60,0.95,mixture/1.0/8/5/4
1.0,8,5,400,constant,0.05325000000000013,0.03730688785308567,0.0689691869677933,separated,60,0.95,mixture/1.0/8/5/5
1.0,8,5,1000,constant,0.05786666666666651,0.04746757638133836,0.06761058182767099,separated,60,0.95,mixture/1.0/8/5/5
1.0,8,6,400,constant,-0.02258333333333351,-0.04195589184269244,-0.0032107748239745826,nonseparated,60,0.95,mixture/1.0/8/5/6
1.0,8,6,1000,constant,-0.013233333333333874,-0.023674270556961585,-0.0027923961097061634,nonseparated,60,0.95,mixture/1.0/8/5/6
1.0,8,7,400,constant,0.017999999999999683,-0.00013445198945982728,0.03613445198945919,uncertain,60,0.95,mixture/1.0/8/5/7
1.0,8,7,1000,constant,0.018100000000000116,0.006862377257790153,0.02933762274221008,separated,60,0.95,mixture/1.0/8/5/7
1.0,8,8,400,constant,-0.03516666666666668,-0.05471853370812718,-0.015614799625206177,nonseparated,60,0.95,mixture/1.0/8/5/8
1.0,8,8,1000,constant,-0.03233333333333399,-0.04398354029606666,-0.020683126370601324,nonseparated,60,0.95,mixture/1.0/8/5/8
1.0,8,9,400,constant,-0.03533333333333377,-0.05510161459301388,-0.015565052073653662,nonseparated,60,0.95,mixture/1.0/8/5/9
1.0,8,9,1000,constant,-0.029999999999999805,-0.04222680967184267,-0.01777319032815694,nonseparated,60,0.95,mixture/1.0/8/5/9
1.0,8,10,400,constant,0.015166666666666773,-0.005088231025526357,0.0354215643588599,uncertain,60,0.95,mixture/1.0/8/5/10
1.0,8,10,1000,constant,0.010733333333333372,-0.0013517934807200094,0.022818460147386754,uncertain,60,0.95,mixture/1.0/8/5/10
1.0,8,11,400,constant,-0.0631666666666667,-0.08311412925354689,-0.04321920407978652,nonseparated,60,0.95,mixture/1.0/8/5/11
1.0,8,11,1000,constant,-0.060699999999999976,-0.07210939106291137,-0.04929060893708859,nonseparated,60,0.95,mixture/1.0/8/5/11
1.0,8,12,400,constant,-0.0307499999999995,-0.04967487980447505,-0.012571944997291307,nonseparated,60,0.95,mixture/1.0/8/5/12
1.0,8,12,1000,constant,-0.027766666666666384,-0.037751425809453676,-0.017781907523879092,nonseparated,60,0.95,mixture/1.0/8/5/12
1.0,8,13,400,constant,0.007000000000000117,-0.014649257958438966,0.0286492579584392,uncertain,60,0.95,mixture/1.0/8/5/13
1.0,8,13,1000,constant,0.008866666666666578,-0.0045709204354165145,0.02230425376874967,uncertain,60,0.95,mixture/1.0/8/5/13
1.0,8,14,400,constant,0.018833333333333035,0.003314587448430828,0.03435207921823524,separated,60,0.95,mixture/1.0/8/5/14
1.0,8,14,1000,constant,0.01796666666666702,0.007772565816726473,0.028160767516607565,separated,60,0.95,mixture/1.0/8/5/14
1.0,8,15,400,constant,-0.008249999999999758,-0.027224886140423732,0.010724886140424217,uncertain,60,0.95,mixture/1.0/8/5/15
1.0,8,15,1000,constant,0.00013333333333320763,-0.010270813008735558,0.010537479675401973,uncertain,60,0.95,mixture/1.0/8/5/15
1.0,8,16,400,constant,0.01241666666666652,-0.006527199429696928,0.03136053276302997,uncertain,60,0.95,mixture/1.0/8/5/16
1.0,8,16,1000,constant,0.013266666666666871,0.002017965180584058,0.024515368152749684,separated,60,0.95,mixture/1.0/8/5/16
1.0,8,17,400,constant,0.027583333333333182,0.009853521574478274,0.04531314509218809,separated,60,0.95,mixture/1.0/8/5/17
1.0,8,17,1000,constant,0.03443333333333365,0.023335937353833658,0.04553072931283364,separated,60,0.95,mixture/1.0/8/5/17
1.0,8,18,400,constant,0.049666666666666526,0.02199403062068206,0.07463682334731525,separated,60,0.95,mixture/1.0/8/5/18
1.0,8,18,1000,constant,0.052433333333333,0.035670000876488084,0.06919666579017791,separated,60,0.95,mixture/1.0/8/5/18
1.0,8,19,400,constant,-0.0349999999999997,-0.057695950342310565,-0.012304049657688831,nonseparated,60,0.95,mixture/1.0/8/5/19
1.0,8,19,1000,constant,-0.02996666666666692,-0.04302213018955181,-0.016911203143782028,nonseparated,60,0.95,mixture/1.0/8/5/19
1.0,9,0,400,constant,0.0024166666666669556,-0.017181592860112005,0.022014926193445916,uncertain,60,0.95,mixture/1.0/9/5/0
1.0,9,0,1000,constant,0.010533333333333394,-0.00042237415652213173,0.02148904082318892,uncertain,60,0.95,mixture/1.0/9/5/0
1.0,9,1,400,constant,0.03133333333333321,0.010426189407364839,0.05224047725930159,separated,60,0.95,mixture/1.0/9/5/1
1.0,9,1,1000,constant,0.04053333333333331,0.028015992369506915,0.053050674297159706,separated,60,0.95,mixture/1.0/9/5/1
1.0,9,2,400,constant,0.029916666666666147,0.008174493429710328,0.05165883990362197,separated,60,0.95,mixture/1.0/9/5/2
1.0,9,2,1000,constant,0.036466666666666314,0.025246915929975855,0.04768641740335677,separated,60,0.95,mixture/1.0/9/5/2
1.0,9,3,400,constant,-0.03958333333333375,-0.06233539486853534,-0.016831271798132152,nonseparated,60,0.95,mixture/1.0/9/5/3
1.0,9,3,1000,constant,-0.030266666666666664,-0.041814424412012885,-0.018718908921320443,nonseparated,60,0.95,mixture/1.0/9/5/3
1.0,9,4,400,constant,-0.045250000000000234,-0.06875198957959872,-0.02446367204341826,nonseparated,60,0.95,mixture/1.0/9/5/4
1.0,9,4,1000,constant,-0.044733333333333625,-0.056959182525263,-0.03250748414140425,nonseparated,60,0.95,mixture/1.0/9/5/4
1.0,9,5,400,constant,-0.008750000000000369,-0.029702797398488245,0.012202797398487508,uncertain,60,0.95,mixture/1.0/9/5/5
1.0,9,5,1000,constant,-0.005666666666666154,-0.016826032714303274,0.005492699380970967,uncertain,60,0.95,mixture/1.0/9/5/5
1.0,9,6,400,constant,-0.05166666666666686,-0.07403894276988943,-0.029294390563444295,nonseparated,60,0.95,mixture/1.0/9/5/6
1.0,9,6,1000,constant,-0.0528333333333334,-0.06648473187567061,-0.03918193479099619,nonseparated,60,0.95,mixture/1.0/9/5/6
1.0,9,7,400,constant,0.047499999999999654,0.02697818916095196,0.06802181083904735,separated,60,0.95,mixture/1.0/9/5/7
1.0,9,7,1000,constant,0.0487666666666664,0.03622279521576355,0.06131053811756926,separated,60,0.95,mixture/1.0/9/5/7
1.0,9,8,400,constant,-0.003083333333333438,-0.022370948420970982,0.016204281754304106,uncertain,60,0.95,mixture/1.0/9/5/8
1.0,9,8,1000,constant,-0.002866666666666573,-0.014344256768697106,0.00861092343536396,uncertain,60,0.95,mixture/1.0/9/5/8
1.0,9,9,400,constant,-0.05200000000000027,-0.07086823403910902,-0.03313176596089151,nonseparated,60,0.95,mixture/1.0/9/5/9
1.0,9,9,1000,constant,-0.05259999999999987,-0.06500268157106637,-0.04019731842893337,nonseparated,60,0.95,mixture/1.0/9/5/9
1.0,9,10,400,constant,0.029916666666667258,0.01056552331674443,0.049267810016590086,separated,60,0.95,mixture/1.0/9/5/10
1.0,9,10,1000,constant,0.033299999999999996,0.02021971932036326,0.04638028067963673,separated,60,0.95,mixture/1.0/9/5/10
1.0,9,11,400,constant,-0.06133333333333357,-0.08467962349828506,-0.038806899153986496,nonseparated,60,0.95,mixture/1.0/9/5/11
1.0,9,11,1000,constant,-0.0572666666666668,-0.06827716869688949,-0.04625616463644411,nonseparated,60,0.95,mixture/1.0/9/5/11
1.0,9,12,400,constant,-0.03083333333333338,-0.050954690829507654,-0.01195373544128786,nonseparated,60,0.95,mixture/1.0/9/5/12
1.0,9,12,1000,constant,-0.029433333333333977,-0.04147999539569647,-0.017386671270971488,nonseparated,60,0.95,mixture/1.0/9/5/12
1.0,9,13,400,constant,-0.028583333333333405,-0.04834740859445086,-0.008819258072215952,nonseparated,60,0.95,mixture/1.0/9/5/13
1.0,9,13,1000,constant,-0.027899999999999592,-0.039188909646820425,-0.01661109035317876,nonseparated,60,0.95,mixture/1.0/9/5/13
1.0,9,14,400,constant,0.026666666666666394,0.0028030703559444037,0.04401396946946412,separated,60,0.95,mixture/1.0/9/5/14
1.0,9,14,1000,constant,0.030066666666666797,0.0190408889539343,0.041092444379399296,separated,60,0.95,mixture/1.0/9/5/14
1.0,9,15,400,constant,0.03125000000000022,0.015127639540644444,0.047372360459356,separated,60,0.95,mixture/1.0/9/5/15
1.0,9,15,1000,constant,0.028966666666666585,0.019601231065123792,0.03833210226820938,separated,60,0.95,mixture/1.0/9/5/15
1.0,9,16,400,constant,-0.010250000000000314,-0.03392443329843253,0.012555014269635678,uncertain,60,0.95,mixture/1.0/9/5/16
1.0,9,16,1000,constant,-0.006533333333333058,-0.018323690418554084,0.005257023751887968,uncertain,60,0.95,mixture/1.0/9/5/16
1.0,9,17,400,constant,-0.004666666666667041,-0.024917064501212782,0.0155837311678787,uncertain,60,0.95,mixture/1.0/9/5/17
1.0,9,17,1000,constant,1.1102230246251565e-16,-0.011183464033202695,0.011183464033202917,uncertain,60,0.95,mixture/1.0/9/5/17
1.0,9,18,400,constant,0.0009166666666662326,-0.02047758410057754,0.022310917433910005,uncertain,60,0.95,mixture/1.0/9/5/18
1.0,9,18,1000,constant,0.005033333333333667,-0.006472704696671827,0.01653937136333916,uncertain,60,0.95,mixture/1.0/9/5/18
1.0,9,19,400,constant,-0.034250000000000114,-0.05536696436593558,-0.01313303563406465,nonseparated,60,0.95,mixture/1.0/9/5/19
1.0,9,19,1000,constant,-0.02933333333333288,-0.042243327161612276,-0.01642333950505348,nonseparated,60,0.95,mixture/1.0/9/5/19
1.0,10,0,400,constant,-0.01075000000000037,-0.0343604406921143,0.012860440692113562,uncertain,60,0.95,mixture/1.0/10/5/0
1.0,10,0,1000,constant,-0.002466666666666728,-0.016556641933912153,0.010546935174601035,uncertain,60,0.95,mixture/1.0/10/5/0
1.0,10,1,400,constant,-0.0777500000000001,-0.1000778805956114,-0.05542211940438879,nonseparated,60,0.95,mixture/1.0/10/5/1
1.0,10,1,1000,constant,-0.07593333333333319,-0.08722706222452692,-0.06463960444213945,nonseparated,60,0.95,mixture/1.0/10/5/1
1.0,10,2,400,constant,0.0009166666666667878,-0.02392473157824171,0.025758064911575285,uncertain,60,0.95,mixture/1.0/10/5/2
1.0,10,2,1000,constant,0.006666666666666599,-0.007112125807764547,0.020445459141097744,uncertain,60,0.95,mixture/1.0/10/5/2
1.0,10,3,400,constant,-0.0045000000000002816,-0.0209762193075288,0.011976219307528235,uncertain,60,0.95,mixture/1.0/10/5/3
1.0,10,3,1000,constant,-0.0014333333333336196,-0.012569257933361055,0.009702591266693816,uncertain,60,0.95,mixture/1.0/10/5/3
1.0,10,4,400,constant,0.009500000000000286,-0.011220598900635759,0.03022059890063633,uncertain,60,0.95,mixture/1.0/10/5/4
1.0,10,4,1000,constant,0.007300000000000195,-0.005932491728062539,0.02053249172806293,uncertain,60,0.95,mixture/1.0/10/5/4
1.0,10,5,400,constant,-0.011666666666666492,-0.03295029060812571,0.009616957274792726,uncertain,60,0.95,mixture/1.0/10/5/5
1.0,10,5,1000,constant,-0.005766666666666698,-0.019168621446812306,0.007116030900554238,uncertain,60,0.95,mixture/1.0/10/5/5
1.0,10,6,400,constant,0.007583333333333497,-0.015754381980507826,0.03092104864717482,uncertain,60,0.95,mixture/1.0/10/5/6
1.0,10,6,1000,constant,0.009399999999999964,-0.004686880514632286,0.023486880514632213,uncertain,60,0.95,mixture/1.0/10/5/6
1.0,10,7,400,constant,-0.027916666666666368,-0.04923761953571748,-0.006595713797615255,nonseparated,60,0.95,mixture/1.0/10/5/7
1.0,10,7,1000,constant,-0.02080000000000015,-0.032925223235454104,-0.0086747767645462,nonseparated,60,0.95,mixture/1.0/10/5/7
1.0,10,8,400,constant,0.0009166666666668988,-0.01908249642569626,0.020915829759030058,uncertain,60,0.95,mixture/1.0/10/5/8
1.0,10,8,1000,constant,0.0001333333333335407,-0.01122128175418946,0.011487948420856542,uncertain,60,0.95,mixture/1.0/10/5/8
1.0,10,9,400,constant,0.027416666666666756,0.00708339726218743,0.04774993607114608,separated,60,0.95,mixture/1.0/10/5/9
1.0,10,9,1000,constant,0.025500000000000078,0.015032236953509082,0.035967763046491075,separated,60,0.95,mixture/1.0/10/5/9
1.0,10,10,400,constant,0.006999999999999451,-0.015197629851968264,0.029197629851967166,uncertain,60,0.95,mixture/1.0/10/5/10
1.0,10,10,1000,constant,0.014899999999999802,0.0038776767211117225,0.025922323278887882,separated,60,0.95,mixture/1.0/10/5/10
1.0,10,11,400,constant,-0.00958333333333361,-0.03034970810884452,0.0111830414421773,uncertain,60,0.95,mixture/1.0/10/5/11
1.0,10,11,1000,constant,-0.006166666666666654,-0.01874741846125627,0.006414085127922964,uncertain,60,0.95,mixture/1.0/10/5/11
1.0,10,12,400,constant,-0.06508333333333305,-0.08455606881322897,-0.04561059785343713,nonseparated,60,0.95,mixture/1.0/10/5/12
1.0,10,12,1000,constant,-0.059699999999999975,-0.07114635543868375,-0.0482536445613162,nonseparated,60,0.95,mixture/1.0/10/5/12
1.0,10,13,400,constant,-0.011666666666666936,-0.03224104770887681,0.008907714375542941,uncertain,60,0.95,mixture/1.0/10/5/13
1.0,10,13,1000,constant,-0.010066666666666335,-0.02232267349533823,0.0021893401620055597,uncertain,60,0.95,mixture/1.0/10/5/13
1.0,10,14,400,constant,-0.08741666666666681,-0.11033901748303254,-0.06449431585030108,nonseparated,60,0.95,mixture/1.0/10/5/14
1.0,10,14,1000,constant,-0.08246666666666691,-0.09486246740082838,-0.07007086593250544,nonseparated,60,0.95,mixture/1.0/10/5/14
1.0,10,15,400,constant,-0.048916666666666386,-0.07544327715381438,-0.02239005617951839,nonseparated,60,0.95,mixture/1.0/10/5/15
1.0,10,15,1000,constant,-0.034666666666666734,-0.04883633832096479,-0.02049699501236868,nonseparated,60,0.95,mixture/1.0/10/5/15
1.0,10,16,400,constant,-0.011333333333333306,-0.0299934101992817,0.007326743532615088,uncertain,60,0.95,mixture/1.0/10/5/16
1.0,10,16,1000,constant,-0.012700000000000045,-0.02413873085382434,-0.0012612691461757475,nonseparated,60,0.95,mixture/1.0/10/5/16
1.0,10,17,400,constant,-0.10925000000000018,-0.13044726233228776,-0.0880527376677126,nonseparated,60,0.95,mixture/1.0/10/5/17
1.0,10,17,1000,constant,-0.10713333333333364,-0.11963839011453248,-0.0946282765521348,nonseparated,60,0.95,mixture/1.0/10/5/17
1.0,10,18,400,constant,-0.026249999999999774,-0.04711383556115223,-0.0053861644388473184,nonseparated,60,0.95,mixture/1.0/10/5/18
1.0,10,18,1000,constant,-0.02210000000000001,-0.03401262765562685,-0.010187372344373169,nonseparated,60,0.95,mixture/1.0/10/5/18
1.0,10,19,400,constant,0.003250000000000197,-0.015725655518307957,0.02222565551830835,uncertain,60,0.95,mixture/1.0/10/5/19
1.0,10,19,1000,constant,0.004766666666666808,-0.006740727097798049,0.016274060431131665,uncertain,60,0.95,mixture/1.0/10/5/19
5.0,2,0,400,constant,0.022166666666667,0.008956816665885992,0.03537651666744801,separated,60,0.95,mixture/5.0/2/5/0
5.0,2,0,1000,constant,0.02003333333333357,0.012296242234649757,0.027770424432017382,separated,60,0.95,mixture/5.0/2/5/0
5.0,2,1,400,constant,0.050583333333333313,0.036484291909887445,0.06468237475677918,separated,60,0.95,mixture/5.0/2/5/1
5.0,2,1,1000,constant,0.04836666666666656,0.04075287723018961,0.055980456103143506,separated,60,0.95,mixture/5.0/2/5/1
5.0,2,2,400,constant,0.051583333333333536,0.0368728078047732,0.06629385886189387,separated,60,0.95,mixture/5.0/2/5/2
5.0,2,2,1000,constant,0.05069999999999941,0.04186877514649623,0.059531224853502596,separated,60,0.95,mixture/5.0/2/5/2
5.0,2,3,400,constant,0.008500000000000396,-0.005721237623381836,0.02272123762338263,uncertain,60,0.95,mixture/5.0/2/5/3
5.0,2,3,1000,constant,0.009000000000000008,0.0017787702482134904,0.016221229751786526,separated,60,0.95,mixture/5.0/2/5/3
5.0,2,4,400,constant,0.03500000000000003,0.022864876680991242,0.04713512331900882,separated,60,0.95,mixture/5.0/2/5/4
5.0,2,4,1000,constant,0.03429999999999955,0.026712113182805863,0.04120737667325247,separated,60,0.95,mixture/5.0/2/5/4
5.0,2,5,400,constant,0.027833333333333377,0.01556966480618438,0.04009700186048237,separated,60,0.95,mixture/5.0/2/5/5
5.0,2,5,1000,constant,0.025199999999999667,0.0183712281807068,0.032028771819292534,separated,60,0.95,mixture/5.0/2/5/5
5.0,2,6,400,constant,0.018333333333333424,0.006920589776579611,0.029746076890087236,separated,60,0.95,mixture/5.0/2/5/6
5.0,2,6,1000,constant,0.01933333333333298,0.012869125828108507,0.025797540838557453,separated,60,0.95,mixture/5.0/2/5/6
5.0,2,7,400,constant,0.04699999999999993,0.03427308339895807,0.05972691660104179,separated,60,0.95,mixture/5.0/2/5/7
5.0,2,7,1000,constant,0.04956666666666676,0.04244074275217857,0.056692590581154945,separated,60,0.95,mixture/5.0/2/5/7
5.0,2,8,400,constant,0.033833333333333715,0.02035787372117215,0.04730879294549528,separated,60,0.95,mixture/5.0/2/5/8
5.0,2,8,1000,constant,0.0347666666666665,0.027615645156606083,0.04191768817672692,separated,60,0.95,mixture/5.0/2/5/8
5.0,2,9,400,constant,0.00041666666666695384,-0.012886168608361004,0.013719501941694912,uncertain,60,0.95,mixture/5.0/2/5/9
5.0,2,9,1000,constant,0.0014666666666668382,-0.005711948028381486,0.008645281361715162,uncertain,60,0.95,mixture/5.0/2/5/9
5.0,2,10,400,constant,0.019333333333333758,0.008032486262307348,0.030634180404360167,separated,60,0.95,mixture/5.0/2/5/10
5.0,2,10,1000,constant,0.01973333333333327,0.013130980925505464,0.026335685741161075,separated,60,0.95,mixture/5.0/2/5/10
5.0,2,11,400,constant,0.05416666666666692,0.04261371211785814,0.0657196212154757,separated,60,0.95,mixture/5.0/2/5/11
5.0,2,11,1000,constant,0.05356666666666687,0.045916576430005795,0.06121675690332795,separated,60,0.95,mixture/5.0/2/5/11
5.0,2,12,400,constant,0.027666666666666617,0.015088905595981084,0.04024442773735215,separated,60,0.95,mixture/5.0/2/5/12
5.0,2,12,1000,constant,0.027733333333333277,0.01995677527906492,0.03550989138760163,separated,60,0.95,mixture/5.0/2/5/12
5.0,2,13,400,constant,0.010333333333333194,-0.00341045011193708,0.02407711677860347,uncertain,60,0.95,mixture/5.0/2/5/13
5.0,2,13,1000,constant,0.009066666666666778,0.0019331495521837105,0.016200183781149846,separated,60,0.95,mixture/5.0/2/5/13
5.0,2,14,400,constant,0.050916666666667165,0.03757322289291831,0.06426011044041602,separated,60,0.95,mixture/5.0/2/5/14
5.0,2,14,1000,constant,0.0488666666666665,0.04160092798350523,0.056132405349827774,separated,60,0.95,mixture/5.0/2/5/14
5.0,2,15,400,constant,0.005833333333333246,-0.007794644436109999,0.01946131110277649,uncertain,60,0.95,mixture/5.0/2/5/15
5.0,2,15,1000,constant,0.009133333333333216,0.0021680383357904898,0.01609862833087594,separated,60,0.95,mixture/5.0/2/5/15
5.0,2,16,400,constant,0.037833333333333385,0.023979411125786165,0.051687255540880606,separated,60,0.95,mixture/5.0/2/5/16
5.0,2,16,1000,constant,0.03833333333333355,0.030413813689418312,0.04625285297724879,separated,60,0.95,mixture/5.0/2/5/16
5.0,2,17,400,constant,0.02341666666666642,0.011149213738186448,0.03568411959514639,separated,60,0.95,mixture/5.0/2/5/17
5.0,2,17,1000,constant,0.02373333333333294,0.017288031878991417,0.030178634787674463,separated,60,0.95,mixture/5.0/2/5/17
5.0,2,18,400,constant,0.0005833333333332691,-0.011505493216278917,0.012672159882945455,uncertain,60,0.95,mixture/5.0/2/5/18
5.0,2,18,1000,constant,0.004300000000000415,-0.002706207011265782,0.011306207011266611,uncertain,60,0.95,mixture/5.0/2/5/18
5.0,2,19,400,constant,0.016500000000000292,0.0036113148353297264,0.029388685164670858,separated,60,0.95,mixture/5.0/2/5/19
5.0,2,19,1000,constant,0.01226666666666687,0.004655592022273614,0.019877741311060126,separated,60,0.95,mixture/5.0/2/5/19
5.0,3,0,400,constant,0.008916666666667017,-0.003993635158731634,0.021826968492065668,uncertain,60,0.95,mixture/5.0/3/5/0
5.0,3,0,1000,constant,0.002066666666666328,-0.005907740299836872,0.010041073633169528,uncertain,60,0.95,mixture/5.0/3/5/0
5.0,3,1,400,constant,-0.0038333333333333552,-0.018594822577392978,0.010928155910726267,uncertain,60,0.95,mixture/5.0/3/5/1
5.0,3,1,1000,constant,0.00026666666666685934,-0.0076276276679084765,0.008160961001242195,uncertain,60,0.95,mixture/5.0/3/5/1
5.0,3,2,400,constant,0.016750000000000154,0.0033825677285608258,0.03011743227143948,separated,60,0.95,mixture/5.0/3/5/2
5.0,3,2,1000,constant,0.01616666666666633,0.008018077157930237,0.024315256175402422,separated,60,0.95,mixture/5.0/3/5/2
5.0,3,3,400,constant,0.03574999999999995,0.02058988593846367,0.05091011406153623,separated,60,0.95,mixture/5.0/3/5/3
5.0,3,3,1000,constant,0.029566666666666297,0.021315765460972913,0.03781756787235968,separated,60,0.95,mixture/5.0/3/5/3
5.0,3,4,400,constant,0.0011666666666665382,-0.011653874717298396,0.013987208050631472,uncertain,60,0.95,mixture/5.0/3/5/4
5.0,3,4,1000,constant,0.0041999999999996485,-0.003763888831418538,0.012163888831417835,uncertain,60,0.95,mixture/5.0/3/5/4
5.0,3,5,400,constant,0.013583333333332837,-0.000151671178597379,0.027318337845263052,uncertain,60,0.95,mixture/5.0/3/5/5
5.0,3,5,1000,constant,0.016800000000000037,0.008419674157304935,0.02518032584269514,separated,60,0.95,mixture/5.0/3/5/5
5.0,3,6,400,constant,0.025249999999999995,0.013366117589369009,0.03713388241063098,separated,60,0.95,mixture/5.0/3/5/6
5.0,3,6,1000,constant,0.021733333333332938,0.013987361708569956,0.02947930495809592,separated,60,0.95,mixture/5.0/3/5/6
5.0,3,7,400,constant,0.02000000000000013,0.006815560019005296,0.03318443998099496,separated,60,0.95,mixture/5.0/3/5/7
5.0,3,7,1000,constant,0.019100000000000117,0.011463752724402587,0.026736247275597647,separated,60,0.95,mixture/5.0/3/5/7
5.0,3,8,400,constant,0.014749999999999819,0.0009475483846215216,0.028552451615378116,separated,60,0.95,mixture/5.0/3/5/8
5.0,3,8,1000,constant,0.019199999999999995,0.010724484749652263,0.027675515250347726,separated,60,0.95,mixture/5.0/3/5/8
5.0,3,9,400,constant,0.018166666666666664,0.003999449072126904,0.032333884261206425,separated,60,0.95,mixture/5.0/3/5/9
5.0,3,9,1000,constant,0.017533333333333734,0.00950327491278613,0.025563391753881337,separated,60,0.95,mixture/5.0/3/5/9
5.0,3,10,400,constant,0.01316666666666666,0.00010990157843870918,0.02622343175489461,separated,60,0.95,mixture/5.0/3/5/10
5.0,3,10,1000,constant,0.013533333333333841,0.0048877623024664585,0.022178904364201224,separated,60,0.95,mixture/5.0/3/5/10
5.0,3,11,400,constant,0.0035833333333333828,-0.009141105820791195,0.01630777248745796,uncertain,60,0.95,mixture/5.0/3/5/11
5.0,3,11,1000,constant,0.0030000000000003357,-0.004872567947355133,0.010872567947355805,uncertain,60,0.95,mixture/5.0/3/5/11
5.0,3,12,400,constant,0.002000000000000113,-0.012201567767406996,0.01620156776740722,uncertain,60,0.95,mixture/5.0/3/5/12
5.0,3,12,1000,constant,0.008266666666666533,0.0005530150372423659,0.0159803182960907,separated,60,0.95,mixture/5.0/3/5/12
5.0,3,13,400,constant,0.006000000000000116,-0.007975661641040133,0.019975661641040365,uncertain,60,0.95,mixture/5.0/3/5/13
5.0,3,13,1000,constant,0.009266666666667422,0.0008438723997710174,0.017689460933563828,separated,60,0.95,mixture/5.0/3/5/13
5.0,3,14,400,constant,0.02608333333333346,0.013358583262208179,0.03880808340445874,separated,60,0.95,mixture/5.0/3/5/14
5.0,3,14,1000,constant,0.023766666666666714,0.015800023229925908,0.03173331010340752,separated,60,0.95,mixture/5.0/3/5/14
5.0,3,15,400,constant,-0.009416666666666962,-0.022487393209088435,0.0036540598757545117,uncertain,60,0.95,mixture/5.0/3/5/15
5.0,3,15,1000,constant,-0.0074666666666666215,-0.014320772796497128,-0.0006125605368361153,nonseparated,60,0.95,mixture/5.0/3/5/15
5.0,3,16,400,constant,0.010750000000000037,-0.0027692347210221957,0.023117225681870135,uncertain,60,0.95,mixture/5.0/3/5/16
5.0,3,16,1000,constant,0.013633333333332831,0.006800393243568292,0.02046627342309737,separated,60,0.95,mixture/5.0/3/5/16
5.0,3,17,400,constant,0.017333333333333645,0.00334085663627004,0.03132581003039725,separated,60,0.95,mixture/5.0/3/5/17
5.0,3,17,1000,constant,0.020466666666666966,0.012859920760409538,0.028073412572924394,separated,60,0.95,mixture/5.0/3/5/17
5.0,3,18,400,constant,0.016499999999999848,0.0018693171121966223,0.031130682887803074,separated,60,0.95,mixture/5.0/3/5/18
5.0,3,18,1000,constant,0.02199999999999991,0.014464650371785015,0.029535349628214802,separated,60,0.95,mixture/5.0/3/5/18
5.0,3,19,400,constant,-0.008750000000000036,-0.021633322664341592,0.004133322664341521,uncertain,60,0.95,mixture/5.0/3/5/19
5.0,3,19,1000,constant,-0.013399999999999412,-0.020524261390652887,-0.006275738609345938,nonseparated,60,0.95,mixture/5.0/3/5/19
5.0,4,0,400,constant,0.009250000000000091,-0.005558977566272105,0.024058977566272288,uncertain,60,0.95,mixture/5.0/4/5/0
5.0,4,0,1000,constant,0.011500000000000177,0.0029896974447558566,0.020010302555244497,separated,60,0.95,mixture/5.0/4/5/0
5.0,4,1,400,constant,-0.005833333333333135,-0.021581538205812878,0.009914871539146608,uncertain,60,0.95,mixture/5.0/4/5/1
5.0,4,1,1000,constant,-0.0005333333333330526,-0.01037748710969355,0.009310820443027445,uncertain,60,0.95,mixture/5.0/4/5/1
5.0,4,2,400,constant,-0.009750000000000036,-0.025235222079120212,0.005633297725245678,uncertain,60,0.95,mixture/5.0/4/5/2
5.0,4,2,1000,constant,-0.010566666666666613,-0.019254067697545785,-0.0018792656357874415,nonseparated,60,0.95,mixture/5.0/4/5/2
5.0,4,3,400,constant,-0.009916666666666907,-0.02600320612502749,0.006169872791693676,uncertain,60,0.95,mixture/5.0/4/5/3
5.0,4,3,1000,constant,-0.003666666666666818,-0.012616707739436683,0.005283374406103047,uncertain,60,0.95,mixture/5.0/4/5/3
5.0,4,4,400,constant,-0.010333333333333306,-0.02291261432627978,0.0022459476596131678,uncertain,60,0.95,mixture/5.0/4/5/4
5.0,4,4,1000,constant,-0.0031333333333332103,-0.010730954070852894,0.004464287404186473,uncertain,60,0.95,mixture/5.0/4/5/4
5.0,4,5,400,constant,0.006750000000000034,-0.006399002136266652,0.01989900213626672,uncertain,60,0.95,mixture/5.0/4/5/5
5.0,4,5,1000,constant,0.006033333333333002,-0.0021560169819506703,0.014222683648616674,uncertain,60,0.95,mixture/5.0/4/5/5
5.0,4,6,400,constant,-0.031250000000000444,-0.045358999285657786,-0.017141000714343102,nonseparated,60,0.95,mixture/5.0/4/5/6
5.0,4,6,1000,constant,-0.027900000000000036,-0.03587199467879565,-0.019928005321204423,nonseparated,60,0.95,mixture/5.0/4/5/6
5.0,4,7,400,constant,0.027833333333333155,0.011092163930705334,0.044574502735960975,separated,60,0.95,mixture/5.0/4/5/7
5.0,4,7,1000,constant,0.02886666666666693,0.02038666119994903,0.03734667213338483,separated,60,0.95,mixture/5.0/4/5/7
5.0,4,8,400,constant,-0.01333333333333353,-0.026234577688906247,-0.0004320889777608139,nonseparated,60,0.95,mixture/5.0/4/5/8
5.0,4,8,1000,constant,-0.014266666666666872,-0.021984397590967597,-0.0065489357423661465,nonseparated,60,0.95,mixture/5.0/4/5/8
5.0,4,9,400,constant,0.0016666666666668162,-0.01327450589303314,0.016224861017246628,uncertain,60,0.95,mixture/5.0/4/5/9
5.0,4,9,1000,constant,0.005133333333333101,-0.00327450082074221,0.013300297751212664,uncertain,60,0.95,mixture/5.0/4/5/9
5.0,4,10,400,constant,-0.0050000000000002265,-0.0221453935000564,0.012145393500055945,uncertain,60,0.95,mixture/5.0/4/5/10
5.0,4,10,1000,constant,-0.003066666666666662,-0.01221718433038732,0.006083850997053997,uncertain,60,0.95,mixture/5.0/4/5/10
5.0,4,11,400,constant,-0.01016666666666699,-0.02389359752628517,0.0035602641929511902,uncertain,60,0.95,mixture/5.0/4/5/11
5.0,4,11,1000,constant,-0.010466666666666402,-0.01873307180948014,-0.0022002615238526646,nonseparated,60,0.95,mixture/5.0/4/5/11
5.0,4,12,400,constant,-0.01191666666666702,-0.025298889914288192,0.0014655565809541526,uncertain,60,0.95,mixture/5.0/4/5/12
5.0,4,12,1000,constant,-0.013099999999999556,-0.020941427754397446,-0.005258572245601667,nonseparated,60,0.95,mixture/5.0/4/5/12
5.0,4,13,400,constant,0.00391666666666679,-0.01054225245928564,0.01837558579261922,uncertain,60,0.95,mixture/5.0/4/5/13
5.0,4,13,1000,constant,0.008933333333333904,0.0006526565406471674,0.01702083323353132,separated,60,0.95,mixture/5.0/4/5/13
5.0,4,14,400,constant,0.003749999999999809,-0.011779965705556728,0.019279965705556346,uncertain,60,0.95,mixture/5.0/4/5/14
5.0,4,14,1000,constant,0.005166666666666098,-0.0027742929094806135,0.013107626242812809,uncertain,60,0.95,mixture/5.0/4/5/14
5.0,4,15,400,constant,0.01424999999999943,-0.0004580012731725258,0.028958001273171385,uncertain,60,0.95,mixture/5.0/4/5/15
5.0,4,15,1000,constant,0.014600000000000168,0.006460228228307829,0.022739771771692507,separated,60,0.95,mixture/5.0/4/5/15
5.0,4,16,400,constant,-0.010750000000000481,-0.02652716322649673,0.005027163226495768,uncertain,60,0.95,mixture/5.0/4/5/16
5.0,4,16,1000,constant,-0.008766666666667033,-0.018515365172328102,0.0009820318389940352,uncertain,60,0.95,mixture/5.0/4/5/16
5.0,4,17,400,constant,-0.01808333333333334,-0.03284358436337831,-0.0033230823032883716,nonseparated,60,0.95,mixture/5.0/4/5/17
5.0,4,17,1000,constant,-0.01539999999999997,-0.02305735659918018,-0.00774264340081976,nonseparated,60,0.95,mixture/5.0/4/5/17
5.0,4,18,400,constant,-0.004333333333333411,-0.01650226909076824,0.007835602424101418,uncertain,60,0.95,mixture/5.0/4/5/18
5.0,4,18,1000,constant,0.00016666666666675933,-0.008004621667486611,0.00833795500082013,uncertain,60,0.95,mixture/5.0/4/5/18
5.0,4,19,400,constant,-0.0015000000000000568,-0.013995884582233886,0.010995884582233773,uncertain,60,0.95,mixture/5.0/4/5/19
5.0,4,19,1000,constant,-0.003166666666666651,-0.010642931437456649,0.004309598104123347,uncertain,60,0.95,mixture/5.0/4/5/19
5.0,5,0,400,constant,0.002583333333333049,-0.01323457997810451,0.018401246644770608,uncertain,60,0.95,mixture/5.0/5/5/0
5.0,5,0,1000,constant,0.005633333333333601,-0.0032012999870321135,0.014467966653699316,uncertain,60,0.95,mixture/5.0/5/5/0
5.0,5,1,400,constant,-0.006000000000000116,-0.022233834261002228,0.010233834261001995,uncertain,60,0.95,mixture/5.0/5/5/1
5.0,5,1,1000,constant,-0.006199999999999983,-0.014554840659301238,0.0021548406593012714,uncertain,60,0.95,mixture/5.0/5/5/1
5.0,5,2,400,constant,-0.010583333333333056,-0.02660962999181604,0.00544296332514993,uncertain,60,0.95,mixture/5.0/5/5/2
5.0,5,2,1000,constant,-0.0033000000000000806,-0.012876077433100153,0.006276077433099991,uncertain,60,0.95,mixture/5.0/5/5/2
5.0,5,3,400,constant,-0.003583333333333494,-0.017406235856094243,0.010239569189427256,uncertain,60,0.95,mixture/5.0/5/5/3
5.0,5,3,1000,constant,0.0014666666666666162,-0.008120136271890899,0.011053469605224131,uncertain,60,0.95,mixture/5.0/5/5/3
5.0,5,4,400,constant,-0.02949999999999997,-0.04659703881533428,-0.012402961184665662,nonseparated,60,0.95,mixture/5.0/5/5/4
5.0,5,4,1000,constant,-0.02739999999999998,-0.03566163192342364,-0.019138368076576318,nonseparated,60,0.95,mixture/5.0/5/5/4
5.0,5,5,400,constant,0.001083333333332992,-0.01571727142576751,0.017883938092433493,uncertain,60,0.95,mixture/5.0/5/5/5
5.0,5,5,1000,constant,0.004999999999999671,-0.0035526259083823453,0.013520311797977969,uncertain,60,0.95,mixture/5.0/5/5/5
5.0,5,6,400,constant,-0.027666666666666506,-0.04193009886686594,-0.013403234466467073,nonseparated,60,0.95,mixture/5.0/5/5/6
5.0,5,6,1000,constant,-0.02429999999999999,-0.03186987729810198,-0.016730122701897998,nonseparated,60,0.95,mixture/5.0/5/5/6
5.0,5,7,400,constant,-0.014166666666666439,-0.029477836918300415,0.0011445035849675378,uncertain,60,0.95,mixture/5.0/5/5/7
5.0,5,7,1000,constant,-0.012666666666666937,-0.02206525324668185,-0.0032680800866520254,nonseparated,60,0.95,mixture/5.0/5/5/7
5.0,5,8,400,constant,-0.005166666666666542,-0.019117546078986636,0.008784212745653552,uncertain,60,0.95,mixture/5.0/5/5/8
5.0,5,8,1000,constant,-0.00436666666666663,-0.012595940572880271,0.0038626072395470112,uncertain,60,0.95,mixture/5.0/5/5/8
5.0,5,9,400,constant,-0.018500000000000516,-0.03477924388669096,-0.002220756113310074,nonseparated,60,0.95,mixture/5.0/5/5/9
5.0,5,9,1000,constant,-0.014533333333333398,-0.023197432626076764,-0.005869234040590032,nonseparated,60,0.95,mixture/5.0/5/5/9
5.0,5,10,400,constant,-0.02558333333333307,-0.04097735569973493,-0.010189310966931209,nonseparated,60,0.95,mixture/5.0/5/5/10
5.0,5,10,1000,constant,-0.026966666666666805,-0.03506275789764479,-0.01887057543568882,nonseparated,60,0.95,mixture/5.0/5/5/10
5.0,5,11,400,constant,-0.010416666666666186,-0.026185221426461514,0.005351888093129142,uncertain,60,0.95,mixture/5.0/5/5/11
5.0,5,11,1000,constant,-0.005166666666666431,-0.013591152471280177,0.0032578191379473154,uncertain,60,0.95,mixture/5.0/5/5/11
5.0,5,12,400,constant,0.002666666666666817,-0.011763861361157812,0.017097194694491447,uncertain,60,0.95,mixture/5.0/5/5/12
5.0,5,12,1000,constant,0.0033333333333331883,-0.005824704518611612,0.012491371185277989,uncertain,60,0.95,mixture/5.0/5/5/12
5.0,5,13,400,constant,0.013166666666666438,-0.0015610892605862903,0.027894422593919166,uncertain,60,0.95,mixture/5.0/5/5/13
5.0,5,13,1000,constant,0.009733333333333039,0.00152412552713721,0.017942541139528867,separated,60,0.95,mixture/5.0/5/5/13
5.0,5,14,400,constant,-0.0039999999999998925,-0.01851125667266018,0.010511256672660396,uncertain,60,0.95,mixture/5.0/5/5/14
5.0,5,14,1000,constant,0.0015333333333338306,-0.007202112824342799,0.01026877949101046,uncertain,60,0.95,mixture/5.0/5/5/14
5.0,5,15,400,constant,-0.010083333333333333,-0.025421756768448933,0.0035338263546710325,uncertain,60,0.95,mixture/5.0/5/5/15
5.0,5,15,1000,constant,-0.01200000000000001,-0.020221651223002013,-0.0037783487769980084,nonseparated,60,0.95,mixture/5.0/5/5/15
5.0,5,16,400,constant,0.019083333333333563,0.002352858176282502,0.035813808490384624,separated,60,0.95,mixture/5.0/5/5/16
5.0,5,16,1000,constant,0.02326666666666688,0.013855155347366033,0.03267817798596773,separated,60,0.95,mixture/5.0/5/5/16
5.0,5,17,400,constant,-0.018749999999999933,-0.03654232517297917,-0.0009576748270206936,nonseparated,60,0.95,mixture/5.0/5/5/17
5.0,5,17,1000,constant,-0.0157333333333336,-0.025109798354674973,-0.006356868311992225,nonseparated,60,0.95,mixture/5.0/5/5/17
5.0,5,18,400,constant,-0.013666666666666827,-0.028640598329471745,0.001307264996138091,uncertain,60,0.95,mixture/5.0/5/5/18
5.0,5,18,1000,constant,-0.009833333333333028,-0.017526324152602135,-0.00214034251406392,nonseparated,60,0.95,mixture/5.0/5/5/18
5.0,5,19,400,constant,0.00033333333333340764,-0.014097438751768387,0.014764105418435203,uncertain,60,0.95,mixture/5.0/5/5/19
5.0,5,19,1000,constant,0.000300000000000189,-0.008097335605023459,0.008697335605023837,uncertain,60,0.95,mixture/5.0/5/5/19
5.0,6,0,400,constant,-0.011833333333333362,-0.0254113914943066,0.0017447248276398764,uncertain,60,0.95,mixture/5.0/6/5/0
5.0,6,0,1000,constant,-0.01210000000000011,-0.020428518481361513,-0.0037714815186387085,nonseparated,60,0.95,mixture/5.0/6/5/0
5.0,6,1,400,constant,-0.012833333333333363,-0.028480095005466444,0.002813428338799717,uncertain,60,0.95,mixture/5.0/6/5/1
5.0,6,1,1000,constant,-0.006066666666666887,-0.014522709469255157,0.002389376135921384,uncertain,60,0.95,mixture/5.0/6/5/1
5.0,6,2,400,constant,0.0045000000000002816,-0.014118315948248972,0.022257951223149997,uncertain,60,0.95,mixture/5.0/6/5/2
5.0,6,2,1000,constant,0.0050000000000000044,-0.004463106389998472,0.014463106389998481,uncertain,60,0.95,mixture/5.0/6/5/2
5.0,6,3,400,constant,-0.010999999999999788,-0.026918817064728096,0.00491881706472852,uncertain,60,0.95,mixture/5.0/6/5/3
5.0,6,3,1000,constant,-0.011866666666666692,-0.021147476426519485,-0.0025858569068138992,nonseparated,60,0.95,mixture/5.0/6/5/3
5.0,6,4,400,constant,-0.008249999999999758,-0.02395136095046324,0.006690088869279687,uncertain,60,0.95,mixture/5.0/6/5/4
5.0,6,4,1000,constant,-0.004466666666666619,-0.013016858606373916,0.004083525273040678,uncertain,60,0.95,mixture/5.0/6/5/4
5.0,6,5,400,constant,0.005166666666666875,-0.011220895168464362,0.02155422850179811,uncertain,60,0.95,mixture/5.0/6/5/5
5.0,6,5,1000,constant,0.0020999999999999908,-0.007019167529734971,0.011219167529734952,uncertain,60,0.95,mixture/5.0/6/5/5
5.0,6,6,400,constant,-0.0065833333333336075,-0.02170088544471993,0.007523084981891914,uncertain,60,0.95,mixture/5.0/6/5/6
5.0,6,6,1000,constant,-0.004533333333333278,-0.013720182615526877,0.004653515948860321,uncertain,60,0.95,mixture/5.0/6/5/6
5.0,6,7,400,constant,0.009916666666666796,-0.0068067919911620756,0.026640125324495667,uncertain,60,0.95,mixture/5.0/6/5/7
5.0,6,7,1000,constant,0.009699999999999931,0.0008687325273231128,0.01853126747267675,separated,60,0.95,mixture/5.0/6/5/7
5.0,6,8,400,constant,-0.02849999999999997,-0.046812468395813656,-0.010187531604186284,nonseparated,60,0.95,mixture/5.0/6/5/8
5.0,6,8,1000,constant,-0.028166666666666562,-0.0371910645109077,-0.019142268822425423,nonseparated,60,0.95,mixture/5.0/6/5/8
5.0,6,9,400,constant,-0.03591666666666693,-0.05109107338847774,-0.020742259944856123,nonseparated,60,0.95,mixture/5.0/6/5/9
5.0,6,9,1000,constant,-0.02660000000000018,-0.034948700332700255,-0.018251299667300103,nonseparated,60,0.95,mixture/5.0/6/5/9
5.0,6,10,400,constant,-0.01941666666666675,-0.03633840010695921,-0.002494933226374285,nonseparated,60,0.95,mixture/5.0/6/5/10
5.0,6,10,1000,constant,-0.019166666666666887,-0.02690297382152229,-0.011430359511811483,nonseparated,60,0.95,mixture/5.0/6/5/10
5.0,6,11,400,constant,-0.03300000000000014,-0.04718812858749155,-0.01881187141250873,nonseparated,60,0.95,mixture/5.0/6/5/11
5.0,6,11,1000,constant,-0.03183333333333316,-0.040467907157117455,-0.02319875950954886,nonseparated,60,0.95,mixture/5.0/6/5/11
5.0,6,12,400,constant,-0.0202500000000001,-0.03674389832433933,-0.004693070839561941,nonseparated,60,0.95,mixture/5.0/6/5/12
5.0,6,12,1000,constant,-0.01409999999999989,-0.02346837651224931,-0.004858639814260046,nonseparated,60,0.95,mixture/5.0/6/5/12
5.0,6,13,400,constant,-0.01333333333333342,-0.029457446968187972,0.002790780301521134,uncertain,60,0.95,mixture/5.0/6/5/13
5.0,6,13,1000,constant,-0.011966666666666459,-0.02020279040603068,-0.0037305429273022384,nonseparated,60,0.95,mixture/5.0/6/5/13
5.0,6,14,400,constant,-0.02983333333333371,-0.04657244892185197,-0.013774044313518474,nonseparated,60,0.95,mixture/5.0/6/5/14
5.0,6,14,1000,constant,-0.026066666666666793,-0.035053099500231166,-0.01708023383310242,nonseparated,60,0.95,mixture/5.0/6/5/14
5.0,6,15,400,constant,-0.008416666666666628,-0.02619847960745869,0.009365146274125435,uncertain,60,0.95,mixture/5.0/6/5/15
5.0,6,15,1000,constant,-0.015000000000000346,-0.02366708844439125,-0.006332911555609444,nonseparated,60,0.95,mixture/5.0/6/5/15
5.0,6,16,400,constant,-0.012333333333333085,-0.027438286897515596,0.0027716202308494253,uncertain,60,0.95,mixture/5.0/6/5/16
5.0,6,16,1000,constant,-0.013533333333333064,-0.023164604158348645,-0.003902062508317483,nonseparated,60,0.95,mixture/5.0/6/5/16
5.0,6,17,400,constant,-0.03908333333333369,-0.05863766298711581,-0.01952900367955157,nonseparated,60,0.95,mixture/5.0/6/5/17
5.0,6,17,1000,constant,-0.032533333333333525,-0.042177510696951304,-0.022889155969715747,nonseparated,60,0.95,mixture/5.0/6/5/17
5.0,6,18,400,constant,-0.0009999999999997788,-0.0164898204199192,0.014489820419919641,uncertain,60,0.95,mixture/5.0/6/5/18
5.0,6,18,1000,constant,-0.0028000000000002467,-0.011499503418650914,0.00589950341865042,uncertain,60,0.95,mixture/5.0/6/5/18
5.0,6,19,400,constant,-0.0035833333333332718,-0.018113149835847886,0.010946483169181342,uncertain,60,0.95,mixture/5.0/6/5/19
5.0,6,19,1000,constant,-0.0014999999999995017,-0.010005386756714252,0.007005386756715248,uncertain,60,0.95,mixture/5.0/6/5/19
5.0,7,0,400,constant,-0.024083333333333345,-0.04336184509284635,-0.004804821573820339,nonseparated,60,0.95,mixture/5.0/7/5/0
5.0,7,0,1000,constant,-0.01983333333333359,-0.030150767320810234,-0.009515899345856949,nonseparated,60,0.95,mixture/5.0/7/5/0
5.0,7,1,400,constant,-0.020250000000000212,-0.03588539473941277,-0.004614605260587656,nonseparated,60,0.95,mixture/5.0/7/5/1
5.0,7,1,1000,constant,-0.01489999999999958,-0.023478996126859997,-0.006321003873139164,nonseparated,60,0.95,mixture/5.0/7/5/1
5.0,7,2,400,constant,-0.029249999999999776,-0.04784146223007135,-0.0106585377699282,nonseparated,60,0.95,mixture/5.0/7/5/2
5.0,7,2,1000,constant,-0.027599999999999958,-0.03601330806208758,-0.019186691937912337,nonseparated,60,0.95,mixture/5.0/7/5/2
5.0,7,3,400,constant,-0.016750000000000265,-0.031129997521856967,-0.0023700024781435625,nonseparated,60,0.95,mixture/5.0/7/5/3
5.0,7,3,1000,constant,-0.01653333333333329,-0.024616644585920056,-0.008450022080746522,nonseparated,60,0.95,mixture/5.0/7/5/3
5.0,7,4,400,constant,-0.008749999999999813,-0.022721101043642222,0.005221101043642595,uncertain,60,0.95,mixture/5.0/7/5/4
5.0,7,4,1000,constant,-0.007266666666666199,-0.015063929582358138,0.0005305962490257388,uncertain,60,0.95,mixture/5.0/7/5/4
5.0,7,5,400,constant,0.0050833333333329955,-0.008963014418880366,0.019129681085546357,uncertain,60,0.95,mixture/5.0/7/5/5
5.0,7,5,1000,constant,0.0044999999999997264,-0.003459426162237711,0.012459426162237164,uncertain,60,0.95,mixture/5.0/7/5/5
5.0,7,6,400,constant,-0.010500000000000065,-0.026134357456680024,0.005134357456679894,uncertain,60,0.95,mixture/5.0/7/5/6
5.0,7,6,1000,constant,-0.010733333333333595,-0.01944778480397169,-0.0020188818626954985,nonseparated,60,0.95,mixture/5.0/7/5/6
5.0,7,7,400,constant,-0.0006666666666661492,-0.016042661465614727,0.014709328132282429,uncertain,60,0.95,mixture/5.0/7/5/7
5.0,7,7,1000,constant,0.0032000000000000917,-0.005539552844394335,0.011570064740313302,uncertain,60,0.95,mixture/5.0/7/5/7
5.0,7,8,400,constant,-0.010333333333333417,-0.02723327017444488,0.006566603507778046,uncertain,60,0.95,mixture/5.0/7/5/8
5.0,7,8,1000,constant,-0.009666666666666601,-0.01935735563525076,2.402230191755894e-05,uncertain,60,0.95,mixture/5.0/7/5/8
5.0,7,9,400,constant,-0.03816666666666679,-0.05435778048044282,-0.021975552852890767,nonseparated,60,0.95,mixture/5.0/7/5/9
5.0,7,9,1000,constant,-0.03443333333333343,-0.04446774609894022,-0.024398920567726634,nonseparated,60,0.95,mixture/5.0/7/5/9
5.0,7,10,400,constant,-0.010166666666666435,-0.025874904337382043,0.005541571004049173,uncertain,60,0.95,mixture/5.0/7/5/10
5.0,7,10,1000,constant,-0.0126999999999996,-0.021467973957891684,-0.003932026042107517,nonseparated,60,0.95,mixture/5.0/7/5/10
5.0,7,11,400,constant,-0.005916666666666903,-0.020426943128067143,0.008593609794733337,uncertain,60,0.95,mixture/5.0/7/5/11
5.0,7,11,1000,constant,0.0014333333333337306,-0.007469182142221253,0.00995995332009425,uncertain,60,0.95,mixture/5.0/7/5/11
5.0,7,12,400,constant,-0.017999999999999572,-0.03660318949533892,0.0006031894953397732,uncertain,60,0.95,mixture/5.0/7/5/12
5.0,7,12,1000,constant,-0.015866666666666474,-0.02489221429561206,-0.006841119037720889,nonseparated,60,0.95,mixture/5.0/7/5/12
5.0,7,13,400,constant,-0.00024999999999986144,-0.016720048780052954,0.01622004878005323,uncertain,60,0.95,mixture/5.0/7/5/13
5.0,7,13,1000,constant,-3.3333333333440684e-05,-0.008744031449779088,0.008566434829292646,uncertain,60,0.95,mixture/5.0/7/5/13
5.0,7,14,400,constant,-0.029416666666666313,-0.047553460227562905,-0.011279873105769722,nonseparated,60,0.95,mixture/5.0/7/5/14
5.0,7,14,1000,constant,-0.02420000000000022,-0.03335613403568238,-0.01504386596431806,nonseparated,60,0.95,mixture/5.0/7/5/14
5.0,7,15,400,constant,-0.031166666666666898,-0.046568166322070725,-0.01576516701126307,nonseparated,60,0.95,mixture/5.0/7/5/15
5.0,7,15,1000,constant,-0.0360999999999998,-0.046105449435546286,-0.02609455056445331,nonseparated,60,0.95,mixture/5.0/7/5/15
5.0,7,16,400,constant,-0.02791666666666659,-0.044989684356950055,-0.010843648976383125,nonseparated,60,0.95,mixture/5.0/7/5/16
5.0,7,16,1000,constant,-0.02640000000000009,-0.03579160654366942,-0.01700839345633076,nonseparated,60,0.95,mixture/5.0/7/5/16
5.0,7,17,400,constant,-0.0055833333333331625,-0.022966106601259084,0.01179943993459276,uncertain,60,0.95,mixture/5.0/7/5/17
5.0,7,17,1000,constant,-0.005499999999999505,-0.014386162795945512,0.003280613975757629,uncertain,60,0.95,mixture/5.0/7/5/17
5.0,7,18,400,constant,-0.031500000000000083,-0.046976062397026674,-0.016023937602973493,nonseparated,60,0.95,mixture/5.0/7/5/18
5.0,7,18,1000,constant,-0.02533333333333332,-0.03509490633415624,-0.015571760332510398,nonseparated,60,0.95,mixture/5.0/7/5/18
5.0,7,19,400,constant,-0.0035000000000000586,-0.01831341818044585,0.009203921300690143,uncertain,60,0.95,mixture/5.0/7/5/19
5.0,7,19,1000,constant,-0.0016999999999999238,-0.010183262638445933,0.006739641331219515,uncertain,60,0.95,mixture/5.0/7/5/19
5.0,8,0,400,constant,-0.04141666666666677,-0.0595686712361323,-0.02326466209720124,nonseparated,60,0.95,mixture/5.0/8/5/0
5.0,8,0,1000,constant,-0.03663333333333296,-0.047472510214375485,-0.026314316083988043,nonseparated,60,0.95,mixture/5.0/8/5/0
5.0,8,1,400,constant,-0.011833333333333695,-0.02879112562260744,0.005124458955940048,uncertain,60,0.95,mixture/5.0/8/5/1
5.0,8,1,1000,constant,-0.010799999999999699,-0.021064925631582687,-0.0005350743684167103,nonseparated,60,0.95,mixture/5.0/8/5/1
5.0,8,2,400,constant,-0.03808333333333336,-0.05450970229163865,-0.021656964375028065,nonseparated,60,0.95,mixture/5.0/8/5/2
5.0,8,2,1000,constant,-0.038266666666667004,-0.04773751189880904,-0.02879582143452497,nonseparated,60,0.95,mixture/5.0/8/5/2
5.0,8,3,400,constant,-0.019249999999999767,-0.033676835393020244,-0.004823164606979291,nonseparated,60,0.95,mixture/5.0/8/5/3
5.0,8,3,1000,constant,-0.01826666666666643,-0.027624718184706354,-0.008908615148626509,nonseparated,60,0.95,mixture/5.0/8/5/3
5.0,8,4,400,constant,-0.03908333333333314,-0.05565321496896025,-0.02251345169770602,nonseparated,60,0.95,mixture/5.0/8/5/4
5.0,8,4,1000,constant,-0.03976666666666673,-0.048982393781736744,-0.030550939551596712,nonseparated,60,0.95,mixture/5.0/8/5/4
5.0,8,5,400,constant,-0.032916666666666705,-0.04830237628889089,-0.01753095704444252,nonseparated,60,0.95,mixture/5.0/8/5/5
5.0,8,5,1000,constant,-0.0318333333333336,-0.04037907979554911,-0.023287586871118093,nonseparated,60,0.95,mixture/5.0/8/5/5
5.0,8,6,400,constant,-0.017833333333333368,-0.03412427344196112,-0.0015423932247056182,nonseparated,60,0.95,mixture/5.0/8/5/6
5.0,8,6,1000,constant,-0.017899999999999694,-0.027773573120928652,-0.008026426879070736,nonseparated,60,0.95,mixture/5.0/8/5/6
5.0,8,7,400,constant,-0.008083333333333553,-0.02320607546531528,0.007039408798648172,uncertain,60,0.95,mixture/5.0/8/5/7
5.0,8,7,1000,constant,-0.00656666666666661,-0.01664474946406458,0.0035114161307313596,uncertain,60,0.95,mixture/5.0/8/5/7
5.0,8,8,400,constant,-0.002083333333333215,-0.019216612853774406,0.013439821049911815,uncertain,60,0.95,mixture/5.0/8/5/8
5.0,8,8,1000,constant,0.0003666666666667373,-0.008394471456895869,0.009127804790229344,uncertain,60,0.95,mixture/5.0/8/5/8
5.0,8,9,400,constant,0.0076666666666669325,-0.009326449102821877,0.02465978243615574,uncertain,60,0.95,mixture/5.0/8/5/9
5.0,8,9,1000,constant,0.008633333333333493,-0.0006036413034617993,0.017870307970128785,uncertain,60,0.95,mixture/5.0/8/5/9
5.0,8,10,400,constant,-0.019250000000000544,-0.03636719712258951,-0.0029962685598224903,nonseparated,60,0.95,mixture/5.0/8/5/10
5.0,8,10,1000,constant,-0.01953333333333296,-0.0298441729218627,-0.009222493744803217,nonseparated,60,0.95,mixture/5.0/8/5/10
5.0,8,11,400,constant,-0.012333333333333418,-0.03069222933971616,0.005896507064768741,uncertain,60,0.95,mixture/5.0/8/5/11
5.0,8,11,1000,constant,-0.011799999999999922,-0.02104800669903628,-0.002551993300963562,nonseparated,60,0.95,mixture/5.0/8/5/11
5.0,8,12,400,constant,-0.016333333333333644,-0.031561928053153054,-0.0011047386135142334,nonseparated,60,0.95,mixture/5.0/8/5/12
5.0,8,12,1000,constant,-0.015433333333332855,-0.02442580802946992,-0.00644085863719579,nonseparated,60,0.95,mixture/5.0/8/5/12
5.0,8,13,400,constant,-0.015166666666666218,-0.033001240400108656,0.0026679070667762206,uncertain,60,0.95,mixture/5.0/8/5/13
5.0,8,13,1000,constant,-0.010666666666666602,-0.020675459806887342,-0.0006578735264458624,nonseparated,60,0.95,mixture/5.0/8/5/13
5.0,8,14,400,constant,-0.016000000000000014,-0.03542673960089804,0.00342673960089801,uncertain,60,0.95,mixture/5.0/8/5/14
5.0,8,14,1000,constant,-0.014899999999999913,-0.024263210781528932,-0.0055367892184708944,nonseparated,60,0.95,mixture/5.0/8/5/14
5.0,8,15,400,constant,-0.016000000000000125,-0.03100825065339885,-0.0009917493466014005,nonseparated,60,0.95,mixture/5.0/8/5/15
5.0,8,15,1000,constant,-0.011533333333333506,-0.02117792257508211,-0.001888744091584904,nonseparated,60,0.95,mixture/5.0/8/5/15
5.0,8,16,400,constant,-0.022333333333333538,-0.03663401041601644,-0.008032656250650638,nonseparated,60,0.95,mixture/5.0/8/5/16
5.0,8,16,1000,constant,-0.020100000000000118,-0.028300060244202174,-0.011899939755798061,nonseparated,60,0.95,mixture/5.0/8/5/16
5.0,8,17,400,constant,-0.0039999999999996705,-0.020707615858479467,0.012707615858480126,uncertain,60,0.95,mixture/5.0/8/5/17
5.0,8,17,1000,constant,-0.0035000000000002807,-0.013872435311003128,0.006872435311002567,uncertain,60,0.95,mixture/5.0/8/5/17
5.0,8,18,400,constant,-0.01825000000000032,-0.03554004428315982,-0.0009599557168408213,nonseparated,60,0.95,mixture/5.0/8/5/18
5.0,8,18,1000,constant,-0.017166666666666996,-0.027264102710408245,-0.0070692306229257484,nonseparated,60,0.95,mixture/5.0/8/5/18
5.0,8,19,400,constant,-0.0023333333333336315,-0.01952334335660111,0.014856676689933845,uncertain,60,0.95,mixture/5.0/8/5/19
5.0,8,19,1000,constant,-0.0015333333333332755,-0.010526247694495505,0.007459581027828954,uncertain,60,0.95,mixture/5.0/8/5/19
5.0,9,0,400,constant,-0.007916666666666683,-0.02461049578480945,0.007162949688285569,uncertain,60,0.95,mixture/5.0/9/5/0
5.0,9,0,1000,constant,-0.0062666666666659765,-0.016608998951456178,0.0040756656181242246,uncertain,60,0.95,mixture/5.0/9/5/0
5.0,9,1,400,constant,-0.0259166666666667,-0.04483848353343556,-0.00699484979989784,nonseparated,60,0.95,mixture/5.0/9/5/1
5.0,9,1,1000,constant,-0.021133333333333337,-0.031443905556018614,-0.01082276111064806,nonseparated,60,0.95,mixture/5.0/9/5/1
5.0,9,2,400,constant,-0.06316666666666693,-0.0796321150436341,-0.04670121828969975,nonseparated,60,0.95,mixture/5.0/9/5/2
5.0,9,2,1000,constant,-0.05940000000000045,-0.06854333271807223,-0.05025666728192868,nonseparated,60,0.95,mixture/5.0/9/5/2
5.0,9,3,400,constant,0.007833333333333026,-0.00945629947406934,0.024285017251806984,uncertain,60,0.95,mixture/5.0/9/5/3
5.0,9,3,1000,constant,0.005066666666666664,-0.005454722995393069,0.015588056328726396,uncertain,60,0.95,mixture/5.0/9/5/3
5.0,9,4,400,constant,-0.012750000000000039,-0.02979351344492076,0.004293513444920682,uncertain,60,0.95,mixture/5.0/9/5/4
5.0,9,4,1000,constant,-0.012433333333333074,-0.022313488054687136,-0.0025531786119790123,nonseparated,60,0.95,mixture/5.0/9/5/4
5.0,9,5,400,constant,-0.0370833333333328,-0.05455354777064858,-0.01982493289222853,nonseparated,60,0.95,mixture/5.0/9/5/5
5.0,9,5,1000,constant,-0.029999999999999916,-0.0397782925754151,-0.020221707424584734,nonseparated,60,0.95,mixture/5.0/9/5/5
5.0,9,6,400,constant,-0.019583333333333952,-0.03710138584198064,-0.0020652808246872656,nonseparated,60,0.95,mixture/5.0/9/5/6
5.0,9,6,1000,constant,-0.021599999999999953,-0.030548973205005714,-0.012651026794994191,nonseparated,60,0.95,mixture/5.0/9/5/6
5.0,9,7,400,constant,-0.01583333333333392,-0.033460771138108636,0.0017941044714407939,uncertain,60,0.95,mixture/5.0/9/5/7
5.0,9,7,1000,constant,-0.011700000000000044,-0.021208897855096942,-0.0021911021449031454,nonseparated,60,0.95,mixture/5.0/9/5/7
5.0,9,8,400,constant,-0.024666666666666615,-0.039835674345116034,-0.009497658988217195,nonseparated,60,0.95,mixture/5.0/9/5/8
5.0,9,8,1000,constant,-0.01936666666666631,-0.029067584131531765,-0.009665749201800855,nonseparated,60,0.95,mixture/5.0/9/5/8
5.0,9,9,400,constant,-0.03541666666666676,-0.05207163739331966,-0.018761695940013867,nonseparated,60,0.95,mixture/5.0/9/5/9
5.0,9,9,1000,constant,-0.03189999999999993,-0.041361858397821805,-0.022438141602178052,nonseparated,60,0.95,mixture/5.0/9/5/9
5.0,9,10,400,constant,-0.03533333333333277,-0.053533063714679696,-0.01713360295198585,nonseparated,60,0.95,mixture/5.0/9/5/10
5.0,9,10,1000,constant,-0.03310000000000057,-0.04237339622681047,-0.02382660377319068,nonseparated,60,0.95,mixture/5.0/9/5/10
5.0,9,11,400,constant,-0.04533333333333289,-0.06381498772397287,-0.026851678942692914,nonseparated,60,0.95,mixture/5.0/9/5/11
5.0,9,11,1000,constant,-0.03479999999999994,-0.045922229722613395,-0.02367777027738649,nonseparated,60,0.95,mixture/5.0/9/5/11
5.0,9,12,400,constant,-0.011749999999999816,-0.028003130634037143,0.004503130634037511,uncertain,60,0.95,mixture/5.0/9/5/12
5.0,9,12,1000,constant,-0.0128999999999998,-0.022860977262254223,-0.002939022737745378,nonseparated,60,0.95,mixture/5.0/9/5/12
5.0,9,13,400,constant,-0.011999999999999789,-0.028591950372038877,0.004320072001625319,uncertain,60,0.95,mixture/5.0/9/5/13
5.0,9,13,1000,constant,-0.008466666666667177,-0.018244432708422353,0.0013110993750879985,uncertain,60,0.95,mixture/5.0/9/5/13
5.0,9,14,400,constant,-0.029333333333333544,-0.04742791849519734,-0.011238748171469748,nonseparated,60,0.95,mixture/5.0/9/5/14
5.0,9,14,1000,constant,-0.029099999999999904,-0.038345918452098116,-0.019854081547901692,nonseparated,60,0.95,mixture/5.0/9/5/14
5.0,9,15,400,constant,-0.00466666666666693,-0.02158012541652865,0.012078768974669751,uncertain,60,0.95,mixture/5.0/9/5/15
5.0,9,15,1000,constant,-0.0022333333333335315,-0.012145546320410427,0.0076788796537433646,uncertain,60,0.95,mixture/5.0/9/5/15
5.0,9,16,400,constant,-0.030000000000000027,-0.047845005040787925,-0.012395384425644251,nonseparated,60,0.95,mixture/5.0/9/5/16
5.0,9,16,1000,constant,-0.02729999999999977,-0.035794954851475436,-0.018805045148524102,nonseparated,60,0.95,mixture/5.0/9/5/16
5.0,9,17,400,constant,-0.03475000000000028,-0.05252618690479671,-0.017139277929614893,nonseparated,60,0.95,mixture/5.0/9/5/17
5.0,9,17,1000,constant,-0.03446666666666698,-0.0434423690049377,-0.02549096432839626,nonseparated,60,0.95,mixture/5.0/9/5/17
5.0,9,18,400,constant,-0.024833333333333374,-0.040533408383409575,-0.009133258283257173,nonseparated,60,0.95,mixture/5.0/9/5/18
5.0,9,18,1000,constant,-0.019366666666667087,-0.028657264531194326,-0.010076068802139848,nonseparated,60,0.95,mixture/5.0/9/5/18
5.0,9,19,400,constant,-0.01866666666666661,-0.034555992134492675,-0.002777341198840544,nonseparated,60,0.95,mixture/5.0/9/5/19
5.0,9,19,1000,constant,-0.017033333333333456,-0.02519566041356458,-0.008871006253102331,nonseparated,60,0.95,mixture/5.0/9/5/19
5.0,10,0,400,constant,-0.016916666666666802,-0.03509477351355372,0.0012614401802201192,uncertain,60,0.95,mixture/5.0/10/5/0
5.0,10,0,1000,constant,-0.019499999999999962,-0.0286261838657208,-0.010373816134279124,nonseparated,60,0.95,mixture/5.0/10/5/0
5.0,10,1,400,constant,-0.010000000000000231,-0.027412022061061414,0.007412022061060952,uncertain,60,0.95,mixture/5.0/10/5/1
5.0,10,1,1000,constant,-0.008133333333333992,-0.01702545187571225,0.0007587852090442659,uncertain,60,0.95,mixture/5.0/10/5/1
5.0,10,2,400,constant,-0.016083333333333116,-0.032602531191498474,0.00043586452483224125,uncertain,60,0.95,mixture/5.0/10/5/2
5.0,10,2,1000,constant,-0.011233333333333428,-0.020375720226093352,-0.0020909464405735045,nonseparated,60,0.95,mixture/5.0/10/5/2
5.0,10,3,400,constant,-0.01883333333333337,-0.0350466908488386,-0.002619975817828135,nonseparated,60,0.95,mixture/5.0/10/5/3
5.0,10,3,1000,constant,-0.02059999999999995,-0.030016805929232615,-0.011183194070767288,nonseparated,60,0.95,mixture/5.0/10/5/3
5.0,10,4,400,constant,-0.010083333333333444,-0.027840817491812997,0.007042794495258575,uncertain,60,0.95,mixture/5.0/10/5/4
5.0,10,4,1000,constant,-0.011933333333332907,-0.020729250944352295,-0.003137415722313519,nonseparated,60,0.95,mixture/5.0/10/5/4
5.0,10,5,400,constant,-0.017833333333333368,-0.034574066123302605,-0.0010926005433641306,nonseparated,60,0.95,mixture/5.0/10/5/5
5.0,10,5,1000,constant,-0.013100000000000223,-0.022325948931482542,-0.003927962286609299,nonseparated,60,0.95,mixture/5.0/10/5/5
5.0,10,6,400,constant,-0.0060833333333333295,-0.02371184383524627,0.011545177168579612,uncertain,60,0.95,mixture/5.0/10/5/6
5.0,10,6,1000,constant,-0.0069666666666662325,-0.016641206865288583,0.0027078735319561176,uncertain,60,0.95,mixture/5.0/10/5/6
5.0,10,7,400,constant,-0.03333333333333344,-0.04977549490828148,-0.016891171758385393,nonseparated,60,0.95,mixture/5.0/10/5/7
5.0,10,7,1000,constant,-0.03286666666666649,-0.042051213350093986,-0.02368211998323899,nonseparated,60,0.95,mixture/5.0/10/5/7
5.0,10,8,400,constant,-0.021166666666667,-0.03827890241265908,-0.004054430920674923,nonseparated,60,0.95,mixture/5.0/10/5/8
5.0,10,8,1000,constant,-0.02063333333333328,-0.030137899419425462,-0.0111287672472411,nonseparated,60,0.95,mixture/5.0/10/5/8
5.0,10,9,400,constant,-0.004583333333333939,-0.020577069382927804,0.010946281109559086,uncertain,60,0.95,mixture/5.0/10/5/9
5.0,10,9,1000,constant,0.0008999999999997899,-0.00955354819597598,0.010756688145550308,uncertain,60,0.95,mixture/5.0/10/5/9
5.0,10,10,400,constant,-0.026666666666666505,-0.04335265824643364,-0.009980675086899371,nonseparated,60,0.95,mixture/5.0/10/5/10
5.0,10,10,1000,constant,-0.02760000000000018,-0.038095939809871804,-0.017104060190128556,nonseparated,60,0.95,mixture/5.0/10/5/10
5.0,10,11,400,constant,-0.02175000000000027,-0.03898425521383719,-0.004515744786163345,nonseparated,60,0.95,mixture/5.0/10/5/11
5.0,10,11,1000,constant,-0.01733333333333331,-0.027714418435449417,-0.006952248231217206,nonseparated,60,0.95,mixture/5.0/10/5/11
5.0,10,12,400,constant,-0.042749999999999955,-0.059496854549529354,-0.0264516408868658,nonseparated,60,0.95,mixture/5.0/10/5/12
5.0,10,12,1000,constant,-0.04000000000000015,-0.050336413920139544,-0.02966358607986075,nonseparated,60,0.95,mixture/5.0/10/5/12
5.0,10,13,400,constant,-0.03183333333333338,-0.049898607207447765,-0.013768059459218995,nonseparated,60,0.95,mixture/5.0/10/5/13
5.0,10,13,1000,constant,-0.029933333333333145,-0.04025526787521494,-0.01961139879145135,nonseparated,60,0.95,mixture/5.0/10/5/13
5.0,10,14,400,constant,0.004666666666666486,-0.013750615281308387,0.021166477172543496,uncertain,60,0.95,mixture/5.0/10/5/14
5.0,10,14,1000,constant,0.004733333333333589,-0.004121195653817633,0.013587862320484811,uncertain,60,0.95,mixture/5.0/10/5/14
5.0,10,15,400,constant,-0.021166666666667,-0.038163491963921325,-0.004169841369412675,nonseparated,60,0.95,mixture/5.0/10/5/15
5.0,10,15,1000,constant,-0.02036666666666631,-0.03027640826437794,-0.010456925068954681,nonseparated,60,0.95,mixture/5.0/10/5/15
5.0,10,16,400,constant,-0.04441666666666677,-0.06065639828580027,-0.02817693504753327,nonseparated,60,0.95,mixture/5.0/10/5/16
5.0,10,16,1000,constant,-0.04179999999999984,-0.05053695752113485,-0.033063042478864824,nonseparated,60,0.95,mixture/5.0/10/5/16
5.0,10,17,400,constant,-0.01133333333333375,-0.027042211608216182,0.004375544941548681,uncertain,60,0.95,mixture/5.0/10/5/17
5.0,10,17,1000,constant,-0.008266666666666533,-0.017916516652807135,0.0013831833194740684,uncertain,60,0.95,mixture/5.0/10/5/17
5.0,10,18,400,constant,-0.023166666666666336,-0.040387090082599886,-0.005946243250732786,nonseparated,60,0.95,mixture/5.0/10/5/18
5.0,10,18,1000,constant,-0.02389999999999981,-0.032711815862126126,-0.015088184137873495,nonseparated,60,0.95,mixture/5.0/10/5/18
5.0,10,19,400,constant,-0.041916666666666935,-0.06141810686221216,-0.02334000539692005,nonseparated,60,0.95,mixture/5.0/10/5/19
5.0,10,19,1000,constant,-0.04073333333333351,-0.050830533081089424,-0.030636133585577596,nonseparated,60,0.95,mixture/5.0/10/5/19
10.0,2,0,400,constant,0.04299999999999993,0.03110316353990472,0.05489683646009513,separated,60,0.95,mixture/10.0/2/5/0
10.0,2,0,1000,constant,0.046499999999999986,0.03906393039760392,0.05393606960239605,separated,60,0.95,mixture/10.0/2/5/0
10.0,2,1,400,constant,-0.004666666666666486,-0.015990796194645274,0.006657462861312302,uncertain,60,0.95,mixture/10.0/2/5/1
10.0,2,1,1000,constant,0.0023000000000001908,-0.004526104427695521,0.009126104427695902,uncertain,60,0.95,mixture/10.0/2/5/1
10.0,2,2,400,constant,0.012833333333333696,-0.0001684393027089337,0.025835105969376326,uncertain,60,0.95,mixture/10.0/2/5/2
10.0,2,2,1000,constant,0.014633333333333054,0.007928222779364225,0.021338443887301883,separated,60,0.95,mixture/10.0/2/5/2
10.0,2,3,400,constant,0.0033333333333332993,-0.009120261168348964,0.015786927835015563,uncertain,60,0.95,mixture/10.0/2/5/3
10.0,2,3,1000,constant,0.005333333333333079,-0.0013308105052141084,0.011997477171880266,uncertain,60,0.95,mixture/10.0/2/5/3
10.0,2,4,400,constant,0.011916666666666464,3.4866453524129426e-05,0.0237984668798088,separated,60,0.95,mixture/10.0/2/5/4
10.0,2,4,1000,constant,0.011133333333333328,0.00399762111451929,0.018269045552147367,separated,60,0.95,mixture/10.0/2/5/4
10.0,2,5,400,constant,0.025416666666666865,0.012050656005984095,0.038782677327349635,separated,60,0.95,mixture/10.0/2/5/5
10.0,2,5,1000,constant,0.019666666666667054,0.013147389175153457,0.026185944158180652,separated,60,0.95,mixture/10.0/2/5/5
10.0,2,6,400,constant,-0.00216666666666665,-0.012687666989002144,0.008354333655668844,uncertain,60,0.95,mixture/10.0/2/5/6
10.0,2,6,1000,constant,0.00010000000000021103,-0.006512759391269829,0.006712759391270251,uncertain,60,0.95,mixture/10.0/2/5/6
10.0,2,7,400,constant,-0.0002499999999996394,-0.011881552735713452,0.011381552735714173,uncertain,60,0.95,mixture/10.0/2/5/7
10.0,2,7,1000,constant,-0.0011999999999999789,-0.008345532682064616,0.005945532682064658,uncertain,60,0.95,mixture/10.0/2/5/7
10.0,2,8,400,constant,0.012750000000000261,0.00043079697920611615,0.025069203020794406,separated,60,0.95,mixture/10.0/2/5/8
10.0,2,8,1000,constant,0.012633333333333163,0.0054458528090480796,0.019820813857618247,separated,60,0.95,mixture/10.0/2/5/8
10.0,2,9,400,constant,0.007916666666666572,-0.0042946607647487145,0.02012799409808186,uncertain,60,0.95,mixture/10.0/2/5/9
10.0,2,9,1000,constant,0.009933333333333128,0.003472176331317689,0.016394490335348566,separated,60,0.95,mixture/10.0/2/5/9
10.0,2,10,400,constant,0.00533333333333319,-0.006484886815778634,0.017151553482445014,uncertain,60,0.95,mixture/10.0/2/5/10
10.0,2,10,1000,constant,0.002066666666667105,-0.0047914393893701,0.00892477272270431,uncertain,60,0.95,mixture/10.0/2/5/10
10.0,2,11,400,constant,0.005083333333333662,-0.007544027268765685,0.01771069393543301,uncertain,60,0.95,mixture/10.0/2/5/11
10.0,2,11,1000,constant,0.005833333333333801,-0.0008777969090382198,0.012544463575705822,uncertain,60,0.95,mixture/10.0/2/5/11
10.0,2,12,400,constant,0.006999999999999895,-0.005131772326420814,0.019131772326420604,uncertain,60,0.95,mixture/10.0/2/5/12
10.0,2,12,1000,constant,0.004000000000000115,-0.002833949060759844,0.010833949060760073,uncertain,60,0.95,mixture/10.0/2/5/12
10.0,2,13,400,constant,0.012083333333333224,0.00029364143163990164,0.023873025235026546,separated,60,0.95,mixture/10.0/2/5/13
10.0,2,13,1000,constant,0.009966666666666457,0.003811424201635938,0.016121909131696976,separated,60,0.95,mixture/10.0/2/5/13
10.0,2,14,400,constant,0.0016666666666665941,-0.00981744340091506,0.013150776734248248,uncertain,60,0.95,mixture/10.0/2/5/14
10.0,2,14,1000,constant,0.005899999999999683,-0.0007848636622898031,0.01258486366228917,uncertain,60,0.95,mixture/10.0/2/5/14
10.0,2,15,400,constant,0.0065833333333338295,-0.00621298305319451,0.01937964971986217,uncertain,60,0.95,mixture/10.0/2/5/15
10.0,2,15,1000,constant,0.005566666666666942,-0.0014017473675674852,0.012535080700901369,uncertain,60,0.95,mixture/10.0/2/5/15
10.0,2,16,400,constant,0.0076666666666668215,-0.003333898036413152,0.018667231369746795,uncertain,60,0.95,mixture/10.0/2/5/16
10.0,2,16,1000,constant,0.008866666666666911,0.0018322402377725089,0.015901093095561314,separated,60,0.95,mixture/10.0/2/5/16
10.0,2,17,400,constant,0.028583333333333072,0.015586994208384497,0.04157967245828165,separated,60,0.95,mixture/10.0/2/5/17
10.0,2,17,1000,constant,0.02676666666666705,0.01973307627385079,0.03380025705948331,separated,60,0.95,mixture/10.0/2/5/17
10.0,2,18,400,constant,0.010583333333333167,-0.0007039663649700545,0.02187063303163639,uncertain,60,0.95,mixture/10.0/2/5/18
10.0,2,18,1000,constant,0.010199999999999987,0.004223663002642097,0.016176336997357876,separated,60,0.95,mixture/10.0/2/5/18
10.0,2,19,400,constant,0.01683333333333359,0.005576369497436784,0.028090297169230394,separated,60,0.95,mixture/10.0/2/5/19
10.0,2,19,1000,constant,0.015033333333333343,0.008043142718293317,0.02202352394837337,separated,60,0.95,mixture/10.0/2/5/19
10.0,3,0,400,constant,-0.0008333333333335746,-0.013357084879032421,0.011690418212365272,uncertain,60,0.95,mixture/10.0/3/5/0
10.0,3,0,1000,constant,0.004366666666666519,-0.003333557697921319,0.012066891031254356,uncertain,60,0.95,mixture/10.0/3/5/0
10.0,3,1,400,constant,0.004333333333333411,-0.0079258857805109,0.016592552447177722,uncertain,60,0.95,mixture/10.0/3/5/1
10.0,3,1,1000,constant,0.0028333333333340205,-0.004200751296463356,0.009867417963131397,uncertain,60,0.95,mixture/10.0/3/5/1
10.0,3,2,400,constant,-0.003916666666666457,-0.017207592022122076,0.009374258688789161,uncertain,60,0.95,mixture/10.0/3/5/2
10.0,3,2,1000,constant,-0.0008999999999994568,-0.007400058067655757,0.0056000580676568434,uncertain,60,0.95,mixture/10.0/3/5/2
10.0,3,3,400,constant,0.0012500000000003064,-0.012473595778947577,0.01497359577894819,uncertain,60,0.95,mixture/10.0/3/5/3
10.0,3,3,1000,constant,0.004133333333333211,-0.003228072656748626,0.011494739323415049,uncertain,60,0.95,mixture/10.0/3/5/3
10.0,3,4,400,constant,0.0045000000000001705,-0.008824430107554626,0.017824430107554967,uncertain,60,0.95,mixture/10.0/3/5/4
10.0,3,4,1000,constant,0.006833333333333469,-0.00015620355562384614,0.013822870222290784,uncertain,60,0.95,mixture/10.0/3/5/4
10.0,3,5,400,constant,0.011833333333333362,-0.0011614144945046867,0.02482808116117141,uncertain,60,0.95,mixture/10.0/3/5/5
10.0,3,5,1000,constant,0.009300000000000086,0.0013507919963471338,0.017249208003653038,separated,60,0.95,mixture/10.0/3/5/5
10.0,3,6,400,constant,0.012250000000000205,-0.0021597702252662554,0.026659770225266666,uncertain,60,0.95,mixture/10.0/3/5/6
10.0,3,6,1000,constant,0.014733333333333709,0.006836790318802688,0.02262987634786473,separated,60,0.95,mixture/10.0/3/5/6
10.0,3,7,400,constant,0.0045000000000000595,-0.010422296636124928,0.019422296636125047,uncertain,60,0.95,mixture/10.0/3/5/7
10.0,3,7,1000,constant,0.0047999999999999154,-0.0027478523005537436,0.012347852300553575,uncertain,60,0.95,mixture/10.0/3/5/7
10.0,3,8,400,constant,-0.018333333333333535,-0.03359227337045978,-0.0030743932962072895,nonseparated,60,0.95,mixture/10.0/3/5/8
10.0,3,8,1000,constant,-0.012999999999999456,-0.021320906067933798,-0.004679093932065115,nonseparated,60,0.95,mixture/10.0/3/5/8
10.0,3,9,400,constant,-0.005583333333333718,-0.017767463464789524,0.006600796798122088,uncertain,60,0.95,mixture/10.0/3/5/9
10.0,3,9,1000,constant,-0.0021333333333336535,-0.008470106041222225,0.004203439374554918,uncertain,60,0.95,mixture/10.0/3/5/9
10.0,3,10,400,constant,0.00699999999999934,-0.005843018417739265,0.019843018417737945,uncertain,60,0.95,mixture/10.0/3/5/10
10.0,3,10,1000,constant,0.006700000000000039,-0.0009337524833598065,0.014333752483359885,uncertain,60,0.95,mixture/10.0/3/5/10
10.0,3,11,400,constant,-0.0005833333333331581,-0.013633680973549445,0.012467014306883129,uncertain,60,0.95,mixture/10.0/3/5/11
10.0,3,11,1000,constant,0.0011333333333336526,-0.006848431938996313,0.009115098605663619,uncertain,60,0.95,mixture/10.0/3/5/11
10.0,3,12,400,constant,0.012666666666666604,-0.0019362232823239012,0.02726955661565711,uncertain,60,0.95,mixture/10.0/3/5/12
10.0,3,12,1000,constant,0.011399999999999855,0.0035142720282934636,0.01923739925905754,separated,60,0.95,mixture/10.0/3/5/12
10.0,3,13,400,constant,-0.0060833333333333295,-0.02057835638401051,0.008411689717343851,uncertain,60,0.95,mixture/10.0/3/5/13
10.0,3,13,1000,constant,-0.0013666666666666272,-0.009491296206875943,0.006757962873542689,uncertain,60,0.95,mixture/10.0/3/5/13
10.0,3,14,400,constant,-0.008500000000000507,-0.02169469341297514,0.004694693412974127,uncertain,60,0.95,mixture/10.0/3/5/14
10.0,3,14,1000,constant,-0.008866666666666134,-0.01661867631446068,-0.0011146570188715899,nonseparated,60,0.95,mixture/10.0/3/5/14
10.0,3,15,400,constant,0.013416666666666965,0.00043074906021867143,0.02640258427311526,separated,60,0.95,mixture/10.0/3/5/15
10.0,3,15,1000,constant,0.01183333333333314,0.0035358203646905784,0.020130846301975702,separated,60,0.95,mixture/10.0/3/5/15
10.0,3,16,400,constant,0.011000000000000343,-0.002995737794601272,0.024995737794601958,uncertain,60,0.95,mixture/10.0/3/5/16
10.0,3,16,1000,constant,0.00973333333333326,0.0014897921638693523,0.01797687450279717,separated,60,0.95,mixture/10.0/3/5/16
10.0,3,17,400,constant,0.0028333333333330213,-0.010306052466483528,0.01597271913314957,uncertain,60,0.95,mixture/10.0/3/5/17
10.0,3,17,1000,constant,0.0028000000000003578,-0.005011593148779303,0.010611593148780019,uncertain,60,0.95,mixture/10.0/3/5/17
10.0,3,18,400,constant,-0.00941666666666674,-0.0225075832207291,0.0036742498873956198,uncertain,60,0.95,mixture/10.0/3/5/18
10.0,3,18,1000,constant,-0.007733333333333703,-0.015002119443518591,-0.0004645472231488146,nonseparated,60,0.95,mixture/10.0/3/5/18
10.0,3,19,400,constant,0.009666666666666823,-0.003062418522285948,0.022395751855619594,uncertain,60,0.95,mixture/10.0/3/5/19
10.0,3,19,1000,constant,0.010766666666666369,0.002814986897309635,0.01859055659653097,separated,60,0.95,mixture/10.0/3/5/19
10.0,4,0,400,constant,0.003250000000000086,-0.010408839926667635,0.016908839926667807,uncertain,60,0.95,mixture/10.0/4/5/0
10.0,4,0,1000,constant,0.0004999999999999449,-0.00719378742380139,0.00819378742380128,uncertain,60,0.95,mixture/10.0/4/5/0
10.0,4,1,400,constant,-0.007416666666666516,-0.02135571624124688,0.0065223829079138484,uncertain,60,0.95,mixture/10.0/4/5/1
10.0,4,1,1000,constant,-0.006900000000000239,-0.01431829192504852,0.0004906429749705898,uncertain,60,0.95,mixture/10.0/4/5/1
10.0,4,2,400,constant,-0.003249999999999753,-0.016633235404475588,0.010133235404476082,uncertain,60,0.95,mixture/10.0/4/5/2
10.0,4,2,1000,constant,-0.0033999999999996255,-0.01153605915490119,0.004736059154901939,uncertain,60,0.95,mixture/10.0/4/5/2
10.0,4,3,400,constant,-0.00033333333333340764,-0.01320153012782721,0.012534863461160395,uncertain,60,0.95,mixture/10.0/4/5/3
10.0,4,3,1000,constant,0.002766666666666362,-0.0058054477132462035,0.011338781046578927,uncertain,60,0.95,mixture/10.0/4/5/3
10.0,4,4,400,constant,-0.0014999999999999458,-0.01450426785506842,0.011504267855068528,uncertain,60,0.95,mixture/10.0/4/5/4
10.0,4,4,1000,constant,-0.002766666666666917,-0.01018929433378768,0.004655961000453845,uncertain,60,0.95,mixture/10.0/4/5/4
10.0,4,5,400,constant,-0.009999999999999787,-0.023628295517890918,0.0036282955178913445,uncertain,60,0.95,mixture/10.0/4/5/5
10.0,4,5,1000,constant,-0.009333333333333194,-0.01756527668889074,-0.0011013899777756464,nonseparated,60,0.95,mixture/10.0/4/5/5
10.0,4,6,400,constant,-0.011166666666666436,-0.025443658784887524,0.003110325451554652,uncertain,60,0.95,mixture/10.0/4/5/6
10.0,4,6,1000,constant,-0.010633333333333161,-0.018608510836481296,-0.002658155830185027,nonseparated,60,0.95,mixture/10.0/4/5/6
10.0,4,7,400,constant,-0.010250000000000092,-0.023761101467849377,0.0030027038032997,uncertain,60,0.95,mixture/10.0/4/5/7
10.0,4,7,1000,constant,-0.009833333333332916,-0.016830420503444632,-0.002836246163221201,nonseparated,60,0.95,mixture/10.0/4/5/7
10.0,4,8,400,constant,0.004833333333333578,-0.009903570189686017,0.019570236856353174,uncertain,60,0.95,mixture/10.0/4/5/8
10.0,4,8,1000,constant,0.006800000000000028,-0.0008653746621801739,0.01446537466218023,uncertain,60,0.95,mixture/10.0/4/5/8
10.0,4,9,400,constant,-0.003666666666667151,-0.018005668540723496,0.010672335207389194,uncertain,60,0.95,mixture/10.0/4/5/9
10.0,4,9,1000,constant,-0.0073666666666667435,-0.015194108540415585,0.00046077520708209807,uncertain,60,0.95,mixture/10.0/4/5/9
10.0,4,10,400,constant,-0.02966666666666673,-0.04281525099856409,-0.01651808233476937,nonseparated,60,0.95,mixture/10.0/4/5/10
10.0,4,10,1000,constant,-0.020366666666666533,-0.027292412256668563,-0.013440921076664503,nonseparated,60,0.95,mixture/10.0/4/5/10
10.0,4,11,400,constant,-0.0029166666666667895,-0.016417875165196327,0.010584541831862748,uncertain,60,0.95,mixture/10.0/4/5/11
10.0,4,11,1000,constant,-0.0051000000000001044,-0.012925164344407936,0.0027251643444077267,uncertain,60,0.95,mixture/10.0/4/5/11
10.0,4,12,400,constant,3.3306690738754696e-16,-0.01533225306474284,0.015332253064743506,uncertain,60,0.95,mixture/10.0/4/5/12
10.0,4,12,1000,constant,0.0011666666666670933,-0.00773908109150645,0.009554558884034448,uncertain,60,0.95,mixture/10.0/4/5/12
10.0,4,13,400,constant,-0.0055833333333330515,-0.02170804949306171,0.010541382826395607,uncertain,60,0.95,mixture/10.0/4/5/13
10.0,4,13,1000,constant,-0.00656666666666661,-0.01568813060424845,0.0025547972709152322,uncertain,60,0.95,mixture/10.0/4/5/13
10.0,4,14,400,constant,0.00525000000000031,-0.008556792513501832,0.019056792513502452,uncertain,60,0.95,mixture/10.0/4/5/14
10.0,4,14,1000,constant,0.008466666666666733,0.0007109693032438802,0.015451839934647826,separated,60,0.95,mixture/10.0/4/5/14
10.0,4,15,400,constant,-0.0027500000000002522,-0.016123164815877056,0.009874678450828567,uncertain,60,0.95,mixture/10.0/4/5/15
10.0,4,15,1000,constant,-0.003166666666666651,-0.010864318110161086,0.0045309847768277844,uncertain,60,0.95,mixture/10.0/4/5/15
10.0,4,16,400,constant,-0.030999999999999917,-0.04442778610502596,-0.017572213894973876,nonseparated,60,0.95,mixture/10.0/4/5/16
10.0,4,16,1000,constant,-0.030033333333333134,-0.03803692544258119,-0.022029741224085075,nonseparated,60,0.95,mixture/10.0/4/5/16
10.0,4,17,400,constant,-0.01616666666666633,-0.031030672847753182,-0.0013026604855794766,nonseparated,60,0.95,mixture/10.0/4/5/17
10.0,4,17,1000,constant,-0.015166666666666995,-0.023465945256414877,-0.006867388076919112,nonseparated,60,0.95,mixture/10.0/4/5/17
10.0,4,18,400,constant,-0.030916666666666703,-0.04515977927356052,-0.016673554059772888,nonseparated,60,0.95,mixture/10.0/4/5/18
10.0,4,18,1000,constant,-0.028766666666666718,-0.03653234070566802,-0.021000992627665416,nonseparated,60,0.95,mixture/10.0/4/5/18
10.0,4,19,400,constant,0.0012500000000004174,-0.01293654607588357,0.015111850083188272,uncertain,60,0.95,mixture/10.0/4/5/19
10.0,4,19,1000,constant,-0.000400000000000178,-0.008561789035491207,0.007761789035490851,uncertain,60,0.95,mixture/10.0/4/5/19
10.0,5,0,400,constant,-0.006750000000000034,-0.022574490725659646,0.008718889746350711,uncertain,60,0.95,mixture/10.0/5/5/0
10.0,5,0,1000,constant,-0.0048000000000000265,-0.012532487003645065,0.0029324870036450124,uncertain,60,0.95,mixture/10.0/5/5/0
10.0,5,1,400,constant,-0.025583333333333735,-0.04099322870941913,-0.010173437957248344,nonseparated,60,0.95,mixture/10.0/5/5/1
10.0,5,1,1000,constant,-0.02503333333333313,-0.03304515881542203,-0.017021507851244233,nonseparated,60,0.95,mixture/10.0/5/5/1
10.0,5,2,400,constant,-0.002583333333333937,-0.018425067592178546,0.013258400925510672,uncertain,60,0.95,mixture/10.0/5/5/2
10.0,5,2,1000,constant,-0.0012666666666665272,-0.01030582269655056,0.007772489363217505,uncertain,60,0.95,mixture/10.0/5/5/2
10.0,5,3,400,constant,-0.008583333333333165,-0.02281862408822144,0.005651957421555109,uncertain,60,0.95,mixture/10.0/5/5/3
10.0,5,3,1000,constant,-0.00616666666666732,-0.013580133659127136,0.0012468003257924964,uncertain,60,0.95,mixture/10.0/5/5/3
10.0,5,4,400,constant,-0.010999999999999788,-0.02636818521979767,0.003763880389298757,uncertain,60,0.95,mixture/10.0/5/5/4
10.0,5,4,1000,constant,-0.009533333333333172,-0.018077497017973898,-0.000989169648692445,nonseparated,60,0.95,mixture/10.0/5/5/4
10.0,5,5,400,constant,-0.0010833333333338802,-0.015636652372893356,0.013469985706225596,uncertain,60,0.95,mixture/10.0/5/5/5
10.0,5,5,1000,constant,0.0038999999999999035,-0.0038652337588691577,0.011435365367432282,uncertain,60,0.95,mixture/10.0/5/5/5
10.0,5,6,400,constant,-0.011666666666666492,-0.027275653397413557,0.003942320064080573,uncertain,60,0.95,mixture/10.0/5/5/6
10.0,5,6,1000,constant,-0.01123333333333365,-0.020134971123162315,-0.0023316955435049858,nonseparated,60,0.95,mixture/10.0/5/5/6
10.0,5,7,400,constant,-0.006666666666666821,-0.02129593562570653,0.007962602292372889,uncertain,60,0.95,mixture/10.0/5/5/7
10.0,5,7,1000,constant,-0.0030333333333333323,-0.010336569784978988,0.004269903118312324,uncertain,60,0.95,mixture/10.0/5/5/7
10.0,5,8,400,constant,0.005666666666666598,-0.00924965758602625,0.020582990919359445,uncertain,60,0.95,mixture/10.0/5/5/8
10.0,5,8,1000,constant,0.005999999999999894,-0.0033666810105170697,0.015366681010516858,uncertain,60,0.95,mixture/10.0/5/5/8
10.0,5,9,400,constant,1.1102230246251565e-16,-0.015896266083420763,0.015607792657192254,uncertain,60,0.95,mixture/10.0/5/5/9
10.0,5,9,1000,constant,0.0008000000000001339,-0.007684783943972984,0.009284783943973252,uncertain,60,0.95,mixture/10.0/5/5/9
10.0,5,10,400,constant,-0.017750000000000044,-0.03393572286668811,-0.0015642771333119754,nonseparated,60,0.95,mixture/10.0/5/5/10
10.0,5,10,1000,constant,-0.015066666666667006,-0.023092510502324082,-0.00704082283100993,nonseparated,60,0.95,mixture/10.0/5/5/10
10.0,5,11,400,constant,-0.010083333333333222,-0.024646137666950674,0.00447947100028423,uncertain,60,0.95,mixture/10.0/5/5/11
10.0,5,11,1000,constant,-0.008466666666666733,-0.016150053684437338,-0.0007832796488961291,nonseparated,60,0.95,mixture/10.0/5/5/11
10.0,5,12,400,constant,-0.018083333333333562,-0.03288209344245874,-0.0034384194680106006,nonseparated,60,0.95,mixture/10.0/5/5/12
10.0,5,12,1000,constant,-0.016833333333333478,-0.024993185061019774,-0.009098819786241497,nonseparated,60,0.95,mixture/10.0/5/5/12
10.0,5,13,400,constant,-0.006916666666667126,-0.021919556485795133,0.007437098693617528,uncertain,60,0.95,mixture/10.0/5/5/13
10.0,5,13,1000,constant,-0.005366666666666631,-0.013713802320208357,0.0029804689868750955,uncertain,60,0.95,mixture/10.0/5/5/13
10.0,5,14,400,constant,-0.01725000000000032,-0.03405726410219123,-0.0004427358978094098,nonseparated,60,0.95,mixture/10.0/5/5/14
10.0,5,14,1000,constant,-0.010999999999999677,-0.019445452010008357,-0.002554547989990996,nonseparated,60,0.95,mixture/10.0/5/5/14
10.0,5,15,400,constant,-0.012499999999999956,-0.028487422186393108,0.0034874221863931965,uncertain,60,0.95,mixture/10.0/5/5/15
10.0,5,15,1000,constant,-0.008033333333333559,-0.016373053971951324,0.0003063873052842059,uncertain,60,0.95,mixture/10.0/5/5/15
10.0,5,16,400,constant,-0.010083333333333666,-0.025041728391121176,0.004875061724453844,uncertain,60,0.95,mixture/10.0/5/5/16
10.0,5,16,1000,constant,-0.0074666666666665105,-0.015559549281815133,0.0005970374256508704,uncertain,60,0.95,mixture/10.0/5/5/16
10.0,5,17,400,constant,-0.009083333333333665,-0.022752791203017986,0.004586124536350655,uncertain,60,0.95,mixture/10.0/5/5/17
10.0,5,17,1000,constant,-0.007033333333333558,-0.015494022006618868,0.0014273553399517525,uncertain,60,0.95,mixture/10.0/5/5/17
10.0,5,18,400,constant,-0.025000000000000355,-0.03868122606045166,-0.011318773939549054,nonseparated,60,0.95,mixture/10.0/5/5/18
10.0,5,18,1000,constant,-0.023066666666666458,-0.0318182545028729,-0.014315078830460015,nonseparated,60,0.95,mixture/10.0/5/5/18
10.0,5,19,400,constant,-0.014583333333333282,-0.029033221788712593,-0.00013344487795396986,nonseparated,60,0.95,mixture/10.0/5/5/19
10.0,5,19,1000,constant,-0.01089999999999991,-0.02049652411979852,-0.0013034758802012991,nonseparated,60,0.95,mixture/10.0/5/5/19
10.0,6,0,400,constant,-0.02091666666666725,-0.0364228982405016,-0.005410435092832899,nonseparated,60,0.95,mixture/10.0/6/5/0
10.0,6,0,1000,constant,-0.018100000000000227,-0.02729664836146173,-0.008903351638538726,nonseparated,60,0.95,mixture/10.0/6/5/0
10.0,6,1,400,constant,-0.025916666666666477,-0.040703556889403525,-0.011129776443929429,nonseparated,60,0.95,mixture/10.0/6/5/1
10.0,6,1,1000,constant,-0.02763333333333351,-0.035793738043807255,-0.019472928622859764,nonseparated,60,0.95,mixture/10.0/6/5/1
10.0,6,2,400,constant,-0.027249999999999774,-0.04464933737079557,-0.009850662629203977,nonseparated,60,0.95,mixture/10.0/6/5/2
10.0,6,2,1000,constant,-0.02986666666666682,-0.038673529312820865,-0.021059804020512773,nonseparated,60,0.95,mixture/10.0/6/5/2
10.0,6,3,400,constant,-0.02825000000000011,-0.04246427146484755,-0.01403572853515267,nonseparated,60,0.95,mixture/10.0/6/5/3
10.0,6,3,1000,constant,-0.021033333333333015,-0.028698666693622088,-0.013367999973043942,nonseparated,60,0.95,mixture/10.0/6/5/3
10.0,6,4,400,constant,-0.023250000000000326,-0.03916743583865445,-0.0073325641613462,nonseparated,60,0.95,mixture/10.0/6/5/4
10.0,6,4,1000,constant,-0.016733333333332934,-0.02521606080251093,-0.008250605864154936,nonseparated,60,0.95,mixture/10.0/6/5/4
10.0,6,5,400,constant,-0.015000000000000568,-0.030908997516861603,0.0009089975168604658,uncertain,60,0.95,mixture/10.0/6/5/5
10.0,6,5,1000,constant,-0.016966666666666685,-0.025195723773135503,-0.008737609560197868,nonseparated,60,0.95,mixture/10.0/6/5/5
10.0,6,6,400,constant,-0.01591666666666669,-0.029957593527372373,-0.0018757398059610075,nonseparated,60,0.95,mixture/10.0/6/5/6
10.0,6,6,1000,constant,-0.016566666666667174,-0.024280713149815836,-0.008852620183518511,nonseparated,60,0.95,mixture/10.0/6/5/6
10.0,6,7,400,constant,-0.018916666666666693,-0.033152489438043276,-0.00468084389529011,nonseparated,60,0.95,mixture/10.0/6/5/7
10.0,6,7,1000,constant,-0.018066666666666786,-0.026737897537727928,-0.009395435795605644,nonseparated,60,0.95,mixture/10.0/6/5/7
10.0,6,8,400,constant,-0.03283333333333338,-0.048502838674643334,-0.017163827992023428,nonseparated,60,0.95,mixture/10.0/6/5/8
10.0,6,8,1000,constant,-0.030899999999999817,-0.039444685881773967,-0.022355314118225666,nonseparated,60,0.95,mixture/10.0/6/5/8
10.0,6,9,400,constant,-0.009916666666666907,-0.025544247012559973,0.0057109136792261594,uncertain,60,0.95,mixture/10.0/6/5/9
10.0,6,9,1000,constant,-0.0042999999999996374,-0.01407409574782359,0.00538226649595952,uncertain,60,0.95,mixture/10.0/6/5/9
10.0,6,10,400,constant,-0.02100000000000024,-0.03495592745504006,-0.0070440725449604225,nonseparated,60,0.95,mixture/10.0/6/5/10
10.0,6,10,1000,constant,-0.018866666666666698,-0.027763497891381994,-0.009969835441951402,nonseparated,60,0.95,mixture/10.0/6/5/10
10.0,6,11,400,constant,0.0008333333333335746,-0.013716768888349717,0.015383435555016867,uncertain,60,0.95,mixture/10.0/6/5/11
10.0,6,11,1000,constant,0.002666666666666817,-0.0053588668655392135,0.010692200198872848,uncertain,60,0.95,mixture/10.0/6/5/11
10.0,6,12,400,constant,-0.005083333333333995,-0.019101524432034167,0.008934857765366178,uncertain,60,0.95,mixture/10.0/6/5/12
10.0,6,12,1000,constant,-0.004466666666666619,-0.01197821866634452,0.0030448853330112824,uncertain,60,0.95,mixture/10.0/6/5/12
10.0,6,13,400,constant,-0.016499999999999626,-0.03102653110000797,-0.001973468899991282,nonseparated,60,0.95,mixture/10.0/6/5/13
10.0,6,13,1000,constant,-0.017600000000000615,-0.026448233665534948,-0.008751766334466282,nonseparated,60,0.95,mixture/10.0/6/5/13
10.0,6,14,400,constant,-0.01591666666666669,-0.03239558596962533,0.0005622526362919489,uncertain,60,0.95,mixture/10.0/6/5/14
10.0,6,14,1000,constant,-0.005999999999999672,-0.014478683379369084,0.0024786833793697394,uncertain,60,0.95,mixture/10.0/6/5/14
10.0,6,15,400,constant,-0.004833333333333689,-0.020648852589025712,0.010982185922358334,uncertain,60,0.95,mixture/10.0/6/5/15
10.0,6,15,1000,constant,-0.0041999999999999815,-0.012834756169074368,0.004434756169074405,uncertain,60,0.95,mixture/10.0/6/5/15
10.0,6,16,400,constant,-0.011333333333333528,-0.026090495395930002,0.0034238287292629455,uncertain,60,0.95,mixture/10.0/6/5/16
10.0,6,16,1000,constant,-0.00866666666666649,-0.01648384473183795,-0.0008494886014950298,nonseparated,60,0.95,mixture/10.0/6/5/16
10.0,6,17,400,constant,-0.015000000000000457,-0.030021614212558667,2.161421255775231e-05,uncertain,60,0.95,mixture/10.0/6/5/17
10.0,6,17,1000,constant,-0.01660000000000006,-0.025453221729813902,-0.0077467782701862165,nonseparated,60,0.95,mixture/10.0/6/5/17
10.0,6,18,400,constant,0.0033333333333334103,-0.010931287200849682,0.017597953867516503,uncertain,60,0.95,mixture/10.0/6/5/18
10.0,6,18,1000,constant,0.004333333333333522,-0.0041377965547919615,0.012063803308971721,uncertain,60,0.95,mixture/10.0/6/5/18
10.0,6,19,400,constant,-0.01666666666666705,-0.030847418565310925,-0.0024859147680231786,nonseparated,60,0.95,mixture/10.0/6/5/19
10.0,6,19,1000,constant,-0.013166666666666771,-0.020598277371575824,-0.005735055961757718,nonseparated,60,0.95,mixture/10.0/6/5/19
10.0,7,0,400,constant,-0.006250000000000311,-0.022853658846649694,0.010353658846649072,uncertain,60,0.95,mixture/10.0/7/5/0
10.0,7,0,1000,constant,-0.007433333333333625,-0.015530483133146755,0.0006638164664795054,uncertain,60,0.95,mixture/10.0/7/5/0
10.0,7,1,400,constant,-0.021416666666666417,-0.039222217621988964,-0.004298705003523695,nonseparated,60,0.95,mixture/10.0/7/5/1
10.0,7,1,1000,constant,-0.0203666666666662,-0.028820944781179914,-0.011912388552152486,nonseparated,60,0.95,mixture/10.0/7/5/1
10.0,7,2,400,constant,-0.018583333333333396,-0.03491223712150493,-0.0022544295451618623,nonseparated,60,0.95,mixture/10.0/7/5/2
10.0,7,2,1000,constant,-0.016699999999999715,-0.026574594919797634,-0.006825405080201796,nonseparated,60,0.95,mixture/10.0/7/5/2
10.0,7,3,400,constant,-0.009916666666666685,-0.024713253360717502,0.0046810559471766044,uncertain,60,0.95,mixture/10.0/7/5/3
10.0,7,3,1000,constant,-0.01189999999999991,-0.020461400852469502,-0.003338599147530319,nonseparated,60,0.95,mixture/10.0/7/5/3
10.0,7,4,400,constant,-0.018583333333333396,-0.034686668930985376,-0.0024799977356814162,nonseparated,60,0.95,mixture/10.0/7/5/4
10.0,7,4,1000,constant,-0.017966666666666797,-0.02740586758631547,-0.008527465747018126,nonseparated,60,0.95,mixture/10.0/7/5/4
10.0,7,5,400,constant,-0.01558333333333306,-0.03345088898329507,8.937920527807286e-05,uncertain,60,0.95,mixture/10.0/7/5/5
10.0,7,5,1000,constant,-0.011500000000000066,-0.023027621684802324,-0.000403754638188758,nonseparated,60,0.95,mixture/10.0/7/5/5
10.0,7,6,400,constant,-0.011416666666666409,-0.02686566550288738,0.004032332169554564,uncertain,60,0.95,mixture/10.0/7/5/6
10.0,7,6,1000,constant,-0.012466666666666182,-0.02027676158290026,-0.004656571750432104,nonseparated,60,0.95,mixture/10.0/7/5/6
10.0,7,7,400,constant,-0.00158333333333327,-0.01737165784759398,0.014100035899964225,uncertain,60,0.95,mixture/10.0/7/5/7
10.0,7,7,1000,constant,0.0009000000000001229,-0.007460335341043733,0.00926033534104398,uncertain,60,0.95,mixture/10.0/7/5/7
10.0,7,8,400,constant,-0.0015000000000002789,-0.016713170310446723,0.013443266729592618,uncertain,60,0.95,mixture/10.0/7/5/8
10.0,7,8,1000,constant,-0.0009666666666666712,-0.009979788252489241,0.008046454919155899,uncertain,60,0.95,mixture/10.0/7/5/8
10.0,7,9,400,constant,-0.005249999999999977,-0.020061561405164907,0.009561561405164953,uncertain,60,0.95,mixture/10.0/7/5/9
10.0,7,9,1000,constant,-0.005333333333333079,-0.015651117608851517,0.004984450942185359,uncertain,60,0.95,mixture/10.0/7/5/9
10.0,7,10,400,constant,-0.020083333333333453,-0.037073106174996706,-0.0030935604916701998,nonseparated,60,0.95,mixture/10.0/7/5/10
10.0,7,10,1000,constant,-0.019333333333333647,-0.02884281553144863,-0.009823851135218664,nonseparated,60,0.95,mixture/10.0/7/5/10
10.0,7,11,400,constant,-0.005916666666666681,-0.021701690386176087,0.00886119608315239,uncertain,60,0.95,mixture/10.0/7/5/11
10.0,7,11,1000,constant,-0.004466666666666397,-0.013168847775036796,0.003822963882475161,uncertain,60,0.95,mixture/10.0/7/5/11
10.0,7,12,400,constant,-0.01774999999999982,-0.0341366808671989,-0.0016658067935295673,nonseparated,60,0.95,mixture/10.0/7/5/12
10.0,7,12,1000,constant,-0.014933333333333576,-0.024036591930295947,-0.006355880049771834,nonseparated,60,0.95,mixture/10.0/7/5/12
10.0,7,13,400,constant,-0.003749999999999809,-0.01926850235469668,0.011751945047312473,uncertain,60,0.95,mixture/10.0/7/5/13
10.0,7,13,1000,constant,-0.001500000000000501,-0.010159593813130585,0.006362518074371382,uncertain,60,0.95,mixture/10.0/7/5/13
10.0,7,14,400,constant,-0.021333333333333315,-0.03778231313071656,-0.00488435353595007,nonseparated,60,0.95,mixture/10.0/7/5/14
10.0,7,14,1000,constant,-0.015366666666666529,-0.024665440633514946,-0.0060678926998181115,nonseparated,60,0.95,mixture/10.0/7/5/14
10.0,7,15,400,constant,-0.04441666666666677,-0.06034312712111389,-0.02849020621221965,nonseparated,60,0.95,mixture/10.0/7/5/15
10.0,7,15,1000,constant,-0.043200000000000016,-0.0531688448688622,-0.033231155131137835,nonseparated,60,0.95,mixture/10.0/7/5/15
10.0,7,16,400,constant,-0.0034166666666668455,-0.01682616687675975,0.00999283354342606,uncertain,60,0.95,mixture/10.0/7/5/16
10.0,7,16,1000,constant,-0.007133333333333436,-0.01594998991382568,0.0016833232471588078,uncertain,60,0.95,mixture/10.0/7/5/16
10.0,7,17,400,constant,-0.007416666666667182,-0.02587739036004999,0.011044057026715626,uncertain,60,0.95,mixture/10.0/7/5/17
10.0,7,17,1000,constant,-0.0075666666666668325,-0.015451284028991985,0.00031795069565832,uncertain,60,0.95,mixture/10.0/7/5/17
10.0,7,18,400,constant,-0.006249999999999756,-0.02158377912705467,0.009083779127055158,uncertain,60,0.95,mixture/10.0/7/5/18
10.0,7,18,1000,constant,-0.0057000000000003714,-0.014463036803933238,0.003063036803932495,uncertain,60,0.95,mixture/10.0/7/5/18
10.0,7,19,400,constant,-0.011416666666666297,-0.027756967705712343,0.004923634372379748,uncertain,60,0.95,mixture/10.0/7/5/19
10.0,7,19,1000,constant,-0.011499999999999844,-0.021038909752067236,-0.001961090247932451,nonseparated,60,0.95,mixture/10.0/7/5/19
10.0,8,0,400,constant,-0.027583333333333293,-0.04223819744414625,-0.012928469222520333,nonseparated,60,0.95,mixture/10.0/8/5/0
10.0,8,0,1000,constant,-0.025466666666666637,-0.03346052288442536,-0.017472810448907916,nonseparated,60,0.95,mixture/10.0/8/5/0
10.0,8,1,400,constant,-0.024833333333333263,-0.0411154541422184,-0.00859994044072987,nonseparated,60,0.95,mixture/10.0/8/5/1
10.0,8,1,1000,constant,-0.02416666666666689,-0.03220096501805092,-0.016132368315282863,nonseparated,60,0.95,mixture/10.0/8/5/1
10.0,8,2,400,constant,-0.00833333333333397,-0.024523482479715475,0.007856815813047535,uncertain,60,0.95,mixture/10.0/8/5/2
10.0,8,2,1000,constant,-0.0123000000000002,-0.022045476454619073,-0.002825738355389462,nonseparated,60,0.95,mixture/10.0/8/5/2
10.0,8,3,400,constant,-0.0365833333333333,-0.05280946644140516,-0.02035720022526144,nonseparated,60,0.95,mixture/10.0/8/5/3
10.0,8,3,1000,constant,-0.03430000000000044,-0.043577439427284204,-0.02502256057271668,nonseparated,60,0.95,mixture/10.0/8/5/3
10.0,8,4,400,constant,-0.019583333333333397,-0.03626908496415271,-0.002897581702514085,nonseparated,60,0.95,mixture/10.0/8/5/4
10.0,8,4,1000,constant,-0.013233333333333763,-0.02337511800083092,-0.0035163838819353144,nonseparated,60,0.95,mixture/10.0/8/5/4
10.0,8,5,400,constant,-0.016000000000000347,-0.03313251985263088,0.0011325198526301872,uncertain,60,0.95,mixture/10.0/8/5/5
10.0,8,5,1000,constant,-0.020733333333332937,-0.02974272878716766,-0.011723937879498214,nonseparated,60,0.95,mixture/10.0/8/5/5
10.0,8,6,400,constant,-0.006666666666666599,-0.021848130650426345,0.008514797317093148,uncertain,60,0.95,mixture/10.0/8/5/6
10.0,8,6,1000,constant,-0.005766666666666254,-0.014263850664039901,0.0027305173307073938,uncertain,60,0.95,mixture/10.0/8/5/6
10.0,8,7,400,constant,-0.01658333333333384,-0.03338853954954446,0.00022187288287678353,uncertain,60,0.95,mixture/10.0/8/5/7
10.0,8,7,1000,constant,-0.012266666666666426,-0.022206109559954723,-0.0023272237733781287,nonseparated,60,0.95,mixture/10.0/8/5/7
10.0,8,8,400,constant,-0.012166666666666437,-0.030895161081632483,0.006561827748299609,uncertain,60,0.95,mixture/10.0/8/5/8
10.0,8,8,1000,constant,-0.008233333333333315,-0.017761183036076544,0.0010725452812200276,uncertain,60,0.95,mixture/10.0/8/5/8
10.0,8,9,400,constant,-0.025916666666666144,-0.043921862903761655,-0.007911470429570633,nonseparated,60,0.95,mixture/10.0/8/5/9
10.0,8,9,1000,constant,-0.01993333333333358,-0.029430040666040602,-0.010436626000626559,nonseparated,60,0.95,mixture/10.0/8/5/9
10.0,8,10,400,constant,-0.011500000000000066,-0.02613999158495306,0.003139991584952928,uncertain,60,0.95,mixture/10.0/8/5/10
10.0,8,10,1000,constant,-0.009266666666666423,-0.018254574279780167,-0.0002787590535526796,nonseparated,60,0.95,mixture/10.0/8/5/10
10.0,8,11,400,constant,-0.027583333333333515,-0.04222514633924712,-0.012941520327419909,nonseparated,60,0.95,mixture/10.0/8/5/11
10.0,8,11,1000,constant,-0.02526666666666666,-0.033421171205391675,-0.017112162127941644,nonseparated,60,0.95,mixture/10.0/8/5/11
10.0,8,12,400,constant,-0.015999999999999903,-0.033251689506732074,-0.00037335492435153217,nonseparated,60,0.95,mixture/10.0/8/5/12
10.0,8,12,1000,constant,-0.014266666666666983,-0.024001523760577403,-0.005136292562888611,nonseparated,60,0.95,mixture/10.0/8/5/12
10.0,8,13,400,constant,-0.017083333333333117,-0.03387439469004039,-0.00029227197662584636,nonseparated,60,0.95,mixture/10.0/8/5/13
10.0,8,13,1000,constant,-0.010266666666666424,-0.01974483173487318,-0.0007885015984596677,nonseparated,60,0.95,mixture/10.0/8/5/13
10.0,8,14,400,constant,-0.009750000000000036,-0.025487191197765435,0.0059871911977653625,uncertain,60,0.95,mixture/10.0/8/5/14
10.0,8,14,1000,constant,-0.01046666666666618,-0.01923389607255832,-0.0016994372607740393,nonseparated,60,0.95,mixture/10.0/8/5/14
10.0,8,15,400,constant,-0.023416666666666752,-0.040069228906531196,-0.006764104426802309,nonseparated,60,0.95,mixture/10.0/8/5/15
10.0,8,15,1000,constant,-0.022166666666666668,-0.03183505418898214,-0.012498279144351199,nonseparated,60,0.95,mixture/10.0/8/5/15
10.0,8,16,400,constant,-0.005249999999999644,-0.021900004874155,0.011400004874155711,uncertain,60,0.95,mixture/10.0/8/5/16
10.0,8,16,1000,constant,-0.005833333333333357,-0.015684503996665322,0.004017837329998608,uncertain,60,0.95,mixture/10.0/8/5/16
10.0,8,17,400,constant,-0.02308333333333379,-0.03948593233029174,-0.006680734336375838,nonseparated,60,0.95,mixture/10.0/8/5/17
10.0,8,17,1000,constant,-0.020666666666666944,-0.030086531719709875,-0.012081776894220075,nonseparated,60,0.95,mixture/10.0/8/5/17
10.0,8,18,400,constant,-0.014666666666666717,-0.031919002175159306,0.002134763465602485,uncertain,60,0.95,mixture/10.0/8/5/18
10.0,8,18,1000,constant,-0.014433333333333298,-0.023423767426662523,-0.005442899240004073,nonseparated,60,0.95,mixture/10.0/8/5/18
10.0,8,19,400,constant,-0.023916666666667252,-0.04108231484876079,-0.006751018484573712,nonseparated,60,0.95,mixture/10.0/8/5/19
10.0,8,19,1000,constant,-0.02190000000000014,-0.03064266601679544,-0.013157333983204844,nonseparated,60,0.95,mixture/10.0/8/5/19
10.0,9,0,400,constant,-0.02458333333333307,-0.04036972391701599,-0.00879694274965015,nonseparated,60,0.95,mixture/10.0/9/5/0
10.0,9,0,1000,constant,-0.02326666666666688,-0.03301176713215381,-0.014159102227668252,nonseparated,60,0.95,mixture/10.0/9/5/0
10.0,9,1,400,constant,-0.014666666666666828,-0.03082068975727137,0.00035506373989013795,uncertain,60,0.95,mixture/10.0/9/5/1
10.0,9,1,1000,constant,-0.014333333333333198,-0.023597688093710434,-0.0051024651219619965,nonseparated,60,0.95,mixture/10.0/9/5/1
10.0,9,2,400,constant,-0.011416666666666409,-0.027977027151629308,0.005143693818296491,uncertain,60,0.95,mixture/10.0/9/5/2
10.0,9,2,1000,constant,-0.008900000000000019,-0.017676798888013656,-0.00012320111198638184,nonseparated,60,0.95,mixture/10.0/9/5/2
10.0,9,3,400,constant,-0.015166666666666773,-0.031192490382964677,0.0008591570496311318,uncertain,60,0.95,mixture/10.0/9/5/3
10.0,9,3,1000,constant,-0.013766666666666372,-0.02326047483461724,-0.004272858498715504,nonseparated,60,0.95,mixture/10.0/9/5/3
10.0,9,4,400,constant,-0.019916666666666916,-0.03805837796649536,-0.003443541787432891,nonseparated,60,0.95,mixture/10.0/9/5/4
10.0,9,4,1000,constant,-0.021333333333333426,-0.03124607531953416,-0.011420591347132691,nonseparated,60,0.95,mixture/10.0/9/5/4
10.0,9,5,400,constant,-0.01475000000000004,-0.031340966029470896,0.0018409660294708141,uncertain,60,0.95,mixture/10.0/9/5/5
10.0,9,5,1000,constant,-0.010300000000000198,-0.020143508666991328,-0.0005248060972009583,nonseparated,60,0.95,mixture/10.0/9/5/5
10.0,9,6,400,constant,-0.01100000000000001,-0.029020676330217765,0.005687457064445511,uncertain,60,0.95,mixture/10.0/9/5/6
10.0,9,6,1000,constant,-0.01083333333333314,-0.019389890233847518,-0.002276776432818761,nonseparated,60,0.95,mixture/10.0/9/5/6
10.0,9,7,400,constant,-0.01625000000000043,-0.034460038277873695,0.001960038277872833,uncertain,60,0.95,mixture/10.0/9/5/7
10.0,9,7,1000,constant,-0.011633333333333273,-0.020501713211023564,-0.003242212498746899,nonseparated,60,0.95,mixture/10.0/9/5/7
10.0,9,8,400,constant,-0.01608333333333334,-0.03288408305594237,0.0007174163892756935,uncertain,60,0.95,mixture/10.0/9/5/8
10.0,9,8,1000,constant,-0.02113333333333345,-0.02905908031453186,-0.013207586352135037,nonseparated,60,0.95,mixture/10.0/9/5/8
10.0,9,9,400,constant,-0.010833333333333472,-0.027495859019560864,0.005829192352893919,uncertain,60,0.95,mixture/10.0/9/5/9
10.0,9,9,1000,constant,-0.008700000000000152,-0.018665696732311665,0.001265696732311361,uncertain,60,0.95,mixture/10.0/9/5/9
10.0,9,10,400,constant,-0.017583333333333506,-0.032442402283662464,-0.0029538423852319973,nonseparated,60,0.95,mixture/10.0/9/5/10
10.0,9,10,1000,constant,-0.013933333333333575,-0.023801809540378582,-0.004082115623798677,nonseparated,60,0.95,mixture/10.0/9/5/10
10.0,9,11,400,constant,-0.02983333333333349,-0.04680513184053592,-0.013754735946207242,nonseparated,60,0.95,mixture/10.0/9/5/11
10.0,9,11,1000,constant,-0.025599999999999734,-0.03443965865909493,-0.016956371443688667,nonseparated,60,0.95,mixture/10.0/9/5/11
10.0,9,12,400,constant,-0.020999999999999908,-0.03658529738299343,-0.005414702617006384,nonseparated,60,0.95,mixture/10.0/9/5/12
10.0,9,12,1000,constant,-0.017700000000000493,-0.0264038957130317,-0.008996104286969286,nonseparated,60,0.95,mixture/10.0/9/5/12
10.0,9,13,400,constant,-0.01650000000000018,-0.034395865563544015,-0.0010414584709522723,nonseparated,60,0.95,mixture/10.0/9/5/13
10.0,9,13,1000,constant,-0.013333333333333086,-0.021991039376537902,-0.00467562729012827,nonseparated,60,0.95,mixture/10.0/9/5/13
10.0,9,14,400,constant,-0.021916666666666362,-0.03934765775420934,-0.004485675579123383,nonseparated,60,0.95,mixture/10.0/9/5/14
10.0,9,14,1000,constant,-0.021500000000000186,-0.03132660874457449,-0.01167339125542588,nonseparated,60,0.95,mixture/10.0/9/5/14
10.0,9,15,400,constant,-0.02508333333333368,-0.04044091933113758,-0.009725747335529777,nonseparated,60,0.95,mixture/10.0/9/5/15
10.0,9,15,1000,constant,-0.024099999999999788,-0.03202917594411647,-0.016170824055883104,nonseparated,60,0.95,mixture/10.0/9/5/15
10.0,9,16,400,constant,-0.014250000000000096,-0.028453540200612526,-4.645979938766587e-05,nonseparated,60,0.95,mixture/10.0/9/5/16
10.0,9,16,1000,constant,-0.011233333333333428,-0.020673010513236223,-0.001793656153430634,nonseparated,60,0.95,mixture/10.0/9/5/16
10.0,9,17,400,constant,-0.01574999999999993,-0.0320305951381592,0.0003639301077037471,uncertain,60,0.95,mixture/10.0/9/5/17
10.0,9,17,1000,constant,-0.015499999999999736,-0.024789948060025435,-0.006210051939974037,nonseparated,60,0.95,mixture/10.0/9/5/17
10.0,9,18,400,constant,-0.020583333333333176,-0.03978484091383816,-0.002987895011584807,nonseparated,60,0.95,mixture/10.0/9/5/18
10.0,9,18,1000,constant,-0.022333333333333538,-0.032686268187096745,-0.011980398479570331,nonseparated,60,0.95,mixture/10.0/9/5/18
10.0,9,19,400,constant,-0.007333333333333303,-0.023884103458354455,0.008302194675551045,uncertain,60,0.95,mixture/10.0/9/5/19
10.0,9,19,1000,constant,-0.003166666666666651,-0.013153601482355892,0.006166402721840547,uncertain,60,0.95,mixture/10.0/9/5/19
10.0,10,0,400,constant,-0.04791666666666661,-0.06532633680820665,-0.030506996525126562,nonseparated,60,0.95,mixture/10.0/10/5/0
10.0,10,0,1000,constant,-0.044500000000000095,-0.054598429918966795,-0.03547534863222268,nonseparated,60,0.95,mixture/10.0/10/5/0
10.0,10,1,400,constant,-0.027083333333333126,-0.0434857851676721,-0.010680881498994155,nonseparated,60,0.95,mixture/10.0/10/5/1
10.0,10,1,1000,constant,-0.022633333333333283,-0.032351492927547576,-0.01291517373911899,nonseparated,60,0.95,mixture/10.0/10/5/1
10.0,10,2,400,constant,-0.01608333333333334,-0.033873350154997706,0.0015961222120808305,uncertain,60,0.95,mixture/10.0/10/5/2
10.0,10,2,1000,constant,-0.016066666666666674,-0.025766674875810414,-0.0063666584575229335,nonseparated,60,0.95,mixture/10.0/10/5/2
10.0,10,3,400,constant,-0.004999999999999782,-0.02267919442122679,0.012246579529836876,uncertain,60,0.95,mixture/10.0/10/5/3
10.0,10,3,1000,constant,-0.003566666666666829,-0.012189401382169174,0.005056068048835516,uncertain,60,0.95,mixture/10.0/10/5/3
10.0,10,4,400,constant,-0.007583333333333497,-0.025359875010235622,0.007180018930808552,uncertain,60,0.95,mixture/10.0/10/5/4
10.0,10,4,1000,constant,-0.009333333333333638,-0.01870609417646507,3.942750979779586e-05,uncertain,60,0.95,mixture/10.0/10/5/4
10.0,10,5,400,constant,-0.011416666666666853,-0.027052764120004125,0.0029653124876685144,uncertain,60,0.95,mixture/10.0/10/5/5
10.0,10,5,1000,constant,-0.00619999999999965,-0.01515711439735723,0.002735664390344894,uncertain,60,0.95,mixture/10.0/10/5/5
10.0,10,6,400,constant,-0.044499999999999984,-0.06218589228740501,-0.02681410771259496,nonseparated,60,0.95,mixture/10.0/10/5/6
10.0,10,6,1000,constant,-0.04000000000000015,-0.05032182063863855,-0.029678179361361745,nonseparated,60,0.95,mixture/10.0/10/5/6
10.0,10,7,400,constant,-0.020999999999999797,-0.03746896390965282,-0.004890002736635424,nonseparated,60,0.95,mixture/10.0/10/5/7
10.0,10,7,1000,constant,-0.02090000000000025,-0.03037593459941157,-0.011424065400588934,nonseparated,60,0.95,mixture/10.0/10/5/7
10.0,10,8,400,constant,-0.01783333333333359,-0.033100772670904055,-0.0025658939957631244,nonseparated,60,0.95,mixture/10.0/10/5/8
10.0,10,8,1000,constant,-0.01980000000000004,-0.028657365785817346,-0.010942634214182734,nonseparated,60,0.95,mixture/10.0/10/5/8
10.0,10,9,400,constant,-0.0016666666666667052,-0.017546018218317805,0.014212684884984395,uncertain,60,0.95,mixture/10.0/10/5/9
10.0,10,9,1000,constant,-0.0023333333333335204,-0.01204627543404957,0.007379608767382528,uncertain,60,0.95,mixture/10.0/10/5/9
10.0,10,10,400,constant,-0.012249999999999983,-0.029310582459588175,0.0048105824595882085,uncertain,60,0.95,mixture/10.0/10/5/10
10.0,10,10,1000,constant,-0.01073333333333304,-0.020357124655719594,-0.0011095420109464849,nonseparated,60,0.95,mixture/10.0/10/5/10
10.0,10,11,400,constant,-0.01391666666666691,-0.029910121584834748,0.0020767882515009273,uncertain,60,0.95,mixture/10.0/10/5/11
10.0,10,11,1000,constant,-0.012566666666666393,-0.021790729067041825,-0.0033426042662909605,nonseparated,60,0.95,mixture/10.0/10/5/11
10.0,10,12,400,constant,-0.03508333333333302,-0.05232616072081009,-0.017840505945855956,nonseparated,60,0.95,mixture/10.0/10/5/12
10.0,10,12,1000,constant,-0.02966666666666662,-0.03944242767573114,-0.02013315292716844,nonseparated,60,0.95,mixture/10.0/10/5/12
10.0,10,13,400,constant,-0.005499999999999949,-0.024178692137503788,0.01257979831118694,uncertain,60,0.95,mixture/10.0/10/5/13
10.0,10,13,1000,constant,-0.003666666666666929,-0.012216514976638115,0.004883181643304257,uncertain,60,0.95,mixture/10.0/10/5/13
10.0,10,14,400,constant,-0.016499999999999737,-0.032568944220764506,-0.0011362075749309364,nonseparated,60,0.95,mixture/10.0/10/5/14
10.0,10,14,1000,constant,-0.013399999999999523,-0.023323832722971338,-0.0040649037091569085,nonseparated,60,0.95,mixture/10.0/10/5/14
10.0,10,15,400,constant,-0.02041666666666675,-0.036638607160885406,-0.004194726172448093,nonseparated,60,0.95,mixture/10.0/10/5/15
10.0,10,15,1000,constant,-0.01770000000000016,-0.026743601913496007,-0.008656398086504313,nonseparated,60,0.95,mixture/10.0/10/5/15
10.0,10,16,400,constant,-0.025250000000000217,-0.04142226131000837,-0.009077738689992065,nonseparated,60,0.95,mixture/10.0/10/5/16
10.0,10,16,1000,constant,-0.020999999999999797,-0.030423063835085973,-0.01157693616491362,nonseparated,60,0.95,mixture/10.0/10/5/16
10.0,10,17,400,constant,-0.03283333333333327,-0.04852146071878549,-0.017145205947881048,nonseparated,60,0.95,mixture/10.0/10/5/17
10.0,10,17,1000,constant,-0.027766666666666384,-0.03721399524531088,-0.018319338088021886,nonseparated,60,0.95,mixture/10.0/10/5/17
10.0,10,18,400,constant,-0.005499999999999727,-0.024259310675916357,0.012464725347132832,uncertain,60,0.95,mixture/10.0/10/5/18
10.0,10,18,1000,constant,-0.004933333333333456,-0.015188744577992797,0.00528508055389898,uncertain,60,0.95,mixture/10.0/10/5/18
10.0,10,19,400,constant,-0.03175000000000028,-0.0481717417858919,-0.015328258214108659,nonseparated,60,0.95,mixture/10.0/10/5/19
10.0,10,19,1000,constant,-0.029466666666666863,-0.03867833785656616,-0.020254995476767568,nonseparated,60,0.95,mixture/10.0/10/5/19
